Elapsed Time (s),P1 (psi),P2 (psi),P3 (psi),P4 (psi),P5 (psi),P6 (psi),P7 (psi),Main Loop Avg Pressure (psi),HX Pressure (psi),Overall Avg Pressure (psi)
1.8660,-0.0168,1.5881,5.6635,7.2691,0.0450,9.9851,5.9713,3.4200,9.9851,4.3579

2.2930,0.6005,0.8473,5.4165,7.3925,0.1067,9.9851,5.9096,3.3789,9.9851,4.3226

3.2930,0.2919,0.7238,5.6635,7.2073,0.1685,3.2560,5.8478,3.3171,3.2560,3.3084

4.2940,-0.4489,0.2917,5.4165,7.6395,-0.0785,5.2315,6.4035,3.2040,5.2315,3.4936

5.2940,-0.0785,0.6621,5.4782,6.8987,0.4155,3.7498,5.8478,3.2040,3.7498,3.2819

6.2930,0.3536,0.8473,5.6017,7.5777,0.2920,3.9968,5.6626,3.3892,3.9968,3.4760

7.2930,-0.0168,0.7856,5.9722,7.3925,-0.0167,3.6881,5.9096,3.3377,3.6881,3.3878

8.2940,-0.2637,1.2177,5.9104,7.5160,-0.0785,3.9968,6.1566,3.4098,3.9968,3.4936

9.2940,0.5388,0.9708,6.0339,7.7629,0.1067,4.3055,5.6626,3.5126,4.3055,3.6259

10.2930,0.1684,0.8473,5.6635,7.8247,0.4155,3.0090,6.0331,3.4921,3.0090,3.4231

11.2930,-0.0168,0.6621,5.6017,7.2691,0.1067,3.9350,6.0948,3.2863,3.9350,3.3790

12.2930,0.2919,1.5264,5.4165,7.0221,0.5389,3.8733,6.2800,3.5126,3.8733,3.5642

13.2930,0.3536,0.7856,5.7869,7.2691,-0.0167,3.8733,6.2800,3.4097,3.8733,3.4760

14.2930,-0.0168,0.6621,5.4165,7.2691,0.1067,3.9350,5.9096,3.2245,3.9350,3.3260

15.2930,-0.3871,0.5386,5.8487,7.3925,-0.0167,4.1203,5.5391,3.1525,4.1203,3.2908

16.2930,-0.0785,0.4769,6.2809,7.6395,0.3537,3.9968,6.2183,3.4818,3.9968,3.5554

17.2930,0.3536,0.3534,5.7252,7.4543,-0.0785,3.8116,5.9713,3.2966,3.8116,3.3701

18.2930,-0.0168,0.9090,5.4782,7.6395,-0.1402,3.6264,5.9713,3.3068,3.6264,3.3525

19.2940,0.2919,0.9090,5.1695,7.2691,0.1067,3.7498,5.7861,3.2554,3.7498,3.3260

20.2930,-0.0168,0.5386,5.5400,7.4543,0.1067,3.6264,5.9096,3.2554,3.6264,3.3084

21.2930,-0.4489,1.1560,5.0460,7.0839,0.2920,3.7498,6.2800,3.2348,3.7498,3.3084

22.2930,-0.1402,0.7856,5.4782,7.7012,-0.0785,3.9350,5.8478,3.2657,3.9350,3.3613

23.2930,-0.1402,0.9708,5.1695,7.3308,-0.2020,3.5029,5.7244,3.1422,3.5029,3.1937

24.2930,-0.0168,0.8473,5.0460,7.5160,-0.1402,3.6264,5.5391,3.1319,3.6264,3.2026

25.2930,0.0450,0.8473,5.1695,7.3925,-0.0785,2.9473,5.9096,3.2142,2.9473,3.1761

26.2930,0.5388,0.6003,5.5400,7.1456,0.2302,3.8116,6.1566,3.3686,3.8116,3.4319

27.2930,0.1684,0.7238,5.6017,7.0221,0.5389,3.8116,6.0331,3.3480,3.8116,3.4142

28.2930,0.0450,0.9708,5.2313,7.2691,0.0450,2.3299,5.8478,3.2348,2.3299,3.1055

29.2930,-0.2637,0.9090,5.2313,7.7629,-0.2637,2.4534,5.4774,3.1422,2.4534,3.0438

30.2930,0.0450,0.9708,5.2313,7.4543,0.1067,2.5769,5.6009,3.2348,2.5769,3.1408

31.2930,0.1067,0.9708,5.0460,7.2691,0.0450,2.6386,5.9713,3.2348,2.6386,3.1496

32.2930,-0.2019,0.6003,5.4165,7.1456,0.0450,2.3299,6.0948,3.1834,2.3299,3.0615

33.2930,0.3536,0.7238,5.6635,7.2073,0.4772,2.5151,6.2183,3.4406,2.5151,3.3084

34.2930,-0.0168,0.8473,5.0460,7.2691,-0.0785,2.2682,5.7244,3.1319,2.2682,3.0085

35.2930,-0.0168,0.5386,4.7373,7.1456,-0.1402,2.2682,5.4774,2.9570,2.2682,2.8586

36.2940,0.1684,0.8473,5.5400,7.5160,0.2920,2.2064,5.9713,3.3892,2.2064,3.2202

37.2930,-0.0785,0.7856,5.1695,7.1456,0.1685,2.0830,5.5391,3.1216,2.0830,2.9733

38.2930,-0.0168,0.6621,4.8608,6.8369,-0.2637,2.0830,5.6009,2.9467,2.0830,2.8233

39.2930,0.2302,0.4151,5.6017,7.2691,0.1685,1.8360,6.2183,3.3171,1.8360,3.1056

40.2930,-0.0785,0.7856,4.7991,6.8987,-0.1402,2.8238,5.3539,2.9364,2.8238,2.9203

41.2940,0.2919,-0.3257,5.8487,7.2691,-0.2020,2.7621,5.5391,3.0702,2.7621,3.0262

42.2930,-0.2637,-0.1405,4.7373,6.7135,-0.2020,2.8238,5.0452,2.6483,2.8238,2.6734

43.2930,-0.1402,0.2299,5.1695,7.3308,-0.0167,3.1325,5.8478,3.0702,3.1325,3.0791

44.2930,-0.0785,0.2917,4.9843,6.8987,0.2302,2.5769,5.9713,3.0496,2.5769,2.9821

45.2930,0.3536,1.0942,5.2313,7.7012,-0.5724,3.1325,4.9835,3.1319,3.1325,3.1320

46.2930,0.0450,0.0447,5.2930,7.4543,-0.4489,3.3177,5.6626,3.0084,3.3177,3.0526

47.2930,0.2302,0.1065,4.9226,6.5900,0.0450,3.8733,5.3539,2.8747,3.8733,3.0173

48.2930,1.2178,0.6003,5.2313,7.0221,-0.2637,3.1942,5.8478,3.2759,3.1942,3.2643

49.2930,0.9092,-0.2022,4.9226,7.2073,-0.2020,3.1942,5.7244,3.0599,3.1942,3.0791

50.2930,-0.0168,0.6621,5.1695,6.7135,-0.1402,3.8116,6.0331,3.0702,3.8116,3.1761

51.2940,0.0450,0.1682,4.8608,7.4543,-0.0785,3.9968,5.9713,3.0702,3.9968,3.2026

52.2930,0.2302,0.1682,4.9843,7.8247,0.4155,2.4534,5.3539,3.1628,2.4534,3.0614

53.2930,-0.0785,-0.0788,4.9843,7.2073,0.1685,2.3299,5.6009,2.9673,2.3299,2.8762

54.2930,1.0943,0.7856,3.8112,7.2691,0.6007,2.7621,5.2922,3.1422,2.7621,3.0879

55.2930,0.1684,0.2917,5.1078,7.2691,-0.0785,2.3299,5.8478,3.1011,2.3299,2.9909

56.2930,-0.1402,-0.2022,4.9843,7.4543,-0.3872,2.3917,5.6009,2.8850,2.3917,2.8145

57.2930,0.3536,0.4769,4.8608,6.5283,0.0450,2.5769,5.6009,2.9776,2.5769,2.9203

58.2940,0.4771,0.1682,4.9843,6.7752,-0.0785,2.8855,5.8478,3.0290,2.8855,3.0085

59.2940,-0.0168,0.2917,4.6139,7.0221,-0.0785,2.9473,4.9217,2.7924,2.9473,2.8145

60.2940,0.5388,0.6003,4.9226,7.4543,-0.2020,2.8855,5.5391,3.1422,2.8855,3.1055

61.2930,0.6005,0.2299,4.6756,6.5283,-0.0167,2.8238,5.5391,2.9261,2.8238,2.9115

62.2930,0.1684,0.2917,5.1695,7.2073,-0.0167,3.0707,5.6626,3.0805,3.0707,3.0791

63.2930,-0.2637,0.2917,4.4904,7.0221,0.3537,2.7003,5.9713,2.9776,2.7003,2.9380

64.2930,-0.0785,-0.3257,4.9226,7.3925,0.0450,2.3917,5.6009,2.9261,2.3917,2.8498

65.2930,-0.0785,-0.0170,4.3669,6.4048,0.2302,2.3299,5.7861,2.7821,2.3299,2.7175

66.2930,0.4771,0.2917,4.9843,7.0839,0.3537,2.4534,5.3539,3.0908,2.4534,2.9997

67.2930,0.1684,-0.0788,4.8608,6.4048,0.1067,2.6386,5.5391,2.8335,2.6386,2.8057

68.2930,0.1684,0.1065,4.6756,6.8369,-0.0785,2.8238,5.1070,2.8026,2.8238,2.8057

69.2930,-0.2019,1.1560,4.7373,6.9604,0.0450,2.7003,5.2922,2.9982,2.7003,2.9556

70.2940,-0.0168,0.7856,4.5521,7.0221,0.0450,2.8238,5.4157,2.9673,2.8238,2.9468

71.2940,-0.0785,-0.2022,4.6756,6.6517,0.1685,2.5151,5.7244,2.8232,2.5151,2.7792

72.2940,0.1684,-0.0788,4.4286,6.4048,-0.2020,2.7003,4.9835,2.6174,2.7003,2.6293

73.2930,-0.0785,0.5386,4.3669,6.8987,0.0450,2.5151,5.4774,2.8747,2.5151,2.8233

74.2930,0.3536,0.2917,4.3669,7.0221,-0.1402,2.7621,5.4774,2.8952,2.7621,2.8762

75.2930,-0.0168,0.1682,3.8730,7.0221,-0.2020,3.0090,4.9835,2.6380,3.0090,2.6910

76.2930,0.1067,0.4769,4.7991,7.0221,-0.2020,2.5151,5.2922,2.9158,2.5151,2.8586

77.2930,0.1684,0.2299,4.3052,6.7135,-0.2020,2.6386,4.9217,2.6895,2.6386,2.6822

78.2930,-0.0168,0.2917,4.5521,7.1456,-0.1402,2.3917,5.5391,2.8953,2.3917,2.8233

79.2940,-0.0168,0.6621,4.3669,6.7135,-1.0046,2.8238,4.9217,2.6071,2.8238,2.6381

80.2940,-0.0785,-0.0170,4.6756,7.0221,-0.0167,2.3917,5.2922,2.8129,2.3917,2.7528

81.2940,0.4153,0.1065,5.1078,6.7752,0.0450,2.5769,5.3539,2.9673,2.5769,2.9115

82.2930,-0.1402,-0.0788,4.0582,6.3430,-0.7577,2.8238,4.7983,2.3705,2.8238,2.4352

83.2930,0.2302,0.1682,6.2191,7.3925,0.2302,2.5769,5.3539,3.2657,2.5769,3.1673

84.2930,0.4771,0.1682,4.7991,6.7135,0.2920,2.5151,5.4157,2.9776,2.5151,2.9115

85.2930,0.4153,0.1065,4.8608,6.8369,0.1067,2.5151,5.4774,2.9673,2.5151,2.9027

86.2930,-0.2019,0.1065,4.3669,7.0839,0.1067,2.8238,5.7861,2.8747,2.8238,2.8674

87.2940,-0.2019,-0.4492,3.9965,7.0221,-0.4489,2.5769,5.0452,2.4940,2.5769,2.5058

88.2930,0.4153,0.0447,5.0460,6.6517,0.3537,2.5769,5.7861,3.0496,2.5769,2.9821

89.2930,0.1684,0.8473,4.6139,7.2691,0.2302,3.0707,5.2304,3.0599,3.0707,3.0614

90.2930,-0.0168,0.2299,4.5521,7.3308,0.0450,2.7621,5.4774,2.9364,2.7621,2.9115

91.2930,0.1067,0.7238,4.4904,7.3925,-0.1402,2.9473,5.1070,2.9467,2.9473,2.9468

92.2930,-0.0785,0.1682,4.6139,7.0221,0.1685,2.8238,5.6009,2.9158,2.8238,2.9027

93.2930,0.2302,0.0447,4.7373,6.5900,0.5389,2.5769,5.5391,2.9467,2.5769,2.8939

94.2930,0.3536,0.0447,4.6756,7.0221,0.1067,2.6386,6.0331,3.0393,2.6386,2.9821

95.2930,0.2919,0.4769,4.1199,6.7135,-0.4489,3.5029,5.2922,2.7409,3.5029,2.8498

96.2930,-0.2019,0.2917,3.7495,6.8369,-0.0167,2.6386,4.7983,2.5763,2.6386,2.5852

97.2930,-0.2019,-0.0788,4.5521,6.8369,0.9094,2.7003,5.4157,2.9056,2.7003,2.8762

98.2930,0.8474,0.1682,4.1817,6.8369,-0.2020,2.6386,5.4157,2.8747,2.6386,2.8409

99.2930,-0.2637,0.6003,4.4286,7.2691,-0.0167,2.6386,5.2922,2.8850,2.6386,2.8498

100.2930,0.1684,0.1065,5.0460,6.7752,0.0450,2.5769,5.0452,2.8644,2.5769,2.8233

101.2930,0.1067,-0.4492,4.4286,7.0839,0.0450,2.6386,5.2304,2.7409,2.6386,2.7263

102.2930,0.7857,0.4151,4.2434,6.4665,0.0450,2.6386,5.1687,2.8541,2.6386,2.8233

103.2930,0.0450,-0.2022,4.6139,6.7752,-0.0167,2.5769,5.3539,2.7615,2.5769,2.7351

104.2930,-0.0785,0.2299,5.2313,6.6517,0.1067,2.5151,5.1070,2.8747,2.5151,2.8233

105.2930,0.3536,-0.0788,4.3052,6.5283,-0.0785,2.7003,4.8600,2.6483,2.7003,2.6557

106.2930,-0.0785,0.0447,4.7373,6.8369,0.1067,2.5151,5.4157,2.8438,2.5151,2.7969

107.2940,-0.0785,0.1065,4.1199,6.7135,-0.2020,2.5769,5.1687,2.6380,2.5769,2.6293

108.2930,0.8474,0.2299,4.3669,6.7752,0.6624,2.8238,5.2304,3.0187,2.8238,2.9909

109.2930,-0.0785,0.1065,3.9347,6.5900,-0.0167,3.0090,5.1070,2.6071,3.0090,2.6646

110.2930,-0.0785,-0.0788,4.6139,6.4048,-0.2637,2.7621,5.4157,2.6689,2.7621,2.6822

111.2940,0.1067,0.4769,4.1199,6.0344,0.0450,2.7621,5.4774,2.7100,2.7621,2.7175

112.2930,-0.1402,-0.5109,4.4286,6.7752,-0.0785,2.5151,5.1687,2.6072,2.5151,2.5940

113.2930,-0.0168,0.0447,4.1199,6.4048,-0.0785,2.9473,5.1070,2.5969,2.9473,2.6469

114.2930,-0.3254,-0.2640,3.8730,6.2813,0.8477,2.6386,4.9217,2.5557,2.6386,2.5676

115.2940,0.0450,-0.2022,4.1199,6.0961,0.3537,2.5151,4.9217,2.5557,2.5151,2.5499

116.2940,-0.0168,-0.1405,4.2434,6.4665,0.1685,2.4534,5.2304,2.6586,2.4534,2.6293

117.2930,-0.0168,-0.1405,4.5521,6.5900,0.4772,2.4534,5.2922,2.7924,2.4534,2.7439

118.2930,-0.2019,0.0447,4.2434,6.6517,-0.0167,2.7621,5.1070,2.6380,2.7621,2.6557

119.2940,-0.1402,0.1065,3.9347,6.4665,0.2302,2.3917,4.7983,2.5660,2.3917,2.5411

120.2930,-0.2637,-0.0788,3.8730,6.4665,-0.0167,2.6386,4.7365,2.4528,2.6386,2.4793

121.2930,0.0450,-0.3874,3.8730,6.3430,0.1685,2.4534,5.2304,2.5454,2.4534,2.5323

122.2930,0.0450,0.5386,4.8608,6.0961,0.1067,2.6386,4.6748,2.7203,2.6386,2.7087

123.2930,-0.2019,0.0447,4.1199,7.0221,-0.1402,2.7621,5.1070,2.6586,2.7621,2.6734

124.2930,-0.2637,-0.3874,3.8730,6.4665,-0.0785,3.2560,5.1070,2.4528,3.2560,2.5675

125.2930,-0.0785,-0.3874,4.4904,6.4048,-0.0785,2.6386,5.1070,2.5763,2.6386,2.5852

126.2940,-0.0785,0.2299,4.1817,6.7752,-0.2637,2.8238,4.9217,2.6277,2.8238,2.6557

127.2930,0.3536,-0.1405,4.5521,6.5283,-0.1402,2.4534,4.7365,2.6483,2.4534,2.6205

128.2930,0.5388,0.1065,4.5521,6.7135,-0.0167,2.5151,5.0452,2.8232,2.5151,2.7792

129.2930,-0.5106,0.2299,4.1199,6.5283,-0.0785,2.7621,4.7983,2.5146,2.7621,2.5499

130.2930,0.3536,-0.0170,4.6139,6.2196,0.2920,2.7621,4.9217,2.7306,2.7621,2.7351

131.2930,0.5388,-0.0170,4.7991,6.6517,0.3537,2.5151,5.3539,2.9467,2.5151,2.8850

132.2930,0.0450,0.2917,4.1199,6.4665,-0.0785,2.6386,4.7365,2.5969,2.6386,2.6028

133.2930,0.9709,0.7238,4.3052,6.8987,0.0450,3.1942,4.9835,2.9878,3.1942,3.0173

134.2930,0.1067,-0.0788,4.4286,6.2196,0.2920,2.5769,5.1687,2.6895,2.5769,2.6734

135.2930,-0.2019,0.2299,4.0582,6.7135,0.0450,2.9473,4.9835,2.6380,2.9473,2.6822

136.2930,-0.1402,0.2299,4.4286,6.5283,-0.2020,2.8238,4.7365,2.5969,2.8238,2.6293

137.2930,-0.0168,0.2917,3.8730,6.5900,-0.0167,2.9473,4.7983,2.5866,2.9473,2.6381

138.2930,0.9092,-0.4492,4.3669,6.0961,0.1685,2.5151,4.9835,2.6792,2.5151,2.6557

139.2930,0.1067,-0.0170,4.0582,6.1578,0.5389,2.7621,4.9217,2.6277,2.7621,2.6469

140.2930,-0.0785,1.4029,3.5643,6.7135,0.1685,2.7003,5.1070,2.8129,2.7003,2.7968

141.2930,0.4771,-0.5726,4.4286,6.5283,0.6007,2.7621,5.1687,2.7718,2.7621,2.7704

142.2930,0.0450,0.5386,3.9347,6.4048,0.1067,2.7621,4.8600,2.6483,2.7621,2.6646

143.2930,0.2302,0.6003,4.3669,6.8987,-0.4489,2.8238,4.9217,2.7615,2.8238,2.7704

144.2940,-0.0785,0.2299,4.6139,6.3430,-0.3872,2.7621,5.0452,2.6277,2.7621,2.6469

145.2930,0.0450,-0.1405,4.2434,6.2196,-0.3255,1.4656,5.2922,2.5557,1.4656,2.4000

146.2930,-0.0168,-0.0788,3.7495,6.2813,0.1067,2.8238,4.7983,2.4734,2.8238,2.5234

147.2930,0.1067,-0.0788,3.9347,6.7752,0.1067,3.1325,4.9217,2.6277,3.1325,2.6998

148.2940,-0.1402,-0.5109,4.0582,6.4665,-0.1402,2.5769,4.9217,2.4425,2.5769,2.4617

149.2930,0.1067,0.1065,3.8730,6.2196,0.0450,2.7003,4.8600,2.5351,2.7003,2.5587

150.2930,-0.4489,0.4769,3.9347,6.7135,-0.0167,2.7621,4.9835,2.6072,2.7621,2.6293

151.2930,0.1684,0.5386,4.1199,6.2196,-0.2637,2.6386,5.0452,2.6380,2.6386,2.6381

152.2940,-0.0168,0.1682,3.5025,6.0344,0.1067,2.7003,4.8600,2.4425,2.7003,2.4793

153.2930,-0.2019,-0.0788,3.8112,7.0221,0.3537,2.7003,4.7365,2.6072,2.7003,2.6205

154.2930,0.2919,0.0447,4.1199,6.0961,0.1685,2.8855,4.9217,2.6071,2.8855,2.6469

155.2930,0.0450,-0.2640,3.7495,6.2813,1.5886,3.0090,4.3661,2.6277,3.0090,2.6822

156.2930,0.1684,-0.4492,3.9347,6.2196,0.1067,2.4534,4.9217,2.4837,2.4534,2.4793

157.2930,-0.0168,1.5264,4.1199,6.2196,-0.0785,2.5769,4.6130,2.7306,2.5769,2.7087

158.2930,-0.0785,-0.0788,4.4286,6.7135,0.6624,2.7003,5.1687,2.8027,2.7003,2.7880

159.2930,0.3536,-0.2022,4.3052,6.8987,-0.0167,2.7621,5.1070,2.7409,2.7621,2.7439

160.2930,0.0450,-0.4492,4.4904,6.6517,-0.2637,3.0090,5.0452,2.5866,3.0090,2.6469

161.2940,0.6622,0.1682,5.2930,6.5900,0.2302,2.7621,4.9217,2.9776,2.7621,2.9468

162.2930,0.0450,-0.0788,3.8730,6.5283,0.0450,2.7621,4.4895,2.4837,2.7621,2.5234

163.2930,0.7240,-0.4492,4.5521,6.4048,-0.0785,2.7621,4.4278,2.5968,2.7621,2.6204

164.2930,-0.1402,-0.1405,3.8112,6.0961,0.1067,2.5769,4.9835,2.4528,2.5769,2.4705

165.2930,0.0450,0.2299,3.8730,6.6517,-0.0785,2.9473,4.6130,2.5557,2.9473,2.6116

166.2930,-0.0785,-0.4492,4.1199,6.2196,0.2302,2.7003,5.5391,2.5969,2.7003,2.6117

167.2930,-0.2637,0.4151,3.6260,6.7752,-0.0785,3.3794,4.7365,2.5351,3.3794,2.6557

168.2930,0.0450,-0.2640,3.0704,6.3430,0.1067,2.7621,4.9217,2.3705,2.7621,2.4264

169.2930,0.1684,0.1065,3.8112,6.2813,-0.2637,2.7621,4.4895,2.4322,2.7621,2.4793

170.2930,-0.0785,-0.1405,3.9347,6.5900,-0.0167,3.1942,4.7983,2.5145,3.1942,2.6116

171.2930,-0.0785,0.0447,4.0582,6.3430,0.2302,3.5029,4.9217,2.5866,3.5029,2.7175

172.2930,-0.0785,-0.0788,3.5643,6.2813,-0.2020,2.9473,4.5513,2.3396,2.9473,2.4264

173.2930,0.0450,0.4769,3.8730,6.2813,-0.0167,2.9473,4.3661,2.5042,2.9473,2.5675

174.2930,0.1684,0.1065,3.6260,6.4665,-0.0167,2.7003,4.6748,2.5042,2.7003,2.5323

175.2930,0.1684,0.1065,3.7495,5.8492,0.2302,2.5151,4.3661,2.4116,2.5151,2.4264

176.2930,-0.0785,-0.1405,3.3791,6.0961,0.1067,2.5151,4.6130,2.3293,2.5151,2.3559

177.2930,0.0450,0.0447,3.9347,6.6517,-0.0785,2.7621,4.7983,2.5660,2.7621,2.5940

178.2930,-0.3871,-0.3874,3.2556,6.1578,-0.0167,2.8855,4.6748,2.2161,2.8855,2.3118

179.2930,0.1067,-0.1405,4.2434,6.5900,0.0450,2.8238,4.9835,2.6380,2.8238,2.6646

180.2940,0.4153,0.2299,4.3052,6.2196,0.8477,2.6386,4.4895,2.7512,2.6386,2.7351

181.2930,0.2919,-0.8813,4.0582,6.0344,-0.1402,2.5769,4.6130,2.3293,2.5769,2.3647

182.2930,-0.9427,0.2299,3.8112,6.0344,0.0450,2.5151,5.1070,2.3808,2.5151,2.4000

183.2930,-0.2019,-0.5109,3.7495,5.9109,-0.1402,2.5769,4.1191,2.1544,2.5769,2.2148

184.2940,-0.1402,0.5386,4.7373,6.2813,-0.2020,2.9473,5.1687,2.7306,2.9473,2.7616

185.2930,-0.2637,0.1065,3.5643,5.7257,-0.3872,2.7003,4.4895,2.2059,2.7003,2.2765

186.2930,0.1684,0.5386,3.3173,7.1456,0.3537,2.3299,4.7365,2.7100,2.3299,2.6557

187.2930,0.1684,0.0447,3.8730,6.0344,-0.0785,2.7003,4.3043,2.3911,2.7003,2.4352

188.2930,-0.2019,0.1065,3.9965,6.2813,-0.3872,2.7621,5.7861,2.5969,2.7621,2.6205

189.2930,0.2919,0.2299,3.5643,6.3430,0.0450,2.6386,4.4895,2.4939,2.6386,2.5146

190.2930,-0.6340,0.1065,3.5025,6.0344,-0.0785,2.5151,4.5513,2.2470,2.5151,2.2853

191.2930,-0.2637,0.2299,4.1199,6.7135,0.0450,2.7003,4.9835,2.6380,2.7003,2.6469

192.2940,-0.0785,0.0447,3.7495,6.4048,0.0450,2.5769,4.7365,2.4837,2.5769,2.4970

193.2930,-0.0785,0.2917,4.3669,6.4048,-0.0785,1.1569,4.3043,2.5351,1.1569,2.3382

194.2930,-0.0168,0.2299,3.3791,6.4048,-0.2637,2.8238,4.1191,2.3087,2.8238,2.3823

195.2940,-0.2019,-0.3257,3.5025,6.3430,-0.0167,3.6881,4.7365,2.3396,3.6881,2.5323

196.2930,-0.0168,-0.2022,3.9965,6.2813,-0.0785,2.7003,4.5513,2.4219,2.7003,2.4617

197.2940,-0.2019,0.7856,3.8730,5.9109,-0.2020,2.5151,4.5513,2.4528,2.5151,2.4617

198.2940,-0.0785,0.1682,4.0582,6.6517,0.3537,2.5769,4.9835,2.6895,2.5769,2.6734

199.2930,0.6622,0.5386,4.0582,6.0344,0.7242,3.1325,4.8600,2.8129,3.1325,2.8586

200.2930,0.2919,0.4151,3.9347,4.3058,0.4155,2.7621,4.7983,2.3602,2.7621,2.4176

201.2930,-0.0785,-0.3874,3.3173,5.9726,-0.3872,2.5769,4.4895,2.1544,2.5769,2.2147

202.2930,-0.4489,-0.3874,3.9965,6.4048,1.0329,2.8238,4.8600,2.5763,2.8238,2.6117

203.2930,0.5388,0.4151,3.5643,6.2196,-0.2637,2.8855,4.3043,2.4631,2.8855,2.5234

204.2940,1.3412,0.1682,3.9965,6.4048,-0.0167,2.4534,4.6748,2.7615,2.4534,2.7174

205.2930,0.3536,0.1682,3.6878,5.7257,0.2302,3.3177,4.7365,2.4837,3.3177,2.6028

206.2930,-0.4489,0.4769,4.0582,6.6517,0.0450,2.1447,4.4895,2.5454,2.1447,2.4882

207.2930,0.2919,-0.0170,3.3791,6.6517,-0.2020,2.7003,4.7365,2.4734,2.7003,2.5058

208.2940,0.4153,-0.0788,3.9347,5.7257,0.4155,2.6386,4.4278,2.4734,2.6386,2.4970

209.2930,1.4030,0.4769,2.8234,6.2813,-0.2637,3.0707,4.2426,2.4939,3.0707,2.5763

210.2930,0.1067,0.1682,3.7495,5.9726,0.0450,4.3055,4.8600,2.4837,4.3055,2.7439

211.2930,0.4153,0.1682,3.8730,6.2196,-0.0167,2.2682,4.6130,2.5454,2.2682,2.5058

212.2940,1.7116,-0.3257,4.2434,5.8492,0.2302,2.7003,4.7365,2.7409,2.7003,2.7351

213.2940,-0.0168,-0.3257,3.6260,5.7257,-0.0785,2.2064,4.4278,2.2264,2.2064,2.2236

214.2930,-0.1402,-0.2640,3.8730,5.4788,0.1685,2.2064,4.2426,2.2264,2.2064,2.2236

215.2930,-0.0168,0.7856,3.6878,6.5283,0.3537,2.7621,4.7983,2.6895,2.7621,2.6998

216.2930,-0.0168,0.7238,3.8112,6.7135,0.1067,3.0090,4.7365,2.6792,3.0090,2.7263

217.2940,0.4153,-0.0788,3.9965,5.9726,0.3537,2.7003,4.7983,2.5763,2.7003,2.5940

218.2930,0.0450,-0.0788,3.9347,6.0961,-0.0167,2.6386,4.4278,2.4014,2.6386,2.4352

219.2930,-0.0785,-0.0170,3.5025,5.9109,-0.0785,2.8238,4.3661,2.2676,2.8238,2.3470

220.2930,-0.0168,0.3534,3.7495,6.2813,-0.0167,3.0707,4.3661,2.4528,3.0707,2.5411

221.2930,0.4771,0.1065,3.9347,5.9726,0.0450,2.9473,4.3043,2.4734,2.9473,2.5411

222.2930,0.8474,-0.3874,4.1817,5.8492,0.2302,2.6386,4.1808,2.4837,2.6386,2.5058

223.2930,-0.1402,0.0447,3.6878,6.0344,-0.0167,2.5151,4.3661,2.3293,2.5151,2.3559

224.2940,0.4153,0.6621,3.6878,5.5405,-0.2637,2.7003,4.5513,2.4322,2.7003,2.4705

225.2930,-0.2637,0.1682,3.3173,6.1578,-0.3255,2.5769,4.4895,2.2573,2.5769,2.3029

226.2930,-0.1402,0.1065,3.5643,6.2813,0.4155,2.8238,4.7365,2.4940,2.8238,2.5411

227.2940,-0.0168,-0.2022,3.9965,6.3430,0.2920,2.0212,4.7983,2.5351,2.0212,2.4617

228.2930,0.0450,-0.0170,3.6260,6.0344,0.0450,2.8855,4.3661,2.3499,2.8855,2.4264

229.2930,-0.0168,0.1065,3.3173,5.9726,-0.0167,2.8855,4.4278,2.2985,2.8855,2.3823

230.2930,0.1067,-0.1405,3.7495,5.6022,-0.0167,2.5769,4.2426,2.2573,2.5769,2.3029

231.2930,-0.0785,-0.2640,3.6878,5.8492,0.2302,3.0707,4.3043,2.2882,3.0707,2.4000

232.2940,0.1684,0.5386,3.9347,6.1578,-0.0785,2.9473,4.2426,2.4939,2.9473,2.5587

233.2940,0.0450,0.2917,3.4408,5.5405,-0.1402,2.8855,4.0574,2.2058,2.8855,2.3029

234.2930,0.0450,-0.5109,3.8112,6.0344,0.0450,2.5769,4.7983,2.3705,2.5769,2.4000

235.2930,0.1684,0.0447,3.4408,5.7874,0.5389,2.9473,4.4895,2.4116,2.9473,2.4882

236.2930,-0.2019,0.2299,4.1199,6.1578,0.0450,3.6264,4.9835,2.5557,3.6264,2.7087

237.2930,0.0450,-0.0170,2.9469,5.9109,0.2302,2.7003,3.9956,2.1853,2.7003,2.2588

238.2930,-0.8809,0.1065,3.7495,6.8369,0.2920,2.7621,4.6748,2.4631,2.7621,2.5058

239.2930,-0.6340,0.5386,3.4408,6.0344,0.2302,2.4534,4.3661,2.3293,2.4534,2.3471

240.2930,-0.0785,0.2917,3.2556,5.9726,0.2302,2.5151,4.9835,2.4425,2.5151,2.4529

241.2930,0.0450,-0.6344,3.8730,5.9726,-0.0785,3.1325,3.8104,2.1647,3.1325,2.3029

242.2930,-0.1402,-0.0788,3.5025,6.0344,0.2920,2.5151,4.1808,2.2985,2.5151,2.3294

243.2930,0.5388,0.1065,3.8730,6.2196,0.1685,2.3917,4.4278,2.5557,2.3917,2.5322

244.2940,-0.0785,0.1065,3.7495,5.8492,-0.3872,2.7003,3.8721,2.1853,2.7003,2.2588

245.2940,-0.0168,-0.0170,4.1199,5.7257,-0.3872,2.3917,5.1687,2.4322,2.3917,2.4264

246.2930,0.2302,0.1682,3.3791,5.7874,-0.2637,2.9473,4.2426,2.2573,2.9473,2.3559

247.2930,-0.0168,0.0447,3.3173,6.0344,-0.1402,2.7003,4.6130,2.3087,2.7003,2.3647

248.2940,0.7857,0.2917,3.7495,6.2196,-0.2020,3.0090,4.1808,2.5042,3.0090,2.5763

249.2930,0.0450,0.0447,3.5643,5.8492,-0.0785,3.1942,3.9956,2.2367,3.1942,2.3735

250.2930,0.1067,-0.3257,3.7495,5.8492,-0.1402,2.6386,4.0574,2.2161,2.6386,2.2765

251.2930,-0.2019,0.1682,3.1938,5.9109,-0.0167,2.3917,4.0574,2.1853,2.3917,2.2148

252.2930,0.1684,-0.0170,3.6260,6.2813,-0.3872,2.1447,4.1191,2.2984,2.1447,2.2765

253.2930,0.1067,0.1682,3.2556,5.9109,-0.0785,2.7621,4.0574,2.2367,2.7621,2.3118

254.2940,0.0450,-0.1405,3.9965,5.8492,0.4772,2.5151,4.9835,2.5351,2.5151,2.5323

255.2930,-0.0168,0.6621,3.8112,6.2196,0.6007,3.2560,4.3043,2.5969,3.2560,2.6910

256.2930,0.2302,-0.2640,3.9347,5.8492,0.1067,2.7003,4.2426,2.3499,2.7003,2.4000

257.2930,0.1067,0.1065,3.5643,6.1578,-0.3872,2.6386,4.1808,2.2882,2.6386,2.3382

258.2930,0.1067,-0.3257,3.5025,5.6022,0.1067,2.9473,4.1191,2.1853,2.9473,2.2941

259.2930,-0.1402,-0.0788,3.3791,6.2196,-0.5724,2.8855,4.3661,2.1956,2.8855,2.2941

260.2930,-0.3254,0.0447,3.3173,6.2196,0.0450,3.8733,4.3661,2.2779,3.8733,2.5058

261.2930,0.0450,0.0447,3.5025,6.2196,0.0450,2.7003,4.4278,2.3808,2.7003,2.4264

262.2930,0.4153,-0.0788,3.6878,5.7874,0.4155,2.4534,4.4895,2.4528,2.4534,2.4529

263.2930,0.1067,0.0447,3.2556,6.1578,-0.0167,2.8238,4.3043,2.3087,2.8238,2.3823

264.2930,0.0450,-0.3257,3.5025,5.7257,0.1067,2.5151,4.3043,2.2264,2.5151,2.2677

265.2930,-0.1402,-0.2022,3.1938,5.7257,-0.0785,2.5151,4.1808,2.1132,2.5151,2.1707

266.2940,0.0450,-0.2640,3.8730,5.9726,0.7242,2.8855,4.0574,2.4014,2.8855,2.4705

267.2930,-0.0785,-0.2022,3.1938,5.6640,-0.0785,2.6386,3.9956,2.0824,2.6386,2.1618

268.2930,-0.3254,-0.0170,3.1938,6.1578,-0.3872,2.7621,3.8721,2.0824,2.7621,2.1795

269.2930,-0.0785,0.1682,3.5025,5.9109,-0.0785,2.8855,3.8721,2.2161,2.8855,2.3118

270.2940,-0.0785,0.6003,3.5643,5.6640,0.8477,2.7003,4.0574,2.4425,2.7003,2.4794

271.2930,0.0450,0.3534,3.3791,5.0466,1.0946,2.4534,4.7983,2.4528,2.4534,2.4529

272.2940,0.4771,0.6621,3.8112,6.0344,0.3537,2.0212,4.2426,2.5968,2.0212,2.5146

273.2930,0.9709,0.0447,3.8730,5.8492,-0.5107,2.5151,4.3043,2.4219,2.5151,2.4352

274.2940,-0.2019,-0.0788,3.9347,6.1578,0.1067,2.4534,3.8721,2.2985,2.4534,2.3206

275.2930,-0.2637,0.1682,3.5643,5.9726,-0.0167,2.5151,4.3043,2.2882,2.5151,2.3206

276.2930,0.4153,0.3534,3.3173,5.6022,-0.0785,2.9473,2.0199,1.9383,2.9473,2.0824

277.2930,0.0450,-0.3874,3.8730,6.2813,0.6007,2.5769,4.2426,2.4425,2.5769,2.4617

278.2930,-0.0785,-0.2640,3.3173,6.1578,0.0450,2.4534,4.4895,2.2779,2.4534,2.3029

279.2930,0.4153,0.2917,2.9469,5.9726,0.0450,2.4534,4.3661,2.3396,2.4534,2.3559

280.2940,-0.0168,0.4769,3.8730,5.6022,-0.2637,2.9473,4.3661,2.3396,2.9473,2.4264

281.2940,-0.0785,-0.2022,3.0086,6.0344,-0.2020,2.6386,4.9835,2.2573,2.6386,2.3118

282.2930,0.2302,-0.0170,3.2556,5.3553,0.1067,3.2560,4.1191,2.1750,3.2560,2.3294

283.2930,-0.0168,0.1065,3.2556,5.4788,0.2302,2.5151,4.1191,2.1956,2.5151,2.2412

284.2930,0.0450,-0.1405,3.6260,6.1578,0.0450,2.7621,4.3661,2.3499,2.7621,2.4088

285.2930,0.1684,-0.0788,3.0086,5.7874,-0.0167,2.8855,4.1808,2.1750,2.8855,2.2765

286.2930,-0.0785,0.1682,3.6878,5.9726,-0.0167,2.7003,4.1191,2.3087,2.7003,2.3647

287.2930,-0.3254,0.2299,3.1321,6.7135,-0.0785,2.5769,4.1808,2.3087,2.5769,2.3470

288.2930,0.2919,-0.0788,3.5643,6.0344,0.1685,2.7003,4.3043,2.3808,2.7003,2.4264

289.2930,0.7240,0.2917,3.1321,5.9109,0.0450,2.7003,4.1808,2.3807,2.7003,2.4264

290.2930,0.0450,-0.2022,3.3173,5.7257,-0.0167,2.9473,4.1808,2.1750,2.9473,2.2853

291.2930,-0.2019,0.0447,3.3791,5.9726,-0.0785,2.7621,3.1930,2.0515,2.7621,2.1530

292.2940,-0.0785,-0.0170,2.8234,5.6022,0.0450,2.8855,3.8721,2.0412,2.8855,2.1618

293.2930,0.1684,-0.0788,3.4408,5.8492,-0.0167,2.7003,4.4278,2.2985,2.7003,2.3559

294.2930,0.3536,0.7238,2.8234,5.8492,0.1067,2.5769,4.3661,2.3705,2.5769,2.4000

295.2940,0.2302,0.2299,3.3173,6.1578,-0.0167,2.8855,4.3043,2.3705,2.8855,2.4441

296.2930,-0.1402,-0.1405,3.1938,5.6640,0.0450,2.6386,4.3661,2.1647,2.6386,2.2324

297.2930,0.1067,-0.3874,3.4408,5.7257,-0.0785,2.9473,4.1808,2.1647,2.9473,2.2765

298.2930,0.0450,0.3534,3.6260,6.5283,0.1067,3.0090,4.3043,2.4940,3.0090,2.5675

299.2930,0.1684,0.2299,3.5025,5.8492,-0.4489,2.7003,3.6252,2.1544,2.7003,2.2324

300.2930,0.0450,-0.9431,3.9965,5.7257,0.4772,2.5769,4.5513,2.3088,2.5769,2.3471

301.2940,-0.4489,-0.3257,2.5147,5.2318,-0.5107,2.3917,3.7487,1.7017,2.3917,1.8002

302.2930,0.2302,-0.1405,4.1199,5.9109,0.2302,2.7003,4.4278,2.4631,2.7003,2.4970

303.2930,0.1067,0.0447,3.8112,5.9109,-0.0785,3.0090,4.1808,2.3293,3.0090,2.4264

304.2930,0.2919,-0.0788,3.6260,5.4788,0.2920,2.7003,4.1808,2.2985,2.7003,2.3559

305.2930,0.2302,0.1065,3.3791,5.2936,0.2302,2.5151,3.9956,2.2058,2.5151,2.2500

306.2930,0.0450,-0.0788,2.9469,5.7257,-0.2020,2.8855,4.1808,2.1029,2.8855,2.2147

307.2940,-0.0785,-0.0788,3.8730,5.8492,0.2920,2.8238,4.3661,2.3705,2.8238,2.4352

308.2930,-0.1402,-0.2022,3.3791,5.7874,0.2302,2.7003,4.1808,2.2059,2.7003,2.2765

309.2930,0.2919,0.0447,4.4286,5.7257,0.2302,2.8855,4.1191,2.4734,2.8855,2.5323

310.2930,-0.0785,0.2299,3.1321,5.9726,-0.0167,2.9473,3.9956,2.2058,2.9473,2.3118

311.2930,-0.2019,0.0447,3.1321,5.9726,0.1067,2.8855,4.4278,2.2470,2.8855,2.3382

312.2930,0.1067,0.3534,3.2556,5.9726,0.3537,3.0707,4.1191,2.3602,3.0707,2.4617

313.2930,0.4153,0.0447,3.6260,5.7874,0.4155,2.7003,4.4278,2.4528,2.7003,2.4882

314.2940,0.1067,0.1065,2.9469,5.7257,0.5389,3.2560,4.2426,2.2779,3.2560,2.4176

315.2960,0.2302,-0.0170,3.5643,5.2936,0.2302,2.6386,3.7487,2.1750,2.6386,2.2412

316.2940,0.1067,0.4769,4.7373,6.0961,-0.2020,3.1325,4.2426,2.5763,3.1325,2.6557

317.2930,0.0450,0.1682,2.6382,5.9726,0.2920,2.8238,3.6869,2.1338,2.8238,2.2324

318.2930,-1.0044,0.1065,3.0086,5.9726,-0.2637,2.7621,4.2426,2.0104,2.7621,2.1177

319.2930,-0.2637,-0.0170,3.0086,5.5405,-0.2020,2.5151,4.0574,2.0206,2.5151,2.0913

320.2940,0.3536,-0.9431,3.5643,5.7874,0.6007,2.7621,4.0574,2.2367,2.7621,2.3118

321.2930,-0.7575,0.0447,3.8730,5.6022,0.2302,2.6386,4.0574,2.1750,2.6386,2.2412

322.2930,0.1067,-0.1405,3.5025,5.7874,-0.0167,2.5151,3.8721,2.1853,2.5151,2.2324

323.2930,-0.2637,0.1682,3.5643,5.7874,-0.4489,2.7621,3.4400,2.0412,2.7621,2.1442

324.2930,0.0450,-0.1405,3.1938,5.9109,0.5389,2.5151,3.5634,2.1853,2.5151,2.2324

325.2930,0.0450,0.4151,2.2677,5.9109,-0.6959,3.0707,4.1808,2.0206,3.0707,2.1706

326.2930,0.4153,-0.0788,3.2556,5.5405,0.2302,2.6386,3.9956,2.2264,2.6386,2.2853

327.2930,0.1067,-0.3257,3.6878,5.9726,0.2302,2.8855,4.2426,2.3190,2.8855,2.4000

328.2930,-0.2019,0.2917,3.8112,5.6022,-0.0785,3.1325,4.4278,2.3088,3.1325,2.4264

329.2930,0.1067,-0.7579,2.8851,6.0344,-0.0785,2.8855,4.3661,2.0927,2.8855,2.2059

330.2940,0.0450,-0.1405,3.4408,5.7874,0.0450,3.0707,3.8721,2.1750,3.0707,2.3029

331.2930,-0.0785,-0.2640,3.6260,6.1578,-0.0785,2.7003,4.4278,2.2985,2.7003,2.3559

332.2930,0.1067,-0.0170,3.2556,5.6640,0.0450,2.6386,4.0574,2.1853,2.6386,2.2500

333.2930,0.1067,-0.1405,3.5025,5.2936,0.4772,2.7003,4.2426,2.2470,2.7003,2.3118

334.2930,0.7240,0.0447,4.1199,5.4788,-0.0785,2.6386,3.9339,2.3705,2.6386,2.4088

335.2930,0.1067,-0.2640,2.8851,5.1084,-0.0785,2.5769,4.7365,2.0824,2.5769,2.1530

336.2930,-0.0168,-1.6839,3.5025,5.9726,0.1067,2.8238,4.0574,1.9898,2.8238,2.1089

337.2930,-3.1031,1.4029,3.0704,5.9726,-0.2020,2.8238,3.6252,1.7943,2.8238,1.9414

338.2930,-0.3254,-0.3257,3.4408,5.7874,1.4033,2.8238,4.0574,2.3396,2.8238,2.4088

339.2940,-0.2637,0.5386,3.3791,6.3430,0.1067,2.9473,4.2426,2.3911,2.9473,2.4705

340.2930,-0.3871,0.1065,2.9469,5.9109,-0.0167,3.8733,3.9956,2.0927,3.8733,2.3470

341.2930,-0.2019,0.3534,3.5643,5.9726,0.0450,2.9473,3.8104,2.2573,2.9473,2.3559

342.2930,-0.0168,-0.0788,3.3791,5.6640,-0.0785,2.7621,3.9339,2.1338,2.7621,2.2236

343.2930,-0.0785,-0.0788,3.3791,5.7874,-0.1402,3.0707,3.9339,2.1338,3.0707,2.2677

344.2940,0.4153,-0.1405,3.8730,5.4170,0.6007,2.6386,4.6130,2.4631,2.6386,2.4882

345.2930,0.0450,-0.1405,3.8112,6.0344,-0.2637,2.5151,3.8721,2.2264,2.5151,2.2677

346.2930,0.0450,0.2299,3.0704,5.4788,-0.1402,2.6386,3.8721,2.0927,2.6386,2.1706

347.2940,0.1067,0.1682,3.0704,5.7874,-0.0785,2.8855,4.0574,2.1853,2.8855,2.2853

348.2930,-0.0785,-0.0788,3.6878,5.8492,0.1685,2.7003,4.3043,2.3088,2.7003,2.3647

349.2930,-0.0785,0.1682,3.5025,5.7257,-0.2637,2.8238,3.7487,2.1338,2.8238,2.2324

350.2930,0.0450,-0.1405,3.8730,5.9109,-0.2637,2.8855,3.7487,2.1956,2.8855,2.2941

351.2930,0.2919,-0.0170,3.5643,5.9726,0.1685,3.1942,4.0574,2.3396,3.1942,2.4617

352.2940,0.0450,-0.3257,3.9965,6.1578,0.7242,3.1942,3.9339,2.4219,3.1942,2.5323

353.2930,0.6005,-0.2022,3.1938,5.4170,-0.0167,2.6386,3.8721,2.1441,2.6386,2.2147

354.2930,-0.2019,-0.3874,3.3791,5.6022,-0.3255,2.5769,3.6869,1.9589,2.5769,2.0472

355.2930,0.0450,0.1682,3.1938,5.6640,0.1685,2.8238,3.9339,2.1956,2.8238,2.2853

356.2930,-0.0168,-0.2640,3.1321,5.6022,-0.0167,2.4534,3.9339,2.0618,2.4534,2.1177

357.2930,0.1067,-0.0788,3.6260,5.6022,-0.0167,2.6386,3.9339,2.1956,2.6386,2.2588

358.2930,0.0450,0.0447,3.5643,5.7257,0.1067,2.7621,3.8104,2.2161,2.7621,2.2941

359.2930,-0.1402,0.2299,3.4408,5.7257,0.3537,2.9473,4.4278,2.3396,2.9473,2.4264

360.2940,0.1684,-0.3257,3.6878,5.3553,-0.2020,2.8855,3.9956,2.1132,2.8855,2.2236

361.2930,0.2919,0.0447,3.0704,5.8492,-0.0167,2.7621,3.7487,2.1647,2.7621,2.2500

362.2930,0.4771,0.2299,3.7495,5.7874,0.6624,3.3794,4.7365,2.6071,3.3794,2.7175

363.2930,0.3536,-0.0788,2.8234,5.9109,0.2920,2.3917,3.9339,2.2058,2.3917,2.2324

364.2930,0.2919,-1.0048,3.9347,5.4170,0.5389,4.1203,4.4278,2.2676,4.1203,2.5323

365.2930,0.0450,0.2299,3.0704,5.8492,-0.0167,3.8733,3.9956,2.1955,3.8733,2.4352

366.2930,0.6622,-0.5109,3.6260,5.2936,0.1067,2.8238,4.0574,2.2058,2.8238,2.2941

367.2930,0.2302,0.1065,2.6999,5.4170,0.0450,3.3794,3.9339,2.0721,3.3794,2.2588

368.2940,0.0450,0.0447,3.6260,5.8492,0.1685,2.8855,4.0574,2.2985,2.8855,2.3823

369.2930,0.4771,-0.2640,2.9469,5.7257,-0.1402,3.3794,3.7487,2.0824,3.3794,2.2676

370.2930,0.0450,-0.0170,3.5643,5.7257,0.1067,2.8855,4.4895,2.3190,2.8855,2.4000

371.2930,-0.1402,0.1065,3.3173,5.5405,-0.2637,2.8238,4.6130,2.1956,2.8238,2.2853

372.2930,-0.1402,-0.1405,3.4408,5.9109,-0.4489,2.5769,4.1191,2.1235,2.5769,2.1883

373.2940,-0.2637,0.1065,3.0704,5.2318,0.1067,2.3917,2.4521,1.7840,2.3917,1.8708

374.2930,-0.2019,0.2917,3.3791,5.6022,0.0450,2.7621,3.8721,2.1647,2.7621,2.2500

375.2930,-0.3254,0.0447,3.5643,5.4170,-0.0167,2.5151,4.2426,2.1544,2.5151,2.2059

376.2930,-0.1402,0.5386,3.1321,6.3430,-0.0167,3.3177,4.3661,2.3705,3.3177,2.5058

377.2930,0.1067,0.2917,2.6382,6.4665,-0.2020,2.7003,4.1808,2.2470,2.7003,2.3118

378.2930,-0.0785,-0.2022,3.4408,5.1701,-0.2637,2.8238,3.8104,1.9795,2.8238,2.1001

379.2930,-0.3254,0.3534,3.1321,5.7874,0.4155,2.7003,4.1808,2.2573,2.7003,2.3206

380.2930,0.2302,-0.0788,3.5643,5.4788,0.0450,3.2560,3.8104,2.1750,3.2560,2.3294

381.2930,-0.0785,0.2917,3.4408,5.3553,0.4155,2.2682,3.8721,2.2161,2.2682,2.2236

382.2930,-1.0044,0.1065,3.5025,5.6640,-0.1402,2.7621,3.7487,1.9795,2.7621,2.0913

383.2930,-0.1402,0.1065,3.5025,6.1578,-0.0785,2.6386,4.1808,2.2882,2.6386,2.3382

384.2930,-0.1402,0.6003,3.5643,6.1578,0.1685,3.0090,4.1808,2.4219,3.0090,2.5058

385.2930,0.1684,-0.1405,3.8112,5.3553,0.3537,2.7621,3.8104,2.2264,2.7621,2.3029

386.2930,-0.1402,0.6003,3.3791,6.2813,0.1685,2.8855,4.1808,2.4116,2.8855,2.4793

387.2930,0.1067,-0.1405,3.6260,5.4170,-0.0785,2.8855,3.6252,2.0927,2.8855,2.2059

388.2930,-0.1402,-0.0788,3.7495,5.4170,-0.0785,2.4534,3.6252,2.0824,2.4534,2.1354

389.2930,0.0450,0.1065,3.3791,5.5405,-0.3255,2.7003,3.5634,2.0515,2.7003,2.1442

390.2930,-0.1402,-0.0788,4.6139,5.1701,0.1067,2.4534,3.6252,2.2162,2.4534,2.2500

391.2940,-0.8192,0.1682,3.5643,5.6640,0.7859,2.9473,4.8600,2.3705,2.9473,2.4529

392.2930,-0.5723,-0.2640,2.8234,5.4788,-0.0785,3.1942,3.7487,1.8560,3.1942,2.0472

393.2930,0.0450,-0.0788,3.6260,5.4170,0.1067,2.5151,3.8104,2.1544,2.5151,2.2059

394.2930,-0.1402,-0.0170,2.8851,5.2318,-0.2020,2.4534,3.5017,1.8766,2.4534,1.9590

395.2930,0.0450,0.5386,3.5643,5.8492,0.3537,2.7621,4.2426,2.4322,2.7621,2.4793

396.2930,0.4771,0.1682,3.8730,5.5405,0.1685,3.0090,4.1191,2.3911,3.0090,2.4793

397.2930,0.0450,0.3534,3.5025,5.7874,-0.0167,2.8855,3.9956,2.2779,2.8855,2.3647

398.2930,0.2302,-0.0170,2.9469,5.2936,0.0450,2.8238,3.7487,2.0412,2.8238,2.1530

399.2940,-0.0785,0.1065,3.3791,5.9109,-0.0167,2.7003,3.9339,2.2058,2.7003,2.2765

400.2940,0.0450,-0.0788,3.6878,5.5405,-0.0785,2.8238,3.7487,2.1441,2.8238,2.2412

401.2930,0.2302,-0.1405,3.3173,5.2318,0.4155,2.7621,4.0574,2.1853,2.7621,2.2677

402.2930,0.2919,-0.1405,3.1938,5.9109,-0.0167,2.9473,4.0574,2.2161,2.9473,2.3206

403.2930,0.0450,0.0447,2.7617,5.4170,0.1685,2.5769,3.9339,2.0618,2.5769,2.1354

404.2930,0.0450,-0.1405,3.0086,5.6640,-0.2637,2.6386,3.7487,2.0103,2.6386,2.1001

405.2930,-0.4489,-0.0170,3.1938,5.7257,-0.0785,2.5769,4.3661,2.1235,2.5769,2.1883

406.2930,0.1067,-0.1405,3.1938,5.6022,0.1685,2.8238,4.1808,2.1853,2.8238,2.2765

407.2930,0.1067,-0.0170,2.8234,5.1084,0.1067,2.5151,3.8104,1.9898,2.5151,2.0648

408.2930,0.1067,-0.2022,3.3791,5.7874,-0.1402,2.5151,4.1808,2.1853,2.5151,2.2324

409.2930,0.2919,0.4769,3.1938,6.3430,-0.0785,2.9473,3.8721,2.3499,2.9473,2.4352

410.2930,0.1067,0.2917,2.8851,5.3553,-0.0785,2.8855,3.8104,2.0618,2.8855,2.1795

411.2930,-0.1402,-0.1405,3.3791,5.5405,0.7242,2.9473,3.9956,2.2264,2.9473,2.3294

412.2930,0.2919,0.2917,3.0704,5.7874,-0.0785,2.6386,3.9339,2.2161,2.6386,2.2765

413.2930,0.2302,-0.0170,3.3791,5.7257,0.7859,3.2560,3.8721,2.3293,3.2560,2.4617

414.2930,0.0450,-0.1405,3.1938,5.4788,-0.0167,2.8855,3.7487,2.0515,2.8855,2.1706

415.2930,0.3536,-0.1405,3.6260,5.4788,0.2302,2.8238,4.7365,2.3808,2.8238,2.4441

416.2930,-0.0168,-0.0170,4.5521,5.2936,0.2302,3.0707,4.1191,2.3602,3.0707,2.4617

417.2930,-0.1402,-0.3257,3.1321,5.6640,-0.2637,2.7003,3.6252,1.9486,2.7003,2.0560

418.2930,-0.1402,0.2917,3.5025,5.1701,0.2302,3.1325,3.8721,2.1544,3.1325,2.2941

419.2940,-0.0168,0.1065,2.7617,5.9726,-0.2637,2.8238,3.9956,2.0926,2.8238,2.1971

420.2930,-0.1402,0.8473,3.6878,6.0961,0.2920,2.7621,4.2426,2.5043,2.7621,2.5411

421.2930,-0.0168,0.4769,3.5025,5.2936,0.2920,2.7003,3.8104,2.2264,2.7003,2.2941

422.2940,0.7240,0.1682,3.8730,5.9726,0.3537,3.1325,3.8104,2.4836,3.1325,2.5763

423.2930,0.1684,0.1065,3.1321,5.4788,1.0946,3.1942,3.3782,2.2264,3.1942,2.3647

424.2930,-0.6340,1.5881,3.3791,5.6640,0.1685,2.7621,3.7487,2.3190,2.7621,2.3823

425.2940,0.0450,0.0447,3.5643,5.6640,0.3537,2.6386,3.9339,2.2676,2.6386,2.3206

426.2930,-0.1402,-0.0788,3.9965,5.6640,0.3537,2.9473,4.1191,2.3190,2.9473,2.4088

427.2930,-0.2019,0.1682,3.5025,6.5283,0.1067,2.8238,3.9956,2.3499,2.8238,2.4176

428.2930,0.2302,-0.0170,3.5643,5.3553,-0.0785,3.0090,3.7487,2.1338,3.0090,2.2588

429.2930,0.1067,0.1682,2.7617,6.3430,-0.1402,2.8238,3.9956,2.2058,2.8238,2.2941

430.2930,-0.3254,-0.3874,3.1321,5.6640,-0.0785,3.7498,3.8721,1.9795,3.7498,2.2324

431.2930,0.5388,-0.1405,3.9347,5.4788,0.2920,2.8855,3.9339,2.3396,2.8855,2.4176

432.2930,-0.0785,-0.1405,3.2556,5.1084,-0.2637,2.6386,3.7487,1.9383,2.6386,2.0384

433.2930,0.1067,0.1065,3.8112,5.7874,0.4155,4.3055,4.2426,2.4116,4.3055,2.6822

434.2930,-0.2019,-0.3257,3.3173,5.7874,-0.0785,3.6881,3.9956,2.0824,3.6881,2.3118

435.2930,-0.0785,0.1065,3.2556,5.4170,-0.0785,2.8855,4.1191,2.1235,2.8855,2.2324

436.2930,0.0450,-0.2640,3.7495,5.6640,0.1067,2.7003,3.9339,2.2058,2.7003,2.2765

437.2930,1.2795,-0.3257,3.6878,5.2318,0.1067,2.8855,3.6252,2.2676,2.8855,2.3558

438.2930,0.0450,-0.1405,3.5025,5.6640,-0.0785,2.8855,3.9339,2.1544,2.8855,2.2588

439.2930,0.0450,1.0942,3.6260,6.0961,1.1564,3.1325,3.8104,2.6380,3.1325,2.7087

440.2930,0.2302,0.0447,3.8112,5.9109,0.2302,2.9473,4.3043,2.4219,2.9473,2.4970

441.2930,0.2919,-0.0170,3.6260,5.5405,0.4155,2.8238,4.3043,2.3602,2.8238,2.4264

442.2930,-0.0785,1.0325,3.5643,5.4788,-0.2020,2.5151,3.6252,2.2367,2.5151,2.2765

443.2930,-0.0785,-0.1405,3.1321,5.1084,-0.2020,2.7003,3.8104,1.9383,2.7003,2.0472

444.2930,0.2302,0.0447,2.6999,5.2936,-0.3872,2.3917,3.8721,1.9589,2.3917,2.0207

445.2930,0.5388,0.1065,4.0582,4.3058,0.2302,2.7003,3.8721,2.1853,2.7003,2.2588

446.2930,-0.1402,0.1682,3.4408,5.6640,0.2302,3.0090,3.8721,2.2059,3.0090,2.3206

447.2930,0.0450,-0.0170,3.7495,5.6022,0.4772,2.8855,4.3043,2.3602,2.8855,2.4352

448.2930,-0.0785,0.0447,3.0086,5.6022,0.1685,3.3794,3.4400,2.0309,3.3794,2.2236

449.2930,0.3536,-0.2022,3.1321,5.6022,0.3537,2.8855,3.2547,2.0824,2.8855,2.1971

450.2930,0.2302,1.3412,3.3791,6.1578,0.1067,3.0707,3.9339,2.5248,3.0707,2.6028

451.2930,-0.2637,-0.2022,3.1938,5.6022,0.1067,3.0707,3.8721,2.0515,3.0707,2.1971

452.2930,-0.1402,0.2917,3.0704,5.9109,-0.2020,3.0707,3.7487,2.1132,3.0707,2.2500

453.2940,0.1684,0.5386,2.8851,5.6022,0.2920,3.3794,4.4895,2.3293,3.3794,2.4793

454.2930,0.0450,-0.0170,3.0086,5.7257,0.1067,3.2560,4.0574,2.1544,3.2560,2.3118

455.2940,0.2919,-0.0170,3.2556,5.3553,-0.2020,2.8238,4.0574,2.1235,2.8238,2.2236

456.2930,-0.2637,0.1682,3.4408,5.7257,0.0450,2.9473,3.8721,2.1647,2.9473,2.2765

457.2930,0.1684,0.4769,3.2556,5.5405,-0.1402,2.5769,3.5634,2.1441,2.5769,2.2059

458.2940,0.1067,0.0447,3.5025,5.4788,0.2302,2.5769,3.9339,2.2161,2.5769,2.2677

459.2940,-0.3871,-0.2640,3.3791,5.7257,-0.0785,3.8116,3.8721,2.0412,3.8116,2.2941

460.2930,0.1067,0.3534,3.2556,5.8492,-0.0785,2.6386,3.6252,2.1853,2.6386,2.2500

461.2940,0.1067,0.4769,3.3791,5.7874,-0.0785,3.0090,3.6869,2.2264,3.0090,2.3382

462.2930,-0.6958,0.1065,3.3173,5.6640,0.2302,2.7621,3.8721,2.0824,2.7621,2.1795

463.2940,-0.1402,0.0447,3.5025,5.8492,-0.1402,3.1325,3.7487,2.1441,3.1325,2.2853

464.2940,0.1684,0.1065,3.0086,5.6022,-0.3872,2.3299,3.4400,1.9897,2.3299,2.0383

465.2930,0.1067,-0.0170,3.4408,5.5405,-0.2020,2.6386,3.5017,2.0618,2.6386,2.1442

466.2930,0.1067,2.5759,3.8730,5.3553,0.3537,2.8238,3.7487,2.6689,2.8238,2.6910

467.2930,0.0450,0.2299,3.2556,5.9726,0.0450,3.1325,3.8104,2.2264,3.1325,2.3559

468.2940,0.0450,-0.0788,3.5643,5.6022,0.6624,2.8238,4.6130,2.4014,2.8238,2.4617

469.2930,-0.4489,-0.0788,2.8851,6.5900,0.2302,3.3794,3.7487,2.1544,3.3794,2.3294

470.2940,0.0450,0.0447,2.9469,5.8492,-0.3255,2.5769,3.6869,2.0412,2.5769,2.1177

471.2940,0.1684,0.2299,3.1938,5.4788,-0.0167,3.0090,3.6252,2.1132,3.0090,2.2412

472.2930,0.1067,0.6621,3.5643,5.7257,0.3537,2.7003,4.2426,2.4425,2.7003,2.4793

473.2940,-0.0168,-0.1405,3.2556,4.5527,0.7859,2.6386,4.0574,2.0824,2.6386,2.1618

474.2930,0.2919,-0.1405,3.6260,6.0961,-0.0167,2.8238,4.2426,2.3499,2.8238,2.4176

475.2930,0.0450,-0.0788,2.9469,5.2318,-0.0785,2.8238,4.8600,2.1544,2.8238,2.2500

476.2930,0.1067,-0.0788,3.5025,5.7874,0.2302,2.7621,4.2426,2.2985,2.7621,2.3647

477.2940,-0.0168,0.2917,3.0704,5.7257,0.0450,3.0090,4.2426,2.2264,3.0090,2.3382

478.2930,-0.0168,0.3534,3.2556,5.7874,-0.1402,2.8855,3.8721,2.1853,2.8855,2.2853

479.2940,-0.1402,0.1065,3.8730,5.4788,0.1067,2.8855,3.9956,2.2367,2.8855,2.3294

480.2930,0.4771,-0.0170,4.2434,5.6640,-0.6342,3.0707,3.6869,2.2367,3.0707,2.3558

481.2930,0.2302,0.2917,3.9965,6.2196,0.5389,2.9473,4.4895,2.6277,2.9473,2.6734

482.2930,0.2302,-0.4492,3.6260,5.2936,0.1067,2.8855,3.6869,2.0824,2.8855,2.1971

483.2930,-0.0785,0.2917,3.3173,5.7874,-0.1402,2.7003,3.6869,2.1441,2.7003,2.2236

484.2930,0.1067,-0.1405,3.5643,5.3553,0.0450,2.6386,3.9956,2.1544,2.6386,2.2236

485.2930,0.2302,0.2299,3.8112,5.7874,0.5389,2.9473,4.4278,2.5043,2.9473,2.5675

486.2930,-0.1402,0.0447,3.2556,5.4170,0.1067,3.0090,3.6252,2.0515,3.0090,2.1883

487.2930,0.6622,-0.2022,3.8730,5.7874,0.4155,3.0090,4.1808,2.4528,3.0090,2.5322

488.2930,-0.0785,0.2299,3.3173,5.9109,-0.1402,2.8855,3.9339,2.1956,2.8855,2.2941

489.2930,-0.0168,-0.1405,3.2556,5.4788,0.3537,2.9473,4.0574,2.1647,2.9473,2.2765

490.2930,0.5388,0.0447,3.6878,6.0961,-0.0785,2.6386,4.3661,2.4425,2.6386,2.4705

491.2930,-0.0168,0.4769,3.0086,5.7257,0.0450,3.3177,3.8721,2.1853,3.3177,2.3470

492.2930,0.1684,-0.0170,5.4165,6.4665,-0.5724,3.3177,3.9956,2.5763,3.3177,2.6822

493.2930,0.0450,-0.1405,3.5025,5.2318,-0.2020,2.4534,3.6252,2.0103,2.4534,2.0736

494.2930,-0.2019,0.0447,3.2556,5.5405,-0.1402,2.8855,3.6869,2.0309,2.8855,2.1530

495.2930,0.2302,0.7238,3.5643,7.1456,-0.3872,3.6881,3.0078,2.3807,3.6881,2.5675

496.2930,-0.0785,0.7856,3.2556,5.7257,-0.8811,2.9473,3.3165,2.0206,2.9473,2.1530

497.2930,0.0450,-0.0788,3.6260,5.8492,0.2920,3.0707,4.0574,2.2985,3.0707,2.4088

498.2930,-0.0168,0.2299,2.9469,5.4170,0.0450,3.0090,4.5513,2.1956,3.0090,2.3118

499.2930,-0.2019,-0.0788,3.7495,6.1578,-0.1402,2.8238,4.3043,2.2985,2.8238,2.3735

500.2940,0.1067,0.1065,2.7617,5.6022,0.1067,2.6386,3.8721,2.0927,2.6386,2.1706

501.2930,-0.1402,0.3534,3.0086,5.9109,-0.0167,3.1325,3.9956,2.1853,3.1325,2.3206

502.2940,0.1067,0.1682,2.6999,5.2936,-0.3872,2.7621,4.1808,2.0103,2.7621,2.1177

503.2930,-0.0168,0.2917,3.5025,5.9109,-0.2637,3.1325,3.9956,2.2367,3.1325,2.3647

504.2930,-0.1402,0.2299,3.0704,5.7874,0.0450,3.1325,3.9956,2.1647,3.1325,2.3029

505.2930,0.1684,-0.2022,2.8851,5.6640,0.6007,3.0707,3.5634,2.1132,3.0707,2.2500

506.2930,0.1684,0.1065,3.3173,5.3553,0.1685,3.1942,3.6252,2.1235,3.1942,2.2765

507.2930,-0.0785,0.2917,3.3791,5.4788,0.1067,2.8238,3.8104,2.1647,2.8238,2.2588

508.2930,0.1067,0.1065,3.4408,5.6640,0.1685,3.3177,3.9339,2.2367,3.3177,2.3911

509.2930,-0.0785,0.2917,3.3791,5.9726,-0.2020,3.1325,3.6869,2.1750,3.1325,2.3118

510.2930,0.2302,0.0447,3.0704,5.8492,-0.3255,2.9473,3.9339,2.1338,2.9473,2.2500

511.2930,-0.2019,0.1682,3.1938,5.1084,0.1685,2.7621,3.3165,1.9589,2.7621,2.0736

512.2930,0.1684,-0.0170,3.5643,5.4170,0.2302,2.8855,3.9339,2.2161,2.8855,2.3118

513.2930,-0.0785,-0.1405,3.2556,5.4170,-0.0785,3.2560,3.6869,2.0103,3.2560,2.1883

514.2930,-0.0168,-0.3257,3.3173,5.6640,-0.0167,2.8238,3.9956,2.1030,2.8238,2.2059

515.2950,0.0450,0.7238,3.1938,5.8492,-0.0785,3.1325,3.7487,2.2470,3.1325,2.3735

516.2930,-0.2637,-0.2022,3.2556,6.0344,0.0450,4.1203,3.7487,2.1030,4.1203,2.3911

517.2950,-0.0785,0.7238,2.8851,5.7257,0.1067,3.0090,3.2547,2.1029,3.0090,2.2324

518.2930,0.6622,-0.2022,3.7495,5.2318,0.6624,3.1942,3.8721,2.3293,3.1942,2.4529

519.2930,0.0450,0.6003,4.0582,5.8492,0.3537,3.1325,4.2426,2.5248,3.1325,2.6116

520.2930,0.6005,0.1065,3.1938,5.2318,-0.0167,3.7498,3.6252,2.1235,3.7498,2.3558

521.2940,0.0450,0.2299,3.3173,5.2936,-0.1402,2.5151,3.9956,2.1235,2.5151,2.1795

522.2950,-0.9427,0.7856,2.9469,6.0961,-0.0785,3.3177,4.1808,2.1647,3.3177,2.3294

523.2930,-0.0168,0.0447,3.2556,5.5405,0.1685,3.0090,2.4521,1.9074,3.0090,2.0648

524.2930,0.1067,-0.0788,3.8112,5.7874,0.1067,3.0090,3.8104,2.2573,3.0090,2.3647

525.2940,0.1067,-0.1405,3.0704,5.3553,0.1685,2.7621,3.9339,2.0824,2.7621,2.1795

526.2930,0.2919,-0.0788,3.5643,5.6640,0.2920,2.7621,3.9339,2.2779,2.7621,2.3470

527.2940,-0.0168,-0.2640,3.0086,4.9231,-0.7577,2.8238,3.4400,1.7222,2.8238,1.8796

528.2930,0.1684,0.1065,3.7495,6.5900,0.3537,2.8238,4.0574,2.5042,2.8238,2.5499

529.2930,-0.2637,-1.4370,3.3173,5.1084,-0.2020,2.7003,3.5634,1.6811,2.7003,1.8267

530.2940,-0.0168,0.2299,3.9965,5.8492,-0.2637,2.2064,3.8721,2.2779,2.2064,2.2677

531.2930,0.2302,-0.3257,3.5643,5.5405,0.0450,2.8855,3.5634,2.1029,2.8855,2.2147

532.2930,-0.0168,0.2299,3.0704,5.6640,-0.0785,3.0707,3.7487,2.1029,3.0707,2.2412

533.2930,-0.0785,0.1065,3.1938,5.6022,0.0450,2.8238,3.7487,2.1029,2.8238,2.2059

534.2930,0.4153,0.2917,3.6878,5.8492,0.6007,2.9473,4.5513,2.5660,2.9473,2.6205

535.2930,0.4771,-0.2022,2.8234,5.5405,0.2302,3.0707,3.8104,2.1132,3.0707,2.2500

536.2940,-0.1402,-0.0788,2.5147,5.6022,-0.2020,2.8855,3.5634,1.8766,2.8855,2.0207

537.2940,0.1067,0.1065,3.0704,5.8492,-0.0167,2.9473,4.4278,2.2573,2.9473,2.3559

538.2930,0.2302,-0.2022,3.3173,5.1701,0.1685,2.7003,3.8104,2.0824,2.7003,2.1706

539.2930,0.6005,-0.0788,3.0704,5.6022,0.1067,3.1942,4.3043,2.2676,3.1942,2.3999

540.2930,-0.0168,-0.3257,3.0704,5.4788,0.2302,2.8855,3.6252,2.0103,2.8855,2.1354

541.2930,-0.1402,-0.1405,3.4408,5.7257,0.4155,2.5151,3.6869,2.1647,2.5151,2.2148

542.2940,0.2302,-0.2022,3.4408,5.8492,-0.1402,3.0707,3.8721,2.1750,3.0707,2.3029

543.2930,0.1067,0.1682,2.2677,5.1701,1.4033,3.3794,4.1191,2.2059,3.3794,2.3735

544.2930,0.1684,0.1065,3.7495,5.5405,-0.2020,2.3299,3.9339,2.2161,2.3299,2.2324

545.2930,0.1684,0.2917,3.1938,5.2936,0.1067,2.9473,4.0574,2.1853,2.9473,2.2941

546.2930,0.5388,-0.0788,2.8234,6.0961,0.4772,2.8238,3.6869,2.2573,2.8238,2.3382

547.2930,0.2919,-0.2640,3.1321,5.3553,0.1067,2.8238,3.6869,2.0515,2.8238,2.1618

548.2930,0.0450,-0.5109,3.5025,5.2936,0.1067,3.5029,4.0574,2.0824,3.5029,2.2853

549.2930,-0.0168,0.2299,2.5764,4.9849,0.2302,2.2064,3.9339,1.9898,2.2064,2.0207

550.2930,0.1684,0.1065,2.8851,5.7874,0.2302,2.7003,3.6252,2.1338,2.7003,2.2147

551.2930,0.3536,-0.0170,3.7495,5.6640,0.4772,3.0090,4.3661,2.4322,3.0090,2.5146

552.2930,0.4771,0.5386,2.2677,5.6640,0.3537,2.7621,3.3782,2.1132,2.7621,2.2059

553.2940,0.1684,-0.0788,3.4408,5.4170,0.0450,2.8855,3.9956,2.1647,2.8855,2.2677

554.2930,0.1067,0.1065,2.8851,5.4788,-0.0785,3.1942,3.6252,2.0206,3.1942,2.1883

555.2940,-0.1402,0.2917,3.1321,5.6640,-0.0785,2.7003,3.9956,2.1441,2.7003,2.2236

556.2930,-0.0785,0.5386,3.3173,5.5405,0.3537,2.8238,3.9956,2.2779,2.8238,2.3559

557.2930,0.0450,0.2299,3.6260,5.7257,0.1685,2.0830,4.4895,2.3808,2.0830,2.3382

558.2930,0.1684,0.2917,3.0086,5.6022,-0.0785,2.8855,3.7487,2.1235,2.8855,2.2324

559.2930,0.4153,-0.2022,2.7617,5.4788,0.0450,2.7003,3.7487,2.0412,2.7003,2.1354

560.2930,0.4153,0.1065,3.6878,5.6022,-0.0785,2.3917,4.0574,2.2984,2.3917,2.3118

561.2930,0.2302,-0.2640,3.1938,5.4170,-0.0167,3.1942,3.5634,2.0206,3.1942,2.1883

562.2940,0.1684,-0.0170,3.9347,5.6022,0.2920,2.7621,4.1191,2.3499,2.7621,2.4088

563.2930,0.1067,0.3534,3.1321,5.2936,0.2920,2.8238,3.8104,2.1647,2.8238,2.2588

564.2930,-0.0785,0.2299,3.6260,5.8492,-0.1402,2.8238,4.1191,2.2676,2.8238,2.3470

565.2930,-0.0168,0.9708,3.3173,5.5405,-0.0167,3.0090,3.7487,2.2573,3.0090,2.3647

566.2930,0.7857,-0.0170,3.8730,5.8492,0.1067,2.8238,3.9956,2.4322,2.8238,2.4881

567.2930,-0.1402,-0.0788,3.0704,5.3553,0.0450,3.6881,4.2426,2.0824,3.6881,2.3118

568.2930,0.1684,0.1682,3.1938,5.3553,-0.2637,2.5769,3.6252,2.0412,2.5769,2.1177

569.2940,0.5388,-0.5726,3.6260,5.3553,0.0450,2.7621,3.8721,2.1441,2.7621,2.2324

570.2930,0.1067,0.1065,3.0704,5.2936,-0.0785,2.8238,3.6252,2.0206,2.8238,2.1354

571.2930,-0.0785,0.3534,3.6260,5.9109,-0.0785,3.3177,3.8104,2.2573,3.3177,2.4088

572.2930,-0.0168,-0.2640,3.1938,5.1701,-0.0167,2.8238,3.8104,1.9795,2.8238,2.1001

573.2930,-0.0785,0.2917,3.6878,6.0961,0.9711,3.4412,3.9339,2.4837,3.4412,2.6205

574.2940,-0.2637,0.1065,3.9347,5.2936,-0.0785,2.6386,3.6252,2.1030,2.6386,2.1795

575.2930,0.2302,-0.0170,3.3791,5.6022,0.2302,2.8855,3.9339,2.2264,2.8855,2.3206

576.2930,0.1067,-0.2640,3.3791,5.1084,0.1685,2.7003,3.7487,2.0412,2.7003,2.1354

577.2930,0.1067,0.5386,3.4408,6.0344,-0.0167,3.2560,3.6252,2.2882,3.2560,2.4264

578.2930,-0.1402,0.2917,2.1442,5.6640,-0.0167,2.9473,3.8721,1.9692,2.9473,2.1089

579.2930,-0.0785,0.0447,2.8851,5.5405,-0.2020,3.0090,3.6869,1.9795,3.0090,2.1265

580.2930,-0.2637,0.1065,2.8851,5.6640,-0.2020,2.9473,3.7487,1.9898,2.9473,2.1265

581.2930,0.1067,-0.2640,2.8851,5.4170,-0.0785,3.1325,3.6252,1.9486,3.1325,2.1177

582.2930,-0.0168,0.3534,3.8730,6.0961,0.4155,3.0090,4.4895,2.5351,3.0090,2.6028

583.2930,-0.0168,-0.4492,2.9469,5.5405,-0.2637,2.9473,3.6252,1.8972,2.9473,2.0472

584.2930,-0.0785,-0.2640,3.5025,5.6640,-0.1402,2.8238,3.8104,2.0824,2.8238,2.1883

585.2930,-0.1402,0.1682,2.9469,5.2936,-0.1402,3.0090,3.7487,1.9795,3.0090,2.1265

586.2940,-0.0168,0.2917,3.5643,5.1701,0.1067,3.1325,3.9956,2.1853,3.1325,2.3206

587.2930,0.2919,0.1065,3.3791,5.2318,-0.2020,3.0090,4.1808,2.1647,3.0090,2.2853

588.2930,0.1684,-0.0788,3.1938,5.7874,0.0450,2.7621,3.8721,2.1647,2.7621,2.2500

589.2930,-0.2019,0.0447,3.4408,5.8492,0.0450,2.8855,4.2426,2.2367,2.8855,2.3294

590.2930,0.1067,-0.0788,3.0086,5.0466,0.0450,2.8855,4.1808,2.0515,2.8855,2.1707

591.2930,0.6622,-0.0788,3.3791,5.7874,-0.3872,2.8855,4.1808,2.2573,2.8855,2.3470

592.2930,0.1067,-1.6222,3.5643,4.9231,0.0450,3.0090,3.7487,1.7943,3.0090,1.9678

593.2930,-0.0168,0.1065,3.5025,5.7257,-0.0785,2.8238,4.1808,2.2367,2.8238,2.3206

594.2940,0.1067,0.1065,3.1938,5.4788,-0.2020,2.7003,3.8104,2.0824,2.7003,2.1706

595.2940,0.3536,0.2917,3.1321,5.4788,-0.0785,3.0707,3.8104,2.1647,3.0707,2.2941

596.2940,0.1067,-0.2640,3.5643,5.6022,0.1067,3.2560,3.9339,2.1750,3.2560,2.3294

597.2930,-0.0785,0.2299,3.0704,5.4170,-0.1402,2.9473,3.5017,2.0000,2.9473,2.1354

598.2940,0.4153,0.0447,4.1199,5.7874,0.4155,3.0707,3.9956,2.4631,3.0707,2.5499

599.2930,-0.3254,0.2299,2.8234,6.4048,0.1067,3.8733,3.9956,2.2058,3.8733,2.4441

600.2930,-0.2019,1.2177,3.5025,5.7257,0.0450,3.0090,3.6869,2.3293,3.0090,2.4264

601.2930,-0.0785,-0.0788,3.2556,5.1701,0.4155,3.1325,3.9956,2.1133,3.1325,2.2589

602.2930,-0.2019,0.1065,2.8851,5.4170,-0.2020,3.1942,3.9956,2.0001,3.1942,2.1706

603.2930,0.1067,0.4769,3.3173,5.5405,-0.3872,2.2682,4.1191,2.1955,2.2682,2.2059

604.2940,-0.0785,-1.0665,3.2556,5.1701,0.1685,3.0090,3.7487,1.8663,3.0090,2.0295

605.2930,-0.2019,0.2299,3.1321,4.5527,0.1067,2.8855,3.9956,1.9692,2.8855,2.1001

606.2940,-0.0168,0.1065,2.9469,5.5405,-0.1402,3.1325,3.6252,2.0103,3.1325,2.1706

607.2940,-0.1402,-0.0170,3.0086,5.9109,-0.1402,2.7621,3.5634,2.0309,2.7621,2.1354

608.2930,0.1067,0.1065,3.2556,5.8492,-0.0167,3.4412,3.8104,2.1853,3.4412,2.3647

609.2930,-0.0168,0.1682,3.3173,5.5405,-0.0785,2.7003,3.9956,2.1544,2.7003,2.2324

610.2930,0.1067,0.1682,3.3173,5.6022,-0.0785,2.9473,3.5017,2.1029,2.9473,2.2236

611.2930,-0.1402,0.4769,2.8851,5.9726,0.1685,2.9473,3.9956,2.2264,2.9473,2.3294

612.2930,-0.6340,-0.4492,3.1321,5.4788,0.4772,2.8855,5.1687,2.1956,2.8855,2.2942

613.2930,0.9709,-0.0170,3.5643,5.6640,0.0450,3.3177,3.6252,2.3087,3.3177,2.4529

614.2930,-0.1402,-0.2640,3.8112,6.2813,-0.4489,3.0090,4.1808,2.2367,3.0090,2.3470

615.2930,0.6005,0.2917,4.1199,5.7257,0.5389,3.0707,4.5513,2.6380,3.0707,2.6998

616.2930,0.0450,-0.3874,3.9965,5.2936,0.2302,2.8855,3.6252,2.1338,2.8855,2.2412

617.2930,-0.2019,0.1682,3.3791,5.6640,-0.1402,2.8855,3.6252,2.0824,2.8855,2.1971

618.2930,0.1067,0.0447,3.8112,5.7257,0.1685,2.8238,3.9956,2.3087,2.8238,2.3823

619.2930,-0.0785,-0.0788,3.9965,5.5405,0.2302,2.8238,3.8721,2.2470,2.8238,2.3294

620.2940,0.2302,-0.0788,2.9469,5.7257,-0.4489,3.0707,3.6252,2.0000,3.0707,2.1530

621.2930,0.1067,0.7238,3.8730,5.4170,0.2302,3.0707,3.8721,2.3705,3.0707,2.4705

622.2930,-0.1402,0.1065,3.5025,5.7257,-0.2637,3.0707,3.8104,2.1235,3.0707,2.2588

623.2930,-0.0168,-0.0788,3.2556,6.0344,-0.0785,3.1325,3.9956,2.1853,3.1325,2.3206

624.2930,0.2302,0.0447,3.1321,5.3553,0.1067,2.7621,3.9339,2.1338,2.7621,2.2236

625.2930,0.3536,-0.5726,3.3791,5.7257,-0.0785,3.0090,4.1191,2.1544,3.0090,2.2765

626.2930,0.3536,0.4151,3.3173,5.9109,-0.5107,2.8855,3.8721,2.2264,2.8855,2.3206

627.2930,-0.2019,0.2917,3.1321,5.3553,-0.0785,3.1325,3.9339,2.0721,3.1325,2.2236

628.2930,0.1067,0.2917,3.3791,5.0466,-0.2020,2.8238,3.9956,2.1029,2.8238,2.2059

629.2930,0.6005,-0.0170,2.8234,5.2936,0.6007,2.8855,3.4400,2.1235,2.8855,2.2324

630.2930,-0.2019,0.0447,3.3173,5.6022,-0.5107,3.0707,3.7487,2.0000,3.0707,2.1530

631.2930,-0.2019,0.0447,2.8851,5.6022,-0.2637,3.0090,3.7487,1.9692,3.0090,2.1177

632.2940,0.1684,0.2299,3.0086,5.4788,0.3537,3.0707,3.8721,2.1853,3.0707,2.3118

633.2930,0.2919,-0.0170,3.8730,5.6022,0.2920,2.7003,3.9956,2.3396,2.7003,2.3911

634.2930,0.1684,0.3534,3.0086,6.0961,-0.3255,3.1942,3.9956,2.2161,3.1942,2.3558

635.2940,0.0450,0.3534,3.2556,5.8492,-0.3255,2.8855,3.9956,2.1955,2.8855,2.2941

636.2930,-0.1402,0.2299,3.7495,5.4170,-0.0785,3.0707,4.1808,2.2264,3.0707,2.3470

637.2930,-0.2019,0.1065,3.6260,5.2936,-0.0785,2.9473,4.2426,2.1647,2.9473,2.2765

638.2930,-0.0168,0.1065,3.9965,5.6640,-0.6342,2.8238,4.1808,2.2161,2.8238,2.3029

639.2940,0.0450,-0.2640,3.6260,5.4788,-0.0167,3.1325,3.8104,2.1132,3.1325,2.2588

640.2930,-0.2019,0.4769,3.8730,6.1578,-0.0167,3.0090,3.9339,2.3705,3.0090,2.4617

641.2930,-0.2019,-0.3874,3.8730,6.1578,-0.5724,2.8238,5.3539,2.3705,2.8238,2.4352

642.2940,0.2919,-0.2022,3.9965,5.4788,0.6624,2.9473,4.3661,2.4322,2.9473,2.5058

643.2930,-0.2637,-0.1405,3.4408,5.2936,-0.0167,2.8238,4.0574,2.0618,2.8238,2.1707

644.2930,0.1684,0.6621,3.6260,5.4170,-0.1402,3.1325,3.9956,2.2882,3.1325,2.4088

645.2930,0.1067,-0.4492,3.8112,6.0344,-0.2637,2.9473,4.2426,2.2470,2.9473,2.3470

646.2930,0.4771,-0.0170,3.9965,5.8492,-0.0785,3.0707,3.8104,2.3396,3.0707,2.4440

647.2930,0.2919,0.1065,3.6878,5.6022,0.1067,2.9473,3.9956,2.2984,2.9473,2.3911

648.2940,0.2302,-0.3257,3.5025,5.4788,-0.3872,2.5769,3.8104,2.0515,2.5769,2.1265

649.2930,0.6622,0.0447,3.6878,5.6022,-0.0785,3.1942,3.6869,2.2676,3.1942,2.3999

650.2930,0.1067,-0.1405,3.6878,5.5405,-0.0785,3.1325,3.6252,2.1235,3.1325,2.2677

651.2940,-0.1402,-0.1405,3.4408,5.1084,-0.0785,3.0707,3.7487,1.9898,3.0707,2.1442

652.2940,-0.0168,0.4151,3.4408,5.7257,-0.2020,2.8855,3.6252,2.1647,2.8855,2.2677

653.2930,-0.0168,-0.1405,3.3791,5.2318,0.0450,2.8855,3.9956,2.0824,2.8855,2.1971

654.2930,0.5388,0.1065,3.6260,5.8492,-0.1402,3.0707,3.8104,2.2984,3.0707,2.4088

655.2930,0.2919,0.2299,3.5643,5.6022,0.1067,2.7003,3.8721,2.2779,2.7003,2.3382

656.2940,0.2919,0.1065,3.6878,5.4170,-0.2637,2.8855,3.5634,2.1338,2.8855,2.2412

657.2940,0.1684,0.7238,3.6260,5.9109,0.1685,3.0090,3.9956,2.4322,3.0090,2.5146

658.2930,0.2919,-0.0788,3.3791,5.2936,-0.0785,2.8238,3.9339,2.1235,2.8238,2.2236

659.2930,-0.3871,0.1682,3.0086,5.6640,-0.2020,3.0707,3.7487,2.0001,3.0707,2.1530

660.2930,0.4771,0.0447,3.1938,5.4170,-0.0785,2.9473,3.8104,2.1441,2.9473,2.2588

661.2930,-0.0785,-0.0788,3.4408,5.8492,-0.1402,2.6386,3.9339,2.1544,2.6386,2.2236

662.2930,-0.0785,-0.3874,3.2556,5.2936,0.2920,2.7621,4.3043,2.1133,2.7621,2.2059

663.2930,0.1067,-0.0170,3.1938,5.4788,0.1685,2.7003,3.9956,2.1544,2.7003,2.2324

664.2940,0.4771,0.2299,3.5643,5.5405,0.1067,3.1942,4.2426,2.3602,3.1942,2.4793

665.2930,0.2302,-0.0788,3.6878,5.7874,0.3537,3.0090,3.9956,2.3293,3.0090,2.4264

666.2930,-0.0785,0.0447,3.0086,5.5405,-0.2637,2.8238,3.9339,2.0309,2.8238,2.1442

667.2930,-0.1402,0.0447,2.9469,5.4170,-0.0785,2.9473,4.7983,2.1647,2.9473,2.2765

668.2940,0.0450,-0.1405,3.6260,5.7257,0.2302,2.5151,3.9339,2.2367,2.5151,2.2765

669.2940,0.0450,0.0447,3.0704,5.4170,-0.5107,3.0090,3.6869,1.9589,3.0090,2.1089

670.2930,0.1684,0.6621,2.9469,5.4170,-0.1402,2.8855,3.9339,2.1647,2.8855,2.2677

671.2940,-0.2019,-0.2022,3.0086,5.4170,0.2302,3.0090,3.8104,2.0104,3.0090,2.1530

672.2930,-0.0168,-0.1405,3.3173,5.5405,-0.6342,3.1942,3.8721,1.9898,3.1942,2.1618

673.2930,-0.0785,-0.1405,3.5643,4.6762,0.1685,2.7003,3.9956,2.0309,2.7003,2.1266

674.2930,0.6622,-0.3257,4.7373,5.4788,0.3537,2.7621,4.2426,2.5248,2.7621,2.5587

675.2930,-0.0168,0.5386,2.5147,5.6640,0.1685,2.8238,3.9956,2.1441,2.8238,2.2412

676.2940,0.1684,-0.2022,3.5643,5.4170,-0.2637,3.0707,3.5017,2.0309,3.0707,2.1795

677.2930,-0.4489,0.0447,3.5025,5.3553,-0.1402,2.9473,3.8104,2.0206,2.9473,2.1530

678.2930,0.0450,0.1065,3.1938,5.5405,-0.0167,2.9473,3.6869,2.0927,2.9473,2.2147

679.2930,0.1684,0.0447,3.1321,5.7257,0.2302,3.0090,4.9835,2.3808,3.0090,2.4705

680.2930,-0.0168,-0.0788,2.8851,5.4788,-0.2020,2.8238,3.8104,1.9795,2.8238,2.1001

681.2940,0.0450,0.2917,3.1321,6.0961,0.0450,3.3794,3.6869,2.2161,3.3794,2.3823

682.2930,0.1684,0.0447,3.3173,5.4170,0.0450,2.8855,4.1808,2.1956,2.8855,2.2941

683.2940,-0.1402,-0.0170,3.0704,5.6640,-0.1402,3.0707,3.6252,2.0103,3.0707,2.1618

684.2930,-0.3254,-0.3257,3.3791,6.2196,0.1067,2.7003,3.7487,2.1338,2.7003,2.2148

685.2930,-0.0168,0.1682,2.7617,5.6640,-0.1402,2.8238,4.0574,2.0824,2.8238,2.1883

686.2930,-0.0168,0.0447,3.0704,5.4788,-0.1402,2.8855,2.8843,1.8869,2.8855,2.0295

687.2930,-0.0785,0.4151,3.0086,5.6022,-0.1402,2.9473,3.8104,2.1029,2.9473,2.2236

688.2930,-0.1402,0.1065,3.3791,5.8492,0.4155,2.7621,4.3043,2.3190,2.7621,2.3823

689.2930,0.2919,-0.0788,3.1938,5.4788,-0.0785,2.8238,3.6869,2.0824,2.8238,2.1883

690.2930,0.0450,0.1682,3.5643,5.8492,-0.1402,2.9473,3.6252,2.1853,2.9473,2.2941

691.2930,0.1067,0.0447,3.1938,4.8614,-0.3255,3.2560,3.6252,1.9177,3.2560,2.1089

692.2930,-0.3871,-0.3874,3.1938,5.7874,-0.0785,3.8733,4.0574,2.0309,3.8733,2.2941

693.2940,0.1067,-0.1405,2.2677,5.7874,-0.2637,2.8855,3.9339,1.9486,2.8855,2.0824

694.2930,-0.0168,0.4769,3.1321,5.7257,-0.0167,2.8855,3.8721,2.1956,2.8855,2.2941

695.2930,-0.0785,0.2917,3.3791,5.6022,-0.0167,2.8855,4.0574,2.2058,2.8855,2.3029

696.2940,0.1684,-0.3874,3.6260,5.1701,-0.1402,2.7003,3.9956,2.0721,2.7003,2.1618

697.2930,0.1067,-0.2022,3.2556,5.4788,0.0450,2.9473,4.3043,2.1647,2.9473,2.2765

698.2940,0.6622,-0.1405,3.9347,5.6640,0.3537,3.0090,3.8721,2.3910,3.0090,2.4793

699.2930,-0.3254,0.0447,3.3173,5.8492,-0.0167,3.1325,3.9956,2.1441,3.1325,2.2853

700.2930,0.1067,-0.2022,3.4408,5.6022,-0.1402,3.1325,3.8104,2.1029,3.1325,2.2500

701.2940,-0.0785,0.4151,3.3173,5.7874,-0.0167,3.1942,3.8104,2.2058,3.1942,2.3470

702.2930,0.0450,0.1682,3.3173,5.2936,0.2920,2.9473,4.2426,2.2264,2.9473,2.3294

703.2930,0.1067,0.1065,3.3173,5.3553,-0.1402,3.1325,3.6869,2.0721,3.1325,2.2236

704.2930,0.5388,0.0447,3.5025,5.9109,-0.0785,2.8238,3.9956,2.3190,2.8238,2.3911

705.2940,0.1067,0.1682,3.7495,5.1701,-0.1402,2.7621,3.5634,2.1029,2.7621,2.1971

706.2930,0.0450,-0.0788,3.7495,5.7257,0.0450,3.3177,3.8721,2.2264,3.3177,2.3823

707.2930,-0.1402,-0.2022,3.3791,4.9849,0.1067,2.8855,4.1808,2.0515,2.8855,2.1707

708.2940,0.1684,0.0447,3.3791,5.8492,0.0450,2.8855,3.5017,2.1647,2.8855,2.2677

709.2930,0.0450,-0.0170,3.9347,5.2936,0.1685,2.8238,4.1191,2.2573,2.8238,2.3382

710.2930,0.0450,0.1065,3.5643,5.2318,0.0450,2.8238,3.8721,2.1441,2.8238,2.2412

711.2930,0.9709,-0.1405,3.8730,5.4788,0.3537,3.0090,4.3043,2.4734,3.0090,2.5499

712.2930,-0.2637,-0.2640,3.9965,4.8614,-0.0167,2.7621,3.9339,2.0412,2.7621,2.1442

713.2930,0.1684,0.1065,3.6878,5.9109,0.5389,2.8855,3.9956,2.4014,2.8855,2.4705

714.2930,0.0450,0.1065,3.6878,5.2936,0.1067,2.9473,3.6252,2.1441,2.9473,2.2588

715.2930,0.3536,0.1065,4.2434,5.9726,0.0450,2.7621,4.1808,2.4837,2.7621,2.5234

716.2930,-0.0785,0.3534,3.8730,5.3553,-0.2637,2.8855,4.7365,2.3293,2.8855,2.4088

717.2930,-0.1402,-0.2022,3.1938,6.0344,0.1067,2.6386,3.6252,2.1029,2.6386,2.1795

718.2930,0.1067,0.2299,3.6260,5.7874,0.1067,3.0090,3.6869,2.2573,3.0090,2.3647

719.2930,-0.0785,0.2917,3.5025,5.2318,0.1685,2.8855,3.0078,2.0206,2.8855,2.1442

720.2930,0.2919,-0.2022,3.8112,5.6022,0.2302,2.7003,4.1191,2.3087,2.7003,2.3647

721.2930,0.0450,0.7856,3.6260,6.2196,0.0450,2.8238,3.7487,2.4116,2.8238,2.4705

722.2930,0.2302,-0.0170,4.6139,5.9109,-0.0167,2.9473,4.4278,2.5248,2.9473,2.5852

723.2940,0.1067,0.5386,3.7495,5.5405,0.1067,2.9473,3.9339,2.3293,2.9473,2.4176

724.2930,0.3536,-0.0170,3.6260,5.4170,0.2302,2.7003,4.1808,2.2985,2.7003,2.3559

725.2940,0.1067,-0.1405,3.3173,5.4170,-0.0785,2.8855,3.9339,2.0927,2.8855,2.2059

726.2940,0.1684,0.2917,3.8112,5.4170,0.3537,2.7003,3.8721,2.3190,2.7003,2.3735

727.2940,0.2919,-0.3257,3.7495,5.3553,0.0450,2.5151,3.9956,2.1853,2.5151,2.2324

728.2940,-0.0168,0.4769,3.3173,5.7257,-0.0785,2.8855,3.7487,2.1956,2.8855,2.2941

729.2930,-0.0168,-0.2022,3.9347,5.6640,-0.3872,2.7003,3.9339,2.1544,2.7003,2.2324

730.2930,0.1684,-0.3874,3.4408,5.1701,0.0450,1.6508,4.1191,2.0927,1.6508,2.0295

731.2930,-0.2019,1.4029,3.9347,5.9109,0.1067,3.0090,3.9339,2.5145,3.0090,2.5852

732.2930,-0.2019,-0.0788,3.8730,5.4170,-0.1402,2.5151,3.8721,2.1235,2.5151,2.1795

733.2930,0.1067,-0.2640,3.6878,6.5283,0.3537,2.8238,4.3043,2.4528,2.8238,2.5058

734.2930,-0.1402,0.3534,3.3173,5.6640,0.2920,2.7621,3.9956,2.2470,2.7621,2.3206

735.2930,0.6005,-0.3874,3.8730,5.5405,0.5389,2.9473,4.1191,2.3808,2.9473,2.4617

736.2930,-0.0168,0.2917,3.5025,5.3553,-0.3872,3.0707,3.9339,2.1132,3.0707,2.2500

737.2930,-0.2637,0.6621,3.8112,5.4170,0.2920,2.7003,3.8721,2.2985,2.7003,2.3559

738.2940,0.2302,-0.0788,4.0582,5.9726,0.2920,1.6508,4.3043,2.4631,1.6508,2.3471

739.2930,-0.4489,0.1065,4.2434,5.6022,0.0450,2.9473,3.9339,2.2470,2.9473,2.3471

740.2930,-0.2019,-0.1405,3.8112,5.9109,0.2302,2.7621,4.1191,2.2882,2.7621,2.3559

741.2930,-0.6340,0.2917,3.5025,5.8492,-0.1402,3.3794,3.8104,2.1133,3.3794,2.2941

742.2930,-0.0785,-0.0788,3.5025,5.6640,-0.1402,3.0707,3.8721,2.1235,3.0707,2.2588

743.2940,-0.2019,0.3534,3.5643,5.6022,0.2302,2.7621,3.9339,2.2470,2.7621,2.3206

744.2930,-0.1402,-0.0788,3.1321,5.7257,-0.0167,3.1325,3.8721,2.0824,3.1325,2.2324

745.2930,0.0450,0.4151,3.7495,6.0961,0.0450,3.1325,3.9956,2.3911,3.1325,2.4970

746.2940,0.4771,-0.8196,3.5025,4.6762,0.2920,2.3917,3.7487,1.9795,2.3917,2.0384

747.2930,0.1684,-0.1405,3.6260,5.7257,-0.1402,2.7003,3.8721,2.1853,2.7003,2.2588

748.2940,-0.2019,-0.0788,3.0086,5.1701,-0.0785,2.6386,3.5634,1.8972,2.6386,2.0031

749.2930,0.1684,0.4769,3.8730,5.9726,0.1067,3.1942,3.8721,2.4116,3.1942,2.5234

750.2930,-0.0785,-0.0788,3.3791,5.2318,0.0450,2.8855,4.7983,2.2161,2.8855,2.3118

751.2930,-0.0168,-0.2022,3.5025,5.3553,0.0450,2.9473,4.3661,2.1750,2.9473,2.2853

752.2940,0.1067,-0.4492,3.3173,5.6640,-0.2637,3.0707,3.9339,2.0515,3.0707,2.1971

753.2930,0.0450,0.0447,3.8112,5.6022,0.2920,2.8855,4.2426,2.3396,2.8855,2.4176

754.2930,0.3536,0.7856,3.8730,6.2196,0.0450,3.5029,3.3782,2.4425,3.5029,2.5940

755.2930,0.3536,-0.3257,3.4408,5.5405,-0.0785,3.2560,3.8721,2.1338,3.2560,2.2941

756.2930,0.0450,-0.2022,3.6878,5.6640,-0.3255,2.8855,3.6869,2.0927,2.8855,2.2059

757.2930,-0.0785,0.2917,3.3791,5.6022,-0.0785,3.0090,3.6252,2.1235,3.0090,2.2500

758.2930,-0.0785,-0.0788,4.3052,5.4788,-0.0785,3.6881,4.0574,2.2676,3.6881,2.4705

759.2930,-0.0785,0.2299,3.2556,5.4170,-0.0785,2.7621,3.8104,2.0927,2.7621,2.1883

760.2930,-0.0785,-0.0788,3.7495,5.7257,0.1685,2.7621,4.1808,2.2779,2.7621,2.3471

761.2930,-0.0785,-0.6961,3.6260,5.8492,-0.0167,3.1325,3.8721,2.0927,3.1325,2.2412

762.2930,-0.0785,0.0447,3.4408,5.6022,0.1067,2.8238,4.1808,2.2161,2.8238,2.3029

763.2930,0.1684,0.0447,3.5025,5.4170,0.1685,3.1325,4.3043,2.2676,3.1325,2.3911

764.2930,-0.2019,0.0447,4.0582,5.9726,-0.0167,2.9473,3.6252,2.2470,2.9473,2.3470

765.2940,-0.0168,0.2299,2.3912,6.3430,-0.3872,2.8855,3.8104,2.0618,2.8855,2.1795

766.2930,-0.0168,-0.1405,4.0582,5.7257,-0.1402,3.4412,4.1191,2.2676,3.4412,2.4352

767.2930,0.2302,1.0325,4.0582,6.1578,0.3537,3.0090,4.0574,2.6483,3.0090,2.6998

768.2940,0.4771,-0.1405,3.7495,5.2318,-0.0785,2.7621,3.8721,2.1853,2.7621,2.2677

769.2930,0.1684,0.8473,3.7495,5.6022,-0.4489,3.0707,4.2426,2.3602,3.0707,2.4617

770.2930,-0.0168,-0.2022,3.8730,5.5405,-0.5724,3.1942,4.1191,2.1235,3.1942,2.2765

771.2930,0.2302,-0.2022,3.4408,5.6640,0.2302,3.3794,3.3165,2.1132,3.3794,2.2941

772.2930,0.1067,-0.0788,3.5025,5.4788,0.2302,2.7003,3.8104,2.1750,2.7003,2.2500

773.2930,-0.0168,0.1682,3.7495,5.7257,-0.0785,3.5646,4.8600,2.4014,3.5646,2.5675

774.2930,0.1067,-0.3257,3.6878,5.9109,0.1067,4.4907,3.7487,2.2058,4.4907,2.5322

775.2930,-0.4489,-0.0788,3.3173,6.9604,-0.1402,3.3794,4.0574,2.2779,3.3794,2.4352

776.2930,0.4771,-0.0788,4.4904,6.0961,0.3537,3.1325,4.0574,2.5660,3.1325,2.6469

777.2930,0.1067,0.5386,3.5643,5.8492,-0.1402,2.7003,3.6252,2.2573,2.7003,2.3206

778.2940,0.0450,-0.0170,3.5643,5.4788,0.6007,2.6386,4.7365,2.4014,2.6386,2.4353

779.2930,-0.0785,0.2299,3.3173,5.8492,-0.2637,2.8238,3.8104,2.1441,2.8238,2.2412

780.2940,-0.0168,-0.0788,4.1199,5.6022,0.9711,2.8238,4.4278,2.5043,2.8238,2.5499

781.2930,0.1067,-0.1405,3.9965,5.7874,0.2920,3.0707,4.3043,2.3911,3.0707,2.4882

782.2940,0.5388,-0.0170,3.8730,5.1701,0.2920,2.6386,4.0574,2.3190,2.6386,2.3647

783.2930,0.1067,0.7856,3.9347,6.2196,-0.0785,2.6386,3.9339,2.4837,2.6386,2.5058

784.2930,-0.5723,-0.3257,3.3791,5.7257,-0.0785,3.5646,3.9956,2.0206,3.5646,2.2412

785.2930,-0.1402,-0.5109,3.6878,5.2936,0.2920,2.5769,4.4278,2.1750,2.5769,2.2324

786.2930,-0.2019,0.1682,3.3791,5.4788,-0.0785,3.0090,3.6252,2.0618,3.0090,2.1971

787.2930,-0.0168,-0.0170,3.8730,5.4788,0.0450,2.4534,3.8104,2.1956,2.4534,2.2324

788.2930,0.6622,-0.7579,3.8730,5.6640,0.3537,2.7621,5.1687,2.4940,2.7621,2.5323

789.2940,0.0450,-0.1405,3.7495,5.7874,-0.0167,2.9473,3.8721,2.2161,2.9473,2.3206

790.2930,-0.0168,-0.0788,3.8730,5.7874,0.1685,2.7003,3.9339,2.2779,2.7003,2.3382

791.2930,0.0450,0.0447,3.6260,5.4788,0.1067,2.5151,3.8104,2.1853,2.5151,2.2324

792.2930,-0.2637,0.1682,3.5643,5.9726,-0.1402,3.1942,4.5513,2.3087,3.1942,2.4352

793.2940,-0.1402,-0.3257,3.6878,5.4788,-0.0167,2.7003,3.8721,2.0927,2.7003,2.1795

794.2930,0.7857,0.0447,4.4286,5.7257,0.6007,2.9473,4.3661,2.6586,2.9473,2.6998

795.2940,-0.3254,0.1065,3.5643,5.5405,-0.0785,2.7621,3.9339,2.1235,2.7621,2.2148

796.2930,-0.1402,0.0447,3.5025,5.9726,-0.0167,3.0090,3.8721,2.2058,3.0090,2.3206

797.2930,0.0450,-0.1405,3.4408,5.6640,-0.0167,2.8855,3.8721,2.1441,2.8855,2.2500

798.2930,-0.0168,0.0447,3.1321,5.4170,0.2302,2.7621,3.9956,2.1338,2.7621,2.2236

799.2940,-0.2019,-0.0170,3.5643,6.3430,0.1067,2.8238,3.9956,2.2985,2.8238,2.3735

800.2930,-0.6340,0.2917,3.3791,5.4788,0.5389,2.7621,4.1808,2.2059,2.7621,2.2853

801.2930,-0.0168,-0.1405,4.5521,6.2196,0.0450,3.1325,3.9339,2.4322,3.1325,2.5323

802.2930,0.3536,0.3534,4.0582,5.2936,0.4772,3.0090,4.1191,2.4425,3.0090,2.5234

803.2930,-0.2019,-0.0170,3.9965,5.9726,-0.2637,2.7621,4.5513,2.3396,2.7621,2.4000

804.2940,0.1684,-0.0788,3.4408,5.6022,-0.6342,3.2560,4.1808,2.1132,3.2560,2.2765

805.2930,0.2302,0.4151,3.0704,6.1578,0.2920,3.1942,3.9339,2.3499,3.1942,2.4705

806.2930,0.0450,-0.4492,3.6878,6.0961,0.2920,2.9473,3.6869,2.2264,2.9473,2.3294

807.2940,0.2302,-0.0788,3.5025,5.4170,-1.1281,3.3794,3.6869,1.9383,3.3794,2.1442

808.2930,-0.0168,-0.2640,3.8730,6.0961,-0.0167,2.6386,3.9339,2.2676,2.6386,2.3206

809.2930,-0.2019,-0.0170,3.9965,5.8492,-0.0785,2.8238,3.6252,2.1956,2.8238,2.2853

810.2930,0.1067,-0.2022,3.8112,6.3430,0.1685,2.8855,3.5634,2.2984,2.8855,2.3823

811.2930,0.1067,-0.2022,4.0582,6.0961,-0.2020,2.5769,3.9956,2.3087,2.5769,2.3470

812.2940,-0.0785,-0.0788,3.4408,5.6640,-0.0785,2.8855,3.8721,2.1235,2.8855,2.2324

813.2930,0.1067,-0.0170,2.6999,5.9726,0.1685,3.0707,4.1808,2.1853,3.0707,2.3118

814.2940,-0.1402,-0.0788,3.3173,5.6022,0.0450,3.0090,3.7487,2.0824,3.0090,2.2147

815.2930,0.0450,-0.3257,3.5643,5.1701,-0.0167,3.1942,3.7487,2.0309,3.1942,2.1971

816.2930,-0.2019,-0.0788,3.3173,5.4788,0.2302,3.0090,4.1191,2.1441,3.0090,2.2677

817.2930,-0.2637,-0.1405,4.5521,5.9726,-0.1402,2.8238,4.1191,2.3499,2.8238,2.4176

818.2930,0.2919,-0.2640,3.3791,5.7257,0.0450,3.0090,3.8721,2.1750,3.0090,2.2941

819.2930,-0.1402,0.0447,3.6878,5.8492,-0.2020,3.0090,3.8721,2.1853,3.0090,2.3029

820.2930,0.0450,0.3534,3.4408,5.7874,-0.0167,3.0707,3.7487,2.2264,3.0707,2.3470

821.2930,-0.0785,0.1065,3.6878,5.7257,0.0450,3.0090,3.9339,2.2367,3.0090,2.3470

822.2940,-0.2637,0.0447,3.3173,5.7257,-0.3255,2.9473,3.6869,2.0309,2.9473,2.1618

823.2940,-0.0168,0.0447,3.5025,5.3553,-0.0167,2.9473,3.8104,2.1132,2.9473,2.2324

824.2930,0.5388,-1.5604,4.4286,5.8492,0.0450,3.1942,4.1191,2.2367,3.1942,2.3735

825.2930,0.1067,-0.0170,3.8112,5.7257,0.2920,2.8238,4.3043,2.3705,2.8238,2.4352

826.2930,0.3536,-0.0788,4.1817,5.6022,0.2920,2.9473,4.0574,2.4014,2.9473,2.4793

827.2930,0.2919,0.1065,3.9347,5.4170,0.2920,2.7621,3.9956,2.3396,2.7621,2.4000

828.2930,-0.1402,-0.0170,4.2434,5.2936,-0.1402,2.8855,3.8721,2.1853,2.8855,2.2853

829.2930,0.1067,0.1065,3.6878,5.7257,0.0450,3.1942,3.9339,2.2676,3.1942,2.4000

830.2930,0.0450,-0.1405,3.5025,5.6022,0.2920,2.9473,4.3043,2.2676,2.9473,2.3647

831.2930,-0.0785,0.0447,3.1321,5.5405,-0.1402,2.8855,3.9956,2.0824,2.8855,2.1971

832.2940,0.2302,0.0447,3.6878,5.7257,-0.0167,3.0707,3.9956,2.2779,3.0707,2.3911

833.2940,-0.1402,0.1065,3.6260,5.7257,0.3537,3.1942,4.2426,2.3190,3.1942,2.4441

834.2930,0.1684,-0.2640,3.5643,5.7257,0.1067,2.7003,3.8721,2.1956,2.7003,2.2677

835.2930,0.3536,-0.0170,4.0582,5.7874,0.4155,2.9473,4.4278,2.5042,2.9473,2.5675

836.2930,-0.0785,-0.1405,3.1938,5.1701,0.1067,2.8855,3.8721,2.0206,2.8855,2.1442

837.2930,0.2302,-0.2022,3.7495,5.6022,0.1067,3.0090,3.8721,2.2264,3.0090,2.3382

838.2930,0.1067,-0.2022,3.5025,5.4170,0.1067,2.9473,3.9339,2.1441,2.9473,2.2588

839.2930,0.0450,0.1065,3.6878,5.6640,-0.0785,2.8855,4.1191,2.2573,2.8855,2.3470

840.2930,-0.0785,0.3534,3.6878,5.2318,0.2920,3.0090,3.9956,2.2470,3.0090,2.3559

841.2930,0.2302,0.4151,3.4408,5.9726,0.1067,3.2560,3.8104,2.3293,3.2560,2.4617

842.2930,0.0450,0.5386,3.6260,5.9726,-0.1402,3.1325,3.9956,2.3396,3.1325,2.4529

843.2930,-0.0168,0.3534,3.3173,5.7874,0.1067,3.0707,3.9956,2.2573,3.0707,2.3735

844.2930,-0.7575,0.2299,3.6878,6.0961,0.0450,3.2560,4.1808,2.2470,3.2560,2.3912

845.2930,0.1067,0.1065,3.0086,5.4788,-0.2637,3.1325,3.6869,2.0206,3.1325,2.1795

846.2930,0.1684,0.2299,3.6260,5.9109,0.0450,2.9473,3.5634,2.2573,2.9473,2.3559

847.2930,0.1684,0.6621,3.8112,5.7874,0.6007,3.1325,3.8721,2.4837,3.1325,2.5764

848.2930,0.0450,0.5386,3.4408,5.9726,-0.5107,2.7621,3.9339,2.2367,2.7621,2.3118

849.2930,0.1067,0.4769,3.2556,5.3553,0.1067,3.0707,3.8104,2.1853,3.0707,2.3118

850.2930,0.4771,0.1065,3.6878,5.8492,-0.1402,2.8238,3.9956,2.3293,2.8238,2.3999

851.2940,0.6005,-0.0788,3.5025,5.9726,0.2302,2.8238,3.7487,2.3293,2.8238,2.3999

852.2940,-0.0168,0.2917,3.1321,5.4788,0.1067,2.9473,3.8721,2.1441,2.9473,2.2588

853.2930,-0.0168,0.2917,3.2556,4.9231,-0.2020,2.8855,4.5513,2.1338,2.8855,2.2412

854.2930,-0.0785,-0.5726,3.6878,5.8492,0.2302,2.5151,4.1808,2.2161,2.5151,2.2589

855.2930,-0.2019,0.1682,3.6878,5.6640,0.1067,2.8855,4.3043,2.2882,2.8855,2.3735

856.2930,-1.1896,0.4769,3.5025,5.7257,-0.0167,3.0707,3.8721,2.0618,3.0707,2.2060

857.2930,0.4153,0.0447,3.5025,5.7874,0.3537,3.1942,3.3165,2.2367,3.1942,2.3735

858.2930,-1.1279,0.0447,3.3173,6.1578,-0.0785,2.8855,4.4895,2.1338,2.8855,2.2412

859.2930,-0.0785,0.1682,3.5643,5.1701,-0.0785,3.0707,3.6252,2.0618,3.0707,2.2059

860.2930,0.0450,0.0447,3.4408,5.6640,0.2920,3.0707,4.1191,2.2676,3.0707,2.3823

861.2930,0.1067,0.6003,3.4408,5.6640,-0.3255,2.7621,3.7487,2.2058,2.7621,2.2853

862.2930,-0.1402,-0.2022,3.8112,5.7874,-0.8811,3.1942,3.9956,2.0618,3.1942,2.2236

863.2940,0.1067,0.0447,3.3791,5.4788,-0.2020,2.8238,3.5634,2.0618,2.8238,2.1706

864.2940,-0.0785,0.1065,3.3791,5.6022,-0.3255,2.8855,3.8721,2.0927,2.8855,2.2059

865.2930,0.1067,-0.0788,3.9347,5.6640,0.4772,3.0707,4.2426,2.3911,3.0707,2.4882

866.2930,-0.1402,-0.2022,3.2556,5.6022,-0.1402,2.7621,3.8721,2.0412,2.7621,2.1442

867.2930,0.1067,-0.0788,3.8730,5.8492,-0.0785,3.3177,4.1191,2.2985,3.3177,2.4441

868.2930,0.2302,1.2794,4.3669,5.3553,0.1685,3.0707,3.8721,2.5454,3.0707,2.6205

869.2930,-0.5106,0.1682,4.2434,5.9726,0.1685,2.7621,4.1191,2.3602,2.7621,2.4176

870.2930,-0.1402,0.0447,3.4408,5.6022,0.4155,2.8238,4.3043,2.2779,2.8238,2.3559

871.2930,0.3536,-0.0788,3.9965,6.4048,-0.6959,3.0090,3.8104,2.2984,3.0090,2.3999

872.2940,-0.0168,0.2299,3.3173,5.5405,-0.0167,3.2560,3.8104,2.1441,3.2560,2.3029

873.2930,0.1684,0.4151,3.7495,6.0961,0.1685,2.9473,4.0574,2.4425,2.9473,2.5146

874.2930,-0.0785,0.0447,3.5643,5.0466,0.4155,2.9473,3.9339,2.1544,2.9473,2.2677

875.2930,-0.0785,0.4151,3.2556,5.9726,-0.0785,2.9473,3.9956,2.2470,2.9473,2.3470

876.2940,0.2302,-0.0788,3.8730,5.5405,-0.0785,2.8238,4.1191,2.2676,2.8238,2.3470

877.2930,0.0450,-0.1405,3.2556,4.8614,-1.0046,2.0830,3.8721,1.8148,2.0830,1.8531

878.2930,-0.2019,-0.0788,3.3791,5.5405,1.1564,2.6386,3.7487,2.2573,2.6386,2.3118

879.2940,0.2919,0.0447,3.5643,6.0344,-0.0785,3.1942,3.9956,2.3087,3.1942,2.4352

880.2930,-0.2637,0.2917,3.5025,5.8492,0.0450,2.7621,4.1191,2.2573,2.7621,2.3294

881.2930,-0.0785,0.2917,3.5025,5.5405,0.0450,2.6386,3.8721,2.1956,2.6386,2.2588

882.2930,-0.1402,0.1065,3.1321,6.4665,-0.2020,3.1325,3.8721,2.2058,3.1325,2.3382

883.2930,-0.3254,0.9090,3.0704,5.6640,-0.2637,3.0707,3.6869,2.1235,3.0707,2.2588

884.2930,-0.1402,-0.1405,3.6260,5.8492,0.1685,3.1325,4.2426,2.2676,3.1325,2.3911

885.2930,0.6622,0.3534,3.5025,5.2936,0.3537,3.0090,3.6252,2.2984,3.0090,2.3999

886.2930,0.1067,0.4769,4.3052,5.7257,0.6624,2.5151,4.0574,2.5557,2.5151,2.5499

887.2930,0.1067,0.1065,3.8730,5.6022,0.0450,2.5151,4.1808,2.3190,2.5151,2.3470

888.2930,0.1067,0.2299,3.5643,5.1084,-0.0785,2.8238,3.8104,2.1235,2.8238,2.2236

889.2940,0.4771,0.1065,3.0086,6.0344,0.3537,3.1325,3.6252,2.2676,3.1325,2.3911

890.2930,-0.1402,-0.5726,3.5025,5.7874,-0.1402,2.7621,3.8721,2.0515,2.7621,2.1530

891.2930,0.0450,0.2917,3.5025,5.3553,0.1685,2.9473,3.8104,2.1956,2.9473,2.3029

892.2930,0.0450,0.0447,3.7495,5.7257,-0.0167,2.9473,3.8721,2.2367,2.9473,2.3382

893.2940,-0.5723,0.6621,3.1321,5.1084,-0.2637,3.2560,3.6252,1.9486,3.2560,2.1354

894.2940,0.5388,0.1065,3.9347,5.8492,0.0450,2.4534,4.1191,2.4322,2.4534,2.4352

895.2930,0.1067,-0.0170,3.6260,5.4170,0.1067,2.7621,3.6869,2.1544,2.7621,2.2412

896.2930,0.0450,-0.3874,3.6260,5.8492,-0.0785,2.6386,4.0574,2.1853,2.6386,2.2500

897.2930,-0.2637,0.4769,3.1321,5.5405,0.6624,2.8855,3.8104,2.2264,2.8855,2.3206

898.2930,0.1067,0.1682,3.6260,5.6640,0.1067,3.1942,4.3043,2.3293,3.1942,2.4529

899.2930,-0.2019,-0.2022,3.5025,5.4170,-0.0167,2.7003,3.8721,2.0618,2.7003,2.1530

900.2930,-0.1402,0.4151,3.0086,5.6640,0.1685,2.8855,4.1191,2.2058,2.8855,2.3029

901.2930,0.2302,-0.0170,3.8730,5.7257,-0.0167,2.8855,4.1191,2.3190,2.8855,2.4000

902.2930,0.1067,0.3534,3.3173,5.7257,-0.0785,3.0707,3.9956,2.2367,3.0707,2.3559

903.2940,-0.0168,0.4769,3.7495,6.0961,0.1685,3.0090,4.4895,2.4940,3.0090,2.5675

904.2930,0.4153,-0.0788,3.5643,5.1701,-0.0785,2.8855,4.3661,2.2264,2.8855,2.3206

905.2930,0.2919,-0.2022,3.3173,5.9726,0.2302,2.5769,4.0574,2.2779,2.5769,2.3206

906.2930,-0.1402,0.4151,3.4408,5.6022,0.8477,3.0090,3.8721,2.3396,3.0090,2.4353

907.2930,-0.1402,0.0447,3.3173,5.8492,0.1685,2.5769,3.8721,2.1853,2.5769,2.2412

908.2940,0.2302,0.4151,3.8112,5.9726,-0.1402,2.8238,3.9339,2.3705,2.8238,2.4352

909.2940,-0.0785,0.1065,2.8234,5.2936,-0.2020,3.0707,3.6869,1.9383,3.0707,2.1001

910.2930,0.7857,0.2917,3.8112,6.1578,-0.2637,3.1325,3.9956,2.4631,3.1325,2.5587

911.2930,0.2302,-0.0788,3.4408,5.6640,-0.1402,2.7621,4.2426,2.2264,2.7621,2.3029

912.2930,-0.0785,0.2917,3.5643,5.9109,0.1685,3.0090,4.0574,2.3190,3.0090,2.4176

913.2930,0.1067,0.1682,3.3791,5.5405,-0.2637,2.8855,3.7487,2.1132,2.8855,2.2236

914.2930,0.0450,0.0447,3.5643,5.4788,-0.1402,2.9473,3.3165,2.0515,2.9473,2.1795

915.2930,0.2302,-0.0170,4.7373,5.7874,-0.0785,2.7621,4.0574,2.4528,2.7621,2.4970

916.2930,-0.0168,-0.1405,3.1938,5.6022,-0.0167,3.0090,3.8104,2.0721,3.0090,2.2059

917.2930,0.0450,0.1065,3.5025,6.1578,-0.0167,3.1942,4.0574,2.3087,3.1942,2.4352

918.2930,0.1067,-0.0170,3.8112,5.6022,0.4155,2.9473,4.2426,2.3602,2.9473,2.4441

919.2930,-0.1402,0.1065,3.3173,5.6022,-0.2637,2.8855,3.8104,2.0721,2.8855,2.1883

920.2930,0.4771,-0.0170,3.9347,5.6022,0.3537,3.0707,3.9956,2.3911,3.0707,2.4882

921.2930,0.0450,0.0447,4.0582,5.6640,0.2920,3.9350,4.4895,2.4322,3.9350,2.6469

922.2930,0.0450,-0.0788,3.3791,5.5405,0.1685,3.1942,3.8721,2.1544,3.1942,2.3029

923.2940,-0.0785,-0.0788,3.5643,5.6022,0.0450,3.1325,4.0574,2.1853,3.1325,2.3206

924.2930,-0.1402,-0.3257,3.8112,4.9231,0.0450,2.5769,4.0574,2.0618,2.5769,2.1354

925.2930,0.1067,0.0447,3.9347,5.7874,0.2302,3.0090,3.9956,2.3499,3.0090,2.4441

926.2930,0.2302,-0.0788,4.2434,5.7257,0.4155,2.8855,4.3661,2.4837,2.8855,2.5411

927.2930,0.9709,0.1682,4.1817,5.4170,0.0450,2.9473,3.5634,2.3910,2.9473,2.4705

928.2930,-0.5106,0.1065,3.2556,5.7257,-0.2637,2.9473,3.6869,2.0001,2.9473,2.1354

929.2930,-0.0785,-0.1405,3.3173,5.6640,0.0450,2.8238,4.1191,2.1544,2.8238,2.2500

930.2930,-0.0785,0.0447,3.6878,5.9726,-0.0167,2.7621,4.2426,2.3087,2.7621,2.3735

931.2930,-0.1402,-0.0170,4.1199,5.8492,-0.0785,2.3299,3.8721,2.2676,2.3299,2.2765

932.2940,-1.3130,-0.6344,4.1817,5.1701,0.2302,3.0707,4.4895,2.0207,3.0707,2.1707

933.2930,-0.2019,-0.0788,3.2556,5.7257,0.1067,2.6386,3.8721,2.1132,2.6386,2.1883

934.2930,-0.1402,-0.2640,3.8730,5.6022,-0.6342,3.3177,4.1191,2.0927,3.3177,2.2677

935.2930,0.1684,0.1065,3.8112,5.7874,0.1685,3.3794,3.7487,2.2984,3.3794,2.4529

936.2930,-0.0785,-0.2640,3.0086,6.0961,0.0450,2.6386,3.8721,2.1132,2.6386,2.1883

937.2930,0.0450,-0.0788,3.8112,5.7874,0.1685,3.1325,4.4278,2.3602,3.1325,2.4705

938.2930,-0.2019,0.0447,3.0086,5.4788,-0.2637,3.1942,3.6252,1.9486,3.1942,2.1265

939.2930,-0.0785,0.2917,4.3669,5.8492,-0.0167,2.6386,4.3043,2.4528,2.6386,2.4793

940.2940,0.0450,0.0447,3.5643,5.6022,2.2677,2.5769,4.3043,2.6380,2.5769,2.6293

941.2930,-0.2019,-0.3874,3.6878,5.2936,0.2920,2.6386,3.9956,2.1133,2.6386,2.1883

942.2930,-0.5723,-0.0788,3.5643,5.9109,0.0450,2.7621,3.8104,2.1133,2.7621,2.2059

943.2930,0.1067,-0.1405,3.3791,5.5405,-0.0785,2.8238,3.9956,2.1338,2.8238,2.2324

944.2930,-0.1402,-0.0170,3.4408,5.9726,-0.1402,2.8238,4.4895,2.2676,2.8238,2.3470

945.2930,0.1067,-0.1405,3.1938,5.0466,0.1067,3.1942,3.7487,2.0103,3.1942,2.1795

946.2930,-0.0785,1.0325,3.6260,5.7257,0.0450,3.0090,3.8104,2.3602,3.0090,2.4529

947.2940,0.0450,-0.2022,3.5025,5.4170,-0.0167,3.1942,4.0574,2.1338,3.1942,2.2853

948.2930,-0.0785,-0.0788,3.6878,5.3553,0.1067,2.9473,3.8721,2.1441,2.9473,2.2589

949.2930,-0.0785,0.1065,3.6260,5.7874,-0.0167,2.8855,4.0574,2.2470,2.8855,2.3382

950.2930,0.1067,-0.1405,3.7495,5.5405,0.6007,3.4412,3.5634,2.2367,3.4412,2.4088

951.2930,0.2302,0.0447,3.7495,5.9109,0.1685,2.9473,4.3043,2.4013,2.9473,2.4793

952.2930,0.3536,0.2917,3.3791,5.6640,-0.0785,3.0707,3.8104,2.2367,3.0707,2.3559

953.2930,-0.0785,0.1682,3.4408,5.8492,-0.0785,2.7621,3.9339,2.2058,2.7621,2.2853

954.2930,-0.2637,0.0447,3.5025,5.7874,-0.1402,3.8733,4.3043,2.2059,3.8733,2.4441

955.2930,-0.0168,0.2299,3.5643,5.9109,-0.0785,2.9473,4.1808,2.2985,2.9473,2.3911

956.2930,0.4771,0.1682,4.2434,4.6145,0.5389,3.0707,3.9956,2.3396,3.0707,2.4441

957.2930,0.1067,0.1682,3.4408,5.6640,-0.2020,2.8238,3.6869,2.1441,2.8238,2.2412

958.2930,-0.0785,0.3534,3.4408,6.0344,-0.0785,2.8855,3.9339,2.2676,2.8855,2.3559

959.2930,-0.2637,0.1682,3.4408,6.6517,0.0450,3.3794,4.1191,2.3602,3.3794,2.5058

960.2930,-0.3871,-0.0788,3.1938,5.7257,-0.1402,3.1325,4.1808,2.0824,3.1325,2.2324

961.2930,0.1067,-0.0170,3.6260,5.4170,0.6624,3.0707,4.6748,2.4117,3.0707,2.5058

962.2930,-0.2019,-0.0170,3.3173,5.8492,-0.3872,2.8855,3.9339,2.0824,2.8855,2.1971

963.2940,0.2302,-0.1405,3.8730,5.6022,0.0450,2.8238,4.0574,2.2779,2.8238,2.3559

964.2930,0.0450,-0.0170,3.6878,5.7874,0.0450,2.9473,4.2426,2.2985,2.9473,2.3911

965.2930,-0.3871,0.1065,1.9590,5.7257,-0.4489,2.9473,3.8104,1.7943,2.9473,1.9590

966.2930,0.0450,-0.0170,3.3791,5.8492,-0.3255,2.9473,3.6252,2.0926,2.9473,2.2147

967.2930,0.7857,0.1682,4.6139,5.8492,0.9711,3.0707,4.3661,2.7924,3.0707,2.8321

968.2930,1.6499,0.2299,3.8112,5.4788,1.0329,3.0707,4.7983,2.8335,3.0707,2.8674

969.2940,0.1067,-0.3874,3.9965,5.6640,0.1685,2.6386,4.1808,2.2882,2.6386,2.3382

970.2930,0.3536,-0.0788,3.8730,5.4170,0.3537,2.7003,3.9956,2.3190,2.7003,2.3735

971.2930,0.0450,0.2917,3.8730,5.9109,0.0450,3.1325,4.1808,2.3911,3.1325,2.4970

972.2930,-0.0168,-0.0788,3.1321,5.7257,-0.2020,3.1942,3.8721,2.0721,3.1942,2.2324

973.2930,-0.1402,0.6621,3.4408,5.4170,0.4155,3.1325,3.8721,2.2779,3.1325,2.4000

974.2940,-0.0785,0.2299,2.9469,5.8492,-0.2020,3.3177,4.0574,2.1338,3.3177,2.3029

975.2930,-0.0168,0.3534,3.5643,6.0344,0.1685,3.0707,4.1191,2.3705,3.0707,2.4705

976.2930,0.1684,-0.0788,3.9965,5.9109,0.2920,3.0090,3.7487,2.3396,3.0090,2.4352

977.2930,0.1067,-0.1405,3.3173,5.7257,-0.0785,3.0090,3.8721,2.1338,3.0090,2.2588

978.2930,0.2919,0.2917,3.8730,5.6640,0.4772,3.0090,4.3661,2.4940,3.0090,2.5675

979.2930,0.2919,0.0447,3.3791,5.6022,-0.0785,3.0707,3.8104,2.1750,3.0707,2.3029

980.2930,-0.1402,-0.2022,3.5643,5.8492,-0.0785,3.0090,3.8721,2.1441,3.0090,2.2677

981.2940,0.1684,-0.1405,3.7495,5.2318,0.1067,2.8855,4.3661,2.2470,2.8855,2.3382

982.2930,0.0450,-0.5109,3.4408,5.7257,0.0450,2.5769,4.1191,2.1441,2.5769,2.2059

983.2930,0.5388,0.2299,3.0704,6.1578,-0.2637,2.9473,4.3043,2.3396,2.9473,2.4264

984.2930,0.3536,-0.3257,3.6878,5.8492,0.4155,2.7003,3.8104,2.2984,2.7003,2.3559

985.2930,0.0450,-0.2022,3.5643,5.6640,0.1067,2.8855,3.9339,2.1853,2.8855,2.2853

986.2930,0.0450,0.1682,3.8730,5.1084,-0.1402,2.8855,4.0574,2.1853,2.8855,2.2853

987.2930,-0.3871,0.3534,3.8112,6.0961,0.6007,2.7621,4.1808,2.4425,2.7621,2.4882

988.2930,0.1067,-0.0170,4.0582,4.7379,0.4155,2.8855,4.8600,2.3602,2.8855,2.4353

989.2930,0.1067,-0.1405,3.9347,5.9109,0.3537,2.7003,3.9339,2.3499,2.7003,2.4000

990.2930,0.1684,0.0447,3.8112,6.0344,-0.0167,2.8855,4.4278,2.4116,2.8855,2.4793

991.2930,-0.0785,0.6003,3.7495,5.5405,-0.2020,3.0707,4.1191,2.2882,3.0707,2.4000

992.2930,-0.6958,0.3534,3.3173,5.2318,-0.0167,3.2560,3.6252,1.9692,3.2560,2.1530

993.2940,-0.0168,-0.2022,3.4408,5.2318,-0.1402,3.0707,3.5017,1.9692,3.0707,2.1265

994.2930,-0.4489,0.1065,3.5643,6.3430,0.1067,3.0707,4.4895,2.3602,3.0707,2.4617

995.2930,-0.0785,-0.0170,3.5643,5.6640,-0.0785,3.1942,3.8721,2.1544,3.1942,2.3029

996.2940,-0.0785,-0.0170,4.6139,6.2813,-0.5107,2.4534,3.8104,2.3499,2.4534,2.3647

997.2940,0.2302,0.1065,3.9347,5.5405,0.2302,2.8238,4.1808,2.3705,2.8238,2.4352

998.2930,-0.0168,-0.1405,3.3791,5.2318,-0.0167,2.5769,3.9339,2.0618,2.5769,2.1354

999.2940,0.0450,1.3412,3.7495,5.5405,0.0450,3.0090,4.0574,2.4631,3.0090,2.5411

1000.2930,-0.0168,-0.2640,3.3791,5.4170,0.0450,2.7621,4.3043,2.1441,2.7621,2.2324

1001.2930,-0.0168,0.2299,3.5643,5.9726,-0.1402,3.2560,4.2426,2.3087,3.2560,2.4441

1002.2930,-0.2637,-0.3257,3.0704,5.4170,-0.0785,3.8733,3.8721,1.9486,3.8733,2.2236

1003.2940,0.1067,-0.0170,2.6382,6.0344,-0.1402,3.0090,3.9339,2.0926,3.0090,2.2236

1004.2930,-0.2019,-0.0788,3.0704,5.2936,0.1067,2.7003,3.9339,2.0206,2.7003,2.1177

1005.2930,0.0450,0.1065,3.3173,5.7874,-0.0167,2.8855,4.0574,2.2161,2.8855,2.3118

1006.2930,-0.0168,-0.0788,3.6260,5.6022,-0.0785,2.8855,3.9339,2.1647,2.8855,2.2677

1007.2930,-0.0785,0.2299,3.0086,5.3553,0.2920,2.5769,3.6869,2.0824,2.5769,2.1530

1008.2930,0.0450,0.0447,3.8730,5.9109,-0.6342,2.9473,4.3043,2.2573,2.9473,2.3559

1009.2930,-0.3254,0.1065,3.3173,5.9109,-0.0785,3.4412,3.9339,2.1441,3.4412,2.3294

1010.2930,0.1067,0.0447,4.0582,5.9109,0.2302,3.1325,4.2426,2.4322,3.1325,2.5323

1011.2940,-0.0168,0.6621,3.5643,5.5405,0.3537,3.3177,3.8721,2.3293,3.3177,2.4705

1012.2930,-0.0168,-0.2640,3.7495,5.6022,0.6007,2.5769,4.2426,2.3190,2.5769,2.3559

1013.2930,0.2919,-0.0170,4.3669,5.8492,0.3537,2.9473,4.2426,2.5145,2.9473,2.5764

1014.2930,0.1067,0.1682,3.8112,5.5405,0.0450,2.8855,3.9956,2.2779,2.8855,2.3647

1015.2940,0.6622,-0.5726,3.8112,5.7257,0.2302,3.0707,4.9217,2.4631,3.0707,2.5499

1016.2930,-0.2019,0.1065,2.9469,5.5405,-0.2020,2.8855,3.7487,1.9898,2.8855,2.1177

1017.2930,-0.0168,-0.0170,3.7495,5.5405,0.0450,3.0090,3.8104,2.1853,3.0090,2.3029

1018.2930,-0.0168,-0.0788,3.4408,5.6022,-0.0785,2.7621,3.9339,2.1338,2.7621,2.2236

1019.2930,0.6005,0.1065,3.5643,5.7257,0.7859,2.9473,4.6748,2.5763,2.9473,2.6293

1020.2930,0.1067,-0.0170,3.3791,5.2936,-0.0167,2.9473,3.8721,2.1029,2.9473,2.2236

1021.2930,0.2302,-0.3257,3.4408,5.6022,0.1685,3.1325,3.8721,2.1647,3.1325,2.3029

1022.2940,0.0450,-0.2022,4.1817,6.1578,0.1067,2.7621,4.1808,2.4116,2.7621,2.4617

1023.2930,0.2919,-0.6961,3.4408,5.3553,0.2302,3.2560,3.8721,2.0824,3.2560,2.2500

1024.2940,0.0450,0.2299,3.7495,5.6640,0.1685,2.7621,3.9339,2.2985,2.7621,2.3647

1025.2930,0.2302,-0.0170,3.1938,5.7874,-0.1402,2.9473,3.8721,2.1544,2.9473,2.2677

1026.2940,0.1067,0.2917,3.9347,5.7874,0.0450,2.9473,4.1191,2.3808,2.9473,2.4617

1027.2930,0.1067,-0.2640,3.5025,6.3430,0.1685,2.8238,3.7487,2.2676,2.8238,2.3470

1028.2930,0.1067,-0.2022,3.5025,6.8987,0.4155,2.8855,3.6869,2.4013,2.8855,2.4705

1029.2930,-0.2019,0.2299,3.5025,5.7257,-0.0785,3.0090,4.4895,2.2779,3.0090,2.3823

1030.2930,-0.0168,0.1065,3.1938,5.6022,-0.1402,2.8855,4.1191,2.1441,2.8855,2.2500

1031.2940,-0.0168,-0.1405,3.8730,5.4170,0.0450,3.0090,3.6869,2.1441,3.0090,2.2677

1032.2930,-0.2019,0.1065,3.5025,6.1578,0.1067,2.9473,4.1191,2.2985,2.9473,2.3911

1033.2930,-0.1402,0.2299,4.1817,5.4170,0.1067,2.9473,4.0574,2.3088,2.9473,2.4000

1034.2930,-0.0168,0.0447,3.0704,5.7257,-0.4489,3.1942,3.8721,2.0412,3.1942,2.2059

1035.2930,0.3536,-0.0788,3.9347,5.6640,0.0450,2.7003,2.3904,2.0515,2.7003,2.1442

1036.2930,0.0450,0.1065,3.3791,5.4170,-0.1402,2.9473,3.9339,2.1235,2.9473,2.2412

1037.2930,0.2919,-0.1405,3.6878,5.4170,0.0450,2.8238,3.7487,2.1750,2.8238,2.2677

1038.2930,0.0450,-0.0170,3.8112,6.1578,-0.0785,3.0090,3.9339,2.3087,3.0090,2.4088

1039.2930,-0.0785,0.3534,3.4408,5.6022,-0.0785,2.9473,3.5634,2.1338,2.9473,2.2500

1040.2930,-0.0785,-0.0170,4.7991,5.7874,0.1067,2.9473,4.3043,2.4837,2.9473,2.5499

1041.2940,0.0450,0.6621,3.6260,4.9849,-0.2020,2.8238,3.6869,2.1338,2.8238,2.2324

1042.2940,-0.0168,0.0447,3.5643,5.6022,-0.2020,2.7621,3.8104,2.1338,2.7621,2.2236

1043.2940,-0.0785,0.1065,3.3791,5.0466,0.4772,2.7003,3.6869,2.1030,2.7003,2.1883

1044.2930,-0.0785,0.6003,3.3173,5.7257,0.4155,2.9473,4.2426,2.3705,2.9473,2.4529

1045.2930,0.0450,0.4769,3.7495,6.1578,0.1685,3.0707,4.0574,2.4425,3.0707,2.5323

1046.2930,0.6005,0.1065,4.3052,5.0466,0.3537,2.8238,3.8721,2.3808,2.8238,2.4441

1047.2930,-0.0785,-0.1405,4.0582,5.4170,-0.2637,2.5769,3.9956,2.1647,2.5769,2.2236

1048.2930,0.2919,-0.0788,3.6878,5.8492,0.1685,2.9473,4.1808,2.3499,2.9473,2.4352

1049.2930,-0.0785,0.1065,3.6878,5.8492,0.1685,2.5769,4.1191,2.3087,2.5769,2.3470

1050.2930,-0.2019,-0.0788,2.8234,5.5405,0.0450,3.8116,3.9339,2.0103,3.8116,2.2677

1051.2930,0.5388,0.1065,3.9347,5.7874,0.0450,3.0707,3.8104,2.3705,3.0707,2.4705

1052.2940,-0.3254,-0.2022,3.2556,5.0466,-0.2020,2.3917,3.6869,1.8766,2.3917,1.9502

1053.2930,0.0450,0.1065,3.7495,5.9109,-0.2637,2.8855,3.8721,2.2367,2.8855,2.3294

1054.2930,0.0450,-0.0170,3.5643,5.9726,-0.2637,3.0707,3.8721,2.1955,3.0707,2.3206

1055.2930,0.1067,0.0447,3.5643,5.6022,-0.0167,3.0707,3.9339,2.2058,3.0707,2.3294

1056.2930,-0.1402,0.1065,3.8112,5.4788,0.1685,2.8855,4.1191,2.2573,2.8855,2.3471

1057.2930,-0.0168,-0.0170,3.2556,5.4170,0.1685,2.8238,3.9339,2.1235,2.8238,2.2236

1058.2940,0.3536,-0.1405,3.7495,5.5405,0.0450,3.0090,3.5634,2.1853,3.0090,2.3029

1059.2940,0.7857,0.1682,3.4408,5.2936,-0.2637,3.3177,3.8104,2.2058,3.3177,2.3647

1060.2930,0.0450,-0.0170,4.6139,6.1578,-0.3255,2.7003,4.2426,2.4528,2.7003,2.4882

1061.2940,0.0450,0.0447,2.5764,5.2936,0.6624,3.2560,4.1191,2.1235,3.2560,2.2853

1062.2930,0.2302,0.3534,3.8730,5.8492,0.1067,2.8238,3.9956,2.4013,2.8238,2.4617

1063.2930,-0.0785,0.3534,3.9965,5.8492,0.6624,2.5769,4.3661,2.5248,2.5769,2.5323

1064.2930,-0.1402,-0.1405,3.1938,5.7874,-0.2637,3.1325,3.8104,2.0412,3.1325,2.1971

1065.2930,-0.0785,-0.0170,3.5643,6.0344,-0.8811,4.1820,3.8721,2.0824,4.1820,2.3823

1066.2940,0.0450,-0.4492,3.3173,5.6640,0.1685,3.8116,3.8721,2.1030,3.8116,2.3470

1067.2930,-0.5723,-0.2640,3.9347,5.6022,-0.0167,3.3794,4.0574,2.1236,3.3794,2.3030

1068.2930,-0.3254,0.0447,3.8112,5.4170,-0.0785,3.4412,4.0574,2.1544,3.4412,2.3382

1069.2930,0.4771,-0.0170,3.9347,5.2936,-0.0167,3.6881,4.8600,2.4219,3.6881,2.6028

1070.2930,0.1067,0.1065,3.2556,5.6022,0.6624,3.5646,3.9956,2.2882,3.5646,2.4705

1071.2930,1.4030,0.0447,3.9965,5.9109,-0.0785,3.0090,4.2426,2.5865,3.0090,2.6469

1072.2930,0.2919,-0.0170,3.3791,5.8492,0.2302,3.4412,3.6869,2.2367,3.4412,2.4088

1073.2930,-0.1402,0.1682,3.6260,5.8492,-0.3872,3.1942,4.1191,2.2058,3.1942,2.3470

1074.2930,0.2919,0.4151,3.5643,5.9726,-0.2020,3.2560,4.2426,2.3808,3.2560,2.5058

1075.2930,0.3536,0.2917,3.2556,5.4170,0.6007,3.0707,3.6869,2.2676,3.0707,2.3823

1076.2930,0.1067,0.2917,3.7495,5.6640,0.1067,3.1325,4.1191,2.3396,3.1325,2.4529

1077.2930,0.0450,-0.0788,3.3791,5.9726,0.1067,2.9473,3.7487,2.1956,2.9473,2.3029

1078.2930,0.1067,0.2917,3.5643,5.4170,0.0450,2.7621,4.1808,2.2676,2.7621,2.3382

1079.2930,-0.2019,-0.6961,3.8112,5.9109,-0.3872,2.9473,4.0574,2.0824,2.9473,2.2059

1080.2930,-0.9427,0.5386,3.3791,6.2196,-0.0785,3.5029,4.2426,2.2264,3.5029,2.4088

1081.2940,0.1067,0.0447,3.9347,5.8492,-0.0785,3.0090,3.8721,2.2882,3.0090,2.3911

1082.2930,0.1684,-0.2022,3.9347,5.5405,0.4772,3.1325,3.9956,2.3190,3.1325,2.4352

1083.2930,-0.0168,0.6003,3.8730,6.0344,0.2302,3.1942,4.4278,2.5248,3.1942,2.6205

1084.2930,-0.2019,0.1682,3.2556,5.4170,0.2302,3.0090,4.1808,2.1750,3.0090,2.2941

1085.2930,-0.0785,-0.0170,3.9347,5.7257,0.3537,3.0090,4.5513,2.4117,3.0090,2.4970

1086.2930,0.1067,0.1065,3.6878,6.3430,0.2920,3.0707,4.1191,2.4425,3.0707,2.5323

1087.2940,0.0450,0.2917,3.2556,5.4788,-0.0785,3.0090,3.8721,2.1441,3.0090,2.2677

1088.2950,-1.2513,-0.3257,3.9347,5.9726,-0.0785,3.0707,4.0574,2.0515,3.0707,2.1971

1089.2930,-0.0168,0.3534,3.5643,5.6640,-0.0785,3.1325,3.9956,2.2470,3.1325,2.3735

1090.2930,-0.0168,0.2299,3.6878,6.0961,-0.0167,3.3177,4.1808,2.3602,3.3177,2.4970

1091.2930,-0.2019,-0.2640,3.2556,5.5405,-0.0785,3.4412,4.0574,2.0515,3.4412,2.2500

1092.2930,-0.0785,0.2299,3.7495,6.0961,-0.1402,3.2560,4.2426,2.3499,3.2560,2.4793

1093.2930,0.3536,0.0447,3.9965,5.6022,0.1685,3.0090,4.0574,2.3705,3.0090,2.4617

1094.2930,0.4771,-0.0788,4.3052,6.0344,0.3537,2.7621,4.2426,2.5557,2.7621,2.5852

1095.2930,0.1684,-0.0170,3.8730,5.6022,0.4772,2.6386,4.6748,2.4631,2.6386,2.4882

1096.2930,0.0450,1.0325,3.8112,5.8492,0.0450,3.0707,3.9956,2.4631,3.0707,2.5499

1097.2940,-0.0168,-0.0788,4.4286,5.3553,0.4155,3.1325,4.1808,2.3808,3.1325,2.4882

1098.2930,0.1684,-0.0788,3.6260,5.7874,-0.0785,3.1942,3.8104,2.2058,3.1942,2.3470

1099.2930,0.2919,-0.0788,2.2677,6.0961,-0.3872,2.7621,3.9956,2.0309,2.7621,2.1353

1100.2930,0.2302,0.0447,3.7495,5.7257,0.1685,3.1325,4.2426,2.3602,3.1325,2.4705

1101.2930,-0.0168,0.0447,4.1817,6.0961,0.2920,3.1325,4.4278,2.5043,3.1325,2.5940

1102.2930,-0.3254,-0.2022,3.4408,5.5405,0.0450,3.0090,3.9339,2.0721,3.0090,2.2059

1103.2940,0.2919,0.8473,3.9347,5.9109,0.1067,2.8855,3.9956,2.5145,2.8855,2.5675

1104.2930,0.1067,-0.1405,3.5025,5.7257,0.1067,2.9473,3.8721,2.1956,2.9473,2.3029

1105.2930,-0.0785,-0.0788,3.3791,5.6640,0.2302,3.0090,4.0574,2.1956,3.0090,2.3118

1106.2930,0.1684,-0.2022,3.9965,5.4170,0.1685,2.7003,4.0574,2.2676,2.7003,2.3294

1107.2930,0.4153,0.7856,3.3791,5.9109,-0.0167,2.7621,3.9339,2.4013,2.7621,2.4529

1108.2940,-0.2019,-0.0788,4.3052,5.9726,-0.0785,2.9473,4.3661,2.3808,2.9473,2.4617

1109.2930,0.1067,-0.0170,3.7495,5.4788,0.0450,2.9473,3.9956,2.2264,2.9473,2.3294

1110.2930,-0.2019,0.4769,3.2556,5.7874,-0.0167,3.1325,4.4895,2.2985,3.1325,2.4176

1111.2940,0.1684,0.5386,3.5643,5.1701,0.0450,2.8855,3.8104,2.2161,2.8855,2.3118

1112.2930,0.4153,0.1682,3.6878,5.9109,0.1685,2.9473,3.9956,2.3910,2.9473,2.4705

1113.2930,-0.0785,-0.1405,3.5025,5.9109,0.0450,3.3794,4.0574,2.2161,3.3794,2.3823

1114.2930,0.1067,-0.0788,3.1321,5.8492,0.2302,2.7621,3.8721,2.1853,2.7621,2.2677

1115.2930,0.2302,-0.0788,3.8112,5.9726,-0.0785,3.1942,4.1808,2.3396,3.1942,2.4617

1116.2940,0.2302,0.3534,3.6260,5.4170,0.2302,2.9473,4.0574,2.3190,2.9473,2.4088

1117.2930,0.2919,-0.0170,3.7495,5.5405,0.1685,3.1325,3.7487,2.2470,3.1325,2.3735

1118.2930,-0.8192,-0.0788,3.2556,5.5405,0.1685,3.1942,3.5634,1.9383,3.1942,2.1177

1119.2940,0.0450,0.0447,3.6878,5.6640,-0.2637,3.0707,3.8721,2.1750,3.0707,2.3029

1120.2930,0.0450,-0.0788,3.3173,5.1084,-0.0167,3.0090,3.8721,2.0412,3.0090,2.1795

1121.2940,0.1684,-0.2022,3.9965,5.6640,0.1067,3.0707,3.9339,2.2779,3.0707,2.3911

1122.2930,-0.0785,0.1065,3.6260,5.7874,-0.0167,3.4412,3.7487,2.1956,3.4412,2.3735

1123.2930,0.0450,-0.0170,3.5025,5.5405,0.1067,3.1942,3.7487,2.1544,3.1942,2.3029

1124.2930,0.1684,0.1065,3.9347,5.9726,-0.0785,3.1942,3.9956,2.3499,3.1942,2.4705

1125.2930,0.0450,-0.0170,3.1321,5.4170,-0.0167,3.3177,3.6869,2.0412,3.3177,2.2236

1126.2940,0.1684,-0.1405,4.3052,6.0344,-0.0167,3.1942,4.1808,2.4219,3.1942,2.5323

1127.2930,0.2302,0.0447,3.4408,5.1701,-0.1402,2.8855,3.8104,2.0927,2.8855,2.2059

1128.2930,-0.0168,0.2917,3.7495,6.0344,-0.0167,3.1325,3.9956,2.3396,3.1325,2.4529

1129.2930,-0.0168,0.1065,3.2556,5.7257,0.0450,2.9473,3.9339,2.1750,2.9473,2.2853

1130.2930,-0.0785,-0.0170,3.3791,6.2196,-0.3255,3.4412,3.9339,2.1853,3.4412,2.3647

1131.2930,0.1684,-0.0788,4.5521,5.3553,0.2920,3.0090,4.1191,2.4014,3.0090,2.4882

1132.2940,-0.0168,0.3534,3.3791,5.8492,-0.0785,3.0707,3.8721,2.2264,3.0707,2.3470

1133.2930,-0.0785,-0.2022,3.9965,5.7874,0.0450,3.1325,4.2426,2.2985,3.1325,2.4176

1134.2930,-0.0168,0.2917,3.3791,5.7874,0.1067,3.0090,3.9339,2.2470,3.0090,2.3559

1135.2930,-0.1402,0.1065,3.3791,5.9109,-0.1402,3.2560,4.3043,2.2367,3.2560,2.3823

1136.2930,0.0450,0.2299,3.3173,6.0344,-0.0785,3.3177,4.0574,2.2676,3.3177,2.4176

1137.2930,0.1067,0.2299,3.8730,6.1578,-0.0167,3.3177,3.9956,2.3911,3.3177,2.5234

1138.2930,0.1067,0.2917,3.6260,5.7257,0.3537,2.9473,4.2426,2.3911,2.9473,2.4705

1139.2930,0.1684,-0.2022,3.7495,6.0344,-0.2637,3.1942,4.0574,2.2573,3.1942,2.3911

1140.2930,0.4771,-0.2022,3.6260,5.4788,0.0450,3.0707,3.9339,2.2264,3.0707,2.3470

1141.2930,-0.0168,0.0447,3.6878,5.7257,0.1067,3.0707,4.0574,2.2676,3.0707,2.3823

1142.2930,0.1067,-0.0170,3.9347,5.8492,0.1685,3.0707,4.3043,2.3911,3.0707,2.4882

1143.2930,0.0450,-0.3874,3.6878,5.4788,-0.0785,2.9473,3.8104,2.0927,2.9473,2.2147

1144.2930,-0.0168,0.1682,3.8112,5.7874,-0.1402,3.0707,4.0574,2.2779,3.0707,2.3911

1145.2930,0.0450,0.0447,3.7495,5.5405,0.2920,3.0090,4.2426,2.3190,3.0090,2.4176

1146.2930,0.4771,0.1682,4.7991,5.4788,0.7242,2.9473,4.6748,2.7203,2.9473,2.7528

1147.3010,-0.0168,-0.4492,3.7495,5.7874,-0.0785,2.7621,4.1191,2.1853,2.7621,2.2677

1148.2930,0.1067,-0.0170,3.5025,6.0344,0.3537,3.1942,3.9956,2.3293,3.1942,2.4529

1149.2940,-0.1402,-0.2022,4.2434,5.9109,0.1067,2.8238,3.9956,2.3190,2.8238,2.3912

1150.2930,-0.0168,0.1065,3.3173,5.6640,0.0450,3.5646,3.9339,2.1750,3.5646,2.3735

1151.2940,0.3536,0.2299,3.6260,5.6640,0.1067,3.4412,3.9956,2.3293,3.4412,2.4881

1152.2930,0.2919,0.1065,3.5025,5.4788,0.0450,3.0707,4.1191,2.2573,3.0707,2.3735

1153.2930,-0.0785,-0.2022,3.8730,5.8492,-0.1402,2.8855,4.2426,2.2573,2.8855,2.3470

1154.2930,0.2919,0.0447,3.7495,5.5405,-0.0167,3.1942,4.4278,2.3396,3.1942,2.4617

1155.2930,-0.0785,0.1065,4.0582,5.7874,-0.0785,2.9473,3.8721,2.2779,2.9473,2.3735

1156.2930,0.2302,0.3534,3.2556,5.6022,0.1685,3.4412,4.0574,2.2779,3.4412,2.4441

1157.2930,-0.0785,0.3534,3.2556,5.0466,0.1067,3.1942,4.0574,2.1235,3.1942,2.2765

1158.2930,0.5388,-0.1405,4.0582,5.7874,-0.0167,3.1942,4.1191,2.3910,3.1942,2.5058

1159.2930,0.2302,0.0447,3.1321,5.4788,0.1067,3.1325,3.6252,2.1029,3.1325,2.2500

1160.2930,0.1067,-0.2022,3.9347,6.1578,-0.3255,3.3177,3.9956,2.2779,3.3177,2.4264

1161.2930,-0.0168,0.0447,3.5025,4.9849,-0.0167,3.5646,4.0574,2.0927,3.5646,2.3029

1162.2930,-0.0785,0.2917,3.5643,5.6640,-0.1402,3.0707,3.8721,2.1956,3.0707,2.3206

1163.2930,0.1067,0.2299,3.4408,4.8614,0.1067,3.1325,3.8104,2.0927,3.1325,2.2412

1164.2930,0.6622,-0.0788,3.1938,6.0344,-0.3255,3.0707,3.8104,2.2161,3.0707,2.3382

1165.2930,0.1684,0.0447,4.3669,5.8492,0.2302,3.0090,4.1808,2.4734,3.0090,2.5499

1166.2930,0.1067,0.0447,3.4408,5.6022,-0.1402,3.1325,3.6869,2.1235,3.1325,2.2677

1167.2930,0.0450,0.1065,3.9347,5.4788,0.1067,3.1942,4.1191,2.2985,3.1942,2.4264

1168.2930,0.1067,0.1065,3.2556,5.9726,-0.0167,3.3177,3.9339,2.2264,3.3177,2.3823

1169.2930,-0.0785,-0.0170,3.9965,6.5900,0.1067,3.3794,4.4278,2.5042,3.3794,2.6293

1170.2930,0.6622,0.1065,3.8112,5.6022,-0.0167,3.2560,3.8104,2.3293,3.2560,2.4617

1171.2940,-0.0785,0.1682,3.3791,6.0344,-0.0785,3.5029,4.1808,2.2676,3.5029,2.4441

1172.2930,0.8474,0.1682,3.9965,5.7257,0.0450,3.0090,4.2426,2.5042,3.0090,2.5763

1173.2930,-0.0168,0.1682,3.3173,6.0344,0.1067,3.3177,4.4278,2.3396,3.3177,2.4793

1174.2930,0.0450,-0.0170,4.1199,5.7874,-0.0785,2.8855,4.2426,2.3499,2.8855,2.4264

1175.2930,-0.2637,0.0447,3.2556,5.4170,-0.0167,3.1942,3.6252,2.0103,3.1942,2.1795

1176.2940,-0.1402,0.2917,3.7495,6.0961,-0.0167,3.0090,3.7487,2.2882,3.0090,2.3911

1177.2940,-0.0168,0.1065,3.4408,5.8492,-0.1402,3.1325,3.8721,2.1853,3.1325,2.3206

1178.2930,-0.0785,-0.2640,3.5643,5.6022,-0.1402,3.0707,4.3043,2.1647,3.0707,2.2941

1179.2930,0.0450,-0.1405,3.6260,5.3553,-0.0167,3.0707,4.2426,2.1853,3.0707,2.3118

1180.2930,-0.0168,-0.2022,3.8730,5.9109,-0.7577,3.5029,3.9339,2.1235,3.5029,2.3206

1181.2930,-0.3254,-0.1405,3.6260,5.6022,-0.1402,3.6881,3.9339,2.0927,3.6881,2.3206

1182.2930,0.0450,0.1065,3.4408,5.8492,0.1685,3.2560,4.2426,2.3087,3.2560,2.4441

1183.2940,0.1067,-0.0170,4.0582,5.7874,0.2302,2.8238,4.3043,2.4116,2.8238,2.4705

1184.2930,0.4153,-0.3874,3.4408,5.2318,-0.0167,3.0707,3.8104,2.0824,3.0707,2.2236

1185.2930,-0.0168,-0.2640,4.2434,5.8492,0.1067,3.1325,4.9217,2.4734,3.1325,2.5675

1186.2930,0.3536,0.2299,3.6878,5.7257,-0.1402,3.0707,3.9339,2.2984,3.0707,2.4088

1187.2930,-0.2637,0.0447,3.5025,6.0344,-0.0785,3.1325,4.0574,2.2161,3.1325,2.3470

1188.2940,0.0450,0.2299,3.6260,5.4170,0.0450,3.0090,4.1191,2.2470,3.0090,2.3559

1189.2930,-0.1402,0.2917,3.6260,5.7874,-0.0785,2.8238,4.1808,2.2779,2.8238,2.3559

1190.2930,0.3536,-0.3874,4.0582,5.6640,0.2302,3.0707,4.1808,2.3499,3.0707,2.4529

1191.2940,0.1067,0.0447,3.3791,5.7257,-0.1402,3.0090,3.8104,2.1544,3.0090,2.2765

1192.2930,0.1684,-0.0170,4.3669,5.9109,0.2920,3.1942,4.2426,2.4940,3.1942,2.5940

1193.2930,-0.0168,0.2917,3.2556,6.4048,0.4155,2.8855,3.9956,2.3911,2.8855,2.4617

1194.2930,-0.0168,-0.0170,3.8730,5.7257,0.1067,3.0090,3.9339,2.2676,3.0090,2.3735

1195.2930,0.1684,0.8473,3.5025,5.5405,-0.0167,3.0707,3.8721,2.3190,3.0707,2.4264

1196.2930,-0.0785,0.2917,3.4408,5.4788,0.0450,3.2560,4.1808,2.2264,3.2560,2.3735

1197.2930,-0.0168,-0.1405,3.4408,5.4170,-0.2020,3.0707,4.0574,2.0927,3.0707,2.2324

1198.2930,0.0450,0.2299,3.3791,5.6022,-0.2637,3.1325,4.4895,2.2470,3.1325,2.3735

1199.2930,0.4771,-0.2640,3.6878,5.6640,0.1067,3.0707,4.1191,2.2984,3.0707,2.4088

1200.2930,0.7857,-0.1405,3.1321,5.6022,0.2920,3.3794,3.5017,2.1955,3.3794,2.3647

1201.2930,0.1067,-0.2022,3.8112,5.9109,0.1067,3.1325,4.0574,2.2985,3.1325,2.4176

1202.2930,0.1067,0.1682,3.2556,5.4788,0.0450,3.4412,4.3043,2.2264,3.4412,2.4000

1203.2930,-0.0785,0.1065,3.9347,5.8492,0.0450,3.0707,4.0574,2.3190,3.0707,2.4264

1204.2930,0.2302,0.2917,3.5643,5.4170,0.2302,3.3794,4.3661,2.3499,3.3794,2.4970

1205.2930,-1.0044,0.4151,3.2556,5.9109,-0.0785,3.2560,4.1808,2.1133,3.2560,2.2765

1206.2940,-0.0168,-0.0170,3.4408,5.7257,-0.0785,3.2560,4.1191,2.1956,3.2560,2.3470

1207.2940,-0.2019,0.1065,3.3173,5.8492,-0.0785,3.5029,4.0574,2.1750,3.5029,2.3647

1208.2930,-0.0168,0.3534,3.8112,5.9109,0.1067,3.0090,4.1191,2.3808,3.0090,2.4705

1209.2940,-0.0785,-0.0170,3.2556,5.0466,0.0450,3.2560,3.7487,2.0001,3.2560,2.1795

1210.2940,-0.0785,0.1682,3.9347,6.0961,0.0450,3.0090,4.3661,2.4219,3.0090,2.5058

1211.2930,0.2919,-0.1405,3.8730,5.1084,-0.0785,3.1325,3.8721,2.1544,3.1325,2.2941

1212.2940,0.0450,-0.2022,3.8112,5.6022,-0.2637,2.7621,4.4895,2.2470,2.7621,2.3206

1213.2940,0.1684,0.1682,4.0582,5.8492,0.1067,3.0707,4.1808,2.4219,3.0707,2.5146

1214.2930,-0.0785,0.0447,3.9965,5.7874,0.0450,3.1325,3.9956,2.2985,3.1325,2.4176

1215.2940,0.0450,-0.0170,4.4286,6.1578,0.3537,3.0707,4.6130,2.5969,3.0707,2.6646

1216.2930,0.1684,-0.0788,3.4408,5.6022,-0.0785,2.9473,3.8721,2.1544,2.9473,2.2677

1217.2930,0.2302,-0.0170,3.9347,5.9726,0.1067,3.3177,4.1808,2.4013,3.3177,2.5323

1218.2930,-0.0785,-0.0788,3.3173,5.4788,-0.1402,3.1325,3.8721,2.0618,3.1325,2.2147

1219.2940,-0.0785,-0.1405,4.1199,5.7874,0.0450,3.0707,4.2426,2.3293,3.0707,2.4352

1220.2940,0.0450,0.0447,3.5025,5.3553,0.2920,2.9473,4.2426,2.2470,2.9473,2.3470

1221.2930,0.1067,0.2299,3.8112,6.1578,0.0450,3.3794,4.1808,2.4219,3.3794,2.5587

1222.2940,-0.6340,0.2299,4.1817,5.6640,0.2302,2.9473,4.4278,2.3499,2.9473,2.4353

1223.2930,-0.0785,-0.0170,3.2556,5.6022,-0.2020,3.0707,3.8721,2.0721,3.0707,2.2147

1224.2930,-0.2019,0.3534,3.8112,6.1578,-0.1402,3.1942,4.1808,2.3602,3.1942,2.4793

1225.2930,-0.2637,0.2917,3.1938,5.2318,0.2920,2.8855,3.8721,2.1030,2.8855,2.2148

1226.2930,-0.0168,0.2917,4.0582,6.1578,0.0450,3.3177,4.2426,2.4631,3.3177,2.5852

1227.2940,0.1067,-0.1405,3.6878,5.4788,0.1067,3.0707,3.9339,2.1956,3.0707,2.3206

1228.2940,-0.2637,0.1682,3.6260,6.1578,-0.0785,3.0090,4.0574,2.2779,3.0090,2.3823

1229.2930,0.0450,0.2917,3.7495,5.2936,-0.1402,3.2560,3.8721,2.1853,3.2560,2.3382

1230.2930,0.1684,1.5264,3.6878,6.0961,-0.0167,3.5646,3.8721,2.5557,3.5646,2.6998

1231.2930,0.2302,-0.0788,3.9347,5.4788,0.1067,3.0707,4.0574,2.2882,3.0707,2.4000

1232.2940,0.1684,0.0447,3.1938,5.6022,-0.1402,3.0707,3.4400,2.0515,3.0707,2.1971

1233.2940,-0.0785,-0.0788,3.9347,5.9109,-0.0785,3.2560,3.0078,2.1029,3.2560,2.2677

1234.2930,-0.0785,-0.1405,3.8730,5.6640,-0.1402,3.3794,4.0574,2.2059,3.3794,2.3735

1235.2930,0.1684,-0.1405,4.0582,5.7874,0.1067,2.9473,3.9339,2.3190,2.9473,2.4088

1236.2930,0.1067,0.7856,3.6260,5.3553,-0.0785,2.9473,4.3043,2.3499,2.9473,2.4352

1237.2930,0.1067,-0.2640,3.3791,5.6640,-0.0167,1.5891,4.3661,2.2058,1.5891,2.1177

1238.2930,0.2302,-0.3257,3.9347,5.7257,-0.1402,3.1942,3.9956,2.2367,3.1942,2.3735

1239.2930,0.2302,-0.1405,3.1321,5.4170,0.4155,2.5769,4.1191,2.1956,2.5769,2.2500

1240.2940,0.0450,0.4769,4.6756,5.5405,-0.0785,3.3177,4.4278,2.5145,3.3177,2.6293

1241.2930,-0.1402,-0.1405,2.8234,4.9849,0.1067,2.8238,4.0574,1.9486,2.8238,2.0736

1242.2940,0.0450,-0.5109,3.9347,6.0344,0.4772,3.0707,4.0574,2.3396,3.0707,2.4441

1243.2930,-0.2019,0.1682,4.2434,5.6640,-0.1402,2.5151,3.6869,2.2367,2.5151,2.2765

1244.2930,0.9709,0.1682,3.9347,5.9109,-0.2637,2.9473,4.1808,2.4836,2.9473,2.5499

1245.2940,-0.0785,0.0447,3.6260,5.4788,0.3537,3.0707,4.6748,2.3499,3.0707,2.4529

1246.2930,0.2919,0.1682,3.0704,5.9726,0.1685,2.6386,4.2426,2.3190,2.6386,2.3647

1247.2930,1.2795,-0.5109,3.9347,5.8492,0.3537,3.0707,4.2426,2.5248,3.0707,2.6028

1248.2940,0.1067,-0.0788,3.5025,5.4788,-0.2020,3.2560,3.3165,2.0206,3.2560,2.1971

1249.2930,-0.1402,-0.1405,4.7991,6.4048,-0.0785,2.9473,4.6130,2.5763,2.9473,2.6293

1250.2930,0.2302,-0.2022,3.5025,5.3553,0.0450,2.9473,3.9956,2.1544,2.9473,2.2677

1251.2930,0.1067,-0.9431,4.4904,5.6640,-0.1402,2.7621,4.3043,2.2470,2.7621,2.3206

1252.2930,0.0450,0.2299,3.3791,5.2936,0.1685,3.0707,4.0574,2.1956,3.0707,2.3206

1253.2940,0.9709,0.1065,3.6260,5.7257,0.1067,2.9473,4.1191,2.4425,2.9473,2.5146

1254.2940,-0.6340,0.5386,3.6878,6.0344,0.0450,3.5029,4.3661,2.3396,3.5029,2.5058

1255.2930,0.1067,1.2177,2.7617,5.9726,0.2920,3.0090,4.2426,2.4322,3.0090,2.5146

1256.2940,0.5388,0.1065,4.2434,6.3430,-0.0167,2.8238,4.3661,2.5968,2.8238,2.6293

1257.2940,-0.0168,-0.0170,3.8112,5.5405,0.3537,3.2560,4.0574,2.2882,3.2560,2.4264

1258.2930,0.1067,0.2299,4.1199,6.0344,-0.0785,3.4412,4.5513,2.4940,3.4412,2.6293

1259.2930,-0.0785,0.0447,3.4408,5.4170,0.2920,3.0090,3.9956,2.1853,3.0090,2.3030

1260.2940,0.2919,-0.1405,4.1817,6.0344,0.6624,2.5769,4.1808,2.5351,2.5769,2.5411

1261.2930,-0.1402,-0.1405,3.3791,5.4788,-0.0167,3.2560,3.8721,2.0721,3.2560,2.2412

1262.2930,-0.0785,0.2299,2.8851,6.9604,-0.2020,3.3794,4.6130,2.4013,3.3794,2.5411

1263.2940,0.1684,0.1065,4.1199,5.6022,0.2302,3.0090,4.3661,2.4322,3.0090,2.5146

1264.2940,-0.6958,0.2917,2.9469,5.7874,-0.1402,3.2560,3.8721,2.0104,3.2560,2.1883

1265.2930,-0.2637,-0.0170,3.9347,6.0344,-0.0785,3.9350,4.5513,2.3602,3.9350,2.5852

1266.2930,-0.2637,0.1065,3.0704,5.6640,-0.2637,3.1942,3.7487,2.0103,3.1942,2.1795

1267.2930,0.0450,0.2299,4.3052,7.8247,0.1685,3.3177,4.3043,2.8129,3.3177,2.8850

1268.2930,-0.0785,0.3534,3.1938,5.5405,-0.0167,3.3177,4.0574,2.1750,3.3177,2.3382

1269.2930,0.1684,-0.1405,3.8112,5.9726,0.1067,3.3177,4.0574,2.3293,3.3177,2.4705

1270.2930,0.1067,0.1065,3.6260,5.4788,-0.0167,3.1942,3.9339,2.2058,3.1942,2.3470

1271.2930,0.2919,0.0447,3.8730,5.8492,0.4155,3.1942,4.4278,2.4837,3.1942,2.5852

1272.2930,-0.0168,0.1682,3.9965,5.7257,0.2302,3.0090,4.4895,2.4322,3.0090,2.5146

1273.2930,0.1684,-0.0788,3.5025,5.2936,-0.0167,2.0212,3.7487,2.1029,2.0212,2.0913

1274.2930,0.2302,-0.2640,4.7373,6.0344,0.9711,3.0707,5.3539,2.8438,3.0707,2.8762

1275.2930,-0.0785,0.1682,3.5025,5.6640,0.1067,3.0090,4.3661,2.2882,3.0090,2.3911

1276.2930,-0.0168,0.1682,3.8730,6.4665,-0.0785,3.0707,3.5634,2.3293,3.0707,2.4352

1277.2930,0.2302,0.1682,3.6260,5.6022,0.1067,3.1942,4.3661,2.3499,3.1942,2.4705

1278.2930,0.4771,0.0447,3.4408,5.6022,-0.2020,2.8855,3.8721,2.2058,2.8855,2.3029

1279.2930,-0.1402,-0.3874,4.2434,6.2196,0.2920,3.1325,4.3661,2.4322,3.1325,2.5323

1280.2940,0.1067,0.2917,3.0704,4.9849,-0.1402,3.2560,3.9339,2.0412,3.2560,2.2147

1281.2940,-0.2019,0.3534,4.1817,5.9109,-0.3872,3.1325,4.2426,2.3499,3.1325,2.4617

1282.2940,-0.0785,0.3534,3.7495,5.2936,-0.2020,2.8855,4.0574,2.1956,2.8855,2.2941

1283.2930,0.0450,0.0447,4.3052,5.9726,-0.0167,3.1325,4.4278,2.4631,3.1325,2.5587

1284.2930,0.1684,0.2917,3.3173,5.2318,0.2302,3.2560,4.1191,2.2264,3.2560,2.3735

1285.2930,-0.1402,0.1682,3.8112,5.9109,-0.2637,2.9473,4.1808,2.2779,2.9473,2.3735

1286.2930,0.3536,-0.2022,3.8112,5.8492,0.5389,3.2560,4.3043,2.4425,3.2560,2.5587

1287.2930,-0.4489,0.0447,3.5025,5.9109,-0.1402,3.1942,3.8721,2.1235,3.1942,2.2765

1288.2930,0.0450,-0.0170,4.8608,6.2813,-0.0167,3.1942,4.3043,2.5763,3.1942,2.6646

1289.2930,-0.0785,-0.5109,3.5025,5.8492,0.1067,2.7621,3.9956,2.1441,2.7621,2.2324

1290.2930,-0.0785,-0.5726,4.1199,6.0344,-0.0785,2.7621,4.3661,2.2985,2.7621,2.3647

1291.2940,0.1067,-0.0170,3.4408,5.4788,-0.2637,3.0090,3.8721,2.1029,3.0090,2.2324

1292.2930,-0.0168,0.4769,3.6878,6.4048,-0.6959,2.8855,3.6252,2.2470,2.8855,2.3382

1293.2930,-0.2019,-0.0170,3.7495,5.6640,-0.0785,3.3177,4.2426,2.2264,3.3177,2.3823

1294.2930,0.2302,0.4151,3.6260,5.4788,0.0450,2.9473,4.0574,2.3087,2.9473,2.4000

1295.2930,-0.1402,-0.2022,3.9347,5.7874,0.1067,2.8238,4.4278,2.3190,2.8238,2.3912

1296.2930,-0.1402,-0.2022,3.1938,5.5405,-0.1402,3.1942,3.8104,2.0103,3.1942,2.1795

1297.2930,-0.0168,-0.1405,3.8730,5.7257,-0.1402,3.0090,3.9339,2.2058,3.0090,2.3206

1298.2930,-0.0168,-2.0543,3.9965,5.2318,0.2920,2.9473,4.4895,1.9898,2.9473,2.1266

1299.2930,-0.2019,0.9708,3.7495,5.9726,0.1067,3.0707,3.9956,2.4322,3.0707,2.5234

1300.2940,-0.1402,-0.0788,3.5643,5.6640,0.3537,3.3794,4.1191,2.2470,3.3794,2.4088

1301.2940,-0.1402,0.2299,3.5643,5.9726,-0.1402,3.2560,3.9339,2.2367,3.2560,2.3823

1302.2930,0.1067,0.2299,4.0582,5.7257,-0.1402,2.9473,4.1191,2.3499,2.9473,2.4352

1303.2940,0.1067,0.3534,3.5643,5.8492,0.0450,3.5029,4.1191,2.3396,3.5029,2.5058

1304.2930,0.2302,-0.0788,4.6139,6.0961,0.1067,3.2560,4.3661,2.5557,3.2560,2.6557

1305.2930,0.2302,0.2917,3.5643,5.6640,-0.2020,3.1325,4.1191,2.2779,3.1325,2.4000

1306.2930,0.1684,0.1065,4.0582,6.0961,0.1685,3.1942,4.2426,2.4734,3.1942,2.5764

1307.2930,0.1684,0.0447,3.6260,5.4170,0.0450,3.1325,4.1191,2.2367,3.1325,2.3647

1308.2930,-0.0168,0.4769,3.3173,5.7257,0.1067,3.9968,3.3782,2.1647,3.9968,2.4264

1309.2930,0.5388,-0.5109,4.1817,5.2318,0.1685,3.1325,4.1808,2.2985,3.1325,2.4176

1310.2930,1.0326,0.1065,2.7617,6.0344,-0.0167,3.1325,4.0574,2.3293,3.1325,2.4440

1311.2930,0.2919,-0.0170,4.3052,5.7257,0.1067,3.1325,4.1191,2.4219,3.1325,2.5234

1312.2930,0.0450,-0.0170,3.5643,5.4788,-0.0785,2.9473,3.8721,2.1441,2.9473,2.2588

1313.2930,-0.4489,-0.3257,3.9347,5.5405,0.0450,2.5151,4.1808,2.1544,2.5151,2.2059

1314.2930,-0.0785,0.2917,3.6260,5.8492,-0.0167,3.0707,4.1808,2.3087,3.0707,2.4176

1315.2930,1.0326,0.1065,5.2313,5.9109,0.7242,3.1325,5.4157,3.0702,3.1325,3.0791

1316.2930,-0.0785,0.1065,3.8112,5.9726,-0.0785,3.1325,4.3661,2.3499,3.1325,2.4617

1317.2930,0.6005,0.2917,4.1199,5.6640,0.6007,2.9473,4.8600,2.6895,2.9473,2.7263

1318.2930,-0.4489,0.2299,4.0582,5.8492,0.1685,3.0090,4.3043,2.3602,3.0090,2.4529

1319.2930,0.3536,-0.1405,3.9347,5.4788,0.1685,2.9473,4.1191,2.3190,2.9473,2.4088

1320.2930,0.0450,0.2917,3.9347,6.0961,-0.0785,3.5029,4.0574,2.3911,3.5029,2.5499

1321.2930,0.6622,0.1682,4.2434,5.4170,0.7242,3.1325,4.4895,2.6174,3.1325,2.6910

1322.2930,0.0450,0.0447,3.6878,6.2196,-0.0785,3.3177,4.4278,2.3911,3.3177,2.5234

1323.2930,-0.3871,0.3534,2.8851,5.6640,-0.4489,3.2560,3.9956,2.0103,3.2560,2.1883

1324.2930,-0.0168,0.0447,3.6260,5.7874,-0.0785,3.0707,3.9339,2.2161,3.0707,2.3382

1325.2930,0.2302,0.1682,4.2434,5.9109,0.1067,3.1325,3.5017,2.3602,3.1325,2.4705

1326.2930,-0.1402,0.3534,3.2556,5.8492,-0.3255,2.9473,4.1191,2.1853,2.9473,2.2941

1327.2940,0.5388,0.1682,3.9347,5.6640,0.0450,2.9473,4.1191,2.4116,2.9473,2.4881

1328.2930,0.0450,0.0447,3.1321,5.7874,0.1067,2.9473,3.9956,2.1853,2.9473,2.2941

1329.2930,-0.0168,0.1682,4.3052,5.8492,0.0450,3.0090,4.2426,2.4322,3.0090,2.5146

1330.2930,0.1684,-0.0788,4.4904,5.9726,-0.0785,3.1325,3.9956,2.4116,3.1325,2.5146

1331.2930,0.2919,-0.0170,3.6878,5.8492,0.2302,3.0090,3.9339,2.3293,3.0090,2.4264

1332.2930,-0.0168,0.1682,3.2556,5.7257,0.1067,3.1325,4.3661,2.2676,3.1325,2.3911

1333.2930,-0.0168,0.1065,3.4408,6.2196,0.2920,3.0707,3.9956,2.3396,3.0707,2.4441

1334.2930,0.1067,-0.0788,3.8112,5.7874,-0.0785,2.8855,4.2426,2.2985,2.8855,2.3823

1335.2930,0.4771,0.3534,3.6878,5.6022,0.0450,3.4412,4.0574,2.3705,3.4412,2.5234

1336.2940,-0.0168,-0.5726,3.9347,5.7874,0.2302,2.9473,4.8600,2.3705,2.9473,2.4529

1337.2930,-0.6340,0.1065,3.5025,5.0466,-0.2637,3.3794,3.9339,1.9486,3.3794,2.1530

1338.2930,-0.5106,-0.0170,3.6878,5.4788,-0.0785,3.1325,3.8721,2.0721,3.1325,2.2236

1339.2930,0.2302,-0.6344,3.1321,5.3553,-0.5107,2.7621,4.1808,1.9589,2.7621,2.0736

1340.2930,0.2919,0.4151,3.5025,5.6640,0.2920,3.1942,4.6130,2.4631,3.1942,2.5675

1341.2930,0.3536,-0.2640,3.6878,5.8492,-0.1402,3.4412,4.2426,2.2882,3.4412,2.4529

1342.2940,0.1067,-0.2022,3.3173,5.2936,1.2799,2.3917,4.3043,2.3499,2.3917,2.3559

1343.2930,-0.2019,-0.0788,4.1817,5.5405,-0.2020,2.7003,4.0574,2.2161,2.7003,2.2853

1344.2930,-0.0785,0.0447,3.3173,5.4788,0.2920,3.0090,4.5513,2.2676,3.0090,2.3735

1345.2930,0.1067,-0.0788,3.3173,5.6022,-0.2637,2.6386,3.8104,2.0824,2.6386,2.1618

1346.2940,0.1067,-0.0788,3.6878,5.5405,0.0450,2.8238,3.8721,2.1956,2.8238,2.2853

1347.2930,0.1067,-0.3874,3.1321,5.7874,0.2302,3.0090,5.2304,2.3499,3.0090,2.4441

1348.2930,-0.2637,0.1682,3.9347,5.8492,0.2302,3.1325,4.5513,2.4117,3.1325,2.5146

1349.2930,0.4153,0.2299,3.6878,5.8492,-0.0785,3.1942,4.0574,2.3602,3.1942,2.4793

1350.2930,0.0450,0.0447,4.1199,6.4048,-0.0785,3.4412,4.3661,2.4837,3.4412,2.6205

1351.2930,-0.1402,0.8473,3.2556,5.8492,0.1067,3.2560,4.5513,2.4116,3.2560,2.5323

1352.2940,0.0450,-0.3874,4.0582,5.6022,0.1067,2.8855,4.3043,2.2882,2.8855,2.3735

1353.2940,-0.0168,-0.0788,3.6878,6.7135,-0.2637,3.3177,4.0574,2.3499,3.3177,2.4881

1354.2940,0.1684,-0.8196,3.4408,5.2936,0.0450,2.8238,3.8721,2.0001,2.8238,2.1177

1355.2930,-0.1402,0.1065,3.3791,5.7257,-0.2020,4.1820,3.7487,2.1029,4.1820,2.4000

1356.2930,0.2302,-0.2022,3.8112,5.2936,-0.3872,2.7621,3.9339,2.1132,2.7621,2.2059

1357.2930,-0.3871,0.0447,3.9347,5.8492,-0.0785,2.8855,3.9956,2.2264,2.8855,2.3206

1358.2930,-0.2019,-0.2022,3.2556,5.1701,0.1067,2.6386,3.9339,2.0104,2.6386,2.1001

1359.2940,-0.0785,0.0447,3.8730,5.9726,0.1067,3.0090,4.3043,2.3705,3.0090,2.4617

1360.2940,-0.0785,-0.1405,3.8112,5.3553,0.1067,3.1325,4.4278,2.2470,3.1325,2.3735

1361.2930,-0.2019,-0.0788,3.1321,5.8492,-0.2020,3.0707,3.9339,2.0721,3.0707,2.2147

1362.2930,0.1684,-0.5109,3.9347,5.2936,-0.0167,2.7003,4.2426,2.1853,2.7003,2.2589

1363.2940,0.0450,-0.0788,3.3791,5.6640,0.0450,3.3794,3.9956,2.1750,3.3794,2.3470

1364.2930,-0.3254,-0.1405,2.9469,5.9109,0.0450,3.0090,4.1808,2.1030,3.0090,2.2324

1365.2930,0.1067,-0.0170,3.5643,5.7257,0.0450,3.1325,3.9956,2.2367,3.1325,2.3647

1366.2930,-0.0168,0.2299,4.2434,6.3430,0.0450,3.3794,4.3043,2.5248,3.3794,2.6469

1367.2940,0.3536,0.0447,3.6878,5.2936,0.0450,3.2560,4.6748,2.3499,3.2560,2.4793

1368.2940,0.1684,-0.0788,3.5643,5.9109,0.1067,2.9473,4.0574,2.2882,2.9473,2.3823

1369.2930,0.4771,-0.1405,3.6878,5.1701,-0.0167,3.1942,3.9339,2.1853,3.1942,2.3294

1370.2930,-0.2019,0.2299,4.1199,5.7874,-0.1402,2.7621,3.9339,2.2882,2.7621,2.3559

1371.2930,0.2302,0.0447,3.6878,5.9109,-0.2020,3.0090,4.4895,2.3602,3.0090,2.4529

1372.2930,0.0450,-0.2640,3.4408,5.5405,-0.0167,3.1942,3.2547,2.0000,3.1942,2.1706

1373.2940,-0.0785,0.1065,3.8112,6.4048,-0.0785,3.1325,4.2426,2.4013,3.1325,2.5058

1374.2930,0.1684,-0.2640,4.6139,5.3553,0.3537,2.7621,3.8104,2.3396,2.7621,2.4000

1375.2930,0.1684,0.1682,3.6878,5.5405,0.1685,3.0707,3.8104,2.2573,3.0707,2.3735

1376.2940,0.0450,-0.3874,3.5025,5.1084,-0.0167,3.1942,3.8721,2.0206,3.1942,2.1883

1377.2940,-0.5106,-0.0170,3.4408,5.7874,-0.0785,3.6881,4.1808,2.1338,3.6881,2.3559

1378.2940,0.3536,-0.0788,4.0582,5.6640,-0.4489,2.8855,3.9956,2.2573,2.8855,2.3470

1379.2930,-0.0785,0.0447,3.6878,5.4788,-0.0785,3.1942,3.7487,2.1338,3.1942,2.2853

1380.2930,0.0450,0.5386,4.3052,6.3430,-0.2020,3.5029,4.1808,2.5351,3.5029,2.6734

1381.2940,0.1684,-0.0788,3.6878,5.4170,0.4155,3.0090,4.2426,2.3087,3.0090,2.4088

1382.2930,0.0450,0.5386,4.7991,5.7257,-0.3255,3.4412,4.3043,2.5145,3.4412,2.6469

1383.2930,0.4153,-0.3257,3.4408,5.4170,-0.0785,3.5029,3.7487,2.1029,3.5029,2.3029

1384.2930,0.1067,-0.6344,4.2434,6.3430,0.1067,2.7003,4.1808,2.3911,2.7003,2.4352

1385.2930,-0.1402,-0.0170,3.6260,5.6022,-0.4489,3.2560,4.3043,2.1544,3.2560,2.3118

1386.2930,-0.3871,-0.8196,3.4408,5.8492,0.2920,3.3177,3.9339,2.0515,3.3177,2.2324

1387.2930,-0.0785,0.2299,3.6878,5.9109,-0.2637,3.1325,4.4278,2.3190,3.1325,2.4352

1388.2930,0.4153,0.2299,3.3173,5.8492,0.0450,3.5029,4.1191,2.3293,3.5029,2.4970

1389.2930,-0.1402,-0.0170,3.9347,6.2813,-0.2020,3.1325,4.5513,2.4014,3.1325,2.5058

1390.2930,0.0450,0.2299,3.3173,5.6022,-0.0785,3.1325,3.8104,2.1544,3.1325,2.2941

1391.2930,0.1684,0.4151,3.9965,6.2196,0.6624,2.7003,4.4278,2.6483,2.7003,2.6557

1392.2930,-0.2019,-0.0788,3.8730,5.6022,0.2920,3.1325,4.7983,2.3808,3.1325,2.4882

1393.2930,0.9092,0.1682,3.7495,5.6640,0.0450,2.8238,3.9339,2.4116,2.8238,2.4705

1394.2930,0.4771,-0.1405,4.2434,5.5405,0.4155,3.0090,4.1191,2.4425,3.0090,2.5234

1395.2930,0.3536,0.0447,4.1817,5.7257,0.0450,3.0090,3.9956,2.3911,3.0090,2.4793

1396.2930,0.4153,0.1065,4.1817,5.7257,0.1685,2.8855,4.2426,2.4734,2.8855,2.5323

1397.2930,-0.2019,-0.2022,3.5643,5.5405,-0.0167,2.8855,4.3043,2.1647,2.8855,2.2677

1398.2930,-0.3254,-0.0170,3.5025,5.9109,-0.0785,2.8238,4.4895,2.2470,2.8238,2.3294

1399.2930,-0.1402,0.7238,3.3173,6.2196,0.0450,3.5029,4.1808,2.3911,3.5029,2.5499

1400.2930,-0.4489,-0.3257,4.1199,5.7874,1.0329,3.1942,4.2426,2.4014,3.1942,2.5146

1401.2930,0.8474,-1.1900,3.8112,5.6640,-0.1402,3.3177,4.3043,2.2161,3.3177,2.3735

1402.2940,0.7240,0.6003,3.5643,5.5405,-0.0785,2.7621,3.8721,2.3705,2.7621,2.4264

1403.2930,-0.0785,-0.1405,4.4286,4.7997,0.4772,2.5769,3.9956,2.2470,2.5769,2.2941

1404.2930,0.7240,0.1065,3.0704,5.6022,-0.2637,2.8238,4.1808,2.2367,2.8238,2.3206

1405.2940,-0.2019,0.2917,3.8730,5.7874,0.2302,2.9473,4.3661,2.3911,2.9473,2.4705

1406.2940,0.0450,0.2299,3.9347,5.8492,0.0450,3.4412,4.4278,2.4219,3.4412,2.5675

1407.2930,0.2919,0.1065,3.4408,5.7874,-0.1402,3.1325,3.7487,2.2058,3.1325,2.3382

1408.2930,-0.0785,0.1065,4.1199,6.2813,0.0450,3.0707,4.4278,2.4837,3.0707,2.5675

1409.2940,0.1067,-0.1405,3.5643,5.6022,-0.0785,3.1942,4.2426,2.2161,3.1942,2.3559

1410.2930,0.1067,-0.2640,4.1199,5.7257,0.1685,2.8855,4.4895,2.3911,2.8855,2.4617

1411.2930,0.0450,0.4151,3.3173,5.8492,0.0450,3.0707,4.0574,2.2882,3.0707,2.4000

1412.2930,-0.0785,0.3534,4.1817,5.4788,0.1067,3.3794,3.9339,2.3293,3.3794,2.4793

1413.2930,0.0450,-0.2640,3.8730,5.4170,0.6624,3.1942,4.1191,2.3088,3.1942,2.4353

1414.2930,0.1684,0.0447,3.4408,5.4170,0.1685,3.0707,3.9339,2.1956,3.0707,2.3206

1415.2930,-0.0168,0.4151,3.8730,5.5405,0.0450,2.7621,4.0574,2.3190,2.7621,2.3823

1416.2930,0.1684,0.2299,3.8730,5.7257,0.1067,3.0707,3.9956,2.3499,3.0707,2.4529

1417.2930,-0.0785,0.1682,3.8730,5.6640,0.0450,3.6264,4.4278,2.3499,3.6264,2.5323

1418.2940,0.1067,0.1065,2.8851,5.8492,-0.2020,3.0707,4.1808,2.1544,3.0707,2.2853

1419.2930,-0.7575,-0.0170,4.3669,5.4170,-0.1402,2.9473,4.3661,2.2059,2.9473,2.3118

1420.2930,-0.0785,-0.3874,3.4408,5.4788,-0.2020,2.8855,4.1191,2.0618,2.8855,2.1795

1421.2930,0.1684,0.1682,3.6260,6.0344,0.3537,3.2560,3.9339,2.3808,3.2560,2.5058

1422.2930,0.2302,0.6621,4.1817,5.8492,0.7242,3.0707,4.6748,2.7203,3.0707,2.7704

1423.2930,0.1684,-0.1405,3.1938,5.9726,0.1685,2.5769,4.0574,2.2367,2.5769,2.2853

1424.2930,0.0450,0.0447,3.6878,5.6640,-0.1402,2.7621,3.9956,2.2161,2.7621,2.2941

1425.2930,0.4771,-0.0788,2.3912,5.9109,0.1067,3.0707,3.5017,2.0515,3.0707,2.1971

1426.2930,-0.0785,0.7856,4.3052,5.9109,0.5389,3.4412,4.2426,2.6174,3.4412,2.7351

1427.2930,-0.2019,-0.0788,3.0704,5.1084,0.1685,2.8855,3.4400,1.9177,2.8855,2.0560

1428.2930,-0.6958,0.2299,4.0582,6.0961,-0.0785,3.4412,4.3043,2.3191,3.4412,2.4794

1429.2930,0.4153,-0.2022,3.8112,5.5405,0.4772,3.1325,4.3661,2.4014,3.1325,2.5058

1430.2930,-0.0785,-0.2640,4.7373,5.8492,0.0450,3.2560,4.2426,2.4219,3.2560,2.5411

1431.2930,0.1067,0.0447,3.7495,5.8492,-0.1402,2.9473,3.6869,2.2161,2.9473,2.3206

1432.2930,0.3536,-0.2022,3.8112,5.5405,-0.0167,3.2560,3.8721,2.2264,3.2560,2.3735

1433.2930,0.1684,0.1065,3.9965,5.9109,-0.3872,3.1325,4.2426,2.3396,3.1325,2.4529

1434.2930,-0.0785,1.5264,3.5643,5.5405,0.1067,2.8855,3.6869,2.3911,2.8855,2.4617

1435.2930,-0.1402,0.1682,4.1817,5.1701,0.0450,3.1325,4.3661,2.2985,3.1325,2.4176

1436.2930,0.0450,0.1065,3.3791,5.2318,-0.2637,2.8855,3.6252,2.0206,2.8855,2.1442

1437.2930,-0.2019,1.5881,3.0704,7.5777,0.0450,3.2560,4.3661,2.7409,3.2560,2.8145

1438.2930,0.2302,0.0447,3.5025,5.5405,-0.3872,2.8238,3.7487,2.1132,2.8238,2.2147

1439.2930,0.5388,-0.3257,3.6878,5.6022,-0.1402,3.1942,3.6869,2.1750,3.1942,2.3206

1440.2940,0.0450,-0.2640,4.0582,5.8492,0.0450,3.3794,4.1808,2.3190,3.3794,2.4705

1441.2930,-0.0785,0.1682,3.7495,5.5405,-0.0167,3.1942,3.8721,2.2058,3.1942,2.3470

1442.2930,-0.1402,0.1065,4.0582,6.3430,-0.0167,3.0090,4.6130,2.4940,3.0090,2.5675

1443.2930,-0.2019,0.5386,3.2556,5.4788,0.0450,3.4412,3.8721,2.1647,3.4412,2.3470

1444.2930,0.0450,0.4151,3.8112,6.0961,-0.0785,2.9473,4.3043,2.4322,2.9473,2.5058

1445.2930,-0.3254,-0.0788,3.4408,5.8492,0.1067,3.0090,4.1808,2.1956,3.0090,2.3118

1446.2930,0.0450,0.1065,4.1199,5.7874,0.1685,3.0090,4.3661,2.4322,3.0090,2.5146

1447.2930,-0.0785,0.2917,3.6878,5.9726,-0.0785,3.4412,4.1191,2.3190,3.4412,2.4793

1448.2930,-0.0785,-0.0170,3.8730,5.3553,-0.2020,3.2560,3.9956,2.1544,3.2560,2.3118

1449.2930,-0.0785,-0.2022,4.2434,5.7874,0.9094,3.1325,4.3661,2.5043,3.1325,2.5940

1450.2930,0.1067,0.2917,3.5025,5.7874,-0.0167,3.3177,4.1191,2.2984,3.3177,2.4441

1451.2930,0.0450,0.0447,4.3052,6.1578,0.1067,3.0707,4.4895,2.5248,3.0707,2.6028

1452.2930,-0.5106,0.1682,3.0086,5.5405,0.1685,3.0090,4.1808,2.0927,3.0090,2.2236

1453.2930,-0.3254,0.1065,3.9347,6.0344,-0.2637,3.0707,4.2426,2.2882,3.0707,2.4000

1454.2930,0.0450,-0.1405,3.8112,5.4788,0.1067,3.0090,4.1191,2.2367,3.0090,2.3470

1455.2930,0.1067,-0.0788,3.6260,5.8492,-0.1402,3.0090,4.4278,2.2985,3.0090,2.4000

1456.2930,0.1684,1.0325,3.6878,6.2196,0.2302,3.6881,4.0574,2.5660,3.6881,2.7263

1457.2930,-0.4489,0.2917,3.2556,6.1578,-0.0167,3.1942,4.3043,2.2573,3.1942,2.3911

1458.2930,0.6622,-0.2022,4.1817,6.1578,0.1685,3.0707,4.2426,2.5351,3.0707,2.6116

1459.2930,-0.0785,-0.0788,3.4408,5.6022,-0.0785,3.1325,4.3043,2.1853,3.1325,2.3206

1460.2930,-0.2019,0.1682,4.5521,6.1578,-0.0785,3.1325,4.8600,2.5763,3.1325,2.6557

1461.2930,-0.0168,0.3534,3.1938,5.6022,0.4772,3.1325,3.9339,2.2573,3.1325,2.3823

1462.2930,-0.4489,0.4151,3.8730,6.0961,0.2302,3.0090,4.3043,2.4117,3.0090,2.4970

1463.2940,0.0450,0.3534,4.0582,6.0961,-0.1402,3.0707,4.3043,2.4528,3.0707,2.5411

1464.2930,0.0450,-0.0170,3.9347,5.6022,0.2920,2.8238,4.1808,2.3396,2.8238,2.4088

1465.2940,0.0450,0.6621,4.3669,6.4665,0.6007,2.7003,4.4278,2.7615,2.7003,2.7528

1466.2940,-0.1402,0.3534,2.8851,5.4788,-0.0167,3.0707,3.8104,2.0618,3.0707,2.2059

1467.2930,-0.4489,0.0447,4.2434,6.0344,-0.0785,3.0707,4.3661,2.3602,3.0707,2.4617

1468.2930,-0.0785,-0.0788,3.3791,5.6022,0.0450,3.0707,3.5017,2.0618,3.0707,2.2059

1469.2930,-0.3254,0.4151,4.1817,6.2196,1.5886,3.5029,5.0452,2.8541,3.5029,2.9468

1470.2930,0.1067,-0.1405,3.8112,5.6640,-0.1402,3.0090,4.3661,2.2779,3.0090,2.3823

1471.2930,0.2919,-0.1405,3.8112,6.4048,0.1685,1.5274,4.6130,2.5248,1.5274,2.3823

1472.2930,0.1067,0.1682,4.3052,6.0344,-0.2020,3.1325,4.1808,2.4322,3.1325,2.5323

1473.2930,0.1684,0.1065,3.3173,5.5405,0.0450,3.1942,4.0574,2.2058,3.1942,2.3470

1474.2930,-0.0785,-0.0170,3.9347,6.0961,0.0450,3.0707,4.6748,2.4425,3.0707,2.5323

1475.2930,0.2919,0.0447,3.4408,5.6022,-0.3255,3.1325,3.8104,2.1441,3.1325,2.2853

1476.2930,0.1067,-0.0788,4.1199,5.9109,-0.0785,3.5029,4.0574,2.3396,3.5029,2.5058

1477.2930,-0.2637,1.2794,3.8730,4.9849,0.6624,3.1325,4.3043,2.4734,3.1325,2.5676

1478.2930,0.0450,0.0447,3.9965,6.0344,0.3537,3.0090,4.6748,2.5248,3.0090,2.5940

1479.2930,-0.0785,0.2917,3.4408,5.9726,-0.0785,3.5646,4.3043,2.3087,3.5646,2.4882

1480.2930,-0.0785,0.9090,3.5643,5.8492,0.1685,3.1325,3.8104,2.3705,3.1325,2.4793

1481.2930,-0.0785,0.7238,4.2434,5.8492,0.2302,2.8855,4.4278,2.5660,2.8855,2.6116

1482.2940,-0.0785,0.7856,3.1321,5.6640,-0.9429,3.5646,3.6869,2.0412,3.5646,2.2588

1483.2930,-0.3871,-0.0788,3.8730,5.2318,-0.3255,2.8855,4.1191,2.0721,2.8855,2.1883

1484.2930,0.1684,-0.0170,3.5025,5.6640,0.0450,3.2560,4.1191,2.2470,3.2560,2.3911

1485.2930,-0.0168,0.4151,3.9347,6.4048,0.1067,3.1942,4.1191,2.4940,3.1942,2.5940

1486.2930,0.1067,0.2917,3.3173,5.2936,0.1067,3.0707,3.8721,2.1647,3.0707,2.2941

1487.2930,-0.2637,0.1065,3.4408,5.6640,-0.5107,3.0090,3.6869,2.0206,3.0090,2.1618

1488.2930,-0.1402,-0.2640,3.8112,5.5405,-0.0167,3.0090,4.3661,2.2161,3.0090,2.3294

1489.2930,0.2302,-0.1405,3.4408,5.6022,-0.0167,3.1325,3.9339,2.1750,3.1325,2.3118

1490.2930,-0.0168,0.4151,4.0582,6.2813,-0.2020,3.5029,4.1808,2.4528,3.5029,2.6028

1491.2930,0.3536,-0.2022,3.4408,5.4788,0.2302,2.8855,3.9339,2.2058,2.8855,2.3029

1492.2930,0.8474,0.4769,5.0460,6.2196,0.6007,2.9473,5.1070,3.0496,2.9473,3.0350

1493.2930,-0.0785,-0.0170,3.1938,5.3553,-0.0785,3.0090,3.9339,2.0515,3.0090,2.1883

1494.2930,0.4771,-0.0170,4.4904,5.9726,0.4772,3.3177,4.9217,2.7203,3.3177,2.8057

1495.2930,-0.0785,0.1682,3.1938,6.5283,0.2302,2.3299,3.9339,2.3293,2.3299,2.3294

1496.2940,-0.0785,0.3534,3.2556,5.4788,-0.1402,3.1325,3.8721,2.1235,3.1325,2.2677

1497.2930,-0.8809,0.6003,3.8112,6.2196,0.1067,3.3177,4.4278,2.3808,3.3177,2.5146

1498.2930,-0.2019,-0.1405,2.0208,5.4788,0.6007,3.0090,3.8721,1.9383,3.0090,2.0913

1499.2930,-0.0168,-0.0788,4.3669,6.2813,-0.0167,2.8238,4.3661,2.4837,2.8238,2.5323

1500.2930,0.0450,-0.1405,3.1938,5.2318,-0.1402,3.0090,3.6869,1.9795,3.0090,2.1265

1501.2930,0.7857,-0.0788,3.8730,6.2813,0.4772,3.6264,3.7487,2.5145,3.6264,2.6734

1502.2930,0.0450,-0.0170,3.1938,4.8614,0.0450,2.7003,3.8104,1.9898,2.7003,2.0913

1503.2940,-0.3254,-0.5109,3.3791,5.4170,1.2181,3.1942,4.0574,2.2059,3.1942,2.3471

1504.2930,0.5388,0.4151,3.9965,5.7257,0.4155,3.1325,4.4895,2.5968,3.1325,2.6734

1505.2930,-0.0168,0.0447,3.5643,5.9109,0.4772,2.7621,4.2426,2.3705,2.7621,2.4264

1506.2930,-0.0785,-0.0788,3.9965,6.1578,0.1685,3.3794,4.3661,2.4219,3.3794,2.5587

1507.2930,0.2919,0.5386,3.8112,6.0344,-0.6342,3.5029,4.1191,2.3602,3.5029,2.5234

1508.2940,-0.0168,-0.2022,3.6260,5.8492,-0.0785,3.1325,4.0574,2.2058,3.1325,2.3382

1509.2940,0.0450,0.7856,3.6260,5.8492,0.0450,3.1942,3.8104,2.3602,3.1942,2.4793

1510.2930,0.1684,0.2917,3.6878,5.4788,0.2302,3.1325,3.7487,2.2676,3.1325,2.3911

1511.2930,0.4771,-0.7579,3.8730,5.4170,0.3537,3.3177,3.9339,2.2161,3.3177,2.3735

1512.2930,0.1684,0.3534,3.1321,5.4170,0.7242,3.1325,3.8104,2.2676,3.1325,2.3911

1513.2930,-0.1402,0.2917,4.3669,5.9726,-0.2637,2.9473,4.4895,2.4528,2.9473,2.5234

1514.2940,-0.0785,-0.0170,2.8234,5.2936,-0.1402,3.6264,4.1808,2.0103,3.6264,2.2412

1515.2930,0.1067,0.2917,4.2434,5.9109,0.0450,3.0707,4.4278,2.5042,3.0707,2.5852

1516.2930,0.0450,-0.1405,3.4408,5.8492,-0.0785,3.3794,4.0574,2.1956,3.3794,2.3647

1517.2940,-0.0168,0.4769,2.8851,5.7874,0.0450,3.1325,3.9339,2.1853,3.1325,2.3206

1518.2930,0.0450,-0.0788,4.1199,5.6022,-0.2637,2.8855,4.7365,2.3602,2.8855,2.4352

1519.2930,0.2302,0.0447,3.2556,5.4788,0.0450,2.9473,3.8721,2.1544,2.9473,2.2677

1520.2940,-0.2019,0.1682,3.9965,6.0344,-0.0167,3.1942,4.3043,2.3808,3.1942,2.4970

1521.2940,0.4771,0.1065,4.0582,5.4170,0.4772,3.0707,4.6748,2.5351,3.0707,2.6116

1522.2930,0.2302,-0.0788,4.3669,6.0961,-0.2020,2.7621,3.9956,2.4013,2.7621,2.4529

1523.2930,0.2302,-0.0788,3.6878,5.7874,-0.0785,3.0090,4.1191,2.2779,3.0090,2.3823

1524.2940,-0.2637,-0.0170,2.8851,5.9726,-0.0785,3.3177,3.9956,2.0824,3.3177,2.2588

1525.2930,0.0450,0.4151,3.9965,5.9726,-0.0167,3.0090,3.8721,2.3808,3.0090,2.4705

1526.2930,0.0450,-0.3257,3.4408,5.4170,0.0450,2.9473,4.0574,2.1132,2.9473,2.2324

1527.2930,0.0450,-0.1405,4.5521,5.9109,-0.2637,3.1942,3.9339,2.3396,3.1942,2.4617

1528.2930,0.1684,0.0447,3.5643,5.4788,0.1685,3.0707,3.8721,2.2161,3.0707,2.3382

1529.2940,0.0450,-0.2022,4.4286,6.0961,-0.0167,2.8238,4.3661,2.4528,2.8238,2.5058

1530.2940,-0.3254,-0.2022,3.4408,5.6022,0.1685,3.0707,4.1808,2.1441,3.0707,2.2765

1531.2930,0.4771,0.1065,4.3052,6.3430,0.1067,3.1942,4.1808,2.5866,3.1942,2.6734

1532.2930,-0.0168,-0.0170,3.9965,5.4788,-0.2637,3.0707,3.9339,2.1853,3.0707,2.3118

1533.2930,0.0450,0.1065,3.5025,5.7874,0.0450,2.8238,4.3661,2.3087,2.8238,2.3823

1534.2930,0.2302,-0.0788,4.4286,6.0344,0.1685,2.9473,4.7365,2.5866,2.9473,2.6381

1535.2930,-0.0785,0.1682,3.0704,5.4170,-0.3872,3.6264,3.9339,2.0206,3.6264,2.2500

1536.2930,0.0450,-0.0170,4.4904,5.9726,0.2302,3.1942,4.3043,2.5043,3.1942,2.6028

1537.2930,0.1684,0.0447,3.2556,5.9726,-0.0167,3.3794,4.3043,2.2882,3.3794,2.4441

1538.2930,-0.2637,-0.0170,3.6260,5.7257,-0.3872,3.1942,3.8721,2.0927,3.1942,2.2500

1539.2930,-0.0785,-0.0788,3.6260,5.6022,-0.0167,3.0707,3.9339,2.1647,3.0707,2.2941

1540.2930,0.4153,-0.0788,3.9965,5.8492,0.4155,3.0707,4.1808,2.4631,3.0707,2.5499

1541.2930,0.1684,-0.2022,4.4904,5.7874,0.2302,3.0090,4.7365,2.5351,3.0090,2.6028

1542.2940,0.0450,-0.2640,3.4408,5.2318,0.0450,3.5646,3.8721,2.0618,3.5646,2.2765

1543.2940,-0.2019,-0.1405,4.4904,6.5283,0.1685,2.8855,4.0574,2.4837,2.8855,2.5411

1544.2940,-0.0785,0.3534,4.1199,5.4788,0.0450,2.8855,4.3661,2.3808,2.8855,2.4529

1545.2940,0.1067,-0.0170,4.7373,6.8369,0.1685,2.8238,4.3043,2.6895,2.8238,2.7087

1546.2930,-0.0168,-0.0788,3.9347,5.4788,0.4772,3.1942,4.3043,2.3499,3.1942,2.4705

1547.2930,0.6622,-0.0170,3.3791,5.7257,-0.3255,3.3794,3.8104,2.2058,3.3794,2.3735

1548.2930,0.7240,0.2917,4.6139,5.8492,-0.4489,3.2560,4.1808,2.5351,3.2560,2.6381

1549.2930,-0.2019,-0.5726,3.8730,5.7257,0.0450,3.0707,3.8721,2.1235,3.0707,2.2589

1550.2930,0.4153,0.3534,4.1817,6.0344,0.2302,3.1942,4.4278,2.6071,3.1942,2.6910

1551.2930,-0.2019,0.0447,3.3173,5.2318,0.1685,3.0707,3.8721,2.0721,3.0707,2.2148

1552.2930,0.6005,-0.1405,4.7991,5.9726,0.3537,2.9473,4.3661,2.6586,2.9473,2.6998

1553.2930,-0.0785,0.2299,3.8112,5.2936,0.1685,3.3794,3.5634,2.1647,3.3794,2.3382

1554.2930,-0.0785,-0.2022,3.9965,5.9726,0.2302,3.1325,4.0574,2.3293,3.1325,2.4441

1555.2930,-0.0168,0.2299,3.9347,6.4665,-1.4368,4.1203,4.0574,2.2058,4.1203,2.4793

1556.2930,0.2302,-0.0788,3.1321,5.5405,-1.5603,3.6881,3.5634,1.8045,3.6881,2.0736

1557.2950,-0.2637,0.1065,3.9347,6.1578,0.2302,3.0090,4.7983,2.4940,3.0090,2.5675

1558.2930,-0.0168,0.1065,3.1938,5.2936,0.2302,4.0585,4.1191,2.1544,4.0585,2.4264

1559.2940,-0.0785,0.0447,4.1199,6.2813,-0.2637,3.2560,4.4278,2.4219,3.2560,2.5411

1560.2930,-0.2019,0.1065,3.2556,5.1701,-0.2637,2.8855,3.8104,1.9795,2.8855,2.1089

1561.2930,0.2302,0.4769,4.1199,5.8492,0.0450,2.5769,4.3661,2.5145,2.5769,2.5234

1562.2940,-0.0168,0.2299,3.6260,5.9109,-0.0785,3.0090,4.4895,2.3602,3.0090,2.4529

1563.2930,0.2302,0.0447,4.1199,5.8492,0.1067,3.1325,4.4895,2.4734,3.1325,2.5675

1564.2930,0.0450,0.2299,3.5643,5.9109,-0.0785,3.0707,4.3661,2.3396,3.0707,2.4441

1565.2940,-0.3254,0.1065,3.5643,5.8492,-0.3255,3.9968,3.6252,2.0824,3.9968,2.3559

1566.2940,-0.0785,0.7238,4.3052,6.5900,0.1685,3.5646,4.3661,2.6792,3.5646,2.8057

1567.2930,-0.2019,0.0447,2.8234,5.5405,-0.2637,3.1325,3.9956,1.9898,3.1325,2.1530

1568.2930,-0.2019,0.2299,3.0086,6.2196,-0.5107,2.5769,3.8104,2.0926,2.5769,2.1618

1569.2930,-0.0785,1.3412,3.6878,5.6022,0.1067,3.0707,3.8721,2.4219,3.0707,2.5146

1570.2940,0.4771,-0.0788,4.3052,5.7874,0.4772,2.8855,4.6130,2.5969,2.8855,2.6381

1571.2930,0.2919,0.0447,3.9965,5.6022,-0.0167,2.8238,3.9339,2.3087,2.8238,2.3823

1572.2930,-0.0785,0.4769,3.3791,6.1578,-2.3012,3.9350,3.5634,1.8662,3.9350,2.1618

1573.2930,0.1684,0.4151,4.3052,5.9726,0.2920,2.8855,4.7365,2.6483,2.8855,2.6822

1574.2930,0.1684,-0.1405,3.3791,5.2936,0.2302,3.0090,4.1191,2.1750,3.0090,2.2941

1575.2930,-0.0785,0.5386,4.3669,6.4665,-0.0167,3.2560,4.3661,2.6071,3.2560,2.6998

1576.2930,-0.2637,0.0447,3.5025,5.6022,-0.0785,3.1325,4.0574,2.1441,3.1325,2.2853

1577.2930,-0.0785,-0.0170,4.0582,6.2196,-0.0785,2.9473,4.0574,2.3602,2.9473,2.4441

1578.2930,-0.6340,-0.2640,3.1938,5.1084,-0.2020,2.7003,4.0574,1.8766,2.7003,1.9943

1579.2930,-0.0785,-0.0170,3.8112,5.8492,0.2920,3.0090,4.2426,2.3499,3.0090,2.4441

1580.2930,-0.0168,0.2299,3.8112,5.9726,-0.1402,3.3177,4.1808,2.3396,3.3177,2.4793

1581.2930,-0.3871,0.0447,3.0086,5.8492,-0.2637,3.1325,3.8721,2.0206,3.1325,2.1795

1582.2930,-0.6340,0.3534,3.3791,6.0344,-0.2020,3.0090,4.3043,2.2059,3.0090,2.3206

1583.2930,1.2795,0.2299,3.3173,5.2936,-0.5107,2.7003,4.1191,2.2881,2.7003,2.3470

1584.2930,-0.1402,-0.1405,4.3052,5.9109,-0.1402,3.1325,4.1808,2.3293,3.1325,2.4441

1585.2930,0.2919,-0.0788,3.3173,5.7874,-0.3255,3.1942,3.7487,2.1235,3.1942,2.2765

1586.2940,0.1067,-0.0788,3.8112,6.4665,0.1685,3.4412,4.1191,2.4322,3.4412,2.5763

1587.2930,0.1067,-0.3257,4.1199,5.6640,-0.0167,3.0090,4.3043,2.3087,3.0090,2.4088

1588.2930,0.1684,0.1065,3.1321,5.7874,-0.2637,3.1942,4.0574,2.1647,3.1942,2.3118

1589.2940,0.6622,0.6621,4.5521,5.5405,0.2920,3.0707,4.3661,2.6792,3.0707,2.7351

1590.2930,0.1067,-0.0788,3.3173,5.5405,0.2302,3.5646,4.1191,2.2058,3.5646,2.4000

1591.2940,-0.3254,-0.0170,4.1199,6.0344,-0.5107,3.0707,5.0452,2.3911,3.0707,2.4882

1592.2930,0.0450,0.1065,3.5643,5.9109,-0.1402,3.0707,4.1191,2.2676,3.0707,2.3823

1593.2930,0.2302,0.7856,3.9347,5.9726,-0.3255,3.1942,4.4895,2.5145,3.1942,2.6116

1594.2930,-0.2019,0.0447,3.9347,6.1578,-0.1402,3.0707,3.9956,2.2985,3.0707,2.4088

1595.2940,0.4153,-0.3257,3.2556,5.7257,0.3537,3.4412,4.6748,2.3499,3.4412,2.5058

1596.2930,-0.0785,0.1682,4.4904,4.3675,0.3537,2.7003,4.4278,2.2882,2.7003,2.3471

1597.2940,-0.2019,0.2299,3.1321,5.0466,-0.2637,3.1942,3.8721,1.9692,3.1942,2.1442

1598.2930,0.0450,-0.7579,3.9347,5.9109,-0.2020,2.8238,4.7983,2.2882,2.8238,2.3647

1599.2940,-0.5723,-0.0170,3.5025,6.8987,0.1685,3.1942,4.2426,2.3705,3.1942,2.4882

1600.2940,-0.0785,-0.2022,3.7495,5.9726,-0.1402,3.1942,3.9956,2.2161,3.1942,2.3559

1601.2930,0.1067,0.7238,3.6878,5.4170,0.1685,3.5029,4.1191,2.3705,3.5029,2.5323

1602.2940,-0.2019,-0.1405,3.5643,5.7874,-0.0785,3.1942,3.8104,2.1235,3.1942,2.2765

1603.2930,-0.1402,-0.0170,4.1199,6.0344,-0.2020,3.1942,4.4895,2.3808,3.1942,2.4970

1604.2930,0.1067,-0.0788,3.8112,5.4788,0.2302,3.1942,3.9339,2.2470,3.1942,2.3823

1605.2930,-0.5723,-0.2640,4.5521,5.9109,0.1067,3.1942,4.4895,2.3705,3.1942,2.4882

1606.2930,0.1067,-0.1405,3.0704,5.2936,-0.2020,3.0707,3.9956,2.0206,3.0707,2.1706

1607.2940,-0.2019,-0.0170,3.9347,6.2813,-0.4489,1.2187,3.6252,2.1956,1.2187,2.0560

1608.2930,-0.0785,-0.0170,3.3173,5.3553,-0.0167,3.4412,3.8721,2.0721,3.4412,2.2677

1609.2930,0.0450,0.7238,3.8730,5.9726,0.1067,3.1942,3.8721,2.4322,3.1942,2.5411

1610.2940,-0.0168,-0.0788,3.6878,6.3430,0.0450,3.1325,5.2304,2.5351,3.1325,2.6205

1611.2930,0.4153,-0.1405,4.2434,5.7257,0.0450,2.9473,4.0574,2.3911,2.9473,2.4705

1612.2930,-0.0785,0.3534,3.8730,6.0344,0.0450,3.1325,4.2426,2.4116,3.1325,2.5146

1613.2930,0.4153,0.1682,3.8112,5.4788,-0.0785,2.5151,3.8721,2.2779,2.5151,2.3118

1614.2930,0.0450,-0.0170,3.9965,5.9109,-0.3872,2.6386,3.8721,2.2367,2.6386,2.2941

1615.2940,0.1684,0.0447,3.6878,5.4788,0.0450,3.1325,4.1191,2.2573,3.1325,2.3823

1616.2940,0.1067,0.1065,3.9347,6.3430,-0.3255,3.4412,4.0574,2.3705,3.4412,2.5234

1617.2940,0.5388,0.1065,4.2434,5.9726,0.2302,3.3177,4.5513,2.6071,3.3177,2.7086

1618.2930,-0.3254,0.1065,3.1938,6.1578,0.1685,4.1203,4.3043,2.2676,4.1203,2.5323

1619.2940,-0.7575,-0.5726,5.2930,5.8492,0.1685,2.9473,4.0574,2.3396,2.9473,2.4265

1620.2930,0.1684,0.1065,3.3791,5.6022,-0.0167,3.2560,3.9956,2.2058,3.2560,2.3559

1621.2940,0.2302,0.6003,4.4904,6.4048,-0.1402,2.8855,4.6130,2.6997,2.8855,2.7263

1622.2930,-0.0168,0.2299,2.8851,5.6022,-0.1402,2.9473,3.8104,2.0618,2.9473,2.1883

1623.2930,-0.0785,0.1065,4.1817,5.9726,-0.1402,2.9473,4.3043,2.3911,2.9473,2.4705

1624.2930,0.1067,1.2177,4.2434,6.5900,0.0450,3.8733,4.3661,2.7615,3.8733,2.9203

1625.2930,0.1067,0.1065,4.1817,6.0961,-0.0785,3.1325,3.9956,2.4013,3.1325,2.5058

1626.2940,0.3536,0.1065,4.4904,6.1578,0.2920,3.1325,4.6130,2.6689,3.1325,2.7351

1627.2940,-0.1402,0.5386,3.2556,5.4170,0.2302,3.0090,3.8104,2.1853,3.0090,2.3029

1628.2930,0.0450,0.2299,3.8730,5.4788,-0.2637,3.2560,4.4895,2.3087,3.2560,2.4441

1629.2930,0.1067,-0.2640,3.4408,5.2318,0.1067,3.1942,4.3661,2.1647,3.1942,2.3118

1630.2930,0.1067,-0.2640,4.3052,6.0344,0.2920,2.5151,4.3043,2.4631,2.5151,2.4705

1631.2930,-0.0785,-0.0788,3.5643,5.2936,-0.0785,3.1325,3.9956,2.1030,3.1325,2.2500

1632.2930,-0.0785,1.2794,2.8234,6.5283,-0.9429,3.1942,3.8721,2.2470,3.1942,2.3823

1633.2930,0.1684,-0.2022,3.6878,6.0344,0.5389,2.9473,4.0574,2.3808,2.9473,2.4617

1634.2930,0.5388,0.4151,4.2434,6.0344,0.7242,3.2560,4.7365,2.7821,3.2560,2.8498

1635.2930,0.1067,-0.0788,4.1817,6.4665,0.1067,3.1325,4.1808,2.4940,3.1325,2.5852

1636.2930,0.2919,0.0447,3.1938,5.2936,0.2302,3.7498,4.4895,2.2573,3.7498,2.4705

1637.2940,-0.0785,0.0447,4.4904,6.0961,-0.0167,2.8855,4.3661,2.4837,2.8855,2.5411

1638.2930,0.2919,0.0447,3.2556,5.6022,0.2302,2.8855,3.9339,2.2264,2.8855,2.3206

1639.2930,-0.0785,-0.3257,3.9347,6.5283,0.0450,2.9473,4.5513,2.4425,2.9473,2.5146

1640.2930,-0.0785,-0.1405,4.2434,5.9726,0.1685,2.8855,4.6130,2.4631,2.8855,2.5234

1641.2940,-0.3254,0.0447,3.4408,5.6022,-0.0785,3.3177,3.8104,2.0824,3.3177,2.2589

1642.2930,-0.0785,0.1065,3.8730,5.6640,-0.0167,3.1325,4.3661,2.3190,3.1325,2.4352

1643.2930,-0.0168,0.6003,3.3173,5.2318,0.2920,3.1325,3.8104,2.2058,3.1325,2.3382

1644.2930,0.2919,-0.0788,4.7373,6.0344,0.2920,3.2560,4.3661,2.6071,3.2560,2.6998

1645.2930,0.3536,0.2299,3.4408,5.6640,0.3537,3.2560,4.1808,2.3705,3.2560,2.4970

1646.2930,-0.3871,-0.3257,3.6260,5.9109,0.9094,3.1942,4.4278,2.3602,3.1942,2.4794

1647.2930,-0.0785,0.1682,3.6878,5.7257,-0.0167,3.1325,3.9339,2.2367,3.1325,2.3647

1648.2930,-0.2637,-0.3257,3.2556,5.8492,0.0450,3.7498,4.1808,2.1235,3.7498,2.3559

1649.2930,0.3536,-0.0788,4.4904,5.9726,0.2302,3.0707,4.4278,2.5660,3.0707,2.6381

1650.2940,-0.1402,-0.2640,2.8851,5.4788,0.2920,3.0090,4.4278,2.1132,3.0090,2.2412

1651.2930,0.2302,-0.0788,4.7991,6.1578,0.1685,2.9473,4.4895,2.6277,2.9473,2.6734

1652.2940,0.2919,-0.1405,3.4408,5.3553,-0.0785,2.8238,3.9956,2.1441,2.8238,2.2412

1653.2930,-0.0168,0.8473,3.9965,6.2196,-0.2020,2.9473,4.3661,2.5351,2.9473,2.5940

1654.2930,0.5388,0.0447,4.1199,5.4788,-0.0785,2.8238,3.9956,2.3499,2.8238,2.4176

1655.2940,0.0450,-0.0170,3.1938,5.9109,-0.2020,2.3917,4.3043,2.2058,2.3917,2.2324

1656.2930,0.0450,0.3534,4.4904,6.0344,0.2920,3.0090,4.6748,2.6483,3.0090,2.6998

1657.2930,0.6622,-0.0788,3.3791,5.6022,0.1067,3.0707,4.1808,2.3087,3.0707,2.4176

1658.2940,-0.3254,-0.2640,4.0582,5.8492,-0.0785,3.0707,4.3661,2.2676,3.0707,2.3823

1659.2930,-0.0785,0.0447,3.7495,5.7257,0.2302,3.1325,4.0574,2.2882,3.1325,2.4088

1660.2930,0.0450,-0.0170,4.6139,6.0961,-0.1402,3.0090,4.2426,2.4734,3.0090,2.5499

1661.2930,-0.1402,0.6003,3.5025,5.7257,0.1685,3.3794,4.2426,2.3499,3.3794,2.4970

1662.2940,-0.0785,0.1682,3.4408,5.7874,-0.0167,3.1325,4.2426,2.2573,3.1325,2.3823

1663.2930,-0.0785,0.2917,4.3052,6.0961,-0.0167,3.0090,4.3043,2.4837,3.0090,2.5587

1664.2940,-0.0168,-0.1405,2.9469,5.5405,0.0450,2.9473,4.9835,2.2264,2.9473,2.3294

1665.2930,-0.0785,-0.2640,4.3669,5.8492,-0.0167,2.7621,4.3661,2.3705,2.7621,2.4264

1666.2930,-0.1402,0.0447,3.3173,5.5405,-0.0167,1.9595,4.1808,2.1544,1.9595,2.1266

1667.2930,0.2302,-0.2022,4.1199,5.9726,-0.1402,3.3177,4.3043,2.3808,3.3177,2.5146

1668.2930,-0.0785,0.1682,3.5643,4.9231,0.1067,3.0090,3.8721,2.0927,3.0090,2.2236

1669.2930,0.1684,-0.0788,3.9347,6.0961,-0.1402,3.0707,4.1808,2.3602,3.0707,2.4617

1670.2940,-0.0168,-0.1405,4.6756,6.4665,0.0450,2.7003,5.0452,2.6792,2.7003,2.6822

1671.2940,0.1067,-0.0788,3.6878,5.8492,0.1067,2.8855,4.2426,2.3190,2.8855,2.4000

1672.2930,-0.2019,0.0447,4.3052,5.9726,-0.1402,3.0707,4.1808,2.3602,3.0707,2.4617

1673.2930,0.1067,-0.3874,3.6260,5.1701,0.2920,2.7621,4.5513,2.2264,2.7621,2.3030

1674.2930,-0.1402,0.0447,3.9347,5.9726,-0.1402,3.2560,4.1808,2.3087,3.2560,2.4441

1675.2930,0.0450,-0.0788,3.4408,5.3553,-0.0167,3.3177,3.9339,2.1132,3.3177,2.2853

1676.2930,0.0450,-0.2640,4.1817,6.5283,0.4772,3.0090,4.2426,2.5351,3.0090,2.6028

1677.2930,-0.2019,0.2917,3.9965,5.7257,0.0450,3.1325,3.9956,2.3088,3.1325,2.4264

1678.2930,0.2919,-0.0170,4.1817,5.9109,0.4772,3.3177,4.1808,2.5042,3.3177,2.6205

1679.2940,0.2919,0.2917,4.6756,5.5405,0.0450,3.2560,3.9956,2.4734,3.2560,2.5852

1680.2930,0.1684,0.2917,3.3173,5.4170,0.2920,3.3177,3.8721,2.2264,3.3177,2.3823

1681.2930,-0.0785,-0.0788,4.4904,7.2073,0.2302,3.0707,4.4895,2.7100,3.0707,2.7616

1682.2930,-0.1402,-0.0170,4.1817,6.0344,0.4155,2.2682,4.1191,2.4322,2.2682,2.4088

1683.2930,0.0450,0.0447,4.2434,5.7257,0.1067,3.1942,4.4895,2.4425,3.1942,2.5499

1684.2930,-0.0168,0.2299,3.5643,5.6022,-0.0785,3.3177,4.2426,2.2573,3.3177,2.4088

1685.2930,0.4153,-0.0170,3.5643,5.9726,0.2302,3.6264,4.7365,2.4837,3.6264,2.6469

1686.2930,-0.3254,0.6621,3.5643,5.7257,-0.2637,3.2560,4.5513,2.3190,3.2560,2.4529

1687.2940,-0.1402,0.2917,3.2556,5.9726,0.0450,3.0090,4.2426,2.2779,3.0090,2.3823

1688.2930,0.1067,0.1065,4.2434,5.5405,-0.1402,3.1325,4.2426,2.3499,3.1325,2.4617

1689.2930,0.0450,0.2917,3.6878,5.2936,-0.1402,3.2560,3.8721,2.1750,3.2560,2.3294

1690.2930,0.0450,0.9708,4.6756,6.2813,-0.0167,2.8855,4.6130,2.7615,2.8855,2.7792

1691.2930,0.4153,0.1682,3.4408,5.7257,0.1685,3.1942,4.1191,2.3396,3.1942,2.4617

1692.2930,0.2302,-0.0788,4.0582,6.0961,-0.0167,3.1325,4.3661,2.4425,3.1325,2.5411

1693.2940,0.0450,0.1682,4.0582,6.1578,-0.0785,3.3177,4.3043,2.4425,3.3177,2.5675

1694.2940,0.0450,-0.0788,3.3791,5.5405,0.0450,2.8855,4.1808,2.1853,2.8855,2.2853

1695.2930,0.1067,-0.1405,4.4904,5.9726,-0.0785,3.3177,3.9956,2.3911,3.3177,2.5234

1696.2930,-0.0785,0.5386,3.1321,6.1578,0.1067,3.2560,4.3661,2.3705,3.2560,2.4970

1697.2930,0.1684,-0.0788,5.0460,6.3430,0.5389,3.3177,4.8600,2.8130,3.3177,2.8851

1698.2930,-0.0785,-0.0170,3.4408,5.4788,0.4155,3.0090,4.3043,2.2573,3.0090,2.3647

1699.2930,0.2919,-0.0170,4.0582,5.7257,-0.0167,3.0090,4.2426,2.3808,3.0090,2.4705

1700.2930,-0.1402,0.9708,4.1199,6.2813,0.1685,3.0707,4.1191,2.5866,3.0707,2.6557

1701.2930,0.1684,-0.0788,4.8608,5.9726,0.1685,3.0707,4.2426,2.5557,3.0707,2.6293

1702.2940,-0.0168,0.2917,4.4904,7.0221,-0.0167,3.3177,4.4278,2.6997,3.3177,2.7880

1703.2930,0.0450,-0.0788,3.4408,5.4788,0.3537,2.9473,4.1808,2.2367,2.9473,2.3382

1704.2930,-0.0785,0.7238,4.4904,6.7752,0.1685,3.1325,4.5513,2.7718,3.1325,2.8233

1705.2940,-0.0168,-0.0788,3.8730,5.2318,0.4155,2.9473,4.7365,2.3602,2.9473,2.4441

1706.2930,-0.2637,0.0447,4.6139,5.9109,0.4155,2.9473,4.6748,2.5660,2.9473,2.6205

1707.2930,-0.3254,-0.2640,3.8730,5.4170,-0.0167,2.6386,4.1808,2.1441,2.6386,2.2148

1708.2930,0.6622,-0.0788,4.5521,5.9726,0.4155,3.1942,4.3043,2.6380,3.1942,2.7175

1709.2930,0.2302,-0.0788,4.5521,5.6022,1.0329,3.3177,3.9339,2.5454,3.3177,2.6557

1710.2940,-0.0168,0.0447,3.9347,4.9849,0.1067,3.1942,4.3661,2.2367,3.1942,2.3735

1711.2930,-0.5106,0.1682,4.1199,6.0344,-0.3872,3.2560,3.9956,2.2367,3.2560,2.3823

1712.2930,0.0450,-0.1405,3.3173,5.7874,-0.2020,2.9473,3.9956,2.1338,2.9473,2.2500

1713.2930,0.1684,-0.0788,4.6139,6.2196,0.1067,3.0090,4.4895,2.5866,3.0090,2.6469

1714.2940,-0.1402,-0.3874,4.3669,5.9726,-0.3255,2.8238,4.4278,2.3190,2.8238,2.3911

1715.2940,-0.0785,-0.1405,3.3791,6.0344,0.1067,3.9350,4.3043,2.2676,3.9350,2.5058

1716.2930,0.1684,-0.0788,3.9347,6.2196,0.3537,2.6386,4.3043,2.4837,2.6386,2.5058

1717.2940,0.0450,-0.0170,3.9965,5.2318,0.2920,2.8855,4.0574,2.2676,2.8855,2.3559

1718.2930,0.0450,0.1682,4.3052,5.9726,-0.0167,2.8238,4.1808,2.4425,2.8238,2.4970

1719.2940,0.4771,-0.2022,3.1938,5.9726,0.3537,3.0090,3.8721,2.2779,3.0090,2.3823

1720.2930,-0.0168,-0.1405,4.3052,5.7257,-0.0167,3.1325,4.3661,2.3705,3.1325,2.4793

1721.2930,0.1067,-0.0170,3.7495,5.7257,0.2302,3.0707,4.4278,2.3705,3.0707,2.4705

1722.2930,0.0450,0.1065,4.4904,6.5283,-0.2020,2.8238,4.3661,2.5557,2.8238,2.5940

1723.2930,0.0450,-0.0788,3.7495,5.8492,0.1685,2.8855,4.7365,2.4116,2.8855,2.4793

1724.2940,0.2302,-0.0788,3.3173,5.8492,0.1685,3.0707,3.9339,2.2367,3.0707,2.3559

1725.2930,-0.1402,0.2299,4.4904,5.8492,0.1685,3.0090,4.3661,2.4940,3.0090,2.5675

1726.2930,0.0450,0.1682,3.3173,5.6640,-0.0167,3.1325,3.9956,2.1956,3.1325,2.3294

1727.2930,0.0450,-0.5726,4.6139,6.0344,-0.0167,2.7621,4.6130,2.4528,2.7621,2.4970

1728.2930,0.1067,0.2917,3.8112,5.5405,-0.3872,3.1942,4.2426,2.2676,3.1942,2.4000

1729.2930,-0.0785,-0.0788,3.9965,5.9726,0.1685,2.9473,4.2426,2.3705,2.9473,2.4529

1730.2930,0.1684,-0.8196,4.0582,5.8492,0.3537,2.9473,4.2426,2.3088,2.9473,2.4000

1731.2930,0.4153,0.4769,3.8112,5.7874,0.2920,2.8855,4.2426,2.5042,2.8855,2.5587

1732.2940,0.1067,0.1065,4.4904,6.4048,-0.0167,3.3177,4.5513,2.6071,3.3177,2.7087

1733.2940,-0.5106,-0.1405,3.5025,5.3553,-0.1402,3.5646,3.7487,1.9692,3.5646,2.1971

1734.2930,0.6622,0.2299,4.7373,6.4665,0.5389,2.7621,4.6130,2.8747,2.7621,2.8586

1735.2930,0.1684,0.1065,3.6878,5.3553,-0.0785,3.5029,3.8104,2.1750,3.5029,2.3647

1736.2930,-0.1402,-0.6344,3.9347,6.0961,0.4155,3.0090,4.7983,2.4117,3.0090,2.4970

1737.2930,0.3536,0.1682,4.1199,5.4788,-0.0167,2.9473,4.1808,2.3808,2.9473,2.4617

1738.2930,-0.2019,-0.0170,3.5025,5.9726,0.1685,3.0090,4.6748,2.3499,3.0090,2.4441

1739.2930,-0.1402,0.0447,4.0582,5.6640,-0.1402,3.6881,4.4895,2.3293,3.6881,2.5234

1740.2930,0.2302,-0.0788,4.1199,5.6640,0.1067,3.0090,4.1191,2.3602,3.0090,2.4529

1741.2930,0.1067,-0.2022,4.4904,5.6640,-0.2020,3.3177,4.2426,2.3499,3.3177,2.4882

1742.2930,0.1067,0.2299,3.3791,6.0961,0.0450,3.2560,3.8721,2.2882,3.2560,2.4264

1743.2930,-0.2019,0.0447,4.5521,6.4665,0.2920,3.0707,4.9217,2.6792,3.0707,2.7351

1744.2930,-0.1402,0.0447,3.2556,5.4788,-0.0785,3.2560,3.9339,2.0824,3.2560,2.2500

1745.2940,0.4771,0.2299,3.9347,6.5283,0.3537,3.0707,4.3661,2.6483,3.0707,2.7086

1746.2930,0.0450,0.0447,3.7495,5.8492,-0.3255,3.1325,4.2426,2.2676,3.1325,2.3911

1747.2940,-0.0168,0.6003,3.6260,6.0344,0.3537,3.8733,5.1070,2.6174,3.8733,2.7969

1748.2930,-0.0785,-0.0170,4.3669,5.6640,0.1067,2.9473,4.3661,2.4014,2.9473,2.4793

1749.2930,0.0450,-1.2517,3.8112,5.5405,0.1067,3.2560,3.9339,2.0309,3.2560,2.2059

1750.2930,0.3536,-0.0170,4.5521,5.7257,0.3537,2.9473,4.6130,2.5969,2.9473,2.6469

1751.2940,0.1067,0.0447,3.7495,5.6022,0.3537,2.6386,4.4278,2.3808,2.6386,2.4176

1752.2940,0.0450,-0.4492,3.9347,5.6022,-0.0167,2.7003,4.1808,2.2161,2.7003,2.2853

1753.2930,0.3536,-0.1405,3.8112,5.5405,0.1685,3.0090,4.2426,2.3293,3.0090,2.4264

1754.2930,-0.1402,-0.0170,3.5025,5.7874,-0.0785,2.9473,4.1191,2.1956,2.9473,2.3029

1755.2940,0.0450,0.1682,4.0582,5.8492,-0.2020,3.3794,4.7365,2.4425,3.3794,2.5764

1756.2930,0.3536,-0.0170,3.1938,5.9109,0.3537,3.2560,4.2426,2.3396,3.2560,2.4705

1757.2930,0.0450,0.2917,4.2434,6.3430,0.0450,3.4412,4.5513,2.5866,3.4412,2.7087

1758.2930,-0.7575,-0.0788,3.0086,5.2318,-0.2020,2.9473,3.7487,1.8251,2.9473,1.9855

1759.2930,-0.0785,0.2299,4.4286,6.0344,-0.1402,2.9473,4.7983,2.5454,2.9473,2.6028

1760.2930,0.4153,-0.0788,3.1938,5.4170,0.0450,3.3177,4.3661,2.2264,3.3177,2.3823

1761.2930,0.0450,0.1682,3.4408,5.9109,0.2302,3.4412,4.6130,2.4014,3.4412,2.5499

1762.2930,-0.5106,0.1682,4.5521,6.3430,0.1685,3.1325,4.6748,2.5660,3.1325,2.6469

1763.2930,0.2919,0.0447,3.6878,5.5405,0.1067,3.2560,4.0574,2.2882,3.2560,2.4264

1764.2930,-0.0168,0.1065,4.2434,5.9726,0.2302,4.1820,4.9217,2.5763,4.1820,2.8057

1765.2930,-0.0168,0.2299,3.6260,5.9726,0.0450,3.2560,4.3661,2.3705,3.2560,2.4970

1766.2930,0.2302,0.6621,4.4904,6.0961,0.2920,3.5029,4.4895,2.7100,3.5029,2.8233

1767.2940,-0.3254,0.0447,3.8112,5.7874,0.7242,3.3794,3.9339,2.3293,3.3794,2.4794

1768.2930,-0.0168,-0.2022,4.3669,5.9726,-0.2637,2.7621,4.2426,2.3499,2.7621,2.4088

1769.2930,0.1067,1.2177,4.5521,5.8492,0.2302,3.2560,4.3043,2.7100,3.2560,2.7880

1770.2940,-0.1402,0.2299,3.6260,5.4170,-0.0167,3.5029,4.2426,2.2264,3.5029,2.4088

1771.2930,0.2302,0.2917,4.1199,5.8492,0.0450,3.3177,4.2426,2.4631,3.3177,2.5852

1772.2930,0.2919,0.2917,2.8851,5.3553,0.1067,3.1942,3.8721,2.1338,3.1942,2.2853

1773.2930,0.2302,-0.0788,4.1817,5.4788,0.6007,2.7621,4.1808,2.4322,2.7621,2.4793

1774.2930,-0.2019,-0.0170,3.5025,5.5405,-0.0785,3.0090,3.9956,2.1235,3.0090,2.2500

1775.2930,-0.2019,0.4769,4.1199,5.9726,-0.2637,3.1942,4.4278,2.4219,3.1942,2.5323

1776.2930,-0.1402,-0.2022,4.0582,5.5405,0.0450,3.4412,4.0574,2.2264,3.4412,2.4000

1777.2930,0.1067,0.2917,3.9347,5.6022,-0.0167,3.0707,4.3661,2.3808,3.0707,2.4793

1778.2940,-0.0168,0.3534,4.4286,6.4048,0.0450,3.2560,4.4895,2.6174,3.2560,2.7087

1779.2930,0.1067,0.3534,3.9347,5.2936,-1.0046,3.5646,3.8721,2.0926,3.5646,2.3029

1780.2930,-0.0168,0.1682,4.1199,5.8492,-0.1402,2.8855,4.2426,2.3705,2.8855,2.4441

1781.2930,-0.0785,0.6621,3.7495,5.8492,0.3537,2.8238,4.4278,2.4940,2.8238,2.5411

1782.2930,-0.2637,0.1682,3.4408,5.6640,-0.5107,2.5769,4.0574,2.0927,2.5769,2.1618

1783.2940,-0.0168,0.2299,4.0582,5.7257,-0.0785,2.7003,4.3661,2.3808,2.7003,2.4264

1784.2930,-0.1402,0.1065,3.8112,6.4048,-0.2020,3.0090,4.3043,2.3808,3.0090,2.4705

1785.2930,0.1684,-0.0170,4.3669,6.5283,-0.0785,3.5029,4.3661,2.5557,3.5029,2.6910

1786.2930,0.1684,-0.0170,3.8730,5.6640,-0.2637,3.3177,3.8721,2.2161,3.3177,2.3735

1787.2930,-0.3871,0.2299,4.3669,6.5900,-0.0785,3.7498,4.6130,2.5557,3.7498,2.7263

1788.2930,-0.1402,-0.0788,3.9347,5.6640,0.2920,3.1325,4.7365,2.4014,3.1325,2.5058

1789.2940,-0.1402,-0.1405,4.3052,5.8492,0.1685,3.1942,4.4895,2.4219,3.1942,2.5323

1790.2930,0.1684,-0.7579,3.7495,5.6022,-0.0167,3.0090,4.0574,2.1338,3.0090,2.2588

1791.2930,-0.1402,0.5386,3.9347,6.5900,0.0450,3.6881,4.3661,2.5557,3.6881,2.7175

1792.2940,0.0450,0.2299,4.4904,6.0961,0.1067,3.7498,4.6748,2.6072,3.7498,2.7704

1793.2930,0.1684,0.6621,3.5643,6.3430,0.1685,3.6881,3.9956,2.4837,3.6881,2.6557

1794.2930,-0.2637,-0.5109,3.9965,5.2936,-0.1402,2.5769,4.0574,2.0721,2.5769,2.1442

1795.2930,-0.0785,-0.0170,3.4408,5.5405,-0.2020,3.1325,3.5634,2.0412,3.1325,2.1971

1796.2930,0.1067,0.3534,4.3052,6.2813,0.0450,3.3794,4.3661,2.5763,3.3794,2.6910

1797.2930,-0.0785,0.0447,3.5025,5.6022,0.0450,3.0707,4.4278,2.2573,3.0707,2.3735

1798.2930,-0.0168,-0.0170,3.7495,6.2196,-0.1402,2.8238,4.6748,2.4116,2.8238,2.4705

1799.2940,-0.3254,0.0447,3.9965,5.8492,0.1067,3.8116,4.5513,2.3705,3.8116,2.5764

1800.2930,-1.1279,0.2917,3.2556,5.9726,-0.0785,3.0707,4.3043,2.1030,3.0707,2.2412

1801.2930,0.2302,0.2299,4.9226,6.4048,0.1067,3.4412,4.6130,2.7512,3.4412,2.8498

1802.2930,-0.0785,0.1682,3.1938,5.7257,0.1685,3.2560,3.8721,2.1750,3.2560,2.3294

1803.2930,-0.0785,0.2917,4.3669,6.5283,-0.0167,3.4412,4.4895,2.5969,3.4412,2.7175

1804.2940,0.6622,0.1682,3.7495,5.2936,-0.0785,3.1942,4.1191,2.3190,3.1942,2.4440

1805.2930,0.0450,-0.2640,3.9347,6.7752,0.1685,3.0090,4.0574,2.4528,3.0090,2.5323

1806.2930,0.1684,0.0447,4.1199,5.3553,-0.0167,3.0090,4.3043,2.3293,3.0090,2.4264

1807.2930,0.1067,-0.0788,3.2556,5.8492,0.1067,3.2560,3.9339,2.1956,3.2560,2.3470

1808.2940,0.0450,0.2299,4.9226,5.8492,-0.2637,3.1325,4.4895,2.5454,3.1325,2.6293

1809.2940,0.2302,-0.2022,2.5764,5.4788,0.2302,3.1325,4.2426,2.0927,3.1325,2.2412

1810.2930,0.1067,0.7238,4.9226,5.2936,-0.1402,2.9473,4.1191,2.5043,2.9473,2.5675

1811.2940,0.3536,-0.0170,3.4408,5.8492,-0.0785,3.0090,4.1191,2.2779,3.0090,2.3823

1812.2930,0.2302,0.4769,3.6878,5.5405,-0.3255,3.3177,4.4278,2.3396,3.3177,2.4793

1813.2930,-0.2637,-0.1405,4.3669,5.4170,0.2302,3.2560,4.3661,2.3293,3.2560,2.4617

1814.2930,-0.1402,0.1065,3.6260,5.7257,0.7859,2.5769,4.3043,2.4014,2.5769,2.4264

1815.2930,-0.0168,0.9090,4.3669,6.1578,0.1067,2.7621,4.4895,2.6689,2.7621,2.6822

1816.2940,0.1067,-0.2640,3.4408,5.2936,0.0450,2.9473,4.3661,2.1647,2.9473,2.2765

1817.2940,-0.3254,-0.0170,3.8730,6.0344,-0.6342,3.3794,4.4895,2.2367,3.3794,2.4000

1818.2930,-0.0168,0.3534,3.8730,5.6022,0.2920,3.1942,4.0574,2.3602,3.1942,2.4793

1819.2940,-0.2637,0.2299,3.4408,6.4048,0.2920,3.3177,3.8721,2.3293,3.3177,2.4705

1820.2940,-0.2637,-0.0170,4.1817,5.9109,-0.0167,2.9473,4.6130,2.4014,2.9473,2.4794

1821.2930,-0.1402,0.6621,3.2556,5.6640,0.0450,3.0707,3.9339,2.2367,3.0707,2.3559

1822.2930,-0.0168,0.6621,4.5521,6.4048,0.0450,2.8238,4.7365,2.7306,2.8238,2.7439

1823.2940,0.1067,0.1065,3.5643,5.6022,0.0450,3.1942,4.1808,2.2676,3.1942,2.4000

1824.2930,0.2302,-0.1405,4.4904,5.8492,0.1067,3.1325,4.4895,2.5043,3.1325,2.5940

1825.2930,-0.0168,0.1682,3.5643,5.8492,-0.0785,3.0707,2.8225,2.0515,3.0707,2.1971

1826.2930,-0.1402,-0.0170,3.3173,5.8492,-0.0167,3.3177,4.1191,2.1853,3.3177,2.3470

1827.2930,-0.0785,-0.2022,4.4904,5.6640,0.1685,2.8855,4.3043,2.3911,2.8855,2.4617

1828.2930,-0.0785,0.0447,3.7495,5.4788,0.2920,3.1942,4.3043,2.2985,3.1942,2.4264

1829.2930,0.4771,0.1682,4.4286,6.2813,-0.0167,3.1942,4.4278,2.6277,3.1942,2.7086

1830.2940,0.0450,-0.0170,3.0704,5.3553,-0.0785,3.0707,3.8721,2.0412,3.0707,2.1883

1831.2930,-0.1402,0.2299,4.1199,5.1701,-0.5724,3.0707,4.0574,2.1441,3.0707,2.2765

1832.2930,0.3536,-0.0788,3.9965,5.7257,0.0450,3.0090,4.1808,2.3705,3.0090,2.4617

1833.2940,0.0450,-0.0170,3.5643,6.0344,-0.1402,3.0707,4.1808,2.2779,3.0707,2.3911

1834.2930,0.5388,0.1682,4.3669,6.3430,-0.2020,3.1942,4.2426,2.5763,3.1942,2.6645

1835.2930,-0.0785,-0.1405,3.6878,5.7257,0.1685,2.9473,4.3043,2.2779,2.9473,2.3735

1836.2930,0.0450,-0.0788,4.3669,6.0961,-0.0785,2.8238,4.4895,2.4734,2.8238,2.5234

1837.2930,-0.2019,0.2299,3.2556,5.7257,-0.0167,3.0090,4.1808,2.1956,3.0090,2.3118

1838.2930,-0.0168,0.1682,4.0582,6.5900,-0.0167,3.3177,4.3661,2.5248,3.3177,2.6381

1839.2930,-0.1402,0.1682,3.7495,5.6640,0.1685,3.1325,4.2426,2.3088,3.1325,2.4264

1840.2930,-0.0168,0.6621,3.9347,6.4048,-0.0167,3.3794,4.3661,2.5557,3.3794,2.6734

1841.2940,0.0450,0.6003,3.5643,5.7257,-0.0785,2.9473,4.6130,2.4116,2.9473,2.4882

1842.2930,-0.0785,-0.1405,3.4408,5.6022,-0.1402,3.0090,3.9956,2.1132,3.0090,2.2412

1843.2930,0.2919,0.1065,4.7991,7.5160,1.1564,2.9473,4.8600,3.1216,2.9473,3.0967

1844.2930,-0.5106,0.0447,2.4529,5.4170,-0.3255,3.0707,3.8721,1.8251,3.0707,2.0031

1845.2930,-0.0785,-0.0788,5.4165,6.0344,-0.1402,3.0707,4.2426,2.5660,3.0707,2.6381

1846.2930,-0.0168,-0.2640,3.3173,5.4170,-0.0785,2.8855,4.0574,2.0721,2.8855,2.1883

1847.2930,0.1067,0.2299,3.6260,5.7874,0.1067,3.0707,4.2426,2.3499,3.0707,2.4529

1848.2930,-0.6958,0.1682,4.6139,5.4788,-0.2637,3.0090,4.4895,2.2985,3.0090,2.4000

1849.2930,0.7857,-0.0788,3.4408,5.2318,0.4772,3.0707,4.1191,2.3293,3.0707,2.4352

1850.2930,0.1684,-0.3257,4.3669,5.9109,0.1685,2.9473,4.5513,2.4734,2.9473,2.5411

1851.2940,-0.2019,0.1682,4.6139,5.2936,0.1067,3.3794,3.6252,2.2676,3.3794,2.4264

1852.2940,-0.2019,-0.0170,4.7373,6.7752,-0.0167,2.9473,4.3661,2.6072,2.9473,2.6557

1853.2940,-0.0785,-0.0788,4.3052,5.4788,-0.0785,3.7498,4.4278,2.3293,3.7498,2.5323

1854.2930,0.2919,-0.0788,3.8112,5.7874,-0.2637,2.9473,4.3661,2.3190,2.9473,2.4088

1855.2930,-0.0785,0.3534,4.1817,5.4788,-0.1402,3.1942,4.7365,2.4219,3.1942,2.5323

1856.2940,-0.4489,-0.0170,3.5643,6.1578,-0.2637,3.1325,4.2426,2.2059,3.1325,2.3382

1857.2930,0.1067,-0.0788,4.7373,6.0344,0.0450,2.8855,4.6130,2.5763,2.8855,2.6205

1858.2930,0.0450,-0.0788,3.4408,5.7257,0.2302,2.7003,3.9956,2.2264,2.7003,2.2941

1859.2950,-0.2019,0.1065,3.8112,6.1578,0.2920,2.8238,3.9339,2.3499,2.8238,2.4176

1860.2940,-0.0168,0.1065,4.1817,5.6640,-0.0785,2.9473,4.2426,2.3499,2.9473,2.4352

1861.2940,0.0450,0.0447,3.8112,5.7257,-0.0785,3.2560,4.1808,2.2882,3.2560,2.4264

1862.2940,0.1684,-0.0788,4.3669,5.9109,-0.0785,2.9473,4.6748,2.4940,2.9473,2.5587

1863.2930,0.2302,0.3534,3.1938,5.9726,0.1685,3.1942,4.1808,2.3499,3.1942,2.4705

1864.2930,-0.2637,-0.0788,4.4286,7.2073,0.0450,3.1325,4.6130,2.6586,3.1325,2.7263

1865.2940,0.1684,0.5386,3.3791,6.0344,-0.1402,3.1942,4.1808,2.3602,3.1942,2.4793

1866.2930,0.2919,0.1065,4.6139,5.7874,0.0450,2.5769,4.1808,2.5042,2.5769,2.5146

1867.2930,0.1067,-0.0170,3.5643,5.7874,0.2302,3.1325,4.6130,2.3808,3.1325,2.4882

1868.2930,-0.0785,0.1065,4.9226,6.6517,-0.4489,3.0707,4.6130,2.6277,3.0707,2.6910

1869.2930,0.2919,-0.0170,3.8730,5.6640,-0.1402,3.0090,4.3043,2.3293,3.0090,2.4264

1870.2930,0.1684,-0.3257,3.9965,5.6022,0.0450,2.9473,4.3661,2.3087,2.9473,2.4000

1871.2930,0.1067,0.0447,4.3669,5.8492,-0.3255,3.1325,4.3661,2.4013,3.1325,2.5058

1872.2930,-0.0168,1.0942,3.4408,5.7874,-0.2020,3.1325,4.3661,2.4116,3.1325,2.5146

1873.2930,-0.0785,0.0447,4.1199,6.2196,-0.0785,3.0090,4.6130,2.4734,3.0090,2.5499

1874.2930,-0.0785,-0.2022,3.3791,5.6640,0.2920,2.6386,4.6130,2.2779,2.6386,2.3294

1875.2940,-0.3254,-0.3257,3.9347,5.7257,0.1685,1.7743,3.8721,2.1750,1.7743,2.1177

1876.2930,0.1684,-0.0788,4.2434,5.7874,-0.0785,2.9473,4.4278,2.4116,2.9473,2.4882

1877.2930,-0.3871,0.2917,3.6878,5.8492,-0.0785,3.3177,4.3043,2.2779,3.3177,2.4264

1878.2930,-0.2637,0.0447,4.5521,6.0961,0.1067,2.8855,4.8600,2.5660,2.8855,2.6117

1879.2940,0.2919,0.1065,3.6260,5.7257,-0.6342,3.4412,4.6130,2.2882,3.4412,2.4529

1880.2930,0.2302,-0.2640,4.4904,5.7874,0.1685,3.0090,4.4895,2.4837,3.0090,2.5587

1881.2930,-0.3871,0.1065,3.1938,5.6640,-0.2637,3.0090,4.0574,2.0618,3.0090,2.1971

1882.2940,-0.3254,-0.0170,4.9843,6.2813,-0.3872,3.1325,4.0574,2.4322,3.1325,2.5323

1883.2940,-0.2637,-0.0788,4.7991,7.1456,0.2302,3.0090,4.4895,2.7203,3.0090,2.7616

1884.2940,0.1067,-0.0788,3.5025,5.7257,0.0450,2.9473,4.1808,2.2470,2.9473,2.3470

1885.2930,0.1684,-0.3874,4.3052,5.7874,-0.5107,2.7003,3.9339,2.2161,2.7003,2.2853

1886.2940,-0.5106,-0.0170,3.8112,5.4788,0.1067,3.0090,4.1191,2.1647,3.0090,2.2853

1887.2930,-0.1402,-0.3874,4.6756,5.9726,-0.1402,3.0090,4.2426,2.3705,3.0090,2.4617

1888.2930,0.4153,0.0447,3.9965,5.9726,0.2920,3.0090,3.9956,2.4528,3.0090,2.5323

1889.2930,0.1684,-0.1405,3.6878,6.1578,0.0450,2.8855,4.4895,2.4013,2.8855,2.4705

1890.2930,0.4153,0.3534,4.2434,5.1084,0.1685,3.3177,4.3661,2.4425,3.3177,2.5675

1891.2930,-0.2019,0.0447,3.6260,6.7135,0.1685,3.5646,4.3661,2.4528,3.5646,2.6116

1892.2930,0.1684,0.5386,4.2434,6.4665,0.0450,3.1942,4.3043,2.6277,3.1942,2.7086

1893.2930,0.4771,-0.0788,3.5643,5.7874,0.3537,3.1325,4.1191,2.3705,3.1325,2.4793

1894.2930,-0.2637,-0.7579,4.6756,6.0344,-0.2020,3.0090,4.4278,2.3190,3.0090,2.4176

1895.2940,-0.0785,-0.2640,3.8730,5.6022,-0.0785,2.8855,4.3661,2.2367,2.8855,2.3294

1896.2940,-0.4489,0.0447,3.7495,5.9109,-0.0167,2.7003,4.3043,2.2573,2.7003,2.3206

1897.2930,0.1067,-0.0788,3.6260,5.7874,0.3537,3.1325,4.3661,2.3602,3.1325,2.4705

1898.2940,1.0943,0.9090,2.5764,6.2813,-0.0785,3.1325,4.3043,2.5145,3.1325,2.6028

1899.2930,-0.3254,-0.0788,4.4286,6.0344,-0.0167,3.0707,4.4278,2.4117,3.0707,2.5058

1900.2930,0.0450,-0.0788,3.5025,5.8492,-0.0785,3.0707,4.3043,2.2573,3.0707,2.3735

1901.2930,0.1067,0.3534,4.8608,6.0961,0.1067,2.7621,4.6748,2.6998,2.7621,2.7087

1902.2930,0.1067,0.0447,3.1938,5.6022,0.0450,3.1325,4.1808,2.1956,3.1325,2.3294

1903.2930,0.0450,0.1065,4.1817,6.0344,0.0450,2.8238,4.3661,2.4631,2.8238,2.5146

1904.2930,-0.0785,-0.0788,3.1938,5.6640,0.7242,2.5769,4.0574,2.2470,2.5769,2.2941

1905.2930,-0.0168,-0.0170,4.1199,5.9109,-0.1402,3.1325,4.1808,2.3396,3.1325,2.4529

1906.2930,-0.2637,-0.0170,4.5521,5.7874,0.0450,3.0090,4.4895,2.4322,3.0090,2.5146

1907.2930,0.2302,-0.0788,3.8730,5.7257,0.4772,3.1325,4.3043,2.4219,3.1325,2.5234

1908.2930,0.2302,-0.2640,4.6756,6.0344,0.1067,2.8855,4.2426,2.5042,2.8855,2.5587

1909.2930,0.0450,0.0447,3.2556,5.2318,0.1067,3.0707,3.9956,2.1132,3.0707,2.2500

1910.2940,0.4153,-0.1405,4.8608,6.2196,0.6007,3.1325,4.7365,2.7821,3.1325,2.8321

1911.2930,-0.0168,0.1065,2.9469,5.4788,0.2302,2.9473,4.0574,2.1338,2.9473,2.2500

1912.2930,-0.0785,-0.1405,3.8730,6.3430,0.1067,3.1325,4.0574,2.3602,3.1325,2.4705

1913.2930,0.1684,-0.0788,3.9965,5.6640,-0.0167,3.0090,4.4278,2.3602,3.0090,2.4529

1914.2940,-0.1402,0.2299,3.5643,5.6022,-0.1402,3.0090,3.9339,2.1750,3.0090,2.2941

1915.2980,0.0450,0.1682,3.9965,5.6640,-0.0785,3.5029,4.3043,2.3499,3.5029,2.5146

1916.2940,-0.0785,0.0447,3.0704,5.5405,-0.0785,3.2560,3.8721,2.0618,3.2560,2.2324

1917.2930,-0.0168,0.2917,4.3669,5.9109,-0.0785,2.8855,4.1808,2.4425,2.8855,2.5058

1918.2930,-0.0168,0.1682,2.9469,5.6640,-0.0785,3.0090,4.3043,2.1647,3.0090,2.2853

1919.2930,0.0450,-0.0170,4.4904,6.2196,0.5389,2.9473,4.3043,2.5969,2.9473,2.6469

1920.2930,-0.2019,-0.0788,4.2434,6.0961,0.2920,3.0090,4.9835,2.5557,3.0090,2.6205

1921.2940,-0.3871,-0.3874,3.4408,6.0961,0.7242,3.0707,5.1070,2.4322,3.0707,2.5235

1922.2930,-0.4489,0.1682,5.0460,6.2813,0.5389,3.0707,5.0452,2.7718,3.0707,2.8145

1923.2930,0.1067,0.4151,3.1321,5.7874,-0.0785,3.2560,4.1191,2.2470,3.2560,2.3911

1924.2930,-0.0168,-0.0170,4.1817,5.9726,0.1067,2.9473,4.0574,2.3808,2.9473,2.4617

1925.2930,0.0450,-0.2640,4.1199,5.2936,0.1685,2.6386,4.1191,2.2470,2.6386,2.3030

1926.2930,-0.0168,-0.1405,3.9347,6.2196,0.0450,3.0090,4.4895,2.4219,3.0090,2.5058

1927.2930,-0.5106,0.4769,4.1199,6.0344,-0.0785,3.1325,4.3043,2.3911,3.1325,2.4970

1928.2930,0.1067,-0.3874,3.4408,5.6640,-0.6959,3.1325,3.8721,2.0000,3.1325,2.1618

1929.2940,-0.0785,-0.4492,4.1199,6.2196,-0.3255,3.0707,4.0574,2.2573,3.0707,2.3735

1930.2930,-0.0785,0.2917,3.4408,5.7257,0.1067,3.4412,3.9339,2.2367,3.4412,2.4088

1931.2930,-0.0785,0.1682,4.0582,6.2813,-0.0167,2.9473,4.2426,2.4425,2.9473,2.5146

1932.2940,0.2919,0.0447,3.9347,5.8492,-0.5724,3.3177,3.9956,2.2573,3.3177,2.4088

1933.2930,-0.1402,-0.3874,4.4904,6.9604,0.1067,3.6881,4.6130,2.6072,3.6881,2.7616

1934.2930,0.1684,-0.4492,4.1199,5.4170,-0.0785,3.1942,4.4278,2.2676,3.1942,2.4000

1935.2930,0.9092,0.1682,4.5521,6.0961,-0.0167,2.7621,3.6252,2.5557,2.7621,2.5852

1936.2940,-0.2019,0.1682,3.9347,6.0344,0.2302,2.9473,4.5513,2.4528,2.9473,2.5234

1937.2930,-0.2019,0.1065,3.2556,6.1578,0.2302,3.8733,4.2426,2.2985,3.8733,2.5234

1938.2940,0.1684,-0.2022,3.9965,6.2813,-0.0785,2.9473,4.3043,2.4116,2.9473,2.4882

1939.2930,-0.1402,-0.2022,4.0582,5.2936,0.4155,3.1325,3.9339,2.2264,3.1325,2.3559

1940.2940,0.1067,-0.0788,3.4408,5.9726,-0.2637,2.7003,3.8721,2.1750,2.7003,2.2500

1941.2930,0.0450,-0.1405,4.1199,5.7257,0.2302,3.0090,5.5391,2.5866,3.0090,2.6469

1942.2930,0.9092,0.4769,3.9965,6.0344,-0.0785,3.0090,4.4278,2.6277,3.0090,2.6822

1943.2930,0.0450,-0.0788,4.3669,5.9109,0.1067,2.9473,4.2426,2.4322,2.9473,2.5058

1944.2930,0.6005,-0.1405,3.3791,6.0961,0.5389,3.0090,4.6130,2.5145,3.0090,2.5852

1945.2930,-0.5106,-0.0170,4.4904,5.7257,-0.2020,3.0707,4.0574,2.2573,3.0707,2.3735

1946.2930,-0.3254,-0.2022,3.8112,5.5405,-0.4489,3.1942,4.2426,2.1030,3.1942,2.2589

1947.2930,0.4153,-0.3257,4.4286,6.2196,0.4155,3.1942,4.1191,2.5454,3.1942,2.6381

1948.2930,-0.0168,-0.2640,3.8112,5.9109,-0.1402,2.8855,4.1808,2.2470,2.8855,2.3382

1949.2930,-0.0168,0.1065,3.3173,5.6640,-0.2637,3.0090,4.1191,2.1544,3.0090,2.2765

1950.2930,-0.3254,-0.2640,4.8608,6.0344,-0.0785,2.9473,4.6748,2.4837,2.9473,2.5499

1951.2930,0.1684,0.1065,3.5025,5.5405,-0.3255,3.0707,3.9339,2.1544,3.0707,2.2853

1952.2930,0.2302,-0.0788,3.9965,7.0839,0.2302,3.1325,4.7365,2.6997,3.1325,2.7616

1953.2930,0.0450,-0.3874,3.1321,5.6640,0.1685,2.9473,4.4895,2.1853,2.9473,2.2941

1954.2930,0.6005,-0.5109,4.3669,5.9726,-0.0167,3.0090,4.6748,2.5145,3.0090,2.5852

1955.2930,-0.0785,-0.0788,3.6878,5.8492,-0.1402,3.0707,4.3661,2.2676,3.0707,2.3823

1956.2930,0.0450,-0.0788,4.6139,5.7874,0.1685,3.0707,4.1808,2.4528,3.0707,2.5411

1957.2930,-0.0785,-0.1405,4.3052,5.7257,-0.0785,2.7621,4.7983,2.4219,2.7621,2.4705

1958.2930,-0.0785,0.5386,3.4408,6.0961,0.1685,3.0707,4.2426,2.4013,3.0707,2.4970

1959.2930,0.0450,0.1682,4.3669,5.9109,-0.0167,2.8855,4.4278,2.4837,2.8855,2.5411

1960.2940,-0.1402,0.1065,3.5025,5.5405,0.1067,3.1325,4.2426,2.2264,3.1325,2.3559

1961.2930,0.2302,0.0447,4.3669,5.9726,0.1685,2.9473,4.2426,2.5042,2.9473,2.5675

1962.2940,0.7857,0.0447,4.7373,5.8492,0.6007,3.1325,4.9835,2.8335,3.1325,2.8762

1963.2930,0.0450,0.1065,3.8730,5.7874,-0.3255,3.0707,4.1191,2.2676,3.0707,2.3823

1964.2930,-0.1402,-0.0170,4.4904,5.8492,0.4155,2.8238,4.6748,2.5454,2.8238,2.5852

1965.2930,-0.1402,0.6003,3.3791,6.3430,0.1685,3.1325,4.1191,2.4116,3.1325,2.5146

1966.2940,1.0326,-0.6344,4.1817,5.7257,-0.2020,3.1325,4.3043,2.4013,3.1325,2.5058

1967.2930,-0.1402,-0.0788,3.2556,5.4170,-0.0785,3.3177,3.9956,2.0618,3.3177,2.2412

1968.2930,-0.1402,-0.0170,3.8112,6.0344,-0.2020,3.0707,4.1808,2.2779,3.0707,2.3911

1969.2930,-0.0168,0.4769,3.6878,5.7257,-0.0785,3.1942,4.1808,2.3293,3.1942,2.4529

1970.2930,0.1067,-0.3874,5.1078,5.2936,-0.0785,2.7621,3.9956,2.3396,2.7621,2.4000

1971.2940,-0.1402,-0.0170,4.5521,6.4048,0.1685,2.8855,4.2426,2.5351,2.8855,2.5852

1972.2930,0.6622,-0.0170,4.1817,5.8492,0.7859,3.1942,4.6130,2.6792,3.1942,2.7527

1973.2930,0.4771,0.1682,5.1078,6.3430,0.5389,3.0707,4.7983,2.9055,3.0707,2.9291

1974.2930,0.0450,-0.0170,3.6260,5.6022,-0.2637,2.9473,3.7487,2.1235,2.9473,2.2412

1975.2940,-0.1402,-0.3257,4.2434,6.2813,-0.0785,3.1325,4.4278,2.4014,3.1325,2.5058

1976.2930,0.1684,-0.0170,3.4408,5.3553,0.2920,3.1942,3.9339,2.1956,3.1942,2.3382

1977.2930,-0.2019,-0.0788,3.8112,6.2196,-0.3872,3.0090,4.1808,2.2573,3.0090,2.3647

1978.2930,0.3536,-0.0788,4.1817,5.6022,0.3537,3.0090,4.5513,2.4940,3.0090,2.5675

1979.2930,0.1684,-0.0788,4.1199,5.7874,0.4155,3.1325,4.7365,2.5248,3.1325,2.6116

1980.2930,-0.0168,-0.2022,4.3052,5.4788,-0.3255,3.0090,4.1808,2.2367,3.0090,2.3470

1981.2930,-0.0785,0.2299,3.1938,5.5405,0.3537,3.1325,4.2426,2.2470,3.1325,2.3735

1982.2930,0.7240,0.4151,4.3669,5.7257,0.2302,3.2560,4.4895,2.6586,3.2560,2.7439

1983.2930,-0.4489,-0.0170,3.1938,5.1701,0.4772,2.8855,4.1191,2.0824,2.8855,2.1971

1984.2930,0.3536,0.6621,4.2434,5.7874,-0.3872,3.1942,4.1191,2.4631,3.1942,2.5675

1985.2930,0.1067,-0.0788,3.6260,5.7874,0.0450,4.6141,4.0574,2.2573,4.6141,2.5940

1986.2930,0.1067,0.1065,3.5643,5.6022,0.3537,2.7621,4.1191,2.3087,2.7621,2.3735

1987.2930,0.2919,-0.4492,4.0582,6.0344,0.1685,2.8238,4.4278,2.4219,2.8238,2.4793

1988.2930,0.2302,0.2299,3.6878,5.7257,0.2920,3.1325,4.3661,2.4219,3.1325,2.5234

1989.2930,-0.3254,-0.0170,4.6139,5.9726,-0.1402,2.9473,4.9217,2.5043,2.9473,2.5676

1990.2940,-0.0168,0.0447,3.4408,5.6640,0.3537,3.0090,4.4895,2.3293,3.0090,2.4264

1991.2930,0.1067,-0.1405,4.3052,6.2813,0.1067,2.7003,4.4895,2.5248,2.7003,2.5499

1992.2930,0.2302,0.0447,3.6878,5.4788,0.3537,3.1942,3.6869,2.2470,3.1942,2.3823

1993.2930,-0.0168,-0.1405,4.1199,6.2813,0.1067,3.4412,4.6130,2.4940,3.4412,2.6293

1994.2930,0.1684,-0.0170,4.0582,5.2318,0.1067,3.0707,4.1808,2.2882,3.0707,2.4000

1995.2940,-0.2019,-0.0788,3.5025,5.6022,-0.0785,3.3794,4.1191,2.1441,3.3794,2.3206

1996.2930,-0.0785,0.2299,4.2434,5.9109,-0.0785,3.2560,4.2426,2.4116,3.2560,2.5323

1997.2930,0.2302,0.1065,3.2556,6.1578,0.2302,3.1325,4.9217,2.4837,3.1325,2.5764

1998.2930,0.1067,-0.1405,4.1817,6.0344,-0.1402,3.3177,4.1808,2.3705,3.3177,2.5058

1999.2930,0.1684,-0.0170,3.3791,5.7874,-0.0785,3.0707,3.8721,2.1853,3.0707,2.3118

2000.2940,-0.0785,0.1065,3.8112,6.2196,0.1685,2.9473,4.6130,2.4734,2.9473,2.5411

2001.2930,-0.2019,0.0447,4.1817,5.7257,0.1685,3.0707,3.9339,2.3088,3.0707,2.4176

2002.2930,0.1067,0.2917,4.0582,5.7257,0.2920,2.8855,4.1808,2.4425,2.8855,2.5058

2003.2930,0.2919,-0.4492,4.4286,6.2813,0.0450,2.9473,4.3661,2.4940,2.9473,2.5587

2004.2940,-0.0785,0.2917,3.3791,5.8492,-0.0785,3.1942,4.1191,2.2470,3.1942,2.3823

2005.2940,0.3536,0.2299,4.8608,6.2196,0.4772,2.8238,5.0452,2.8644,2.8238,2.8586

2006.2940,-0.3871,0.2299,3.5025,5.2318,-0.0785,2.9473,3.9956,2.0824,2.9473,2.2059

2007.2930,0.1684,0.1682,4.4286,6.0961,0.1685,2.8855,4.4895,2.5866,2.8855,2.6293

2008.2930,-0.0785,0.4151,3.8112,6.1578,0.0450,2.9473,3.8104,2.3602,2.9473,2.4441

2009.2940,-0.2019,0.2299,3.4408,6.4048,0.0450,3.5029,4.3661,2.3808,3.5029,2.5411

2010.2930,0.2302,-0.0788,4.0582,5.6022,-0.2020,2.9473,4.4278,2.3396,2.9473,2.4264

2011.2930,-0.2637,-0.4492,3.3173,5.4788,0.1685,3.0707,4.3043,2.0927,3.0707,2.2324

2012.2930,-0.4489,-0.3874,4.1199,5.7874,-0.3255,2.9473,4.4895,2.2059,2.9473,2.3118

2013.2930,-0.0785,0.0447,3.1321,5.4170,-0.3255,3.1942,3.6252,1.9692,3.1942,2.1442

2014.2940,-0.0785,0.1065,4.3669,5.1084,0.6624,2.8238,4.6130,2.4631,2.8238,2.5146

2015.2930,0.0450,-0.1405,3.8112,5.4788,0.1067,3.0090,4.1808,2.2470,3.0090,2.3559

2016.2930,0.0450,-0.0788,3.8112,5.8492,0.2920,2.9473,4.5513,2.4116,2.9473,2.4882

2017.2940,-0.0168,-0.0788,4.3052,5.6022,0.1067,2.6386,4.4278,2.3911,2.6386,2.4264

2018.2930,-0.1402,0.2917,3.6878,5.9726,0.6624,3.1942,4.7365,2.5351,3.1942,2.6293

2019.2930,-0.0168,0.1065,4.4286,5.9726,0.1067,3.0707,4.4895,2.5145,3.0707,2.5940

2020.2930,-0.0785,0.2917,3.2556,5.7874,-0.0167,3.1325,3.8104,2.1750,3.1325,2.3118

2021.2930,-0.1402,0.7238,4.7991,6.4048,-0.2020,2.9473,4.1808,2.6277,2.9473,2.6734

2022.2940,-0.1402,0.0447,3.9965,5.9109,-0.0167,2.7621,4.2426,2.3396,2.7621,2.4000

2023.2930,0.2919,0.2299,4.4286,5.8492,-0.1402,3.3177,4.1191,2.4631,3.3177,2.5852

2024.2930,-0.0785,0.2299,3.8730,6.0961,-0.0167,3.3794,4.4895,2.4322,3.3794,2.5675

2025.2930,0.1067,0.1065,3.9347,5.9109,-0.0167,3.1325,4.4278,2.4116,3.1325,2.5146

2026.2940,0.7240,0.0447,4.3669,6.6517,0.4772,2.9473,4.3661,2.7718,2.9473,2.7968

2027.2930,0.1067,0.3534,3.6260,6.2196,-0.0167,3.4412,4.3661,2.4425,3.4412,2.5852

2028.2930,-0.5106,0.0447,4.7373,6.0961,0.1685,2.9473,5.3539,2.6483,2.9473,2.6910

2029.2930,-0.2637,0.5386,3.8112,5.7874,0.6624,3.1942,4.0574,2.4322,3.1942,2.5411

2030.2940,0.4771,-0.2022,4.1199,6.1578,0.2302,3.0090,4.6748,2.5763,3.0090,2.6381

2031.2930,-0.0168,-0.3257,3.9965,5.9726,0.3537,2.5151,4.6130,2.4322,2.5151,2.4441

2032.2930,-0.1402,0.1065,3.5643,5.7874,-0.3872,3.1942,4.3661,2.2161,3.1942,2.3559

2033.2940,0.2919,0.0447,4.5521,6.1578,0.0450,2.5769,4.5513,2.6071,2.5769,2.6028

2034.2930,-0.3254,0.2917,3.3791,6.6517,-0.5107,3.2560,3.9339,2.2367,3.2560,2.3823

2035.2930,-0.1402,-0.2022,4.3669,4.9849,-0.6959,3.4412,4.2426,2.0927,3.4412,2.2853

2036.2930,0.0450,-0.0170,3.5643,5.6022,0.5389,3.5029,3.3165,2.1750,3.5029,2.3647

2037.2930,-0.0785,0.3534,3.9347,6.8369,0.0450,3.6264,4.6748,2.6277,3.6264,2.7704

2038.2930,0.2302,-0.2022,3.5643,5.2318,0.4155,2.8855,4.1191,2.2264,2.8855,2.3206

2039.2930,-0.3871,-0.2022,3.5643,5.8492,-0.5724,2.8238,4.1191,2.0618,2.8238,2.1707

2040.2930,-0.1402,0.2917,4.6139,6.6517,0.1685,3.0090,5.1070,2.7821,3.0090,2.8145

2041.2940,0.0450,-0.0170,3.3173,5.5405,-0.0167,3.3794,4.0574,2.1544,3.3794,2.3294

2042.2930,-0.1402,-0.0788,4.1199,5.8492,0.1685,2.7621,4.4278,2.3911,2.7621,2.4441

2043.2930,-0.0785,0.5386,3.8730,6.2813,0.1067,3.5029,4.4895,2.5351,3.5029,2.6734

2044.2930,0.1067,-0.1405,4.2434,6.2813,-0.2637,3.5029,4.4278,2.4425,3.5029,2.5940

2045.2940,0.1684,0.0447,4.5521,5.9109,0.4772,3.0707,4.7365,2.6483,3.0707,2.7087

2046.2940,-0.2637,-0.0170,3.3791,5.0466,-0.0785,2.9473,4.1191,2.0309,2.9473,2.1618

2047.2940,-0.0168,0.5386,3.5643,6.7135,-0.1402,3.5029,4.4278,2.5145,3.5029,2.6557

2048.2930,-0.6340,0.6003,3.1321,6.0344,-0.3255,3.3177,3.9339,2.1235,3.3177,2.2941

2049.2940,0.2302,-0.0788,4.6139,5.9109,0.1067,2.8238,4.9217,2.6174,2.8238,2.6469

2050.2930,0.4153,-0.0788,4.3052,5.5405,0.3537,3.1325,4.4895,2.5043,3.1325,2.5940

2051.2930,0.1067,-0.1405,4.3052,5.9726,0.4772,3.0090,4.4895,2.5351,3.0090,2.6028

2052.2940,-0.0168,-0.2640,4.3052,5.6022,0.1685,2.6386,4.4278,2.3705,2.6386,2.4088

2053.2930,-0.0785,0.0447,3.5643,5.7874,0.0450,3.1325,4.2426,2.2676,3.1325,2.3911

2054.2930,0.1684,-0.2640,4.4286,6.2196,-0.0167,3.1325,4.4895,2.5042,3.1325,2.5940

2055.2930,0.1067,0.4769,3.1321,5.9109,0.0450,3.3177,4.3043,2.3293,3.3177,2.4705

2056.2930,-0.0168,0.0447,4.2434,5.7874,-0.1402,3.0707,4.1191,2.3396,3.0707,2.4441

2057.2930,0.3536,-0.0170,3.6878,5.2936,0.3537,2.8855,4.2426,2.3190,2.8855,2.4000

2058.2930,0.5388,-0.5726,3.9347,5.8492,-0.0167,2.9473,4.3043,2.3396,2.9473,2.4264

2059.2930,0.0450,-0.0788,3.8730,5.6022,-0.0167,3.1325,4.0574,2.2470,3.1325,2.3735

2060.2930,-0.0785,-0.0788,3.4408,5.8492,-0.2020,3.0707,3.8721,2.1338,3.0707,2.2677

2061.2930,0.7857,0.4769,3.9965,6.1578,-0.0785,2.9473,4.6748,2.6689,2.9473,2.7086

2062.2940,0.1684,-0.0788,3.9347,5.7257,0.3537,3.5646,4.4895,2.4322,3.5646,2.5940

2063.2930,0.1067,-0.1405,4.2434,5.7874,-0.0785,2.8855,4.4895,2.4014,2.8855,2.4705

2064.2930,0.4153,0.0447,3.3791,5.6640,-0.0785,3.3794,4.1808,2.2676,3.3794,2.4264

2065.2930,-0.2019,0.4769,3.1938,6.4048,-0.2020,3.3177,4.2426,2.3190,3.3177,2.4617

2066.2940,0.1067,-0.0170,4.4286,5.9109,-0.0785,2.8238,4.7365,2.5145,2.8238,2.5587

2067.2930,0.2302,-0.2022,3.3173,5.8492,0.1067,3.0090,4.0574,2.2264,3.0090,2.3382

2068.2930,0.7240,0.2917,4.3669,5.8492,0.1067,3.1325,4.1191,2.5763,3.1325,2.6557

2069.2930,0.3536,-0.4492,3.5643,5.6022,0.7242,3.0707,3.8721,2.2779,3.0707,2.3911

2070.2930,0.3536,-0.2022,4.1199,7.2073,0.2302,2.7621,4.4278,2.6894,2.7621,2.6998

2071.2930,0.2302,0.0447,3.4408,5.9109,0.0450,3.1325,4.3043,2.3293,3.1325,2.4441

2072.2930,-0.2637,0.0447,4.1199,6.6517,-0.1402,2.8238,4.4895,2.4837,2.8238,2.5323

2073.2930,0.6005,0.1065,3.9347,5.2936,-0.0167,3.0090,4.2426,2.3602,3.0090,2.4529

2074.2930,-0.0168,0.0447,3.6260,6.0961,0.0450,3.0707,4.3043,2.3499,3.0707,2.4529

2075.2930,-0.0168,-0.4492,4.9226,6.1578,-0.1402,3.6264,4.6748,2.5248,3.6264,2.6822

2076.2930,-0.0785,0.1065,2.6999,5.3553,-0.8194,2.7621,4.0574,1.8869,2.7621,2.0119

2077.2930,0.3536,0.0447,4.3052,5.9726,0.1067,3.0707,4.4278,2.5351,3.0707,2.6116

2078.2930,0.0450,0.3534,3.0704,5.7257,0.1067,2.8855,3.8721,2.1956,2.8855,2.2941

2079.2930,0.6005,0.1065,3.9347,6.5283,0.4155,3.0707,4.4278,2.6689,3.0707,2.7263

2080.2930,-0.0785,-0.1405,3.9965,6.2196,-0.3872,3.0090,4.1808,2.2985,3.0090,2.4000

2081.2930,0.0450,-0.2640,3.2556,5.9109,-0.0167,3.8733,4.1808,2.1853,3.8733,2.4264

2082.2930,0.1067,0.1682,3.9965,5.7874,-0.0167,3.1942,4.5513,2.4322,3.1942,2.5411

2083.2930,0.1067,-0.6961,2.6999,5.8492,-0.2020,3.1325,4.1191,1.9795,3.1325,2.1442

2084.2930,0.3536,-0.2022,4.1817,6.0344,-0.0785,2.8855,4.7365,2.5042,2.8855,2.5587

2085.2930,-0.0785,-0.0170,3.8730,5.6022,0.2920,2.6386,4.4895,2.3602,2.6386,2.4000

2086.2930,0.4153,-0.0788,4.0582,6.2196,0.1685,2.8238,4.3661,2.5248,2.8238,2.5675

2087.2930,-0.1402,0.0447,4.1199,6.0344,0.2920,3.1325,4.7983,2.5248,3.1325,2.6116

2088.2940,0.1067,0.3534,3.3173,5.6640,-0.0167,3.2560,4.1191,2.2573,3.2560,2.4000

2089.2940,-0.0785,-0.1405,4.3052,5.8492,0.4155,2.9473,4.9835,2.5557,2.9473,2.6117

2090.2930,0.0450,-0.0788,3.1321,5.9726,-0.1402,3.0707,4.3043,2.2058,3.0707,2.3294

2091.2930,-0.0168,0.5386,4.4286,6.1578,-0.0167,2.8855,4.0574,2.5248,2.8855,2.5764

2092.2930,0.1067,0.1682,3.5025,5.7257,-0.0785,2.9473,4.2426,2.2779,2.9473,2.3735

2093.2930,-0.0168,0.3534,3.8730,6.2813,-0.2637,3.0090,4.3661,2.4322,3.0090,2.5146

2094.2940,-0.0785,0.1682,4.1199,6.2813,-0.0785,3.1942,4.4895,2.4837,3.1942,2.5852

2095.2930,-0.3254,-0.0170,3.3791,5.7874,0.1067,2.9473,4.3661,2.2161,2.9473,2.3206

2096.2930,0.0450,0.1065,4.6756,5.6640,-0.0167,3.0090,4.3043,2.4631,3.0090,2.5411

2097.2930,-0.2019,0.1065,3.2556,6.0344,-0.2020,3.1325,4.1191,2.1853,3.1325,2.3206

2098.2930,0.0450,0.2917,4.2434,6.3430,-0.0785,3.0707,4.3661,2.5351,3.0707,2.6116

2099.2930,0.1684,-0.0170,3.9965,5.9109,0.1067,3.2560,4.4895,2.4425,3.2560,2.5587

2100.2930,0.0450,0.1682,4.3052,6.0961,0.2920,3.0090,4.8600,2.6277,3.0090,2.6822

2101.2930,0.4771,0.1065,4.7373,6.0344,0.4772,3.1325,4.6748,2.7512,3.1325,2.8057

2102.2930,0.2302,0.6003,3.3173,5.9726,0.1685,3.4412,3.8104,2.3499,3.4412,2.5058

2103.2930,-0.0785,-0.0788,4.7373,5.7874,0.2302,2.8238,4.5513,2.5248,2.8238,2.5676

2104.2930,0.1684,-0.1405,3.7495,5.5405,0.1067,3.0090,4.4278,2.3087,3.0090,2.4088

2105.2930,0.2919,0.1065,4.7373,6.0961,0.2920,2.9473,4.4895,2.6689,2.9473,2.7087

2106.2930,0.2302,0.2917,3.5643,5.7257,0.0450,3.3177,4.1191,2.3293,3.3177,2.4705

2107.2930,-0.4489,-1.7456,3.1938,5.9726,0.1067,2.9473,5.2922,2.0618,2.9473,2.1883

2108.2940,0.1684,0.1682,4.3669,6.1578,0.1067,3.0707,4.3661,2.5557,3.0707,2.6293

2109.2940,0.1684,0.1682,3.4408,5.5405,0.0450,3.4412,4.6130,2.3293,3.4412,2.4882

2110.2940,-0.0785,-0.0170,4.4286,6.6517,0.1067,3.2560,4.3661,2.5763,3.2560,2.6734

2111.2930,0.3536,-0.0788,3.6878,6.0961,0.2302,3.5646,4.4278,2.4528,3.5646,2.6116

2112.2930,0.1684,0.1065,4.3052,6.3430,-0.1402,3.3794,4.4895,2.5454,3.3794,2.6645

2113.2930,-0.0785,0.0447,3.8112,6.2813,0.1067,3.3794,3.6869,2.3087,3.3794,2.4617

2114.2930,-0.0168,0.1682,3.3173,5.9726,0.1685,3.6881,4.3043,2.3190,3.6881,2.5146

2115.2940,0.1067,-0.3874,4.3669,5.9726,0.1067,2.7621,4.5513,2.4528,2.7621,2.4970

2116.2930,0.1684,0.0447,3.8112,5.7874,0.1067,3.1325,4.3043,2.3705,3.1325,2.4793

2117.2940,0.2919,0.2917,4.7373,6.4048,0.1685,3.3177,4.4895,2.7306,3.3177,2.8145

2118.2930,-0.3871,0.0447,3.1321,5.7874,-0.2020,3.8116,3.6869,2.0103,3.8116,2.2677

2119.2930,0.1684,-0.3257,4.2434,6.2813,0.3537,2.8238,3.8721,2.4322,2.8238,2.4882

2120.2930,0.4153,0.2917,4.0582,5.0466,0.2920,3.2560,3.8721,2.3293,3.2560,2.4617

2121.2930,-0.2019,-0.0788,3.8112,5.9726,-0.0785,2.8855,4.1808,2.2676,2.8855,2.3559

2122.2940,0.1684,0.0447,4.0582,5.8492,-0.0785,3.2560,4.6130,2.4425,3.2560,2.5587

2123.2930,0.2302,-0.3257,3.1938,5.7874,-0.2020,3.2560,4.1808,2.1441,3.2560,2.3029

2124.2930,-0.0168,-0.0788,4.3669,6.1578,-0.0167,3.2560,4.3661,2.4631,3.2560,2.5764

2125.2930,0.6622,0.2299,3.9965,5.6640,-0.2020,3.3794,3.9956,2.3910,3.3794,2.5322

2126.2930,-0.2019,0.1065,4.3052,6.0344,-0.0785,2.7003,4.4895,2.4425,2.7003,2.4793

2127.2940,0.0450,-0.0170,4.3052,5.9726,0.1067,3.1325,4.4895,2.4837,3.1325,2.5764

2128.2930,0.2919,-0.2022,4.7373,6.2813,0.0450,3.0090,4.4278,2.5969,3.0090,2.6557

2129.2930,0.0450,0.1065,4.3052,5.6640,0.1685,2.8238,4.8600,2.5248,2.8238,2.5675

2130.2930,0.1067,0.2917,3.3791,5.4788,-0.2637,3.0707,3.8104,2.1338,3.0707,2.2677

2131.2930,-0.0168,0.4151,4.4286,6.2813,-0.1402,3.1325,4.3043,2.5454,3.1325,2.6293

2132.2930,0.2919,-0.0788,3.4408,5.6640,-0.1402,3.1325,4.1191,2.2161,3.1325,2.3470

2133.2940,0.2302,0.3534,4.0582,6.6517,-0.3872,3.3177,4.3043,2.5351,3.3177,2.6469

2134.2930,0.3536,0.1682,3.8730,5.9726,-0.0785,2.7003,4.3661,2.4425,2.7003,2.4793

2135.2930,0.0450,0.4769,3.9347,5.8492,-0.0785,3.0090,3.9956,2.3705,3.0090,2.4617

2136.2930,-0.1402,0.0447,3.6878,5.7874,-0.2020,2.8855,4.4278,2.2676,2.8855,2.3559

2137.2930,0.6005,0.1682,3.7495,5.9726,0.1067,2.7621,4.4278,2.5042,2.7621,2.5411

2138.2930,-0.3254,-0.0170,4.0582,5.9726,-0.0785,3.3794,4.2426,2.3088,3.3794,2.4617

2139.2930,0.0450,0.0447,3.3791,5.9726,0.2920,2.9473,4.6130,2.3911,2.9473,2.4705

2140.2930,1.0326,0.0447,4.3052,6.0961,0.1685,2.9473,4.7365,2.7306,2.9473,2.7616

2141.2930,0.3536,-0.1405,3.7495,5.6640,-0.0785,2.8238,4.2426,2.2984,2.8238,2.3735

2142.2940,0.4153,0.0447,3.9347,5.9109,0.3537,3.0707,4.6130,2.5454,3.0707,2.6205

2143.2940,0.3536,0.0447,4.7373,6.0961,0.4772,3.0707,4.7983,2.7512,3.0707,2.7969

2144.2930,-0.0785,0.3534,4.0582,6.1578,0.5389,2.7621,5.0452,2.6792,2.7621,2.6910

2145.2930,0.1067,-0.0788,4.4286,6.1578,-0.0167,2.9473,4.4278,2.5042,2.9473,2.5675

2146.2930,0.0450,0.0447,3.5643,5.9726,-0.6342,3.2560,4.1191,2.1853,3.2560,2.3382

2147.2930,0.1067,0.0447,4.2434,7.4543,0.2920,2.9473,4.5513,2.7821,2.9473,2.8057

2148.2940,0.3536,0.0447,3.8730,5.4788,0.0450,3.1325,4.2426,2.3396,3.1325,2.4529

2149.2930,-0.0168,0.2299,4.3669,6.3430,0.2920,3.1942,4.7983,2.6689,3.1942,2.7439

2150.2930,-0.0785,-0.0788,3.8112,5.7874,-0.0785,3.0090,4.2426,2.2676,3.0090,2.3735

2151.2930,-0.0785,-0.2640,3.8112,5.9726,-0.0167,3.0707,4.0574,2.2470,3.0707,2.3647

2152.2930,0.1067,-0.2022,4.2434,5.6022,-0.0785,2.8238,4.3043,2.3293,2.8238,2.4000

2153.2930,0.0450,0.1682,3.4408,6.4048,-0.0167,3.0707,4.3043,2.3911,3.0707,2.4882

2154.2930,0.1684,-0.0170,4.6139,5.9726,-0.0785,3.1942,3.9339,2.4322,3.1942,2.5411

2155.2930,-0.3254,0.1065,3.1938,5.6640,-0.6959,3.3177,3.9339,1.9795,3.3177,2.1706

2156.2930,-0.0168,0.1065,4.5521,7.0221,-0.5724,3.3177,4.4278,2.5866,3.3177,2.6910

2157.2930,-0.0785,-0.0788,3.5025,5.4788,-0.0785,2.9473,3.9956,2.1235,2.9473,2.2412

2158.2930,0.1067,0.8473,3.9965,6.0344,0.0450,3.1942,4.4278,2.5763,3.1942,2.6645

2159.2930,-0.3254,-0.0170,4.4904,6.2813,-0.1402,2.9473,4.9835,2.5454,2.9473,2.6028

2160.2930,-0.0168,-0.0170,3.4408,5.9726,-0.1402,3.0090,3.8721,2.1853,3.0090,2.3029

2161.2930,0.2302,-0.1405,4.2434,6.0961,0.2302,3.0707,3.9956,2.4425,3.0707,2.5323

2162.2930,0.0450,0.1065,3.5643,5.9109,0.0450,3.0707,4.1191,2.2985,3.0707,2.4088

2163.2940,-0.0168,0.1682,4.2434,6.0344,0.0450,3.1325,4.3043,2.4631,3.1325,2.5587

2164.2930,-0.2019,0.0447,4.6139,5.7874,-0.1402,3.1325,4.5513,2.4425,3.1325,2.5411

2165.2930,0.1067,0.0447,4.9843,6.1578,-0.2637,3.1942,4.2426,2.5454,3.1942,2.6381

2166.2930,0.2302,-0.0788,4.2434,5.9726,-0.2020,2.8855,4.3043,2.4116,2.8855,2.4793

2167.2940,-0.0168,-0.2022,3.2556,5.6640,-0.2020,2.7003,4.2426,2.1235,2.7003,2.2059

2168.2930,0.0450,0.1065,4.3052,6.0344,-0.0785,3.1325,4.6748,2.5145,3.1325,2.6028

2169.2930,0.1067,-0.0788,3.7495,5.3553,-0.1402,3.0707,4.1808,2.1956,3.0707,2.3206

2170.2930,0.6622,0.2917,3.9347,6.2813,-0.0785,3.1942,4.7365,2.6380,3.1942,2.7175

2171.2930,0.0450,0.0447,3.6878,5.4788,0.0450,3.5029,3.8721,2.1956,3.5029,2.3823

2172.2930,-0.2637,0.0447,3.8730,5.9109,0.0450,3.1325,3.9339,2.2573,3.1325,2.3823

2173.2930,0.3536,-0.0788,4.6139,6.2813,-0.0167,2.8238,4.6748,2.6380,2.8238,2.6646

2174.2940,0.3536,-0.0788,3.4408,5.7257,-0.1402,2.9473,4.0574,2.2264,2.9473,2.3294

2175.2930,-0.3254,-0.2022,4.5521,6.2196,1.3416,3.0707,4.6130,2.6998,3.0707,2.7528

2176.2940,0.9709,0.0447,3.5643,5.8492,0.1685,2.8238,4.3043,2.4836,2.8238,2.5322

2177.2930,0.2919,0.2917,4.1817,6.3430,-0.1402,3.1325,4.6748,2.6071,3.1325,2.6822

2178.2940,-0.2019,0.2917,3.5025,6.1578,-0.3872,3.2560,3.9956,2.2264,3.2560,2.3735

2179.2930,-0.0785,0.0447,3.8730,7.0839,0.4772,2.7003,4.3661,2.6277,2.7003,2.6381

2180.2930,-0.2637,-0.2640,3.7495,5.6022,-0.1402,3.3177,4.5513,2.2059,3.3177,2.3647

2181.2930,-0.0785,0.1065,2.1442,5.4170,0.1685,2.9473,4.0574,1.9692,2.9473,2.1089

2182.2930,0.0450,0.2299,4.3669,6.0961,-0.2020,3.9350,4.7365,2.5454,3.9350,2.7439

2183.2930,0.1067,0.1065,3.3791,6.3430,0.6007,2.8855,4.5513,2.5145,2.8855,2.5675

2184.2930,0.4153,0.1065,4.4286,6.2196,-0.1402,2.8238,4.3043,2.5557,2.8238,2.5940

2185.2930,0.1067,0.4151,3.6260,5.4788,-0.0785,3.2560,2.5756,2.0206,3.2560,2.1971

2186.2930,-0.0168,-0.2640,3.8730,5.8492,-0.0167,2.7621,4.4895,2.3190,2.7621,2.3823

2187.2930,0.0450,-0.2022,4.1199,5.7257,0.0450,2.8238,4.4278,2.3602,2.8238,2.4264

2188.2930,0.2302,0.0447,3.6260,5.7874,-0.0167,3.1942,4.3043,2.3293,3.1942,2.4529

2189.2930,-0.0168,0.1682,4.3052,6.1578,-0.0785,3.1325,4.6130,2.5248,3.1325,2.6116

2190.2930,-0.0168,-0.0170,3.2556,5.7257,-0.0785,3.1942,3.9339,2.1338,3.1942,2.2853

2191.2940,0.7240,0.3534,3.8112,5.7257,0.0450,3.0707,3.9339,2.4322,3.0707,2.5234

2192.2930,-0.0785,-0.0788,3.6878,5.9109,-0.0785,2.9473,4.3043,2.2779,2.9473,2.3735

2193.2930,0.1684,0.2917,3.8112,6.5283,-0.0785,3.1942,4.4278,2.5248,3.1942,2.6204

2194.2930,-0.0168,0.1065,4.1817,5.7874,0.0450,3.0707,4.5513,2.4425,3.0707,2.5323

2195.2930,0.1067,-0.3874,3.5643,5.3553,0.0450,2.7621,4.0574,2.1235,2.7621,2.2148

2196.2930,0.2302,0.2917,4.3669,6.2196,0.2920,3.1325,4.7365,2.6895,3.1325,2.7528

2197.2930,0.2302,-0.3874,3.3173,5.6022,-0.0167,2.9473,4.3661,2.1853,2.9473,2.2941

2198.2930,-0.0168,0.1065,4.3052,7.3925,0.1067,2.9473,4.4895,2.7306,2.9473,2.7616

2199.2940,0.3536,0.1065,3.8730,5.9726,1.4033,3.6264,4.4278,2.6895,3.6264,2.8233

2200.2940,0.2919,-0.0788,3.4408,5.9726,0.0450,2.3917,4.1808,2.3087,2.3917,2.3206

2201.2930,0.2919,0.1682,4.4904,6.0961,0.2920,3.1942,4.4278,2.6277,3.1942,2.7087

2202.2930,0.1067,0.0447,3.6260,6.0344,-0.0167,3.1325,4.2426,2.3396,3.1325,2.4529

2203.2930,-0.0168,0.2917,4.9226,5.9726,0.4772,3.0090,4.2426,2.6483,3.0090,2.6998

2204.2930,-0.1402,-0.0170,3.9965,5.8492,-0.0785,3.1325,3.8721,2.2470,3.1325,2.3735

2205.2930,0.1684,0.1682,3.8730,6.1578,0.2302,3.1942,4.4895,2.5145,3.1942,2.6116

2206.2940,0.4153,0.1682,4.4904,6.0344,0.1067,2.6386,4.3661,2.5968,2.6386,2.6028

2207.2930,0.2302,-0.0788,4.1199,6.0961,0.1685,2.7621,4.6130,2.5248,2.7621,2.5587

2208.2940,-0.0168,0.4151,4.1199,6.4048,0.9711,2.5151,4.5513,2.7409,2.5151,2.7087

2209.2940,0.1684,0.4769,3.6878,5.7874,-0.3255,3.0090,4.3043,2.3499,3.0090,2.4441

2210.2930,-0.6958,0.4151,4.0582,6.2196,0.7242,3.1942,4.4895,2.5351,3.1942,2.6293

2211.2930,0.1684,0.1065,3.6878,6.0961,0.0450,2.8855,4.2426,2.3911,2.8855,2.4617

2212.2930,0.1067,-0.2022,4.0582,6.0344,-0.4489,3.0707,4.1808,2.2882,3.0707,2.4000

2213.2940,-0.2637,-0.1405,3.8112,5.6022,-0.2020,3.1942,4.3043,2.1853,3.1942,2.3294

2214.2930,0.1067,0.1065,4.9843,5.5405,0.1067,3.7498,4.4278,2.5454,3.7498,2.7175

2215.2930,0.3536,-0.5109,4.1817,6.0344,0.0450,2.8238,4.2426,2.3911,2.8238,2.4529

2216.2940,0.0450,0.1065,3.5643,5.7257,-0.8194,3.6881,3.9339,2.0926,3.6881,2.3206

2217.2940,-0.0785,-0.0788,4.3052,5.9726,0.1067,3.0707,4.9835,2.5351,3.0707,2.6116

2218.2930,0.1684,-0.0788,2.8234,6.0961,-0.1402,3.0090,4.5513,2.2367,3.0090,2.3470

2219.2930,-0.2019,-0.0170,4.1817,6.1578,0.1067,2.8855,4.8600,2.5146,2.8855,2.5675

2220.2930,-2.0538,0.6621,4.4286,5.9109,0.1685,3.3177,4.2426,2.2265,3.3177,2.3824

2221.2940,-0.2019,0.2299,3.3791,5.7257,-0.2020,2.9473,3.9956,2.1544,2.9473,2.2677

2222.2940,-0.0785,-0.0788,4.6139,6.1578,-0.0167,2.8238,4.5513,2.5248,2.8238,2.5675

2223.2930,-0.1402,-0.1405,3.9347,5.6022,0.0450,2.8855,4.3043,2.2676,2.8855,2.3559

2224.2930,0.1684,-0.1405,4.4286,5.9109,-0.0167,3.1325,4.3043,2.4425,3.1325,2.5411

2225.2930,0.1067,-0.1405,3.5643,5.4170,-0.0167,2.9473,4.0574,2.1647,2.9473,2.2765

2226.2930,0.2919,-0.0788,4.3669,6.0344,0.1067,3.0707,4.6130,2.5557,3.0707,2.6293

2227.2930,0.0450,0.3534,3.6260,5.8492,0.0450,3.3177,4.4278,2.3911,3.3177,2.5234

2228.2930,0.1067,-0.5109,3.8730,6.5283,-0.0785,3.0090,4.1808,2.3499,3.0090,2.4441

2229.2930,0.0450,0.4151,3.6878,5.9109,-0.0167,3.1942,4.3043,2.3911,3.1942,2.5058

2230.2940,-0.0168,-0.0788,3.3173,5.3553,-0.0167,3.1325,3.8721,2.0721,3.1325,2.2236

2231.2930,0.1684,0.2299,4.6139,6.0961,0.0450,3.2560,4.3043,2.5763,3.2560,2.6734

2232.2940,-1.4982,0.3534,3.0704,5.6022,0.1067,3.3177,4.4278,2.0104,3.3177,2.1971

2233.2930,0.1684,0.0447,4.4286,6.3430,-0.0167,2.7003,4.6130,2.5969,2.7003,2.6116

2234.2930,0.1067,0.1065,3.6260,5.8492,-0.1402,3.1942,4.1191,2.2779,3.1942,2.4088

2235.2940,0.0450,0.1065,3.6878,6.0344,-0.0785,3.0090,4.5513,2.3911,3.0090,2.4793

2236.2940,-0.1402,0.3534,4.2434,5.4788,-0.1402,3.0707,4.6130,2.4014,3.0707,2.4970

2237.2930,-0.0785,0.6003,3.6260,6.1578,0.0450,3.2560,4.0574,2.4013,3.2560,2.5234

2238.2930,0.1067,-0.0788,4.5521,5.9726,0.3537,3.3177,4.5513,2.5763,3.3177,2.6822

2239.2930,-0.0785,0.2917,3.5643,5.6640,-0.0167,3.0707,4.5513,2.3293,3.0707,2.4352

2240.2930,-0.0785,0.0447,4.3669,6.3430,0.1067,3.1942,4.7365,2.5866,3.1942,2.6734

2241.2930,-0.0785,0.4151,3.3173,5.6022,-0.0167,3.0090,3.9956,2.2058,3.0090,2.3206

2242.2930,0.0450,0.0447,3.9347,6.3430,-0.3872,3.0707,4.4278,2.4013,3.0707,2.4970

2243.2930,0.1684,-0.0788,3.9347,5.7257,0.2302,3.0707,4.3661,2.3911,3.0707,2.4882

2244.2930,0.1684,-0.0170,3.5025,6.5283,0.1685,3.3177,4.5513,2.4837,3.3177,2.6028

2245.2930,0.1684,0.1065,3.9347,5.9726,-0.2020,3.0707,4.6130,2.4322,3.0707,2.5234

2246.2930,0.2302,0.9708,3.6260,5.9109,-0.0785,3.0707,4.1808,2.4734,3.0707,2.5587

2247.2930,0.4153,-0.0788,4.3052,6.0961,-0.0167,3.0090,4.8600,2.5969,3.0090,2.6557

2248.2940,-0.2019,-0.0788,3.8730,5.8492,-0.3255,3.1325,4.4278,2.2573,3.1325,2.3823

2249.2940,-0.2019,0.0447,3.7495,5.7874,0.3537,3.1325,4.4895,2.3705,3.1325,2.4794

2250.2930,0.1684,0.5386,3.6878,5.6640,-0.2020,3.3177,4.4895,2.3911,3.3177,2.5234

2251.2930,0.0450,-0.0170,3.8730,6.4048,-0.0167,3.0090,4.2426,2.4219,3.0090,2.5058

2252.2930,-0.4489,0.2299,4.3669,5.9726,-0.0167,2.8855,4.5513,2.4425,2.8855,2.5058

2253.2930,-0.0168,0.5386,3.6260,5.6022,-0.0785,3.1325,4.6130,2.3808,3.1325,2.4882

2254.2930,0.1067,0.7856,4.3052,6.1578,0.0450,2.8855,4.4895,2.6483,2.8855,2.6822

2255.2930,0.2302,0.0447,3.6878,5.4788,0.2302,3.0707,4.6748,2.3911,3.0707,2.4882

2256.2930,-0.1402,0.4769,3.9965,6.5900,0.0450,3.0707,4.6130,2.5969,3.0707,2.6646

2257.2930,0.1684,0.2917,3.7495,5.5405,0.1067,3.3794,4.4895,2.3911,3.3794,2.5323

2258.2940,0.2919,-0.1405,3.2556,4.8614,0.4772,2.8855,4.3043,2.1750,2.8855,2.2765

2259.2940,0.1067,-0.0170,4.4904,6.2196,-0.2020,3.0707,4.1808,2.4631,3.0707,2.5499

2260.2930,0.0450,0.0447,3.6260,5.8492,-0.0785,3.1325,3.9956,2.2470,3.1325,2.3735

2261.2930,0.0450,0.1065,4.4286,5.7874,-0.0167,2.9473,4.3043,2.4425,2.9473,2.5146

2262.2930,-0.0168,0.2299,4.0582,5.2936,0.2920,3.0707,4.2426,2.3499,3.0707,2.4529

2263.2940,-0.0785,-0.2640,3.9347,5.7874,0.1067,2.7621,4.7983,2.3808,2.7621,2.4353

2264.2930,0.1684,-0.2022,3.6878,5.5405,-0.2020,3.1942,3.8721,2.1441,3.1942,2.2941

2265.2940,-0.0168,-0.2022,3.8112,5.9109,0.0450,3.0090,4.5513,2.3499,3.0090,2.4441

2266.2930,-0.0785,-0.0170,3.6260,5.7257,0.1067,2.9473,4.4278,2.2985,2.9473,2.3911

2267.2930,0.0450,0.5386,3.7495,5.8492,0.4772,2.8855,3.9956,2.4425,2.8855,2.5058

2268.2930,0.2919,0.0447,4.5521,5.9109,-0.0785,2.8855,4.6748,2.5660,2.8855,2.6116

2269.2930,0.2302,-0.0788,3.5025,5.3553,-0.0167,2.8855,4.1808,2.1956,2.8855,2.2941

2270.2930,0.0450,0.2299,4.3669,6.5900,0.1067,3.3177,4.5513,2.6483,3.3177,2.7439

2271.2930,-0.0785,0.6003,3.5025,5.8492,0.4155,3.0090,4.2426,2.4219,3.0090,2.5058

2272.2940,-0.3871,-0.2022,3.6260,5.4788,0.1685,2.8855,4.4278,2.1853,2.8855,2.2853

2273.2930,-0.1402,0.2917,4.2434,5.9726,0.2302,2.8855,4.5513,2.5248,2.8855,2.5764

2274.2930,-0.0785,0.6003,3.7495,6.0961,0.1685,3.0090,4.3043,2.4734,3.0090,2.5499

2275.2930,0.4153,-0.2022,4.4904,6.0961,0.0450,2.0830,5.2304,2.6792,2.0830,2.5940

2276.2930,0.0450,0.0447,3.8730,5.7257,0.2920,3.0090,4.5513,2.4219,3.0090,2.5058

2277.2930,0.6622,-0.0788,4.6139,6.1578,0.4155,3.0090,4.7983,2.7615,3.0090,2.7968

2278.2930,-0.0785,0.2917,3.8730,6.6517,0.4155,3.0707,4.3661,2.5866,3.0707,2.6557

2279.2930,-0.0168,0.2917,3.6878,5.9726,-0.1402,3.1325,4.7983,2.4322,3.1325,2.5323

2280.2930,-0.2637,-0.3874,4.4904,5.4788,-0.2637,2.8238,4.1808,2.2059,2.8238,2.2941

2281.2930,-0.3871,1.3412,3.5025,6.7135,0.0450,4.1203,4.1808,2.5660,4.1203,2.7880

2282.2930,-0.3254,-0.0788,3.8112,5.8492,-0.1402,3.0090,3.3165,2.0721,3.0090,2.2059

2283.2940,0.1067,0.1065,3.0086,5.3553,-0.1402,3.1942,3.9339,2.0618,3.1942,2.2236

2284.2930,0.3536,0.2299,4.3052,5.4788,-0.2020,3.1942,4.7983,2.4940,3.1942,2.5940

2285.2930,0.2919,0.1682,3.9965,5.7874,0.1685,3.1325,3.9956,2.4013,3.1325,2.5058

2286.2930,-0.0168,0.2299,3.9347,5.6022,0.1067,3.5646,4.6748,2.4219,3.5646,2.5852

2287.2930,-0.2019,-0.0788,3.6260,5.6640,-0.0785,3.3177,4.1191,2.1750,3.3177,2.3382

2288.2930,0.1067,-0.2022,3.8730,6.1578,0.3537,3.1942,4.3043,2.4322,3.1942,2.5411

2289.2940,0.1067,-0.6344,4.3669,5.9726,-0.3255,3.0090,4.5513,2.3396,3.0090,2.4352

2290.2930,0.7857,0.2917,3.2556,6.0344,0.6007,3.1325,3.8104,2.4631,3.1325,2.5587

2291.2930,0.1067,0.1065,4.4286,6.0344,0.1067,3.0090,4.4278,2.5351,3.0090,2.6028

2292.2940,-0.0785,0.1682,3.5643,5.8492,0.1067,2.9473,4.3661,2.3293,2.9473,2.4176

2293.2930,-0.1402,-0.3257,4.1817,5.9726,-0.2020,2.7003,4.4895,2.3293,2.7003,2.3823

2294.2930,-0.2019,-0.0788,4.3052,5.1084,-0.2020,3.0707,4.2426,2.1956,3.0707,2.3206

2295.2930,0.1067,1.3412,3.8730,5.6022,0.1067,3.5029,3.9956,2.5042,3.5029,2.6469

2296.2930,0.1067,0.4151,4.5521,6.1578,0.3537,3.3794,4.5513,2.6895,3.3794,2.7880

2297.2930,0.2302,-0.1405,3.2556,5.7257,-0.0167,3.0707,4.3043,2.2264,3.0707,2.3470

2298.2930,0.0450,-0.2022,3.9965,6.2196,0.3537,3.0707,4.1191,2.4219,3.0707,2.5146

2299.2930,0.1684,0.4151,3.6260,5.9109,0.3537,2.7003,3.6869,2.3602,2.7003,2.4088

2300.2940,-0.2019,0.1682,3.6878,5.7257,-0.0167,3.0090,4.3043,2.2779,3.0090,2.3823

2301.2940,-0.0785,-0.2022,4.1199,5.6022,0.0450,2.9473,4.4278,2.3190,2.9473,2.4088

2302.2930,0.0450,1.0325,3.4408,5.6640,0.9094,2.7003,4.1191,2.5351,2.7003,2.5587

2303.2930,-0.0168,-0.0170,4.6139,6.0961,0.3537,3.0090,4.6130,2.6072,3.0090,2.6646

2304.2930,-0.2019,-0.0788,3.3791,6.1578,0.5389,2.7621,4.7365,2.4219,2.7621,2.4705

2305.2930,-0.0785,-0.0170,4.3052,6.2196,-0.1402,3.2560,4.1808,2.4116,3.2560,2.5323

2306.2930,-0.1402,-0.1405,3.9347,5.7874,0.0450,3.0090,4.5513,2.3396,3.0090,2.4352

2307.2930,0.7240,0.1065,5.1695,5.9726,0.1685,3.3177,4.3043,2.7409,3.3177,2.8233

2308.2930,0.4153,0.1682,3.5025,6.2196,-0.2637,2.7621,4.3661,2.4013,2.7621,2.4529

2309.2940,0.0450,-0.1405,3.3173,5.7874,-0.3255,3.2560,3.8104,2.0824,3.2560,2.2500

2310.2930,-0.0168,0.0447,3.7495,5.8492,-0.1402,3.2560,4.1808,2.2779,3.2560,2.4176

2311.2940,0.0450,-0.2640,3.7495,5.2936,0.2302,2.9473,4.3043,2.2264,2.9473,2.3294

2312.2930,0.1684,0.0447,4.3669,6.0344,0.0450,3.2560,4.3043,2.4940,3.2560,2.6028

2313.2930,-0.0168,-0.2640,3.6878,5.6640,-0.0167,3.5029,4.3661,2.2367,3.5029,2.4176

2314.2930,0.1067,0.2917,4.1817,6.4048,-0.0167,3.4412,4.2426,2.5351,3.4412,2.6645

2315.2930,0.1684,-0.0170,4.1199,5.6022,-0.2020,2.8855,3.8104,2.2470,2.8855,2.3382

2316.2940,0.4153,-0.0788,3.8730,5.6022,0.3537,3.9350,4.8600,2.5042,3.9350,2.7086

2317.2930,-0.0785,0.1065,3.8112,6.2813,-0.3255,2.9473,4.2426,2.3396,2.9473,2.4264

2318.2930,0.0450,0.6621,3.7495,5.9726,0.3537,3.3794,4.4895,2.5454,3.3794,2.6646

2319.2930,-0.2637,0.3534,3.6878,6.0344,-0.3872,3.1325,4.0574,2.2470,3.1325,2.3735

2320.2930,0.0450,0.7238,3.3173,6.4665,0.0450,3.6881,4.1191,2.4528,3.6881,2.6293

2321.2940,-0.0168,-0.2640,3.2556,5.9726,0.2920,3.2560,4.5513,2.2985,3.2560,2.4352

2322.2930,0.0450,0.9708,4.1817,6.8987,0.1685,4.1203,4.5513,2.8026,4.1203,2.9909

2323.2930,-0.3871,0.0447,3.3173,6.0344,-0.4489,3.1942,3.9339,2.0824,3.1942,2.2412

2324.2930,0.6622,0.2299,5.1078,5.8492,0.6624,3.0707,4.9835,2.9158,3.0707,2.9380

2325.2940,-0.1402,-0.6961,3.6878,6.0344,-0.1402,2.7003,4.1808,2.1544,2.7003,2.2324

2326.2930,0.2302,0.2917,4.2434,5.9726,0.1067,3.8733,4.2426,2.5145,3.8733,2.7086

2327.2930,0.4153,-0.0788,3.9965,5.6022,0.4155,3.0707,4.5513,2.4837,3.0707,2.5675

2328.2930,0.1067,0.5386,4.1817,5.8492,-0.2637,3.1942,4.6130,2.5042,3.1942,2.6028

2329.2930,0.2919,-0.5109,4.1199,6.1578,0.3537,2.8855,4.4895,2.4837,2.8855,2.5411

2330.2930,-0.1402,0.2299,4.0582,6.5283,-0.0167,3.4412,4.4895,2.5248,3.4412,2.6557

2331.2930,-0.0168,-0.2022,4.6139,5.6640,-0.0167,3.3794,4.5513,2.4322,3.3794,2.5675

2332.2940,-0.0168,-0.2022,3.9347,6.2813,0.1067,3.0707,3.9339,2.3396,3.0707,2.4441

2333.2940,0.4153,0.3534,4.0582,5.5405,-0.1402,3.0707,4.9835,2.5351,3.0707,2.6116

2334.2930,-0.0785,0.0447,4.3052,5.5405,0.1067,3.1325,3.9339,2.3088,3.1325,2.4264

2335.2930,0.1684,0.1682,4.5521,5.8492,-0.2637,2.5769,4.5513,2.5042,2.5769,2.5146

2336.2930,0.4153,0.0447,3.9965,5.7257,0.0450,3.1942,4.1808,2.4013,3.1942,2.5146

2337.2930,-0.0168,0.0447,3.2556,5.4788,0.1685,3.1942,3.7487,2.1132,3.1942,2.2677

2338.2930,-0.0168,-0.5109,4.3669,6.3430,0.1685,3.0707,4.4895,2.4734,3.0707,2.5587

2339.2930,0.0450,-0.0170,3.5643,5.3553,-0.2020,3.2560,4.4278,2.1956,3.2560,2.3470

2340.2930,-0.0168,-0.3874,4.0582,6.2196,-0.2637,2.8855,4.1808,2.2985,2.8855,2.3823

2341.2940,0.3536,0.1682,4.0582,5.6022,-0.2637,2.9473,4.1191,2.3396,2.9473,2.4264

2342.2930,0.0450,0.1682,4.4904,6.1578,0.2302,3.0707,4.7983,2.6483,3.0707,2.7087

2343.2940,-0.0168,0.1065,4.0582,5.6022,-0.0167,2.8855,3.3782,2.1853,2.8855,2.2853

2344.2930,0.6005,1.2177,3.9347,5.9726,-0.0785,3.5029,4.3661,2.6689,3.5029,2.7880

2345.2930,-0.0785,0.0447,4.4904,6.0961,-0.1402,2.8855,4.4278,2.4734,2.8855,2.5323

2346.2930,-0.3254,0.0447,3.1938,5.8492,0.0450,3.0090,4.5513,2.2264,3.0090,2.3382

2347.2940,-0.9427,0.2917,4.1817,6.0961,-0.0167,2.7621,4.4895,2.3499,2.7621,2.4088

2348.2940,-0.1402,0.1682,4.1199,6.1578,0.0450,3.1325,4.4278,2.4631,3.1325,2.5587

2349.2930,-0.0785,-0.2022,4.0582,6.1578,0.1067,2.8238,4.3661,2.4014,2.8238,2.4617

2350.2930,0.2302,0.0447,4.1817,5.8492,-0.0167,3.2560,4.4278,2.4528,3.2560,2.5675

2351.2940,0.1067,-0.0788,4.0582,5.7874,0.4155,3.2560,4.4278,2.4528,3.2560,2.5675

2352.2940,0.0450,-0.3257,4.1817,6.1578,-0.0167,3.1325,4.4895,2.4219,3.1325,2.5234

2353.2930,-0.0785,-0.1405,3.7495,5.6022,0.2302,2.8238,4.2426,2.2676,2.8238,2.3471

2354.2930,0.1067,-0.0170,5.4165,6.5900,0.1685,3.1325,4.7983,2.8438,3.1325,2.8851

2355.2940,-0.3871,0.1065,3.5643,5.4170,-0.1402,3.0707,3.9339,2.0824,3.0707,2.2236

2356.2930,-0.0168,0.7856,4.3052,6.4665,0.2920,3.0090,4.7983,2.7718,3.0090,2.8057

2357.2930,-0.0785,0.3534,4.3669,5.9726,-0.0785,2.8238,4.5513,2.5145,2.8238,2.5587

2358.2930,1.0326,0.1682,3.8730,6.2813,0.0450,2.8855,4.4895,2.6483,2.8855,2.6822

2359.2930,-0.0785,0.6003,4.0582,6.3430,0.1685,3.3794,4.6130,2.6174,3.3794,2.7263

2360.2930,-0.0168,0.1682,3.3173,5.2936,-0.3872,2.1447,4.3043,2.1132,2.1447,2.1177

2361.2940,-0.0168,-0.0170,4.1817,6.2813,0.0450,3.2560,4.5513,2.5043,3.2560,2.6116

2362.2940,-0.0168,0.7238,3.3173,6.1578,-0.0167,3.3177,4.3043,2.4116,3.3177,2.5411

2363.2940,0.0450,0.4769,3.9965,6.8369,-0.2020,3.3794,4.0574,2.5351,3.3794,2.6557

2364.2930,0.2302,0.1065,4.0582,5.7257,0.4772,2.8238,4.6130,2.5351,2.8238,2.5764

2365.2940,-0.2637,0.0447,3.3173,6.0961,-0.2020,3.1325,4.2426,2.2058,3.1325,2.3382

2366.2930,0.2919,-0.0788,4.4904,5.8492,0.2302,3.2560,4.1191,2.4837,3.2560,2.5940

2367.2930,-0.0785,0.3534,3.5025,6.1578,-0.0167,3.2560,4.1808,2.3499,3.2560,2.4793

2368.2930,0.1067,-0.2022,5.2313,6.1578,0.2302,3.1325,4.4278,2.6586,3.1325,2.7263

2369.2930,0.0450,0.4151,3.6878,5.7257,-0.0167,3.5029,4.2426,2.3499,3.5029,2.5146

2370.2930,0.4153,0.1065,4.1199,5.7874,0.1685,3.2560,4.4278,2.5042,3.2560,2.6116

2371.2930,-0.0168,-0.0170,4.1199,5.5405,-0.0167,2.9473,4.6748,2.3808,2.9473,2.4617

2372.2940,-0.0168,0.2299,3.5025,6.2196,0.1685,2.8238,4.4895,2.4322,2.8238,2.4882

2373.2930,-0.1402,0.1065,4.3669,6.1578,0.1067,3.1325,4.5513,2.5248,3.1325,2.6116

2374.2940,0.1067,-0.2640,3.6878,5.9726,0.2302,2.9473,4.2426,2.3293,2.9473,2.4176

2375.2930,0.0450,0.1682,4.3669,6.2196,0.1067,3.0090,4.4278,2.5557,3.0090,2.6205

2376.2930,0.1067,0.1065,3.5025,5.6022,-0.0167,3.0707,4.0574,2.2264,3.0707,2.3470

2377.2930,0.0450,-0.0170,4.5521,6.2813,0.2302,2.7621,4.3661,2.5763,2.7621,2.6028

2378.2930,0.0450,0.1065,3.6878,5.6640,-0.0785,3.5029,4.7365,2.3602,3.5029,2.5234

2379.2940,-0.0785,0.1682,3.7495,5.7874,-0.0167,3.1942,4.1808,2.2985,3.1942,2.4264

2380.2930,0.1684,0.1065,3.8112,5.9109,0.1685,2.9473,4.2426,2.4013,2.9473,2.4793

2381.2930,0.4153,0.4769,3.5643,5.6640,0.1685,3.0090,3.9956,2.3808,3.0090,2.4705

2382.2930,0.2919,-0.0788,4.3669,6.7752,0.4155,2.9473,4.2426,2.6689,2.9473,2.7086

2383.2930,0.0450,0.1682,3.1321,5.7257,0.1685,3.3794,4.3661,2.2676,3.3794,2.4264

2384.2930,-0.2019,0.2299,4.1199,5.7874,-0.1402,3.3794,4.7983,2.4322,3.3794,2.5675

2385.2930,-0.0785,0.2299,4.1817,6.0961,0.0450,3.1325,4.4895,2.4940,3.1325,2.5852

2386.2930,0.4153,0.2917,3.9965,5.7257,-0.0167,2.8855,4.3043,2.4528,2.8855,2.5146

2387.2930,0.0450,0.2917,4.4904,6.0961,-0.0167,3.3177,4.5513,2.5763,3.3177,2.6822

2388.2930,0.4153,-0.2640,3.5643,5.3553,0.1067,3.1325,4.1191,2.2161,3.1325,2.3470

2389.2930,-0.0168,-0.1405,4.4286,5.8492,-0.0785,3.3177,4.3043,2.3911,3.3177,2.5234

2390.2930,-0.1402,-0.0788,3.5643,5.9109,-0.0785,3.1942,4.2426,2.2367,3.1942,2.3735

2391.2930,-0.2637,-0.0788,5.2930,6.4048,-0.2020,3.6881,4.9217,2.6792,3.6881,2.8233

2392.2930,-0.0785,-0.0788,3.8112,6.3430,0.1685,3.4412,4.4895,2.4425,3.4412,2.5852

2393.2930,-0.0785,-0.0788,3.4408,5.6022,-0.2020,3.2560,4.1191,2.1338,3.2560,2.2941

2394.2930,1.0943,-0.4492,3.8112,5.4788,-0.1402,3.1325,4.1191,2.3190,3.1325,2.4352

2395.2940,0.1067,-0.0788,3.6878,5.6022,0.2302,2.8855,4.1808,2.2882,2.8855,2.3735

2396.2930,-0.0785,0.1682,4.2434,6.2813,0.1067,2.9473,4.5513,2.5454,2.9473,2.6028

2397.2930,-0.1402,0.7238,3.5643,6.2196,0.1685,3.1942,4.4895,2.5042,3.1942,2.6028

2398.2930,-0.5723,-0.3874,4.4904,5.8492,0.7859,3.1325,4.4278,2.4323,3.1325,2.5323

2399.2930,-0.0785,0.5386,3.8112,5.8492,-0.0785,3.0090,3.8104,2.3087,3.0090,2.4088

2400.2930,-0.0785,0.1682,4.1199,6.0961,-0.0785,2.8855,3.8104,2.3396,2.8855,2.4176

2401.2930,-0.0168,0.1065,3.9965,6.2813,-0.0167,3.4412,4.1191,2.4116,3.4412,2.5587

2402.2930,0.6005,0.1065,4.4286,5.8492,0.7242,3.1325,4.7365,2.7409,3.1325,2.7969

2403.2930,-0.1402,-0.4492,4.0582,5.9109,0.1067,2.8855,5.3539,2.4734,2.8855,2.5323

2404.2930,-0.0168,0.2917,3.3173,6.2813,-0.0785,3.2560,4.1191,2.3190,3.2560,2.4529

2405.2930,0.1067,-0.1405,4.4286,6.1578,0.1685,2.8238,3.3782,2.3499,2.8238,2.4176

2406.2940,0.4153,-0.0788,4.2434,5.8492,0.2920,3.1325,4.3043,2.5042,3.1325,2.5940

2407.2930,0.2919,-0.0788,4.3052,6.1578,0.1685,2.9473,4.4895,2.5557,2.9473,2.6116

2408.2930,-0.2637,0.1065,3.9347,5.6022,-0.2637,2.5769,4.1191,2.2059,2.5769,2.2589

2409.2930,-0.0785,0.1065,3.5643,5.9109,-0.0167,2.9473,4.1808,2.2779,2.9473,2.3735

2410.2930,-0.0168,0.2299,4.4904,6.2196,0.2920,3.3794,4.6130,2.6380,3.3794,2.7439

2411.2930,-0.0168,-0.2640,3.5643,5.6022,0.0450,2.7621,4.1191,2.1750,2.7621,2.2589

2412.2930,0.1684,-0.2022,4.4286,6.7135,0.2920,3.0707,4.3043,2.6174,3.0707,2.6822

2413.2930,-0.0785,-0.2022,3.9347,5.4788,-0.1402,2.9473,4.2426,2.2059,2.9473,2.3118

2414.2930,-0.2637,-0.0788,3.8730,5.6022,-0.2637,2.8855,4.3661,2.2059,2.8855,2.3030

2415.2930,0.1684,-0.0788,4.1199,5.8492,0.2920,3.1325,4.8600,2.5351,3.1325,2.6205

2416.2940,0.3536,-0.1405,4.3052,5.7257,0.0450,3.0707,4.4278,2.4528,3.0707,2.5411

2417.2930,0.3536,-0.0170,3.6878,5.0466,-0.0785,2.8855,4.2426,2.2058,2.8855,2.3029

2418.2930,0.1684,-0.0788,3.2556,6.0961,0.1067,2.9473,3.8721,2.2367,2.9473,2.3382

2419.2930,0.4771,0.4151,3.9347,5.8492,0.1685,3.1942,4.4278,2.5454,3.1942,2.6381

2420.2930,-0.2637,0.1682,3.2556,5.8492,-0.2020,2.8855,3.9956,2.1338,2.8855,2.2412

2421.2930,0.2302,0.1682,3.8112,6.2813,0.2302,3.1942,4.1808,2.4837,3.1942,2.5852

2422.2930,0.0450,-1.0665,4.6139,5.4788,0.6007,3.0090,4.3661,2.3396,3.0090,2.4353

2423.2930,0.1684,-0.1405,3.8730,5.7257,0.2920,2.9473,4.1191,2.3396,2.9473,2.4264

2424.2930,-0.1402,0.6003,4.1199,6.2196,0.2302,3.0707,4.4278,2.5763,3.0707,2.6469

2425.2930,0.1684,-0.1405,3.7495,5.6022,-0.0785,3.2560,4.1191,2.2367,3.2560,2.3823

2426.2940,-0.0785,0.2917,4.3052,6.1578,-0.0785,2.8855,4.4895,2.5145,2.8855,2.5675

2427.2930,0.0450,-0.1405,3.5025,6.0961,-0.0167,3.0090,4.4278,2.3190,3.0090,2.4176

2428.2940,-0.0785,0.1065,3.8730,5.9726,-0.0785,3.0707,4.3043,2.3499,3.0707,2.4529

2429.2930,0.0450,0.1682,3.8730,6.1578,0.1067,3.9350,4.5513,2.4837,3.9350,2.6910

2430.2940,0.4771,-0.5726,3.8112,5.7257,0.0450,3.2560,4.1191,2.2676,3.2560,2.4088

2431.2930,-0.3871,-0.2022,4.2434,6.1578,0.3537,3.0090,4.4895,2.4425,3.0090,2.5235

2432.2930,-0.0168,0.2299,3.8112,5.6022,-0.3872,3.0707,4.3043,2.2573,3.0707,2.3735

2433.2930,-0.1402,-0.0170,3.7495,6.5900,-0.1402,3.0707,4.5513,2.4322,3.0707,2.5234

2434.2930,-0.0168,0.4151,3.6878,5.7257,0.3537,2.1447,4.2426,2.4014,2.1447,2.3647

2435.2930,0.0450,0.0447,4.1199,6.3430,0.0450,3.0707,4.4895,2.5145,3.0707,2.5940

2436.2930,0.7240,-0.0170,4.1199,5.9726,-0.0167,2.8238,4.3043,2.5145,2.8238,2.5587

2437.2930,-0.0785,-0.3257,3.4408,5.7874,0.4772,2.3917,4.9217,2.3705,2.3917,2.3735

2438.2930,0.0450,0.3534,4.4286,5.9109,0.1067,3.0707,4.4895,2.5557,3.0707,2.6293

2439.2930,-0.2637,-0.0170,3.5025,6.0344,-0.0785,3.3794,4.2426,2.2367,3.3794,2.4000

2440.2930,0.1067,-0.0788,4.8608,5.9726,0.4155,3.0707,4.7983,2.6792,3.0707,2.7351

2441.2940,-1.0044,0.1682,3.5025,5.6022,0.2302,2.9473,4.5513,2.1750,2.9473,2.2853

2442.2940,-0.0785,0.1065,3.9965,6.1578,-0.0167,3.1942,4.3043,2.4116,3.1942,2.5234

2443.2930,0.0450,0.8473,4.3052,6.2196,-0.0167,3.0707,4.1808,2.5969,3.0707,2.6645

2444.2930,0.1067,0.4151,3.9347,6.2813,0.2302,3.0090,4.2426,2.5351,3.0090,2.6028

2445.2930,-0.0785,-0.0788,4.3669,5.7874,0.3537,2.6386,5.5391,2.6483,2.6386,2.6469

2446.2930,0.0450,-0.0170,3.9347,5.8492,0.6007,3.1325,4.3043,2.4528,3.1325,2.5499

2447.2930,-0.0168,-0.1405,4.3669,5.9726,0.9094,3.1325,4.4895,2.5969,3.1325,2.6734

2448.2930,-0.0168,0.2299,3.5643,5.1701,0.0450,2.8855,4.4278,2.2367,2.8855,2.3294

2449.2930,-0.1402,-0.1405,4.0582,5.9109,-0.0785,3.0707,4.3043,2.3190,3.0707,2.4264

2450.2930,0.0450,0.1682,4.1817,5.9726,-0.0167,4.0585,4.6130,2.4940,4.0585,2.7175

2451.2930,0.1067,-0.0788,3.9965,5.9109,0.1067,2.8238,4.4278,2.4116,2.8238,2.4705

2452.2930,-0.0785,-0.0170,4.1199,6.2196,-0.0167,2.2682,4.6130,2.4734,2.2682,2.4441

2453.2930,-0.0785,0.1065,3.6260,5.7874,0.1067,2.9473,4.3661,2.3190,2.9473,2.4088

2454.2940,-0.0168,0.6003,3.5643,5.8492,-0.0785,3.0707,4.7365,2.4425,3.0707,2.5323

2455.2940,0.0450,-0.0170,3.0704,5.2318,0.2920,2.8855,4.6130,2.2059,2.8855,2.3030

2456.2930,-0.0168,-0.0788,4.0582,6.0344,-0.0167,2.8855,4.3043,2.3808,2.8855,2.4529

2457.2930,-0.0168,0.1065,3.6878,5.7257,-0.0167,3.1942,4.0574,2.2573,3.1942,2.3911

2458.2930,-0.0785,0.4151,4.2434,6.2813,-0.0785,3.1942,4.3661,2.5248,3.1942,2.6205

2459.2930,0.2302,-0.4492,4.2434,6.3430,-0.1402,2.8855,4.4895,2.4528,2.8855,2.5146

2460.2940,-0.2637,0.2299,3.9965,4.9231,0.0450,2.9473,4.3043,2.2059,2.9473,2.3118

2461.2930,-0.0785,0.2299,4.1199,6.2196,-0.1402,3.1325,4.2426,2.4322,3.1325,2.5323

2462.2930,-0.0785,-0.1405,3.4408,5.4170,-0.1402,2.9473,4.1191,2.1030,2.9473,2.2236

2463.2930,-0.3254,-0.0170,4.0582,6.1578,0.1685,3.0090,4.3043,2.3911,3.0090,2.4794

2464.2940,-0.1402,-0.0170,4.2434,6.2813,-0.3255,3.1325,4.6748,2.4528,3.1325,2.5499

2465.2930,-0.0168,0.1682,3.7495,5.9726,0.2302,3.5029,4.4278,2.4219,3.5029,2.5764

2466.2940,0.1067,0.1682,3.8730,5.7257,-0.0167,3.0707,4.0574,2.3190,3.0707,2.4264

2467.2930,-0.0168,-0.2022,3.5643,5.9109,0.9094,3.0707,3.8721,2.3396,3.0707,2.4441

2468.2930,-0.0785,0.4769,4.6756,6.1578,-0.3255,3.1325,4.9835,2.6483,3.1325,2.7175

2469.2930,0.3536,-0.3257,4.0582,5.7874,-0.2020,3.1325,4.1808,2.3087,3.1325,2.4264

2470.2930,-0.2637,-0.0788,4.2434,6.2196,0.0450,3.5029,3.7487,2.3190,3.5029,2.4882

2471.2940,-0.5106,0.2917,3.9347,6.0961,-0.1402,3.3794,4.1808,2.3088,3.3794,2.4617

2472.2940,-0.3254,-0.4492,4.4286,6.7135,-0.3872,4.1820,4.3661,2.3911,4.1820,2.6469

2473.2930,0.1067,0.1065,4.1817,6.2196,0.2302,2.7003,4.6130,2.5763,2.7003,2.5940

2474.2930,-0.0785,-0.0788,3.6260,5.2936,-0.0785,3.1325,4.4278,2.1853,3.1325,2.3206

2475.2930,-0.0785,-0.5109,4.4286,6.1578,-0.0785,2.8238,4.5513,2.4116,2.8238,2.4705

2476.2940,-0.0785,0.6003,3.8730,5.8492,-0.1402,3.0090,4.1191,2.3705,3.0090,2.4617

2477.2940,-0.0785,-0.5726,3.8112,6.1578,0.2920,2.8238,4.9217,2.4219,2.8238,2.4794

2478.2930,0.1684,0.1065,3.8112,5.9109,-0.0167,3.2560,4.3043,2.3808,3.2560,2.5058

2479.2930,-0.0785,-0.2022,3.9965,6.0961,-0.3255,2.7003,4.4278,2.3190,2.7003,2.3735

2480.2940,0.2919,-0.0788,4.1199,5.6022,0.4155,2.8238,4.3661,2.4528,2.8238,2.5058

2481.2930,0.1067,-0.0788,4.1199,6.2813,0.3537,2.9473,4.7365,2.5866,2.9473,2.6381

2482.2940,0.8474,-0.3874,4.0582,6.2813,-0.1402,3.0707,4.3043,2.4939,3.0707,2.5763

2483.2930,0.4771,0.1065,4.2434,5.7257,0.0450,3.2560,4.1191,2.4528,3.2560,2.5675

2484.2930,0.1684,-0.1405,4.7373,6.0344,0.5389,3.1325,4.6130,2.6586,3.1325,2.7263

2485.2930,0.1684,0.2299,3.7495,5.5405,-1.6221,3.3177,3.8721,1.9897,3.3177,2.1794

2486.2930,-0.0785,0.5386,4.3052,6.1578,-0.1402,2.8855,5.1070,2.6483,2.8855,2.6822

2487.2930,1.9585,0.5386,3.8730,6.5900,-0.0167,3.5646,4.7365,2.9466,3.5646,3.0349

2488.2940,-0.0168,0.5386,3.3791,5.8492,-0.0167,3.1942,4.1808,2.3190,3.1942,2.4441

2489.2940,-0.2637,0.0447,4.0582,6.1578,-0.3872,2.7003,4.1191,2.2882,2.7003,2.3470

2490.2930,-0.1402,0.6621,3.5025,5.9109,-0.1402,2.9473,4.3043,2.3499,2.9473,2.4352

2491.2930,0.4153,-0.0788,4.7373,5.9109,0.0450,2.8855,4.4278,2.5763,2.8855,2.6205

2492.2940,0.2919,-0.0788,4.3052,5.7257,0.4155,3.0090,4.7983,2.5763,3.0090,2.6381

2493.2930,0.1684,0.1065,3.9347,5.9726,0.0450,3.1942,4.4895,2.4528,3.1942,2.5587

2494.2930,-0.0168,0.5386,4.7991,5.5405,0.1067,3.1942,4.4895,2.5763,3.1942,2.6646

2495.2940,0.0450,0.3534,2.4529,6.3430,-0.2020,3.4412,4.2426,2.2058,3.4412,2.3823

2496.2930,0.4153,0.0447,4.7373,5.9109,0.4155,3.0707,4.6748,2.6998,3.0707,2.7528

2497.2930,-0.0785,0.2299,3.7495,6.0961,-0.0167,4.1203,4.5513,2.4219,4.1203,2.6645

2498.2930,-0.0785,0.0447,4.4286,5.9726,-0.0167,3.0090,4.4278,2.4631,3.0090,2.5411

2499.2930,-0.3254,0.2917,3.6260,5.8492,0.0450,3.5029,4.1191,2.2676,3.5029,2.4441

2500.2930,-0.2019,0.0447,3.7495,5.9109,-0.0167,3.2560,4.0574,2.2573,3.2560,2.4000

2501.2930,1.0326,-0.0788,4.8608,6.0961,0.3537,3.1325,4.5513,2.8026,3.1325,2.8498

2502.2930,0.1684,0.0447,4.1199,5.6640,0.4155,2.9473,4.4895,2.4837,2.9473,2.5499

2503.2930,-0.0168,-0.0170,4.6756,5.9109,0.4772,3.0090,4.9835,2.6689,3.0090,2.7175

2504.2930,-0.0785,0.0447,3.7495,5.2936,0.2302,2.9473,4.3661,2.2676,2.9473,2.3647

2505.2930,0.5388,-0.0170,4.8608,5.9109,0.4772,3.0090,4.7365,2.7512,3.0090,2.7880

2506.2930,0.4153,0.3534,4.3052,5.7257,0.4155,2.7621,4.1808,2.5660,2.7621,2.5940

2507.2930,-0.1402,0.1682,4.1817,6.1578,-0.0785,2.8855,4.4895,2.4631,2.8855,2.5234

2508.2930,0.0450,0.1682,4.1199,5.9726,-0.3872,2.8855,4.4895,2.4013,2.8855,2.4705

2509.2930,-0.9427,0.3534,3.7495,6.8987,0.1067,3.0090,4.2426,2.4014,3.0090,2.4882

2510.2940,0.1067,0.0447,4.9226,6.2196,0.0450,3.0707,4.4895,2.6380,3.0707,2.6998

2511.2940,0.2919,0.1682,3.6878,6.4048,0.0450,2.8238,4.2426,2.4734,2.8238,2.5234

2512.2930,-0.0785,0.1065,4.4904,6.0961,-0.1402,3.2560,5.2922,2.6277,3.2560,2.7175

2513.2930,0.6005,0.1065,3.3791,5.7874,0.3537,3.0090,3.9956,2.3705,3.0090,2.4617

2514.2930,0.4153,-0.3874,4.2434,6.2196,-0.0167,2.8855,4.1808,2.4425,2.8855,2.5058

2515.2930,0.0450,0.6003,3.6878,5.6022,0.3537,3.2560,4.2426,2.4219,3.2560,2.5411

2516.2940,0.0450,-0.0170,3.6260,5.9726,-0.0785,3.4412,4.2426,2.2985,3.4412,2.4617

2517.2930,-0.0168,0.3534,4.2434,5.9726,-0.0785,3.0090,4.4278,2.4837,3.0090,2.5587

2518.2940,0.4153,0.1682,3.8730,6.0961,-0.0167,3.1942,4.1808,2.4528,3.1942,2.5587

2519.2930,0.1067,0.0447,4.4286,6.7135,-0.2637,3.2560,4.6130,2.6071,3.2560,2.6998

2520.2930,0.2302,0.1065,3.5643,5.8492,0.2920,3.0707,4.8600,2.4837,3.0707,2.5675

2521.2930,-0.0168,0.1065,3.7495,5.4170,0.2302,2.8238,4.4895,2.3293,2.8238,2.4000

2522.2940,0.4771,-0.0788,4.4904,5.7874,0.2920,3.3794,4.0574,2.5042,3.3794,2.6293

2523.2930,-0.1402,-0.0170,4.2434,6.1578,0.2920,3.0707,4.5513,2.5145,3.0707,2.5940

2524.2930,0.1067,-0.2022,4.3669,5.7257,-0.0167,3.1942,4.4278,2.4014,3.1942,2.5146

2525.2930,-0.1402,0.2299,3.5643,5.9726,-0.0785,3.1942,4.3043,2.3087,3.1942,2.4352

2526.2940,-0.0785,0.4151,4.1199,6.3430,0.0450,2.9473,4.4278,2.5454,2.9473,2.6028

2527.2940,0.1684,0.2299,3.5643,6.0961,-0.0167,3.4412,4.3661,2.4013,3.4412,2.5499

2528.2930,0.1067,-0.0788,4.4904,6.1578,-0.2637,2.8855,4.1808,2.4322,2.8855,2.4970

2529.2930,0.1067,-0.0788,3.9347,5.7257,0.0450,2.8238,4.3043,2.3396,2.8238,2.4088

2530.2930,-0.3254,-0.2640,3.9965,5.9109,0.9094,3.1325,4.3043,2.4220,3.1325,2.5235

2531.2930,0.1684,0.4151,4.3052,5.9109,0.2302,3.2560,4.1191,2.5248,3.2560,2.6293

2532.2940,-0.0168,-0.0788,3.6878,5.9109,-0.0785,3.0707,4.1808,2.2676,3.0707,2.3823

2533.2940,0.0450,-0.2640,4.3052,5.7874,0.1067,2.7003,4.7983,2.4631,2.7003,2.4970

2534.2930,-0.0785,-0.0170,3.4408,6.0344,-0.0785,2.8855,4.2426,2.2573,2.8855,2.3470

2535.2930,-0.1402,0.1682,3.8730,5.9726,0.0450,2.9473,4.7365,2.4425,2.9473,2.5146

2536.2930,-0.0168,-0.3257,3.5025,5.5405,0.1067,3.0090,5.2304,2.3396,3.0090,2.4353

2537.2930,-0.2019,-0.2022,3.8112,5.8492,0.1067,2.6386,4.2426,2.2676,2.6386,2.3206

2538.2940,-0.2637,0.1065,3.6878,6.1578,-0.2020,3.0090,4.2426,2.2882,3.0090,2.3911

2539.2930,-0.1402,0.1682,3.5025,6.2196,-0.1402,3.1942,4.2426,2.3087,3.1942,2.4352

2540.2930,0.0450,0.1682,4.5521,6.1578,-0.0785,3.0090,4.2426,2.5145,3.0090,2.5852

2541.2930,0.0450,-0.3257,3.8730,5.8492,0.9711,3.1325,4.8600,2.5454,3.1325,2.6293

2542.2930,0.2919,0.1682,4.7991,6.2813,0.2302,2.9473,4.6130,2.7306,2.9473,2.7616

2543.2930,0.2302,0.2917,3.8730,6.1578,-0.0167,3.3794,3.9339,2.4116,3.3794,2.5499

2544.2930,0.3536,0.0447,4.4904,6.0344,0.2302,2.5769,4.3043,2.5763,2.5769,2.5764

2545.2930,0.7857,0.1065,3.9965,6.0344,0.0450,3.0090,4.4895,2.5763,3.0090,2.6381

2546.2930,0.2919,-0.0788,3.9347,5.1701,-0.1402,3.0707,4.7365,2.3190,3.0707,2.4264

2547.2930,-0.1402,0.0447,4.3052,5.9109,0.1685,2.9473,4.7365,2.5043,2.9473,2.5675

2548.2930,0.2919,0.0447,3.5025,5.6022,0.2302,3.1325,4.4278,2.3499,3.1325,2.4617

2549.2940,0.1684,0.1065,4.0582,6.0961,0.0450,3.0090,4.6748,2.5248,3.0090,2.5940

2550.2930,0.1067,0.1682,3.4408,5.7257,0.2302,3.4412,4.1808,2.3087,3.4412,2.4705

2551.2930,0.0450,-0.1405,4.1817,6.1578,0.2302,3.0090,5.2922,2.6277,3.0090,2.6822

2552.2930,-0.2019,0.2299,3.6878,6.0961,0.1067,3.1942,4.3661,2.3808,3.1942,2.4970

2553.2930,-0.0168,-0.0170,3.7495,5.9726,0.0450,2.9473,4.4278,2.3602,2.9473,2.4441

2554.2930,0.4153,0.1065,4.3052,6.2813,0.2920,3.1325,4.9835,2.7306,3.1325,2.7880

2555.2930,0.0450,0.2299,4.1199,5.9109,-0.5107,3.0707,4.4895,2.3808,3.0707,2.4793

2556.2930,-0.2019,0.0447,5.0460,6.2196,0.0450,3.0707,3.8721,2.5043,3.0707,2.5852

2557.2940,-0.1402,0.1682,3.6878,5.7874,0.1067,2.8238,4.6130,2.3705,2.8238,2.4352

2558.2940,0.1067,0.0447,3.8112,6.0961,-0.0785,3.2560,4.2426,2.3705,3.2560,2.4970

2559.2930,-0.0785,-0.2022,4.1199,5.8492,-0.4489,3.0707,4.4278,2.2779,3.0707,2.3911

2560.2930,0.1067,-0.3257,3.8730,6.2813,0.4155,2.7003,4.1808,2.4219,2.7003,2.4617

2561.2930,0.2919,-0.1405,4.5521,6.0961,0.2302,2.9473,4.4895,2.5866,2.9473,2.6381

2562.2930,-0.2019,0.0447,3.7495,5.8492,-0.1402,3.4412,4.4895,2.2985,3.4412,2.4617

2563.2930,-0.2019,0.2917,4.3052,6.4665,0.1067,2.7003,4.9217,2.6483,2.7003,2.6557

2564.2930,0.5388,0.1065,3.9965,5.7257,0.1067,3.3177,3.5634,2.3396,3.3177,2.4793

2565.2930,-0.0785,0.4151,4.0582,6.7135,0.1067,3.3794,4.7365,2.6586,3.3794,2.7616

2566.2930,-0.0785,0.2299,3.8730,5.7257,-0.0167,3.3177,4.2426,2.3293,3.3177,2.4705

2567.2940,-0.1402,0.6003,3.9347,6.0961,0.4772,2.8855,4.6130,2.5969,2.8855,2.6381

2568.2930,0.2302,-0.2640,4.2434,5.8492,-0.0785,3.0090,4.8600,2.4734,3.0090,2.5499

2569.2930,-0.2637,0.1682,3.8730,5.8492,-0.0167,3.1325,4.3043,2.3190,3.1325,2.4352

2570.2930,-0.3254,0.1065,4.1199,6.2813,-0.0167,3.5029,4.4278,2.4322,3.5029,2.5852

2571.2930,-0.0168,0.4151,3.8730,5.8492,-0.0785,3.1325,3.8721,2.3190,3.1325,2.4352

2572.2930,-0.1402,0.2299,3.9965,5.5405,-0.2637,3.3177,4.4278,2.2985,3.3177,2.4441

2573.2940,-0.0785,0.2917,4.0582,5.9109,-0.0785,3.0707,4.1808,2.3808,3.0707,2.4793

2574.2930,-0.0785,-0.3257,3.5025,5.8492,0.1067,3.0707,5.2304,2.3808,3.0707,2.4793

2575.2930,-0.1402,-0.0788,4.0582,6.0961,-0.1402,3.1325,4.4895,2.3808,3.1325,2.4882

2576.2930,0.1067,0.1065,3.6260,5.6640,-0.2637,3.0707,4.7983,2.3396,3.0707,2.4441

2577.2940,0.1067,0.3534,4.3052,6.1578,0.3537,2.9473,4.6130,2.6483,2.9473,2.6910

2578.2930,-0.2019,-0.0170,3.8112,5.5405,0.4772,3.1325,4.4278,2.3396,3.1325,2.4529

2579.2930,0.3536,-0.0788,4.6139,6.0961,0.0450,2.9473,4.6130,2.6071,2.9473,2.6557

2580.2930,-0.2019,0.2299,4.0582,6.1578,0.1067,3.0090,4.6130,2.4940,3.0090,2.5675

2581.2930,0.2302,0.0447,3.7495,5.9726,-0.2020,2.9473,3.9339,2.2882,2.9473,2.3823

2582.2930,-0.5106,0.1682,3.9965,6.0961,-0.2020,3.1325,4.4278,2.3293,3.1325,2.4441

2583.2930,0.1684,-0.1405,4.1199,5.7874,0.5389,3.6881,4.1191,2.4322,3.6881,2.6116

2584.2930,0.2302,0.5386,4.1817,6.3430,0.0450,3.0707,4.3661,2.6174,3.0707,2.6822

2585.2940,-0.2637,0.0447,3.1321,5.9726,-0.2020,3.0707,4.2426,2.1544,3.0707,2.2853

2586.2940,0.4153,-0.0788,4.1199,6.0344,-0.1402,2.9473,4.1191,2.4116,2.9473,2.4881

2587.2930,-0.4489,-0.0788,3.1938,6.0344,-0.3255,3.0707,4.3661,2.1235,3.0707,2.2589

2588.2930,-0.0785,-0.2022,3.7495,5.7257,-0.0167,2.8855,4.0574,2.2059,2.8855,2.3029

2589.2930,-0.1402,0.1065,3.9347,6.0344,-0.8194,3.5029,4.1808,2.2161,3.5029,2.4000

2590.2930,0.1684,-0.1405,3.8112,5.7257,0.2302,2.8238,4.6130,2.4014,2.8238,2.4617

2591.2930,0.0450,0.1065,4.3669,6.4665,0.0450,3.4412,4.3043,2.5557,3.4412,2.6822

2592.2930,-0.1402,0.3534,3.4408,5.7874,0.1685,1.7126,3.6869,2.2161,1.7126,2.1442

2593.2930,-0.1402,-0.0170,4.3052,6.2196,0.6624,2.5151,4.7365,2.6277,2.5151,2.6117

2594.2930,0.0450,0.0447,3.8730,5.7874,0.1067,3.0707,3.8721,2.2882,3.0707,2.4000

2595.2930,0.1684,0.5386,3.8112,6.1578,-0.1402,3.2560,4.4278,2.4939,3.2560,2.6028

2596.2930,-0.0785,0.2917,4.3052,6.2196,-0.1402,3.0707,4.1808,2.4631,3.0707,2.5499

2597.2930,0.1684,-0.2022,3.3173,5.4170,0.5389,3.8733,4.5513,2.2985,3.8733,2.5234

2598.2940,-0.5723,0.4151,3.8112,6.2196,-0.0785,3.5646,4.4895,2.3808,3.5646,2.5499

2599.2940,-0.4489,0.0447,3.8730,6.0961,-0.2637,3.0090,4.7983,2.3499,3.0090,2.4441

2600.2930,0.8474,0.2299,3.8112,5.4788,0.1685,3.1325,3.9339,2.4116,3.1325,2.5146

2601.2930,-0.2019,0.1065,3.9965,7.0221,0.4772,2.8855,4.7365,2.6895,2.8855,2.7175

2602.2930,0.2302,-0.0170,3.3173,6.1578,0.4772,2.3917,4.2426,2.4013,2.3917,2.4000

2603.2930,0.3536,0.0447,3.9347,5.7874,0.0450,3.2560,4.6130,2.4631,3.2560,2.5764

2604.2930,0.0450,0.2917,3.5643,5.9109,-0.1402,3.4412,4.1191,2.2984,3.4412,2.4617

2605.2940,0.2302,-0.2022,3.9965,6.2196,-0.2637,2.9473,4.1808,2.3602,2.9473,2.4441

2606.2930,1.4030,-0.1405,4.6139,6.0344,0.5389,3.1325,4.6130,2.8438,3.1325,2.8850

2607.2930,0.2302,0.3534,3.9347,6.7135,0.0450,3.3794,4.6130,2.6483,3.3794,2.7527

2608.2930,0.0450,0.1682,4.1817,6.0961,-0.2020,3.0707,5.2922,2.5969,3.0707,2.6646

2609.2930,-0.8809,0.3534,3.6878,5.7874,0.2920,2.8855,4.9217,2.3602,2.8855,2.4353

2610.2930,0.2302,0.3534,4.6139,6.2196,0.2920,2.8238,4.6748,2.7306,2.8238,2.7439

2611.2940,0.6005,-0.6961,3.3791,5.3553,-0.2637,3.2560,4.3043,2.1132,3.2560,2.2765

2612.2930,-0.2019,-0.1405,4.4286,6.0961,0.2920,2.8855,4.9835,2.5763,2.8855,2.6205

2613.2940,0.4153,-0.0170,4.0582,6.1578,0.1067,3.0090,4.1808,2.4837,3.0090,2.5587

2614.2930,-0.0785,0.6003,3.6878,6.5900,0.2920,3.1942,4.6748,2.6277,3.1942,2.7087

2615.2940,-0.0785,0.1065,4.0582,6.0961,-0.1402,2.9473,4.3043,2.3911,2.9473,2.4705

2616.2930,-0.3254,-0.0788,4.0582,6.5283,-0.1402,3.1942,4.4278,2.4116,3.1942,2.5234

2617.2940,0.4153,0.2299,4.7991,5.9726,0.4772,3.1942,4.9217,2.8027,3.1942,2.8586

2618.2930,-0.1402,-0.0170,3.6878,6.3430,-0.1402,3.1942,4.1808,2.3190,3.1942,2.4441

2619.2930,0.0450,0.5386,4.4286,6.4048,0.2920,2.8238,4.8600,2.7615,2.8238,2.7704

2620.2930,-0.0785,-0.2022,3.6878,5.3553,0.1685,2.8238,4.3043,2.2059,2.8238,2.2941

2621.2930,-0.2019,-0.0788,3.7495,6.0344,-0.1402,3.1942,4.2426,2.2676,3.1942,2.4000

2622.2950,0.1067,0.2299,4.3052,5.8492,0.1067,3.5029,4.2426,2.4734,3.5029,2.6205

2623.2930,-0.0168,-0.1405,3.6878,5.6640,-0.0167,3.0707,4.1808,2.2264,3.0707,2.3470

2624.2930,0.1067,-0.0788,3.9347,6.2813,0.1685,3.0090,4.6748,2.5145,3.0090,2.5852

2625.2930,-0.0168,0.3534,3.6878,6.0961,0.1685,4.1820,4.4278,2.4528,4.1820,2.6998

2626.2940,0.0450,-0.0170,4.3052,5.8492,0.3537,3.0090,4.5513,2.5145,3.0090,2.5852

2627.2930,0.0450,0.1065,3.9965,5.6640,0.1685,3.0090,4.4895,2.4116,3.0090,2.4970

2628.2930,-0.2019,-0.1405,3.7495,6.1578,-0.0785,2.8855,4.1191,2.2676,2.8855,2.3559

2629.2930,0.6622,-0.0788,4.7373,6.1578,0.7242,3.0707,4.7365,2.8232,3.0707,2.8586

2630.2930,-0.0785,-0.1405,3.7495,6.0344,-0.0785,2.7621,4.4895,2.3293,2.7621,2.3911

2631.2930,1.0326,1.4029,4.3669,5.6640,-0.3872,2.8238,4.4895,2.7615,2.8238,2.7704

2632.2930,0.0450,-0.0170,3.3791,6.6517,0.7242,3.0707,4.4278,2.5351,3.0707,2.6116

2633.2930,0.0450,0.2299,4.3669,6.4665,0.1067,3.3177,4.6130,2.6380,3.3177,2.7351

2634.2930,-0.0168,0.0447,3.8730,5.6640,0.2302,3.1942,4.4895,2.3808,3.1942,2.4970

2635.2930,-0.0785,-0.0170,3.5643,6.4048,-0.3255,3.0707,4.4278,2.3293,3.0707,2.4352

2636.2930,0.1684,-0.0788,3.9965,5.8492,-0.1402,3.3177,4.4895,2.3808,3.3177,2.5146

2637.2930,-0.0785,0.4151,3.9347,6.4665,0.0450,3.2560,4.6130,2.5660,3.2560,2.6646

2638.2930,-0.7575,-0.3257,3.8730,6.4048,0.4155,3.0707,4.3043,2.3191,3.0707,2.4264

2639.2930,0.2919,0.6003,3.9965,5.6640,-0.0785,3.0707,4.0574,2.4219,3.0707,2.5146

2640.2930,-0.0168,-0.1405,4.0582,6.2196,0.6624,3.0707,4.6130,2.5660,3.0707,2.6381

2641.2930,0.4771,0.2917,3.5643,5.5405,0.3537,3.1942,4.4278,2.4425,3.1942,2.5499

2642.2930,0.0450,0.5386,4.2434,5.9109,-0.3255,2.3299,4.7365,2.5248,2.3299,2.4970

2643.2940,0.2919,-0.2022,4.1199,5.9109,-0.3872,3.0707,3.7487,2.2470,3.0707,2.3647

2644.2930,-0.1402,0.1682,4.1817,5.7874,-0.2637,2.9473,4.6130,2.3911,2.9473,2.4705

2645.2930,0.1067,0.4151,4.4904,5.9726,-0.4489,3.0090,4.4278,2.4940,3.0090,2.5675

2646.2940,0.1684,0.1065,3.5643,5.6640,0.1067,3.0090,4.3043,2.3190,3.0090,2.4176

2647.2940,-0.6340,0.2917,3.7495,6.0961,-0.0785,2.9473,4.4278,2.3088,2.9473,2.4000

2648.2940,-0.0785,0.2299,3.2556,5.3553,-0.2637,3.1325,4.1191,2.1029,3.1325,2.2500

2649.2930,0.1684,-0.8196,4.2434,5.8492,0.1685,3.7498,4.5513,2.3602,3.7498,2.5587

2650.2930,-0.0785,-0.4492,3.8730,5.6640,0.2920,2.9473,4.6748,2.3293,2.9473,2.4176

2651.2930,-0.2019,-0.0788,3.8730,5.9726,-0.0785,3.6264,4.3661,2.3088,3.6264,2.4970

2652.2940,-0.0785,-0.2022,4.1817,5.7874,-0.0785,3.1325,4.3661,2.3293,3.1325,2.4441

2653.2930,0.1684,0.2299,3.9965,5.7257,-0.0167,3.0090,4.1191,2.3705,3.0090,2.4617

2654.2940,0.1067,0.1682,4.0582,6.0344,0.1685,3.0090,4.7983,2.5557,3.0090,2.6205

2655.2930,0.0450,0.1682,3.6260,5.7874,-0.0167,3.1942,4.1191,2.2882,3.1942,2.4176

2656.2930,0.1067,0.7238,4.3669,6.4048,-0.0785,3.0707,4.4895,2.6689,3.0707,2.7263

2657.2930,0.0450,-0.1405,4.3669,5.7874,0.6624,3.0707,4.7983,2.5866,3.0707,2.6557

2658.2950,-0.1402,0.2299,3.8730,6.1578,-0.2020,3.0707,4.1808,2.3499,3.0707,2.4529

2659.2930,-0.4489,0.6003,4.3052,6.4048,0.1685,3.1942,4.4895,2.5866,3.1942,2.6734

2660.2940,0.0450,0.2917,3.8112,6.0344,0.1685,3.1942,4.1808,2.4219,3.1942,2.5323

2661.2930,-0.1402,0.6621,4.4904,7.0221,0.2302,3.0707,4.5513,2.8026,3.0707,2.8409

2662.2930,0.2302,0.0447,4.1199,5.9726,0.0450,3.0090,4.4278,2.4734,3.0090,2.5499

2663.2930,-0.0785,0.0447,3.8112,6.3430,-0.0785,3.0707,5.2922,2.5557,3.0707,2.6293

2664.2930,-0.0785,0.1065,3.8112,5.7874,0.1685,2.8238,4.3661,2.3602,2.8238,2.4264

2665.2940,-1.1896,0.3534,3.7495,6.0961,0.1067,2.9473,4.2426,2.2265,2.9473,2.3294

2666.2930,-0.0168,0.2917,4.1199,6.2813,-0.0785,3.1325,4.3043,2.4837,3.1325,2.5764

2667.2930,-0.2019,0.1065,3.6260,5.9726,0.1067,3.0090,4.6130,2.3705,3.0090,2.4617

2668.2930,-0.0785,0.0447,3.9965,6.0961,-0.0785,3.0707,4.6748,2.4425,3.0707,2.5323

2669.2940,0.1067,0.1065,3.6260,5.9109,-0.0167,3.2560,4.2426,2.3293,3.2560,2.4617

2670.2930,0.1067,0.3534,4.1199,6.2813,-0.0785,3.0707,4.4278,2.5351,3.0707,2.6116

2671.2930,-0.2637,-0.2022,3.7495,5.7874,-0.2637,2.7621,4.1191,2.1544,2.7621,2.2412

2672.2930,-0.0785,0.2299,4.1817,6.4048,0.1685,3.1942,4.9217,2.6380,3.1942,2.7175

2673.2930,0.1067,0.1065,4.4286,5.7257,-0.1402,2.8238,4.1808,2.4014,2.8238,2.4617

2674.2930,0.0450,0.2917,3.9347,6.2196,0.3537,3.4412,4.4895,2.5557,3.4412,2.6822

2675.2930,-0.0785,-0.0170,4.3052,6.5283,-0.0167,2.7003,4.7365,2.5763,2.7003,2.5940

2676.2930,0.3536,-0.0788,3.8112,5.9726,0.1067,3.0090,3.8721,2.3396,3.0090,2.4352

2677.2930,-0.0785,-0.3874,3.8730,5.7874,-0.3255,2.8238,5.2304,2.3499,2.8238,2.4176

2678.2930,0.3536,0.0447,3.9965,5.8492,0.1685,3.0707,4.3043,2.4528,3.0707,2.5411

2679.2930,-0.2019,-0.0788,4.1817,6.6517,0.2920,2.9473,4.3043,2.5248,2.9473,2.5852

2680.2940,0.0450,0.2299,4.7373,5.8492,-0.2020,3.1325,4.3043,2.4940,3.1325,2.5852

2681.2930,1.0326,0.1065,4.1817,6.0961,-0.2020,2.8238,4.1808,2.5660,2.8238,2.6028

2682.2930,0.4771,0.3534,4.1199,5.2936,-0.0167,3.2560,3.7487,2.3293,3.2560,2.4617

2683.2930,-0.0785,-0.1405,3.6878,5.6640,0.6624,3.3794,4.5513,2.3911,3.3794,2.5323

2684.2930,0.0450,-0.3874,4.6756,6.1578,0.2302,2.6386,4.3661,2.5145,2.6386,2.5323

2685.2930,0.1684,-0.0170,5.1695,5.9726,0.0450,3.0090,4.1191,2.5763,3.0090,2.6381

2686.2940,0.0450,0.1682,3.3791,6.2813,0.1067,2.7621,4.2426,2.3705,2.7621,2.4264

2687.2940,-0.0168,-0.2640,5.6635,6.1578,0.1067,3.0090,4.5513,2.6998,3.0090,2.7439

2688.2930,-0.0785,0.2299,4.2434,5.4788,-0.2637,3.1325,4.9217,2.4219,3.1325,2.5234

2689.2930,-0.5723,0.9708,4.3052,6.2196,-0.4489,3.3177,4.6748,2.5248,3.3177,2.6381

2690.2930,0.2302,-0.1405,4.0582,5.9726,-0.2637,2.5769,4.1808,2.3396,2.5769,2.3735

2691.2940,-0.0168,0.0447,3.9965,6.0961,-0.0785,3.0090,4.4278,2.4116,3.0090,2.4970

2692.2930,-0.0785,-0.1405,3.7495,5.5405,-0.2637,2.7003,4.4278,2.2059,2.7003,2.2765

2693.2940,-0.3254,0.1065,3.8112,6.2813,0.1685,2.9473,4.6748,2.4528,2.9473,2.5234

2694.2930,0.1067,0.2299,3.9965,5.9109,-0.0785,3.3794,4.1808,2.3911,3.3794,2.5323

2695.2930,-0.0168,0.0447,4.1199,6.2196,-0.0785,3.0707,4.2426,2.4219,3.0707,2.5146

2696.2940,-0.1402,0.2917,4.1817,6.5283,-0.0167,3.1942,3.8104,2.4425,3.1942,2.5499

2697.2930,-0.2637,0.7238,3.6260,6.0961,0.1685,3.1325,4.1191,2.4116,3.1325,2.5146

2698.2930,0.1067,-0.2640,4.1199,5.6640,-0.0167,3.0090,4.3043,2.3190,3.0090,2.4176

2699.2930,0.1684,0.1682,3.8730,6.1578,0.1685,2.9473,4.5513,2.5145,2.9473,2.5764

2700.2930,-0.0168,-0.0788,4.3669,6.1578,0.4155,2.9473,5.2922,2.6895,2.9473,2.7263

2701.2930,-0.0168,0.2299,3.6260,6.0344,-0.0167,3.5646,4.3661,2.3705,3.5646,2.5411

2702.2930,-0.3871,0.2299,3.6878,6.0344,0.0450,2.7621,4.1808,2.2985,2.7621,2.3647

2703.2930,-0.1402,0.0447,3.9347,5.5405,0.0450,2.8238,4.3043,2.2882,2.8238,2.3647

2704.2930,-0.4489,-0.2022,3.9347,4.8614,0.5389,3.1942,4.5513,2.2059,3.1942,2.3471

2705.2930,0.2302,-0.0788,4.1817,5.6640,-0.0785,2.9473,4.4895,2.4014,2.9473,2.4793

2706.2930,-0.0168,0.6003,3.6878,6.2196,0.2302,2.9473,4.7365,2.5763,2.9473,2.6293

2707.2940,0.1067,-0.2640,4.1199,5.8492,0.0450,3.0090,4.6130,2.4116,3.0090,2.4970

2708.2930,0.1684,-0.2640,3.8112,5.6640,0.0450,2.9473,4.1191,2.2573,2.9473,2.3559

2709.2930,-0.0785,0.1065,3.9347,6.1578,-0.2020,3.0090,4.5513,2.4116,3.0090,2.4970

2710.2930,-0.0168,1.1560,4.0582,5.8492,0.1067,3.1325,4.4278,2.5969,3.1325,2.6734

2711.2930,-0.2637,0.0447,3.8112,5.9109,0.1685,3.0707,4.5513,2.3705,3.0707,2.4705

2712.2930,0.9092,-0.0170,4.9843,6.2196,0.3537,3.1942,4.9835,2.9055,3.1942,2.9468

2713.2940,0.2919,0.2299,3.8730,5.6640,0.2302,3.1325,4.1191,2.4013,3.1325,2.5058

2714.2930,-0.0785,0.1065,4.3669,6.0961,-0.1402,3.1325,4.3661,2.4528,3.1325,2.5499

2715.2930,0.2919,-0.0788,4.2434,5.9109,0.2302,2.9473,4.7365,2.5557,2.9473,2.6116

2716.2930,-0.3254,-0.1405,4.1199,5.9726,0.1067,2.8855,4.7983,2.4219,2.8855,2.4882

2717.2930,0.0450,0.1682,3.6878,6.0344,-0.2637,3.0090,4.2426,2.3190,3.0090,2.4176

2718.2930,0.4153,0.2917,4.0582,5.5405,0.0450,2.9473,5.2304,2.5969,2.9473,2.6469

2719.2930,-0.0168,0.8473,4.4904,6.0344,0.1685,2.7003,4.1808,2.6174,2.7003,2.6293

2720.2940,-0.1402,0.0447,3.8112,5.9109,0.0450,3.1942,4.2426,2.3190,3.1942,2.4441

2721.2940,0.0450,-0.0788,4.1817,5.9726,-0.2637,2.9473,4.7365,2.4322,2.9473,2.5058

2722.2930,0.2302,-0.2640,3.7495,5.7874,0.1685,3.4412,4.3661,2.3396,3.4412,2.4970

2723.2930,0.0450,0.1682,4.7373,5.9726,-0.0167,2.9473,4.2426,2.5248,2.9473,2.5852

2724.2930,-0.1402,-0.0170,4.2434,5.7257,-0.0785,3.0090,4.2426,2.3293,3.0090,2.4264

2725.2930,0.0450,0.2299,3.9347,5.7257,-0.0167,2.8855,4.4895,2.4014,2.8855,2.4705

2726.2930,0.1067,0.2299,4.2434,5.9109,-0.1402,3.2560,4.9835,2.5557,3.2560,2.6557

2727.2930,-0.0168,-0.0170,3.3173,5.9726,-0.2020,3.0090,4.1808,2.2058,3.0090,2.3206

2728.2940,0.1067,0.1065,4.1199,5.7874,-0.1402,2.7621,4.3661,2.3911,2.7621,2.4441

2729.2930,0.2919,-0.1405,3.1321,5.7874,0.2302,3.1942,3.9339,2.2058,3.1942,2.3470

2730.2930,1.4647,0.2917,4.0582,6.2813,-0.0167,2.8855,4.4895,2.7614,2.8855,2.7792

2731.2930,0.1684,0.2299,3.9347,5.9726,0.1685,2.8238,4.4278,2.4837,2.8238,2.5323

2732.2930,0.5388,0.0447,4.4286,5.8492,-0.2637,3.3177,4.3043,2.4837,3.3177,2.6028

2733.2930,0.7857,-0.1405,3.9965,5.9726,0.0450,3.2560,4.4278,2.5145,3.2560,2.6204

2734.2940,0.4771,-0.0788,3.7495,5.4170,0.1685,3.1325,3.9956,2.2882,3.1325,2.4088

2735.2930,0.4153,-0.0788,4.6756,6.3430,-0.0785,3.0090,4.3661,2.6071,3.0090,2.6645

2736.2930,0.4771,-0.2022,3.9965,5.5405,-0.1402,2.8855,3.9339,2.2676,2.8855,2.3559

2737.2930,-0.0785,-0.0170,4.4286,6.5900,-0.2020,3.5029,4.5513,2.5454,3.5029,2.6822

2738.2930,0.1067,0.1065,4.1817,5.5405,0.3537,2.8238,4.1808,2.4116,2.8238,2.4705

2739.2930,-0.0168,0.4769,3.6878,6.4665,-0.8194,3.3177,4.4895,2.3808,3.3177,2.5146

2740.2930,-0.0168,-0.2022,4.3052,5.7874,0.1067,2.8238,4.5513,2.4219,2.8238,2.4793

2741.2940,-0.1402,0.1065,3.6878,5.7257,-0.0785,3.0090,4.3043,2.2676,3.0090,2.3735

2742.2930,-0.0785,0.0447,4.4904,5.8492,-0.1402,2.7621,4.5513,2.4528,2.7621,2.4970

2743.2940,-0.0168,1.1560,3.3173,6.1578,-0.0785,3.0090,4.1191,2.4425,3.0090,2.5234

2744.2930,0.2302,-0.0788,4.1817,6.1578,-0.0167,3.0707,4.5513,2.5042,3.0707,2.5852

2745.2930,-0.2019,-0.0170,3.6260,5.8492,-0.3255,3.5029,4.5513,2.2470,3.5029,2.4264

2746.2930,0.4771,-0.0788,3.8112,5.7874,0.0450,3.0090,4.1191,2.3602,3.0090,2.4529

2747.2940,0.0450,0.2917,3.4408,6.6517,-0.4489,3.0090,4.6130,2.4322,3.0090,2.5146

2748.2930,-0.2637,0.3534,3.7495,6.9604,0.1685,3.0707,4.6130,2.5969,3.0707,2.6646

2749.2940,0.2919,-0.0788,4.2434,5.9726,0.2920,2.8855,4.7983,2.5866,2.8855,2.6293

2750.2930,0.0450,0.9708,3.9965,6.6517,0.1067,4.1203,4.4278,2.6997,4.1203,2.9027

2751.2930,0.2919,0.0447,3.9347,6.0344,0.1067,2.7003,4.4895,2.4837,2.7003,2.5146

2752.2940,0.1684,0.1065,4.0582,6.1578,-0.1402,2.8855,4.4278,2.4631,2.8855,2.5234

2753.2930,0.4153,0.0447,4.0582,5.9726,0.1067,2.7621,4.4278,2.5042,2.7621,2.5411

2754.2930,-0.0168,0.0447,4.6756,5.9726,0.2920,3.1325,4.7365,2.6174,3.1325,2.6910

2755.2930,0.0450,0.1065,4.0582,5.6640,0.4772,2.9473,4.4895,2.4734,2.9473,2.5411

2756.2930,0.0450,-0.0170,4.2434,5.9109,-0.0167,2.8855,4.1808,2.3911,2.8855,2.4617

2757.2930,-0.0785,0.1682,3.6260,5.6640,0.2920,2.5769,4.1808,2.3088,2.5769,2.3471

2758.2930,0.1067,0.0447,4.1817,6.0344,0.1685,3.0090,4.2426,2.4631,3.0090,2.5411

2759.2940,0.0450,0.4769,4.3052,6.2813,0.0450,3.3177,4.6130,2.6277,3.3177,2.7263

2760.2930,0.0450,-0.0788,3.7495,5.7257,-0.1402,2.9473,4.1191,2.2367,2.9473,2.3382

2761.2930,0.1684,0.0447,4.6139,6.3430,0.1067,2.6386,3.5017,2.4631,2.6386,2.4882

2762.2940,-0.0785,0.0447,3.8730,5.4788,0.1067,3.0707,5.6626,2.5146,3.0707,2.5940

2763.2930,-0.0785,0.6621,4.3052,6.7752,0.0450,3.5646,4.4278,2.6895,3.5646,2.8145

2764.2930,0.0450,-0.1405,3.8730,5.7874,-0.2637,2.8238,4.3043,2.2676,2.8238,2.3470

2765.2930,-0.1402,0.2917,4.5521,5.7874,-0.0785,2.7621,4.4895,2.4837,2.7621,2.5234

2766.2930,-0.1402,-0.0170,4.1817,6.2813,-0.0167,2.9473,4.2426,2.4219,2.9473,2.4970

2767.2930,-0.5106,0.8473,3.5643,6.0961,-0.0785,3.2560,3.6252,2.2573,3.2560,2.4000

2768.2930,0.0450,0.3534,4.1817,5.8492,0.1685,3.1325,3.9956,2.4322,3.1325,2.5323

2769.2930,0.2302,0.1682,3.5643,5.7874,0.1067,3.0090,4.1191,2.3293,3.0090,2.4264

2770.2930,-0.0168,0.4151,3.7495,6.1578,0.2920,3.1325,4.2426,2.4734,3.1325,2.5675

2771.2930,0.0450,-0.2022,4.0582,5.7257,0.3537,3.1942,3.9956,2.3293,3.1942,2.4529

2772.2940,0.0450,0.3534,3.5643,5.7257,-0.0785,3.1325,4.0574,2.2779,3.1325,2.4000

2773.2940,0.4771,-0.2022,4.0582,6.2813,-0.2020,3.0707,4.1191,2.4219,3.0707,2.5146

2774.2940,-0.0785,0.0447,3.6878,5.9109,-0.2020,3.0707,4.3661,2.2882,3.0707,2.4000

2775.2940,0.0450,0.2299,3.8112,5.6640,-0.3872,2.9473,4.3661,2.2882,2.9473,2.3823

2776.2930,-0.2637,0.2299,4.7373,6.0961,-0.6342,2.9473,4.1191,2.3808,2.9473,2.4617

2777.2930,0.1067,0.2917,4.4904,5.6640,0.2920,3.0707,4.1191,2.4940,3.0707,2.5764

2778.2930,0.1684,0.1682,4.1817,6.1578,-0.0785,3.1325,4.2426,2.4734,3.1325,2.5675

2779.2930,0.1684,0.0447,3.6260,5.8492,-0.0785,3.0707,4.0574,2.2779,3.0707,2.3911

2780.2930,-0.3871,0.4769,4.1199,6.4048,0.2920,3.6881,3.9956,2.4837,3.6881,2.6557

2781.2930,1.0326,0.2299,4.0582,5.9109,0.0450,2.7003,4.3661,2.6071,2.7003,2.6204

2782.2930,-0.0168,-0.3874,4.3669,5.7257,-0.0785,3.2560,4.3661,2.3293,3.2560,2.4617

2783.2930,0.4771,0.0447,3.7495,5.7874,0.1067,2.8855,4.3661,2.4219,2.8855,2.4882

2784.2940,-0.0785,-0.2022,4.1199,5.9109,0.0450,3.0090,4.4895,2.3808,3.0090,2.4705

2785.2930,-0.0168,-0.2022,3.8112,5.5405,-0.0167,2.8238,4.3043,2.2367,2.8238,2.3206

2786.2930,-0.0785,0.2917,4.1817,6.0344,-0.0785,3.1325,4.1808,2.4219,3.1325,2.5234

2787.2930,0.2919,-0.2640,4.1817,5.7874,0.0450,3.1942,4.2426,2.3808,3.1942,2.4970

2788.2940,0.6005,0.0447,4.1817,5.7874,0.3537,2.8855,4.4895,2.5763,2.8855,2.6205

2789.2930,0.1684,0.4769,3.8730,6.0961,0.0450,3.0707,4.4278,2.5145,3.0707,2.5940

2790.2930,-0.0168,0.0447,3.3791,5.3553,-0.3255,3.0707,3.9956,2.0721,3.0707,2.2147

2791.2930,-0.0168,-0.0170,4.1817,5.8492,-0.1402,3.0090,4.4278,2.3808,3.0090,2.4705

2792.2930,0.4771,-0.0170,4.0582,5.5405,0.0450,2.8855,4.1191,2.3705,2.8855,2.4441

2793.2930,0.3536,-0.0170,5.5400,5.7257,0.3537,2.5769,4.3661,2.7203,2.5769,2.6998

2794.2930,0.2919,0.1065,5.3548,5.2318,0.2302,3.1325,4.4278,2.6072,3.1325,2.6822

2795.2930,-0.1402,0.3534,3.5643,5.9109,-0.1402,3.0707,4.3043,2.3087,3.0707,2.4176

2796.2940,0.2302,-0.0788,4.1817,6.1578,-0.2637,3.1942,4.2426,2.4116,3.1942,2.5234

2797.2930,0.7857,-0.3874,3.6260,5.7257,0.0450,3.2560,4.2426,2.3396,3.2560,2.4705

2798.2940,0.2302,0.2299,4.5521,6.0961,0.2302,2.7621,4.7983,2.6895,2.7621,2.6998

2799.2930,0.1684,-0.2022,3.6260,5.5405,0.0450,3.2560,3.9956,2.1956,3.2560,2.3470

2800.2930,0.2302,0.0447,4.4286,5.9109,0.1685,2.8855,4.4895,2.5454,2.8855,2.5940

2801.2930,0.0450,0.2917,4.0582,5.4170,-0.3872,3.5646,4.4895,2.3190,3.5646,2.4970

2802.2930,-0.3254,-0.2640,3.4408,5.6640,-0.3255,2.7003,4.2426,2.0721,2.7003,2.1618

2803.2930,-0.0168,0.6621,3.9347,6.5900,0.1685,3.5646,4.7365,2.6792,3.5646,2.8057

2804.2940,0.1067,0.0447,3.6878,5.8492,-0.0785,3.1942,4.1808,2.2985,3.1942,2.4264

2805.2930,0.2302,-0.0788,4.4904,6.2813,0.0450,1.7743,4.8600,2.6380,1.7743,2.5146

2806.2930,-0.1402,0.1682,3.6878,5.4170,0.3537,3.1325,4.1808,2.2779,3.1325,2.4000

2807.2940,0.1684,-0.3257,3.6878,6.0344,0.6007,3.2560,4.1191,2.3808,3.2560,2.5058

2808.2930,-0.0785,-0.2640,3.9347,5.6022,0.2302,3.0707,5.3539,2.4631,3.0707,2.5499

2809.2930,0.1067,0.1682,3.8112,5.7874,0.1067,3.0707,4.4895,2.4116,3.0707,2.5058

2810.2930,-0.1402,0.1682,4.2434,5.7874,0.0450,3.0707,5.9713,2.6792,3.0707,2.7351

2811.2930,0.0450,-0.1405,3.6878,5.6640,0.3537,2.7003,4.2426,2.3088,2.7003,2.3647

2812.2930,0.1067,-0.0788,4.6756,6.0961,0.2920,3.1325,4.4895,2.5969,3.1325,2.6734

2813.2930,-0.1402,0.3534,4.0582,6.1578,-0.3255,3.0707,4.5513,2.4425,3.0707,2.5323

2814.2930,0.0450,0.1682,3.6878,5.7257,0.2920,3.0707,4.4278,2.3911,3.0707,2.4882

2815.2930,0.2919,0.6003,4.3052,5.4788,0.1685,3.3794,4.4895,2.5557,3.3794,2.6734

2816.2940,0.2919,-0.0170,3.0704,6.1578,0.2920,2.8855,3.9339,2.2882,2.8855,2.3735

2817.2930,-0.0168,0.7238,4.3052,5.8492,-0.2020,3.1942,4.6748,2.5557,3.1942,2.6469

2818.2930,0.0450,-0.6961,3.9347,5.4788,-0.3255,2.7621,4.0574,2.0824,2.7621,2.1795

2819.2940,-0.2637,0.1065,3.9347,6.2196,0.1685,3.0707,4.7365,2.4837,3.0707,2.5675

2820.2940,0.1067,0.1065,3.9347,5.9726,0.0450,3.3177,4.4895,2.4425,3.3177,2.5675

2821.2960,0.2302,-0.0788,3.9347,5.8492,0.0450,3.0090,4.5513,2.4219,3.0090,2.5058

2822.2930,-0.0168,0.0447,3.7495,5.9109,-0.3872,2.8855,4.3661,2.2779,2.8855,2.3647

2823.2930,-0.2019,-0.0788,3.8112,6.4665,0.2302,3.1325,4.1191,2.3911,3.1325,2.4970

2824.2930,-0.0785,-0.0170,4.2434,5.7874,-0.0785,3.0090,4.6748,2.4219,3.0090,2.5058

2825.2930,-0.0168,0.2299,3.9347,6.1578,-0.1402,2.9473,3.9956,2.3602,2.9473,2.4441

2826.2930,0.1684,-0.3874,4.0582,5.6640,0.4155,2.6386,4.5513,2.4117,2.6386,2.4441

2827.2930,0.1684,-0.2640,3.6260,5.6640,0.4155,3.0707,4.1191,2.2882,3.0707,2.4000

2828.2930,0.1067,-0.0170,3.9965,6.0961,-0.0785,3.1942,4.6130,2.4528,3.1942,2.5587

2829.2930,-0.0785,0.1065,3.7495,5.6022,0.1685,2.8238,4.0574,2.2676,2.8238,2.3470

2830.2930,0.4153,-0.0788,3.9965,5.7874,-0.0167,2.8855,4.3661,2.4116,2.8855,2.4793

2831.2930,0.0450,-0.0170,4.4286,5.9109,0.2302,2.8238,4.4278,2.5043,2.8238,2.5499

2832.2930,-0.1402,0.0447,3.6260,5.6022,0.2302,3.0707,4.4895,2.3088,3.0707,2.4176

2833.2940,0.1067,-0.0170,4.3052,5.9726,0.1685,2.9473,4.4278,2.4940,2.9473,2.5587

2834.2940,0.2302,-0.0170,3.9347,5.7874,-0.1402,2.9473,3.8721,2.2779,2.9473,2.3735

2835.2930,-0.0785,-0.0170,3.8730,5.8492,-0.0785,3.1942,4.0574,2.2676,3.1942,2.4000

2836.2930,-0.1402,0.0447,3.9965,5.7874,0.0450,3.0090,4.9217,2.4425,3.0090,2.5234

2837.2940,0.1684,-0.2640,3.7495,5.6640,0.1685,3.0090,4.2426,2.2882,3.0090,2.3911

2838.2930,-0.0168,0.0447,4.4904,5.9726,0.1067,3.0090,4.6748,2.5454,3.0090,2.6116

2839.2930,-0.0785,0.1682,3.4408,5.8492,-0.0785,2.8855,4.4895,2.2985,2.8855,2.3823

2840.2940,0.1067,0.7238,4.2434,6.2196,-0.1402,3.1942,5.4774,2.7718,3.1942,2.8321

2841.2930,0.3536,-0.0170,3.9347,5.5405,0.0450,2.9473,4.0574,2.3190,2.9473,2.4088

2842.2930,0.0450,0.6003,4.2434,6.3430,0.2302,3.2560,4.6130,2.6792,3.2560,2.7616

2843.2930,0.4153,0.2917,4.2434,5.9726,0.1067,3.2560,4.3043,2.5557,3.2560,2.6557

2844.2940,-0.3254,-0.0170,3.5643,5.9109,-0.1402,2.8855,4.6130,2.2676,2.8855,2.3559

2845.2930,-0.0785,0.5386,4.0582,6.4048,1.0946,3.3794,4.6130,2.7718,3.3794,2.8586

2846.2940,0.3536,1.7116,3.9965,5.6640,0.1685,3.0707,4.1808,2.6792,3.0707,2.7351

2847.2930,-0.1402,0.6003,4.3052,6.2196,-0.0785,3.5029,4.2426,2.5248,3.5029,2.6646

2848.2930,-0.0785,-0.1405,3.7495,5.6640,-0.3255,3.1942,3.6252,2.0824,3.1942,2.2412

2849.2930,0.3536,0.0447,4.0582,6.2196,-0.3255,2.9473,4.1191,2.4116,2.9473,2.4881

2850.2930,-0.0785,0.2299,3.8730,5.9726,-0.0785,3.2560,4.1808,2.3499,3.2560,2.4793

2851.2930,-0.0168,0.2299,3.6878,6.0344,0.0450,3.1325,4.2426,2.3705,3.1325,2.4793

2852.2940,0.1684,-0.0788,4.3669,6.0961,-0.1402,3.4412,4.6748,2.5145,3.4412,2.6469

2853.2930,0.1067,1.4029,3.9347,5.8492,0.1067,2.8855,4.7983,2.6997,2.8855,2.7263

2854.2930,0.1067,-0.1405,4.3669,6.2813,0.7859,2.5151,4.4895,2.6483,2.5151,2.6293

2855.2940,-0.1402,-0.2022,4.1199,5.9726,0.9094,3.1325,4.6130,2.5454,3.1325,2.6293

2856.2940,0.1067,0.2299,3.9965,5.6022,-0.0167,3.4412,4.6748,2.4322,3.4412,2.5764

2857.2930,-0.1402,0.0447,4.2434,5.7257,-0.1402,2.9473,4.9835,2.4528,2.9473,2.5234

2858.2940,0.3536,0.0447,3.3791,6.0344,0.4155,3.2560,4.9835,2.5351,3.2560,2.6381

2859.2930,-0.2637,0.0447,4.5521,6.2196,-0.2637,2.7621,4.6130,2.4837,2.7621,2.5234

2860.2930,-0.0785,0.0447,3.7495,5.8492,-0.0785,2.8855,4.4895,2.3293,2.8855,2.4088

2861.2930,0.4153,0.2299,4.1199,6.2196,-0.2020,3.1325,4.4895,2.5454,3.1325,2.6293

2862.2930,-0.0168,-0.6344,3.8730,6.2813,0.1685,2.6386,4.5513,2.3705,2.6386,2.4088

2863.2940,-0.3871,-0.3874,3.7495,6.6517,-0.0785,3.3177,4.6130,2.3602,3.3177,2.4970

2864.2930,-0.1402,-0.0170,4.1817,5.8492,-0.0167,2.8238,4.3661,2.3705,2.8238,2.4352

2865.2930,-0.6958,0.1065,3.8730,5.9109,-0.4489,3.2560,4.4895,2.2059,3.2560,2.3559

2866.2930,0.2302,-0.0788,4.0582,6.4048,0.1685,4.3055,4.7365,2.5866,4.3055,2.8321

2867.2930,-0.1402,0.6621,3.2556,6.1578,-0.1402,2.9473,4.7983,2.4322,2.9473,2.5058

2868.2930,0.1684,-0.0788,4.3052,6.0961,0.4155,2.9473,4.5513,2.5763,2.9473,2.6293

2869.2940,-0.1402,0.2917,3.6878,5.9109,-0.2020,3.6264,4.3043,2.3087,3.6264,2.4970

2870.2940,0.0450,-0.1405,3.6878,5.7257,-0.0167,2.8855,4.3043,2.2676,2.8855,2.3559

2871.2930,0.5388,-0.0788,3.6878,5.7257,-0.0785,2.9473,3.6252,2.2367,2.9473,2.3382

2872.2930,1.8968,0.2299,3.3791,5.9726,-0.1402,2.8855,4.6748,2.6688,2.8855,2.6998

2873.2930,-0.0168,-0.0170,4.3052,6.0344,0.4155,2.8855,5.7244,2.7409,2.8855,2.7616

2874.2940,-1.1896,0.8473,3.7495,6.0961,-0.0167,3.0707,4.4895,2.3294,3.0707,2.4353

2875.2930,-0.1402,-0.2022,4.3052,6.2196,0.2302,2.8238,4.6130,2.5043,2.8238,2.5499

2876.2930,-0.5723,-0.0788,3.9347,6.0961,-0.1402,3.6264,4.3661,2.2676,3.6264,2.4617

2877.2930,-0.0785,0.1065,3.7495,6.2196,-0.2637,3.0090,4.4895,2.3705,3.0090,2.4617

2878.2940,0.1067,-0.0170,4.2434,5.8492,-0.1402,3.3177,4.4895,2.4219,3.3177,2.5499

2879.2940,0.1067,0.4151,3.8112,6.0344,-0.0785,3.4412,4.0574,2.3911,3.4412,2.5411

2880.2930,-0.1402,0.2299,3.8730,6.2196,-0.2020,3.1942,4.7983,2.4631,3.1942,2.5675

2881.2930,-0.1402,0.5386,3.5643,6.4048,-0.0167,3.6264,4.5513,2.4837,3.6264,2.6469

2882.2940,-0.1402,-0.1405,3.6878,5.7874,-0.2020,3.0090,4.2426,2.2059,3.0090,2.3206

2883.2930,0.4771,-0.0170,3.9965,6.0344,-0.0167,3.0090,4.1808,2.4425,3.0090,2.5234

2884.2930,-0.1402,0.2917,3.8112,6.2813,-0.0167,3.5029,4.2426,2.4116,3.5029,2.5675

2885.2930,0.1684,0.4151,4.5521,6.1578,0.4155,3.3177,4.3661,2.6792,3.3177,2.7704

2886.2940,-0.0785,0.3534,3.8112,5.8492,0.0450,3.3794,4.3661,2.3911,3.3794,2.5323

2887.2930,0.1684,-0.0788,4.3669,5.9109,0.2302,2.9473,4.6130,2.5351,2.9473,2.5940

2888.2930,0.0450,-0.1405,3.6260,5.6022,0.0450,3.0090,4.3043,2.2470,3.0090,2.3559

2889.2930,-0.1402,0.2917,4.1817,6.2196,0.1685,3.5646,4.2426,2.4940,3.5646,2.6469

2890.2930,0.1684,0.0447,3.9347,5.7874,-0.0167,3.0707,4.2426,2.3602,3.0707,2.4617

2891.2930,0.4771,0.0447,4.9226,6.0344,0.1067,3.0707,5.2922,2.8129,3.0707,2.8498

2892.2930,-0.1402,0.1065,3.9347,6.0961,-0.2637,3.0707,4.3043,2.3396,3.0707,2.4441

2893.2940,-0.1402,0.3534,3.7495,5.7874,0.0450,2.8855,4.3043,2.3499,2.8855,2.4264

2894.2950,0.3536,0.1065,4.3669,5.9726,0.6624,2.2682,4.7983,2.7100,2.2682,2.6469

2895.2940,0.5388,-0.3874,4.1817,5.6640,-0.0167,3.0090,4.7365,2.4528,3.0090,2.5323

2896.2930,0.1067,0.3534,4.3052,6.0961,0.1067,3.0090,4.3661,2.5557,3.0090,2.6205

2897.2940,0.2919,0.1682,3.8730,5.5405,0.2302,3.1942,4.4895,2.4322,3.1942,2.5411

2898.2940,0.2919,0.4769,3.4408,6.3430,0.2920,2.9473,3.8104,2.4425,2.9473,2.5146

2899.2940,0.1684,-0.1405,4.1817,5.7257,0.1067,3.1325,5.1687,2.5351,3.1325,2.6205

2900.2930,0.2919,0.1682,3.2556,5.6022,0.2302,3.5646,4.3043,2.3087,3.5646,2.4882

2901.2930,0.0450,0.0447,4.3052,6.0344,-0.0167,3.3177,4.2426,2.4425,3.3177,2.5675

2902.2930,-0.1402,-0.0170,3.7495,5.2318,0.1685,3.0707,4.3043,2.2162,3.0707,2.3382

2903.2930,0.0450,0.1682,3.2556,5.7257,0.3537,2.7003,4.3043,2.3087,2.7003,2.3647

2904.2930,0.1684,0.2917,3.6878,5.7874,0.4772,3.3794,4.3043,2.4528,3.3794,2.5852

2905.2930,0.1067,0.2299,3.8730,5.8492,-0.0167,3.2560,4.4895,2.4219,3.2560,2.5411

2906.2930,0.3536,0.1682,3.9347,5.8492,0.1685,3.2560,4.3661,2.4734,3.2560,2.5852

2907.2930,0.1067,0.1065,3.7495,5.8492,0.1067,3.0090,4.5513,2.4116,3.0090,2.4970

2908.2930,0.2919,-0.1405,3.6878,6.2196,0.1685,2.7003,4.4278,2.4425,2.7003,2.4793

2909.2930,0.1067,0.3534,3.1321,5.4170,-0.2020,3.1942,4.7365,2.2573,3.1942,2.3911

2910.2940,0.4153,0.1065,4.5521,6.3430,0.1685,3.2560,4.4278,2.6689,3.2560,2.7527

2911.2930,0.0450,-0.0788,3.9965,5.4788,0.2302,2.5769,4.1808,2.3088,2.5769,2.3471

2912.2930,0.1067,-0.2022,4.0582,6.1578,-0.3872,3.3177,4.6130,2.3911,3.3177,2.5234

2913.2930,0.1684,-0.0788,5.1078,6.2196,0.1685,3.0707,4.3661,2.6586,3.0707,2.7175

2914.2930,0.1684,0.0447,3.6878,5.7257,-0.0785,2.7621,4.3043,2.3087,2.7621,2.3735

2915.2930,0.2919,0.0447,5.7869,6.2813,0.2302,3.0090,4.7365,2.8953,3.0090,2.9115

2916.2930,-0.2019,0.3534,3.5025,5.9109,-0.2020,3.1942,4.0574,2.2367,3.1942,2.3735

2917.2930,-0.2019,-0.6961,4.3669,6.1578,0.0450,3.1942,4.1808,2.3088,3.1942,2.4352

2918.2930,-0.1402,-0.1405,3.8112,5.6022,0.0450,3.0090,4.4895,2.2779,3.0090,2.3823

2919.2930,-0.0785,0.2299,3.8730,6.0344,-0.0167,3.3177,4.1808,2.3705,3.3177,2.5058

2920.2930,-0.0168,0.1682,3.8730,5.4788,-0.3255,3.0707,4.4895,2.2779,3.0707,2.3911

2921.2930,-0.1402,-0.0170,3.5643,5.7257,-0.0167,3.1942,3.9956,2.1853,3.1942,2.3294

2922.2930,-0.2637,-0.0788,4.4286,6.3430,-0.0785,3.0090,4.8600,2.5351,3.0090,2.6028

2923.2930,0.2919,0.1065,3.8112,5.8492,-0.1402,2.7003,4.2426,2.3602,2.7003,2.4088

2924.2930,0.2919,0.3534,4.1199,6.2196,-0.0167,3.1325,4.5513,2.5866,3.1325,2.6645

2925.2940,0.3536,0.0447,4.3052,6.2196,-0.3872,3.4412,4.0574,2.4322,3.4412,2.5763

2926.2930,-0.0168,0.1065,3.7495,6.2196,-0.0785,3.3794,4.3043,2.3808,3.3794,2.5234

2927.2930,-0.0785,0.0447,3.8112,5.9109,-0.0785,3.5029,4.3043,2.3190,3.5029,2.4882

2928.2930,-0.0785,0.2917,3.6878,6.2196,0.0450,2.9473,4.3043,2.4116,2.9473,2.4882

2929.2930,-0.2019,0.1065,3.9347,6.1578,-0.2020,2.7621,4.1191,2.3190,2.7621,2.3823

2930.2940,-0.1402,0.2299,3.8730,6.3430,0.2302,3.1325,4.1191,2.4425,3.1325,2.5411

2931.2930,0.1067,0.0447,3.9965,6.4048,-0.2020,2.8238,4.3661,2.4528,2.8238,2.5058

2932.2930,0.0450,0.2299,3.1321,5.6022,0.1685,2.8855,4.3043,2.2470,2.8855,2.3382

2933.2930,-0.0168,0.4769,3.8730,6.2196,-0.0167,3.2560,4.1808,2.4528,3.2560,2.5675

2934.2930,0.1684,0.2917,4.4904,6.4048,0.0450,3.3794,3.7487,2.5248,3.3794,2.6469

2935.2930,0.0450,0.2299,3.8112,5.9109,-0.0785,2.9473,4.1808,2.3499,2.9473,2.4352

2936.2940,0.0450,0.2299,4.4286,6.0344,-0.0785,3.1325,4.5513,2.5351,3.1325,2.6205

2937.2930,0.1067,0.1065,3.7495,5.9109,-0.0167,3.1325,4.4895,2.3911,3.1325,2.4970

2938.2930,0.0450,0.1065,3.9347,6.8369,-0.0785,3.1942,4.4278,2.5454,3.1942,2.6381

2939.2930,-0.0168,0.1065,3.6260,5.7874,0.0450,3.1325,4.1808,2.2882,3.1325,2.4088

2940.2930,0.0450,-0.2022,3.8730,5.6640,-0.0785,2.8855,4.1191,2.2367,2.8855,2.3294

2941.2940,-0.2637,0.0447,4.2434,6.5283,-0.2020,3.0090,4.9217,2.5454,3.0090,2.6116

2942.2940,0.7240,0.1065,3.6878,6.2813,0.4155,3.1325,3.9956,2.5351,3.1325,2.6204

2943.2930,0.0450,-0.2640,4.2434,5.6640,0.1067,3.3177,4.7983,2.4322,3.3177,2.5587

2944.2930,0.1067,-0.5109,4.0582,5.4788,0.1067,2.6386,4.3043,2.2573,2.6386,2.3118

2945.2930,-0.3871,0.2917,4.9226,6.2813,-0.0785,3.1325,4.1191,2.5248,3.1325,2.6116

2946.2940,-0.0785,0.1065,4.0582,5.6640,-0.1402,3.2560,4.3043,2.3190,3.2560,2.4529

2947.2930,-0.2637,0.2917,3.5643,6.5283,0.3537,3.0090,4.0574,2.4219,3.0090,2.5058

2948.2930,0.1067,0.0447,4.0582,5.6022,0.1685,3.6881,4.2426,2.3705,3.6881,2.5587

2949.2930,-0.5723,0.1065,3.8730,5.7874,-0.3255,2.9473,4.4895,2.2264,2.9473,2.3294

2950.2940,0.2302,0.3534,4.1199,5.9726,-0.5107,2.9473,4.3661,2.4219,2.9473,2.4970

2951.2930,-0.1402,0.1682,4.0582,5.7874,0.2302,2.9473,4.3043,2.4014,2.9473,2.4793

2952.2930,-0.3254,0.2917,3.8112,5.9726,0.7242,3.2560,4.3043,2.4631,3.2560,2.5764

2953.2940,0.0450,-0.1405,3.5643,5.9109,-0.2637,3.1942,4.3043,2.2367,3.1942,2.3735

2954.2930,0.0450,-0.0170,4.1817,6.2196,0.1067,3.0707,4.3043,2.4734,3.0707,2.5587

2955.2930,-0.3871,-0.5726,4.3052,6.1578,1.0946,1.7743,4.1808,2.4631,1.7743,2.3647

2956.2930,-0.0785,0.4769,3.7495,6.6517,0.1067,3.5029,4.6748,2.5969,3.5029,2.7263

2957.2930,-0.2637,-0.0170,4.4286,5.7874,0.1685,2.9473,4.7983,2.4837,2.9473,2.5499

2958.2930,0.7240,-0.2022,3.9347,5.7874,0.1685,3.0707,4.1808,2.4322,3.0707,2.5234

2959.2930,-0.0785,-0.5726,3.9347,5.5405,1.0329,2.9473,4.4278,2.3808,2.9473,2.4617

2960.2940,-0.0785,-0.0170,3.3791,5.6640,-0.0785,2.8855,3.9339,2.1338,2.8855,2.2412

2961.2930,0.3536,0.0447,4.1817,6.4665,-0.0785,3.0090,3.9956,2.4939,3.0090,2.5675

2962.2930,-0.0785,1.0942,4.0582,6.2196,-0.0167,3.1325,4.4278,2.6174,3.1325,2.6910

2963.2930,0.1684,0.1065,3.8730,5.4788,-0.0167,2.7621,4.3043,2.3190,2.7621,2.3823

2964.2930,0.0450,0.4769,3.9965,6.2196,0.0450,3.1942,4.1191,2.4837,3.1942,2.5852

2965.2940,-0.2637,-0.2640,3.7495,5.4788,1.0946,3.2560,4.4895,2.3808,3.2560,2.5058

2966.2940,0.1067,-0.0788,4.3052,5.7257,0.0450,3.0090,4.6748,2.4631,3.0090,2.5411

2967.2930,-0.0168,-0.0170,3.9965,5.9726,0.0450,3.0707,4.3043,2.3808,3.0707,2.4793

2968.2930,-0.2637,0.1065,3.9965,6.6517,0.1067,3.7498,4.6130,2.5351,3.7498,2.7087

2969.2930,0.2302,-0.0170,3.3173,5.9726,-0.0785,3.0090,4.3661,2.2984,3.0090,2.4000

2970.2930,0.3536,-0.2022,4.4286,5.7874,0.5389,3.0090,4.6130,2.5866,3.0090,2.6469

2971.2930,0.0450,-0.1405,3.9347,6.1578,-0.2637,3.1325,4.0574,2.2984,3.1325,2.4176

2972.2940,0.1684,0.6003,3.5025,5.6640,-0.7577,3.0707,4.0574,2.2058,3.0707,2.3294

2973.2940,0.8474,-0.1405,3.8730,6.4048,0.0450,3.3794,3.9339,2.4939,3.3794,2.6204

2974.2930,-0.2019,-0.1405,3.8112,5.8492,-0.0167,2.8855,4.3043,2.2676,2.8855,2.3559

2975.2940,0.0450,0.3534,4.4286,6.6517,-0.0167,3.4412,4.4278,2.6483,3.4412,2.7616

2976.2930,-0.0785,0.3534,4.0582,5.7257,0.2920,2.9473,4.5513,2.4837,2.9473,2.5499

2977.2940,-0.2637,-0.2022,4.0582,5.8492,0.1685,2.8238,4.4895,2.3499,2.8238,2.4176

2978.2930,0.1067,0.2299,3.9347,6.3430,-0.2020,3.1942,4.3661,2.4631,3.1942,2.5675

2979.2940,0.5388,0.3534,3.5025,5.4788,-0.2637,3.1325,3.8721,2.2470,3.1325,2.3735

2980.2930,0.3536,-0.2022,4.0582,6.6517,0.3537,3.0707,4.8600,2.6792,3.0707,2.7351

2981.2930,-0.0785,-0.0788,3.9965,5.6640,0.1067,3.2560,4.7983,2.4014,3.2560,2.5234

2982.2930,-0.0168,-0.0170,4.4904,6.0961,0.2920,3.0090,4.3661,2.5351,3.0090,2.6028

2983.2930,-0.1402,0.5386,3.8730,6.0961,0.1067,3.4412,4.3661,2.4734,3.4412,2.6116

2984.2930,0.1067,-0.2640,3.9965,6.1578,0.0450,2.8855,4.3661,2.4014,2.8855,2.4705

2985.2940,0.2302,0.1065,4.5521,6.2813,0.0450,2.8855,4.4895,2.6174,2.8855,2.6557

2986.2930,-0.0785,0.2299,3.9347,6.0961,-0.0785,3.3177,4.2426,2.3911,3.3177,2.5234

2987.2930,0.1684,0.7238,3.1321,6.3430,-0.1402,3.5646,4.6748,2.4837,3.5646,2.6381

2988.2930,-0.0785,0.1682,3.9965,5.6022,0.0450,2.7621,4.2426,2.3293,2.7621,2.3911

2989.2930,-0.1402,-0.1405,4.0582,6.0344,-0.0785,3.1325,4.1808,2.3190,3.1325,2.4352

2990.2930,0.1684,-0.3874,4.2434,6.4665,0.1067,2.8855,4.6130,2.5351,2.8855,2.5852

2991.2930,-0.2019,0.1065,4.0582,6.3430,-0.3872,3.0090,4.4895,2.4014,3.0090,2.4882

2992.2930,0.2919,-0.2640,3.5025,5.4788,0.1067,3.5029,4.1808,2.2161,3.5029,2.4000

2993.2930,0.1067,-0.3257,3.8730,6.7135,0.1685,2.8855,4.0574,2.4322,2.8855,2.4970

2994.2930,-0.2019,0.2299,4.4286,5.8492,-0.3255,3.1942,5.1070,2.5145,3.1942,2.6116

2995.2930,-0.0168,0.1682,3.2556,5.8492,0.1685,3.3177,3.9956,2.2367,3.3177,2.3911

2996.2930,0.2919,0.2299,3.8112,6.0344,0.3537,3.3794,5.4157,2.6895,3.3794,2.7880

2997.2930,-0.3254,-0.2022,4.1199,5.9109,0.6007,3.2560,4.3043,2.4014,3.2560,2.5235

2998.2930,-0.0168,0.1682,3.8730,6.0961,-0.0785,3.1325,4.7983,2.4734,3.1325,2.5675

2999.2940,0.7240,0.0447,4.4286,6.4048,0.1067,1.9595,4.1191,2.6380,1.9595,2.5411

3000.2930,-0.2637,-0.2640,3.8112,6.2813,-0.1402,2.9473,4.9217,2.3911,2.9473,2.4705

3001.2930,0.5388,0.0447,4.6139,6.5900,0.1685,2.8238,4.5513,2.7512,2.8238,2.7616

3002.2930,-0.0785,-0.0170,3.9347,5.7874,-0.1402,3.0090,4.3043,2.2985,3.0090,2.4000

3003.2940,0.6005,0.0447,4.4904,6.0961,0.2920,3.3177,3.1313,2.4425,3.3177,2.5675

3004.2930,0.1684,0.3534,4.1199,5.9109,1.3416,3.5029,3.9339,2.6380,3.5029,2.7616

3005.2930,-0.0168,0.1065,3.4408,5.9726,-0.3255,3.0090,4.5513,2.2882,3.0090,2.3911

3006.2930,-0.2637,-0.0170,3.5643,5.8492,-0.4489,3.1942,4.1191,2.1338,3.1942,2.2853

3007.2940,-0.0168,0.6003,3.6878,6.1578,0.1685,3.0707,4.1808,2.4631,3.0707,2.5499

3008.2930,0.3536,0.0447,4.1817,6.1578,0.2302,2.5151,4.9217,2.6483,2.5151,2.6293

3009.2930,-0.0168,0.4769,3.6260,5.9109,-0.0167,3.1325,4.3661,2.3911,3.1325,2.4970

3010.2930,0.5388,-0.0788,4.8608,6.0344,0.9094,3.1942,4.9217,2.8644,3.1942,2.9115

3011.2940,0.1684,0.7856,4.2434,6.4665,-0.0785,3.5029,4.1191,2.6174,3.5029,2.7439

3012.2930,0.1684,1.3412,4.4286,5.5405,0.1685,3.0090,4.3043,2.6586,3.0090,2.7087

3013.2930,-0.0168,-0.0788,4.2434,5.9726,-0.8194,3.2560,4.1808,2.2470,3.2560,2.3911

3014.2930,-0.0168,-0.0788,3.5643,5.9726,-0.0167,3.1325,4.0574,2.2470,3.1325,2.3735

3015.2930,-0.0785,-0.0788,3.8112,6.1578,0.0450,3.1942,4.4895,2.3911,3.1942,2.5058

3016.2930,-0.0168,0.3534,3.8730,5.8492,-0.0167,3.0707,3.9956,2.3396,3.0707,2.4441

3017.2930,-0.3254,0.1065,3.7495,6.4048,-0.4489,3.1942,4.3043,2.2985,3.1942,2.4264

3018.2940,0.1067,-0.0170,3.8730,5.6640,0.1067,3.0090,4.0574,2.2985,3.0090,2.4000

3019.2940,0.3536,-0.2022,4.1199,5.6640,0.0450,3.0090,4.2426,2.3705,3.0090,2.4617

3020.2930,0.1684,-0.2640,3.9347,5.7257,0.0450,2.9473,4.3661,2.3293,2.9473,2.4176

3021.2930,0.1684,-0.0788,3.9965,5.7874,0.1067,2.8238,4.3661,2.3911,2.8238,2.4529

3022.2940,0.1067,0.5386,3.4408,6.4665,-0.2637,2.9473,4.7365,2.5042,2.9473,2.5675

3023.2930,0.2919,-0.2022,3.6878,5.3553,-0.0167,3.0707,3.9956,2.1853,3.0707,2.3118

3024.2930,-0.1402,0.2299,3.8730,6.3430,-0.1402,3.2560,4.4895,2.4425,3.2560,2.5587

3025.2940,0.5388,0.2299,3.7495,5.2318,-0.0785,3.1942,4.9835,2.4425,3.1942,2.5499

3026.2930,-0.1402,0.1682,3.8112,6.1578,-0.2020,3.1325,3.9956,2.2985,3.1325,2.4176

3027.2930,0.9709,-0.2022,3.5025,5.9726,0.2302,3.1325,3.8721,2.3910,3.1325,2.4970

3028.2930,-0.0785,0.2299,3.6878,5.8492,0.0450,3.1325,4.1191,2.3087,3.1325,2.4264

3029.2940,0.1067,0.6621,4.6139,6.0961,-0.0167,3.3794,4.4278,2.6483,3.3794,2.7527

3030.2930,0.0450,-0.3257,3.8112,5.5405,-0.0167,3.0090,4.6748,2.2882,3.0090,2.3911

3031.2930,-0.0168,-0.0170,3.9965,5.7257,0.1067,2.8855,4.3661,2.3602,2.8855,2.4352

3032.2930,0.3536,-0.2022,3.7495,5.9726,0.3537,3.3177,4.1191,2.3911,3.3177,2.5234

3033.2940,-0.0168,-0.0788,3.8730,5.9109,0.2920,2.9473,4.4895,2.4116,2.9473,2.4882

3034.2940,0.0450,0.1065,3.9965,5.9109,0.0450,3.0090,4.3661,2.4116,3.0090,2.4970

3035.2930,-0.2019,-0.0788,3.9965,6.2813,0.1067,2.9473,3.6252,2.2882,2.9473,2.3823

3036.2940,2.1437,0.8473,4.0582,5.7874,0.1685,3.1942,4.6130,2.9364,3.1942,2.9732

3037.2930,-0.2637,0.3534,3.8730,5.4788,0.2302,3.3177,4.1808,2.3088,3.3177,2.4529

3038.2930,0.1684,0.1065,3.9965,5.9726,0.2302,3.1942,5.1687,2.6072,3.1942,2.6910

3039.2930,-0.2019,0.2299,4.3052,5.4170,-0.1402,3.6264,4.6130,2.3705,3.6264,2.5499

3040.2930,0.1067,0.4769,3.7495,5.9109,0.4772,2.8238,4.1191,2.4734,2.8238,2.5234

3041.2940,0.4771,0.1065,4.7991,6.4665,0.0450,2.9473,4.4895,2.7306,2.9473,2.7616

3042.2930,0.2302,-0.4492,3.8112,6.4665,0.1067,2.7003,4.4895,2.4425,2.7003,2.4793

3043.2930,1.0943,-0.1405,4.1199,6.4665,0.2920,3.0707,4.1808,2.6689,3.0707,2.7263

3044.2930,-0.0168,-0.3257,3.9347,5.4788,0.0450,3.2560,4.1191,2.2059,3.2560,2.3559

3045.2930,-0.0168,0.3534,3.8730,6.2196,0.0450,3.1942,3.9956,2.4116,3.1942,2.5234

3046.2930,0.2302,0.0447,4.4286,5.4788,0.2302,3.0707,4.3043,2.4528,3.0707,2.5411

3047.2930,0.4153,0.4151,3.8112,5.8492,-0.0167,3.0707,3.5634,2.3396,3.0707,2.4440

3048.2930,0.6622,0.5386,4.4904,5.9109,0.1685,2.7003,4.5513,2.7203,2.7003,2.7175

3049.2940,-0.1402,0.4151,3.8730,5.6022,-0.0785,3.0090,3.8104,2.2470,3.0090,2.3559

3050.2930,0.1684,-0.2022,4.3669,5.9109,-0.2637,3.1325,4.1808,2.3602,3.1325,2.4705

3051.2930,0.0450,0.0447,4.1199,5.6640,-0.3872,3.1325,3.9956,2.2470,3.1325,2.3735

3052.2930,-0.5106,0.0447,3.9347,5.5405,-0.1402,2.8855,3.9339,2.1338,2.8855,2.2412

3053.2930,0.0450,-0.0170,3.9347,6.0961,0.1067,3.6264,4.3043,2.4116,3.6264,2.5852

3054.2930,-0.1402,-0.2640,3.6260,6.0961,0.1067,3.1325,5.3539,2.4631,3.1325,2.5587

3055.2940,0.1067,0.4769,4.5521,6.2813,0.1685,3.6264,4.4895,2.6792,3.6264,2.8145

3056.2930,-0.0785,-0.0788,3.6260,5.7257,-0.0785,3.7498,4.0574,2.1956,3.7498,2.4176

3057.2930,0.1067,0.1065,4.4904,6.2813,-0.0785,3.0090,4.3661,2.5454,3.0090,2.6116

3058.2930,0.1067,-0.2640,3.9347,5.6640,0.1067,3.0707,4.4278,2.3293,3.0707,2.4352

3059.2930,0.1067,0.2299,1.5886,1.8981,1.4651,3.4412,0.4764,0.9608,3.4412,1.3151

3060.2930,-0.0168,0.4151,2.0825,2.2068,2.2060,3.2560,0.4147,1.2181,3.2560,1.5092

3061.2930,-0.0785,-0.0170,2.2677,2.1451,2.1443,3.1942,0.6616,1.1872,3.1942,1.4739

3062.2930,0.1684,0.0447,2.4529,2.1451,2.2677,3.1325,0.9086,1.3313,3.1325,1.5886

3063.2930,0.3536,-0.0788,2.6999,1.9599,2.6999,3.1325,0.7234,1.3930,3.1325,1.6415

3064.2930,0.5388,0.3534,3.0704,2.3920,2.9469,3.1325,1.4025,1.7840,3.1325,1.9766

3065.2940,-0.2637,-0.0788,2.8851,2.2068,3.3174,2.6386,1.7112,1.6297,2.6386,1.7738

3066.2930,-0.1402,0.2917,2.5764,2.4538,2.2677,3.0090,0.9703,1.4033,3.0090,1.6327

3067.2930,-0.1402,0.1682,2.5147,2.0216,2.0825,3.2560,0.5999,1.2078,3.2560,1.5004

3068.2930,-0.0168,-0.0170,2.3912,2.4538,2.2677,3.2560,0.9086,1.3313,3.2560,1.6062

3069.2940,0.0450,0.6621,2.8234,2.2068,2.2060,3.1942,1.1555,1.5165,3.1942,1.7561

3070.2930,0.3536,0.2299,2.6382,2.4538,2.6382,3.0707,0.8468,1.5268,3.0707,1.7473

3071.2930,-0.0785,0.1682,2.3912,2.3920,2.2060,3.0090,1.0938,1.3621,3.0090,1.5974

3072.2930,-0.0168,-0.0170,2.5764,2.5772,2.3295,2.3917,1.4025,1.4753,2.3917,1.6062

3073.2930,0.1067,0.1065,2.5764,1.8981,2.5765,2.8855,1.1555,1.4033,2.8855,1.6150

3074.2930,0.1067,-0.0788,2.6999,3.0711,2.5765,3.0090,0.7851,1.5268,3.0090,1.7385

3075.2940,0.5388,0.2299,2.3912,2.3303,2.6382,3.1325,0.8468,1.4959,3.1325,1.7297

3076.2930,0.3536,0.4151,2.5147,2.0216,2.2677,3.3177,0.7234,1.3827,3.3177,1.6591

3077.2930,-0.2637,-0.0170,2.6999,2.4538,2.4530,2.9473,1.0321,1.3930,2.9473,1.6150

3078.2930,0.1684,-0.0788,2.2677,2.2068,3.0704,2.8238,0.9086,1.4239,2.8238,1.6239

3079.2930,-0.5723,-0.0788,2.5147,2.5772,2.2677,3.1325,0.7851,1.2490,3.1325,1.5180

3080.2930,0.2919,0.2917,2.7617,2.2686,2.5765,3.1325,0.9086,1.5165,3.1325,1.7473

3081.2930,-0.3254,0.2917,2.7617,2.2068,2.3912,2.8855,0.9086,1.3724,2.8855,1.5886

3082.2930,0.7240,-0.0170,2.2677,2.5155,2.7617,2.7621,0.6616,1.4856,2.7621,1.6679

3083.2940,-0.0168,-0.2640,2.4529,2.3303,2.5765,2.9473,1.6495,1.4547,2.9473,1.6680

3084.2930,-0.4489,0.4151,2.8851,2.0834,2.2677,3.3177,1.0938,1.3827,3.3177,1.6591

3085.2940,-1.4365,-0.4492,3.0704,2.3920,2.4530,3.3794,0.9086,1.1564,3.3794,1.4740

3086.2930,0.1684,0.8473,2.0825,2.3920,2.1443,3.0090,0.7851,1.4033,3.0090,1.6327

