Elapsed Time (s),T1 (deg C),T2 (deg C),T3 (deg C),T4 (deg C),T5 (deg C),T6 (deg C),T7 (deg C),T8 (deg C),Main Loop Avg Temp (deg C),HX Avg Temp (deg C),Overall Avg Temp (deg C)
0.9340,32.7748,32.3569,32.1139,31.3168,32.7078,26.5908,25.8783,31.8201,31.1914,29.2055,30.6949

1.5490,32.7649,32.3533,32.1281,31.2949,32.7000,26.5888,25.8730,31.8557,31.1857,29.2222,30.6948

2.5500,32.7813,32.3525,32.1273,31.3026,32.7085,26.5808,25.8881,31.8501,31.1934,29.2154,30.6989

3.5490,32.7702,32.3655,32.1196,31.3137,32.6741,26.5941,25.8883,31.8690,31.1886,29.2316,30.6993

4.5490,32.7508,32.3639,32.1162,31.3248,32.6899,26.5874,25.8692,31.8379,31.1858,29.2126,30.6925

5.5490,32.7687,32.3642,32.1291,31.3274,32.6911,26.5794,25.8995,31.8449,31.1967,29.2121,30.7005

6.5500,32.7586,32.3656,32.1061,31.3124,32.6864,26.6013,25.8837,31.8592,31.1855,29.2303,30.6967

7.5500,32.7539,32.3814,32.1154,31.3085,32.6957,26.5975,25.8785,31.8484,31.1889,29.2230,30.6974

8.5490,32.7690,32.3660,32.1276,31.3118,32.6971,26.6024,25.8758,31.8617,31.1912,29.2320,30.7014

9.5490,32.7749,32.3544,32.1334,31.3040,32.6850,26.5894,25.8840,31.8469,31.1893,29.2181,30.6965

10.5490,32.7714,32.3686,32.1129,31.3224,32.6758,26.6001,25.9074,31.8439,31.1931,29.2220,30.7003

11.5490,32.7707,32.3605,32.1240,31.3148,32.6874,26.5842,25.9057,31.8469,31.1939,29.2156,30.6993

12.5490,32.7764,32.3496,32.1263,31.3100,32.6667,26.6121,25.8883,31.8479,31.1862,29.2300,30.6971

13.5490,32.7707,32.3504,32.1205,31.3220,32.6975,26.5805,25.9006,31.8442,31.1936,29.2124,30.6983

14.5490,32.7720,32.3663,32.1111,31.3122,32.6900,26.5803,25.8919,31.8318,31.1906,29.2061,30.6944

15.5490,32.7760,32.3530,32.1062,31.2993,32.6715,26.6094,25.8805,31.8340,31.1811,29.2217,30.6912

16.5500,32.7634,32.3737,32.1297,31.3406,32.6996,26.5892,25.8772,31.8416,31.1974,29.2154,30.7019

17.5490,32.7299,32.3448,32.1116,31.2981,32.6825,26.6243,25.8944,31.8441,31.1769,29.2342,30.6912

18.5500,32.7618,32.3560,32.1041,31.3324,32.7045,26.6064,25.8812,31.8460,31.1900,29.2262,30.6991

19.5490,32.7678,32.3623,32.1085,31.3002,32.6822,26.6196,25.8949,31.8399,31.1860,29.2297,30.6969

20.5500,32.7528,32.3688,32.1075,31.3203,32.6788,26.6017,25.8755,31.8488,31.1840,29.2252,30.6943

21.5490,32.7605,32.3351,32.1122,31.3231,32.6742,26.6042,25.9035,31.8288,31.1848,29.2165,30.6927

22.5500,32.7642,32.3560,32.1214,31.3183,32.6656,26.5975,25.8879,31.8409,31.1856,29.2192,30.6940

23.5490,32.7633,32.3542,32.1112,31.3310,32.6877,26.6060,25.8789,31.8348,31.1877,29.2204,30.6959

24.5500,32.7485,32.3485,32.1172,31.3229,32.6777,26.6095,25.8702,31.8463,31.1808,29.2279,30.6926

25.5490,32.7619,32.3541,32.0872,31.3215,32.6731,26.5891,25.8766,31.8189,31.1791,29.2040,30.6853

26.5490,32.7745,32.3384,32.1047,31.3283,32.6972,26.5900,25.8931,31.8353,31.1894,29.2126,30.6952

27.5490,32.7561,32.3576,32.0995,31.2827,32.6803,26.6054,25.8760,31.8511,31.1754,29.2283,30.6886

28.5500,32.7711,32.3126,32.1122,31.3077,32.6864,26.6011,25.8792,31.8323,31.1782,29.2167,30.6878

29.5490,32.7643,32.3293,32.1083,31.3263,32.6807,26.5967,25.8644,31.8317,31.1789,29.2142,30.6877

30.5490,32.7467,32.3131,32.1165,31.3101,32.6804,26.5917,25.8669,31.8314,31.1723,29.2115,30.6821

31.5500,32.7480,32.3422,32.0851,31.3007,32.6827,26.6058,25.8796,31.8285,31.1730,29.2171,30.6841

32.5500,32.7490,32.3307,32.1013,31.3216,32.6928,26.6021,25.8764,31.8347,31.1786,29.2184,30.6886

33.5490,32.7712,32.3358,32.0847,31.3097,32.6857,26.6140,25.8803,31.8413,31.1779,29.2277,30.6903

34.5510,32.7523,32.3316,32.0956,31.3046,32.6909,26.5931,25.8792,31.8562,31.1757,29.2246,30.6879

35.5490,32.7431,32.3136,32.0762,31.3054,32.6729,26.5881,25.8822,31.8348,31.1656,29.2115,30.6771

36.5490,32.7496,32.3297,32.0712,31.3056,32.6726,26.6145,25.8831,31.8451,31.1687,29.2298,30.6840

37.5490,32.7625,32.3400,32.0646,31.2947,32.6782,26.5902,25.8862,31.8331,31.1710,29.2117,30.6812

38.5490,32.7535,32.3480,32.0838,31.3163,32.6683,26.5957,25.8662,31.8161,31.1727,29.2059,30.6810

39.5490,32.7507,32.3363,32.0909,31.2999,32.6698,26.6000,25.8904,31.8420,31.1730,29.2210,30.6850

40.5490,32.7559,32.3199,32.0731,31.2925,32.6773,26.6061,25.8757,31.8124,31.1657,29.2093,30.6766

41.5490,32.7490,32.3173,32.0677,31.2894,32.6747,26.5931,25.8778,31.8243,31.1626,29.2087,30.6741

42.5490,32.7459,32.3306,32.0820,31.2816,32.6641,26.6008,25.8812,31.8273,31.1642,29.2140,30.6767

43.5490,32.7585,32.3236,32.0829,31.2816,32.6866,26.6069,25.8731,31.8338,31.1677,29.2203,30.6809

44.5490,32.7593,32.3061,32.0927,31.3078,32.6936,26.5987,25.8806,31.8341,31.1733,29.2164,30.6841

45.5490,32.7512,32.3123,32.0824,31.2872,32.6881,26.5915,25.8762,31.8354,31.1662,29.2135,30.6781

46.5490,32.7391,32.3134,32.0821,31.2808,32.6732,26.6015,25.8673,31.8219,31.1593,29.2117,30.6724

47.5490,32.7263,32.3357,32.0588,31.2749,32.6823,26.6018,25.8601,31.8264,31.1563,29.2141,30.6708

48.5490,32.7487,32.3047,32.0888,31.2852,32.6860,26.6097,25.8430,31.8151,31.1594,29.2124,30.6727

49.5490,32.7475,32.3227,32.0797,31.2934,32.6895,26.5845,25.8805,31.8204,31.1689,29.2025,30.6773

50.5490,32.7649,32.3198,32.0420,31.2806,32.6674,26.5826,25.8706,31.8181,31.1576,29.2004,30.6683

51.5500,32.7352,32.3171,32.0862,31.2558,32.6717,26.5995,25.8597,31.8124,31.1543,29.2060,30.6672

52.5490,32.7553,32.2963,32.0584,31.2984,32.6866,26.5971,25.8502,31.8166,31.1575,29.2068,30.6699

53.5490,32.7422,32.3057,32.0669,31.2670,32.6772,26.5697,25.8827,31.8156,31.1570,29.1927,30.6659

54.5490,32.7478,32.3108,32.0814,31.2787,32.6828,26.5900,25.8738,31.8222,31.1625,29.2061,30.6734

55.5490,32.7397,32.3173,32.0630,31.2814,32.6662,26.6008,25.8586,31.8080,31.1544,29.2044,30.6669

56.5500,32.7332,32.3097,32.0470,31.2804,32.6845,26.5861,25.8921,31.8188,31.1578,29.2025,30.6690

57.5500,32.7488,32.3013,32.0587,31.2766,32.6892,26.6037,25.8804,31.8025,31.1591,29.2031,30.6701

58.5490,32.7324,32.3227,32.0473,31.2826,32.6843,26.5972,25.8715,31.8345,31.1568,29.2158,30.6716

59.5500,32.7323,32.3059,32.0478,31.2747,32.6577,26.5961,25.8719,31.7987,31.1484,29.1974,30.6606

60.5490,32.7361,32.3005,32.0537,31.2937,32.6771,26.5749,25.8615,31.7884,31.1538,29.1816,30.6607

61.5500,32.7474,32.3099,32.0636,31.2830,32.6810,26.5551,25.8587,31.7964,31.1572,29.1758,30.6619

62.5490,32.7364,32.3012,32.0587,31.2766,32.6793,26.5927,25.8628,31.8141,31.1525,29.2034,30.6652

63.5490,32.7529,32.3020,32.0641,31.2576,32.6697,26.5852,25.8505,31.8038,31.1495,29.1945,30.6607

64.5490,32.7287,32.2877,32.0503,31.2715,32.6531,26.5868,25.8502,31.8035,31.1403,29.1951,30.6540

65.5500,32.7271,32.3030,32.0384,31.2577,32.6530,26.5956,25.8600,31.8296,31.1399,29.2126,30.6580

66.5490,32.7353,32.2889,32.0561,31.2698,32.6702,26.5868,25.8729,31.7890,31.1489,29.1879,30.6586

67.5490,32.7329,32.2904,32.0535,31.2413,32.6413,26.5906,25.8640,31.7862,31.1372,29.1884,30.6500

68.5490,32.7293,32.3031,32.0451,31.2653,32.6521,26.5846,25.8622,31.8050,31.1428,29.1948,30.6558

69.5500,32.7192,32.2905,32.0475,31.2616,32.6493,26.5843,25.8718,31.7963,31.1400,29.1903,30.6526

70.5500,32.7361,32.2872,32.0418,31.2635,32.6470,26.5693,25.8771,31.7903,31.1421,29.1798,30.6516

71.5490,32.7279,32.2939,32.0537,31.2585,32.6546,26.5912,25.8580,31.8116,31.1411,29.2014,30.6562

72.5490,32.7326,32.2868,32.0320,31.2842,32.6447,26.5747,25.8386,31.8121,31.1365,29.1934,30.6507

73.5490,32.7384,32.2953,32.0419,31.2570,32.6677,26.5914,25.8459,31.7997,31.1411,29.1955,30.6547

74.5490,32.7015,32.3002,32.0342,31.2610,32.6600,26.5826,25.8479,31.7937,31.1342,29.1881,30.6476

75.5500,32.7381,32.2879,32.0509,31.2684,32.6406,26.5868,25.8663,31.7974,31.1420,29.1921,30.6546

76.5490,32.7266,32.2884,32.0313,31.2535,32.6402,26.5917,25.8698,31.7976,31.1350,29.1947,30.6499

77.5490,32.7104,32.2842,32.0299,31.2623,32.6486,26.5882,25.8658,31.7641,31.1335,29.1761,30.6442

78.5490,32.7113,32.2868,32.0193,31.2659,32.6461,26.5877,25.8635,31.7927,31.1322,29.1902,30.6467

79.5490,32.7122,32.2782,32.0319,31.2535,32.6483,26.5957,25.8587,31.7842,31.1304,29.1899,30.6453

80.5500,32.7159,32.2662,32.0377,31.2336,32.6504,26.5706,25.8619,31.8090,31.1276,29.1898,30.6432

81.5500,32.7219,32.2833,32.0370,31.2404,32.6408,26.5903,25.8580,31.7878,31.1302,29.1891,30.6449

82.5490,32.7178,32.2685,32.0180,31.2542,32.6428,26.5740,25.8723,31.8034,31.1289,29.1887,30.6439

83.5490,32.7048,32.2730,32.0454,31.2549,32.6346,26.5642,25.8597,31.7880,31.1287,29.1761,30.6406

84.5490,32.7119,32.2780,32.0260,31.2336,32.6565,26.5841,25.8442,31.7891,31.1251,29.1866,30.6404

85.5490,32.7115,32.2814,32.0177,31.2572,32.6374,26.5644,25.8311,31.7769,31.1227,29.1706,30.6347

86.5490,32.7125,32.2895,32.0032,31.2597,32.6652,26.5743,25.8316,31.7840,31.1269,29.1791,30.6400

87.5500,32.7131,32.2805,32.0168,31.2436,32.6272,26.5839,25.8284,31.7860,31.1183,29.1849,30.6349

88.5490,32.7215,32.2579,32.0214,31.2379,32.6430,26.5994,25.8600,31.7846,31.1236,29.1920,30.6407

89.5500,32.7212,32.2684,32.0150,31.2456,32.6310,26.5779,25.8560,31.7772,31.1229,29.1776,30.6366

90.5490,32.6981,32.2800,32.0233,31.2243,32.6257,26.5702,25.8492,31.7799,31.1168,29.1751,30.6313

91.5490,32.7098,32.2660,32.0271,31.2455,32.6286,26.5580,25.8426,31.7814,31.1199,29.1697,30.6324

92.5490,32.7085,32.2607,32.0158,31.2224,32.6224,26.5693,25.8431,31.7936,31.1122,29.1815,30.6295

93.5490,32.7075,32.2851,32.0195,31.2355,32.6167,26.5787,25.8445,31.7800,31.1181,29.1793,30.6334

94.5490,32.6968,32.2658,32.0110,31.2500,32.6326,26.5656,25.8272,31.7880,31.1139,29.1768,30.6296

95.5500,32.7162,32.2632,32.0028,31.2498,32.6197,26.5875,25.8472,31.7793,31.1165,29.1834,30.6332

96.5490,32.7190,32.2503,32.0063,31.2411,32.6237,26.5577,25.8429,31.7858,31.1139,29.1718,30.6284

97.5490,32.6888,32.2706,32.0257,31.2520,32.6196,26.5863,25.8398,31.7786,31.1161,29.1824,30.6327

98.5490,32.7062,32.2663,31.9951,31.2459,32.6214,26.5651,25.8503,31.7707,31.1142,29.1679,30.6276

99.5490,32.6966,32.2554,32.0170,31.2490,32.6044,26.5659,25.8241,31.7780,31.1078,29.1719,30.6238

100.5490,32.7128,32.2626,32.0209,31.2370,32.5966,26.5694,25.8446,31.7768,31.1124,29.1731,30.6276

101.5490,32.7045,32.2631,32.0022,31.2272,32.6079,26.5705,25.8524,31.7728,31.1096,29.1716,30.6251

102.5490,32.7028,32.2669,32.0243,31.2239,32.6032,26.5720,25.8440,31.7672,31.1108,29.1696,30.6255

103.5490,32.7245,32.2497,31.9888,31.2405,32.6161,26.5713,25.8333,31.7796,31.1088,29.1754,30.6255

104.5490,32.7131,32.2648,32.0039,31.2448,32.6034,26.5684,25.8393,31.7729,31.1116,29.1706,30.6263

105.5490,32.6912,32.2439,32.0065,31.2423,32.5878,26.5727,25.8267,31.7584,31.0997,29.1655,30.6162

106.5490,32.6993,32.2390,31.9945,31.2199,32.5833,26.5776,25.8452,31.7647,31.0969,29.1711,30.6155

107.5490,32.7082,32.2464,31.9940,31.2344,32.6062,26.5846,25.8240,31.7685,31.1022,29.1765,30.6208

108.5500,32.7155,32.2669,31.9896,31.2089,32.5765,26.5952,25.8440,31.7720,31.1002,29.1836,30.6210

109.5490,32.6940,32.2529,31.9897,31.2418,32.5742,26.5750,25.8578,31.7701,31.1017,29.1726,30.6194

110.5490,32.6935,32.2355,32.0131,31.2235,32.5686,26.5693,25.8308,31.7678,31.0942,29.1685,30.6127

111.5490,32.7131,32.2367,32.0011,31.2364,32.5411,26.5767,25.8482,31.7738,31.0961,29.1753,30.6159

112.5500,32.6963,32.2354,32.0116,31.2610,32.5638,26.5698,25.8460,31.7753,31.1023,29.1725,30.6199

113.5490,32.6997,32.2582,31.9865,31.2222,32.5378,26.5812,25.8376,31.7557,31.0903,29.1685,30.6099

114.5490,32.6928,32.2431,31.9813,31.2339,32.5560,26.5626,25.8576,31.7827,31.0941,29.1726,30.6138

115.5500,32.7152,32.2429,31.9956,31.2210,32.5694,26.5747,25.8433,31.7632,31.0979,29.1690,30.6157

116.5500,32.7004,32.2346,31.9967,31.2207,32.5578,26.5853,25.8473,31.7560,31.0929,29.1706,30.6124

117.5490,32.7054,32.2428,31.9955,31.2195,32.5243,26.5799,25.8439,31.7596,31.0886,29.1698,30.6089

118.5490,32.6812,32.2480,31.9946,31.2172,32.5356,26.5707,25.8398,31.7565,31.0861,29.1636,30.6055

119.5490,32.6650,32.2261,31.9825,31.2230,32.5474,26.5548,25.8570,31.7581,31.0835,29.1564,30.6017

120.5500,32.7020,32.2255,31.9777,31.2144,32.5510,26.5817,25.8522,31.7514,31.0871,29.1666,30.6070

121.5500,32.6757,32.2345,31.9920,31.2042,32.5390,26.5561,25.8398,31.7903,31.0809,29.1732,30.6040

122.5490,32.6910,32.2200,31.9905,31.2136,32.5296,26.5603,25.8515,31.7424,31.0827,29.1513,30.5999

123.5490,32.6940,32.2334,31.9838,31.1965,32.5252,26.5590,25.8573,31.7763,31.0817,29.1676,30.6032

124.5490,32.6870,32.2117,31.9869,31.2236,32.5438,26.5755,25.8342,31.7641,31.0812,29.1698,30.6034

125.5490,32.6890,32.2437,31.9866,31.2120,32.5374,26.5889,25.8368,31.7577,31.0843,29.1733,30.6065

126.5490,32.6945,32.2331,31.9600,31.2187,32.5192,26.5685,25.8456,31.7515,31.0785,29.1600,30.5989

127.5490,32.6822,32.2440,31.9728,31.2179,32.5288,26.5665,25.8417,31.7884,31.0813,29.1775,30.6053

128.5490,32.6855,32.2468,31.9705,31.2151,32.5306,26.5787,25.8360,31.7532,31.0808,29.1660,30.6021

129.5490,32.6953,32.2312,31.9699,31.2075,32.5422,26.5744,25.8416,31.7456,31.0813,29.1600,30.6010

130.5490,32.6948,32.2382,31.9745,31.2065,32.5089,26.5805,25.8331,31.7559,31.0760,29.1682,30.5991

131.5500,32.6713,32.2045,31.9751,31.2145,32.5352,26.5724,25.8406,31.7535,31.0735,29.1630,30.5959

132.5490,32.6692,32.2455,31.9574,31.2171,32.5471,26.5765,25.8390,31.7416,31.0792,29.1591,30.5992

133.5490,32.6829,32.2495,31.9740,31.1942,32.5370,26.5657,25.8438,31.7394,31.0802,29.1525,30.5983

134.5490,32.6786,32.2160,31.9687,31.2119,32.5349,26.5572,25.8471,31.7370,31.0762,29.1471,30.5939

135.5490,32.6863,32.2250,31.9636,31.2158,32.5233,26.5843,25.8544,31.7550,31.0781,29.1697,30.6010

136.5510,32.6970,32.2297,31.9552,31.2130,32.5314,26.5648,25.8316,31.7582,31.0763,29.1615,30.5976

137.5490,32.6619,32.2209,31.9811,31.1957,32.5319,26.5630,25.8387,31.7507,31.0717,29.1568,30.5930

138.5490,32.6749,32.2421,31.9765,31.1902,32.5236,26.5520,25.8296,31.7332,31.0728,29.1426,30.5903

139.5500,32.6965,32.2193,31.9847,31.2040,32.5313,26.5719,25.8335,31.7544,31.0782,29.1632,30.5995

140.5490,32.6927,32.2189,31.9515,31.2182,32.5304,26.5883,25.8461,31.7473,31.0763,29.1678,30.5992

141.5490,32.6499,32.2335,31.9571,31.2229,32.5262,26.5708,25.8394,31.7261,31.0715,29.1485,30.5907

142.5500,32.6797,32.2142,31.9599,31.2083,32.5318,26.5654,25.8269,31.7268,31.0701,29.1461,30.5891

143.5490,32.6579,32.1940,31.9880,31.1979,32.5360,26.5425,25.8130,31.7598,31.0645,29.1511,30.5861

144.5510,32.6852,32.2214,31.9468,31.2056,32.5296,26.5676,25.8282,31.7530,31.0695,29.1603,30.5922

145.5490,32.6810,32.2092,31.9628,31.2215,32.5267,26.5860,25.8249,31.7271,31.0710,29.1566,30.5924

146.5490,32.6849,32.2191,31.9583,31.2043,32.5208,26.5630,25.8283,31.7319,31.0693,29.1475,30.5888

147.5500,32.6738,32.2370,31.9512,31.2081,32.5053,26.5670,25.8200,31.7453,31.0659,29.1561,30.5885

148.5490,32.6657,32.2137,31.9509,31.2021,32.5125,26.5649,25.8487,31.7259,31.0656,29.1454,30.5856

149.5490,32.6607,32.2024,31.9532,31.1692,32.5101,26.5619,25.8182,31.7463,31.0523,29.1541,30.5777

150.5510,32.6841,32.2150,31.9466,31.2110,32.5073,26.5642,25.8356,31.7308,31.0666,29.1475,30.5868

151.5490,32.6938,32.2076,31.9467,31.2073,32.5140,26.5753,25.8156,31.7366,31.0642,29.1559,30.5871

152.5490,32.6705,32.2104,31.9504,31.1984,32.4923,26.5566,25.8371,31.7519,31.0599,29.1543,30.5835

153.5490,32.6632,32.1962,31.9475,31.2034,32.5011,26.5705,25.8330,31.7422,31.0574,29.1563,30.5821

154.5490,32.6753,32.2021,31.9455,31.1938,32.5000,26.5478,25.8343,31.7379,31.0585,29.1428,30.5796

155.5490,32.6642,32.2093,31.9606,31.2001,32.4851,26.5729,25.8188,31.7394,31.0564,29.1561,30.5813

156.5490,32.6689,32.2051,31.9597,31.1757,32.5058,26.5833,25.8316,31.7554,31.0578,29.1694,30.5857

157.5490,32.6673,32.2172,31.9606,31.2028,32.4992,26.5883,25.8607,31.7491,31.0680,29.1687,30.5931

158.5490,32.6732,32.1734,31.9590,31.1905,32.5023,26.5668,25.8303,31.7428,31.0548,29.1548,30.5798

159.5490,32.6633,32.2020,31.9359,31.1833,32.5022,26.5658,25.8430,31.7474,31.0549,29.1566,30.5804

160.5490,32.6596,32.1899,31.9337,31.1971,32.5113,26.5650,25.8209,31.7175,31.0521,29.1413,30.5744

161.5490,32.6470,32.1952,31.9339,31.1921,32.4988,26.5499,25.8398,31.7499,31.0511,29.1499,30.5758

162.5500,32.6647,32.1934,31.9395,31.1888,32.4931,26.5644,25.8401,31.7310,31.0533,29.1477,30.5769

163.5490,32.6417,32.2023,31.9287,31.1888,32.5044,26.5573,25.8458,31.7225,31.0519,29.1399,30.5739

164.5490,32.6611,32.2036,31.9267,31.1915,32.4987,26.5589,25.8304,31.7298,31.0520,29.1443,30.5751

165.5490,32.6423,32.1883,31.9246,31.1852,32.4881,26.5537,25.8403,31.7518,31.0448,29.1528,30.5718

166.5490,32.6401,32.2013,31.9366,31.1826,32.4818,26.5883,25.8078,31.7190,31.0417,29.1537,30.5697

167.5490,32.6480,32.1852,31.9276,31.1806,32.4901,26.5646,25.8441,31.7199,31.0459,29.1422,30.5700

168.5500,32.6566,32.1925,31.9410,31.1903,32.4824,26.5530,25.8268,31.7342,31.0482,29.1436,30.5721

169.5500,32.6719,32.1851,31.9378,31.1791,32.4722,26.5703,25.8271,31.7199,31.0455,29.1451,30.5704

170.5490,32.6533,32.1879,31.9190,31.1857,32.4905,26.5708,25.8168,31.7238,31.0422,29.1473,30.5685

171.5490,32.6689,32.1989,31.9450,31.1854,32.4892,26.5569,25.8354,31.7296,31.0538,29.1432,30.5761

172.5490,32.6458,32.1989,31.9117,31.1755,32.4827,26.5624,25.8249,31.7563,31.0399,29.1593,30.5698

173.5490,32.6661,32.2023,31.9250,31.1870,32.5157,26.5545,25.8434,31.7206,31.0566,29.1376,30.5768

174.5490,32.6544,32.1903,31.9229,31.1703,32.4807,26.5739,25.8435,31.7311,31.0437,29.1525,30.5709

175.5490,32.6505,32.1625,31.9236,31.1706,32.4923,26.5780,25.8400,31.7206,31.0399,29.1493,30.5673

176.5490,32.6532,32.1949,31.9364,31.1739,32.4839,26.5652,25.8395,31.7294,31.0470,29.1473,30.5721

177.5490,32.6584,32.1924,31.9287,31.1695,32.4926,26.5633,25.8249,31.7290,31.0444,29.1461,30.5698

178.5500,32.6398,32.2031,31.9005,31.1756,32.4930,26.5450,25.8226,31.7197,31.0391,29.1324,30.5624

179.5500,32.6496,32.1949,31.9204,31.1748,32.4782,26.5558,25.8466,31.7314,31.0441,29.1436,30.5689

180.5490,32.6365,32.1728,31.9058,31.1743,32.5002,26.5634,25.8467,31.7408,31.0394,29.1521,30.5676

181.5490,32.6461,32.1961,31.9221,31.1620,32.4875,26.5660,25.8124,31.7133,31.0377,29.1396,30.5632

182.5490,32.6348,32.1829,31.9262,31.1746,32.4573,26.5768,25.8383,31.7175,31.0357,29.1471,30.5635

183.5490,32.6692,32.1844,31.9254,31.1761,32.4865,26.5610,25.8371,31.7182,31.0464,29.1396,30.5697

184.5490,32.6528,32.1840,31.9278,31.1743,32.4720,26.5652,25.8414,31.7139,31.0420,29.1396,30.5664

185.5500,32.6420,32.1692,31.9317,31.1787,32.4868,26.5651,25.8347,31.7035,31.0405,29.1343,30.5640

186.5490,32.6421,32.1809,31.9054,31.1787,32.4591,26.5436,25.8240,31.7230,31.0317,29.1333,30.5571

187.5490,32.6351,32.1840,31.9142,31.1663,32.4805,26.5625,25.8443,31.7127,31.0374,29.1376,30.5624

188.5490,32.6306,32.1810,31.9150,31.1643,32.4578,26.5481,25.8262,31.7274,31.0292,29.1378,30.5563

189.5490,32.6423,32.1859,31.9212,31.1531,32.4533,26.5428,25.8232,31.7142,31.0298,29.1285,30.5545

190.5500,32.6424,32.1829,31.9145,31.1760,32.4785,26.5684,25.8186,31.7092,31.0355,29.1388,30.5613

191.5500,32.6458,32.1773,31.9145,31.1647,32.4691,26.5615,25.8339,31.6966,31.0342,29.1290,30.5579

192.5490,32.6362,32.1742,31.9100,31.1776,32.4622,26.5740,25.8374,31.7161,31.0329,29.1450,30.5610

193.5490,32.6427,32.1584,31.9082,31.1627,32.4821,26.5692,25.8128,31.7086,31.0278,29.1389,30.5556

194.5500,32.6349,32.1780,31.9058,31.1710,32.4543,26.5608,25.8210,31.7073,31.0275,29.1340,30.5541

195.5490,32.6319,32.1891,31.9221,31.1625,32.4570,26.5503,25.8109,31.7273,31.0289,29.1388,30.5564

196.5490,32.6377,32.1839,31.9099,31.1587,32.4650,26.5458,25.8291,31.7181,31.0307,29.1320,30.5560

197.5490,32.6473,32.1596,31.8888,31.1498,32.4715,26.5786,25.8231,31.7141,31.0234,29.1463,30.5541

198.5490,32.6338,32.1830,31.9005,31.1484,32.4654,26.5763,25.8402,31.7109,31.0285,29.1436,30.5573

199.5490,32.6330,32.1731,31.9169,31.1685,32.4400,26.5571,25.8285,31.7213,31.0267,29.1392,30.5548

200.5490,32.6330,32.1613,31.8928,31.1670,32.4822,26.5411,25.8224,31.7045,31.0265,29.1228,30.5505

201.5490,32.6532,32.1514,31.8924,31.1633,32.4578,26.5538,25.8196,31.7134,31.0229,29.1336,30.5506

202.5490,32.6325,32.1669,31.9144,31.1698,32.4667,26.5656,25.8347,31.7124,31.0308,29.1390,30.5579

203.5490,32.6337,32.1602,31.8833,31.1758,32.4853,26.5545,25.8264,31.7122,31.0275,29.1334,30.5539

204.5500,32.6373,32.1551,31.9017,31.1642,32.4826,26.5505,25.8050,31.7101,31.0243,29.1303,30.5508

205.5500,32.6439,32.1714,31.8955,31.1443,32.4505,26.5794,25.8320,31.7173,31.0229,29.1483,30.5543

206.5490,32.6345,32.1838,31.8957,31.1581,32.4657,26.5732,25.8404,31.7059,31.0297,29.1396,30.5572

207.5500,32.6622,32.1500,31.8750,31.1430,32.4582,26.5652,25.8338,31.7027,31.0204,29.1339,30.5488

208.5500,32.6513,32.1652,31.9048,31.1799,32.4603,26.5481,25.8389,31.6979,31.0334,29.1230,30.5558

209.5490,32.6480,32.1593,31.8937,31.1678,32.4750,26.5589,25.8143,31.7166,31.0263,29.1378,30.5542

210.5500,32.6483,32.1531,31.9016,31.1485,32.4656,26.5512,25.8283,31.6986,31.0242,29.1249,30.5494

211.5490,32.6344,32.1612,31.8829,31.1580,32.4863,26.5524,25.8252,31.6983,31.0247,29.1254,30.5499

212.5490,32.6437,32.1638,31.9072,31.1550,32.4838,26.5494,25.8208,31.7076,31.0291,29.1285,30.5539

213.5500,32.6570,32.1688,31.8811,31.1492,32.4573,26.5477,25.8191,31.6960,31.0221,29.1219,30.5470

214.5500,32.6461,32.1532,31.8984,31.1641,32.4811,26.5815,25.8157,31.6936,31.0264,29.1376,30.5542

215.5490,32.6555,32.1619,31.8606,31.1465,32.4710,26.5405,25.8304,31.7007,31.0210,29.1206,30.5459

216.5490,32.6212,32.1556,31.9050,31.1557,32.4704,26.5471,25.8157,31.7072,31.0206,29.1272,30.5472

217.5490,32.6299,32.1543,31.8892,31.1479,32.4663,26.5511,25.8103,31.6878,31.0163,29.1194,30.5421

218.5500,32.6253,32.1350,31.8886,31.1435,32.4667,26.5564,25.8193,31.6948,31.0131,29.1256,30.5412

219.5490,32.6685,32.1510,31.8717,31.1633,32.4503,26.5380,25.8416,31.6935,31.0244,29.1157,30.5472

220.5490,32.6475,32.1392,31.8727,31.1412,32.4723,26.5698,25.8054,31.7171,31.0130,29.1435,30.5456

221.5490,32.6095,32.1692,31.8674,31.1421,32.4746,26.5679,25.8110,31.7016,31.0123,29.1348,30.5429

222.5490,32.6603,32.1512,31.8814,31.1649,32.4683,26.5737,25.8093,31.6914,31.0226,29.1326,30.5501

223.5490,32.6245,32.1447,31.8875,31.1758,32.4656,26.5499,25.8223,31.7203,31.0201,29.1351,30.5488

224.5490,32.6403,32.1566,31.8863,31.1497,32.4794,26.5611,25.8279,31.6897,31.0234,29.1254,30.5489

225.5490,32.6267,32.1495,31.8811,31.1304,32.4639,26.5507,25.8406,31.6859,31.0154,29.1183,30.5411

226.5490,32.6259,32.1546,31.8594,31.1462,32.4684,26.5599,25.8309,31.7063,31.0142,29.1331,30.5439

227.5650,32.6399,32.1451,31.8776,31.1734,32.4646,26.5626,25.7987,31.6715,31.0165,29.1171,30.5417

228.5500,32.6351,32.1475,31.8819,31.1377,32.4829,26.5549,25.8089,31.6854,31.0157,29.1202,30.5418

229.5490,32.6282,32.1299,31.8624,31.1389,32.4480,26.5692,25.8199,31.6851,31.0045,29.1271,30.5352

230.5490,32.6179,32.1428,31.8735,31.1509,32.4708,26.5499,25.8261,31.7072,31.0137,29.1285,30.5424

231.5510,32.6028,32.1466,31.8749,31.1463,32.4628,26.5678,25.8128,31.6836,31.0077,29.1257,30.5372

232.5490,32.6196,32.1486,31.8844,31.1294,32.4662,26.5540,25.8240,31.6915,31.0120,29.1227,30.5397

233.5500,32.6159,32.1391,31.8627,31.1312,32.4543,26.5733,25.8372,31.7028,31.0067,29.1380,30.5396

234.5510,32.6232,32.1355,31.8826,31.1427,32.4512,26.5633,25.8178,31.6919,31.0088,29.1276,30.5385

235.5490,32.6366,32.1331,31.8614,31.1351,32.4456,26.5612,25.8241,31.6827,31.0060,29.1220,30.5350

236.5490,32.6372,32.1253,31.8573,31.1460,32.4363,26.5547,25.8191,31.6800,31.0035,29.1174,30.5320

237.5490,32.6050,32.1612,31.8515,31.1341,32.4324,26.5422,25.8325,31.6901,31.0028,29.1161,30.5311

238.5500,32.6235,32.1340,31.8811,31.1177,32.4263,26.5414,25.8109,31.6701,30.9989,29.1057,30.5256

239.5490,32.6102,32.1207,31.8720,31.1288,32.4425,26.5724,25.8094,31.6962,30.9973,29.1343,30.5315

240.5490,32.6052,32.1191,31.8573,31.1291,32.4377,26.5583,25.8194,31.6902,30.9946,29.1243,30.5270

241.5490,32.6295,32.1402,31.8648,31.1333,32.4213,26.5502,25.8236,31.6789,31.0021,29.1145,30.5302

242.5490,32.6188,32.1359,31.8576,31.1322,32.4277,26.5678,25.8209,31.6814,30.9989,29.1246,30.5303

243.5500,32.6169,32.1352,31.8555,31.1283,32.4139,26.5518,25.8317,31.6912,30.9969,29.1215,30.5281

244.5490,32.5900,32.1427,31.8602,31.1320,32.4317,26.5601,25.8240,31.6910,30.9968,29.1256,30.5290

245.5490,32.6120,32.1392,31.8600,31.1384,32.4315,26.5610,25.8244,31.6811,31.0009,29.1210,30.5309

246.5490,32.6078,32.1142,31.8467,31.1518,32.4173,26.5643,25.8476,31.7084,30.9976,29.1363,30.5323

247.5490,32.6118,32.1365,31.8625,31.0920,32.4274,26.5603,25.8214,31.6753,30.9919,29.1178,30.5234

248.5490,32.6069,32.1426,31.8544,31.1314,32.4147,26.5374,25.8273,31.6952,30.9962,29.1163,30.5262

249.5490,32.6005,32.1148,31.8717,31.1294,32.4118,26.5588,25.8194,31.6836,30.9913,29.1212,30.5237

250.5490,32.6002,32.1446,31.8522,31.1268,32.4200,26.5618,25.8205,31.7134,30.9940,29.1376,30.5299

251.5500,32.6203,32.1203,31.8664,31.1453,32.4351,26.5712,25.8285,31.6715,31.0026,29.1214,30.5323

252.5490,32.5895,32.1195,31.8567,31.1270,32.4174,26.5515,25.8177,31.6829,30.9880,29.1172,30.5203

253.5490,32.6079,32.1275,31.8642,31.1078,32.4160,26.5459,25.8457,31.6835,30.9948,29.1147,30.5248

254.5490,32.6169,32.1257,31.8671,31.1225,32.4020,26.5550,25.8156,31.6794,30.9916,29.1172,30.5230

255.5490,32.6050,32.1179,31.8499,31.1321,32.4247,26.5610,25.8032,31.6896,30.9888,29.1253,30.5229

256.5490,32.6071,32.1129,31.8590,31.1370,32.4104,26.5471,25.8129,31.6898,30.9899,29.1185,30.5220

257.5490,32.6021,32.1363,31.8379,31.0998,32.4192,26.5524,25.8484,31.6641,30.9906,29.1083,30.5200

258.5490,32.6137,32.1213,31.8669,31.1138,32.4013,26.5542,25.8204,31.6720,30.9896,29.1131,30.5205

259.5500,32.5879,32.1031,31.8229,31.1140,32.4156,26.5216,25.8450,31.6893,30.9814,29.1055,30.5124

260.5490,32.5912,32.1166,31.8632,31.1134,32.3873,26.5730,25.8284,31.6696,30.9834,29.1213,30.5179

261.5490,32.5966,32.1211,31.8559,31.1282,32.3721,26.5370,25.8141,31.6783,30.9813,29.1077,30.5129

262.5500,32.5954,32.1411,31.8464,31.1337,32.4104,26.5433,25.8298,31.6677,30.9928,29.1055,30.5210

263.5500,32.6047,32.1277,31.8546,31.1024,32.4031,26.5531,25.8175,31.6803,30.9850,29.1167,30.5179

264.5500,32.6034,32.1054,31.8299,31.1167,32.3864,26.5721,25.8266,31.6856,30.9781,29.1289,30.5158

265.5490,32.5876,32.1212,31.8284,31.1105,32.4032,26.5558,25.8338,31.6825,30.9808,29.1191,30.5154

266.5490,32.5979,32.0907,31.8270,31.1269,32.3839,26.5571,25.8050,31.6759,30.9719,29.1165,30.5080

267.5510,32.5935,32.1280,31.8314,31.1075,32.3964,26.5688,25.8218,31.6753,30.9798,29.1220,30.5153

268.5490,32.5905,32.1085,31.8373,31.1222,32.3933,26.5572,25.8273,31.6863,30.9798,29.1217,30.5153

269.5490,32.6081,32.1113,31.8457,31.1245,32.3909,26.5439,25.8281,31.6566,30.9848,29.1002,30.5136

270.5490,32.6039,32.1225,31.8419,31.1385,32.3894,26.5533,25.8134,31.6819,30.9849,29.1176,30.5181

271.5490,32.5852,32.1344,31.8354,31.1161,32.4046,26.5411,25.8196,31.6806,30.9826,29.1108,30.5146

272.5500,32.6115,32.1124,31.8360,31.1092,32.3953,26.5633,25.8215,31.6791,30.9810,29.1212,30.5160

273.5490,32.5911,32.1139,31.8379,31.1210,32.3780,26.5560,25.8161,31.6747,30.9763,29.1153,30.5111

274.5500,32.5824,32.1021,31.8280,31.1092,32.3925,26.5614,25.8060,31.6689,30.9700,29.1151,30.5063

275.5490,32.5911,32.1124,31.8332,31.1012,32.3681,26.5461,25.8081,31.6700,30.9690,29.1081,30.5038

276.5490,32.5986,32.1037,31.8216,31.0915,32.3749,26.5408,25.8076,31.6723,30.9663,29.1066,30.5014

277.5490,32.5923,32.1301,31.8236,31.1081,32.3806,26.5633,25.8371,31.6722,30.9786,29.1178,30.5134

278.5490,32.5864,32.1157,31.8327,31.1092,32.3962,26.5545,25.8227,31.6719,30.9771,29.1132,30.5111

279.5490,32.5934,32.1211,31.8301,31.0906,32.3824,26.5696,25.8123,31.6672,30.9717,29.1184,30.5084

280.5500,32.6000,32.0997,31.8584,31.1002,32.3779,26.5602,25.8147,31.6442,30.9751,29.1022,30.5069

281.5490,32.6063,32.1044,31.8345,31.1030,32.3709,26.5477,25.8239,31.6609,30.9738,29.1043,30.5064

282.5490,32.5953,32.1162,31.8121,31.1074,32.3583,26.5498,25.8326,31.6671,30.9703,29.1085,30.5049

283.5490,32.5965,32.0933,31.8390,31.0732,32.3594,26.5699,25.8229,31.6754,30.9640,29.1226,30.5037

284.5490,32.5804,32.0935,31.8120,31.0650,32.3460,26.5627,25.8478,31.6743,30.9574,29.1185,30.4977

285.5500,32.5708,32.0960,31.8318,31.1045,32.3461,26.5582,25.8240,31.6718,30.9622,29.1150,30.5004

286.5490,32.5720,32.1046,31.8324,31.0925,32.3463,26.5778,25.8294,31.6551,30.9629,29.1165,30.5013

287.5490,32.5854,32.1029,31.8081,31.0907,32.3520,26.5564,25.8245,31.6742,30.9606,29.1153,30.4993

288.5490,32.5843,32.1026,31.8257,31.0961,32.3587,26.5576,25.8390,31.6576,30.9677,29.1076,30.5027

289.5490,32.6086,32.1146,31.8147,31.0978,32.3680,26.5627,25.8082,31.6706,30.9686,29.1167,30.5056

290.5490,32.5741,32.0951,31.8182,31.0886,32.3489,26.5681,25.8169,31.6558,30.9570,29.1119,30.4957

291.5490,32.5795,32.0854,31.8108,31.0887,32.3443,26.5627,25.8224,31.6669,30.9552,29.1148,30.4951

292.5490,32.5802,32.1030,31.8101,31.1171,32.3488,26.5455,25.8334,31.6694,30.9654,29.1074,30.5009

293.5490,32.5774,32.1054,31.8116,31.0980,32.3259,26.5455,25.8358,31.6408,30.9590,29.0931,30.4926

294.5490,32.5794,32.0905,31.8127,31.0943,32.3640,26.5617,25.8289,31.6625,30.9616,29.1121,30.4992

295.5490,32.5688,32.0926,31.8039,31.0898,32.3454,26.5703,25.8040,31.6674,30.9508,29.1189,30.4928

296.5500,32.5834,32.1004,31.7954,31.0690,32.3599,26.5704,25.8207,31.6553,30.9548,29.1129,30.4943

297.5490,32.5577,32.1039,31.8106,31.1007,32.3554,26.5436,25.8174,31.6582,30.9576,29.1009,30.4935

298.5490,32.5781,32.1057,31.8134,31.0837,32.3553,26.5500,25.8399,31.6584,30.9627,29.1042,30.4981

299.5490,32.5692,32.1055,31.7991,31.1004,32.3547,26.5566,25.8290,31.6674,30.9597,29.1120,30.4977

300.5490,32.5693,32.0888,31.7940,31.1015,32.3205,26.5728,25.8329,31.6863,30.9512,29.1295,30.4958

301.5490,32.5765,32.1133,31.8111,31.0748,32.3394,26.5757,25.8250,31.6544,30.9567,29.1151,30.4963

302.5500,32.5689,32.1062,31.7833,31.0780,32.3605,26.5403,25.8457,31.6610,30.9571,29.1006,30.4930

303.5500,32.5747,32.0955,31.8093,31.0975,32.3268,26.5437,25.8449,31.6503,30.9581,29.0970,30.4929

304.5490,32.5605,32.1058,31.8116,31.0815,32.3474,26.5464,25.8400,31.6492,30.9578,29.0978,30.4928

305.5490,32.5876,32.0835,31.8029,31.0986,32.3472,26.5591,25.8216,31.6496,30.9569,29.1044,30.4938

306.5490,32.5628,32.0817,31.7968,31.0751,32.3510,26.5577,25.8286,31.6445,30.9493,29.1011,30.4873

307.5500,32.5656,32.0868,31.7939,31.0709,32.3467,26.5534,25.8367,31.6337,30.9501,29.0936,30.4860

308.5510,32.5830,32.0879,31.7970,31.0730,32.3507,26.5535,25.8334,31.6600,30.9542,29.1068,30.4923

309.5500,32.5632,32.0858,31.7958,31.0840,32.3467,26.5576,25.8291,31.6769,30.9508,29.1172,30.4924

310.5490,32.5883,32.0919,31.8155,31.0863,32.3303,26.5579,25.8166,31.6428,30.9548,29.1003,30.4912

311.5490,32.5764,32.0881,31.7858,31.0900,32.3541,26.5511,25.8268,31.6652,30.9535,29.1081,30.4922

312.5500,32.5487,32.0964,31.7796,31.0796,32.3502,26.5411,25.8324,31.6355,30.9478,29.0883,30.4829

313.5490,32.5698,32.0778,31.7840,31.0835,32.3302,26.5770,25.8347,31.6693,30.9467,29.1231,30.4908

314.5490,32.5624,32.0982,31.7899,31.0842,32.3277,26.5648,25.8320,31.6582,30.9491,29.1115,30.4897

315.5490,32.5608,32.0801,31.7877,31.0834,32.3395,26.5538,25.8427,31.6458,30.9490,29.0998,30.4867

316.5490,32.5491,32.0760,31.7865,31.0916,32.3280,26.5586,25.8201,31.6468,30.9419,29.1027,30.4821

317.5490,32.5471,32.0781,31.8017,31.0758,32.3324,26.5278,25.8360,31.6415,30.9452,29.0846,30.4801

318.5490,32.5628,32.0756,31.7931,31.0611,32.3182,26.5554,25.8273,31.6399,30.9397,29.0976,30.4792

319.5490,32.5610,32.0900,31.7953,31.0910,32.3054,26.5743,25.8368,31.6399,30.9466,29.1071,30.4867

320.5490,32.5516,32.0947,31.7849,31.0600,32.3372,26.5540,25.8287,31.6535,30.9428,29.1037,30.4831

321.5500,32.5609,32.0628,31.7779,31.0849,32.3377,26.5643,25.8136,31.6516,30.9396,29.1079,30.4817

322.5500,32.5461,32.0910,31.7869,31.0695,32.3026,26.5451,25.8293,31.6620,30.9376,29.1036,30.4791

323.5490,32.5654,32.0686,31.7988,31.0743,32.3257,26.5613,25.8242,31.6373,30.9428,29.0993,30.4820

324.5490,32.5629,32.0707,31.7825,31.0703,32.3362,26.5634,25.8316,31.6310,30.9424,29.0972,30.4811

325.5490,32.5530,32.0769,31.7803,31.0699,32.3054,26.5332,25.8221,31.6356,30.9346,29.0844,30.4721

326.5490,32.5717,32.0706,31.7867,31.0711,32.3066,26.5497,25.8254,31.6338,30.9387,29.0917,30.4769

327.5490,32.5467,32.0790,31.7833,31.0786,32.3150,26.5580,25.8413,31.6392,30.9406,29.0986,30.4801

328.5500,32.5482,32.0658,31.7753,31.0658,32.2948,26.5519,25.8196,31.6566,30.9282,29.1043,30.4723

329.5490,32.5654,32.0725,31.7707,31.0613,32.3109,26.5570,25.8502,31.6485,30.9385,29.1028,30.4796

330.5490,32.5508,32.0779,31.7719,31.0761,32.3088,26.5371,25.8307,31.6372,30.9360,29.0872,30.4738

331.5500,32.5451,32.0803,31.7898,31.0508,32.3004,26.5423,25.8269,31.6418,30.9322,29.0921,30.4722

332.5490,32.5392,32.0745,31.7817,31.0633,32.2936,26.5434,25.8266,31.6279,30.9298,29.0856,30.4688

333.5500,32.5307,32.0546,31.7655,31.0720,32.2939,26.5594,25.8186,31.6368,30.9226,29.0981,30.4664

334.5490,32.5566,32.0813,31.7772,31.0654,32.3328,26.5613,25.8427,31.6444,30.9427,29.1028,30.4827

335.5490,32.5440,32.0693,31.7788,31.0609,32.3222,26.5417,25.8273,31.6656,30.9338,29.1037,30.4762

336.5490,32.5520,32.0788,31.7658,31.0756,32.3097,26.5492,25.8230,31.6440,30.9342,29.0966,30.4748

337.5490,32.5411,32.0724,31.7697,31.0687,32.3178,26.5543,25.8220,31.6435,30.9319,29.0989,30.4737

338.5490,32.5571,32.0681,31.7842,31.0672,32.2957,26.5364,25.8248,31.6524,30.9328,29.0944,30.4732

339.5490,32.5417,32.0687,31.7702,31.0555,32.2859,26.5573,25.8221,31.6385,30.9240,29.0979,30.4675

340.5490,32.5519,32.0691,31.7730,31.0536,32.3042,26.5590,25.8276,31.6378,30.9299,29.0984,30.4720

341.5500,32.5539,32.0557,31.7939,31.0529,32.2969,26.5501,25.8310,31.6604,30.9307,29.1053,30.4744

342.5490,32.5403,32.0658,31.7720,31.0545,32.2910,26.5506,25.8084,31.6192,30.9220,29.0849,30.4627

343.5490,32.5305,32.0575,31.7590,31.0730,32.2907,26.5379,25.8268,31.6389,30.9229,29.0884,30.4643

344.5490,32.5447,32.0659,31.7848,31.0551,32.2953,26.5494,25.8175,31.6301,30.9272,29.0897,30.4678

345.5490,32.5370,32.0716,31.7713,31.0642,32.2842,26.5709,25.8419,31.6290,30.9284,29.1000,30.4713

346.5490,32.5427,32.0680,31.7620,31.0548,32.2636,26.5540,25.8203,31.6319,30.9186,29.0930,30.4622

347.5500,32.5453,32.0557,31.7756,31.0464,32.2955,26.5486,25.8304,31.6401,30.9248,29.0944,30.4672

348.5490,32.5470,32.0609,31.7647,31.0529,32.2678,26.5390,25.8279,31.6376,30.9202,29.0883,30.4622

349.5490,32.5368,32.0571,31.7680,31.0426,32.3058,26.5457,25.8487,31.6170,30.9265,29.0813,30.4652

350.5490,32.5389,32.0618,31.7634,31.0703,32.2697,26.5374,25.8235,31.6234,30.9213,29.0804,30.4611

351.5490,32.5408,32.0511,31.7414,31.0582,32.2745,26.5512,25.8302,31.6183,30.9160,29.0847,30.4582

352.5490,32.5462,32.0538,31.7638,31.0468,32.2805,26.5712,25.8441,31.6373,30.9225,29.1042,30.4680

353.5500,32.5532,32.0491,31.7586,31.0543,32.2720,26.5490,25.8468,31.6278,30.9223,29.0884,30.4639

354.5490,32.5263,32.0480,31.7645,31.0255,32.2760,26.5597,25.8439,31.6320,30.9140,29.0958,30.4595

355.5490,32.5419,32.0483,31.7470,31.0441,32.2651,26.5489,25.8194,31.6179,30.9110,29.0834,30.4541

356.5490,32.5277,32.0446,31.7522,31.0667,32.2656,26.5653,25.8358,31.6187,30.9154,29.0920,30.4596

357.5500,32.5283,32.0660,31.7755,31.0632,32.2518,26.5678,25.8369,31.6320,30.9203,29.0999,30.4652

358.5490,32.5189,32.0429,31.7435,31.0302,32.2775,26.5343,25.8321,31.6376,30.9075,29.0859,30.4521

359.5490,32.5447,32.0495,31.7519,31.0349,32.2541,26.5527,25.8228,31.6377,30.9096,29.0952,30.4560

360.5500,32.5434,32.0608,31.7722,31.0510,32.2588,26.5448,25.8451,31.6233,30.9219,29.0840,30.4624

361.5490,32.5266,32.0401,31.7463,31.0373,32.2461,26.5590,25.8172,31.6087,30.9023,29.0839,30.4477

362.5490,32.5373,32.0537,31.7449,31.0542,32.2629,26.5434,25.8356,31.6171,30.9148,29.0803,30.4561

363.5490,32.5292,32.0289,31.7450,31.0590,32.2663,26.5390,25.8326,31.6095,30.9102,29.0742,30.4512

364.5500,32.5259,32.0500,31.7459,31.0298,32.2635,26.5541,25.8402,31.6273,30.9092,29.0907,30.4546

365.5490,32.5258,32.0420,31.7426,31.0270,32.2677,26.5677,25.8292,31.6220,30.9057,29.0949,30.4530

366.5490,32.5276,32.0539,31.7338,31.0379,32.2660,26.5657,25.8206,31.6215,30.9066,29.0936,30.4534

367.5490,32.5071,32.0415,31.7547,31.0359,32.2569,26.5357,25.8402,31.6405,30.9060,29.0881,30.4516

368.5500,32.4990,32.0468,31.7323,31.0365,32.2683,26.5563,25.8301,31.6234,30.9022,29.0898,30.4491

369.5490,32.5421,32.0384,31.7517,31.0347,32.2641,26.5350,25.8202,31.6069,30.9085,29.0710,30.4491

370.5490,32.5216,32.0481,31.7337,31.0336,32.2658,26.5569,25.8340,31.6094,30.9061,29.0831,30.4504

371.5490,32.5288,32.0462,31.7421,31.0584,32.2606,26.5334,25.8474,31.6199,30.9139,29.0767,30.4546

372.5490,32.5354,32.0489,31.7513,31.0475,32.2581,26.5443,25.8412,31.6011,30.9137,29.0727,30.4535

373.5490,32.5211,32.0327,31.7422,31.0360,32.2490,26.5592,25.8193,31.6239,30.9000,29.0915,30.4479

374.5490,32.5262,32.0354,31.7439,31.0237,32.2738,26.5539,25.8556,31.6234,30.9098,29.0886,30.4545

375.5490,32.5305,32.0358,31.7378,31.0302,32.2681,26.5526,25.8297,31.6240,30.9054,29.0883,30.4511

376.5490,32.5300,32.0452,31.7486,31.0306,32.2427,26.5469,25.8377,31.6089,30.9058,29.0779,30.4488

377.5500,32.5450,32.0357,31.7395,31.0634,32.2473,26.5554,25.8367,31.6065,30.9113,29.0809,30.4537

378.5500,32.5328,32.0467,31.7463,31.0322,32.2508,26.5540,25.8297,31.6131,30.9064,29.0835,30.4507

379.5500,32.5077,32.0334,31.7311,31.0291,32.2623,26.5494,25.8251,31.6170,30.8981,29.0832,30.4444

380.5490,32.5319,32.0494,31.7274,31.0485,32.2699,26.5403,25.8334,31.6098,30.9101,29.0750,30.4513

381.5500,32.5367,32.0353,31.7344,31.0522,32.2581,26.5593,25.8444,31.6235,30.9102,29.0914,30.4555

382.5490,32.5190,32.0389,31.7296,31.0295,32.2631,26.5632,25.8200,31.6044,30.9000,29.0838,30.4460

383.5500,32.5170,32.0498,31.7293,31.0212,32.2380,26.5508,25.8298,31.5902,30.8975,29.0705,30.4408

384.5490,32.5120,32.0297,31.7316,31.0339,32.2826,26.5515,25.8517,31.5994,30.9069,29.0754,30.4490

385.5500,32.5225,32.0377,31.7482,31.0204,32.2470,26.5662,25.8448,31.6051,30.9034,29.0857,30.4490

386.5490,32.5172,32.0305,31.7203,31.0315,32.2361,26.5364,25.8390,31.6182,30.8958,29.0773,30.4412

387.5490,32.5164,32.0237,31.7214,31.0377,32.2555,26.5592,25.8424,31.6113,30.8995,29.0852,30.4459

388.5490,32.5218,32.0220,31.7267,31.0201,32.2453,26.5396,25.8441,31.6030,30.8967,29.0713,30.4403

389.5490,32.5004,32.0125,31.7267,31.0252,32.2335,26.5543,25.8310,31.6229,30.8882,29.0886,30.4383

390.5500,32.5016,32.0111,31.7262,31.0167,32.2424,26.5494,25.8247,31.6152,30.8871,29.0823,30.4359

391.5490,32.5143,32.0198,31.7434,31.0095,32.2347,26.5466,25.8313,31.6035,30.8922,29.0750,30.4379

392.5490,32.5267,32.0256,31.7355,31.0345,32.2330,26.5478,25.8235,31.6060,30.8965,29.0769,30.4416

393.5490,32.5090,32.0181,31.7093,31.0256,32.2532,26.5352,25.8302,31.6183,30.8909,29.0767,30.4373

394.5490,32.4995,32.0358,31.7392,31.0099,32.2258,26.5582,25.8315,31.6042,30.8903,29.0812,30.4380

395.5490,32.5287,32.0303,31.7215,31.0171,32.2016,26.5357,25.8086,31.6344,30.8846,29.0850,30.4347

396.5500,32.5110,32.0217,31.7260,30.9972,32.2145,26.5495,25.8370,31.6049,30.8846,29.0772,30.4327

397.5490,32.5177,32.0154,31.7300,31.0182,32.2157,26.5651,25.8418,31.6040,30.8898,29.0846,30.4385

398.5490,32.4942,32.0265,31.7200,31.0203,32.2343,26.5448,25.8366,31.6261,30.8886,29.0855,30.4379

399.5490,32.4921,32.0340,31.7275,31.0058,32.2334,26.5422,25.8514,31.6136,30.8907,29.0779,30.4375

400.5500,32.5025,32.0086,31.7247,30.9907,32.2338,26.5409,25.8350,31.6030,30.8826,29.0719,30.4299

401.5490,32.4983,32.0164,31.6963,31.0192,32.2252,26.5594,25.8242,31.6039,30.8799,29.0816,30.4304

402.5490,32.5139,32.0268,31.7142,31.0028,32.2558,26.5326,25.8210,31.6313,30.8891,29.0820,30.4373

403.5490,32.5077,32.0424,31.7186,31.0161,32.2428,26.5324,25.8445,31.5926,30.8953,29.0625,30.4371

404.5490,32.5065,32.0039,31.7242,31.0072,32.2348,26.5492,25.8273,31.6089,30.8840,29.0790,30.4327

405.5490,32.5251,32.0094,31.7151,31.0225,32.2224,26.5519,25.8337,31.6012,30.8880,29.0765,30.4352

406.5500,32.5187,32.0234,31.7131,31.0196,32.2322,26.5242,25.8396,31.5920,30.8911,29.0581,30.4329

407.5510,32.5239,32.0125,31.6896,31.0139,32.2486,26.5393,25.8098,31.5957,30.8831,29.0675,30.4292

408.5490,32.5136,32.0319,31.7108,31.0093,32.2139,26.5507,25.8249,31.5976,30.8841,29.0741,30.4316

409.5490,32.5054,32.0000,31.7180,31.0207,32.2290,26.5382,25.8318,31.5866,30.8841,29.0624,30.4287

410.5490,32.4992,32.0270,31.7088,31.0073,32.2283,26.5220,25.8373,31.6001,30.8847,29.0610,30.4287

411.5490,32.5000,32.0184,31.7157,31.0104,32.2357,26.5483,25.8400,31.6079,30.8867,29.0781,30.4346

412.5490,32.5250,32.0052,31.6978,31.0066,32.2140,26.5669,25.8228,31.5978,30.8786,29.0823,30.4295

413.5490,32.5036,31.9980,31.6911,31.0182,32.2031,26.5444,25.8267,31.5994,30.8735,29.0719,30.4231

414.5490,32.5043,32.0035,31.7243,31.0058,32.2194,26.5498,25.8264,31.6047,30.8806,29.0773,30.4298

415.5490,32.5087,32.0081,31.7158,31.0222,32.2231,26.5278,25.8365,31.5950,30.8857,29.0614,30.4297

416.5490,32.4998,31.9940,31.7082,31.0001,32.2221,26.5533,25.8436,31.5800,30.8780,29.0667,30.4252

417.5500,32.5075,32.0044,31.7162,31.0091,32.2601,26.5483,25.8391,31.5929,30.8894,29.0706,30.4347

418.5490,32.5221,32.0079,31.7019,31.0107,32.2303,26.5540,25.8330,31.5911,30.8843,29.0726,30.4314

419.5500,32.4970,32.0007,31.6914,31.0124,32.2259,26.5562,25.8423,31.5848,30.8783,29.0705,30.4263

420.5490,32.4927,31.9937,31.6933,31.0073,32.2236,26.5537,25.8176,31.6048,30.8713,29.0792,30.4233

421.5490,32.5026,32.0076,31.6931,31.0014,32.2192,26.5467,25.8460,31.5955,30.8783,29.0711,30.4265

422.5500,32.5095,31.9984,31.6905,30.9988,32.2241,26.5461,25.8421,31.6029,30.8772,29.0745,30.4265

423.5490,32.4944,32.0160,31.6841,30.9981,32.2234,26.5389,25.8386,31.5971,30.8758,29.0680,30.4238

424.5490,32.5043,31.9942,31.6981,31.0022,32.2096,26.5555,25.8425,31.5888,30.8751,29.0721,30.4244

425.5500,32.4990,32.0175,31.7115,30.9828,32.2202,26.5345,25.8305,31.5834,30.8769,29.0590,30.4224

426.5490,32.5006,32.0056,31.6845,31.0154,32.2083,26.5622,25.8327,31.6053,30.8745,29.0837,30.4268

427.5490,32.5256,32.0062,31.7115,31.0048,32.2216,26.5523,25.8446,31.5960,30.8857,29.0742,30.4328

428.5490,32.4984,31.9947,31.6952,31.0003,32.2087,26.5411,25.8489,31.5984,30.8744,29.0697,30.4232

429.5490,32.5105,32.0165,31.6852,31.0062,32.1967,26.5593,25.8421,31.6001,30.8762,29.0797,30.4271

430.5490,32.5048,31.9968,31.6983,30.9916,32.1770,26.5437,25.8218,31.6057,30.8650,29.0747,30.4174

431.5490,32.5017,32.0101,31.6807,31.0064,32.1941,26.5505,25.8365,31.5885,30.8716,29.0695,30.4210

432.5490,32.5021,31.9656,31.6934,30.9994,32.1749,26.5363,25.8143,31.5851,30.8583,29.0607,30.4089

433.5500,32.5111,31.9874,31.7025,31.0156,32.1798,26.5401,25.8314,31.5876,30.8713,29.0638,30.4194

434.5490,32.4938,31.9826,31.6931,31.0019,32.1685,26.5435,25.8150,31.5985,30.8591,29.0710,30.4121

435.5490,32.4776,31.9732,31.6972,30.9910,32.1684,26.5324,25.8534,31.6001,30.8602,29.0663,30.4117

436.5490,32.4765,31.9891,31.6892,30.9951,32.1604,26.5402,25.8164,31.5961,30.8544,29.0682,30.4079

437.5500,32.4890,31.9750,31.6850,31.0003,32.1834,26.5448,25.8394,31.5712,30.8620,29.0580,30.4110

438.5490,32.4916,32.0064,31.6793,31.0059,32.1537,26.5266,25.8287,31.5859,30.8609,29.0563,30.4098

439.5500,32.4885,32.0034,31.6730,30.9846,32.1423,26.5613,25.8384,31.5894,30.8550,29.0753,30.4101

440.5490,32.4974,31.9906,31.6836,30.9887,32.1548,26.5613,25.8243,31.5899,30.8566,29.0756,30.4113

441.5490,32.4861,31.9847,31.6736,30.9856,32.1387,26.5418,25.8444,31.5799,30.8522,29.0609,30.4044

442.5500,32.4929,31.9974,31.6848,30.9875,32.1217,26.5488,25.8296,31.5835,30.8523,29.0661,30.4058

443.5490,32.4854,32.0037,31.6671,30.9971,32.1510,26.5539,25.8419,31.5680,30.8577,29.0609,30.4085

444.5490,32.4816,31.9816,31.6816,30.9951,32.1434,26.5331,25.8447,31.5694,30.8547,29.0513,30.4038

445.5490,32.4833,31.9877,31.6812,30.9792,32.1289,26.5654,25.8133,31.5766,30.8456,29.0710,30.4019

446.5490,32.4847,31.9844,31.6789,30.9726,32.1158,26.5433,25.8360,31.5710,30.8454,29.0571,30.3983

447.5500,32.4750,31.9911,31.6846,30.9835,32.1305,26.5298,25.8324,31.5853,30.8495,29.0575,30.4015

448.5500,32.4986,31.9872,31.6586,31.0012,32.1406,26.5412,25.8429,31.5826,30.8548,29.0619,30.4066

449.5490,32.4834,31.9709,31.6879,30.9901,32.1440,26.5533,25.8347,31.5641,30.8518,29.0587,30.4035

450.5490,32.4941,31.9848,31.6614,30.9735,32.1425,26.5443,25.8309,31.5904,30.8479,29.0673,30.4027

451.5490,32.4742,31.9867,31.6666,30.9904,32.1284,26.5280,25.8443,31.5910,30.8485,29.0595,30.4012

452.5500,32.4954,31.9873,31.6701,30.9953,32.1356,26.5404,25.8317,31.5780,30.8526,29.0592,30.4042

453.5490,32.5005,31.9997,31.6866,30.9973,32.1133,26.5347,25.8359,31.5798,30.8556,29.0573,30.4060

454.5490,32.4873,31.9787,31.6849,30.9941,32.1378,26.5265,25.8447,31.5947,30.8546,29.0606,30.4061

455.5490,32.4905,31.9669,31.6553,30.9847,32.0993,26.5326,25.8348,31.5604,30.8386,29.0465,30.3906

456.5490,32.4801,31.9664,31.6543,30.9757,32.1175,26.5490,25.8200,31.5777,30.8357,29.0634,30.3926

457.5490,32.4747,31.9926,31.6664,30.9926,32.1137,26.5432,25.8226,31.5662,30.8438,29.0547,30.3965

458.5500,32.4825,31.9743,31.6748,30.9780,32.1258,26.5496,25.8224,31.5712,30.8430,29.0604,30.3973

459.5490,32.4734,31.9873,31.6662,30.9806,32.1196,26.5394,25.8217,31.5686,30.8415,29.0540,30.3946

460.5490,32.4801,31.9829,31.6477,30.9758,32.1340,26.5269,25.8313,31.5720,30.8420,29.0495,30.3938

461.5490,32.4617,31.9811,31.6606,30.9618,32.0844,26.5428,25.8331,31.5799,30.8304,29.0613,30.3882

462.5500,32.4851,31.9878,31.6724,30.9878,32.0962,26.5343,25.8392,31.5794,30.8447,29.0568,30.3978

463.5490,32.4760,31.9743,31.6655,30.9785,32.1081,26.5365,25.8344,31.5633,30.8395,29.0499,30.3921

464.5490,32.4639,31.9695,31.6621,30.9605,32.1131,26.5295,25.8283,31.5704,30.8329,29.0499,30.3871

465.5490,32.4617,31.9775,31.6851,30.9765,32.1192,26.5244,25.8634,31.5832,30.8472,29.0538,30.3989

466.5500,32.4806,31.9760,31.6527,30.9854,32.0910,26.5520,25.8258,31.5656,30.8352,29.0588,30.3911

467.5490,32.4931,31.9832,31.6462,30.9709,32.0953,26.5409,25.8302,31.5803,30.8365,29.0606,30.3925

468.5490,32.4659,31.9863,31.6516,30.9834,32.1022,26.5357,25.8359,31.5630,30.8376,29.0494,30.3905

469.5490,32.4678,31.9701,31.6509,30.9616,32.0916,26.5386,25.8393,31.5941,30.8302,29.0663,30.3893

470.5490,32.4671,31.9618,31.6605,30.9871,32.1087,26.5449,25.8220,31.5712,30.8345,29.0581,30.3904

471.5490,32.4740,31.9819,31.6580,30.9766,32.0931,26.5302,25.8318,31.5664,30.8359,29.0483,30.3890

472.5500,32.4655,31.9863,31.6568,30.9820,32.0924,26.5377,25.8266,31.5542,30.8349,29.0459,30.3877

473.5490,32.4636,31.9697,31.6594,30.9752,32.1119,26.5429,25.8342,31.5462,30.8357,29.0446,30.3879

474.5490,32.4863,31.9656,31.6563,30.9618,32.0952,26.5529,25.8399,31.5787,30.8342,29.0658,30.3921

475.5490,32.4624,31.9617,31.6679,30.9551,32.1058,26.5417,25.8126,31.5741,30.8276,29.0579,30.3852

476.5490,32.4673,31.9489,31.6570,30.9629,32.1070,26.5437,25.8307,31.5597,30.8290,29.0517,30.3847

477.5500,32.4607,31.9586,31.6587,30.9684,32.0979,26.5394,25.8359,31.5634,30.8300,29.0514,30.3854

478.5490,32.4855,31.9496,31.6482,30.9622,32.1105,26.5483,25.8368,31.5469,30.8321,29.0476,30.3860

479.5500,32.4752,31.9691,31.6428,30.9699,32.0784,26.5394,25.8274,31.5587,30.8271,29.0491,30.3826

480.5490,32.4467,31.9405,31.6603,30.9714,32.1212,26.5428,25.8388,31.5776,30.8298,29.0602,30.3874

481.5500,32.4727,31.9749,31.6703,30.9720,32.1105,26.5435,25.8357,31.5426,30.8393,29.0430,30.3903

482.5490,32.4584,31.9728,31.6433,30.9694,32.1000,26.5324,25.8473,31.5776,30.8319,29.0550,30.3877

483.5490,32.4628,31.9799,31.6190,30.9531,32.1136,26.5482,25.8432,31.5594,30.8286,29.0538,30.3849

484.5500,32.4528,31.9576,31.6394,30.9359,32.1007,26.5381,25.8417,31.5593,30.8214,29.0487,30.3782

485.5490,32.4619,31.9681,31.6330,30.9732,32.1150,26.5298,25.8366,31.5627,30.8313,29.0463,30.3850

486.5490,32.4649,31.9798,31.6316,30.9638,32.1154,26.5413,25.8274,31.5596,30.8305,29.0505,30.3855

487.5500,32.4741,31.9754,31.6474,30.9519,32.1064,26.5473,25.8503,31.5614,30.8342,29.0543,30.3893

488.5500,32.4471,31.9689,31.6329,30.9510,32.1200,26.5323,25.8392,31.5531,30.8265,29.0427,30.3806

489.5500,32.4508,31.9530,31.6441,30.9740,32.1144,26.5281,25.8297,31.5436,30.8277,29.0359,30.3797

490.5490,32.4514,31.9508,31.6368,30.9512,32.1146,26.5462,25.8247,31.5528,30.8216,29.0495,30.3786

491.5490,32.4516,31.9532,31.6420,30.9564,32.1508,26.5393,25.8268,31.5633,30.8301,29.0513,30.3854

492.5490,32.4586,31.9642,31.6318,30.9481,32.1246,26.5392,25.8456,31.5769,30.8288,29.0580,30.3861

493.5500,32.4590,31.9553,31.6286,30.9810,32.1312,26.5368,25.8352,31.5533,30.8317,29.0451,30.3851

494.5490,32.4283,31.9764,31.6281,30.9557,32.1345,26.5422,25.8382,31.5521,30.8269,29.0472,30.3819

495.5490,32.4571,31.9658,31.6349,30.9474,32.1474,26.5415,25.8394,31.5589,30.8320,29.0502,30.3866

496.5490,32.4436,31.9500,31.6402,30.9682,32.1363,26.5600,25.8438,31.5642,30.8304,29.0621,30.3883

497.5490,32.4741,31.9641,31.6229,30.9589,32.1363,26.5307,25.8149,31.5468,30.8285,29.0387,30.3811

498.5500,32.4508,31.9406,31.6214,30.9677,32.1259,26.5304,25.8467,31.5422,30.8255,29.0363,30.3782

499.5500,32.4715,31.9623,31.6375,30.9660,32.1387,26.5503,25.8425,31.5386,30.8364,29.0444,30.3884

500.5490,32.4473,31.9544,31.6409,30.9685,32.1252,26.5462,25.8163,31.5739,30.8254,29.0601,30.3841

501.5490,32.4483,31.9480,31.6495,30.9695,32.1381,26.5643,25.8466,31.5600,30.8333,29.0621,30.3905

502.5490,32.4429,31.9675,31.6390,30.9642,32.1261,26.5362,25.8308,31.5433,30.8284,29.0398,30.3813

503.5490,32.4524,31.9503,31.6405,30.9418,32.1188,26.5349,25.8308,31.5565,30.8224,29.0457,30.3782

504.5490,32.4536,31.9770,31.6470,30.9529,32.1130,26.5456,25.8510,31.5601,30.8324,29.0528,30.3875

505.5490,32.4679,31.9638,31.6418,30.9407,32.1045,26.5340,25.8465,31.5660,30.8275,29.0500,30.3831

506.5510,32.4520,31.9490,31.6313,30.9565,32.1044,26.5401,25.8507,31.5585,30.8240,29.0493,30.3803

507.5490,32.4597,31.9481,31.6247,30.9579,32.1062,26.5347,25.8439,31.5836,30.8234,29.0591,30.3823

508.5490,32.4431,31.9613,31.6182,30.9424,32.0720,26.5421,25.8409,31.5449,30.8130,29.0435,30.3706

509.5490,32.4379,31.9466,31.6246,30.9418,32.0883,26.5326,25.8361,31.5486,30.8125,29.0406,30.3695

510.5490,32.4341,31.9292,31.6274,30.9540,32.0611,26.5543,25.8422,31.5411,30.8080,29.0477,30.3679

511.5490,32.4354,31.9505,31.5976,30.9227,32.0575,26.5442,25.8393,31.5607,30.8005,29.0525,30.3635

512.5500,32.4397,31.9435,31.6224,30.9688,32.0533,26.5560,25.8209,31.5452,30.8081,29.0506,30.3687

513.5490,32.4220,31.9543,31.6046,30.9397,32.0397,26.5425,25.8338,31.5378,30.7990,29.0402,30.3593

514.5490,32.4375,31.9385,31.6325,30.9243,32.0272,26.5355,25.8253,31.5557,30.7975,29.0456,30.3596

515.5490,32.4312,31.9651,31.6229,30.9429,31.9899,26.5353,25.8275,31.5527,30.7966,29.0440,30.3584

516.5490,32.4618,31.9165,31.6335,30.9540,32.0376,26.5312,25.8422,31.5327,30.8076,29.0319,30.3637

517.5490,32.4476,31.9356,31.6267,30.9444,32.0187,26.5527,25.8242,31.5518,30.7995,29.0522,30.3627

518.5500,32.4387,31.9529,31.6206,30.9453,32.0543,26.5372,25.8436,31.5354,30.8092,29.0363,30.3660

519.5500,32.4338,31.9508,31.6016,30.9282,32.0540,26.5397,25.8315,31.5369,30.8000,29.0383,30.3596

520.5500,32.4449,31.9590,31.6140,30.9378,32.0322,26.5382,25.8399,31.5331,30.8046,29.0357,30.3624

521.5490,32.4262,31.9257,31.6220,30.9270,32.0575,26.5491,25.8281,31.5439,30.7977,29.0465,30.3599

522.5490,32.4358,31.9174,31.5963,30.9243,32.0573,26.5446,25.8274,31.5287,30.7931,29.0367,30.3540

523.5490,32.4304,31.9402,31.5948,30.9312,32.0538,26.5349,25.8451,31.5467,30.7992,29.0408,30.3596

524.5490,32.4209,31.9495,31.5894,30.9400,32.0550,26.5235,25.8370,31.5499,30.7986,29.0367,30.3582

525.5490,32.4456,31.9246,31.6177,30.9508,32.0387,26.5361,25.8123,31.5489,30.7983,29.0425,30.3593

526.5490,32.4514,31.9253,31.5916,30.9412,32.0469,26.5382,25.8436,31.5546,30.8000,29.0464,30.3616

527.5500,32.4189,31.9272,31.5906,30.9294,32.0525,26.5323,25.8297,31.5437,30.7914,29.0380,30.3530

528.5490,32.4319,31.9393,31.5863,30.9200,32.0425,26.5332,25.8447,31.5290,30.7941,29.0311,30.3534

529.5500,32.4368,31.9476,31.6331,30.9344,32.0499,26.5234,25.8345,31.5508,30.8061,29.0371,30.3638

530.5490,32.4410,31.9368,31.6040,30.9479,32.0381,26.5466,25.8383,31.5297,30.8010,29.0381,30.3603

531.5490,32.4193,31.9166,31.6016,30.9301,32.0574,26.5455,25.8245,31.5464,30.7916,29.0459,30.3552

532.5490,32.4304,31.9306,31.6175,30.9216,32.0254,26.5321,25.8290,31.5218,30.7924,29.0269,30.3510

533.5490,32.4222,31.9286,31.6216,30.9271,32.0398,26.5281,25.8354,31.5390,30.7958,29.0336,30.3552

534.5490,32.4250,31.9314,31.6062,30.9196,32.0581,26.5408,25.8420,31.5282,30.7971,29.0345,30.3564

535.5490,32.4241,31.9280,31.6065,30.9415,32.0430,26.5305,25.8402,31.5466,30.7972,29.0385,30.3575

536.5490,32.4220,31.9197,31.6052,30.9097,32.0543,26.5426,25.8131,31.5492,30.7873,29.0459,30.3520

537.5490,32.4313,31.9398,31.5943,30.9421,32.0360,26.5250,25.8314,31.5218,30.7958,29.0234,30.3527

538.5490,32.4252,31.9234,31.6000,30.9139,32.0397,26.5495,25.8328,31.5242,30.7891,29.0368,30.3511

539.5500,32.4228,31.9133,31.5918,30.9202,32.0348,26.5400,25.8393,31.5405,30.7870,29.0402,30.3503

540.5490,32.4279,31.9265,31.5895,30.9330,32.0222,26.5405,25.8256,31.5565,30.7874,29.0485,30.3527

541.5490,32.4231,31.9162,31.6036,30.9386,32.0180,26.5380,25.8269,31.5404,30.7877,29.0392,30.3506

542.5490,32.4311,31.9250,31.6054,30.9324,32.0292,26.5290,25.8174,31.5197,30.7901,29.0243,30.3486

543.5490,32.4125,31.8981,31.5799,30.9243,32.0159,26.5396,25.8129,31.5401,30.7739,29.0399,30.3404

544.5490,32.4223,31.9378,31.6059,30.9114,32.0279,26.5277,25.8223,31.5320,30.7879,29.0299,30.3484

545.5490,32.4224,31.9194,31.6006,30.9094,32.0221,26.5292,25.8228,31.5486,30.7828,29.0389,30.3468

546.5490,32.4222,31.9232,31.5918,30.9371,32.0015,26.5286,25.8387,31.5315,30.7858,29.0300,30.3468

547.5490,32.4245,31.9361,31.5878,30.9167,31.9933,26.5229,25.8236,31.5024,30.7803,29.0126,30.3384

548.5520,32.4179,31.9174,31.5785,30.9088,31.9991,26.5294,25.8306,31.5258,30.7754,29.0276,30.3384

549.5490,32.4372,31.9152,31.5979,30.9104,32.0035,26.5563,25.8278,31.5141,30.7820,29.0352,30.3453

550.5490,32.4187,31.9221,31.5969,30.9286,31.9663,26.5284,25.8413,31.5426,30.7790,29.0355,30.3431

551.5490,32.4416,31.9206,31.5944,30.9177,31.9807,26.5287,25.8266,31.5208,30.7803,29.0248,30.3414

552.5490,32.4156,31.9087,31.5886,30.9091,31.9754,26.5465,25.8151,31.5301,30.7688,29.0383,30.3361

553.5490,32.4297,31.9062,31.5734,30.9225,31.9752,26.5436,25.8391,31.5225,30.7744,29.0331,30.3390

554.5490,32.4155,31.9129,31.5731,30.9330,31.9725,26.5421,25.8376,31.5239,30.7741,29.0330,30.3388

555.5500,32.4405,31.9342,31.5732,30.9111,31.9684,26.5291,25.8284,31.5076,30.7760,29.0183,30.3366

556.5490,32.4108,31.9113,31.5696,30.9225,31.9545,26.5393,25.8150,31.5098,30.7639,29.0246,30.3291

557.5490,32.4180,31.9289,31.5759,30.9288,31.9369,26.5210,25.8430,31.5226,30.7719,29.0218,30.3344

558.5490,32.4311,31.9047,31.5813,30.9163,31.9554,26.5342,25.8491,31.4982,30.7730,29.0162,30.3338

559.5500,32.4122,31.9120,31.5816,30.8903,31.9557,26.5223,25.8320,31.5159,30.7640,29.0191,30.3278

560.5490,32.4219,31.8979,31.5646,30.9006,31.9383,26.5263,25.8313,31.5180,30.7591,29.0222,30.3249

561.5510,32.4064,31.9033,31.5775,30.9102,31.9328,26.5330,25.8361,31.5467,30.7611,29.0399,30.3308

562.5490,32.4153,31.9104,31.5781,30.9164,31.9198,26.5051,25.8403,31.5161,30.7634,29.0106,30.3252

563.5490,32.4086,31.8896,31.5723,30.9073,31.9154,26.5196,25.8453,31.5010,30.7564,29.0103,30.3199

564.5490,32.4136,31.9169,31.5583,30.9041,31.9127,26.5346,25.8282,31.5243,30.7557,29.0295,30.3241

565.5490,32.3940,31.8897,31.5753,30.9131,31.9118,26.5238,25.8349,31.5150,30.7531,29.0194,30.3197

566.5490,32.4100,31.9164,31.5742,30.9008,31.9337,26.5290,25.8505,31.5253,30.7643,29.0272,30.3300

567.5490,32.4096,31.9134,31.5595,30.8968,31.9331,26.5451,25.8279,31.5127,30.7567,29.0289,30.3248

568.5490,32.3889,31.9095,31.5725,30.8995,31.9254,26.5517,25.8331,31.5184,30.7548,29.0351,30.3249

569.5490,32.3919,31.8925,31.5705,30.8863,31.9230,26.5405,25.8318,31.5185,30.7493,29.0295,30.3194

570.5490,32.3861,31.9220,31.5658,30.9031,31.9117,26.5238,25.8396,31.5127,30.7547,29.0183,30.3206

571.5490,32.4043,31.9065,31.5488,30.8998,31.9206,26.5388,25.8282,31.5023,30.7514,29.0206,30.3187

572.5490,32.4016,31.9105,31.5711,30.8982,31.9218,26.5314,25.8180,31.5076,30.7535,29.0195,30.3200

573.5490,32.4126,31.9176,31.5533,30.9264,31.9176,26.5449,25.8352,31.5280,30.7605,29.0364,30.3295

574.5490,32.3961,31.9004,31.5723,30.9078,31.9234,26.5269,25.8181,31.4970,30.7530,29.0119,30.3177

575.5490,32.3924,31.8983,31.5814,30.9080,31.9260,26.5387,25.8092,31.4975,30.7525,29.0181,30.3189

576.5490,32.3891,31.9105,31.5509,30.9090,31.8913,26.5213,25.8371,31.5130,30.7480,29.0171,30.3153

577.5490,32.3852,31.9020,31.5612,30.8812,31.9104,26.5551,25.8270,31.5292,30.7445,29.0422,30.3189

578.5490,32.3888,31.9070,31.5611,30.9097,31.8948,26.5294,25.8405,31.5103,30.7503,29.0199,30.3177

579.5490,32.3931,31.8977,31.5556,30.8986,31.9128,26.5333,25.8184,31.5043,30.7460,29.0188,30.3142

580.5500,32.3919,31.9033,31.5564,30.9022,31.8864,26.5406,25.8479,31.5082,30.7480,29.0244,30.3171

581.5490,32.3784,31.9053,31.5608,30.9127,31.8795,26.5237,25.8551,31.5220,30.7486,29.0228,30.3172

582.5500,32.3970,31.8910,31.5746,30.9204,31.8858,26.5226,25.8413,31.4927,30.7517,29.0077,30.3157

583.5490,32.3958,31.9030,31.5636,30.9109,31.8734,26.5412,25.8254,31.5084,30.7454,29.0248,30.3152

584.5490,32.3761,31.8805,31.5543,30.8912,31.8740,26.5417,25.8358,31.4985,30.7353,29.0201,30.3065

585.5500,32.3763,31.8689,31.5426,30.8870,31.8759,26.5348,25.8133,31.5062,30.7273,29.0205,30.3006

586.5500,32.3833,31.8900,31.5568,30.8885,31.8717,26.5433,25.8251,31.5001,30.7359,29.0217,30.3074

587.5490,32.3764,31.8871,31.5594,30.8813,31.8702,26.5197,25.8483,31.5058,30.7371,29.0128,30.3060

588.5490,32.3746,31.8983,31.5651,30.8916,31.8660,26.5373,25.8347,31.5078,30.7384,29.0226,30.3094

589.5490,32.3745,31.8786,31.5561,30.8808,31.8589,26.5434,25.8167,31.4899,30.7276,29.0167,30.2999

590.5490,32.3920,31.9035,31.5388,30.8991,31.8500,26.5430,25.8348,31.4933,30.7363,29.0181,30.3068

591.5490,32.3895,31.8839,31.5492,30.8880,31.8670,26.5434,25.8242,31.5002,30.7337,29.0218,30.3057

592.5490,32.3912,31.8962,31.5615,30.8848,31.8615,26.5111,25.8254,31.4868,30.7368,28.9990,30.3023

593.5490,32.3648,31.8723,31.5372,30.9032,31.8371,26.5255,25.8333,31.4998,30.7246,29.0127,30.2966

594.5490,32.3698,31.8965,31.5534,30.8983,31.8463,26.5321,25.8295,31.4885,30.7323,29.0103,30.3018

595.5490,32.3758,31.8893,31.5532,30.9018,31.8325,26.5376,25.8336,31.4935,30.7310,29.0156,30.3022

596.5500,32.3747,31.8761,31.5513,30.8666,31.8395,26.5195,25.8320,31.4873,30.7234,29.0034,30.2934

597.5490,32.3798,31.8788,31.5549,30.8815,31.8661,26.5355,25.8315,31.4971,30.7321,29.0163,30.3031

598.5490,32.3858,31.8869,31.5428,30.8717,31.8700,26.5335,25.8427,31.4946,30.7333,29.0140,30.3035

599.5490,32.3952,31.8996,31.5490,30.8802,31.8696,26.5250,25.8456,31.5003,30.7399,29.0127,30.3081

600.5490,32.3884,31.8818,31.5377,30.8911,31.8781,26.5427,25.8297,31.5042,30.7345,29.0235,30.3067

601.5490,32.3727,31.8703,31.5426,30.8711,31.8844,26.5302,25.8356,31.4946,30.7295,29.0124,30.3002

602.5500,32.3707,31.8819,31.5415,30.8751,31.8659,26.5447,25.8298,31.5161,30.7275,29.0304,30.3032

603.5490,32.3832,31.8753,31.5317,30.9085,31.8748,26.5356,25.8127,31.4849,30.7310,29.0103,30.3008

604.5490,32.3718,31.8801,31.5379,30.9043,31.8777,26.5397,25.8224,31.4768,30.7324,29.0082,30.3013

605.5490,32.3699,31.8750,31.5135,30.8800,31.8830,26.5382,25.8073,31.4890,30.7214,29.0136,30.2945

606.5490,32.3697,31.8811,31.5272,30.9007,31.8849,26.5343,25.8189,31.4827,30.7304,29.0085,30.2999

607.5490,32.3544,31.8703,31.5370,30.8833,31.9036,26.5250,25.8276,31.4763,30.7294,29.0007,30.2972

608.5490,32.3656,31.8750,31.5083,30.8687,31.8970,26.5434,25.8224,31.4862,30.7228,29.0148,30.2958

609.5490,32.3808,31.8524,31.5177,30.8921,31.8932,26.5233,25.8164,31.4854,30.7254,29.0043,30.2952

610.5490,32.3725,31.8765,31.5202,30.8683,31.9192,26.5168,25.8203,31.4836,30.7295,29.0002,30.2972

611.5510,32.3562,31.8816,31.5310,30.8669,31.8915,26.5471,25.8280,31.4917,30.7259,29.0194,30.2992

612.5490,32.3823,31.8678,31.5327,30.8771,31.9007,26.5262,25.8458,31.4921,30.7344,29.0092,30.3031

613.5510,32.3938,31.8664,31.5440,30.8738,31.8904,26.5180,25.8479,31.4998,30.7361,29.0089,30.3043

614.5490,32.3749,31.8823,31.5171,30.8958,31.8823,26.5169,25.8369,31.4983,30.7316,29.0076,30.3006

615.5490,32.3611,31.8670,31.5266,30.8743,31.8951,26.5346,25.8188,31.4755,30.7238,29.0051,30.2941

616.5490,32.3799,31.8703,31.5332,30.8800,31.8778,26.5384,25.8386,31.4854,30.7300,29.0119,30.3004

617.5500,32.3644,31.8449,31.5247,30.8541,31.8829,26.5129,25.8240,31.5074,30.7158,29.0102,30.2894

618.5490,32.3641,31.8538,31.5153,30.8663,31.8725,26.5211,25.8492,31.4837,30.7202,29.0024,30.2907

619.5490,32.3615,31.8680,31.5131,30.8721,31.8647,26.5128,25.8489,31.4745,30.7214,28.9936,30.2894

620.5510,32.3662,31.8606,31.5109,30.8783,31.8592,26.5284,25.8305,31.4759,30.7176,29.0022,30.2887

621.5490,32.3642,31.8645,31.4838,30.8808,31.8612,26.5330,25.8138,31.4678,30.7114,29.0004,30.2836

622.5490,32.3739,31.8628,31.5047,30.8721,31.8474,26.5140,25.8189,31.4728,30.7133,28.9934,30.2833

623.5490,32.3547,31.8525,31.5042,30.8683,31.8422,26.5371,25.8274,31.4775,30.7082,29.0073,30.2830

624.5500,32.3685,31.8525,31.4916,30.8679,31.8248,26.5341,25.8088,31.4928,30.7024,29.0134,30.2801

625.5490,32.3775,31.8601,31.5244,30.8759,31.8460,26.5237,25.8452,31.4628,30.7215,28.9932,30.2894

626.5490,32.3657,31.8595,31.5295,30.8687,31.8346,26.5255,25.8423,31.4670,30.7167,28.9962,30.2866

627.5490,32.3589,31.8628,31.5107,30.8532,31.8041,26.5229,25.8505,31.4709,30.7067,28.9969,30.2793

628.5490,32.3699,31.8655,31.5209,30.8522,31.8312,26.5193,25.8238,31.4843,30.7106,29.0018,30.2834

629.5490,32.3478,31.8502,31.5141,30.8665,31.8010,26.5344,25.8374,31.4776,30.7028,29.0060,30.2786

630.5500,32.3581,31.8491,31.5168,30.8635,31.8036,26.5240,25.8280,31.4772,30.7032,29.0006,30.2776

631.5490,32.3514,31.8811,31.5065,30.8701,31.7994,26.5319,25.8297,31.4808,30.7064,29.0063,30.2814

632.5490,32.3588,31.8610,31.5193,30.8425,31.8019,26.5341,25.8400,31.4741,30.7039,29.0041,30.2790

633.5490,32.3644,31.8571,31.4952,30.8640,31.7900,26.5261,25.8306,31.4722,30.7002,28.9992,30.2750

634.5500,32.3634,31.8593,31.5124,30.8498,31.7941,26.5275,25.8249,31.4755,30.7007,29.0015,30.2759

635.5490,32.3488,31.8384,31.5061,30.8594,31.8131,26.5260,25.8319,31.4867,30.6996,29.0063,30.2763

636.5490,32.3469,31.8431,31.5009,30.8556,31.7971,26.5152,25.8319,31.4646,30.6959,28.9899,30.2694

637.5490,32.3400,31.8357,31.5250,30.8557,31.7921,26.5214,25.8254,31.4840,30.6956,29.0027,30.2724

638.5500,32.3374,31.8636,31.4773,30.8592,31.8279,26.5339,25.8332,31.4725,30.6998,29.0032,30.2756

639.5490,32.3241,31.8585,31.5192,30.8372,31.8107,26.5238,25.8401,31.4728,30.6983,28.9983,30.2733

640.5490,32.3557,31.8391,31.4926,30.8539,31.8029,26.5438,25.8195,31.4795,30.6940,29.0117,30.2734

641.5490,32.3550,31.8576,31.4881,30.8494,31.8106,26.5114,25.8296,31.4600,30.6984,28.9857,30.2702

642.5500,32.3431,31.8396,31.5012,30.8592,31.7871,26.5429,25.8101,31.4655,30.6900,29.0042,30.2686

643.5490,32.3456,31.8577,31.5009,30.8378,31.8018,26.5242,25.8443,31.4736,30.6980,28.9989,30.2732

644.5490,32.3342,31.8401,31.4833,30.8511,31.7973,26.5202,25.8191,31.4622,30.6875,28.9912,30.2634

645.5490,32.3494,31.8506,31.4892,30.8387,31.7760,26.5209,25.8461,31.4605,30.6917,28.9907,30.2664

646.5490,32.3514,31.8438,31.5034,30.8534,31.7663,26.5249,25.8331,31.4766,30.6919,29.0008,30.2691

647.5500,32.3440,31.8484,31.5147,30.8642,31.7752,26.5278,25.8318,31.4645,30.6964,28.9962,30.2713

648.5490,32.3296,31.8576,31.4746,30.8358,31.7605,26.5156,25.8182,31.4599,30.6794,28.9877,30.2565

649.5490,32.3364,31.8433,31.5006,30.8422,31.7532,26.5149,25.8312,31.4630,30.6845,28.9890,30.2606

650.5490,32.3307,31.8385,31.4897,30.8374,31.7310,26.5158,25.8326,31.4493,30.6766,28.9826,30.2531

651.5490,32.3372,31.8480,31.5104,30.8384,31.7254,26.5224,25.8269,31.4540,30.6811,28.9882,30.2578

652.5490,32.3423,31.8368,31.4885,30.8409,31.7373,26.5388,25.8348,31.4384,30.6801,28.9886,30.2572

653.5490,32.3483,31.8365,31.4863,30.8504,31.7365,26.5339,25.8229,31.4542,30.6801,28.9941,30.2586

654.5490,32.3519,31.8443,31.4781,30.8451,31.7124,26.5315,25.8237,31.4560,30.6759,28.9937,30.2554

655.5490,32.3360,31.8385,31.4752,30.8290,31.7296,26.5146,25.8247,31.4570,30.6722,28.9858,30.2506

656.5490,32.3262,31.8468,31.4933,30.8391,31.7393,26.5155,25.8290,31.4814,30.6790,28.9985,30.2588

657.5490,32.3384,31.8348,31.4701,30.8450,31.7452,26.5179,25.8337,31.4519,30.6779,28.9849,30.2546

658.5500,32.3441,31.8279,31.4847,30.8395,31.7458,26.5208,25.8319,31.4463,30.6790,28.9836,30.2551

659.5490,32.3549,31.8328,31.4695,30.8312,31.7624,26.5284,25.8206,31.4637,30.6786,28.9960,30.2579

660.5490,32.3543,31.8359,31.4650,30.8254,31.7528,26.5353,25.8369,31.4621,30.6784,28.9987,30.2585

661.5490,32.3578,31.8416,31.4839,30.8484,31.7524,26.5445,25.8382,31.4549,30.6871,28.9997,30.2652

662.5490,32.3325,31.8289,31.4759,30.8367,31.7637,26.5191,25.8273,31.4577,30.6775,28.9884,30.2552

663.5490,32.3294,31.8419,31.4931,30.8323,31.7664,26.5338,25.8383,31.4724,30.6836,29.0031,30.2635

664.5500,32.3128,31.8392,31.4819,30.8413,31.7913,26.5413,25.8217,31.4563,30.6814,28.9988,30.2607

665.5490,32.3160,31.8335,31.4710,30.8572,31.7823,26.5142,25.8215,31.4594,30.6802,28.9868,30.2569

666.5490,32.3283,31.8397,31.4736,30.8297,31.7956,26.5441,25.8259,31.4563,30.6821,29.0002,30.2616

667.5490,32.3104,31.8394,31.4751,30.8312,31.7723,26.5100,25.8225,31.4572,30.6752,28.9836,30.2523

668.5510,32.3299,31.8395,31.4635,30.8261,31.7813,26.5409,25.8246,31.4424,30.6775,28.9916,30.2560

669.5490,32.3181,31.8272,31.4831,30.8280,31.8089,26.5112,25.8086,31.4560,30.6790,28.9836,30.2551

670.5510,32.3212,31.8076,31.4861,30.8182,31.7987,26.5289,25.8244,31.4642,30.6760,28.9965,30.2562

671.5500,32.3179,31.8295,31.4765,30.8302,31.8098,26.5261,25.8400,31.4403,30.6840,28.9832,30.2588

672.5500,32.3179,31.7905,31.4825,30.8368,31.8177,26.5304,25.8311,31.4473,30.6794,28.9888,30.2568

673.5490,32.3212,31.8286,31.4770,30.8190,31.8065,26.5308,25.8297,31.4516,30.6803,28.9912,30.2581

674.5490,32.3357,31.8168,31.4525,30.8330,31.7962,26.5298,25.8111,31.4543,30.6742,28.9920,30.2537

675.5500,32.3046,31.8080,31.4635,30.8341,31.8001,26.5268,25.8143,31.4391,30.6708,28.9829,30.2488

676.5490,32.3237,31.8306,31.4682,30.8346,31.8160,26.5309,25.8298,31.4414,30.6838,28.9862,30.2594

677.5490,32.3183,31.8201,31.4653,30.8312,31.8291,26.5298,25.8177,31.4641,30.6803,28.9970,30.2595

678.5500,32.3175,31.8267,31.4615,30.8247,31.8249,26.5294,25.8259,31.4427,30.6802,28.9860,30.2567

679.5490,32.3157,31.8226,31.4776,30.8036,31.8395,26.5314,25.8137,31.4390,30.6788,28.9852,30.2554

680.5490,32.3186,31.8294,31.4482,30.8198,31.8214,26.5296,25.8406,31.4287,30.6797,28.9791,30.2545

681.5490,32.2972,31.8333,31.4634,30.8172,31.8249,26.5100,25.8295,31.4491,30.6776,28.9795,30.2531

682.5500,32.3146,31.8197,31.4690,30.8167,31.8638,26.5426,25.8414,31.4473,30.6876,28.9950,30.2644

683.5500,32.3084,31.8318,31.4623,30.8199,31.8351,26.5297,25.8054,31.4378,30.6771,28.9837,30.2538

684.5490,32.3162,31.7892,31.4690,30.8129,31.8399,26.5267,25.8510,31.4329,30.6797,28.9798,30.2547

685.5490,32.3118,31.8103,31.4653,30.8402,31.8441,26.5350,25.8324,31.4534,30.6840,28.9942,30.2616

686.5500,32.3072,31.8176,31.4538,30.8084,31.8420,26.5233,25.8184,31.4371,30.6746,28.9802,30.2510

687.5500,32.3086,31.8337,31.4671,30.8119,31.8473,26.5276,25.8387,31.4366,30.6846,28.9821,30.2589

688.5500,32.3245,31.8027,31.4704,30.7940,31.8417,26.5199,25.8367,31.4281,30.6783,28.9740,30.2523

689.5490,32.3124,31.8230,31.4685,30.8209,31.8478,26.5239,25.8071,31.4564,30.6800,28.9901,30.2575

690.5490,32.2980,31.8044,31.4504,30.7976,31.8340,26.4990,25.8233,31.4335,30.6679,28.9662,30.2425

691.5490,32.3084,31.8251,31.4584,30.8023,31.8410,26.5147,25.8253,31.4345,30.6768,28.9746,30.2512

692.5500,32.3442,31.8157,31.4599,30.8188,31.8505,26.5119,25.8470,31.4323,30.6894,28.9721,30.2600

693.5490,32.2949,31.8213,31.4650,30.8319,31.8373,26.5138,25.8357,31.4341,30.6810,28.9739,30.2543

694.5500,32.2834,31.8119,31.4706,30.8178,31.8471,26.5221,25.8331,31.4245,30.6773,28.9733,30.2513

695.5490,32.2880,31.8001,31.4603,30.8093,31.8447,26.5168,25.8279,31.4259,30.6717,28.9713,30.2466

696.5490,32.3125,31.8278,31.4466,30.8121,31.8184,26.5084,25.8251,31.4424,30.6737,28.9754,30.2492

697.5490,32.2946,31.8080,31.4597,30.7956,31.8244,26.5059,25.8170,31.4437,30.6665,28.9748,30.2436

698.5490,32.2888,31.8166,31.4448,30.8135,31.8447,26.5223,25.8206,31.4252,30.6715,28.9738,30.2471

699.5500,32.3209,31.8042,31.4526,30.8129,31.8324,26.5347,25.8364,31.4461,30.6766,28.9904,30.2550

700.5490,32.2967,31.8193,31.4475,30.7858,31.8367,26.5194,25.8404,31.4327,30.6711,28.9760,30.2473

701.5490,32.2948,31.8194,31.4378,30.7985,31.8443,26.5099,25.8153,31.4261,30.6684,28.9680,30.2433

702.5490,32.3225,31.7718,31.4315,30.7993,31.8277,26.5212,25.8276,31.4359,30.6634,28.9786,30.2422

703.5490,32.2839,31.8136,31.4582,30.7927,31.8342,26.5107,25.8062,31.4442,30.6648,28.9775,30.2430

704.5490,32.3065,31.7942,31.4477,30.7949,31.8660,26.5123,25.8290,31.4317,30.6730,28.9720,30.2478

705.5490,32.3094,31.8074,31.4375,30.7894,31.8530,26.5283,25.8366,31.4256,30.6722,28.9770,30.2484

706.5490,32.2927,31.8196,31.4403,30.8123,31.8496,26.5130,25.8207,31.4267,30.6725,28.9699,30.2469

707.5490,32.2788,31.8008,31.4454,30.8071,31.8646,26.4929,25.8398,31.4222,30.6728,28.9576,30.2440

708.5490,32.2899,31.8022,31.4374,30.7991,31.8402,26.5248,25.8283,31.4258,30.6662,28.9753,30.2435

709.5500,32.2838,31.8092,31.4234,30.8151,31.8449,26.5323,25.8203,31.4169,30.6661,28.9746,30.2432

710.5490,32.2979,31.7952,31.4281,30.8035,31.8638,26.5234,25.8467,31.4160,30.6725,28.9697,30.2468

711.5500,32.2945,31.8065,31.4127,30.8012,31.8253,26.5393,25.8390,31.4393,30.6632,28.9893,30.2447

712.5500,32.2974,31.8001,31.4386,30.7773,31.8282,26.5111,25.8340,31.4272,30.6626,28.9692,30.2392

713.5490,32.2809,31.7871,31.4242,30.7878,31.8293,26.5271,25.8193,31.4272,30.6548,28.9771,30.2354

714.5500,32.2935,31.8092,31.4298,30.7981,31.8500,26.5346,25.8140,31.4177,30.6658,28.9761,30.2434

715.5490,32.2870,31.7960,31.4308,30.7963,31.8322,26.5186,25.8221,31.4061,30.6607,28.9623,30.2361

716.5500,32.3321,31.8029,31.4212,30.7923,31.8324,26.5337,25.8311,31.4427,30.6687,28.9882,30.2486

717.5490,32.3097,31.8027,31.4436,30.7903,31.8337,26.5188,25.8346,31.4302,30.6691,28.9745,30.2454

718.5490,32.2990,31.7892,31.4376,30.7871,31.8493,26.5094,25.8351,31.4194,30.6662,28.9644,30.2408

719.5490,32.2772,31.7781,31.4382,30.7694,31.8354,26.5399,25.8250,31.4254,30.6539,28.9826,30.2361

720.5500,32.2797,31.7938,31.4069,30.7644,31.8416,26.5165,25.8337,31.4190,30.6534,28.9677,30.2320

721.5490,32.2898,31.8036,31.4238,30.7846,31.8458,26.5167,25.8287,31.4041,30.6627,28.9604,30.2371

722.5490,32.2841,31.8098,31.4370,30.7809,31.8347,26.5104,25.8172,31.4064,30.6606,28.9584,30.2351

723.5490,32.2720,31.7547,31.4256,30.7902,31.8406,26.5078,25.8316,31.4235,30.6525,28.9656,30.2307

724.5500,32.2896,31.7768,31.4378,30.7685,31.8575,26.5386,25.8209,31.4096,30.6585,28.9741,30.2374

725.5510,32.2845,31.7717,31.4280,30.7902,31.8632,26.5406,25.8262,31.4214,30.6606,28.9810,30.2407

726.5490,32.2753,31.8069,31.4332,30.8052,31.8482,26.5148,25.8141,31.4267,30.6638,28.9708,30.2405

727.5490,32.3054,31.7883,31.4254,30.7716,31.8544,26.5046,25.8359,31.4113,30.6635,28.9579,30.2371

728.5490,32.2744,31.8002,31.4119,30.7844,31.8386,26.5011,25.8401,31.4093,30.6583,28.9552,30.2325

729.5490,32.2807,31.7992,31.4339,30.7773,31.8306,26.5080,25.8266,31.4298,30.6581,28.9689,30.2358

730.5490,32.2977,31.7857,31.4270,30.7577,31.8073,26.5435,25.8329,31.4069,30.6514,28.9752,30.2323

731.5500,32.2865,31.7822,31.4066,30.7801,31.8001,26.5077,25.8135,31.4046,30.6448,28.9561,30.2227

732.5490,32.2856,31.7616,31.4330,30.7835,31.8180,26.5134,25.8159,31.4229,30.6496,28.9681,30.2292

733.5490,32.2627,31.7865,31.4222,30.7745,31.7987,26.5121,25.8345,31.3977,30.6465,28.9549,30.2236

734.5490,32.2793,31.7865,31.4030,30.8008,31.8011,26.5104,25.8267,31.4171,30.6496,28.9638,30.2281

735.5500,32.2925,31.7817,31.3869,30.7951,31.7972,26.5081,25.8196,31.4045,30.6455,28.9563,30.2232

736.5490,32.2887,31.7822,31.4189,30.7707,31.7714,26.5108,25.8323,31.4237,30.6440,28.9673,30.2248

737.5490,32.2745,31.7800,31.3889,30.7825,31.7706,26.5164,25.8256,31.4288,30.6370,28.9726,30.2209

738.5490,32.2699,31.7950,31.4119,30.7901,31.7579,26.5264,25.8224,31.4190,30.6412,28.9727,30.2241

739.5490,32.2833,31.7785,31.4226,30.7867,31.7724,26.5233,25.8302,31.4136,30.6456,28.9685,30.2263

740.5500,32.2459,31.7696,31.4137,30.7806,31.7794,26.5159,25.8374,31.4048,30.6377,28.9603,30.2184

741.5490,32.2766,31.7738,31.4038,30.7707,31.7813,26.5143,25.8258,31.3985,30.6387,28.9564,30.2181

742.5510,32.2755,31.7689,31.4173,30.7734,31.7647,26.5268,25.8284,31.3992,30.6380,28.9630,30.2193

743.5490,32.2851,31.7834,31.4322,30.7681,31.7726,26.5214,25.8268,31.4107,30.6447,28.9661,30.2250

744.5490,32.2538,31.7565,31.3912,30.7726,31.7583,26.5107,25.8331,31.3902,30.6276,28.9504,30.2083

745.5490,32.2699,31.8023,31.4187,30.7499,31.7863,26.5189,25.8153,31.4096,30.6404,28.9642,30.2214

746.5490,32.2558,31.7777,31.4125,30.7709,31.7951,26.5032,25.8289,31.3884,30.6401,28.9458,30.2166

747.5490,32.2529,31.7769,31.4042,30.7598,31.8027,26.5183,25.8322,31.3898,30.6381,28.9540,30.2171

748.5490,32.2502,31.7514,31.4035,30.7746,31.7894,26.5156,25.8356,31.4096,30.6341,28.9626,30.2162

749.5490,32.2643,31.7866,31.4139,30.7892,31.7951,26.5198,25.8181,31.4012,30.6445,28.9605,30.2235

750.5490,32.2621,31.7523,31.3931,30.7633,31.8020,26.5152,25.8249,31.3816,30.6329,28.9484,30.2118

751.5490,32.2780,31.7604,31.4107,30.7738,31.7933,26.5128,25.8229,31.4134,30.6398,28.9631,30.2207

752.5490,32.2603,31.7554,31.3916,30.7585,31.7991,26.5130,25.8250,31.4037,30.6316,28.9584,30.2133

753.5500,32.2525,31.7813,31.3977,30.7632,31.7743,26.5217,25.8394,31.3950,30.6347,28.9583,30.2156

754.5490,32.2750,31.7695,31.4005,30.7777,31.7977,26.5008,25.8161,31.3837,30.6394,28.9423,30.2151

755.5500,32.2484,31.7684,31.3942,30.7625,31.7764,26.4948,25.8479,31.3918,30.6330,28.9433,30.2106

756.5500,32.2597,31.7589,31.4195,30.7591,31.7697,26.5151,25.8361,31.4012,30.6339,28.9582,30.2149

757.5500,32.2424,31.7492,31.3821,30.7729,31.7774,26.5077,25.8216,31.4037,30.6243,28.9557,30.2071

758.5490,32.2535,31.7753,31.4176,30.7750,31.7664,26.5151,25.8195,31.4021,30.6345,28.9586,30.2156

759.5490,32.2679,31.7693,31.3933,30.7597,31.7660,26.5013,25.8331,31.4006,30.6316,28.9509,30.2114

760.5500,32.2670,31.7669,31.3997,30.7718,31.7654,26.5188,25.8331,31.3790,30.6340,28.9489,30.2127

761.5490,32.2445,31.7715,31.3729,30.7670,31.7621,26.5206,25.8251,31.3931,30.6238,28.9568,30.2071

762.5490,32.2516,31.7596,31.3915,30.7509,31.7671,26.5094,25.8375,31.3823,30.6263,28.9459,30.2062

763.5490,32.2329,31.7597,31.3912,30.7543,31.7358,26.5199,25.8177,31.3919,30.6153,28.9559,30.2004

764.5490,32.2453,31.7614,31.3938,30.7681,31.7477,26.5167,25.8311,31.3976,30.6246,28.9572,30.2077

765.5490,32.2688,31.7641,31.3768,30.7404,31.7609,26.5022,25.8241,31.3883,30.6225,28.9452,30.2032

766.5490,32.2434,31.7630,31.3799,30.7562,31.7607,26.5030,25.8273,31.3995,30.6218,28.9512,30.2041

767.5500,32.2542,31.7625,31.3973,30.7505,31.7400,26.5229,25.8132,31.4037,30.6196,28.9633,30.2055

768.5490,32.2544,31.7546,31.3772,30.7590,31.7349,26.5150,25.8204,31.3917,30.6167,28.9533,30.2009

769.5490,32.2588,31.7521,31.3784,30.7518,31.7404,26.5379,25.8150,31.4098,30.6161,28.9738,30.2055

770.5490,32.2689,31.7560,31.3766,30.7594,31.7203,26.5230,25.8157,31.4058,30.6161,28.9644,30.2032

771.5500,32.2415,31.7555,31.4066,30.7585,31.7137,26.4964,25.8141,31.3751,30.6150,28.9357,30.1952

772.5490,32.2536,31.7622,31.3594,30.7591,31.7326,26.5071,25.7965,31.3914,30.6106,28.9492,30.1952

773.5490,32.2378,31.7595,31.3867,30.7729,31.7243,26.5092,25.8269,31.3658,30.6180,28.9375,30.1979

774.5490,32.2371,31.7452,31.3725,30.7520,31.7171,26.5118,25.8257,31.3856,30.6082,28.9487,30.1934

775.5490,32.2486,31.7805,31.3866,30.7634,31.6946,26.5149,25.8269,31.3939,30.6168,28.9544,30.2012

776.5490,32.2516,31.7723,31.3841,30.7514,31.7028,26.5254,25.8388,31.3781,30.6168,28.9517,30.2006

777.5490,32.2414,31.7462,31.3795,30.7459,31.6899,26.5072,25.8348,31.3806,30.6063,28.9439,30.1907

778.5490,32.2439,31.7595,31.3825,30.7174,31.6980,26.5229,25.8151,31.3788,30.6027,28.9509,30.1898

779.5490,32.2443,31.7637,31.3684,30.7419,31.6703,26.5039,25.8277,31.3811,30.6027,28.9425,30.1877

780.5500,32.2530,31.7538,31.3792,30.7456,31.6740,26.4735,25.8252,31.3922,30.6051,28.9328,30.1871

781.5490,32.2278,31.7386,31.3663,30.7402,31.6635,26.4996,25.8367,31.3759,30.5955,28.9378,30.1811

782.5490,32.2428,31.7547,31.3688,30.7389,31.6636,26.4963,25.8395,31.3796,30.6014,28.9380,30.1855

783.5500,32.2375,31.7454,31.3604,30.7291,31.6806,26.5085,25.8134,31.4002,30.5944,28.9543,30.1844

784.5490,32.2423,31.7572,31.3783,30.7386,31.6727,26.5076,25.8182,31.3862,30.6012,28.9469,30.1876

785.5490,32.2459,31.7462,31.3678,30.7229,31.6542,26.5083,25.8246,31.3705,30.5936,28.9394,30.1801

786.5490,32.2403,31.7432,31.3752,30.7430,31.6639,26.5160,25.8233,31.3875,30.5982,28.9518,30.1866

787.5490,32.2389,31.7479,31.3826,30.7481,31.6564,26.5211,25.8171,31.3837,30.5985,28.9524,30.1870

788.5490,32.2196,31.7575,31.3599,30.7380,31.6608,26.5187,25.8279,31.3653,30.5940,28.9420,30.1810

789.5490,32.2103,31.7499,31.3546,30.7472,31.6494,26.5255,25.8177,31.3533,30.5882,28.9394,30.1760

790.5490,32.2280,31.7550,31.3780,30.7482,31.6607,26.5262,25.8354,31.3625,30.6009,28.9443,30.1867

791.5490,32.2179,31.7472,31.3637,30.7469,31.6698,26.5237,25.8182,31.3623,30.5940,28.9430,30.1812

792.5490,32.2254,31.7496,31.3754,30.7047,31.6623,26.5010,25.8121,31.3726,30.5882,28.9368,30.1754

793.5490,32.2246,31.7456,31.3761,30.7411,31.6540,26.5049,25.8344,31.3680,30.5959,28.9364,30.1811

794.5490,32.2231,31.7412,31.3713,30.7320,31.6516,26.5123,25.8300,31.3834,30.5915,28.9479,30.1806

795.5490,32.2334,31.7625,31.3714,30.7368,31.6447,26.5142,25.8248,31.3571,30.5956,28.9357,30.1806

796.5490,32.2203,31.7485,31.3560,30.7369,31.6701,26.5298,25.8036,31.3712,30.5893,28.9505,30.1796

797.5490,32.2172,31.7470,31.3682,30.7252,31.6762,26.5078,25.8146,31.3611,30.5914,28.9344,30.1772

798.5490,32.2118,31.7291,31.3662,30.7434,31.6846,26.5259,25.8304,31.3744,30.5943,28.9502,30.1832

799.5500,32.2115,31.7277,31.3375,30.7302,31.6718,26.5125,25.8259,31.3685,30.5841,28.9405,30.1732

800.5490,32.2112,31.7295,31.3652,30.7556,31.6840,26.5207,25.8285,31.3706,30.5957,28.9457,30.1832

801.5500,32.2196,31.7343,31.3676,30.7335,31.7084,26.5088,25.8265,31.3912,30.5983,28.9500,30.1862

802.5490,32.2233,31.7447,31.3545,30.7256,31.7029,26.5055,25.7982,31.3705,30.5915,28.9380,30.1781

803.5500,32.2189,31.7205,31.3266,30.7244,31.6820,26.5034,25.8315,31.3332,30.5840,28.9183,30.1676

804.5490,32.2352,31.7309,31.3595,30.7395,31.6971,26.5155,25.8224,31.3626,30.5974,28.9391,30.1828

805.5500,32.2218,31.7064,31.3660,30.7216,31.6984,26.5068,25.8353,31.3609,30.5916,28.9339,30.1771

806.5490,32.2289,31.7451,31.3630,30.7284,31.6907,26.5031,25.8321,31.3582,30.5980,28.9306,30.1812

807.5490,32.2233,31.7287,31.3273,30.7167,31.6931,26.5163,25.8203,31.3681,30.5849,28.9422,30.1743

808.5490,32.2231,31.7299,31.3487,30.7343,31.7107,26.5052,25.8234,31.3731,30.5950,28.9392,30.1810

809.5490,32.2167,31.7349,31.3260,30.7247,31.7091,26.5196,25.8255,31.3634,30.5895,28.9415,30.1775

810.5500,32.2316,31.7327,31.3571,30.7352,31.7158,26.5142,25.8182,31.3538,30.5984,28.9340,30.1823

811.5490,32.2021,31.7101,31.3360,30.7117,31.7008,26.5059,25.8174,31.3774,30.5797,28.9417,30.1702

812.5500,32.2151,31.7284,31.3472,30.7337,31.7072,26.5223,25.8282,31.3764,30.5933,28.9493,30.1823

813.5490,32.2179,31.7318,31.3431,30.7329,31.6881,26.5132,25.8361,31.3650,30.5916,28.9391,30.1785

814.5490,32.2208,31.7220,31.3352,30.7105,31.7159,26.5128,25.8338,31.3613,30.5897,28.9371,30.1765

815.5500,32.2116,31.7291,31.3620,30.7264,31.6967,26.4899,25.8289,31.3574,30.5924,28.9236,30.1752

816.5490,32.2175,31.7182,31.3361,30.7104,31.6863,26.5039,25.8296,31.3454,30.5830,28.9246,30.1684

817.5500,32.2058,31.7212,31.3414,30.7110,31.6700,26.5270,25.8187,31.3642,30.5780,28.9456,30.1699

818.5490,32.2211,31.7150,31.3408,30.7226,31.6765,26.5033,25.8361,31.3706,30.5853,28.9369,30.1732

819.5490,32.2166,31.7361,31.3426,30.7245,31.6858,26.5053,25.8230,31.3544,30.5881,28.9299,30.1735

820.5500,32.2223,31.7165,31.3480,30.7059,31.6752,26.5210,25.8056,31.3770,30.5789,28.9490,30.1714

821.5490,32.2052,31.7055,31.3314,30.7156,31.6666,26.4953,25.8144,31.3566,30.5731,28.9260,30.1613

822.5490,32.2186,31.7144,31.3402,30.7136,31.6590,26.4979,25.8302,31.3442,30.5793,28.9210,30.1647

823.5490,32.1908,31.7220,31.3431,30.7151,31.6478,26.5119,25.8376,31.3558,30.5761,28.9339,30.1655

824.5490,32.2050,31.7191,31.3520,30.7179,31.6468,26.4961,25.7953,31.3625,30.5727,28.9293,30.1618

825.5500,32.2180,31.7082,31.3401,30.6938,31.6519,26.5058,25.8385,31.3548,30.5751,28.9303,30.1639

826.5490,32.1899,31.7292,31.3358,30.7082,31.6471,26.4879,25.8169,31.3567,30.5712,28.9223,30.1590

827.5490,32.2269,31.7324,31.3258,30.7105,31.6390,26.4963,25.8220,31.3491,30.5761,28.9227,30.1627

828.5490,32.1986,31.7110,31.3410,30.6942,31.6523,26.5117,25.8190,31.3565,30.5693,28.9341,30.1605

829.5490,32.2023,31.7114,31.3363,30.6904,31.6354,26.5079,25.8218,31.3555,30.5663,28.9317,30.1576

830.5490,32.1922,31.7240,31.3310,30.7115,31.6428,26.5091,25.8381,31.3215,30.5733,28.9153,30.1588

831.5490,32.1994,31.7090,31.3480,30.7139,31.6466,26.5262,25.8350,31.3446,30.5753,28.9354,30.1653

832.5490,32.1897,31.7125,31.3322,30.6967,31.6435,26.4844,25.8167,31.3462,30.5652,28.9153,30.1527

833.5490,32.1874,31.6983,31.3353,30.7012,31.6480,26.5010,25.8134,31.3509,30.5639,28.9259,30.1544

834.5490,32.2034,31.7188,31.3150,30.6992,31.6704,26.4906,25.8201,31.3533,30.5711,28.9220,30.1589

835.5490,32.1905,31.6893,31.3278,30.6993,31.6574,26.4829,25.8076,31.3296,30.5620,28.9062,30.1480

836.5490,32.1895,31.7102,31.3351,30.7005,31.6534,26.4909,25.8298,31.3554,30.5698,28.9231,30.1581

837.5490,32.2138,31.7126,31.3253,30.7151,31.6614,26.5072,25.8070,31.3426,30.5725,28.9249,30.1606

838.5500,32.1891,31.7183,31.3169,30.7077,31.6723,26.5131,25.8312,31.3362,30.5726,28.9247,30.1606

839.5490,32.1738,31.7075,31.3146,30.7011,31.6479,26.4863,25.8059,31.3453,30.5585,28.9158,30.1478

840.5490,32.1961,31.7029,31.3292,30.7059,31.6405,26.4909,25.8128,31.3569,30.5646,28.9239,30.1544

841.5490,32.2052,31.7305,31.3117,30.7015,31.6558,26.5028,25.8130,31.3345,30.5696,28.9187,30.1569

842.5500,32.2053,31.7079,31.3060,30.6973,31.6403,26.4907,25.8197,31.3403,30.5628,28.9155,30.1509

843.5490,32.2019,31.7111,31.3412,30.6967,31.6393,26.5047,25.8082,31.3378,30.5664,28.9213,30.1551

844.5490,32.1853,31.7014,31.3159,30.7109,31.6319,26.5083,25.8146,31.3587,30.5600,28.9335,30.1534

845.5490,32.1848,31.7097,31.3153,30.6732,31.6501,26.5145,25.8326,31.3634,30.5609,28.9389,30.1554

846.5490,32.2044,31.7177,31.3309,30.6916,31.6403,26.4785,25.8282,31.3417,30.5688,28.9101,30.1541

847.5490,32.1845,31.7005,31.3226,30.7181,31.6348,26.5132,25.8196,31.3697,30.5633,28.9415,30.1579

848.5490,32.2083,31.7078,31.3181,30.6830,31.6120,26.5154,25.8297,31.3352,30.5598,28.9253,30.1512

849.5490,32.2038,31.7086,31.3199,30.6858,31.6133,26.4836,25.8040,31.3472,30.5559,28.9154,30.1458

850.5500,32.1790,31.7028,31.3099,30.7006,31.5963,26.4860,25.7984,31.3196,30.5479,28.9028,30.1366

851.5490,32.1856,31.6992,31.3142,30.6970,31.6189,26.4897,25.8159,31.3295,30.5551,28.9096,30.1438

852.5490,32.1811,31.7035,31.3091,30.6910,31.6186,26.4998,25.8123,31.3329,30.5526,28.9163,30.1435

853.5490,32.1617,31.7026,31.3200,30.6751,31.6003,26.5030,25.8140,31.3234,30.5456,28.9132,30.1375

854.5490,32.1889,31.6960,31.3021,30.6830,31.6068,26.4992,25.8079,31.3511,30.5475,28.9252,30.1419

855.5490,32.1839,31.6900,31.2905,30.6906,31.6140,26.4970,25.8350,31.3376,30.5507,28.9173,30.1423

856.5490,32.1774,31.6770,31.2873,30.7006,31.5991,26.4923,25.8298,31.3381,30.5452,28.9152,30.1377

857.5490,32.1957,31.6948,31.3136,30.6945,31.6117,26.5159,25.8255,31.3409,30.5560,28.9284,30.1491

858.5490,32.1912,31.6987,31.2991,30.6730,31.5841,26.4963,25.8234,31.3092,30.5449,28.9027,30.1344

859.5490,32.1771,31.6869,31.3193,30.6894,31.6061,26.5025,25.8296,31.3299,30.5514,28.9162,30.1426

860.5490,32.1741,31.6813,31.3039,30.6772,31.6119,26.5168,25.8279,31.3109,30.5460,28.9139,30.1380

861.5490,32.1721,31.6760,31.2975,30.6949,31.6145,26.4978,25.8401,31.3206,30.5492,28.9092,30.1392

862.5490,32.1601,31.6755,31.3055,30.6925,31.6238,26.4887,25.8351,31.3242,30.5488,28.9064,30.1382

863.5490,32.1500,31.6817,31.3117,30.6762,31.6366,26.4874,25.8225,31.3257,30.5464,28.9066,30.1365

864.5490,32.1693,31.6875,31.3147,30.6942,31.6401,26.5035,25.8108,31.3131,30.5528,28.9083,30.1417

865.5490,32.1772,31.6872,31.3078,30.6836,31.6210,26.4785,25.8258,31.3112,30.5504,28.8948,30.1365

866.5490,32.1703,31.6802,31.2924,30.6798,31.6290,26.5031,25.8076,31.3296,30.5432,28.9164,30.1365

867.5500,32.1772,31.6793,31.3041,30.6709,31.6356,26.4747,25.8164,31.3347,30.5473,28.9047,30.1366

868.5500,32.1632,31.6781,31.2950,30.6708,31.6387,26.5026,25.8269,31.3150,30.5454,28.9088,30.1363

869.5490,32.1767,31.6787,31.3116,30.6714,31.6337,26.4841,25.8060,31.3285,30.5464,28.9063,30.1363

870.5490,32.1534,31.6845,31.3094,30.6715,31.6399,26.4998,25.8090,31.3160,30.5446,28.9079,30.1354

871.5490,32.1541,31.7118,31.2879,30.6866,31.6302,26.4765,25.8125,31.3242,30.5472,28.9003,30.1355

872.5490,32.1743,31.6968,31.2921,30.6617,31.6278,26.5010,25.8173,31.3219,30.5450,28.9114,30.1366

873.5500,32.1629,31.6909,31.2998,30.6558,31.6256,26.4952,25.8365,31.3189,30.5452,28.9071,30.1357

874.5490,32.1695,31.6823,31.3057,30.6697,31.6372,26.4900,25.8186,31.3213,30.5472,28.9057,30.1368

875.5490,32.1689,31.6933,31.2971,30.6653,31.6182,26.5093,25.8161,31.3165,30.5432,28.9129,30.1356

876.5490,32.1594,31.6871,31.2979,30.6698,31.6124,26.4847,25.8113,31.3145,30.5397,28.8996,30.1296

877.5490,32.1542,31.6850,31.2883,30.6748,31.6282,26.5007,25.8316,31.3239,30.5437,28.9123,30.1359

878.5490,32.1620,31.6777,31.2871,30.6675,31.6191,26.4943,25.8191,31.3171,30.5388,28.9057,30.1305

879.5490,32.1420,31.6716,31.2927,30.6656,31.6219,26.4978,25.8202,31.3163,30.5357,28.9071,30.1285

880.5490,32.1304,31.6657,31.2910,30.6724,31.6216,26.4927,25.8179,31.3178,30.5332,28.9053,30.1262

881.5500,32.1527,31.6661,31.2820,30.6756,31.6238,26.4911,25.8319,31.3247,30.5387,28.9079,30.1310

882.5500,32.1304,31.6756,31.2916,30.6781,31.6277,26.4724,25.8104,31.3230,30.5356,28.8977,30.1262

883.5490,32.1556,31.6712,31.2928,30.6741,31.6360,26.5020,25.8296,31.3163,30.5432,28.9092,30.1347

884.5490,32.1612,31.6589,31.2879,30.6486,31.6391,26.5039,25.8083,31.3243,30.5340,28.9141,30.1290

885.5490,32.1433,31.6741,31.2779,30.6724,31.6314,26.4949,25.8196,31.3214,30.5364,28.9081,30.1294

886.5490,32.1444,31.6800,31.2683,30.6548,31.6284,26.4813,25.8089,31.3154,30.5308,28.8984,30.1227

887.5500,32.1473,31.6683,31.2833,30.6698,31.6208,26.5008,25.8043,31.3113,30.5323,28.9060,30.1257

888.5490,32.1611,31.6624,31.2741,30.6757,31.6272,26.5057,25.8172,31.3134,30.5363,28.9095,30.1296

889.5490,32.1494,31.6686,31.2578,30.6574,31.6418,26.5038,25.8130,31.3021,30.5313,28.9030,30.1242

890.5500,32.1580,31.6788,31.2891,30.6587,31.6370,26.5054,25.8156,31.3066,30.5395,28.9060,30.1311

891.5490,32.1517,31.6704,31.2728,30.6696,31.6268,26.4868,25.8238,31.2894,30.5359,28.8881,30.1239

892.5490,32.1440,31.6675,31.2745,30.6573,31.6257,26.4918,25.8331,31.2953,30.5337,28.8936,30.1237

893.5490,32.1451,31.6788,31.2802,30.6789,31.6314,26.4829,25.8148,31.3081,30.5382,28.8955,30.1275

894.5500,32.1340,31.6587,31.2723,30.6602,31.6150,26.5081,25.8013,31.2966,30.5236,28.9023,30.1183

895.5490,32.1435,31.6573,31.2803,30.6466,31.6183,26.4884,25.8136,31.3000,30.5266,28.8942,30.1185

896.5500,32.1497,31.6574,31.2841,30.6519,31.6236,26.4923,25.8237,31.3155,30.5317,28.9039,30.1248

897.5500,32.1638,31.6673,31.2583,30.6547,31.6048,26.4815,25.8266,31.3025,30.5293,28.8920,30.1199

898.5490,32.1260,31.6544,31.2722,30.6668,31.6070,26.5053,25.7956,31.2951,30.5203,28.9002,30.1153

899.5490,32.1554,31.6626,31.2780,30.6575,31.6058,26.4985,25.8133,31.2931,30.5288,28.8958,30.1205

900.5490,32.1509,31.6727,31.2675,30.6564,31.5859,26.4874,25.7994,31.3046,30.5221,28.8960,30.1156

901.5490,32.1297,31.6647,31.2595,30.6395,31.5704,26.5043,25.7903,31.3115,30.5090,28.9079,30.1087

902.5510,32.1487,31.6664,31.2687,30.6515,31.5753,26.4885,25.8118,31.3043,30.5204,28.8964,30.1144

903.5490,32.1470,31.6658,31.2554,30.6621,31.5930,26.4905,25.8120,31.3171,30.5225,28.9038,30.1179

904.5500,32.1379,31.6519,31.2721,30.6464,31.5745,26.5017,25.8354,31.3164,30.5197,28.9090,30.1170

905.5490,32.1409,31.6775,31.2615,30.6278,31.5728,26.4722,25.7974,31.3096,30.5130,28.8909,30.1074

906.5490,32.1232,31.6643,31.2563,30.6546,31.5667,26.5025,25.8235,31.3074,30.5148,28.9049,30.1123

907.5490,32.1110,31.6609,31.2590,30.6295,31.5891,26.5053,25.8183,31.2971,30.5113,28.9012,30.1088

908.5490,32.1542,31.6356,31.2543,30.6357,31.5628,26.4969,25.8103,31.2811,30.5088,28.8890,30.1039

909.5490,32.1453,31.6499,31.2522,30.6382,31.5771,26.4780,25.8046,31.2910,30.5112,28.8845,30.1045

910.5500,32.1353,31.6646,31.2796,30.6586,31.5562,26.4708,25.8281,31.3083,30.5204,28.8895,30.1127

911.5490,32.1381,31.6596,31.2699,30.6278,31.5742,26.4887,25.8087,31.3180,30.5130,28.9034,30.1106

912.5490,32.1080,31.6639,31.2578,30.6565,31.5555,26.4910,25.8304,31.2936,30.5120,28.8923,30.1071

913.5490,32.1110,31.6463,31.2551,30.6426,31.5707,26.4761,25.8239,31.2971,30.5083,28.8866,30.1028

914.5490,32.1149,31.6454,31.2421,30.6596,31.5745,26.4884,25.8368,31.2934,30.5122,28.8909,30.1069

915.5490,32.1452,31.6605,31.2342,30.6362,31.5568,26.4878,25.7903,31.2993,30.5039,28.8935,30.1013

916.5490,32.1213,31.6290,31.2491,30.6258,31.5684,26.4855,25.8201,31.2858,30.5023,28.8856,30.0981

917.5490,32.1281,31.6696,31.2526,30.6424,31.5494,26.4942,25.8346,31.3062,30.5128,28.9002,30.1097

918.5500,32.1327,31.6550,31.2418,30.6537,31.5564,26.5022,25.8175,31.2836,30.5095,28.8929,30.1054

919.5490,32.1358,31.6429,31.2433,30.6430,31.5378,26.4930,25.7979,31.2980,30.5001,28.8955,30.0990

920.5490,32.1328,31.6379,31.2515,30.6282,31.5483,26.4872,25.8053,31.2992,30.5007,28.8932,30.0988

921.5490,32.1265,31.6536,31.2475,30.6472,31.5532,26.5054,25.8344,31.2961,30.5104,28.9008,30.1080

922.5490,32.1200,31.6479,31.2625,30.6175,31.5465,26.4983,25.8183,31.3037,30.5021,28.9010,30.1018

923.5490,32.1275,31.6461,31.2404,30.6326,31.5419,26.4988,25.8150,31.2783,30.5006,28.8886,30.0976

924.5490,32.1014,31.6500,31.2617,30.6168,31.5312,26.4914,25.8114,31.2804,30.4954,28.8859,30.0930

925.5490,32.1405,31.6402,31.2430,30.6408,31.5646,26.5005,25.8267,31.2848,30.5093,28.8927,30.1051

926.5500,32.1250,31.6575,31.2396,30.6303,31.5598,26.4995,25.8285,31.2965,30.5068,28.8980,30.1046

927.5490,32.1282,31.6317,31.2307,30.6327,31.5589,26.4848,25.7997,31.2715,30.4970,28.8782,30.0923

928.5490,32.1242,31.6407,31.2534,30.6356,31.5581,26.4860,25.8395,31.2802,30.5086,28.8831,30.1022

929.5500,32.1089,31.6443,31.2466,30.6195,31.5565,26.4782,25.8039,31.2837,30.4966,28.8810,30.0927

930.5500,32.1198,31.6466,31.2372,30.6312,31.5729,26.4906,25.8144,31.2829,30.5037,28.8867,30.0994

931.5500,32.1246,31.6394,31.2445,30.6437,31.5521,26.4907,25.8173,31.3036,30.5036,28.8972,30.1020

932.5500,32.1273,31.6404,31.2371,30.6231,31.5484,26.5010,25.8082,31.2880,30.4974,28.8945,30.0967

933.5490,32.1300,31.6607,31.2513,30.6476,31.5532,26.4895,25.8270,31.2982,30.5116,28.8939,30.1072

934.5490,32.1305,31.6389,31.2342,30.6137,31.5624,26.4895,25.8218,31.2738,30.5003,28.8817,30.0956

935.5490,32.1104,31.6528,31.2476,30.6200,31.5472,26.4948,25.8210,31.2758,30.4998,28.8853,30.0962

936.5500,32.1354,31.6329,31.2432,30.6086,31.5550,26.4992,25.8069,31.2834,30.4970,28.8913,30.0956

937.5490,32.1108,31.6533,31.2349,30.6261,31.5260,26.4655,25.7945,31.2724,30.4909,28.8690,30.0854

938.5490,32.1423,31.6510,31.2373,30.6252,31.5481,26.5066,25.8205,31.2804,30.5041,28.8935,30.1014

939.5500,32.1156,31.6304,31.2177,30.6112,31.5285,26.5015,25.7927,31.2848,30.4827,28.8931,30.0853

940.5490,32.0882,31.6223,31.2481,30.6322,31.5364,26.4650,25.8185,31.2653,30.4909,28.8652,30.0845

941.5490,32.0938,31.6381,31.2240,30.6048,31.5522,26.4984,25.7986,31.2793,30.4852,28.8889,30.0861

942.5490,32.1181,31.6286,31.2529,30.6169,31.5333,26.4907,25.8098,31.2694,30.4933,28.8801,30.0900

943.5490,32.1243,31.6278,31.2226,30.6157,31.5424,26.4937,25.8279,31.2620,30.4935,28.8779,30.0896

944.5490,32.1119,31.6232,31.2377,30.6252,31.5495,26.4869,25.8182,31.2703,30.4943,28.8786,30.0904

945.5490,32.0973,31.6344,31.2410,30.6355,31.5363,26.4792,25.8134,31.2622,30.4930,28.8707,30.0874

946.5490,32.1066,31.6417,31.2421,30.6075,31.5248,26.4943,25.8266,31.2842,30.4916,28.8892,30.0910

947.5490,32.0941,31.6370,31.2158,30.6169,31.5177,26.5005,25.8064,31.2890,30.4813,28.8948,30.0847

948.5490,32.0851,31.6335,31.2100,30.6327,31.5223,26.4764,25.8257,31.2772,30.4849,28.8768,30.0829

949.5490,32.1097,31.6269,31.2156,30.6190,31.5316,26.4875,25.8203,31.2807,30.4872,28.8841,30.0864

950.5500,32.1154,31.6561,31.2354,30.6045,31.5101,26.4612,25.8203,31.2747,30.4903,28.8679,30.0847

951.5490,32.1058,31.6324,31.2201,30.6193,31.5193,26.4944,25.8154,31.2580,30.4854,28.8762,30.0831

952.5490,32.0884,31.6400,31.2080,30.5987,31.5273,26.4892,25.7932,31.2721,30.4759,28.8807,30.0771

953.5490,32.1041,31.6358,31.2174,30.6077,31.5194,26.4833,25.8189,31.2624,30.4839,28.8729,30.0811

954.5490,32.0872,31.6350,31.2181,30.6050,31.5373,26.4837,25.8174,31.2779,30.4833,28.8808,30.0827

955.5490,32.0977,31.6261,31.2266,30.6107,31.5369,26.4717,25.8130,31.2486,30.4852,28.8601,30.0789

956.5490,32.1219,31.6340,31.2264,30.6092,31.5359,26.4885,25.8175,31.2667,30.4908,28.8776,30.0875

957.5490,32.0997,31.6304,31.2177,30.6145,31.5530,26.4888,25.8187,31.2571,30.4890,28.8729,30.0850

958.5500,32.0984,31.6434,31.2195,30.5970,31.5603,26.4856,25.7957,31.2680,30.4857,28.8768,30.0835

959.5490,32.0973,31.6266,31.2101,30.6084,31.5604,26.4896,25.8149,31.2542,30.4863,28.8719,30.0827

960.5490,32.0836,31.6093,31.2102,30.6061,31.5713,26.4914,25.8176,31.2776,30.4830,28.8845,30.0834

961.5490,32.0811,31.6181,31.2453,30.6050,31.5735,26.4846,25.8113,31.2666,30.4890,28.8756,30.0857

962.5490,32.0953,31.6120,31.2279,30.5900,31.5590,26.4876,25.8303,31.2465,30.4857,28.8671,30.0811

963.5510,32.1017,31.6313,31.2158,30.6046,31.5623,26.4922,25.8278,31.2619,30.4906,28.8770,30.0872

964.5500,32.1054,31.6184,31.2278,30.6021,31.5415,26.4808,25.8107,31.2473,30.4843,28.8640,30.0792

965.5490,32.0882,31.6352,31.2117,30.6006,31.5681,26.4871,25.8180,31.2564,30.4870,28.8718,30.0832

966.5490,32.0857,31.6107,31.2125,30.6107,31.5567,26.4865,25.8075,31.2455,30.4806,28.8660,30.0770

967.5490,32.0866,31.6278,31.2123,30.6086,31.5611,26.4841,25.8320,31.2482,30.4881,28.8662,30.0826

968.5500,32.0875,31.6111,31.1890,30.6083,31.5778,26.4774,25.8182,31.2496,30.4820,28.8635,30.0774

969.5490,32.0755,31.6185,31.2006,30.6050,31.5678,26.4984,25.8222,31.2606,30.4816,28.8795,30.0811

970.5490,32.0978,31.6211,31.2023,30.6034,31.5733,26.4656,25.8012,31.2674,30.4832,28.8665,30.0790

971.5500,32.0897,31.6203,31.1916,30.6124,31.5706,26.4750,25.8295,31.2467,30.4857,28.8608,30.0795

972.5490,32.0908,31.6065,31.2196,30.5864,31.5572,26.4907,25.7961,31.2402,30.4761,28.8654,30.0734

973.5490,32.0997,31.6035,31.1917,30.6059,31.5706,26.5057,25.8244,31.2557,30.4826,28.8807,30.0821

974.5500,32.0848,31.6152,31.1973,30.5993,31.5612,26.4964,25.8014,31.2755,30.4765,28.8860,30.0789

975.5490,32.0983,31.6133,31.2099,30.6011,31.5527,26.4732,25.8130,31.2491,30.4814,28.8611,30.0763

976.5490,32.0795,31.6183,31.1966,30.5840,31.5417,26.4859,25.7989,31.2477,30.4698,28.8668,30.0691

977.5490,32.0793,31.6016,31.2015,30.6096,31.5574,26.4787,25.8251,31.2583,30.4791,28.8685,30.0764

978.5490,32.0488,31.6230,31.2126,30.6057,31.5408,26.4880,25.8180,31.2507,30.4748,28.8694,30.0734

979.5580,32.0841,31.6171,31.1927,30.6036,31.5378,26.4759,25.8167,31.2546,30.4753,28.8652,30.0728

980.5500,32.0707,31.6198,31.2043,30.5945,31.5405,26.4945,25.8075,31.2487,30.4729,28.8716,30.0726

981.5490,32.0598,31.6121,31.2093,30.5892,31.5328,26.4925,25.8295,31.2547,30.4721,28.8736,30.0725

982.5490,32.0845,31.6192,31.1994,30.5859,31.5088,26.4712,25.8228,31.2518,30.4701,28.8615,30.0679

983.5490,32.0743,31.6174,31.1868,30.5827,31.5151,26.4883,25.8050,31.2373,30.4635,28.8628,30.0634

984.5490,32.0779,31.6081,31.1963,30.5842,31.5152,26.4815,25.8218,31.2527,30.4673,28.8671,30.0672

985.5490,32.0793,31.6011,31.2053,30.5890,31.5415,26.4928,25.8246,31.2395,30.4735,28.8661,30.0716

986.5490,32.0734,31.6167,31.2152,30.5885,31.5162,26.4722,25.8087,31.2307,30.4698,28.8515,30.0652

987.5490,32.0753,31.6145,31.2069,30.5793,31.5187,26.4661,25.8456,31.2547,30.4734,28.8604,30.0701

988.5490,32.0542,31.6000,31.2004,30.5930,31.5084,26.4892,25.7927,31.2599,30.4581,28.8746,30.0622

989.5490,32.0795,31.5991,31.1901,30.5785,31.5155,26.4807,25.8106,31.2533,30.4622,28.8670,30.0634

990.5490,32.0746,31.6053,31.1954,30.5556,31.5326,26.4857,25.8010,31.2615,30.4608,28.8736,30.0640

991.5490,32.0700,31.6115,31.1767,30.5956,31.5392,26.4768,25.8167,31.2410,30.4683,28.8589,30.0659

992.5500,32.0754,31.6061,31.1990,30.5785,31.5277,26.4822,25.8103,31.2562,30.4662,28.8692,30.0669

993.5490,32.0723,31.5716,31.1678,30.5721,31.5378,26.4872,25.8034,31.2396,30.4542,28.8634,30.0565

994.5490,32.0831,31.6054,31.1777,30.6046,31.5364,26.4594,25.8011,31.2367,30.4680,28.8480,30.0630

995.5500,32.0796,31.6117,31.1844,30.5916,31.5347,26.4672,25.7867,31.2525,30.4648,28.8598,30.0636

996.5490,32.0701,31.6097,31.1937,30.5801,31.5439,26.4798,25.8107,31.2392,30.4680,28.8595,30.0659

997.5490,32.0569,31.5969,31.1767,30.5697,31.5369,26.4736,25.8002,31.2307,30.4562,28.8522,30.0552

998.5490,32.0829,31.5874,31.2015,30.5654,31.5302,26.4789,25.8018,31.2487,30.4615,28.8638,30.0621

999.5490,32.0665,31.6035,31.1908,30.5622,31.5613,26.4724,25.8071,31.2502,30.4652,28.8613,30.0642

1000.5500,32.0650,31.6185,31.1823,30.5819,31.5528,26.4746,25.8163,31.2528,30.4695,28.8637,30.0680

1001.5490,32.0599,31.5969,31.1616,30.5692,31.5612,26.4549,25.8292,31.2257,30.4630,28.8403,30.0573

1002.5490,32.0819,31.6130,31.1824,30.6037,31.5703,26.4982,25.8045,31.2444,30.4760,28.8713,30.0748

1003.5500,32.0512,31.5930,31.1746,30.5949,31.5568,26.4674,25.8242,31.2495,30.4658,28.8584,30.0640

1004.5490,32.0593,31.5990,31.1736,30.5657,31.5469,26.4718,25.8064,31.2228,30.4585,28.8473,30.0557

1005.5490,32.0535,31.5914,31.1857,30.5703,31.5496,26.4763,25.8090,31.2165,30.4599,28.8464,30.0565

1006.5490,32.0638,31.5774,31.1764,30.5760,31.5356,26.4805,25.7963,31.2263,30.4543,28.8534,30.0541

1007.5490,32.0769,31.6009,31.1694,30.5704,31.5417,26.4833,25.8142,31.2414,30.4623,28.8623,30.0623

1008.5490,32.0397,31.5949,31.1705,30.5767,31.5452,26.4878,25.8102,31.2214,30.4562,28.8546,30.0558

1009.5490,32.0642,31.5991,31.1549,30.5884,31.5306,26.4658,25.8118,31.2249,30.4582,28.8454,30.0550

1010.5500,32.0657,31.5955,31.1898,30.5786,31.5424,26.4767,25.8081,31.2249,30.4633,28.8508,30.0602

1011.5490,32.0520,31.5932,31.1716,30.5731,31.5322,26.4719,25.8217,31.2366,30.4573,28.8542,30.0565

1012.5500,32.0548,31.5939,31.1943,30.5606,31.5141,26.4767,25.8094,31.2361,30.4545,28.8564,30.0550

1013.5500,32.0491,31.5860,31.1822,30.5447,31.5001,26.4713,25.8220,31.2332,30.4473,28.8523,30.0486

1014.5490,32.0521,31.5959,31.1649,30.5603,31.5105,26.4924,25.8157,31.2273,30.4499,28.8598,30.0524

1015.5500,32.0358,31.5727,31.1581,30.5741,31.4985,26.4675,25.8082,31.2373,30.4412,28.8524,30.0440

1016.5490,32.0446,31.5980,31.1675,30.5680,31.4882,26.4862,25.8029,31.2212,30.4449,28.8537,30.0471

1017.5490,32.0535,31.5970,31.1660,30.5670,31.4829,26.4702,25.8247,31.2250,30.4485,28.8476,30.0483

1018.5500,32.0420,31.5895,31.1693,30.5661,31.4694,26.4732,25.8069,31.2190,30.4405,28.8461,30.0419

1019.5490,32.0330,31.5725,31.1800,30.5462,31.4880,26.4901,25.8220,31.2279,30.4403,28.8590,30.0450

1020.5490,32.0319,31.5916,31.1676,30.5724,31.4522,26.4834,25.8157,31.2273,30.4386,28.8553,30.0428

1021.5500,32.0655,31.6040,31.1758,30.5576,31.4670,26.4926,25.8070,31.2130,30.4462,28.8528,30.0478

1022.5490,32.0508,31.5657,31.1656,30.5699,31.4492,26.4721,25.8030,31.2401,30.4341,28.8561,30.0396

1023.5490,32.0361,31.5936,31.1654,30.5833,31.4706,26.4965,25.8100,31.2174,30.4432,28.8570,30.0466

1024.5500,32.0540,31.5856,31.1747,30.5579,31.4433,26.4811,25.8067,31.2222,30.4370,28.8516,30.0407

1025.5500,32.0310,31.5761,31.1812,30.5550,31.4479,26.4796,25.8147,31.2390,30.4343,28.8593,30.0406

1026.5490,32.0563,31.5626,31.1640,30.5716,31.4410,26.4697,25.8010,31.2146,30.4328,28.8421,30.0351

1027.5490,32.0568,31.5934,31.1567,30.5544,31.4488,26.4881,25.8062,31.2297,30.4360,28.8589,30.0417

1028.5490,32.0517,31.5874,31.1752,30.5513,31.4320,26.4736,25.8191,31.2180,30.4361,28.8458,30.0385

1029.5490,32.0320,31.5796,31.1443,30.5571,31.4237,26.4631,25.7973,31.2274,30.4223,28.8452,30.0281

1030.5490,32.0483,31.5899,31.1499,30.5514,31.4322,26.4876,25.7915,31.2174,30.4272,28.8525,30.0335

1031.5490,32.0385,31.5833,31.1691,30.5786,31.4321,26.4976,25.8266,31.2180,30.4380,28.8578,30.0430

1032.5490,32.0450,31.5754,31.1547,30.5360,31.4327,26.4966,25.8109,31.2169,30.4258,28.8567,30.0335

1033.5490,32.0521,31.5912,31.1409,30.5570,31.4396,26.4909,25.8010,31.2155,30.4303,28.8532,30.0360

1034.5500,32.0416,31.5747,31.1437,30.5414,31.4381,26.4870,25.8094,31.2267,30.4248,28.8568,30.0328

1035.5490,32.0410,31.5672,31.1531,30.5555,31.4583,26.4726,25.7997,31.2176,30.4291,28.8451,30.0331

1036.5490,32.0426,31.5619,31.1416,30.5445,31.4572,26.4795,25.8137,31.2159,30.4269,28.8477,30.0321

1037.5500,32.0287,31.5740,31.1561,30.5454,31.4740,26.4684,25.8125,31.2171,30.4318,28.8427,30.0345

1038.5490,32.0279,31.5795,31.1381,30.5565,31.4650,26.4850,25.8249,31.2172,30.4320,28.8511,30.0368

1039.5490,32.0274,31.5548,31.1486,30.5426,31.4665,26.4849,25.8059,31.2223,30.4243,28.8536,30.0316

1040.5490,32.0214,31.5620,31.1699,30.5418,31.4770,26.4733,25.8183,31.2239,30.4318,28.8486,30.0360

1041.5500,32.0319,31.5904,31.1406,30.5397,31.4773,26.4815,25.8081,31.2287,30.4313,28.8551,30.0373

1042.5490,32.0155,31.5703,31.1397,30.5351,31.4891,26.4692,25.8124,31.2066,30.4270,28.8379,30.0297

1043.5490,32.0391,31.5609,31.1411,30.5510,31.4712,26.4877,25.8210,31.2218,30.4307,28.8548,30.0367

1044.5490,32.0247,31.5558,31.1403,30.5366,31.4901,26.4662,25.7796,31.2192,30.4212,28.8427,30.0266

1045.5490,32.0267,31.5759,31.1519,30.5346,31.4557,26.4711,25.8024,31.2108,30.4246,28.8410,30.0287

1046.5490,32.0243,31.5641,31.1377,30.5387,31.4739,26.4549,25.8013,31.2098,30.4233,28.8323,30.0256

1047.5490,32.0328,31.5757,31.1385,30.5499,31.4560,26.4701,25.8137,31.2367,30.4278,28.8534,30.0342

1048.5500,32.0163,31.5663,31.1385,30.5390,31.4738,26.4756,25.8160,31.1905,30.4250,28.8331,30.0270

1049.5490,32.0283,31.5649,31.1301,30.5471,31.4611,26.4665,25.8087,31.2039,30.4233,28.8352,30.0263

1050.5490,32.0474,31.5586,31.1411,30.5389,31.4769,26.4668,25.8203,31.2258,30.4305,28.8463,30.0345

1051.5490,32.0247,31.5621,31.1386,30.5293,31.4523,26.4690,25.7871,31.2125,30.4157,28.8408,30.0220

1052.5490,32.0111,31.5741,31.1318,30.5394,31.4399,26.4822,25.7961,31.2290,30.4154,28.8556,30.0255

1053.5490,32.0247,31.5689,31.1247,30.5304,31.4267,26.4690,25.8140,31.2036,30.4149,28.8363,30.0203

1054.5490,32.0256,31.5545,31.1394,30.5507,31.4385,26.4718,25.8107,31.1942,30.4199,28.8330,30.0232

1055.5490,32.0121,31.5660,31.1368,30.5425,31.4420,26.4922,25.8165,31.1976,30.4193,28.8449,30.0257

1056.5490,32.0195,31.5592,31.1370,30.5301,31.4470,26.4752,25.8207,31.1961,30.4189,28.8356,30.0231

1057.5490,32.0203,31.5507,31.1389,30.5253,31.4253,26.4646,25.8243,31.2242,30.4142,28.8444,30.0217

1058.5490,32.0087,31.5406,31.1265,30.5266,31.4402,26.4648,25.8188,31.2093,30.4102,28.8370,30.0169

1059.5490,32.0253,31.5703,31.1115,30.5365,31.4586,26.4654,25.8043,31.2052,30.4178,28.8353,30.0221

1060.5500,32.0190,31.5458,31.1406,30.5379,31.4271,26.4737,25.7890,31.1928,30.4099,28.8333,30.0157

1061.5490,31.9989,31.5806,31.1167,30.5431,31.4238,26.4747,25.8193,31.1938,30.4137,28.8343,30.0189

1062.5510,32.0234,31.5526,31.1300,30.5291,31.4371,26.4743,25.8146,31.2136,30.4144,28.8440,30.0218

1063.5490,32.0037,31.5557,31.1237,30.5435,31.4252,26.4668,25.7930,31.1958,30.4075,28.8313,30.0134

1064.5490,32.0138,31.5508,31.1145,30.5202,31.4334,26.4727,25.8059,31.1988,30.4064,28.8358,30.0138

1065.5490,32.0042,31.5356,31.1229,30.5318,31.4149,26.4734,25.8269,31.1939,30.4061,28.8336,30.0130

1066.5500,31.9937,31.5676,31.1145,30.5324,31.4352,26.4700,25.8202,31.1830,30.4106,28.8265,30.0146

1067.5490,32.0125,31.5613,31.1077,30.5256,31.4509,26.4836,25.8103,31.1900,30.4114,28.8368,30.0177

1068.5500,32.0232,31.5509,31.1156,30.5213,31.4405,26.4557,25.8083,31.2045,30.4100,28.8301,30.0150

1069.5490,32.0098,31.5663,31.1170,30.5184,31.4541,26.4653,25.8297,31.1896,30.4159,28.8275,30.0188

1070.5490,32.0151,31.5666,31.1177,30.5281,31.4633,26.4650,25.7784,31.1898,30.4115,28.8274,30.0155

1071.5500,31.9995,31.5595,31.1251,30.5336,31.4618,26.4749,25.8185,31.1855,30.4164,28.8302,30.0198

1072.5500,32.0051,31.5582,31.1173,30.5333,31.4366,26.4564,25.8170,31.1878,30.4112,28.8221,30.0140

1073.5500,32.0008,31.5369,31.1152,30.5270,31.4716,26.4808,25.8131,31.1933,30.4108,28.8371,30.0173

1074.5490,32.0059,31.5516,31.1158,30.5342,31.4582,26.4747,25.8121,31.2078,30.4130,28.8412,30.0200

1075.5490,31.9980,31.5546,31.1222,30.5218,31.4725,26.4610,25.8004,31.2032,30.4116,28.8321,30.0167

1076.5490,32.0032,31.5563,31.1032,30.5107,31.4619,26.4814,25.8193,31.1821,30.4091,28.8318,30.0148

1077.5500,31.9950,31.5387,31.1241,30.5246,31.4880,26.4660,25.7983,31.1828,30.4114,28.8244,30.0147

1078.5490,31.9986,31.5692,31.1292,30.5171,31.4960,26.4758,25.8128,31.1822,30.4205,28.8290,30.0226

1079.5490,32.0154,31.5502,31.1365,30.5145,31.4882,26.4649,25.8095,31.2009,30.4191,28.8329,30.0225

1080.5490,32.0125,31.5341,31.1101,30.5083,31.4886,26.4629,25.8165,31.2074,30.4117,28.8352,30.0176

1081.5490,32.0089,31.5333,31.1069,30.5295,31.4896,26.4762,25.7958,31.1808,30.4107,28.8285,30.0151

1082.5490,31.9915,31.5422,31.0938,30.5131,31.4939,26.4630,25.8005,31.1896,30.4058,28.8263,30.0109

1083.5490,31.9942,31.5416,31.1120,30.5130,31.5210,26.4615,25.8136,31.1919,30.4159,28.8267,30.0186

1084.5490,31.9813,31.5436,31.1055,30.5225,31.5126,26.4556,25.8228,31.1818,30.4147,28.8187,30.0157

1085.5490,31.9782,31.5399,31.1216,30.5033,31.5338,26.4549,25.8022,31.1924,30.4132,28.8236,30.0158

1086.5500,31.9852,31.5475,31.1085,30.5100,31.5072,26.4831,25.7998,31.1763,30.4097,28.8297,30.0147

1087.5500,31.9972,31.5343,31.1033,30.5165,31.5245,26.4852,25.8138,31.1935,30.4149,28.8394,30.0210

1088.5500,31.9901,31.5199,31.0888,30.5189,31.5034,26.4682,25.7844,31.1784,30.4009,28.8233,30.0065

1089.5490,31.9789,31.5345,31.1081,30.5208,31.5087,26.4654,25.8076,31.1799,30.4098,28.8227,30.0130

1090.5500,31.9862,31.5153,31.0861,30.5172,31.5116,26.4492,25.8159,31.1750,30.4054,28.8121,30.0070

1091.5490,31.9666,31.5413,31.1017,30.4905,31.5248,26.4791,25.8085,31.1868,30.4056,28.8329,30.0124

1092.5500,31.9884,31.5205,31.0899,30.4946,31.5139,26.4717,25.8134,31.1771,30.4034,28.8244,30.0087

1093.5490,32.0021,31.5293,31.1053,30.5096,31.5153,26.4689,25.7913,31.1894,30.4088,28.8292,30.0139

1094.5500,31.9994,31.5299,31.0922,30.5092,31.5102,26.4582,25.8070,31.1835,30.4080,28.8209,30.0112

1095.5490,31.9998,31.5399,31.0995,30.5117,31.4991,26.4638,25.8022,31.1670,30.4087,28.8154,30.0104

1096.5490,31.9932,31.5292,31.0963,30.5118,31.4945,26.4553,25.7966,31.1909,30.4036,28.8231,30.0085

1097.5490,31.9816,31.5208,31.1085,30.5077,31.4823,26.4653,25.8189,31.1666,30.4033,28.8160,30.0065

1098.5490,31.9809,31.5237,31.0963,30.5199,31.4941,26.4745,25.8167,31.1757,30.4053,28.8251,30.0102

1099.5500,31.9898,31.5133,31.1015,30.4982,31.4729,26.4504,25.8257,31.1621,30.4002,28.8063,30.0017

1100.5490,31.9885,31.5407,31.0866,30.5007,31.4632,26.4666,25.8022,31.1528,30.3970,28.8097,30.0002

1101.5500,31.9664,31.5460,31.0999,30.4980,31.4563,26.4783,25.7983,31.1636,30.3941,28.8210,30.0009

1102.5500,31.9944,31.5197,31.0919,30.5140,31.4694,26.4791,25.7888,31.1724,30.3963,28.8257,30.0037

1103.5490,31.9753,31.5328,31.0839,30.4858,31.4507,26.4613,25.8045,31.1795,30.3888,28.8204,29.9967

1104.5490,31.9811,31.5239,31.0741,30.4981,31.4521,26.4544,25.8127,31.1652,30.3903,28.8098,29.9952

1105.5490,31.9895,31.5268,31.0849,30.4896,31.4338,26.4709,25.8008,31.1736,30.3876,28.8222,29.9962

1106.5490,31.9851,31.5200,31.0885,30.4927,31.4388,26.4698,25.7941,31.1786,30.3865,28.8242,29.9959

1107.5490,31.9846,31.5148,31.0875,30.4979,31.4280,26.4721,25.8096,31.1682,30.3871,28.8202,29.9953

1108.5490,31.9609,31.5355,31.0951,30.4829,31.4318,26.4695,25.8023,31.1703,30.3848,28.8199,29.9935

1109.5490,31.9710,31.5214,31.0777,30.5040,31.4261,26.4731,25.8271,31.1635,30.3879,28.8183,29.9955

1110.5500,31.9689,31.5182,31.0843,30.5078,31.4440,26.4563,25.8046,31.1571,30.3879,28.8067,29.9926

1111.5500,31.9672,31.5211,31.0675,30.5060,31.4356,26.4471,25.7930,31.1710,30.3818,28.8090,29.9886

1112.5500,31.9761,31.5310,31.0713,30.4713,31.4089,26.4668,25.8171,31.1526,30.3793,28.8097,29.9869

1113.5490,31.9754,31.5382,31.0991,30.4780,31.4485,26.4780,25.8121,31.1660,30.3919,28.8220,29.9994

1114.5490,31.9716,31.5115,31.0856,30.4748,31.4256,26.4402,25.7900,31.1416,30.3765,28.7909,29.9801

1115.5490,31.9700,31.5060,31.0777,30.5045,31.4355,26.4655,25.8148,31.1616,30.3848,28.8135,29.9919

1116.5500,31.9675,31.5281,31.0830,30.4896,31.4413,26.4658,25.7948,31.1605,30.3840,28.8132,29.9913

1117.5490,31.9748,31.5203,31.0742,30.4616,31.4335,26.4547,25.7945,31.1584,30.3765,28.8065,29.9840

1118.5490,31.9682,31.5358,31.0658,30.4865,31.4400,26.4754,25.8106,31.1504,30.3845,28.8129,29.9916

1119.5490,31.9587,31.5169,31.0807,30.4802,31.4493,26.4517,25.8128,31.1671,30.3831,28.8094,29.9897

1120.5500,31.9610,31.5081,31.0573,30.4959,31.4471,26.4659,25.8123,31.1479,30.3803,28.8069,29.9869

1121.5490,31.9506,31.5090,31.0841,30.4973,31.4644,26.4568,25.8084,31.1708,30.3856,28.8138,29.9927

1122.5500,31.9673,31.5239,31.0788,30.4990,31.4521,26.4774,25.7917,31.1584,30.3855,28.8179,29.9936

1123.5490,31.9719,31.5294,31.0509,30.4800,31.4477,26.4589,25.7954,31.1701,30.3792,28.8145,29.9880

1124.5500,31.9619,31.4891,31.0740,30.5060,31.4262,26.4625,25.7943,31.1567,30.3752,28.8096,29.9838

1125.5490,31.9532,31.5016,31.0860,30.4785,31.4133,26.4713,25.8078,31.1664,30.3734,28.8188,29.9848

1126.5490,31.9433,31.5193,31.0863,30.4793,31.4117,26.4641,25.8285,31.1560,30.3781,28.8101,29.9861

1127.5490,31.9591,31.5056,31.0590,30.4703,31.4206,26.4640,25.8015,31.1535,30.3693,28.8087,29.9792

1128.5490,31.9429,31.5073,31.0673,30.4861,31.4190,26.4623,25.8036,31.1566,30.3710,28.8094,29.9806

1129.5490,31.9599,31.5045,31.0438,30.4824,31.3932,26.4478,25.8051,31.1534,30.3648,28.8006,29.9738

1130.5490,31.9578,31.4918,31.0767,30.4918,31.3688,26.4801,25.8171,31.1419,30.3673,28.8110,29.9783

1131.5490,31.9708,31.5329,31.0746,30.4605,31.3827,26.4724,25.8010,31.1450,30.3704,28.8087,29.9800

1132.5490,31.9589,31.5156,31.0521,30.4667,31.3785,26.4741,25.7946,31.1697,30.3611,28.8219,29.9763

1133.5500,31.9521,31.4982,31.0676,30.4587,31.3785,26.4427,25.8066,31.1699,30.3603,28.8063,29.9718

1134.5490,31.9634,31.5010,31.0577,30.4648,31.3639,26.4447,25.7987,31.1621,30.3583,28.8034,29.9696

1135.5490,31.9569,31.5243,31.0693,30.4820,31.3778,26.4542,25.7964,31.1630,30.3678,28.8086,29.9780

1136.5490,31.9587,31.5031,31.0753,30.4753,31.3650,26.4579,25.8128,31.1616,30.3650,28.8097,29.9762

1137.5500,31.9465,31.5109,31.0526,30.4695,31.3780,26.4688,25.8185,31.1419,30.3627,28.8053,29.9733

1138.5510,31.9581,31.4951,31.0565,30.4588,31.3857,26.4728,25.8066,31.1417,30.3601,28.8073,29.9719

1139.5490,31.9597,31.4892,31.0643,30.4615,31.3845,26.4726,25.7888,31.1527,30.3580,28.8126,29.9717

1140.5490,31.9461,31.5102,31.0429,30.4697,31.3998,26.4664,25.7860,31.1484,30.3591,28.8074,29.9712

1141.5490,31.9504,31.4890,31.0589,30.4716,31.4026,26.4590,25.7781,31.1378,30.3584,28.7984,29.9684

1142.5490,31.9474,31.5066,31.0483,30.4511,31.3733,26.4616,25.8038,31.1465,30.3551,28.8040,29.9673

1143.5500,31.9501,31.4854,31.0755,30.4675,31.4084,26.4638,25.8098,31.1444,30.3661,28.8041,29.9756

1144.5490,31.9382,31.4870,31.0535,30.4662,31.3921,26.4641,25.8196,31.1396,30.3594,28.8019,29.9700

1145.5490,31.9362,31.5014,31.0464,30.4633,31.4019,26.4588,25.7953,31.1564,30.3574,28.8076,29.9699

1146.5490,31.9613,31.4954,31.0708,30.4408,31.4108,26.4600,25.8050,31.1491,30.3640,28.8045,29.9741

1147.5490,31.9572,31.4926,31.0432,30.4681,31.3794,26.4427,25.8061,31.1384,30.3578,28.7905,29.9660

1148.5490,31.9495,31.5031,31.0509,30.4509,31.3858,26.4599,25.8026,31.1410,30.3571,28.8005,29.9680

1149.5490,31.9251,31.4832,31.0427,30.4860,31.3954,26.4595,25.8125,31.1326,30.3575,28.7961,29.9671

1150.5490,31.9342,31.4828,31.0386,30.4710,31.3899,26.4833,25.7911,31.1357,30.3513,28.8095,29.9658

1151.5490,31.9487,31.4924,31.0594,30.4524,31.3971,26.4747,25.7947,31.1407,30.3574,28.8077,29.9700

1152.5490,31.9384,31.4778,31.0425,30.4491,31.3914,26.4549,25.7994,31.1445,30.3498,28.7997,29.9622

1153.5490,31.9230,31.4932,31.0387,30.4565,31.3829,26.4626,25.7807,31.1479,30.3458,28.8052,29.9607

1154.5490,31.9368,31.5017,31.0270,30.4533,31.4060,26.4543,25.7937,31.1523,30.3531,28.8033,29.9656

1155.5490,31.9205,31.4913,31.0476,30.4715,31.3796,26.4658,25.8131,31.1426,30.3540,28.8042,29.9665

1156.5490,31.9414,31.4943,31.0407,30.4694,31.3915,26.4433,25.8110,31.1320,30.3580,28.7877,29.9654

1157.5490,31.9473,31.4857,31.0396,30.4645,31.3857,26.4587,25.7731,31.1548,30.3493,28.8068,29.9637

1158.5490,31.9461,31.5010,31.0417,30.4582,31.3756,26.4466,25.7855,31.1118,30.3514,28.7792,29.9583

1159.5490,31.9185,31.4741,31.0458,30.4412,31.3821,26.4472,25.7833,31.1467,30.3408,28.7970,29.9549

1160.5490,31.9284,31.4769,31.0458,30.4501,31.3887,26.4703,25.8050,31.1241,30.3491,28.7972,29.9612

1161.5490,31.9506,31.4783,31.0392,30.4585,31.3680,26.4875,25.7820,31.1389,30.3461,28.8132,29.9629

1162.5490,31.9389,31.4745,31.0378,30.4622,31.3689,26.4592,25.8075,31.1271,30.3483,28.7931,29.9595

1163.5490,31.9180,31.5034,31.0437,30.4541,31.3734,26.4675,25.7983,31.1349,30.3485,28.8012,29.9617

1164.5500,31.9271,31.4833,31.0320,30.4532,31.3786,26.4449,25.7970,31.1294,30.3452,28.7872,29.9557

1165.5490,0.0000,0.0000,0.0000,0.0000,0.0000,0.0000,0.0000,0.0000,0.0000,0.0000,0.0000

1166.5490,0.0000,0.0000,0.0000,0.0000,0.0000,0.0000,0.0000,0.0000,0.0000,0.0000,0.0000

1167.5490,0.0000,0.0000,0.0000,0.0000,0.0000,0.0000,0.0000,0.0000,0.0000,0.0000,0.0000

1168.5490,0.0000,0.0000,0.0000,0.0000,0.0000,0.0000,0.0000,0.0000,0.0000,0.0000,0.0000

1169.5500,0.0000,0.0000,0.0000,0.0000,0.0000,0.0000,0.0000,0.0000,0.0000,0.0000,0.0000

1170.5490,0.0000,0.0000,0.0000,0.0000,0.0000,0.0000,0.0000,0.0000,0.0000,0.0000,0.0000

1171.5500,0.0000,0.0000,0.0000,0.0000,0.0000,0.0000,0.0000,0.0000,0.0000,0.0000,0.0000

1172.5500,0.0000,0.0000,0.0000,0.0000,0.0000,0.0000,0.0000,0.0000,0.0000,0.0000,0.0000

1173.5500,0.0000,0.0000,0.0000,0.0000,0.0000,0.0000,0.0000,0.0000,0.0000,0.0000,0.0000

1174.5490,0.0000,0.0000,0.0000,0.0000,0.0000,0.0000,0.0000,0.0000,0.0000,0.0000,0.0000

1175.5500,0.0000,0.0000,0.0000,0.0000,0.0000,0.0000,0.0000,0.0000,0.0000,0.0000,0.0000

1176.5490,0.0000,0.0000,0.0000,0.0000,0.0000,0.0000,0.0000,0.0000,0.0000,0.0000,0.0000

1177.5500,0.0000,0.0000,0.0000,0.0000,0.0000,0.0000,0.0000,0.0000,0.0000,0.0000,0.0000

1178.5490,0.0000,0.0000,0.0000,0.0000,0.0000,0.0000,0.0000,0.0000,0.0000,0.0000,0.0000

1179.5500,0.0000,0.0000,0.0000,0.0000,0.0000,0.0000,0.0000,0.0000,0.0000,0.0000,0.0000

1180.5490,0.0000,0.0000,0.0000,0.0000,0.0000,0.0000,0.0000,0.0000,0.0000,0.0000,0.0000

1181.5490,0.0000,0.0000,0.0000,0.0000,0.0000,0.0000,0.0000,0.0000,0.0000,0.0000,0.0000

1182.5490,0.0000,0.0000,0.0000,0.0000,0.0000,0.0000,0.0000,0.0000,0.0000,0.0000,0.0000

1183.5490,0.0000,0.0000,0.0000,0.0000,0.0000,0.0000,0.0000,0.0000,0.0000,0.0000,0.0000

1184.5500,0.0000,0.0000,0.0000,0.0000,0.0000,0.0000,0.0000,0.0000,0.0000,0.0000,0.0000

1185.5490,0.0000,0.0000,0.0000,0.0000,0.0000,0.0000,0.0000,0.0000,0.0000,0.0000,0.0000

1186.5490,0.0000,0.0000,0.0000,0.0000,0.0000,0.0000,0.0000,0.0000,0.0000,0.0000,0.0000

1187.5490,0.0000,0.0000,0.0000,0.0000,0.0000,0.0000,0.0000,0.0000,0.0000,0.0000,0.0000

1188.5490,0.0000,0.0000,0.0000,0.0000,0.0000,0.0000,0.0000,0.0000,0.0000,0.0000,0.0000

1189.5500,0.0000,0.0000,0.0000,0.0000,0.0000,0.0000,0.0000,0.0000,0.0000,0.0000,0.0000

1190.5490,0.0000,0.0000,0.0000,0.0000,0.0000,0.0000,0.0000,0.0000,0.0000,0.0000,0.0000

1191.5500,0.0000,0.0000,0.0000,0.0000,0.0000,0.0000,0.0000,0.0000,0.0000,0.0000,0.0000

1192.5490,0.0000,0.0000,0.0000,0.0000,0.0000,0.0000,0.0000,0.0000,0.0000,0.0000,0.0000

1193.5500,0.0000,0.0000,0.0000,0.0000,0.0000,0.0000,0.0000,0.0000,0.0000,0.0000,0.0000

1194.5500,0.0000,0.0000,0.0000,0.0000,0.0000,0.0000,0.0000,0.0000,0.0000,0.0000,0.0000

1195.5490,0.0000,0.0000,0.0000,0.0000,0.0000,0.0000,0.0000,0.0000,0.0000,0.0000,0.0000

1196.5500,0.0000,0.0000,0.0000,0.0000,0.0000,0.0000,0.0000,0.0000,0.0000,0.0000,0.0000

1197.5490,0.0000,0.0000,0.0000,0.0000,0.0000,0.0000,0.0000,0.0000,0.0000,0.0000,0.0000

1198.5490,0.0000,0.0000,0.0000,0.0000,0.0000,0.0000,0.0000,0.0000,0.0000,0.0000,0.0000

1199.5490,0.0000,0.0000,0.0000,0.0000,0.0000,0.0000,0.0000,0.0000,0.0000,0.0000,0.0000

1200.5500,0.0000,0.0000,0.0000,0.0000,0.0000,0.0000,0.0000,0.0000,0.0000,0.0000,0.0000

1201.5500,0.0000,0.0000,0.0000,0.0000,0.0000,0.0000,0.0000,0.0000,0.0000,0.0000,0.0000

1202.5500,0.0000,0.0000,0.0000,0.0000,0.0000,0.0000,0.0000,0.0000,0.0000,0.0000,0.0000

1203.5490,0.0000,0.0000,0.0000,0.0000,0.0000,0.0000,0.0000,0.0000,0.0000,0.0000,0.0000

1204.5500,0.0000,0.0000,0.0000,0.0000,0.0000,0.0000,0.0000,0.0000,0.0000,0.0000,0.0000

1205.5490,0.0000,0.0000,0.0000,0.0000,0.0000,0.0000,0.0000,0.0000,0.0000,0.0000,0.0000

1206.5500,0.0000,0.0000,0.0000,0.0000,0.0000,0.0000,0.0000,0.0000,0.0000,0.0000,0.0000

1207.5490,0.0000,0.0000,0.0000,0.0000,0.0000,0.0000,0.0000,0.0000,0.0000,0.0000,0.0000

1208.5490,0.0000,0.0000,0.0000,0.0000,0.0000,0.0000,0.0000,0.0000,0.0000,0.0000,0.0000

1209.5490,0.0000,0.0000,0.0000,0.0000,0.0000,0.0000,0.0000,0.0000,0.0000,0.0000,0.0000

1210.5490,0.0000,0.0000,0.0000,0.0000,0.0000,0.0000,0.0000,0.0000,0.0000,0.0000,0.0000

1211.5500,0.0000,0.0000,0.0000,0.0000,0.0000,0.0000,0.0000,0.0000,0.0000,0.0000,0.0000

1212.5490,0.0000,0.0000,0.0000,0.0000,0.0000,0.0000,0.0000,0.0000,0.0000,0.0000,0.0000

1213.5490,0.0000,0.0000,0.0000,0.0000,0.0000,0.0000,0.0000,0.0000,0.0000,0.0000,0.0000

1214.5500,0.0000,0.0000,0.0000,0.0000,0.0000,0.0000,0.0000,0.0000,0.0000,0.0000,0.0000

1215.5490,0.0000,0.0000,0.0000,0.0000,0.0000,0.0000,0.0000,0.0000,0.0000,0.0000,0.0000

1216.5490,0.0000,0.0000,0.0000,0.0000,0.0000,0.0000,0.0000,0.0000,0.0000,0.0000,0.0000

1217.5500,0.0000,0.0000,0.0000,0.0000,0.0000,0.0000,0.0000,0.0000,0.0000,0.0000,0.0000

1218.5500,0.0000,0.0000,0.0000,0.0000,0.0000,0.0000,0.0000,0.0000,0.0000,0.0000,0.0000

1219.5500,0.0000,0.0000,0.0000,0.0000,0.0000,0.0000,0.0000,0.0000,0.0000,0.0000,0.0000

1220.5490,0.0000,0.0000,0.0000,0.0000,0.0000,0.0000,0.0000,0.0000,0.0000,0.0000,0.0000

1221.5490,0.0000,0.0000,0.0000,0.0000,0.0000,0.0000,0.0000,0.0000,0.0000,0.0000,0.0000

1222.5500,0.0000,0.0000,0.0000,0.0000,0.0000,0.0000,0.0000,0.0000,0.0000,0.0000,0.0000

1223.5500,0.0000,0.0000,0.0000,0.0000,0.0000,0.0000,0.0000,0.0000,0.0000,0.0000,0.0000

1224.5490,0.0000,0.0000,0.0000,0.0000,0.0000,0.0000,0.0000,0.0000,0.0000,0.0000,0.0000

1225.5490,0.0000,0.0000,0.0000,0.0000,0.0000,0.0000,0.0000,0.0000,0.0000,0.0000,0.0000

1226.5490,0.0000,0.0000,0.0000,0.0000,0.0000,0.0000,0.0000,0.0000,0.0000,0.0000,0.0000

1227.5490,0.0000,0.0000,0.0000,0.0000,0.0000,0.0000,0.0000,0.0000,0.0000,0.0000,0.0000

1228.5490,0.0000,0.0000,0.0000,0.0000,0.0000,0.0000,0.0000,0.0000,0.0000,0.0000,0.0000

1229.5490,0.0000,0.0000,0.0000,0.0000,0.0000,0.0000,0.0000,0.0000,0.0000,0.0000,0.0000

1230.5490,0.0000,0.0000,0.0000,0.0000,0.0000,0.0000,0.0000,0.0000,0.0000,0.0000,0.0000

1231.5490,0.0000,0.0000,0.0000,0.0000,0.0000,0.0000,0.0000,0.0000,0.0000,0.0000,0.0000

1232.5510,0.0000,0.0000,0.0000,0.0000,0.0000,0.0000,0.0000,0.0000,0.0000,0.0000,0.0000

1233.5490,0.0000,0.0000,0.0000,0.0000,0.0000,0.0000,0.0000,0.0000,0.0000,0.0000,0.0000

1234.5490,0.0000,0.0000,0.0000,0.0000,0.0000,0.0000,0.0000,0.0000,0.0000,0.0000,0.0000

1235.5490,0.0000,0.0000,0.0000,0.0000,0.0000,0.0000,0.0000,0.0000,0.0000,0.0000,0.0000

1236.5500,0.0000,0.0000,0.0000,0.0000,0.0000,0.0000,0.0000,0.0000,0.0000,0.0000,0.0000

1237.5500,0.0000,0.0000,0.0000,0.0000,0.0000,0.0000,0.0000,0.0000,0.0000,0.0000,0.0000

1238.5490,0.0000,0.0000,0.0000,0.0000,0.0000,0.0000,0.0000,0.0000,0.0000,0.0000,0.0000

1239.5510,0.0000,0.0000,0.0000,0.0000,0.0000,0.0000,0.0000,0.0000,0.0000,0.0000,0.0000

1240.5490,0.0000,0.0000,0.0000,0.0000,0.0000,0.0000,0.0000,0.0000,0.0000,0.0000,0.0000

1241.5490,0.0000,0.0000,0.0000,0.0000,0.0000,0.0000,0.0000,0.0000,0.0000,0.0000,0.0000

1242.5490,0.0000,0.0000,0.0000,0.0000,0.0000,0.0000,0.0000,0.0000,0.0000,0.0000,0.0000

1243.5490,0.0000,0.0000,0.0000,0.0000,0.0000,0.0000,0.0000,0.0000,0.0000,0.0000,0.0000

1244.5500,0.0000,0.0000,0.0000,0.0000,0.0000,0.0000,0.0000,0.0000,0.0000,0.0000,0.0000

1245.5500,0.0000,0.0000,0.0000,0.0000,0.0000,0.0000,0.0000,0.0000,0.0000,0.0000,0.0000

1246.5490,0.0000,0.0000,0.0000,0.0000,0.0000,0.0000,0.0000,0.0000,0.0000,0.0000,0.0000

1247.5490,0.0000,0.0000,0.0000,0.0000,0.0000,0.0000,0.0000,0.0000,0.0000,0.0000,0.0000

1248.5500,0.0000,0.0000,0.0000,0.0000,0.0000,0.0000,0.0000,0.0000,0.0000,0.0000,0.0000

1249.5490,0.0000,0.0000,0.0000,0.0000,0.0000,0.0000,0.0000,0.0000,0.0000,0.0000,0.0000

1250.5500,0.0000,0.0000,0.0000,0.0000,0.0000,0.0000,0.0000,0.0000,0.0000,0.0000,0.0000

1251.5490,0.0000,0.0000,0.0000,0.0000,0.0000,0.0000,0.0000,0.0000,0.0000,0.0000,0.0000

1252.5490,0.0000,0.0000,0.0000,0.0000,0.0000,0.0000,0.0000,0.0000,0.0000,0.0000,0.0000

1253.5490,0.0000,0.0000,0.0000,0.0000,0.0000,0.0000,0.0000,0.0000,0.0000,0.0000,0.0000

1254.5490,0.0000,0.0000,0.0000,0.0000,0.0000,0.0000,0.0000,0.0000,0.0000,0.0000,0.0000

1255.5500,0.0000,0.0000,0.0000,0.0000,0.0000,0.0000,0.0000,0.0000,0.0000,0.0000,0.0000

1256.5490,0.0000,0.0000,0.0000,0.0000,0.0000,0.0000,0.0000,0.0000,0.0000,0.0000,0.0000

1257.5490,0.0000,0.0000,0.0000,0.0000,0.0000,0.0000,0.0000,0.0000,0.0000,0.0000,0.0000

1258.5490,0.0000,0.0000,0.0000,0.0000,0.0000,0.0000,0.0000,0.0000,0.0000,0.0000,0.0000

1259.5500,0.0000,0.0000,0.0000,0.0000,0.0000,0.0000,0.0000,0.0000,0.0000,0.0000,0.0000

1260.5490,0.0000,0.0000,0.0000,0.0000,0.0000,0.0000,0.0000,0.0000,0.0000,0.0000,0.0000

1261.5490,0.0000,0.0000,0.0000,0.0000,0.0000,0.0000,0.0000,0.0000,0.0000,0.0000,0.0000

1262.5490,0.0000,0.0000,0.0000,0.0000,0.0000,0.0000,0.0000,0.0000,0.0000,0.0000,0.0000

1263.5490,0.0000,0.0000,0.0000,0.0000,0.0000,0.0000,0.0000,0.0000,0.0000,0.0000,0.0000

1264.5490,0.0000,0.0000,0.0000,0.0000,0.0000,0.0000,0.0000,0.0000,0.0000,0.0000,0.0000

1265.5490,0.0000,0.0000,0.0000,0.0000,0.0000,0.0000,0.0000,0.0000,0.0000,0.0000,0.0000

1266.5500,0.0000,0.0000,0.0000,0.0000,0.0000,0.0000,0.0000,0.0000,0.0000,0.0000,0.0000

1267.5490,0.0000,0.0000,0.0000,0.0000,0.0000,0.0000,0.0000,0.0000,0.0000,0.0000,0.0000

1268.5500,0.0000,0.0000,0.0000,0.0000,0.0000,0.0000,0.0000,0.0000,0.0000,0.0000,0.0000

1269.5500,0.0000,0.0000,0.0000,0.0000,0.0000,0.0000,0.0000,0.0000,0.0000,0.0000,0.0000

1270.5490,0.0000,0.0000,0.0000,0.0000,0.0000,0.0000,0.0000,0.0000,0.0000,0.0000,0.0000

1271.5490,0.0000,0.0000,0.0000,0.0000,0.0000,0.0000,0.0000,0.0000,0.0000,0.0000,0.0000

1272.5500,0.0000,0.0000,0.0000,0.0000,0.0000,0.0000,0.0000,0.0000,0.0000,0.0000,0.0000

1273.5490,0.0000,0.0000,0.0000,0.0000,0.0000,0.0000,0.0000,0.0000,0.0000,0.0000,0.0000

1274.5490,0.0000,0.0000,0.0000,0.0000,0.0000,0.0000,0.0000,0.0000,0.0000,0.0000,0.0000

1275.5500,0.0000,0.0000,0.0000,0.0000,0.0000,0.0000,0.0000,0.0000,0.0000,0.0000,0.0000

1276.5500,0.0000,0.0000,0.0000,0.0000,0.0000,0.0000,0.0000,0.0000,0.0000,0.0000,0.0000

1277.5490,0.0000,0.0000,0.0000,0.0000,0.0000,0.0000,0.0000,0.0000,0.0000,0.0000,0.0000

1278.5490,0.0000,0.0000,0.0000,0.0000,0.0000,0.0000,0.0000,0.0000,0.0000,0.0000,0.0000

1279.5500,0.0000,0.0000,0.0000,0.0000,0.0000,0.0000,0.0000,0.0000,0.0000,0.0000,0.0000

1280.5490,0.0000,0.0000,0.0000,0.0000,0.0000,0.0000,0.0000,0.0000,0.0000,0.0000,0.0000

1281.5500,0.0000,0.0000,0.0000,0.0000,0.0000,0.0000,0.0000,0.0000,0.0000,0.0000,0.0000

1282.5500,0.0000,0.0000,0.0000,0.0000,0.0000,0.0000,0.0000,0.0000,0.0000,0.0000,0.0000

1283.5490,0.0000,0.0000,0.0000,0.0000,0.0000,0.0000,0.0000,0.0000,0.0000,0.0000,0.0000

1284.5490,0.0000,0.0000,0.0000,0.0000,0.0000,0.0000,0.0000,0.0000,0.0000,0.0000,0.0000

1285.5500,0.0000,0.0000,0.0000,0.0000,0.0000,0.0000,0.0000,0.0000,0.0000,0.0000,0.0000

1286.5500,0.0000,0.0000,0.0000,0.0000,0.0000,0.0000,0.0000,0.0000,0.0000,0.0000,0.0000

1287.5490,0.0000,0.0000,0.0000,0.0000,0.0000,0.0000,0.0000,0.0000,0.0000,0.0000,0.0000

1288.5500,0.0000,0.0000,0.0000,0.0000,0.0000,0.0000,0.0000,0.0000,0.0000,0.0000,0.0000

1289.5490,0.0000,0.0000,0.0000,0.0000,0.0000,0.0000,0.0000,0.0000,0.0000,0.0000,0.0000

1290.5490,0.0000,0.0000,0.0000,0.0000,0.0000,0.0000,0.0000,0.0000,0.0000,0.0000,0.0000

1291.5500,0.0000,0.0000,0.0000,0.0000,0.0000,0.0000,0.0000,0.0000,0.0000,0.0000,0.0000

1292.5490,0.0000,0.0000,0.0000,0.0000,0.0000,0.0000,0.0000,0.0000,0.0000,0.0000,0.0000

1293.5490,0.0000,0.0000,0.0000,0.0000,0.0000,0.0000,0.0000,0.0000,0.0000,0.0000,0.0000

1294.5490,0.0000,0.0000,0.0000,0.0000,0.0000,0.0000,0.0000,0.0000,0.0000,0.0000,0.0000

1295.5490,0.0000,0.0000,0.0000,0.0000,0.0000,0.0000,0.0000,0.0000,0.0000,0.0000,0.0000

1296.5500,0.0000,0.0000,0.0000,0.0000,0.0000,0.0000,0.0000,0.0000,0.0000,0.0000,0.0000

1297.5490,0.0000,0.0000,0.0000,0.0000,0.0000,0.0000,0.0000,0.0000,0.0000,0.0000,0.0000

1298.5500,0.0000,0.0000,0.0000,0.0000,0.0000,0.0000,0.0000,0.0000,0.0000,0.0000,0.0000

1299.5490,0.0000,0.0000,0.0000,0.0000,0.0000,0.0000,0.0000,0.0000,0.0000,0.0000,0.0000

1300.5500,0.0000,0.0000,0.0000,0.0000,0.0000,0.0000,0.0000,0.0000,0.0000,0.0000,0.0000

1301.5490,0.0000,0.0000,0.0000,0.0000,0.0000,0.0000,0.0000,0.0000,0.0000,0.0000,0.0000

1302.5490,0.0000,0.0000,0.0000,0.0000,0.0000,0.0000,0.0000,0.0000,0.0000,0.0000,0.0000

1303.5490,0.0000,0.0000,0.0000,0.0000,0.0000,0.0000,0.0000,0.0000,0.0000,0.0000,0.0000

1304.5500,0.0000,0.0000,0.0000,0.0000,0.0000,0.0000,0.0000,0.0000,0.0000,0.0000,0.0000

1305.5490,0.0000,0.0000,0.0000,0.0000,0.0000,0.0000,0.0000,0.0000,0.0000,0.0000,0.0000

1306.5500,0.0000,0.0000,0.0000,0.0000,0.0000,0.0000,0.0000,0.0000,0.0000,0.0000,0.0000

1307.5490,0.0000,0.0000,0.0000,0.0000,0.0000,0.0000,0.0000,0.0000,0.0000,0.0000,0.0000

1308.5490,0.0000,0.0000,0.0000,0.0000,0.0000,0.0000,0.0000,0.0000,0.0000,0.0000,0.0000

1309.5490,0.0000,0.0000,0.0000,0.0000,0.0000,0.0000,0.0000,0.0000,0.0000,0.0000,0.0000

1310.5490,0.0000,0.0000,0.0000,0.0000,0.0000,0.0000,0.0000,0.0000,0.0000,0.0000,0.0000

1311.5500,0.0000,0.0000,0.0000,0.0000,0.0000,0.0000,0.0000,0.0000,0.0000,0.0000,0.0000

1312.5490,0.0000,0.0000,0.0000,0.0000,0.0000,0.0000,0.0000,0.0000,0.0000,0.0000,0.0000

1313.5490,0.0000,0.0000,0.0000,0.0000,0.0000,0.0000,0.0000,0.0000,0.0000,0.0000,0.0000

1314.5490,0.0000,0.0000,0.0000,0.0000,0.0000,0.0000,0.0000,0.0000,0.0000,0.0000,0.0000

1315.5490,0.0000,0.0000,0.0000,0.0000,0.0000,0.0000,0.0000,0.0000,0.0000,0.0000,0.0000

1316.5490,0.0000,0.0000,0.0000,0.0000,0.0000,0.0000,0.0000,0.0000,0.0000,0.0000,0.0000

1317.5500,0.0000,0.0000,0.0000,0.0000,0.0000,0.0000,0.0000,0.0000,0.0000,0.0000,0.0000

1318.5500,0.0000,0.0000,0.0000,0.0000,0.0000,0.0000,0.0000,0.0000,0.0000,0.0000,0.0000

1319.5490,0.0000,0.0000,0.0000,0.0000,0.0000,0.0000,0.0000,0.0000,0.0000,0.0000,0.0000

1320.5500,0.0000,0.0000,0.0000,0.0000,0.0000,0.0000,0.0000,0.0000,0.0000,0.0000,0.0000

1321.5500,0.0000,0.0000,0.0000,0.0000,0.0000,0.0000,0.0000,0.0000,0.0000,0.0000,0.0000

1322.5490,0.0000,0.0000,0.0000,0.0000,0.0000,0.0000,0.0000,0.0000,0.0000,0.0000,0.0000

1323.5490,0.0000,0.0000,0.0000,0.0000,0.0000,0.0000,0.0000,0.0000,0.0000,0.0000,0.0000

1324.5500,0.0000,0.0000,0.0000,0.0000,0.0000,0.0000,0.0000,0.0000,0.0000,0.0000,0.0000

1325.5490,0.0000,0.0000,0.0000,0.0000,0.0000,0.0000,0.0000,0.0000,0.0000,0.0000,0.0000

1326.5490,0.0000,0.0000,0.0000,0.0000,0.0000,0.0000,0.0000,0.0000,0.0000,0.0000,0.0000

1327.5490,0.0000,0.0000,0.0000,0.0000,0.0000,0.0000,0.0000,0.0000,0.0000,0.0000,0.0000

1328.5500,0.0000,0.0000,0.0000,0.0000,0.0000,0.0000,0.0000,0.0000,0.0000,0.0000,0.0000

1329.5490,0.0000,0.0000,0.0000,0.0000,0.0000,0.0000,0.0000,0.0000,0.0000,0.0000,0.0000

1330.5500,0.0000,0.0000,0.0000,0.0000,0.0000,0.0000,0.0000,0.0000,0.0000,0.0000,0.0000

1331.5490,0.0000,0.0000,0.0000,0.0000,0.0000,0.0000,0.0000,0.0000,0.0000,0.0000,0.0000

1332.5490,0.0000,0.0000,0.0000,0.0000,0.0000,0.0000,0.0000,0.0000,0.0000,0.0000,0.0000

1333.5490,0.0000,0.0000,0.0000,0.0000,0.0000,0.0000,0.0000,0.0000,0.0000,0.0000,0.0000

1334.5490,0.0000,0.0000,0.0000,0.0000,0.0000,0.0000,0.0000,0.0000,0.0000,0.0000,0.0000

1335.5490,0.0000,0.0000,0.0000,0.0000,0.0000,0.0000,0.0000,0.0000,0.0000,0.0000,0.0000

1336.5490,0.0000,0.0000,0.0000,0.0000,0.0000,0.0000,0.0000,0.0000,0.0000,0.0000,0.0000

1337.5490,0.0000,0.0000,0.0000,0.0000,0.0000,0.0000,0.0000,0.0000,0.0000,0.0000,0.0000

1338.5500,0.0000,0.0000,0.0000,0.0000,0.0000,0.0000,0.0000,0.0000,0.0000,0.0000,0.0000

1339.5500,0.0000,0.0000,0.0000,0.0000,0.0000,0.0000,0.0000,0.0000,0.0000,0.0000,0.0000

1340.5490,0.0000,0.0000,0.0000,0.0000,0.0000,0.0000,0.0000,0.0000,0.0000,0.0000,0.0000

1341.5490,0.0000,0.0000,0.0000,0.0000,0.0000,0.0000,0.0000,0.0000,0.0000,0.0000,0.0000

1342.5490,0.0000,0.0000,0.0000,0.0000,0.0000,0.0000,0.0000,0.0000,0.0000,0.0000,0.0000

1343.5500,0.0000,0.0000,0.0000,0.0000,0.0000,0.0000,0.0000,0.0000,0.0000,0.0000,0.0000

1344.5490,0.0000,0.0000,0.0000,0.0000,0.0000,0.0000,0.0000,0.0000,0.0000,0.0000,0.0000

1345.5490,0.0000,0.0000,0.0000,0.0000,0.0000,0.0000,0.0000,0.0000,0.0000,0.0000,0.0000

1346.5500,0.0000,0.0000,0.0000,0.0000,0.0000,0.0000,0.0000,0.0000,0.0000,0.0000,0.0000

1347.5490,0.0000,0.0000,0.0000,0.0000,0.0000,0.0000,0.0000,0.0000,0.0000,0.0000,0.0000

1348.5490,0.0000,0.0000,0.0000,0.0000,0.0000,0.0000,0.0000,0.0000,0.0000,0.0000,0.0000

1349.5500,0.0000,0.0000,0.0000,0.0000,0.0000,0.0000,0.0000,0.0000,0.0000,0.0000,0.0000

1350.5490,0.0000,0.0000,0.0000,0.0000,0.0000,0.0000,0.0000,0.0000,0.0000,0.0000,0.0000

1351.5490,0.0000,0.0000,0.0000,0.0000,0.0000,0.0000,0.0000,0.0000,0.0000,0.0000,0.0000

1352.5500,0.0000,0.0000,0.0000,0.0000,0.0000,0.0000,0.0000,0.0000,0.0000,0.0000,0.0000

1353.5490,0.0000,0.0000,0.0000,0.0000,0.0000,0.0000,0.0000,0.0000,0.0000,0.0000,0.0000

1354.5490,0.0000,0.0000,0.0000,0.0000,0.0000,0.0000,0.0000,0.0000,0.0000,0.0000,0.0000

1355.5500,0.0000,0.0000,0.0000,0.0000,0.0000,0.0000,0.0000,0.0000,0.0000,0.0000,0.0000

1356.5500,0.0000,0.0000,0.0000,0.0000,0.0000,0.0000,0.0000,0.0000,0.0000,0.0000,0.0000

1357.5490,0.0000,0.0000,0.0000,0.0000,0.0000,0.0000,0.0000,0.0000,0.0000,0.0000,0.0000

1358.5490,0.0000,0.0000,0.0000,0.0000,0.0000,0.0000,0.0000,0.0000,0.0000,0.0000,0.0000

1359.5490,0.0000,0.0000,0.0000,0.0000,0.0000,0.0000,0.0000,0.0000,0.0000,0.0000,0.0000

1360.5490,0.0000,0.0000,0.0000,0.0000,0.0000,0.0000,0.0000,0.0000,0.0000,0.0000,0.0000

1361.5500,0.0000,0.0000,0.0000,0.0000,0.0000,0.0000,0.0000,0.0000,0.0000,0.0000,0.0000

1362.5490,0.0000,0.0000,0.0000,0.0000,0.0000,0.0000,0.0000,0.0000,0.0000,0.0000,0.0000

1363.5500,0.0000,0.0000,0.0000,0.0000,0.0000,0.0000,0.0000,0.0000,0.0000,0.0000,0.0000

1364.5490,0.0000,0.0000,0.0000,0.0000,0.0000,0.0000,0.0000,0.0000,0.0000,0.0000,0.0000

1365.5490,0.0000,0.0000,0.0000,0.0000,0.0000,0.0000,0.0000,0.0000,0.0000,0.0000,0.0000

1366.5490,0.0000,0.0000,0.0000,0.0000,0.0000,0.0000,0.0000,0.0000,0.0000,0.0000,0.0000

1367.5490,0.0000,0.0000,0.0000,0.0000,0.0000,0.0000,0.0000,0.0000,0.0000,0.0000,0.0000

1368.5500,0.0000,0.0000,0.0000,0.0000,0.0000,0.0000,0.0000,0.0000,0.0000,0.0000,0.0000

1369.5490,0.0000,0.0000,0.0000,0.0000,0.0000,0.0000,0.0000,0.0000,0.0000,0.0000,0.0000

1370.5490,0.0000,0.0000,0.0000,0.0000,0.0000,0.0000,0.0000,0.0000,0.0000,0.0000,0.0000

1371.5500,0.0000,0.0000,0.0000,0.0000,0.0000,0.0000,0.0000,0.0000,0.0000,0.0000,0.0000

1372.5490,0.0000,0.0000,0.0000,0.0000,0.0000,0.0000,0.0000,0.0000,0.0000,0.0000,0.0000

1373.5490,0.0000,0.0000,0.0000,0.0000,0.0000,0.0000,0.0000,0.0000,0.0000,0.0000,0.0000

1374.5490,0.0000,0.0000,0.0000,0.0000,0.0000,0.0000,0.0000,0.0000,0.0000,0.0000,0.0000

1375.5490,0.0000,0.0000,0.0000,0.0000,0.0000,0.0000,0.0000,0.0000,0.0000,0.0000,0.0000

1376.5490,0.0000,0.0000,0.0000,0.0000,0.0000,0.0000,0.0000,0.0000,0.0000,0.0000,0.0000

1377.5490,0.0000,0.0000,0.0000,0.0000,0.0000,0.0000,0.0000,0.0000,0.0000,0.0000,0.0000

1378.5490,0.0000,0.0000,0.0000,0.0000,0.0000,0.0000,0.0000,0.0000,0.0000,0.0000,0.0000

1379.5500,0.0000,0.0000,0.0000,0.0000,0.0000,0.0000,0.0000,0.0000,0.0000,0.0000,0.0000

1380.5490,0.0000,0.0000,0.0000,0.0000,0.0000,0.0000,0.0000,0.0000,0.0000,0.0000,0.0000

1381.5490,0.0000,0.0000,0.0000,0.0000,0.0000,0.0000,0.0000,0.0000,0.0000,0.0000,0.0000

1382.5490,0.0000,0.0000,0.0000,0.0000,0.0000,0.0000,0.0000,0.0000,0.0000,0.0000,0.0000

1383.5490,0.0000,0.0000,0.0000,0.0000,0.0000,0.0000,0.0000,0.0000,0.0000,0.0000,0.0000

1384.5490,0.0000,0.0000,0.0000,0.0000,0.0000,0.0000,0.0000,0.0000,0.0000,0.0000,0.0000

1385.5500,0.0000,0.0000,0.0000,0.0000,0.0000,0.0000,0.0000,0.0000,0.0000,0.0000,0.0000

1386.5490,0.0000,0.0000,0.0000,0.0000,0.0000,0.0000,0.0000,0.0000,0.0000,0.0000,0.0000

1387.5500,0.0000,0.0000,0.0000,0.0000,0.0000,0.0000,0.0000,0.0000,0.0000,0.0000,0.0000

1388.5500,0.0000,0.0000,0.0000,0.0000,0.0000,0.0000,0.0000,0.0000,0.0000,0.0000,0.0000

1389.5490,0.0000,0.0000,0.0000,0.0000,0.0000,0.0000,0.0000,0.0000,0.0000,0.0000,0.0000

1390.5500,0.0000,0.0000,0.0000,0.0000,0.0000,0.0000,0.0000,0.0000,0.0000,0.0000,0.0000

1391.5490,0.0000,0.0000,0.0000,0.0000,0.0000,0.0000,0.0000,0.0000,0.0000,0.0000,0.0000

1392.5500,0.0000,0.0000,0.0000,0.0000,0.0000,0.0000,0.0000,0.0000,0.0000,0.0000,0.0000

1393.5490,0.0000,0.0000,0.0000,0.0000,0.0000,0.0000,0.0000,0.0000,0.0000,0.0000,0.0000

1394.5490,0.0000,0.0000,0.0000,0.0000,0.0000,0.0000,0.0000,0.0000,0.0000,0.0000,0.0000

1395.5490,0.0000,0.0000,0.0000,0.0000,0.0000,0.0000,0.0000,0.0000,0.0000,0.0000,0.0000

1396.5490,0.0000,0.0000,0.0000,0.0000,0.0000,0.0000,0.0000,0.0000,0.0000,0.0000,0.0000

1397.5490,0.0000,0.0000,0.0000,0.0000,0.0000,0.0000,0.0000,0.0000,0.0000,0.0000,0.0000

1398.5500,0.0000,0.0000,0.0000,0.0000,0.0000,0.0000,0.0000,0.0000,0.0000,0.0000,0.0000

1399.5490,0.0000,0.0000,0.0000,0.0000,0.0000,0.0000,0.0000,0.0000,0.0000,0.0000,0.0000

1400.5490,0.0000,0.0000,0.0000,0.0000,0.0000,0.0000,0.0000,0.0000,0.0000,0.0000,0.0000

1401.5500,0.0000,0.0000,0.0000,0.0000,0.0000,0.0000,0.0000,0.0000,0.0000,0.0000,0.0000

1402.5490,0.0000,0.0000,0.0000,0.0000,0.0000,0.0000,0.0000,0.0000,0.0000,0.0000,0.0000

1403.5490,0.0000,0.0000,0.0000,0.0000,0.0000,0.0000,0.0000,0.0000,0.0000,0.0000,0.0000

1404.5490,0.0000,0.0000,0.0000,0.0000,0.0000,0.0000,0.0000,0.0000,0.0000,0.0000,0.0000

1405.5490,0.0000,0.0000,0.0000,0.0000,0.0000,0.0000,0.0000,0.0000,0.0000,0.0000,0.0000

1406.5500,0.0000,0.0000,0.0000,0.0000,0.0000,0.0000,0.0000,0.0000,0.0000,0.0000,0.0000

1407.5490,0.0000,0.0000,0.0000,0.0000,0.0000,0.0000,0.0000,0.0000,0.0000,0.0000,0.0000

1408.5500,0.0000,0.0000,0.0000,0.0000,0.0000,0.0000,0.0000,0.0000,0.0000,0.0000,0.0000

1409.5500,0.0000,0.0000,0.0000,0.0000,0.0000,0.0000,0.0000,0.0000,0.0000,0.0000,0.0000

1410.5490,0.0000,0.0000,0.0000,0.0000,0.0000,0.0000,0.0000,0.0000,0.0000,0.0000,0.0000

1411.5490,0.0000,0.0000,0.0000,0.0000,0.0000,0.0000,0.0000,0.0000,0.0000,0.0000,0.0000

1412.5500,0.0000,0.0000,0.0000,0.0000,0.0000,0.0000,0.0000,0.0000,0.0000,0.0000,0.0000

1413.5500,0.0000,0.0000,0.0000,0.0000,0.0000,0.0000,0.0000,0.0000,0.0000,0.0000,0.0000

1414.5490,0.0000,0.0000,0.0000,0.0000,0.0000,0.0000,0.0000,0.0000,0.0000,0.0000,0.0000

1415.5500,0.0000,0.0000,0.0000,0.0000,0.0000,0.0000,0.0000,0.0000,0.0000,0.0000,0.0000

1416.5490,0.0000,0.0000,0.0000,0.0000,0.0000,0.0000,0.0000,0.0000,0.0000,0.0000,0.0000

1417.5490,0.0000,0.0000,0.0000,0.0000,0.0000,0.0000,0.0000,0.0000,0.0000,0.0000,0.0000

1418.5490,0.0000,0.0000,0.0000,0.0000,0.0000,0.0000,0.0000,0.0000,0.0000,0.0000,0.0000

1419.5490,0.0000,0.0000,0.0000,0.0000,0.0000,0.0000,0.0000,0.0000,0.0000,0.0000,0.0000

1420.5500,0.0000,0.0000,0.0000,0.0000,0.0000,0.0000,0.0000,0.0000,0.0000,0.0000,0.0000

1421.5500,0.0000,0.0000,0.0000,0.0000,0.0000,0.0000,0.0000,0.0000,0.0000,0.0000,0.0000

1422.5500,0.0000,0.0000,0.0000,0.0000,0.0000,0.0000,0.0000,0.0000,0.0000,0.0000,0.0000

1423.5490,0.0000,0.0000,0.0000,0.0000,0.0000,0.0000,0.0000,0.0000,0.0000,0.0000,0.0000

1424.5490,0.0000,0.0000,0.0000,0.0000,0.0000,0.0000,0.0000,0.0000,0.0000,0.0000,0.0000

1425.5500,0.0000,0.0000,0.0000,0.0000,0.0000,0.0000,0.0000,0.0000,0.0000,0.0000,0.0000

1426.5490,0.0000,0.0000,0.0000,0.0000,0.0000,0.0000,0.0000,0.0000,0.0000,0.0000,0.0000

1427.5500,0.0000,0.0000,0.0000,0.0000,0.0000,0.0000,0.0000,0.0000,0.0000,0.0000,0.0000

1428.5490,0.0000,0.0000,0.0000,0.0000,0.0000,0.0000,0.0000,0.0000,0.0000,0.0000,0.0000

1429.5490,0.0000,0.0000,0.0000,0.0000,0.0000,0.0000,0.0000,0.0000,0.0000,0.0000,0.0000

1430.5490,0.0000,0.0000,0.0000,0.0000,0.0000,0.0000,0.0000,0.0000,0.0000,0.0000,0.0000

1431.5490,0.0000,0.0000,0.0000,0.0000,0.0000,0.0000,0.0000,0.0000,0.0000,0.0000,0.0000

1432.5500,0.0000,0.0000,0.0000,0.0000,0.0000,0.0000,0.0000,0.0000,0.0000,0.0000,0.0000

1433.5510,0.0000,0.0000,0.0000,0.0000,0.0000,0.0000,0.0000,0.0000,0.0000,0.0000,0.0000

1434.5490,0.0000,0.0000,0.0000,0.0000,0.0000,0.0000,0.0000,0.0000,0.0000,0.0000,0.0000

1435.5500,0.0000,0.0000,0.0000,0.0000,0.0000,0.0000,0.0000,0.0000,0.0000,0.0000,0.0000

1436.5490,0.0000,0.0000,0.0000,0.0000,0.0000,0.0000,0.0000,0.0000,0.0000,0.0000,0.0000

1437.5490,0.0000,0.0000,0.0000,0.0000,0.0000,0.0000,0.0000,0.0000,0.0000,0.0000,0.0000

1438.5490,0.0000,0.0000,0.0000,0.0000,0.0000,0.0000,0.0000,0.0000,0.0000,0.0000,0.0000

1439.5490,0.0000,0.0000,0.0000,0.0000,0.0000,0.0000,0.0000,0.0000,0.0000,0.0000,0.0000

1440.5490,0.0000,0.0000,0.0000,0.0000,0.0000,0.0000,0.0000,0.0000,0.0000,0.0000,0.0000

1441.5490,0.0000,0.0000,0.0000,0.0000,0.0000,0.0000,0.0000,0.0000,0.0000,0.0000,0.0000

1442.5500,0.0000,0.0000,0.0000,0.0000,0.0000,0.0000,0.0000,0.0000,0.0000,0.0000,0.0000

1443.5490,0.0000,0.0000,0.0000,0.0000,0.0000,0.0000,0.0000,0.0000,0.0000,0.0000,0.0000

1444.5490,0.0000,0.0000,0.0000,0.0000,0.0000,0.0000,0.0000,0.0000,0.0000,0.0000,0.0000

1445.5490,0.0000,0.0000,0.0000,0.0000,0.0000,0.0000,0.0000,0.0000,0.0000,0.0000,0.0000

1446.5490,0.0000,0.0000,0.0000,0.0000,0.0000,0.0000,0.0000,0.0000,0.0000,0.0000,0.0000

1447.5490,0.0000,0.0000,0.0000,0.0000,0.0000,0.0000,0.0000,0.0000,0.0000,0.0000,0.0000

1448.5490,0.0000,0.0000,0.0000,0.0000,0.0000,0.0000,0.0000,0.0000,0.0000,0.0000,0.0000

1449.5490,0.0000,0.0000,0.0000,0.0000,0.0000,0.0000,0.0000,0.0000,0.0000,0.0000,0.0000

1450.5500,0.0000,0.0000,0.0000,0.0000,0.0000,0.0000,0.0000,0.0000,0.0000,0.0000,0.0000

1451.5500,0.0000,0.0000,0.0000,0.0000,0.0000,0.0000,0.0000,0.0000,0.0000,0.0000,0.0000

1452.5490,0.0000,0.0000,0.0000,0.0000,0.0000,0.0000,0.0000,0.0000,0.0000,0.0000,0.0000

1453.5490,0.0000,0.0000,0.0000,0.0000,0.0000,0.0000,0.0000,0.0000,0.0000,0.0000,0.0000

1454.5490,0.0000,0.0000,0.0000,0.0000,0.0000,0.0000,0.0000,0.0000,0.0000,0.0000,0.0000

1455.5490,0.0000,0.0000,0.0000,0.0000,0.0000,0.0000,0.0000,0.0000,0.0000,0.0000,0.0000

1456.5490,0.0000,0.0000,0.0000,0.0000,0.0000,0.0000,0.0000,0.0000,0.0000,0.0000,0.0000

1457.5490,0.0000,0.0000,0.0000,0.0000,0.0000,0.0000,0.0000,0.0000,0.0000,0.0000,0.0000

1458.5490,0.0000,0.0000,0.0000,0.0000,0.0000,0.0000,0.0000,0.0000,0.0000,0.0000,0.0000

1459.5500,0.0000,0.0000,0.0000,0.0000,0.0000,0.0000,0.0000,0.0000,0.0000,0.0000,0.0000

1460.5490,0.0000,0.0000,0.0000,0.0000,0.0000,0.0000,0.0000,0.0000,0.0000,0.0000,0.0000

1461.5490,0.0000,0.0000,0.0000,0.0000,0.0000,0.0000,0.0000,0.0000,0.0000,0.0000,0.0000

1462.5490,0.0000,0.0000,0.0000,0.0000,0.0000,0.0000,0.0000,0.0000,0.0000,0.0000,0.0000

1463.5490,0.0000,0.0000,0.0000,0.0000,0.0000,0.0000,0.0000,0.0000,0.0000,0.0000,0.0000

1464.5490,0.0000,0.0000,0.0000,0.0000,0.0000,0.0000,0.0000,0.0000,0.0000,0.0000,0.0000

1465.5490,0.0000,0.0000,0.0000,0.0000,0.0000,0.0000,0.0000,0.0000,0.0000,0.0000,0.0000

1466.5500,0.0000,0.0000,0.0000,0.0000,0.0000,0.0000,0.0000,0.0000,0.0000,0.0000,0.0000

1467.5490,0.0000,0.0000,0.0000,0.0000,0.0000,0.0000,0.0000,0.0000,0.0000,0.0000,0.0000

1468.5490,0.0000,0.0000,0.0000,0.0000,0.0000,0.0000,0.0000,0.0000,0.0000,0.0000,0.0000

1469.5490,0.0000,0.0000,0.0000,0.0000,0.0000,0.0000,0.0000,0.0000,0.0000,0.0000,0.0000

1470.5490,0.0000,0.0000,0.0000,0.0000,0.0000,0.0000,0.0000,0.0000,0.0000,0.0000,0.0000

1471.5500,0.0000,0.0000,0.0000,0.0000,0.0000,0.0000,0.0000,0.0000,0.0000,0.0000,0.0000

1472.5490,0.0000,0.0000,0.0000,0.0000,0.0000,0.0000,0.0000,0.0000,0.0000,0.0000,0.0000

1473.5490,0.0000,0.0000,0.0000,0.0000,0.0000,0.0000,0.0000,0.0000,0.0000,0.0000,0.0000

1474.5500,0.0000,0.0000,0.0000,0.0000,0.0000,0.0000,0.0000,0.0000,0.0000,0.0000,0.0000

1475.5490,0.0000,0.0000,0.0000,0.0000,0.0000,0.0000,0.0000,0.0000,0.0000,0.0000,0.0000

1476.5490,0.0000,0.0000,0.0000,0.0000,0.0000,0.0000,0.0000,0.0000,0.0000,0.0000,0.0000

1477.5490,0.0000,0.0000,0.0000,0.0000,0.0000,0.0000,0.0000,0.0000,0.0000,0.0000,0.0000

1478.5490,0.0000,0.0000,0.0000,0.0000,0.0000,0.0000,0.0000,0.0000,0.0000,0.0000,0.0000

1479.5490,0.0000,0.0000,0.0000,0.0000,0.0000,0.0000,0.0000,0.0000,0.0000,0.0000,0.0000

1480.5490,0.0000,0.0000,0.0000,0.0000,0.0000,0.0000,0.0000,0.0000,0.0000,0.0000,0.0000

1481.5490,0.0000,0.0000,0.0000,0.0000,0.0000,0.0000,0.0000,0.0000,0.0000,0.0000,0.0000

1482.5500,0.0000,0.0000,0.0000,0.0000,0.0000,0.0000,0.0000,0.0000,0.0000,0.0000,0.0000

1483.5490,0.0000,0.0000,0.0000,0.0000,0.0000,0.0000,0.0000,0.0000,0.0000,0.0000,0.0000

1484.5490,0.0000,0.0000,0.0000,0.0000,0.0000,0.0000,0.0000,0.0000,0.0000,0.0000,0.0000

1485.5500,0.0000,0.0000,0.0000,0.0000,0.0000,0.0000,0.0000,0.0000,0.0000,0.0000,0.0000

1486.5490,0.0000,0.0000,0.0000,0.0000,0.0000,0.0000,0.0000,0.0000,0.0000,0.0000,0.0000

1487.5500,0.0000,0.0000,0.0000,0.0000,0.0000,0.0000,0.0000,0.0000,0.0000,0.0000,0.0000

1488.5490,0.0000,0.0000,0.0000,0.0000,0.0000,0.0000,0.0000,0.0000,0.0000,0.0000,0.0000

1489.5500,0.0000,0.0000,0.0000,0.0000,0.0000,0.0000,0.0000,0.0000,0.0000,0.0000,0.0000

1490.5490,0.0000,0.0000,0.0000,0.0000,0.0000,0.0000,0.0000,0.0000,0.0000,0.0000,0.0000

1491.5500,0.0000,0.0000,0.0000,0.0000,0.0000,0.0000,0.0000,0.0000,0.0000,0.0000,0.0000

1492.5500,0.0000,0.0000,0.0000,0.0000,0.0000,0.0000,0.0000,0.0000,0.0000,0.0000,0.0000

1493.5500,0.0000,0.0000,0.0000,0.0000,0.0000,0.0000,0.0000,0.0000,0.0000,0.0000,0.0000

1494.5490,0.0000,0.0000,0.0000,0.0000,0.0000,0.0000,0.0000,0.0000,0.0000,0.0000,0.0000

1495.5490,0.0000,0.0000,0.0000,0.0000,0.0000,0.0000,0.0000,0.0000,0.0000,0.0000,0.0000

1496.5490,0.0000,0.0000,0.0000,0.0000,0.0000,0.0000,0.0000,0.0000,0.0000,0.0000,0.0000

1497.5490,0.0000,0.0000,0.0000,0.0000,0.0000,0.0000,0.0000,0.0000,0.0000,0.0000,0.0000

1498.5490,0.0000,0.0000,0.0000,0.0000,0.0000,0.0000,0.0000,0.0000,0.0000,0.0000,0.0000

1499.5500,0.0000,0.0000,0.0000,0.0000,0.0000,0.0000,0.0000,0.0000,0.0000,0.0000,0.0000

1500.5500,0.0000,0.0000,0.0000,0.0000,0.0000,0.0000,0.0000,0.0000,0.0000,0.0000,0.0000

1501.5500,0.0000,0.0000,0.0000,0.0000,0.0000,0.0000,0.0000,0.0000,0.0000,0.0000,0.0000

1502.5490,0.0000,0.0000,0.0000,0.0000,0.0000,0.0000,0.0000,0.0000,0.0000,0.0000,0.0000

1503.5490,0.0000,0.0000,0.0000,0.0000,0.0000,0.0000,0.0000,0.0000,0.0000,0.0000,0.0000

1504.5490,0.0000,0.0000,0.0000,0.0000,0.0000,0.0000,0.0000,0.0000,0.0000,0.0000,0.0000

1505.5490,0.0000,0.0000,0.0000,0.0000,0.0000,0.0000,0.0000,0.0000,0.0000,0.0000,0.0000

1506.5490,0.0000,0.0000,0.0000,0.0000,0.0000,0.0000,0.0000,0.0000,0.0000,0.0000,0.0000

1507.5500,0.0000,0.0000,0.0000,0.0000,0.0000,0.0000,0.0000,0.0000,0.0000,0.0000,0.0000

1508.5500,0.0000,0.0000,0.0000,0.0000,0.0000,0.0000,0.0000,0.0000,0.0000,0.0000,0.0000

1509.5490,0.0000,0.0000,0.0000,0.0000,0.0000,0.0000,0.0000,0.0000,0.0000,0.0000,0.0000

1510.5490,0.0000,0.0000,0.0000,0.0000,0.0000,0.0000,0.0000,0.0000,0.0000,0.0000,0.0000

1511.5490,0.0000,0.0000,0.0000,0.0000,0.0000,0.0000,0.0000,0.0000,0.0000,0.0000,0.0000

1512.5490,0.0000,0.0000,0.0000,0.0000,0.0000,0.0000,0.0000,0.0000,0.0000,0.0000,0.0000

1513.5490,0.0000,0.0000,0.0000,0.0000,0.0000,0.0000,0.0000,0.0000,0.0000,0.0000,0.0000

1514.5500,0.0000,0.0000,0.0000,0.0000,0.0000,0.0000,0.0000,0.0000,0.0000,0.0000,0.0000

1515.5490,0.0000,0.0000,0.0000,0.0000,0.0000,0.0000,0.0000,0.0000,0.0000,0.0000,0.0000

1516.5500,0.0000,0.0000,0.0000,0.0000,0.0000,0.0000,0.0000,0.0000,0.0000,0.0000,0.0000

1517.5490,0.0000,0.0000,0.0000,0.0000,0.0000,0.0000,0.0000,0.0000,0.0000,0.0000,0.0000

1518.5490,0.0000,0.0000,0.0000,0.0000,0.0000,0.0000,0.0000,0.0000,0.0000,0.0000,0.0000

1519.5490,0.0000,0.0000,0.0000,0.0000,0.0000,0.0000,0.0000,0.0000,0.0000,0.0000,0.0000

1520.5490,0.0000,0.0000,0.0000,0.0000,0.0000,0.0000,0.0000,0.0000,0.0000,0.0000,0.0000

1521.5500,0.0000,0.0000,0.0000,0.0000,0.0000,0.0000,0.0000,0.0000,0.0000,0.0000,0.0000

1522.5490,0.0000,0.0000,0.0000,0.0000,0.0000,0.0000,0.0000,0.0000,0.0000,0.0000,0.0000

1523.5490,0.0000,0.0000,0.0000,0.0000,0.0000,0.0000,0.0000,0.0000,0.0000,0.0000,0.0000

1524.5490,0.0000,0.0000,0.0000,0.0000,0.0000,0.0000,0.0000,0.0000,0.0000,0.0000,0.0000

1525.5490,0.0000,0.0000,0.0000,0.0000,0.0000,0.0000,0.0000,0.0000,0.0000,0.0000,0.0000

1526.5490,0.0000,0.0000,0.0000,0.0000,0.0000,0.0000,0.0000,0.0000,0.0000,0.0000,0.0000

1527.5490,0.0000,0.0000,0.0000,0.0000,0.0000,0.0000,0.0000,0.0000,0.0000,0.0000,0.0000

1528.5490,0.0000,0.0000,0.0000,0.0000,0.0000,0.0000,0.0000,0.0000,0.0000,0.0000,0.0000

1529.5490,0.0000,0.0000,0.0000,0.0000,0.0000,0.0000,0.0000,0.0000,0.0000,0.0000,0.0000

1530.5490,0.0000,0.0000,0.0000,0.0000,0.0000,0.0000,0.0000,0.0000,0.0000,0.0000,0.0000

1531.5500,0.0000,0.0000,0.0000,0.0000,0.0000,0.0000,0.0000,0.0000,0.0000,0.0000,0.0000

1532.5490,0.0000,0.0000,0.0000,0.0000,0.0000,0.0000,0.0000,0.0000,0.0000,0.0000,0.0000

1533.5490,0.0000,0.0000,0.0000,0.0000,0.0000,0.0000,0.0000,0.0000,0.0000,0.0000,0.0000

1534.5490,0.0000,0.0000,0.0000,0.0000,0.0000,0.0000,0.0000,0.0000,0.0000,0.0000,0.0000

1535.5490,0.0000,0.0000,0.0000,0.0000,0.0000,0.0000,0.0000,0.0000,0.0000,0.0000,0.0000

1536.5490,0.0000,0.0000,0.0000,0.0000,0.0000,0.0000,0.0000,0.0000,0.0000,0.0000,0.0000

1537.5490,0.0000,0.0000,0.0000,0.0000,0.0000,0.0000,0.0000,0.0000,0.0000,0.0000,0.0000

1538.5490,0.0000,0.0000,0.0000,0.0000,0.0000,0.0000,0.0000,0.0000,0.0000,0.0000,0.0000

1539.5510,0.0000,0.0000,0.0000,0.0000,0.0000,0.0000,0.0000,0.0000,0.0000,0.0000,0.0000

1540.5490,0.0000,0.0000,0.0000,0.0000,0.0000,0.0000,0.0000,0.0000,0.0000,0.0000,0.0000

1541.5490,0.0000,0.0000,0.0000,0.0000,0.0000,0.0000,0.0000,0.0000,0.0000,0.0000,0.0000

1542.5490,0.0000,0.0000,0.0000,0.0000,0.0000,0.0000,0.0000,0.0000,0.0000,0.0000,0.0000

1543.5490,0.0000,0.0000,0.0000,0.0000,0.0000,0.0000,0.0000,0.0000,0.0000,0.0000,0.0000

1544.5490,0.0000,0.0000,0.0000,0.0000,0.0000,0.0000,0.0000,0.0000,0.0000,0.0000,0.0000

1545.5490,0.0000,0.0000,0.0000,0.0000,0.0000,0.0000,0.0000,0.0000,0.0000,0.0000,0.0000

1546.5490,0.0000,0.0000,0.0000,0.0000,0.0000,0.0000,0.0000,0.0000,0.0000,0.0000,0.0000

1547.5490,0.0000,0.0000,0.0000,0.0000,0.0000,0.0000,0.0000,0.0000,0.0000,0.0000,0.0000

1548.5500,0.0000,0.0000,0.0000,0.0000,0.0000,0.0000,0.0000,0.0000,0.0000,0.0000,0.0000

1549.5490,0.0000,0.0000,0.0000,0.0000,0.0000,0.0000,0.0000,0.0000,0.0000,0.0000,0.0000

1550.5490,0.0000,0.0000,0.0000,0.0000,0.0000,0.0000,0.0000,0.0000,0.0000,0.0000,0.0000

1551.5500,0.0000,0.0000,0.0000,0.0000,0.0000,0.0000,0.0000,0.0000,0.0000,0.0000,0.0000

1552.5490,0.0000,0.0000,0.0000,0.0000,0.0000,0.0000,0.0000,0.0000,0.0000,0.0000,0.0000

1553.5490,0.0000,0.0000,0.0000,0.0000,0.0000,0.0000,0.0000,0.0000,0.0000,0.0000,0.0000

1554.5490,0.0000,0.0000,0.0000,0.0000,0.0000,0.0000,0.0000,0.0000,0.0000,0.0000,0.0000

1555.5490,0.0000,0.0000,0.0000,0.0000,0.0000,0.0000,0.0000,0.0000,0.0000,0.0000,0.0000

1556.5490,0.0000,0.0000,0.0000,0.0000,0.0000,0.0000,0.0000,0.0000,0.0000,0.0000,0.0000

1557.5490,0.0000,0.0000,0.0000,0.0000,0.0000,0.0000,0.0000,0.0000,0.0000,0.0000,0.0000

1558.5490,0.0000,0.0000,0.0000,0.0000,0.0000,0.0000,0.0000,0.0000,0.0000,0.0000,0.0000

1559.5500,0.0000,0.0000,0.0000,0.0000,0.0000,0.0000,0.0000,0.0000,0.0000,0.0000,0.0000

1560.5490,0.0000,0.0000,0.0000,0.0000,0.0000,0.0000,0.0000,0.0000,0.0000,0.0000,0.0000

1561.5490,0.0000,0.0000,0.0000,0.0000,0.0000,0.0000,0.0000,0.0000,0.0000,0.0000,0.0000

1562.5490,0.0000,0.0000,0.0000,0.0000,0.0000,0.0000,0.0000,0.0000,0.0000,0.0000,0.0000

1563.5490,0.0000,0.0000,0.0000,0.0000,0.0000,0.0000,0.0000,0.0000,0.0000,0.0000,0.0000

1564.5500,0.0000,0.0000,0.0000,0.0000,0.0000,0.0000,0.0000,0.0000,0.0000,0.0000,0.0000

1565.5500,0.0000,0.0000,0.0000,0.0000,0.0000,0.0000,0.0000,0.0000,0.0000,0.0000,0.0000

1566.5490,0.0000,0.0000,0.0000,0.0000,0.0000,0.0000,0.0000,0.0000,0.0000,0.0000,0.0000

1567.5500,0.0000,0.0000,0.0000,0.0000,0.0000,0.0000,0.0000,0.0000,0.0000,0.0000,0.0000

1568.5500,0.0000,0.0000,0.0000,0.0000,0.0000,0.0000,0.0000,0.0000,0.0000,0.0000,0.0000

1569.5500,0.0000,0.0000,0.0000,0.0000,0.0000,0.0000,0.0000,0.0000,0.0000,0.0000,0.0000

1570.5490,0.0000,0.0000,0.0000,0.0000,0.0000,0.0000,0.0000,0.0000,0.0000,0.0000,0.0000

1571.5490,0.0000,0.0000,0.0000,0.0000,0.0000,0.0000,0.0000,0.0000,0.0000,0.0000,0.0000

1572.5490,0.0000,0.0000,0.0000,0.0000,0.0000,0.0000,0.0000,0.0000,0.0000,0.0000,0.0000

1573.5490,0.0000,0.0000,0.0000,0.0000,0.0000,0.0000,0.0000,0.0000,0.0000,0.0000,0.0000

1574.5490,0.0000,0.0000,0.0000,0.0000,0.0000,0.0000,0.0000,0.0000,0.0000,0.0000,0.0000

1575.5490,0.0000,0.0000,0.0000,0.0000,0.0000,0.0000,0.0000,0.0000,0.0000,0.0000,0.0000

1576.5490,0.0000,0.0000,0.0000,0.0000,0.0000,0.0000,0.0000,0.0000,0.0000,0.0000,0.0000

1577.5500,0.0000,0.0000,0.0000,0.0000,0.0000,0.0000,0.0000,0.0000,0.0000,0.0000,0.0000

1578.5490,0.0000,0.0000,0.0000,0.0000,0.0000,0.0000,0.0000,0.0000,0.0000,0.0000,0.0000

1579.5490,0.0000,0.0000,0.0000,0.0000,0.0000,0.0000,0.0000,0.0000,0.0000,0.0000,0.0000

1580.5490,0.0000,0.0000,0.0000,0.0000,0.0000,0.0000,0.0000,0.0000,0.0000,0.0000,0.0000

1581.5500,0.0000,0.0000,0.0000,0.0000,0.0000,0.0000,0.0000,0.0000,0.0000,0.0000,0.0000

1582.5490,0.0000,0.0000,0.0000,0.0000,0.0000,0.0000,0.0000,0.0000,0.0000,0.0000,0.0000

1583.5490,0.0000,0.0000,0.0000,0.0000,0.0000,0.0000,0.0000,0.0000,0.0000,0.0000,0.0000

1584.5490,0.0000,0.0000,0.0000,0.0000,0.0000,0.0000,0.0000,0.0000,0.0000,0.0000,0.0000

1585.5500,0.0000,0.0000,0.0000,0.0000,0.0000,0.0000,0.0000,0.0000,0.0000,0.0000,0.0000

1586.5490,0.0000,0.0000,0.0000,0.0000,0.0000,0.0000,0.0000,0.0000,0.0000,0.0000,0.0000

1587.5490,0.0000,0.0000,0.0000,0.0000,0.0000,0.0000,0.0000,0.0000,0.0000,0.0000,0.0000

1588.5490,0.0000,0.0000,0.0000,0.0000,0.0000,0.0000,0.0000,0.0000,0.0000,0.0000,0.0000

1589.5490,0.0000,0.0000,0.0000,0.0000,0.0000,0.0000,0.0000,0.0000,0.0000,0.0000,0.0000

1590.5490,0.0000,0.0000,0.0000,0.0000,0.0000,0.0000,0.0000,0.0000,0.0000,0.0000,0.0000

1591.5490,0.0000,0.0000,0.0000,0.0000,0.0000,0.0000,0.0000,0.0000,0.0000,0.0000,0.0000

1592.5490,0.0000,0.0000,0.0000,0.0000,0.0000,0.0000,0.0000,0.0000,0.0000,0.0000,0.0000

1593.5490,0.0000,0.0000,0.0000,0.0000,0.0000,0.0000,0.0000,0.0000,0.0000,0.0000,0.0000

1594.5490,0.0000,0.0000,0.0000,0.0000,0.0000,0.0000,0.0000,0.0000,0.0000,0.0000,0.0000

1595.5490,0.0000,0.0000,0.0000,0.0000,0.0000,0.0000,0.0000,0.0000,0.0000,0.0000,0.0000

1596.5490,0.0000,0.0000,0.0000,0.0000,0.0000,0.0000,0.0000,0.0000,0.0000,0.0000,0.0000

1597.5490,0.0000,0.0000,0.0000,0.0000,0.0000,0.0000,0.0000,0.0000,0.0000,0.0000,0.0000

1598.5490,0.0000,0.0000,0.0000,0.0000,0.0000,0.0000,0.0000,0.0000,0.0000,0.0000,0.0000

1599.5490,0.0000,0.0000,0.0000,0.0000,0.0000,0.0000,0.0000,0.0000,0.0000,0.0000,0.0000

1600.5490,0.0000,0.0000,0.0000,0.0000,0.0000,0.0000,0.0000,0.0000,0.0000,0.0000,0.0000

1601.5500,0.0000,0.0000,0.0000,0.0000,0.0000,0.0000,0.0000,0.0000,0.0000,0.0000,0.0000

1602.5490,0.0000,0.0000,0.0000,0.0000,0.0000,0.0000,0.0000,0.0000,0.0000,0.0000,0.0000

1603.5490,0.0000,0.0000,0.0000,0.0000,0.0000,0.0000,0.0000,0.0000,0.0000,0.0000,0.0000

1604.5490,0.0000,0.0000,0.0000,0.0000,0.0000,0.0000,0.0000,0.0000,0.0000,0.0000,0.0000

1605.5490,0.0000,0.0000,0.0000,0.0000,0.0000,0.0000,0.0000,0.0000,0.0000,0.0000,0.0000

1606.5490,0.0000,0.0000,0.0000,0.0000,0.0000,0.0000,0.0000,0.0000,0.0000,0.0000,0.0000

1607.5490,0.0000,0.0000,0.0000,0.0000,0.0000,0.0000,0.0000,0.0000,0.0000,0.0000,0.0000

1608.5500,0.0000,0.0000,0.0000,0.0000,0.0000,0.0000,0.0000,0.0000,0.0000,0.0000,0.0000

1609.5490,0.0000,0.0000,0.0000,0.0000,0.0000,0.0000,0.0000,0.0000,0.0000,0.0000,0.0000

1610.5490,0.0000,0.0000,0.0000,0.0000,0.0000,0.0000,0.0000,0.0000,0.0000,0.0000,0.0000

1611.5490,0.0000,0.0000,0.0000,0.0000,0.0000,0.0000,0.0000,0.0000,0.0000,0.0000,0.0000

1612.5490,0.0000,0.0000,0.0000,0.0000,0.0000,0.0000,0.0000,0.0000,0.0000,0.0000,0.0000

1613.5490,0.0000,0.0000,0.0000,0.0000,0.0000,0.0000,0.0000,0.0000,0.0000,0.0000,0.0000

1614.5500,0.0000,0.0000,0.0000,0.0000,0.0000,0.0000,0.0000,0.0000,0.0000,0.0000,0.0000

1615.5490,0.0000,0.0000,0.0000,0.0000,0.0000,0.0000,0.0000,0.0000,0.0000,0.0000,0.0000

1616.5500,0.0000,0.0000,0.0000,0.0000,0.0000,0.0000,0.0000,0.0000,0.0000,0.0000,0.0000

1617.5500,0.0000,0.0000,0.0000,0.0000,0.0000,0.0000,0.0000,0.0000,0.0000,0.0000,0.0000

1618.5490,0.0000,0.0000,0.0000,0.0000,0.0000,0.0000,0.0000,0.0000,0.0000,0.0000,0.0000

1619.5490,0.0000,0.0000,0.0000,0.0000,0.0000,0.0000,0.0000,0.0000,0.0000,0.0000,0.0000

1620.5490,0.0000,0.0000,0.0000,0.0000,0.0000,0.0000,0.0000,0.0000,0.0000,0.0000,0.0000

1621.5490,0.0000,0.0000,0.0000,0.0000,0.0000,0.0000,0.0000,0.0000,0.0000,0.0000,0.0000

1622.5490,0.0000,0.0000,0.0000,0.0000,0.0000,0.0000,0.0000,0.0000,0.0000,0.0000,0.0000

1623.5490,0.0000,0.0000,0.0000,0.0000,0.0000,0.0000,0.0000,0.0000,0.0000,0.0000,0.0000

1624.5500,0.0000,0.0000,0.0000,0.0000,0.0000,0.0000,0.0000,0.0000,0.0000,0.0000,0.0000

1625.5490,0.0000,0.0000,0.0000,0.0000,0.0000,0.0000,0.0000,0.0000,0.0000,0.0000,0.0000

1626.5490,0.0000,0.0000,0.0000,0.0000,0.0000,0.0000,0.0000,0.0000,0.0000,0.0000,0.0000

1627.5490,0.0000,0.0000,0.0000,0.0000,0.0000,0.0000,0.0000,0.0000,0.0000,0.0000,0.0000

1628.5490,0.0000,0.0000,0.0000,0.0000,0.0000,0.0000,0.0000,0.0000,0.0000,0.0000,0.0000

1629.5490,0.0000,0.0000,0.0000,0.0000,0.0000,0.0000,0.0000,0.0000,0.0000,0.0000,0.0000

1630.5500,0.0000,0.0000,0.0000,0.0000,0.0000,0.0000,0.0000,0.0000,0.0000,0.0000,0.0000

1631.5490,0.0000,0.0000,0.0000,0.0000,0.0000,0.0000,0.0000,0.0000,0.0000,0.0000,0.0000

1632.5490,0.0000,0.0000,0.0000,0.0000,0.0000,0.0000,0.0000,0.0000,0.0000,0.0000,0.0000

1633.5500,0.0000,0.0000,0.0000,0.0000,0.0000,0.0000,0.0000,0.0000,0.0000,0.0000,0.0000

1634.5500,0.0000,0.0000,0.0000,0.0000,0.0000,0.0000,0.0000,0.0000,0.0000,0.0000,0.0000

1635.5490,0.0000,0.0000,0.0000,0.0000,0.0000,0.0000,0.0000,0.0000,0.0000,0.0000,0.0000

1636.5490,0.0000,0.0000,0.0000,0.0000,0.0000,0.0000,0.0000,0.0000,0.0000,0.0000,0.0000

1637.5500,0.0000,0.0000,0.0000,0.0000,0.0000,0.0000,0.0000,0.0000,0.0000,0.0000,0.0000

1638.5500,0.0000,0.0000,0.0000,0.0000,0.0000,0.0000,0.0000,0.0000,0.0000,0.0000,0.0000

1639.5500,0.0000,0.0000,0.0000,0.0000,0.0000,0.0000,0.0000,0.0000,0.0000,0.0000,0.0000

1640.5490,0.0000,0.0000,0.0000,0.0000,0.0000,0.0000,0.0000,0.0000,0.0000,0.0000,0.0000

1641.5490,0.0000,0.0000,0.0000,0.0000,0.0000,0.0000,0.0000,0.0000,0.0000,0.0000,0.0000

1642.5500,0.0000,0.0000,0.0000,0.0000,0.0000,0.0000,0.0000,0.0000,0.0000,0.0000,0.0000

1643.5490,0.0000,0.0000,0.0000,0.0000,0.0000,0.0000,0.0000,0.0000,0.0000,0.0000,0.0000

1644.5490,0.0000,0.0000,0.0000,0.0000,0.0000,0.0000,0.0000,0.0000,0.0000,0.0000,0.0000

1645.5500,0.0000,0.0000,0.0000,0.0000,0.0000,0.0000,0.0000,0.0000,0.0000,0.0000,0.0000

1646.5490,0.0000,0.0000,0.0000,0.0000,0.0000,0.0000,0.0000,0.0000,0.0000,0.0000,0.0000

1647.5490,0.0000,0.0000,0.0000,0.0000,0.0000,0.0000,0.0000,0.0000,0.0000,0.0000,0.0000

1648.5490,0.0000,0.0000,0.0000,0.0000,0.0000,0.0000,0.0000,0.0000,0.0000,0.0000,0.0000

1649.5490,0.0000,0.0000,0.0000,0.0000,0.0000,0.0000,0.0000,0.0000,0.0000,0.0000,0.0000

1650.5490,0.0000,0.0000,0.0000,0.0000,0.0000,0.0000,0.0000,0.0000,0.0000,0.0000,0.0000

1651.5530,0.0000,0.0000,0.0000,0.0000,0.0000,0.0000,0.0000,0.0000,0.0000,0.0000,0.0000

1652.5510,0.0000,0.0000,0.0000,0.0000,0.0000,0.0000,0.0000,0.0000,0.0000,0.0000,0.0000

1653.5490,0.0000,0.0000,0.0000,0.0000,0.0000,0.0000,0.0000,0.0000,0.0000,0.0000,0.0000

1654.5490,0.0000,0.0000,0.0000,0.0000,0.0000,0.0000,0.0000,0.0000,0.0000,0.0000,0.0000

1655.5500,0.0000,0.0000,0.0000,0.0000,0.0000,0.0000,0.0000,0.0000,0.0000,0.0000,0.0000

1656.5490,0.0000,0.0000,0.0000,0.0000,0.0000,0.0000,0.0000,0.0000,0.0000,0.0000,0.0000

1657.5490,0.0000,0.0000,0.0000,0.0000,0.0000,0.0000,0.0000,0.0000,0.0000,0.0000,0.0000

1658.5490,0.0000,0.0000,0.0000,0.0000,0.0000,0.0000,0.0000,0.0000,0.0000,0.0000,0.0000

1659.5500,0.0000,0.0000,0.0000,0.0000,0.0000,0.0000,0.0000,0.0000,0.0000,0.0000,0.0000

1660.5490,0.0000,0.0000,0.0000,0.0000,0.0000,0.0000,0.0000,0.0000,0.0000,0.0000,0.0000

1661.5500,0.0000,0.0000,0.0000,0.0000,0.0000,0.0000,0.0000,0.0000,0.0000,0.0000,0.0000

1662.5490,0.0000,0.0000,0.0000,0.0000,0.0000,0.0000,0.0000,0.0000,0.0000,0.0000,0.0000

1663.5490,0.0000,0.0000,0.0000,0.0000,0.0000,0.0000,0.0000,0.0000,0.0000,0.0000,0.0000

1664.5490,0.0000,0.0000,0.0000,0.0000,0.0000,0.0000,0.0000,0.0000,0.0000,0.0000,0.0000

1665.5500,0.0000,0.0000,0.0000,0.0000,0.0000,0.0000,0.0000,0.0000,0.0000,0.0000,0.0000

1666.5490,0.0000,0.0000,0.0000,0.0000,0.0000,0.0000,0.0000,0.0000,0.0000,0.0000,0.0000

1667.5500,0.0000,0.0000,0.0000,0.0000,0.0000,0.0000,0.0000,0.0000,0.0000,0.0000,0.0000

1668.5490,0.0000,0.0000,0.0000,0.0000,0.0000,0.0000,0.0000,0.0000,0.0000,0.0000,0.0000

1669.5490,0.0000,0.0000,0.0000,0.0000,0.0000,0.0000,0.0000,0.0000,0.0000,0.0000,0.0000

1670.5490,0.0000,0.0000,0.0000,0.0000,0.0000,0.0000,0.0000,0.0000,0.0000,0.0000,0.0000

1671.5490,0.0000,0.0000,0.0000,0.0000,0.0000,0.0000,0.0000,0.0000,0.0000,0.0000,0.0000

1672.5490,0.0000,0.0000,0.0000,0.0000,0.0000,0.0000,0.0000,0.0000,0.0000,0.0000,0.0000

1673.5490,0.0000,0.0000,0.0000,0.0000,0.0000,0.0000,0.0000,0.0000,0.0000,0.0000,0.0000

1674.5490,0.0000,0.0000,0.0000,0.0000,0.0000,0.0000,0.0000,0.0000,0.0000,0.0000,0.0000

1675.5490,0.0000,0.0000,0.0000,0.0000,0.0000,0.0000,0.0000,0.0000,0.0000,0.0000,0.0000

1676.5490,0.0000,0.0000,0.0000,0.0000,0.0000,0.0000,0.0000,0.0000,0.0000,0.0000,0.0000

1677.5490,0.0000,0.0000,0.0000,0.0000,0.0000,0.0000,0.0000,0.0000,0.0000,0.0000,0.0000

1678.5490,0.0000,0.0000,0.0000,0.0000,0.0000,0.0000,0.0000,0.0000,0.0000,0.0000,0.0000

1679.5500,0.0000,0.0000,0.0000,0.0000,0.0000,0.0000,0.0000,0.0000,0.0000,0.0000,0.0000

1680.5490,0.0000,0.0000,0.0000,0.0000,0.0000,0.0000,0.0000,0.0000,0.0000,0.0000,0.0000

1681.5490,0.0000,0.0000,0.0000,0.0000,0.0000,0.0000,0.0000,0.0000,0.0000,0.0000,0.0000

1682.5490,0.0000,0.0000,0.0000,0.0000,0.0000,0.0000,0.0000,0.0000,0.0000,0.0000,0.0000

1683.5490,0.0000,0.0000,0.0000,0.0000,0.0000,0.0000,0.0000,0.0000,0.0000,0.0000,0.0000

1684.5490,0.0000,0.0000,0.0000,0.0000,0.0000,0.0000,0.0000,0.0000,0.0000,0.0000,0.0000

1685.5500,0.0000,0.0000,0.0000,0.0000,0.0000,0.0000,0.0000,0.0000,0.0000,0.0000,0.0000

1686.5490,0.0000,0.0000,0.0000,0.0000,0.0000,0.0000,0.0000,0.0000,0.0000,0.0000,0.0000

1687.5490,0.0000,0.0000,0.0000,0.0000,0.0000,0.0000,0.0000,0.0000,0.0000,0.0000,0.0000

1688.5490,0.0000,0.0000,0.0000,0.0000,0.0000,0.0000,0.0000,0.0000,0.0000,0.0000,0.0000

1689.5490,0.0000,0.0000,0.0000,0.0000,0.0000,0.0000,0.0000,0.0000,0.0000,0.0000,0.0000

1690.5490,0.0000,0.0000,0.0000,0.0000,0.0000,0.0000,0.0000,0.0000,0.0000,0.0000,0.0000

1691.5490,0.0000,0.0000,0.0000,0.0000,0.0000,0.0000,0.0000,0.0000,0.0000,0.0000,0.0000

1692.5490,0.0000,0.0000,0.0000,0.0000,0.0000,0.0000,0.0000,0.0000,0.0000,0.0000,0.0000

1693.5490,0.0000,0.0000,0.0000,0.0000,0.0000,0.0000,0.0000,0.0000,0.0000,0.0000,0.0000

1694.5490,0.0000,0.0000,0.0000,0.0000,0.0000,0.0000,0.0000,0.0000,0.0000,0.0000,0.0000

1695.5490,0.0000,0.0000,0.0000,0.0000,0.0000,0.0000,0.0000,0.0000,0.0000,0.0000,0.0000

1696.5500,0.0000,0.0000,0.0000,0.0000,0.0000,0.0000,0.0000,0.0000,0.0000,0.0000,0.0000

1697.5490,0.0000,0.0000,0.0000,0.0000,0.0000,0.0000,0.0000,0.0000,0.0000,0.0000,0.0000

1698.5500,0.0000,0.0000,0.0000,0.0000,0.0000,0.0000,0.0000,0.0000,0.0000,0.0000,0.0000

1699.5490,0.0000,0.0000,0.0000,0.0000,0.0000,0.0000,0.0000,0.0000,0.0000,0.0000,0.0000

1700.5490,0.0000,0.0000,0.0000,0.0000,0.0000,0.0000,0.0000,0.0000,0.0000,0.0000,0.0000

1701.5490,0.0000,0.0000,0.0000,0.0000,0.0000,0.0000,0.0000,0.0000,0.0000,0.0000,0.0000

1702.5490,0.0000,0.0000,0.0000,0.0000,0.0000,0.0000,0.0000,0.0000,0.0000,0.0000,0.0000

1703.5490,0.0000,0.0000,0.0000,0.0000,0.0000,0.0000,0.0000,0.0000,0.0000,0.0000,0.0000

1704.5490,0.0000,0.0000,0.0000,0.0000,0.0000,0.0000,0.0000,0.0000,0.0000,0.0000,0.0000

1705.5500,0.0000,0.0000,0.0000,0.0000,0.0000,0.0000,0.0000,0.0000,0.0000,0.0000,0.0000

1706.5500,0.0000,0.0000,0.0000,0.0000,0.0000,0.0000,0.0000,0.0000,0.0000,0.0000,0.0000

1707.5490,0.0000,0.0000,0.0000,0.0000,0.0000,0.0000,0.0000,0.0000,0.0000,0.0000,0.0000

1708.5490,0.0000,0.0000,0.0000,0.0000,0.0000,0.0000,0.0000,0.0000,0.0000,0.0000,0.0000

1709.5490,0.0000,0.0000,0.0000,0.0000,0.0000,0.0000,0.0000,0.0000,0.0000,0.0000,0.0000

1710.5490,0.0000,0.0000,0.0000,0.0000,0.0000,0.0000,0.0000,0.0000,0.0000,0.0000,0.0000

1711.5490,0.0000,0.0000,0.0000,0.0000,0.0000,0.0000,0.0000,0.0000,0.0000,0.0000,0.0000

1712.5490,0.0000,0.0000,0.0000,0.0000,0.0000,0.0000,0.0000,0.0000,0.0000,0.0000,0.0000

1713.5490,0.0000,0.0000,0.0000,0.0000,0.0000,0.0000,0.0000,0.0000,0.0000,0.0000,0.0000

1714.5500,0.0000,0.0000,0.0000,0.0000,0.0000,0.0000,0.0000,0.0000,0.0000,0.0000,0.0000

1715.5490,0.0000,0.0000,0.0000,0.0000,0.0000,0.0000,0.0000,0.0000,0.0000,0.0000,0.0000

1716.5490,0.0000,0.0000,0.0000,0.0000,0.0000,0.0000,0.0000,0.0000,0.0000,0.0000,0.0000

1717.5490,0.0000,0.0000,0.0000,0.0000,0.0000,0.0000,0.0000,0.0000,0.0000,0.0000,0.0000

1718.5490,0.0000,0.0000,0.0000,0.0000,0.0000,0.0000,0.0000,0.0000,0.0000,0.0000,0.0000

1719.5490,0.0000,0.0000,0.0000,0.0000,0.0000,0.0000,0.0000,0.0000,0.0000,0.0000,0.0000

1720.5500,0.0000,0.0000,0.0000,0.0000,0.0000,0.0000,0.0000,0.0000,0.0000,0.0000,0.0000

1721.5490,0.0000,0.0000,0.0000,0.0000,0.0000,0.0000,0.0000,0.0000,0.0000,0.0000,0.0000

1722.5490,0.0000,0.0000,0.0000,0.0000,0.0000,0.0000,0.0000,0.0000,0.0000,0.0000,0.0000

1723.5490,0.0000,0.0000,0.0000,0.0000,0.0000,0.0000,0.0000,0.0000,0.0000,0.0000,0.0000

1724.5500,0.0000,0.0000,0.0000,0.0000,0.0000,0.0000,0.0000,0.0000,0.0000,0.0000,0.0000

1725.5490,0.0000,0.0000,0.0000,0.0000,0.0000,0.0000,0.0000,0.0000,0.0000,0.0000,0.0000

1726.5490,0.0000,0.0000,0.0000,0.0000,0.0000,0.0000,0.0000,0.0000,0.0000,0.0000,0.0000

1727.5490,0.0000,0.0000,0.0000,0.0000,0.0000,0.0000,0.0000,0.0000,0.0000,0.0000,0.0000

1728.5490,0.0000,0.0000,0.0000,0.0000,0.0000,0.0000,0.0000,0.0000,0.0000,0.0000,0.0000

1729.5500,0.0000,0.0000,0.0000,0.0000,0.0000,0.0000,0.0000,0.0000,0.0000,0.0000,0.0000

1730.5490,0.0000,0.0000,0.0000,0.0000,0.0000,0.0000,0.0000,0.0000,0.0000,0.0000,0.0000

1731.5500,0.0000,0.0000,0.0000,0.0000,0.0000,0.0000,0.0000,0.0000,0.0000,0.0000,0.0000

1732.5490,0.0000,0.0000,0.0000,0.0000,0.0000,0.0000,0.0000,0.0000,0.0000,0.0000,0.0000

1733.5490,0.0000,0.0000,0.0000,0.0000,0.0000,0.0000,0.0000,0.0000,0.0000,0.0000,0.0000

1734.5490,0.0000,0.0000,0.0000,0.0000,0.0000,0.0000,0.0000,0.0000,0.0000,0.0000,0.0000

1735.5490,0.0000,0.0000,0.0000,0.0000,0.0000,0.0000,0.0000,0.0000,0.0000,0.0000,0.0000

1736.5500,0.0000,0.0000,0.0000,0.0000,0.0000,0.0000,0.0000,0.0000,0.0000,0.0000,0.0000

1737.5500,0.0000,0.0000,0.0000,0.0000,0.0000,0.0000,0.0000,0.0000,0.0000,0.0000,0.0000

1738.5500,0.0000,0.0000,0.0000,0.0000,0.0000,0.0000,0.0000,0.0000,0.0000,0.0000,0.0000

1739.5490,0.0000,0.0000,0.0000,0.0000,0.0000,0.0000,0.0000,0.0000,0.0000,0.0000,0.0000

1740.5490,0.0000,0.0000,0.0000,0.0000,0.0000,0.0000,0.0000,0.0000,0.0000,0.0000,0.0000

1741.5490,0.0000,0.0000,0.0000,0.0000,0.0000,0.0000,0.0000,0.0000,0.0000,0.0000,0.0000

1742.5490,0.0000,0.0000,0.0000,0.0000,0.0000,0.0000,0.0000,0.0000,0.0000,0.0000,0.0000

1743.5500,0.0000,0.0000,0.0000,0.0000,0.0000,0.0000,0.0000,0.0000,0.0000,0.0000,0.0000

1744.5490,0.0000,0.0000,0.0000,0.0000,0.0000,0.0000,0.0000,0.0000,0.0000,0.0000,0.0000

1745.5490,0.0000,0.0000,0.0000,0.0000,0.0000,0.0000,0.0000,0.0000,0.0000,0.0000,0.0000

1746.5500,0.0000,0.0000,0.0000,0.0000,0.0000,0.0000,0.0000,0.0000,0.0000,0.0000,0.0000

1747.5490,0.0000,0.0000,0.0000,0.0000,0.0000,0.0000,0.0000,0.0000,0.0000,0.0000,0.0000

1748.5490,0.0000,0.0000,0.0000,0.0000,0.0000,0.0000,0.0000,0.0000,0.0000,0.0000,0.0000

1749.5490,0.0000,0.0000,0.0000,0.0000,0.0000,0.0000,0.0000,0.0000,0.0000,0.0000,0.0000

1750.5500,0.0000,0.0000,0.0000,0.0000,0.0000,0.0000,0.0000,0.0000,0.0000,0.0000,0.0000

1751.5490,0.0000,0.0000,0.0000,0.0000,0.0000,0.0000,0.0000,0.0000,0.0000,0.0000,0.0000

1752.5510,0.0000,0.0000,0.0000,0.0000,0.0000,0.0000,0.0000,0.0000,0.0000,0.0000,0.0000

1753.5490,0.0000,0.0000,0.0000,0.0000,0.0000,0.0000,0.0000,0.0000,0.0000,0.0000,0.0000

1754.5490,0.0000,0.0000,0.0000,0.0000,0.0000,0.0000,0.0000,0.0000,0.0000,0.0000,0.0000

1755.5490,0.0000,0.0000,0.0000,0.0000,0.0000,0.0000,0.0000,0.0000,0.0000,0.0000,0.0000

1756.5510,0.0000,0.0000,0.0000,0.0000,0.0000,0.0000,0.0000,0.0000,0.0000,0.0000,0.0000

1757.5490,0.0000,0.0000,0.0000,0.0000,0.0000,0.0000,0.0000,0.0000,0.0000,0.0000,0.0000

1758.5500,0.0000,0.0000,0.0000,0.0000,0.0000,0.0000,0.0000,0.0000,0.0000,0.0000,0.0000

1759.5490,0.0000,0.0000,0.0000,0.0000,0.0000,0.0000,0.0000,0.0000,0.0000,0.0000,0.0000

1760.5490,0.0000,0.0000,0.0000,0.0000,0.0000,0.0000,0.0000,0.0000,0.0000,0.0000,0.0000

1761.5510,0.0000,0.0000,0.0000,0.0000,0.0000,0.0000,0.0000,0.0000,0.0000,0.0000,0.0000

1762.5490,0.0000,0.0000,0.0000,0.0000,0.0000,0.0000,0.0000,0.0000,0.0000,0.0000,0.0000

1763.5490,0.0000,0.0000,0.0000,0.0000,0.0000,0.0000,0.0000,0.0000,0.0000,0.0000,0.0000

1764.5490,0.0000,0.0000,0.0000,0.0000,0.0000,0.0000,0.0000,0.0000,0.0000,0.0000,0.0000

1765.5500,0.0000,0.0000,0.0000,0.0000,0.0000,0.0000,0.0000,0.0000,0.0000,0.0000,0.0000

1766.5490,0.0000,0.0000,0.0000,0.0000,0.0000,0.0000,0.0000,0.0000,0.0000,0.0000,0.0000

1767.5500,0.0000,0.0000,0.0000,0.0000,0.0000,0.0000,0.0000,0.0000,0.0000,0.0000,0.0000

1768.5490,0.0000,0.0000,0.0000,0.0000,0.0000,0.0000,0.0000,0.0000,0.0000,0.0000,0.0000

1769.5490,0.0000,0.0000,0.0000,0.0000,0.0000,0.0000,0.0000,0.0000,0.0000,0.0000,0.0000

1770.5490,0.0000,0.0000,0.0000,0.0000,0.0000,0.0000,0.0000,0.0000,0.0000,0.0000,0.0000

1771.5490,0.0000,0.0000,0.0000,0.0000,0.0000,0.0000,0.0000,0.0000,0.0000,0.0000,0.0000

1772.5490,0.0000,0.0000,0.0000,0.0000,0.0000,0.0000,0.0000,0.0000,0.0000,0.0000,0.0000

1773.5490,0.0000,0.0000,0.0000,0.0000,0.0000,0.0000,0.0000,0.0000,0.0000,0.0000,0.0000

1774.5490,0.0000,0.0000,0.0000,0.0000,0.0000,0.0000,0.0000,0.0000,0.0000,0.0000,0.0000

1775.5490,0.0000,0.0000,0.0000,0.0000,0.0000,0.0000,0.0000,0.0000,0.0000,0.0000,0.0000

1776.5490,0.0000,0.0000,0.0000,0.0000,0.0000,0.0000,0.0000,0.0000,0.0000,0.0000,0.0000

1777.5490,0.0000,0.0000,0.0000,0.0000,0.0000,0.0000,0.0000,0.0000,0.0000,0.0000,0.0000

1778.5490,0.0000,0.0000,0.0000,0.0000,0.0000,0.0000,0.0000,0.0000,0.0000,0.0000,0.0000

1779.5490,0.0000,0.0000,0.0000,0.0000,0.0000,0.0000,0.0000,0.0000,0.0000,0.0000,0.0000

1780.5490,0.0000,0.0000,0.0000,0.0000,0.0000,0.0000,0.0000,0.0000,0.0000,0.0000,0.0000

1781.5490,0.0000,0.0000,0.0000,0.0000,0.0000,0.0000,0.0000,0.0000,0.0000,0.0000,0.0000

1782.5490,0.0000,0.0000,0.0000,0.0000,0.0000,0.0000,0.0000,0.0000,0.0000,0.0000,0.0000

1783.5490,0.0000,0.0000,0.0000,0.0000,0.0000,0.0000,0.0000,0.0000,0.0000,0.0000,0.0000

1784.5490,0.0000,0.0000,0.0000,0.0000,0.0000,0.0000,0.0000,0.0000,0.0000,0.0000,0.0000

1785.5500,0.0000,0.0000,0.0000,0.0000,0.0000,0.0000,0.0000,0.0000,0.0000,0.0000,0.0000

1786.5490,0.0000,0.0000,0.0000,0.0000,0.0000,0.0000,0.0000,0.0000,0.0000,0.0000,0.0000

1787.5490,0.0000,0.0000,0.0000,0.0000,0.0000,0.0000,0.0000,0.0000,0.0000,0.0000,0.0000

1788.5490,0.0000,0.0000,0.0000,0.0000,0.0000,0.0000,0.0000,0.0000,0.0000,0.0000,0.0000

1789.5490,0.0000,0.0000,0.0000,0.0000,0.0000,0.0000,0.0000,0.0000,0.0000,0.0000,0.0000

1790.5490,0.0000,0.0000,0.0000,0.0000,0.0000,0.0000,0.0000,0.0000,0.0000,0.0000,0.0000

1791.5490,0.0000,0.0000,0.0000,0.0000,0.0000,0.0000,0.0000,0.0000,0.0000,0.0000,0.0000

1792.5490,0.0000,0.0000,0.0000,0.0000,0.0000,0.0000,0.0000,0.0000,0.0000,0.0000,0.0000

1793.5490,0.0000,0.0000,0.0000,0.0000,0.0000,0.0000,0.0000,0.0000,0.0000,0.0000,0.0000

1794.5490,0.0000,0.0000,0.0000,0.0000,0.0000,0.0000,0.0000,0.0000,0.0000,0.0000,0.0000

1795.5500,0.0000,0.0000,0.0000,0.0000,0.0000,0.0000,0.0000,0.0000,0.0000,0.0000,0.0000

1796.5490,0.0000,0.0000,0.0000,0.0000,0.0000,0.0000,0.0000,0.0000,0.0000,0.0000,0.0000

1797.5490,0.0000,0.0000,0.0000,0.0000,0.0000,0.0000,0.0000,0.0000,0.0000,0.0000,0.0000

1798.5490,0.0000,0.0000,0.0000,0.0000,0.0000,0.0000,0.0000,0.0000,0.0000,0.0000,0.0000

1799.5500,0.0000,0.0000,0.0000,0.0000,0.0000,0.0000,0.0000,0.0000,0.0000,0.0000,0.0000

1800.5490,0.0000,0.0000,0.0000,0.0000,0.0000,0.0000,0.0000,0.0000,0.0000,0.0000,0.0000

1801.5490,0.0000,0.0000,0.0000,0.0000,0.0000,0.0000,0.0000,0.0000,0.0000,0.0000,0.0000

1802.5490,0.0000,0.0000,0.0000,0.0000,0.0000,0.0000,0.0000,0.0000,0.0000,0.0000,0.0000

1803.5490,0.0000,0.0000,0.0000,0.0000,0.0000,0.0000,0.0000,0.0000,0.0000,0.0000,0.0000

1804.5490,0.0000,0.0000,0.0000,0.0000,0.0000,0.0000,0.0000,0.0000,0.0000,0.0000,0.0000

1805.5500,0.0000,0.0000,0.0000,0.0000,0.0000,0.0000,0.0000,0.0000,0.0000,0.0000,0.0000

1806.5490,0.0000,0.0000,0.0000,0.0000,0.0000,0.0000,0.0000,0.0000,0.0000,0.0000,0.0000

1807.5490,0.0000,0.0000,0.0000,0.0000,0.0000,0.0000,0.0000,0.0000,0.0000,0.0000,0.0000

1808.5490,0.0000,0.0000,0.0000,0.0000,0.0000,0.0000,0.0000,0.0000,0.0000,0.0000,0.0000

1809.5490,0.0000,0.0000,0.0000,0.0000,0.0000,0.0000,0.0000,0.0000,0.0000,0.0000,0.0000

1810.5490,0.0000,0.0000,0.0000,0.0000,0.0000,0.0000,0.0000,0.0000,0.0000,0.0000,0.0000

1811.5490,0.0000,0.0000,0.0000,0.0000,0.0000,0.0000,0.0000,0.0000,0.0000,0.0000,0.0000

1812.5490,0.0000,0.0000,0.0000,0.0000,0.0000,0.0000,0.0000,0.0000,0.0000,0.0000,0.0000

1813.5490,0.0000,0.0000,0.0000,0.0000,0.0000,0.0000,0.0000,0.0000,0.0000,0.0000,0.0000

1814.5490,0.0000,0.0000,0.0000,0.0000,0.0000,0.0000,0.0000,0.0000,0.0000,0.0000,0.0000

1815.5490,0.0000,0.0000,0.0000,0.0000,0.0000,0.0000,0.0000,0.0000,0.0000,0.0000,0.0000

1816.5490,0.0000,0.0000,0.0000,0.0000,0.0000,0.0000,0.0000,0.0000,0.0000,0.0000,0.0000

1817.5490,0.0000,0.0000,0.0000,0.0000,0.0000,0.0000,0.0000,0.0000,0.0000,0.0000,0.0000

1818.5490,0.0000,0.0000,0.0000,0.0000,0.0000,0.0000,0.0000,0.0000,0.0000,0.0000,0.0000

1819.5490,0.0000,0.0000,0.0000,0.0000,0.0000,0.0000,0.0000,0.0000,0.0000,0.0000,0.0000

1820.5490,0.0000,0.0000,0.0000,0.0000,0.0000,0.0000,0.0000,0.0000,0.0000,0.0000,0.0000

1821.5490,0.0000,0.0000,0.0000,0.0000,0.0000,0.0000,0.0000,0.0000,0.0000,0.0000,0.0000

1822.5490,0.0000,0.0000,0.0000,0.0000,0.0000,0.0000,0.0000,0.0000,0.0000,0.0000,0.0000

1823.5490,0.0000,0.0000,0.0000,0.0000,0.0000,0.0000,0.0000,0.0000,0.0000,0.0000,0.0000

1824.5490,0.0000,0.0000,0.0000,0.0000,0.0000,0.0000,0.0000,0.0000,0.0000,0.0000,0.0000

1825.5490,0.0000,0.0000,0.0000,0.0000,0.0000,0.0000,0.0000,0.0000,0.0000,0.0000,0.0000

1826.5490,0.0000,0.0000,0.0000,0.0000,0.0000,0.0000,0.0000,0.0000,0.0000,0.0000,0.0000

1827.5750,0.0000,0.0000,0.0000,0.0000,0.0000,0.0000,0.0000,0.0000,0.0000,0.0000,0.0000

1828.5490,0.0000,0.0000,0.0000,0.0000,0.0000,0.0000,0.0000,0.0000,0.0000,0.0000,0.0000

1829.5500,0.0000,0.0000,0.0000,0.0000,0.0000,0.0000,0.0000,0.0000,0.0000,0.0000,0.0000

1830.5500,0.0000,0.0000,0.0000,0.0000,0.0000,0.0000,0.0000,0.0000,0.0000,0.0000,0.0000

1831.5490,0.0000,0.0000,0.0000,0.0000,0.0000,0.0000,0.0000,0.0000,0.0000,0.0000,0.0000

1832.5490,0.0000,0.0000,0.0000,0.0000,0.0000,0.0000,0.0000,0.0000,0.0000,0.0000,0.0000

1833.5490,0.0000,0.0000,0.0000,0.0000,0.0000,0.0000,0.0000,0.0000,0.0000,0.0000,0.0000

1834.5490,0.0000,0.0000,0.0000,0.0000,0.0000,0.0000,0.0000,0.0000,0.0000,0.0000,0.0000

1835.5490,0.0000,0.0000,0.0000,0.0000,0.0000,0.0000,0.0000,0.0000,0.0000,0.0000,0.0000

1836.5500,0.0000,0.0000,0.0000,0.0000,0.0000,0.0000,0.0000,0.0000,0.0000,0.0000,0.0000

1837.5490,0.0000,0.0000,0.0000,0.0000,0.0000,0.0000,0.0000,0.0000,0.0000,0.0000,0.0000

1838.5490,0.0000,0.0000,0.0000,0.0000,0.0000,0.0000,0.0000,0.0000,0.0000,0.0000,0.0000

1839.5490,0.0000,0.0000,0.0000,0.0000,0.0000,0.0000,0.0000,0.0000,0.0000,0.0000,0.0000

1840.5490,0.0000,0.0000,0.0000,0.0000,0.0000,0.0000,0.0000,0.0000,0.0000,0.0000,0.0000

1841.5490,0.0000,0.0000,0.0000,0.0000,0.0000,0.0000,0.0000,0.0000,0.0000,0.0000,0.0000

1842.5490,0.0000,0.0000,0.0000,0.0000,0.0000,0.0000,0.0000,0.0000,0.0000,0.0000,0.0000

1843.5490,0.0000,0.0000,0.0000,0.0000,0.0000,0.0000,0.0000,0.0000,0.0000,0.0000,0.0000

1844.5510,0.0000,0.0000,0.0000,0.0000,0.0000,0.0000,0.0000,0.0000,0.0000,0.0000,0.0000

1845.5490,0.0000,0.0000,0.0000,0.0000,0.0000,0.0000,0.0000,0.0000,0.0000,0.0000,0.0000

1846.5490,0.0000,0.0000,0.0000,0.0000,0.0000,0.0000,0.0000,0.0000,0.0000,0.0000,0.0000

1847.5490,0.0000,0.0000,0.0000,0.0000,0.0000,0.0000,0.0000,0.0000,0.0000,0.0000,0.0000

1848.5490,0.0000,0.0000,0.0000,0.0000,0.0000,0.0000,0.0000,0.0000,0.0000,0.0000,0.0000

1849.5490,0.0000,0.0000,0.0000,0.0000,0.0000,0.0000,0.0000,0.0000,0.0000,0.0000,0.0000

1850.5500,0.0000,0.0000,0.0000,0.0000,0.0000,0.0000,0.0000,0.0000,0.0000,0.0000,0.0000

1851.5490,0.0000,0.0000,0.0000,0.0000,0.0000,0.0000,0.0000,0.0000,0.0000,0.0000,0.0000

1852.5490,0.0000,0.0000,0.0000,0.0000,0.0000,0.0000,0.0000,0.0000,0.0000,0.0000,0.0000

1853.5500,0.0000,0.0000,0.0000,0.0000,0.0000,0.0000,0.0000,0.0000,0.0000,0.0000,0.0000

1854.5510,0.0000,0.0000,0.0000,0.0000,0.0000,0.0000,0.0000,0.0000,0.0000,0.0000,0.0000

1855.5490,0.0000,0.0000,0.0000,0.0000,0.0000,0.0000,0.0000,0.0000,0.0000,0.0000,0.0000

1856.5490,0.0000,0.0000,0.0000,0.0000,0.0000,0.0000,0.0000,0.0000,0.0000,0.0000,0.0000

1857.5490,0.0000,0.0000,0.0000,0.0000,0.0000,0.0000,0.0000,0.0000,0.0000,0.0000,0.0000

1858.5490,0.0000,0.0000,0.0000,0.0000,0.0000,0.0000,0.0000,0.0000,0.0000,0.0000,0.0000

1859.5490,0.0000,0.0000,0.0000,0.0000,0.0000,0.0000,0.0000,0.0000,0.0000,0.0000,0.0000

1860.5490,0.0000,0.0000,0.0000,0.0000,0.0000,0.0000,0.0000,0.0000,0.0000,0.0000,0.0000

1861.5500,0.0000,0.0000,0.0000,0.0000,0.0000,0.0000,0.0000,0.0000,0.0000,0.0000,0.0000

1862.5490,0.0000,0.0000,0.0000,0.0000,0.0000,0.0000,0.0000,0.0000,0.0000,0.0000,0.0000

1863.5500,0.0000,0.0000,0.0000,0.0000,0.0000,0.0000,0.0000,0.0000,0.0000,0.0000,0.0000

1864.5490,0.0000,0.0000,0.0000,0.0000,0.0000,0.0000,0.0000,0.0000,0.0000,0.0000,0.0000

1865.5490,0.0000,0.0000,0.0000,0.0000,0.0000,0.0000,0.0000,0.0000,0.0000,0.0000,0.0000

1866.5490,0.0000,0.0000,0.0000,0.0000,0.0000,0.0000,0.0000,0.0000,0.0000,0.0000,0.0000

1867.5490,0.0000,0.0000,0.0000,0.0000,0.0000,0.0000,0.0000,0.0000,0.0000,0.0000,0.0000

1868.5490,0.0000,0.0000,0.0000,0.0000,0.0000,0.0000,0.0000,0.0000,0.0000,0.0000,0.0000

1869.5490,0.0000,0.0000,0.0000,0.0000,0.0000,0.0000,0.0000,0.0000,0.0000,0.0000,0.0000

1870.5490,0.0000,0.0000,0.0000,0.0000,0.0000,0.0000,0.0000,0.0000,0.0000,0.0000,0.0000

1871.5490,0.0000,0.0000,0.0000,0.0000,0.0000,0.0000,0.0000,0.0000,0.0000,0.0000,0.0000

1872.5490,0.0000,0.0000,0.0000,0.0000,0.0000,0.0000,0.0000,0.0000,0.0000,0.0000,0.0000

1873.5500,0.0000,0.0000,0.0000,0.0000,0.0000,0.0000,0.0000,0.0000,0.0000,0.0000,0.0000

1874.5500,0.0000,0.0000,0.0000,0.0000,0.0000,0.0000,0.0000,0.0000,0.0000,0.0000,0.0000

1875.5490,0.0000,0.0000,0.0000,0.0000,0.0000,0.0000,0.0000,0.0000,0.0000,0.0000,0.0000

1876.5490,0.0000,0.0000,0.0000,0.0000,0.0000,0.0000,0.0000,0.0000,0.0000,0.0000,0.0000

1877.5500,0.0000,0.0000,0.0000,0.0000,0.0000,0.0000,0.0000,0.0000,0.0000,0.0000,0.0000

1878.5500,0.0000,0.0000,0.0000,0.0000,0.0000,0.0000,0.0000,0.0000,0.0000,0.0000,0.0000

1879.5500,0.0000,0.0000,0.0000,0.0000,0.0000,0.0000,0.0000,0.0000,0.0000,0.0000,0.0000

1880.5500,0.0000,0.0000,0.0000,0.0000,0.0000,0.0000,0.0000,0.0000,0.0000,0.0000,0.0000

1881.5490,0.0000,0.0000,0.0000,0.0000,0.0000,0.0000,0.0000,0.0000,0.0000,0.0000,0.0000

1882.5490,0.0000,0.0000,0.0000,0.0000,0.0000,0.0000,0.0000,0.0000,0.0000,0.0000,0.0000

1883.5490,0.0000,0.0000,0.0000,0.0000,0.0000,0.0000,0.0000,0.0000,0.0000,0.0000,0.0000

1884.5510,0.0000,0.0000,0.0000,0.0000,0.0000,0.0000,0.0000,0.0000,0.0000,0.0000,0.0000

1885.5500,0.0000,0.0000,0.0000,0.0000,0.0000,0.0000,0.0000,0.0000,0.0000,0.0000,0.0000

1886.5490,0.0000,0.0000,0.0000,0.0000,0.0000,0.0000,0.0000,0.0000,0.0000,0.0000,0.0000

1887.5490,0.0000,0.0000,0.0000,0.0000,0.0000,0.0000,0.0000,0.0000,0.0000,0.0000,0.0000

1888.5490,0.0000,0.0000,0.0000,0.0000,0.0000,0.0000,0.0000,0.0000,0.0000,0.0000,0.0000

1889.5500,0.0000,0.0000,0.0000,0.0000,0.0000,0.0000,0.0000,0.0000,0.0000,0.0000,0.0000

1890.5500,0.0000,0.0000,0.0000,0.0000,0.0000,0.0000,0.0000,0.0000,0.0000,0.0000,0.0000

1891.5500,0.0000,0.0000,0.0000,0.0000,0.0000,0.0000,0.0000,0.0000,0.0000,0.0000,0.0000

1892.5500,0.0000,0.0000,0.0000,0.0000,0.0000,0.0000,0.0000,0.0000,0.0000,0.0000,0.0000

1893.5490,0.0000,0.0000,0.0000,0.0000,0.0000,0.0000,0.0000,0.0000,0.0000,0.0000,0.0000

1894.5500,0.0000,0.0000,0.0000,0.0000,0.0000,0.0000,0.0000,0.0000,0.0000,0.0000,0.0000

1895.5490,0.0000,0.0000,0.0000,0.0000,0.0000,0.0000,0.0000,0.0000,0.0000,0.0000,0.0000

1896.5490,0.0000,0.0000,0.0000,0.0000,0.0000,0.0000,0.0000,0.0000,0.0000,0.0000,0.0000

1897.5500,0.0000,0.0000,0.0000,0.0000,0.0000,0.0000,0.0000,0.0000,0.0000,0.0000,0.0000

1898.5490,0.0000,0.0000,0.0000,0.0000,0.0000,0.0000,0.0000,0.0000,0.0000,0.0000,0.0000

1899.5490,0.0000,0.0000,0.0000,0.0000,0.0000,0.0000,0.0000,0.0000,0.0000,0.0000,0.0000

1900.5490,0.0000,0.0000,0.0000,0.0000,0.0000,0.0000,0.0000,0.0000,0.0000,0.0000,0.0000

1901.5490,0.0000,0.0000,0.0000,0.0000,0.0000,0.0000,0.0000,0.0000,0.0000,0.0000,0.0000

1902.5490,0.0000,0.0000,0.0000,0.0000,0.0000,0.0000,0.0000,0.0000,0.0000,0.0000,0.0000

1903.5490,0.0000,0.0000,0.0000,0.0000,0.0000,0.0000,0.0000,0.0000,0.0000,0.0000,0.0000

1904.5500,0.0000,0.0000,0.0000,0.0000,0.0000,0.0000,0.0000,0.0000,0.0000,0.0000,0.0000

1905.5490,0.0000,0.0000,0.0000,0.0000,0.0000,0.0000,0.0000,0.0000,0.0000,0.0000,0.0000

1906.5500,0.0000,0.0000,0.0000,0.0000,0.0000,0.0000,0.0000,0.0000,0.0000,0.0000,0.0000

1907.5490,0.0000,0.0000,0.0000,0.0000,0.0000,0.0000,0.0000,0.0000,0.0000,0.0000,0.0000

1908.5490,0.0000,0.0000,0.0000,0.0000,0.0000,0.0000,0.0000,0.0000,0.0000,0.0000,0.0000

1909.5490,0.0000,0.0000,0.0000,0.0000,0.0000,0.0000,0.0000,0.0000,0.0000,0.0000,0.0000

1910.5500,0.0000,0.0000,0.0000,0.0000,0.0000,0.0000,0.0000,0.0000,0.0000,0.0000,0.0000

1911.5490,0.0000,0.0000,0.0000,0.0000,0.0000,0.0000,0.0000,0.0000,0.0000,0.0000,0.0000

1912.5490,0.0000,0.0000,0.0000,0.0000,0.0000,0.0000,0.0000,0.0000,0.0000,0.0000,0.0000

1913.5490,0.0000,0.0000,0.0000,0.0000,0.0000,0.0000,0.0000,0.0000,0.0000,0.0000,0.0000

1914.5490,0.0000,0.0000,0.0000,0.0000,0.0000,0.0000,0.0000,0.0000,0.0000,0.0000,0.0000

1915.5490,0.0000,0.0000,0.0000,0.0000,0.0000,0.0000,0.0000,0.0000,0.0000,0.0000,0.0000

1916.5490,0.0000,0.0000,0.0000,0.0000,0.0000,0.0000,0.0000,0.0000,0.0000,0.0000,0.0000

1917.5490,0.0000,0.0000,0.0000,0.0000,0.0000,0.0000,0.0000,0.0000,0.0000,0.0000,0.0000

1918.5500,0.0000,0.0000,0.0000,0.0000,0.0000,0.0000,0.0000,0.0000,0.0000,0.0000,0.0000

1919.5490,0.0000,0.0000,0.0000,0.0000,0.0000,0.0000,0.0000,0.0000,0.0000,0.0000,0.0000

1920.5490,0.0000,0.0000,0.0000,0.0000,0.0000,0.0000,0.0000,0.0000,0.0000,0.0000,0.0000

1921.5490,0.0000,0.0000,0.0000,0.0000,0.0000,0.0000,0.0000,0.0000,0.0000,0.0000,0.0000

1922.5490,0.0000,0.0000,0.0000,0.0000,0.0000,0.0000,0.0000,0.0000,0.0000,0.0000,0.0000

1923.5490,0.0000,0.0000,0.0000,0.0000,0.0000,0.0000,0.0000,0.0000,0.0000,0.0000,0.0000

1924.5490,0.0000,0.0000,0.0000,0.0000,0.0000,0.0000,0.0000,0.0000,0.0000,0.0000,0.0000

1925.5490,0.0000,0.0000,0.0000,0.0000,0.0000,0.0000,0.0000,0.0000,0.0000,0.0000,0.0000

1926.5490,0.0000,0.0000,0.0000,0.0000,0.0000,0.0000,0.0000,0.0000,0.0000,0.0000,0.0000

1927.5490,0.0000,0.0000,0.0000,0.0000,0.0000,0.0000,0.0000,0.0000,0.0000,0.0000,0.0000

1928.5490,0.0000,0.0000,0.0000,0.0000,0.0000,0.0000,0.0000,0.0000,0.0000,0.0000,0.0000

1929.5490,0.0000,0.0000,0.0000,0.0000,0.0000,0.0000,0.0000,0.0000,0.0000,0.0000,0.0000

1930.5490,0.0000,0.0000,0.0000,0.0000,0.0000,0.0000,0.0000,0.0000,0.0000,0.0000,0.0000

1931.5490,0.0000,0.0000,0.0000,0.0000,0.0000,0.0000,0.0000,0.0000,0.0000,0.0000,0.0000

1932.5490,0.0000,0.0000,0.0000,0.0000,0.0000,0.0000,0.0000,0.0000,0.0000,0.0000,0.0000

1933.5500,0.0000,0.0000,0.0000,0.0000,0.0000,0.0000,0.0000,0.0000,0.0000,0.0000,0.0000

1934.5490,0.0000,0.0000,0.0000,0.0000,0.0000,0.0000,0.0000,0.0000,0.0000,0.0000,0.0000

1935.5490,0.0000,0.0000,0.0000,0.0000,0.0000,0.0000,0.0000,0.0000,0.0000,0.0000,0.0000

1936.5490,0.0000,0.0000,0.0000,0.0000,0.0000,0.0000,0.0000,0.0000,0.0000,0.0000,0.0000

1937.5500,0.0000,0.0000,0.0000,0.0000,0.0000,0.0000,0.0000,0.0000,0.0000,0.0000,0.0000

1938.5490,0.0000,0.0000,0.0000,0.0000,0.0000,0.0000,0.0000,0.0000,0.0000,0.0000,0.0000

1939.5500,0.0000,0.0000,0.0000,0.0000,0.0000,0.0000,0.0000,0.0000,0.0000,0.0000,0.0000

1940.5490,0.0000,0.0000,0.0000,0.0000,0.0000,0.0000,0.0000,0.0000,0.0000,0.0000,0.0000

1941.5500,0.0000,0.0000,0.0000,0.0000,0.0000,0.0000,0.0000,0.0000,0.0000,0.0000,0.0000

1942.5490,0.0000,0.0000,0.0000,0.0000,0.0000,0.0000,0.0000,0.0000,0.0000,0.0000,0.0000

1943.5490,0.0000,0.0000,0.0000,0.0000,0.0000,0.0000,0.0000,0.0000,0.0000,0.0000,0.0000

1944.5500,0.0000,0.0000,0.0000,0.0000,0.0000,0.0000,0.0000,0.0000,0.0000,0.0000,0.0000

1945.5490,0.0000,0.0000,0.0000,0.0000,0.0000,0.0000,0.0000,0.0000,0.0000,0.0000,0.0000

1946.5490,0.0000,0.0000,0.0000,0.0000,0.0000,0.0000,0.0000,0.0000,0.0000,0.0000,0.0000

1947.5490,0.0000,0.0000,0.0000,0.0000,0.0000,0.0000,0.0000,0.0000,0.0000,0.0000,0.0000

1948.5490,0.0000,0.0000,0.0000,0.0000,0.0000,0.0000,0.0000,0.0000,0.0000,0.0000,0.0000

1949.5490,0.0000,0.0000,0.0000,0.0000,0.0000,0.0000,0.0000,0.0000,0.0000,0.0000,0.0000

1950.5490,0.0000,0.0000,0.0000,0.0000,0.0000,0.0000,0.0000,0.0000,0.0000,0.0000,0.0000

1951.5490,0.0000,0.0000,0.0000,0.0000,0.0000,0.0000,0.0000,0.0000,0.0000,0.0000,0.0000

1952.5490,0.0000,0.0000,0.0000,0.0000,0.0000,0.0000,0.0000,0.0000,0.0000,0.0000,0.0000

1953.5500,0.0000,0.0000,0.0000,0.0000,0.0000,0.0000,0.0000,0.0000,0.0000,0.0000,0.0000

1954.5490,0.0000,0.0000,0.0000,0.0000,0.0000,0.0000,0.0000,0.0000,0.0000,0.0000,0.0000

1955.5490,0.0000,0.0000,0.0000,0.0000,0.0000,0.0000,0.0000,0.0000,0.0000,0.0000,0.0000

1956.5490,0.0000,0.0000,0.0000,0.0000,0.0000,0.0000,0.0000,0.0000,0.0000,0.0000,0.0000

1957.5490,0.0000,0.0000,0.0000,0.0000,0.0000,0.0000,0.0000,0.0000,0.0000,0.0000,0.0000

1958.5490,0.0000,0.0000,0.0000,0.0000,0.0000,0.0000,0.0000,0.0000,0.0000,0.0000,0.0000

1959.5490,0.0000,0.0000,0.0000,0.0000,0.0000,0.0000,0.0000,0.0000,0.0000,0.0000,0.0000

1960.5490,0.0000,0.0000,0.0000,0.0000,0.0000,0.0000,0.0000,0.0000,0.0000,0.0000,0.0000

1961.5500,0.0000,0.0000,0.0000,0.0000,0.0000,0.0000,0.0000,0.0000,0.0000,0.0000,0.0000

1962.5490,0.0000,0.0000,0.0000,0.0000,0.0000,0.0000,0.0000,0.0000,0.0000,0.0000,0.0000

1963.5490,0.0000,0.0000,0.0000,0.0000,0.0000,0.0000,0.0000,0.0000,0.0000,0.0000,0.0000

1964.5490,0.0000,0.0000,0.0000,0.0000,0.0000,0.0000,0.0000,0.0000,0.0000,0.0000,0.0000

1965.5500,0.0000,0.0000,0.0000,0.0000,0.0000,0.0000,0.0000,0.0000,0.0000,0.0000,0.0000

1966.5490,0.0000,0.0000,0.0000,0.0000,0.0000,0.0000,0.0000,0.0000,0.0000,0.0000,0.0000

1967.5490,0.0000,0.0000,0.0000,0.0000,0.0000,0.0000,0.0000,0.0000,0.0000,0.0000,0.0000

1968.5490,0.0000,0.0000,0.0000,0.0000,0.0000,0.0000,0.0000,0.0000,0.0000,0.0000,0.0000

1969.5490,0.0000,0.0000,0.0000,0.0000,0.0000,0.0000,0.0000,0.0000,0.0000,0.0000,0.0000

1970.5490,0.0000,0.0000,0.0000,0.0000,0.0000,0.0000,0.0000,0.0000,0.0000,0.0000,0.0000

1971.5490,0.0000,0.0000,0.0000,0.0000,0.0000,0.0000,0.0000,0.0000,0.0000,0.0000,0.0000

1972.5490,0.0000,0.0000,0.0000,0.0000,0.0000,0.0000,0.0000,0.0000,0.0000,0.0000,0.0000

1973.5490,0.0000,0.0000,0.0000,0.0000,0.0000,0.0000,0.0000,0.0000,0.0000,0.0000,0.0000

1974.5500,0.0000,0.0000,0.0000,0.0000,0.0000,0.0000,0.0000,0.0000,0.0000,0.0000,0.0000

1975.5490,0.0000,0.0000,0.0000,0.0000,0.0000,0.0000,0.0000,0.0000,0.0000,0.0000,0.0000

1976.5490,0.0000,0.0000,0.0000,0.0000,0.0000,0.0000,0.0000,0.0000,0.0000,0.0000,0.0000

1977.5500,0.0000,0.0000,0.0000,0.0000,0.0000,0.0000,0.0000,0.0000,0.0000,0.0000,0.0000

1978.5490,0.0000,0.0000,0.0000,0.0000,0.0000,0.0000,0.0000,0.0000,0.0000,0.0000,0.0000

1979.5490,0.0000,0.0000,0.0000,0.0000,0.0000,0.0000,0.0000,0.0000,0.0000,0.0000,0.0000

1980.5490,0.0000,0.0000,0.0000,0.0000,0.0000,0.0000,0.0000,0.0000,0.0000,0.0000,0.0000

1981.5490,0.0000,0.0000,0.0000,0.0000,0.0000,0.0000,0.0000,0.0000,0.0000,0.0000,0.0000

1982.5500,0.0000,0.0000,0.0000,0.0000,0.0000,0.0000,0.0000,0.0000,0.0000,0.0000,0.0000

1983.5490,0.0000,0.0000,0.0000,0.0000,0.0000,0.0000,0.0000,0.0000,0.0000,0.0000,0.0000

1984.5500,0.0000,0.0000,0.0000,0.0000,0.0000,0.0000,0.0000,0.0000,0.0000,0.0000,0.0000

1985.5490,0.0000,0.0000,0.0000,0.0000,0.0000,0.0000,0.0000,0.0000,0.0000,0.0000,0.0000

1986.5490,0.0000,0.0000,0.0000,0.0000,0.0000,0.0000,0.0000,0.0000,0.0000,0.0000,0.0000

1987.5490,0.0000,0.0000,0.0000,0.0000,0.0000,0.0000,0.0000,0.0000,0.0000,0.0000,0.0000

1988.5490,0.0000,0.0000,0.0000,0.0000,0.0000,0.0000,0.0000,0.0000,0.0000,0.0000,0.0000

1989.5490,0.0000,0.0000,0.0000,0.0000,0.0000,0.0000,0.0000,0.0000,0.0000,0.0000,0.0000

1990.5500,0.0000,0.0000,0.0000,0.0000,0.0000,0.0000,0.0000,0.0000,0.0000,0.0000,0.0000

1991.5500,0.0000,0.0000,0.0000,0.0000,0.0000,0.0000,0.0000,0.0000,0.0000,0.0000,0.0000

1992.5500,0.0000,0.0000,0.0000,0.0000,0.0000,0.0000,0.0000,0.0000,0.0000,0.0000,0.0000

1993.5490,0.0000,0.0000,0.0000,0.0000,0.0000,0.0000,0.0000,0.0000,0.0000,0.0000,0.0000

1994.5490,0.0000,0.0000,0.0000,0.0000,0.0000,0.0000,0.0000,0.0000,0.0000,0.0000,0.0000

1995.5490,0.0000,0.0000,0.0000,0.0000,0.0000,0.0000,0.0000,0.0000,0.0000,0.0000,0.0000

1996.5490,0.0000,0.0000,0.0000,0.0000,0.0000,0.0000,0.0000,0.0000,0.0000,0.0000,0.0000

1997.5490,0.0000,0.0000,0.0000,0.0000,0.0000,0.0000,0.0000,0.0000,0.0000,0.0000,0.0000

1998.5500,0.0000,0.0000,0.0000,0.0000,0.0000,0.0000,0.0000,0.0000,0.0000,0.0000,0.0000

1999.5490,0.0000,0.0000,0.0000,0.0000,0.0000,0.0000,0.0000,0.0000,0.0000,0.0000,0.0000

2000.5490,0.0000,0.0000,0.0000,0.0000,0.0000,0.0000,0.0000,0.0000,0.0000,0.0000,0.0000

2001.5500,0.0000,0.0000,0.0000,0.0000,0.0000,0.0000,0.0000,0.0000,0.0000,0.0000,0.0000

2002.5490,0.0000,0.0000,0.0000,0.0000,0.0000,0.0000,0.0000,0.0000,0.0000,0.0000,0.0000

2003.5490,0.0000,0.0000,0.0000,0.0000,0.0000,0.0000,0.0000,0.0000,0.0000,0.0000,0.0000

2004.5490,0.0000,0.0000,0.0000,0.0000,0.0000,0.0000,0.0000,0.0000,0.0000,0.0000,0.0000

2005.5490,0.0000,0.0000,0.0000,0.0000,0.0000,0.0000,0.0000,0.0000,0.0000,0.0000,0.0000

2006.5490,0.0000,0.0000,0.0000,0.0000,0.0000,0.0000,0.0000,0.0000,0.0000,0.0000,0.0000

2007.5490,0.0000,0.0000,0.0000,0.0000,0.0000,0.0000,0.0000,0.0000,0.0000,0.0000,0.0000

2008.5490,0.0000,0.0000,0.0000,0.0000,0.0000,0.0000,0.0000,0.0000,0.0000,0.0000,0.0000

2009.5500,0.0000,0.0000,0.0000,0.0000,0.0000,0.0000,0.0000,0.0000,0.0000,0.0000,0.0000

2010.5500,0.0000,0.0000,0.0000,0.0000,0.0000,0.0000,0.0000,0.0000,0.0000,0.0000,0.0000

2011.5490,0.0000,0.0000,0.0000,0.0000,0.0000,0.0000,0.0000,0.0000,0.0000,0.0000,0.0000

2012.5490,0.0000,0.0000,0.0000,0.0000,0.0000,0.0000,0.0000,0.0000,0.0000,0.0000,0.0000

2013.5490,0.0000,0.0000,0.0000,0.0000,0.0000,0.0000,0.0000,0.0000,0.0000,0.0000,0.0000

2014.5490,0.0000,0.0000,0.0000,0.0000,0.0000,0.0000,0.0000,0.0000,0.0000,0.0000,0.0000

2015.5490,0.0000,0.0000,0.0000,0.0000,0.0000,0.0000,0.0000,0.0000,0.0000,0.0000,0.0000

2016.5490,0.0000,0.0000,0.0000,0.0000,0.0000,0.0000,0.0000,0.0000,0.0000,0.0000,0.0000

2017.5490,0.0000,0.0000,0.0000,0.0000,0.0000,0.0000,0.0000,0.0000,0.0000,0.0000,0.0000

2018.5500,0.0000,0.0000,0.0000,0.0000,0.0000,0.0000,0.0000,0.0000,0.0000,0.0000,0.0000

2019.5500,0.0000,0.0000,0.0000,0.0000,0.0000,0.0000,0.0000,0.0000,0.0000,0.0000,0.0000

2020.5500,0.0000,0.0000,0.0000,0.0000,0.0000,0.0000,0.0000,0.0000,0.0000,0.0000,0.0000

2021.5490,0.0000,0.0000,0.0000,0.0000,0.0000,0.0000,0.0000,0.0000,0.0000,0.0000,0.0000

2022.5490,0.0000,0.0000,0.0000,0.0000,0.0000,0.0000,0.0000,0.0000,0.0000,0.0000,0.0000

2023.5490,0.0000,0.0000,0.0000,0.0000,0.0000,0.0000,0.0000,0.0000,0.0000,0.0000,0.0000

2024.5490,0.0000,0.0000,0.0000,0.0000,0.0000,0.0000,0.0000,0.0000,0.0000,0.0000,0.0000

2025.5490,0.0000,0.0000,0.0000,0.0000,0.0000,0.0000,0.0000,0.0000,0.0000,0.0000,0.0000

2026.5490,0.0000,0.0000,0.0000,0.0000,0.0000,0.0000,0.0000,0.0000,0.0000,0.0000,0.0000

2027.5490,0.0000,0.0000,0.0000,0.0000,0.0000,0.0000,0.0000,0.0000,0.0000,0.0000,0.0000

2028.5500,0.0000,0.0000,0.0000,0.0000,0.0000,0.0000,0.0000,0.0000,0.0000,0.0000,0.0000

2029.5490,0.0000,0.0000,0.0000,0.0000,0.0000,0.0000,0.0000,0.0000,0.0000,0.0000,0.0000

2030.5500,0.0000,0.0000,0.0000,0.0000,0.0000,0.0000,0.0000,0.0000,0.0000,0.0000,0.0000

2031.5500,0.0000,0.0000,0.0000,0.0000,0.0000,0.0000,0.0000,0.0000,0.0000,0.0000,0.0000

2032.5490,0.0000,0.0000,0.0000,0.0000,0.0000,0.0000,0.0000,0.0000,0.0000,0.0000,0.0000

2033.5490,0.0000,0.0000,0.0000,0.0000,0.0000,0.0000,0.0000,0.0000,0.0000,0.0000,0.0000

2034.5490,0.0000,0.0000,0.0000,0.0000,0.0000,0.0000,0.0000,0.0000,0.0000,0.0000,0.0000

2035.5490,0.0000,0.0000,0.0000,0.0000,0.0000,0.0000,0.0000,0.0000,0.0000,0.0000,0.0000

2036.5490,0.0000,0.0000,0.0000,0.0000,0.0000,0.0000,0.0000,0.0000,0.0000,0.0000,0.0000

2037.5490,0.0000,0.0000,0.0000,0.0000,0.0000,0.0000,0.0000,0.0000,0.0000,0.0000,0.0000

2038.5490,0.0000,0.0000,0.0000,0.0000,0.0000,0.0000,0.0000,0.0000,0.0000,0.0000,0.0000

2039.5500,0.0000,0.0000,0.0000,0.0000,0.0000,0.0000,0.0000,0.0000,0.0000,0.0000,0.0000

2040.5500,0.0000,0.0000,0.0000,0.0000,0.0000,0.0000,0.0000,0.0000,0.0000,0.0000,0.0000

2041.5490,0.0000,0.0000,0.0000,0.0000,0.0000,0.0000,0.0000,0.0000,0.0000,0.0000,0.0000

2042.5490,0.0000,0.0000,0.0000,0.0000,0.0000,0.0000,0.0000,0.0000,0.0000,0.0000,0.0000

2043.5490,0.0000,0.0000,0.0000,0.0000,0.0000,0.0000,0.0000,0.0000,0.0000,0.0000,0.0000

2044.5490,0.0000,0.0000,0.0000,0.0000,0.0000,0.0000,0.0000,0.0000,0.0000,0.0000,0.0000

2045.5490,0.0000,0.0000,0.0000,0.0000,0.0000,0.0000,0.0000,0.0000,0.0000,0.0000,0.0000

2046.5490,0.0000,0.0000,0.0000,0.0000,0.0000,0.0000,0.0000,0.0000,0.0000,0.0000,0.0000

2047.5490,0.0000,0.0000,0.0000,0.0000,0.0000,0.0000,0.0000,0.0000,0.0000,0.0000,0.0000

2048.5490,0.0000,0.0000,0.0000,0.0000,0.0000,0.0000,0.0000,0.0000,0.0000,0.0000,0.0000

2049.5490,0.0000,0.0000,0.0000,0.0000,0.0000,0.0000,0.0000,0.0000,0.0000,0.0000,0.0000

2050.5490,0.0000,0.0000,0.0000,0.0000,0.0000,0.0000,0.0000,0.0000,0.0000,0.0000,0.0000

2051.5490,0.0000,0.0000,0.0000,0.0000,0.0000,0.0000,0.0000,0.0000,0.0000,0.0000,0.0000

2052.5490,0.0000,0.0000,0.0000,0.0000,0.0000,0.0000,0.0000,0.0000,0.0000,0.0000,0.0000

2053.5490,0.0000,0.0000,0.0000,0.0000,0.0000,0.0000,0.0000,0.0000,0.0000,0.0000,0.0000

2054.5490,0.0000,0.0000,0.0000,0.0000,0.0000,0.0000,0.0000,0.0000,0.0000,0.0000,0.0000

2055.5490,0.0000,0.0000,0.0000,0.0000,0.0000,0.0000,0.0000,0.0000,0.0000,0.0000,0.0000

2056.5490,0.0000,0.0000,0.0000,0.0000,0.0000,0.0000,0.0000,0.0000,0.0000,0.0000,0.0000

2057.5490,0.0000,0.0000,0.0000,0.0000,0.0000,0.0000,0.0000,0.0000,0.0000,0.0000,0.0000

2058.5490,0.0000,0.0000,0.0000,0.0000,0.0000,0.0000,0.0000,0.0000,0.0000,0.0000,0.0000

2059.5490,0.0000,0.0000,0.0000,0.0000,0.0000,0.0000,0.0000,0.0000,0.0000,0.0000,0.0000

2060.5490,0.0000,0.0000,0.0000,0.0000,0.0000,0.0000,0.0000,0.0000,0.0000,0.0000,0.0000

2061.5490,0.0000,0.0000,0.0000,0.0000,0.0000,0.0000,0.0000,0.0000,0.0000,0.0000,0.0000

2062.5490,0.0000,0.0000,0.0000,0.0000,0.0000,0.0000,0.0000,0.0000,0.0000,0.0000,0.0000

2063.5490,0.0000,0.0000,0.0000,0.0000,0.0000,0.0000,0.0000,0.0000,0.0000,0.0000,0.0000

2064.5490,0.0000,0.0000,0.0000,0.0000,0.0000,0.0000,0.0000,0.0000,0.0000,0.0000,0.0000

2065.5490,0.0000,0.0000,0.0000,0.0000,0.0000,0.0000,0.0000,0.0000,0.0000,0.0000,0.0000

2066.5490,0.0000,0.0000,0.0000,0.0000,0.0000,0.0000,0.0000,0.0000,0.0000,0.0000,0.0000

2067.5490,0.0000,0.0000,0.0000,0.0000,0.0000,0.0000,0.0000,0.0000,0.0000,0.0000,0.0000

2068.5490,0.0000,0.0000,0.0000,0.0000,0.0000,0.0000,0.0000,0.0000,0.0000,0.0000,0.0000

2069.5490,0.0000,0.0000,0.0000,0.0000,0.0000,0.0000,0.0000,0.0000,0.0000,0.0000,0.0000

2070.5500,0.0000,0.0000,0.0000,0.0000,0.0000,0.0000,0.0000,0.0000,0.0000,0.0000,0.0000

2071.5490,0.0000,0.0000,0.0000,0.0000,0.0000,0.0000,0.0000,0.0000,0.0000,0.0000,0.0000

2072.5490,0.0000,0.0000,0.0000,0.0000,0.0000,0.0000,0.0000,0.0000,0.0000,0.0000,0.0000

2073.5490,0.0000,0.0000,0.0000,0.0000,0.0000,0.0000,0.0000,0.0000,0.0000,0.0000,0.0000

2074.5490,0.0000,0.0000,0.0000,0.0000,0.0000,0.0000,0.0000,0.0000,0.0000,0.0000,0.0000

2075.5490,0.0000,0.0000,0.0000,0.0000,0.0000,0.0000,0.0000,0.0000,0.0000,0.0000,0.0000

2076.5490,0.0000,0.0000,0.0000,0.0000,0.0000,0.0000,0.0000,0.0000,0.0000,0.0000,0.0000

2077.5500,0.0000,0.0000,0.0000,0.0000,0.0000,0.0000,0.0000,0.0000,0.0000,0.0000,0.0000

2078.5500,0.0000,0.0000,0.0000,0.0000,0.0000,0.0000,0.0000,0.0000,0.0000,0.0000,0.0000

2079.5500,0.0000,0.0000,0.0000,0.0000,0.0000,0.0000,0.0000,0.0000,0.0000,0.0000,0.0000

2080.5500,0.0000,0.0000,0.0000,0.0000,0.0000,0.0000,0.0000,0.0000,0.0000,0.0000,0.0000

2081.5490,0.0000,0.0000,0.0000,0.0000,0.0000,0.0000,0.0000,0.0000,0.0000,0.0000,0.0000

2082.5490,0.0000,0.0000,0.0000,0.0000,0.0000,0.0000,0.0000,0.0000,0.0000,0.0000,0.0000

2083.6090,0.0000,0.0000,0.0000,0.0000,0.0000,0.0000,0.0000,0.0000,0.0000,0.0000,0.0000

2084.5490,0.0000,0.0000,0.0000,0.0000,0.0000,0.0000,0.0000,0.0000,0.0000,0.0000,0.0000

2085.5490,0.0000,0.0000,0.0000,0.0000,0.0000,0.0000,0.0000,0.0000,0.0000,0.0000,0.0000

2086.5490,0.0000,0.0000,0.0000,0.0000,0.0000,0.0000,0.0000,0.0000,0.0000,0.0000,0.0000

2087.5490,0.0000,0.0000,0.0000,0.0000,0.0000,0.0000,0.0000,0.0000,0.0000,0.0000,0.0000

2088.5490,0.0000,0.0000,0.0000,0.0000,0.0000,0.0000,0.0000,0.0000,0.0000,0.0000,0.0000

2089.5490,0.0000,0.0000,0.0000,0.0000,0.0000,0.0000,0.0000,0.0000,0.0000,0.0000,0.0000

2090.5490,0.0000,0.0000,0.0000,0.0000,0.0000,0.0000,0.0000,0.0000,0.0000,0.0000,0.0000

2091.5490,0.0000,0.0000,0.0000,0.0000,0.0000,0.0000,0.0000,0.0000,0.0000,0.0000,0.0000

2092.5500,0.0000,0.0000,0.0000,0.0000,0.0000,0.0000,0.0000,0.0000,0.0000,0.0000,0.0000

2093.5490,0.0000,0.0000,0.0000,0.0000,0.0000,0.0000,0.0000,0.0000,0.0000,0.0000,0.0000

2094.5490,0.0000,0.0000,0.0000,0.0000,0.0000,0.0000,0.0000,0.0000,0.0000,0.0000,0.0000

2095.5500,0.0000,0.0000,0.0000,0.0000,0.0000,0.0000,0.0000,0.0000,0.0000,0.0000,0.0000

2096.5490,0.0000,0.0000,0.0000,0.0000,0.0000,0.0000,0.0000,0.0000,0.0000,0.0000,0.0000

2097.5500,0.0000,0.0000,0.0000,0.0000,0.0000,0.0000,0.0000,0.0000,0.0000,0.0000,0.0000

2098.5490,0.0000,0.0000,0.0000,0.0000,0.0000,0.0000,0.0000,0.0000,0.0000,0.0000,0.0000

2099.5490,0.0000,0.0000,0.0000,0.0000,0.0000,0.0000,0.0000,0.0000,0.0000,0.0000,0.0000

2100.5490,0.0000,0.0000,0.0000,0.0000,0.0000,0.0000,0.0000,0.0000,0.0000,0.0000,0.0000

2101.5490,0.0000,0.0000,0.0000,0.0000,0.0000,0.0000,0.0000,0.0000,0.0000,0.0000,0.0000

2102.5490,0.0000,0.0000,0.0000,0.0000,0.0000,0.0000,0.0000,0.0000,0.0000,0.0000,0.0000

2103.5490,0.0000,0.0000,0.0000,0.0000,0.0000,0.0000,0.0000,0.0000,0.0000,0.0000,0.0000

2104.5490,0.0000,0.0000,0.0000,0.0000,0.0000,0.0000,0.0000,0.0000,0.0000,0.0000,0.0000

2105.5490,0.0000,0.0000,0.0000,0.0000,0.0000,0.0000,0.0000,0.0000,0.0000,0.0000,0.0000

2106.5490,0.0000,0.0000,0.0000,0.0000,0.0000,0.0000,0.0000,0.0000,0.0000,0.0000,0.0000

2107.5490,0.0000,0.0000,0.0000,0.0000,0.0000,0.0000,0.0000,0.0000,0.0000,0.0000,0.0000

2108.5490,0.0000,0.0000,0.0000,0.0000,0.0000,0.0000,0.0000,0.0000,0.0000,0.0000,0.0000

2109.5490,0.0000,0.0000,0.0000,0.0000,0.0000,0.0000,0.0000,0.0000,0.0000,0.0000,0.0000

2110.5490,0.0000,0.0000,0.0000,0.0000,0.0000,0.0000,0.0000,0.0000,0.0000,0.0000,0.0000

2111.5490,0.0000,0.0000,0.0000,0.0000,0.0000,0.0000,0.0000,0.0000,0.0000,0.0000,0.0000

2112.5500,0.0000,0.0000,0.0000,0.0000,0.0000,0.0000,0.0000,0.0000,0.0000,0.0000,0.0000

2113.5510,0.0000,0.0000,0.0000,0.0000,0.0000,0.0000,0.0000,0.0000,0.0000,0.0000,0.0000

2114.5490,0.0000,0.0000,0.0000,0.0000,0.0000,0.0000,0.0000,0.0000,0.0000,0.0000,0.0000

2115.5490,0.0000,0.0000,0.0000,0.0000,0.0000,0.0000,0.0000,0.0000,0.0000,0.0000,0.0000

2116.5490,0.0000,0.0000,0.0000,0.0000,0.0000,0.0000,0.0000,0.0000,0.0000,0.0000,0.0000

2117.5490,0.0000,0.0000,0.0000,0.0000,0.0000,0.0000,0.0000,0.0000,0.0000,0.0000,0.0000

2118.5490,0.0000,0.0000,0.0000,0.0000,0.0000,0.0000,0.0000,0.0000,0.0000,0.0000,0.0000

2119.5490,0.0000,0.0000,0.0000,0.0000,0.0000,0.0000,0.0000,0.0000,0.0000,0.0000,0.0000

2120.5490,0.0000,0.0000,0.0000,0.0000,0.0000,0.0000,0.0000,0.0000,0.0000,0.0000,0.0000

2121.5490,0.0000,0.0000,0.0000,0.0000,0.0000,0.0000,0.0000,0.0000,0.0000,0.0000,0.0000

2122.5500,0.0000,0.0000,0.0000,0.0000,0.0000,0.0000,0.0000,0.0000,0.0000,0.0000,0.0000

2123.5490,0.0000,0.0000,0.0000,0.0000,0.0000,0.0000,0.0000,0.0000,0.0000,0.0000,0.0000

2124.5490,0.0000,0.0000,0.0000,0.0000,0.0000,0.0000,0.0000,0.0000,0.0000,0.0000,0.0000

2125.5490,0.0000,0.0000,0.0000,0.0000,0.0000,0.0000,0.0000,0.0000,0.0000,0.0000,0.0000

2126.5500,0.0000,0.0000,0.0000,0.0000,0.0000,0.0000,0.0000,0.0000,0.0000,0.0000,0.0000

2127.5500,0.0000,0.0000,0.0000,0.0000,0.0000,0.0000,0.0000,0.0000,0.0000,0.0000,0.0000

2128.5490,0.0000,0.0000,0.0000,0.0000,0.0000,0.0000,0.0000,0.0000,0.0000,0.0000,0.0000

2129.5500,0.0000,0.0000,0.0000,0.0000,0.0000,0.0000,0.0000,0.0000,0.0000,0.0000,0.0000

2130.5490,0.0000,0.0000,0.0000,0.0000,0.0000,0.0000,0.0000,0.0000,0.0000,0.0000,0.0000

2131.5490,0.0000,0.0000,0.0000,0.0000,0.0000,0.0000,0.0000,0.0000,0.0000,0.0000,0.0000

2132.5490,0.0000,0.0000,0.0000,0.0000,0.0000,0.0000,0.0000,0.0000,0.0000,0.0000,0.0000

2133.5500,0.0000,0.0000,0.0000,0.0000,0.0000,0.0000,0.0000,0.0000,0.0000,0.0000,0.0000

2134.5490,0.0000,0.0000,0.0000,0.0000,0.0000,0.0000,0.0000,0.0000,0.0000,0.0000,0.0000

2135.5500,0.0000,0.0000,0.0000,0.0000,0.0000,0.0000,0.0000,0.0000,0.0000,0.0000,0.0000

2136.5490,0.0000,0.0000,0.0000,0.0000,0.0000,0.0000,0.0000,0.0000,0.0000,0.0000,0.0000

2137.5500,0.0000,0.0000,0.0000,0.0000,0.0000,0.0000,0.0000,0.0000,0.0000,0.0000,0.0000

2138.5490,0.0000,0.0000,0.0000,0.0000,0.0000,0.0000,0.0000,0.0000,0.0000,0.0000,0.0000

2139.5490,0.0000,0.0000,0.0000,0.0000,0.0000,0.0000,0.0000,0.0000,0.0000,0.0000,0.0000

2140.5490,0.0000,0.0000,0.0000,0.0000,0.0000,0.0000,0.0000,0.0000,0.0000,0.0000,0.0000

2141.5490,0.0000,0.0000,0.0000,0.0000,0.0000,0.0000,0.0000,0.0000,0.0000,0.0000,0.0000

2142.5490,0.0000,0.0000,0.0000,0.0000,0.0000,0.0000,0.0000,0.0000,0.0000,0.0000,0.0000

2143.5500,0.0000,0.0000,0.0000,0.0000,0.0000,0.0000,0.0000,0.0000,0.0000,0.0000,0.0000

2144.5490,0.0000,0.0000,0.0000,0.0000,0.0000,0.0000,0.0000,0.0000,0.0000,0.0000,0.0000

2145.5490,0.0000,0.0000,0.0000,0.0000,0.0000,0.0000,0.0000,0.0000,0.0000,0.0000,0.0000

2146.5490,0.0000,0.0000,0.0000,0.0000,0.0000,0.0000,0.0000,0.0000,0.0000,0.0000,0.0000

2147.5490,0.0000,0.0000,0.0000,0.0000,0.0000,0.0000,0.0000,0.0000,0.0000,0.0000,0.0000

2148.5500,0.0000,0.0000,0.0000,0.0000,0.0000,0.0000,0.0000,0.0000,0.0000,0.0000,0.0000

2149.5490,0.0000,0.0000,0.0000,0.0000,0.0000,0.0000,0.0000,0.0000,0.0000,0.0000,0.0000

2150.5490,0.0000,0.0000,0.0000,0.0000,0.0000,0.0000,0.0000,0.0000,0.0000,0.0000,0.0000

2151.5500,0.0000,0.0000,0.0000,0.0000,0.0000,0.0000,0.0000,0.0000,0.0000,0.0000,0.0000

2152.5490,0.0000,0.0000,0.0000,0.0000,0.0000,0.0000,0.0000,0.0000,0.0000,0.0000,0.0000

2153.5490,0.0000,0.0000,0.0000,0.0000,0.0000,0.0000,0.0000,0.0000,0.0000,0.0000,0.0000

2154.5500,0.0000,0.0000,0.0000,0.0000,0.0000,0.0000,0.0000,0.0000,0.0000,0.0000,0.0000

2155.5490,0.0000,0.0000,0.0000,0.0000,0.0000,0.0000,0.0000,0.0000,0.0000,0.0000,0.0000

2156.5490,0.0000,0.0000,0.0000,0.0000,0.0000,0.0000,0.0000,0.0000,0.0000,0.0000,0.0000

2157.5500,0.0000,0.0000,0.0000,0.0000,0.0000,0.0000,0.0000,0.0000,0.0000,0.0000,0.0000

2158.5490,0.0000,0.0000,0.0000,0.0000,0.0000,0.0000,0.0000,0.0000,0.0000,0.0000,0.0000

2159.5490,0.0000,0.0000,0.0000,0.0000,0.0000,0.0000,0.0000,0.0000,0.0000,0.0000,0.0000

2160.5500,0.0000,0.0000,0.0000,0.0000,0.0000,0.0000,0.0000,0.0000,0.0000,0.0000,0.0000

2161.5490,0.0000,0.0000,0.0000,0.0000,0.0000,0.0000,0.0000,0.0000,0.0000,0.0000,0.0000

2162.5500,0.0000,0.0000,0.0000,0.0000,0.0000,0.0000,0.0000,0.0000,0.0000,0.0000,0.0000

2163.5500,0.0000,0.0000,0.0000,0.0000,0.0000,0.0000,0.0000,0.0000,0.0000,0.0000,0.0000

2164.5490,0.0000,0.0000,0.0000,0.0000,0.0000,0.0000,0.0000,0.0000,0.0000,0.0000,0.0000

2165.5490,0.0000,0.0000,0.0000,0.0000,0.0000,0.0000,0.0000,0.0000,0.0000,0.0000,0.0000

2166.5490,0.0000,0.0000,0.0000,0.0000,0.0000,0.0000,0.0000,0.0000,0.0000,0.0000,0.0000

2167.5490,0.0000,0.0000,0.0000,0.0000,0.0000,0.0000,0.0000,0.0000,0.0000,0.0000,0.0000

2168.5490,0.0000,0.0000,0.0000,0.0000,0.0000,0.0000,0.0000,0.0000,0.0000,0.0000,0.0000

2169.5500,0.0000,0.0000,0.0000,0.0000,0.0000,0.0000,0.0000,0.0000,0.0000,0.0000,0.0000

2170.5490,0.0000,0.0000,0.0000,0.0000,0.0000,0.0000,0.0000,0.0000,0.0000,0.0000,0.0000

2171.5500,0.0000,0.0000,0.0000,0.0000,0.0000,0.0000,0.0000,0.0000,0.0000,0.0000,0.0000

2172.5500,0.0000,0.0000,0.0000,0.0000,0.0000,0.0000,0.0000,0.0000,0.0000,0.0000,0.0000

2173.5490,0.0000,0.0000,0.0000,0.0000,0.0000,0.0000,0.0000,0.0000,0.0000,0.0000,0.0000

2174.5490,0.0000,0.0000,0.0000,0.0000,0.0000,0.0000,0.0000,0.0000,0.0000,0.0000,0.0000

2175.5490,0.0000,0.0000,0.0000,0.0000,0.0000,0.0000,0.0000,0.0000,0.0000,0.0000,0.0000

2176.5500,0.0000,0.0000,0.0000,0.0000,0.0000,0.0000,0.0000,0.0000,0.0000,0.0000,0.0000

2177.5500,0.0000,0.0000,0.0000,0.0000,0.0000,0.0000,0.0000,0.0000,0.0000,0.0000,0.0000

2178.5500,0.0000,0.0000,0.0000,0.0000,0.0000,0.0000,0.0000,0.0000,0.0000,0.0000,0.0000

2179.5490,0.0000,0.0000,0.0000,0.0000,0.0000,0.0000,0.0000,0.0000,0.0000,0.0000,0.0000

2180.5490,0.0000,0.0000,0.0000,0.0000,0.0000,0.0000,0.0000,0.0000,0.0000,0.0000,0.0000

2181.5490,0.0000,0.0000,0.0000,0.0000,0.0000,0.0000,0.0000,0.0000,0.0000,0.0000,0.0000

2182.5490,0.0000,0.0000,0.0000,0.0000,0.0000,0.0000,0.0000,0.0000,0.0000,0.0000,0.0000

2183.5490,0.0000,0.0000,0.0000,0.0000,0.0000,0.0000,0.0000,0.0000,0.0000,0.0000,0.0000

2184.5490,0.0000,0.0000,0.0000,0.0000,0.0000,0.0000,0.0000,0.0000,0.0000,0.0000,0.0000

2185.5500,0.0000,0.0000,0.0000,0.0000,0.0000,0.0000,0.0000,0.0000,0.0000,0.0000,0.0000

2186.5490,0.0000,0.0000,0.0000,0.0000,0.0000,0.0000,0.0000,0.0000,0.0000,0.0000,0.0000

2187.5490,0.0000,0.0000,0.0000,0.0000,0.0000,0.0000,0.0000,0.0000,0.0000,0.0000,0.0000

2188.5490,0.0000,0.0000,0.0000,0.0000,0.0000,0.0000,0.0000,0.0000,0.0000,0.0000,0.0000

2189.5490,0.0000,0.0000,0.0000,0.0000,0.0000,0.0000,0.0000,0.0000,0.0000,0.0000,0.0000

2190.5490,0.0000,0.0000,0.0000,0.0000,0.0000,0.0000,0.0000,0.0000,0.0000,0.0000,0.0000

2191.5490,0.0000,0.0000,0.0000,0.0000,0.0000,0.0000,0.0000,0.0000,0.0000,0.0000,0.0000

2192.5490,0.0000,0.0000,0.0000,0.0000,0.0000,0.0000,0.0000,0.0000,0.0000,0.0000,0.0000

2193.5490,0.0000,0.0000,0.0000,0.0000,0.0000,0.0000,0.0000,0.0000,0.0000,0.0000,0.0000

2194.5510,0.0000,0.0000,0.0000,0.0000,0.0000,0.0000,0.0000,0.0000,0.0000,0.0000,0.0000

2195.5500,0.0000,0.0000,0.0000,0.0000,0.0000,0.0000,0.0000,0.0000,0.0000,0.0000,0.0000

2196.5490,0.0000,0.0000,0.0000,0.0000,0.0000,0.0000,0.0000,0.0000,0.0000,0.0000,0.0000

2197.5500,0.0000,0.0000,0.0000,0.0000,0.0000,0.0000,0.0000,0.0000,0.0000,0.0000,0.0000

2198.5500,0.0000,0.0000,0.0000,0.0000,0.0000,0.0000,0.0000,0.0000,0.0000,0.0000,0.0000

2199.5490,0.0000,0.0000,0.0000,0.0000,0.0000,0.0000,0.0000,0.0000,0.0000,0.0000,0.0000

2200.5490,0.0000,0.0000,0.0000,0.0000,0.0000,0.0000,0.0000,0.0000,0.0000,0.0000,0.0000

2201.5490,0.0000,0.0000,0.0000,0.0000,0.0000,0.0000,0.0000,0.0000,0.0000,0.0000,0.0000

2202.5490,0.0000,0.0000,0.0000,0.0000,0.0000,0.0000,0.0000,0.0000,0.0000,0.0000,0.0000

2203.5500,0.0000,0.0000,0.0000,0.0000,0.0000,0.0000,0.0000,0.0000,0.0000,0.0000,0.0000

2204.5500,0.0000,0.0000,0.0000,0.0000,0.0000,0.0000,0.0000,0.0000,0.0000,0.0000,0.0000

2205.5490,0.0000,0.0000,0.0000,0.0000,0.0000,0.0000,0.0000,0.0000,0.0000,0.0000,0.0000

2206.5490,0.0000,0.0000,0.0000,0.0000,0.0000,0.0000,0.0000,0.0000,0.0000,0.0000,0.0000

2207.5490,0.0000,0.0000,0.0000,0.0000,0.0000,0.0000,0.0000,0.0000,0.0000,0.0000,0.0000

2208.5500,0.0000,0.0000,0.0000,0.0000,0.0000,0.0000,0.0000,0.0000,0.0000,0.0000,0.0000

2209.5490,0.0000,0.0000,0.0000,0.0000,0.0000,0.0000,0.0000,0.0000,0.0000,0.0000,0.0000

2210.5490,0.0000,0.0000,0.0000,0.0000,0.0000,0.0000,0.0000,0.0000,0.0000,0.0000,0.0000

2211.5490,0.0000,0.0000,0.0000,0.0000,0.0000,0.0000,0.0000,0.0000,0.0000,0.0000,0.0000

2212.5490,0.0000,0.0000,0.0000,0.0000,0.0000,0.0000,0.0000,0.0000,0.0000,0.0000,0.0000

2213.5500,0.0000,0.0000,0.0000,0.0000,0.0000,0.0000,0.0000,0.0000,0.0000,0.0000,0.0000

2214.5500,0.0000,0.0000,0.0000,0.0000,0.0000,0.0000,0.0000,0.0000,0.0000,0.0000,0.0000

2215.5490,0.0000,0.0000,0.0000,0.0000,0.0000,0.0000,0.0000,0.0000,0.0000,0.0000,0.0000

2216.5490,0.0000,0.0000,0.0000,0.0000,0.0000,0.0000,0.0000,0.0000,0.0000,0.0000,0.0000

2217.5490,0.0000,0.0000,0.0000,0.0000,0.0000,0.0000,0.0000,0.0000,0.0000,0.0000,0.0000

2218.5490,0.0000,0.0000,0.0000,0.0000,0.0000,0.0000,0.0000,0.0000,0.0000,0.0000,0.0000

2219.5490,0.0000,0.0000,0.0000,0.0000,0.0000,0.0000,0.0000,0.0000,0.0000,0.0000,0.0000

2220.5490,0.0000,0.0000,0.0000,0.0000,0.0000,0.0000,0.0000,0.0000,0.0000,0.0000,0.0000

2221.5490,0.0000,0.0000,0.0000,0.0000,0.0000,0.0000,0.0000,0.0000,0.0000,0.0000,0.0000

2222.5490,0.0000,0.0000,0.0000,0.0000,0.0000,0.0000,0.0000,0.0000,0.0000,0.0000,0.0000

2223.5490,0.0000,0.0000,0.0000,0.0000,0.0000,0.0000,0.0000,0.0000,0.0000,0.0000,0.0000

2224.5500,0.0000,0.0000,0.0000,0.0000,0.0000,0.0000,0.0000,0.0000,0.0000,0.0000,0.0000

2225.5490,0.0000,0.0000,0.0000,0.0000,0.0000,0.0000,0.0000,0.0000,0.0000,0.0000,0.0000

2226.5490,0.0000,0.0000,0.0000,0.0000,0.0000,0.0000,0.0000,0.0000,0.0000,0.0000,0.0000

2227.5490,0.0000,0.0000,0.0000,0.0000,0.0000,0.0000,0.0000,0.0000,0.0000,0.0000,0.0000

2228.5500,0.0000,0.0000,0.0000,0.0000,0.0000,0.0000,0.0000,0.0000,0.0000,0.0000,0.0000

2229.5500,0.0000,0.0000,0.0000,0.0000,0.0000,0.0000,0.0000,0.0000,0.0000,0.0000,0.0000

2230.5490,0.0000,0.0000,0.0000,0.0000,0.0000,0.0000,0.0000,0.0000,0.0000,0.0000,0.0000

2231.5490,0.0000,0.0000,0.0000,0.0000,0.0000,0.0000,0.0000,0.0000,0.0000,0.0000,0.0000

2232.5490,0.0000,0.0000,0.0000,0.0000,0.0000,0.0000,0.0000,0.0000,0.0000,0.0000,0.0000

2233.5500,0.0000,0.0000,0.0000,0.0000,0.0000,0.0000,0.0000,0.0000,0.0000,0.0000,0.0000

2234.5490,0.0000,0.0000,0.0000,0.0000,0.0000,0.0000,0.0000,0.0000,0.0000,0.0000,0.0000

