Elapsed Time (s),Heat Exchanger Flow (GPM),Flow Raw Voltage (V), Main Loop Flow (GPM), Flow Signal Amplitude (V)
1.9660,0.0055,0.0450,0.0000,0.0000

2.8780,0.0154,0.0656,0.0000,0.0000

3.8780,0.0121,0.0450,0.0000,0.0001

4.8780,0.0042,0.0193,0.0000,0.0001

5.8780,0.0045,0.0450,0.0000,0.0001

6.8790,0.0030,0.0347,0.0000,0.0000

7.8780,0.0019,0.0347,0.0000,0.0001

8.8780,0.0024,0.0450,0.0000,0.0001

9.8780,0.0027,0.0450,0.0000,0.0001

10.8780,0.0020,0.0347,0.0000,0.0001

11.8780,0.0010,0.0347,0.0000,0.0001

12.8780,-0.0010,0.0450,0.0000,0.0001

13.8780,-0.0020,0.0347,0.0000,0.0001

14.8790,0.0000,0.0399,0.0000,0.0001

15.8780,-0.0005,0.0399,0.0000,0.0001

16.8780,0.0000,0.0399,0.0000,0.0001

17.8790,-0.0079,-0.0476,0.0000,0.0001

18.8780,-0.0089,0.0347,0.0000,0.0001

19.8790,-0.0070,0.0656,0.0000,0.0001

20.8780,-0.0084,0.0193,0.0000,0.0001

21.8790,-0.0114,0.0038,0.0000,0.0001

22.8790,-0.0139,0.0193,0.0000,0.0001

23.8790,-0.0099,0.0759,0.0000,0.0001

24.8780,-0.0099,0.0399,0.0000,0.0001

25.8790,-0.0079,0.0604,0.0000,0.0001

26.8790,-0.0070,0.0501,0.0000,0.0001

27.8780,0.0030,0.0553,0.0000,0.0001

28.8790,0.0025,0.0296,0.0000,0.0001

29.8780,0.0005,0.0450,0.0000,0.0001

30.8780,0.0025,0.0399,0.0000,0.0001

31.8780,0.0065,0.0450,0.0000,0.0001

32.8780,0.0085,0.0399,0.0000,0.0001

33.8790,0.0035,0.0244,0.0000,0.0001

34.8780,0.0030,0.0347,0.0000,0.0001

35.8780,0.0005,0.0347,0.0000,0.0001

36.8780,-0.0010,0.0347,0.0000,0.0001

37.8780,-0.0015,0.0501,0.0000,0.0001

38.8790,-0.0094,-0.0528,0.0000,0.0001

39.8780,-0.0124,0.0141,0.0000,0.0001

40.8780,-0.0065,0.1016,0.0000,0.0001

41.8780,-0.0045,0.0656,0.0000,0.0001

42.8790,-0.0050,0.0347,0.0000,0.0001

43.8790,-0.0025,0.0501,0.0000,0.0001

44.8790,-0.0015,0.0450,0.0000,0.0001

45.8780,-0.0040,0.0090,0.0000,0.0001

46.8780,-0.0050,0.0244,0.0000,0.0001

47.8780,-0.0075,0.0244,0.0000,0.0001

48.8780,0.0045,0.0707,0.0000,0.0001

49.8790,0.0045,0.0141,0.0000,0.0001

50.8780,0.0035,0.0913,0.0000,0.0001

51.8780,0.0010,0.0399,0.0000,0.0001

52.8790,0.0010,0.0347,0.0000,0.0001

53.8780,-0.0015,0.0244,0.0000,0.0001

54.8780,-0.0010,0.0501,0.0000,0.0001

55.8780,0.0030,0.0501,0.0000,0.0001

56.8790,0.0040,0.0347,0.0000,0.0001

57.8780,0.0080,0.0656,0.0000,0.0001

58.8780,0.0045,0.0347,0.0000,0.0001

59.8780,0.0060,0.0296,0.0000,0.0001

60.8780,0.0020,0.0501,0.0000,0.0001

61.8780,0.0015,0.0347,0.0000,0.0001

62.8780,0.0005,0.0244,0.0000,0.0001

63.8780,0.0020,0.0399,0.0000,0.0001

64.8780,0.0025,0.0553,0.0000,0.0001

65.8780,0.0015,0.0399,0.0000,0.0001

66.8780,0.0040,0.0604,0.0000,0.0001

67.8780,0.0040,0.0656,0.0000,0.0001

68.8780,0.0020,0.0141,0.0000,0.0001

69.8780,0.0025,0.0347,0.0000,0.0001

70.8780,-0.0005,0.0193,0.0000,0.0001

71.8780,-0.0035,0.0038,0.0000,0.0001

72.8780,-0.0030,0.0296,0.0000,0.0001

73.8780,-0.0050,0.0193,0.0000,0.0001

74.8780,-0.0070,0.0347,0.0000,0.0001

75.8780,-0.0050,0.0604,0.0000,0.0001

76.8780,-0.0079,0.0296,0.0000,0.0001

77.8780,-0.0134,0.0090,0.0000,0.0000

78.8780,-0.0114,0.0347,0.0000,0.0001

79.8790,-0.0134,0.0141,0.0000,0.0001

80.8780,-0.0084,0.0707,0.0000,0.0001

81.8780,-0.0075,0.0141,0.0000,0.0001

82.8780,-0.0060,0.0450,0.0000,0.0001

83.8780,-0.0030,0.0501,0.0000,0.0001

84.8780,-0.0025,0.0399,0.0000,0.0001

85.8790,-0.0055,0.0296,0.0000,0.0001

86.8780,-0.0050,0.0347,0.0000,0.0001

87.8790,-0.0005,0.0553,0.0000,0.0001

88.8780,0.0025,0.0656,0.0000,0.0001

89.8780,0.0045,0.0347,0.0000,0.0001

90.8780,-0.0025,-0.0013,0.0000,0.0001

91.8780,-0.0005,0.0347,0.0000,0.0001

92.8780,0.0010,0.0604,0.0000,0.0001

93.8780,0.0005,0.0450,0.0000,0.0001

94.8790,0.0010,0.0450,0.0000,0.0001

95.8790,-0.0010,0.0090,0.0000,0.0001

96.8780,-0.0025,0.0193,0.0000,0.0001

97.8790,-0.0070,0.0090,0.0000,0.0001

98.8780,-0.0114,0.0193,0.0000,0.0001

99.8780,-0.0104,0.0450,0.0000,0.0001

100.8780,-0.0045,0.0604,0.0000,0.0001

101.8780,-0.0030,0.0501,0.0000,0.0001

102.8780,-0.0075,0.0141,0.0000,0.0001

103.8780,-0.0075,0.0450,0.0000,0.0001

104.8780,-0.0099,0.0193,0.0000,0.0001

105.8780,-0.0065,0.0450,0.0000,0.0001

106.8790,-0.0065,0.0193,0.0000,0.0001

107.8780,-0.0020,0.0553,0.0000,0.0001

108.8780,0.0000,0.0399,0.0000,0.0001

109.8780,0.0035,0.0810,0.0000,0.0001

110.8790,-0.0030,-0.0065,0.0000,0.0001

111.8780,0.0010,0.0913,0.0000,0.0001

112.8790,-0.0015,-0.0116,0.0000,0.0001

113.8780,-0.0020,0.0399,0.0000,0.0001

114.8780,-0.0010,0.0296,0.0000,0.0001

115.8780,-0.0025,0.0296,0.0000,0.0001

116.8780,-0.0005,0.0399,0.0000,0.0001

117.8780,-0.0025,0.0347,0.0000,0.0001

118.8780,-0.0005,0.0604,0.0000,0.0001

119.8780,-0.0015,0.0707,0.0000,0.0001

120.8790,0.0030,0.0399,0.0000,0.0001

121.8860,-0.0040,0.0193,0.0000,0.0001

122.8780,0.0015,0.0450,0.0000,0.0001

123.8780,0.0000,0.0244,0.0000,0.0001

124.8780,0.0005,0.0347,0.0000,0.0001

125.8780,0.0000,0.0244,0.0000,0.0001

126.8780,0.0020,0.0604,0.0000,0.0001

127.8780,0.0030,0.0450,0.0000,0.0001

128.8780,-0.0015,0.0141,0.0000,0.0001

129.8780,-0.0050,0.0347,0.0000,0.0000

130.8780,-0.0040,0.0501,0.0000,0.0001

131.8780,-0.0030,0.0296,0.0000,0.0001

132.8780,-0.0070,0.0038,0.0000,0.0001

133.8780,-0.0065,0.0296,0.0000,0.0001

134.8780,-0.0055,0.0450,0.0000,0.0001

135.8780,-0.0055,0.0244,0.0000,0.0001

136.8780,-0.0079,0.0347,0.0000,0.0001

137.8790,-0.0124,-0.0013,0.0000,0.0001

138.8780,-0.0084,0.0553,0.0000,0.0001

139.8780,-0.0070,0.0501,0.0000,0.0001

140.8780,-0.0079,0.0399,0.0000,0.0001

141.8780,-0.0094,0.0141,0.0000,0.0001

142.8780,-0.0045,0.0553,0.0000,0.0001

143.8790,0.0010,0.0862,0.0000,0.0001

144.8790,0.0010,0.0450,0.0000,0.0001

145.8780,0.0030,0.0450,0.0000,0.0001

146.8780,0.0040,0.0450,0.0000,0.0001

147.8780,0.0094,0.0553,0.0000,0.0001

148.8780,0.0114,0.0759,0.0000,0.0001

149.8780,0.0144,0.0810,0.0000,0.0001

150.8780,0.0184,0.0810,0.0000,0.0001

151.8780,0.0249,0.0810,0.0000,0.0001

152.8790,0.0273,0.0810,0.0000,0.0001

153.8780,0.0258,0.0707,0.0000,0.0001

154.8790,0.0293,0.0810,0.0000,0.0001

155.8780,0.0348,0.1016,0.0000,0.0001

156.8780,0.0378,0.0759,0.0000,0.0001

157.8780,0.0393,0.0707,0.0000,0.0001

158.8780,0.0393,0.0759,0.0000,0.0001

159.8780,0.0393,0.0810,0.0000,0.0001

160.8780,0.0378,0.0656,0.0000,0.0001

161.8780,0.0388,0.0913,0.0000,0.0001

162.8780,0.0398,0.0913,0.0000,0.0001

163.8780,0.0422,0.0965,0.0000,0.0001

164.8780,0.0413,0.0707,0.0000,0.0001

165.8780,0.0378,0.0656,0.0000,0.0001

166.8780,0.0383,0.0810,0.0000,0.0001

167.8780,0.0413,0.1016,0.0000,0.0001

168.8790,0.0427,0.0913,0.0000,0.0001

169.8780,0.0447,0.1016,0.0000,0.0001

170.8780,0.0452,0.0707,0.0000,0.0001

171.8780,0.0442,0.0810,0.0000,0.0001

172.8780,0.0442,0.0913,0.0000,0.0001

173.8780,0.0378,0.0296,0.0000,0.0001

174.8780,0.0467,0.1633,0.0000,0.0001

175.8790,0.0547,0.1479,0.0000,0.0001

176.8790,0.0527,0.0604,0.0000,0.0001

177.8780,0.0502,0.0759,0.0000,0.0001

178.8780,0.0492,0.0810,0.0000,0.0001

179.8780,0.0472,0.0810,0.0000,0.0001

180.8780,0.0487,0.0862,0.0000,0.0001

181.8780,0.0482,0.0759,0.0000,0.0001

182.8780,0.0482,0.0913,0.0000,0.0001

183.8790,0.0547,0.0965,0.0000,0.0001

184.8780,0.0457,0.0707,0.0000,0.0001

185.8780,0.0388,0.0759,0.0000,0.0001

186.8790,0.0422,0.0965,0.0000,0.0001

187.8780,0.0413,0.0656,0.0000,0.0001

188.8780,0.0383,0.0501,0.0000,0.0001

189.8780,0.0408,0.1067,0.0000,0.0001

190.8780,0.0393,0.0707,0.0000,0.0001

191.8780,0.0403,0.0862,0.0000,0.0001

192.8780,0.0408,0.0965,0.0000,0.0001

193.8780,0.0388,0.0759,0.0000,0.0001

194.8790,0.0388,0.0707,0.0000,0.0001

195.8780,0.0388,0.0759,0.0000,0.0001

196.8780,0.0368,0.0759,0.0000,0.0001

197.8790,0.0373,0.0707,0.0000,0.0001

198.8780,0.0388,0.0656,0.0000,0.0001

199.8780,0.0358,0.0759,0.0000,0.0001

200.8780,0.0368,0.0810,0.0000,0.0001

201.8780,0.0353,0.0707,0.0000,0.0001

202.8780,0.0288,0.0296,0.0000,0.0001

203.8780,0.0298,0.0862,0.0000,0.0001

204.8790,0.0293,0.0656,0.0000,0.0001

205.8780,0.0298,0.0810,0.0000,0.0001

206.8780,0.0293,0.0707,0.0000,0.0001

207.8780,0.0293,0.0707,0.0000,0.0001

208.8780,0.0318,0.0913,0.0000,0.0001

209.8780,0.0348,0.1067,0.0000,0.0001

210.8780,0.0378,0.1119,0.0000,0.0001

211.8790,0.0338,0.0296,0.0000,0.0001

212.8780,0.0403,0.0965,0.0000,0.0001

213.8780,0.0408,0.0913,0.0000,0.0001

214.8780,0.0432,0.0913,0.0000,0.0001

215.8780,0.0437,0.0862,0.0000,0.0001

216.8790,0.0457,0.0913,0.0000,0.0001

217.8780,0.0512,0.1273,0.0000,0.0001

218.8780,0.0502,0.0810,0.0000,0.0001

219.8780,0.0477,0.0810,0.0000,0.0001

220.8790,0.0467,0.1016,0.0000,0.0001

221.8780,0.0497,0.0604,0.0000,0.0001

222.8780,0.0502,0.1016,0.0000,0.0001

223.8780,0.0462,0.0501,0.0000,0.0001

224.8780,0.0442,0.0707,0.0000,0.0001

225.8780,0.0442,0.0862,0.0000,0.0001

226.8780,0.0462,0.1119,0.0000,0.0001

227.8780,0.0408,0.0707,0.0000,0.0001

228.8780,0.0393,0.0656,0.0000,0.0001

229.8780,0.0398,0.0862,0.0000,0.0001

230.8780,0.0363,0.0656,0.0000,0.0001

231.8780,0.0373,0.0707,0.0000,0.0001

232.8790,0.0323,0.0501,0.0000,0.0001

233.8780,0.0328,0.0553,0.0000,0.0001

234.8790,0.0318,0.0604,0.0000,0.0001

235.8780,0.0313,0.0810,0.0000,0.0001

236.8780,0.0293,0.0913,0.0000,0.0001

237.8780,0.0239,0.0141,0.0000,0.0001

238.8790,0.0139,-0.0373,0.0000,0.0001

239.8780,0.0124,0.0707,0.0000,0.0001

240.8780,0.0144,0.0862,0.0000,0.0001

241.8780,0.0159,0.0862,0.0000,0.0001

242.8780,0.0174,0.0656,0.0000,0.0001

243.8780,0.0194,0.0759,0.0000,0.0001

244.8780,0.0194,0.0604,0.0000,0.0001

245.8780,0.0184,0.0707,0.0000,0.0001

246.8780,0.0154,0.0604,0.0000,0.0001

247.8780,0.0194,0.0553,0.0000,0.0001

248.8780,0.0283,0.0553,0.0000,0.0001

249.8780,0.0273,0.0604,0.0000,0.0001

250.8780,0.0239,0.0501,0.0000,0.0001

251.8780,0.0239,0.0862,0.0000,0.0001

252.8780,0.0249,0.0759,0.0000,0.0001

253.8780,0.0224,0.0501,0.0000,0.0001

254.8780,0.0234,0.0707,0.0000,0.0001

255.8780,0.0209,0.0450,0.0000,0.0001

256.8780,0.0204,0.0553,0.0000,0.0001

257.8780,0.0209,0.0604,0.0000,0.0001

258.8780,0.0239,0.0862,0.0000,0.0001

259.8780,0.0263,0.0862,0.0000,0.0001

260.8780,0.0293,0.0810,0.0000,0.0001

261.8780,0.0249,0.0399,0.0000,0.0001

262.8790,0.0244,0.0707,0.0000,0.0001

263.8780,0.0278,0.0862,0.0000,0.0001

264.8780,0.0303,0.0965,0.0000,0.0001

265.8780,0.0293,0.0347,0.0000,0.0001

266.8780,0.0303,0.0656,0.0000,0.0001

267.8790,0.0313,0.0707,0.0000,0.0001

268.8790,0.0258,0.0296,0.0000,0.0001

269.8780,0.0244,0.0707,0.0000,0.0001

270.8780,0.0244,0.0810,0.0000,0.0001

271.8780,0.0283,0.0810,0.0000,0.0001

272.8780,0.0249,0.0347,0.0000,0.0001

273.8780,0.0239,0.0759,0.0000,0.0001

274.8780,0.0219,0.0759,0.0000,0.0001

275.8780,0.0239,0.0553,0.0000,0.0001

276.8780,0.0239,0.0656,0.0000,0.0001

277.8790,0.0254,0.0862,0.0000,0.0001

278.8790,0.0293,0.0707,0.0000,0.0001

279.8780,0.0268,0.0450,0.0000,0.0001

280.8790,0.0263,0.0759,0.0000,0.0001

281.8780,0.0249,0.0656,0.0000,0.0001

282.8780,0.0298,0.0862,0.0000,0.0001

283.8780,0.0288,0.0656,0.0000,0.0001

284.8790,0.0273,0.0604,0.0000,0.0001

285.8790,0.0303,0.0862,0.0000,0.0001

286.8780,0.0308,0.0707,0.0000,0.0001

287.8790,0.0283,0.0604,0.0000,0.0001

288.8780,0.0249,0.0347,0.0000,0.0001

289.8780,0.0288,0.0862,0.0000,0.0001

290.8790,0.0278,0.0656,0.0000,0.0001

291.8780,0.0288,0.0759,0.0000,0.0001

292.8790,0.0263,0.0604,0.0000,0.0001

293.8780,0.0239,0.0399,0.0000,0.0001

294.8780,0.0239,0.0604,0.0000,0.0001

295.8780,0.0209,0.0553,0.0000,0.0001

296.8780,0.0239,0.1016,0.0000,0.0001

297.8790,0.0273,0.0965,0.0000,0.0001

298.8780,0.0308,0.0707,0.0000,0.0001

299.8780,0.0343,0.1222,0.0000,0.0001

300.8780,0.0323,0.0450,0.0000,0.0001

301.8780,0.0333,0.0862,0.0000,0.0001

302.8780,0.0378,0.1067,0.0000,0.0001

303.8790,0.0427,0.0913,0.0000,0.0001

304.8780,0.0442,0.0759,0.0000,0.0001

305.8780,0.0457,0.0707,0.0000,0.0001

306.8790,0.0413,0.0553,0.0000,0.0001

307.8780,0.0403,0.0862,0.0000,0.0001

308.8780,0.0398,0.0656,0.0000,0.0001

309.8790,0.0358,0.0810,0.0000,0.0001

310.8780,0.0373,0.0604,0.0000,0.0001

311.8780,0.0328,0.0399,0.0000,0.0001

312.8780,0.0298,0.0759,0.0000,0.0001

313.8780,0.0293,0.0862,0.0000,0.0001

314.8780,0.0239,0.0193,0.0000,0.0001

315.8780,0.0244,0.0759,0.0000,0.0001

316.8780,0.0244,0.0553,0.0000,0.0001

317.8780,0.0303,0.1479,0.0000,0.0001

318.8780,0.0308,0.0707,0.0000,0.0001

319.8790,0.0313,0.0862,0.0000,0.0001

320.8780,0.0413,0.1633,0.0000,0.0001

321.8780,0.0442,0.0707,0.0000,0.0001

322.8780,0.0477,0.1119,0.0000,0.0001

323.8780,0.0477,0.0862,0.0000,0.0001

324.8780,0.0542,0.0862,0.0000,0.0001

325.8780,0.0577,0.1119,0.0000,0.0001

326.8780,0.0621,0.1016,0.0000,0.0001

327.8780,0.0557,0.0810,0.0000,0.0001

328.8780,0.0557,0.0707,0.0000,0.0001

329.8780,0.0572,0.1016,0.0000,0.0001

330.8780,0.0492,0.0810,0.0000,0.0001

331.8780,0.0512,0.0913,0.0000,0.0001

332.8780,0.0507,0.1067,0.0000,0.0001

333.8780,0.0527,0.1067,0.0000,0.0001

334.8780,0.0537,0.0965,0.0000,0.0001

335.8780,0.0507,0.0810,0.0000,0.0001

336.8780,0.0537,0.1325,0.0000,0.0001

337.8790,0.0567,0.1119,0.0000,0.0001

338.8780,0.0601,0.1067,0.0000,0.0001

339.8790,0.0562,0.0604,0.0000,0.0001

340.8780,0.0582,0.1016,0.0000,0.0001

341.8790,0.0582,0.0913,0.0000,0.0001

342.8780,0.0572,0.0965,0.0000,0.0001

343.8790,0.0562,0.0965,0.0000,0.0001

344.8780,0.0502,0.0347,0.0000,0.0001

345.8790,0.0517,0.0965,0.0000,0.0001

346.8780,0.0462,0.0759,0.0000,0.0001

347.8780,0.0492,0.1428,0.0000,0.0001

348.8780,0.0507,0.1222,0.0000,0.0001

349.8780,0.0567,0.1222,0.0000,0.0001

350.8780,0.0527,0.0604,0.0000,0.0001

351.8780,0.0547,0.1119,0.0000,0.0001

352.8790,0.0562,0.1119,0.0000,0.0001

353.8780,0.0567,0.1016,0.0000,0.0001

354.8780,0.0641,0.1119,0.0000,0.0001

355.8780,0.0651,0.1067,0.0000,0.0001

356.8780,0.0681,0.1067,0.0000,0.0001

357.8780,0.0626,0.0862,0.0000,0.0001

358.8780,0.0601,0.0965,0.0000,0.0001

359.8790,0.0567,0.0862,0.0000,0.0001

360.8780,0.0537,0.0296,0.0000,0.0001

361.8780,0.0542,0.1170,0.0000,0.0001

362.8780,0.0502,0.0707,0.0000,0.0001

363.8780,0.0527,0.1273,0.0000,0.0001

364.8780,0.0522,0.1067,0.0000,0.0001

365.8780,0.0502,0.0862,0.0000,0.0001

366.8790,0.0487,0.0913,0.0000,0.0001

367.8780,0.0492,0.0913,0.0000,0.0001

368.8780,0.0557,0.1633,0.0000,0.0001

369.8790,0.0552,0.0810,0.0000,0.0001

370.8780,0.0601,0.0810,0.0000,0.0001

371.8780,0.0567,0.0810,0.0000,0.0001

372.8780,0.0562,0.0656,0.0000,0.0001

373.8780,0.0542,0.1067,0.0000,0.0001

374.8780,0.0532,0.0965,0.0000,0.0001

375.8780,0.0577,0.1325,0.0000,0.0001

376.8790,0.0572,0.0862,0.0000,0.0001

377.8780,0.0557,0.0759,0.0000,0.0001

378.8780,0.0492,0.0965,0.0000,0.0001

379.8780,0.0507,0.0965,0.0000,0.0001

380.8780,0.0537,0.1119,0.0000,0.0001

381.8780,0.0562,0.1067,0.0000,0.0001

382.8790,0.0591,0.0965,0.0000,0.0001

383.8780,0.0567,0.0810,0.0000,0.0001

384.8780,0.0562,0.0913,0.0000,0.0001

385.8790,0.0512,0.0810,0.0000,0.0001

386.8790,0.0512,0.0862,0.0000,0.0001

387.8780,0.0427,-0.0116,0.0000,0.0001

388.8790,0.0408,0.0759,0.0000,0.0001

389.8780,0.0368,0.0553,0.0000,0.0001

390.8780,0.0338,0.0810,0.0000,0.0001

391.8780,0.0343,0.1119,0.0000,0.0001

392.8780,0.0373,0.1273,0.0000,0.0001

393.8790,0.0383,0.0913,0.0000,0.0001

394.8780,0.0393,0.1016,0.0000,0.0001

395.8780,0.0427,0.1170,0.0000,0.0001

396.8780,0.0447,0.1067,0.0000,0.0001

397.8780,0.0542,0.0862,0.0000,0.0001

398.8780,0.0577,0.1119,0.0000,0.0001

399.8790,0.0552,0.0296,0.0000,0.0001

400.8780,0.0537,0.0656,0.0000,0.0001

401.8780,0.0517,0.0913,0.0000,0.0001

402.8780,0.0452,0.0604,0.0000,0.0001

403.8790,0.0442,0.0810,0.0000,0.0001

404.8780,0.0437,0.0965,0.0000,0.0001

405.8780,0.0408,0.0862,0.0000,0.0001

406.8780,0.0388,0.0862,0.0000,0.0001

407.8780,0.0418,0.1170,0.0000,0.0001

408.8780,0.0418,0.1119,0.0000,0.0001

409.8780,0.0537,0.1530,0.0000,0.0001

410.8780,0.0567,0.0965,0.0000,0.0001

411.8780,0.0587,0.1119,0.0000,0.0001

412.8790,0.0616,0.0913,0.0000,0.0001

413.8780,0.0611,0.0759,0.0000,0.0001

414.8780,0.0616,0.1016,0.0000,0.0001

415.8790,0.0671,0.1428,0.0000,0.0001

416.8780,0.0711,0.1273,0.0000,0.0001

417.8780,0.0706,0.1119,0.0000,0.0001

418.8790,0.0696,0.1016,0.0000,0.0001

419.8780,0.0631,0.0862,0.0000,0.0001

420.8780,0.0631,0.0965,0.0000,0.0001

421.8780,0.0621,0.1016,0.0000,0.0001

422.8780,0.0636,0.1067,0.0000,0.0001

423.8780,0.0686,0.1273,0.0000,0.0001

424.8780,0.0686,0.1016,0.0000,0.0001

425.8780,0.0686,0.1428,0.0000,0.0001

426.8780,0.0721,0.1633,0.0000,0.0001

427.8790,0.0746,0.1376,0.0000,0.0001

428.8780,0.0855,0.2148,0.0000,0.0001

429.8780,0.1133,0.3743,0.0000,0.0001

430.8780,0.1456,0.4309,0.0000,0.0001

431.8780,0.1759,0.4154,0.0000,0.0001

432.8780,0.2073,0.4309,0.0000,0.0001

433.8780,0.2401,0.4669,0.0000,0.0001

434.8780,0.2719,0.4309,0.0000,0.0001

435.8780,0.2992,0.4257,0.0000,0.0001

436.8780,0.3280,0.4618,0.0000,0.0001

437.8780,0.3588,0.4566,0.0000,0.0001

438.8790,0.3807,0.4412,0.0000,0.0001

439.8780,0.3892,0.4618,0.0000,0.0001

440.8780,0.3902,0.4412,0.0000,0.0001

441.8780,0.3936,0.4515,0.0000,0.0001

442.8780,0.3907,0.4000,0.0000,0.0001

443.8780,0.3892,0.4515,0.0000,0.0001

444.8780,0.3892,0.4309,0.0000,0.0001

445.8790,0.3902,0.4360,0.0000,0.0001

446.8790,0.3842,0.4000,0.0000,0.0001

447.8780,0.3832,0.4463,0.0000,0.0001

448.8800,0.3787,0.3949,0.0000,0.0001

449.8790,0.3787,0.4618,0.0000,0.0001

450.8780,0.3767,0.4206,0.0000,0.0001

451.8790,0.3728,0.4103,0.0000,0.0001

452.8780,0.3782,0.4566,0.0000,0.0001

453.8780,0.3807,0.4772,0.0000,0.0001

454.8780,0.3807,0.4309,0.0000,0.0001

455.8790,0.3812,0.4412,0.0000,0.0001

456.8780,0.3837,0.4257,0.0000,0.0001

457.8780,0.3907,0.5183,0.0000,0.0001

458.8780,0.3946,0.4360,0.0000,0.0001

459.8780,0.3917,0.4309,0.0000,0.0001

460.8780,0.3921,0.4257,0.0000,0.0001

461.8780,0.3941,0.4309,0.0000,0.0001

462.8780,0.4016,0.5338,0.0000,0.0001

463.8780,0.3981,0.4412,0.0000,0.0000

464.8780,0.4011,0.4618,0.0000,0.0001

465.8790,0.4031,0.4618,0.0000,0.0001

466.8780,0.4041,0.4360,0.0000,0.0001

467.8780,0.3966,0.4412,0.0000,0.0001

468.8780,0.3981,0.4515,0.0000,0.0001

469.8780,0.4001,0.4515,0.0000,0.0001

470.8780,0.4021,0.4463,0.0000,0.0001

471.8780,0.4130,0.5441,0.0000,0.0001

472.8790,0.4036,0.4360,0.0000,0.0001

473.8790,0.4016,0.4206,0.0000,0.0001

474.8780,0.3991,0.4360,0.0000,0.0001

475.8780,0.3951,0.4206,0.0000,0.0001

476.8780,0.3961,0.4463,0.0000,0.0001

477.8780,0.3966,0.4463,0.0000,0.0001

478.8790,0.3966,0.4515,0.0000,0.0001

479.8780,0.3966,0.4515,0.0000,0.0001

480.8780,0.3931,0.4103,0.0000,0.0001

481.8790,0.3867,0.4772,0.0000,0.0001

482.8790,0.3877,0.4463,0.0000,0.0001

483.8780,0.3912,0.4566,0.0000,0.0001

484.8780,0.3882,0.4052,0.0000,0.0001

485.8780,0.3897,0.4360,0.0000,0.0001

486.8780,0.3907,0.4566,0.0000,0.0001

487.8780,0.3921,0.4618,0.0000,0.0001

488.8780,0.3921,0.4515,0.0000,0.0001

489.8780,0.3961,0.4926,0.0000,0.0001

490.8780,0.3996,0.4463,0.0000,0.0001

491.8780,0.3956,0.4360,0.0000,0.0001

492.8780,0.3941,0.4309,0.0000,0.0001

493.8780,0.3946,0.4618,0.0000,0.0001

494.8780,0.3996,0.4566,0.0000,0.0001

495.8780,0.4031,0.4720,0.0000,0.0001

496.8780,0.4011,0.4360,0.0000,0.0001

497.8780,0.4026,0.4772,0.0000,0.0001

498.8780,0.4001,0.4257,0.0000,0.0001

499.8780,0.3926,0.4154,0.0000,0.0001

500.8780,0.3951,0.4720,0.0000,0.0001

501.8780,0.3976,0.4618,0.0000,0.0001

502.8780,0.3996,0.4515,0.0000,0.0001

503.8780,0.3981,0.4463,0.0000,0.0001

504.8780,0.3946,0.4206,0.0000,0.0001

505.8780,0.3892,0.4154,0.0000,0.0001

506.8780,0.3917,0.4618,0.0000,0.0001

507.8780,0.3917,0.4772,0.0000,0.0001

508.8780,0.3946,0.4566,0.0000,0.0001

509.8790,0.3936,0.4052,0.0000,0.0001

510.8780,0.3907,0.4412,0.0000,0.0001

511.8780,0.3892,0.4463,0.0000,0.0001

512.8780,0.3917,0.4772,0.0000,0.0001

513.8780,0.3921,0.4515,0.0000,0.0001

514.8780,0.3931,0.4309,0.0000,0.0001

515.8780,0.3946,0.4309,0.0000,0.0001

516.8790,0.3941,0.4566,0.0000,0.0001

517.8780,0.3946,0.4823,0.0000,0.0001

518.8780,0.3912,0.4206,0.0000,0.0001

519.8780,0.3946,0.4412,0.0000,0.0001

520.8790,0.3956,0.4515,0.0000,0.0001

521.8790,0.3966,0.4566,0.0000,0.0001

522.8780,0.3991,0.5029,0.0000,0.0001

523.8780,0.3981,0.4412,0.0000,0.0001

524.8780,0.4016,0.4669,0.0000,0.0001

525.8790,0.4031,0.4463,0.0000,0.0001

526.8780,0.4011,0.4360,0.0000,0.0001

527.8790,0.3971,0.4412,0.0000,0.0001

528.8790,0.3981,0.4309,0.0000,0.0001

529.8780,0.3991,0.4515,0.0000,0.0001

530.8780,0.4006,0.4669,0.0000,0.0001

531.8780,0.4026,0.4772,0.0000,0.0001

532.8780,0.4140,0.6213,0.0000,0.0001

533.8780,0.4309,0.6161,0.0000,0.0001

534.8790,0.4468,0.6315,0.0000,0.0001

535.8790,0.4657,0.6418,0.0000,0.0001

536.8790,0.4960,0.7499,0.0000,0.0001

537.8780,0.5308,0.8013,0.0000,0.0001

538.8780,0.5681,0.8168,0.0000,0.0001

539.8780,0.6009,0.7910,0.0000,0.0001

540.8780,0.6352,0.8219,0.0000,0.0001

541.8780,0.6690,0.8271,0.0000,0.0001

542.8780,0.6889,0.8271,0.0000,0.0001

543.8780,0.7112,0.8476,0.0000,0.0001

544.8790,0.7406,0.9351,0.0000,0.0001

545.8780,0.7679,0.9248,0.0000,0.0001

546.8780,0.7883,0.9608,0.0000,0.0001

547.8780,0.8047,0.9711,0.0000,0.0001

548.8780,0.8280,1.0586,0.0000,0.0001

549.8790,0.8504,1.0226,0.0000,0.0001

550.8780,0.8703,1.0277,0.0000,0.0001

551.8780,0.8882,1.0123,0.0000,0.0001

552.8780,0.9066,1.0174,0.0000,0.0001

553.8780,0.9210,0.9968,0.0000,0.0000

554.8790,0.9304,1.0329,0.0000,0.0000

555.8780,0.9418,1.0431,0.0000,0.0001

556.8780,0.9493,1.0380,0.0000,0.0001

557.8790,0.9548,1.0277,0.0000,0.0001

558.8780,0.9483,0.9917,0.0000,0.0001

559.8780,0.9463,1.0020,0.0000,0.0001

560.8780,0.9438,1.0020,0.0000,0.0001

561.8780,0.9433,1.0071,0.0000,0.0001

562.8780,0.9384,0.9660,0.0000,0.0001

563.8780,0.8519,0.1016,0.0000,0.0001

564.8780,0.7729,0.2148,0.0000,0.0001

565.8780,0.7083,0.3743,0.0000,0.0001

566.8780,0.6864,0.8116,0.0000,0.0001

567.8780,0.6764,0.9248,0.0000,0.0001

568.8780,0.6615,0.8373,0.0000,0.0001

569.8780,0.6541,0.9248,0.0000,0.0001

570.8790,0.6521,0.9814,0.0000,0.0001

571.8790,0.6486,0.9711,0.0000,0.0001

572.8780,0.6506,0.9866,0.0000,0.0001

573.8780,0.7371,0.9968,0.0000,0.0001

574.8790,0.8111,0.9814,0.0000,0.0001

575.8780,0.8748,1.0329,0.0000,0.0001

576.8780,0.8966,1.0380,0.0000,0.0001

577.8780,0.9304,1.2747,0.0000,0.0001

578.8780,0.9702,1.2490,0.0000,0.0001

579.8780,0.9985,1.2181,0.0000,0.0001

580.8780,1.0283,1.2901,0.0000,0.0001

581.8780,1.0582,1.2798,0.0000,0.0001

582.8780,1.0890,1.3055,0.0000,0.0001

583.8790,1.1133,1.2490,0.0000,0.0001

584.8780,1.1402,1.2592,0.0000,0.0001

585.8780,1.1625,1.2644,0.0000,0.0001

586.8780,1.1889,1.3107,0.0000,0.0001

587.8780,1.1884,1.2695,0.0000,0.0001

588.8790,1.1928,1.2953,0.0000,0.0001

589.8780,1.1948,1.2387,0.0000,0.0001

590.8780,1.1948,1.2901,0.0000,0.0001

591.8780,1.1914,1.2438,0.0000,0.0001

592.8780,1.1884,1.2747,0.0000,0.0001

593.8780,1.1909,1.2747,0.0000,0.0001

594.8780,1.1933,1.2850,0.0000,0.0001

595.8780,1.1943,1.2747,0.0000,0.0001

596.8780,1.1904,1.2695,0.0000,0.0001

597.8780,1.1928,1.2953,0.0000,0.0001

598.8780,1.1914,1.2798,0.0000,0.0001

599.8780,1.1943,1.2695,0.0000,0.0001

600.8780,1.1948,1.2953,0.0000,0.0001

601.8790,1.1983,1.2798,0.0000,0.0001

602.8780,1.2033,1.3261,0.0000,0.0001

603.8780,1.2043,1.2850,0.0000,0.0001

604.8790,1.2053,1.2953,0.0000,0.0001

605.8790,1.2063,1.2850,0.0000,0.0001

606.8780,1.2112,1.3210,0.0000,0.0001

607.8780,1.2117,1.3004,0.0000,0.0001

608.8780,1.2142,1.3055,0.0000,0.0001

609.8780,1.2177,1.3055,0.0000,0.0001

610.8780,1.2132,1.2490,0.0000,0.0000

611.8780,1.2147,1.2953,0.0000,0.0001

612.8780,1.2107,1.2850,0.0000,0.0001

613.8780,1.2127,1.3055,0.0000,0.0001

614.8780,1.2107,1.2747,0.0000,0.0001

615.8780,1.2192,1.3724,0.0000,0.0001

616.8780,1.2117,1.2438,0.0000,0.0001

617.8790,1.2087,1.2695,0.0000,0.0001

618.8780,1.2063,1.2798,0.0000,0.0001

619.8790,1.2053,1.2953,0.0000,0.0001

620.8780,1.2063,1.2592,0.0000,0.0001

621.8780,1.2048,1.2798,0.0000,0.0001

622.8780,1.2053,1.2901,0.0000,0.0001

623.8780,1.2028,1.2798,0.0000,0.0001

624.8780,1.1998,1.2438,0.0000,0.0001

625.8780,1.1918,1.2901,0.0000,0.0001

626.8780,1.1958,1.2850,0.0000,0.0001

627.8780,1.1988,1.3004,0.0000,0.0001

628.8780,1.1983,1.2747,0.0000,0.0001

629.8780,1.0825,0.0965,0.0000,0.0001

630.8790,0.9672,0.0656,0.0000,0.0001

631.8780,0.8499,0.0656,0.0000,0.0001

632.8780,0.7311,0.0604,0.0000,0.0001

633.8780,0.6113,0.0399,0.0000,0.0001

634.8780,0.4935,0.0244,0.0000,0.0001

635.8790,0.3753,0.0656,0.0000,0.0001

636.8780,0.2580,0.0707,0.0000,0.0001

637.8780,0.1412,0.0913,0.0000,0.0001

638.8780,0.0328,0.1530,0.0000,0.0001

639.8780,0.0333,0.1016,0.0000,0.0001

640.8790,0.0467,0.2045,0.0000,0.0001

641.8780,0.1019,0.6367,0.0000,0.0000

642.8780,0.1655,0.7190,0.0000,0.0001

643.8780,0.2361,0.7705,0.0000,0.0001

644.8780,0.3121,0.8116,0.0000,0.0001

645.8790,0.3862,0.8322,0.0000,0.0001

646.8790,0.4597,0.8322,0.0000,0.0001

647.8780,0.5368,0.8888,0.0000,0.0001

648.8790,0.6108,0.9197,0.0000,0.0001

649.8790,0.6928,0.9505,0.0000,0.0001

650.8780,0.7664,0.9660,0.0000,0.0001

651.8780,0.7947,0.9300,0.0000,0.0001

652.8780,0.8141,0.9197,0.0000,0.0001

653.8780,0.8305,0.9402,0.0000,0.0001

654.8780,0.8419,0.9300,0.0000,0.0001

655.8780,0.8559,0.9763,0.0000,0.0001

656.8780,0.8668,0.9454,0.0000,0.0001

657.8780,0.8748,0.9711,0.0000,0.0001

658.8790,0.8777,0.9505,0.0000,0.0001

659.8780,0.7927,0.0707,0.0000,0.0001

660.8780,0.7058,0.0656,0.0000,0.0001

661.8780,0.6228,0.0707,0.0000,0.0001

662.8780,0.5373,0.0347,0.0000,0.0001

663.8790,0.4518,0.0553,0.0000,0.0001

664.8780,0.3648,0.0296,0.0000,0.0001

665.8790,0.2719,0.0141,0.0000,0.0001

666.8780,0.1829,0.0244,0.0000,0.0001

667.8780,0.0934,0.0450,0.0000,0.0001

668.8780,0.0050,0.0347,0.0000,0.0001

669.8790,-0.0010,0.0090,0.0000,0.0001

670.8780,-0.0040,0.0347,0.0000,0.0001

671.8780,-0.0050,0.0604,0.0000,0.0001

672.8780,-0.0025,0.0604,0.0000,0.0001

673.8780,-0.0045,0.0347,0.0000,0.0001

674.8780,-0.0040,0.0347,0.0000,0.0001

675.8780,-0.0040,0.0141,0.0000,0.0001

676.8780,0.0000,0.0656,0.0000,0.0001

677.8780,0.0000,0.0450,0.0000,0.0001

678.8790,-0.0005,0.0296,0.0000,0.0001

679.8780,0.0015,0.0296,0.0000,0.0001

680.8780,0.0025,0.0450,0.0000,0.0001

681.8780,0.0040,0.0759,0.0000,0.0001

682.8780,0.0025,0.0450,0.0000,0.0001

683.8790,0.0025,0.0347,0.0000,0.0001

684.8780,0.0020,0.0296,0.0000,0.0001

685.8790,0.0045,0.0399,0.0000,0.0001

686.8790,0.0020,0.0399,0.0000,0.0001

687.8780,0.0015,0.0399,0.0000,0.0001

688.8780,0.0020,0.0347,0.0000,0.0001

689.8780,0.0040,0.0501,0.0000,0.0001

690.8780,0.0030,0.0347,0.0000,0.0001

691.8780,0.0000,0.0450,0.0000,0.0001

692.8780,-0.0005,0.0399,0.0000,0.0001

693.8780,0.0015,0.0553,0.0000,0.0001

694.8790,0.0000,0.0141,0.0000,0.0000

695.8780,-0.0005,0.0347,0.0000,0.0001

696.8780,-0.0010,0.0347,0.0000,0.0000

697.8790,0.0015,0.0656,0.0000,0.0001

698.8780,0.0010,0.0296,0.0000,0.0001

699.8780,-0.0005,0.0347,0.0000,0.0001

700.8780,-0.0015,0.0244,0.0000,0.0001

701.8780,-0.0025,0.0347,0.0000,0.0000

702.8790,-0.0020,0.0450,0.0000,0.0001

703.8790,-0.0065,0.0090,0.0000,0.0001

704.8780,-0.0084,-0.0065,0.0000,0.0001

705.8780,-0.0060,0.0604,0.0000,0.0001

706.8780,-0.0035,0.0604,0.0000,0.0001

707.8790,-0.0075,0.0244,0.0000,0.0001

708.8780,-0.0025,0.0810,0.0000,0.0001

709.8790,-0.0035,0.0244,0.0000,0.0001

710.8790,-0.0005,0.0553,0.0000,0.0001

711.8790,0.0030,0.0707,0.0000,0.0001

712.8780,-0.0005,0.0090,0.0000,0.0001

713.8790,0.0040,0.0553,0.0000,0.0001

714.8780,0.0119,0.0759,0.0000,0.0001

715.8780,0.0104,0.0450,0.0000,0.0001

716.8780,0.0085,0.0399,0.0000,0.0001

717.8780,0.0099,0.0399,0.0000,0.0001

718.8790,0.0070,0.0501,0.0000,0.0001

719.8780,0.0089,0.0450,0.0000,0.0001

720.8780,0.0055,0.0193,0.0000,0.0001

721.8780,0.0030,0.0450,0.0000,0.0001

722.8790,0.0075,0.0553,0.0000,0.0001

723.8780,0.0040,0.0193,0.0000,0.0001

724.8780,-0.0015,0.0193,0.0000,0.0001

725.8780,0.0000,0.0604,0.0000,0.0001

726.8780,0.0010,0.0501,0.0000,0.0001

727.8790,0.0010,0.0399,0.0000,0.0001

728.8780,-0.0010,0.0296,0.0000,0.0001

729.8780,-0.0010,0.0450,0.0000,0.0001

730.8780,-0.0005,0.0244,0.0000,0.0000

731.8790,-0.0040,0.0090,0.0000,0.0001

732.8790,-0.0055,0.0399,0.0000,0.0000

733.8780,-0.0015,0.0604,0.0000,0.0001

734.8780,0.0030,0.0656,0.0000,0.0001

735.8790,0.0010,0.0399,0.0000,0.0001

736.8780,0.0030,0.0707,0.0000,0.0001

737.8780,0.0020,0.0296,0.0000,0.0001

738.8780,-0.0025,-0.0167,0.0000,0.0001

739.8780,-0.0040,0.0296,0.0000,0.0001

740.8780,-0.0015,0.0501,0.0000,0.0001

741.8780,0.0005,0.0296,0.0000,0.0001

742.8790,0.0005,0.0399,0.0000,0.0001

743.8780,-0.0040,0.0141,0.0000,0.0001

744.8780,-0.0055,0.0501,0.0000,0.0001

745.8780,-0.0065,0.0296,0.0000,0.0001

746.8780,-0.0094,0.0399,0.0000,0.0001

747.8780,-0.0084,0.0399,0.0000,0.0001

748.8780,-0.0035,0.0347,0.0000,0.0001

749.8790,-0.0005,0.0604,0.0000,0.0001

750.8780,-0.0005,0.0501,0.0000,0.0000

751.8790,0.0015,0.0501,0.0000,0.0001

752.8780,0.0035,0.0604,0.0000,0.0001

753.8780,0.0055,0.0347,0.0000,0.0001

754.8790,0.0055,0.0501,0.0000,0.0001

755.8780,0.0030,0.0038,0.0000,0.0001

756.8780,0.0035,0.0450,0.0000,0.0001

757.8780,0.0010,0.0141,0.0000,0.0001

758.8780,0.0045,0.0707,0.0000,0.0001

759.8780,0.0010,0.0244,0.0000,0.0001

760.8790,0.0005,0.0450,0.0000,0.0001

761.8780,-0.0060,-0.0167,0.0000,0.0001

762.8780,-0.0075,0.0450,0.0000,0.0001

763.8780,-0.0079,0.0296,0.0000,0.0001

764.8780,-0.0089,0.0399,0.0000,0.0001

765.8780,-0.0045,0.0501,0.0000,0.0001

766.8780,-0.0035,0.0553,0.0000,0.0001

767.8780,0.0045,0.0965,0.0000,0.0001

768.8780,0.0010,0.0347,0.0000,0.0001

769.8780,-0.0020,-0.0065,0.0000,0.0001

770.8780,-0.0070,-0.0065,0.0000,0.0001

771.8790,-0.0010,0.0450,0.0000,0.0001

772.8780,-0.0035,0.0193,0.0000,0.0001

773.8780,0.0000,0.0656,0.0000,0.0001

774.8780,-0.0005,0.0347,0.0000,0.0001

775.8780,-0.0020,0.0347,0.0000,0.0001

776.8780,-0.0045,0.0296,0.0000,0.0001

777.8780,-0.0065,0.0759,0.0000,0.0000

778.8790,-0.0040,0.0604,0.0000,0.0001

779.8790,-0.0015,0.0193,0.0000,0.0001

780.8780,0.0015,0.0244,0.0000,0.0000

781.8780,0.0010,0.0399,0.0000,0.0001

782.8780,0.0010,0.0193,0.0000,0.0001

783.8780,-0.0020,0.0347,0.0000,0.0001

784.8780,-0.0040,0.0141,0.0000,0.0001

785.8780,-0.0040,0.0347,0.0000,0.0001

786.8780,-0.0040,0.0296,0.0000,0.0001

787.8790,-0.0119,-0.0065,0.0000,0.0001

788.8780,-0.0154,0.0244,0.0000,0.0001

789.8780,-0.0149,0.0244,0.0000,0.0001

790.8780,-0.0129,0.0450,0.0000,0.0001

791.8790,-0.0099,0.0707,0.0000,0.0001

792.8790,-0.0109,0.0090,0.0000,0.0000

793.8780,-0.0094,0.0501,0.0000,0.0001

794.8780,-0.0089,0.0193,0.0000,0.0001

795.8780,-0.0079,0.0450,0.0000,0.0001

796.8780,-0.0079,0.0296,0.0000,0.0001

797.8780,-0.0035,0.0399,0.0000,0.0001

798.8780,-0.0010,0.0501,0.0000,0.0001

799.8780,0.0025,0.0604,0.0000,0.0001

800.8780,0.0030,0.0501,0.0000,0.0001

801.8780,0.0030,0.0707,0.0000,0.0001

802.8780,0.0070,0.0501,0.0000,0.0001

803.8790,0.0050,0.0296,0.0000,0.0001

804.8780,0.0080,0.0501,0.0000,0.0001

805.8780,0.0119,0.0862,0.0000,0.0001

806.8790,0.0114,0.0244,0.0000,0.0001

807.8780,0.0109,0.0347,0.0000,0.0001

808.8780,0.0075,0.0141,0.0000,0.0001

809.8780,0.0045,0.0296,0.0000,0.0001

810.8780,0.0020,0.0244,0.0000,0.0000

811.8780,0.0025,0.0759,0.0000,0.0001

812.8780,0.0010,0.0347,0.0000,0.0001

813.8780,0.0040,0.0604,0.0000,0.0001

814.8780,0.0045,0.0553,0.0000,0.0001

815.8780,-0.0005,0.0347,0.0000,0.0001

816.8780,0.0025,0.0553,0.0000,0.0001

817.8780,0.0035,0.0450,0.0000,0.0001

818.8780,0.0060,0.0399,0.0000,0.0001

819.8790,0.0055,0.0244,0.0000,0.0001

820.8780,0.0065,0.0347,0.0000,0.0001

821.8780,0.0030,0.0399,0.0000,0.0001

822.8780,0.0065,0.0707,0.0000,0.0001

823.8780,0.0055,0.0501,0.0000,0.0001

824.8780,0.0025,0.0244,0.0000,0.0001

825.8780,0.0015,0.0244,0.0000,0.0001

826.8790,0.0005,0.0450,0.0000,0.0001

827.8790,0.0020,0.0604,0.0000,0.0001

828.8780,-0.0035,-0.0167,0.0000,0.0001

829.8780,-0.0040,0.0193,0.0000,0.0001

830.8790,-0.0050,0.0244,0.0000,0.0001

831.8780,-0.0079,0.0090,0.0000,0.0001

832.8780,-0.0094,0.0553,0.0000,0.0001

833.8780,-0.0109,0.0347,0.0000,0.0001

834.8780,-0.0079,0.0553,0.0000,0.0001

835.8790,-0.0040,0.0656,0.0000,0.0001

836.8780,-0.0045,0.0399,0.0000,0.0001

837.8780,-0.0045,0.0604,0.0000,0.0001

838.8780,0.0020,0.0501,0.0000,0.0001

839.8780,0.0030,0.0296,0.0000,0.0001

840.8790,0.0035,0.0296,0.0000,0.0001

841.8780,0.0055,0.0296,0.0000,0.0001

842.8780,0.0045,0.0450,0.0000,0.0001

843.8790,0.0050,0.0399,0.0000,0.0001

844.8780,0.0070,0.0759,0.0000,0.0001

845.8780,0.0025,0.0193,0.0000,0.0001

846.8780,0.0025,0.0399,0.0000,0.0001

847.8780,-0.0020,0.0141,0.0000,0.0001

848.8790,-0.0035,0.0347,0.0000,0.0001

849.8780,0.0005,0.0707,0.0000,0.0001

850.8780,0.0000,0.0244,0.0000,0.0001

851.8780,0.0060,0.0913,0.0000,0.0001

852.8780,0.0089,0.0759,0.0000,0.0001

853.8780,0.0070,0.0193,0.0000,0.0001

854.8780,0.0055,0.0604,0.0000,0.0001

855.8780,0.0055,0.0193,0.0000,0.0001

856.8780,0.0060,0.0450,0.0000,0.0001

857.8780,0.0099,0.0553,0.0000,0.0001

858.8780,0.0045,-0.0219,0.0000,0.0001

859.8800,0.0015,0.0399,0.0000,0.0001

860.8780,0.0045,0.0553,0.0000,0.0000

861.8780,0.0015,0.0604,0.0000,0.0001

862.8780,0.0055,0.1170,0.0000,0.0001

863.8780,0.0040,0.0038,0.0000,0.0001

864.8780,0.0025,0.0450,0.0000,0.0000

865.8780,0.0025,0.0193,0.0000,0.0001

866.8780,0.0025,0.0450,0.0000,0.0001

867.8790,-0.0005,0.0244,0.0000,0.0001

868.8780,0.0070,0.0553,0.0000,0.0001

869.8780,0.0060,0.0296,0.0000,0.0001

870.8790,0.0070,0.0656,0.0000,0.0001

871.8780,0.0045,0.0347,0.0000,0.0001

872.8780,-0.0030,0.0399,0.0000,0.0001

873.8780,0.0015,0.0501,0.0000,0.0001

874.8780,-0.0005,0.0244,0.0000,0.0001

875.8780,0.0035,0.0604,0.0000,0.0001

876.8780,-0.0065,-0.0579,0.0000,0.0001

877.8780,-0.0045,0.0450,0.0000,0.0001

878.8780,-0.0084,0.0141,0.0000,0.0001

879.8780,-0.0079,0.0347,0.0000,0.0001

880.8780,-0.0114,0.0296,0.0000,0.0001

881.8780,-0.0114,0.0347,0.0000,0.0001

882.8790,-0.0109,0.0450,0.0000,0.0001

883.8780,-0.0099,0.0604,0.0000,0.0001

884.8780,-0.0079,0.0450,0.0000,0.0001

885.8790,-0.0084,0.0553,0.0000,0.0001

886.8780,0.0000,0.0296,0.0000,0.0001

887.8790,-0.0005,0.0399,0.0000,0.0001

888.8780,0.0050,0.0707,0.0000,0.0001

889.8780,0.0035,0.0193,0.0000,0.0001

890.8780,0.0040,0.0347,0.0000,0.0001

891.8790,0.0045,0.0399,0.0000,0.0001

892.8790,0.0030,0.0296,0.0000,0.0000

893.8780,0.0040,0.0707,0.0000,0.0001

894.8790,0.0015,0.0193,0.0000,0.0001

895.8780,0.0080,0.1222,0.0000,0.0001

896.8790,0.0134,0.0862,0.0000,0.0001

897.8790,0.0129,0.0347,0.0000,0.0000

898.8790,0.0080,0.0193,0.0000,0.0001

899.8780,0.0085,0.0244,0.0000,0.0001

900.8780,0.0099,0.0501,0.0000,0.0001

901.8790,0.0174,0.1170,0.0000,0.0001

902.8780,0.0204,0.0604,0.0000,0.0001

903.8790,0.0179,0.0450,0.0000,0.0001

904.8780,0.0249,0.0913,0.0000,0.0001

905.8780,0.0164,0.0347,0.0000,0.0001

906.8790,0.0144,0.0656,0.0000,0.0001

907.8790,0.0184,0.0759,0.0000,0.0001

908.8780,0.0189,0.0244,0.0000,0.0001

909.8790,0.0204,0.0399,0.0000,0.0001

910.8790,0.0179,0.0244,0.0000,0.0001

911.8790,0.0085,0.0193,0.0000,0.0001

912.8780,0.0050,0.0244,0.0000,0.0001

913.8780,0.0070,0.0656,0.0000,0.0001

914.8780,0.0040,0.0604,0.0000,0.0001

915.8780,0.0045,0.0399,0.0000,0.0001

916.8780,0.0015,0.0347,0.0000,0.0001

917.8780,-0.0025,0.0347,0.0000,0.0001

918.8780,0.0015,0.0656,0.0000,0.0001

919.8780,0.0015,0.0399,0.0000,0.0001

920.8780,0.0030,0.0399,0.0000,0.0001

921.8780,0.0085,0.0759,0.0000,0.0001

922.8780,0.0114,0.0553,0.0000,0.0001

923.8780,0.0094,0.0450,0.0000,0.0001

924.8780,0.0109,0.0759,0.0000,0.0001

925.8780,0.0109,0.0399,0.0000,0.0001

926.8780,0.0094,0.0193,0.0000,0.0001

927.8780,0.0075,0.0141,0.0000,0.0001

928.8780,0.0040,0.0296,0.0000,0.0001

929.8780,0.0010,0.0090,0.0000,0.0001

930.8780,0.0000,0.0296,0.0000,0.0001

931.8780,-0.0010,0.0656,0.0000,0.0001

932.8780,-0.0020,0.0450,0.0000,0.0001

933.8790,-0.0045,0.0193,0.0000,0.0001

934.8780,-0.0079,0.0399,0.0000,0.0001

935.8790,-0.0094,0.0244,0.0000,0.0001

936.8780,-0.0050,0.0656,0.0000,0.0000

937.8780,-0.0045,0.0193,0.0000,0.0001

938.8780,0.0010,0.0862,0.0000,0.0001

939.8780,0.0040,0.0399,0.0000,0.0000

940.8780,0.0060,0.0501,0.0000,0.0001

941.8780,0.0030,0.0347,0.0000,0.0001

942.8780,0.0010,0.0244,0.0000,0.0001

943.8780,0.0070,0.0810,0.0000,0.0001

944.8780,0.0080,0.0501,0.0000,0.0001

945.8780,0.0075,0.0193,0.0000,0.0000

946.8780,0.0040,0.0296,0.0000,0.0001

947.8780,0.0060,0.0399,0.0000,0.0001

948.8780,0.0010,0.0347,0.0000,0.0001

949.8780,0.0025,0.0553,0.0000,0.0001

950.8780,-0.0005,0.0193,0.0000,0.0001

951.8780,0.0010,0.0501,0.0000,0.0001

952.8780,0.0035,0.0501,0.0000,0.0001

953.8780,-0.0005,0.0399,0.0000,0.0001

954.8780,-0.0010,0.0450,0.0000,0.0001

955.8790,0.0015,0.0450,0.0000,0.0000

956.8780,0.0030,0.0450,0.0000,0.0001

957.8780,0.0035,0.0450,0.0000,0.0001

958.8790,0.0030,0.0296,0.0000,0.0001

959.8780,0.0045,0.0707,0.0000,0.0001

960.8780,0.0065,0.0399,0.0000,0.0001

961.8780,0.0070,0.0553,0.0000,0.0001

962.8780,0.0045,0.0244,0.0000,0.0001

963.8780,0.0060,0.0553,0.0000,0.0001

964.8780,0.0109,0.0965,0.0000,0.0001

965.8780,0.0089,0.0244,0.0000,0.0001

966.8780,0.0080,0.0347,0.0000,0.0001

967.8780,0.0094,0.0604,0.0000,0.0001

968.8790,0.0085,0.0193,0.0000,0.0001

969.8780,0.0035,0.0193,0.0000,0.0001

970.8780,0.0020,0.0244,0.0000,0.0001

971.8780,0.0005,0.0399,0.0000,0.0001

972.8780,0.0050,0.0707,0.0000,0.0001

973.8780,0.0030,0.0347,0.0000,0.0001

974.8780,-0.0020,0.0450,0.0000,0.0001

975.8780,0.0005,0.0501,0.0000,0.0001

976.8780,0.0000,0.0296,0.0000,0.0001

977.8780,-0.0025,0.0347,0.0000,0.0001

978.8780,0.0010,0.0553,0.0000,0.0000

979.8790,0.0035,0.0450,0.0000,0.0001

980.8790,0.0070,0.0604,0.0000,0.0001

981.8780,0.0045,0.0141,0.0000,0.0000

982.8780,0.0070,0.0965,0.0000,0.0001

983.8790,0.0085,0.0501,0.0000,0.0001

984.8780,0.0060,0.0193,0.0000,0.0000

985.8790,0.0035,0.0244,0.0000,0.0001

986.8780,0.0085,0.0810,0.0000,0.0001

987.8780,0.0085,0.0347,0.0000,0.0001

988.8780,0.0055,0.0244,0.0000,0.0001

989.8780,0.0030,0.0193,0.0000,0.0001

990.8780,-0.0005,0.0244,0.0000,0.0001

991.8780,0.0005,0.0244,0.0000,0.0001

992.8780,-0.0045,0.0450,0.0000,0.0001

993.8780,-0.0060,0.0347,0.0000,0.0001

994.8790,-0.0040,0.0399,0.0000,0.0001

995.8790,-0.0005,0.0604,0.0000,0.0000

996.8780,-0.0045,0.0399,0.0000,0.0001

997.8780,-0.0040,0.0399,0.0000,0.0001

998.8790,-0.0020,0.0450,0.0000,0.0001

999.8780,0.0010,0.0501,0.0000,0.0001

1000.8790,0.0005,0.0193,0.0000,0.0001

1001.8780,-0.0035,-0.0167,0.0000,0.0001

1002.8780,-0.0060,0.0193,0.0000,0.0001

1003.8780,-0.0050,0.0450,0.0000,0.0001

1004.8780,-0.0045,0.0450,0.0000,0.0001

1005.8780,-0.0099,0.0038,0.0000,0.0001

1006.8780,-0.0099,0.0399,0.0000,0.0001

1007.8780,-0.0194,-0.0579,0.0000,0.0001

1008.8790,-0.0199,0.0399,0.0000,0.0001

1009.8780,-0.0184,0.0656,0.0000,0.0001

1010.8780,-0.0174,0.0296,0.0000,0.0001

1011.8780,-0.0114,0.0450,0.0000,0.0001

1012.8780,-0.0149,-0.0167,0.0000,0.0001

1013.8780,-0.0199,-0.0065,0.0000,0.0001

1014.8780,-0.0219,0.0244,0.0000,0.0001

1015.8790,-0.0184,0.0399,0.0000,0.0001

1016.8780,-0.0194,0.0296,0.0000,0.0001

1017.8780,-0.0099,0.0399,0.0000,0.0001

1018.8780,-0.0089,0.0501,0.0000,0.0001

1019.8780,-0.0119,0.0347,0.0000,0.0001

1020.8780,-0.0124,0.0244,0.0000,0.0001

1021.8780,-0.0144,0.0244,0.0000,0.0001

1022.8790,-0.0099,0.0296,0.0000,0.0001

1023.8780,-0.0035,0.0604,0.0000,0.0001

1024.8790,-0.0030,0.0296,0.0000,0.0001

1025.8780,-0.0045,0.0244,0.0000,0.0001

1026.8780,-0.0050,0.0244,0.0000,0.0001

1027.8780,-0.0070,0.0193,0.0000,0.0001

1028.8780,-0.0099,0.0193,0.0000,0.0001

1029.8780,-0.0070,0.0656,0.0000,0.0001

1030.8780,-0.0075,0.0193,0.0000,0.0001

1031.8780,-0.0070,0.0296,0.0000,0.0001

1032.8780,-0.0065,0.0347,0.0000,0.0001

1033.8780,-0.0099,0.0244,0.0000,0.0001

1034.8780,-0.0079,0.0501,0.0000,0.0001

1035.8780,-0.0060,0.0450,0.0000,0.0001

1036.8780,0.0005,0.0913,0.0000,0.0001

1037.8780,0.0015,0.0296,0.0000,0.0001

1038.8790,0.0070,0.0759,0.0000,0.0001

1039.8780,0.0035,0.0296,0.0000,0.0001

1040.8780,0.0085,0.0707,0.0000,0.0001

1041.8780,0.0080,0.0244,0.0000,0.0001

1042.8780,0.0075,0.0296,0.0000,0.0001

1043.8780,0.0099,0.0501,0.0000,0.0001

1044.8790,0.0050,-0.0013,0.0000,0.0001

1045.8780,0.0050,0.0450,0.0000,0.0001

1046.8780,-0.0030,0.0090,0.0000,0.0001

1047.8790,-0.0025,0.0347,0.0000,0.0001

1048.8780,-0.0040,0.0604,0.0000,0.0001

1049.8780,-0.0010,0.0604,0.0000,0.0001

1050.8780,-0.0050,0.0296,0.0000,0.0001

1051.8780,-0.0050,0.0244,0.0000,0.0001

1052.8780,-0.0015,0.0656,0.0000,0.0001

1053.8780,-0.0020,0.0450,0.0000,0.0001

1054.8780,0.0050,0.0707,0.0000,0.0001

1055.8790,0.0025,0.0193,0.0000,0.0001

1056.8780,0.0055,0.0399,0.0000,0.0001

1057.8780,0.0040,0.0193,0.0000,0.0001

1058.8790,0.0015,0.0347,0.0000,0.0001

1059.8780,-0.0040,0.0038,0.0000,0.0001

1060.8780,-0.0070,-0.0013,0.0000,0.0001

1061.8780,-0.0089,0.0038,0.0000,0.0001

1062.8780,-0.0114,0.0399,0.0000,0.0000

1063.8780,-0.0005,0.1582,0.0000,0.0001

1064.8780,-0.0035,0.0399,0.0000,0.0001

1065.8780,-0.0020,0.0347,0.0000,0.0001

1066.8780,-0.0005,0.0553,0.0000,0.0001

1067.8780,0.0045,0.0707,0.0000,0.0001

1068.8780,0.0030,0.0193,0.0000,0.0001

1069.8790,0.0089,0.0656,0.0000,0.0001

1070.8780,0.0149,0.0604,0.0000,0.0001

1071.8780,0.0169,0.0244,0.0000,0.0001

1072.8780,0.0169,0.0399,0.0000,0.0001

1073.8790,0.0045,0.0296,0.0000,0.0001

1074.8780,0.0040,0.0347,0.0000,0.0001

1075.8790,0.0065,0.0604,0.0000,0.0001

1076.8790,-0.0025,-0.0373,0.0000,0.0001

1077.8790,-0.0065,0.0296,0.0000,0.0001

1078.8780,-0.0045,0.0399,0.0000,0.0001

1079.8780,-0.0119,-0.0116,0.0000,0.0001

1080.8780,-0.0144,0.0347,0.0000,0.0001

1081.8780,-0.0134,0.0347,0.0000,0.0001

1082.8790,-0.0129,0.0450,0.0000,0.0001

1083.8780,-0.0154,0.0038,0.0000,0.0001

1084.8780,-0.0149,0.0399,0.0000,0.0001

1085.8780,-0.0164,0.0450,0.0000,0.0001

1086.8780,-0.0084,0.0450,0.0000,0.0001

1087.8780,-0.0070,0.0450,0.0000,0.0001

1088.8790,-0.0075,0.0347,0.0000,0.0001

1089.8780,-0.0035,0.0296,0.0000,0.0001

1090.8780,-0.0040,0.0296,0.0000,0.0001

1091.8780,-0.0060,0.0141,0.0000,0.0001

1092.8780,-0.0050,0.0553,0.0000,0.0001

1093.8780,-0.0020,0.0347,0.0000,0.0001

1094.8790,-0.0025,0.0347,0.0000,0.0000

1095.8780,-0.0035,0.0347,0.0000,0.0001

1096.8780,-0.0025,0.0553,0.0000,0.0001

1097.8780,-0.0060,0.0090,0.0000,0.0001

1098.8780,0.0000,0.0965,0.0000,0.0000

1099.8780,0.0030,0.0604,0.0000,0.0001

1100.8780,0.0060,0.0604,0.0000,0.0001

1101.8780,0.0080,0.0347,0.0000,0.0001

1102.8780,0.0070,0.0450,0.0000,0.0001

1103.8780,0.0080,0.0450,0.0000,0.0001

1104.8780,0.0099,0.0553,0.0000,0.0001

1105.8780,0.0119,0.0553,0.0000,0.0001

1106.8780,0.0089,0.0244,0.0000,0.0001

1107.8780,0.0099,0.0193,0.0000,0.0001

1108.8780,0.0030,0.0244,0.0000,0.0001

1109.8780,0.0015,0.0450,0.0000,0.0001

1110.8780,-0.0010,0.0347,0.0000,0.0001

1111.8780,0.0025,0.0707,0.0000,0.0001

1112.8780,0.0020,0.0399,0.0000,0.0001

1113.8780,-0.0010,0.0141,0.0000,0.0001

1114.8780,0.0000,0.0656,0.0000,0.0001

1115.8780,0.0005,0.0604,0.0000,0.0001

1116.8790,0.0040,0.0604,0.0000,0.0001

1117.8780,0.0060,0.0399,0.0000,0.0001

1118.8790,0.0075,0.0399,0.0000,0.0001

1119.8780,0.0060,0.0296,0.0000,0.0001

1120.8780,0.0035,0.0090,0.0000,0.0001

1121.8780,-0.0010,0.0244,0.0000,0.0001

1122.8780,-0.0020,0.0296,0.0000,0.0001

1123.8780,0.0025,0.0604,0.0000,0.0001

1124.8780,-0.0005,0.0347,0.0000,0.0001

1125.8780,-0.0015,0.0501,0.0000,0.0001

1126.8780,-0.0015,0.0604,0.0000,0.0001

1127.8780,-0.0065,-0.0116,0.0000,0.0001

1128.8780,-0.0040,0.0656,0.0000,0.0001

1129.8780,-0.0030,0.0399,0.0000,0.0001

1130.8780,0.0015,0.0553,0.0000,0.0001

1131.8780,0.0050,0.0604,0.0000,0.0001

1132.8780,0.0070,0.0501,0.0000,0.0001

1133.8780,0.0025,0.0141,0.0000,0.0001

1134.8790,0.0030,0.0399,0.0000,0.0001

1135.8780,0.0035,0.0553,0.0000,0.0001

1136.8780,0.0015,0.0399,0.0000,0.0001

1137.8780,0.0060,0.0347,0.0000,0.0001

1138.8780,0.0060,0.0656,0.0000,0.0001

1139.8780,0.0045,0.0244,0.0000,0.0001

1140.8780,0.0010,0.0193,0.0000,0.0001

1141.8780,-0.0030,0.0193,0.0000,0.0001

1142.8780,-0.0055,0.0244,0.0000,0.0001

1143.8780,-0.0030,0.0399,0.0000,0.0001

1144.8780,0.0015,0.0862,0.0000,0.0001

1145.8780,0.0000,0.0399,0.0000,0.0001

1146.8780,0.0015,0.0553,0.0000,0.0001

1147.8780,0.0065,0.0862,0.0000,0.0001

1148.8790,0.0030,0.0296,0.0000,0.0001

1149.8790,0.0055,0.0501,0.0000,0.0001

1150.8780,0.0085,0.0501,0.0000,0.0001

1151.8780,0.0104,0.0399,0.0000,0.0001

1152.8780,0.0124,0.0450,0.0000,0.0001

1153.8790,0.0149,0.0656,0.0000,0.0001

1154.8780,0.0104,0.0399,0.0000,0.0001

1155.8780,0.0094,0.0296,0.0000,0.0001

1156.8780,0.0085,0.0450,0.0000,0.0001

1157.8780,0.0060,0.0604,0.0000,0.0001

1158.8780,0.0080,0.0501,0.0000,0.0001

1159.8780,0.0060,0.0296,0.0000,0.0000

1160.8780,0.0065,0.0553,0.0000,0.0001

1161.8780,0.0075,0.0501,0.0000,0.0001

1162.8780,0.0060,0.0296,0.0000,0.0000

1163.8790,0.0020,0.0244,0.0000,0.0001

1164.8780,0.0020,0.0399,0.0000,0.0001

1165.8790,0.0050,0.0604,0.0000,0.0001

1166.8780,0.0070,0.0656,0.0000,0.0001

1167.8780,0.0025,0.0141,0.0000,0.0001

1168.8780,0.0020,0.0450,0.0000,0.0000

1169.8780,0.0035,0.0450,0.0000,0.0001

1170.8780,-0.0005,0.0141,0.0000,0.0001

1171.8780,-0.0010,0.0450,0.0000,0.0001

1172.8780,-0.0025,0.0141,0.0000,0.0001

1173.8780,0.0060,0.1119,0.0000,0.0001

1174.8790,0.0050,0.0296,0.0000,0.0000

1175.8790,0.0025,0.0347,0.0000,0.0000

1176.8780,-0.0040,-0.0013,0.0000,0.0000

1177.8780,0.0010,0.0656,0.0000,0.0001

1178.8780,0.0020,0.0553,0.0000,0.0001

1179.8780,0.0005,0.0296,0.0000,0.0001

1180.8780,-0.0010,-0.0013,0.0000,0.0001

1181.8780,-0.0025,0.0296,0.0000,0.0001

1182.8790,-0.0010,0.0296,0.0000,0.0000

1183.8780,-0.0060,0.0604,0.0000,0.0001

1184.8790,-0.0010,0.0810,0.0000,0.0001

1185.8780,-0.0010,0.0347,0.0000,0.0001

1186.8780,0.0025,0.0347,0.0000,0.0001

1187.8780,0.0040,0.0810,0.0000,0.0001

1188.8780,-0.0020,-0.0065,0.0000,0.0001

1189.8780,0.0025,0.0759,0.0000,0.0001

1190.8780,0.0065,0.0399,0.0000,0.0001

1191.8780,0.0060,0.0244,0.0000,0.0001

1192.8780,0.0050,0.0193,0.0000,0.0001

1193.8790,0.0040,0.0501,0.0000,0.0000

1194.8790,0.0000,0.0399,0.0000,0.0001

1195.8780,-0.0005,0.0296,0.0000,0.0001

1196.8780,0.0025,0.0656,0.0000,0.0000

1197.8780,-0.0010,0.0450,0.0000,0.0001

1198.8780,0.0045,0.0501,0.0000,0.0001

1199.8780,0.0025,0.0553,0.0000,0.0001

1200.8790,-0.0015,-0.0013,0.0000,0.0001

1201.8790,-0.0015,0.0244,0.0000,0.0001

1202.8780,0.0010,0.0450,0.0000,0.0001

1203.8780,-0.0010,0.0296,0.0000,0.0001

1204.8780,-0.0020,0.0296,0.0000,0.0001

1205.8780,-0.0005,0.0450,0.0000,0.0001

1206.8780,-0.0030,0.0399,0.0000,0.0001

1207.8780,-0.0035,0.0399,0.0000,0.0001

1208.8780,-0.0025,0.0604,0.0000,0.0001

1209.8790,-0.0035,0.0450,0.0000,0.0001

1210.8780,0.0030,0.0656,0.0000,0.0001

1211.8780,0.0040,0.0347,0.0000,0.0001

1212.8780,0.0030,0.0347,0.0000,0.0001

1213.8780,0.0015,0.0141,0.0000,0.0001

1214.8780,0.0015,0.0296,0.0000,0.0001

1215.8790,-0.0109,-0.0836,0.0000,0.0001

1216.8790,-0.0079,0.0707,0.0000,0.0001

1217.8790,-0.0099,0.0193,0.0000,0.0001

1218.8790,-0.0129,0.0296,0.0000,0.0001

1219.8780,-0.0129,0.0450,0.0000,0.0001

1220.8790,-0.0174,0.0193,0.0000,0.0001

1221.8780,-0.0134,0.0759,0.0000,0.0001

1222.8790,-0.0144,0.0244,0.0000,0.0001

1223.8780,-0.0134,0.0244,0.0000,0.0001

1224.8780,-0.0134,0.0296,0.0000,0.0001

1225.8780,-0.0025,0.0296,0.0000,0.0001

1226.8780,-0.0050,0.0450,0.0000,0.0001

1227.8790,-0.0065,0.0038,0.0000,0.0001

1228.8780,-0.0070,0.0244,0.0000,0.0001

1229.8780,-0.0070,0.0450,0.0000,0.0001

1230.8790,-0.0015,0.0759,0.0000,0.0001

1231.8780,-0.0050,0.0399,0.0000,0.0001

1232.8780,-0.0040,0.0347,0.0000,0.0001

1233.8780,-0.0035,0.0296,0.0000,0.0001

1234.8780,-0.0030,0.0347,0.0000,0.0001

1235.8780,-0.0025,0.0347,0.0000,0.0001

1236.8780,0.0040,0.1119,0.0000,0.0001

1237.8780,0.0089,0.0553,0.0000,0.0001

1238.8780,0.0094,0.0296,0.0000,0.0001

1239.8780,0.0055,0.0038,0.0000,0.0001

1240.8780,-0.0005,0.0141,0.0000,0.0001

1241.8790,-0.0015,0.0296,0.0000,0.0001

1242.8790,-0.0045,0.0038,0.0000,0.0001

1243.8780,-0.0035,0.0399,0.0000,0.0001

1244.8780,-0.0020,0.0501,0.0000,0.0001

1245.8780,0.0020,0.0759,0.0000,0.0001

1246.8780,-0.0040,0.0501,0.0000,0.0001

1247.8780,-0.0079,0.0141,0.0000,0.0001

1248.8780,-0.0065,0.0450,0.0000,0.0001

1249.8780,-0.0050,0.0193,0.0000,0.0001

1250.8790,-0.0055,0.0090,0.0000,0.0001

1251.8780,-0.0020,0.0656,0.0000,0.0001

1252.8790,0.0025,0.0501,0.0000,0.0001

1253.8790,0.0020,0.0347,0.0000,0.0001

1254.8780,-0.0040,-0.0116,0.0000,0.0001

1255.8790,-0.0089,0.0244,0.0000,0.0001

1256.8780,-0.0109,0.0296,0.0000,0.0001

1257.8790,-0.0089,0.0347,0.0000,0.0001

1258.8780,-0.0099,0.0347,0.0000,0.0001

1259.8780,-0.0065,0.0553,0.0000,0.0001

1260.8780,-0.0025,0.0501,0.0000,0.0001

1261.8790,-0.0055,0.0347,0.0000,0.0001

1262.8790,-0.0089,0.0141,0.0000,0.0001

1263.8790,-0.0084,0.0399,0.0000,0.0001

1264.8780,-0.0050,0.0244,0.0000,0.0001

1265.8780,-0.0040,0.0347,0.0000,0.0001

1266.8800,-0.0020,0.0501,0.0000,0.0001

1267.8780,-0.0035,0.0193,0.0000,0.0001

1268.8780,0.0005,0.0759,0.0000,0.0000

1269.8780,-0.0030,0.0193,0.0000,0.0001

1270.8780,-0.0055,0.0244,0.0000,0.0001

1271.8780,-0.0040,0.0501,0.0000,0.0001

1272.8780,-0.0030,0.0244,0.0000,0.0001

1273.8780,-0.0055,0.0141,0.0000,0.0001

1274.8780,-0.0124,-0.0476,0.0000,0.0001

1275.8780,-0.0134,0.0244,0.0000,0.0001

1276.8780,-0.0154,0.0296,0.0000,0.0001

1277.8780,-0.0154,0.0193,0.0000,0.0001

1278.8790,-0.0174,0.0553,0.0000,0.0001

1279.8780,-0.0154,0.0399,0.0000,0.0001

1280.8780,-0.0139,0.0399,0.0000,0.0001

1281.8780,-0.0179,0.0090,0.0000,0.0001

1282.8780,-0.0248,-0.0476,0.0000,0.0001

1283.8780,-0.0219,0.0450,0.0000,0.0001

1284.8780,-0.0154,0.0193,0.0000,0.0001

1285.8780,-0.0149,0.0296,0.0000,0.0001

1286.8780,-0.0219,-0.0425,0.0000,0.0001

1287.8780,-0.0214,0.0244,0.0000,0.0001

1288.8780,-0.0144,0.1273,0.0000,0.0001

1289.8780,-0.0174,0.0090,0.0000,0.0001

1290.8780,-0.0194,0.0193,0.0000,0.0001

1291.8780,-0.0144,0.0604,0.0000,0.0001

1292.8790,-0.0040,0.0604,0.0000,0.0001

1293.8780,-0.0065,0.0193,0.0000,0.0001

1294.8780,-0.0040,0.0450,0.0000,0.0001

1295.8780,-0.0045,0.0244,0.0000,0.0001

1296.8790,0.0025,0.0296,0.0000,0.0001

1297.8780,0.0025,0.0244,0.0000,0.0001

1298.8780,-0.0075,0.0244,0.0000,0.0001

1299.8790,-0.0040,0.0450,0.0000,0.0001

1300.8780,-0.0010,0.0501,0.0000,0.0001

1301.8780,-0.0030,0.0399,0.0000,0.0001

1302.8780,-0.0050,0.0399,0.0000,0.0001

1303.8780,-0.0030,0.0399,0.0000,0.0001

1304.8780,-0.0060,0.0141,0.0000,0.0001

1305.8780,-0.0050,0.0347,0.0000,0.0001

1306.8780,-0.0035,0.0450,0.0000,0.0001

1307.8780,-0.0010,0.0501,0.0000,0.0001

1308.8780,0.0000,0.0347,0.0000,0.0001

1309.8780,-0.0010,0.0347,0.0000,0.0001

1310.8780,-0.0045,0.0141,0.0000,0.0001

1311.8780,-0.0079,0.0038,0.0000,0.0001

1312.8790,-0.0084,0.0347,0.0000,0.0001

1313.8780,-0.0089,0.0347,0.0000,0.0001

1314.8780,-0.0065,0.0399,0.0000,0.0001

1315.8780,-0.0050,0.0501,0.0000,0.0001

1316.8780,-0.0040,0.0553,0.0000,0.0001

1317.8780,-0.0050,0.0399,0.0000,0.0001

1318.8780,-0.0060,0.0244,0.0000,0.0001

1319.8780,-0.0070,0.0244,0.0000,0.0001

1320.8780,-0.0030,0.0553,0.0000,0.0001

1321.8780,0.0010,0.0450,0.0000,0.0001

1322.8790,0.0000,0.0244,0.0000,0.0001

1323.8780,-0.0010,0.0244,0.0000,0.0001

1324.8780,-0.0030,0.0193,0.0000,0.0001

1325.8780,-0.0035,0.0450,0.0000,0.0001

1326.8780,-0.0055,0.0347,0.0000,0.0001

1327.8780,-0.0065,0.0296,0.0000,0.0001

1328.8790,-0.0050,0.0399,0.0000,0.0001

1329.8780,-0.0060,0.0141,0.0000,0.0001

1330.8780,-0.0055,0.0604,0.0000,0.0001

1331.8790,-0.0045,0.0553,0.0000,0.0001

1332.8780,-0.0030,0.0399,0.0000,0.0001

1333.8780,-0.0010,0.0450,0.0000,0.0001

1334.8780,-0.0005,0.0244,0.0000,0.0001

1335.8790,0.0040,0.0913,0.0000,0.0001

1336.8780,0.0055,0.0501,0.0000,0.0001

1337.8790,0.0089,0.0656,0.0000,0.0001

1338.8780,0.0119,0.0707,0.0000,0.0001

1339.8780,0.0134,0.0296,0.0000,0.0001

1340.8780,0.0199,0.1273,0.0000,0.0001

1341.8780,0.0154,0.0090,0.0000,0.0001

1342.8790,0.0144,0.0296,0.0000,0.0001

1343.8780,0.0144,0.0450,0.0000,0.0001

1344.8780,0.0134,0.0141,0.0000,0.0001

1345.8780,0.0080,0.0347,0.0000,0.0001

1346.8780,0.0050,0.0193,0.0000,0.0001

1347.8780,0.0040,0.0553,0.0000,0.0001

1348.8780,0.0050,0.0810,0.0000,0.0001

1349.8780,0.0104,0.0862,0.0000,0.0001

1350.8780,-0.0015,0.0038,0.0000,0.0001

1351.8780,0.0015,0.0399,0.0000,0.0001

1352.8780,0.0099,0.1170,0.0000,0.0001

1353.8780,0.0085,0.0296,0.0000,0.0001

1354.8780,0.0124,0.0553,0.0000,0.0001

1355.8780,0.0109,0.0193,0.0000,0.0001

1356.8780,0.0134,0.0450,0.0000,0.0001

1357.8780,0.0109,0.0296,0.0000,0.0001

1358.8780,0.0070,0.0399,0.0000,0.0001

1359.8780,-0.0005,0.0090,0.0000,0.0001

1360.8790,0.0025,0.0347,0.0000,0.0001

1361.8790,0.0025,0.0399,0.0000,0.0001

1362.8780,-0.0005,0.0862,0.0000,0.0001

1363.8780,-0.0079,-0.0476,0.0000,0.0001

1364.8780,-0.0104,0.0296,0.0000,0.0001

1365.8780,-0.0075,0.0501,0.0000,0.0001

1366.8780,-0.0050,0.0707,0.0000,0.0001

1367.8780,-0.0079,-0.0013,0.0000,0.0001

1368.8790,-0.0070,0.0501,0.0000,0.0001

1369.8790,-0.0065,0.0141,0.0000,0.0001

1370.8780,-0.0099,-0.0013,0.0000,0.0001

1371.8780,-0.0114,0.0244,0.0000,0.0001

1372.8780,-0.0159,0.0399,0.0000,0.0001

1373.8780,-0.0094,0.0193,0.0000,0.0001

1374.8780,-0.0089,0.0347,0.0000,0.0001

1375.8780,-0.0104,0.0347,0.0000,0.0001

1376.8790,-0.0149,0.0244,0.0000,0.0001

1377.8780,-0.0129,0.0193,0.0000,0.0001

1378.8780,-0.0114,0.0656,0.0000,0.0001

1379.8780,-0.0129,-0.0013,0.0000,0.0001

1380.8790,-0.0045,0.0862,0.0000,0.0001

1381.8780,-0.0020,0.0501,0.0000,0.0001

1382.8790,-0.0035,0.0244,0.0000,0.0001

1383.8780,0.0005,0.0604,0.0000,0.0001

1384.8780,0.0015,0.0450,0.0000,0.0001

1385.8790,0.0000,0.0193,0.0000,0.0001

1386.8780,0.0020,0.0450,0.0000,0.0001

1387.8780,0.0050,0.0501,0.0000,0.0001

1388.8790,0.0015,0.0296,0.0000,0.0001

1389.8780,0.0045,0.0296,0.0000,0.0001

1390.8780,-0.0010,0.0296,0.0000,0.0001

1391.8780,-0.0045,0.0141,0.0000,0.0001

1392.8780,-0.0065,0.0038,0.0000,0.0001

1393.8790,-0.0065,0.0604,0.0000,0.0001

1394.8780,-0.0050,0.0604,0.0000,0.0001

1395.8780,-0.0030,0.0399,0.0000,0.0001

1396.8780,-0.0040,0.0347,0.0000,0.0001

1397.8780,-0.0040,0.0501,0.0000,0.0001

1398.8780,-0.0015,0.0553,0.0000,0.0001

1399.8780,0.0000,0.0450,0.0000,0.0001

1400.8780,-0.0005,0.0244,0.0000,0.0001

1401.8790,-0.0010,0.0090,0.0000,0.0001

1402.8780,0.0045,0.0604,0.0000,0.0001

1403.8780,0.0000,0.0141,0.0000,0.0001

1404.8780,-0.0025,0.0347,0.0000,0.0001

1405.8780,-0.0020,0.0450,0.0000,0.0001

1406.8780,0.0030,0.0862,0.0000,0.0001

1407.8780,0.0040,0.0604,0.0000,0.0001

1408.8780,0.0035,0.0501,0.0000,0.0001

1409.8780,0.0030,0.0399,0.0000,0.0001

1410.8780,0.0040,0.0347,0.0000,0.0001

1411.8780,0.0089,0.0604,0.0000,0.0001

1412.8790,0.0080,0.0501,0.0000,0.0001

1413.8790,0.0080,0.0141,0.0000,0.0001

1414.8780,0.0119,0.0759,0.0000,0.0001

1415.8780,0.0134,0.0604,0.0000,0.0001

1416.8780,0.0085,0.0347,0.0000,0.0001

1417.8780,0.0099,0.0759,0.0000,0.0001

1418.8780,0.0070,0.0193,0.0000,0.0001

1419.8780,0.0075,0.0450,0.0000,0.0001

1420.8780,0.0075,0.0347,0.0000,0.0001

1421.8780,0.0045,0.0296,0.0000,0.0001

1422.8780,0.0025,0.0296,0.0000,0.0001

1423.8780,0.0045,0.0347,0.0000,0.0001

1424.8780,0.0000,0.0296,0.0000,0.0001

1425.8790,-0.0025,0.0347,0.0000,0.0001

1426.8780,-0.0035,0.0244,0.0000,0.0001

1427.8780,-0.0050,0.0604,0.0000,0.0001

1428.8780,0.0015,0.0862,0.0000,0.0001

1429.8780,0.0020,0.0501,0.0000,0.0001

1430.8790,0.0010,0.0244,0.0000,0.0001

1431.8780,0.0035,0.0553,0.0000,0.0001

1432.8780,0.0055,0.0501,0.0000,0.0001

1433.8780,0.0045,0.0244,0.0000,0.0001

1434.8780,0.0050,0.0347,0.0000,0.0001

1435.8780,0.0025,0.0090,0.0000,0.0001

1436.8780,0.0080,0.0810,0.0000,0.0001

1437.8780,0.0045,0.0244,0.0000,0.0001

1438.8790,-0.0020,0.0193,0.0000,0.0001

1439.8780,-0.0030,0.0399,0.0000,0.0001

1440.8780,-0.0045,0.0090,0.0000,0.0001

1441.8790,-0.0065,0.0347,0.0000,0.0000

1442.8790,-0.0079,0.0347,0.0000,0.0001

1443.8780,-0.0065,0.0399,0.0000,0.0001

1444.8780,-0.0075,0.0244,0.0000,0.0001

1445.8780,-0.0060,0.0244,0.0000,0.0001

1446.8780,-0.0084,0.0553,0.0000,0.0001

1447.8780,-0.0055,0.0553,0.0000,0.0001

1448.8780,-0.0040,0.0347,0.0000,0.0001

1449.8780,-0.0035,0.0450,0.0000,0.0001

1450.8780,-0.0020,0.0244,0.0000,0.0001

1451.8790,-0.0020,0.0347,0.0000,0.0001

1452.8780,-0.0035,0.0193,0.0000,0.0001

1453.8780,-0.0050,0.0244,0.0000,0.0001

1454.8780,-0.0045,0.0296,0.0000,0.0001

1455.8780,-0.0045,0.0244,0.0000,0.0001

1456.8780,-0.0075,0.0244,0.0000,0.0001

1457.8790,-0.0099,0.0296,0.0000,0.0001

1458.8780,-0.0079,0.0553,0.0000,0.0001

1459.8790,-0.0070,0.0553,0.0000,0.0001

1460.8780,-0.0045,0.0501,0.0000,0.0001

1461.8780,-0.0035,0.0450,0.0000,0.0001

1462.8780,-0.0025,0.0296,0.0000,0.0001

1463.8780,0.0025,0.0759,0.0000,0.0001

1464.8790,0.0020,0.0244,0.0000,0.0001

1465.8790,0.0060,0.0656,0.0000,0.0001

1466.8780,0.0104,0.0707,0.0000,0.0001

1467.8780,0.0099,0.0244,0.0000,0.0001

1468.8780,0.0060,0.0141,0.0000,0.0001

1469.8780,0.0080,0.0759,0.0000,0.0001

1470.8780,0.0099,0.0707,0.0000,0.0001

1471.8790,0.0080,0.0244,0.0000,0.0001

1472.8790,0.0089,0.0399,0.0000,0.0001

1473.8780,0.0030,0.0141,0.0000,0.0001

1474.8780,0.0040,0.0347,0.0000,0.0001

1475.8780,-0.0005,0.0193,0.0000,0.0001

1476.8790,0.0045,0.1222,0.0000,0.0001

1477.8780,0.0080,0.0604,0.0000,0.0001

1478.8790,0.0109,0.0450,0.0000,0.0001

1479.8780,0.0070,0.0347,0.0000,0.0001

1480.8780,0.0045,0.0450,0.0000,0.0001

1481.8780,0.0040,0.0193,0.0000,0.0001

1482.8780,0.0025,0.0244,0.0000,0.0001

1483.8780,0.0030,0.0193,0.0000,0.0001

1484.8790,0.0045,0.0501,0.0000,0.0001

1485.8780,0.0045,0.0193,0.0000,0.0001

1486.8780,-0.0040,0.0347,0.0000,0.0001

1487.8780,-0.0070,0.0296,0.0000,0.0001

1488.8790,-0.0084,0.0296,0.0000,0.0001

1489.8780,-0.0075,0.0450,0.0000,0.0001

1490.8780,-0.0070,0.0501,0.0000,0.0001

1491.8780,-0.0079,0.0090,0.0000,0.0001

1492.8780,-0.0050,0.0553,0.0000,0.0001

1493.8780,-0.0040,0.0296,0.0000,0.0001

1494.8780,-0.0025,0.0656,0.0000,0.0001

1495.8790,0.0000,0.0450,0.0000,0.0001

1496.8790,0.0005,0.0399,0.0000,0.0001

1497.8780,0.0030,0.0553,0.0000,0.0001

1498.8780,0.0035,0.0347,0.0000,0.0001

1499.8780,0.0030,0.0399,0.0000,0.0001

1500.8780,0.0000,0.0193,0.0000,0.0001

1501.8780,0.0030,0.0399,0.0000,0.0001

1502.8780,0.0005,0.0296,0.0000,0.0001

1503.8780,0.0000,0.0244,0.0000,0.0001

1504.8780,-0.0025,0.0399,0.0000,0.0001

1505.8780,-0.0040,0.0296,0.0000,0.0001

1506.8780,-0.0045,0.0347,0.0000,0.0001

1507.8780,-0.0124,-0.0270,0.0000,0.0001

1508.8780,-0.0124,0.0347,0.0000,0.0001

1509.8780,-0.0114,0.0501,0.0000,0.0001

1510.8780,-0.0114,0.0193,0.0000,0.0001

1511.8780,-0.0094,0.0604,0.0000,0.0001

1512.8790,-0.0084,0.0399,0.0000,0.0001

1513.8780,-0.0084,0.0244,0.0000,0.0001

1514.8780,-0.0159,-0.0373,0.0000,0.0001

1515.8790,-0.0169,0.0193,0.0000,0.0001

1516.8780,-0.0189,0.0141,0.0000,0.0001

1517.8780,-0.0104,0.0604,0.0000,0.0001

1518.8780,-0.0104,0.0347,0.0000,0.0001

1519.8780,-0.0139,0.0141,0.0000,0.0001

1520.8780,-0.0099,0.0604,0.0000,0.0001

1521.8780,-0.0119,0.0399,0.0000,0.0001

1522.8780,-0.0109,0.0501,0.0000,0.0001

1523.8780,-0.0094,0.0399,0.0000,0.0001

1524.8780,-0.0045,0.0141,0.0000,0.0001

1525.8780,-0.0055,0.0090,0.0000,0.0001

1526.8780,-0.0025,0.0450,0.0000,0.0001

1527.8790,-0.0055,0.0296,0.0000,0.0001

1528.8790,-0.0045,0.0450,0.0000,0.0001

1529.8780,-0.0030,0.0296,0.0000,0.0001

1530.8780,-0.0060,0.0296,0.0000,0.0001

1531.8780,-0.0055,0.0450,0.0000,0.0001

1532.8780,-0.0070,0.0347,0.0000,0.0001

1533.8780,-0.0079,0.0296,0.0000,0.0001

1534.8780,-0.0070,0.0244,0.0000,0.0001

1535.8790,-0.0030,0.0501,0.0000,0.0001

1536.8780,-0.0065,0.0090,0.0000,0.0001

1537.8780,-0.0025,0.0707,0.0000,0.0001

1538.8780,-0.0005,0.0656,0.0000,0.0001

1539.8790,0.0010,0.0450,0.0000,0.0001

1540.8780,0.0025,0.0450,0.0000,0.0001

1541.8780,0.0030,0.0501,0.0000,0.0001

1542.8780,0.0000,0.0038,0.0000,0.0001

1543.8790,-0.0010,0.0193,0.0000,0.0001

1544.8780,-0.0005,0.0296,0.0000,0.0001

1545.8780,-0.0020,0.0347,0.0000,0.0001

1546.8780,-0.0010,0.0193,0.0000,0.0001

1547.8790,-0.0050,0.0296,0.0000,0.0001

1548.8780,-0.0089,0.0244,0.0000,0.0001

1549.8780,-0.0144,-0.0116,0.0000,0.0001

1550.8780,-0.0149,0.0399,0.0000,0.0001

1551.8780,-0.0164,0.0347,0.0000,0.0001

1552.8780,-0.0139,0.0296,0.0000,0.0001

1553.8790,-0.0129,0.0296,0.0000,0.0001

1554.8780,-0.0070,0.0913,0.0000,0.0001

1555.8780,-0.0075,0.0296,0.0000,0.0001

1556.8780,-0.0075,0.0193,0.0000,0.0001

1557.8780,-0.0050,0.0553,0.0000,0.0001

1558.8780,-0.0035,0.0399,0.0000,0.0001

1559.8780,-0.0010,0.0141,0.0000,0.0001

1560.8790,-0.0020,0.0296,0.0000,0.0001

1561.8780,-0.0010,0.0450,0.0000,0.0001

1562.8790,0.0010,0.0501,0.0000,0.0001

1563.8780,-0.0010,0.0090,0.0000,0.0000

1564.8790,-0.0065,0.0347,0.0000,0.0001

1565.8780,-0.0050,0.0450,0.0000,0.0001

1566.8780,-0.0040,0.0296,0.0000,0.0001

1567.8780,-0.0035,0.0604,0.0000,0.0001

1568.8780,-0.0035,0.0399,0.0000,0.0000

1569.8780,-0.0010,0.0399,0.0000,0.0001

1570.8790,0.0025,0.0656,0.0000,0.0001

1571.8780,0.0005,0.0244,0.0000,0.0001

1572.8790,-0.0020,0.0244,0.0000,0.0001

1573.8780,-0.0025,0.0038,0.0000,0.0001

1574.8780,-0.0035,0.0244,0.0000,0.0001

1575.8790,-0.0035,0.0450,0.0000,0.0001

1576.8790,0.0005,0.0707,0.0000,0.0001

1577.8780,-0.0010,0.0450,0.0000,0.0001

1578.8780,-0.0010,0.0399,0.0000,0.0001

1579.8790,-0.0025,0.0244,0.0000,0.0001

1580.8780,-0.0035,0.0553,0.0000,0.0001

1581.8780,-0.0025,0.0347,0.0000,0.0001

1582.8780,-0.0040,0.0090,0.0000,0.0001

1583.8780,-0.0015,0.0296,0.0000,0.0001

1584.8780,0.0005,0.0450,0.0000,0.0001

1585.8780,0.0015,0.0553,0.0000,0.0001

1586.8780,-0.0030,0.0244,0.0000,0.0001

1587.8780,-0.0010,0.0656,0.0000,0.0001

1588.8780,-0.0020,0.0296,0.0000,0.0001

1589.8780,0.0010,0.0553,0.0000,0.0001

1590.8780,-0.0010,0.0347,0.0000,0.0001

1591.8780,0.0005,0.0501,0.0000,0.0001

1592.8790,0.0015,0.0193,0.0000,0.0001

1593.8780,0.0035,0.0501,0.0000,0.0001

1594.8780,0.0025,0.0347,0.0000,0.0001

1595.8790,0.0040,0.0707,0.0000,0.0001

1596.8780,0.0060,0.0450,0.0000,0.0001

1597.8780,0.0040,0.0450,0.0000,0.0000

1598.8790,0.0030,0.0193,0.0000,0.0001

1599.8780,0.0010,0.0347,0.0000,0.0001

1600.8780,0.0035,0.0604,0.0000,0.0001

1601.8780,0.0025,0.0399,0.0000,0.0001

1602.8780,0.0040,0.0347,0.0000,0.0001

1603.8780,-0.0020,-0.0116,0.0000,0.0001

1604.8780,-0.0015,0.0399,0.0000,0.0001

1605.8780,-0.0040,0.0450,0.0000,0.0001

1606.8780,-0.0035,0.0501,0.0000,0.0000

1607.8790,-0.0020,0.0604,0.0000,0.0001

1608.8790,-0.0050,-0.0116,0.0000,0.0001

1609.8780,0.0040,0.1273,0.0000,0.0001

1610.8790,0.0005,0.0244,0.0000,0.0001

1611.8780,0.0015,0.0501,0.0000,0.0001

1612.8780,-0.0025,-0.0065,0.0000,0.0001

1613.8780,0.0045,0.0604,0.0000,0.0001

1614.8790,0.0030,0.0244,0.0000,0.0001

1615.8780,0.0005,0.0193,0.0000,0.0001

1616.8780,-0.0025,0.0193,0.0000,0.0001

1617.8780,-0.0020,0.0656,0.0000,0.0001

1618.8780,0.0035,0.0450,0.0000,0.0001

1619.8790,-0.0040,0.0501,0.0000,0.0001

1620.8780,-0.0015,0.0501,0.0000,0.0001

1621.8780,-0.0005,0.0604,0.0000,0.0000

1622.8780,0.0045,0.0450,0.0000,0.0001

1623.8790,0.0030,0.0450,0.0000,0.0001

1624.8780,0.0055,0.0501,0.0000,0.0001

1625.8780,0.0060,0.0244,0.0000,0.0001

1626.8780,0.0065,0.0244,0.0000,0.0001

1627.8790,0.0060,0.0604,0.0000,0.0001

1628.8780,0.0045,0.0296,0.0000,0.0001

1629.8780,0.0025,0.0296,0.0000,0.0001

1630.8790,0.0020,0.0450,0.0000,0.0001

1631.8780,-0.0030,0.0090,0.0000,0.0001

1632.8780,-0.0025,0.0501,0.0000,0.0001

1633.8780,-0.0025,0.0450,0.0000,0.0000

1634.8780,-0.0050,0.0244,0.0000,0.0001

1635.8780,-0.0045,0.0296,0.0000,0.0001

1636.8790,-0.0035,0.0347,0.0000,0.0001

1637.8790,-0.0060,0.0347,0.0000,0.0001

1638.8780,-0.0060,0.0296,0.0000,0.0001

1639.8780,-0.0045,0.0450,0.0000,0.0001

1640.8790,-0.0099,-0.0116,0.0000,0.0001

1641.8780,-0.0075,0.0347,0.0000,0.0001

1642.8780,-0.0075,0.0501,0.0000,0.0001

1643.8780,-0.0084,0.0347,0.0000,0.0001

1644.8790,-0.0075,0.0347,0.0000,0.0001

1645.8790,-0.0030,0.0759,0.0000,0.0001

1646.8790,-0.0020,0.0450,0.0000,0.0001

1647.8780,-0.0010,0.0450,0.0000,0.0001

1648.8780,-0.0025,0.0141,0.0000,0.0001

1649.8780,-0.0055,0.0141,0.0000,0.0001

1650.8780,0.0005,0.0501,0.0000,0.0001

1651.8790,0.0020,0.0501,0.0000,0.0001

1652.8780,0.0005,0.0347,0.0000,0.0001

1653.8780,0.0020,0.0501,0.0000,0.0001

1654.8780,0.0010,0.0244,0.0000,0.0001

1655.8780,-0.0035,0.0296,0.0000,0.0001

1656.8780,-0.0025,0.0553,0.0000,0.0001

1657.8780,-0.0035,0.0347,0.0000,0.0001

1658.8780,-0.0040,0.0090,0.0000,0.0001

1659.8780,-0.0010,0.0450,0.0000,0.0001

1660.8780,-0.0030,0.0296,0.0000,0.0001

1661.8790,-0.0030,0.0501,0.0000,0.0001

1662.8790,-0.0045,0.0193,0.0000,0.0001

1663.8780,-0.0070,0.0244,0.0000,0.0001

1664.8780,-0.0050,0.0450,0.0000,0.0001

1665.8780,-0.0050,0.0296,0.0000,0.0001

1666.8790,-0.0035,0.0707,0.0000,0.0001

1667.8780,-0.0045,0.0244,0.0000,0.0001

1668.8780,-0.0060,-0.0065,0.0000,0.0001

1669.8780,-0.0099,0.0038,0.0000,0.0001

1670.8780,-0.0099,0.0296,0.0000,0.0001

1671.8780,-0.0134,0.0141,0.0000,0.0001

1672.8780,-0.0114,0.0399,0.0000,0.0001

1673.8780,-0.0104,0.0347,0.0000,0.0001

1674.8780,-0.0104,0.0450,0.0000,0.0001

1675.8780,-0.0124,0.0090,0.0000,0.0001

1676.8780,-0.0164,0.0296,0.0000,0.0001

1677.8780,-0.0129,0.0604,0.0000,0.0001

1678.8780,-0.0104,0.0193,0.0000,0.0001

1679.8780,-0.0060,0.0501,0.0000,0.0001

1680.8780,-0.0070,0.0193,0.0000,0.0001

1681.8780,-0.0055,0.0296,0.0000,0.0001

1682.8780,-0.0104,-0.0116,0.0000,0.0001

1683.8780,-0.0099,0.0399,0.0000,0.0001

1684.8780,-0.0099,0.0450,0.0000,0.0001

1685.8780,-0.0070,0.0399,0.0000,0.0001

1686.8790,-0.0065,0.0347,0.0000,0.0001

1687.8780,-0.0094,0.0296,0.0000,0.0001

1688.8790,-0.0075,0.0399,0.0000,0.0001

1689.8780,-0.0094,0.0296,0.0000,0.0001

1690.8780,-0.0089,0.0244,0.0000,0.0001

1691.8790,-0.0075,0.0450,0.0000,0.0001

1692.8780,-0.0030,0.0347,0.0000,0.0001

1693.8780,-0.0010,0.0604,0.0000,0.0001

1694.8790,-0.0015,0.0399,0.0000,0.0001

1695.8780,-0.0030,0.0244,0.0000,0.0001

1696.8790,-0.0075,-0.0116,0.0000,0.0001

1697.8780,-0.0079,0.0244,0.0000,0.0001

1698.8780,-0.0070,0.0501,0.0000,0.0001

1699.8790,-0.0060,0.0399,0.0000,0.0001

1700.8790,-0.0055,0.0296,0.0000,0.0001

1701.8780,-0.0055,0.0450,0.0000,0.0001

1702.8780,-0.0035,0.0553,0.0000,0.0001

1703.8780,-0.0070,0.0244,0.0000,0.0001

1704.8780,-0.0075,0.0347,0.0000,0.0001

1705.8780,-0.0040,0.0604,0.0000,0.0001

1706.8790,0.0015,0.0450,0.0000,0.0001

1707.8780,0.0045,0.0553,0.0000,0.0001

1708.8790,0.0050,0.0553,0.0000,0.0001

1709.8780,0.0025,0.0141,0.0000,0.0001

1710.8780,0.0045,0.0501,0.0000,0.0001

1711.8790,0.0050,0.0501,0.0000,0.0001

1712.8780,0.0045,0.0501,0.0000,0.0001

1713.8780,0.0065,0.0450,0.0000,0.0001

1714.8790,0.0119,0.0913,0.0000,0.0001

1715.8780,0.0174,0.1170,0.0000,0.0001

1716.8780,0.0736,0.6264,0.0000,0.0001

1717.8780,0.1620,0.9711,0.0000,0.0001

1718.8780,0.2490,0.9557,0.0000,0.0001

1719.8780,0.3429,0.9866,0.0000,0.0001

1720.8780,0.4329,0.9814,0.0000,0.0001

1721.8780,0.5209,0.9608,0.0000,0.0001

1722.8780,0.6064,0.9351,0.0000,0.0001

1723.8780,0.6938,0.9505,0.0000,0.0001

1724.8780,0.7773,0.9557,0.0000,0.0001

1725.8780,0.8608,0.9814,0.0000,0.0001

1726.8780,0.8931,0.9608,0.0000,0.0001

1727.8780,0.8946,0.9866,0.0000,0.0001

1728.8790,0.8961,0.9711,0.0000,0.0001

1729.8780,0.8921,0.9454,0.0000,0.0001

1730.8780,0.8902,0.9608,0.0000,0.0001

1731.8780,0.8887,0.9454,0.0000,0.0001

1732.8780,0.8917,0.9660,0.0000,0.0001

1733.8780,0.8917,0.9505,0.0000,0.0001

1734.8780,0.8921,0.9608,0.0000,0.0001

1735.8790,0.8892,0.9505,0.0000,0.0001

1736.8790,0.8882,0.9505,0.0000,0.0001

1737.8780,0.8857,0.9608,0.0000,0.0001

1738.8780,0.8862,0.9763,0.0000,0.0001

1739.8780,0.8872,0.9557,0.0000,0.0001

1740.8780,0.8867,0.9557,0.0000,0.0001

1741.8780,0.8857,0.9351,0.0000,0.0001

1742.8800,0.8837,0.9454,0.0000,0.0001

1743.8780,0.8852,0.9660,0.0000,0.0001

1744.8780,0.8817,0.9248,0.0000,0.0001

1745.8780,0.8847,0.9814,0.0000,0.0001

1746.8790,0.8852,0.9557,0.0000,0.0001

1747.8780,0.8852,0.9608,0.0000,0.0001

1748.8780,0.8852,0.9763,0.0000,0.0001

1749.8780,0.8857,0.9608,0.0000,0.0001

1750.8780,0.8862,0.9608,0.0000,0.0001

1751.8780,0.8892,0.9660,0.0000,0.0001

1752.8790,0.8921,0.9763,0.0000,0.0000

1753.8780,0.8921,0.9660,0.0000,0.0000

1754.8790,0.8956,0.9608,0.0000,0.0001

1755.8780,0.8936,0.9608,0.0000,0.0001

1756.8780,0.8941,0.9608,0.0000,0.0000

1757.8780,0.8941,0.9608,0.0000,0.0000

1758.8790,0.8946,0.9814,0.0000,0.0001

1759.8780,0.8951,0.9660,0.0000,0.0001

1760.8780,0.8936,0.9454,0.0000,0.0001

1761.8780,0.8921,0.9505,0.0000,0.0001

1762.8780,0.8921,0.9763,0.0000,0.0001

1763.8780,0.8907,0.9505,0.0000,0.0001

1764.8780,0.8926,0.9814,0.0000,0.0001

1765.8790,0.8941,0.9763,0.0000,0.0001

1766.8780,0.8936,0.9557,0.0000,0.0001

1767.8790,0.8961,0.9866,0.0000,0.0001

1768.8790,0.8931,0.9505,0.0000,0.0001

1769.8780,0.8917,0.9505,0.0000,0.0001

1770.8780,0.8877,0.9042,0.0000,0.0001

1771.8790,0.8668,0.7344,0.0000,0.0001

1772.8780,0.7977,0.2611,0.0000,0.0001

1773.8780,0.7122,0.0656,0.0000,0.0001

1774.8780,0.6282,0.1119,0.0000,0.0001

1775.8790,0.5422,0.0862,0.0000,0.0001

1776.8790,0.4602,0.1067,0.0000,0.0001

1777.8780,0.3762,0.1170,0.0000,0.0001

1778.8780,0.2977,0.1376,0.0000,0.0001

1779.8780,0.2182,0.1273,0.0000,0.0001

1780.8780,0.1397,0.0913,0.0000,0.0001

1781.8780,0.0805,0.1222,0.0000,0.0001

1782.8780,0.0646,0.0965,0.0000,0.0000

1783.8790,0.0686,0.1067,0.0000,0.0001

1784.8780,0.0676,0.1016,0.0000,0.0001

1785.8780,0.0711,0.1222,0.0000,0.0001

1786.8780,0.0691,0.0862,0.0000,0.0001

1787.8780,0.0706,0.1325,0.0000,0.0001

1788.8780,0.0676,0.1067,0.0000,0.0001

1789.8790,0.0661,0.1119,0.0000,0.0001

1790.8790,0.0656,0.0862,0.0000,0.0001

1791.8790,0.0636,0.1016,0.0000,0.0001

1792.8780,0.0601,0.0604,0.0000,0.0001

1793.8780,0.0562,0.0656,0.0000,0.0001

1794.8780,0.0552,0.0913,0.0000,0.0001

1795.8780,0.0522,0.0913,0.0000,0.0001

1796.8780,0.0517,0.0810,0.0000,0.0001

1797.8780,0.0452,0.0656,0.0000,0.0001

1798.8790,0.0418,0.0707,0.0000,0.0001

1799.8790,0.0363,0.0553,0.0000,0.0001

1800.8780,0.0388,0.1119,0.0000,0.0001

1801.8790,0.0398,0.1119,0.0000,0.0001

1802.8780,0.0403,0.0656,0.0000,0.0001

1803.8780,0.0432,0.0965,0.0000,0.0001

1804.8780,0.0418,0.0759,0.0000,0.0001

1805.8800,0.0403,0.0759,0.0000,0.0001

1806.8780,0.0398,0.0759,0.0000,0.0001

1807.8780,0.0408,0.0759,0.0000,0.0001

1808.8780,0.0422,0.0862,0.0000,0.0001

1809.8780,0.0447,0.0810,0.0000,0.0001

1810.8780,0.0393,0.0553,0.0000,0.0001

1811.8790,0.0338,0.0553,0.0000,0.0001

1812.8780,0.0308,0.0347,0.0000,0.0001

1813.8780,0.0249,0.0347,0.0000,0.0001

1814.8780,0.0219,0.0450,0.0000,0.0001

1815.8790,0.0199,0.0553,0.0000,0.0001

1816.8780,0.0144,0.0193,0.0000,0.0001

1817.8780,0.0124,0.0553,0.0000,0.0001

1818.8780,0.0089,0.0501,0.0000,0.0001

1819.8780,0.0094,0.0862,0.0000,0.0001

1820.8780,0.0109,0.0707,0.0000,0.0001

1821.8780,0.0149,0.0965,0.0000,0.0001

1822.8780,0.0204,0.0913,0.0000,0.0001

1823.8780,0.0293,0.1273,0.0000,0.0001

1824.8780,0.0408,0.1633,0.0000,0.0001

1825.8780,0.0770,0.4309,0.0000,0.0001

1826.8780,0.1715,0.9968,0.0000,0.0001

1827.8780,0.2724,1.0997,0.0000,0.0001

1828.8780,0.3678,1.0380,0.0000,0.0001

1829.8790,0.4637,1.0792,0.0000,0.0001

1830.8790,0.5726,1.1975,0.0000,0.0001

1831.8780,0.6829,1.2387,0.0000,0.0001

1832.8780,0.7898,1.1975,0.0000,0.0001

1833.8780,0.8912,1.1769,0.0000,0.0001

1834.8780,0.9925,1.2129,0.0000,0.0001

1835.8780,1.0686,1.2181,0.0000,0.0001

1836.8780,1.0900,1.2181,0.0000,0.0001

1837.8790,1.0999,1.2026,0.0000,0.0001

1838.8780,1.1163,1.2078,0.0000,0.0001

1839.8790,1.1312,1.2335,0.0000,0.0001

1840.8780,1.1362,1.2490,0.0000,0.0001

1841.8790,1.1367,1.2438,0.0000,0.0001

1842.8780,1.1421,1.2541,0.0000,0.0001

1843.8780,1.1486,1.2438,0.0000,0.0001

1844.8780,1.1476,1.2026,0.0000,0.0001

1845.8780,1.1461,1.2026,0.0000,0.0001

1846.8780,1.1446,1.2026,0.0000,0.0001

1847.8780,1.1407,1.1615,0.0000,0.0001

1848.8780,1.1417,1.2181,0.0000,0.0001

1849.8780,1.1397,1.2129,0.0000,0.0001

1850.8780,1.1347,1.1975,0.0000,0.0001

1851.8780,1.1297,1.1924,0.0000,0.0001

1852.8790,1.1317,1.2747,0.0000,0.0001

1853.8780,1.1317,1.2438,0.0000,0.0001

1854.8780,1.1322,1.2078,0.0000,0.0001

1855.8780,1.1347,1.2284,0.0000,0.0001

1856.8780,1.1352,1.2078,0.0000,0.0001

1857.8780,1.1382,1.1924,0.0000,0.0001

1858.8780,1.1357,1.1924,0.0000,0.0001

1859.8790,1.1357,1.2129,0.0000,0.0001

1860.8790,1.1412,1.2541,0.0000,0.0001

1861.8780,1.1511,1.2953,0.0000,0.0001

1862.8780,1.1431,1.1924,0.0000,0.0001

1863.8780,1.1397,1.2078,0.0000,0.0001

1864.8780,1.1397,1.2078,0.0000,0.0001

1865.8790,1.1392,1.2232,0.0000,0.0001

1866.8780,1.1417,1.2335,0.0000,0.0001

1867.8780,1.1456,1.2335,0.0000,0.0001

1868.8790,1.1476,1.2129,0.0000,0.0001

1869.8780,1.1476,1.2129,0.0000,0.0001

1870.8780,1.1441,1.2181,0.0000,0.0001

1871.8780,1.1347,1.1975,0.0000,0.0001

1872.8780,1.1417,1.2644,0.0000,0.0001

1873.8780,1.1561,1.3570,0.0000,0.0001

1874.8780,1.1779,1.4342,0.0000,0.0001

1875.8780,1.2003,1.4548,0.0000,0.0001

1876.8790,1.2202,1.4393,0.0000,0.0001

1877.8780,1.2411,1.4496,0.0000,0.0001

1878.8780,1.2634,1.4445,0.0000,0.0001

1879.8780,1.2853,1.4393,0.0000,0.0001

1880.8780,1.3211,1.5885,0.0000,0.0001

1881.8780,1.3912,1.9230,0.0000,0.0001

1882.8780,1.4553,1.9281,0.0000,0.0001

1883.8780,1.5109,1.9333,0.0000,0.0001

1884.8790,1.5641,1.9847,0.0000,0.0001

1885.8780,1.6093,1.9230,0.0000,0.0001

1886.8790,1.6590,1.9538,0.0000,0.0001

1887.8780,1.7033,1.9075,0.0000,0.0001

1888.8780,1.7565,1.9950,0.0000,0.0001

1889.8780,1.8072,1.9641,0.0000,0.0001

1890.8780,1.8429,1.9590,0.0000,0.0001

1891.8780,1.8434,1.9281,0.0000,0.0001

1892.8790,1.8454,1.9487,0.0000,0.0001

1893.8790,1.8429,1.9075,0.0000,0.0001

1894.8780,1.8414,1.9693,0.0000,0.0001

1895.8790,1.8434,1.9435,0.0000,0.0001

1896.8780,1.8439,1.9590,0.0000,0.0001

1897.8780,1.8509,1.9796,0.0000,0.0001

1898.8780,1.8419,1.9024,0.0000,0.0001

1899.8780,1.8434,1.9796,0.0000,0.0001

1900.8780,1.8434,1.9590,0.0000,0.0001

1901.8780,1.8623,2.1236,0.0000,0.0001

1902.8790,1.8902,2.2368,0.0000,0.0001

1903.8780,1.9235,2.2522,0.0000,0.0001

1904.8790,1.9553,2.2986,0.0000,0.0001

1905.8780,1.9881,2.2831,0.0000,0.0001

1906.8780,2.0273,2.3654,0.0000,0.0001

1907.8780,2.0641,2.3603,0.0000,0.0001

1908.8790,2.1108,2.3860,0.0000,0.0001

1909.8790,2.1501,2.3860,0.0000,0.0001

1910.8780,2.1943,2.4169,0.0000,0.0001

1911.8780,2.2217,2.4066,0.0000,0.0001

1912.8780,2.2629,2.6639,0.0000,0.0001

1913.8780,2.3072,2.7102,0.0000,0.0001

1914.8780,2.3474,2.7153,0.0000,0.0001

1915.8780,2.3892,2.7153,0.0000,0.0001

1916.8790,2.4235,2.7205,0.0000,0.0001

1917.8780,2.4577,2.7153,0.0000,0.0001

1918.8780,2.4920,2.7410,0.0000,0.0001

1919.8780,2.5248,2.7256,0.0000,0.0001

1920.8780,2.5542,2.7205,0.0000,0.0001

1921.8780,2.5850,2.7256,0.0000,0.0001

1922.8780,2.5890,2.7050,0.0000,0.0001

1923.8780,2.5830,2.6484,0.0000,0.0001

1924.8780,2.5780,2.6639,0.0000,0.0001

1925.8780,2.5780,2.7153,0.0000,0.0001

1926.8780,2.5775,2.7153,0.0000,0.0000

1927.8780,2.5775,2.7153,0.0000,0.0001

1928.8790,2.5726,2.6896,0.0000,0.0001

1929.8780,2.5711,2.7102,0.0000,0.0001

1930.8790,2.5696,2.7050,0.0000,0.0001

1931.8780,2.5686,2.7153,0.0000,0.0001

1932.8780,2.5795,2.8182,0.0000,0.0001

1933.8780,2.5731,2.5815,0.0000,0.0001

1934.8780,2.5810,2.7462,0.0000,0.0001

1935.8800,2.5805,2.7102,0.0000,0.0001

1936.8780,2.5815,2.7256,0.0000,0.0001

1937.8790,2.5805,2.7050,0.0000,0.0001

1938.8780,2.5825,2.7102,0.0000,0.0001

1939.8790,2.5810,2.6947,0.0000,0.0001

1940.8790,2.5800,2.6947,0.0000,0.0001

1941.8780,2.5815,2.7307,0.0000,0.0001

1942.8790,2.5706,2.7050,0.0000,0.0001

1943.8780,2.5830,2.7102,0.0000,0.0001

1944.8780,2.5785,2.6999,0.0000,0.0000

1945.8780,2.5765,2.6896,0.0000,0.0001

1946.8780,2.5741,2.6999,0.0000,0.0001

1947.8780,2.5691,2.6536,0.0000,0.0001

1948.8790,2.5661,2.6793,0.0000,0.0001

1949.8780,2.5636,2.6690,0.0000,0.0001

1950.8780,2.5581,2.6381,0.0000,0.0001

1951.8780,2.5522,2.6690,0.0000,0.0001

1952.8780,2.5487,2.6690,0.0000,0.0001

1953.8780,2.5447,2.6690,0.0000,0.0001

1954.8790,2.4523,1.7429,0.0000,0.0001

1955.8790,2.3583,1.7172,0.0000,0.0001

1956.8780,2.2629,1.7120,0.0000,0.0001

1957.8780,2.1784,1.7789,0.0000,0.0001

1958.8790,2.0890,1.7532,0.0000,0.0001

1959.8790,1.9985,1.7326,0.0000,0.0001

1960.8790,1.9135,1.7583,0.0000,0.0001

1961.8780,1.8275,1.7789,0.0000,0.0001

1962.8790,1.7351,1.7120,0.0000,0.0001

1963.8780,1.6461,1.7480,0.0000,0.0001

1964.8780,1.6471,1.7532,0.0000,0.0001

1965.8780,1.6531,1.7789,0.0000,0.0001

1966.8780,1.6725,1.9127,0.0000,0.0001

1967.8780,1.6854,1.9127,0.0000,0.0001

1968.8780,1.7028,1.9333,0.0000,0.0001

1969.8780,1.7222,1.9333,0.0000,0.0001

1970.8780,1.7401,1.9435,0.0000,0.0001

1971.8780,1.7575,1.9590,0.0000,0.0001

1972.8780,1.7823,1.9693,0.0000,0.0001

1973.8780,1.8047,1.9796,0.0000,0.0001

1974.8780,1.8280,1.9950,0.0000,0.0001

1975.8790,1.8499,2.0053,0.0000,0.0001

1976.8780,1.8613,2.0310,0.0000,0.0001

1977.8780,1.8747,2.0516,0.0000,0.0001

1978.8780,1.8847,2.0362,0.0000,0.0001

1979.8790,1.8961,2.0516,0.0000,0.0001

1980.8780,1.9036,2.0207,0.0000,0.0001

1981.8780,1.9100,2.0259,0.0000,0.0001

1982.8790,1.9130,2.0001,0.0000,0.0001

1983.8780,1.9185,2.0362,0.0000,0.0001

1984.8790,1.9220,2.0310,0.0000,0.0001

1985.8780,1.9185,1.9693,0.0000,0.0001

1986.8780,1.9180,2.0259,0.0000,0.0001

1987.8780,1.9140,2.0104,0.0000,0.0001

1988.8780,1.9125,2.0207,0.0000,0.0001

1989.8780,1.9095,2.0207,0.0000,0.0001

1990.8790,1.9095,2.0207,0.0000,0.0001

1991.8780,1.9105,2.0362,0.0000,0.0001

1992.8780,1.9120,2.0156,0.0000,0.0001

1993.8780,1.9115,2.0310,0.0000,0.0001

1994.8780,1.9080,1.9950,0.0000,0.0001

1995.8780,1.9110,2.0001,0.0000,0.0001

1996.8790,1.9115,2.0310,0.0000,0.0001

1997.8780,1.9130,2.0259,0.0000,0.0001

1998.8780,1.9110,2.0001,0.0000,0.0001

1999.8780,1.9095,2.0053,0.0000,0.0001

2000.8780,1.9085,2.0104,0.0000,0.0001

2001.8780,1.9080,2.0310,0.0000,0.0001

2002.8780,1.9090,2.0259,0.0000,0.0001

2003.8780,1.9090,2.0310,0.0000,0.0001

2004.8780,1.9085,1.9898,0.0000,0.0001

2005.8780,1.9115,2.0310,0.0000,0.0001

2006.8780,1.9100,2.0156,0.0000,0.0001

2007.8780,1.9100,2.0259,0.0000,0.0001

2008.8780,1.9170,2.0722,0.0000,0.0001

2009.8780,1.9185,2.0207,0.0000,0.0001

2010.8780,1.9215,2.0413,0.0000,0.0001

2011.8780,1.9289,2.1082,0.0000,0.0001

2012.8790,1.9274,2.0104,0.0000,0.0000

2013.8780,1.9284,2.0413,0.0000,0.0001

2014.8780,1.9344,2.0516,0.0000,0.0001

2015.8780,1.9314,2.0001,0.0000,0.0001

2016.8780,1.9334,2.0362,0.0000,0.0001

2017.8780,1.9413,2.1082,0.0000,0.0001

2018.8780,1.9359,2.0156,0.0000,0.0001

2019.8780,1.9339,2.0001,0.0000,0.0001

2020.8780,1.9349,2.0516,0.0000,0.0001

2021.8780,1.9269,2.0259,0.0000,0.0001

2022.8780,1.9284,2.0259,0.0000,0.0001

2023.8780,1.9279,2.0362,0.0000,0.0001

2024.8780,1.9264,2.0362,0.0000,0.0001

2025.8780,1.9294,2.0310,0.0000,0.0001

2026.8780,1.9284,2.0259,0.0000,0.0001

2027.8780,1.9210,2.0310,0.0000,0.0000

2028.8780,1.9240,2.0464,0.0000,0.0001

2029.8780,1.9269,2.0310,0.0000,0.0001

2030.8780,1.9254,2.0362,0.0000,0.0001

2031.8790,1.9249,2.0207,0.0000,0.0001

2032.8790,1.9240,2.0156,0.0000,0.0001

2033.8780,1.9254,2.0516,0.0000,0.0001

2034.8790,1.9264,2.0464,0.0000,0.0001

2035.8780,1.9245,2.0104,0.0000,0.0001

2036.8790,1.9245,2.0259,0.0000,0.0001

2037.8780,1.9240,2.0259,0.0000,0.0001

2038.8780,1.9259,2.0670,0.0000,0.0001

2039.8790,1.9269,2.0413,0.0000,0.0001

2040.8780,1.9249,2.0156,0.0000,0.0001

2041.8780,1.9269,2.0413,0.0000,0.0001

2042.8780,1.9259,2.0053,0.0000,0.0001

2043.8790,1.9235,2.0259,0.0000,0.0001

2044.8780,1.9230,2.0413,0.0000,0.0001

2045.8790,1.9269,2.0516,0.0000,0.0001

2046.8780,1.9254,2.0104,0.0000,0.0001

2047.8780,1.9269,2.0413,0.0000,0.0001

2048.8780,1.9205,2.0001,0.0000,0.0001

2049.8790,1.9245,2.0825,0.0000,0.0001

2050.8790,1.9245,2.0156,0.0000,0.0001

2051.8780,1.9225,2.0207,0.0000,0.0001

2052.8780,1.9259,2.0413,0.0000,0.0001

2053.8780,1.9240,2.0053,0.0000,0.0001

2054.8780,1.9210,2.0104,0.0000,0.0001

2055.8780,1.9170,2.0104,0.0000,0.0001

2056.8780,1.9210,2.0516,0.0000,0.0001

2057.8780,1.9210,2.0413,0.0000,0.0001

2058.8780,1.9135,1.9230,0.0000,0.0001

2059.8780,1.9175,2.1236,0.0000,0.0001

2060.8780,1.9150,1.9898,0.0000,0.0001

2061.8780,1.9180,2.0516,0.0000,0.0001

2062.8780,1.9175,2.0362,0.0000,0.0001

2063.8790,1.9190,2.0207,0.0000,0.0001

2064.8790,1.9220,2.0413,0.0000,0.0001

2065.8790,1.9225,2.0156,0.0000,0.0001

2066.8780,1.9220,2.0464,0.0000,0.0001

2067.8780,1.9205,2.0259,0.0000,0.0001

2068.8780,1.9309,2.0310,0.0000,0.0001

2069.8780,1.9215,2.0259,0.0000,0.0001

2070.8780,1.9259,2.0362,0.0000,0.0001

2071.8780,1.9235,2.0259,0.0000,0.0001

2072.8780,1.9180,1.9796,0.0000,0.0001

2073.8780,1.9170,2.0104,0.0000,0.0001

2074.8780,1.9185,2.0567,0.0000,0.0001

2075.8780,1.9200,2.0310,0.0000,0.0001

2076.8780,1.9170,2.0156,0.0000,0.0001

2077.8780,1.9200,2.0567,0.0000,0.0001

2078.8780,1.9269,2.1030,0.0000,0.0001

2079.8790,1.9498,2.2625,0.0000,0.0001

2080.8790,1.9722,2.2677,0.0000,0.0001

2081.8790,1.9906,2.2162,0.0000,0.0001

2082.8930,2.0174,2.2574,0.0000,0.0001

2084.1550,2.0413,2.2574,0.0000,0.0001

2084.8800,2.0586,2.2368,0.0000,0.0001

2085.8780,2.0790,2.2420,0.0000,0.0000

2086.8780,2.1064,2.2986,0.0000,0.0001

2087.8780,2.1233,2.2317,0.0000,0.0001

2088.8780,2.1287,2.1596,0.0000,0.0001

2089.8790,2.1178,2.1493,0.0000,0.0001

2090.8790,2.1079,2.1648,0.0000,0.0001

2091.8780,2.1009,2.1442,0.0000,0.0001

2092.8790,2.0934,2.1802,0.0000,0.0001

2093.8790,2.0835,2.1545,0.0000,0.0001

2094.8790,2.0755,2.1545,0.0000,0.0001

2095.8790,2.0661,2.1442,0.0000,0.0001

2096.8780,2.0562,2.1957,0.0000,0.0001

2097.8780,2.0482,2.1493,0.0000,0.0001

2098.8780,2.0452,2.1288,0.0000,0.0001

2099.8780,2.0467,2.1648,0.0000,0.0001

2100.8780,2.0442,2.1391,0.0000,0.0001

2101.8780,2.0492,2.1957,0.0000,0.0001

2102.8780,2.0422,2.1082,0.0000,0.0001

2103.8780,2.0467,2.2008,0.0000,0.0001

2104.8780,2.0447,2.1339,0.0000,0.0001

2105.8780,2.0447,2.1442,0.0000,0.0001

2106.8780,2.0413,2.1596,0.0000,0.0001

2107.8790,2.0398,2.1339,0.0000,0.0001

2108.8780,2.0408,2.1391,0.0000,0.0001

2109.8780,2.0403,2.1596,0.0000,0.0001

2110.8780,2.0422,2.1596,0.0000,0.0001

2111.8780,2.0373,2.1442,0.0000,0.0001

2112.8790,2.0383,2.1185,0.0000,0.0001

2113.8780,2.0338,2.1545,0.0000,0.0001

2114.8780,2.0348,2.1442,0.0000,0.0001

2115.8780,2.0348,2.1442,0.0000,0.0001

2116.8790,2.0348,2.1596,0.0000,0.0001

2117.8780,2.0323,2.1082,0.0000,0.0001

2118.8780,2.0328,2.1442,0.0000,0.0001

2119.8790,2.0323,2.1545,0.0000,0.0001

2120.8790,2.0323,2.1596,0.0000,0.0001

2121.8780,2.0318,2.1391,0.0000,0.0001

2122.8780,2.0358,2.1596,0.0000,0.0001

2123.8780,2.0368,2.1648,0.0000,0.0001

2124.8780,2.0408,2.1854,0.0000,0.0001

2125.8790,2.0467,2.2059,0.0000,0.0001

2126.8780,2.0457,2.1493,0.0000,0.0001

2127.8780,2.0477,2.1288,0.0000,0.0001

2128.8780,2.0477,2.1442,0.0000,0.0001

2129.8790,2.0467,2.1442,0.0000,0.0001

2130.8780,2.0437,2.1288,0.0000,0.0001

2131.8790,2.0472,2.1751,0.0000,0.0001

2132.8790,2.0452,2.1391,0.0000,0.0001

2133.8780,2.0447,2.1596,0.0000,0.0001

2134.8790,2.0417,2.1545,0.0000,0.0001

2135.8780,2.0318,2.1030,0.0000,0.0001

2136.8780,2.0343,2.1751,0.0000,0.0001

2137.8780,2.0378,2.1648,0.0000,0.0001

2138.8780,2.0328,2.0927,0.0000,0.0001

2139.8790,2.0398,2.2162,0.0000,0.0001

2140.8780,2.0398,2.1288,0.0000,0.0001

2141.8790,2.0378,2.1545,0.0000,0.0001

2142.8780,2.0378,2.1391,0.0000,0.0001

2143.8780,2.0353,2.1339,0.0000,0.0001

2144.8780,2.0343,2.1442,0.0000,0.0001

2145.8780,2.0378,2.1391,0.0000,0.0001

2146.8790,2.0368,2.1648,0.0000,0.0001

2147.8780,2.0323,2.1185,0.0000,0.0001

2148.8780,2.0358,2.1288,0.0000,0.0001

2149.8790,2.0283,2.1391,0.0000,0.0001

2150.8790,2.0308,2.1545,0.0000,0.0001

2151.8780,2.0308,2.1545,0.0000,0.0001

2152.8780,2.0323,2.1545,0.0000,0.0001

2153.8780,2.0303,2.1133,0.0000,0.0001

2154.8780,2.0293,2.1339,0.0000,0.0001

2155.8780,2.0288,2.1339,0.0000,0.0001

2156.8780,2.0258,2.1339,0.0000,0.0000

2157.8780,2.0248,2.1082,0.0000,0.0001

2158.8780,2.0244,2.1236,0.0000,0.0001

2159.8780,2.0253,2.1493,0.0000,0.0001

2160.8780,2.0263,2.1648,0.0000,0.0001

2161.8780,2.0258,2.1493,0.0000,0.0001

2162.8780,2.0248,2.1442,0.0000,0.0001

2163.8790,2.0308,2.1751,0.0000,0.0001

2164.8790,2.0333,2.1596,0.0000,0.0001

2165.8780,2.0338,2.1391,0.0000,0.0001

2166.8790,2.0323,2.1185,0.0000,0.0001

2167.8780,2.0348,2.1339,0.0000,0.0001

2168.8780,2.0348,2.1236,0.0000,0.0001

2169.8780,2.0333,2.1339,0.0000,0.0001

2170.8780,2.0323,2.1545,0.0000,0.0001

2171.8780,2.0383,2.2111,0.0000,0.0001

2172.8780,2.0671,2.4426,0.0000,0.0001

2173.8780,2.0919,2.4323,0.0000,0.0001

2174.8790,2.1188,2.4375,0.0000,0.0001

2175.8790,2.1501,2.4632,0.0000,0.0001

2176.8780,2.1511,2.1288,0.0000,0.0001

2177.8780,2.1546,2.1699,0.0000,0.0001

2178.8780,2.1610,2.1905,0.0000,0.0001

2179.8780,2.1665,2.1905,0.0000,0.0001

2180.8780,2.1720,2.2111,0.0000,0.0001

2181.8780,2.1665,2.1545,0.0000,0.0001

2182.8780,2.1412,2.1802,0.0000,0.0001

2183.8780,2.1178,2.1905,0.0000,0.0001

2184.8790,2.0885,2.1339,0.0000,0.0001

2185.8780,2.0537,2.1030,0.0000,0.0001

2186.8790,2.0527,2.1185,0.0000,0.0001

2187.8780,2.0457,2.0979,0.0000,0.0001

2188.8780,2.0388,2.1185,0.0000,0.0001

2189.8780,2.0333,2.1339,0.0000,0.0001

2190.8780,2.0214,2.0876,0.0000,0.0001

2191.8780,2.0139,2.0773,0.0000,0.0001

2192.8780,2.0030,2.0670,0.0000,0.0001

2193.8780,1.9920,2.0773,0.0000,0.0001

2194.8780,1.9816,2.0259,0.0000,0.0001

2195.8780,1.9791,2.0773,0.0000,0.0001

2196.8790,1.9727,2.0516,0.0000,0.0001

2197.8780,1.9702,2.0722,0.0000,0.0001

2198.8780,1.9672,2.0876,0.0000,0.0001

2199.8790,1.9657,2.1185,0.0000,0.0001

2200.8780,1.9627,2.0567,0.0000,0.0001

2201.8780,1.9652,2.1030,0.0000,0.0001

2202.8780,1.9667,2.0825,0.0000,0.0001

2203.8780,1.9692,2.1030,0.0000,0.0001

2204.8780,1.9751,2.0876,0.0000,0.0001

2205.8780,1.9761,2.0876,0.0000,0.0001

2206.8780,1.9811,2.1030,0.0000,0.0001

2207.8780,1.9821,2.0825,0.0000,0.0001

2208.8790,1.9821,2.0876,0.0000,0.0001

2209.8790,1.9771,2.0670,0.0000,0.0001

2210.8780,1.9891,2.1802,0.0000,0.0001

2211.8780,1.9886,2.0979,0.0000,0.0001

2212.8780,1.9911,2.1082,0.0000,0.0001

2213.8780,1.9906,2.0979,0.0000,0.0001

2214.8780,1.9930,2.1133,0.0000,0.0001

2215.8780,1.9930,2.0876,0.0000,0.0001

2216.8790,1.9930,2.1030,0.0000,0.0001

2217.8790,1.9945,2.0979,0.0000,0.0001

2218.8780,1.9930,2.0722,0.0000,0.0001

2219.8780,1.9975,2.1133,0.0000,0.0001

2220.8780,1.9896,2.0979,0.0000,0.0001

2221.8790,1.9891,2.0927,0.0000,0.0001

2222.8790,1.9901,2.1185,0.0000,0.0001

2223.8780,1.9886,2.0825,0.0000,0.0001

2224.8780,1.9881,2.1082,0.0000,0.0001

2225.8780,1.9876,2.0825,0.0000,0.0001

2226.8780,1.9856,2.0825,0.0000,0.0001

2227.8780,1.9856,2.0979,0.0000,0.0001

2228.8790,1.9896,2.1133,0.0000,0.0001

2229.8780,1.9856,2.0722,0.0000,0.0001

2230.8780,1.9841,2.0825,0.0000,0.0001

2231.8780,1.9841,2.0927,0.0000,0.0001

2232.8780,1.9826,2.1030,0.0000,0.0001

2233.8780,1.9881,2.1391,0.0000,0.0001

2234.8780,1.9871,2.0979,0.0000,0.0001

2235.8790,1.9856,2.0670,0.0000,0.0001

2236.8790,1.9841,2.0670,0.0000,0.0001

2237.8780,1.9821,2.0773,0.0000,0.0001

2238.8780,1.9826,2.1185,0.0000,0.0001

2239.8780,1.9821,2.0670,0.0000,0.0001

2240.8780,1.9826,2.0876,0.0000,0.0001

2241.8780,1.9806,2.0722,0.0000,0.0001

2242.8780,1.9776,2.0722,0.0000,0.0001

2243.8780,1.9722,2.0825,0.0000,0.0001

2244.8780,1.9771,2.1493,0.0000,0.0001

2245.8780,1.9801,2.0979,0.0000,0.0001

2246.8780,1.9866,2.1339,0.0000,0.0001

2247.8780,1.9886,2.0979,0.0000,0.0001

2248.8780,1.9851,2.0825,0.0000,0.0001

2249.8780,1.9866,2.0825,0.0000,0.0001

2250.8780,1.9811,2.0310,0.0000,0.0001

2251.8780,1.9791,2.0516,0.0000,0.0001

2252.8780,1.9786,2.0670,0.0000,0.0001

2253.8780,1.9791,2.0876,0.0000,0.0001

2254.8780,1.9737,2.0927,0.0000,0.0001

2255.8790,1.9707,2.0670,0.0000,0.0001

2256.8780,1.9637,2.0619,0.0000,0.0001

2257.8780,1.9647,2.1082,0.0000,0.0001

2258.8790,1.9657,2.0927,0.0000,0.0001

2259.8790,1.9652,2.0773,0.0000,0.0001

2260.8780,1.9662,2.0413,0.0000,0.0001

2261.8780,1.9702,2.0927,0.0000,0.0001

2262.8780,1.9692,2.0567,0.0000,0.0001

2263.8780,1.9707,2.1030,0.0000,0.0001

2264.8780,1.9662,2.0464,0.0000,0.0001

2265.8780,1.9697,2.1030,0.0000,0.0001

2266.8780,1.9732,2.0979,0.0000,0.0001

2267.8780,1.9677,2.0516,0.0000,0.0001

2268.8780,1.9672,2.0876,0.0000,0.0001

2269.8780,1.9677,2.0825,0.0000,0.0001

2270.8780,1.9756,2.1236,0.0000,0.0001

2271.8790,1.9766,2.1030,0.0000,0.0001

2272.8780,1.9791,2.0825,0.0000,0.0001

2273.8780,1.9801,2.1133,0.0000,0.0001

2274.8790,1.9846,2.0927,0.0000,0.0001

2275.8780,1.9831,2.0876,0.0000,0.0001

2276.8790,1.9831,2.0979,0.0000,0.0001

2277.8780,1.9876,2.0979,0.0000,0.0001

2278.8780,1.9876,2.0876,0.0000,0.0001

2279.8780,1.9881,2.0876,0.0000,0.0001

2280.8780,1.9836,2.0773,0.0000,0.0001

2281.8780,1.9811,2.0773,0.0000,0.0001

2282.8780,1.9821,2.0927,0.0000,0.0001

2283.8780,1.9826,2.1185,0.0000,0.0001

2284.8780,1.9831,2.0979,0.0000,0.0001

2285.8780,1.9846,2.1030,0.0000,0.0001

2286.8780,1.9836,2.0876,0.0000,0.0001

2287.8780,1.9836,2.0979,0.0000,0.0001

2288.8780,1.9811,2.0619,0.0000,0.0001

2289.8790,1.9806,2.0825,0.0000,0.0001

2290.8790,1.9801,2.0722,0.0000,0.0001

2291.8780,1.9826,2.1030,0.0000,0.0001

2292.8780,1.9796,2.0619,0.0000,0.0001

2293.8780,1.9776,2.0979,0.0000,0.0001

2294.8780,1.9751,2.0722,0.0000,0.0001

2295.8790,1.9727,2.0773,0.0000,0.0001

2296.8790,1.9722,2.0825,0.0000,0.0001

2297.8780,1.9712,2.0876,0.0000,0.0001

2298.8780,1.9737,2.0876,0.0000,0.0001

2299.8780,1.9692,2.0362,0.0000,0.0001

2300.8780,1.9712,2.0927,0.0000,0.0001

2301.8780,1.9682,2.0722,0.0000,0.0001

2302.8790,1.9697,2.0773,0.0000,0.0001

2303.8790,1.9687,2.0876,0.0000,0.0001

2304.8780,1.9707,2.0927,0.0000,0.0001

2305.8780,1.9667,2.0362,0.0000,0.0001

2306.8780,1.9647,2.0619,0.0000,0.0001

2307.8790,1.9662,2.1030,0.0000,0.0001

2308.8780,1.9687,2.1133,0.0000,0.0001

2309.8780,1.9761,2.1133,0.0000,0.0001

2310.8780,1.9732,2.0619,0.0000,0.0001

2311.8780,1.9732,2.0722,0.0000,0.0001

2312.8780,1.9746,2.0927,0.0000,0.0001

2313.8780,1.9742,2.0825,0.0000,0.0001

2314.8780,1.9732,2.0825,0.0000,0.0001

2315.8780,1.9791,2.0979,0.0000,0.0001

2316.8790,1.9821,2.0927,0.0000,0.0001

2317.8780,1.9771,2.0516,0.0000,0.0001

2318.8780,1.9722,2.0619,0.0000,0.0001

2319.8780,1.9732,2.1236,0.0000,0.0001

2320.8780,1.9756,2.0876,0.0000,0.0001

2321.8790,1.9732,2.0464,0.0000,0.0001

2322.8780,1.9742,2.1030,0.0000,0.0001

2323.8790,1.9761,2.1030,0.0000,0.0001

2324.8790,1.9776,2.0979,0.0000,0.0001

2325.8780,1.9756,2.0773,0.0000,0.0001

2326.8780,1.9766,2.1030,0.0000,0.0001

2327.8780,1.9811,2.0979,0.0000,0.0001

2328.8790,1.9841,2.0927,0.0000,0.0001

2329.8780,1.9811,2.0927,0.0000,0.0001

2330.8780,1.9796,2.0722,0.0000,0.0001

2331.8790,1.9856,2.1082,0.0000,0.0001

2332.8780,1.9821,2.0670,0.0000,0.0001

2333.8780,1.9836,2.1185,0.0000,0.0001

2334.8780,1.9806,2.0670,0.0000,0.0001

2335.8780,1.9806,2.0773,0.0000,0.0001

2336.8780,1.9791,2.0876,0.0000,0.0001

2337.8780,1.9811,2.1185,0.0000,0.0001

2338.8780,1.9791,2.0722,0.0000,0.0001

2339.8780,1.9806,2.1082,0.0000,0.0001

2340.8780,1.9861,2.1288,0.0000,0.0001

2341.8780,1.9831,2.0773,0.0000,0.0001

2342.8780,1.9851,2.0876,0.0000,0.0001

2343.8780,1.9826,2.0927,0.0000,0.0001

2344.8780,1.9826,2.0670,0.0000,0.0001

2345.8780,1.9856,2.1082,0.0000,0.0001

2346.8780,1.9876,2.1082,0.0000,0.0001

2347.8780,1.9851,2.0927,0.0000,0.0001

2348.8780,1.9816,2.0362,0.0000,0.0001

2349.8790,1.9806,2.0979,0.0000,0.0001

2350.8780,1.9766,2.0876,0.0000,0.0001

2351.8790,1.9786,2.0979,0.0000,0.0001

2352.8780,1.9791,2.0927,0.0000,0.0001

2353.8780,1.9796,2.0979,0.0000,0.0001

2354.8780,1.9806,2.0773,0.0000,0.0001

2355.8780,1.9751,2.0516,0.0000,0.0001

2356.8780,1.9717,2.0722,0.0000,0.0001

2357.8780,1.9702,2.0773,0.0000,0.0001

2358.8790,1.9761,2.0979,0.0000,0.0001

2359.8790,1.9776,2.1133,0.0000,0.0001

2360.8780,1.9776,2.0876,0.0000,0.0001

2361.8780,1.9806,2.1288,0.0000,0.0001

2362.8780,1.9796,2.0825,0.0000,0.0001

2363.8780,1.9811,2.1133,0.0000,0.0001

2364.8780,1.9816,2.0825,0.0000,0.0001

2365.8780,1.9846,2.0825,0.0000,0.0001

2366.8790,1.9866,2.0927,0.0000,0.0001

2367.8780,1.9886,2.0979,0.0000,0.0001

2368.8780,1.9876,2.0876,0.0000,0.0001

2369.8780,1.9811,2.0464,0.0000,0.0001

2370.8780,1.9801,2.0773,0.0000,0.0001

2371.8780,1.9756,2.0825,0.0000,0.0001

2372.8780,1.9806,2.1339,0.0000,0.0001

2373.8780,1.9796,2.1030,0.0000,0.0001

2374.8790,1.9816,2.1030,0.0000,0.0001

2375.8780,1.9871,2.1391,0.0000,0.0001

2376.8780,1.9886,2.1082,0.0000,0.0001

2377.8790,1.9876,2.0876,0.0000,0.0001

2378.8780,1.9871,2.0825,0.0000,0.0001

2379.8780,1.9896,2.0722,0.0000,0.0001

2380.8790,1.9886,2.0670,0.0000,0.0001

2381.8780,1.9920,2.1185,0.0000,0.0001

2382.8780,1.9856,2.0670,0.0000,0.0001

2383.8780,1.9826,2.0722,0.0000,0.0001

2384.8780,1.9791,2.0670,0.0000,0.0001

2385.8780,1.9781,2.1288,0.0000,0.0001

2386.8780,1.9766,2.0927,0.0000,0.0001

2387.8780,1.9771,2.0927,0.0000,0.0001

2388.8780,1.9786,2.0979,0.0000,0.0001

2389.8780,1.9796,2.0825,0.0000,0.0001

2390.8780,1.9841,2.1133,0.0000,0.0001

2391.8780,1.9831,2.1082,0.0000,0.0001

2392.8780,1.9856,2.0927,0.0000,0.0001

2393.8780,1.9871,2.0876,0.0000,0.0001

2394.8780,1.9906,2.1030,0.0000,0.0000

2395.8780,1.9896,2.1185,0.0000,0.0001

2396.8780,1.9891,2.0876,0.0000,0.0001

2397.8780,1.9906,2.1082,0.0000,0.0001

2398.8780,1.9901,2.0927,0.0000,0.0001

2399.8780,1.9975,2.1596,0.0000,0.0001

2400.8790,2.0234,2.3809,0.0000,0.0001

2401.8780,2.0527,2.4117,0.0000,0.0001

2402.8780,2.0860,2.4375,0.0000,0.0001

2403.8780,2.1178,2.4169,0.0000,0.0001

2404.8780,2.1501,2.4375,0.0000,0.0001

2405.8780,2.1809,2.4375,0.0000,0.0001

2406.8780,2.2152,2.4426,0.0000,0.0001

2407.8780,2.2485,2.4529,0.0000,0.0001

2408.8790,2.2818,2.4375,0.0000,0.0001

2409.8780,2.3086,2.4375,0.0000,0.0001

2410.8780,2.3156,2.4529,0.0000,0.0001

2411.8790,2.3196,2.4529,0.0000,0.0001

2412.8780,2.3176,2.4169,0.0000,0.0001

2413.8780,2.3191,2.4323,0.0000,0.0001

2414.8780,2.3156,2.4015,0.0000,0.0001

2415.8780,2.3101,2.3809,0.0000,0.0001

2416.8790,2.2868,2.2008,0.0000,0.0001

2417.8780,2.2644,2.2214,0.0000,0.0001

2418.8780,2.2480,2.2677,0.0000,0.0001

2419.8780,2.2301,2.2522,0.0000,0.0001

2420.8780,2.2097,2.2420,0.0000,0.0001

2421.8780,2.1909,2.2574,0.0000,0.0001

2422.8790,2.1710,2.2111,0.0000,0.0001

2423.8780,2.1521,2.2368,0.0000,0.0001

2424.8780,2.1362,2.2368,0.0000,0.0001

2425.8780,2.1213,2.2265,0.0000,0.0001

2426.8790,2.1347,2.3397,0.0000,0.0001

2427.8780,2.1372,2.2471,0.0000,0.0001

2428.8780,2.1377,2.2728,0.0000,0.0001

2429.8780,2.1387,2.2625,0.0000,0.0001

2430.8780,2.1382,2.2368,0.0000,0.0001

2431.8780,2.1337,2.2111,0.0000,0.0001

2432.8780,2.1347,2.2214,0.0000,0.0001

2433.8780,2.1357,2.2471,0.0000,0.0001

2434.8780,2.1342,2.2214,0.0000,0.0001

2435.8790,2.1352,2.2368,0.0000,0.0001

2436.8780,2.1252,2.2368,0.0000,0.0001

2437.8780,2.1223,2.2162,0.0000,0.0001

2438.8780,2.1163,2.2111,0.0000,0.0001

2439.8780,2.1138,2.2368,0.0000,0.0001

2440.8780,2.1123,2.2214,0.0000,0.0001

2441.8780,2.1138,2.2265,0.0000,0.0001

2442.8780,2.1148,2.2317,0.0000,0.0001

2443.8780,2.1143,2.2420,0.0000,0.0001

2444.8780,2.1158,2.2368,0.0000,0.0001

2445.8780,2.1143,2.2214,0.0000,0.0001

2446.8780,2.1183,2.2780,0.0000,0.0001

2447.8780,2.1203,2.2368,0.0000,0.0001

2448.8780,2.1252,2.2625,0.0000,0.0001

2449.8800,2.1238,2.2214,0.0000,0.0001

2450.8780,2.1267,2.2522,0.0000,0.0001

2451.8780,2.1267,2.2265,0.0000,0.0001

2452.8790,2.1247,2.2111,0.0000,0.0001

2453.8780,2.1208,2.2008,0.0000,0.0001

2454.8780,2.1213,2.2420,0.0000,0.0001

2455.8780,2.1168,2.1751,0.0000,0.0001

2456.8780,2.1103,2.2111,0.0000,0.0001

2457.8780,2.1148,2.2831,0.0000,0.0001

2458.8780,2.1108,2.2214,0.0000,0.0001

2459.8780,2.1064,2.1751,0.0000,0.0001

2460.8780,2.1054,2.2420,0.0000,0.0001

2461.8780,2.1059,2.2317,0.0000,0.0001

2462.8780,2.1074,2.2265,0.0000,0.0001

2463.8780,2.1083,2.2111,0.0000,0.0001

2464.8780,2.1059,2.2162,0.0000,0.0001

2465.8780,2.1138,2.2574,0.0000,0.0001

2466.8790,2.1203,2.2780,0.0000,0.0001

2467.8780,2.1123,2.2008,0.0000,0.0001

2468.8780,2.1133,2.2317,0.0000,0.0001

2469.8780,2.1198,2.2420,0.0000,0.0001

2470.8790,2.1228,2.2728,0.0000,0.0001

2471.8780,2.1223,2.2265,0.0000,0.0001

2472.8780,2.1188,2.1905,0.0000,0.0001

2473.8780,2.1213,2.2368,0.0000,0.0001

2474.8780,2.1218,2.2214,0.0000,0.0001

2475.8790,2.1203,2.2420,0.0000,0.0001

2476.8780,2.1158,2.2317,0.0000,0.0001

2477.8780,2.1188,2.2317,0.0000,0.0001

2478.8780,2.1213,2.2574,0.0000,0.0001

2479.8780,2.1188,2.2162,0.0000,0.0001

2480.8780,2.1158,2.2420,0.0000,0.0001

2481.8780,2.1168,2.2368,0.0000,0.0001

2482.8780,2.1203,2.2265,0.0000,0.0001

2483.8790,2.1203,2.2368,0.0000,0.0001

2484.8790,2.1213,2.2317,0.0000,0.0001

2485.8790,2.1228,2.2574,0.0000,0.0001

2486.8780,2.1262,2.2677,0.0000,0.0001

2487.8790,2.1297,2.2677,0.0000,0.0001

2488.8780,2.1342,2.3037,0.0000,0.0001

2489.8780,2.1392,2.2677,0.0000,0.0001

2490.8780,2.1431,2.2831,0.0000,0.0001

2491.8780,2.1481,2.2883,0.0000,0.0001

2492.8780,2.1531,2.2780,0.0000,0.0001

2493.8780,2.1595,2.3037,0.0000,0.0001

2494.8780,2.1635,2.2728,0.0000,0.0001

2495.8780,2.1645,2.2677,0.0000,0.0001

2496.8780,2.1635,2.2574,0.0000,0.0001

2497.8780,2.1620,2.2522,0.0000,0.0001

2498.8790,2.1580,2.2625,0.0000,0.0001

2499.8780,2.1610,2.2986,0.0000,0.0001

2500.8780,2.1635,2.3088,0.0000,0.0001

2501.8780,2.1635,2.2883,0.0000,0.0001

2502.8780,2.1630,2.2728,0.0000,0.0001

2503.8790,2.1590,2.2625,0.0000,0.0001

2504.8780,2.1576,2.2574,0.0000,0.0001

2505.8780,2.1580,2.2728,0.0000,0.0001

2506.8780,2.1610,2.2883,0.0000,0.0001

2507.8780,2.1650,2.2934,0.0000,0.0001

2508.8780,2.1650,2.2625,0.0000,0.0001

2509.8790,2.1685,2.3346,0.0000,0.0001

2510.8780,2.1630,2.2522,0.0000,0.0001

2511.8780,2.1571,2.2265,0.0000,0.0001

2512.8780,2.1556,2.2574,0.0000,0.0001

2513.8780,2.1590,2.2986,0.0000,0.0001

2514.8780,2.1556,2.2214,0.0000,0.0001

2515.8780,2.1501,2.2162,0.0000,0.0001

2516.8790,2.1471,2.2574,0.0000,0.0001

2517.8780,2.1431,2.2522,0.0000,0.0001

2518.8780,2.1332,2.1596,0.0000,0.0001

2519.8790,2.1183,2.1802,0.0000,0.0001

2520.8780,2.1108,2.1751,0.0000,0.0001

2521.8780,2.1054,2.1699,0.0000,0.0001

2522.8780,2.0969,2.1699,0.0000,0.0001

2523.8780,2.0820,2.1442,0.0000,0.0001

2524.8780,2.0760,2.1596,0.0000,0.0001

2525.8780,2.0691,2.1442,0.0000,0.0001

2526.8790,2.0567,2.1288,0.0000,0.0001

2527.8780,2.0487,2.1699,0.0000,0.0001

2528.8780,2.0472,2.1442,0.0000,0.0001

2529.8780,2.0447,2.1545,0.0000,0.0001

2530.8780,2.0437,2.1648,0.0000,0.0001

2531.8780,2.0408,2.1391,0.0000,0.0001

2532.8780,2.0432,2.1957,0.0000,0.0001

2533.8790,2.0437,2.1493,0.0000,0.0001

2534.8780,2.0422,2.1442,0.0000,0.0001

2535.8780,2.0427,2.1493,0.0000,0.0001

2536.8790,2.0467,2.1699,0.0000,0.0001

2537.8780,2.0457,2.1596,0.0000,0.0001

2538.8780,2.0477,2.1648,0.0000,0.0001

2539.8780,2.0452,2.1288,0.0000,0.0001

2540.8780,2.0422,2.1339,0.0000,0.0001

2541.8790,2.0457,2.1751,0.0000,0.0001

2542.8780,2.0452,2.1905,0.0000,0.0001

2543.8780,2.0447,2.1442,0.0000,0.0001

2544.8780,2.0467,2.1648,0.0000,0.0001

2545.8780,2.0477,2.1596,0.0000,0.0001

2546.8780,2.0472,2.1648,0.0000,0.0001

2547.8780,2.0462,2.1493,0.0000,0.0001

2548.8780,2.0413,2.1133,0.0000,0.0001

2549.8780,2.0383,2.0979,0.0000,0.0001

2550.8780,2.0398,2.1493,0.0000,0.0001

2551.8780,2.0403,2.1802,0.0000,0.0001

2552.8780,2.0403,2.1905,0.0000,0.0001

2553.8790,2.0641,2.3912,0.0000,0.0001

2554.8780,2.0830,2.3603,0.0000,0.0001

2555.8780,2.0924,2.2574,0.0000,0.0001

2556.8780,2.1064,2.3088,0.0000,0.0001

2557.8780,2.1168,2.2574,0.0000,0.0001

2558.8780,2.1307,2.2574,0.0000,0.0001

2559.8790,2.1426,2.2214,0.0000,0.0001

2560.8780,2.1491,2.2162,0.0000,0.0001

2561.8780,2.1526,2.2162,0.0000,0.0001

2562.8790,2.1551,2.2162,0.0000,0.0001

2563.8780,2.1387,2.2214,0.0000,0.0001

2564.8790,2.1238,2.2059,0.0000,0.0001

2565.8780,2.1183,2.2008,0.0000,0.0001

2566.8780,2.1088,2.2111,0.0000,0.0001

2567.8780,2.1039,2.2059,0.0000,0.0001

2568.8780,2.0979,2.1957,0.0000,0.0001

2569.8780,2.0949,2.1905,0.0000,0.0001

2570.8780,2.0939,2.2059,0.0000,0.0001

2571.8780,2.0905,2.1802,0.0000,0.0001

2572.8790,2.0880,2.1905,0.0000,0.0001

2573.8780,2.0880,2.2214,0.0000,0.0001

2574.8780,2.0860,2.1854,0.0000,0.0001

2575.8780,2.0825,2.1648,0.0000,0.0001

2576.8780,2.0800,2.1854,0.0000,0.0001

2577.8780,2.0765,2.1699,0.0000,0.0001

2578.8780,2.0755,2.1854,0.0000,0.0001

2579.8780,2.0726,2.1596,0.0000,0.0001

2580.8780,2.0954,2.4426,0.0000,0.0001

2581.8780,2.1218,2.4529,0.0000,0.0001

2582.8780,2.1466,2.4478,0.0000,0.0001

2583.8780,2.1705,2.4683,0.0000,0.0001

2584.8780,2.1998,2.4889,0.0000,0.0001

2585.8780,2.2271,2.4478,0.0000,0.0001

2586.8780,2.2535,2.4581,0.0000,0.0001

2587.8780,2.2768,2.4117,0.0000,0.0001

2588.8790,2.2992,2.4169,0.0000,0.0001

2589.8780,2.3275,2.4529,0.0000,0.0001

2590.8780,2.3047,2.2059,0.0000,0.0001

2591.8780,2.2833,2.2317,0.0000,0.0001

2592.8780,2.2639,2.2471,0.0000,0.0001

2593.8780,2.2401,2.2214,0.0000,0.0001

2594.8780,2.2217,2.2986,0.0000,0.0001

2595.8780,2.2018,2.2420,0.0000,0.0001

2596.8780,2.1809,2.2420,0.0000,0.0001

2597.8780,2.1660,2.2574,0.0000,0.0001

2598.8780,2.1491,2.2420,0.0000,0.0001

2599.8780,2.1233,2.1854,0.0000,0.0001

2600.8780,2.1213,2.1854,0.0000,0.0001

2601.8780,2.1188,2.2059,0.0000,0.0001

2602.8780,2.1138,2.1957,0.0000,0.0001

2603.8780,2.1138,2.2214,0.0000,0.0001

2604.8790,2.1054,2.2111,0.0000,0.0001

2605.8780,2.1039,2.2265,0.0000,0.0001

2606.8780,2.0994,2.1957,0.0000,0.0001

2607.8790,2.0959,2.2214,0.0000,0.0001

2608.8780,2.0914,2.1957,0.0000,0.0001

2609.8780,2.0910,2.1802,0.0000,0.0001

2610.8780,2.0954,2.2317,0.0000,0.0001

2611.8780,2.0934,2.1854,0.0000,0.0001

2612.8780,2.0919,2.1802,0.0000,0.0001

2613.8780,2.1118,2.4272,0.0000,0.0001

2614.8780,2.1352,2.4529,0.0000,0.0001

2615.8780,2.1590,2.4735,0.0000,0.0001

2616.8780,2.1844,2.4581,0.0000,0.0001

2617.8780,2.2082,2.4683,0.0000,0.0001

2618.8780,2.2326,2.4478,0.0000,0.0001

2619.8790,2.2604,2.4683,0.0000,0.0001

2620.8780,2.2848,2.4838,0.0000,0.0001

2621.8780,2.3146,2.4941,0.0000,0.0001

2622.8780,2.3265,2.3037,0.0000,0.0001

2623.8780,2.3245,2.4066,0.0000,0.0001

2624.8780,2.3216,2.4220,0.0000,0.0001

2625.8780,2.3057,2.3088,0.0000,0.0001

2626.8780,2.2878,2.2728,0.0000,0.0001

2627.8780,2.2724,2.3088,0.0000,0.0001

2628.8780,2.2570,2.2883,0.0000,0.0001

2629.8780,2.2341,2.2317,0.0000,0.0001

2630.8780,2.2152,2.2883,0.0000,0.0001

2631.8780,2.1968,2.3037,0.0000,0.0001

2632.8780,2.1938,2.2728,0.0000,0.0001

2633.8790,2.1794,2.2574,0.0000,0.0001

2634.8780,2.1650,2.2728,0.0000,0.0001

2635.8780,2.1640,2.2986,0.0000,0.0001

2636.8780,2.1670,2.3037,0.0000,0.0001

2637.8780,2.1615,2.2522,0.0000,0.0001

2638.8790,2.1655,2.3294,0.0000,0.0001

2639.8790,2.1889,2.4735,0.0000,0.0001

2640.8790,2.2018,2.4220,0.0000,0.0001

2641.8780,2.2107,2.3963,0.0000,0.0001

2642.8780,2.2227,2.3963,0.0000,0.0001

2643.8780,2.2351,2.3860,0.0000,0.0001

2644.8780,2.2331,2.2522,0.0000,0.0001

2645.8790,2.2271,2.2368,0.0000,0.0001

2646.8790,2.2197,2.2265,0.0000,0.0001

2647.8780,2.2162,2.2162,0.0000,0.0001

2648.8780,2.2132,2.2986,0.0000,0.0001

2649.8780,2.1909,2.2420,0.0000,0.0001

2650.8780,2.1700,2.2059,0.0000,0.0001

2651.8780,2.1541,2.2317,0.0000,0.0001

2652.8790,2.1521,2.3757,0.0000,0.0001

2653.8790,2.1595,2.4632,0.0000,0.0001

2654.8780,2.1784,2.4478,0.0000,0.0001

2655.8780,2.1983,2.4426,0.0000,0.0001

2656.8780,2.2212,2.4632,0.0000,0.0001

2657.8790,2.2465,2.4786,0.0000,0.0001

2658.8780,2.2584,2.4220,0.0000,0.0001

2659.8780,2.2748,2.4117,0.0000,0.0001

2660.8780,2.2952,2.4169,0.0000,0.0001

2661.8780,2.3086,2.3706,0.0000,0.0001

2662.8790,2.3027,2.3140,0.0000,0.0001

2663.8780,2.2883,2.3140,0.0000,0.0001

2664.8780,2.2734,2.2934,0.0000,0.0001

2665.8780,2.2609,2.3140,0.0000,0.0001

2666.8780,2.2445,2.2934,0.0000,0.0001

2667.8780,2.2261,2.2883,0.0000,0.0001

2668.8780,2.2152,2.3088,0.0000,0.0001

2669.8780,2.2038,2.2934,0.0000,0.0001

2670.8780,2.1894,2.2677,0.0000,0.0001

2671.8790,2.1824,2.2986,0.0000,0.0001

2672.8780,2.1784,2.2728,0.0000,0.0001

2673.8780,2.1749,2.2780,0.0000,0.0001

2674.8780,2.1745,2.2883,0.0000,0.0001

2675.8780,2.1730,2.2986,0.0000,0.0001

2676.8780,2.1695,2.2574,0.0000,0.0001

2677.8780,2.1665,2.2574,0.0000,0.0001

2678.8790,2.1655,2.2986,0.0000,0.0001

2679.8780,2.1660,2.2986,0.0000,0.0001

2680.8780,2.1730,2.3397,0.0000,0.0001

2681.8780,2.1745,2.3140,0.0000,0.0001

2682.8780,2.1774,2.3037,0.0000,0.0001

2683.8790,2.1844,2.3500,0.0000,0.0001

2684.8780,2.1874,2.3191,0.0000,0.0001

2685.8780,2.1938,2.3654,0.0000,0.0001

2686.8780,2.1993,2.3140,0.0000,0.0001

2687.8780,2.2073,2.3397,0.0000,0.0001

2688.8780,2.2073,2.2986,0.0000,0.0001

2689.8780,2.2053,2.2780,0.0000,0.0001

2690.8780,2.1983,2.2677,0.0000,0.0001

2691.8790,2.1978,2.3088,0.0000,0.0001

2692.8780,2.1968,2.2934,0.0000,0.0001

2693.8780,2.1913,2.2934,0.0000,0.0001

2694.8790,2.1884,2.2883,0.0000,0.0001

2695.8780,2.1839,2.3191,0.0000,0.0001

2696.8780,2.1844,2.3191,0.0000,0.0001

2697.8780,2.1804,2.2986,0.0000,0.0001

2698.8780,2.1804,2.2986,0.0000,0.0001

2699.8780,2.1834,2.3088,0.0000,0.0001

2700.8780,2.1854,2.2883,0.0000,0.0001

2701.8780,2.1814,2.2677,0.0000,0.0001

2702.8780,2.1789,2.2677,0.0000,0.0001

2703.8780,2.1735,2.2368,0.0000,0.0001

2704.8780,2.1680,2.2317,0.0000,0.0001

2705.8780,2.1556,2.1905,0.0000,0.0001

2706.8780,2.1456,2.2162,0.0000,0.0001

2707.8780,2.1426,2.2677,0.0000,0.0001

2708.8780,2.1342,2.2111,0.0000,0.0001

2709.8780,2.1277,2.2420,0.0000,0.0001

2710.8780,2.1228,2.2368,0.0000,0.0001

2711.8780,2.1193,2.2317,0.0000,0.0001

2712.8780,2.1128,2.2008,0.0000,0.0001

2713.8790,2.1098,2.2059,0.0000,0.0001

2714.8780,2.1113,2.2471,0.0000,0.0001

2715.8780,2.1123,2.2008,0.0000,0.0001

2716.8780,2.1118,2.2111,0.0000,0.0001

2717.8780,2.1213,2.3654,0.0000,0.0001

2718.8780,2.1461,2.4683,0.0000,0.0001

2719.8780,2.1620,2.4066,0.0000,0.0001

2720.8780,2.1745,2.3654,0.0000,0.0001

2721.8780,2.1864,2.3551,0.0000,0.0001

2722.8780,2.2058,2.4015,0.0000,0.0001

2723.8780,2.2207,2.3603,0.0000,0.0001

2724.8780,2.2331,2.3757,0.0000,0.0001

2725.8780,2.2505,2.3809,0.0000,0.0001

2726.8780,2.2659,2.3706,0.0000,0.0001

2727.8780,2.2669,2.3757,0.0000,0.0001

2728.8780,2.2555,2.3500,0.0000,0.0001

2729.8780,2.2510,2.3603,0.0000,0.0001

2730.8780,2.2500,2.3551,0.0000,0.0001

2731.8780,2.2505,2.3603,0.0000,0.0001

2732.8780,2.2425,2.3191,0.0000,0.0001

2733.8780,2.2435,2.3706,0.0000,0.0001

2734.8780,2.2401,2.3397,0.0000,0.0001

2735.8780,2.2351,2.3294,0.0000,0.0001

2736.8780,2.2306,2.3243,0.0000,0.0001

2737.8780,2.2261,2.3294,0.0000,0.0001

2738.8790,2.2256,2.3449,0.0000,0.0001

2739.8780,2.2232,2.3346,0.0000,0.0001

2740.8790,2.2202,2.3243,0.0000,0.0001

2741.8790,2.2192,2.3500,0.0000,0.0001

2742.8780,2.2197,2.3243,0.0000,0.0001

2743.8780,2.2172,2.3449,0.0000,0.0001

2744.8780,2.2152,2.3191,0.0000,0.0001

2745.8780,2.2162,2.3397,0.0000,0.0001

2746.8780,2.2112,2.2728,0.0000,0.0001

2747.8780,2.2117,2.3346,0.0000,0.0001

2748.8780,2.2117,2.3449,0.0000,0.0001

2749.8780,2.2082,2.2986,0.0000,0.0001

2750.8780,2.2112,2.3551,0.0000,0.0001

2751.8790,2.2092,2.3294,0.0000,0.0001

2752.8790,2.2082,2.3140,0.0000,0.0001

2753.8780,2.2048,2.3088,0.0000,0.0001

2754.8780,2.2048,2.3191,0.0000,0.0001

2755.8780,2.2003,2.2934,0.0000,0.0001

2756.8780,2.2043,2.3140,0.0000,0.0001

2757.8780,2.2033,2.3243,0.0000,0.0001

2758.8780,2.2003,2.3140,0.0000,0.0001

2759.8790,2.2097,2.3963,0.0000,0.0001

2760.8780,2.2217,2.4786,0.0000,0.0001

2761.8780,2.2341,2.4581,0.0000,0.0001

2762.8780,2.2490,2.4683,0.0000,0.0001

2763.8790,2.2644,2.4683,0.0000,0.0001

2764.8780,2.2778,2.4581,0.0000,0.0001

2765.8780,2.2788,2.3037,0.0000,0.0001

2766.8780,2.2734,2.2574,0.0000,0.0001

2767.8780,2.2644,2.2317,0.0000,0.0001

2768.8780,2.2575,2.2420,0.0000,0.0001

2769.8790,2.2411,2.2265,0.0000,0.0001

2770.8780,2.2177,2.2368,0.0000,0.0001

2771.8780,2.1953,2.2265,0.0000,0.0001

2772.8780,2.1725,2.2317,0.0000,0.0001

2773.8790,2.1536,2.2728,0.0000,0.0001

2774.8790,2.1327,2.2420,0.0000,0.0001

2775.8780,2.1491,2.4735,0.0000,0.0001

2776.8780,2.1769,2.5455,0.0000,0.0001

2777.8780,2.2078,2.5507,0.0000,0.0001

2778.8780,2.2386,2.5610,0.0000,0.0001

2779.8780,2.2520,2.3654,0.0000,0.0001

2780.8790,2.2515,2.2317,0.0000,0.0001

2781.8790,2.2480,2.1905,0.0000,0.0001

2782.8790,2.2465,2.2162,0.0000,0.0001

2783.8780,2.2445,2.2522,0.0000,0.0001

2784.8780,2.2425,2.2214,0.0000,0.0001

2785.8780,2.2182,2.2214,0.0000,0.0001

2786.8780,2.1889,2.2420,0.0000,0.0001

2787.8780,2.1551,2.2008,0.0000,0.0001

2788.8780,2.1233,2.2317,0.0000,0.0001

2789.8780,2.1108,2.2368,0.0000,0.0001

2790.8780,2.1093,2.2162,0.0000,0.0001

2791.8780,2.1113,2.2111,0.0000,0.0001

2792.8780,2.1093,2.1957,0.0000,0.0001

2793.8780,2.1064,2.2214,0.0000,0.0001

2794.8780,2.1034,2.1905,0.0000,0.0001

2795.8790,2.1138,2.3294,0.0000,0.0001

2796.8780,2.1312,2.4220,0.0000,0.0001

2797.8780,2.1590,2.4889,0.0000,0.0001

2798.8780,2.1839,2.4889,0.0000,0.0001

2799.8780,2.2068,2.4735,0.0000,0.0001

2800.8780,2.2296,2.4529,0.0000,0.0001

2801.8780,2.2510,2.4323,0.0000,0.0001

2802.8780,2.2679,2.3706,0.0000,0.0001

2803.8780,2.2773,2.3191,0.0000,0.0001

2804.8780,2.2858,2.2780,0.0000,0.0001

2805.8790,2.2778,2.2471,0.0000,0.0001

2806.8780,2.2604,2.2420,0.0000,0.0001

2807.8780,2.2351,2.2265,0.0000,0.0001

2808.8790,2.2092,2.2214,0.0000,0.0001

2809.8790,2.1834,2.2059,0.0000,0.0001

2810.8790,2.1635,2.2471,0.0000,0.0001

2811.8780,2.1451,2.2420,0.0000,0.0001

2812.8790,2.1307,2.2214,0.0000,0.0001

2813.8780,2.1252,2.2625,0.0000,0.0001

2814.8780,2.1243,2.2677,0.0000,0.0001

2815.8790,2.1233,2.2368,0.0000,0.0001

2816.8780,2.1233,2.2420,0.0000,0.0001

2817.8790,2.1213,2.2059,0.0000,0.0001

2818.8780,2.1193,2.2008,0.0000,0.0001

2819.8780,2.1183,2.1957,0.0000,0.0001

2820.8790,2.1183,2.2471,0.0000,0.0001

2821.8780,2.1193,2.2522,0.0000,0.0001

2822.8790,2.1188,2.2162,0.0000,0.0001

2823.8780,2.1133,2.2059,0.0000,0.0001

2824.8780,2.1093,2.2265,0.0000,0.0001

2825.8780,2.1069,2.2111,0.0000,0.0001

2826.8780,2.1044,2.2162,0.0000,0.0001

2827.8790,2.1093,2.2574,0.0000,0.0001

2828.8780,2.1163,2.2728,0.0000,0.0001

2829.8780,2.1441,2.4838,0.0000,0.0001

2830.8790,2.1735,2.5507,0.0000,0.0001

2831.8780,2.1973,2.4992,0.0000,0.0001

2832.8780,2.2246,2.4992,0.0000,0.0001

2833.8780,2.2510,2.4786,0.0000,0.0001

2834.8790,2.2744,2.4683,0.0000,0.0001

2835.8780,2.2997,2.4735,0.0000,0.0001

2836.8780,2.3231,2.4581,0.0000,0.0001

2837.8780,2.3380,2.4117,0.0000,0.0001

2838.8780,2.3524,2.4220,0.0000,0.0001

2839.8780,2.3469,2.4272,0.0000,0.0001

2840.8790,2.3325,2.4015,0.0000,0.0001

2841.8780,2.3236,2.4066,0.0000,0.0001

2842.8790,2.3156,2.4169,0.0000,0.0001

2843.8780,2.3072,2.3912,0.0000,0.0001

2844.8780,2.2972,2.3654,0.0000,0.0001

2845.8780,2.2883,2.3809,0.0000,0.0001

2846.8780,2.2788,2.3603,0.0000,0.0001

2847.8790,2.2739,2.3603,0.0000,0.0001

2848.8780,2.2699,2.3809,0.0000,0.0001

2849.8780,2.2684,2.4117,0.0000,0.0001

2850.8780,2.2624,2.3397,0.0000,0.0001

2851.8780,2.2584,2.3654,0.0000,0.0001

2852.8780,2.2535,2.3654,0.0000,0.0001

2853.8780,2.2490,2.3449,0.0000,0.0001

2854.8780,2.2490,2.3654,0.0000,0.0001

2855.8780,2.2445,2.3346,0.0000,0.0001

2856.8790,2.2425,2.3397,0.0000,0.0001

2857.8780,2.2415,2.3500,0.0000,0.0001

2858.8780,2.2371,2.3346,0.0000,0.0001

2859.8790,2.2321,2.3603,0.0000,0.0001

2860.8780,2.2376,2.3963,0.0000,0.0001

2861.8790,2.2326,2.3140,0.0000,0.0001

2862.8780,2.2326,2.3654,0.0000,0.0001

2863.8780,2.2306,2.3243,0.0000,0.0001

2864.8780,2.2306,2.3654,0.0000,0.0001

2865.8790,2.2306,2.3346,0.0000,0.0001

2866.8780,2.2301,2.3346,0.0000,0.0001

2867.8790,2.2296,2.3449,0.0000,0.0001

2868.8780,2.2351,2.3912,0.0000,0.0001

2869.8780,2.2351,2.3603,0.0000,0.0001

2870.8780,2.2321,2.3654,0.0000,0.0001

2871.8790,2.2356,2.3500,0.0000,0.0001

2872.8780,2.2306,2.3140,0.0000,0.0001

2873.8780,2.2286,2.3037,0.0000,0.0001

2874.8780,2.2232,2.3088,0.0000,0.0001

2875.8780,2.2192,2.2934,0.0000,0.0001

2876.8780,2.2147,2.2883,0.0000,0.0001

2877.8780,2.2028,2.2214,0.0000,0.0001

2878.8790,2.1859,2.2162,0.0000,0.0001

2879.8780,2.1710,2.2059,0.0000,0.0001

2880.8780,2.1580,2.2317,0.0000,0.0001

2881.8780,2.1436,2.2008,0.0000,0.0001

2882.8780,2.1352,2.2265,0.0000,0.0001

2883.8780,2.1282,2.2317,0.0000,0.0001

2884.8780,2.1178,2.2008,0.0000,0.0001

2885.8780,2.1098,2.2111,0.0000,0.0001

2886.8780,2.1069,2.2574,0.0000,0.0001

2887.8780,2.1093,2.2471,0.0000,0.0001

2888.8780,2.1103,2.2265,0.0000,0.0001

2889.8780,2.1148,2.2522,0.0000,0.0001

2890.8780,2.1113,2.1957,0.0000,0.0001

2891.8780,2.1093,2.1802,0.0000,0.0001

2892.8780,2.1098,2.2317,0.0000,0.0001

2893.8780,2.1083,2.2162,0.0000,0.0001

2894.8780,2.1113,2.2317,0.0000,0.0001

2895.8790,2.1133,2.2317,0.0000,0.0001

2896.8780,2.1069,2.1905,0.0000,0.0001

2897.8780,2.1039,2.2162,0.0000,0.0001

2898.8780,2.1039,2.2265,0.0000,0.0001

2899.8780,2.1004,2.2162,0.0000,0.0001

2900.8780,2.1049,2.2420,0.0000,0.0001

2901.8790,2.1069,2.2008,0.0000,0.0001

2902.8790,2.1064,2.2265,0.0000,0.0001

2903.8780,2.1059,2.2111,0.0000,0.0001

2904.8790,2.1029,2.2008,0.0000,0.0001

2905.8780,2.0979,2.1802,0.0000,0.0001

2906.8790,2.1004,2.2162,0.0000,0.0001

2907.8790,2.0984,2.1957,0.0000,0.0001

2908.8780,2.0964,2.2059,0.0000,0.0001

2909.8780,2.0954,2.2059,0.0000,0.0001

2910.8790,2.0905,2.1905,0.0000,0.0001

2911.8780,2.0890,2.1854,0.0000,0.0001

2912.8780,2.0880,2.2162,0.0000,0.0001

2913.8780,2.0855,2.1854,0.0000,0.0001

2914.8780,2.0835,2.1802,0.0000,0.0001

2915.8780,2.0855,2.2008,0.0000,0.0001

2916.8780,2.0840,2.2008,0.0000,0.0001

2917.8780,2.0860,2.2162,0.0000,0.0001

2918.8780,2.0900,2.2471,0.0000,0.0001

2919.8780,2.1059,2.3706,0.0000,0.0001

2920.8780,2.1228,2.3654,0.0000,0.0001

2921.8790,2.1407,2.3706,0.0000,0.0001

2922.8780,2.1521,2.3346,0.0000,0.0001

2923.8780,2.1680,2.3500,0.0000,0.0001

2924.8780,2.1869,2.3757,0.0000,0.0001

2925.8780,2.1884,2.2162,0.0000,0.0001

2926.8780,2.1899,2.2162,0.0000,0.0001

2927.8780,2.1909,2.2265,0.0000,0.0001

2928.8780,2.1874,2.2111,0.0000,0.0001

2929.8790,2.1764,2.2574,0.0000,0.0001

2930.8780,2.1600,2.1957,0.0000,0.0001

2931.8780,2.1491,2.2574,0.0000,0.0001

2932.8780,2.1347,2.1854,0.0000,0.0001

2933.8780,2.1163,2.1596,0.0000,0.0001

2934.8790,2.1024,2.2317,0.0000,0.0001

2935.8780,2.1034,2.2265,0.0000,0.0001

2936.8780,2.1029,2.2111,0.0000,0.0001

2937.8780,2.1004,2.2008,0.0000,0.0001

2938.8790,2.1039,2.2471,0.0000,0.0001

2939.8780,2.1034,2.2522,0.0000,0.0001

2940.8790,2.1044,2.2059,0.0000,0.0001

2941.8780,2.1009,2.2214,0.0000,0.0001

2942.8790,2.1039,2.2162,0.0000,0.0001

2943.8780,2.1098,2.2214,0.0000,0.0001

2944.8790,2.1118,2.2522,0.0000,0.0001

2945.8780,2.1074,2.1802,0.0000,0.0001

2946.8780,2.1064,2.2008,0.0000,0.0001

2947.8790,2.1074,2.2111,0.0000,0.0001

2948.8780,2.1049,2.2214,0.0000,0.0001

2949.8790,2.1004,2.2059,0.0000,0.0001

2950.8790,2.1019,2.2214,0.0000,0.0001

2951.8780,2.1004,2.2059,0.0000,0.0001

2952.8780,2.1029,2.2420,0.0000,0.0001

2953.8790,2.1014,2.2059,0.0000,0.0001

2954.8780,2.0900,2.1339,0.0000,0.0001

2955.8780,2.0999,2.2831,0.0000,0.0001

2956.8780,2.1024,2.2265,0.0000,0.0000

2957.8780,2.1014,2.2008,0.0000,0.0001

2958.8780,2.1034,2.2420,0.0000,0.0001

2959.8780,2.1059,2.2317,0.0000,0.0000

2960.8790,2.1059,2.2214,0.0000,0.0001

2961.8780,2.1079,2.2265,0.0000,0.0001

2962.8780,2.1039,2.2008,0.0000,0.0001

2963.8790,2.1079,2.2471,0.0000,0.0001

2964.8780,2.1148,2.2059,0.0000,0.0001

2965.8780,2.1093,2.2265,0.0000,0.0001

2966.8790,2.1113,2.2471,0.0000,0.0001

2967.8780,2.1113,2.2008,0.0000,0.0001

2968.8780,2.1079,2.2059,0.0000,0.0001

2969.8780,2.1029,2.1802,0.0000,0.0001

2970.8780,2.1024,2.2162,0.0000,0.0001

2971.8790,2.1054,2.2574,0.0000,0.0001

2972.8780,2.1069,2.2162,0.0000,0.0001

2973.8790,2.0999,2.1751,0.0000,0.0001

2974.8780,2.1029,2.2368,0.0000,0.0001

2975.8780,2.1039,2.2368,0.0000,0.0001

2976.8790,2.1024,2.2317,0.0000,0.0001

2977.8790,2.1044,2.2214,0.0000,0.0001

2978.8790,2.1088,2.2522,0.0000,0.0001

2979.8780,2.1103,2.1957,0.0000,0.0001

2980.8780,2.1088,2.2008,0.0000,0.0001

2981.8780,2.1069,2.2368,0.0000,0.0001

2982.8780,2.1054,2.2008,0.0000,0.0001

2983.8780,2.1069,2.1905,0.0000,0.0001

2984.8780,2.1049,2.2162,0.0000,0.0001

2985.8780,2.1014,2.2008,0.0000,0.0001

2986.8780,2.0984,2.2008,0.0000,0.0001

2987.8780,2.0969,2.2059,0.0000,0.0001

2988.8790,2.0944,2.2265,0.0000,0.0001

2989.8780,2.0944,2.1957,0.0000,0.0001

2990.8780,2.0949,2.2059,0.0000,0.0001

2991.8780,2.0929,2.2162,0.0000,0.0001

2992.8780,2.0924,2.1957,0.0000,0.0001

2993.8780,2.0949,2.2162,0.0000,0.0001

2994.8780,2.0964,2.2317,0.0000,0.0001

2995.8780,2.0989,2.2265,0.0000,0.0001

2996.8780,2.1034,2.2471,0.0000,0.0001

2997.8780,2.1093,2.2677,0.0000,0.0001

2998.8790,2.1143,2.2780,0.0000,0.0001

2999.8780,2.1277,2.3346,0.0000,0.0001

3000.8790,2.1402,2.3346,0.0000,0.0001

3001.8790,2.1526,2.3449,0.0000,0.0001

3002.8780,2.1675,2.3500,0.0000,0.0001

3003.8790,2.1799,2.3449,0.0000,0.0001

3004.8790,2.1918,2.3551,0.0000,0.0001

3005.8780,2.2033,2.3449,0.0000,0.0001

3006.8790,2.2157,2.3757,0.0000,0.0001

3007.8780,2.2212,2.3243,0.0000,0.0001

3008.8790,2.2266,2.3346,0.0000,0.0001

3009.8780,2.2316,2.3860,0.0000,0.0001

3010.8780,2.2316,2.3346,0.0000,0.0001

3011.8790,2.2371,2.4015,0.0000,0.0001

3012.8780,2.2455,2.4375,0.0000,0.0001

3013.8790,2.2470,2.3603,0.0000,0.0001

3014.8780,2.2445,2.3294,0.0000,0.0001

3015.8780,2.2475,2.3757,0.0000,0.0001

3016.8780,2.2455,2.3551,0.0000,0.0001

3017.8780,2.2490,2.3603,0.0000,0.0001

3018.8780,2.2540,2.3860,0.0000,0.0001

3019.8790,2.2500,2.3449,0.0000,0.0001

3020.8780,2.2490,2.3243,0.0000,0.0001

3021.8780,2.2445,2.3551,0.0000,0.0001

3022.8780,2.2331,2.3191,0.0000,0.0001

3023.8780,2.2356,2.3860,0.0000,0.0001

3024.8790,2.2361,2.3346,0.0000,0.0001

3025.8780,2.2341,2.3551,0.0000,0.0001

3026.8780,2.2356,2.3706,0.0000,0.0001

3027.8790,2.2351,2.3551,0.0000,0.0001

3028.8780,2.2306,2.3397,0.0000,0.0001

3029.8790,2.2311,2.3500,0.0000,0.0001

3030.8780,2.2366,2.3809,0.0000,0.0001

3031.8780,2.2356,2.3449,0.0000,0.0001

3032.8780,2.2386,2.3500,0.0000,0.0001

3033.8790,2.2366,2.3654,0.0000,0.0001

3034.8780,2.2386,2.3551,0.0000,0.0001

3035.8780,2.2420,2.3912,0.0000,0.0001

3036.8790,2.2411,2.3603,0.0000,0.0001

3037.8780,2.2455,2.4015,0.0000,0.0001

3038.8790,2.2470,2.3551,0.0000,0.0001

3039.8790,2.2455,2.3346,0.0000,0.0001

3040.8780,2.2440,2.3654,0.0000,0.0001

3041.8780,2.2455,2.3603,0.0000,0.0001

3042.8790,2.2490,2.3860,0.0000,0.0001

3043.8780,2.2500,2.3757,0.0000,0.0001

3044.8780,2.2510,2.3654,0.0000,0.0001

3045.8790,2.2495,2.3757,0.0000,0.0001

3046.8780,2.2525,2.3912,0.0000,0.0001

3047.8780,2.2490,2.3654,0.0000,0.0001

3048.8780,2.2565,2.4323,0.0000,0.0001

3049.8780,2.2584,2.3551,0.0000,0.0001

3050.8780,2.2570,2.3500,0.0000,0.0001

3051.8780,2.2535,2.3243,0.0000,0.0001

3052.8790,2.2386,2.2317,0.0000,0.0001

3053.8780,2.2232,2.2162,0.0000,0.0001

3054.8790,2.2087,2.2162,0.0000,0.0001

3055.8790,2.1933,2.2162,0.0000,0.0001

3056.8780,2.1774,2.2265,0.0000,0.0001

3057.8780,2.1595,2.1802,0.0000,0.0001

3058.8780,2.1372,2.2008,0.0000,0.0001

3059.8780,2.1223,2.2008,0.0000,0.0001

3060.8780,2.1113,2.2368,0.0000,0.0001

3061.8790,2.1004,2.2111,0.0000,0.0001

3062.8780,2.1029,2.2574,0.0000,0.0001

3063.8790,2.1024,2.2111,0.0000,0.0001

3064.8790,2.1034,2.2265,0.0000,0.0001

3065.8790,2.1054,2.2368,0.0000,0.0001

3066.8780,2.1034,2.2059,0.0000,0.0001

3067.8780,2.1088,2.2368,0.0000,0.0001

3068.8780,2.1088,2.2008,0.0000,0.0001

3069.8780,2.1083,2.1957,0.0000,0.0001

3070.8780,2.1069,2.2214,0.0000,0.0001

3071.8780,2.1233,2.3809,0.0000,0.0001

3072.8790,2.1357,2.3860,0.0000,0.0001

3073.8780,2.1506,2.3654,0.0000,0.0001

3074.8790,2.1635,2.3603,0.0000,0.0000

3075.8780,2.1749,2.3551,0.0000,0.0001

3076.8780,2.1864,2.3243,0.0000,0.0001

3077.8780,2.1839,2.2111,0.0000,0.0001

3078.8780,2.1854,2.2162,0.0000,0.0001

3079.8780,2.1869,2.2111,0.0000,0.0001

3080.8780,2.1854,2.2059,0.0000,0.0001

3081.8790,2.1715,2.2368,0.0000,0.0001

3082.8780,2.1556,2.2214,0.0000,0.0001

3083.8780,2.1421,2.2265,0.0000,0.0001

3084.8780,2.1267,2.2008,0.0000,0.0001

3085.8780,2.1118,2.2008,0.0000,0.0001

3086.8780,2.1019,2.2214,0.0000,0.0001

3087.8790,2.1019,2.2111,0.0000,0.0001

3088.8780,2.0989,2.1854,0.0000,0.0001

3089.8780,2.0984,2.2059,0.0000,0.0001

3090.8790,2.0999,2.2214,0.0000,0.0001

3091.8780,2.0974,2.2111,0.0000,0.0001

3092.8780,2.1004,2.2522,0.0000,0.0001

3093.8780,2.0989,2.2111,0.0000,0.0001

3094.8780,2.0999,2.2111,0.0000,0.0001

3095.8780,2.1014,2.2162,0.0000,0.0001

3096.8780,2.1009,2.2162,0.0000,0.0001

3097.8790,2.1014,2.2162,0.0000,0.0001

3098.8780,2.1034,2.2059,0.0000,0.0001

3099.8780,2.1044,2.2162,0.0000,0.0001

3100.8790,2.1039,2.2162,0.0000,0.0001

3101.8780,2.1034,2.2059,0.0000,0.0001

3102.8780,2.1009,2.2265,0.0000,0.0001

3103.8780,2.1034,2.2368,0.0000,0.0001

3104.8780,2.1039,2.2162,0.0000,0.0001

3105.8780,2.1014,2.1905,0.0000,0.0001

3106.8780,2.1034,2.2368,0.0000,0.0001

3107.8780,2.1059,2.2420,0.0000,0.0001

3108.8790,2.1069,2.2162,0.0000,0.0001

3109.8790,2.1103,2.2522,0.0000,0.0001

3110.8780,2.1108,2.2214,0.0000,0.0001

3111.8790,2.1113,2.2111,0.0000,0.0001

3112.8780,2.1113,2.2265,0.0000,0.0001

3113.8780,2.1093,2.2162,0.0000,0.0001

3114.8780,2.1098,2.2214,0.0000,0.0001

3115.8790,2.1143,2.2368,0.0000,0.0001

3116.8780,2.1118,2.2111,0.0000,0.0001

3117.8790,2.1123,2.2471,0.0000,0.0001

3118.8780,2.1103,2.1957,0.0000,0.0001

3119.8780,2.1074,2.2214,0.0000,0.0001

3120.8780,2.1059,2.2059,0.0000,0.0001

3121.8780,2.1064,2.2162,0.0000,0.0001

3122.8790,2.1069,2.2317,0.0000,0.0001

3123.8780,2.1069,2.2162,0.0000,0.0001

3124.8780,2.1074,2.2265,0.0000,0.0001

3125.8780,2.0944,2.1030,0.0000,0.0001

3126.8780,2.0746,2.0053,0.0000,0.0001

3127.8780,2.0522,2.0156,0.0000,0.0001

3128.8780,2.0333,2.0001,0.0000,0.0001

3129.8790,2.0149,2.0310,0.0000,0.0001

3130.8780,1.9935,1.9847,0.0000,0.0001

3131.8780,1.9737,2.0104,0.0000,0.0001

3132.8780,1.9498,1.9847,0.0000,0.0001

3133.8780,1.9264,1.9744,0.0000,0.0001

3134.8780,1.9001,1.9538,0.0000,0.0001

3135.8780,1.8832,1.9281,0.0000,0.0001

3136.8780,1.8757,1.9281,0.0000,0.0001

3137.8790,1.8678,1.9333,0.0000,0.0001

3138.8790,1.8569,1.8869,0.0000,0.0001

3139.8780,1.8310,1.7635,0.0000,0.0001

3140.8780,1.7913,1.5731,0.0000,0.0001

3141.8790,1.7490,1.5731,0.0000,0.0001

3142.8780,1.7058,1.5371,0.0000,0.0001

3143.8780,1.6526,1.4239,0.0000,0.0001

3144.8790,1.5994,1.4033,0.0000,0.0001

3145.8780,1.5497,1.4136,0.0000,0.0001

3146.8780,1.4990,1.4033,0.0000,0.0001

3147.8790,1.4498,1.4239,0.0000,0.0001

3148.8780,1.4056,1.4290,0.0000,0.0001

3149.8780,1.3688,1.3827,0.0000,0.0001

3150.8780,1.3539,1.4187,0.0000,0.0001

3151.8790,1.3390,1.4187,0.0000,0.0001

3152.8790,1.3305,1.4496,0.0000,0.0001

3153.8780,1.3300,1.4187,0.0000,0.0001

3154.8780,1.3305,1.4085,0.0000,0.0001

3155.8780,1.3305,1.4136,0.0000,0.0001

3156.8790,1.3330,1.4290,0.0000,0.0001

3157.8780,1.3320,1.4136,0.0000,0.0001

3158.8780,1.3275,1.3827,0.0000,0.0001

3159.8780,1.3300,1.4085,0.0000,0.0001

3160.8790,1.3290,1.4085,0.0000,0.0001

3161.8780,1.3270,1.3982,0.0000,0.0001

3162.8780,1.3181,1.3570,0.0000,0.0001

3163.8780,1.3062,1.2953,0.0000,0.0001

3164.8780,1.3002,1.3467,0.0000,0.0001

3165.8780,1.2903,1.3107,0.0000,0.0001

3166.8780,1.2788,1.3107,0.0000,0.0001

3167.8780,1.2649,1.2695,0.0000,0.0001

3168.8780,1.2575,1.3055,0.0000,0.0001

3169.8780,1.2470,1.3004,0.0000,0.0001

3170.8780,1.2391,1.3261,0.0000,0.0001

3171.8780,1.2296,1.3004,0.0000,0.0001

3172.8790,1.2212,1.2695,0.0000,0.0001

3173.8780,1.2182,1.2644,0.0000,0.0001

3174.8780,1.2152,1.3158,0.0000,0.0001

3175.8780,1.2197,1.3570,0.0000,0.0001

3176.8780,1.2187,1.3004,0.0000,0.0001

3177.8780,1.2232,1.3158,0.0000,0.0001

3178.8780,1.2227,1.3004,0.0000,0.0001

3179.8780,1.2237,1.3107,0.0000,0.0001

3180.8790,1.2217,1.3055,0.0000,0.0001

3181.8790,1.2227,1.3107,0.0000,0.0001

3182.8780,1.2202,1.2438,0.0000,0.0001

3183.8780,1.2232,1.2953,0.0000,0.0001

3184.8780,1.2222,1.3055,0.0000,0.0001

3185.8780,1.2182,1.3158,0.0000,0.0001

3186.8790,1.2172,1.2901,0.0000,0.0001

3187.8780,1.2137,1.2798,0.0000,0.0001

3188.8780,1.2102,1.2644,0.0000,0.0001

3189.8780,1.2092,1.3004,0.0000,0.0001

3190.8780,1.2073,1.2850,0.0000,0.0001

3191.8780,1.2053,1.2901,0.0000,0.0001

3192.8780,1.2102,1.2953,0.0000,0.0001

3193.8780,1.2092,1.2850,0.0000,0.0001

3194.8780,1.2073,1.2850,0.0000,0.0001

3195.8780,1.2003,1.2438,0.0000,0.0001

3196.8790,1.1829,1.1100,0.0000,0.0001

3197.8780,1.1650,1.0946,0.0000,0.0001

3198.8790,1.1491,1.0997,0.0000,0.0001

3199.8790,1.1267,1.0689,0.0000,0.0001

3200.8780,1.1083,1.0946,0.0000,0.0001

3201.8780,1.0885,1.0843,0.0000,0.0001

3202.8790,1.0641,1.0431,0.0000,0.0001

3203.8780,1.0383,1.0174,0.0000,0.0001

3204.8780,1.0134,1.0277,0.0000,0.0001

3205.8790,0.9891,0.9917,0.0000,0.0001

3206.8790,0.9881,1.0997,0.0000,0.0001

3207.8780,0.9766,0.9763,0.0000,0.0001

3208.8780,0.9642,0.9711,0.0000,0.0001

3209.8790,0.9568,0.9917,0.0000,0.0001

3210.8790,0.9110,0.6213,0.0000,0.0001

3211.8780,0.8400,0.3486,0.0000,0.0001

3212.8790,0.7634,0.2508,0.0000,0.0001

3213.8780,0.6879,0.2354,0.0000,0.0001

3214.8790,0.6103,0.2251,0.0000,0.0001

3215.8780,0.5482,0.3486,0.0000,0.0001

3216.8790,0.4657,0.2457,0.0000,0.0001

3217.8780,0.3946,0.2405,0.0000,0.0001

3218.8780,0.3231,0.2302,0.0000,0.0001

3219.8780,0.2490,0.2251,0.0000,0.0001

3220.8780,0.2127,0.2457,0.0000,0.0001

3221.8780,0.2033,0.2508,0.0000,0.0001

3222.8780,0.1968,0.1839,0.0000,0.0001

3223.8780,0.1973,0.2405,0.0000,0.0001

3224.8780,0.2092,0.3486,0.0000,0.0001

3225.8780,0.2087,0.3434,0.0000,0.0001

3226.8780,0.2058,0.2148,0.0000,0.0001

3227.8780,0.2043,0.2251,0.0000,0.0001

3228.8780,0.2033,0.2199,0.0000,0.0001

3229.8780,0.2038,0.2302,0.0000,0.0000

3230.8780,0.2023,0.2302,0.0000,0.0001

3231.8780,0.1998,0.2251,0.0000,0.0001

3232.8780,0.2112,0.3023,0.0000,0.0001

3233.8790,0.2087,0.2148,0.0000,0.0001

3234.8780,0.1909,0.1633,0.0000,0.0001

3235.8780,0.1680,0.1067,0.0000,0.0001

3236.8780,0.1536,0.0656,0.0000,0.0000

3237.8780,0.1387,0.0707,0.0000,0.0001

3238.8780,0.1267,0.0965,0.0000,0.0001

3239.8780,0.1123,0.0810,0.0000,0.0001

3240.8780,0.0984,0.0862,0.0000,0.0001

3241.8790,0.0855,0.0913,0.0000,0.0001

3242.8790,0.0646,0.0862,0.0000,0.0001

3243.8780,0.0532,0.0965,0.0000,0.0001

3244.8780,0.0457,0.0862,0.0000,0.0001

3245.8780,0.0452,0.1016,0.0000,0.0001

3246.8780,0.0477,0.0913,0.0000,0.0001

3247.8780,0.0522,0.1170,0.0000,0.0001

3248.8780,0.0527,0.1016,0.0000,0.0001

3249.8780,0.0492,0.0450,0.0000,0.0001

3250.8780,0.0557,0.1530,0.0000,0.0001

3251.8780,0.0547,0.0810,0.0000,0.0001

3252.8780,0.0542,0.0810,0.0000,0.0001

3253.8780,0.0522,0.0759,0.0000,0.0001

3254.8780,0.0562,0.1273,0.0000,0.0001

3255.8780,0.0557,0.0965,0.0000,0.0001

3256.8790,0.0557,0.0913,0.0000,0.0001

3257.8780,0.0527,0.0862,0.0000,0.0001

3258.8790,0.0522,0.0965,0.0000,0.0001

3259.8790,0.0572,0.0965,0.0000,0.0001

3260.8780,0.0542,0.1222,0.0000,0.0001

3261.8780,0.0562,0.1016,0.0000,0.0001

3262.8780,0.0572,0.0913,0.0000,0.0000

3263.8780,0.0552,0.0553,0.0000,0.0001

3264.8780,0.0527,0.1016,0.0000,0.0001

3265.8780,0.0527,0.0965,0.0000,0.0001

3266.8790,0.0522,0.0862,0.0000,0.0001

3267.8780,0.0557,0.1222,0.0000,0.0001

3268.8780,0.0572,0.1119,0.0000,0.0001

3269.8780,0.0582,0.1067,0.0000,0.0001

3270.8780,0.0577,0.1170,0.0000,0.0001

3271.8790,0.0557,0.0810,0.0000,0.0001

3272.8780,0.0552,0.0862,0.0000,0.0001

3273.8780,0.0512,0.0141,0.0000,0.0001

3274.8780,0.0517,0.1067,0.0000,0.0001

3275.8790,0.0517,0.0965,0.0000,0.0001

3276.8780,0.0517,0.0862,0.0000,0.0001

3277.8780,0.0467,0.0707,0.0000,0.0001

3278.8790,0.0492,0.1376,0.0000,0.0001

3279.8780,0.0497,0.1119,0.0000,0.0001

3280.8780,0.0497,0.1170,0.0000,0.0001

3281.8780,0.0517,0.1016,0.0000,0.0001

3282.8790,0.0522,0.0913,0.0000,0.0001

3283.8790,0.0596,0.0913,0.0000,0.0001

3284.8780,0.0567,0.0759,0.0000,0.0001

3285.8780,0.0591,0.1222,0.0000,0.0001

3286.8790,0.0596,0.0913,0.0000,0.0001

3287.8780,0.0626,0.1016,0.0000,0.0001

3288.8790,0.0572,0.0810,0.0000,0.0001

3289.8780,0.0572,0.1119,0.0000,0.0001

3290.8780,0.0591,0.1376,0.0000,0.0001

3291.8780,0.0582,0.0913,0.0000,0.0001

3292.8780,0.0587,0.0965,0.0000,0.0001

3293.8780,0.0621,0.1273,0.0000,0.0001

3294.8780,0.0621,0.0759,0.0000,0.0001

3295.8780,0.0552,0.0501,0.0000,0.0001

3296.8780,0.0562,0.1016,0.0000,0.0001

3297.8780,0.0552,0.0913,0.0000,0.0001

3298.8790,0.0572,0.1016,0.0000,0.0001

3299.8780,0.0547,0.0862,0.0000,0.0001

3300.8790,0.0507,0.0965,0.0000,0.0001

3301.8780,0.0517,0.1016,0.0000,0.0001

3302.8790,0.0527,0.1067,0.0000,0.0001

3303.8780,0.0512,0.1119,0.0000,0.0001

3304.8780,0.0532,0.0965,0.0000,0.0001

3305.8780,0.0567,0.0862,0.0000,0.0001

3306.8780,0.0582,0.1170,0.0000,0.0001

3307.8780,0.0587,0.0965,0.0000,0.0001

3308.8790,0.0587,0.1016,0.0000,0.0000

3309.8780,0.0591,0.0913,0.0000,0.0001

3310.8790,0.0606,0.1119,0.0000,0.0001

3311.8780,0.0547,0.0399,0.0000,0.0001

3312.8780,0.0472,0.0296,0.0000,0.0001

3313.8780,0.0432,0.0707,0.0000,0.0001

3314.8780,0.0432,0.0965,0.0000,0.0001

3315.8780,0.0467,0.1222,0.0000,0.0001

3316.8780,0.0452,0.1016,0.0000,0.0001

3317.8790,0.0447,0.0913,0.0000,0.0001

3318.8790,0.0398,0.0501,0.0000,0.0000

3319.8780,0.1491,1.2232,0.0000,0.0001

3320.8780,0.3181,1.8612,0.0000,0.0001

3321.8780,0.5139,2.0670,0.0000,0.0001

3322.8780,0.7242,2.2059,0.0000,0.0001

3323.8790,0.9294,2.1957,0.0000,0.0001

3324.8790,1.1302,2.1751,0.0000,0.0001

3325.8780,1.3330,2.2214,0.0000,0.0001

3326.8780,1.5358,2.2008,0.0000,0.0001

3327.8780,1.7366,2.1699,0.0000,0.0001

3328.8790,1.9448,2.2059,0.0000,0.0001

3329.8790,2.0368,2.1751,0.0000,0.0001

3330.8780,2.0676,2.1802,0.0000,0.0001

3331.8780,2.0825,2.2214,0.0000,0.0001

3332.8780,2.0800,2.1802,0.0000,0.0001

3333.8780,2.0810,2.2059,0.0000,0.0001

3334.8780,2.0825,2.1905,0.0000,0.0000

3335.8790,2.0785,2.1802,0.0000,0.0001

3336.8790,2.0810,2.2265,0.0000,0.0001

3337.8780,2.0895,2.2574,0.0000,0.0001

3338.8790,2.0875,2.1854,0.0000,0.0001

3339.8780,2.0900,2.2008,0.0000,0.0001

3340.8790,2.0890,2.1699,0.0000,0.0001

3341.8780,2.0880,2.2111,0.0000,0.0001

3342.8780,2.0895,2.1957,0.0000,0.0001

3343.8780,2.0900,2.2111,0.0000,0.0001

3344.8780,2.0870,2.1596,0.0000,0.0001

3345.8780,2.0860,2.1699,0.0000,0.0001

3346.8790,2.0850,2.2162,0.0000,0.0001

3347.8780,2.0736,2.1391,0.0000,0.0001

3348.8780,2.0706,2.1545,0.0000,0.0001

3349.8780,2.0716,2.2111,0.0000,0.0001

3350.8780,2.0746,2.2008,0.0000,0.0001

3351.8780,2.0750,2.2162,0.0000,0.0001

3352.8780,2.0760,2.2059,0.0000,0.0001

3353.8790,2.0721,2.1699,0.0000,0.0001

3354.8780,2.0731,2.1699,0.0000,0.0001

3355.8780,2.0741,2.1802,0.0000,0.0001

3356.8780,2.0726,2.2008,0.0000,0.0001

3357.8780,2.0790,2.2059,0.0000,0.0001

3358.8790,2.0830,2.1957,0.0000,0.0001

3359.8780,2.0810,2.1905,0.0000,0.0001

3360.8790,2.0795,2.1854,0.0000,0.0001

3361.8790,2.0790,2.2111,0.0000,0.0001

3362.8790,2.0820,2.2368,0.0000,0.0001

3363.8790,2.0845,2.1957,0.0000,0.0001

3364.8780,2.0875,2.2008,0.0000,0.0001

3365.8790,2.0890,2.1957,0.0000,0.0001

3366.8790,2.0910,2.2214,0.0000,0.0001

3367.8790,2.0929,2.2265,0.0000,0.0001

3368.8780,2.0939,2.2059,0.0000,0.0001

3369.8790,2.0954,2.2059,0.0000,0.0001

3370.8790,2.0974,2.2059,0.0000,0.0001

3371.8780,2.0994,2.2317,0.0000,0.0001

3372.8780,2.0964,2.2059,0.0000,0.0001

3373.8780,2.0969,2.2008,0.0000,0.0001

3374.8780,2.0964,2.1957,0.0000,0.0001

3375.8780,2.0964,2.1957,0.0000,0.0001

3376.8790,2.0929,2.1854,0.0000,0.0001

3377.8780,2.0900,2.1957,0.0000,0.0001

3378.8780,2.0910,2.2162,0.0000,0.0001

3379.8790,2.0880,2.1751,0.0000,0.0001

3380.8780,2.0820,2.1442,0.0000,0.0001

3381.8780,2.0746,2.1545,0.0000,0.0001

3382.8780,2.0775,2.2368,0.0000,0.0001

3383.8780,2.0800,2.2265,0.0000,0.0001

3384.8780,2.0825,2.2214,0.0000,0.0001

3385.8780,2.0830,2.2008,0.0000,0.0001

3386.8780,2.0845,2.2008,0.0000,0.0001

3387.8790,2.0820,2.1699,0.0000,0.0001

3388.8780,2.0815,2.2111,0.0000,0.0001

3389.8780,2.0830,2.1905,0.0000,0.0001

3390.8780,2.0865,2.1802,0.0000,0.0001

3391.8780,2.0914,2.2059,0.0000,0.0001

3392.8780,2.0914,2.2368,0.0000,0.0001

3393.8780,2.0880,2.1905,0.0000,0.0001

3394.8780,2.0900,2.2420,0.0000,0.0001

3395.8780,2.0914,2.2162,0.0000,0.0001

3396.8780,2.0939,2.2265,0.0000,0.0001

3397.8780,2.1059,2.2934,0.0000,0.0001

3398.8780,2.1243,2.4015,0.0000,0.0001

3399.8780,2.1421,2.3757,0.0000,0.0001

3400.8790,2.1640,2.4066,0.0000,0.0001

3401.8780,2.1809,2.3809,0.0000,0.0001

3402.8780,2.1928,2.3603,0.0000,0.0001

3403.8780,2.2127,2.3963,0.0000,0.0001

3404.8780,2.2242,2.3603,0.0000,0.0001

3405.8780,2.2391,2.3706,0.0000,0.0001

3406.8790,2.2470,2.3088,0.0000,0.0001

3407.8780,2.2525,2.3500,0.0000,0.0001

3408.8780,2.2500,2.3757,0.0000,0.0001

3409.8780,2.2455,2.3294,0.0000,0.0001

3410.8790,2.2381,2.3294,0.0000,0.0001

3411.8780,2.2331,2.3294,0.0000,0.0001

3412.8780,2.2271,2.2986,0.0000,0.0001

3413.8790,2.2112,2.2317,0.0000,0.0001

3414.8780,2.2028,2.2728,0.0000,0.0001

3415.8780,2.1879,2.2162,0.0000,0.0001

3416.8780,2.1824,2.2522,0.0000,0.0001

3417.8790,2.1754,2.2780,0.0000,0.0001

3418.8790,2.1640,2.2574,0.0000,0.0001

3419.8790,2.1546,2.2317,0.0000,0.0001

3420.8780,2.1466,2.2471,0.0000,0.0001

3421.8780,2.1362,2.2214,0.0000,0.0001

3422.8780,2.1347,2.2831,0.0000,0.0001

3423.8780,2.1337,2.2214,0.0000,0.0001

3424.8790,2.1238,2.1699,0.0000,0.0001

3425.8780,2.1267,2.2471,0.0000,0.0001

3426.8780,2.1247,2.2317,0.0000,0.0001

3427.8780,2.1228,2.2574,0.0000,0.0001

3428.8790,2.1168,2.1957,0.0000,0.0001

3429.8780,2.1188,2.2522,0.0000,0.0001

3430.8790,2.1173,2.2317,0.0000,0.0001

3431.8780,2.1153,2.2008,0.0000,0.0001

3432.8790,2.1103,2.2317,0.0000,0.0001

3433.8780,2.1074,2.1905,0.0000,0.0001

3434.8780,2.1183,2.2831,0.0000,0.0001

3435.8780,2.1158,2.2214,0.0000,0.0001

3436.8780,2.1153,2.2265,0.0000,0.0001

3437.8780,2.1108,2.2111,0.0000,0.0001

3438.8780,2.1178,2.2677,0.0000,0.0001

3439.8780,2.1163,2.2368,0.0000,0.0001

3440.8790,2.1123,2.1905,0.0000,0.0001

3441.8780,2.1183,2.2625,0.0000,0.0001

3442.8780,2.1163,2.2111,0.0000,0.0001

3443.8780,2.1193,2.2214,0.0000,0.0001

3444.8780,2.1118,2.2059,0.0000,0.0001

3445.8780,2.1098,2.2008,0.0000,0.0001

3446.8780,2.1123,2.2522,0.0000,0.0000

3447.8780,2.1218,2.3088,0.0000,0.0001

3448.8780,2.1148,2.1957,0.0000,0.0001

3449.8790,2.1118,2.2059,0.0000,0.0001

3450.8790,2.1158,2.2317,0.0000,0.0001

3451.8780,2.1108,2.2111,0.0000,0.0001

3452.8780,2.1113,2.2162,0.0000,0.0001

3453.8780,2.1103,2.2111,0.0000,0.0001

3454.8780,2.1113,2.2162,0.0000,0.0001

3455.8780,2.1133,2.2214,0.0000,0.0001

3456.8790,2.1103,2.2214,0.0000,0.0001

3457.8780,2.1019,2.2214,0.0000,0.0001

3458.8780,2.1054,2.2317,0.0000,0.0001

3459.8790,2.1098,2.2522,0.0000,0.0001

3460.8790,2.1098,2.2317,0.0000,0.0001

3461.8780,2.1113,2.2265,0.0000,0.0001

3462.8790,2.1123,2.2265,0.0000,0.0001

3463.8790,2.1158,2.2471,0.0000,0.0001

3464.8780,2.1163,2.2214,0.0000,0.0001

3465.8780,2.1163,2.2214,0.0000,0.0001

3466.8790,2.1168,2.2265,0.0000,0.0001

3467.8780,2.1158,2.2111,0.0000,0.0001

3468.8790,2.1138,2.2111,0.0000,0.0001

3469.8780,2.1108,2.2214,0.0000,0.0001

3470.8780,2.1108,2.2317,0.0000,0.0001

3471.8780,2.1113,2.2317,0.0000,0.0001

3472.8780,2.1133,2.2471,0.0000,0.0001

3473.8790,2.1103,2.2162,0.0000,0.0001

3474.8780,2.1108,2.2265,0.0000,0.0001

3475.8780,2.1098,2.2111,0.0000,0.0001

3476.8780,2.1098,2.2265,0.0000,0.0001

3477.8780,2.1098,2.2111,0.0000,0.0001

3478.8780,2.1108,2.2214,0.0000,0.0001

3479.8780,2.1103,2.2162,0.0000,0.0001

3480.8780,2.1108,2.2368,0.0000,0.0001

3481.8790,2.1093,2.2162,0.0000,0.0001

3482.8780,2.1079,2.2317,0.0000,0.0001

3483.8780,2.1103,2.2420,0.0000,0.0001

3484.8780,2.1088,2.2111,0.0000,0.0001

3485.8780,2.1103,2.2265,0.0000,0.0001

3486.8780,2.1118,2.2420,0.0000,0.0001

3487.8780,2.1138,2.2317,0.0000,0.0001

3488.8780,2.1098,2.1802,0.0000,0.0001

3489.8780,2.1133,2.2522,0.0000,0.0001

3490.8780,2.1103,2.2059,0.0000,0.0001

3491.8780,2.1143,2.2574,0.0000,0.0001

3492.8780,2.1128,2.2162,0.0000,0.0001

3493.8780,2.1108,2.2214,0.0000,0.0001

3494.8780,2.1108,2.2111,0.0000,0.0001

3495.8780,2.1243,2.3654,0.0000,0.0001

3496.8790,2.1347,2.3500,0.0000,0.0001

3497.8780,2.1436,2.3243,0.0000,0.0001

3498.8780,2.1576,2.3243,0.0000,0.0001

3499.8780,2.1665,2.3449,0.0000,0.0001

3500.8780,2.1690,2.2317,0.0000,0.0001

3501.8780,2.1640,2.2059,0.0000,0.0001

3502.8780,2.1595,2.1699,0.0000,0.0001

3503.8790,2.1580,2.2059,0.0000,0.0000

3504.8780,2.1561,2.1905,0.0000,0.0001

3505.8780,2.1387,2.1854,0.0000,0.0001

3506.8790,2.1213,2.1699,0.0000,0.0001

3507.8780,2.1088,2.1957,0.0000,0.0001

3508.8780,2.0964,2.1957,0.0000,0.0001

3509.8780,2.0805,2.1802,0.0000,0.0001

3510.8780,2.0721,2.1442,0.0000,0.0001

3511.8780,2.0676,2.1596,0.0000,0.0000

3512.8780,2.0631,2.1236,0.0000,0.0001

3513.8790,2.0626,2.2008,0.0000,0.0001

3514.8780,2.0636,2.2008,0.0000,0.0001

3515.8780,2.0626,2.1751,0.0000,0.0001

3516.8790,2.0626,2.1699,0.0000,0.0001

3517.8780,2.0656,2.2265,0.0000,0.0001

3518.8780,2.0621,2.1596,0.0000,0.0001

3519.8780,2.0581,2.1391,0.0000,0.0001

3520.8780,2.0631,2.1957,0.0000,0.0001

3521.8780,2.0591,2.1185,0.0000,0.0001

3522.8780,2.0656,2.1905,0.0000,0.0001

3523.8780,2.0696,2.2420,0.0000,0.0001

3524.8780,2.0686,2.1905,0.0000,0.0001

3525.8790,2.0701,2.1905,0.0000,0.0001

3526.8780,2.0736,2.2059,0.0000,0.0001

3527.8780,2.0716,2.2059,0.0000,0.0001

3528.8780,2.0691,2.1339,0.0000,0.0001

3529.8780,2.0731,2.1802,0.0000,0.0001

3530.8780,2.0721,2.1854,0.0000,0.0001

3531.8780,2.0815,2.2162,0.0000,0.0001

3532.8790,2.0825,2.2008,0.0000,0.0001

3533.8780,2.0780,2.1957,0.0000,0.0001

3534.8780,2.0815,2.2265,0.0000,0.0001

3535.8790,2.0825,2.2008,0.0000,0.0001

3536.8780,2.0835,2.2162,0.0000,0.0001

3537.8790,2.0835,2.2059,0.0000,0.0001

3538.8780,2.0914,2.2162,0.0000,0.0001

3539.8780,2.0954,2.2214,0.0000,0.0001

3540.8780,2.0934,2.1648,0.0000,0.0001

3541.8780,2.0954,2.2368,0.0000,0.0001

3542.8780,2.0964,2.2111,0.0000,0.0001

3543.8780,2.1019,2.2522,0.0000,0.0001

3544.8780,2.0999,2.2059,0.0000,0.0001

3545.8780,2.1029,2.2317,0.0000,0.0001

3546.8780,2.1049,2.2368,0.0000,0.0001

3547.8780,2.1079,2.2368,0.0000,0.0001

3548.8780,2.1069,2.2059,0.0000,0.0001

3549.8780,2.1044,2.1957,0.0000,0.0001

3550.8780,2.1083,2.2059,0.0000,0.0001

3551.8780,2.1069,2.2214,0.0000,0.0001

3552.8790,2.1108,2.2522,0.0000,0.0001

3553.8780,2.1079,2.2214,0.0000,0.0001

3554.8780,2.1083,2.2111,0.0000,0.0001

3555.8780,2.1088,2.2368,0.0000,0.0001

3556.8780,2.1069,2.2162,0.0000,0.0001

3557.8780,2.1079,2.2471,0.0000,0.0001

3558.8780,2.1069,2.1957,0.0000,0.0001

3559.8780,2.1103,2.2317,0.0000,0.0001

3560.8780,2.1113,2.2162,0.0000,0.0001

3561.8780,2.1098,2.2059,0.0000,0.0001

3562.8780,2.1059,2.2111,0.0000,0.0001

3563.8780,2.1049,2.2111,0.0000,0.0001

3564.8780,2.1039,2.2008,0.0000,0.0001

3565.8780,2.0999,2.1957,0.0000,0.0001

3566.8780,2.0959,2.1751,0.0000,0.0001

3567.8780,2.0924,2.2111,0.0000,0.0001

3568.8790,2.0969,2.2420,0.0000,0.0001

3569.8780,2.0969,2.2317,0.0000,0.0001

3570.8790,2.0969,2.2162,0.0000,0.0001

3571.8780,2.0969,2.2059,0.0000,0.0001

3572.8780,2.0984,2.2265,0.0000,0.0001

3573.8780,2.0964,2.1905,0.0000,0.0001

3574.8780,2.0979,2.2162,0.0000,0.0001

3575.8780,2.1039,2.2574,0.0000,0.0001

3576.8790,2.1064,2.2008,0.0000,0.0001

3577.8780,2.1074,2.2214,0.0000,0.0001

3578.8780,2.1049,2.2162,0.0000,0.0001

3579.8780,2.1074,2.2574,0.0000,0.0001

3580.8780,2.1079,2.2214,0.0000,0.0001

3581.8790,2.1088,2.2162,0.0000,0.0001

3582.8780,2.1093,2.2317,0.0000,0.0001

3583.8790,2.1158,2.2574,0.0000,0.0001

3584.8780,2.1148,2.2059,0.0000,0.0001

3585.8780,2.1108,2.2162,0.0000,0.0001

3586.8780,2.1118,2.2111,0.0000,0.0001

3587.8780,2.1158,2.2625,0.0000,0.0001

3588.8780,2.1168,2.2265,0.0000,0.0001

3589.8780,2.1143,2.2317,0.0000,0.0000

3590.8780,2.1158,2.2368,0.0000,0.0001

3591.8790,2.1153,2.2111,0.0000,0.0001

3592.8780,2.1143,2.2214,0.0000,0.0000

3593.8780,2.1128,2.2420,0.0000,0.0000

3594.8790,2.1148,2.2265,0.0000,0.0001

3595.8790,2.1153,2.2214,0.0000,0.0001

3596.8780,2.1123,2.1802,0.0000,0.0001

3597.8790,2.1083,2.2214,0.0000,0.0001

3598.8780,2.1064,2.2059,0.0000,0.0001

3599.8790,2.1064,2.2317,0.0000,0.0001

3600.8780,2.1034,2.2059,0.0000,0.0001

3601.8780,2.1039,2.2162,0.0000,0.0001

3602.8780,2.1034,2.2162,0.0000,0.0001

3603.8790,2.0959,2.1648,0.0000,0.0001

3604.8780,2.0949,2.2162,0.0000,0.0000

3605.8780,2.0939,2.2111,0.0000,0.0001

3606.8780,2.0979,2.2214,0.0000,0.0001

3607.8780,2.0969,2.2111,0.0000,0.0001

3608.8780,2.0959,2.1957,0.0000,0.0001

3609.8780,2.0944,2.2162,0.0000,0.0001

3610.8780,2.0934,2.1957,0.0000,0.0001

3611.8780,2.0924,2.2059,0.0000,0.0001

3612.8780,2.0929,2.2214,0.0000,0.0001

3613.8780,2.0984,2.2214,0.0000,0.0001

3614.8780,2.0979,2.2111,0.0000,0.0001

3615.8790,2.0994,2.2265,0.0000,0.0001

3616.8780,2.0989,2.2162,0.0000,0.0001

3617.8780,2.0994,2.2162,0.0000,0.0001

3618.8780,2.1019,2.2214,0.0000,0.0001

3619.8780,2.1004,2.2008,0.0000,0.0001

3620.8780,2.1024,2.2162,0.0000,0.0001

3621.8780,2.1044,2.2265,0.0000,0.0001

3622.8780,2.1064,2.2420,0.0000,0.0001

3623.8780,2.1049,2.2059,0.0000,0.0001

3624.8780,2.1143,2.3088,0.0000,0.0001

3625.8790,2.1208,2.2934,0.0000,0.0001

3626.8780,2.1228,2.2368,0.0000,0.0001

3627.8790,2.1238,2.2265,0.0000,0.0001

3628.8780,2.1213,2.1957,0.0000,0.0000

3629.8780,2.1238,2.2265,0.0000,0.0001

3630.8780,2.1238,2.2162,0.0000,0.0001

3631.8780,2.1243,2.2317,0.0000,0.0001

3632.8790,2.1243,2.2420,0.0000,0.0001

3633.8780,2.1267,2.2317,0.0000,0.0001

3634.8790,2.1228,2.2677,0.0000,0.0001

3635.8790,2.1183,2.2471,0.0000,0.0001

3636.8780,2.1148,2.2008,0.0000,0.0001

3637.8780,2.1158,2.2368,0.0000,0.0001

3638.8780,2.1178,2.2162,0.0000,0.0001

3639.8780,2.1178,2.2265,0.0000,0.0001

3640.8780,2.1208,2.2471,0.0000,0.0001

3641.8780,2.1178,2.2008,0.0000,0.0001

3642.8780,2.1143,2.2059,0.0000,0.0001

3643.8780,2.1079,2.1648,0.0000,0.0001

3644.8780,2.1034,2.2214,0.0000,0.0001

3645.8780,2.0924,2.1339,0.0000,0.0001

3646.8780,2.0890,2.1648,0.0000,0.0001

3647.8780,2.0830,2.1751,0.0000,0.0001

3648.8780,2.0780,2.1648,0.0000,0.0001

3649.8780,2.0746,2.1905,0.0000,0.0001

3650.8780,2.0666,2.1648,0.0000,0.0001

3651.8780,2.0626,2.1596,0.0000,0.0001

3652.8780,2.0577,2.1545,0.0000,0.0001

3653.8780,2.0586,2.1751,0.0000,0.0001

3654.8780,2.0507,2.1391,0.0000,0.0001

3655.8780,2.0512,2.1391,0.0000,0.0001

3656.8780,2.0487,2.1391,0.0000,0.0001

3657.8790,2.0447,2.1339,0.0000,0.0001

3658.8780,2.0437,2.1545,0.0000,0.0001

3659.8780,2.0383,2.1339,0.0000,0.0001

3660.8780,2.0353,2.1339,0.0000,0.0001

3661.8780,2.0318,2.1236,0.0000,0.0001

3662.8780,2.0273,2.1082,0.0000,0.0001

3663.8790,2.0263,2.1648,0.0000,0.0001

3664.8790,2.0239,2.1133,0.0000,0.0001

3665.8780,2.0248,2.1493,0.0000,0.0001

3666.8780,2.0244,2.1339,0.0000,0.0001

3667.8780,2.0204,2.0927,0.0000,0.0001

3668.8790,2.0169,2.1185,0.0000,0.0001

3669.8790,2.0149,2.1133,0.0000,0.0001

3670.8780,2.0139,2.1236,0.0000,0.0001

3671.8780,2.0159,2.1442,0.0000,0.0001

3672.8780,2.0189,2.1391,0.0000,0.0001

3673.8790,2.0154,2.1288,0.0000,0.0001

3674.8780,2.0139,2.0979,0.0000,0.0001

3675.8780,2.0060,2.0670,0.0000,0.0001

3676.8780,2.0055,2.1288,0.0000,0.0001

3677.8780,2.0005,2.0413,0.0000,0.0001

3678.8780,2.0109,2.2265,0.0000,0.0001

3679.8780,2.0139,2.1442,0.0000,0.0001

3680.8790,2.0134,2.1185,0.0000,0.0001

3681.8780,2.0119,2.1288,0.0000,0.0001

3682.8780,2.0084,2.1030,0.0000,0.0001

3683.8780,2.0060,2.1030,0.0000,0.0001

3684.8780,2.0079,2.1185,0.0000,0.0001

3685.8780,2.0124,2.1133,0.0000,0.0001

3686.8780,2.0124,2.1288,0.0000,0.0001

3687.8780,2.0403,2.3294,0.0000,0.0001

3688.8780,2.0557,2.3860,0.0000,0.0001

3689.8780,2.0830,2.4272,0.0000,0.0001

3690.8780,2.1069,2.3654,0.0000,0.0001

3691.8780,2.1342,2.4117,0.0000,0.0001

3692.8780,2.1655,2.4272,0.0000,0.0001

3693.8780,2.1963,2.4220,0.0000,0.0001

3694.8780,2.2296,2.4632,0.0000,0.0001

3695.8790,2.2609,2.4375,0.0000,0.0001

3696.8790,2.2888,2.4169,0.0000,0.0001

3697.8780,2.3037,2.4838,0.0000,0.0001

3698.8780,2.3052,2.4015,0.0000,0.0001

3699.8780,2.3022,2.3963,0.0000,0.0001

3700.8780,2.3072,2.4169,0.0000,0.0001

3701.8780,2.3091,2.4323,0.0000,0.0001

3702.8790,2.3012,2.3449,0.0000,0.0001

3703.8780,2.2952,2.3603,0.0000,0.0001

3704.8780,2.2838,2.3449,0.0000,0.0001

3705.8790,2.2768,2.3654,0.0000,0.0001

3706.8780,2.2714,2.3603,0.0000,0.0001

3707.8780,2.2575,2.3397,0.0000,0.0001

3708.8780,2.2530,2.3551,0.0000,0.0001

3709.8780,2.2500,2.3654,0.0000,0.0001

3710.8780,2.2401,2.3140,0.0000,0.0001

3711.8780,2.2361,2.3912,0.0000,0.0001

3712.8790,2.2351,2.3346,0.0000,0.0001

3713.8780,2.2371,2.3809,0.0000,0.0001

3714.8780,2.2396,2.3706,0.0000,0.0001

3715.8780,2.2386,2.3551,0.0000,0.0001

3716.8780,2.2366,2.3397,0.0000,0.0001

3717.8790,2.2381,2.3551,0.0000,0.0001

3718.8780,2.2366,2.3397,0.0000,0.0001

3719.8780,2.2351,2.3500,0.0000,0.0001

3720.8780,2.2371,2.3346,0.0000,0.0001

3721.8780,2.2326,2.3449,0.0000,0.0001

3722.8790,2.2346,2.3551,0.0000,0.0001

3723.8780,2.2266,2.2986,0.0000,0.0001

3724.8780,2.2251,2.3551,0.0000,0.0001

3725.8780,2.2212,2.3140,0.0000,0.0001

3726.8780,2.2192,2.3191,0.0000,0.0001

3727.8780,2.2182,2.3449,0.0000,0.0001

3728.8780,2.2187,2.3449,0.0000,0.0001

3729.8780,2.2162,2.3243,0.0000,0.0001

3730.8780,2.2127,2.2986,0.0000,0.0001

3731.8780,2.2073,2.2883,0.0000,0.0001

3732.8780,2.1983,2.2625,0.0000,0.0001

3733.8780,2.1978,2.2934,0.0000,0.0001

3734.8780,2.1918,2.2934,0.0000,0.0001

3735.8780,2.1879,2.2728,0.0000,0.0001

3736.8780,2.1859,2.2986,0.0000,0.0001

3737.8780,2.1829,2.3140,0.0000,0.0001

3738.8780,2.1814,2.3294,0.0000,0.0001

3739.8780,2.1794,2.3037,0.0000,0.0001

3740.8780,2.1794,2.2986,0.0000,0.0001

3741.8790,2.1794,2.2883,0.0000,0.0001

3742.8780,2.1834,2.3037,0.0000,0.0001

3743.8780,2.1844,2.3037,0.0000,0.0001

3744.8780,2.1869,2.3191,0.0000,0.0001

3745.8780,2.1899,2.3037,0.0000,0.0001

3746.8780,2.1899,2.2986,0.0000,0.0001

3747.8790,2.1884,2.2986,0.0000,0.0001

3748.8780,2.1819,2.2625,0.0000,0.0001

3749.8780,2.1799,2.2831,0.0000,0.0001

3750.8780,2.1740,2.2368,0.0000,0.0001

3751.8780,2.1759,2.3088,0.0000,0.0001

3752.8780,2.1769,2.3140,0.0000,0.0001

3753.8780,2.1764,2.2986,0.0000,0.0001

3754.8790,2.1740,2.2934,0.0000,0.0001

3755.8780,2.1710,2.2728,0.0000,0.0001

3756.8790,2.1730,2.3191,0.0000,0.0001

3757.8780,2.1690,2.2574,0.0000,0.0001

3758.8780,2.1740,2.3140,0.0000,0.0001

3759.8780,2.1784,2.3294,0.0000,0.0001

3760.8780,2.1829,2.2831,0.0000,0.0001

3761.8780,2.1789,2.2677,0.0000,0.0001

3762.8780,2.1774,2.2986,0.0000,0.0001

3763.8780,2.1759,2.2831,0.0000,0.0001

3764.8780,2.1720,2.2522,0.0000,0.0001

3765.8780,2.1715,2.2677,0.0000,0.0001

3766.8780,2.1665,2.2677,0.0000,0.0001

3767.8790,2.1685,2.2780,0.0000,0.0001

3768.8780,2.1635,2.2625,0.0000,0.0001

3769.8780,2.1571,2.2625,0.0000,0.0001

3770.8790,2.1571,2.2831,0.0000,0.0001

3771.8780,2.1556,2.2522,0.0000,0.0001

3772.8790,2.1506,2.2471,0.0000,0.0001

3773.8780,2.1471,2.2471,0.0000,0.0001

3774.8780,2.1476,2.2574,0.0000,0.0001

3775.8780,2.1461,2.2522,0.0000,0.0001

3776.8780,2.1471,2.2780,0.0000,0.0001

3777.8790,2.1476,2.2831,0.0000,0.0001

3778.8780,2.1521,2.3088,0.0000,0.0001

3779.8780,2.1521,2.2625,0.0000,0.0001

3780.8780,2.1511,2.2728,0.0000,0.0001

3781.8780,2.1556,2.2986,0.0000,0.0001

3782.8780,2.1576,2.2677,0.0000,0.0001

3783.8780,2.1595,2.2677,0.0000,0.0001

3784.8780,2.1645,2.3088,0.0000,0.0001

3785.8790,2.1650,2.2574,0.0000,0.0001

3786.8780,2.1670,2.2986,0.0000,0.0001

3787.8780,2.1655,2.2677,0.0000,0.0001

3788.8780,2.1561,2.2111,0.0000,0.0001

3789.8790,2.1571,2.2728,0.0000,0.0001

3790.8780,2.1561,2.2625,0.0000,0.0001

3791.8780,2.1541,2.2780,0.0000,0.0001

3792.8780,2.1526,2.2522,0.0000,0.0001

3793.8790,2.1516,2.2574,0.0000,0.0001

3794.8780,2.1501,2.2934,0.0000,0.0001

3795.8780,2.1526,2.2831,0.0000,0.0001

3796.8780,2.1481,2.2522,0.0000,0.0001

3797.8780,2.1471,2.2574,0.0000,0.0001

3798.8780,2.1536,2.2780,0.0000,0.0001

3799.8780,2.1526,2.2625,0.0000,0.0001

3800.8780,2.1531,2.2677,0.0000,0.0001

3801.8780,2.1521,2.2677,0.0000,0.0001

3802.8790,2.1536,2.2677,0.0000,0.0001

3803.8780,2.1566,2.2883,0.0000,0.0001

3804.8780,2.1521,2.2471,0.0000,0.0001

3805.8780,2.1531,2.2934,0.0000,0.0001

3806.8790,2.1551,2.2728,0.0000,0.0001

3807.8780,2.1561,2.2677,0.0000,0.0001

3808.8790,2.1551,2.2677,0.0000,0.0001

3809.8790,2.1506,2.2162,0.0000,0.0001

3810.8790,2.1491,2.2522,0.0000,0.0001

3811.8780,2.1521,2.2986,0.0000,0.0001

3812.8780,2.1531,2.2780,0.0000,0.0001

3813.8780,2.1501,2.2574,0.0000,0.0001

3814.8780,2.1531,2.2780,0.0000,0.0001

3815.8790,2.1526,2.2883,0.0000,0.0001

3816.8780,2.1536,2.2831,0.0000,0.0001

3817.8780,2.1546,2.2780,0.0000,0.0001

3818.8780,2.1536,2.2574,0.0000,0.0001

3819.8780,2.1561,2.2420,0.0000,0.0001

3820.8780,2.1561,2.2522,0.0000,0.0001

3821.8790,2.1536,2.2728,0.0000,0.0001

3822.8780,2.1556,2.2986,0.0000,0.0001

3823.8780,2.1551,2.2522,0.0000,0.0001

3824.8790,2.1541,2.2677,0.0000,0.0001

3825.8780,2.1556,2.3037,0.0000,0.0001

3826.8780,2.1521,2.2471,0.0000,0.0001

3827.8790,2.1506,2.2625,0.0000,0.0001

3828.8780,2.1521,2.2728,0.0000,0.0001

3829.8780,2.1551,2.2728,0.0000,0.0001

3830.8780,2.1571,2.2728,0.0000,0.0001

3831.8780,2.1585,2.2883,0.0000,0.0001

3832.8780,2.1556,2.2677,0.0000,0.0001

3833.8780,2.1526,2.2214,0.0000,0.0001

3834.8790,2.1516,2.2574,0.0000,0.0001

3835.8780,2.1456,2.2420,0.0000,0.0001

3836.8780,2.1426,2.2162,0.0000,0.0001

3837.8780,2.1431,2.2677,0.0000,0.0001

3838.8780,2.1431,2.2728,0.0000,0.0001

3839.8790,2.1412,2.2522,0.0000,0.0001

3840.8790,2.1392,2.2522,0.0000,0.0001

3841.8780,2.1421,2.3191,0.0000,0.0001

3842.8780,2.1407,2.2522,0.0000,0.0001

3843.8790,2.1446,2.2625,0.0000,0.0001

3844.8790,2.1456,2.2677,0.0000,0.0001

3845.8780,2.1501,2.2883,0.0000,0.0001

3846.8780,2.1496,2.2111,0.0000,0.0001

3847.8790,2.1516,2.2883,0.0000,0.0001

3848.8780,2.1501,2.2574,0.0000,0.0001

3849.8780,2.1546,2.2986,0.0000,0.0001

3850.8780,2.1541,2.2471,0.0000,0.0001

3851.8780,2.1501,2.2780,0.0000,0.0001

3852.8790,2.1466,2.2162,0.0000,0.0001

3853.8780,2.1491,2.2883,0.0000,0.0001

3854.8780,2.1511,2.2883,0.0000,0.0001

3855.8790,2.1501,2.2780,0.0000,0.0001

3856.8780,2.1556,2.2677,0.0000,0.0001

3857.8780,2.1511,2.2420,0.0000,0.0001

3858.8780,2.1501,2.2471,0.0000,0.0001

3859.8780,2.1481,2.2780,0.0000,0.0001

3860.8780,2.1536,2.3037,0.0000,0.0001

3861.8780,2.1546,2.2883,0.0000,0.0001

3862.8780,2.1585,2.2574,0.0000,0.0001

3863.8790,2.1526,2.2265,0.0000,0.0001

3864.8780,2.1486,2.2471,0.0000,0.0001

3865.8780,2.1466,2.2574,0.0000,0.0001

3866.8780,2.1486,2.2883,0.0000,0.0001

3867.8780,2.1506,2.2625,0.0000,0.0001

3868.8780,2.1531,2.2728,0.0000,0.0001

3869.8780,2.1526,2.2728,0.0000,0.0001

3870.8780,2.1516,2.2934,0.0000,0.0001

3871.8790,2.1531,2.3037,0.0000,0.0001

3872.8790,2.1595,2.3243,0.0000,0.0001

3873.8780,2.1675,2.3088,0.0000,0.0001

3874.8780,2.1710,2.2831,0.0000,0.0001

3875.8790,2.1794,2.3449,0.0000,0.0001

3876.8790,2.1789,2.2831,0.0000,0.0001

3877.8780,2.1819,2.2934,0.0000,0.0001

3878.8780,2.1834,2.2883,0.0000,0.0001

3879.8780,2.1834,2.2728,0.0000,0.0001

3880.8780,2.1809,2.2677,0.0000,0.0001

3881.8780,2.1715,2.2059,0.0000,0.0001

3882.8780,2.1635,2.2420,0.0000,0.0001

3883.8780,2.1566,2.2368,0.0000,0.0001

3884.8780,2.1541,2.2574,0.0000,0.0001

3885.8790,2.1426,2.2265,0.0000,0.0001

3886.8780,2.1382,2.2368,0.0000,0.0001

3887.8780,2.1322,2.2317,0.0000,0.0001

3888.8780,2.1257,2.2214,0.0000,0.0001

3889.8780,2.1173,2.1854,0.0000,0.0001

3890.8790,2.1143,2.2368,0.0000,0.0001

3891.8780,2.1158,2.2214,0.0000,0.0001

3892.8780,2.1173,2.2574,0.0000,0.0001

3893.8780,2.1178,2.2420,0.0000,0.0001

3894.8780,2.1163,2.2420,0.0000,0.0001

3895.8780,2.1233,2.2986,0.0000,0.0001

3896.8780,2.1267,2.2728,0.0000,0.0001

3897.8790,2.1317,2.2831,0.0000,0.0001

3898.8780,2.1347,2.2522,0.0000,0.0001

3899.8780,2.1416,2.2574,0.0000,0.0001

3900.8790,2.1436,2.2574,0.0000,0.0001

3901.8780,2.1506,2.2934,0.0000,0.0001

3902.8780,2.1521,2.2728,0.0000,0.0001

3903.8780,2.1536,2.2574,0.0000,0.0001

3904.8780,2.1561,2.2677,0.0000,0.0001

3905.8780,2.1491,2.2265,0.0000,0.0001

3906.8780,2.1451,2.2317,0.0000,0.0001

3907.8780,2.1426,2.2574,0.0000,0.0001

3908.8780,2.1501,2.3294,0.0000,0.0001

3909.8780,2.1516,2.2728,0.0000,0.0001

3910.8780,2.1446,2.1854,0.0000,0.0001

3911.8780,2.1402,2.2471,0.0000,0.0001

3912.8780,2.1352,2.2214,0.0000,0.0001

3913.8780,2.1337,2.2420,0.0000,0.0001

3914.8790,2.1387,2.3191,0.0000,0.0001

3915.8790,2.1387,2.2265,0.0000,0.0000

3916.8790,2.1372,2.2162,0.0000,0.0001

3917.8780,2.1372,2.2574,0.0000,0.0001

3918.8780,2.1287,2.2420,0.0000,0.0001

3919.8780,2.1233,2.2162,0.0000,0.0001

3920.8780,2.1282,2.2368,0.0000,0.0001

3921.8780,2.1312,2.2780,0.0000,0.0001

3922.8790,2.1302,2.2111,0.0000,0.0001

3923.8790,2.1302,2.2420,0.0000,0.0001

3924.8780,2.1213,2.2265,0.0000,0.0001

3925.8780,2.1257,2.2728,0.0000,0.0001

3926.8790,2.1292,2.2522,0.0000,0.0001

3927.8780,2.1282,2.2471,0.0000,0.0001

3928.8780,2.1297,2.2574,0.0000,0.0001

3929.8790,2.1327,2.2471,0.0000,0.0001

3930.8780,2.1347,2.2574,0.0000,0.0001

3931.8780,2.1322,2.2522,0.0000,0.0001

3932.8790,2.1397,2.2883,0.0000,0.0001

3933.8780,2.1421,2.2677,0.0000,0.0001

3934.8790,2.1516,2.3243,0.0000,0.0001

3935.8790,2.1571,2.3294,0.0000,0.0001

3936.8780,2.1630,2.3140,0.0000,0.0001

3937.8790,2.1715,2.3346,0.0000,0.0001

3938.8780,2.1759,2.3037,0.0000,0.0001

3939.8780,2.1849,2.3397,0.0000,0.0001

3940.8780,2.1928,2.3397,0.0000,0.0001

3941.8780,2.2008,2.3346,0.0000,0.0001

3942.8780,2.2053,2.3346,0.0000,0.0001

3943.8780,2.2102,2.3191,0.0000,0.0001

3944.8780,2.2097,2.3191,0.0000,0.0001

3945.8790,2.2082,2.3140,0.0000,0.0001

3946.8780,2.2063,2.2934,0.0000,0.0001

3947.8780,2.2018,2.2883,0.0000,0.0001

3948.8780,2.1988,2.2728,0.0000,0.0001

3949.8780,2.1943,2.2934,0.0000,0.0001

3950.8790,2.1894,2.2883,0.0000,0.0001

3951.8780,2.1854,2.2934,0.0000,0.0001

3952.8780,2.1799,2.2780,0.0000,0.0001

3953.8790,2.1749,2.2677,0.0000,0.0001

3954.8780,2.1705,2.2728,0.0000,0.0001

3955.8790,2.1685,2.2934,0.0000,0.0001

3956.8780,2.1670,2.2780,0.0000,0.0001

3957.8780,2.1665,2.2831,0.0000,0.0001

3958.8780,2.1670,2.2780,0.0000,0.0001

3959.8780,2.1645,2.2677,0.0000,0.0001

3960.8780,2.1655,2.2986,0.0000,0.0000

3961.8780,2.1635,2.2728,0.0000,0.0001

3962.8780,2.1630,2.2728,0.0000,0.0001

3963.8790,2.1640,2.2780,0.0000,0.0001

3964.8780,2.1655,2.2883,0.0000,0.0001

3965.8790,2.1625,2.2625,0.0000,0.0001

3966.8790,2.1600,2.2522,0.0000,0.0001

3967.8780,2.1600,2.2831,0.0000,0.0001

3968.8780,2.1610,2.2883,0.0000,0.0001

3969.8780,2.1630,2.2883,0.0000,0.0001

3970.8780,2.1620,2.2883,0.0000,0.0001

3971.8780,2.1615,2.2677,0.0000,0.0001

3972.8780,2.1625,2.2831,0.0000,0.0001

3973.8780,2.1610,2.2625,0.0000,0.0001

3974.8790,2.1600,2.2780,0.0000,0.0001

3975.8780,2.1640,2.3037,0.0000,0.0000

3976.8780,2.1630,2.2420,0.0000,0.0001

3977.8780,2.1670,2.3243,0.0000,0.0001

3978.8780,2.1655,2.2728,0.0000,0.0001

3979.8780,2.1625,2.2574,0.0000,0.0001

3980.8780,2.1600,2.2625,0.0000,0.0001

3981.8780,2.1630,2.2986,0.0000,0.0001

3982.8780,2.1630,2.2831,0.0000,0.0000

3983.8780,2.1650,2.2831,0.0000,0.0001

3984.8780,2.1660,2.2883,0.0000,0.0001

3985.8780,2.1620,2.2625,0.0000,0.0001

3986.8780,2.1625,2.2471,0.0000,0.0001

3987.8790,2.1600,2.2986,0.0000,0.0001

3988.8780,2.1585,2.2574,0.0000,0.0001

3989.8780,2.1615,2.2883,0.0000,0.0001

3990.8780,2.1640,2.2883,0.0000,0.0001

3991.8780,2.1600,2.2574,0.0000,0.0001

3992.8780,2.1585,2.2677,0.0000,0.0001

3993.8780,2.1576,2.2728,0.0000,0.0001

3994.8780,2.1551,2.2625,0.0000,0.0001

3995.8780,2.1556,2.2677,0.0000,0.0001

3996.8780,2.1585,2.2780,0.0000,0.0001

3997.8780,2.1576,2.2883,0.0000,0.0001

3998.8780,2.1605,2.2883,0.0000,0.0001

3999.8780,2.1585,2.2677,0.0000,0.0001

4000.8780,2.1580,2.2831,0.0000,0.0001

4001.8780,2.1595,2.2728,0.0000,0.0001

4002.8790,2.1620,2.2934,0.0000,0.0001

4003.8790,2.1605,2.2574,0.0000,0.0001

4004.8780,2.1655,2.3140,0.0000,0.0001

4005.8780,2.1710,2.3243,0.0000,0.0001

4006.8780,2.1749,2.3191,0.0000,0.0001

4007.8780,2.1749,2.2883,0.0000,0.0001

4008.8790,2.1809,2.3500,0.0000,0.0001

4009.8780,2.1879,2.3397,0.0000,0.0001

4010.8790,2.1963,2.3706,0.0000,0.0001

4011.8780,2.2043,2.3551,0.0000,0.0001

4012.8780,2.2058,2.3088,0.0000,0.0001

4013.8780,2.2127,2.3294,0.0000,0.0001

4014.8780,2.2137,2.3243,0.0000,0.0001

4015.8780,2.1993,2.1751,0.0000,0.0001

4016.8790,2.1894,2.2162,0.0000,0.0001

4017.8780,2.1834,2.2265,0.0000,0.0001

4018.8780,2.1685,2.1957,0.0000,0.0001

4019.8780,2.1541,2.1905,0.0000,0.0001

4020.8780,2.1377,2.2008,0.0000,0.0001

4021.8780,2.1218,2.1905,0.0000,0.0001

4022.8780,2.1138,2.2265,0.0000,0.0001

4023.8780,2.1049,2.2368,0.0000,0.0000

4024.8780,2.1158,2.4375,0.0000,0.0001

4025.8780,2.1421,2.4478,0.0000,0.0001

4026.8790,2.1630,2.4323,0.0000,0.0001

4027.8780,2.1814,2.4169,0.0000,0.0000

4028.8780,2.1859,2.2420,0.0000,0.0001

4029.8780,2.1889,2.2214,0.0000,0.0001

4030.8780,2.1879,2.1905,0.0000,0.0001

4031.8780,2.1913,2.2265,0.0000,0.0001

4032.8780,2.1894,2.2059,0.0000,0.0001

4033.8790,2.1943,2.2883,0.0000,0.0001

4034.8780,2.1715,2.2008,0.0000,0.0001

4035.8790,2.1486,2.2111,0.0000,0.0001

4036.8780,2.1267,2.2059,0.0000,0.0001

4037.8790,2.1064,2.2059,0.0000,0.0001

4038.8780,2.1039,2.2162,0.0000,0.0001

4039.8780,2.1064,2.2471,0.0000,0.0001

4040.8780,2.1088,2.2162,0.0000,0.0001

4041.8780,2.1059,2.1957,0.0000,0.0001

4042.8780,2.1059,2.2059,0.0000,0.0001

4043.8780,2.0969,2.1957,0.0000,0.0001

4044.8780,2.0969,2.2008,0.0000,0.0001

4045.8780,2.0979,2.2214,0.0000,0.0001

4046.8780,2.0994,2.2214,0.0000,0.0001

4047.8780,2.1019,2.2317,0.0000,0.0001

4048.8780,2.0989,2.1854,0.0000,0.0001

4049.8780,2.0959,2.2162,0.0000,0.0001

4050.8780,2.0974,2.2317,0.0000,0.0001

4051.8800,2.0999,2.2214,0.0000,0.0001

4052.8780,2.1024,2.2317,0.0000,0.0001

4053.8780,2.1039,2.2111,0.0000,0.0001

4054.8780,2.1059,2.2214,0.0000,0.0001

4055.8780,2.1049,2.2111,0.0000,0.0001

4056.8780,2.1039,2.2111,0.0000,0.0001

4057.8780,2.0979,2.1699,0.0000,0.0001

4058.8790,2.0994,2.2008,0.0000,0.0001

4059.8780,2.0984,2.2059,0.0000,0.0001

4060.8780,2.0984,2.2317,0.0000,0.0001

4061.8790,2.0964,2.2008,0.0000,0.0001

4062.8780,2.0934,2.2008,0.0000,0.0001

4063.8790,2.0929,2.2059,0.0000,0.0001

4064.8780,2.0929,2.2214,0.0000,0.0001

4065.8780,2.0939,2.2214,0.0000,0.0001

4066.8790,2.0910,2.1802,0.0000,0.0001

4067.8790,2.0964,2.2265,0.0000,0.0001

4068.8780,2.0999,2.2368,0.0000,0.0001

4069.8780,2.0994,2.2008,0.0000,0.0001

4070.8790,2.0969,2.2059,0.0000,0.0001

4071.8780,2.0954,2.1854,0.0000,0.0001

4072.8790,2.0964,2.2111,0.0000,0.0001

4073.8780,2.1004,2.2471,0.0000,0.0001

4074.8780,2.0959,2.1751,0.0000,0.0001

4075.8780,2.0959,2.2214,0.0000,0.0001

4076.8780,2.0979,2.2008,0.0000,0.0001

4077.8780,2.0954,2.2008,0.0000,0.0001

4078.8780,2.0900,2.1802,0.0000,0.0001

4079.8790,2.0900,2.2008,0.0000,0.0001

4080.8780,2.0914,2.2214,0.0000,0.0001

4081.8780,2.0974,2.2471,0.0000,0.0001

4082.8780,2.0984,2.2214,0.0000,0.0001

4083.8780,2.0934,2.1957,0.0000,0.0001

4084.8780,2.0934,2.1751,0.0000,0.0001

4085.8790,2.0905,2.1905,0.0000,0.0001

4086.8790,2.0910,2.2059,0.0000,0.0001

4087.8780,2.0914,2.2059,0.0000,0.0001

4088.8780,2.0929,2.1957,0.0000,0.0001

4089.8790,2.0939,2.2111,0.0000,0.0000

4090.8790,2.0934,2.2162,0.0000,0.0001

4091.8780,2.0885,2.1957,0.0000,0.0001

4092.8790,2.0870,2.2059,0.0000,0.0001

4093.8790,2.0954,2.2831,0.0000,0.0001

4094.8780,2.0974,2.1957,0.0000,0.0001

4095.8780,2.0984,2.2008,0.0000,0.0001

4096.8780,2.0954,2.1751,0.0000,0.0001

4097.8780,2.0919,2.1699,0.0000,0.0001

4098.8780,2.0914,2.1905,0.0000,0.0001

4099.8790,2.0914,2.2111,0.0000,0.0001

4100.8780,2.0900,2.2008,0.0000,0.0001

4101.8780,2.0900,2.1957,0.0000,0.0001

4102.8780,2.0900,2.2059,0.0000,0.0000

4103.8780,2.0785,2.1648,0.0000,0.0001

4104.8790,2.0810,2.2214,0.0000,0.0001

4105.8780,2.0835,2.2265,0.0000,0.0001

4106.8780,2.0880,2.2214,0.0000,0.0001

4107.8790,2.0924,2.2162,0.0000,0.0000

4108.8780,2.0949,2.2162,0.0000,0.0001

4109.8780,2.0919,2.1802,0.0000,0.0001

4110.8780,2.0895,2.1751,0.0000,0.0001

4111.8780,2.0905,2.2059,0.0000,0.0001

4112.8780,2.0890,2.1905,0.0000,0.0001

4113.8780,2.0939,2.2162,0.0000,0.0001

4114.8780,2.0890,2.1699,0.0000,0.0001

4115.8780,2.0870,2.2059,0.0000,0.0001

4116.8780,2.0875,2.2265,0.0000,0.0001

4117.8790,2.0855,2.1957,0.0000,0.0001

4118.8780,2.0855,2.2162,0.0000,0.0001

4119.8780,2.0880,2.2059,0.0000,0.0001

4120.8780,2.0919,2.2162,0.0000,0.0001

4121.8780,2.0880,2.1648,0.0000,0.0001

4122.8780,2.0914,2.2265,0.0000,0.0001

4123.8790,2.0924,2.2265,0.0000,0.0001

4124.8780,2.0934,2.1802,0.0000,0.0001

4125.8780,2.0924,2.1957,0.0000,0.0001

4126.8780,2.0885,2.1854,0.0000,0.0001

4127.8780,2.0880,2.1905,0.0000,0.0001

4128.8780,2.0875,2.2111,0.0000,0.0001

4129.8780,2.0855,2.1854,0.0000,0.0001

4130.8790,2.0840,2.2008,0.0000,0.0001

4131.8780,2.0890,2.2162,0.0000,0.0001

4132.8780,2.0934,2.2728,0.0000,0.0001

4133.8790,2.0905,2.1957,0.0000,0.0001

4134.8780,2.0939,2.2162,0.0000,0.0001

4135.8780,2.0919,2.1751,0.0000,0.0001

4136.8780,2.0954,2.2214,0.0000,0.0001

4137.8790,2.0979,2.2162,0.0000,0.0001

4138.8780,2.0949,2.1802,0.0000,0.0001

4139.8780,2.0969,2.2059,0.0000,0.0001

4140.8780,2.0954,2.1854,0.0000,0.0001

4141.8780,2.0939,2.2008,0.0000,0.0001

4142.8780,2.0870,2.2008,0.0000,0.0001

4143.8780,2.0934,2.2625,0.0000,0.0001

4144.8780,2.0929,2.2111,0.0000,0.0001

4145.8780,2.0954,2.2008,0.0000,0.0001

4146.8780,2.0954,2.2214,0.0000,0.0001

4147.8780,2.0944,2.2059,0.0000,0.0001

4148.8780,2.0964,2.2008,0.0000,0.0001

4149.8780,2.0979,2.2214,0.0000,0.0001

4150.8790,2.0999,2.2059,0.0000,0.0001

4151.8780,2.0984,2.1854,0.0000,0.0001

4152.8780,2.0954,2.1699,0.0000,0.0001

4153.8780,2.0860,2.1648,0.0000,0.0001

4154.8780,2.0845,2.1957,0.0000,0.0001

4155.8780,2.0850,2.2059,0.0000,0.0001

4156.8790,2.0840,2.2111,0.0000,0.0001

4157.8780,2.0835,2.2008,0.0000,0.0001

4158.8780,2.0850,2.2162,0.0000,0.0001

4159.8780,2.0855,2.2265,0.0000,0.0001

4160.8790,2.0870,2.2214,0.0000,0.0000

4161.8780,2.0914,2.2317,0.0000,0.0001

4162.8780,2.0964,2.2214,0.0000,0.0001

4163.8780,2.1014,2.2162,0.0000,0.0001

4164.8790,2.0989,2.1699,0.0000,0.0001

4165.8780,2.0994,2.2111,0.0000,0.0001

4166.8780,2.0999,2.2162,0.0000,0.0001

4167.8780,2.0984,2.1854,0.0000,0.0001

4168.8780,2.1004,2.2368,0.0000,0.0001

4169.8780,2.0994,2.2162,0.0000,0.0001

4170.8780,2.0959,2.1854,0.0000,0.0001

4171.8780,2.0924,2.1957,0.0000,0.0001

4172.8780,2.0910,2.2059,0.0000,0.0001

4173.8780,2.0890,2.1957,0.0000,0.0001

4174.8780,2.0914,2.1957,0.0000,0.0001

4175.8780,2.0880,2.1751,0.0000,0.0001

4176.8790,2.0855,2.1905,0.0000,0.0001

4177.8780,2.0905,2.2368,0.0000,0.0001

4178.8780,2.0895,2.2265,0.0000,0.0001

4179.8780,2.0885,2.2059,0.0000,0.0001

4180.8780,2.0919,2.2214,0.0000,0.0001

4181.8780,2.0929,2.2059,0.0000,0.0001

4182.8780,2.0924,2.2008,0.0000,0.0001

4183.8780,2.0934,2.2059,0.0000,0.0001

4184.8780,2.0939,2.2008,0.0000,0.0001

4185.8800,2.0969,2.2059,0.0000,0.0001

4186.8780,2.1059,2.2831,0.0000,0.0001

4187.8780,2.1024,2.2008,0.0000,0.0001

4188.8780,2.1004,2.2059,0.0000,0.0001

4189.8780,2.1029,2.2317,0.0000,0.0001

4190.8780,2.1019,2.2111,0.0000,0.0001

4191.8780,2.1014,2.2008,0.0000,0.0001

4192.8780,2.1004,2.1905,0.0000,0.0001

4193.8790,2.0994,2.1957,0.0000,0.0001

4194.8780,2.0959,2.1648,0.0000,0.0001

4195.8780,2.0964,2.2111,0.0000,0.0001

4196.8780,2.0885,2.2008,0.0000,0.0001

4197.8780,2.0895,2.2111,0.0000,0.0001

4198.8780,2.0910,2.2214,0.0000,0.0000

4199.8780,2.0880,2.2008,0.0000,0.0001

4200.8780,2.0919,2.2522,0.0000,0.0001

4201.8780,2.0919,2.2008,0.0000,0.0001

4202.8780,2.0939,2.2111,0.0000,0.0001

4203.8780,2.0959,2.2162,0.0000,0.0001

4204.8780,2.0999,2.2059,0.0000,0.0001

4205.8780,2.1019,2.2317,0.0000,0.0001

4206.8780,2.1034,2.2162,0.0000,0.0001

4207.8780,2.1044,2.2214,0.0000,0.0001

4208.8780,2.1019,2.1957,0.0000,0.0001

4209.8780,2.1039,2.2214,0.0000,0.0001

4210.8780,2.0979,2.1905,0.0000,0.0001

4211.8780,2.0989,2.2111,0.0000,0.0001

4212.8780,2.0969,2.1905,0.0000,0.0001

4213.8780,2.0949,2.1957,0.0000,0.0001

4214.8780,2.0954,2.2111,0.0000,0.0001

4215.8780,2.0895,2.1699,0.0000,0.0001

4216.8780,2.0890,2.2111,0.0000,0.0001

4217.8780,2.0885,2.2162,0.0000,0.0001

4218.8790,2.0890,2.2008,0.0000,0.0001

4219.8790,2.0845,2.1751,0.0000,0.0001

4220.8790,2.0840,2.1854,0.0000,0.0001

4221.8780,2.0865,2.2368,0.0000,0.0001

4222.8780,2.0900,2.2265,0.0000,0.0001

4223.8780,2.0924,2.2214,0.0000,0.0001

4224.8780,2.0964,2.2522,0.0000,0.0001

4225.8780,2.1029,2.2368,0.0000,0.0001

4226.8780,2.1088,2.2728,0.0000,0.0001

4227.8790,2.1098,2.2265,0.0000,0.0001

4228.8780,2.1093,2.1957,0.0000,0.0001

4229.8780,2.1133,2.2162,0.0000,0.0001

4230.8780,2.1168,2.2214,0.0000,0.0001

4231.8780,2.1118,2.1854,0.0000,0.0001

4232.8780,2.1138,2.2471,0.0000,0.0001

4233.8780,2.1173,2.2574,0.0000,0.0001

4234.8780,2.1163,2.2420,0.0000,0.0001

4235.8780,2.1133,2.2059,0.0000,0.0001

4236.8780,2.1034,2.1699,0.0000,0.0001

4237.8780,2.1029,2.2214,0.0000,0.0001

4238.8780,2.1054,2.2214,0.0000,0.0001

4239.8780,2.1079,2.2420,0.0000,0.0001

4240.8780,2.1064,2.2059,0.0000,0.0001

4241.8780,2.1118,2.2420,0.0000,0.0001

4242.8790,2.1083,2.2111,0.0000,0.0001

4243.8780,2.0999,2.1699,0.0000,0.0001

4244.8780,2.0969,2.2111,0.0000,0.0001

4245.8780,2.1024,2.2625,0.0000,0.0001

4246.8780,2.1093,2.2420,0.0000,0.0001

4247.8780,2.1093,2.2214,0.0000,0.0001

4248.8790,2.1064,2.1905,0.0000,0.0001

4249.8790,2.1088,2.2677,0.0000,0.0001

4250.8790,2.1093,2.2111,0.0000,0.0001

4251.8780,2.1049,2.1957,0.0000,0.0001

4252.8780,2.1034,2.1957,0.0000,0.0001

4253.8780,2.1059,2.1957,0.0000,0.0001

4254.8780,2.1059,2.2111,0.0000,0.0001

4255.8790,2.1004,2.2059,0.0000,0.0001

4256.8780,2.0969,2.2059,0.0000,0.0001

4257.8780,2.0969,2.2214,0.0000,0.0001

4258.8790,2.0974,2.1957,0.0000,0.0001

4259.8780,2.0910,2.2008,0.0000,0.0001

4260.8790,2.0910,2.2111,0.0000,0.0001

4261.8780,2.0924,2.2111,0.0000,0.0001

4262.8780,2.0924,2.1957,0.0000,0.0001

4263.8780,2.0910,2.1802,0.0000,0.0001

4264.8780,2.0905,2.2059,0.0000,0.0001

4265.8780,2.0900,2.2008,0.0000,0.0001

4266.8780,2.0919,2.2265,0.0000,0.0001

4267.8780,2.0905,2.2059,0.0000,0.0001

4268.8780,2.0919,2.2111,0.0000,0.0001

4269.8790,2.0949,2.2317,0.0000,0.0001

4270.8780,2.0959,2.2214,0.0000,0.0001

4271.8780,2.0979,2.2317,0.0000,0.0001

4272.8780,2.0949,2.1648,0.0000,0.0001

4273.8780,2.0939,2.1699,0.0000,0.0001

4274.8780,2.0964,2.2317,0.0000,0.0001

4275.8780,2.0964,2.2008,0.0000,0.0001

4276.8780,2.0939,2.2008,0.0000,0.0001

4277.8780,2.0979,2.2471,0.0000,0.0001

4278.8790,2.0984,2.2162,0.0000,0.0001

4279.8780,2.0959,2.2059,0.0000,0.0001

4280.8780,2.0944,2.2059,0.0000,0.0001

4281.8780,2.0905,2.1905,0.0000,0.0001

4282.8780,2.0914,2.1751,0.0000,0.0001

4283.8780,2.0929,2.1854,0.0000,0.0001

4284.8780,2.0914,2.2162,0.0000,0.0001

4285.8780,2.0939,2.2265,0.0000,0.0001

4286.8780,2.0949,2.2111,0.0000,0.0001

4287.8780,2.0964,2.2625,0.0000,0.0001

4288.8780,2.0984,2.2368,0.0000,0.0001

4289.8780,2.0984,2.2059,0.0000,0.0001

4290.8790,2.0984,2.2059,0.0000,0.0001

4291.8780,2.1009,2.2162,0.0000,0.0001

4292.8790,2.1039,2.2059,0.0000,0.0001

4293.8790,2.1049,2.1957,0.0000,0.0001

4294.8780,2.1059,2.2265,0.0000,0.0001

4295.8780,2.1044,2.2111,0.0000,0.0001

4296.8780,2.1009,2.1751,0.0000,0.0000

4297.8780,2.0969,2.2214,0.0000,0.0001

4298.8780,2.0954,2.2214,0.0000,0.0001

4299.8780,2.0969,2.2214,0.0000,0.0001

4300.8790,2.1064,2.3037,0.0000,0.0001

4301.8780,2.1014,2.1648,0.0000,0.0001

4302.8780,2.1029,2.2214,0.0000,0.0001

4303.8780,2.1044,2.2111,0.0000,0.0001

4304.8780,2.1039,2.2214,0.0000,0.0001

4305.8780,2.1039,2.2111,0.0000,0.0001

4306.8780,2.1044,2.1802,0.0000,0.0001

4307.8780,2.1034,2.2111,0.0000,0.0001

4308.8790,2.1014,2.2008,0.0000,0.0001

4309.8780,2.0984,2.1905,0.0000,0.0001

4310.8780,2.0840,2.1545,0.0000,0.0001

4311.8780,2.0845,2.1699,0.0000,0.0001

4312.8780,2.0805,2.1802,0.0000,0.0001

4313.8790,2.0800,2.2059,0.0000,0.0001

4314.8780,2.0736,2.1545,0.0000,0.0001

4315.8790,2.0731,2.2059,0.0000,0.0001

4316.8790,2.0765,2.2162,0.0000,0.0001

4317.8780,2.0750,2.1957,0.0000,0.0001

4318.8790,2.0741,2.1905,0.0000,0.0001

4319.8780,2.0765,2.2162,0.0000,0.0001

4320.8780,2.0795,2.1854,0.0000,0.0001

4321.8790,2.0835,2.2111,0.0000,0.0001

4322.8780,2.0865,2.2111,0.0000,0.0001

4323.8790,2.0880,2.2214,0.0000,0.0001

4324.8790,2.0949,2.2265,0.0000,0.0001

4325.8790,2.0959,2.2162,0.0000,0.0001

4326.8780,2.0949,2.2059,0.0000,0.0001

4327.8780,2.0924,2.1699,0.0000,0.0001

4328.8780,2.0939,2.2059,0.0000,0.0001

4329.8780,2.0924,2.2008,0.0000,0.0001

4330.8780,2.0969,2.2317,0.0000,0.0001

4331.8780,2.0929,2.1699,0.0000,0.0001

4332.8780,2.0949,2.2317,0.0000,0.0001

4333.8780,2.0949,2.2214,0.0000,0.0001

4334.8780,2.0984,2.2625,0.0000,0.0001

4335.8790,2.0989,2.2214,0.0000,0.0001

4336.8790,2.0994,2.2111,0.0000,0.0001

4337.8790,2.1014,2.1905,0.0000,0.0001

4338.8780,2.0994,2.1854,0.0000,0.0001

4339.8790,2.1019,2.2265,0.0000,0.0001

4340.8790,2.0999,2.2111,0.0000,0.0001

4341.8790,2.1049,2.2214,0.0000,0.0001

4342.8780,2.1004,2.1854,0.0000,0.0001

4343.8780,2.0989,2.2059,0.0000,0.0001

4344.8790,2.0919,2.1905,0.0000,0.0001

4345.8780,2.0890,2.1905,0.0000,0.0001

4346.8780,2.0905,2.2265,0.0000,0.0001

4347.8780,2.0885,2.1699,0.0000,0.0001

4348.8800,2.0900,2.2008,0.0000,0.0001

4349.8790,2.0944,2.2728,0.0000,0.0001

4350.8780,2.0939,2.2059,0.0000,0.0001

4351.8790,2.0919,2.2008,0.0000,0.0001

4352.8780,2.0944,2.2111,0.0000,0.0001

4353.8780,2.0929,2.1905,0.0000,0.0001

4354.8780,2.0919,2.1802,0.0000,0.0001

4355.8780,2.0944,2.2162,0.0000,0.0001

4356.8780,2.0919,2.2008,0.0000,0.0001

4357.8780,2.0939,2.1905,0.0000,0.0001

4358.8790,2.0944,2.2059,0.0000,0.0001

4359.8780,2.0885,2.2111,0.0000,0.0001

4360.8780,2.0875,2.1957,0.0000,0.0001

4361.8790,2.0885,2.2111,0.0000,0.0001

4362.8790,2.0875,2.2008,0.0000,0.0001

4363.8780,2.0895,2.2111,0.0000,0.0001

4364.8780,2.0900,2.1854,0.0000,0.0001

4365.8780,2.0900,2.2162,0.0000,0.0001

4366.8780,2.0895,2.1957,0.0000,0.0001

4367.8790,2.0905,2.2008,0.0000,0.0001

4368.8780,2.0900,2.2008,0.0000,0.0001

4369.8780,2.0875,2.1854,0.0000,0.0001

4370.8780,2.0875,2.1957,0.0000,0.0001

4371.8790,2.0875,2.2111,0.0000,0.0001

4372.8780,2.0885,2.2111,0.0000,0.0001

4373.8790,2.0855,2.1802,0.0000,0.0001

4374.8790,2.0900,2.2317,0.0000,0.0001

4375.8780,2.0905,2.2214,0.0000,0.0001

4376.8780,2.0895,2.1854,0.0000,0.0001

4377.8790,2.0905,2.2111,0.0000,0.0001

4378.8780,2.0895,2.1905,0.0000,0.0001

4379.8780,2.0865,2.1545,0.0000,0.0001

4380.8780,2.0890,2.2214,0.0000,0.0001

4381.8780,2.0900,2.2214,0.0000,0.0001

4382.8790,2.0954,2.2677,0.0000,0.0001

4383.8790,2.0999,2.2265,0.0000,0.0001

4384.8780,2.0964,2.1957,0.0000,0.0001

4385.8790,2.0974,2.2317,0.0000,0.0001

4386.8780,2.0979,2.1905,0.0000,0.0001

4387.8780,2.0989,2.2214,0.0000,0.0001

4388.8790,2.0989,2.1905,0.0000,0.0001

4389.8780,2.1039,2.2059,0.0000,0.0001

4390.8780,2.1014,2.1957,0.0000,0.0001

4391.8790,2.0999,2.2059,0.0000,0.0001

4392.8780,2.0934,2.2008,0.0000,0.0001

4393.8780,2.0914,2.2059,0.0000,0.0001

4394.8780,2.0939,2.2214,0.0000,0.0001

4395.8780,2.0929,2.2214,0.0000,0.0001

4396.8780,2.0949,2.2111,0.0000,0.0001

4397.8780,2.0885,2.1545,0.0000,0.0001

4398.8780,2.0895,2.2008,0.0000,0.0001

4399.8780,2.0890,2.2008,0.0000,0.0001

4400.8780,2.0905,2.2111,0.0000,0.0001

4401.8780,2.0900,2.2008,0.0000,0.0001

4402.8780,2.0890,2.1905,0.0000,0.0001

4403.8780,2.0890,2.2059,0.0000,0.0001

4404.8780,2.0875,2.2059,0.0000,0.0001

4405.8780,2.0805,2.1493,0.0000,0.0001

4406.8780,2.0760,2.1648,0.0000,0.0001

4407.8780,2.0830,2.2265,0.0000,0.0001

4408.8790,2.0845,2.2162,0.0000,0.0001

4409.8780,2.0830,2.1854,0.0000,0.0001

4410.8780,2.0810,2.1905,0.0000,0.0001

4411.8780,2.0815,2.2059,0.0000,0.0001

4412.8780,2.0840,2.2162,0.0000,0.0001

4413.8780,2.0840,2.2059,0.0000,0.0001

4414.8790,2.0855,2.2214,0.0000,0.0000

4415.8780,2.0914,2.2111,0.0000,0.0001

4416.8790,2.0969,2.2214,0.0000,0.0001

4417.8780,2.0939,2.1957,0.0000,0.0001

4418.8790,2.0914,2.1905,0.0000,0.0001

4419.8780,2.0929,2.2008,0.0000,0.0001

4420.8780,2.0900,2.1596,0.0000,0.0001

4421.8790,2.0905,2.2111,0.0000,0.0001

4422.8790,2.0919,2.2317,0.0000,0.0001

4423.8780,2.0919,2.2059,0.0000,0.0001

4424.8780,2.0900,2.2008,0.0000,0.0001

4425.8780,2.0875,2.1854,0.0000,0.0001

4426.8790,2.0815,2.1596,0.0000,0.0001

4427.8780,2.0855,2.2368,0.0000,0.0001

4428.8780,2.0895,2.2317,0.0000,0.0001

4429.8790,2.0924,2.2317,0.0000,0.0001

4430.8780,2.0969,2.2059,0.0000,0.0001

4431.8780,2.0969,2.2111,0.0000,0.0001

4432.8780,2.0934,2.1957,0.0000,0.0001

4433.8780,2.0919,2.1905,0.0000,0.0001

4434.8780,2.0924,2.2059,0.0000,0.0001

4435.8780,2.0924,2.1854,0.0000,0.0001

4436.8790,2.0984,2.2214,0.0000,0.0001

4437.8780,2.0944,2.1957,0.0000,0.0001

4438.8780,2.0910,2.1957,0.0000,0.0001

4439.8780,2.0885,2.2059,0.0000,0.0001

4440.8780,2.0885,2.2059,0.0000,0.0001

4441.8780,2.0934,2.2625,0.0000,0.0001

4442.8790,2.0954,2.2162,0.0000,0.0001

4443.8780,2.0929,2.1648,0.0000,0.0001

4444.8780,2.0929,2.2059,0.0000,0.0001

4445.8780,2.0954,2.2111,0.0000,0.0001

4446.8780,2.0934,2.2008,0.0000,0.0001

4447.8790,2.0954,2.2162,0.0000,0.0001

4448.8790,2.0979,2.2214,0.0000,0.0001

4449.8780,2.0964,2.1905,0.0000,0.0001

4450.8780,2.0954,2.1957,0.0000,0.0001

4451.8780,2.0845,2.1493,0.0000,0.0001

4452.8790,2.0840,2.2111,0.0000,0.0001

4453.8780,2.0885,2.2111,0.0000,0.0001

4454.8790,2.0885,2.2059,0.0000,0.0001

4455.8780,2.0905,2.2317,0.0000,0.0001

4456.8780,2.0875,2.1699,0.0000,0.0001

4457.8780,2.0905,2.2471,0.0000,0.0001

4458.8780,2.0905,2.2214,0.0000,0.0001

4459.8780,2.0934,2.2214,0.0000,0.0001

4460.8780,2.0944,2.2059,0.0000,0.0001

4461.8790,2.0974,2.1802,0.0000,0.0000

4462.8780,2.1004,2.2420,0.0000,0.0001

4463.8780,2.0969,2.1751,0.0000,0.0001

4464.8780,2.0134,1.3416,0.0000,0.0001

4465.8780,1.8236,0.2662,0.0000,0.0001

4466.8780,1.6228,0.0913,0.0000,0.0001

4467.8780,1.4095,0.0399,0.0000,0.0001

4468.8780,1.1973,0.0244,0.0000,0.0001

4469.8780,0.9856,0.0296,0.0000,0.0001

4470.8780,0.7788,0.0656,0.0000,0.0001

4471.8780,0.5751,0.0707,0.0000,0.0001

4472.8780,0.3613,0.0296,0.0000,0.0001

4473.8790,0.1561,0.0501,0.0000,0.0001

4474.8780,0.0303,0.0399,0.0000,0.0001

4475.8790,0.0070,0.0244,0.0000,0.0001

4476.8780,0.0035,0.0553,0.0000,0.0001

4477.8780,0.0015,0.0193,0.0000,0.0001

4478.8780,-0.0025,-0.0167,0.0000,0.0001

4479.8780,-0.0025,0.0296,0.0000,0.0001

4480.8780,-0.0055,0.0347,0.0000,0.0001

4481.8780,-0.0099,0.0244,0.0000,0.0001

4482.8780,-0.0089,0.0399,0.0000,0.0001

4483.8780,-0.0089,0.0501,0.0000,0.0001

4484.8780,-0.0099,0.0296,0.0000,0.0001

4485.8780,-0.0070,0.0553,0.0000,0.0001

4486.8780,-0.0084,0.0399,0.0000,0.0001

4487.8780,-0.0050,0.0553,0.0000,0.0001

4488.8780,0.0015,0.0501,0.0000,0.0001

4489.8780,0.0045,0.0604,0.0000,0.0001

4490.8790,0.0060,0.0501,0.0000,0.0001

4491.8780,0.0124,0.0913,0.0000,0.0001

4492.8780,0.0129,0.0450,0.0000,0.0001

4493.8780,0.0094,0.0141,0.0000,0.0001

4494.8780,0.0094,0.0296,0.0000,0.0001

4495.8780,0.0080,0.0399,0.0000,0.0001

4496.8780,0.0060,0.0193,0.0000,0.0001

4497.8790,0.0085,0.0810,0.0000,0.0001

4498.8780,0.0070,0.0347,0.0000,0.0001

4499.8780,0.0045,0.0347,0.0000,0.0001

4500.8780,0.0080,0.0862,0.0000,0.0001

4501.8790,0.0025,0.0347,0.0000,0.0001

4502.8780,0.0035,0.0553,0.0000,0.0001

4503.8780,0.0045,0.0244,0.0000,0.0001

4504.8780,0.0060,0.0450,0.0000,0.0001

4505.8790,0.0065,0.0450,0.0000,0.0001

4506.8780,0.0075,0.0296,0.0000,0.0001

4507.8790,0.0035,0.0399,0.0000,0.0001

4508.8780,0.0025,0.0244,0.0000,0.0001

4509.8780,0.0055,0.0656,0.0000,0.0001

4510.8780,0.0005,0.0347,0.0000,0.0001

4511.8780,-0.0020,0.0090,0.0000,0.0001

4512.8780,-0.0045,0.0296,0.0000,0.0001

4513.8780,-0.0060,0.0090,0.0000,0.0001

4514.8790,-0.0055,0.0501,0.0000,0.0001

4515.8780,-0.0075,0.0244,0.0000,0.0001

4516.8790,-0.0050,0.0553,0.0000,0.0001

4517.8780,-0.0025,0.0656,0.0000,0.0001

4518.8780,0.0015,0.0656,0.0000,0.0001

4519.8780,-0.0015,0.0347,0.0000,0.0001

4520.8780,-0.0025,0.0244,0.0000,0.0001

4521.8780,0.0015,0.0501,0.0000,0.0001

4522.8780,0.0015,0.0296,0.0000,0.0001

4523.8790,0.0075,0.0707,0.0000,0.0001

4524.8790,0.0070,0.0450,0.0000,0.0001

4525.8780,0.0075,0.0296,0.0000,0.0001

4526.8780,0.0109,0.0913,0.0000,0.0001

4527.8780,0.0154,0.1119,0.0000,0.0001

4528.8780,0.0139,0.0501,0.0000,0.0001

4529.8790,0.0164,0.0604,0.0000,0.0001

4530.8780,0.0199,0.0604,0.0000,0.0001

4531.8780,0.0189,0.0399,0.0000,0.0001

4532.8790,0.0194,0.0347,0.0000,0.0001

4533.8790,0.0164,0.0399,0.0000,0.0001

4534.8780,0.0174,0.0553,0.0000,0.0001

4535.8780,0.0169,0.0244,0.0000,0.0001

4536.8780,0.0104,0.0244,0.0000,0.0001

4537.8780,0.0040,0.0450,0.0000,0.0001

4538.8780,-0.0035,-0.0270,0.0000,0.0001

4539.8780,-0.0065,0.0296,0.0000,0.0001

4540.8780,-0.0109,0.0141,0.0000,0.0001

4541.8780,-0.0114,0.0347,0.0000,0.0001

4542.8780,-0.0055,0.0965,0.0000,0.0001

4543.8780,-0.0050,0.0450,0.0000,0.0001

4544.8780,-0.0060,0.0450,0.0000,0.0001

4545.8780,-0.0045,0.0399,0.0000,0.0001

4546.8780,0.0010,0.0810,0.0000,0.0001

4547.8780,0.0025,0.0604,0.0000,0.0001

4548.8780,0.0075,0.0244,0.0000,0.0001

4549.8780,0.0075,0.0296,0.0000,0.0001

4550.8780,0.0109,0.0501,0.0000,0.0001

4551.8780,0.0114,0.0399,0.0000,0.0001

4552.8780,0.0045,0.0244,0.0000,0.0001

4553.8780,0.0035,0.0347,0.0000,0.0001

4554.8780,0.0065,0.0759,0.0000,0.0001

4555.8780,0.0080,0.0553,0.0000,0.0001

4556.8780,0.0055,0.0553,0.0000,0.0001

4557.8780,0.0020,0.0244,0.0000,0.0001

4558.8780,0.0040,0.0450,0.0000,0.0001

4559.8780,0.0055,0.0450,0.0000,0.0001

4560.8780,0.0035,0.0296,0.0000,0.0001

4561.8780,0.0065,0.0707,0.0000,0.0001

4562.8780,0.0094,0.0553,0.0000,0.0001

4563.8780,0.0094,0.0347,0.0000,0.0001

4564.8780,0.0060,0.0399,0.0000,0.0001

4565.8780,0.0030,0.0244,0.0000,0.0001

4566.8780,0.0040,0.0656,0.0000,0.0001

4567.8780,0.0035,0.0193,0.0000,0.0001

4568.8780,0.0025,0.0347,0.0000,0.0001

4569.8780,0.0015,0.0347,0.0000,0.0001

4570.8780,0.0030,0.0450,0.0000,0.0001

4571.8790,-0.0020,0.0193,0.0000,0.0001

4572.8780,-0.0055,0.0193,0.0000,0.0001

4573.8790,-0.0035,0.0553,0.0000,0.0001

4574.8780,-0.0040,0.0347,0.0000,0.0000

4575.8780,-0.0040,0.0244,0.0000,0.0001

4576.8780,-0.0075,0.0296,0.0000,0.0001

4577.8790,-0.0075,0.0193,0.0000,0.0001

4578.8780,-0.0079,0.0296,0.0000,0.0000

4579.8780,-0.0099,0.0141,0.0000,0.0001

4580.8780,-0.0159,-0.0167,0.0000,0.0001

4581.8780,-0.0134,0.0450,0.0000,0.0001

4582.8780,-0.0129,0.0244,0.0000,0.0001

4583.8780,-0.0149,0.0347,0.0000,0.0001

4584.8780,-0.0070,0.1170,0.0000,0.0001

4585.8780,-0.0070,0.0244,0.0000,0.0001

4586.8790,-0.0055,0.0450,0.0000,0.0001

4587.8780,-0.0045,0.0296,0.0000,0.0001

4588.8780,-0.0025,0.0501,0.0000,0.0001

4589.8780,-0.0030,0.0090,0.0000,0.0001

4590.8780,0.0020,0.0347,0.0000,0.0001

4591.8790,0.0015,0.0399,0.0000,0.0001

4592.8780,0.0025,0.0347,0.0000,0.0001

4593.8780,0.0025,0.0347,0.0000,0.0001

4594.8790,-0.0050,0.0399,0.0000,0.0001

4595.8790,-0.0040,0.0347,0.0000,0.0001

4596.8780,-0.0040,0.0450,0.0000,0.0001

4597.8780,-0.0005,0.0656,0.0000,0.0001

4598.8790,-0.0020,0.0347,0.0000,0.0001

4599.8780,0.0005,0.0347,0.0000,0.0001

4600.8780,-0.0005,0.0244,0.0000,0.0001

4601.8780,0.0025,0.0707,0.0000,0.0001

4602.8780,0.0020,0.0296,0.0000,0.0001

4603.8780,0.0020,0.0347,0.0000,0.0001

4604.8790,-0.0010,0.0090,0.0000,0.0001

4605.8780,-0.0015,0.0296,0.0000,0.0001

4606.8790,-0.0020,0.0399,0.0000,0.0001

4607.8790,-0.0040,0.0450,0.0000,0.0001

4608.8780,-0.0040,0.0347,0.0000,0.0001

4609.8780,0.0005,0.0810,0.0000,0.0001

4610.8780,0.0050,0.0707,0.0000,0.0001

4611.8790,0.0005,0.0244,0.0000,0.0000

4612.8780,-0.0005,0.0193,0.0000,0.0001

4613.8780,-0.0020,0.0193,0.0000,0.0001

4614.8790,-0.0005,0.0244,0.0000,0.0001

4615.8780,0.0040,0.0759,0.0000,0.0001

4616.8780,0.0055,0.0553,0.0000,0.0001

4617.8780,0.0020,0.0090,0.0000,0.0001

4618.8780,-0.0005,0.0090,0.0000,0.0001

4619.8780,-0.0025,0.0604,0.0000,0.0001

4620.8780,-0.0055,0.0399,0.0000,0.0001

4621.8780,-0.0045,0.0347,0.0000,0.0001

4622.8790,-0.0040,0.0244,0.0000,0.0001

4623.8780,0.0000,0.0604,0.0000,0.0001

4624.8780,0.0010,0.0347,0.0000,0.0001

4625.8780,-0.0030,0.0347,0.0000,0.0001

4626.8780,-0.0050,0.0347,0.0000,0.0001

4627.8780,-0.0035,0.0244,0.0000,0.0001

4628.8780,-0.0050,-0.0065,0.0000,0.0001

4629.8790,-0.0065,0.0450,0.0000,0.0001

4630.8780,-0.0065,0.0399,0.0000,0.0001

4631.8790,-0.0060,0.0399,0.0000,0.0001

4632.8780,-0.0030,0.0553,0.0000,0.0001

4633.8780,-0.0070,0.0193,0.0000,0.0001

4634.8790,-0.0070,0.0347,0.0000,0.0001

4635.8790,-0.0050,0.0553,0.0000,0.0001

4636.8780,-0.0015,0.0707,0.0000,0.0001

4637.8790,-0.0015,0.0244,0.0000,0.0001

4638.8790,0.0020,0.0296,0.0000,0.0001

4639.8790,0.0025,0.0501,0.0000,0.0001

4640.8790,0.0030,0.0450,0.0000,0.0001

4641.8780,0.0035,0.0450,0.0000,0.0001

4642.8780,0.0005,0.0244,0.0000,0.0001

4643.8790,0.0060,0.0759,0.0000,0.0001

4644.8780,0.0040,0.0141,0.0000,0.0001

4645.8780,0.0000,0.0141,0.0000,0.0001

4646.8780,-0.0020,0.0501,0.0000,0.0001

4647.8780,-0.0005,0.0399,0.0000,0.0001

4648.8780,0.1074,1.1461,0.0000,0.0001

4649.8780,0.6347,5.5091,0.0000,0.0001

4650.8790,1.1894,5.7869,0.0000,0.0001

4651.8780,1.7415,5.7612,0.0000,0.0000

4652.8790,2.2952,5.7561,0.0000,0.0001

4653.8780,2.8484,5.8024,0.0000,0.0001

4654.8780,3.4110,5.8384,0.0000,0.0001

4655.8790,3.9722,5.8229,0.0000,0.0001

4656.8780,4.5253,5.7766,0.0000,0.0001

4657.8780,5.0760,5.7406,0.0000,0.0001

4658.8780,5.5243,5.7869,0.0000,0.0001

4659.8780,5.5507,5.7818,0.0000,0.0001

4660.8780,5.5507,5.7869,0.0000,0.0001

4661.8780,5.5547,5.8024,0.0000,0.0001

4662.8780,5.5552,5.7612,0.0000,0.0001

4663.8780,5.5542,5.7921,0.0000,0.0001

4664.8780,5.5472,5.7664,0.0000,0.0001

4665.8780,5.5432,5.7818,0.0000,0.0001

4666.8780,5.5417,5.7612,0.0000,0.0001

4667.8790,5.5462,5.7869,0.0000,0.0001

4668.8780,5.5432,5.7561,0.0000,0.0001

4669.8780,5.5422,5.7715,0.0000,0.0001

4670.8780,5.5422,5.7869,0.0000,0.0001

4671.8780,5.3737,4.0582,0.0000,0.0001

4672.8780,5.1953,3.9141,0.0000,0.0001

4673.8780,5.0144,3.9193,0.0000,0.0001

4674.8780,4.8350,3.9090,0.0000,0.0001

4675.8790,4.6536,3.9038,0.0000,0.0001

4676.8780,4.4771,3.9347,0.0000,0.0001

4677.8780,4.2962,3.9141,0.0000,0.0001

4678.8790,4.1178,3.9090,0.0000,0.0001

4679.8790,3.9379,3.9090,0.0000,0.0001

4680.8780,3.7574,3.9193,0.0000,0.0001

4681.8780,3.7430,3.9090,0.0000,0.0001

4682.8780,3.7455,3.9398,0.0000,0.0001

4683.8790,3.7455,3.9193,0.0000,0.0001

4684.8780,3.7530,3.9861,0.0000,0.0001

4685.8790,3.7560,3.9347,0.0000,0.0001

4686.8780,3.7540,3.9141,0.0000,0.0001

4687.8780,3.7530,3.9038,0.0000,0.0001

4688.8780,3.7560,3.9398,0.0000,0.0001

4689.8780,3.7555,3.9038,0.0000,0.0001

4690.8780,3.7584,3.9501,0.0000,0.0001

4691.8790,3.7584,3.9090,0.0000,0.0001

4692.8780,3.7584,3.9398,0.0000,0.0001

4693.8780,3.7584,3.9193,0.0000,0.0001

4694.8780,3.7530,3.9295,0.0000,0.0001

4695.8780,3.7495,3.8987,0.0000,0.0001

4696.8780,3.7520,3.9398,0.0000,0.0001

4697.8780,3.7510,3.8935,0.0000,0.0001

4698.8780,3.7510,3.9398,0.0000,0.0001

4699.8780,3.7525,3.9193,0.0000,0.0001

4700.8780,3.7485,3.9090,0.0000,0.0001

4701.8790,3.7500,3.9244,0.0000,0.0001

4702.8780,3.7450,3.8884,0.0000,0.0001

4703.8780,3.7455,3.9244,0.0000,0.0001

4704.8780,3.7450,3.9244,0.0000,0.0001

4705.8780,3.7401,3.8472,0.0000,0.0001

4706.8780,3.7107,3.6363,0.0000,0.0001

4707.8780,3.6829,3.6054,0.0000,0.0001

4708.8780,3.6506,3.6054,0.0000,0.0001

4709.8780,3.6208,3.6106,0.0000,0.0001

4710.8780,3.5900,3.5900,0.0000,0.0001

4711.8780,3.5572,3.5848,0.0000,0.0001

4712.8780,3.5293,3.6003,0.0000,0.0000

4713.8790,3.4985,3.6054,0.0000,0.0001

4714.8780,3.4697,3.6260,0.0000,0.0001

4715.8780,3.4399,3.5385,0.0000,0.0001

4716.8790,3.4225,3.4562,0.0000,0.0001

4717.8780,3.4115,3.4922,0.0000,0.0001

4718.8790,3.3961,3.4459,0.0000,0.0001

4719.8780,3.3832,3.4768,0.0000,0.0001

4720.8780,3.3628,3.3790,0.0000,0.0001

4721.8780,3.3444,3.3945,0.0000,0.0001

4722.8790,3.3156,3.3018,0.0000,0.0001

4723.8780,3.2942,3.3842,0.0000,0.0001

4724.8780,3.2669,3.3430,0.0000,0.0001

4725.8780,3.2560,3.4253,0.0000,0.0001

4726.8780,3.2485,3.3790,0.0000,0.0001

4727.8780,3.2356,3.3584,0.0000,0.0001

4728.8780,3.2296,3.3842,0.0000,0.0001

4729.8780,3.2227,3.4047,0.0000,0.0001

4730.8780,3.2251,3.4047,0.0000,0.0001

4731.8780,3.2232,3.3739,0.0000,0.0001

4732.8790,3.2316,3.3893,0.0000,0.0001

4733.8790,3.2316,3.3842,0.0000,0.0001

4734.8780,3.2351,3.3790,0.0000,0.0001

4735.8790,3.2286,3.3584,0.0000,0.0001

4736.8780,3.2301,3.3945,0.0000,0.0001

4737.8780,3.2286,3.3430,0.0000,0.0001

4738.8790,3.2296,3.3945,0.0000,0.0001

4739.8780,3.2261,3.3687,0.0000,0.0001

4740.8780,3.2227,3.3687,0.0000,0.0001

4741.8780,3.2227,3.3739,0.0000,0.0001

4742.8780,3.2217,3.3790,0.0000,0.0001

4743.8780,3.2207,3.3739,0.0000,0.0000

4744.8780,3.2202,3.3739,0.0000,0.0001

4745.8780,3.2237,3.3945,0.0000,0.0001

4746.8780,3.2241,3.3996,0.0000,0.0001

4747.8780,3.2271,3.3739,0.0000,0.0001

4748.8780,3.2222,3.3430,0.0000,0.0001

4749.8790,3.2301,3.4511,0.0000,0.0001

4750.8780,3.2341,3.4099,0.0000,0.0001

4751.8780,3.2346,3.3790,0.0000,0.0001

4752.8780,3.2321,3.3533,0.0000,0.0001

4753.8780,3.2336,3.3893,0.0000,0.0001

4754.8780,3.2351,3.3893,0.0000,0.0001

4755.8780,3.2311,3.3533,0.0000,0.0001

4756.8780,3.2281,3.3687,0.0000,0.0001

4757.8780,3.2276,3.3687,0.0000,0.0001

4758.8780,3.2311,3.3790,0.0000,0.0001

4759.8780,3.2246,3.3842,0.0000,0.0001

4760.8790,3.2177,3.3379,0.0000,0.0001

4761.8780,3.2132,3.3327,0.0000,0.0001

4762.8780,3.2102,3.3224,0.0000,0.0001

4763.8780,3.2018,3.3018,0.0000,0.0001

4764.8790,3.1963,3.3327,0.0000,0.0001

4765.8780,3.1904,3.2916,0.0000,0.0001

4766.8780,3.1839,3.3018,0.0000,0.0001

4767.8790,3.1744,3.2710,0.0000,0.0001

4768.8780,3.1630,3.2607,0.0000,0.0001

4769.8780,3.1511,3.2607,0.0000,0.0001

4770.8780,3.1456,3.2813,0.0000,0.0001

4771.8780,3.1402,3.2761,0.0000,0.0001

4772.8780,3.1387,3.3070,0.0000,0.0001

4773.8790,3.1377,3.2916,0.0000,0.0000

4774.8790,3.1322,3.2761,0.0000,0.0001

4775.8780,3.1312,3.2813,0.0000,0.0001

4776.8780,3.1322,3.3121,0.0000,0.0001

4777.8790,3.1332,3.2813,0.0000,0.0001

4778.8780,3.1387,3.3173,0.0000,0.0001

4779.8780,3.1431,3.3070,0.0000,0.0001

4780.8780,3.1446,3.2967,0.0000,0.0001

4781.8780,3.1446,3.2761,0.0000,0.0001

4782.8780,3.1431,3.2916,0.0000,0.0001

4783.8780,3.1426,3.2864,0.0000,0.0000

4784.8780,3.1451,3.3018,0.0000,0.0001

4785.8780,3.1456,3.2864,0.0000,0.0001

4786.8780,3.1431,3.2864,0.0000,0.0001

4787.8790,3.1436,3.2864,0.0000,0.0001

4788.8790,3.1387,3.2658,0.0000,0.0001

4789.8780,3.1337,3.2555,0.0000,0.0001

4790.8780,3.1322,3.2813,0.0000,0.0001

4791.8780,3.1317,3.2710,0.0000,0.0001

4792.8780,3.1282,3.2555,0.0000,0.0001

4793.8780,3.1297,3.3018,0.0000,0.0001

4794.8780,3.1292,3.2967,0.0000,0.0001

4795.8780,3.1332,3.3276,0.0000,0.0001

4796.8780,3.1347,3.3018,0.0000,0.0001

4797.8780,3.1347,3.2864,0.0000,0.0001

4798.8790,3.1352,3.2710,0.0000,0.0001

4799.8790,3.1382,3.2864,0.0000,0.0001

4800.8780,3.1416,3.3173,0.0000,0.0001

4801.8780,3.1431,3.2864,0.0000,0.0001

4802.8780,3.1461,3.2864,0.0000,0.0000

4803.8780,3.1426,3.2658,0.0000,0.0001

4804.8790,3.1411,3.2813,0.0000,0.0001

4805.8780,3.1372,3.2864,0.0000,0.0001

4806.8780,3.1387,3.3173,0.0000,0.0001

4807.8780,3.1402,3.3018,0.0000,0.0001

4808.8780,3.1451,3.3224,0.0000,0.0001

4809.8780,3.1441,3.2761,0.0000,0.0001

4810.8790,3.1372,3.2453,0.0000,0.0001

4811.8780,3.1372,3.2864,0.0000,0.0001

4812.8780,3.1307,3.2195,0.0000,0.0001

4813.8780,3.1228,3.1835,0.0000,0.0001

4814.8780,3.0954,2.9983,0.0000,0.0001

4815.8780,3.0651,2.9726,0.0000,0.0001

4816.8790,3.0293,2.9468,0.0000,0.0001

4817.8780,2.9975,2.9726,0.0000,0.0001

4818.8780,2.9384,2.7102,0.0000,0.0001

4819.8790,2.8812,2.6844,0.0000,0.0001

4820.8780,2.8275,2.6896,0.0000,0.0001

4821.8790,2.7719,2.7102,0.0000,0.0001

4822.8780,2.7212,2.6947,0.0000,0.0001

4823.8790,2.6749,2.7050,0.0000,0.0001

4824.8780,2.6471,2.7102,0.0000,0.0001

4825.8780,2.6203,2.6947,0.0000,0.0001

4826.8780,2.5954,2.6896,0.0000,0.0001

4827.8780,2.5701,2.7102,0.0000,0.0001

4828.8780,2.5731,2.7410,0.0000,0.0001

4829.8790,2.5745,2.6999,0.0000,0.0001

4830.8780,2.5770,2.7153,0.0000,0.0001

4831.8780,2.5745,2.6844,0.0000,0.0001

4832.8780,2.5755,2.7050,0.0000,0.0001

4833.8780,2.5745,2.6947,0.0000,0.0001

4834.8780,2.5765,2.7307,0.0000,0.0001

4835.8790,2.5785,2.7153,0.0000,0.0001

4836.8780,2.5805,2.7102,0.0000,0.0001

4837.8780,2.5765,2.6690,0.0000,0.0001

4838.8790,2.5760,2.7359,0.0000,0.0001

4839.8780,2.5785,2.7256,0.0000,0.0001

4840.8780,2.5790,2.7205,0.0000,0.0001

4841.8780,2.5815,2.7102,0.0000,0.0001

4842.8780,2.5820,2.7102,0.0000,0.0001

4843.8780,2.5845,2.7205,0.0000,0.0001

4844.8790,2.5815,2.6999,0.0000,0.0001

4845.8780,2.5770,2.6690,0.0000,0.0001

4846.8790,2.5472,2.4015,0.0000,0.0001

4847.8780,2.4160,1.3107,0.0000,0.0001

4848.8790,2.2644,1.1666,0.0000,0.0001

4849.8780,2.1193,1.2232,0.0000,0.0001

4850.8780,1.9766,1.2438,0.0000,0.0001

4851.8780,1.8335,1.2284,0.0000,0.0001

4852.8790,1.6909,1.2335,0.0000,0.0001

4853.8790,1.5437,1.1975,0.0000,0.0001

4854.8790,1.3966,1.1769,0.0000,0.0001

4855.8790,1.2520,1.1718,0.0000,0.0001

4856.8780,1.1317,1.1563,0.0000,0.0001

4857.8780,1.1178,1.1666,0.0000,0.0001

4858.8780,1.1158,1.1461,0.0000,0.0001

4859.8790,1.1103,1.1666,0.0000,0.0001

4860.8780,1.1024,1.1615,0.0000,0.0001

4861.8780,1.0974,1.1769,0.0000,0.0001

4862.8780,1.0875,1.1306,0.0000,0.0001

4863.8790,1.0845,1.1666,0.0000,0.0001

4864.8780,1.0820,1.1512,0.0000,0.0001

4865.8780,1.0800,1.1512,0.0000,0.0001

4866.8780,1.0820,1.1769,0.0000,0.0001

4867.8780,1.0790,1.1358,0.0000,0.0001

4868.8780,1.0765,1.1203,0.0000,0.0001

4869.8780,1.0731,1.1306,0.0000,0.0001

4870.8780,1.0681,1.1100,0.0000,0.0001

4871.8780,1.0631,1.1255,0.0000,0.0001

4872.8780,1.0606,1.1049,0.0000,0.0001

4873.8780,1.0562,1.1203,0.0000,0.0001

4874.8790,1.0547,1.1358,0.0000,0.0001

4875.8780,1.0552,1.1563,0.0000,0.0001

4876.8790,1.0562,1.1872,0.0000,0.0001

4877.8780,1.0572,1.1461,0.0000,0.0001

4878.8780,1.0567,1.1152,0.0000,0.0001

4879.8780,1.0547,1.1100,0.0000,0.0001

4880.8780,1.0552,1.1152,0.0000,0.0001

4881.8780,1.0527,1.0997,0.0000,0.0001

4882.8780,1.0537,1.1152,0.0000,0.0001

4883.8780,1.0567,1.1512,0.0000,0.0001

4884.8790,1.0542,1.1100,0.0000,0.0001

4885.8780,1.0512,1.1255,0.0000,0.0001

4886.8780,1.0487,1.1615,0.0000,0.0001

4887.8780,1.0457,1.1152,0.0000,0.0001

4888.8780,1.0512,1.1718,0.0000,0.0001

4889.8780,1.0577,1.1769,0.0000,0.0001

4890.8790,0.9528,0.0296,0.0000,0.0001

4891.8780,0.8519,0.0553,0.0000,0.0001

4892.8780,0.7480,0.0399,0.0000,0.0001

4893.8780,0.6412,0.0450,0.0000,0.0001

4894.8790,0.5363,0.0244,0.0000,0.0001

4895.8780,0.4185,-0.0939,0.0000,0.0001

4896.8780,0.3052,-0.0116,0.0000,0.0001

4897.8780,0.2008,0.0347,0.0000,0.0001

4898.8780,0.0910,0.0347,0.0000,0.0001

4899.8780,-0.0184,0.0450,0.0000,0.0001

4900.8780,-0.0184,0.0296,0.0000,0.0001

4901.8780,-0.0169,0.0707,0.0000,0.0001

4902.8780,-0.0154,0.0553,0.0000,0.0001

4903.8780,-0.0174,0.0244,0.0000,0.0001

4904.8780,-0.0134,0.0656,0.0000,0.0001

4905.8780,0.0005,0.0501,0.0000,0.0001

4906.8780,0.0040,0.0244,0.0000,0.0001

4907.8790,0.0000,-0.0065,0.0000,0.0001

4908.8790,0.0015,0.0501,0.0000,0.0001

4909.8780,0.0025,0.0553,0.0000,0.0001

4910.8790,0.0025,0.0296,0.0000,0.0001

4911.8780,-0.0030,0.0141,0.0000,0.0001

4912.8780,-0.0060,0.0244,0.0000,0.0001

4913.8780,-0.0045,0.0399,0.0000,0.0001

4914.8780,-0.0065,0.0450,0.0000,0.0001

4915.8780,-0.0060,0.0553,0.0000,0.0001

4916.8780,-0.0060,0.0244,0.0000,0.0001

4917.8790,0.0000,0.0553,0.0000,0.0001

4918.8780,-0.0030,0.0193,0.0000,0.0001

4919.8790,0.0000,0.0862,0.0000,0.0001

4920.8780,-0.0025,0.0038,0.0000,0.0001

4921.8780,-0.0025,0.0141,0.0000,0.0001

4922.8790,-0.0025,0.0244,0.0000,0.0001

4923.8780,-0.0015,0.0501,0.0000,0.0001

4924.8780,0.0010,0.0707,0.0000,0.0001

4925.8780,0.0015,0.0604,0.0000,0.0001

4926.8790,0.0025,0.0347,0.0000,0.0001

4927.8780,0.0010,0.0399,0.0000,0.0001

4928.8790,-0.0020,-0.0116,0.0000,0.0001

4929.8780,-0.0035,0.0707,0.0000,0.0001

4930.8780,0.0030,0.0707,0.0000,0.0001

4931.8780,0.0045,0.0296,0.0000,0.0001

4932.8780,0.0045,0.0244,0.0000,0.0001

4933.8780,0.0020,0.0244,0.0000,0.0001

4934.8780,0.0015,0.0656,0.0000,0.0001

4935.8780,-0.0020,0.0244,0.0000,0.0001

4936.8780,0.0065,0.1222,0.0000,0.0001

4937.8780,0.0070,0.0450,0.0000,0.0001

4938.8780,0.0119,0.0399,0.0000,0.0001

4939.8780,0.0099,0.0501,0.0000,0.0001

4940.8790,0.0085,0.0553,0.0000,0.0001

4941.8780,0.0154,0.1016,0.0000,0.0001

4942.8780,0.0129,-0.0013,0.0000,0.0001

4943.8780,0.0149,0.0450,0.0000,0.0001

4944.8780,0.0144,0.0604,0.0000,0.0001

4945.8780,0.0144,0.0244,0.0000,0.0001

4946.8780,0.0080,0.0553,0.0000,0.0001

4947.8790,0.0094,0.0604,0.0000,0.0001

4948.8780,0.0060,0.0038,0.0000,0.0001

4949.8780,0.0040,0.0296,0.0000,0.0001

4950.8780,0.0035,0.0501,0.0000,0.0001

4951.8780,-0.0025,0.0399,0.0000,0.0001

4952.8790,0.0010,0.0347,0.0000,0.0001

4953.8780,0.0020,0.0553,0.0000,0.0001

4954.8790,-0.0005,0.0347,0.0000,0.0001

4955.8790,0.0020,0.0501,0.0000,0.0001

4956.8780,0.0025,0.0604,0.0000,0.0001

4957.8790,0.0005,0.0399,0.0000,0.0001

4958.8790,0.0035,0.0347,0.0000,0.0001

4959.8780,0.0070,0.0656,0.0000,0.0001

4960.8780,0.0060,0.0399,0.0000,0.0001

4961.8780,0.0040,0.0193,0.0000,0.0001

4962.8780,0.0045,0.0399,0.0000,0.0001

4963.8780,0.0124,0.1376,0.0000,0.0001

4964.8790,0.0144,0.0553,0.0000,0.0001

4965.8780,0.0139,0.0450,0.0000,0.0001

4966.8790,0.0139,0.0604,0.0000,0.0001

4967.8780,0.0139,0.0399,0.0000,0.0001

4968.8780,0.0154,0.0501,0.0000,0.0001

4969.8790,0.0094,0.0038,0.0000,0.0001

4970.8780,0.0114,0.0604,0.0000,0.0001

4971.8780,0.0129,0.0347,0.0000,0.0001

4972.8780,0.0129,0.0399,0.0000,0.0001

4973.8790,0.0020,0.0244,0.0000,0.0001

4974.8780,-0.0005,0.0296,0.0000,0.0001

4975.8790,-0.0010,0.0399,0.0000,0.0001

4976.8790,-0.0055,0.0141,0.0000,0.0001

4977.8780,-0.0035,0.0604,0.0000,0.0001

4978.8780,-0.0065,0.0193,0.0000,0.0001

4979.8780,-0.0015,0.0553,0.0000,0.0001

4980.8790,0.0015,0.0913,0.0000,0.0001

4981.8780,-0.0005,0.0141,0.0000,0.0001

4982.8780,-0.0005,0.0399,0.0000,0.0001

4983.8780,-0.0020,0.0090,0.0000,0.0001

4984.8780,-0.0015,0.0347,0.0000,0.0001

4985.8780,-0.0015,0.0399,0.0000,0.0001

4986.8790,0.0015,0.0450,0.0000,0.0001

4987.8790,-0.0030,0.0141,0.0000,0.0001

4988.8790,-0.0065,-0.0167,0.0000,0.0001

4989.8780,-0.0050,0.0707,0.0000,0.0001

4990.8790,-0.0119,0.0193,0.0000,0.0001

4991.8780,-0.0089,0.0450,0.0000,0.0001

4992.8780,-0.0084,0.0450,0.0000,0.0001

4993.8780,-0.0025,0.0707,0.0000,0.0001

4994.8780,-0.0040,0.0193,0.0000,0.0001

4995.8780,-0.0050,0.0296,0.0000,0.0001

4996.8780,-0.0040,0.0553,0.0000,0.0001

4997.8780,-0.0015,0.0399,0.0000,0.0001

4998.8780,0.0035,0.0347,0.0000,0.0001

4999.8780,0.0010,0.0450,0.0000,0.0001

5000.8780,0.0020,0.0296,0.0000,0.0001

5001.8780,0.0005,0.0296,0.0000,0.0001

5002.8780,-0.0010,0.0296,0.0000,0.0001

5003.8780,-0.0035,0.0450,0.0000,0.0001

5004.8790,-0.0015,0.0399,0.0000,0.0001

5005.8790,0.2425,2.5558,0.0000,0.0001

5006.8780,0.5989,3.7443,0.0000,0.0001

5007.8790,0.9940,4.1302,0.0000,0.0001

5008.8780,1.4076,4.3154,0.0000,0.0001

5009.8780,1.8255,4.3720,0.0000,0.0001

5010.8780,2.2401,4.3206,0.0000,0.0001

5011.8780,2.6571,4.3463,0.0000,0.0001

5012.8780,3.0681,4.2846,0.0000,0.0001

5013.8780,3.4831,4.3412,0.0000,0.0001

5014.8780,3.9026,4.3823,0.0000,0.0001

5015.8780,4.0800,4.3926,0.0000,0.0001

5016.8780,4.1382,4.3463,0.0000,0.0001

5017.8780,4.1615,4.3720,0.0000,0.0001

5018.8780,4.2530,5.2621,0.0000,0.0001

5019.8780,4.3424,5.2981,0.0000,0.0001

5020.8780,4.4334,5.2621,0.0000,0.0001

5021.8790,4.5234,5.2776,0.0000,0.0001

5022.8790,4.6228,5.3136,0.0000,0.0001

5023.8780,4.7102,5.2467,0.0000,0.0001

5024.8780,4.7982,5.2930,0.0000,0.0001

5025.8780,4.8867,5.3084,0.0000,0.0001

5026.8790,4.9428,4.9277,0.0000,0.0001

5027.8780,4.9667,4.6190,0.0000,0.0001

5028.8780,4.9061,4.6344,0.0000,0.0001

5029.8790,4.8126,4.3309,0.0000,0.0001

5030.8780,4.7306,4.4132,0.0000,0.0001

5031.8780,4.6411,4.3514,0.0000,0.0001

5032.8780,4.5482,4.3514,0.0000,0.0001

5033.8780,4.4622,4.3566,0.0000,0.0001

5034.8790,4.3762,4.4029,0.0000,0.0001

5035.8780,4.2818,4.3309,0.0000,0.0001

5036.8790,4.2241,4.3309,0.0000,0.0001

5037.8780,4.1993,4.3617,0.0000,0.0001

5038.8780,4.1739,4.3720,0.0000,0.0001

5039.8780,4.1739,4.3309,0.0000,0.0001

5040.8780,4.1675,4.3463,0.0000,0.0001

5041.8780,4.1680,4.3566,0.0000,0.0001

5042.8780,4.1670,4.3412,0.0000,0.0001

5043.8780,4.1650,4.3360,0.0000,0.0001

5044.8780,4.1640,4.3926,0.0000,0.0001

5045.8780,4.1735,4.4286,0.0000,0.0001

5046.8780,4.1819,4.4183,0.0000,0.0001

5047.8780,4.1903,4.4492,0.0000,0.0001

5048.8780,4.2192,4.6704,0.0000,0.0001

5049.8780,4.2525,4.6756,0.0000,0.0001

5050.8780,4.2788,4.6190,0.0000,0.0001

5051.8790,4.3067,4.6447,0.0000,0.0001

5052.8780,4.3365,4.6499,0.0000,0.0001

5053.8780,4.3658,4.6396,0.0000,0.0001

5054.8790,4.3941,4.6859,0.0000,0.0001

5055.8780,4.4160,4.6550,0.0000,0.0001

5056.8780,4.4379,4.6447,0.0000,0.0001

5057.8780,4.4577,4.6550,0.0000,0.0001

5058.8790,4.4572,4.6653,0.0000,0.0001

5059.8780,4.5010,5.1284,0.0000,0.0001

5060.8780,4.5825,5.4628,0.0000,0.0001

5061.8780,4.6605,5.4525,0.0000,0.0001

5062.8780,4.7435,5.5091,0.0000,0.0001

5063.8780,4.8260,5.4937,0.0000,0.0001

5064.8780,4.9026,5.4782,0.0000,0.0001

5065.8790,4.9846,5.5040,0.0000,0.0001

5066.8780,5.0651,5.4782,0.0000,0.0001

5067.8780,5.1426,5.4576,0.0000,0.0001

5068.8780,5.2167,5.4319,0.0000,0.0001

5069.8780,5.2475,5.4474,0.0000,0.0001

5070.8780,5.2455,5.4422,0.0000,0.0001

5071.8780,5.2410,5.4062,0.0000,0.0001

5072.8780,5.2311,5.4062,0.0000,0.0000

5073.8780,5.2157,5.3342,0.0000,0.0001

5074.8780,5.2028,5.3445,0.0000,0.0001

5075.8780,5.1859,5.3290,0.0000,0.0001

5076.8780,5.1749,5.3650,0.0000,0.0001

5077.8780,5.1635,5.3393,0.0000,0.0001

5078.8790,5.1506,5.2981,0.0000,0.0001

5079.8780,5.1347,5.2827,0.0000,0.0001

5080.8780,5.1183,5.2724,0.0000,0.0001

5081.8780,5.1103,5.3239,0.0000,0.0001

5082.8780,5.1029,5.3290,0.0000,0.0001

5083.8780,5.1019,5.3239,0.0000,0.0001

5084.8780,5.0974,5.2981,0.0000,0.0001

5085.8780,5.0939,5.2930,0.0000,0.0001

5086.8790,5.0934,5.3599,0.0000,0.0001

5087.8780,5.0909,5.3136,0.0000,0.0001

5088.8790,5.0895,5.2827,0.0000,0.0001

5089.8790,5.0939,5.3290,0.0000,0.0001

5090.8780,5.0994,5.3290,0.0000,0.0001

5091.8780,5.0964,5.2930,0.0000,0.0001

5092.8780,5.0924,5.2879,0.0000,0.0001

5093.8780,5.0890,5.2879,0.0000,0.0001

5094.8780,5.0885,5.2930,0.0000,0.0001

5095.8780,5.0890,5.2981,0.0000,0.0001

5096.8780,5.0790,5.2570,0.0000,0.0001

5097.8780,5.0780,5.3033,0.0000,0.0001

5098.8780,5.0795,5.2981,0.0000,0.0001

5099.8780,5.0825,5.3599,0.0000,0.0001

5100.8780,5.0810,5.3136,0.0000,0.0001

5101.8790,5.0790,5.2724,0.0000,0.0001

5102.8790,5.0790,5.2879,0.0000,0.0001

5103.8790,5.0785,5.2827,0.0000,0.0001

5104.8780,5.0765,5.2724,0.0000,0.0001

5105.8780,5.0750,5.2827,0.0000,0.0001

5106.8780,5.0780,5.2879,0.0000,0.0001

5107.8790,5.0755,5.2776,0.0000,0.0001

5108.8780,5.0716,5.2570,0.0000,0.0001

5109.8780,5.0661,5.3033,0.0000,0.0001

5110.8780,5.0641,5.2930,0.0000,0.0001

5111.8780,5.0646,5.2776,0.0000,0.0001

5112.8780,5.0656,5.2981,0.0000,0.0001

5113.8780,5.0626,5.2518,0.0000,0.0001

5114.8790,5.0566,5.2107,0.0000,0.0001

5115.8780,5.0537,5.2518,0.0000,0.0001

5116.8790,5.0452,5.2004,0.0000,0.0001

5117.8780,5.0348,5.1695,0.0000,0.0001

5118.8780,5.0278,5.1850,0.0000,0.0001

5119.8780,5.0134,5.1541,0.0000,0.0001

5120.8780,4.9960,5.1129,0.0000,0.0001

5121.8780,4.9781,5.0923,0.0000,0.0001

5122.8790,4.9587,5.0975,0.0000,0.0001

5123.8780,4.9413,5.0718,0.0000,0.0001

5124.8790,4.9319,5.1129,0.0000,0.0001

5125.8790,4.9155,5.0821,0.0000,0.0001

5126.8780,4.9061,5.1026,0.0000,0.0001

5127.8780,4.9006,5.1129,0.0000,0.0001

5128.8790,4.8941,5.1181,0.0000,0.0001

5129.8790,4.8916,5.1284,0.0000,0.0001

5130.8780,4.8882,5.0769,0.0000,0.0001

5131.8780,4.8901,5.1129,0.0000,0.0001

5132.8790,4.8906,5.1026,0.0000,0.0001

5133.8780,4.8921,5.0872,0.0000,0.0001

5134.8780,4.8887,5.0769,0.0000,0.0001

5135.8780,4.8877,5.0718,0.0000,0.0001

5136.8780,4.8892,5.1181,0.0000,0.0001

5137.8780,4.8852,5.0718,0.0000,0.0001

5138.8780,4.8802,5.0666,0.0000,0.0001

5139.8780,4.8777,5.1026,0.0000,0.0001

5140.8790,4.8802,5.1026,0.0000,0.0001

5141.8780,4.8762,5.0718,0.0000,0.0001

5142.8780,4.8728,5.0666,0.0000,0.0001

5143.8780,4.8713,5.0718,0.0000,0.0001

5144.8780,4.8683,5.0460,0.0000,0.0001

5145.8780,4.8703,5.0923,0.0000,0.0001

5146.8780,4.8678,5.0923,0.0000,0.0001

5147.8790,4.8698,5.0923,0.0000,0.0001

5148.8780,4.8728,5.0975,0.0000,0.0001

5149.8780,4.8723,5.0975,0.0000,0.0001

5150.8790,4.8708,5.0872,0.0000,0.0001

5151.8780,4.8812,5.1798,0.0000,0.0001

5152.8780,4.8837,5.0923,0.0000,0.0001

5153.8780,4.8882,5.1181,0.0000,0.0001

5154.8780,4.8906,5.0718,0.0000,0.0001

5155.8780,4.8906,5.0923,0.0000,0.0001

5156.8780,4.8921,5.1078,0.0000,0.0001

5157.8780,4.8931,5.1026,0.0000,0.0001

5158.8780,4.8926,5.0923,0.0000,0.0001

5159.8790,4.8936,5.1078,0.0000,0.0001

5160.8780,4.8921,5.0718,0.0000,0.0001

5161.8780,4.8852,5.1078,0.0000,0.0001

5162.8790,4.8882,5.1232,0.0000,0.0001

5163.8780,4.8857,5.0923,0.0000,0.0001

5164.8780,4.8822,5.0357,0.0000,0.0000

5165.8780,4.8728,4.9946,0.0000,0.0001

5166.8780,4.8698,5.0769,0.0000,0.0001

5167.8780,4.8648,5.0512,0.0000,0.0001

5168.8780,4.8648,5.0923,0.0000,0.0001

5169.8780,4.8573,5.0306,0.0000,0.0001

5170.8790,4.8554,5.0512,0.0000,0.0001

5171.8780,4.8499,5.0512,0.0000,0.0001

5172.8780,4.8444,5.0666,0.0000,0.0001

5173.8790,4.8404,5.0512,0.0000,0.0001

5174.8780,4.8400,5.0306,0.0000,0.0001

5175.8780,4.8434,5.0306,0.0000,0.0001

5176.8790,4.8404,5.0460,0.0000,0.0001

5177.8790,4.8409,5.0563,0.0000,0.0001

5178.8780,4.8380,5.0615,0.0000,0.0001

5179.8780,4.8414,5.0666,0.0000,0.0001

5180.8780,4.8390,5.0255,0.0000,0.0001

5181.8790,4.8409,5.0718,0.0000,0.0001

5182.8790,4.8414,5.0718,0.0000,0.0001

5183.8780,4.8429,5.0666,0.0000,0.0001

5184.8780,4.8439,5.0409,0.0000,0.0000

5185.8780,4.8454,5.0460,0.0000,0.0001

5186.8780,4.8469,5.0615,0.0000,0.0001

5187.8790,4.8390,4.9740,0.0000,0.0001

5188.8790,4.8390,5.0615,0.0000,0.0001

5189.8780,4.8370,5.0460,0.0000,0.0001

5190.8780,4.8380,5.0357,0.0000,0.0001

5191.8780,4.8355,5.0460,0.0000,0.0001

5192.8780,4.8325,5.0409,0.0000,0.0001

5193.8780,4.8310,5.0512,0.0000,0.0001

5194.8780,4.8315,5.0460,0.0000,0.0001

5195.8780,4.8370,5.1026,0.0000,0.0001

5196.8780,4.8350,5.0409,0.0000,0.0001

5197.8780,4.8409,5.0357,0.0000,0.0001

5198.8780,4.8400,5.0512,0.0000,0.0001

5199.8780,4.8424,5.0718,0.0000,0.0001

5200.8780,4.8464,5.0769,0.0000,0.0001

5201.8780,4.8474,5.0563,0.0000,0.0001

5202.8780,4.8474,5.0409,0.0000,0.0001

5203.8790,4.8454,5.0306,0.0000,0.0001

5204.8780,4.8464,5.0563,0.0000,0.0001

5205.8780,4.8335,4.9689,0.0000,0.0001

5206.8790,4.8380,5.0872,0.0000,0.0001

5207.8780,4.8444,5.1026,0.0000,0.0001

5208.8780,4.8529,5.1386,0.0000,0.0001

5209.8780,4.8593,5.1386,0.0000,0.0001

5210.8780,4.8668,5.1541,0.0000,0.0001

5211.8780,4.8832,5.2261,0.0000,0.0001

5212.8780,4.9046,5.2621,0.0000,0.0001

5213.8780,4.9264,5.2570,0.0000,0.0001

5214.8780,4.9493,5.2930,0.0000,0.0001

5215.8780,4.9796,5.2827,0.0000,0.0001

5216.8780,4.9955,5.2518,0.0000,0.0001

5217.8790,5.0104,5.2570,0.0000,0.0001

5218.8780,5.0243,5.2827,0.0000,0.0001

5219.8780,5.0363,5.2621,0.0000,0.0001

5220.8780,5.0467,5.2621,0.0000,0.0001

5221.8780,5.0532,5.2930,0.0000,0.0001

5222.8780,5.0542,5.2724,0.0000,0.0001

5223.8780,5.0542,5.2570,0.0000,0.0001

5224.8780,5.0507,5.2570,0.0000,0.0001

5225.8790,5.0507,5.2827,0.0000,0.0001

5226.8780,5.0537,5.2827,0.0000,0.0001

5227.8780,5.0591,5.3136,0.0000,0.0001

5228.8780,5.0562,5.2518,0.0000,0.0001

5229.8780,5.0562,5.2621,0.0000,0.0001

5230.8780,5.0542,5.2416,0.0000,0.0001

5231.8780,5.0512,5.2621,0.0000,0.0001

5232.8780,5.0507,5.2673,0.0000,0.0001

5233.8790,5.0492,5.2416,0.0000,0.0001

5234.8780,5.0522,5.2879,0.0000,0.0001

5235.8780,5.0502,5.2621,0.0000,0.0001

5236.8780,5.0472,5.2518,0.0000,0.0001

5237.8780,5.0393,5.2313,0.0000,0.0001

5238.8780,5.0373,5.2313,0.0000,0.0001

5239.8780,5.0353,5.2416,0.0000,0.0001

5240.8790,5.0338,5.2261,0.0000,0.0001

5241.8780,5.0348,5.2724,0.0000,0.0001

5242.8780,5.0328,5.2467,0.0000,0.0001

5243.8780,5.0313,5.2261,0.0000,0.0001

5244.8780,5.0283,5.2570,0.0000,0.0001

5245.8780,5.0263,5.2416,0.0000,0.0001

5246.8780,5.0174,5.1592,0.0000,0.0001

5247.8780,5.0164,5.2210,0.0000,0.0001

5248.8780,5.0179,5.2467,0.0000,0.0001

5249.8790,5.0169,5.2313,0.0000,0.0001

5250.8780,5.0159,5.2158,0.0000,0.0001

5251.8780,5.0074,5.1850,0.0000,0.0001

5252.8780,5.0010,5.1798,0.0000,0.0001

5253.8790,4.9985,5.2004,0.0000,0.0001

5254.8780,4.9915,5.1850,0.0000,0.0001

5255.8780,4.9861,5.1850,0.0000,0.0001

5256.8780,4.9871,5.1695,0.0000,0.0001

5257.8780,4.9841,5.1901,0.0000,0.0001

5258.8790,4.9771,5.1747,0.0000,0.0001

5259.8780,4.9732,5.1901,0.0000,0.0001

5260.8780,4.9667,5.1489,0.0000,0.0001

5261.8780,4.9682,5.2004,0.0000,0.0001

5262.8780,4.9712,5.2107,0.0000,0.0001

5263.8780,4.9697,5.1850,0.0000,0.0001

5264.8790,4.9717,5.2055,0.0000,0.0001

5265.8780,4.9722,5.1901,0.0000,0.0001

5266.8780,4.9687,5.1335,0.0000,0.0001

5267.8780,4.9657,5.1592,0.0000,0.0001

5268.8790,4.9682,5.2004,0.0000,0.0001

5269.8790,4.9717,5.2261,0.0000,0.0001

5270.8780,4.9741,5.1747,0.0000,0.0001

5271.8780,4.9746,5.2055,0.0000,0.0001

5272.8780,4.9707,5.1695,0.0000,0.0001

5273.8780,4.9677,5.1541,0.0000,0.0001

5274.8790,4.9657,5.1850,0.0000,0.0001

5275.8780,4.9627,5.1592,0.0000,0.0001

5276.8780,4.9647,5.1541,0.0000,0.0001

5277.8790,4.9677,5.1901,0.0000,0.0001

5278.8790,4.9652,5.1747,0.0000,0.0001

5279.8780,4.9712,5.2879,0.0000,0.0001

5280.8790,4.9732,5.1952,0.0000,0.0001

5281.8780,4.9687,5.1592,0.0000,0.0001

5282.8790,4.9702,5.1850,0.0000,0.0001

5283.8780,4.9722,5.1747,0.0000,0.0001

5284.8780,4.9707,5.1695,0.0000,0.0001

5285.8780,4.9751,5.2055,0.0000,0.0001

5286.8780,4.9756,5.1592,0.0000,0.0001

5287.8780,4.9717,5.1489,0.0000,0.0001

5288.8790,4.9697,5.1541,0.0000,0.0001

5289.8780,4.9587,5.1747,0.0000,0.0001

5290.8780,4.9558,5.1644,0.0000,0.0001

5291.8780,4.9523,5.1232,0.0000,0.0001

5292.8780,4.9513,5.1747,0.0000,0.0001

5293.8780,4.9473,5.1335,0.0000,0.0001

5294.8790,4.9468,5.1644,0.0000,0.0001

5295.8780,4.9453,5.1901,0.0000,0.0001

5296.8780,4.9448,5.1541,0.0000,0.0001

5297.8780,4.9463,5.1644,0.0000,0.0001

5298.8780,4.9473,5.1644,0.0000,0.0001

5299.8780,4.9463,5.1644,0.0000,0.0001

5300.8790,4.9468,5.1695,0.0000,0.0001

5301.8780,4.9498,5.1541,0.0000,0.0001

5302.8780,4.9493,5.1695,0.0000,0.0001

5303.8780,4.9523,5.1644,0.0000,0.0001

5304.8790,4.9533,5.1747,0.0000,0.0001

5305.8780,4.9582,5.2416,0.0000,0.0001

5306.8780,4.9538,5.1078,0.0000,0.0001

5307.8790,4.9543,5.1695,0.0000,0.0001

5308.8780,4.9528,5.1489,0.0000,0.0001

5309.8790,4.9577,5.2158,0.0000,0.0001

5310.8780,4.9592,5.1850,0.0000,0.0001

5311.8790,4.9587,5.1489,0.0000,0.0001

5312.8780,4.9572,5.1541,0.0000,0.0001

5313.8780,4.9553,5.1438,0.0000,0.0001

5314.8790,4.9543,5.1644,0.0000,0.0001

5315.8780,4.9463,5.1592,0.0000,0.0001

5316.8780,4.9523,5.1695,0.0000,0.0001

5317.8780,4.9498,5.1438,0.0000,0.0001

5318.8780,4.9518,5.1695,0.0000,0.0001

5319.8780,4.9468,5.1644,0.0000,0.0001

5320.8780,4.9408,5.1232,0.0000,0.0001

5321.8790,4.9413,5.1541,0.0000,0.0001

5322.8780,4.9418,5.1592,0.0000,0.0001

5323.8790,4.9478,5.2055,0.0000,0.0001

5324.8780,4.9483,5.1695,0.0000,0.0001

5325.8780,4.9468,5.1438,0.0000,0.0001

5326.8780,4.9443,5.1438,0.0000,0.0001

5327.8780,4.9448,5.1489,0.0000,0.0001

5328.8780,4.9453,5.1747,0.0000,0.0001

5329.8790,4.9493,5.2055,0.0000,0.0001

5330.8780,4.9498,5.1284,0.0000,0.0001

5331.8790,4.9508,5.1644,0.0000,0.0001

5332.8790,4.9567,5.2210,0.0000,0.0001

5333.8790,4.9528,5.1644,0.0000,0.0001

5334.8780,4.9523,5.1644,0.0000,0.0001

5335.8780,4.9518,5.1386,0.0000,0.0001

5336.8780,4.9553,5.1798,0.0000,0.0001

5337.8780,4.9503,5.0975,0.0000,0.0001

5338.8780,4.9483,5.1541,0.0000,0.0001

5339.8780,4.9423,5.1438,0.0000,0.0001

5340.8790,4.9438,5.1438,0.0000,0.0001

5341.8780,4.9453,5.1798,0.0000,0.0001

5342.8780,4.9418,5.1850,0.0000,0.0001

5343.8790,4.9394,5.1386,0.0000,0.0001

5344.8780,4.9384,5.1541,0.0000,0.0001

5345.8790,4.9423,5.1798,0.0000,0.0001

5346.8780,4.9394,5.1489,0.0000,0.0001

5347.8790,4.9448,5.1541,0.0000,0.0001

5348.8780,4.9438,5.1438,0.0000,0.0001

5349.8780,4.9448,5.1541,0.0000,0.0001

5350.8780,4.9473,5.1695,0.0000,0.0001

5351.8780,4.9503,5.2107,0.0000,0.0001

5352.8780,4.9458,5.1386,0.0000,0.0001

5353.8790,4.9453,5.1335,0.0000,0.0001

5354.8780,4.9443,5.1438,0.0000,0.0001

5355.8780,4.9423,5.1592,0.0000,0.0001

5356.8780,4.9418,5.1438,0.0000,0.0001

5357.8780,4.9408,5.1438,0.0000,0.0001

5358.8780,4.9483,5.2210,0.0000,0.0001

5359.8780,4.9488,5.1592,0.0000,0.0001

5360.8780,4.9498,5.1798,0.0000,0.0001

5361.8780,4.9478,5.1901,0.0000,0.0000

5362.8780,4.9493,5.1541,0.0000,0.0000

5363.8790,4.9493,5.1335,0.0000,0.0001

5364.8780,4.9503,5.1541,0.0000,0.0001

5365.8780,4.9463,5.1181,0.0000,0.0001

5366.8780,4.9582,5.2673,0.0000,0.0001

5367.8780,4.9677,5.2416,0.0000,0.0001

5368.8780,4.9717,5.2621,0.0000,0.0001

5369.8780,4.9771,5.2158,0.0000,0.0001

5370.8780,4.9806,5.2158,0.0000,0.0001

5371.8780,4.9960,5.3496,0.0000,0.0001

5372.8780,5.0134,5.3342,0.0000,0.0001

5373.8780,5.0224,5.2261,0.0000,0.0001

5374.8780,5.0179,5.1078,0.0000,0.0001

5375.8780,5.0139,5.0769,0.0000,0.0001

5376.8780,4.9945,5.0666,0.0000,0.0001

5377.8780,4.9761,5.0512,0.0000,0.0001

5378.8780,4.9548,5.0409,0.0000,0.0001

5379.8780,4.9408,5.0718,0.0000,0.0001

5380.8780,4.9239,5.0409,0.0000,0.0001

5381.8780,4.8966,5.0666,0.0000,0.0001

5382.8780,4.8713,5.0718,0.0000,0.0001

5383.8790,4.8598,5.1078,0.0000,0.0001

5384.8790,4.8564,5.0718,0.0000,0.0001

5385.8790,4.8544,5.0563,0.0000,0.0001

5386.8780,4.8554,5.0769,0.0000,0.0001

5387.8780,4.8623,5.1232,0.0000,0.0001

5388.8780,4.8638,5.0563,0.0000,0.0001

5389.8790,4.8603,5.0357,0.0000,0.0001

5390.8780,4.8638,5.0769,0.0000,0.0001

5391.8780,4.8628,5.0563,0.0000,0.0001

5392.8780,4.8628,5.0718,0.0000,0.0001

5393.8780,4.8598,5.0769,0.0000,0.0001

5394.8780,4.8564,5.0357,0.0000,0.0001

5395.8780,4.8564,5.0563,0.0000,0.0001

5396.8780,4.8554,5.0666,0.0000,0.0001

5397.8780,4.8499,5.0666,0.0000,0.0001

5398.8780,4.8484,5.0409,0.0000,0.0001

5399.8790,4.8494,5.0460,0.0000,0.0001

5400.8780,4.8429,5.0100,0.0000,0.0001

5401.8780,4.8414,5.0409,0.0000,0.0001

5402.8790,4.8375,5.0306,0.0000,0.0001

5403.8780,4.8345,5.0460,0.0000,0.0001

5404.8780,4.8330,5.0203,0.0000,0.0001

5405.8780,4.8330,5.0563,0.0000,0.0001

5406.8780,4.8330,5.0666,0.0000,0.0001

5407.8790,4.8350,5.0872,0.0000,0.0001

5408.8780,4.8335,5.0255,0.0000,0.0001

5409.8780,4.8385,5.0975,0.0000,0.0001

5410.8780,4.8419,5.0460,0.0000,0.0001

5411.8780,4.8434,5.0563,0.0000,0.0001

5412.8780,4.8469,5.0666,0.0000,0.0001

5413.8780,4.8459,5.0357,0.0000,0.0001

5414.8790,4.8534,5.0975,0.0000,0.0001

5415.8780,4.8568,5.0923,0.0000,0.0001

5416.8780,4.8568,5.0666,0.0000,0.0001

5417.8780,4.8554,5.0718,0.0000,0.0001

5418.8780,4.8559,5.0306,0.0000,0.0001

5419.8780,4.8524,5.0615,0.0000,0.0001

5420.8780,4.8529,5.0512,0.0000,0.0001

5421.8790,4.8509,5.0357,0.0000,0.0001

5422.8790,4.8489,5.0460,0.0000,0.0001

5423.8790,4.8484,5.0306,0.0000,0.0001

5424.8780,4.8424,5.0357,0.0000,0.0001

5425.8780,4.8375,5.0409,0.0000,0.0001

5426.8780,4.8385,5.0769,0.0000,0.0001

5427.8790,4.8375,5.0615,0.0000,0.0001

5428.8780,4.8385,5.0409,0.0000,0.0001

5429.8780,4.8395,5.0718,0.0000,0.0001

5430.8780,4.8345,4.9997,0.0000,0.0001

5431.8790,4.8365,5.0563,0.0000,0.0001

5432.8780,4.8375,5.0563,0.0000,0.0001

5433.8780,4.8429,5.0872,0.0000,0.0001

5434.8780,4.8539,5.1489,0.0000,0.0001

5435.8780,4.8544,5.0460,0.0000,0.0001

5436.8780,4.8534,5.0666,0.0000,0.0001

5437.8790,4.8509,5.0357,0.0000,0.0001

5438.8790,4.8519,5.0512,0.0000,0.0001

5439.8780,4.8514,5.0666,0.0000,0.0001

5440.8780,4.8583,5.0718,0.0000,0.0001

5441.8780,4.8578,5.0512,0.0000,0.0001

5442.8780,4.8578,5.0563,0.0000,0.0001

5443.8790,4.8554,5.0615,0.0000,0.0001

5444.8780,4.8479,5.0718,0.0000,0.0001

5445.8780,4.8499,5.0666,0.0000,0.0001

5446.8790,4.8469,5.0357,0.0000,0.0001

5447.8780,4.8479,5.0460,0.0000,0.0001

5448.8780,4.8514,5.0872,0.0000,0.0001

5449.8780,4.8469,5.0203,0.0000,0.0001

5450.8780,4.8484,5.0872,0.0000,0.0001

5451.8790,4.8494,5.0615,0.0000,0.0001

5452.8780,4.8494,5.0563,0.0000,0.0001

5453.8780,4.8479,5.0460,0.0000,0.0001

5454.8780,4.8484,5.0769,0.0000,0.0001

5455.8780,4.8484,5.0666,0.0000,0.0001

5456.8780,4.8464,5.0152,0.0000,0.0001

5457.8780,4.8454,5.0357,0.0000,0.0001

5458.8780,4.8404,5.0357,0.0000,0.0001

5459.8790,4.8385,4.9997,0.0000,0.0001

5460.8780,4.8320,5.0203,0.0000,0.0001

5461.8790,4.8295,5.0357,0.0000,0.0001

5462.8780,4.8310,5.0718,0.0000,0.0001

5463.8780,4.8330,5.0666,0.0000,0.0001

5464.8790,4.8330,5.0769,0.0000,0.0001

5465.8780,4.8300,5.0357,0.0000,0.0001

5466.8780,4.8400,5.1181,0.0000,0.0001

5467.8790,4.8444,5.0821,0.0000,0.0001

5468.8790,4.8454,5.0460,0.0000,0.0001

5469.8780,4.8509,5.0563,0.0000,0.0001

5470.8780,4.8494,5.0049,0.0000,0.0001

5471.8780,4.8529,5.0718,0.0000,0.0001

5472.8780,4.8519,5.0615,0.0000,0.0001

5473.8780,4.8489,5.0357,0.0000,0.0001

5474.8780,4.8464,5.0512,0.0000,0.0001

5475.8780,4.8484,5.0563,0.0000,0.0001

5476.8780,4.8464,5.0975,0.0000,0.0001

5477.8780,4.8449,5.0666,0.0000,0.0001

5478.8780,4.8444,5.0409,0.0000,0.0001

5479.8780,4.8459,5.0718,0.0000,0.0001

5480.8780,4.8573,5.1232,0.0000,0.0001

5481.8780,4.8568,5.0666,0.0000,0.0001

5482.8780,4.8554,5.0460,0.0000,0.0001

5483.8780,4.8544,5.0255,0.0000,0.0001

5484.8780,4.8564,5.0718,0.0000,0.0001

5485.8780,4.8544,5.0357,0.0000,0.0001

5486.8790,4.8489,5.0409,0.0000,0.0001

5487.8780,4.8469,5.0460,0.0000,0.0001

5488.8780,4.8504,5.0769,0.0000,0.0001

5489.8780,4.8444,5.0100,0.0000,0.0001

5490.8790,4.8380,5.0563,0.0000,0.0001

5491.8780,4.8345,5.0306,0.0000,0.0001

5492.8780,4.8375,5.0769,0.0000,0.0001

5493.8780,4.8409,5.0615,0.0000,0.0001

5494.8780,4.8365,5.0255,0.0000,0.0001

5495.8790,4.8390,5.0615,0.0000,0.0001

5496.8780,4.8395,5.0460,0.0000,0.0001

5497.8780,4.8414,5.0666,0.0000,0.0001

5498.8780,4.8375,5.0357,0.0000,0.0001

5499.8780,4.8429,5.0666,0.0000,0.0001

5500.8790,4.8395,5.0203,0.0000,0.0001

5501.8780,4.8474,5.1129,0.0000,0.0001

5502.8780,4.8464,5.0666,0.0000,0.0001

5503.8780,4.8474,5.0718,0.0000,0.0001

5504.8780,4.8524,5.0769,0.0000,0.0001

5505.8790,4.8549,5.0872,0.0000,0.0001

5506.8780,4.8544,5.0409,0.0000,0.0001

5507.8780,4.8549,5.0718,0.0000,0.0001

5508.8780,4.8578,5.0666,0.0000,0.0001

5509.8780,4.8588,5.0769,0.0000,0.0001

5510.8780,4.8638,5.0718,0.0000,0.0001

5511.8780,4.8549,5.0203,0.0000,0.0001

5512.8780,4.8514,5.0306,0.0000,0.0001

5513.8780,4.8514,5.0718,0.0000,0.0001

5514.8780,4.8434,4.9946,0.0000,0.0001

5515.8790,4.8429,5.0821,0.0000,0.0001

5516.8780,4.8444,5.0563,0.0000,0.0001

5517.8780,4.8424,5.0512,0.0000,0.0001

5518.8780,4.8459,5.1026,0.0000,0.0001

5519.8780,4.8444,5.0615,0.0000,0.0001

5520.8780,4.8434,5.0615,0.0000,0.0001

5521.8780,4.8439,5.0255,0.0000,0.0001

5522.8780,4.8444,5.0357,0.0000,0.0001

5523.8790,4.8424,5.0512,0.0000,0.0001

5524.8780,4.8544,5.1181,0.0000,0.0001

5525.8780,4.8509,5.0460,0.0000,0.0001

5526.8780,4.8524,5.0718,0.0000,0.0001

5527.8780,4.8534,5.0615,0.0000,0.0001

5528.8780,4.8514,5.0821,0.0000,0.0001

5529.8780,4.8439,4.9843,0.0000,0.0001

5530.8780,4.8414,5.0357,0.0000,0.0001

5531.8790,4.8444,5.0563,0.0000,0.0001

5532.8790,4.8464,5.0563,0.0000,0.0001

5533.8780,4.8474,5.0615,0.0000,0.0001

5534.8790,4.8404,5.0460,0.0000,0.0001

5535.8780,4.8434,5.0769,0.0000,0.0001

5536.8780,4.8424,5.0615,0.0000,0.0001

5537.8780,4.8400,5.0357,0.0000,0.0001

5538.8780,4.8404,5.0872,0.0000,0.0001

5539.8790,4.8444,5.0255,0.0000,0.0001

5540.8780,4.8444,5.0357,0.0000,0.0001

5541.8780,4.8449,5.0615,0.0000,0.0001

5542.8780,4.8439,5.0460,0.0000,0.0001

5543.8790,4.8350,4.9689,0.0000,0.0001

5544.8780,4.8295,4.9894,0.0000,0.0001

5545.8780,4.4692,1.3467,0.0000,0.0001

5546.8780,3.9866,0.0656,0.0000,0.0001

5547.8780,3.5040,0.0399,0.0000,0.0001

5548.8790,3.0179,0.0553,0.0000,0.0001

5549.8790,2.5363,0.0399,0.0000,0.0001

5550.8780,2.0497,-0.0013,0.0000,0.0001

5551.8790,1.5601,-0.0065,0.0000,0.0001

5552.8780,1.0785,0.0604,0.0000,0.0001

5553.8780,0.6004,0.0193,0.0000,0.0001

5554.8780,0.1223,0.0399,0.0000,0.0001

5555.8780,-0.0040,0.0399,0.0000,0.0001

5556.8780,-0.0070,0.0347,0.0000,0.0001

5557.8780,-0.0089,0.0193,0.0000,0.0001

5558.8780,-0.0109,0.0347,0.0000,0.0001

5559.8780,-0.0149,-0.0013,0.0000,0.0001

5560.8790,-0.0109,0.0399,0.0000,0.0001

5561.8780,-0.0065,0.0399,0.0000,0.0001

5562.8790,-0.0084,0.0399,0.0000,0.0001

5563.8780,-0.0055,0.0501,0.0000,0.0001

5564.8780,-0.0065,0.0296,0.0000,0.0001

5565.8780,-0.0084,0.0193,0.0000,0.0001

5566.8790,-0.0075,0.0450,0.0000,0.0001

5567.8780,-0.0045,0.0501,0.0000,0.0001

5568.8780,-0.0025,0.0553,0.0000,0.0001

5569.8790,0.0055,0.0810,0.0000,0.0001

5570.8780,0.0055,0.0399,0.0000,0.0001

5571.8780,0.0055,0.0399,0.0000,0.0001

5572.8790,0.0065,0.0501,0.0000,0.0001

5573.8780,0.0104,0.0913,0.0000,0.0001

5574.8780,0.0060,-0.0167,0.0000,0.0001

5575.8780,0.0085,0.0450,0.0000,0.0001

5576.8790,0.0065,0.0244,0.0000,0.0001

5577.8780,0.0070,0.0553,0.0000,0.0001

5578.8790,0.0030,0.0141,0.0000,0.0001

5579.8790,0.0089,0.1428,0.0000,0.0001

5580.8780,0.0085,0.0347,0.0000,0.0001

5581.8790,0.0089,0.0450,0.0000,0.0001

5582.8780,0.0060,0.0193,0.0000,0.0001

5583.8780,0.0000,0.0296,0.0000,0.0001

5584.8780,0.0070,0.0553,0.0000,0.0001

5585.8780,0.0020,-0.0065,0.0000,0.0001

5586.8780,0.0035,0.0399,0.0000,0.0001

5587.8780,0.0015,0.0347,0.0000,0.0001

5588.8780,0.0020,0.0193,0.0000,0.0001

5589.8780,-0.0070,0.0501,0.0000,0.0001

5590.8790,-0.0079,0.0244,0.0000,0.0001

5591.8780,-0.0079,0.0450,0.0000,0.0001

5592.8780,-0.0079,0.0193,0.0000,0.0001

5593.8780,-0.0070,0.0399,0.0000,0.0001

5594.8780,-0.0084,0.0399,0.0000,0.0001

5595.8790,-0.0060,0.0193,0.0000,0.0001

5596.8780,-0.0055,0.0450,0.0000,0.0001

5597.8790,-0.0040,0.0501,0.0000,0.0001

5598.8780,-0.0020,0.0399,0.0000,0.0001

5599.8780,-0.0055,0.0141,0.0000,0.0001

5600.8790,-0.0025,0.0553,0.0000,0.0001

5601.8780,-0.0005,0.0656,0.0000,0.0001

5602.8780,0.0010,0.0347,0.0000,0.0000

5603.8790,0.0010,0.0399,0.0000,0.0001

5604.8780,0.0035,0.0656,0.0000,0.0001

5605.8780,0.0045,0.0296,0.0000,0.0001

5606.8790,0.0070,0.0707,0.0000,0.0001

5607.8790,0.0055,0.0347,0.0000,0.0001

5608.8780,0.0040,0.0244,0.0000,0.0001

5609.8780,0.0035,0.0090,0.0000,0.0001

5610.8780,0.0005,0.0244,0.0000,0.0001

5611.8780,-0.0020,0.0399,0.0000,0.0001

5612.8790,-0.0010,0.0450,0.0000,0.0001

5613.8780,-0.0045,0.0038,0.0000,0.0001

5614.8780,-0.0084,0.0244,0.0000,0.0001

5615.8790,-0.0075,0.0399,0.0000,0.0001

5616.8780,-0.0084,0.0604,0.0000,0.0001

5617.8780,0.0020,0.1428,0.0000,0.0001

5618.8780,0.0040,0.0450,0.0000,0.0001

5619.8780,0.0050,0.0193,0.0000,0.0001

5620.8780,0.0055,0.0296,0.0000,0.0001

5621.8780,0.0030,0.0141,0.0000,0.0001

5622.8780,-0.0010,0.0038,0.0000,0.0001

5623.8780,0.0020,0.0347,0.0000,0.0001

5624.8780,0.0030,0.0347,0.0000,0.0001

5625.8790,0.0015,0.0244,0.0000,0.0001

5626.8780,0.0005,0.0501,0.0000,0.0001

5627.8790,-0.0075,0.0604,0.0000,0.0001

5628.8780,-0.0079,0.0399,0.0000,0.0001

5629.8780,-0.0045,0.0553,0.0000,0.0001

5630.8780,-0.0075,-0.0013,0.0000,0.0001

5631.8780,-0.0065,0.0244,0.0000,0.0001

5632.8780,-0.0035,0.0347,0.0000,0.0001

5633.8780,-0.0065,0.0038,0.0000,0.0001

5634.8780,-0.0055,0.0450,0.0000,0.0001

5635.8780,-0.0025,0.0553,0.0000,0.0001

5636.8790,-0.0075,-0.0013,0.0000,0.0001

5637.8780,-0.0084,0.0501,0.0000,0.0001

5638.8780,-0.0114,0.0090,0.0000,0.0001

5639.8790,-0.0144,0.0244,0.0000,0.0001

5640.8780,-0.0174,-0.0322,0.0000,0.0001

5641.8780,-0.0149,0.0501,0.0000,0.0001

5642.8790,-0.0134,0.0501,0.0000,0.0001

5643.8780,-0.0104,0.0347,0.0000,0.0001

5644.8780,-0.0094,0.0553,0.0000,0.0001

5645.8780,-0.0060,0.0913,0.0000,0.0001

5646.8780,-0.0015,0.0450,0.0000,0.0001

5647.8780,-0.0035,0.0296,0.0000,0.0001

5648.8780,0.0045,0.0913,0.0000,0.0001

5649.8780,0.0070,0.0501,0.0000,0.0001

5650.8780,0.0219,0.1222,0.0000,0.0001

5651.8780,0.0229,0.0604,0.0000,0.0001

5652.8780,0.0209,0.0296,0.0000,0.0001

5653.8780,0.0204,0.0296,0.0000,0.0001

5654.8780,0.0149,-0.0013,0.0000,0.0001

5655.8790,0.0109,0.0501,0.0000,0.0001

5656.8790,0.0124,0.0604,0.0000,0.0001

5657.8780,0.0134,0.0399,0.0000,0.0001

5658.8780,0.0070,0.0244,0.0000,0.0001

5659.8790,0.0119,0.1016,0.0000,0.0001

5660.8780,0.0055,0.0553,0.0000,0.0001

5661.8780,0.0040,0.0450,0.0000,0.0001

5662.8780,0.0045,0.0347,0.0000,0.0001

5663.8780,0.0075,0.0604,0.0000,0.0001

5664.8780,0.0119,0.0450,0.0000,0.0001

5665.8780,0.0085,0.0141,0.0000,0.0001

5666.8780,0.0065,0.0399,0.0000,0.0001

5667.8780,0.0045,0.0193,0.0000,0.0001

5668.8780,0.0045,0.0244,0.0000,0.0001

5669.8790,-0.0015,0.0399,0.0000,0.0001

5670.8780,0.0000,0.0707,0.0000,0.0000

5671.8780,-0.0045,-0.0013,0.0000,0.0001

5672.8780,-0.0035,0.0450,0.0000,0.0001

5673.8780,-0.0035,0.0604,0.0000,0.0001

5674.8780,-0.0030,0.0501,0.0000,0.0001

5675.8780,-0.0040,0.0038,0.0000,0.0001

5676.8790,-0.0020,0.0604,0.0000,0.0001

5677.8780,0.0020,0.0604,0.0000,0.0001

5678.8780,0.0050,0.0553,0.0000,0.0001

5679.8780,0.0040,0.0296,0.0000,0.0001

5680.8790,-0.0020,0.0090,0.0000,0.0001

5681.8780,-0.0005,0.0141,0.0000,0.0001

5682.8790,-0.0025,0.0244,0.0000,0.0001

5683.8780,-0.0045,0.0399,0.0000,0.0001

5684.8780,-0.0035,0.0604,0.0000,0.0001

5685.8780,0.0020,0.0604,0.0000,0.0001

5686.8780,0.0010,0.0501,0.0000,0.0001

5687.8780,-0.0030,0.0193,0.0000,0.0001

5688.8790,-0.0045,0.0399,0.0000,0.0001

5689.8780,-0.0015,0.0604,0.0000,0.0001

5690.8790,0.0035,0.0604,0.0000,0.0001

5691.8790,0.0075,0.0553,0.0000,0.0001

5692.8780,0.0109,0.0604,0.0000,0.0001

5693.8790,0.0094,0.0244,0.0000,0.0001

5694.8780,0.0070,0.0347,0.0000,0.0001

5695.8780,0.0030,0.0193,0.0000,0.0001

5696.8780,0.0010,0.0296,0.0000,0.0001

5697.8790,0.0040,0.0501,0.0000,0.0001

5698.8790,0.0149,0.1530,0.0000,0.0001

5699.8790,0.0114,0.0244,0.0000,0.0001

5700.8780,0.0075,0.0193,0.0000,0.0000

5701.8780,0.0050,0.0296,0.0000,0.0001

5702.8780,0.0045,0.0553,0.0000,0.0001

5703.8790,0.0055,0.0347,0.0000,0.0001

5704.8780,0.0085,0.0656,0.0000,0.0001

5705.8780,0.0109,0.0450,0.0000,0.0001

5706.8790,0.0129,0.0501,0.0000,0.0001

5707.8790,0.0109,0.0296,0.0000,0.0001

5708.8790,0.0025,0.0656,0.0000,0.0001

5709.8780,0.0035,0.0347,0.0000,0.0001

5710.8780,0.0030,0.0141,0.0000,0.0001

5711.8780,0.0055,0.0553,0.0000,0.0001

5712.8780,0.0025,0.0244,0.0000,0.0001

5713.8780,0.0005,0.0141,0.0000,0.0001

5714.8780,-0.0025,0.0347,0.0000,0.0001

5715.8780,0.0000,0.0707,0.0000,0.0001

5716.8780,0.0005,0.0553,0.0000,0.0001

5717.8780,0.0020,0.0450,0.0000,0.0001

5718.8780,-0.0010,0.0347,0.0000,0.0001

5719.8780,0.0020,0.0656,0.0000,0.0001

5720.8780,0.0035,0.0296,0.0000,0.0001

5721.8780,-0.0010,0.0090,0.0000,0.0001

5722.8780,0.0020,0.0553,0.0000,0.0001

5723.8790,0.0060,0.0553,0.0000,0.0001

5724.8780,0.0070,0.0450,0.0000,0.0001

5725.8780,0.0040,0.0399,0.0000,0.0001

5726.8780,-0.0015,-0.0013,0.0000,0.0001

5727.8780,-0.0020,0.0399,0.0000,0.0001

5728.8780,-0.0005,0.0501,0.0000,0.0001

5729.8780,-0.0015,0.0553,0.0000,0.0001

5730.8780,-0.0015,0.0296,0.0000,0.0001

5731.8780,0.0010,0.0347,0.0000,0.0000

5732.8780,0.0015,0.0604,0.0000,0.0001

5733.8780,-0.0005,0.0347,0.0000,0.0001

5734.8780,-0.0035,0.0141,0.0000,0.0001

5735.8780,-0.0055,0.0193,0.0000,0.0001

5736.8780,0.0010,0.0656,0.0000,0.0001

5737.8780,0.0075,0.1067,0.0000,0.0001

5738.8780,0.0060,0.0347,0.0000,0.0001

5739.8780,0.0070,0.0656,0.0000,0.0001

5740.8780,0.0055,0.0141,0.0000,0.0001

5741.8780,0.0050,0.0296,0.0000,0.0001

5742.8790,0.0025,0.0347,0.0000,0.0001

5743.8780,0.0010,0.0193,0.0000,0.0001

5744.8780,0.0025,0.0296,0.0000,0.0001

5745.8780,0.0015,0.0090,0.0000,0.0001

5746.8780,-0.0015,0.0347,0.0000,0.0001

5747.8790,-0.0099,0.0193,0.0000,0.0001

5748.8780,-0.0104,0.0296,0.0000,0.0001

5749.8780,-0.0144,0.0244,0.0000,0.0001

5750.8790,-0.0114,0.0450,0.0000,0.0001

5751.8780,-0.0109,0.0347,0.0000,0.0001

5752.8780,-0.0104,0.0399,0.0000,0.0001

5753.8790,-0.0094,0.0296,0.0000,0.0001

5754.8790,-0.0099,0.0244,0.0000,0.0001

5755.8780,-0.0084,0.0244,0.0000,0.0001

5756.8790,-0.0035,0.0862,0.0000,0.0001

5757.8780,-0.0015,0.0399,0.0000,0.0001

5758.8780,0.0000,0.0450,0.0000,0.0001

5759.8780,0.0010,0.0347,0.0000,0.0001

5760.8780,-0.0005,0.0296,0.0000,0.0001

5761.8790,0.0005,0.0450,0.0000,0.0001

5762.8780,-0.0010,0.0244,0.0000,0.0001

5763.8780,-0.0010,0.0296,0.0000,0.0001

5764.8780,0.0080,0.1170,0.0000,0.0001

5765.8790,0.0075,0.0193,0.0000,0.0001

5766.8790,0.0015,0.0244,0.0000,0.0001

5767.8780,0.0015,0.0399,0.0000,0.0001

5768.8780,0.0040,0.0707,0.0000,0.0001

5769.8790,0.0070,0.0656,0.0000,0.0001

5770.8780,0.0124,0.0862,0.0000,0.0001

5771.8780,0.0124,0.0450,0.0000,0.0001

5772.8780,0.0134,0.0347,0.0000,0.0001

5773.8780,0.0159,0.0553,0.0000,0.0001

5774.8780,0.0089,0.0450,0.0000,0.0001

5775.8780,0.0124,0.0553,0.0000,0.0001

5776.8790,0.0144,0.0450,0.0000,0.0001

5777.8780,0.0149,0.0450,0.0000,0.0001

5778.8790,0.0119,0.0399,0.0000,0.0001

5779.8780,0.0104,0.0501,0.0000,0.0001

5780.8780,0.0045,0.0244,0.0000,0.0001

5781.8780,0.0060,0.0604,0.0000,0.0001

5782.8780,0.0065,0.0399,0.0000,0.0001

5783.8780,0.0109,0.1016,0.0000,0.0001

5784.8780,0.0075,0.0090,0.0000,0.0001

5785.8780,0.0045,0.0244,0.0000,0.0001

5786.8780,0.0035,0.0347,0.0000,0.0001

5787.8790,0.0035,0.0450,0.0000,0.0001

5788.8780,0.0020,0.0244,0.0000,0.0001

5789.8780,0.0015,0.0450,0.0000,0.0001

5790.8790,0.0060,0.0707,0.0000,0.0001

5791.8780,0.0089,0.0913,0.0000,0.0001

5792.8780,0.0070,0.0193,0.0000,0.0000

5793.8780,0.0005,0.0347,0.0000,0.0001

5794.8780,-0.0005,-0.0013,0.0000,0.0001

5795.8780,-0.0015,0.0141,0.0000,0.0001

5796.8780,0.0015,0.0656,0.0000,0.0001

5797.8790,0.0065,0.0965,0.0000,0.0001

5798.8780,0.0080,0.0399,0.0000,0.0001

5799.8780,0.0080,0.0450,0.0000,0.0001

5800.8790,0.0050,0.0399,0.0000,0.0001

5801.8780,0.0005,0.0450,0.0000,0.0001

5802.8780,0.0005,0.0193,0.0000,0.0001

5803.8780,0.0010,0.0399,0.0000,0.0001

5804.8790,0.0050,0.0399,0.0000,0.0001

5805.8780,0.0070,0.0347,0.0000,0.0001

5806.8780,0.0040,0.0347,0.0000,0.0001

5807.8780,0.0005,0.0604,0.0000,0.0001

5808.8780,0.0000,0.0347,0.0000,0.0001

5809.8780,-0.0010,0.0347,0.0000,0.0001

5810.8780,-0.0015,0.0347,0.0000,0.0001

5811.8780,0.0055,0.1170,0.0000,0.0001

5812.8780,0.0080,0.0450,0.0000,0.0001

5813.8780,0.0089,0.0501,0.0000,0.0001

5814.8780,0.0114,0.0656,0.0000,0.0001

5815.8780,0.0114,0.0347,0.0000,0.0001

5816.8780,0.0085,0.0038,0.0000,0.0001

5817.8780,0.0040,0.0141,0.0000,0.0001

5818.8780,0.0065,0.0604,0.0000,0.0001

5819.8780,0.0075,0.0450,0.0000,0.0001

5820.8780,0.0080,0.0399,0.0000,0.0001

5821.8780,0.0035,0.0707,0.0000,0.0001

5822.8780,0.0035,0.0450,0.0000,0.0001

5823.8780,0.0020,0.0347,0.0000,0.0001

5824.8780,-0.0005,0.0399,0.0000,0.0001

5825.8790,-0.0030,0.0090,0.0000,0.0001

5826.8790,-0.0020,0.0141,0.0000,0.0001

5827.8790,0.0005,0.0399,0.0000,0.0001

5828.8780,-0.0005,0.0501,0.0000,0.0001

5829.8780,-0.0010,0.0399,0.0000,0.0001

5830.8780,-0.0035,0.0141,0.0000,0.0000

5831.8790,-0.0065,0.0399,0.0000,0.0001

5832.8780,-0.0084,0.0244,0.0000,0.0001

5833.8780,-0.0109,0.0090,0.0000,0.0001

5834.8790,-0.0164,-0.0167,0.0000,0.0001

5835.8780,-0.0149,0.0244,0.0000,0.0001

5836.8780,-0.0124,0.0399,0.0000,0.0001

5837.8780,-0.0109,0.0553,0.0000,0.0001

5838.8780,-0.0114,0.0450,0.0000,0.0001

5839.8780,-0.0134,0.0193,0.0000,0.0001

5840.8780,-0.0114,0.0347,0.0000,0.0001

5841.8790,-0.0099,0.0553,0.0000,0.0001

5842.8780,-0.0099,0.0244,0.0000,0.0001

5843.8780,-0.0025,0.0862,0.0000,0.0001

5844.8780,0.0020,0.0296,0.0000,0.0001

5845.8780,0.0075,0.0810,0.0000,0.0001

5846.8780,0.0060,0.0244,0.0000,0.0001

5847.8780,0.0114,0.1119,0.0000,0.0001

5848.8780,0.0094,0.0244,0.0000,0.0001

5849.8780,0.0099,0.0244,0.0000,0.0001

5850.8780,0.0099,0.0347,0.0000,0.0001

5851.8780,0.0080,0.0347,0.0000,0.0001

5852.8780,0.0094,0.0399,0.0000,0.0001

5853.8790,0.0040,0.0296,0.0000,0.0001

5854.8790,0.0020,0.0090,0.0000,0.0001

5855.8780,-0.0025,0.0347,0.0000,0.0001

5856.8780,-0.0010,0.0399,0.0000,0.0001

5857.8780,-0.0109,0.0090,0.0000,0.0001

5858.8780,-0.0020,0.1170,0.0000,0.0001

5859.8780,-0.0005,0.0399,0.0000,0.0001

5860.8780,-0.0010,0.0296,0.0000,0.0001

5861.8780,-0.0020,0.0244,0.0000,0.0001

5862.8780,-0.0065,-0.0065,0.0000,0.0001

5863.8780,-0.0065,0.0296,0.0000,0.0001

5864.8780,-0.0025,0.0501,0.0000,0.0001

5865.8780,0.0025,0.0862,0.0000,0.0001

5866.8780,0.0025,0.0399,0.0000,0.0001

5867.8780,0.0085,0.0707,0.0000,0.0001

5868.8780,-0.0005,0.0244,0.0000,0.0001

5869.8780,0.0020,0.0656,0.0000,0.0001

5870.8780,0.0025,0.0347,0.0000,0.0001

5871.8780,0.0015,0.0141,0.0000,0.0001

5872.8780,0.0060,0.0399,0.0000,0.0001

5873.8780,0.0030,-0.0013,0.0000,0.0001

5874.8780,0.0025,0.0450,0.0000,0.0001

5875.8780,-0.0035,0.0244,0.0000,0.0001

5876.8790,-0.0035,0.0399,0.0000,0.0001

5877.8780,-0.0055,0.0501,0.0000,0.0000

5878.8780,-0.0040,0.0399,0.0000,0.0001

5879.8790,-0.0065,0.0399,0.0000,0.0000

5880.8790,-0.0065,0.0347,0.0000,0.0001

5881.8790,-0.0050,0.0296,0.0000,0.0001

5882.8780,-0.0040,0.0501,0.0000,0.0001

5883.8780,-0.0010,0.0296,0.0000,0.0001

5884.8780,-0.0075,-0.0219,0.0000,0.0000

5885.8780,-0.0065,0.0347,0.0000,0.0001

5886.8790,-0.0045,0.0604,0.0000,0.0001

5887.8790,-0.0070,0.0244,0.0000,0.0001

5888.8790,-0.0075,0.0347,0.0000,0.0001

5889.8780,-0.0035,0.0810,0.0000,0.0001

5890.8780,-0.0050,0.0193,0.0000,0.0001

5891.8790,-0.0035,0.0450,0.0000,0.0001

5892.8780,-0.0045,0.0399,0.0000,0.0000

5893.8780,-0.0025,0.0501,0.0000,0.0001

5894.8780,0.0045,0.0501,0.0000,0.0001

5895.8780,0.0065,0.0553,0.0000,0.0001

5896.8780,0.0025,0.0193,0.0000,0.0001

5897.8780,0.0030,0.0296,0.0000,0.0001

5898.8780,0.0045,0.0501,0.0000,0.0001

5899.8780,0.0065,0.1016,0.0000,0.0001

5900.8780,0.0065,0.0193,0.0000,0.0001

5901.8780,0.0065,0.0450,0.0000,0.0001

5902.8780,0.0089,0.0656,0.0000,0.0000

5903.8790,0.0099,0.0604,0.0000,0.0001

5904.8780,0.0109,0.0604,0.0000,0.0001

5905.8780,0.0109,0.0553,0.0000,0.0001

5906.8780,0.0119,0.0296,0.0000,0.0001

5907.8790,0.0139,0.0501,0.0000,0.0000

5908.8780,0.0094,0.0038,0.0000,0.0001

5909.8790,0.0030,0.0347,0.0000,0.0001

5910.8790,0.0080,0.0707,0.0000,0.0001

5911.8790,0.0129,0.0965,0.0000,0.0001

5912.8780,0.0119,0.0553,0.0000,0.0001

5913.8790,0.0099,0.0399,0.0000,0.0001

5914.8780,0.0065,0.0244,0.0000,0.0001

5915.8780,0.0045,0.0347,0.0000,0.0001

5916.8780,0.0050,0.0347,0.0000,0.0001

5917.8790,0.0040,0.0399,0.0000,0.0000

5918.8780,0.0075,0.0399,0.0000,0.0000

5919.8780,0.0109,0.0707,0.0000,0.0001

5920.8780,0.0109,0.0707,0.0000,0.0001

5921.8780,0.0045,0.0296,0.0000,0.0001

5922.8790,0.0040,0.0501,0.0000,0.0001

5923.8780,0.0070,0.0707,0.0000,0.0001

5924.8790,0.0085,0.0399,0.0000,0.0001

5925.8780,0.0089,0.0399,0.0000,0.0001

5926.8780,0.0070,0.0141,0.0000,0.0001

5927.8780,0.0085,0.0553,0.0000,0.0001

5928.8780,0.0144,0.1016,0.0000,0.0001

5929.8790,0.0174,0.1016,0.0000,0.0001

5930.8780,0.0114,0.0090,0.0000,0.0001

5931.8780,0.0154,0.0707,0.0000,0.0001

5932.8780,0.0149,0.0450,0.0000,0.0001

5933.8780,0.0129,0.0501,0.0000,0.0001

5934.8790,0.0154,0.0656,0.0000,0.0001

5935.8780,0.0179,0.0656,0.0000,0.0001

5936.8780,0.0209,0.0450,0.0000,0.0001

5937.8790,0.0254,0.1016,0.0000,0.0001

5938.8780,0.0194,0.0399,0.0000,0.0001

5939.8780,0.0020,-0.0785,0.0000,0.0001

5940.8790,0.0050,0.0399,0.0000,0.0001

5941.8780,0.0020,0.0399,0.0000,0.0001

5942.8780,0.0010,0.0347,0.0000,0.0001

5943.8780,-0.0020,0.0193,0.0000,0.0001

5944.8790,-0.0070,0.0141,0.0000,0.0001

5945.8780,-0.0094,0.0399,0.0000,0.0001

5946.8780,-0.0109,0.0296,0.0000,0.0001

5947.8780,-0.0189,0.0193,0.0000,0.0001

5948.8780,-0.0169,0.0604,0.0000,0.0001

5949.8780,-0.0050,0.0450,0.0000,0.0001

5950.8780,-0.0050,0.0399,0.0000,0.0001

5951.8780,0.0035,0.1273,0.0000,0.0001

5952.8780,0.0035,0.0347,0.0000,0.0001

5953.8790,0.0055,0.0399,0.0000,0.0001

5954.8780,0.0065,0.0244,0.0000,0.0001

5955.8780,0.0055,0.0296,0.0000,0.0001

5956.8780,0.0050,0.0244,0.0000,0.0001

5957.8790,0.0060,0.0296,0.0000,0.0001

5958.8790,0.0055,0.0553,0.0000,0.0001

5959.8780,0.0035,0.0244,0.0000,0.0001

5960.8780,0.0045,0.0501,0.0000,0.0001

5961.8780,-0.0030,0.0501,0.0000,0.0001

5962.8790,-0.0025,0.0399,0.0000,0.0001

5963.8780,-0.0025,0.0399,0.0000,0.0001

5964.8780,-0.0020,0.0296,0.0000,0.0001

5965.8780,0.0000,0.0501,0.0000,0.0001

5966.8780,0.0005,0.0296,0.0000,0.0001

5967.8780,0.0020,0.0450,0.0000,0.0001

5968.8780,-0.0005,0.0296,0.0000,0.0001

5969.8780,-0.0010,0.0193,0.0000,0.0001

5970.8780,-0.0020,0.0399,0.0000,0.0001

5971.8780,-0.0035,0.0347,0.0000,0.0001

5972.8780,-0.0005,0.0707,0.0000,0.0001

5973.8780,-0.0010,0.0347,0.0000,0.0001

5974.8780,-0.0015,0.0244,0.0000,0.0001

5975.8780,-0.0025,0.0399,0.0000,0.0001

5976.8780,-0.0015,0.0399,0.0000,0.0001

5977.8780,-0.0030,0.0296,0.0000,0.0001

5978.8790,0.0010,0.0707,0.0000,0.0001

5979.8780,0.0000,0.0090,0.0000,0.0001

5980.8790,0.0025,0.0656,0.0000,0.0001

5981.8780,0.0020,0.0296,0.0000,0.0001

5982.8780,0.0025,0.0759,0.0000,0.0001

5983.8780,0.0015,0.0244,0.0000,0.0001

5984.8780,0.0060,0.0707,0.0000,0.0001

5985.8780,0.0055,0.0347,0.0000,0.0001

5986.8780,0.0015,-0.0013,0.0000,0.0001

5987.8780,-0.0005,0.0090,0.0000,0.0001

5988.8790,-0.0055,0.0193,0.0000,0.0001

5989.8780,-0.0030,0.0347,0.0000,0.0001

5990.8790,-0.0055,0.0399,0.0000,0.0001

5991.8780,-0.0055,0.0296,0.0000,0.0000

5992.8780,-0.0094,0.0347,0.0000,0.0001

5993.8790,-0.0089,0.0296,0.0000,0.0001

5994.8780,-0.0104,0.0553,0.0000,0.0001

5995.8780,-0.0075,0.0656,0.0000,0.0001

5996.8780,-0.0050,0.0244,0.0000,0.0001

5997.8790,-0.0015,0.0450,0.0000,0.0001

5998.8780,0.0010,0.0450,0.0000,0.0001

5999.8790,0.0020,0.0450,0.0000,0.0001

6000.8780,-0.0005,0.0141,0.0000,0.0001

6001.8780,0.0020,0.0553,0.0000,0.0001

6002.8780,0.0020,0.0347,0.0000,0.0001

6003.8780,0.0025,0.0347,0.0000,0.0001

6004.8780,0.0015,0.0450,0.0000,0.0001

6005.8780,0.0015,0.0656,0.0000,0.0001

6006.8790,0.0045,0.0553,0.0000,0.0001

6007.8780,0.0045,0.0450,0.0000,0.0001

6008.8780,0.0030,0.0296,0.0000,0.0001

6009.8780,0.0030,0.0450,0.0000,0.0001

6010.8790,0.0030,0.0141,0.0000,0.0001

6011.8780,0.0015,0.0399,0.0000,0.0001

6012.8780,0.0005,0.0244,0.0000,0.0001

6013.8780,0.0005,0.0347,0.0000,0.0001

6014.8780,-0.0010,0.0296,0.0000,0.0001

6015.8790,-0.0050,0.0244,0.0000,0.0001

6016.8780,-0.0084,0.0193,0.0000,0.0001

6017.8790,-0.0079,0.0501,0.0000,0.0001

6018.8780,-0.0084,0.0244,0.0000,0.0001

6019.8780,-0.0060,0.0707,0.0000,0.0001

6020.8780,-0.0015,0.0604,0.0000,0.0001

6021.8780,-0.0025,0.0296,0.0000,0.0001

6022.8780,-0.0030,0.0193,0.0000,0.0001

6023.8790,-0.0035,0.0296,0.0000,0.0001

6024.8780,-0.0050,0.0141,0.0000,0.0001

6025.8780,-0.0055,0.0193,0.0000,0.0001

6026.8780,-0.0065,0.0090,0.0000,0.0001

6027.8780,-0.0070,0.0450,0.0000,0.0001

6028.8780,-0.0065,0.0296,0.0000,0.0001

6029.8780,-0.0099,0.0347,0.0000,0.0001

6030.8780,-0.0124,0.0347,0.0000,0.0001

6031.8780,-0.0104,0.0501,0.0000,0.0001

6032.8780,-0.0079,0.0450,0.0000,0.0001

6033.8780,-0.0065,0.0450,0.0000,0.0001

6034.8780,0.0015,0.0965,0.0000,0.0001

6035.8780,0.0030,0.0347,0.0000,0.0001

6036.8790,0.0070,0.0501,0.0000,0.0001

6037.8780,0.0080,0.0553,0.0000,0.0001

6038.8790,0.0080,0.0296,0.0000,0.0000

6039.8790,0.0099,0.0553,0.0000,0.0001

6040.8780,0.0104,0.0399,0.0000,0.0001

6041.8780,0.0080,0.0244,0.0000,0.0001

6042.8780,0.0085,0.0501,0.0000,0.0001

6043.8780,0.0094,0.0553,0.0000,0.0001

6044.8790,0.0045,0.0450,0.0000,0.0001

6045.8780,0.0065,0.0553,0.0000,0.0001

6046.8780,0.0005,-0.0116,0.0000,0.0001

6047.8780,-0.0015,0.0347,0.0000,0.0001

6048.8790,-0.0015,0.0296,0.0000,0.0001

6049.8780,-0.0020,0.0501,0.0000,0.0001

6050.8780,-0.0055,0.0038,0.0000,0.0001

6051.8780,-0.0055,0.0244,0.0000,0.0001

6052.8780,-0.0045,0.0604,0.0000,0.0001

6053.8780,-0.0050,0.0501,0.0000,0.0001

6054.8790,-0.0055,0.0399,0.0000,0.0001

6055.8780,-0.0075,0.0347,0.0000,0.0001

6056.8780,-0.0020,0.0450,0.0000,0.0001

6057.8780,-0.0010,0.0450,0.0000,0.0001

6058.8780,-0.0070,-0.0322,0.0000,0.0001

6059.8780,-0.0065,0.0553,0.0000,0.0001

6060.8780,-0.0070,-0.0013,0.0000,0.0001

6061.8790,-0.0079,0.0141,0.0000,0.0001

6062.8790,-0.0075,0.0656,0.0000,0.0001

6063.8790,-0.0109,0.0141,0.0000,0.0001

6064.8780,-0.0124,0.0244,0.0000,0.0001

6065.8780,-0.0114,0.0450,0.0000,0.0001

6066.8780,-0.0134,0.0244,0.0000,0.0001

6067.8790,-0.0159,0.0193,0.0000,0.0001

6068.8780,-0.0104,0.0244,0.0000,0.0001

6069.8780,-0.0124,0.0347,0.0000,0.0001

6070.8780,-0.0084,0.0399,0.0000,0.0001

6071.8780,-0.0060,0.0399,0.0000,0.0001

6072.8780,-0.0099,0.0244,0.0000,0.0001

6073.8790,-0.0139,-0.0270,0.0000,0.0000

6074.8790,-0.0139,0.0244,0.0000,0.0001

6075.8780,-0.0184,-0.0013,0.0000,0.0001

6076.8780,-0.0253,-0.0476,0.0000,0.0001

6077.8780,-0.0214,0.0604,0.0000,0.0001

6078.8780,-0.0244,-0.0065,0.0000,0.0001

6079.8780,-0.0263,0.0141,0.0000,0.0001

6080.8780,-0.0248,0.0553,0.0000,0.0001

6081.8790,-0.0273,0.0141,0.0000,0.0001

6082.8790,-0.0258,0.0399,0.0000,0.0001

6083.8780,-0.0199,0.0347,0.0000,0.0001

