Elapsed Time (s),P1 (psi),P2 (psi),P3 (psi),P4 (psi),P5 (psi),P6 (psi),P7 (psi),Main Loop Avg Pressure (psi),HX Pressure (psi),Overall Avg Pressure (psi)
1.9160,-0.0785,0.2917,1.0947,1.8981,1.5886,9.8617,0.3529,0.8579,9.8617,2.1442

2.4190,-0.1402,-0.0170,0.1068,1.4660,1.5886,9.6147,0.2912,0.5492,9.6147,1.8443

3.4190,-0.0785,0.2917,-0.1401,1.9599,1.6503,5.9106,0.2294,0.6521,5.9106,1.4033

4.4190,-0.2019,-0.0788,0.2303,1.2191,1.9590,4.0585,0.8468,0.6624,4.0585,1.1476

5.4190,0.0450,-0.0788,0.3538,1.5895,1.8355,3.2560,1.1555,0.8168,3.2560,1.1652

6.4190,0.1067,-0.0788,-0.2019,1.5895,1.4033,2.5769,-1.0671,0.2920,2.5769,0.6184

7.4190,-0.0785,-0.0788,-0.1401,1.6512,1.5268,2.2064,0.2912,0.5286,2.2064,0.7683

8.4200,-0.8809,-0.1405,0.2303,1.6512,1.8355,1.9595,1.3408,0.6727,1.9595,0.8566

9.4190,0.1067,0.1065,-0.0167,1.8981,1.7121,2.0212,0.5999,0.7344,2.0212,0.9183

10.4190,0.2302,0.3534,-0.2019,1.8364,1.8355,1.7126,0.4147,0.7447,1.7126,0.8830

11.4200,0.1067,-0.0788,0.2920,1.6512,2.0208,1.7126,0.7851,0.7962,1.7126,0.9271

12.4190,-0.0785,-0.2640,0.2920,1.6512,1.9590,1.5274,0.7234,0.7139,1.5274,0.8301

13.4190,-0.0168,0.0447,-0.2019,1.8364,1.5886,1.8360,0.2912,0.5904,1.8360,0.7683

14.4200,-0.0785,0.6003,0.3538,1.5895,1.7738,1.7743,0.3529,0.7653,1.7743,0.9094

15.4190,-0.1402,-0.1405,-0.0784,1.5895,1.7738,1.3421,0.4764,0.5801,1.3421,0.6890

16.4190,-0.1402,0.9708,0.1686,1.7129,1.6503,1.4039,0.3529,0.7859,1.4039,0.8742

17.4190,0.1067,-0.0788,0.1068,1.5277,1.7738,1.1569,0.4147,0.6418,1.1569,0.7154

18.4190,-0.0168,0.0447,-0.2019,1.7129,1.2181,0.8483,0.1677,0.4875,0.8483,0.5390

19.4190,-0.0168,0.1682,-0.0167,1.9599,1.8355,1.2804,0.4147,0.7241,1.2804,0.8036

20.4190,0.2919,0.1682,0.4155,1.8981,1.9590,1.2187,0.7851,0.9196,1.2187,0.9624

21.4190,-0.0785,-0.0788,-0.2636,1.6512,1.7121,1.1569,0.1677,0.5183,1.1569,0.6096

22.4200,0.2919,0.4151,0.0451,1.7747,1.8973,1.3421,0.5381,0.8270,1.3421,0.9006

23.4190,-0.3871,-0.0170,-0.5723,1.2808,1.4651,0.6013,0.0442,0.3023,0.6013,0.3450

24.4190,1.0326,-0.2022,-0.1401,1.5277,1.7738,1.0335,0.4764,0.7447,1.0335,0.7859

25.4190,0.0450,0.3534,-0.0784,2.0834,1.8355,1.4656,0.2912,0.7550,1.4656,0.8565

26.4190,-0.0785,-0.0788,0.6625,1.6512,1.6503,1.7126,1.0938,0.8168,1.7126,0.9447

27.4190,-0.0785,0.1065,-0.7576,1.7129,1.9590,1.3421,-0.0793,0.4772,1.3421,0.6008

28.4190,0.1067,-0.2640,-0.2636,2.2686,1.7738,1.2187,0.7234,0.7241,1.2187,0.7948

29.4190,-0.5106,0.4769,-0.2636,1.6512,2.2060,1.4039,0.1677,0.6213,1.4039,0.7331

30.4190,-0.1402,-0.0788,-0.3871,1.8364,1.5886,1.1569,0.4147,0.5389,1.1569,0.6272

31.4200,0.1684,0.0447,0.6625,1.8981,1.5886,1.1569,0.7851,0.8579,1.1569,0.9006

32.4190,-0.0168,-0.1405,0.1686,1.7129,1.9590,1.2804,0.6616,0.7241,1.2804,0.8036

33.4190,-0.0168,-0.0788,-0.3254,1.8981,1.7121,1.4039,0.5381,0.6212,1.4039,0.7330

34.4190,0.1067,-0.5726,0.0451,1.5895,1.9590,1.4039,-0.1410,0.4978,1.4039,0.6272

35.4190,0.0450,-0.0788,-0.3254,1.7129,1.4651,1.2804,0.3529,0.5286,1.2804,0.6360

36.4190,0.9709,0.2917,-0.4489,1.7129,2.0825,1.3421,0.3529,0.8270,1.3421,0.9006

37.4200,0.2302,-0.3874,-0.2636,1.8981,1.6503,1.5274,0.5381,0.6109,1.5274,0.7419

38.4190,-0.0785,-0.0788,-0.2019,1.5277,1.5886,0.5396,0.0442,0.4669,0.5396,0.4773

39.4190,-0.0168,-0.1405,-0.0167,1.8364,1.5268,1.6508,0.5381,0.6212,1.6508,0.7683

40.4190,0.3536,-0.0788,-0.2636,2.2068,1.8355,1.2804,0.7234,0.7962,1.2804,0.8653

41.4190,0.2919,-0.0788,-0.6341,1.8981,1.5268,1.4039,0.5381,0.5904,1.4039,0.7066

42.4190,-0.1402,0.4769,0.2303,1.5895,2.1443,1.5891,0.4147,0.7859,1.5891,0.9006

43.4190,0.1684,-0.3874,-0.3254,1.8364,1.5268,1.4656,0.4147,0.5389,1.4656,0.6713

44.4190,-0.2019,0.1065,-0.0784,1.6512,1.9590,1.2187,0.4147,0.6418,1.2187,0.7242

45.4190,0.2302,0.1065,-0.3871,1.8364,2.0825,1.5891,0.2912,0.6933,1.5891,0.8212

46.4190,-0.0785,-0.2022,-0.0167,1.7747,1.5268,1.6508,0.5381,0.5904,1.6508,0.7419

47.4190,0.1067,-0.5109,-0.2636,1.8364,1.6503,1.1569,0.4147,0.5389,1.1569,0.6272

48.4190,-0.0785,0.3534,-0.2636,1.4660,1.8355,1.0952,0.7851,0.6830,1.0952,0.7419

49.4190,-0.1402,0.1065,-0.0167,1.4043,1.8355,0.0457,0.1677,0.5595,0.0457,0.4861

50.4200,0.4153,0.1065,-0.6341,1.8981,1.6503,0.1692,0.4764,0.6521,0.1692,0.5831

51.4190,-0.1402,-0.3257,0.9094,2.0216,1.7121,-0.4482,0.6616,0.8065,-0.4482,0.6272

52.4190,0.1067,0.2299,-0.1401,1.8364,1.6503,0.2309,0.5381,0.7036,0.2309,0.6360

53.4190,-0.0168,-0.2640,-0.1401,1.8981,1.1564,0.1074,0.7851,0.5698,0.1074,0.5037

54.4190,-0.0785,0.6003,0.1068,1.6512,2.0208,-0.2013,0.4764,0.7962,-0.2013,0.6537

55.4190,-0.1402,0.4769,-0.0784,1.5895,1.8973,-0.0160,0.4764,0.7036,-0.0160,0.6008

56.4190,0.1684,0.2299,-0.3254,2.0216,1.7121,0.2926,0.2912,0.6830,0.2926,0.6272

57.4190,-0.2637,0.3534,-0.1401,1.9599,1.2181,0.7865,-0.1410,0.4978,0.7865,0.5390

58.4190,0.1684,-0.5726,-0.1401,1.8364,2.0208,0.1692,0.9703,0.7139,0.1692,0.6360

59.4190,0.1684,0.0447,-0.2636,1.8364,1.5886,0.3544,0.5999,0.6624,0.3544,0.6184

60.4190,0.1684,-0.3257,-1.3132,2.2068,1.4651,0.7248,0.2912,0.4154,0.7248,0.4596

61.4190,0.1067,0.0447,-0.5106,1.6512,1.2799,0.2309,0.3529,0.4875,0.2309,0.4508

62.4190,-0.0168,0.4151,0.1068,2.0834,1.4033,0.2926,0.5381,0.7550,0.2926,0.6890

63.4190,0.3536,-0.0788,-0.0167,1.6512,1.6503,0.1692,0.2912,0.6418,0.1692,0.5743

64.4200,0.2919,-0.1405,0.6007,1.7129,2.2060,0.5396,0.2912,0.8270,0.5396,0.7860

65.4190,0.1067,0.0447,0.2920,1.6512,2.0825,0.4161,0.5381,0.7859,0.4161,0.7331

66.4200,-1.2513,0.2917,-0.1401,1.8981,1.8355,0.4161,0.7851,0.5698,0.4161,0.5479

67.4190,0.1067,0.1682,0.1068,1.2808,2.0825,0.3544,0.8468,0.7653,0.3544,0.7066

68.4200,-0.0168,-0.3874,0.0451,1.5277,1.7738,0.8483,0.2912,0.5389,0.8483,0.5831

69.4190,0.1067,-0.2022,0.1686,1.8364,1.6503,0.9100,0.5381,0.6830,0.9100,0.7154

70.4190,0.0450,0.0447,0.2303,1.8981,2.0208,0.3544,0.5999,0.8065,0.3544,0.7419

71.4190,-0.1402,0.1682,-0.3871,1.3425,1.4651,0.5396,0.3529,0.4669,0.5396,0.4773

72.4190,0.1067,-0.1405,-0.5106,2.0216,1.7738,0.4778,0.7234,0.6624,0.4778,0.6360

73.4190,-0.1402,0.2917,-0.0784,1.8364,1.7121,0.6013,0.4147,0.6727,0.6013,0.6625

74.4200,-0.3871,-0.3874,-0.2636,1.5277,1.2799,-0.1395,0.1677,0.3229,-0.1395,0.2568

75.4200,-0.0168,0.2299,0.2920,1.8364,1.7121,0.6630,0.9703,0.8373,0.6630,0.8124

76.4190,-0.0785,-0.0788,0.1068,1.5277,1.3416,0.3544,0.1060,0.4875,0.3544,0.4685

77.4200,-0.2637,-0.0788,-0.3254,1.6512,1.6503,0.4161,0.1677,0.4669,0.4161,0.4596

78.4190,0.1067,-0.0788,0.1686,1.8981,1.7121,0.4778,0.5999,0.7344,0.4778,0.6978

79.4190,-0.0168,0.1065,-0.1401,2.0216,1.7121,0.7248,0.2912,0.6624,0.7248,0.6713

80.4190,0.2302,0.0447,0.1686,1.6512,1.7121,0.2309,0.4764,0.7138,0.2309,0.6449

81.4190,0.3536,-0.0170,0.4773,1.8364,1.7121,0.6630,0.2294,0.7653,0.6630,0.7507

82.4190,-0.2637,0.0447,0.0451,1.7129,1.7738,0.2926,0.2912,0.6007,0.2926,0.5567

83.4190,-0.0168,0.3534,-0.2019,1.8981,1.8355,0.3544,0.4147,0.7139,0.3544,0.6625

84.4190,-0.3254,-0.3257,-0.2019,1.8364,1.7738,0.8483,-0.0175,0.4566,0.8483,0.5126

85.4190,-0.2637,0.1065,0.1068,1.8981,1.7738,0.2926,0.5999,0.7036,0.2926,0.6449

86.4190,-0.0168,-0.0170,0.0451,1.6512,1.6503,0.0457,0.4764,0.6315,0.0457,0.5478

87.4190,-0.0168,-0.0170,0.0451,1.5895,1.7738,0.2926,0.4147,0.6315,0.2926,0.5831

88.4190,0.1684,0.1065,0.0451,1.6512,1.5886,0.4161,-0.0175,0.5904,0.4161,0.5655

89.4190,0.1067,-0.4492,0.2303,2.6390,2.0208,-0.2013,0.5999,0.8579,-0.2013,0.7066

90.4190,-0.1402,-0.0170,-0.3871,1.8981,1.6503,0.9100,0.2294,0.5389,0.9100,0.5919

91.4190,0.7240,-0.6961,0.1686,1.5895,1.9590,0.2926,0.3529,0.6830,0.2926,0.6272

92.4190,0.1067,0.0447,-0.0784,1.8364,1.6503,0.4161,0.3529,0.6521,0.4161,0.6184

93.4190,-0.1402,-0.2022,0.1686,1.2808,2.4530,-0.1395,0.9086,0.7447,-0.1395,0.6184

94.4190,0.1067,0.2299,-0.3254,1.9599,1.6503,0.6013,0.3529,0.6624,0.6013,0.6537

95.4190,0.1684,-0.2640,-0.2636,2.1451,1.5886,0.6630,0.4147,0.6315,0.6630,0.6360

96.4190,-0.0785,0.4151,-0.3871,1.9599,1.6503,0.6630,0.4147,0.6624,0.6630,0.6625

97.4190,-0.0785,-0.0170,-0.2636,1.8981,1.7121,0.6013,0.2294,0.5801,0.6013,0.5831

98.4190,-0.0168,0.3534,-0.1401,2.1451,1.4033,0.4778,0.4147,0.6933,0.4778,0.6625

99.4200,-0.2019,-0.0788,-0.1401,1.8364,1.5886,0.5396,0.4147,0.5698,0.5396,0.5655

100.4190,-0.2019,0.0447,0.1686,1.7747,2.0825,0.3544,0.5999,0.7447,0.3544,0.6890

101.4190,0.2919,0.1065,0.1686,1.7129,2.0208,0.4161,0.6616,0.8270,0.4161,0.7683

102.4200,0.1067,-0.5109,-0.5106,1.9599,1.5268,0.5396,0.5381,0.5183,0.5396,0.5214

103.4190,0.0450,0.0447,-0.5106,1.7747,1.9590,0.1074,0.2912,0.6007,0.1074,0.5302

104.4190,-0.0785,0.1682,-0.8810,1.7747,1.9590,0.5396,0.0442,0.4978,0.5396,0.5037

105.4190,-0.2637,0.2299,-0.1401,1.5895,1.5268,0.4778,0.7851,0.6213,0.4778,0.6008

106.4190,-0.0785,0.0447,-0.3871,1.8981,1.5886,0.7865,0.5381,0.6007,0.7865,0.6272

107.4190,-0.4489,0.0447,-0.2019,1.8364,1.4651,0.5396,0.4764,0.5286,0.5396,0.5302

108.4190,-0.1402,0.1682,-0.0784,1.2191,1.6503,0.6013,0.4147,0.5389,0.6013,0.5478

109.4190,0.6622,0.1682,-0.3871,1.8364,2.1443,0.5396,0.5999,0.8373,0.5396,0.7948

110.4190,-0.0785,-0.5109,-0.5723,1.8981,1.4033,0.2309,0.5381,0.4463,0.2309,0.4155

111.4200,-0.0785,0.3534,-0.3254,1.7747,1.8973,0.3544,0.7851,0.7344,0.3544,0.6801

112.4190,0.1067,0.6003,-0.0167,2.1451,1.8355,0.6630,0.6616,0.8888,0.6630,0.8565

113.4190,-0.0168,-1.0048,0.5390,1.5277,1.8355,0.3544,0.4147,0.5492,0.3544,0.5214

114.4190,-0.0785,-0.1405,-0.7576,1.5895,0.8477,0.4778,0.8468,0.3846,0.4778,0.3979

115.4200,0.2919,0.0447,-0.2636,1.6512,1.5886,0.6630,0.1677,0.5801,0.6630,0.5919

116.4200,0.3536,0.4769,-0.7576,1.8981,1.5268,1.0952,0.6616,0.6933,1.0952,0.7507

117.4190,-0.3254,-0.0788,-0.1401,1.4043,1.7121,0.4778,0.6616,0.5389,0.4778,0.5302

118.4190,-0.0168,-0.1405,-0.2019,1.8981,1.7121,0.4778,0.4147,0.6110,0.4778,0.5919

119.4190,-0.3254,-0.1405,-0.0167,1.6512,1.4651,0.4778,0.2294,0.4772,0.4778,0.4773

120.4190,0.0450,0.1065,-0.0784,1.5895,1.7121,0.4778,0.5999,0.6624,0.4778,0.6360

121.4190,0.0450,0.3534,0.1686,1.7129,2.3295,0.6630,0.3529,0.8270,0.6630,0.8036

122.4190,0.6622,-0.0788,-0.4489,2.2686,1.7121,0.4778,0.2912,0.7344,0.4778,0.6978

123.4190,0.1684,-0.0788,0.2920,1.7747,2.0825,0.7865,0.3529,0.7653,0.7865,0.7683

124.4200,0.0450,-0.0170,-0.1401,1.5895,1.8355,0.6630,0.1677,0.5801,0.6630,0.5919

125.4190,0.1067,0.2917,-0.2636,1.7129,1.7121,0.4778,0.7851,0.7241,0.4778,0.6890

126.4190,0.4153,-0.2022,0.2303,1.5277,1.7121,0.9717,0.4764,0.6933,0.9717,0.7330

127.4190,-0.0168,0.4151,0.1068,2.0834,1.7121,0.9100,0.1060,0.7344,0.9100,0.7595

128.4200,-0.2637,0.7856,0.2920,1.5895,1.9590,0.6013,0.3529,0.7859,0.6013,0.7595

129.4190,0.1067,0.1065,0.0451,1.8981,1.7738,0.6013,0.5381,0.7447,0.6013,0.7242

130.4190,0.0450,0.1065,-0.2636,1.9599,1.6503,0.7865,0.2912,0.6315,0.7865,0.6537

131.4190,0.1067,0.2299,-0.3254,1.8981,1.6503,0.4778,0.3529,0.6521,0.4778,0.6272

132.4190,-0.0168,0.0447,-0.0784,1.6512,1.7121,-0.6951,-0.1410,0.5286,-0.6951,0.3538

133.4190,1.2178,0.1682,-0.2636,1.7129,1.9590,0.6013,0.2294,0.8373,0.6013,0.8036

134.4190,0.0450,0.4769,-0.0784,2.1451,1.7121,0.9100,0.3529,0.7756,0.9100,0.7948

135.4190,1.3412,0.3534,-0.3254,1.8364,2.0208,0.6013,0.2294,0.9093,0.6013,0.8653

136.4190,0.3536,-0.0170,-0.3254,1.8364,1.6503,0.5396,0.1677,0.6109,0.5396,0.6007

137.4190,-0.0168,0.0447,0.0451,1.6512,1.8973,0.6013,0.1060,0.6212,0.6013,0.6184

138.4190,0.1067,0.7238,-0.3254,1.7129,1.7738,0.4161,0.1060,0.6830,0.4161,0.6448

139.4190,0.2302,-0.2022,-0.3871,1.8364,1.8355,0.2309,0.2294,0.5904,0.2309,0.5390

140.4190,0.9709,0.1682,-0.3871,1.4043,2.0825,0.2926,0.3529,0.7653,0.2926,0.6978

141.4190,0.0450,-0.1405,-0.2019,2.0216,1.6503,0.4778,0.4147,0.6315,0.4778,0.6096

142.4190,0.1684,0.0447,-0.2636,1.8364,2.3912,0.1074,0.4764,0.7756,0.1074,0.6801

143.4190,0.2302,-0.1405,-0.0167,1.8981,1.8973,0.4778,0.4764,0.7241,0.4778,0.6890

144.4190,0.0450,-0.4492,-0.3254,1.8981,1.9590,0.1074,0.3529,0.5801,0.1074,0.5126

145.4190,0.0450,0.4151,0.3538,1.8364,1.8973,0.3544,0.4764,0.8373,0.3544,0.7683

146.4190,-0.0168,0.3534,0.2303,1.7129,2.2060,0.4778,0.2294,0.7859,0.4778,0.7419

147.4190,-0.1402,0.2299,0.4155,1.7747,1.7738,0.5396,0.4147,0.7447,0.5396,0.7154

148.4200,-0.0785,-0.0170,0.3538,1.7747,1.2181,0.2926,0.4147,0.6110,0.2926,0.5655

149.4190,-0.0168,-0.2022,-0.1401,1.4043,1.7121,0.4161,0.5381,0.5492,0.4161,0.5302

150.4190,-0.0785,-0.2640,0.1068,1.7129,1.8355,0.3544,0.7851,0.6830,0.3544,0.6360

151.4190,-0.1402,-0.0788,-0.0784,1.7747,1.5886,0.6013,0.2912,0.5595,0.6013,0.5655

152.4190,0.3536,-0.1405,0.1686,1.7129,1.6503,0.4778,0.4147,0.6933,0.4778,0.6625

153.4190,0.2302,0.2917,0.3538,1.7129,1.7121,0.4161,0.3529,0.7756,0.4161,0.7242

154.4190,-0.1402,0.0447,-0.3254,1.3425,1.5886,0.6630,0.4764,0.4978,0.6630,0.5214

155.4190,-0.0168,-0.0170,0.2920,1.7129,1.8973,0.4161,0.5381,0.7344,0.4161,0.6890

156.4200,-0.0168,0.1065,0.0451,1.8364,1.5886,0.4778,0.1677,0.6212,0.4778,0.6008

157.4190,0.0450,0.1065,-0.0167,1.6512,1.5886,0.4161,0.3529,0.6212,0.4161,0.5919

158.4200,-0.0168,0.0447,0.1068,1.7747,1.8973,0.4778,0.6616,0.7447,0.4778,0.7066

159.4190,0.1684,-0.0170,0.0451,1.8364,1.7738,0.5396,0.4764,0.7138,0.5396,0.6890

160.4190,-0.1402,-0.0170,-0.2636,2.1451,1.5886,0.8483,0.4147,0.6212,0.8483,0.6537

161.4190,-0.0785,-0.1405,-0.2636,1.8364,1.8973,0.5396,0.1677,0.5698,0.5396,0.5655

162.4190,-0.0785,-0.2022,0.0451,1.7129,1.7121,0.6630,0.6616,0.6418,0.6630,0.6449

163.4190,0.5388,-0.3257,0.1068,1.6512,1.7738,0.4161,0.7234,0.7447,0.4161,0.6978

164.4190,0.2919,-0.0788,0.2303,1.7129,1.8973,0.5396,0.4147,0.7447,0.5396,0.7154

165.4200,0.0450,0.0447,0.1068,1.7747,1.7121,0.4778,0.4147,0.6830,0.4778,0.6537

166.4190,0.1067,0.1682,0.0451,2.0216,1.7738,0.6630,0.4764,0.7653,0.6630,0.7507

167.4190,0.4771,0.0447,0.4773,1.7747,2.0825,0.2926,0.5999,0.9094,0.2926,0.8212

168.4190,0.1067,-0.0788,-0.1401,1.6512,1.6503,0.3544,0.2912,0.5801,0.3544,0.5478

169.4190,-0.0168,0.2299,0.1068,2.5155,1.8973,1.2804,0.4764,0.8682,1.2804,0.9271

170.4190,-0.1402,-0.0170,0.0451,1.6512,1.8355,0.2926,0.4764,0.6418,0.2926,0.5919

171.4190,0.1067,-0.0170,0.2303,1.4660,1.7738,0.8483,0.3529,0.6521,0.8483,0.6801

172.4190,0.7857,-0.2640,0.2303,1.7747,1.5268,0.5396,0.0442,0.6830,0.5396,0.6625

173.4190,0.9092,-0.0170,0.0451,1.4660,1.4651,0.2926,0.9703,0.8064,0.2926,0.7330

174.4190,0.0450,-0.2022,-0.0167,2.0216,1.6503,0.3544,0.7234,0.7036,0.3544,0.6537

175.4190,0.0450,0.2299,0.0451,1.7747,1.5886,0.6630,0.4147,0.6830,0.6630,0.6801

176.4190,-0.4489,-0.4492,-0.2636,1.9599,2.2060,0.2926,0.2912,0.5492,0.2926,0.5126

177.4190,0.3536,0.1065,-1.0045,1.7129,2.0208,0.4161,-0.0175,0.5286,0.4161,0.5125

178.4190,0.2302,0.0447,0.2920,1.5277,1.5268,0.4161,0.7234,0.7241,0.4161,0.6801

179.4190,0.4771,-0.0788,0.2920,1.4043,1.7121,0.5396,-0.0793,0.6212,0.5396,0.6096

180.4200,-0.0785,0.0447,0.3538,1.6512,1.5886,0.3544,0.4147,0.6624,0.3544,0.6184

181.4190,0.0450,-0.3257,-0.1401,1.5895,1.5268,0.6013,0.1677,0.4772,0.6013,0.4949

182.4200,-0.0168,0.3534,0.2920,1.6512,2.1443,0.8483,0.3529,0.7962,0.8483,0.8036

183.4190,0.1067,0.5386,0.2303,1.8981,1.7121,0.3544,0.1677,0.7756,0.3544,0.7154

184.4190,-0.0785,0.3534,-0.2636,2.0216,1.7738,0.3544,0.2294,0.6727,0.3544,0.6272

185.4190,1.0943,0.4769,-0.2019,1.6512,1.7738,0.1692,0.7234,0.9196,0.1692,0.8124

186.4190,0.4771,-0.2022,-0.5106,1.6512,1.5268,0.4161,0.4764,0.5698,0.4161,0.5478

187.4200,-0.0785,0.1065,0.2920,1.8981,2.4530,0.5396,0.9703,0.9402,0.5396,0.8830

188.4190,0.1067,-0.6961,0.4773,1.4660,2.3295,0.5396,0.4764,0.6933,0.5396,0.6713

189.4190,0.2919,-0.0788,-0.3254,1.5895,1.5268,0.2309,0.3529,0.5595,0.2309,0.5126

190.4190,1.4030,0.7856,-0.5723,1.8981,1.7121,0.3544,0.3529,0.9299,0.3544,0.8477

191.4190,0.0450,-0.0788,-0.2019,1.5895,1.6503,0.6013,0.1677,0.5286,0.6013,0.5390

192.4190,0.0450,-0.0788,-0.3254,1.8364,1.6503,0.7865,0.3529,0.5801,0.7865,0.6096

193.4190,0.2302,0.1065,-0.1401,1.7129,1.7738,0.4778,0.7234,0.7344,0.4778,0.6978

194.4190,0.0450,-0.0170,-0.1401,1.8364,1.5886,0.6013,0.1677,0.5801,0.6013,0.5831

195.4190,-0.0785,-0.1405,-0.2636,1.8364,1.6503,0.6013,-0.2645,0.4566,0.6013,0.4773

196.4200,0.2919,-0.0788,0.2920,1.7129,2.1443,0.7248,0.4764,0.8065,0.7248,0.7948

197.4190,0.2919,-0.0170,-0.0784,1.7747,1.6503,0.4778,0.4764,0.6830,0.4778,0.6537

198.4190,-0.0168,-0.0788,-0.5723,1.5895,1.5268,0.4161,0.5381,0.4978,0.4161,0.4861

199.4190,0.1684,-0.0788,-0.3871,1.6512,1.5268,0.6013,0.1677,0.5080,0.6013,0.5214

200.4200,0.4153,0.2299,0.1068,1.4660,1.8973,0.9717,0.0442,0.6933,0.9717,0.7330

201.4200,-0.1402,0.3534,-0.4489,1.8364,1.7738,0.5396,0.4147,0.6315,0.5396,0.6184

202.4190,1.0326,0.1682,0.6625,1.9599,1.8355,0.5396,0.4764,1.0225,0.5396,0.9535

203.4190,-0.0168,-0.0788,-0.2019,1.7129,1.5886,-0.6334,0.6616,0.6110,-0.6334,0.4332

204.4190,0.4153,-0.0788,-0.0167,1.7747,2.0208,0.5396,0.8468,0.8270,0.5396,0.7860

205.4200,-0.1402,0.1065,-0.3871,1.8364,1.5886,0.3544,-0.0793,0.4875,0.3544,0.4685

206.4200,-0.0168,0.4769,0.1068,1.7747,1.5268,0.7865,0.6616,0.7550,0.7865,0.7595

207.4190,0.0450,-0.3257,0.1068,1.3425,1.7738,0.2309,0.4764,0.5698,0.2309,0.5214

208.4190,0.4771,-0.0788,0.5390,1.8981,2.6999,0.3544,0.5999,1.0225,0.3544,0.9271

209.4200,0.1684,0.1065,0.6007,1.8364,1.5886,0.9717,0.3529,0.7756,0.9717,0.8036

210.4190,1.8351,0.9090,-0.2636,1.7747,1.8355,0.2309,0.2912,1.0636,0.2309,0.9447

211.4190,0.2302,0.1682,-0.3254,1.8364,1.7738,0.4161,0.1060,0.6315,0.4161,0.6007

212.4190,-0.0785,-0.0170,-0.1401,1.5895,1.7121,0.4778,0.4147,0.5801,0.4778,0.5655

213.4200,0.4771,-1.2517,-0.5106,2.3303,1.5886,0.3544,0.1677,0.4669,0.3544,0.4508

214.4190,-0.3254,-0.0788,-0.2636,2.0834,1.4651,0.4161,0.2294,0.5183,0.4161,0.5037

215.4200,0.1067,0.1682,0.1068,1.7747,1.9590,-0.0778,-0.0175,0.6830,-0.0778,0.5743

216.4190,-0.0168,0.4769,0.4155,1.6512,1.8355,0.7865,0.5381,0.8168,0.7865,0.8124

217.4190,0.2919,-0.2022,-0.0167,1.9599,1.8355,0.2926,0.5381,0.7344,0.2926,0.6713

218.4190,0.2302,-0.0788,0.1686,2.0216,1.7738,0.1692,0.3529,0.7447,0.1692,0.6625

219.4190,0.4153,0.3534,0.1068,1.6512,1.7738,0.4778,0.1060,0.7344,0.4778,0.6978

220.4200,0.0450,-0.0788,0.2303,1.5277,1.4651,0.2309,0.4147,0.6007,0.2309,0.5478

221.4190,-0.1402,-0.0788,0.4155,1.7129,1.4651,0.7865,0.1677,0.5904,0.7865,0.6184

222.4190,0.2919,-0.1405,-0.2636,2.2068,1.5886,0.2926,1.0938,0.7962,0.2926,0.7242

223.4190,-0.0785,0.4151,-0.3871,1.7747,1.2799,-0.0778,1.2173,0.7036,-0.0778,0.5919

224.4200,0.1067,-0.4492,0.1068,1.7129,2.5765,0.0457,0.9703,0.8373,0.0457,0.7243

225.4190,-0.0785,-0.3257,0.4773,1.6512,1.4033,0.7865,0.1677,0.5492,0.7865,0.5831

226.4200,-0.0168,0.5386,-0.0167,2.3920,1.8355,0.5396,0.7234,0.9094,0.5396,0.8565

227.4190,-0.0168,0.2917,-0.3254,1.7747,1.6503,0.2309,0.3529,0.6212,0.2309,0.5655

228.4190,0.2302,-0.1405,-0.0167,1.6512,1.5268,0.1074,0.5381,0.6315,0.1074,0.5567

229.4190,0.2919,-0.0788,-0.0167,1.7747,1.8355,0.4778,0.4147,0.7036,0.4778,0.6713

230.4190,-0.1402,0.1682,0.4155,0.6635,1.0329,0.9717,0.2912,0.4052,0.9717,0.4861

231.4190,0.1067,-0.0170,0.1068,1.7747,2.0208,0.4161,0.4147,0.7344,0.4161,0.6890

232.4190,0.3536,-0.0788,0.1686,1.8364,1.7738,0.6630,0.3529,0.7344,0.6630,0.7242

233.4190,-0.2637,0.3534,-0.0167,1.9599,1.8355,0.4778,0.2912,0.6933,0.4778,0.6625

234.4190,-0.0785,0.0447,-0.6958,1.7129,1.7121,0.6630,0.2294,0.4875,0.6630,0.5126

235.4190,-0.0168,0.0447,-0.2019,1.7129,1.5268,0.3544,0.1060,0.5286,0.3544,0.5037

236.4190,0.1684,0.2917,-0.5723,1.8981,1.6503,0.4778,0.4764,0.6521,0.4778,0.6272

237.4190,0.4153,-0.0788,-0.0784,1.8364,1.6503,0.2926,0.3529,0.6830,0.2926,0.6272

238.4190,0.0450,1.0942,0.0451,1.7747,1.7121,0.4778,0.1677,0.8065,0.4778,0.7595

239.4190,0.4771,-0.1405,-0.0784,1.6512,2.1443,0.7248,0.3529,0.7344,0.7248,0.7330

240.4190,-0.0785,-0.0788,-0.3254,1.6512,1.5268,0.3544,0.2294,0.4875,0.3544,0.4685

241.4190,0.4153,-0.0788,0.5390,1.7747,2.3295,0.6013,0.6616,0.9402,0.6013,0.8918

242.4190,-0.2019,0.0447,-0.0167,1.8364,1.5886,0.6630,0.2294,0.5801,0.6630,0.5919

243.4200,0.1067,-0.1405,-0.2636,1.7747,1.7738,0.2309,0.5999,0.6418,0.2309,0.5831

244.4190,0.1067,0.2917,-0.1401,1.9599,1.6503,0.6013,0.2294,0.6830,0.6013,0.6713

245.4190,0.1067,1.0942,0.2920,1.9599,2.0208,0.5396,0.4147,0.9814,0.5396,0.9183

246.4190,-0.0785,0.1065,-0.0167,1.8364,1.5268,0.4161,0.3529,0.6212,0.4161,0.5919

247.4190,-0.2637,0.0447,0.1068,1.7129,1.6503,0.4161,0.3529,0.6007,0.4161,0.5743

248.4190,-0.4489,0.2299,-0.0784,1.7129,1.5886,0.4161,0.4764,0.5801,0.4161,0.5567

249.4190,-0.0785,-0.1405,-0.0167,1.6512,1.7121,0.5396,0.7234,0.6418,0.5396,0.6272

250.4190,-0.0785,-0.2022,0.0451,1.7747,2.3912,0.5396,0.2294,0.6933,0.5396,0.6713

251.4190,0.1067,0.1065,0.1068,1.7747,1.6503,0.6630,0.3529,0.6830,0.6630,0.6801

252.4190,-0.0785,0.3534,0.1068,1.7747,1.5268,0.7248,0.2294,0.6521,0.7248,0.6625

253.4200,-0.2637,-0.1405,0.3538,1.5895,1.7121,0.8483,0.5381,0.6315,0.8483,0.6625

254.4190,-0.1402,0.2917,0.1068,1.8364,1.7738,0.5396,0.4764,0.7241,0.5396,0.6978

255.4190,-0.5723,0.1682,-0.0784,1.7129,1.6503,0.4161,0.3529,0.5389,0.4161,0.5214

256.4200,0.1684,0.0447,0.1068,1.8981,2.0208,0.4778,0.2912,0.7550,0.4778,0.7154

257.4190,-0.2019,0.1065,-0.0784,2.0834,1.8973,0.2309,1.0321,0.8065,0.2309,0.7242

258.4190,-0.0168,0.2917,-0.2636,1.6512,1.8973,0.2926,0.3529,0.6521,0.2926,0.6008

259.4190,-0.5723,0.1065,-0.2636,1.6512,1.8973,-0.0778,0.2912,0.5184,-0.0778,0.4332

260.4190,0.0450,-0.0788,0.4773,1.4660,0.7859,0.6630,0.2912,0.4978,0.6630,0.5214

261.4190,-0.0785,0.4151,0.1686,1.7747,1.5268,0.4778,0.4764,0.7139,0.4778,0.6801

262.4190,0.7857,-0.4492,-0.0784,1.8364,1.4651,1.4039,0.5999,0.6932,1.4039,0.7948

263.4200,-0.0168,-0.2022,-0.2019,1.5277,1.7121,0.4778,1.3408,0.6933,0.4778,0.6625

264.4190,-0.0168,0.1682,-0.2636,1.7747,1.8355,0.2926,0.2294,0.6212,0.2926,0.5743

265.4200,0.4153,-0.2640,-0.2019,1.5895,1.7738,0.2926,0.3529,0.6109,0.2926,0.5655

266.4190,0.1067,-0.0170,-0.2019,1.7747,0.9094,0.3544,0.1060,0.4463,0.3544,0.4332

267.4190,0.8474,-0.0170,-0.1401,1.9599,1.7738,0.2926,0.4147,0.8064,0.2926,0.7330

268.4190,-0.2019,0.0447,-0.3871,1.8364,1.7121,0.4161,0.6616,0.6110,0.4161,0.5831

269.4190,0.4771,-0.4492,-0.3871,1.7129,1.5886,0.4778,0.1677,0.5183,0.4778,0.5125

270.4190,-0.3254,-0.4492,-0.5723,1.8364,0.6007,0.8483,0.7851,0.3125,0.8483,0.3891

271.4200,0.1684,0.1065,-0.2019,1.7747,1.8355,0.6630,0.3529,0.6727,0.6630,0.6713

272.4190,-0.3254,-0.0170,-0.0167,1.8364,1.9590,0.4778,0.8468,0.7139,0.4778,0.6801

273.4190,-0.0785,-0.3257,-0.0784,1.6512,1.8355,0.6630,0.2912,0.5492,0.6630,0.5655

274.4190,-0.0785,-0.1405,-0.0167,1.6512,1.7738,0.2926,0.2912,0.5801,0.2926,0.5390

275.4190,-0.0785,0.1065,-0.1401,1.7747,2.0825,0.0457,-0.1410,0.6007,0.0457,0.5214

276.4190,-0.5723,0.8473,0.2920,1.9599,2.0208,0.3544,0.5381,0.8476,0.3544,0.7772

277.4190,0.0450,-0.1405,0.6625,1.7129,1.1564,1.1569,-0.2645,0.5286,1.1569,0.6184

278.4190,0.6005,0.1065,0.6625,1.9599,1.9590,0.7248,0.4764,0.9608,0.7248,0.9271

279.4190,-0.0168,-0.2640,0.0451,1.5895,1.8973,0.2309,0.3529,0.6007,0.2309,0.5478

280.4190,-0.0168,-0.0170,0.1068,1.7747,1.4033,0.5396,0.1677,0.5698,0.5396,0.5655

281.4200,-0.4489,-0.1405,0.7242,1.5277,1.6503,2.0212,0.8468,0.6933,2.0212,0.8830

282.4200,-0.1402,0.5386,0.4155,1.7129,1.6503,4.5524,0.4764,0.7756,4.5524,1.3151

283.4190,-0.5106,0.2917,0.1686,1.7129,2.3295,5.6019,0.5999,0.7653,5.6019,1.4563

284.4190,-0.2019,-0.0788,0.4155,1.6512,1.6503,6.0958,0.4147,0.6418,6.0958,1.4210

285.4200,0.0450,-0.2022,0.1686,1.4043,1.7121,6.2193,0.2912,0.5698,6.2193,1.3769

286.4190,0.0450,-0.3874,-0.0167,1.5277,0.1067,6.2810,-0.2027,0.1788,6.2810,1.0505

287.4190,0.0450,-0.0788,0.2303,1.5895,2.2060,5.8489,0.5381,0.7550,5.8489,1.4827

288.4190,0.1684,-1.0048,0.2303,1.4043,2.0208,6.2193,0.1060,0.4875,6.2193,1.3063

289.4190,0.2919,-0.3257,-0.0784,1.7747,2.3295,4.4907,0.3529,0.7241,4.4907,1.2622

290.4200,0.0450,-0.1405,-0.0784,1.7129,1.5886,3.1325,0.3529,0.5801,3.1325,0.9447

291.4200,0.1684,0.3534,0.8477,1.8981,1.6503,2.0830,0.6616,0.9299,2.0830,1.0947

292.4190,-0.2019,-0.1405,-0.1401,1.8364,1.7121,2.0212,0.1060,0.5286,2.0212,0.7419

293.4190,-0.2019,0.0447,0.1068,2.0216,1.4033,0.6630,0.4764,0.6418,0.6630,0.6449

294.4190,-0.0168,-0.0788,0.0451,1.5277,1.9590,0.4778,0.0442,0.5801,0.4778,0.5655

295.4200,0.3536,-0.0170,0.2920,1.4043,1.6503,0.0457,0.5381,0.7036,0.0457,0.6096

296.4190,0.2302,-0.0170,0.0451,1.7747,1.7738,0.9100,0.5381,0.7241,0.9100,0.7507

297.4190,-0.2019,-0.0170,0.0451,1.9599,1.8973,-0.0778,0.8468,0.7550,-0.0778,0.6360

298.4190,0.1684,-0.1405,-0.0784,1.8364,1.6503,-0.2013,0.1060,0.5904,-0.2013,0.4773

299.4190,-0.5723,0.0447,-0.0167,1.7129,1.2799,-0.1395,0.6616,0.5184,-0.1395,0.4244

300.4190,-0.0168,0.4769,0.0451,1.6512,2.1443,-0.2013,0.2294,0.7550,-0.2013,0.6184

301.4190,-0.4489,1.2177,0.1686,1.7129,1.8355,0.0457,0.0442,0.7550,0.0457,0.6537

302.4190,0.2919,-0.2640,-0.3871,1.6512,1.5268,-0.2013,0.4764,0.5492,-0.2013,0.4420

303.4190,-0.0785,0.0447,-0.2636,1.8364,1.8355,-0.3247,0.3529,0.6212,-0.3247,0.4861

304.4190,-0.8192,0.5386,0.1068,2.1451,2.2060,0.1074,0.2912,0.7447,0.1074,0.6537

305.4190,-0.0168,0.7238,0.1686,1.9599,2.0825,-0.2013,0.5999,0.9196,-0.2013,0.7595

306.4190,0.1067,-0.0170,0.2303,1.7129,1.8973,0.3544,0.3529,0.7139,0.3544,0.6625

307.4190,0.1067,-0.4492,-0.3254,1.4043,1.6503,-0.3247,0.5999,0.4978,-0.3247,0.3803

308.4190,-0.1402,-0.0788,-0.0784,1.8981,1.5268,-0.0160,0.5999,0.6212,-0.0160,0.5302

309.4190,0.0450,0.0447,-0.0167,1.6512,1.8355,-0.1395,0.2912,0.6418,-0.1395,0.5302

310.4190,-0.0168,-0.0788,-0.2019,1.5895,1.7738,-0.0160,0.1677,0.5389,-0.0160,0.4596

311.4190,0.1067,-0.0788,-0.4489,1.7129,1.7121,-0.1395,0.5381,0.5904,-0.1395,0.4861

312.4190,0.1067,0.0447,-0.4489,1.5277,1.5268,0.1074,0.4147,0.5286,0.1074,0.4685

313.4190,-0.0785,0.2299,1.0329,2.6390,1.2181,0.3544,0.3529,0.8991,0.3544,0.8212

314.4190,0.0450,-0.2022,-0.1401,1.5895,1.7121,0.1692,0.4764,0.5801,0.1692,0.5214

315.4200,-0.3871,-0.0170,0.7242,1.2191,1.5886,-0.1395,0.2912,0.5698,-0.1395,0.4685

316.4190,-0.0168,0.3534,-0.2019,1.7747,1.7121,-0.0778,0.3529,0.6624,-0.0778,0.5567

317.4190,0.0450,-0.0170,-0.2636,1.8981,1.7738,0.2309,0.4147,0.6418,0.2309,0.5831

318.4190,-0.3254,-0.3257,-0.2636,2.0834,1.8355,0.2309,-0.6967,0.3846,0.2309,0.3626

319.4190,0.1067,0.2917,0.1686,2.0216,1.7738,0.1692,0.3529,0.7859,0.1692,0.6978

320.4190,0.1067,-0.0788,-0.3871,1.6512,1.5886,-0.0778,0.4147,0.5492,-0.0778,0.4596

321.4200,0.0450,-0.0170,-0.0784,1.5277,1.3416,0.2926,-0.2645,0.4257,0.2926,0.4067

322.4200,0.0450,0.0447,-0.8810,2.2068,1.5886,-0.0778,0.3529,0.5595,-0.0778,0.4685

323.4190,-0.2637,-0.1405,-0.0784,1.9599,1.7738,-0.1395,0.7851,0.6727,-0.1395,0.5567

324.4190,0.1067,0.4151,-0.0167,1.6512,1.7738,-0.0778,0.2912,0.7036,-0.0778,0.5919

325.4190,-0.0168,0.4769,0.1686,1.7129,1.6503,-0.0778,0.5381,0.7550,-0.0778,0.6360

326.4190,-0.8192,0.2917,-0.1401,1.9599,1.8355,-0.2013,0.5999,0.6213,-0.2013,0.5038

327.4200,-0.0168,-0.0788,-0.3254,1.7747,1.8355,-0.0160,0.7234,0.6521,-0.0160,0.5567

328.4200,-0.0785,0.2299,-0.0784,1.8981,1.8355,-0.0778,0.2912,0.6830,-0.0778,0.5743

329.4190,0.1067,-0.0170,0.0451,1.7747,2.2060,0.1692,0.2912,0.7344,0.1692,0.6537

330.4190,0.0450,0.2917,-0.0784,1.7747,1.7738,0.2926,0.4147,0.7036,0.2926,0.6449

331.4190,-0.0785,-0.0170,-0.0784,1.2191,1.7738,1.7743,0.4764,0.5492,1.7743,0.7242

332.4200,-0.0785,0.1682,0.1068,1.6512,1.8355,4.4289,0.4764,0.6933,4.4289,1.2269

333.4190,0.1067,0.6003,0.1068,1.5895,1.7738,7.6392,0.1677,0.7241,7.6392,1.7120

334.4190,0.1684,0.1065,0.0451,1.7747,1.5886,9.1208,0.4147,0.6830,9.1208,1.8884

335.4190,-0.2019,-0.0788,0.1686,1.8981,1.5268,10.1086,0.7851,0.6830,10.1086,2.0295

336.4200,0.1067,-0.6344,-0.3254,1.9599,1.7738,10.1704,0.2294,0.5183,10.1704,1.8972

337.4190,-0.1402,-0.0788,-0.0167,1.7129,1.7738,10.6025,0.6616,0.6521,10.6025,2.0736

338.4190,0.7240,0.1682,-0.2019,1.6512,1.8355,10.8495,0.4764,0.7756,10.8495,2.2147

339.4190,0.0450,0.1682,0.4773,1.8981,1.6503,11.5903,0.2912,0.7550,11.5903,2.3029

340.4190,-0.1402,0.1065,0.1686,1.4043,1.8355,12.1459,0.7234,0.6830,12.1459,2.3206

341.4190,-0.2637,-0.3257,-0.3871,1.7129,1.8355,10.9729,1.0938,0.6110,10.9729,2.0912

342.4190,0.4153,0.2917,-0.0784,1.5277,1.6503,10.5408,0.3529,0.6933,10.5408,2.1000

343.4190,-0.1402,0.3534,-0.0784,2.1451,1.9590,10.5408,0.2912,0.7550,10.5408,2.1530

344.4200,-0.2019,-0.3257,-0.3254,1.7129,1.5268,10.6025,0.4147,0.4669,10.6025,1.9148

345.4190,0.0450,0.1065,0.2303,1.7129,2.2060,10.5408,0.4147,0.7859,10.5408,2.1794

346.4200,0.1684,-0.2022,-0.1401,2.0216,2.2677,10.6025,0.3529,0.7447,10.6025,2.1530

347.4190,0.0450,-0.2022,0.5390,1.0339,1.4651,10.7877,0.1060,0.4978,10.7877,1.9678

348.4190,-0.0168,-0.1405,-0.3871,1.7129,1.8355,10.3556,0.5999,0.6007,10.3556,1.9942

349.4190,-0.3254,-0.1405,-0.2019,1.7747,1.8973,10.6025,0.9086,0.6521,10.6025,2.0736

350.4190,0.1684,0.0447,0.0451,1.9599,1.7121,10.6642,0.4764,0.7344,10.6642,2.1530

351.4190,-0.1402,-0.0170,-0.1401,1.7747,1.3416,10.4790,0.6616,0.5801,10.4790,1.9942

352.4200,-0.3254,0.1682,-0.1401,1.6512,1.8355,10.4173,0.5999,0.6315,10.4173,2.0295

353.4200,0.0450,0.6621,0.2303,1.5895,1.6503,10.6025,0.4147,0.7653,10.6025,2.1706

354.4190,0.0450,0.6621,0.0451,1.7129,1.6503,10.4790,0.5381,0.7756,10.4790,2.1618

355.4190,0.1684,-0.0788,-0.1401,1.5277,1.9590,10.6642,0.9086,0.7241,10.6642,2.1442

356.4190,0.3536,-0.0170,-0.3254,1.8364,1.5268,10.7260,0.4764,0.6418,10.7260,2.0824

357.4190,0.1684,0.2917,-0.0167,1.5277,2.0825,10.3556,0.3529,0.7344,10.3556,2.1089

358.4190,0.2302,0.0447,-0.2019,1.5895,1.6503,10.6025,0.1060,0.5698,10.6025,2.0030

359.4190,-0.2637,-0.0170,-0.1401,1.8364,1.7121,10.9729,0.7234,0.6418,10.9729,2.1177

360.4190,0.2302,0.0447,-0.6341,1.8981,1.5268,10.4790,0.3529,0.5698,10.4790,1.9854

361.4190,-0.0168,-0.0170,-0.2636,2.0834,1.4651,10.4790,0.5381,0.6315,10.4790,2.0383

362.4190,-0.0785,0.1065,-0.2019,1.8364,1.6503,10.7877,0.3529,0.6110,10.7877,2.0648

363.4190,-0.0785,-0.0170,-0.1401,1.7747,1.1564,10.5408,0.6616,0.5595,10.5408,1.9854

364.4190,0.1684,0.6003,0.4155,1.7747,1.9590,10.4173,0.2294,0.8579,10.4173,2.2235

365.4200,-0.0168,-0.3257,0.1068,1.9599,1.7121,10.6025,0.4147,0.6418,10.6025,2.0648

366.4190,0.1067,0.2299,-0.4489,1.7747,1.9590,11.0964,0.7851,0.7344,11.0964,2.2147

367.4190,0.3536,0.0447,-0.2636,1.7747,1.6503,10.6025,0.1677,0.6212,10.6025,2.0471

368.4190,-0.0168,-0.0170,0.0451,1.1573,1.8355,10.7260,0.3529,0.5595,10.7260,2.0119

369.4200,0.0450,0.1065,-0.2019,2.2686,0.7859,10.7260,0.1677,0.5286,10.7260,1.9854

370.4200,0.1684,-0.1405,-0.0167,1.8364,1.7738,8.4418,0.3529,0.6624,8.4418,1.7737

371.4190,0.0450,0.3534,-0.4489,1.9599,1.7121,7.0218,0.1060,0.6212,7.0218,1.5356

372.4200,0.1684,-0.0788,-0.1401,1.7129,1.8973,5.0463,0.5999,0.6933,5.0463,1.3151

373.4190,-0.2637,-0.0788,-0.2636,2.2068,1.8973,3.6264,0.4764,0.6624,3.6264,1.0858

374.4190,0.1684,0.0447,-0.0784,1.8364,1.7121,2.3917,0.5999,0.7138,2.3917,0.9535

375.4190,0.1067,-0.2022,-0.3254,1.6512,0.3537,1.7743,-0.0175,0.2611,1.7743,0.4773

376.4190,-0.0168,0.0447,-0.1401,1.6512,1.8973,1.0335,0.6616,0.6830,1.0335,0.7331

377.4190,-0.2637,-0.2640,0.7242,1.7747,1.6503,0.7865,0.2912,0.6521,0.7865,0.6713

378.4200,0.1067,-0.0788,-0.0784,1.5895,1.3416,0.9717,0.1677,0.5081,0.9717,0.5743

379.4190,0.1067,-0.1405,1.0329,1.8981,1.7738,0.7248,0.3529,0.8373,0.7248,0.8213

380.4190,-0.2019,0.1065,-0.2019,1.7747,1.5268,0.1692,0.3529,0.5595,0.1692,0.5037

381.4200,-0.3871,-0.1405,-0.0784,1.3425,1.7121,0.3544,0.7851,0.5389,0.3544,0.5126

382.4190,-0.1402,-0.0788,-0.6341,1.7747,1.0946,0.2926,-0.1410,0.3125,0.2926,0.3097

383.4190,0.2302,-0.2022,-0.4489,1.7129,1.4651,0.2926,0.2294,0.4978,0.2926,0.4685

384.4190,0.2919,0.1065,0.3538,1.7747,2.0208,0.1074,0.7234,0.8785,0.1074,0.7683

385.4190,-0.2019,0.1065,-0.1401,1.9599,1.8355,0.0457,0.4147,0.6624,0.0457,0.5743

386.4190,-0.2019,-0.1405,-0.3871,1.5895,1.7121,-0.3247,0.4764,0.5081,-0.3247,0.3891

387.4190,0.1684,-0.0788,-0.1401,1.8364,1.8355,-0.0778,0.3529,0.6624,-0.0778,0.5567

388.4190,0.1067,-0.0170,-0.0784,1.8981,1.8355,0.6013,0.5381,0.7139,0.6013,0.6978

389.4190,-0.3254,0.0447,-0.0784,1.4660,1.5886,0.1074,0.5381,0.5389,0.1074,0.4773

390.4190,0.1684,-0.4492,-0.3871,1.8364,1.4651,-0.0160,0.4764,0.5183,-0.0160,0.4420

391.4200,0.2302,-0.2022,0.6007,1.7747,2.1443,0.2926,0.2912,0.8065,0.2926,0.7331

392.4200,-0.0168,0.1065,-0.5723,1.7129,1.5886,1.0952,0.5999,0.5698,1.0952,0.6449

393.4190,0.2302,-0.0788,-0.0167,1.7129,1.6503,-0.0778,0.4147,0.6521,-0.0778,0.5478

394.4190,0.2919,0.2299,0.6007,1.9599,1.7121,0.0457,0.4764,0.8785,0.0457,0.7595

395.4190,0.0450,-0.0170,-0.3871,1.8981,1.8355,-0.3865,0.6616,0.6727,-0.3865,0.5214

396.4190,-0.2019,0.1065,-0.3254,1.6512,2.3912,0.1074,0.2912,0.6521,0.1074,0.5743

397.4190,0.4153,0.1065,-0.2019,1.8364,1.7121,-0.2630,0.2294,0.6830,-0.2630,0.5478

398.4190,0.0450,0.6003,0.1068,1.8981,2.0208,-0.1395,0.5999,0.8785,-0.1395,0.7331

399.4190,0.2919,-0.2640,-0.3871,1.6512,1.5886,-0.2013,0.5381,0.5698,-0.2013,0.4596

400.4190,0.0450,0.2299,0.2303,1.5895,1.9590,0.0457,0.4147,0.7447,0.0457,0.6449

401.4200,-0.0168,-0.1405,-0.0784,1.6512,1.9590,1.2187,1.5877,0.8271,1.2187,0.8830

402.4190,0.4153,-0.0788,1.3416,1.4043,1.7738,0.2926,0.2912,0.8579,0.2926,0.7772

403.4190,-0.0785,0.4769,-0.3871,2.0216,1.5886,-0.0160,0.2294,0.6418,-0.0160,0.5478

404.4200,0.2919,0.1682,0.2303,1.8364,2.0208,0.2926,0.2294,0.7962,0.2926,0.7242

405.4190,-0.0785,0.1682,-0.3871,1.6512,1.7121,0.1692,0.4147,0.5801,0.1692,0.5214

406.4190,0.1067,0.0447,0.2920,1.5895,1.8355,0.1074,0.5381,0.7344,0.1074,0.6449

407.4190,-0.0785,-0.0170,0.1068,2.0216,1.8355,0.1074,0.7851,0.7756,0.1074,0.6801

408.4190,-0.0785,-0.8813,0.6007,1.5895,2.0825,-0.0160,0.7851,0.6830,-0.0160,0.5831

409.4200,-0.0785,-0.2640,0.1068,1.4660,1.3416,-0.1395,0.5999,0.5286,-0.1395,0.4332

410.4190,0.1067,-0.0788,-0.0167,1.6512,1.7738,-0.0778,0.4147,0.6418,-0.0778,0.5390

411.4190,-0.0785,0.9708,-0.0784,1.7747,1.7121,-0.0160,0.1060,0.7344,-0.0160,0.6272

412.4190,-0.0785,-0.1405,-0.3871,1.5895,1.6503,-0.2630,0.4764,0.5183,-0.2630,0.4067

413.4190,0.1067,0.1065,-0.4489,1.7747,1.7121,0.1692,0.4764,0.6212,0.1692,0.5567

414.4190,0.0450,0.1682,-0.2636,1.8981,1.5886,0.0457,0.2294,0.6109,0.0457,0.5302

415.4200,0.1067,0.1065,-0.1401,1.8981,1.6503,-0.2013,0.5999,0.7036,-0.2013,0.5743

416.4190,-1.0044,0.1682,-0.6341,1.7747,1.7738,0.1074,0.2294,0.3846,0.1074,0.3450

417.4190,0.2302,0.3534,0.1686,1.8364,2.0825,-0.0778,0.6616,0.8888,-0.0778,0.7507

418.4200,0.4153,-0.6344,0.4773,1.2191,1.8973,-0.5099,0.4764,0.6418,-0.5099,0.4773

419.4190,0.0450,0.0447,-0.3254,1.8981,1.7738,0.2926,0.3529,0.6315,0.2926,0.5831

420.4200,-0.2019,0.1682,-0.4489,1.5895,1.8355,-0.1395,0.3529,0.5492,-0.1395,0.4508

421.4190,-0.0785,-0.3874,-0.3254,1.5277,1.1564,-0.0778,0.3529,0.3743,-0.0778,0.3097

422.4190,-0.0785,-0.1405,-0.1401,1.8981,1.4651,0.0457,0.5999,0.6007,0.0457,0.5214

423.4190,-0.2637,0.2917,-0.2636,2.7007,1.9590,0.1692,0.4147,0.8065,0.1692,0.7154

424.4190,-0.1402,-0.4492,-0.3871,1.8981,1.4651,0.1074,0.1677,0.4257,0.1074,0.3803

425.4190,-0.0785,-0.5726,-0.3254,1.3425,2.0208,-0.0160,-1.0054,0.2302,-0.0160,0.1951

426.4200,0.1067,-0.0788,-0.5106,1.9599,1.7738,0.3544,0.9086,0.6933,0.3544,0.6449

427.4190,0.0450,0.2917,-0.0784,1.7129,1.5886,0.4161,0.4764,0.6727,0.4161,0.6360

428.4190,-0.0168,-0.2640,-0.2636,1.6512,2.2060,0.1074,0.2912,0.6007,0.1074,0.5302

429.4200,-0.0168,-0.2022,-0.2019,1.4043,1.8355,0.4778,1.3408,0.6933,0.4778,0.6625

430.4190,0.2919,-0.1405,-0.6341,2.1451,1.5268,0.4778,0.8468,0.6727,0.4778,0.6448

431.4190,-0.2019,0.2299,-0.3254,1.8981,1.3416,0.5396,0.8468,0.6315,0.5396,0.6184

432.4200,0.1067,-0.3257,-0.8193,2.2068,1.1564,0.2309,0.0442,0.3949,0.2309,0.3714

433.4190,0.0450,-0.0170,0.4155,1.1573,2.0208,0.5396,0.5999,0.7036,0.5396,0.6801

434.4190,-0.0785,0.2299,0.1068,1.5277,1.8355,0.6013,0.4147,0.6727,0.6013,0.6625

435.4190,0.0450,0.1065,-0.0784,1.9599,1.7121,0.9717,0.3529,0.6830,0.9717,0.7242

436.4200,-0.0785,-0.2022,1.0947,1.7747,1.7738,0.9100,0.4147,0.7962,0.9100,0.8124

437.4190,0.0450,-0.2022,-0.2636,1.8981,1.2799,0.2926,0.1677,0.4875,0.2926,0.4596

438.4190,-0.3254,-0.0170,0.2303,1.8364,1.6503,1.2187,0.3529,0.6213,1.2187,0.7066

439.4190,0.0450,0.2299,-0.1401,1.7747,1.4651,0.5396,0.3529,0.6212,0.5396,0.6096

440.4190,0.0450,0.0447,-0.0784,1.9599,1.6503,0.9100,0.3529,0.6624,0.9100,0.6978

441.4190,0.1684,-0.0170,0.5390,1.7129,1.7738,0.6630,0.2294,0.7344,0.6630,0.7242

442.4190,-0.3254,0.4151,-0.1401,1.8981,1.8973,0.7865,0.2912,0.6727,0.7865,0.6890

443.4190,-0.0168,-0.6344,0.7242,1.4660,2.3295,0.7865,0.7234,0.7653,0.7865,0.7684

444.4200,0.2919,0.0447,0.5390,1.4660,1.9590,0.7248,0.3529,0.7756,0.7248,0.7683

445.4200,-0.0168,-0.0788,-0.1401,1.7129,1.5886,0.6630,0.4764,0.5904,0.6630,0.6008

446.4190,-0.1402,0.1065,-0.2019,1.5277,1.5886,0.6630,0.4147,0.5492,0.6630,0.5655

447.4200,0.0450,-0.0170,0.1068,1.7129,1.6503,0.7248,0.4764,0.6624,0.7248,0.6713

448.4190,0.1067,-0.0788,-0.4489,1.8981,1.2799,0.1692,0.0442,0.4669,0.1692,0.4244

449.4190,-0.0785,-0.0788,-0.0784,1.7129,1.9590,0.2926,0.6616,0.6830,0.2926,0.6272

450.4190,-0.0785,0.2299,-0.2636,1.7747,1.7738,0.7865,0.3529,0.6315,0.7865,0.6537

451.4190,-0.0785,-0.2022,-0.3871,1.7747,1.7121,0.3544,-0.0793,0.4566,0.3544,0.4420

452.4190,0.1067,0.0447,-0.2019,1.8981,1.8973,1.2187,0.4764,0.7036,1.2187,0.7771

453.4190,0.1067,0.3534,0.2303,1.9599,1.8973,0.9100,0.6616,0.8682,0.9100,0.8742

454.4190,0.0450,-0.0788,-0.0784,1.9599,1.7121,1.0952,0.3529,0.6521,1.0952,0.7154

455.4190,-0.1402,-0.0170,-0.2636,1.8981,1.6503,0.9100,0.1677,0.5492,0.9100,0.6008

456.4190,-0.4489,0.2917,-0.5723,1.8981,1.3416,1.0335,-0.1410,0.3949,1.0335,0.4861

457.4190,0.0450,0.2299,-0.0784,1.7129,1.7738,0.7865,0.3529,0.6727,0.7865,0.6890

458.4190,0.2919,-0.0788,-0.2019,1.6512,2.0208,0.7865,0.4147,0.6830,0.7865,0.6978

459.4200,0.1067,-0.3257,-0.2019,1.8981,1.6503,0.8483,0.3529,0.5801,0.8483,0.6184

460.4190,0.2302,0.2299,-0.0784,1.7129,1.9590,0.8483,0.2912,0.7241,0.8483,0.7419

461.4190,-0.0168,0.2917,-0.2636,1.9599,1.8355,0.9100,0.4147,0.7036,0.9100,0.7331

462.4190,0.1067,-0.0170,-0.2019,1.7129,2.0208,0.7865,0.6616,0.7139,0.7865,0.7242

463.4190,0.1067,0.3534,-0.2636,1.7747,1.5268,0.6630,0.4764,0.6624,0.6630,0.6625

464.4190,0.2302,0.4769,-0.5106,1.7129,1.7738,0.8483,0.1677,0.6418,0.8483,0.6713

465.4190,0.1067,0.1065,-0.2019,1.5277,1.7738,1.0952,0.3529,0.6110,1.0952,0.6801

466.4190,-0.0168,0.0447,-0.4489,1.8364,1.6503,0.7865,0.4147,0.5801,0.7865,0.6096

467.4190,-0.5723,-0.1405,-0.0784,1.7747,1.3416,0.7248,0.7851,0.5184,0.7248,0.5479

468.4190,0.3536,0.1065,-0.8810,1.5895,2.0208,0.7248,0.0442,0.5389,0.7248,0.5655

469.4190,-0.2019,0.2917,-0.1401,1.4043,1.7121,0.8483,0.2912,0.5595,0.8483,0.6008

470.4190,-0.0785,-0.0170,-0.2636,1.6512,1.7738,0.4778,0.5381,0.6007,0.4778,0.5831

471.4190,0.4153,0.1065,0.1686,1.3425,1.8355,1.0952,-0.0175,0.6418,1.0952,0.7066

472.4190,0.2919,0.0447,-0.3254,1.7747,1.7121,0.8483,0.3529,0.6418,0.8483,0.6713

473.4190,-0.2019,-0.1405,-0.0784,1.8364,1.9590,0.7865,0.2912,0.6110,0.7865,0.6360

474.4190,0.2919,0.1065,0.3538,1.6512,1.8973,0.3544,0.3529,0.7756,0.3544,0.7154

475.4200,-0.0168,0.1065,-0.3871,1.7747,1.7121,0.7865,0.2912,0.5801,0.7865,0.6096

476.4190,-0.2637,-0.1405,-0.3254,1.7129,1.7121,1.0952,0.2912,0.4978,1.0952,0.5831

477.4190,0.4771,0.1682,-0.2019,1.7129,1.7738,0.4778,0.3529,0.7138,0.4778,0.6801

478.4200,-0.0785,0.9708,-0.3254,1.9599,1.5886,0.6630,0.4147,0.7550,0.6630,0.7419

479.4190,-0.2019,0.6621,0.1686,2.0216,1.9590,0.5396,0.5999,0.8682,0.5396,0.8213

480.4190,0.4771,-0.0170,0.0451,1.7747,2.0208,0.5396,0.7234,0.8373,0.5396,0.7948

481.4190,-0.3254,0.1682,-0.1401,2.0834,1.5886,1.3421,0.4147,0.6315,1.3421,0.7331

482.4190,0.5388,-0.3257,-0.2636,1.4043,1.8355,0.4161,0.3529,0.5904,0.4161,0.5655

483.4190,-0.3254,0.1065,0.1068,1.7129,2.1443,0.7248,0.6616,0.7344,0.7248,0.7331

484.4200,-0.3254,-0.4492,-0.3254,1.6512,1.5268,1.8978,0.4764,0.4257,1.8978,0.6360

485.4190,0.0450,0.1065,-0.1401,1.7129,2.4530,0.6630,0.2294,0.7344,0.6630,0.7242

486.4190,0.2302,0.1682,0.4773,1.5895,1.9590,0.6013,0.5381,0.8270,0.6013,0.7948

487.4200,-0.2019,0.1065,-1.4984,1.0956,1.7738,0.7248,0.1677,0.2405,0.7248,0.3097

488.4190,0.0450,0.0447,-0.2636,1.5277,0.9711,0.9717,0.2912,0.4360,0.9717,0.5125

489.4190,0.3536,-0.2640,-0.2019,1.5277,1.5886,0.6013,0.2912,0.5492,0.6013,0.5567

490.4190,-0.1402,0.1065,-0.2019,1.7747,1.5268,0.8483,0.5999,0.6110,0.8483,0.6449

491.4200,0.2919,0.1065,-0.1401,1.5277,2.3295,0.7248,0.2294,0.7241,0.7248,0.7242

492.4190,1.3412,0.2299,0.0451,1.8364,1.7738,0.6013,0.4147,0.9402,0.6013,0.8918

493.4190,0.3536,-0.3257,0.1686,1.6512,1.7121,0.7248,0.4147,0.6624,0.7248,0.6713

494.4190,0.2919,-0.4492,0.1068,2.3303,1.5268,0.7865,0.2912,0.6830,0.7865,0.6978

495.4200,0.1067,0.4151,0.1686,1.8364,1.5268,0.7865,0.0442,0.6830,0.7865,0.6978

496.4190,-0.1402,0.1065,0.0451,2.9476,1.9590,0.9717,-0.0175,0.8167,0.9717,0.8389

497.4190,0.2302,-0.0788,0.3538,1.6512,2.1443,1.0335,0.1677,0.7447,1.0335,0.7860

498.4190,0.1067,0.1682,0.1068,1.7747,1.4651,1.0335,0.5381,0.6933,1.0335,0.7419

499.4190,-0.0168,0.3534,-0.2636,1.7747,1.6503,0.5396,0.2912,0.6315,0.5396,0.6184

500.4190,0.0450,-0.3257,-0.4489,1.5895,1.5886,0.7248,0.6616,0.5183,0.7248,0.5478

501.4190,-0.5106,-0.0788,0.1068,1.4043,1.7738,0.7865,0.5381,0.5389,0.7865,0.5743

502.4190,0.1684,-0.3874,-0.5723,1.6512,1.8355,0.5396,-1.0054,0.2817,0.5396,0.3185

503.4200,0.1067,0.1682,-0.1401,2.0216,1.7738,1.0952,0.3529,0.7138,1.0952,0.7683

504.4190,-0.0785,0.4151,-0.5106,1.8981,1.8355,0.7248,0.4147,0.6624,0.7248,0.6713

505.4190,-0.0168,0.0447,-1.7454,1.2191,1.8355,0.9717,0.1060,0.2405,0.9717,0.3450

506.4190,0.0450,-0.1405,-0.0167,1.3425,1.6503,0.8483,0.2294,0.5183,0.8483,0.5655

507.4190,0.2919,-0.0170,0.0451,1.7747,1.8973,0.7248,0.7234,0.7859,0.7248,0.7771

508.4190,-0.4489,-0.1405,0.0451,1.4043,1.7121,0.4778,1.5260,0.6830,0.4778,0.6537

509.4190,-0.2019,-0.3257,-0.2636,1.5277,1.7738,0.7248,0.5999,0.5184,0.7248,0.5478

510.4200,0.5388,-0.0170,0.4155,1.9599,1.8973,1.0952,0.2294,0.8373,1.0952,0.8742

511.4200,0.0450,0.1065,-0.0784,2.1451,1.5886,1.2187,0.4147,0.7036,1.2187,0.7771

512.4190,-0.2019,-0.2022,0.8477,1.7747,1.9590,0.9100,0.7234,0.8168,0.9100,0.8301

513.4200,-0.1402,0.2917,-0.2019,1.7747,1.7738,0.7248,0.4764,0.6624,0.7248,0.6713

514.4200,0.1684,0.0447,0.2303,1.7747,2.0208,0.6630,0.7851,0.8373,0.6630,0.8124

515.4190,0.4771,0.1682,-0.3254,2.0834,1.6503,0.8483,0.4764,0.7550,0.8483,0.7683

516.4190,0.2302,0.0447,-0.5723,1.7129,1.2799,0.2309,0.2294,0.4875,0.2309,0.4508

517.4190,-0.0785,-0.0170,-0.2019,1.5895,1.5268,0.7248,0.2912,0.5183,0.7248,0.5478

518.4190,-0.0785,0.3534,-0.2636,1.8981,1.6503,0.6013,0.2294,0.6315,0.6013,0.6272

519.4190,-0.0785,-0.0788,-0.4489,1.5277,1.6503,0.7248,0.5381,0.5184,0.7248,0.5478

520.4200,0.6622,-0.0788,0.7860,1.9599,1.7738,0.8483,0.4764,0.9299,0.8483,0.9183

521.4200,-0.1402,-0.0788,-0.2019,1.7129,1.8973,0.6013,0.5999,0.6315,0.6013,0.6272

522.4190,-0.1402,-0.0788,-0.5723,1.8364,1.6503,1.2187,0.2912,0.4978,1.2187,0.6008

523.4190,0.1684,-0.2640,0.0451,1.2191,1.3416,0.4778,0.4764,0.4978,0.4778,0.4949

524.4200,-0.1402,1.7733,0.6007,2.2068,1.8973,1.5891,0.4764,1.1357,1.5891,1.2005

525.4190,0.0450,-0.3257,-0.0167,1.7747,1.7121,1.1569,0.2912,0.5801,1.1569,0.6625

526.4190,0.2919,-0.2640,-0.2019,1.5895,1.5886,0.7865,0.0442,0.5080,0.7865,0.5478

527.4190,0.4153,0.0447,0.9094,1.9599,1.8973,1.0335,0.2294,0.9093,1.0335,0.9271

528.4190,0.6622,0.1065,0.1686,1.8981,2.0825,0.9717,0.3529,0.8785,0.9717,0.8918

529.4200,-0.1402,0.4769,-0.0784,2.0834,1.6503,1.1569,-0.8819,0.5183,1.1569,0.6096

530.4200,-0.0168,-0.1405,-0.6958,1.9599,2.0825,0.4778,0.1677,0.5595,0.4778,0.5478

531.4190,0.1067,-0.0170,0.4773,1.5277,2.4530,0.7248,0.9086,0.9094,0.7248,0.8830

532.4200,0.1067,0.1065,-0.0167,1.6512,2.3912,0.9717,0.2912,0.7550,0.9717,0.7860

533.4190,0.2919,-0.1405,-0.2636,1.7129,1.9590,0.4161,-0.4497,0.5183,0.4161,0.5037

534.4190,0.1067,0.4769,-0.5723,2.2068,1.7738,1.0335,0.4147,0.7344,1.0335,0.7771

535.4200,-0.2019,0.3534,-0.1401,1.5277,1.8973,0.9717,0.1677,0.6007,0.9717,0.6537

536.4190,0.1067,0.0447,-0.3871,1.6512,1.8355,0.7865,0.0442,0.5492,0.7865,0.5831

537.4190,-0.0785,0.1065,0.2920,1.6512,1.5268,0.9100,0.5381,0.6727,0.9100,0.7066

538.4190,0.2302,0.2917,-0.2636,1.2808,1.5886,0.9717,0.4147,0.5904,0.9717,0.6448

539.4200,-0.2637,-0.3257,-0.5723,2.0216,1.5886,0.5396,0.4764,0.4875,0.5396,0.4949

540.4190,-0.2019,0.1065,0.2303,1.7129,1.4033,0.9100,0.5381,0.6315,0.9100,0.6713

541.4190,-0.1402,0.1682,-0.2019,1.4660,1.7738,0.6630,0.3529,0.5698,0.6630,0.5831

542.4190,-0.2019,-0.0788,-0.2636,2.0834,1.8973,0.6013,1.2790,0.7859,0.6013,0.7595

543.4190,-0.2019,0.1682,-0.1401,0.9721,1.8973,0.4778,0.5381,0.5389,0.4778,0.5302

544.4190,0.5388,-0.3257,-0.0784,1.7129,1.5886,0.7248,0.4147,0.6418,0.7248,0.6537

545.4190,-0.0785,0.2917,-0.0784,1.3425,1.7121,0.8483,0.3529,0.5904,0.8483,0.6272

546.4190,0.4771,-0.5726,0.7860,1.5277,1.5268,1.2187,0.4764,0.7036,1.2187,0.7771

547.4190,-0.1402,0.2299,0.1068,1.6512,1.5886,0.7865,-0.4497,0.4978,0.7865,0.5390

548.4190,0.1067,0.1682,-1.1280,1.8364,1.9590,0.6013,0.5999,0.5904,0.6013,0.5919

549.4190,0.1684,-0.0170,0.7242,2.0216,1.8355,0.5396,0.3529,0.8476,0.5396,0.8036

550.4190,0.4153,0.1065,-0.2636,1.7747,1.8355,0.7865,0.2912,0.6933,0.7865,0.7066

551.4190,-0.0785,0.1682,0.2303,1.5895,1.5886,1.1569,0.7234,0.7036,1.1569,0.7683

552.4190,-0.0168,0.4151,-0.1401,2.2068,1.8973,0.7248,0.7234,0.8476,0.7248,0.8301

553.4190,-0.0168,0.2299,-0.3254,2.0216,0.9711,1.0952,-0.0175,0.4772,1.0952,0.5655

554.4190,-0.2019,0.1682,-0.0167,1.2191,1.6503,0.9100,0.4764,0.5492,0.9100,0.6008

555.4190,-0.0785,0.2299,-0.1401,1.4660,1.9590,-0.9421,0.6616,0.6830,-0.9421,0.4508

556.4190,0.3536,0.5386,0.0451,1.5277,2.2060,0.8483,0.5999,0.8785,0.8483,0.8742

557.4190,0.4153,0.0447,-0.0784,1.8981,1.7121,0.1074,0.4147,0.7344,0.1074,0.6448

558.4190,0.4153,0.3534,-0.4489,1.6512,1.5886,0.3544,0.4764,0.6727,0.3544,0.6272

559.4190,-0.0785,-0.1405,-0.2636,1.5895,1.7738,0.7248,0.1677,0.5081,0.7248,0.5390

560.4190,-0.1402,-0.0788,0.3538,1.7747,2.0825,0.4778,0.4147,0.7344,0.4778,0.6978

561.4190,-0.1402,1.0325,0.0451,1.7747,1.6503,0.5396,0.1677,0.7550,0.5396,0.7242

562.4190,-0.2019,0.2299,-0.3871,1.4660,1.5268,0.4778,0.2912,0.4875,0.4778,0.4861

563.4190,-0.2019,-0.4492,-0.5106,1.8981,1.7121,1.0952,0.4764,0.4875,1.0952,0.5743

564.4190,-0.2637,0.2917,-0.2636,2.2686,2.1443,0.4161,0.1677,0.7241,0.4161,0.6801

565.4190,0.1067,0.4151,-0.1401,2.3303,1.8973,0.7865,0.7851,0.8991,0.7865,0.8830

566.4190,-0.0785,0.0447,-0.3254,1.8981,1.7738,0.4778,0.5381,0.6418,0.4778,0.6184

567.4200,0.1067,-0.1405,-0.5106,1.6512,1.6503,0.5396,0.4764,0.5389,0.5396,0.5390

568.4190,0.2302,-0.0170,-0.0784,1.8364,1.7121,-0.0778,0.2912,0.6624,-0.0778,0.5567

569.4190,-0.0168,-0.0170,-0.3871,1.8981,1.7738,0.9100,0.2912,0.5904,0.9100,0.6360

570.4190,-0.2019,0.1065,-0.0784,1.5277,1.8973,0.1692,0.1060,0.5595,0.1692,0.5037

571.4190,0.1067,-0.0788,-0.5723,1.5277,1.9590,0.7865,0.5381,0.5801,0.7865,0.6096

572.4190,-0.1402,-0.0788,-0.4489,1.7747,1.4651,0.7248,0.3529,0.4875,0.7248,0.5214

573.4190,0.1684,0.4151,-0.4489,2.1451,1.9590,0.7865,0.2294,0.7447,0.7865,0.7507

574.4190,0.0450,-0.1405,-0.3871,1.6512,1.5268,0.5396,0.2912,0.4978,0.5396,0.5037

575.4190,0.2919,-0.0788,0.1686,1.5895,1.9590,0.5396,0.4147,0.7241,0.5396,0.6978

576.4190,-2.3007,0.6003,-0.3871,2.0216,1.5886,0.6630,0.4147,0.3229,0.6630,0.3715

577.4190,-0.3254,-0.2022,-0.5106,1.7129,1.6503,1.5891,0.6616,0.4978,1.5891,0.6537

578.4190,-0.2019,0.4151,0.7242,1.8981,1.7121,1.1569,0.5381,0.8476,1.1569,0.8918

579.4190,-0.0785,1.2794,0.1068,1.8981,1.8355,0.6630,0.2294,0.8785,0.6630,0.8477

580.4190,0.2919,0.0447,0.4773,1.7129,2.1443,0.6630,0.7851,0.9094,0.6630,0.8742

581.4190,0.4153,-0.1405,-0.3254,1.5895,1.5886,0.4778,0.1060,0.5389,0.4778,0.5302

582.4200,-0.3254,0.0447,0.1068,1.4043,1.7121,0.7248,0.3529,0.5492,0.7248,0.5743

583.4190,-0.0168,-0.2640,0.2303,1.3425,1.2799,0.7248,-0.3262,0.3743,0.7248,0.4244

584.4190,0.0450,0.1065,-0.3254,1.7747,1.6503,0.5396,0.4147,0.6110,0.5396,0.6008

585.4190,0.2919,0.4769,0.0451,1.9599,1.8355,0.9717,0.4147,0.8373,0.9717,0.8565

586.4190,-0.0168,-0.0788,-0.3871,1.6512,1.6503,0.4778,0.2912,0.5183,0.4778,0.5126

587.4190,1.8968,0.7238,-0.5106,1.5895,1.8973,0.3544,0.6616,1.0431,0.3544,0.9447

588.4190,0.0450,0.4151,0.0451,1.5895,1.3416,1.0335,0.2294,0.6109,1.0335,0.6713

589.4190,-0.0785,-0.4492,-0.3254,1.3425,1.1564,0.3544,-0.2027,0.2405,0.3544,0.2568

590.4190,-0.2019,0.1065,0.7860,1.6512,1.5268,1.2187,0.7851,0.7756,1.2187,0.8389

591.4190,0.6622,0.1065,0.5390,1.6512,2.1443,-0.1395,0.6616,0.9608,-0.1395,0.8036

592.4190,-0.5723,0.2299,-0.5106,1.9599,1.0946,0.9100,-0.2645,0.3228,0.9100,0.4067

593.4190,0.1067,-0.8196,0.3538,1.3425,1.8973,0.5396,0.5381,0.5698,0.5396,0.5655

594.4190,0.2919,0.0447,0.7242,1.5895,2.0208,0.6013,0.7851,0.9094,0.6013,0.8654

595.4190,0.0450,0.2299,-0.4489,1.4660,2.0208,0.5396,-0.0175,0.5492,0.5396,0.5478

596.4190,1.2795,0.2299,-0.0784,1.6512,1.9590,0.7865,0.3529,0.8990,0.7865,0.8830

597.4190,-0.0785,-0.0788,0.4155,1.7747,1.6503,0.6013,0.3529,0.6727,0.6013,0.6625

598.4190,0.7857,0.3534,-0.0167,2.2686,2.0208,0.6013,0.1060,0.9196,0.6013,0.8741

599.4190,0.1684,0.7238,0.3538,1.6512,1.6503,1.0335,0.1677,0.7859,1.0335,0.8212

600.4190,0.1684,-0.0788,-0.3254,1.4043,2.0208,0.1692,0.4147,0.6007,0.1692,0.5390

601.4190,0.1067,-0.0788,-0.2636,1.8364,1.8355,0.3544,0.1677,0.6007,0.3544,0.5655

602.4190,0.0450,-0.0788,0.2303,1.9599,1.4033,0.2926,0.5381,0.6830,0.2926,0.6272

603.4190,0.0450,-0.2640,-0.2019,1.6512,1.4033,0.6630,0.1677,0.4669,0.6630,0.4949

604.4190,-0.0785,0.1065,0.1068,2.0216,1.8355,0.7248,0.4147,0.7344,0.7248,0.7331

605.4200,-0.6958,0.5386,-0.2019,2.0216,1.5268,0.7865,0.3529,0.5904,0.7865,0.6184

606.4190,0.3536,0.4151,0.1686,1.9599,1.7121,0.7865,0.4147,0.8373,0.7865,0.8301

607.4190,0.3536,-0.0788,0.1686,2.0834,1.8355,0.5396,0.5381,0.8167,0.5396,0.7771

608.4190,-0.0168,-0.0170,-0.0167,1.6512,1.7121,0.2926,0.2294,0.5904,0.2926,0.5478

609.4190,0.2302,-0.1405,0.4773,1.8364,1.5886,1.2804,0.5999,0.7653,1.2804,0.8389

610.4190,0.0450,-0.3257,-1.3132,2.2068,1.0946,0.8483,-0.0175,0.2817,0.8483,0.3626

611.4190,1.2795,-0.8196,0.4773,2.1451,1.9590,0.4161,-0.2027,0.8064,0.4161,0.7507

612.4190,0.2919,0.9708,0.5390,1.7129,1.2181,1.0952,0.2294,0.8270,1.0952,0.8653

613.4200,0.2302,0.0447,0.0451,1.7747,1.8355,0.6630,0.7851,0.7859,0.6630,0.7683

614.4190,0.2302,-0.0170,-0.4489,1.7129,1.2799,0.6630,0.3529,0.5183,0.6630,0.5390

615.4190,-0.2637,-1.1900,0.7242,1.5277,2.2677,0.5396,0.6616,0.6213,0.5396,0.6096

616.4190,-0.1402,-0.3257,-0.0784,1.8364,1.5886,0.7865,0.2912,0.5286,0.7865,0.5655

617.4190,-1.6217,0.2299,-0.0784,1.8981,1.7738,0.2309,-0.0793,0.3538,0.2309,0.3362

618.4190,0.0450,-0.0788,0.0451,1.5277,1.7121,0.6013,0.2294,0.5801,0.6013,0.5831

619.4190,0.5388,0.1682,0.2303,1.5895,1.6503,0.6013,0.4764,0.7756,0.6013,0.7507

620.4190,0.1067,-0.0788,-0.3254,2.0216,1.3416,0.0457,0.0442,0.5183,0.0457,0.4508

621.4190,-0.2019,0.2917,0.2920,2.0216,2.1443,0.8483,0.1060,0.7756,0.8483,0.7860

622.4190,-0.1402,-0.0170,-0.0167,1.8981,1.5268,0.7865,0.3529,0.6007,0.7865,0.6272

623.4190,0.1067,0.1065,-0.2636,2.1451,1.6503,0.8483,0.2912,0.6727,0.8483,0.6978

624.4190,-0.0168,0.2917,-0.2636,2.0834,1.7121,0.6630,0.1677,0.6624,0.6630,0.6625

625.4190,0.1067,-0.0788,0.6007,1.7747,1.8973,0.1074,0.2294,0.7550,0.1074,0.6625

626.4200,0.2302,-0.0788,-0.0784,1.7129,1.7738,0.7248,0.4764,0.6727,0.7248,0.6801

627.4200,-0.2637,0.0447,0.2303,1.7747,2.0208,0.6013,0.8468,0.7756,0.6013,0.7507

628.4190,-0.0168,-0.1405,-0.4489,1.7129,1.5886,0.7248,0.0442,0.4566,0.7248,0.4949

629.4200,0.2302,-0.5109,-0.2636,1.4043,1.7121,0.4778,1.0321,0.6007,0.4778,0.5831

630.4200,-0.2637,0.2917,-0.3254,2.0834,1.7738,1.0335,0.4147,0.6624,1.0335,0.7154

631.4190,-0.1402,-0.0788,-0.2019,1.7747,1.6503,0.7248,0.2912,0.5492,0.7248,0.5743

632.4200,0.2919,0.3534,-0.5723,1.7747,1.7738,0.5396,0.5381,0.6933,0.5396,0.6713

633.4190,-0.0168,-0.3257,-0.2019,1.4043,1.7738,0.2926,0.4147,0.5081,0.2926,0.4773

634.4190,-0.0168,0.1065,-0.3254,1.7747,1.6503,0.7248,0.4764,0.6110,0.7248,0.6272

635.4200,-0.2637,-0.0170,-0.3254,1.8364,1.6503,0.7865,0.2912,0.5286,0.7865,0.5655

636.4190,-0.1402,0.1682,-0.3254,1.7747,1.8355,0.6630,0.4764,0.6315,0.6630,0.6360

637.4190,-0.0785,0.7238,0.1068,2.1451,1.9590,0.7248,0.6616,0.9196,0.7248,0.8918

638.4190,0.2919,-0.1405,0.1068,1.5895,1.8973,0.6630,0.3529,0.6830,0.6630,0.6801

639.4190,-0.2019,-0.1405,-0.3254,1.5895,1.8973,0.5396,0.5381,0.5595,0.5396,0.5567

640.4190,0.1067,-0.4492,0.2303,1.5277,2.0208,0.4161,0.7851,0.7036,0.4161,0.6625

641.4200,-0.0168,-0.0170,0.3538,1.7129,1.5886,0.6630,0.9703,0.7653,0.6630,0.7507

642.4190,0.2919,-0.2022,0.2920,1.3425,1.7121,0.4161,0.5381,0.6624,0.4161,0.6272

643.4190,-0.2637,0.0447,1.7738,2.7007,1.3416,0.7248,0.7234,1.0534,0.7248,1.0065

644.4190,-0.3871,-0.3874,0.1068,1.5895,2.2677,0.7248,1.2790,0.7447,0.7248,0.7419

645.4190,0.0450,-0.2022,-0.2019,1.6512,1.8973,0.3544,0.4764,0.6110,0.3544,0.5743

646.4190,0.2302,0.0447,-0.0784,1.7129,1.7738,0.5396,0.4764,0.6933,0.5396,0.6713

647.4190,0.0450,0.1682,0.1068,1.5895,1.6503,1.0952,0.6616,0.7036,1.0952,0.7595

648.4200,0.4771,-0.5109,0.1686,1.6512,1.6503,0.6630,0.2912,0.6212,0.6630,0.6272

649.4190,-0.3254,-0.1405,-0.7576,1.8364,1.5886,0.7248,0.4764,0.4463,0.7248,0.4861

650.4190,-0.2637,-0.0788,-1.2515,1.6512,2.0825,0.3544,0.4764,0.4360,0.3544,0.4244

651.4190,0.1067,-0.0788,-0.0167,2.0834,1.6503,0.9100,0.8468,0.7653,0.9100,0.7860

652.4190,0.1684,-0.0170,0.4773,1.6512,1.6503,0.8483,0.2912,0.7036,0.8483,0.7242

653.4200,0.6622,-0.6344,-0.0167,1.6512,2.1443,0.6630,0.2912,0.6830,0.6630,0.6801

654.4190,0.5388,0.1682,-0.2636,1.7129,1.7738,0.7865,0.3529,0.7138,0.7865,0.7242

655.4200,-0.2019,-0.2022,-0.0784,1.8981,1.4651,0.6013,0.2912,0.5286,0.6013,0.5390

656.4200,-0.3871,-0.2640,-0.0784,2.0216,1.4033,0.4778,0.9086,0.6007,0.4778,0.5831

657.4190,0.1067,-0.7579,-0.3254,1.8981,1.7738,0.2926,1.6495,0.7241,0.2926,0.6625

658.4190,-0.1402,-0.0788,0.6625,1.7747,1.5886,0.8483,0.5381,0.7241,0.8483,0.7419

659.4190,-0.0168,-0.6344,-0.3254,1.8981,1.2799,0.4161,0.2912,0.4154,0.4161,0.4155

660.4190,0.2919,0.8473,0.1068,1.8364,1.3416,1.0335,0.2294,0.7756,1.0335,0.8124

661.4190,-0.0785,0.2299,1.2181,1.9599,1.7738,-0.0160,0.9086,1.0020,-0.0160,0.8565

662.4190,0.3536,0.0447,-0.1401,1.8981,1.0946,0.8483,-0.1410,0.5183,0.8483,0.5655

663.4190,-0.2019,0.2299,0.1068,2.1451,1.9590,0.4778,-0.0793,0.6933,0.4778,0.6625

664.4200,-0.4489,0.1682,-0.7576,1.7747,1.5886,0.5396,0.1060,0.4052,0.5396,0.4244

665.4200,0.2302,1.2794,0.2303,1.7129,1.0946,1.0952,0.2912,0.8064,1.0952,0.8477

666.4190,0.4153,-0.0788,0.1068,1.1573,1.6503,0.4778,0.7234,0.6624,0.4778,0.6360

667.4190,-0.0168,-0.1405,0.0451,1.4660,1.8973,0.7248,0.3529,0.6007,0.7248,0.6184

668.4190,0.1067,0.0447,-0.1401,1.6512,1.4651,0.6013,0.6616,0.6315,0.6013,0.6272

669.4190,-0.1402,-0.0170,-0.3254,1.8364,1.6503,0.7248,0.3529,0.5595,0.7248,0.5831

670.4190,0.3536,-0.2640,-0.0167,3.0094,1.9590,0.2926,0.4147,0.9093,0.2926,0.8212

671.4190,0.2302,-0.0788,0.0451,1.7129,2.0825,0.6013,0.2294,0.7036,0.6013,0.6890

672.4190,-0.2019,0.4151,1.0329,1.4043,2.0825,0.3544,0.2912,0.8373,0.3544,0.7683

673.4190,0.3536,0.5386,0.1068,1.7129,1.3416,0.9100,0.2912,0.7241,0.9100,0.7507

674.4200,0.2302,-0.0788,0.4155,1.6512,1.3416,0.7865,0.4147,0.6624,0.7865,0.6801

675.4190,0.1684,-0.1405,-0.2019,1.5277,1.8973,0.5396,0.5999,0.6418,0.5396,0.6272

676.4190,0.3536,-0.0170,0.1068,1.8981,1.5268,0.7248,0.4764,0.7241,0.7248,0.7242

677.4190,-0.0168,-0.0170,-0.0784,1.6512,1.7738,0.4778,0.4764,0.6315,0.4778,0.6096

678.4190,-0.1402,0.1682,0.1068,2.3303,1.7738,0.7865,0.6616,0.8168,0.7865,0.8124

679.4190,0.0450,-0.0788,0.8477,1.8981,1.8355,0.6013,0.3529,0.8168,0.6013,0.7860

680.4190,0.3536,-0.0788,0.2920,1.7747,1.7738,0.6630,0.4147,0.7550,0.6630,0.7419

681.4190,0.3536,-0.0788,1.2799,2.0834,1.7121,0.7865,0.4147,0.9608,0.7865,0.9359

682.4190,-0.2019,-0.2022,-0.0784,2.1451,1.7738,0.7248,0.5381,0.6624,0.7248,0.6713

683.4190,-0.0168,0.0447,-0.0167,1.6512,1.7738,0.7865,0.4764,0.6521,0.7865,0.6713

684.4190,0.1684,0.2299,-0.0784,1.8364,1.6503,0.4778,0.3529,0.6933,0.4778,0.6625

685.4190,0.2302,-0.0788,-0.0784,1.6512,1.6503,0.5396,0.3529,0.6212,0.5396,0.6096

686.4190,0.1067,0.0447,0.2920,1.4660,1.7738,0.7248,0.4147,0.6830,0.7248,0.6890

687.4190,0.0450,0.1065,0.1068,2.0216,1.6503,0.8483,0.4764,0.7344,0.8483,0.7507

688.4190,0.1067,0.1682,0.1068,1.8364,1.5886,0.7248,0.2294,0.6727,0.7248,0.6801

689.4190,-0.0168,-0.0170,0.9712,1.7747,1.7738,1.0952,0.8468,0.8888,1.0952,0.9183

690.4190,0.0450,0.1682,-0.0167,2.0216,1.5268,0.7865,0.3529,0.6830,0.7865,0.6978

691.4190,0.2302,-0.1405,0.4155,1.6512,1.8973,0.6630,0.3529,0.7344,0.6630,0.7242

692.4190,0.0450,-0.1405,-0.2636,1.5277,1.7738,0.6013,0.5381,0.5801,0.6013,0.5831

693.4200,0.0450,0.0447,-0.1401,1.8364,1.8355,0.4778,0.5381,0.6933,0.4778,0.6625

694.4190,-0.0785,0.4769,0.4155,1.8364,1.8973,0.6013,0.8468,0.8991,0.6013,0.8565

695.4210,-0.0785,-0.2640,0.0451,1.7747,1.6503,0.5396,0.2912,0.5698,0.5396,0.5655

696.4190,-0.0168,-0.2022,-0.2019,1.7747,1.7121,0.7248,0.3529,0.5698,0.7248,0.5919

697.4190,-0.0168,-0.1405,-0.0784,1.8364,1.6503,0.6630,0.2912,0.5904,0.6630,0.6008

698.4190,0.1684,-0.0170,0.4155,1.8981,1.8973,0.6630,0.4764,0.8065,0.6630,0.7860

699.4200,0.1684,0.1065,-0.3254,1.9599,1.8973,0.2309,0.5381,0.7241,0.2309,0.6537

700.4190,-0.0168,-0.1405,-0.0784,1.5895,1.6503,0.5396,-0.1410,0.4772,0.5396,0.4861

701.4200,0.0450,-0.1405,0.1686,1.7747,1.9590,0.2926,0.6616,0.7447,0.2926,0.6801

702.4190,0.1684,-0.0170,0.4155,1.6512,2.2060,0.6630,0.7851,0.8682,0.6630,0.8389

703.4190,-0.0785,-0.0788,0.4773,1.8981,1.9590,0.6013,0.7234,0.8168,0.6013,0.7860

704.4190,0.1684,0.1065,-0.0167,1.5895,1.7738,0.5396,0.6616,0.7139,0.5396,0.6890

705.4200,-0.0785,0.0447,0.0451,1.8364,1.6503,0.6630,0.2912,0.6315,0.6630,0.6360

706.4190,0.0450,-0.0170,0.2303,1.7129,1.8973,0.6013,0.6616,0.7550,0.6013,0.7331

707.4190,-0.1402,0.0447,0.3538,1.7129,2.0208,0.6013,0.7234,0.7859,0.6013,0.7595

708.4190,-0.2019,-0.0788,-0.1401,1.6512,1.6503,0.6013,0.5999,0.5801,0.6013,0.5831

709.4190,-0.1402,0.1065,0.1068,1.6512,1.8973,0.4778,0.5999,0.7036,0.4778,0.6713

710.4200,0.0450,0.4769,0.0451,1.2808,1.8355,0.7865,0.2912,0.6624,0.7865,0.6801

711.4190,0.3536,-0.0788,0.1686,1.6512,1.9590,0.6013,0.4147,0.7447,0.6013,0.7242

712.4200,0.1684,-0.2022,0.2303,2.0834,1.6503,0.5396,0.7851,0.7859,0.5396,0.7507

713.4190,0.1684,0.1682,0.1068,1.8364,1.4651,0.6013,0.3529,0.6830,0.6013,0.6713

714.4200,0.3536,0.1065,-0.2019,1.8364,1.9590,0.6630,0.2912,0.7241,0.6630,0.7154

715.4190,-0.0168,0.2917,0.2920,1.5277,1.7738,0.6630,0.3529,0.7036,0.6630,0.6978

716.4200,0.1067,0.1065,0.1686,1.7129,1.5268,0.6013,0.1677,0.6315,0.6013,0.6272

717.4190,-0.0168,-0.1405,0.2303,1.6512,1.5268,0.6630,0.2294,0.5801,0.6630,0.5919

718.4200,0.0450,0.1065,-0.2019,1.5895,1.6503,0.6630,0.3529,0.5904,0.6630,0.6008

719.4200,0.0450,0.0447,-0.0167,1.8981,1.5886,0.7248,0.3529,0.6521,0.7248,0.6625

720.4190,0.0450,0.2299,-0.0167,1.7129,1.7121,0.2309,0.4764,0.6933,0.2309,0.6272

721.4190,0.4153,0.1065,0.1686,1.7129,1.4651,0.7865,0.3529,0.7035,0.7865,0.7154

722.4190,-0.3254,0.1682,-0.0167,1.5277,1.5886,0.9100,0.7851,0.6213,0.9100,0.6625

723.4190,0.2919,0.1065,-0.0784,1.5895,1.7738,0.6630,0.0442,0.6212,0.6630,0.6272

724.4200,1.2178,-0.5109,-0.0784,1.3425,1.4033,0.7865,0.4147,0.6315,0.7865,0.6536

725.4190,0.1067,-0.4492,0.3538,1.7747,1.6503,0.4778,0.4764,0.6521,0.4778,0.6272

726.4190,-0.2019,0.2299,-0.3871,2.0216,1.6503,0.4161,0.2912,0.6007,0.4161,0.5743

727.4190,0.0450,0.0447,0.6007,1.6512,2.2060,0.8483,0.2912,0.8065,0.8483,0.8124

728.4200,-0.2637,-0.3874,-0.0784,1.8981,1.6503,0.7865,0.6616,0.5801,0.7865,0.6096

729.4190,0.5388,-0.0170,0.4155,1.8981,1.5268,1.0335,0.3529,0.7859,1.0335,0.8212

730.4190,-0.3871,-0.0170,0.2920,1.8364,1.5268,1.1569,0.4147,0.6110,1.1569,0.6890

731.4190,0.2302,-0.2022,0.9712,1.5895,1.7738,0.4161,0.9703,0.8888,0.4161,0.8213

732.4200,-0.2019,0.0447,-0.2019,1.6512,1.6503,0.6013,0.7851,0.6213,0.6013,0.6184

733.4190,-0.3254,0.1065,0.5390,1.7747,2.2060,0.7248,0.4764,0.7962,0.7248,0.7860

734.4190,0.9092,0.8473,0.2303,1.7129,1.9590,0.5396,0.4764,1.0225,0.5396,0.9535

735.4190,0.1067,0.1682,0.0451,1.5277,1.7121,0.4778,0.4764,0.6727,0.4778,0.6449

736.4190,0.0450,-0.3257,-0.0167,2.2068,1.7738,0.9100,0.1677,0.6418,0.9100,0.6801

737.4200,-0.0168,0.1682,-0.2636,1.7747,1.4651,0.5396,0.2912,0.5698,0.5396,0.5655

738.4190,-0.3254,0.1065,-0.0784,1.5895,1.5886,0.6013,0.2912,0.5286,0.6013,0.5390

739.4190,0.0450,-0.3257,-0.0167,1.4660,1.8355,0.9717,0.6616,0.6110,0.9717,0.6625

740.4190,-0.0168,0.4769,-0.0167,1.8981,1.6503,0.5396,-0.0175,0.6624,0.5396,0.6449

741.4190,-0.1402,-0.3257,0.3538,1.5895,2.2060,0.4778,0.7851,0.7447,0.4778,0.7066

742.4190,0.0450,-0.0788,1.1564,1.9599,1.8355,0.5396,0.5999,0.9197,0.5396,0.8654

743.4190,0.0450,0.1065,-0.0784,1.9599,1.5268,1.5274,-0.0793,0.5801,1.5274,0.7154

744.4190,0.0450,-0.5726,0.2920,1.8364,1.8973,0.5396,0.9086,0.7344,0.5396,0.7066

745.4190,-0.1402,0.6621,0.2303,2.2068,1.8355,0.6630,0.7234,0.9196,0.6630,0.8830

746.4190,0.1067,-0.0788,0.1686,1.7747,1.5886,0.6630,-0.0175,0.5904,0.6630,0.6008

747.4190,0.2919,-0.0788,0.2303,1.7129,1.7738,0.7248,0.4147,0.7241,0.7248,0.7242

748.4190,0.0450,0.1682,0.2303,1.2808,1.7738,0.3544,0.4764,0.6624,0.3544,0.6184

749.4200,0.3536,0.4151,0.4773,2.2068,1.8973,1.1569,0.4764,0.9711,1.1569,0.9976

750.4200,0.1067,-0.4492,0.1068,1.9599,1.0329,0.4161,-0.2645,0.4154,0.4161,0.4155

751.4190,-0.0168,0.0447,-0.0784,1.6512,1.5886,0.5396,0.3529,0.5904,0.5396,0.5831

752.4200,0.1067,-0.0788,-0.0784,1.6512,1.6503,0.4778,0.3529,0.6007,0.4778,0.5831

753.4190,-0.0785,0.3534,0.1068,2.0216,1.5268,1.0335,0.4764,0.7344,1.0335,0.7771

754.4190,0.2302,-0.0788,0.5390,1.7747,1.8973,0.6013,0.3529,0.7859,0.6013,0.7595

755.4190,-0.2637,0.0447,-0.2019,1.5277,1.4651,1.0335,0.4764,0.5081,1.0335,0.5831

756.4190,0.0450,0.1065,0.1068,1.8981,1.7121,0.6630,0.3529,0.7036,0.6630,0.6978

757.4190,-0.0168,0.2917,-0.2019,2.0216,1.3416,0.1692,0.6616,0.6830,0.1692,0.6096

758.4190,-0.0168,0.0447,0.1068,1.7747,1.6503,0.6630,0.4147,0.6624,0.6630,0.6625

759.4190,0.2302,-0.3874,0.4155,1.4043,1.8973,0.6630,0.7234,0.7139,0.6630,0.7066

760.4190,-0.3254,-0.2022,0.0451,1.6512,1.6503,0.4161,0.0442,0.4772,0.4161,0.4685

761.4190,-0.1402,0.0447,-0.1401,1.6512,1.3416,0.6630,-0.0793,0.4463,0.6630,0.4773

762.4190,0.1067,0.1682,-0.1401,1.3425,2.0208,0.6630,0.3529,0.6418,0.6630,0.6449

763.4190,0.3536,-0.0788,0.8477,2.3920,1.8973,0.6013,0.1060,0.9196,0.6013,0.8742

764.4190,0.0450,-0.0170,-0.0784,1.8981,1.8355,0.7248,-0.0175,0.6110,0.7248,0.6272

765.4190,0.1067,-0.3257,0.1686,1.7129,1.6503,0.3544,0.6616,0.6624,0.3544,0.6184

766.4200,-0.3871,-0.3257,-0.2636,1.9599,1.8355,0.3544,0.5381,0.5595,0.3544,0.5302

767.4190,0.0450,-0.0788,-0.0167,1.5895,1.8355,0.3544,0.4147,0.6315,0.3544,0.5919

768.4200,-0.3254,-0.2022,-0.1401,1.4660,1.9590,0.4778,0.4147,0.5287,0.4778,0.5214

769.4190,0.1067,-0.0170,0.1068,1.5895,2.0208,0.5396,0.6616,0.7447,0.5396,0.7154

770.4190,0.2919,0.2917,-0.3254,2.0834,1.6503,1.0335,0.3529,0.7241,1.0335,0.7683

771.4190,-0.0168,0.1065,-0.3254,1.8364,1.5886,0.8483,0.2912,0.5801,0.8483,0.6184

772.4190,-0.0785,0.1065,0.3538,1.6512,1.6503,1.0952,0.7234,0.7344,1.0952,0.7860

773.4190,-0.2637,0.1682,-0.0167,1.8981,1.5886,0.6630,0.5381,0.6521,0.6630,0.6537

774.4190,0.0450,-0.3257,-0.3871,1.7129,1.9590,0.1074,0.3529,0.5595,0.1074,0.4949

775.4190,0.1684,0.1065,-0.0167,1.8364,1.5268,0.4161,0.6616,0.7138,0.4161,0.6713

776.4190,-0.1402,-0.0170,0.4155,1.3425,1.7121,0.7865,0.3529,0.6110,0.7865,0.6360

777.4190,0.4153,0.2299,0.1686,1.9599,2.0825,0.2309,0.8468,0.9505,0.2309,0.8477

778.4190,-0.4489,0.2917,0.5390,1.5895,1.6503,1.0952,0.5999,0.7036,1.0952,0.7595

779.4190,0.1067,0.1682,-0.2636,2.2686,2.0208,0.6013,0.5381,0.8065,0.6013,0.7771

780.4200,-0.0785,-0.0788,0.5390,1.7129,2.3912,0.7865,0.4764,0.8271,0.7865,0.8213

781.4190,-0.0168,-0.2022,-0.0784,1.4660,1.4033,0.5396,0.5999,0.5286,0.5396,0.5302

782.4200,0.1684,0.1065,-0.3871,1.6512,1.6503,0.8483,-0.0793,0.5183,0.8483,0.5655

783.4190,0.1067,-0.0170,-0.5106,2.1451,1.5268,0.5396,1.0321,0.7138,0.5396,0.6889

784.4190,-0.0168,-0.1405,0.7242,1.7747,1.5268,0.5396,0.3529,0.7036,0.5396,0.6801

785.4190,0.1067,-0.0788,-0.5106,1.7747,2.1443,0.3544,0.2912,0.6212,0.3544,0.5831

786.4190,-0.0168,0.3534,-0.3254,1.8981,1.6503,0.5396,0.2912,0.6418,0.5396,0.6272

787.4190,0.1067,-0.1405,-0.7576,1.8364,1.1564,0.9100,0.4764,0.4463,0.9100,0.5125

788.4190,-0.0785,-0.1405,-0.3254,1.7129,2.4530,0.8483,0.2912,0.6521,0.8483,0.6801

789.4190,-0.3254,-0.1405,-0.2019,1.6512,1.5268,0.5396,0.2912,0.4669,0.5396,0.4773

790.4190,-0.0168,-0.3874,-0.2019,1.6512,1.7121,0.8483,-0.5115,0.3743,0.8483,0.4420

791.4190,-0.2637,0.6621,-0.5106,1.7747,1.7121,0.5396,0.7234,0.6830,0.5396,0.6625

792.4200,-0.1402,0.1065,-0.2019,1.8364,1.5886,0.9717,0.2912,0.5801,0.9717,0.6360

793.4190,-0.1402,-0.0170,-0.0167,1.7747,1.5268,1.0335,0.3529,0.5801,1.0335,0.6449

794.4190,-0.1402,-1.0665,0.2303,1.5895,2.7617,0.7865,0.3529,0.6213,0.7865,0.6449

795.4190,-0.0168,-0.2640,-0.2636,1.4660,1.5268,0.4778,0.9086,0.5595,0.4778,0.5478

796.4190,0.6005,0.2299,-0.0784,2.0216,1.6503,0.8483,0.2294,0.7756,0.8483,0.7860

797.4190,0.0450,-0.0788,0.6625,1.8364,1.7738,0.4161,0.4147,0.7756,0.4161,0.7242

798.4190,0.3536,-0.0170,-0.1401,1.7129,1.6503,0.4161,0.2294,0.6315,0.4161,0.6007

799.4190,0.2302,0.0447,-0.1401,1.5895,1.7121,0.3544,0.3529,0.6315,0.3544,0.5919

800.4190,-0.1402,-0.2640,0.1686,1.7129,2.0208,0.5396,1.0321,0.7550,0.5396,0.7242

801.4190,-0.1402,0.8473,0.2920,2.1451,1.9590,0.5396,0.6616,0.9608,0.5396,0.9006

802.4200,-0.0168,0.6621,0.1068,2.3303,1.7121,1.1569,0.4764,0.8785,1.1569,0.9183

803.4190,-0.5106,0.2299,0.0451,1.7747,1.9590,0.6013,0.7234,0.7036,0.6013,0.6890

804.4190,0.3536,0.2917,-0.2636,2.0216,1.5268,0.7248,0.5999,0.7550,0.7248,0.7507

805.4190,-0.0785,-0.5109,0.3538,1.5277,2.1443,0.4778,1.0321,0.7447,0.4778,0.7066

806.4190,-0.1402,0.1682,0.0451,2.0834,1.7121,0.9717,0.4764,0.7241,0.9717,0.7595

807.4190,1.0326,-0.7579,0.1068,1.4660,1.7121,0.5396,0.1677,0.6212,0.5396,0.6096

808.4190,-0.0785,0.7238,0.4155,2.0834,1.8973,0.6630,0.7851,0.9711,0.6630,0.9271

809.4200,-0.0785,-0.2022,-0.0167,1.4660,2.2060,0.2309,0.5381,0.6521,0.2309,0.5920

810.4190,0.9092,0.1065,0.1686,1.7747,1.7121,0.4778,0.4764,0.8579,0.4778,0.8036

811.4190,0.0450,-0.0170,-0.2019,1.8364,1.4651,0.5396,0.0442,0.5286,0.5396,0.5302

812.4200,0.1684,0.2299,0.2920,1.7129,1.4651,0.4161,-0.0175,0.6418,0.4161,0.6096

813.4190,0.1067,0.2299,-0.0167,1.7747,2.0208,0.7865,0.5999,0.7859,0.7865,0.7860

814.4200,0.2919,0.2299,-0.1401,1.8981,1.5268,0.7248,0.4764,0.7138,0.7248,0.7154

815.4190,-0.0168,0.1682,0.0451,1.7747,1.7738,0.6630,0.4764,0.7036,0.6630,0.6978

816.4200,0.1684,0.1065,-0.2636,1.5895,1.9590,0.4161,0.1677,0.6212,0.4161,0.5919

817.4190,0.0450,0.1065,-0.0784,1.8364,2.2677,0.8483,0.3529,0.7550,0.8483,0.7683

818.4190,-0.0168,-0.0170,-0.8193,1.9599,1.5268,0.3544,0.4147,0.5080,0.3544,0.4861

819.4190,0.3536,-0.2022,0.6007,1.7747,2.2060,0.6013,0.9703,0.9505,0.6013,0.9006

820.4190,0.0450,0.2299,0.4773,1.6512,1.6503,0.5396,0.5381,0.7653,0.5396,0.7331

821.4190,-0.2019,0.0447,-0.6341,1.7129,1.4033,0.7865,0.1060,0.4052,0.7865,0.4596

822.4190,0.2302,0.0447,-0.5106,1.7129,3.0087,0.7248,0.2912,0.7962,0.7248,0.7860

823.4190,-0.0785,-0.0788,-0.0784,1.5895,1.9590,0.7248,0.4147,0.6213,0.7248,0.6360

824.4190,0.1684,0.1682,0.1068,1.7129,1.5886,0.8483,-0.1410,0.6007,0.8483,0.6360

825.4190,0.2302,1.0325,0.0451,1.7129,1.7738,1.0952,0.2912,0.8476,1.0952,0.8830

826.4190,0.0450,-0.3257,-0.2019,1.9599,1.5886,0.7865,0.4764,0.5904,0.7865,0.6184

827.4190,0.9709,0.0447,-0.1401,1.7747,1.7121,0.7248,0.2294,0.7653,0.7248,0.7595

828.4190,0.4153,0.1065,-0.1401,1.8364,1.8355,1.0335,0.3529,0.7344,1.0335,0.7771

829.4190,0.1684,0.2917,-0.2019,1.5895,1.5268,0.8483,0.5381,0.6521,0.8483,0.6801

830.4200,0.2919,-0.2022,0.1068,1.8364,1.8973,1.0952,0.5381,0.7447,1.0952,0.7948

831.4200,-0.0785,0.1065,-0.2636,1.8981,1.9590,0.4778,0.4764,0.6830,0.4778,0.6537

832.4190,0.9092,0.2299,-0.3871,1.7747,1.9590,0.7248,0.2912,0.7961,0.7248,0.7859

833.4190,-0.1402,-0.0788,-0.3254,1.7747,1.8355,-0.0778,0.3529,0.5698,-0.0778,0.4773

834.4190,0.3536,0.0447,-0.2636,1.5895,1.9590,0.7248,0.0442,0.6212,0.7248,0.6360

835.4200,-1.1279,0.2299,0.0451,1.5895,1.7121,0.8483,1.1555,0.6007,0.8483,0.6361

836.4200,-0.3871,-0.1405,0.0451,1.3425,1.6503,0.7248,0.2294,0.4566,0.7248,0.4949

837.4190,-0.0785,-0.1405,0.0451,1.7129,1.7121,0.5396,0.0442,0.5492,0.5396,0.5478

838.4200,0.2919,-1.1283,0.4773,1.4043,1.8355,0.5396,0.9086,0.6315,0.5396,0.6184

839.4190,-0.0168,0.1682,-0.5106,1.8364,2.0825,0.1074,-0.1410,0.5698,0.1074,0.5037

840.4190,-0.1402,-0.2022,0.0451,1.7747,1.5886,0.5396,0.2294,0.5492,0.5396,0.5478

841.4190,-0.5106,0.0447,0.4773,1.6512,1.5268,0.8483,0.5999,0.6316,0.8483,0.6625

842.4200,-0.0785,0.2917,0.6007,1.6512,1.7121,0.4778,0.2294,0.7344,0.4778,0.6978

843.4190,0.1067,0.1065,0.1686,1.2191,1.7738,0.8483,0.2294,0.6007,0.8483,0.6360

844.4190,-0.0168,0.4769,0.1068,1.6512,1.8973,0.4778,0.2912,0.7344,0.4778,0.6978

845.4200,-0.0168,-0.1405,-0.1401,1.5895,1.6503,0.7248,0.2912,0.5389,0.7248,0.5655

846.4200,0.1067,-0.0788,-0.0167,1.8364,1.4651,0.6013,0.1677,0.5801,0.6013,0.5831

847.4190,0.1684,-0.0170,0.2303,1.7747,1.9590,0.6630,0.2912,0.7344,0.6630,0.7242

848.4190,0.0450,0.1065,0.0451,1.6512,1.4033,0.5396,0.5381,0.6315,0.5396,0.6184

849.4200,-0.0785,-0.0170,-0.1401,1.6512,1.8355,0.4778,0.2912,0.5904,0.4778,0.5743

850.4190,0.1067,-0.1405,0.6625,1.9599,1.5886,0.4778,0.2912,0.7447,0.4778,0.7066

851.4190,0.0450,0.4151,-0.1401,1.7747,1.7121,0.6013,0.3529,0.6933,0.6013,0.6801

852.4190,-0.0785,-0.0788,-0.5723,1.5277,1.3416,0.3544,0.1677,0.3846,0.3544,0.3803

853.4190,-0.1402,0.2917,-0.3254,1.7747,1.5886,0.1692,0.1677,0.5595,0.1692,0.5037

854.4190,-0.3871,-0.3257,-0.3871,1.9599,1.8973,1.7743,0.5381,0.5492,1.7743,0.7242

855.4190,1.2795,0.1682,-0.0784,1.7129,1.7738,0.8483,0.2294,0.8476,0.8483,0.8477

856.4190,-0.2637,0.0447,0.2303,1.8364,2.0825,0.7248,0.5999,0.7550,0.7248,0.7507

857.4190,0.0450,-0.0788,-0.1401,1.6512,1.9590,0.7248,0.1060,0.5904,0.7248,0.6096

858.4190,0.1067,-0.2640,-0.2636,1.4660,1.7738,0.5396,1.2173,0.6727,0.5396,0.6537

859.4190,0.1067,0.1065,0.1068,1.5895,2.3912,0.8483,0.5381,0.8065,0.8483,0.8124

860.4200,0.1067,0.2917,-0.3254,2.0834,1.7738,0.8483,0.4147,0.7241,0.8483,0.7419

861.4190,0.2302,0.2917,-0.3871,2.0216,1.7121,0.6013,0.4764,0.7241,0.6013,0.7066

862.4190,-0.2637,-0.0788,-0.5106,1.7129,1.6503,1.3421,0.5381,0.5081,1.3421,0.6272

863.4190,0.2919,-0.0788,-0.1401,1.6512,1.7121,0.6013,-0.0175,0.5698,0.6013,0.5743

864.4190,-0.2637,0.2299,-0.8193,1.3425,1.5268,0.6630,0.4764,0.4155,0.6630,0.4508

865.4190,0.1684,0.0447,-0.0784,1.8364,1.7738,0.6630,0.4764,0.7036,0.6630,0.6978

866.4190,0.9092,0.0447,-0.4489,1.7747,1.7738,0.5396,0.4147,0.7447,0.5396,0.7154

867.4190,0.0450,0.1065,0.0451,1.6512,1.6503,0.5396,0.5381,0.6727,0.5396,0.6537

868.4200,-0.1402,0.0447,-0.2636,1.6512,1.5886,0.5396,0.3529,0.5389,0.5396,0.5390

869.4190,0.1067,-0.1405,-0.3254,1.5895,1.7738,0.4778,0.2294,0.5389,0.4778,0.5302

870.4190,0.0450,0.4769,-0.3871,2.0834,1.6503,0.9100,0.6616,0.7550,0.9100,0.7771

871.4190,0.3536,-0.0788,0.0451,1.8364,1.7738,0.7248,0.2912,0.7036,0.7248,0.7066

872.4190,0.6005,0.1682,1.7738,1.4043,2.3295,0.8483,0.9086,1.1975,0.8483,1.1476

873.4190,-0.3254,0.0447,-0.0784,1.8981,1.7738,0.6630,0.5381,0.6418,0.6630,0.6449

874.4190,-0.0785,0.1682,-0.2636,1.6512,1.6503,0.7865,0.2294,0.5595,0.7865,0.5919

875.4190,-0.5723,0.3534,-0.9428,1.8981,1.5268,0.6013,0.0442,0.3846,0.6013,0.4155

876.4190,0.0450,0.1065,-0.2636,1.7129,1.7738,0.5396,0.3529,0.6212,0.5396,0.6096

877.4190,-0.0785,0.1682,-0.2019,1.9599,1.6503,0.8483,0.2912,0.6315,0.8483,0.6625

878.4190,0.2302,0.1682,0.1068,1.7747,1.6503,0.6013,0.2294,0.6933,0.6013,0.6801

879.4190,0.5388,-0.0170,0.5390,1.5895,2.0825,0.4778,0.8468,0.9299,0.4778,0.8653

880.4190,0.4771,-0.0788,0.7860,1.6512,2.2677,0.6013,0.9703,1.0123,0.6013,0.9536

881.4190,0.6005,0.0447,0.6007,1.8981,2.3912,0.9100,1.2173,1.1254,0.9100,1.0947

882.4190,0.2302,0.1065,0.1686,1.8364,1.7738,0.6630,0.4764,0.7653,0.6630,0.7507

883.4190,-0.1402,-0.0170,1.5886,1.8981,1.7121,0.4778,0.2294,0.8785,0.4778,0.8213

884.4190,0.1067,0.0447,0.6007,1.8364,2.0825,0.7248,0.4764,0.8579,0.7248,0.8389

885.4190,-0.0168,-0.5109,0.4155,1.4043,1.8355,0.8483,0.4147,0.5904,0.8483,0.6272

886.4190,0.2302,-1.2517,0.2920,1.5895,1.7738,0.5396,0.4147,0.5081,0.5396,0.5126

887.4190,0.1067,-0.0788,0.2920,1.7129,1.9590,0.5396,0.7234,0.7859,0.5396,0.7507

888.4200,-0.1402,0.7238,0.3538,2.5155,1.8355,1.2187,0.4764,0.9608,1.2187,0.9976

889.4190,0.1067,0.1065,0.1068,1.7129,1.5886,0.6630,0.1060,0.6212,0.6630,0.6272

890.4190,-0.0168,0.0447,0.1686,1.6512,1.7121,0.6630,0.2912,0.6418,0.6630,0.6449

891.4190,0.1067,0.0447,-0.3871,1.7747,1.5886,0.6013,0.2912,0.5698,0.6013,0.5743

892.4190,0.3536,0.0447,-0.0784,1.5895,1.6503,0.4778,0.3529,0.6521,0.4778,0.6272

893.4190,-0.0785,0.2299,-0.0784,1.9599,1.7121,0.4161,0.2912,0.6727,0.4161,0.6360

894.4190,-0.2637,0.1065,0.2303,1.7129,1.5886,0.6630,0.4764,0.6418,0.6630,0.6449

895.4190,-0.0168,-0.3257,0.2920,1.4043,1.8355,0.1074,0.5381,0.6213,0.1074,0.5479

896.4200,-0.0168,0.3534,0.2303,2.1451,1.9590,0.6013,0.5999,0.8785,0.6013,0.8389

897.4190,0.0450,-0.0788,-0.0784,1.6512,1.6503,0.4778,0.5381,0.6212,0.4778,0.6008

898.4190,-0.0168,-0.0788,-0.2636,1.5277,1.6503,0.6013,0.2912,0.5183,0.6013,0.5302

899.4190,-0.3871,0.1682,-0.2019,1.5277,1.5268,0.6630,0.2294,0.4772,0.6630,0.5037

900.4200,0.1067,-0.3257,-0.2019,1.5895,1.7738,0.6630,0.4764,0.5698,0.6630,0.5831

901.4190,0.1067,0.1065,-0.3254,1.7747,1.6503,0.6630,0.2294,0.5904,0.6630,0.6008

902.4190,0.0450,0.3534,-0.3871,1.8364,1.7738,0.6013,0.5381,0.6933,0.6013,0.6801

903.4190,-0.2019,0.3534,-0.5106,1.9599,0.2302,0.5396,0.5999,0.4051,0.5396,0.4243

904.4190,-1.1279,-0.3257,-0.1401,1.7129,1.4651,0.5396,0.2912,0.3126,0.5396,0.3450

905.4190,0.0450,-0.0170,-0.0784,1.7747,1.4033,0.6013,0.4147,0.5904,0.6013,0.5919

906.4190,0.0450,-0.0788,-0.0784,1.7129,1.6503,0.6630,0.2912,0.5904,0.6630,0.6008

907.4200,-0.1402,0.0447,-0.0784,1.7747,1.8355,0.6013,0.7851,0.7036,0.6013,0.6890

908.4190,0.3536,0.1065,-0.3254,2.0834,1.7738,0.6630,0.5381,0.7550,0.6630,0.7419

909.4200,0.2919,-0.1405,-0.2636,2.1451,1.7738,0.5396,0.6616,0.7447,0.5396,0.7154

910.4190,-0.1402,0.1065,-0.4489,1.5895,1.5268,0.6630,0.2912,0.4875,0.6630,0.5126

911.4190,-0.0785,0.6003,-0.2019,1.8981,1.7738,0.7865,0.4764,0.7447,0.7865,0.7507

912.4200,-0.3254,-0.4492,0.6625,2.2686,1.6503,0.5396,0.4147,0.7036,0.5396,0.6801

913.4200,0.0450,-0.1405,-0.1401,1.7747,1.5886,0.7248,0.1677,0.5492,0.7248,0.5743

914.4190,-0.0785,-0.0788,-0.3254,1.7747,1.9590,0.3544,0.7851,0.6727,0.3544,0.6272

915.4190,-0.0168,0.0447,-0.3871,1.6512,1.8973,0.3544,0.1677,0.5595,0.3544,0.5302

916.4190,0.2919,0.2299,-0.6341,1.9599,1.6503,0.7248,0.4147,0.6521,0.7248,0.6625

917.4190,0.1067,0.0447,-0.3254,2.0216,1.6503,0.9100,0.4764,0.6624,0.9100,0.6978

918.4190,-1.3130,-0.6961,-0.0784,1.6512,1.8355,0.4778,0.5381,0.3229,0.4778,0.3450

919.4190,-0.0785,-0.6344,-0.0784,2.0834,1.7121,0.7865,0.2294,0.5389,0.7865,0.5743

920.4200,-0.0168,-0.3257,-0.3254,2.4538,1.8973,0.4161,0.4147,0.6830,0.4161,0.6449

921.4190,0.3536,0.1682,-0.3254,1.4660,1.8355,0.1692,0.8468,0.7241,0.1692,0.6449

922.4190,0.1067,-0.0788,-0.1401,1.7129,1.7738,0.4161,0.5381,0.6521,0.4161,0.6184

923.4190,-0.0785,0.6621,0.1686,2.3303,1.8355,1.2187,0.4764,0.8991,1.2187,0.9447

924.4190,0.0450,0.0447,-0.3254,1.8364,1.7738,1.5891,0.5381,0.6521,1.5891,0.7860

925.4190,-0.2637,0.2917,0.3538,1.8981,1.2181,0.7248,0.0442,0.5904,0.7248,0.6096

926.4190,-0.8192,0.1682,0.2920,1.7747,1.2799,0.5396,0.4764,0.5287,0.5396,0.5302

927.4190,-0.0785,-0.5109,0.3538,1.5277,1.7121,0.6630,0.2294,0.5389,0.6630,0.5567

928.4200,-0.0785,-0.2022,-0.3254,1.7129,1.6503,0.2309,0.3529,0.5183,0.2309,0.4773

929.4200,0.2302,-0.5109,-0.2636,1.8981,1.2799,0.5396,0.4764,0.5183,0.5396,0.5214

930.4190,0.0450,-0.4492,0.1686,1.4660,1.8355,0.2926,0.3529,0.5698,0.2926,0.5302

931.4190,-0.0785,-0.0170,-0.0167,1.7129,1.7738,0.3544,0.2912,0.6110,0.3544,0.5743

932.4210,-0.0168,0.0447,-0.1401,1.7747,1.7738,0.6013,0.7234,0.6933,0.6013,0.6801

933.4190,0.2919,0.0447,-0.0167,2.2068,1.7121,0.5396,0.5999,0.8064,0.5396,0.7683

934.4190,-0.2019,0.4769,-0.0784,1.6512,1.8355,0.5396,0.4147,0.6830,0.5396,0.6625

935.4190,-0.0785,0.3534,-0.0784,1.7129,1.5268,0.6630,0.3529,0.6315,0.6630,0.6360

936.4190,0.1067,0.0447,0.1686,1.6512,1.9590,0.6013,0.5381,0.7447,0.6013,0.7242

937.4190,-0.0168,-0.0788,0.0451,1.6512,1.4651,0.6630,0.1677,0.5389,0.6630,0.5567

938.4190,0.2302,0.0447,-0.0784,1.7129,1.7738,0.6630,-0.0175,0.6109,0.6630,0.6184

939.4190,-0.0168,0.5386,0.4155,1.8364,1.9590,0.5396,0.4764,0.8682,0.5396,0.8213

940.4190,0.0450,0.0447,-0.0784,1.6512,1.5268,0.7248,0.3529,0.5904,0.7248,0.6096

941.4200,0.1067,-0.4492,-0.1401,1.5277,1.8973,0.5396,0.7234,0.6110,0.5396,0.6008

942.4190,-0.0785,-0.0788,0.0451,1.8981,1.6503,0.7248,0.4147,0.6418,0.7248,0.6537

943.4190,0.1684,-0.0170,0.2920,1.6512,1.8973,0.7865,0.4147,0.7344,0.7865,0.7419

944.4190,0.0450,0.2299,0.0451,2.0216,1.7121,0.6630,-0.0175,0.6727,0.6630,0.6713

945.4190,-0.2637,-0.0788,0.1686,1.9599,1.6503,1.0335,0.4147,0.6418,1.0335,0.6978

946.4190,-0.2637,0.9090,0.1686,1.8364,1.8355,0.7248,0.1060,0.7653,0.7248,0.7595

947.4200,0.1067,0.0447,0.2920,1.7129,2.0208,0.5396,0.4764,0.7756,0.5396,0.7419

948.4190,0.1684,-0.0788,0.2303,1.5895,1.9590,0.6013,0.0442,0.6521,0.6013,0.6449

949.4190,0.1684,-0.0170,-0.4489,1.6512,1.5886,0.7248,0.3529,0.5492,0.7248,0.5743

950.4190,0.2919,-0.1405,0.0451,1.7129,1.8355,0.5396,0.4764,0.7036,0.5396,0.6801

951.4190,-0.2637,0.0447,-0.0167,1.7747,2.0208,0.6013,0.7851,0.7242,0.6013,0.7066

952.4190,-0.2637,0.0447,0.2303,1.7129,2.2060,0.6630,0.3529,0.7139,0.6630,0.7066

953.4200,0.0450,-0.2640,-0.0784,1.4043,1.7738,0.4161,0.4147,0.5492,0.4161,0.5302

954.4190,-0.1402,-0.0170,-0.0784,1.8981,1.8973,0.6013,0.7234,0.7139,0.6013,0.6978

955.4200,0.1067,0.0447,0.2920,1.8364,2.0208,0.6630,0.7234,0.8373,0.6630,0.8124

956.4190,0.2919,-0.1405,-0.2019,1.7747,1.7121,0.7865,0.5999,0.6727,0.7865,0.6889

957.4200,-0.1402,-0.0788,-0.4489,1.6512,1.5268,0.6013,0.2294,0.4566,0.6013,0.4773

958.4200,-0.1402,0.1065,-0.5106,1.7747,1.7121,0.4161,-0.4497,0.4154,0.4161,0.4155

959.4190,-0.2019,0.1065,-0.4489,1.7747,1.4651,0.6630,0.1677,0.4772,0.6630,0.5037

960.4190,0.2919,-0.0788,1.0329,1.8981,1.8973,0.6630,0.4147,0.9094,0.6630,0.8742

961.4190,-0.0785,0.4151,-0.1401,1.9599,1.5886,-0.1395,0.5381,0.7138,-0.1395,0.5919

962.4190,-0.3254,-0.5109,-0.3254,1.7747,1.7121,1.3421,0.4147,0.4566,1.3421,0.5831

963.4200,0.6622,-0.0170,0.5390,1.7129,2.2060,0.7248,0.9086,1.0020,0.7248,0.9624

964.4190,0.0450,0.4151,-0.0784,2.0216,1.6503,0.9717,0.2294,0.7138,0.9717,0.7507

965.4190,0.0450,0.1065,-0.0167,1.7747,1.9590,0.5396,0.4764,0.7241,0.5396,0.6978

966.4190,0.0450,-0.0170,0.6625,1.8364,2.2060,0.8483,0.9703,0.9505,0.8483,0.9359

967.4190,0.1684,0.8473,0.5390,2.3303,1.4033,1.0335,-0.0793,0.8682,1.0335,0.8918

968.4190,-0.1402,0.4151,-0.0784,2.0834,1.7121,0.9100,0.2912,0.7138,0.9100,0.7419

969.4190,-0.1402,-0.0170,-0.3871,0.7869,1.4651,0.6630,0.2294,0.3228,0.6630,0.3714

970.4190,-0.0168,-0.0788,0.0451,1.5277,1.8355,0.3544,0.3529,0.6110,0.3544,0.5743

971.4190,-0.0785,-0.2022,-0.0784,1.7747,1.5886,0.6013,0.2294,0.5389,0.6013,0.5478

972.4190,-0.1402,0.3534,0.2920,2.0216,1.7121,0.9100,0.2912,0.7550,0.9100,0.7772

973.4190,-0.0785,0.4151,0.4155,1.7129,1.4651,0.7248,0.5381,0.7447,0.7248,0.7419

974.4190,0.3536,0.1065,0.2303,1.5895,1.9590,0.8483,0.1060,0.7241,0.8483,0.7419

975.4190,-0.2637,0.1065,0.1068,1.7129,1.6503,0.6013,0.4147,0.6213,0.6013,0.6184

976.4190,-0.3871,-0.2022,0.0451,1.7129,1.5886,0.6013,0.2912,0.5081,0.6013,0.5214

977.4200,-0.1402,-0.0788,-0.0167,1.5277,1.8973,0.5396,0.2912,0.5801,0.5396,0.5743

978.4200,0.2919,-0.0788,0.2303,1.6512,1.8355,0.6630,-0.2645,0.6109,0.6630,0.6184

979.4200,0.1684,0.2917,-0.4489,1.9599,1.7121,0.6630,0.4764,0.6933,0.6630,0.6889

980.4190,0.2302,0.0447,-0.6341,1.8364,2.0825,0.7248,0.4147,0.6624,0.7248,0.6713

981.4200,0.0450,0.1682,-0.7576,1.9599,1.8355,0.4778,0.5999,0.6418,0.4778,0.6184

982.4190,-0.0785,0.0447,-0.1401,1.4660,1.6503,0.8483,0.1060,0.5081,0.8483,0.5567

983.4200,-0.5723,0.2299,-0.2019,1.6512,1.7738,0.6013,0.4147,0.5492,0.6013,0.5567

984.4200,0.4771,-0.1405,0.3538,1.6512,1.7738,0.2309,0.2912,0.7344,0.2309,0.6625

985.4190,0.1067,-0.0788,-0.5106,1.6512,1.8355,0.7248,0.1060,0.5183,0.7248,0.5478

986.4190,-0.0168,-0.0170,-0.3254,1.5277,1.9590,0.5396,0.2294,0.5595,0.5396,0.5567

987.4200,0.2302,0.1065,-0.2636,1.7129,1.7121,0.5396,0.4764,0.6624,0.5396,0.6449

988.4200,-0.1402,-0.1405,-0.5723,1.7129,1.8973,0.4778,0.4764,0.5389,0.4778,0.5302

989.4200,-0.0785,-0.1405,-0.3254,1.7747,1.8355,0.4778,0.9086,0.6624,0.4778,0.6360

990.4190,-0.2637,-0.3257,-0.2019,1.7747,1.6503,0.6013,0.2912,0.4875,0.6013,0.5037

991.4190,-0.8192,1.0325,0.2920,1.7129,1.8973,0.4161,0.5999,0.7859,0.4161,0.7331

992.4200,-0.3254,0.1065,-0.3871,2.2686,1.6503,0.6630,0.9086,0.7036,0.6630,0.6978

993.4200,-0.0168,0.4151,0.2303,2.2686,1.8355,0.7865,0.7234,0.9094,0.7865,0.8918

994.4190,-0.0168,0.2917,0.2303,2.3303,1.7121,0.8483,0.6616,0.8682,0.8483,0.8653

995.4190,0.0450,-0.3257,-0.6958,1.7747,1.4651,0.6630,1.1555,0.5698,0.6630,0.5831

996.4190,0.1684,-0.0788,-1.0045,1.9599,1.5268,0.7248,0.7234,0.5492,0.7248,0.5743

997.4190,0.2919,-0.0788,0.1068,1.6512,1.7121,0.4778,0.2912,0.6624,0.4778,0.6360

998.4190,0.2919,0.1682,0.1686,1.7747,1.6503,0.6013,0.1060,0.6933,0.6013,0.6801

999.4190,-0.0785,-0.2022,-0.2019,1.7129,1.7121,0.4778,0.4764,0.5698,0.4778,0.5567

1000.4190,0.2919,-0.0788,0.0451,1.6512,1.7121,0.4778,0.1677,0.6315,0.4778,0.6096

1001.4190,-0.0785,0.0447,-0.0167,1.7129,1.8355,0.6630,0.4147,0.6521,0.6630,0.6537

1002.4190,-0.1402,0.0447,-0.3871,1.7747,1.7121,0.9100,0.2912,0.5492,0.9100,0.6008

1003.4190,0.2302,0.1065,-0.2019,1.7129,1.4033,0.6630,0.3529,0.6007,0.6630,0.6096

1004.4190,-0.0168,0.2917,-0.0784,1.8981,1.8973,0.6013,0.7234,0.7859,0.6013,0.7595

1005.4190,0.1067,0.0447,-0.0784,1.7747,1.7738,0.7865,0.5381,0.6933,0.7865,0.7066

1006.4190,0.0450,0.1065,-0.2019,1.7747,1.4033,0.7248,0.1677,0.5492,0.7248,0.5743

1007.4190,0.1067,-0.2022,-0.2019,1.4660,1.8355,0.4161,0.4147,0.5698,0.4161,0.5478

1008.4190,0.2919,-0.0788,0.1686,1.5277,1.8973,0.5396,0.4764,0.7139,0.5396,0.6890

1009.4200,-0.0785,-1.1283,0.2920,1.2808,1.7738,0.4161,0.5381,0.4463,0.4161,0.4420

1010.4190,0.2919,0.1682,0.1686,1.8981,1.8973,0.9100,0.5381,0.8270,0.9100,0.8389

1011.4190,-0.1402,-0.0170,-0.4489,1.7129,1.7121,0.7865,0.2294,0.5081,0.7865,0.5478

1012.4190,-0.2019,0.4151,-0.0784,2.4538,1.8973,0.6630,0.2912,0.7962,0.6630,0.7772

1013.4190,0.1684,-0.2640,-0.3254,1.5895,1.7738,0.4161,0.3529,0.5492,0.4161,0.5302

1014.4190,-0.2019,-0.1405,-0.3871,1.8981,1.5886,0.7865,0.3529,0.5183,0.7865,0.5567

1015.4200,1.5264,0.1682,-0.1401,1.7747,1.8973,0.2926,0.5999,0.9711,0.2926,0.8741

1016.4190,-0.1402,-0.1405,-0.0167,1.6512,1.6503,0.7248,0.3529,0.5595,0.7248,0.5831

1017.4190,-1.0044,0.1682,0.1068,1.8364,1.8355,0.6013,0.1060,0.5081,0.6013,0.5214

1018.4190,0.4771,0.0447,-0.3871,1.8364,1.5886,0.6013,0.2912,0.6418,0.6013,0.6360

1019.4190,-0.8809,-0.0788,0.0451,1.4660,1.9590,0.1692,0.4147,0.4875,0.1692,0.4420

1020.4190,0.1067,0.2299,-0.0784,1.9599,1.7738,0.9100,0.4147,0.7344,0.9100,0.7595

1021.4190,-0.2637,-0.3257,-0.0167,2.1451,1.5886,0.3544,0.9703,0.6830,0.3544,0.6360

1022.4190,-0.2637,0.1682,0.4773,1.2808,1.8973,0.6630,0.1060,0.6110,0.6630,0.6184

1023.4190,-0.1402,0.0447,0.0451,1.5277,1.7121,0.6013,0.2912,0.5801,0.6013,0.5831

1024.4200,-0.2019,-0.0170,0.1686,2.3920,1.8355,0.6630,0.2912,0.7447,0.6630,0.7331

1025.4190,0.1684,0.4151,1.8355,1.9599,1.6503,0.6013,0.2294,1.0431,0.6013,0.9800

1026.4200,0.3536,-0.2022,-0.2019,1.8364,1.4651,0.4778,1.4643,0.7859,0.4778,0.7419

1027.4190,-0.3871,0.3534,-0.6341,2.0834,1.9590,0.4778,0.6616,0.6727,0.4778,0.6449

1028.4200,0.2302,-0.2640,0.2303,1.8981,1.7121,1.0952,0.2294,0.6727,1.0952,0.7330

1029.4200,0.0450,0.0447,-0.0167,1.5895,1.6503,0.8483,0.0442,0.5595,0.8483,0.6008

1030.4200,0.2302,0.2917,-0.0167,1.5895,1.7738,0.7865,0.2294,0.6830,0.7865,0.6978

1031.4190,0.0450,0.0447,0.4155,1.8364,1.4651,0.8483,0.5999,0.7344,0.8483,0.7507

1032.4190,0.1067,-0.0170,0.1686,2.0216,1.7738,0.6013,0.4764,0.7550,0.6013,0.7331

1033.4190,-0.0785,0.4151,-0.0167,1.7747,1.7738,0.4778,0.2294,0.6830,0.4778,0.6537

1034.4190,1.0943,0.6003,-0.2019,1.7129,1.4033,0.4161,0.5999,0.8682,0.4161,0.8036

1035.4190,0.4153,-0.0788,-0.0784,1.7747,1.7738,0.4778,0.1060,0.6521,0.4778,0.6272

1036.4200,0.0450,-0.0170,0.0451,1.7129,1.9590,0.5396,0.6616,0.7344,0.5396,0.7066

1037.4200,-0.2019,0.1065,0.1686,1.8981,1.7121,0.4778,0.4147,0.6830,0.4778,0.6537

1038.4190,0.6005,-0.2640,-0.0167,1.6512,1.7121,0.6013,0.5381,0.7035,0.6013,0.6889

1039.4190,0.1067,0.5386,0.2920,2.0216,1.9590,0.5396,0.5999,0.9196,0.5396,0.8653

1040.4190,0.2919,0.1065,-0.1401,2.0216,1.7121,0.5396,0.4764,0.7447,0.5396,0.7154

1041.4190,-0.1402,0.0447,0.2303,1.2808,1.6503,0.7865,0.4147,0.5801,0.7865,0.6096

1042.4200,-0.0785,0.0447,0.0451,1.7747,1.8973,0.3544,-0.3880,0.5492,0.3544,0.5214

1043.4190,0.0450,-0.2022,-0.0784,1.6512,1.7738,0.6630,0.3529,0.5904,0.6630,0.6008

1044.4190,0.1684,0.2299,-0.0784,2.0216,1.7121,0.6630,0.2912,0.7241,0.6630,0.7154

1045.4190,0.2302,-0.0788,0.2303,1.6512,2.0825,0.6630,0.6616,0.7962,0.6630,0.7772

1046.4190,0.2302,-0.1405,-0.1401,1.6512,1.6503,0.4161,0.4147,0.6109,0.4161,0.5831

1047.4190,-0.3254,-0.2640,0.4155,1.7747,2.1443,0.7248,0.4764,0.7036,0.7248,0.7066

1048.4190,0.1684,-0.1405,0.0451,1.7129,1.7738,0.5396,0.2912,0.6418,0.5396,0.6272

1049.4190,-0.3254,0.0447,-0.2019,1.6512,1.5268,0.6013,0.2912,0.4978,0.6013,0.5126

1050.4190,0.0450,-0.2022,-0.0784,1.6512,1.5886,0.6013,0.1677,0.5286,0.6013,0.5390

1051.4190,0.0450,0.0447,-0.0784,2.0216,1.7738,0.9100,0.3529,0.6933,0.9100,0.7242

1052.4190,-0.2019,0.1682,0.3538,1.7129,1.9590,0.1074,0.9086,0.8168,0.1074,0.7154

1053.4190,-0.0168,0.6003,0.2920,1.9599,1.8355,0.7248,0.8468,0.9196,0.7248,0.8918

1054.4190,-0.1402,0.0447,0.1686,1.5895,1.8973,0.4161,0.0442,0.6007,0.4161,0.5743

1055.4190,-0.0785,-0.0170,-0.0167,1.6512,1.4033,0.8483,0.2294,0.5286,0.8483,0.5743

1056.4190,0.1067,0.1065,0.0451,1.5895,1.7121,0.3544,0.3529,0.6521,0.3544,0.6096

1057.4200,0.0450,-0.0170,-0.0784,1.5895,1.5886,0.6630,0.2912,0.5698,0.6630,0.5831

1058.4190,0.1684,-0.0788,0.4155,1.7129,1.8973,0.6013,0.3529,0.7447,0.6013,0.7242

1059.4190,-0.2637,-0.2640,-0.2019,1.6512,1.7121,1.5274,0.4764,0.5184,1.5274,0.6625

1060.4190,-0.2637,-0.0170,0.0451,1.7747,1.6503,0.6630,0.4147,0.6007,0.6630,0.6096

1061.4200,0.4153,0.2299,0.0451,1.5895,1.9590,0.8483,0.7234,0.8270,0.8483,0.8301

1062.4190,0.1684,-0.0170,0.4773,1.7129,1.6503,0.6630,0.4764,0.7447,0.6630,0.7331

1063.4190,0.2919,-0.0788,0.3538,1.5895,1.8973,0.4778,0.4147,0.7447,0.4778,0.7066

1064.4190,0.3536,1.5264,1.2799,1.2808,1.9590,0.6630,0.6616,1.1769,0.6630,1.1035

1065.4190,-0.0168,-0.1405,-0.1401,1.6512,1.5886,0.4778,0.2294,0.5286,0.4778,0.5214

1066.4190,-0.1402,0.0447,-0.3871,1.6512,1.4033,0.4161,0.2912,0.4772,0.4161,0.4685

1067.4190,-0.1402,0.0447,0.2920,1.8981,1.8355,0.7248,0.5999,0.7550,0.7248,0.7507

1068.4190,0.1684,-0.5726,0.7860,1.5895,1.5886,1.0952,0.3529,0.6521,1.0952,0.7154

1069.4190,0.2302,-0.6961,0.4773,1.2191,1.8973,0.4161,0.3529,0.5801,0.4161,0.5567

1070.4190,-0.4489,0.0447,-0.1401,1.3425,2.0208,0.3544,0.7234,0.5904,0.3544,0.5567

1071.4190,0.5388,-0.7579,0.6625,1.4043,1.7738,0.4778,0.4764,0.6830,0.4778,0.6537

1072.4190,0.3536,-0.0788,0.5390,1.5277,1.9590,0.4778,1.6495,0.9917,0.4778,0.9183

1073.4190,0.1067,0.4151,1.1564,1.3425,1.8355,0.6013,0.5381,0.8991,0.6013,0.8565

1074.4190,0.1067,0.4151,0.0451,1.6512,1.7738,0.6630,0.4147,0.7344,0.6630,0.7242

1075.4190,0.0450,0.0447,0.1068,1.7129,1.1564,0.8483,0.2912,0.5595,0.8483,0.6007

1076.4200,-0.0785,-0.0788,-0.0784,1.8364,1.0329,0.5396,0.5999,0.5389,0.5396,0.5390

1077.4200,-0.0785,-0.0170,0.2303,1.5277,1.9590,0.6013,0.2912,0.6521,0.6013,0.6449

1078.4190,-0.2019,0.6621,-0.1401,1.4660,2.3295,0.6630,0.2294,0.7242,0.6630,0.7154

1079.4190,0.1684,0.1065,-0.3254,1.4043,2.0825,0.2309,0.1060,0.5904,0.2309,0.5390

1080.4190,0.1684,0.1065,-0.3871,1.5895,1.8355,0.6013,0.1060,0.5698,0.6013,0.5743

1081.4190,0.7857,-0.0788,-0.3254,1.8364,1.7121,0.7248,0.5999,0.7550,0.7248,0.7507

1082.4190,0.3536,-0.3257,-0.3871,2.3920,1.9590,0.4161,-0.0175,0.6624,0.4161,0.6272

1083.4190,0.2919,0.3534,-0.4489,1.7129,1.8973,0.6013,1.5260,0.8888,0.6013,0.8477

1084.4190,-0.1402,-0.0170,-0.3871,3.0711,2.0208,0.5396,0.1060,0.7756,0.5396,0.7419

1085.4190,0.1067,0.3534,-0.0167,1.5277,1.7121,0.9717,0.4147,0.6830,0.9717,0.7242

1086.4190,-0.0168,0.0447,-0.4489,1.8981,1.6503,0.6013,0.4147,0.5904,0.6013,0.5919

1087.4190,-0.2637,0.2299,0.1068,0.9104,1.5268,0.9100,0.1677,0.4463,0.9100,0.5126

1088.4200,-0.1402,0.1065,-0.4489,1.3425,0.6624,1.3421,0.1677,0.2817,1.3421,0.4332

1089.4190,0.0450,-0.3257,-0.7576,1.8981,1.8355,0.4161,0.5381,0.5389,0.4161,0.5214

1090.4190,0.2919,-0.3257,-0.3871,1.8364,1.5268,0.6630,0.4764,0.5698,0.6630,0.5831

1091.4190,-0.2019,0.1682,-0.0784,2.0834,1.8355,0.6630,0.2912,0.6830,0.6630,0.6801

1092.4200,0.1684,0.1065,-0.2636,1.8981,1.6503,0.7248,0.4764,0.6727,0.7248,0.6801

1093.4190,0.1684,-0.1405,-0.5723,2.0216,1.6503,0.4778,0.5381,0.6109,0.4778,0.5919

1094.4190,0.2302,0.2299,-0.2636,1.7747,1.7738,0.6630,0.4147,0.6933,0.6630,0.6889

1095.4200,-0.1402,-0.0788,0.5390,1.7129,2.1443,0.4778,0.7851,0.8271,0.4778,0.7772

1096.4190,0.0450,0.6621,-0.2019,2.0834,1.8973,0.7865,0.4764,0.8270,0.7865,0.8212

1097.4190,0.1067,0.1065,-0.2019,1.5895,1.5886,0.8483,0.2912,0.5801,0.8483,0.6184

1098.4190,0.7240,0.7238,0.1686,1.8981,2.2060,0.9100,0.5381,1.0431,0.9100,1.0241

1099.4190,-0.0168,1.0942,0.1686,1.7747,2.3295,0.4161,0.2294,0.9299,0.4161,0.8565

1100.4200,-0.0785,0.1065,-0.0784,1.8364,1.7738,0.4161,0.4764,0.6727,0.4161,0.6360

1101.4190,-0.2019,-0.3257,0.0451,1.7747,1.7738,0.5396,0.7851,0.6418,0.5396,0.6272

1102.4190,-0.2019,0.4151,-0.2636,1.8364,1.7121,0.5396,0.4764,0.6624,0.5396,0.6449

1103.4190,0.0450,0.2917,-0.0167,1.7747,1.7738,0.4778,0.1677,0.6727,0.4778,0.6449

1104.4190,0.4153,0.1065,0.3538,1.7747,1.6503,0.8483,0.2912,0.7653,0.8483,0.7771

1105.4190,0.0450,-0.0788,0.0451,1.5895,1.8973,0.4161,0.9703,0.7447,0.4161,0.6978

1106.4190,0.1684,0.1682,0.2303,1.7747,1.8973,0.6630,0.6616,0.8167,0.6630,0.7948

1107.4190,-0.0168,0.2299,0.1068,1.8981,1.6503,0.4161,0.0442,0.6521,0.4161,0.6184

1108.4190,0.2302,0.1065,0.4155,1.8364,1.7738,0.4778,0.3529,0.7859,0.4778,0.7419

1109.4190,0.1684,-0.0788,0.4773,1.7129,2.1443,0.6630,0.5381,0.8270,0.6630,0.8036

1110.4190,0.4153,0.0447,0.1686,1.8981,1.6503,0.7248,0.2912,0.7447,0.7248,0.7419

1111.4190,0.9092,0.0447,0.1068,1.7747,1.8355,0.5396,0.4147,0.8476,0.5396,0.8036

1112.4190,0.0450,-0.2640,0.0451,1.5277,1.4651,-0.0160,0.7234,0.5904,-0.0160,0.5037

1113.4190,0.1067,-0.5109,0.7242,1.6512,1.7121,0.6013,0.5999,0.7139,0.6013,0.6978

1114.4190,-0.3871,-0.1405,0.2303,1.5277,1.3416,0.4161,0.5999,0.5286,0.4161,0.5126

1115.4190,-0.1402,-0.1405,-0.2019,1.6512,1.5886,0.5396,0.3529,0.5184,0.5396,0.5214

1116.4190,0.1684,0.3534,-0.0167,1.5277,1.7738,0.5396,0.1060,0.6521,0.5396,0.6360

1117.4190,0.2302,-0.0788,0.4155,1.7129,1.9590,0.4778,0.5381,0.7962,0.4778,0.7507

1118.4190,0.1684,-0.1405,-0.3254,1.8981,1.7738,1.0335,0.2912,0.6109,1.0335,0.6713

1119.4190,0.2302,0.0447,-0.1401,1.8364,1.7121,0.9717,0.1677,0.6418,0.9717,0.6889

1120.4190,0.5388,-0.0788,-0.1401,2.3303,2.0208,0.5396,0.2294,0.8167,0.5396,0.7771

1121.4190,0.1684,-0.0170,-0.1401,1.5895,1.7738,0.6013,0.6616,0.6727,0.6013,0.6625

1122.4190,-0.1402,-0.0788,-0.1401,2.1451,1.7738,0.5396,0.1060,0.6110,0.5396,0.6008

1123.4190,0.3536,0.4151,-0.0784,1.5277,1.8973,0.7248,0.5381,0.7756,0.7248,0.7683

1124.4190,0.1684,0.4151,-0.0167,1.6512,2.1443,0.7865,1.6495,1.0020,0.7865,0.9712

1125.4200,0.0450,-0.1405,-0.2636,1.8364,1.9590,0.1692,0.3529,0.6315,0.1692,0.5655

1126.4190,0.1067,-0.5726,-0.3254,2.0834,1.5268,0.4778,0.5381,0.5595,0.4778,0.5478

1127.4190,0.1684,0.1682,-0.3871,1.4660,1.8355,0.6630,-0.0175,0.5389,0.6630,0.5567

1128.4190,0.1067,0.1065,-0.2019,1.6512,0.9711,1.0335,-0.3262,0.3846,1.0335,0.4773

1129.4190,-1.8686,0.2299,-0.3871,1.8981,1.5886,0.9100,0.3529,0.3023,0.9100,0.3891

1130.4190,0.1067,0.1065,-0.0167,1.5277,1.7121,0.6630,0.5999,0.6727,0.6630,0.6713

1131.4190,-0.0785,-0.2022,0.1686,1.9599,1.5886,0.7865,0.8468,0.7139,0.7865,0.7242

1132.4190,0.0450,-0.1405,-0.0784,1.6512,1.4651,0.9717,0.4764,0.5698,0.9717,0.6272

1133.4190,-0.0168,-0.2022,-0.3254,1.8364,1.7738,0.6013,-0.3262,0.4566,0.6013,0.4773

1134.4190,-0.0785,0.1065,-0.0784,1.8364,1.5268,0.6013,0.7234,0.6727,0.6013,0.6625

1135.4200,-0.0168,0.1682,-0.2019,1.7747,1.6503,1.1569,0.7234,0.6830,1.1569,0.7507

1136.4190,0.1684,-0.0788,-0.6341,2.0834,1.4651,0.4778,0.3529,0.5595,0.4778,0.5478

1137.4190,0.2302,0.1682,0.4155,1.5895,1.7121,0.1074,-0.2645,0.6418,0.1074,0.5655

1138.4190,-0.2637,-0.0170,-0.2636,1.6512,1.7738,0.4778,0.7851,0.6110,0.4778,0.5919

1139.4190,0.9092,0.1682,-0.5723,2.0834,1.8355,0.4778,0.5999,0.8373,0.4778,0.7859

1140.4200,0.4153,0.0447,0.1686,1.8981,1.6503,0.9100,0.2912,0.7447,0.9100,0.7683

1141.4190,0.7857,-0.2022,-0.4489,1.5895,1.7121,0.7865,0.1060,0.5904,0.7865,0.6184

1142.4190,0.0450,0.1065,-0.2019,1.8364,1.8973,0.9717,0.2294,0.6521,0.9717,0.6978

1143.4200,-0.0785,-0.1405,-0.1401,1.5895,1.7738,0.5396,0.3529,0.5595,0.5396,0.5567

1144.4190,-0.1402,0.1682,-0.3254,1.2808,1.9590,0.3544,0.3529,0.5492,0.3544,0.5214

1145.4190,-0.0168,-0.2640,-0.0784,1.8981,1.6503,0.8483,0.5999,0.6315,0.8483,0.6625

1146.4200,-0.0785,0.2299,-0.2636,1.8981,1.7121,0.6630,0.9086,0.7344,0.6630,0.7242

1147.4190,0.0450,-0.1405,-0.0167,1.7747,1.6503,1.0335,0.4147,0.6212,1.0335,0.6801

1148.4190,0.0450,0.1065,-0.3254,1.8364,1.8355,0.9717,0.4147,0.6521,0.9717,0.6978

1149.4190,-0.0785,-0.0170,0.1686,1.8364,2.2060,0.6630,0.5381,0.7756,0.6630,0.7595

1150.4190,0.2919,-0.0170,-0.0784,1.5895,1.7121,0.5396,0.2912,0.6315,0.5396,0.6184

1151.4190,-0.0168,0.4151,-0.2636,2.0216,1.8355,0.7248,0.4764,0.7447,0.7248,0.7419

1152.4210,0.1684,0.1682,-0.0784,1.8981,1.8355,0.9100,0.5381,0.7550,0.9100,0.7771

1153.4190,0.1067,-0.2640,0.9094,1.2191,2.0825,0.4161,1.2790,0.8888,0.4161,0.8213

1154.4190,-0.2019,-0.0788,0.2920,1.4660,1.3416,0.2926,0.1060,0.4875,0.2926,0.4596

1155.4190,0.1067,0.2917,-0.2019,1.8364,1.7121,0.8483,0.3529,0.6830,0.8483,0.7066

1156.4200,0.0450,-0.1405,0.1686,2.1451,1.5886,0.5396,0.8468,0.7756,0.5396,0.7419

1157.4190,0.0450,-0.3257,-0.3871,1.7129,1.6503,0.4161,0.4147,0.5183,0.4161,0.5037

1158.4190,-0.0785,0.1682,-0.1401,1.6512,1.4651,0.6013,0.3529,0.5698,0.6013,0.5743

1159.4190,-0.2019,0.0447,-0.2019,1.8981,1.5886,0.8483,0.3529,0.5801,0.8483,0.6184

1160.4190,-0.2637,-0.4492,-0.3254,1.8364,1.7121,1.2187,0.4147,0.4875,1.2187,0.5919

1161.4190,0.3536,-0.1405,0.4155,1.6512,1.8355,0.6013,0.5381,0.7756,0.6013,0.7507

1162.4200,-0.2019,-0.0788,-0.2636,1.7129,1.6503,0.7865,0.2294,0.5081,0.7865,0.5478

1163.4190,0.2919,-0.0788,0.1068,1.5895,1.8973,0.6013,0.4147,0.7036,0.6013,0.6890

1164.4190,0.5388,0.2917,0.2303,2.0216,2.1443,0.8483,0.5999,0.9711,0.8483,0.9535

1165.4190,-0.0168,-0.0788,-0.0784,1.5895,1.8355,0.3544,0.3529,0.6007,0.3544,0.5655

1166.4190,0.2302,0.2299,-0.3871,1.7747,1.7738,0.6630,0.5381,0.6933,0.6630,0.6889

1167.4190,0.3536,-0.0788,0.1068,1.6512,2.0825,0.4778,0.7234,0.8065,0.4778,0.7595

1168.4190,-0.1402,-0.2640,-0.1401,1.7129,1.5268,0.5396,0.1677,0.4772,0.5396,0.4861

1169.4190,-0.0785,-0.4492,0.1068,1.3425,1.8355,0.2926,0.4764,0.5389,0.2926,0.5038

1170.4190,0.0450,0.1682,-0.3871,1.7129,1.8355,0.4778,0.5999,0.6624,0.4778,0.6360

1171.4190,-0.2019,0.6003,0.4155,2.0834,1.1564,0.7865,0.2294,0.7138,0.7865,0.7242

1172.4190,0.3536,0.1065,0.2303,1.5895,1.5886,1.0335,0.3529,0.7036,1.0335,0.7507

1173.4200,-0.0785,0.0447,0.2303,1.0339,1.5886,0.6630,0.3529,0.5286,0.6630,0.5478

1174.4190,-0.5106,-0.2022,0.1068,1.8364,0.6007,0.3544,0.7851,0.4360,0.3544,0.4244

1175.4190,0.2302,0.1065,0.0451,1.7747,1.7121,0.6630,0.3529,0.7036,0.6630,0.6978

1176.4200,0.0450,0.2299,-0.3254,1.6512,1.6503,0.4161,0.2912,0.5904,0.4161,0.5655

1177.4190,-0.2019,0.1065,-0.2019,1.9599,1.7738,0.6013,0.2912,0.6212,0.6013,0.6184

1178.4190,-0.0785,0.0447,0.1068,1.5895,1.5886,0.6630,0.2912,0.5904,0.6630,0.6008

1179.4190,0.2919,-0.1405,-0.1401,1.9599,1.6503,0.5396,1.0321,0.7756,0.5396,0.7419

1180.4190,0.0450,-0.2022,0.1068,1.8981,1.8973,0.9717,0.4764,0.7036,0.9717,0.7419

1181.4190,-0.0168,-0.1405,0.2303,1.7747,2.1443,0.9100,0.4147,0.7344,0.9100,0.7595

1182.4200,0.0450,-0.0788,-0.2636,1.9599,1.7121,0.5396,0.6616,0.6727,0.5396,0.6537

1183.4190,-0.1402,-1.7456,0.2920,1.4660,1.7738,0.6013,0.1677,0.3023,0.6013,0.3450

1184.4190,0.1684,-0.0170,0.4773,1.5895,1.7121,0.1074,0.4147,0.7241,0.1074,0.6360

1185.4200,-0.0168,0.0447,-0.3254,1.7747,1.4033,0.6013,0.5381,0.5698,0.6013,0.5743

1186.4190,0.3536,0.1065,-0.2636,2.0216,1.5886,0.8483,0.6616,0.7447,0.8483,0.7595

1187.4190,0.1067,-0.5109,-0.4489,1.8364,1.4033,0.7248,0.4147,0.4669,0.7248,0.5037

1188.4190,0.1684,-0.3874,-0.3254,1.8981,1.5268,0.7865,0.2912,0.5286,0.7865,0.5655

1189.4190,-0.0168,0.4769,0.1686,1.8364,2.1443,0.6630,0.5381,0.8579,0.6630,0.8301

1190.4190,0.1684,-0.0788,-0.0784,1.7747,1.8355,0.6630,0.5381,0.6933,0.6630,0.6890

1191.4190,0.2919,-0.0788,-0.0784,1.3425,1.6503,0.6630,0.5999,0.6212,0.6630,0.6272

1192.4190,-0.0785,-0.3257,-0.0784,1.6512,2.6382,-0.0778,1.0938,0.8168,-0.0778,0.6890

1193.4200,0.1067,0.2917,-0.3871,1.7747,1.6503,0.5396,0.2294,0.6109,0.5396,0.6008

1194.4200,-0.5106,0.2917,-0.3871,1.8981,1.5886,0.9717,0.2294,0.5184,0.9717,0.5831

1195.4190,-0.0168,0.1065,-0.2019,1.9599,1.5268,0.8483,0.3529,0.6212,0.8483,0.6537

1196.4190,-0.3254,0.5386,-0.0167,2.0834,1.8973,0.4778,0.6616,0.8065,0.4778,0.7595

1197.4200,-0.0785,-0.2022,-0.3254,1.7129,1.8973,0.5396,0.6616,0.6110,0.5396,0.6008

1198.4190,-0.1402,-0.0170,0.1068,1.6512,2.0208,0.5396,0.5381,0.6933,0.5396,0.6713

1199.4190,-0.0168,0.2917,-0.3871,1.8981,1.6503,0.4778,0.2294,0.6109,0.4778,0.5919

1200.4200,-0.3871,-0.0170,-0.3871,1.6512,1.6503,0.5396,0.3529,0.4772,0.5396,0.4861

1201.4190,0.1067,0.1065,-0.2636,1.8981,1.8355,0.6630,0.8468,0.7550,0.6630,0.7419

1202.4190,-0.0785,-0.0788,-0.0167,1.4043,1.3416,0.3544,0.4147,0.4978,0.3544,0.4773

1203.4200,0.1684,-0.0170,-0.0784,1.5895,1.8973,0.6013,0.5381,0.6830,0.6013,0.6713

1204.4190,0.2919,-0.7579,-0.2019,2.0834,1.7738,0.5396,0.2912,0.5801,0.5396,0.5743

1205.4190,0.3536,-0.0170,-0.0784,1.7747,1.7738,0.6013,0.4764,0.7138,0.6013,0.6978

1206.4190,0.1067,-0.1405,0.1686,1.8364,1.8355,0.5396,0.5381,0.7241,0.5396,0.6978

1207.4200,-0.0785,0.1682,-0.3254,1.5895,1.6503,0.4161,0.4147,0.5698,0.4161,0.5478

1208.4200,1.2178,0.8473,-0.7576,1.9599,1.7121,0.6630,0.1677,0.8579,0.6630,0.8300

1209.4190,-0.3254,0.2299,-0.2636,2.6390,1.8355,0.7248,0.5381,0.7756,0.7248,0.7683

1210.4190,-0.0168,-0.2022,-0.2019,1.7747,1.6503,0.9717,0.4147,0.5698,0.9717,0.6272

1211.4200,0.1684,-0.1405,-0.3871,1.7747,1.7738,0.4778,0.4764,0.6109,0.4778,0.5919

1212.4200,-0.1402,0.2917,-0.0167,1.6512,1.4033,0.6013,0.5381,0.6212,0.6013,0.6184

1213.4200,-0.1402,0.1065,-0.2636,2.2068,1.8973,0.6013,0.4147,0.7036,0.6013,0.6890

1214.4200,-0.0168,0.7238,-0.0784,1.5895,2.0825,0.9717,0.4764,0.7962,0.9717,0.8213

1215.4200,-0.0785,0.2299,-0.5723,1.8364,2.0825,0.9100,0.2912,0.6315,0.9100,0.6713

1216.4200,-0.0785,0.5386,-0.1401,1.4660,1.7121,0.6630,-0.0793,0.5698,0.6630,0.5831

1217.4200,0.0450,0.1065,-0.0784,1.5895,1.7121,0.5396,0.4147,0.6315,0.5396,0.6184

1218.4190,0.1067,-0.3257,0.3538,1.0339,2.0825,0.2926,0.4147,0.6110,0.2926,0.5655

1219.4190,-0.3254,0.2299,-0.3254,1.7129,1.6503,0.7248,0.2294,0.5286,0.7248,0.5567

1220.4190,0.0450,1.2794,-0.0784,1.4660,2.3295,0.7865,0.2912,0.8888,0.7865,0.8742

1221.4190,0.2302,0.1682,-0.3871,1.7747,2.0825,0.7865,0.3529,0.7036,0.7865,0.7154

1222.4190,0.1067,1.5881,0.9094,1.2191,1.9590,0.6013,0.5999,1.0637,0.6013,0.9976

1223.4190,0.1067,-0.0170,-0.4489,1.0339,2.0825,0.1692,0.5381,0.5492,0.1692,0.4949

1224.4190,-0.0785,0.1065,0.3538,1.6512,1.4651,0.8483,0.7851,0.7139,0.8483,0.7331

1225.4200,-0.1402,0.4769,-0.5106,1.7747,1.7121,0.5396,0.7234,0.6727,0.5396,0.6537

1226.4190,-0.0785,0.0447,0.6625,1.7747,1.7738,0.4161,0.5999,0.7962,0.4161,0.7419

1227.4200,-0.0785,0.0447,-0.4489,1.7129,1.4651,0.5396,0.4147,0.5183,0.5396,0.5214

1228.4200,0.2919,-0.0788,-0.2636,1.6512,1.5886,0.4778,0.3529,0.5904,0.4778,0.5743

1229.4200,-0.0785,0.3534,-0.4489,1.8364,1.7738,0.6013,0.4764,0.6521,0.6013,0.6449

1230.4200,-0.0785,-0.0788,-0.0167,1.6512,2.0825,0.6013,0.9086,0.7447,0.6013,0.7242

1231.4190,0.2302,-0.0788,-0.1401,2.2068,1.7121,1.0952,0.6616,0.7653,1.0952,0.8124

1232.4190,0.4153,-0.1405,-0.3871,2.4538,2.0208,0.2926,0.9703,0.8888,0.2926,0.8036

1233.4190,0.0450,0.1682,-0.5106,1.5277,1.7121,0.4778,0.3529,0.5492,0.4778,0.5390

1234.4190,-0.0168,0.2299,-0.9428,1.8364,1.9590,0.4778,0.4764,0.5904,0.4778,0.5743

1235.4200,0.2302,-0.0788,0.6007,1.7747,2.3295,0.1692,0.4147,0.8785,0.1692,0.7772

1236.4200,0.4153,0.2917,-0.3871,2.0834,1.5268,0.6630,0.3529,0.7138,0.6630,0.7066

1237.4190,0.1067,-0.0788,-0.6341,1.5277,1.8973,0.7248,0.1060,0.4875,0.7248,0.5214

1238.4190,0.0450,0.0447,0.1686,1.7747,1.9590,0.4778,0.7234,0.7859,0.4778,0.7419

1239.4190,0.1067,0.0447,0.5390,1.5277,1.7738,0.6630,0.6616,0.7756,0.6630,0.7595

1240.4190,-0.2019,0.1065,0.1686,1.5895,1.8355,0.2926,1.4025,0.8168,0.2926,0.7419

1241.4190,0.3536,-0.2022,0.0451,1.6512,1.5268,0.3544,0.2912,0.6109,0.3544,0.5743

1242.4190,0.0450,-0.2022,-0.2636,1.6512,1.7738,0.4778,0.5999,0.6007,0.4778,0.5831

1243.4200,-0.0785,-0.0788,-0.0167,1.8364,1.5268,0.6013,0.5999,0.6315,0.6013,0.6272

1244.4190,-0.2019,0.1065,0.4155,1.7747,2.0208,0.4778,0.7234,0.8065,0.4778,0.7595

1245.4190,-0.0168,0.1682,0.6625,1.7129,1.9590,0.6013,0.4764,0.8270,0.6013,0.7948

1246.4200,-0.0785,0.6621,0.3538,2.3303,1.8355,0.9100,0.7234,0.9711,0.9100,0.9624

1247.4190,0.0450,0.0447,0.1068,1.8981,1.7121,0.8483,0.5381,0.7241,0.8483,0.7419

1248.4200,0.1067,0.1065,0.4773,1.6512,1.8973,0.6013,0.2912,0.7550,0.6013,0.7331

1249.4200,0.0450,-0.0170,-0.0784,1.7129,1.4033,0.6630,0.2912,0.5595,0.6630,0.5743

1250.4190,-0.2019,-0.0170,0.0451,1.7747,1.7121,0.9717,0.4147,0.6213,0.9717,0.6713

1251.4190,-0.2637,-0.0788,-0.0167,1.7129,1.8355,0.4778,0.3529,0.5904,0.4778,0.5743

1252.4200,-0.0168,-0.0170,-0.1401,1.8364,1.6503,0.4778,0.4764,0.6315,0.4778,0.6096

1253.4190,-0.2019,-0.0170,0.0451,1.8981,1.7738,0.6013,0.5999,0.6830,0.6013,0.6713

1254.4190,0.8474,0.1682,0.4155,1.8364,1.8355,0.7248,0.8468,0.9917,0.7248,0.9535

1255.4190,0.2919,0.0447,0.0451,1.7129,1.7738,0.6013,0.1677,0.6727,0.6013,0.6625

1256.4190,0.9092,0.1065,0.1068,1.8981,1.6503,0.5396,0.2912,0.8270,0.5396,0.7859

1257.4190,0.1684,-0.0170,0.4155,1.7129,1.9590,0.6013,0.7851,0.8373,0.6013,0.8036

1258.4190,0.1684,-0.0788,0.5390,1.6512,1.9590,0.6630,0.5999,0.8065,0.6630,0.7860

1259.4190,0.1067,-0.0788,0.1068,1.6512,1.8355,0.3544,0.4147,0.6727,0.3544,0.6272

1260.4190,-0.0785,-0.2640,-0.0167,1.4043,1.9590,0.2309,0.4147,0.5698,0.2309,0.5214

1261.4190,0.0450,-0.0170,0.2920,1.5277,1.9590,0.2926,0.4764,0.7139,0.2926,0.6537

1262.4190,-0.2637,0.4769,0.1686,2.2068,1.5886,1.0335,0.2912,0.7447,1.0335,0.7860

1263.4190,-1.9920,0.6621,0.2303,1.9599,2.1443,0.4161,0.7851,0.6316,0.4161,0.6008

1264.4200,-0.0168,-0.2022,0.3538,2.4538,1.4651,0.1074,0.5381,0.7653,0.1074,0.6713

1265.4200,0.0450,-0.0788,0.4155,1.8364,1.7738,0.4778,0.1677,0.6933,0.4778,0.6625

1266.4200,-0.0168,-0.3874,-0.2636,1.7747,2.0208,0.6630,0.2912,0.5698,0.6630,0.5831

1267.4190,-0.2019,0.1065,-0.2636,1.6512,1.3416,0.5396,0.0442,0.4463,0.5396,0.4596

1268.4190,-0.0168,-0.1405,-0.0784,1.5277,1.7738,0.3544,0.2294,0.5492,0.3544,0.5214

1269.4200,-0.1402,-0.2022,-0.3254,1.8364,1.9590,0.6013,0.1677,0.5492,0.6013,0.5567

1270.4190,-0.3871,0.9090,0.2303,1.5895,2.3295,1.0335,0.4764,0.8579,1.0335,0.8830

1271.4190,0.1067,0.1682,-0.1401,1.8364,1.8355,0.5396,0.5381,0.7241,0.5396,0.6978

1272.4190,-0.0168,-0.2022,-0.1401,2.3303,1.8355,0.4161,0.1677,0.6624,0.4161,0.6272

1273.4190,-0.2019,0.0447,-0.0784,1.6512,1.6503,0.5396,0.3529,0.5698,0.5396,0.5655

1274.4190,0.1684,0.3534,-0.1401,1.7747,1.8973,0.9717,0.5381,0.7653,0.9717,0.7948

1275.4190,0.0450,0.0447,0.2303,1.4043,1.7738,0.7865,0.1060,0.6007,0.7865,0.6272

1276.4200,-0.2019,0.2917,-0.2636,1.7129,1.6503,0.6630,0.4764,0.6110,0.6630,0.6184

1277.4190,-0.0785,0.1065,0.1068,1.7747,1.8355,0.2309,0.7851,0.7550,0.2309,0.6801

1278.4200,-0.0785,0.0447,-0.0784,1.7747,1.7738,0.6013,0.3529,0.6315,0.6013,0.6272

1279.4190,-0.0168,-0.0170,-0.0784,1.5277,1.8973,0.6630,0.2294,0.5904,0.6630,0.6008

1280.4190,0.1684,-0.3257,0.6625,1.7747,1.5886,0.7865,0.2912,0.6933,0.7865,0.7066

1281.4190,0.0450,0.1065,1.3416,1.9599,1.8973,1.1569,0.5381,0.9814,1.1569,1.0065

1282.4190,0.1067,0.2299,1.8355,1.4043,1.8973,0.7865,-0.0175,0.9094,0.7865,0.8918

1283.4200,-0.1402,-0.0170,2.2060,1.5895,2.2060,0.4161,0.3529,1.0329,0.4161,0.9448

1284.4200,0.1067,-0.2640,1.5886,1.4660,2.3295,0.6013,0.4147,0.9402,0.6013,0.8918

1285.4190,-0.0785,0.2299,1.7738,1.7129,1.7121,0.7248,0.4147,0.9608,0.7248,0.9271

1286.4190,0.1684,0.0447,1.4034,1.7129,1.7738,0.4778,0.2294,0.8888,0.4778,0.8301

1287.4190,0.0450,0.2299,1.7738,2.0834,1.7121,0.7865,0.6616,1.0843,0.7865,1.0418

1288.4200,0.9709,-0.2640,2.2060,1.7747,1.6503,0.2926,0.2912,1.1048,0.2926,0.9888

1289.4190,-0.3254,-0.2022,1.7738,1.8364,1.7121,0.4161,0.9086,0.9505,0.4161,0.8742

1290.4190,0.4153,0.2299,2.0825,1.6512,1.6503,0.1074,0.5381,1.0946,0.1074,0.9536

1291.4200,0.3536,0.1065,1.8973,1.7129,1.6503,0.4161,0.3529,1.0123,0.4161,0.9271

1292.4190,-0.2019,-0.0170,1.5886,1.8364,1.5886,0.6013,0.3529,0.8579,0.6013,0.8213

1293.4200,-0.0168,-0.0170,2.5147,1.7129,1.7738,0.6013,0.4764,1.0740,0.6013,1.0065

1294.4190,-0.2637,-0.0170,1.9590,1.4660,1.5886,0.2926,0.2294,0.8271,0.2926,0.7507

1295.4190,-0.0785,-0.2022,1.3416,1.9599,1.6503,0.7248,0.2294,0.8168,0.7248,0.8036

1296.4190,-0.1402,-0.1405,1.4651,1.6512,1.8973,0.4778,0.2294,0.8271,0.4778,0.7772

1297.4190,-0.3254,-0.3874,1.2799,1.6512,1.5886,1.6508,0.5999,0.7345,1.6508,0.8654

1298.4190,0.4153,-0.0788,1.8973,1.9599,1.8973,0.2926,0.6616,1.1254,0.2926,1.0065

1299.4200,-0.0168,0.0447,1.8973,1.8364,2.0208,0.4161,0.7851,1.0946,0.4161,0.9977

1300.4200,0.2302,-0.2640,0.9094,1.5895,1.7738,0.4161,0.3529,0.7653,0.4161,0.7154

1301.4190,-0.5723,-0.2022,1.5268,1.7129,2.8852,0.7248,0.4147,0.9608,0.7248,0.9271

1302.4190,0.4771,0.1065,1.2799,1.5895,1.6503,0.2926,0.2912,0.8991,0.2926,0.8124

1303.4190,-0.0168,0.2917,0.8477,2.0216,1.7738,0.9100,0.2912,0.8682,0.9100,0.8742

1304.4190,0.1067,0.0447,1.1564,1.7747,1.3416,0.6013,-0.0175,0.7344,0.6013,0.7154

1305.4190,-0.0785,-0.3874,0.6007,1.4660,1.8355,0.1692,0.4147,0.6418,0.1692,0.5743

1306.4200,-0.0785,-0.1405,0.2920,2.4538,1.8973,0.1692,0.3529,0.7962,0.1692,0.7066

1307.4190,-0.1402,0.6621,0.9094,2.2686,1.7738,0.8483,0.9703,1.0740,0.8483,1.0417

1308.4200,0.0450,0.7238,0.6625,2.3303,1.7738,1.3421,0.4147,0.9917,1.3421,1.0417

1309.4190,-0.1402,-0.0788,0.4773,1.5277,1.9590,0.1692,0.2912,0.6727,0.1692,0.6008

1310.4190,-0.3871,-0.3874,0.1068,1.5895,1.5268,0.3544,0.3529,0.4669,0.3544,0.4508

1311.4200,0.1684,0.1682,0.0451,1.7747,1.0946,0.6630,0.6616,0.6521,0.6630,0.6537

1312.4190,-0.0785,0.3534,0.1068,1.8981,1.7738,0.6630,0.2294,0.7139,0.6630,0.7066

1313.4190,-0.1402,-0.3257,-0.0784,1.2191,1.4651,0.2926,0.1060,0.3743,0.2926,0.3626

1314.4190,0.0450,0.1065,0.1686,1.8364,1.6503,0.7865,0.2294,0.6727,0.7865,0.6890

1315.4190,0.2919,0.4769,-0.0167,2.0216,1.4651,0.7248,0.2294,0.7447,0.7248,0.7419

1316.4190,-0.2019,-0.2022,0.5390,1.8364,1.4651,0.3544,0.4147,0.6418,0.3544,0.6008

1317.4190,0.0450,0.1682,0.1686,1.4660,1.5886,0.0457,0.1677,0.6007,0.0457,0.5214

1318.4190,0.2919,-0.0788,-0.0167,1.5895,1.9590,0.5396,0.3529,0.6830,0.5396,0.6625

1319.4190,0.0450,0.7856,0.2303,1.7747,1.7738,0.4161,0.5381,0.8579,0.4161,0.7948

1320.4200,-0.0168,0.3534,0.5390,1.8364,2.0208,0.5396,0.7851,0.9197,0.5396,0.8654

1321.4190,-0.0785,0.2917,0.7242,1.7129,1.0946,0.5396,0.5381,0.7139,0.5396,0.6890

1322.4190,-0.2019,0.1682,-0.1401,2.0834,1.6503,0.4778,0.9703,0.7550,0.4778,0.7154

1323.4190,0.2919,0.1682,-0.0784,1.7747,1.5886,0.7248,0.5381,0.7138,0.7248,0.7154

1324.4190,-0.0168,-0.2640,0.5390,1.4043,1.7121,0.6013,0.6616,0.6727,0.6013,0.6625

1325.4190,-0.5723,0.1682,0.2920,1.4043,1.5268,0.7248,0.5381,0.5595,0.7248,0.5831

1326.4190,-0.0168,-0.0170,-0.4489,1.4043,1.9590,0.7248,0.7234,0.6007,0.7248,0.6184

1327.4190,-0.5106,-0.0788,0.1686,1.3425,1.6503,0.7248,0.1060,0.4463,0.7248,0.4861

1328.4190,-0.2019,-0.0788,-0.2019,1.7129,0.1685,0.8483,-0.2645,0.1891,0.8483,0.2832

1329.4200,0.1067,-0.3257,-0.0784,1.8364,1.6503,0.7248,0.4147,0.6007,0.7248,0.6184

1330.4190,-0.5106,-0.2022,0.2303,1.6512,1.2181,0.7248,0.5999,0.4978,0.7248,0.5302

1331.4190,-0.1402,0.2917,0.1068,1.5277,2.0825,1.2187,0.4764,0.7242,1.2187,0.7948

1332.4190,-0.3254,0.2917,0.1686,1.8981,1.6503,0.7865,0.4147,0.6830,0.7865,0.6978

1333.4190,0.4153,-0.0170,-0.2019,1.8981,1.7738,0.4161,0.2294,0.6830,0.4161,0.6448

1334.4190,-0.2637,-0.0170,-0.0167,1.6512,1.7121,0.9100,0.2294,0.5492,0.9100,0.6008

1335.4190,0.0450,-0.2640,-0.3871,1.7747,1.9590,0.1074,0.4764,0.6007,0.1074,0.5302

1336.4190,0.1067,0.0447,-0.2019,1.7747,1.6503,0.8483,0.2294,0.6007,0.8483,0.6360

1337.4190,0.1684,0.2299,-0.2019,1.8981,2.2677,0.4778,0.2912,0.7756,0.4778,0.7331

1338.4190,0.6005,-0.0170,0.1686,1.8981,1.6503,1.0952,0.2294,0.7550,1.0952,0.8036

1339.4190,-0.0785,1.0942,0.2303,2.1451,1.8973,0.8483,0.6616,0.9917,0.8483,0.9712

1340.4190,-0.0785,-0.3257,-0.4489,1.7129,1.5886,1.0335,0.4147,0.4772,1.0335,0.5567

1341.4190,0.2919,-0.2640,-0.1401,1.6512,1.4651,0.4778,-0.0793,0.4875,0.4778,0.4861

1342.4190,-0.0785,0.4151,0.0451,2.0834,2.1443,0.6630,0.2294,0.8065,0.6630,0.7860

1343.4200,-0.0168,0.1682,-0.3254,2.0216,1.8973,0.8483,0.2912,0.6727,0.8483,0.6978

1344.4190,-0.0785,0.6621,-0.0784,2.4538,1.7738,0.4778,0.4764,0.8682,0.4778,0.8124

1345.4190,-0.2019,0.2299,-0.3254,1.8364,1.8355,0.7248,0.4764,0.6418,0.7248,0.6537

1346.4190,0.9092,0.0447,0.2303,1.7747,1.8355,0.7865,0.1060,0.8167,0.7865,0.8124

1347.4190,-0.0785,0.6621,-0.0167,2.2686,1.9590,1.0952,0.8468,0.9402,1.0952,0.9624

1348.4190,0.4771,0.0447,0.2303,2.0216,1.8973,0.9100,0.2294,0.8167,0.9100,0.8301

1349.4190,0.2302,0.0447,0.4155,1.5895,2.0208,0.7865,0.3529,0.7756,0.7865,0.7772

1350.4190,-0.1402,0.4151,-0.2636,2.1451,1.8355,0.7248,0.1060,0.6830,0.7248,0.6890

1351.4200,0.2919,-0.0170,-0.0784,1.7747,1.7738,0.6630,0.4764,0.7036,0.6630,0.6978

1352.4190,-0.1402,0.6621,-0.0167,2.2068,1.8973,0.5396,0.7234,0.8888,0.5396,0.8389

1353.4200,0.1684,-0.0788,-0.2636,1.7129,1.8973,0.4778,0.6616,0.6830,0.4778,0.6537

1354.4190,-0.2637,-0.0788,-0.1401,1.2191,1.6503,0.4778,0.6616,0.5081,0.4778,0.5038

1355.4190,0.0450,0.0447,-0.2636,1.8364,1.5268,0.6013,0.2294,0.5698,0.6013,0.5743

1356.4190,1.2178,0.5386,-0.5723,1.6512,1.8355,0.2926,0.0442,0.7858,0.2926,0.7154

1357.4190,-0.2637,0.1682,-0.3871,1.5895,1.7738,0.4161,0.5381,0.5698,0.4161,0.5478

1358.4190,-0.2019,0.1065,-0.0167,1.5277,1.6503,0.5396,0.2294,0.5492,0.5396,0.5478

1359.4190,-0.2019,-0.0170,-0.5106,2.3303,1.5268,0.7248,0.0442,0.5286,0.7248,0.5567

1360.4190,-0.1402,-0.1405,-0.3871,1.7129,1.7738,0.9100,0.7234,0.5904,0.9100,0.6360

1361.4190,-0.0168,-0.1405,-0.5723,1.6512,1.7121,0.5396,0.6616,0.5492,0.5396,0.5478

1362.4190,0.0450,-0.1405,-0.2019,1.6512,1.8355,0.3544,0.5381,0.6212,0.3544,0.5831

1363.4190,0.1684,0.0447,-0.3254,1.7747,1.8355,0.7865,0.4147,0.6521,0.7865,0.6713

1364.4190,-0.1402,0.4151,-0.2019,2.1451,1.6503,1.2187,0.4764,0.7241,1.2187,0.7948

1365.4200,-0.0785,-0.3257,-0.0784,1.8981,1.8973,0.2309,0.4764,0.6315,0.2309,0.5743

1366.4190,-0.3254,0.4151,-0.1401,1.5277,1.7738,0.4778,0.6616,0.6521,0.4778,0.6272

1367.4190,-0.0168,-0.0788,-0.2019,1.5895,1.8973,0.5396,0.5999,0.6315,0.5396,0.6184

1368.4190,-0.3254,0.1065,-0.6958,1.5895,1.5886,0.4778,0.4147,0.4463,0.4778,0.4508

1369.4190,0.0450,-0.1405,-0.4489,2.0216,1.7738,0.4161,0.2294,0.5801,0.4161,0.5567

1370.4200,-0.0168,0.8473,0.0451,1.7747,1.6503,1.0335,0.3529,0.7756,1.0335,0.8124

1371.4190,0.1067,0.3534,-0.2019,1.7747,1.8355,0.8483,1.3408,0.8682,0.8483,0.8654

1372.4190,0.2302,0.4769,0.2303,1.5277,1.7121,0.7865,0.5381,0.7859,0.7865,0.7860

1373.4200,-0.0785,-0.5109,-0.5106,1.6512,1.6503,0.3544,0.3529,0.4257,0.3544,0.4155

1374.4200,0.4771,0.2917,-0.3871,1.9599,1.5268,0.6013,0.5381,0.7344,0.6013,0.7154

1375.4200,0.2302,0.0447,0.5390,1.7129,1.8355,0.1074,0.4147,0.7962,0.1074,0.6978

1376.4190,0.5388,0.1682,-0.2636,1.7747,1.8973,0.6630,0.3529,0.7447,0.6630,0.7330

1377.4190,0.1067,0.1065,-0.3254,1.7129,1.6503,0.7865,0.4764,0.6212,0.7865,0.6449

1378.4190,0.2919,-0.0170,-0.4489,1.7129,1.9590,0.6630,0.2912,0.6315,0.6630,0.6360

1379.4200,-0.0168,0.7856,0.5390,1.2808,2.2060,0.6013,0.8468,0.9402,0.6013,0.8918

1380.4190,0.0450,-0.3257,-0.3254,1.7747,1.5886,0.5396,-0.0175,0.4566,0.5396,0.4685

1381.4190,0.1684,-0.3874,-0.3871,1.7129,1.6503,0.7248,0.2912,0.5081,0.7248,0.5390

1382.4190,0.0450,0.4151,-0.2636,2.2068,1.8973,0.5396,0.5999,0.8167,0.5396,0.7771

1383.4190,0.1067,0.0447,-0.3254,1.6512,1.7121,0.6630,0.5381,0.6212,0.6630,0.6272

1384.4190,-0.0785,-0.2022,-0.3871,1.4660,1.7738,0.6013,0.2912,0.4772,0.6013,0.4949

1385.4190,-0.0785,0.0447,-0.6958,1.7129,1.7738,0.9100,0.3529,0.5183,0.9100,0.5743

1386.4200,-0.2019,0.0447,-0.3254,1.8364,1.7121,0.6013,0.6616,0.6212,0.6013,0.6184

1387.4190,0.1067,-0.0788,0.1686,1.5277,1.8973,0.6013,0.3529,0.6624,0.6013,0.6537

1388.4190,-0.0785,0.6003,-0.2636,2.1451,1.9590,0.4161,0.7234,0.8476,0.4161,0.7860

1389.4190,0.1684,-0.0788,0.4155,1.8364,1.7121,0.5396,0.4147,0.7447,0.5396,0.7154

1390.4190,0.6005,0.1682,-0.0784,1.7129,1.6503,0.2926,0.4147,0.7447,0.2926,0.6801

1391.4190,0.2919,0.1065,-0.1401,1.8981,2.4530,0.6013,1.0321,0.9402,0.6013,0.8918

1392.4190,0.3536,-0.2022,-0.0167,1.7747,1.7121,0.5396,0.3529,0.6624,0.5396,0.6448

1393.4190,-0.3871,0.1682,-0.2019,1.9599,1.7738,1.0952,0.4147,0.6213,1.0952,0.6890

1394.4190,-0.1402,0.1065,-0.0784,2.0834,1.5268,1.2804,1.0321,0.7550,1.2804,0.8301

1395.4190,0.3536,-0.1405,0.3538,1.5895,1.8355,0.7248,0.4147,0.7344,0.7248,0.7331

1396.4190,0.1684,-0.0788,-0.5106,1.4660,1.5886,0.6013,0.2912,0.4875,0.6013,0.5037

1397.4200,0.0450,0.1065,-0.3254,1.8981,1.7121,0.9100,0.3529,0.6315,0.9100,0.6713

1398.4190,0.0450,0.4151,-0.3871,0.9104,1.5268,0.8483,0.3529,0.4772,0.8483,0.5302

1399.4190,0.1684,0.1065,0.3538,1.5895,2.0825,0.4778,1.2173,0.9197,0.4778,0.8565

1400.4190,0.0450,0.4151,-0.2636,2.1451,1.7121,0.9100,0.6616,0.7859,0.9100,0.8036

1401.4190,-0.1402,-0.0788,0.4155,1.5277,2.1443,1.2187,1.0938,0.8271,1.2187,0.8830

1402.4190,0.2302,-0.0788,-0.2019,1.8364,1.8355,0.9100,0.3529,0.6624,0.9100,0.6978

1403.4190,1.2795,0.4769,-0.8193,1.8981,1.3416,0.6630,0.0442,0.7035,0.6630,0.6977

1404.4190,-0.5106,-0.4492,-0.1401,1.4660,1.4651,0.6013,0.2912,0.3537,0.6013,0.3891

1405.4190,-1.4982,-0.5726,0.2920,1.5895,1.7121,0.6013,0.1677,0.2817,0.6013,0.3274

1406.4190,0.0450,0.0447,-0.3254,1.7747,1.3416,0.6630,0.0442,0.4875,0.6630,0.5126

1407.4190,-0.2019,-0.2022,-0.1401,1.5895,1.5886,0.5396,0.6616,0.5492,0.5396,0.5478

1408.4190,0.0450,0.2299,-0.2636,1.8364,1.5886,0.6013,0.5381,0.6624,0.6013,0.6537

1409.4200,-0.2019,-0.0788,0.1686,1.8981,1.8355,0.2926,0.5381,0.6933,0.2926,0.6360

1410.4190,0.0450,-0.3257,-0.2019,1.4043,1.1564,0.4161,0.3529,0.4052,0.4161,0.4067

1411.4200,0.0450,1.1560,0.2303,1.7129,1.8355,0.6013,0.5381,0.9196,0.6013,0.8742

1412.4190,0.3536,0.1065,0.2920,1.8364,1.9590,0.7248,0.6616,0.8682,0.7248,0.8477

1413.4190,0.0450,0.9090,0.1686,2.9476,1.8973,1.7743,0.5999,1.0946,1.7743,1.1917

1414.4190,-0.3254,0.0447,-0.1401,1.7747,1.5268,0.7248,0.3529,0.5389,0.7248,0.5655

1415.4190,0.1067,-0.0788,-0.1401,1.7747,1.5886,0.6013,0.2912,0.5904,0.6013,0.5919

1416.4200,0.2919,0.2299,-0.4489,1.7747,1.8355,0.6013,0.1677,0.6418,0.6013,0.6360

1417.4190,0.2302,-0.0170,-0.0784,1.8981,1.5268,0.7865,1.2173,0.7962,0.7865,0.7948

1418.4190,0.0450,-0.0788,-0.6958,1.3425,2.2677,0.6630,0.1677,0.5081,0.6630,0.5302

1419.4190,0.1684,-0.0170,0.1686,1.7129,2.0208,0.5396,0.5999,0.7756,0.5396,0.7419

1420.4210,-0.0785,0.6621,-0.0167,2.2686,1.8355,0.9100,0.7851,0.9094,0.9100,0.9094

1421.4190,0.1684,-0.2640,-0.3254,1.8981,1.9590,0.3544,0.3529,0.6315,0.3544,0.5919

1422.4190,0.2302,-0.0788,-0.0784,1.7747,1.9590,0.6013,0.1677,0.6624,0.6013,0.6537

1423.4190,0.3536,-0.1405,0.2920,2.0216,1.6503,0.3544,0.3529,0.7550,0.3544,0.6978

1424.4190,-0.3254,0.1065,0.4155,1.2808,1.7121,0.7865,-0.0793,0.5184,0.7865,0.5567

1425.4190,-0.2637,0.2299,0.4155,1.3425,2.0208,0.7248,0.1677,0.6521,0.7248,0.6625

1426.4190,-0.0168,-0.3874,-0.0167,2.0216,1.8355,0.3544,0.3529,0.6315,0.3544,0.5919

1427.4190,-0.0785,0.8473,-0.2636,1.7129,1.7121,0.5396,0.2912,0.7036,0.5396,0.6801

1428.4200,-0.0785,1.4029,-0.0784,1.9599,1.8973,0.6013,0.2294,0.8888,0.6013,0.8477

1429.4190,1.5882,0.0447,-0.2019,1.6512,1.7121,0.4778,0.4147,0.8682,0.4778,0.8124

1430.4190,0.1684,-0.4492,0.1068,1.9599,1.6503,0.7248,0.5381,0.6624,0.7248,0.6713

1431.4190,0.1684,0.6003,-0.2019,1.7747,1.8355,0.6630,0.1060,0.7138,0.6630,0.7066

1432.4190,0.2302,-0.2640,0.1068,1.8364,2.2060,0.7248,0.2912,0.7344,0.7248,0.7331

1433.4190,-0.5106,0.1682,-0.3254,1.5277,1.8355,0.2926,0.2294,0.4875,0.2926,0.4597

1434.4190,0.1067,-0.4492,0.0451,1.9599,1.7121,0.9100,0.3529,0.6212,0.9100,0.6625

1435.4190,-0.0785,0.0447,0.4155,1.5277,2.2677,0.5396,0.9703,0.8579,0.5396,0.8124

1436.4190,0.1684,-0.5726,0.4773,1.6512,2.0208,0.4778,0.5999,0.7241,0.4778,0.6890

1437.4200,-0.0785,0.7238,0.1686,2.3920,1.7738,0.6630,0.6616,0.9402,0.6630,0.9006

1438.4190,0.2919,-0.0788,-0.4489,1.7129,1.4033,0.6013,0.3529,0.5389,0.6013,0.5478

1439.4190,0.0450,-0.5109,0.1068,1.7747,2.1443,0.4778,0.8468,0.7344,0.4778,0.6978

1440.4190,-0.2019,0.1065,-0.0167,2.6390,1.9590,0.5396,0.3529,0.8065,0.5396,0.7683

1441.4200,0.2919,-0.2022,0.2303,1.7747,2.0825,0.4778,0.7234,0.8168,0.4778,0.7683

1442.4190,0.7240,-0.2022,0.1068,1.9599,1.4651,0.1692,-0.0793,0.6624,0.1692,0.5919

1443.4190,0.1684,0.0447,0.2303,1.8364,1.4033,0.6630,0.1677,0.6418,0.6630,0.6448

1444.4200,0.1684,-0.1405,-0.2636,1.7747,1.4651,0.5396,0.0442,0.5080,0.5396,0.5126

1445.4190,-0.1402,0.1065,-0.1401,1.7129,1.5268,0.2926,0.2294,0.5492,0.2926,0.5126

1446.4190,0.6622,0.1682,-0.0784,2.0834,1.4033,0.7865,0.4147,0.7756,0.7865,0.7771

1447.4190,-0.0168,-0.0170,-0.1401,1.5895,1.7738,0.5396,0.2294,0.5698,0.5396,0.5655

1448.4200,0.4771,-0.0170,0.2303,1.7747,2.0825,0.4778,0.5381,0.8476,0.4778,0.7948

1449.4190,0.0450,0.2917,-0.0784,2.0216,1.5886,0.9100,0.4764,0.7241,0.9100,0.7507

1450.4190,-0.1402,-0.4492,0.4773,1.7129,2.2677,0.5396,0.9703,0.8065,0.5396,0.7684

1451.4190,-0.2019,0.1682,-0.1401,1.8364,1.5268,1.0335,0.4147,0.6007,1.0335,0.6625

1452.4200,1.9585,0.6621,-0.6958,1.8364,1.7738,0.6630,0.3529,0.9813,0.6630,0.9359

1453.4200,-0.0168,0.0447,-0.0784,1.5895,1.7738,0.3544,0.2912,0.6007,0.3544,0.5655

1454.4190,0.1684,-0.0170,0.4773,1.7129,1.8355,0.5396,0.4764,0.7756,0.5396,0.7419

1455.4190,-0.1402,0.2299,-0.0167,1.8981,1.6503,0.7865,0.3529,0.6624,0.7865,0.6801

1456.4200,-0.3254,0.0447,-0.2019,1.7747,1.1564,0.6013,0.2294,0.4463,0.6013,0.4685

1457.4200,0.1684,-0.2022,0.2920,1.5277,1.9590,0.4161,0.5999,0.7241,0.4161,0.6801

1458.4190,0.1067,0.0447,0.1686,1.8364,1.5268,0.6013,-0.0793,0.6007,0.6013,0.6008

1459.4190,0.1684,0.1065,0.2303,1.8364,1.9590,0.5396,0.7851,0.8476,0.5396,0.8036

1460.4190,-0.4489,0.0447,0.0451,1.6512,1.3416,0.6013,0.2294,0.4772,0.6013,0.4949

1461.4190,0.2919,0.1065,-0.0784,1.9599,1.5886,0.4778,0.4764,0.7241,0.4778,0.6889

1462.4190,0.0450,-0.1405,0.0451,1.6512,1.2799,0.6630,0.0442,0.4875,0.6630,0.5126

1463.4200,-0.2019,0.0447,-0.2019,2.8242,1.9590,0.6013,0.3529,0.7962,0.6013,0.7683

1464.4190,0.5388,-0.2022,0.4773,1.4660,2.0825,0.5396,0.5999,0.8270,0.5396,0.7860

1465.4200,0.4771,-1.3752,-0.0167,1.5895,2.0208,0.8483,0.4147,0.5183,0.8483,0.5655

1466.4200,0.0450,0.6003,0.5390,1.6512,1.7738,0.6013,0.0442,0.7756,0.6013,0.7507

1467.4190,1.2178,0.1065,-0.2019,2.1451,1.9590,0.4778,0.0442,0.8784,0.4778,0.8212

1468.4190,-0.2019,0.2917,0.2303,1.8981,1.2181,0.6013,0.3529,0.6315,0.6013,0.6272

1469.4190,0.3536,-0.0788,-0.0784,1.7129,1.5886,0.4778,0.5381,0.6727,0.4778,0.6448

1470.4190,-0.2019,-0.5726,0.1068,1.9599,1.4033,0.1074,0.3529,0.5081,0.1074,0.4508

1471.4190,-0.2637,0.3534,0.2920,1.8364,1.4033,0.7865,0.4764,0.6830,0.7865,0.6978

1472.4190,-0.3254,0.6621,0.0451,1.5895,2.2060,1.0952,0.2912,0.7447,1.0952,0.7948

1473.4190,0.1684,0.2299,-0.6958,1.8364,1.3416,0.6013,0.0442,0.4875,0.6013,0.5037

1474.4190,0.1067,0.2917,-0.2019,1.4043,1.6503,0.7248,0.9703,0.7036,0.7248,0.7066

1475.4200,1.6499,1.2177,-0.3871,1.5895,1.6503,0.7865,0.1677,0.9813,0.7865,0.9535

1476.4190,0.3536,0.2917,0.4773,1.4043,1.7738,0.5396,0.7851,0.8476,0.5396,0.8036

1477.4190,0.7240,0.1065,-0.2636,1.8364,2.1443,0.6630,0.2912,0.8064,0.6630,0.7860

1478.4190,0.1067,0.1065,0.6625,1.8364,1.1564,-0.7569,1.2173,0.8476,-0.7569,0.6184

1479.4190,-0.3871,0.0447,0.0451,1.7747,1.5886,0.7248,0.2294,0.5492,0.7248,0.5743

1480.4190,1.0943,-0.7579,-0.0784,1.6512,1.7121,0.6630,0.1060,0.6212,0.6630,0.6272

1481.4190,0.3536,-0.2640,-0.1401,1.5895,1.8973,0.3544,0.4147,0.6418,0.3544,0.6008

1482.4190,-0.0785,-0.0170,0.6625,1.6512,1.7121,1.3421,0.5381,0.7447,1.3421,0.8301

1483.4190,0.0450,0.0447,-0.1401,1.7747,1.5268,0.4778,0.1060,0.5595,0.4778,0.5478

1484.4190,-0.3871,-0.0170,-0.1401,1.6512,1.4033,0.5396,0.0442,0.4257,0.5396,0.4420

1485.4190,-0.2637,0.1682,0.4155,1.2191,1.8355,0.7248,0.0442,0.5698,0.7248,0.5919

1486.4190,0.6622,0.5386,-0.5106,1.7747,1.8355,0.6630,0.6616,0.8270,0.6630,0.8036

1487.4190,0.2919,0.1682,-1.6219,1.1573,2.2677,0.4161,0.2294,0.4154,0.4161,0.4155

1488.4190,0.1067,-0.2022,-0.3254,1.8364,1.6503,0.2309,0.0442,0.5183,0.2309,0.4773

1489.4190,0.1067,-0.3874,-0.4489,1.4043,1.8973,0.6013,0.7851,0.5595,0.6013,0.5655

1490.4190,0.1684,-0.0788,0.2920,1.7129,2.3295,0.7865,0.2912,0.7859,0.7865,0.7860

1491.4190,0.2302,0.1065,2.2060,2.2686,1.2799,0.2309,0.2912,1.0637,0.2309,0.9447

1492.4190,-0.0785,-0.0170,0.3538,1.4660,1.7121,0.6630,0.2294,0.6110,0.6630,0.6184

1493.4200,0.2919,0.1682,-0.5106,1.7747,1.6503,0.3544,0.4147,0.6315,0.3544,0.5919

1494.4190,0.1067,-0.1405,-1.0663,1.9599,1.9590,0.5396,-0.0175,0.4669,0.5396,0.4773

1495.4190,0.1067,-0.2640,-0.3254,1.7747,1.8973,0.6013,0.9703,0.6933,0.6013,0.6801

1496.4200,-0.0168,-0.2022,0.0451,1.8981,1.6503,0.5396,0.5999,0.6624,0.5396,0.6449

1497.4190,0.2302,0.0447,0.6007,1.7129,2.0825,0.6630,0.3529,0.8373,0.6630,0.8124

1498.4190,0.2302,-0.2022,-0.0167,1.7129,1.9590,0.5396,0.2912,0.6624,0.5396,0.6449

1499.4190,0.1684,-0.0788,-0.3871,1.0339,1.8973,0.6013,0.1677,0.4669,0.6013,0.4861

1500.4190,-0.0168,0.1065,-0.2636,1.8364,1.5268,0.6013,-0.5732,0.4360,0.6013,0.4596

1501.4200,0.0450,0.1682,-0.0784,1.7747,1.4651,0.6630,0.4764,0.6418,0.6630,0.6449

1502.4190,0.2302,-0.4492,-0.3254,1.3425,1.7738,0.3544,0.5381,0.5183,0.3544,0.4949

1503.4200,0.1684,0.0447,0.2920,1.4043,1.5886,0.7248,-0.4497,0.5081,0.7248,0.5390

1504.4190,-0.1402,-0.0170,-0.6958,1.8981,1.7121,0.6013,0.1677,0.4875,0.6013,0.5037

1505.4190,-0.0785,0.3534,-0.2636,1.8981,1.7121,1.0335,0.3529,0.6624,1.0335,0.7154

1506.4190,0.0450,-0.0788,-0.0784,1.7129,1.5886,0.9100,0.4764,0.6110,0.9100,0.6537

1507.4210,-0.3871,0.1065,0.1686,1.6512,2.2060,0.6630,0.6616,0.7345,0.6630,0.7243

1508.4190,-0.0785,-0.2022,-0.3254,1.4043,1.8355,0.3544,0.4764,0.5184,0.3544,0.4949

1509.4190,-0.3254,-0.2640,0.4773,1.7747,1.8973,0.6013,0.4764,0.6727,0.6013,0.6625

1510.4200,0.1067,0.2917,-0.5723,2.0834,1.7738,0.5396,0.4147,0.6830,0.5396,0.6625

1511.4190,0.0450,-0.3874,-0.0784,1.4660,2.3912,0.7248,0.5999,0.6727,0.7248,0.6801

1512.4200,-0.3254,-0.0170,-0.2019,2.2068,1.7121,0.4778,0.4764,0.6418,0.4778,0.6184

1513.4190,0.2302,0.0447,-0.2019,1.8981,1.7738,1.5891,0.5999,0.7241,1.5891,0.8477

1514.4190,-0.0785,0.1682,-0.2019,1.7129,1.5886,0.6013,0.2912,0.5801,0.6013,0.5831

1515.4190,0.2919,0.0447,0.0451,1.4660,1.5886,0.5396,0.4764,0.6521,0.5396,0.6360

1516.4200,0.0450,0.1065,-0.2636,2.2068,1.7121,0.4161,0.7851,0.7653,0.4161,0.7154

1517.4190,0.7857,-0.0170,-0.0784,1.6512,1.8355,0.3544,0.8468,0.8373,0.3544,0.7683

1518.4190,0.0450,0.1065,0.0451,1.7129,1.9590,0.5396,-0.8202,0.5081,0.5396,0.5126

1519.4190,-0.2637,0.1682,0.1686,1.6512,1.9590,0.5396,0.7234,0.7344,0.5396,0.7066

1520.4190,0.6005,-0.2022,-0.3254,1.5277,1.7121,0.5396,0.4147,0.6212,0.5396,0.6096

1521.4190,-0.2019,0.1065,-0.1401,1.5895,1.9590,0.6013,0.2912,0.6007,0.6013,0.6008

1522.4190,0.3536,-0.1405,-0.0784,1.5277,1.8355,0.5396,0.8468,0.7241,0.5396,0.6978

1523.4190,-0.0168,0.2917,-0.0784,1.7129,1.3416,1.7126,1.0321,0.7139,1.7126,0.8565

1524.4190,-0.0168,0.2917,-0.3254,1.9599,1.7121,0.6013,0.4147,0.6727,0.6013,0.6625

1525.4190,0.0450,-0.2022,-0.2019,1.9599,1.6503,0.9717,0.4764,0.6212,0.9717,0.6713

1526.4190,-0.2637,-0.3257,-0.4489,1.8364,1.7121,0.6013,0.4764,0.4978,0.6013,0.5126

1527.4190,-0.0785,0.1682,-0.0167,1.4660,1.7121,0.7248,0.2294,0.5801,0.7248,0.6008

1528.4190,0.1067,-0.3257,-0.1401,1.5277,1.7738,0.5396,0.7234,0.6110,0.5396,0.6008

1529.4190,-0.0785,0.0447,-0.0784,1.8981,1.5886,0.5396,0.5999,0.6624,0.5396,0.6449

1530.4190,0.7857,-0.2022,0.1686,1.8981,1.6503,0.5396,0.3529,0.7756,0.5396,0.7419

1531.4190,0.1684,-0.0788,-0.1401,1.8364,1.7121,0.9100,0.3529,0.6418,0.9100,0.6801

1532.4190,0.1684,0.0447,-0.0167,1.8364,1.5886,0.5396,0.2912,0.6521,0.5396,0.6360

1533.4190,0.2302,-0.0170,0.0451,1.8981,1.5886,0.8483,0.5381,0.7138,0.8483,0.7330

1534.4190,-0.4489,0.1065,-0.6958,1.7747,1.2181,0.7248,0.0442,0.3331,0.7248,0.3891

1535.4190,0.1067,-0.0788,-0.5723,1.9599,1.9590,0.3544,0.2294,0.6007,0.3544,0.5655

1536.4190,0.7857,0.1065,0.8477,1.8981,1.7738,0.7248,0.7851,1.0328,0.7248,0.9888

1537.4190,0.0450,0.2917,-0.0784,1.3425,2.0208,0.7248,0.3529,0.6624,0.7248,0.6713

1538.4190,1.4030,0.3534,0.3538,1.7747,1.6503,0.6630,0.5999,1.0225,0.6630,0.9712

1539.4200,-0.0785,0.2917,-0.3254,1.7747,1.5886,0.4161,0.3529,0.6007,0.4161,0.5743

1540.4190,-0.0785,-0.0788,0.0451,1.5277,1.7121,0.5396,0.9086,0.6727,0.5396,0.6537

1541.4190,0.1067,-0.0788,0.8477,1.8364,1.7738,0.5396,0.4147,0.8168,0.5396,0.7772

1542.4190,-0.0785,0.5386,-0.0167,1.9599,1.8355,0.9717,0.4764,0.7859,0.9717,0.8124

1543.4200,0.0450,-0.1405,-0.2019,1.7129,1.7121,0.4161,0.4147,0.5904,0.4161,0.5655

1544.4190,0.1067,0.1065,0.1068,1.7747,1.8355,0.6630,0.7234,0.7756,0.6630,0.7595

1545.4190,0.2302,-0.0788,0.1068,1.8364,1.7738,0.6013,0.4147,0.7138,0.6013,0.6978

1546.4190,-0.1402,0.7856,-0.0167,1.7129,1.8355,0.6630,0.2912,0.7447,0.6630,0.7331

1547.4200,-0.0168,0.1065,-0.3254,2.0834,1.5886,0.8483,0.3529,0.6315,0.8483,0.6625

1548.4190,0.2302,-0.0788,-0.0167,1.7129,1.8973,0.3544,0.6616,0.7344,0.3544,0.6801

1549.4200,-0.2019,-0.0170,-0.4489,1.5895,1.5886,0.6013,0.2294,0.4566,0.6013,0.4773

1550.4190,0.1684,-0.0170,-0.0167,1.6512,1.9590,0.5396,0.5999,0.7241,0.5396,0.6978

1551.4190,-0.0785,-0.2640,0.1686,1.2808,1.8355,0.5396,0.4764,0.5698,0.5396,0.5655

1552.4190,0.1067,0.4151,-0.2019,1.9599,1.6503,0.8483,0.4147,0.7241,0.8483,0.7419

1553.4190,-0.1402,-0.0788,-0.4489,1.7129,0.9094,0.2309,0.2294,0.3640,0.2309,0.3450

1554.4190,0.1067,-0.1405,-0.2636,1.5895,1.5886,2.2064,0.2294,0.5183,2.2064,0.7595

1555.4190,-0.6958,-0.3257,-0.3254,1.5277,1.8973,3.8733,0.4764,0.4258,3.8733,0.9183

1556.4190,-0.2019,-0.0170,-0.0784,1.6512,1.7738,5.3550,0.2294,0.5595,5.3550,1.2446

1557.4190,-0.0168,0.2917,-0.3254,2.0216,1.7121,6.4045,0.4147,0.6830,6.4045,1.5003

1558.4200,0.0450,-0.2640,-0.0167,1.9599,1.8355,5.9723,0.5381,0.6830,5.9723,1.4386

1559.4200,0.1067,0.1682,0.0451,1.7129,1.5886,6.1575,0.4147,0.6727,6.1575,1.4562

1560.4200,0.0450,0.2917,0.2303,1.8364,1.6503,6.2193,0.5381,0.7653,6.2193,1.5444

1561.4190,-0.3871,-0.0170,-0.1401,1.6512,1.7121,5.7871,-1.1289,0.2817,5.7871,1.0682

1562.4190,0.9092,-0.0170,0.8477,1.8981,2.0208,5.6636,0.4147,1.0122,5.6636,1.6767

1563.4190,0.0450,0.1065,0.0451,1.7129,1.7738,5.3550,0.5381,0.7036,5.3550,1.3680

1564.4190,0.2302,-0.0170,-0.3254,1.6512,1.8355,5.3550,0.2912,0.6109,5.3550,1.2887

1565.4190,-0.2019,-0.1405,-0.1401,1.6512,2.2677,4.4289,0.4147,0.6418,4.4289,1.1829

1566.4190,0.1067,0.1065,-0.5723,1.8364,1.8973,4.0585,0.2912,0.6109,4.0585,1.1035

1567.4200,0.3536,-0.0788,0.6625,1.8981,1.8355,3.7498,0.4147,0.8476,3.7498,1.2622

1568.4190,-0.0785,0.1065,0.1068,1.4043,1.8355,4.1820,0.1677,0.5904,4.1820,1.1035

1569.4190,0.1067,0.0447,-0.0167,1.4660,1.5886,4.1820,0.1677,0.5595,4.1820,1.0770

1570.4190,0.4153,-0.2640,-0.2019,1.8981,2.0208,3.8733,-0.0793,0.6315,3.8733,1.0946

1571.4200,0.6622,0.0447,-1.0663,1.6512,1.7121,3.9350,0.4147,0.5698,3.9350,1.0505

1572.4200,-0.0785,0.0447,0.1068,1.4660,1.7121,4.1203,1.4025,0.7756,4.1203,1.2534

1573.4200,-0.0168,-0.0170,0.1686,1.4660,1.0946,4.5524,0.9086,0.6007,4.5524,1.1652

1574.4190,0.2302,-0.5726,0.1068,1.7747,2.0825,4.7993,0.3529,0.6624,4.7993,1.2534

1575.4200,0.5388,-0.0170,0.0451,2.0216,1.6503,5.1080,0.3529,0.7653,5.1080,1.3857

1576.4190,0.4153,0.2917,-0.0784,1.4660,1.5886,5.0463,0.4147,0.6830,5.0463,1.3063

1577.4190,-0.0168,-0.1405,0.3538,1.6512,1.2181,5.1080,0.5381,0.6007,5.1080,1.2446

1578.4200,0.2302,-0.0170,-0.0784,1.8981,1.7738,4.8611,0.4147,0.7036,4.8611,1.2975

1579.4190,0.1067,-0.3874,-0.2019,1.5895,1.7738,5.0463,0.8468,0.6212,5.0463,1.2534

1580.4190,-0.0785,-1.1283,-0.1401,1.3425,1.9590,4.6759,0.6616,0.4360,4.6759,1.0417

1581.4190,-0.0168,-0.0788,-0.2019,1.7129,1.7121,5.1080,0.3529,0.5801,5.1080,1.2269

1582.4190,-0.0168,-0.0788,-0.3871,1.6512,1.8973,4.6759,0.4147,0.5801,4.6759,1.1652

1583.4190,-0.1402,0.2917,-0.3254,1.7747,1.7121,4.8611,0.2912,0.6007,4.8611,1.2093

1584.4200,-0.3871,0.1065,-0.2019,1.8981,1.5886,4.8611,0.4764,0.5801,4.8611,1.1917

1585.4190,-0.1402,0.1065,0.1686,1.5277,1.4033,4.6141,1.7730,0.8065,4.6141,1.3504

1586.4190,-0.6340,0.5386,-0.4489,1.8981,1.7121,4.7993,0.3529,0.5698,4.7993,1.1740

1587.4200,-0.2637,0.0447,-0.1401,1.7747,1.6503,5.1080,0.3529,0.5698,5.1080,1.2181

1588.4190,0.1067,-0.0170,0.1686,1.5277,1.8973,4.7993,0.4147,0.6830,4.7993,1.2710

1589.4200,0.1684,-0.1405,-0.0167,1.8981,1.5886,4.7376,0.0442,0.5904,4.7376,1.1828

1590.4190,-0.0168,0.1065,-0.3254,1.5895,1.5886,4.6759,0.2912,0.5389,4.6759,1.1299

1591.4200,0.3536,0.0447,-0.0167,1.7129,1.9590,4.7376,0.5999,0.7756,4.7376,1.3416

1592.4200,-0.0168,-0.1405,-0.2636,1.5895,1.7121,4.6759,0.3529,0.5389,4.6759,1.1299

1593.4190,0.0450,0.1065,0.0451,1.7747,1.9590,4.6759,0.6616,0.7653,4.6759,1.3240

1594.4190,0.2302,-0.0170,0.2303,1.6512,1.8973,4.7376,0.4147,0.7344,4.7376,1.3063

1595.4190,0.0450,0.5386,-0.8193,1.9599,1.8355,4.6759,0.4764,0.6727,4.6759,1.2446

1596.4190,0.1684,0.0447,-0.3254,1.9599,1.8973,4.7376,0.6616,0.7344,4.7376,1.3063

1597.4190,0.0450,0.1682,-0.3254,1.8981,1.8355,4.9228,0.2294,0.6418,4.9228,1.2534

1598.4190,0.1067,0.1065,0.8477,1.3425,2.0208,4.7376,0.4147,0.8065,4.7376,1.3681

1599.4190,-0.0785,-0.3874,-0.3254,1.7747,1.8355,4.6759,0.7851,0.6007,4.6759,1.1828

1600.4190,0.0450,-0.0788,-0.5106,1.5277,1.7121,4.6141,0.4147,0.5183,4.6141,1.1035

1601.4190,-0.4489,0.2299,-0.0784,1.7747,1.8973,4.6759,0.7851,0.6933,4.6759,1.2622

1602.4190,0.3536,0.1065,0.1068,1.7747,2.0208,4.7376,0.7234,0.8476,4.7376,1.4033

1603.4190,-0.1402,0.2299,-0.4489,1.8364,1.6503,5.0463,0.3529,0.5801,5.0463,1.2181

1604.4190,0.0450,0.4769,-0.0167,1.8364,2.0208,4.6141,0.6616,0.8373,4.6141,1.3769

1605.4200,0.1067,0.1682,-0.0784,1.7129,1.7738,4.6759,0.4147,0.6830,4.6759,1.2534

1606.4190,-0.0168,0.4151,0.0451,1.8981,1.8973,4.8611,0.6616,0.8168,4.8611,1.3945

1607.4190,-0.0168,0.3534,-0.3254,1.9599,1.7121,4.9846,0.4147,0.6830,4.9846,1.2975

1608.4190,0.1067,0.5386,0.4155,1.7129,1.8355,4.7376,0.3529,0.8270,4.7376,1.3857

1609.4190,-0.1402,0.1682,-0.2636,1.7129,1.6503,4.7376,0.4764,0.6007,4.7376,1.1917

1610.4190,0.1067,-1.3135,-0.2019,1.3425,1.8355,4.7376,0.4147,0.3640,4.7376,0.9888

1611.4200,0.4771,0.4769,-0.0167,1.5277,1.6503,4.7376,0.4764,0.7653,4.7376,1.3328

1612.4190,-0.0785,0.1065,-0.4489,1.8981,1.8973,4.7376,0.4147,0.6315,4.7376,1.2181

1613.4190,-0.1402,-0.2022,-0.5723,1.6512,1.8973,4.9228,0.7234,0.5595,4.9228,1.1828

1614.4190,-0.0785,-0.4492,-0.6958,1.8981,1.7738,4.5524,0.4147,0.4772,4.5524,1.0594

1615.4190,-0.0785,0.2917,-0.1401,1.6512,1.4651,4.9228,0.5381,0.6212,4.9228,1.2358

1616.4190,0.0450,-0.0170,0.1068,1.8981,2.6382,4.8611,0.7234,0.8991,4.8611,1.4651

1617.4190,-0.1402,-0.1405,-0.3871,1.7747,1.8973,4.7993,0.2294,0.5389,4.7993,1.1476

1618.4190,0.1067,0.1065,-0.2636,1.7129,1.7738,4.6141,0.4147,0.6418,4.6141,1.2093

1619.4190,-0.0785,-0.3874,-0.2636,1.4660,1.8355,4.5524,0.4764,0.5081,4.5524,1.0858

1620.4190,0.1684,0.1065,-0.3254,1.8364,1.8355,4.6141,1.0938,0.7859,4.6141,1.3328

1621.4190,0.6622,0.3534,-0.4489,1.4660,2.0825,4.7993,0.1677,0.7138,4.7993,1.2975

1622.4190,0.1684,-0.4492,-0.1401,1.6512,1.7738,4.6141,0.3529,0.5595,4.6141,1.1387

1623.4190,-0.0785,0.1682,-0.0784,1.7129,1.5268,4.6141,0.4147,0.6110,4.6141,1.1828

1624.4200,0.3536,0.1682,-0.3871,1.7747,1.7738,4.4907,0.4764,0.6933,4.4907,1.2357

1625.4190,-0.2637,-0.1405,-0.6341,1.0956,2.0825,4.4289,0.4147,0.4258,4.4289,0.9976

1626.4190,0.0450,0.8473,0.1068,1.5895,2.2677,5.2932,0.8468,0.9505,5.2932,1.5709

1627.4200,0.0450,-0.0788,-0.2636,1.7747,2.0825,4.7376,0.4764,0.6727,4.7376,1.2534

1628.4190,-0.2637,0.2299,-0.2019,1.2808,0.4772,5.1080,-0.0175,0.2508,5.1080,0.9447

1629.4190,-0.0168,0.1065,-0.3871,2.0834,1.8355,4.7376,0.7234,0.7241,4.7376,1.2975

1630.4200,-0.2637,-0.0170,-0.0784,1.7747,2.0208,4.8611,0.5381,0.6624,4.8611,1.2622

1631.4190,-0.8192,0.1065,-0.6341,2.2068,1.7738,4.6759,0.7234,0.5595,4.6759,1.1476

1632.4190,-0.2637,0.1682,-0.2636,1.5277,1.7121,4.7993,0.2912,0.5286,4.7993,1.1387

1633.4200,0.3536,0.1065,-0.0784,1.8981,1.7738,4.6141,0.4147,0.7447,4.6141,1.2975

1634.4200,-0.0168,0.1065,-0.3871,1.6512,1.6503,4.7376,0.3529,0.5595,4.7376,1.1564

1635.4200,-0.0168,-0.4492,-0.0167,1.5895,1.8355,4.6141,0.8468,0.6315,4.6141,1.2005

1636.4190,0.3536,0.0447,-0.2636,1.8981,1.8973,4.9846,0.4147,0.7241,4.9846,1.3328

1637.4200,-0.0785,-0.2640,-0.3871,1.5895,1.7121,4.5524,0.5381,0.5184,4.5524,1.0946

1638.4190,-0.1402,-0.2022,-0.2636,1.6512,1.8973,4.6141,0.4764,0.5698,4.6141,1.1476

1639.4190,0.0450,0.1065,-0.3871,1.8981,1.8355,4.9846,0.4147,0.6521,4.9846,1.2710

1640.4190,-0.0785,0.0447,0.2303,1.6512,2.2677,4.8611,0.5999,0.7859,4.8611,1.3681

1641.4190,0.2302,0.0447,0.0451,1.6512,1.7738,4.4289,0.3529,0.6830,4.4289,1.2181

1642.4190,-0.2019,0.0447,-0.1401,1.7747,1.7121,5.7254,1.0321,0.7036,5.7254,1.4210

1643.4200,-0.0785,0.3534,-0.2636,1.8364,1.7738,4.7376,0.5381,0.6933,4.7376,1.2710

1644.4190,-0.0168,-1.3752,-0.6958,1.7747,1.8355,4.7376,0.2294,0.2920,4.7376,0.9271

1645.4190,0.0450,0.7238,0.1068,1.7747,1.6503,4.8611,0.2912,0.7653,4.8611,1.3504

1646.4200,0.2919,0.1065,-0.0784,1.7747,1.8973,4.5524,0.4764,0.7447,4.5524,1.2887

1647.4190,-0.5106,-0.0788,0.0451,1.8364,1.6503,4.9846,0.2912,0.5389,4.9846,1.1740

1648.4190,-0.1402,-0.0788,-0.3871,2.3920,1.8973,4.8611,0.4764,0.6933,4.8611,1.2887

1649.4190,0.1067,-0.0788,-0.3254,1.7747,1.5268,5.9106,0.5381,0.5904,5.9106,1.3504

1650.4190,0.2302,-0.0170,0.1068,2.0216,1.7738,7.2070,0.2912,0.7344,7.2070,1.6591

1651.4200,0.2919,0.1682,-0.1401,2.0834,1.7738,8.4418,0.2912,0.7447,8.4418,1.8443

1652.4190,-0.1402,0.0447,-0.1401,1.7747,1.9590,9.5530,0.3529,0.6418,9.5530,1.9149

1653.4200,-0.2019,0.1682,0.8477,1.8981,1.7738,9.3061,0.7851,0.8785,9.3061,2.0824

1654.4190,0.2302,-0.0788,-0.0784,1.8364,2.0825,10.1086,0.2294,0.7036,10.1086,2.0471

1655.4200,-0.5106,0.5386,-0.0167,1.7747,1.6503,9.7382,0.4147,0.6418,9.7382,1.9413

1656.4190,-0.3871,0.0447,-0.0784,1.4660,1.7738,9.7382,0.8468,0.6110,9.7382,1.9149

1657.4190,0.1684,0.1065,0.1686,2.0834,1.7738,9.4295,0.2294,0.7550,9.4295,1.9942

1658.4190,0.1067,0.2299,-0.2019,2.4538,1.7121,9.6147,0.2912,0.7653,9.6147,2.0295

1659.4190,0.0450,0.1682,0.1686,1.8981,1.4033,9.7382,0.5999,0.7138,9.7382,2.0030

1660.4190,0.5388,0.2299,-0.2636,1.7129,1.8355,10.0469,-0.0175,0.6727,10.0469,2.0118

1661.4190,-0.0168,0.1065,-0.3254,1.8364,1.8973,10.2938,0.5381,0.6727,10.2938,2.0471

1662.4200,-0.1402,0.1065,-0.8193,2.1451,1.5268,9.9851,0.3529,0.5286,9.9851,1.8796

1663.4190,0.2302,-0.1405,-0.1401,1.7747,1.8973,9.8617,0.5381,0.6933,9.8617,2.0030

1664.4190,0.0450,-0.0170,0.2920,1.2808,1.7121,10.3556,0.1677,0.5801,10.3556,1.9766

1665.4190,0.1684,-0.2640,-0.2636,1.5895,1.8355,10.3556,0.4147,0.5801,10.3556,1.9766

1666.4190,0.3536,0.2299,-0.2019,1.9599,1.8355,10.6025,-0.0793,0.6830,10.6025,2.1000

1667.4190,0.3536,0.2917,-0.0167,1.7129,1.8355,9.9234,0.6616,0.8065,9.9234,2.1089

1668.4190,0.4153,0.4769,-0.0167,1.5277,1.6503,10.2321,0.4764,0.7550,10.2321,2.1089

1669.4190,-0.0785,0.4769,0.3538,1.7129,1.4033,10.1086,0.5381,0.7344,10.1086,2.0736

1670.4190,0.2302,-0.2640,-0.0784,2.6390,1.8973,10.4790,0.0442,0.7447,10.4790,2.1353

1671.4190,-0.2637,-0.0170,0.0451,2.2068,1.7121,10.1086,0.9086,0.7653,10.1086,2.1001

1672.4190,-0.0168,-0.0170,-0.5106,2.0216,1.4651,10.1704,0.4147,0.5595,10.1704,1.9325

1673.4190,-0.0168,-0.3874,-0.1401,2.0216,1.6503,10.4173,1.0938,0.7036,10.4173,2.0912

1674.4190,0.2302,0.0447,-0.2636,2.1451,1.8355,10.1086,0.5999,0.7653,10.1086,2.1001

1675.4200,-0.0785,-0.0788,0.2303,1.4043,1.7738,10.4790,0.2294,0.5801,10.4790,1.9942

1676.4190,0.3536,-0.1405,-0.0784,1.7747,1.7738,9.7382,0.3529,0.6727,9.7382,1.9678

1677.4190,0.3536,0.6621,0.1686,1.5277,1.8973,9.9234,0.4147,0.8373,9.9234,2.1353

1678.4190,0.9709,0.1065,-0.2636,1.9599,2.0825,10.1704,0.2294,0.8476,10.1704,2.1794

1679.4190,0.1067,-0.0788,0.2920,2.2068,1.8355,10.1086,0.2912,0.7756,10.1086,2.1089

1680.4200,0.0450,-0.2022,-0.0167,1.5895,1.8973,10.3556,0.6616,0.6624,10.3556,2.0471

1681.4190,0.1067,-0.2022,0.1686,1.6512,1.8973,10.2938,0.8468,0.7447,10.2938,2.1089

1682.4190,0.1067,-0.3257,-0.0167,1.7747,2.1443,10.1086,0.3529,0.6727,10.1086,2.0207

1683.4190,0.1067,0.2299,0.2303,1.5277,1.8355,10.2321,0.3529,0.7139,10.2321,2.0736

1684.4190,-0.2019,-0.0170,-0.0167,1.8981,1.7121,10.1704,0.8468,0.7036,10.1704,2.0560

1685.4190,-0.0785,0.0447,0.2920,1.5895,1.8973,10.8495,0.5999,0.7242,10.8495,2.1706

1686.4190,-0.1402,0.2299,0.1686,1.7747,1.8355,10.4173,0.4764,0.7241,10.4173,2.1089

1687.4200,0.2302,-0.0170,-0.0167,1.6512,1.4651,10.3556,0.2912,0.6007,10.3556,1.9942

1688.4190,-0.0168,0.1065,0.0451,2.2068,2.0208,10.1704,0.5381,0.8168,10.1704,2.1530

1689.4190,0.1067,-0.0788,0.2303,1.7747,2.0208,10.4790,0.1677,0.7036,10.4790,2.1001

1690.4190,0.1067,-0.2022,0.1068,1.5895,2.0825,10.1704,0.3529,0.6727,10.1704,2.0295

1691.4190,0.1067,0.0447,-0.1401,1.5895,1.4651,10.2938,0.3529,0.5698,10.2938,1.9589

1692.4190,0.1067,-0.0170,0.0451,1.7747,1.8973,10.4790,-0.0175,0.6315,10.4790,2.0383

1693.4190,0.0450,-0.1405,-0.3871,2.0216,2.0825,10.6025,0.4147,0.6727,10.6025,2.0912

1694.4200,0.1684,-0.0788,-0.0167,1.6512,1.8973,10.2321,0.6616,0.7139,10.2321,2.0736

1695.4190,0.2302,-0.0788,-0.5106,1.8364,1.9590,10.1086,0.6616,0.6830,10.1086,2.0295

1696.4190,-0.1402,0.2299,0.2303,1.6512,1.7121,10.5408,0.4764,0.6933,10.5408,2.1001

1697.4190,-0.0785,0.0447,0.1686,1.2808,1.6503,10.5408,0.2294,0.5492,10.5408,1.9766

1698.4200,-0.0785,-0.3874,-0.0167,1.9599,1.6503,10.6025,0.5381,0.6110,10.6025,2.0383

1699.4190,0.0450,0.1065,-0.2019,1.8981,1.5268,10.2938,0.2912,0.6109,10.2938,1.9942

1700.4190,-0.0785,-0.2022,-0.0167,1.7747,1.8355,10.0469,0.4147,0.6212,10.0469,1.9678

1701.4190,0.1684,-0.0788,0.2303,1.6512,2.1443,10.4173,0.2294,0.7241,10.4173,2.1089

1702.4190,0.1067,0.1065,0.1686,1.6512,2.2060,10.4790,0.2294,0.7447,10.4790,2.1353

1703.4190,-0.0785,-0.8196,-0.0784,1.8364,1.7738,10.7260,0.7234,0.5595,10.7260,2.0119

1704.4190,0.4153,-0.0170,-0.0784,1.8364,1.5268,10.4173,0.2912,0.6624,10.4173,2.0559

1705.4190,0.1067,0.1065,-0.0167,2.0216,1.7738,10.2938,0.5381,0.7550,10.2938,2.1177

1706.4200,-0.3254,0.2299,0.2303,1.7129,1.8973,10.3556,0.5381,0.7139,10.3556,2.0913

1707.4190,0.2302,-0.0170,-0.5106,1.8981,2.5765,10.5408,0.4147,0.7653,10.5408,2.1618

1708.4190,-0.0785,-0.1405,0.1068,2.2068,1.8355,10.2938,0.4764,0.7344,10.2938,2.1001

1709.4190,-0.1402,-0.0788,0.0451,1.8364,1.7738,10.7260,0.5999,0.6727,10.7260,2.1089

1710.4190,0.0450,0.0447,0.2303,1.8364,1.7121,10.7877,0.4764,0.7241,10.7877,2.1618

1711.4190,0.1067,0.0447,-0.3871,1.8364,2.3295,10.6025,0.3529,0.7139,10.6025,2.1265

1712.4190,0.5388,-0.0788,-0.3254,2.0834,1.8973,10.2938,0.5381,0.7756,10.2938,2.1353

1713.4190,0.0450,0.9090,0.2920,1.8364,1.7121,10.4173,0.2294,0.8373,10.4173,2.2059

1714.4190,0.1067,-0.0170,0.2920,1.8364,1.4033,10.5408,0.2912,0.6521,10.5408,2.0648

1715.4200,-0.0168,-0.1405,-0.0784,1.6512,1.7121,10.1704,0.4147,0.5904,10.1704,1.9589

1716.4190,0.1067,-0.0788,-0.0784,1.8981,1.8355,10.5408,0.2912,0.6624,10.5408,2.0736

1717.4190,-0.0168,-0.0788,0.1068,1.5277,2.0825,10.2938,0.4764,0.6830,10.2938,2.0560

1718.4190,-0.2019,-0.2022,0.1686,1.5895,1.7121,10.6025,0.8468,0.6521,10.6025,2.0736

1719.4190,-0.0168,0.2917,0.5390,2.0216,1.8973,10.5408,0.1060,0.8065,10.5408,2.1971

1720.4190,-0.3254,-0.0788,-0.5723,1.8364,1.7738,10.7877,0.7851,0.5698,10.7877,2.0295

1721.4190,0.0450,-0.3257,-0.3254,3.0094,2.0825,10.5408,-0.2645,0.7035,10.5408,2.1089

1722.4200,0.5388,-0.2640,0.0451,1.6512,1.8355,10.1086,0.4764,0.7138,10.1086,2.0560

1723.4190,-0.0168,-0.6961,-0.5106,1.8981,1.7121,10.6025,0.5381,0.4875,10.6025,1.9325

1724.4190,-0.0168,0.5386,0.2303,1.8364,1.4651,10.4173,0.4764,0.7550,10.4173,2.1353

1725.4190,-0.0168,0.1065,-0.0167,1.5277,2.0208,10.4173,0.4764,0.6830,10.4173,2.0736

1726.4190,0.0450,-0.2640,-0.3254,1.7747,1.7738,10.4173,0.9703,0.6624,10.4173,2.0560

1727.4200,0.0450,0.1682,-0.4489,1.9599,1.9590,10.4173,0.4764,0.6933,10.4173,2.0824

1728.4190,-0.2637,0.0447,-0.3254,2.2686,1.7121,10.4790,0.5381,0.6624,10.4790,2.0648

1729.4190,0.2302,0.0447,0.2303,1.4660,1.7121,10.8495,0.2912,0.6624,10.8495,2.1177

1730.4200,0.6622,0.2299,-0.0784,1.6512,1.5268,10.6025,0.4764,0.7447,10.6025,2.1530

1731.4190,0.4153,0.1682,-0.0784,1.4043,1.5886,10.7260,0.3529,0.6418,10.7260,2.0824

1732.4190,0.0450,0.1065,-0.8193,1.9599,1.8355,10.4790,0.5999,0.6212,10.4790,2.0295

1733.4190,0.2302,-0.0788,-0.2636,1.8364,1.4651,10.4173,0.2912,0.5801,10.4173,1.9854

1734.4190,0.2919,-0.0170,-0.2019,1.7747,1.7121,10.2321,0.4147,0.6624,10.2321,2.0295

1735.4190,0.1067,0.0447,-0.2019,1.6512,1.5886,10.6642,0.4764,0.6110,10.6642,2.0471

1736.4200,-0.1402,-0.0170,-0.0167,1.4043,1.9590,10.6642,0.2912,0.5801,10.6642,2.0207

1737.4190,1.0326,0.1682,-0.3871,1.8981,1.6503,10.2938,0.4147,0.7961,10.2938,2.1529

1738.4190,0.1067,0.2917,-0.3871,1.7747,1.4651,10.9112,0.2912,0.5904,10.9112,2.0648

1739.4200,0.0450,-0.6344,0.4155,1.6512,1.7121,10.4790,0.2294,0.5698,10.4790,1.9854

1740.4190,0.2302,0.5386,-0.0167,1.8981,1.5886,11.0964,0.3529,0.7653,11.0964,2.2412

1741.4190,0.3536,0.5386,0.0451,1.6512,1.7738,10.5408,0.6616,0.8373,10.5408,2.2235

1742.4190,-0.0168,-0.2640,-0.5723,1.8364,1.8355,10.2321,0.6616,0.5801,10.2321,1.9589

1743.4190,0.2302,-0.1405,-0.0167,1.4660,1.6503,10.6025,0.4147,0.6007,10.6025,2.0295

1744.4200,0.2302,-0.2022,-0.9428,1.4660,1.8973,10.4173,0.2912,0.4566,10.4173,1.8796

1745.4190,-0.1402,0.0447,-0.2019,1.7747,1.4651,10.7877,0.4147,0.5595,10.7877,2.0207

1746.4200,0.2302,-0.0170,-0.6341,1.9599,1.5268,10.5408,0.4147,0.5801,10.5408,2.0030

1747.4200,-0.2637,0.0447,-0.2019,2.2068,1.7121,10.3556,0.9086,0.7344,10.3556,2.1089

1748.4190,-0.0785,-0.0788,0.1686,1.6512,2.0208,10.5408,0.5999,0.7139,10.5408,2.1177

1749.4190,-0.3254,0.2299,0.0451,1.7747,1.8355,10.8495,0.6616,0.7036,10.8495,2.1530

1750.4190,0.1067,0.4151,0.4155,1.5895,1.4651,10.2321,0.4764,0.7447,10.2321,2.1001

1751.4190,0.2302,-0.5109,0.1068,1.9599,1.5886,10.8495,0.2912,0.6109,10.8495,2.0736

1752.4200,-0.1402,0.0447,-0.8810,1.5895,2.0208,10.2321,0.4764,0.5184,10.2321,1.9060

1753.4190,-0.2019,0.1682,-0.1401,1.7129,1.8973,11.0964,0.4764,0.6521,11.0964,2.1442

1754.4190,0.0450,-0.1405,0.0451,1.6512,1.7738,10.2321,0.3529,0.6212,10.2321,1.9942

1755.4190,-0.0168,0.1682,0.4773,1.9599,0.9094,11.4051,0.2294,0.6212,11.4051,2.1618

1756.4190,0.0450,-0.1405,0.4773,1.6512,2.2060,10.5408,0.2912,0.7550,10.5408,2.1530

1757.4200,0.1067,-0.0170,0.3538,1.7129,2.0208,10.8495,0.2912,0.7447,10.8495,2.1883

1758.4190,0.0450,0.1065,-0.3254,2.0216,1.9590,11.1581,0.7851,0.7653,11.1581,2.2500

1759.4200,0.7857,0.1682,0.0451,1.6512,1.7121,10.6642,-0.0793,0.7138,10.6642,2.1353

1760.4190,0.0450,0.1065,0.5390,1.6512,1.5886,10.7260,0.2912,0.7036,10.7260,2.1353

1761.4190,0.1067,-0.0788,0.1068,1.8981,1.7738,10.8495,0.4764,0.7139,10.8495,2.1618

1762.4200,0.0450,-0.1405,-0.1401,1.7129,1.8355,9.7999,0.9703,0.7139,9.7999,2.0119

1763.4190,0.1067,0.1065,0.5390,1.7747,1.4651,10.5408,0.5381,0.7550,10.5408,2.1530

1764.4190,-0.0785,0.2299,0.1686,1.8981,1.8973,10.9112,0.5381,0.7756,10.9112,2.2235

1765.4190,-0.0785,0.1682,0.3538,1.7747,1.8973,11.1581,0.4764,0.7653,11.1581,2.2500

1766.4190,-2.0538,0.1065,-0.1401,1.8364,1.8973,10.5408,0.6616,0.3846,10.5408,1.8355

1767.4200,0.1684,0.1065,0.7242,1.7129,1.5886,11.0347,0.3529,0.7756,11.0347,2.2412

1768.4190,-0.0785,0.1065,-0.1401,2.5155,1.5268,10.7877,0.6616,0.7653,10.7877,2.1971

1769.4190,1.4647,0.3534,-0.2636,1.4043,1.9590,10.6642,0.5999,0.9196,10.6642,2.3117

1770.4190,0.1067,-0.0170,0.2920,1.8981,1.6503,10.9112,0.0442,0.6624,10.9112,2.1265

1771.4190,-0.1402,0.1682,0.3538,2.1451,2.0825,10.8495,0.0442,0.7756,10.8495,2.2147

1772.4190,-0.0785,-0.1405,-0.0784,1.9599,1.3416,10.8495,0.5381,0.5904,10.8495,2.0560

1773.4190,-0.0168,-0.0788,-0.0784,1.7129,1.7738,10.9112,0.8468,0.6933,10.9112,2.1530

1774.4190,-0.0168,0.4151,-0.0167,1.5895,1.7121,10.7260,0.5999,0.7139,10.7260,2.1442

1775.4190,0.1067,0.1065,0.6625,1.7747,1.5886,11.3433,0.3529,0.7653,11.3433,2.2764

1776.4200,0.1067,-0.3874,0.6007,1.8981,1.6503,11.0347,0.5999,0.7447,11.0347,2.2147

1777.4190,0.1684,-0.3874,0.5390,1.7129,1.6503,10.9112,0.2294,0.6521,10.9112,2.1177

1778.4190,0.0450,0.1065,-0.2019,2.0216,1.6503,11.2199,0.6616,0.7138,11.2199,2.2147

1779.4190,-0.0785,0.0447,-0.2636,2.0834,1.7121,10.9112,0.4764,0.6624,10.9112,2.1265

1780.4200,0.3536,0.0447,-0.1401,1.5895,1.8355,10.5408,-0.0793,0.6007,10.5408,2.0207

1781.4190,0.1684,-0.2640,0.1068,1.4043,2.0825,10.7260,0.4147,0.6521,10.7260,2.0912

1782.4190,0.8474,-0.4492,0.7860,1.3425,1.8355,11.8372,0.5999,0.8270,11.8372,2.3999

1783.4200,0.0450,0.5386,0.2920,1.8364,1.6503,9.5530,-0.2027,0.6933,9.5530,1.9589

1784.4190,-0.0785,0.1682,0.0451,1.6512,1.4651,10.7877,0.4764,0.6212,10.7877,2.0736

1785.4190,-0.0785,0.4769,0.4155,2.2068,2.2060,10.7877,0.1677,0.8991,10.7877,2.3117

1786.4200,-0.1402,0.1682,0.4155,1.5277,1.9590,12.2694,0.6616,0.7653,12.2694,2.4088

1787.4190,0.0450,0.0447,0.1686,1.0956,1.7738,11.0347,0.2912,0.5698,11.0347,2.0648

1788.4190,-0.0785,0.1065,0.6625,1.7129,2.0208,11.0964,0.2912,0.7859,11.0964,2.2588

1789.4190,-0.0785,-0.3874,-0.3871,2.2068,1.5268,10.9729,0.6616,0.5904,10.9729,2.0736

1790.4190,-0.8809,0.2917,-0.0167,1.2191,1.8355,11.1581,0.3529,0.4669,11.1581,1.9942

1791.4200,0.2302,-0.2640,-0.1401,1.5895,1.7738,10.9729,0.5999,0.6315,10.9729,2.1089

1792.4190,-0.2019,0.2299,0.3538,1.5277,1.6503,10.8495,0.4764,0.6727,10.8495,2.1265

1793.4190,0.6622,0.2917,-0.0784,1.9599,1.7738,10.8495,-0.0793,0.7550,10.8495,2.1971

1794.4190,-0.5723,0.4769,0.1068,1.8364,1.5268,10.9729,0.3529,0.6213,10.9729,2.1001

1795.4200,-0.1402,0.1065,-0.1401,2.0216,1.8355,10.9112,0.8468,0.7550,10.9112,2.2059

1796.4190,-0.2019,-0.0788,-0.5106,0.7252,1.1564,11.6520,0.5999,0.2817,11.6520,1.9060

1797.4190,0.1067,-0.4492,-0.0167,2.6390,1.8973,10.9729,0.5999,0.7962,10.9729,2.2500

1798.4190,0.1067,-0.3874,0.3538,1.8364,2.1443,11.5285,0.7234,0.7962,11.5285,2.3294

1799.4190,0.1067,-0.5726,0.7242,1.6512,1.7121,10.9112,0.3529,0.6624,10.9112,2.1265

1800.4190,0.1067,-0.2022,0.2303,1.7747,2.3912,11.4051,0.8468,0.8579,11.4051,2.3647

1801.4190,-0.2019,-0.2022,-0.0167,1.7747,1.4651,11.2199,1.8347,0.7756,11.2199,2.2676

1802.4190,-0.0785,0.0447,-0.6958,2.0216,1.9590,10.7877,0.5999,0.6418,10.7877,2.0912

1803.4200,0.1684,-0.1405,0.1686,1.7747,2.2677,11.3433,0.2294,0.7447,11.3433,2.2588

1804.4190,-0.3254,0.0447,0.2920,2.3303,2.0825,11.0347,0.2912,0.7859,11.0347,2.2500

1805.4200,-0.0785,-0.2022,-0.0784,1.9599,1.4033,11.2816,0.5381,0.5904,11.2816,2.1177

1806.4190,-1.1279,-0.0170,0.3538,1.9599,1.6503,10.9112,0.2294,0.5081,10.9112,1.9942

1807.4190,0.1067,0.1065,0.5390,1.4043,1.8355,11.2199,0.2294,0.7036,11.2199,2.2059

1808.4190,-0.0785,-0.0170,0.6007,1.3425,1.7121,11.0964,0.0442,0.6007,11.0964,2.1001

1809.4190,-0.0785,-0.2022,-0.0784,1.4660,1.7738,11.2199,0.3529,0.5389,11.2199,2.0648

1810.4200,-0.2637,0.2917,1.1564,2.0834,1.6503,11.1581,-0.0175,0.8168,11.1581,2.2941

1811.4190,-0.0168,0.2917,0.2303,2.0216,1.7121,11.7755,0.4764,0.7859,11.7755,2.3558

1812.4190,0.2302,0.4769,-0.1401,1.9599,1.8355,11.0347,-0.1410,0.7035,11.0347,2.1794

1813.4190,-0.4489,0.2299,0.0451,1.7747,1.8355,10.4790,0.9703,0.7344,10.4790,2.1265

1814.4190,0.1067,0.0447,-0.8193,2.1451,1.5268,10.9729,0.2294,0.5389,10.9729,2.0295

1815.4200,-0.2019,-0.5726,-0.5723,1.8981,1.7121,11.3433,0.4764,0.4566,11.3433,2.0119

1816.4190,0.3536,-0.0788,0.2920,1.9599,1.6503,10.8495,0.1677,0.7241,10.8495,2.1706

1817.4190,0.0450,-0.1405,-0.2636,1.7747,1.8355,10.7877,0.5999,0.6418,10.7877,2.0912

1818.4200,-0.4489,0.3534,-0.2636,2.2068,2.0825,11.0964,0.1677,0.6830,11.0964,2.1706

1819.4190,0.1067,0.5386,0.0451,1.5277,1.6503,10.9112,0.5381,0.7344,10.9112,2.1883

1820.4190,-0.1402,0.0447,-0.2636,1.8981,1.2799,11.2816,0.6616,0.5801,11.2816,2.1089

1821.4190,0.1067,-0.0788,0.1686,1.7129,2.2677,11.7138,0.0442,0.7036,11.7138,2.2764

1822.4190,0.2919,-0.0170,0.2303,1.9599,1.5886,10.9729,0.3529,0.7344,10.9729,2.1971

1823.4190,-0.1402,0.5386,-0.1401,1.5895,1.7121,10.7260,0.5999,0.6933,10.7260,2.1265

1824.4190,-0.6958,0.6003,-0.2019,1.7129,1.7738,11.0347,0.4147,0.6007,11.0347,2.0913

1825.4190,-0.3871,0.0447,-0.0784,1.6512,1.8973,10.9729,0.9086,0.6727,10.9729,2.1442

1826.4190,-0.2019,-0.0788,-0.7576,2.1451,1.7738,11.4051,0.4764,0.5595,11.4051,2.1089

1827.4190,0.1067,-0.0788,-0.4489,1.5277,1.8973,11.0964,1.0321,0.6727,11.0964,2.1618

1828.4190,0.2919,-0.3257,-0.3254,1.7747,2.0825,11.1581,0.2294,0.6212,11.1581,2.1265

1829.4190,0.1684,1.1560,0.3538,1.5277,1.8355,11.0964,0.1677,0.8682,11.0964,2.3294

1830.4190,0.4771,0.1682,-0.4489,1.6512,1.8973,11.0347,0.2912,0.6727,11.0347,2.1530

1831.4190,0.5388,0.2917,-0.3254,1.4660,1.7121,11.2199,0.2912,0.6624,11.2199,2.1706

1832.4200,0.1067,-0.2022,-0.4489,1.7747,1.8973,10.7260,0.3529,0.5801,10.7260,2.0295

1833.4190,-0.0168,-0.1405,-0.0784,1.8981,2.2060,10.5408,0.3529,0.7036,10.5408,2.1089

1834.4190,0.1684,0.1682,-0.0784,1.6512,2.2060,10.9729,1.5877,0.9505,10.9729,2.3823

1835.4190,-0.0168,0.2299,-0.4489,1.7747,1.8355,11.5285,0.2912,0.6110,11.5285,2.1706

1836.4190,-0.1402,0.0447,-0.2019,1.9599,1.6503,11.5903,0.5381,0.6418,11.5903,2.2059

1837.4190,-0.0785,0.2917,-0.0784,1.5277,1.7738,10.9112,0.5381,0.6624,10.9112,2.1265

1838.4190,0.1684,-0.0788,-0.3254,1.7747,1.8973,10.5408,0.5381,0.6624,10.5408,2.0736

1839.4200,0.4771,-0.3874,-0.2019,2.2068,1.9590,11.1581,0.3529,0.7344,11.1581,2.2235

1840.4190,-0.3871,0.1065,0.1068,1.7129,1.9590,11.0347,0.5381,0.6727,11.0347,2.1530

1841.4190,0.1684,-0.2640,-0.4489,1.8981,1.5886,10.8495,0.5999,0.5904,10.8495,2.0560

1842.4200,0.1067,0.0447,-0.7576,2.1451,1.8355,11.2199,0.2294,0.6007,11.2199,2.1177

1843.4190,0.1067,-0.0788,-0.0167,1.9599,1.7121,11.0964,0.4764,0.6933,11.0964,2.1794

1844.4200,0.1684,-0.0788,0.0451,1.7747,2.0208,11.3433,0.3529,0.7139,11.3433,2.2323

1845.4190,0.1067,-0.0170,0.1686,1.5895,1.8355,11.1581,0.2912,0.6624,11.1581,2.1618

1846.4200,0.6005,0.3534,-0.0784,1.7129,1.8355,11.0964,-0.0793,0.7241,11.0964,2.2059

1847.4190,-0.0785,-0.2022,-0.0167,2.5155,1.9590,10.9729,0.4147,0.7653,10.9729,2.2235

1848.4190,-0.0785,-0.3874,0.4155,1.5895,1.7738,11.0964,0.2912,0.6007,11.0964,2.1001

1849.4190,-0.1402,0.6003,0.4155,1.5277,1.5886,10.9729,0.4147,0.7344,10.9729,2.1971

1850.4190,-0.0785,0.1065,-0.8810,1.7747,2.0208,11.0347,0.6616,0.6007,11.0347,2.0912

1851.4190,0.2302,-0.0788,-0.0784,1.9599,1.5886,10.8495,0.2912,0.6521,10.8495,2.1089

1852.4190,0.1067,-0.2022,-0.2019,1.8364,1.8973,10.7877,0.7234,0.6933,10.7877,2.1353

1853.4190,-0.2019,0.2917,-0.5723,2.2068,1.8973,10.8495,0.7234,0.7241,10.8495,2.1706

1854.4200,0.1684,-0.4492,-0.2019,1.5277,1.5268,11.0347,0.2912,0.4772,11.0347,1.9854

1855.4200,-0.1402,0.3534,-0.2636,1.7747,1.7121,10.8495,0.4147,0.6418,10.8495,2.1001

1856.4190,-0.0168,-0.0788,0.0451,1.7129,2.2060,11.0964,0.3529,0.7036,11.0964,2.1883

1857.4200,0.1684,0.1065,-0.2019,2.1451,1.7738,10.9729,0.4764,0.7447,10.9729,2.2059

1858.4190,-0.1402,0.1065,-0.2019,1.7129,1.3416,10.9729,0.5381,0.5595,10.9729,2.0471

1859.4200,-0.6958,0.2917,0.2920,1.6512,2.0208,11.0347,0.1677,0.6213,11.0347,2.1089

1860.4190,0.0450,-0.4492,-0.0784,2.7007,2.0208,10.9729,0.2912,0.7550,10.9729,2.2147

1861.4200,-0.0785,-0.3874,-0.5106,1.9599,1.7738,10.9729,0.5381,0.5492,10.9729,2.0383

1862.4190,-0.0785,0.2299,-0.0167,1.4660,1.4651,10.8495,0.9086,0.6624,10.8495,2.1177

1863.4190,-0.0785,-0.0788,-0.0167,1.9599,2.0208,10.9112,0.7851,0.7653,10.9112,2.2147

1864.4190,-0.0785,-0.0788,-0.0784,1.9599,1.4651,11.2199,0.5999,0.6315,11.2199,2.1442

1865.4190,0.0450,0.0447,0.4773,1.2808,1.8355,11.2199,0.3529,0.6727,11.2199,2.1794

1866.4190,0.1684,0.1065,0.2920,2.0834,1.5886,11.4051,0.5999,0.8065,11.4051,2.3205

1867.4190,0.0450,0.5386,0.0451,1.6512,2.0208,10.8495,0.2912,0.7653,10.8495,2.2059

1868.4190,-0.3254,0.3534,0.2303,2.1451,2.0825,11.0347,0.1677,0.7756,11.0347,2.2412

1869.4190,0.4153,0.1682,0.1068,2.0834,1.7121,10.7260,0.2912,0.7962,10.7260,2.2147

1870.4200,-0.2019,1.2177,-0.6341,1.6512,1.7738,11.0964,0.9086,0.7859,11.0964,2.2588

1871.4190,-0.2019,0.2299,-0.3871,1.7747,1.8973,11.4668,0.4764,0.6315,11.4668,2.1794

1872.4190,0.0450,0.0447,-0.4489,1.8364,1.4033,11.0347,0.4764,0.5595,11.0347,2.0559

1873.4190,0.5388,0.1682,-0.3254,2.2068,1.4033,10.8495,0.4764,0.7447,10.8495,2.1882

1874.4190,-0.0785,-0.3874,-0.3871,1.8364,1.6503,10.6025,0.6616,0.5492,10.6025,1.9854

1875.4190,-0.0168,0.0447,0.3538,1.6512,1.8355,10.8495,0.5381,0.7344,10.8495,2.1794

1876.4190,-0.0168,-0.6344,-0.5106,1.9599,1.6503,11.0347,0.7234,0.5286,11.0347,2.0295

1877.4190,-0.0785,0.3534,-0.2019,1.8981,1.5886,11.0347,0.4764,0.6727,11.0347,2.1530

1878.4200,-0.3871,0.1065,0.2920,1.7129,1.9590,10.9729,0.4764,0.6933,10.9729,2.1618

1879.4190,-0.1402,0.1065,0.2920,1.4660,1.8973,12.2694,0.6616,0.7139,12.2694,2.3647

1880.4190,0.0450,0.0447,0.2303,1.5895,1.8355,10.9112,0.4764,0.7036,10.9112,2.1618

1881.4190,-0.1402,0.9090,0.2920,1.5895,1.5886,11.4051,-0.2027,0.6727,11.4051,2.2059

1882.4190,0.2302,0.0447,-0.0784,2.0834,2.0208,10.7877,0.1677,0.7447,10.7877,2.1794

1883.4190,-0.3254,0.9708,0.5390,1.7129,1.9590,10.9729,1.0321,0.9814,10.9729,2.4088

1884.4190,0.2302,-0.3874,0.0451,1.8364,1.4033,11.0964,0.5999,0.6212,11.0964,2.1177

1885.4190,-0.2019,0.0447,0.1068,2.1451,1.8355,10.9112,0.4764,0.7344,10.9112,2.1883

1886.4190,0.0450,-0.7579,-0.0784,1.8981,1.7738,8.6270,0.5999,0.5801,8.6270,1.7296

1887.4190,-0.0168,0.3534,0.3538,1.7129,1.9590,7.7627,0.4764,0.8065,7.7627,1.8002

1888.4200,0.2302,0.1065,0.1686,1.7747,1.7738,7.8861,0.5381,0.7653,7.8861,1.7826

1889.4190,0.3536,-0.0788,0.2303,1.3425,1.6503,7.6392,0.4764,0.6624,7.6392,1.6591

1890.4190,0.1684,-0.2022,-0.1401,1.8981,1.5886,7.1453,0.1677,0.5801,7.1453,1.5180

1891.4190,0.1684,-0.3257,-0.1401,1.5895,1.8355,6.9601,0.9086,0.6727,6.9601,1.5709

1892.4200,-0.1402,0.0447,0.1686,1.5895,1.8973,6.4662,0.0442,0.6007,6.4662,1.4386

1893.4190,0.1067,-0.0788,0.0451,1.5277,1.8355,6.4045,0.5999,0.6727,6.4045,1.4915

1894.4190,-0.0785,0.2917,-0.0784,1.8364,1.8355,6.5897,0.1677,0.6624,6.5897,1.5092

1895.4190,-0.3254,-0.3874,0.1068,1.7129,2.5765,6.0958,0.4764,0.6933,6.0958,1.4651

1896.4190,0.0450,0.0447,-0.0167,1.8364,1.7121,4.0585,0.5999,0.7036,4.0585,1.1828

1897.4190,0.0450,-0.0170,0.0451,1.4043,1.8973,3.3177,0.4147,0.6315,3.3177,1.0153

1898.4190,-0.0168,0.5386,0.3538,2.0834,1.9590,3.1325,0.7234,0.9402,3.1325,1.2534

1899.4200,0.9709,0.7238,-0.0167,1.9599,1.7121,2.9473,-0.0793,0.8785,2.9473,1.1740

1900.4190,-0.2019,0.0447,-0.0784,1.7747,2.0208,2.8855,0.2912,0.6418,2.8855,0.9624

1901.4190,0.0450,0.0447,0.9094,1.5277,2.0825,2.5151,0.5381,0.8579,2.5151,1.0947

1902.4190,-0.7575,0.4151,-0.2019,2.0834,1.7121,2.7621,0.4147,0.6110,2.7621,0.9183

1903.4190,-0.2019,0.2299,-0.0167,2.0216,1.7738,2.7003,0.2294,0.6727,2.7003,0.9624

1904.4190,0.4153,-0.2022,0.1068,1.7129,1.7738,2.4534,0.4764,0.7138,2.4534,0.9623

1905.4190,-0.0785,0.2299,-0.0784,1.7747,1.8355,2.4534,0.4764,0.6933,2.4534,0.9447

1906.4190,0.3536,0.2299,0.2303,2.0216,1.9590,2.5769,0.5381,0.8888,2.5769,1.1299

1907.4190,-0.0168,0.0447,0.0451,1.7129,1.7121,2.5151,0.4147,0.6521,2.5151,0.9183

1908.4200,0.2302,-0.0788,0.1686,1.7747,1.7121,2.3917,0.6616,0.7447,2.3917,0.9800

1909.4190,0.0450,0.1065,0.2920,1.8364,1.8973,2.7003,0.5999,0.7962,2.7003,1.0682

1910.4200,-0.0168,0.0447,0.2303,1.8364,1.7121,3.3794,0.5381,0.7241,3.3794,1.1035

1911.4200,-0.0785,0.2917,0.4155,1.7129,1.5886,2.7003,0.6616,0.7653,2.7003,1.0417

1912.4190,-0.2019,-0.0170,0.0451,2.7007,1.8355,2.4534,0.4764,0.8065,2.4534,1.0417

1913.4200,0.1067,0.1065,-0.4489,2.2686,1.7121,2.4534,0.8468,0.7653,2.4534,1.0064

1914.4190,-0.0168,-0.2022,0.6007,1.3425,1.5886,2.5151,0.2912,0.6007,2.5151,0.8742

1915.4190,-0.3871,0.1682,-0.0784,1.7129,1.7121,2.5769,0.2294,0.5595,2.5769,0.8477

1916.4190,0.3536,0.4769,0.1686,2.2068,1.8973,2.5151,0.1060,0.8682,2.5151,1.1035

1917.4190,-0.0785,0.1065,-0.0784,2.0216,1.7121,2.8855,0.5999,0.7139,2.8855,1.0241

1918.4190,0.3536,0.0447,-0.3254,1.9599,1.7738,2.3299,0.5999,0.7344,2.3299,0.9623

1919.4200,-0.1402,0.1065,0.2303,1.5895,1.6503,2.2064,0.2294,0.6110,2.2064,0.8389

1920.4200,-0.0168,-0.2022,-0.0784,1.7747,1.6503,2.7621,0.4147,0.5904,2.7621,0.9006

1921.4190,0.4771,0.1682,0.1686,1.9599,1.8973,2.7003,0.1677,0.8064,2.7003,1.0770

1922.4190,-0.0785,0.0447,0.1068,1.8364,1.5268,2.7003,0.1677,0.6007,2.7003,0.9006

1923.4190,0.7857,0.1682,-0.0784,1.4043,2.2060,2.5769,0.2294,0.7859,2.5769,1.0417

1924.4190,-0.0168,-0.2640,0.4773,1.8364,1.8973,3.0707,0.5381,0.7447,3.0707,1.0770

1925.4190,-0.2019,-0.3874,-0.1401,2.2686,1.5268,2.3917,1.6495,0.7859,2.3917,1.0153

1926.4190,-0.0168,0.4769,0.0451,2.2686,1.9590,2.6386,0.6616,0.8991,2.6386,1.1476

1927.4190,0.0450,0.0447,-0.2019,1.5277,1.9590,2.7003,-0.0175,0.5595,2.7003,0.8653

1928.4200,0.2302,-0.1405,-0.3871,1.7129,1.6503,2.5769,0.2912,0.5595,2.5769,0.8477

1929.4190,-0.0168,-0.0788,0.3538,1.7747,2.1443,2.4534,0.4764,0.7756,2.4534,1.0153

1930.4190,0.0450,0.2299,0.1686,2.3303,1.8355,2.7621,0.7851,0.8991,2.7621,1.1652

1931.4190,-0.3871,0.9708,0.1686,1.8981,1.8355,2.5151,0.1060,0.7653,2.5151,1.0153

1932.4200,-0.3254,-0.5726,-0.4489,1.8981,1.7738,3.2560,0.5999,0.4875,3.2560,0.8830

1933.4200,-0.3871,0.1065,-0.6958,1.1573,1.4651,2.5769,0.4147,0.3434,2.5769,0.6625

1934.4190,-0.0785,0.1065,0.1068,1.6512,2.1443,2.5769,0.3529,0.7139,2.5769,0.9800

1935.4190,-0.0168,-0.2640,-0.0167,1.0339,2.1443,2.3299,1.8347,0.7859,2.3299,1.0065

1936.4190,0.4771,-0.0788,0.4155,2.0834,1.6503,2.8855,0.3529,0.8167,2.8855,1.1123

1937.4190,0.4153,-0.0170,0.3538,1.6512,1.5886,2.7003,0.6616,0.7756,2.7003,1.0505

1938.4190,-0.0785,-0.0788,0.1686,1.6512,1.8973,2.7621,0.2294,0.6315,2.7621,0.9359

1939.4190,-0.3254,-0.0788,0.3538,1.8364,1.8973,2.5151,0.9703,0.7756,2.5151,1.0241

1940.4200,-0.0785,-0.0788,-0.3254,1.5277,1.8355,2.4534,0.3529,0.5389,2.4534,0.8124

1941.4190,-0.0785,-0.2022,0.3538,1.3425,1.2799,2.3917,1.0938,0.6315,2.3917,0.8830

1942.4190,-0.2019,-0.2022,0.2920,1.4660,1.4033,2.3299,0.0442,0.4669,2.3299,0.7330

1943.4200,-0.1402,0.1065,-0.2019,2.2686,1.1564,2.9473,0.1677,0.5595,2.9473,0.9006

1944.4190,-0.3254,-0.1405,0.0451,2.0834,1.7738,2.7621,0.5381,0.6624,2.7621,0.9624

1945.4190,-0.0168,-0.0788,0.0451,1.6512,1.5268,2.7003,0.2294,0.5595,2.7003,0.8653

1946.4190,0.1067,-0.0170,-0.2636,1.8981,1.5268,2.8855,0.3529,0.6007,2.8855,0.9271

1947.4190,-0.1402,0.0447,-0.0167,1.7747,1.7121,2.7003,0.6616,0.6727,2.7003,0.9624

1948.4190,0.1684,-0.1405,-0.0784,1.6512,1.6503,2.5769,0.1677,0.5698,2.5769,0.8565

1949.4190,0.1067,-0.0788,0.1068,1.7747,1.7738,2.5769,0.4147,0.6830,2.5769,0.9535

1950.4200,0.0450,0.2917,-0.0784,1.8981,1.8355,2.7621,0.5381,0.7550,2.7621,1.0417

1951.4190,-0.0168,0.1065,-0.0784,1.8364,1.7738,2.7621,0.3529,0.6624,2.7621,0.9624

1952.4190,0.0450,0.1682,-0.0784,2.0834,1.8355,2.9473,0.2912,0.7241,2.9473,1.0417

1953.4190,-0.0168,0.0447,-0.0784,1.6512,1.4033,2.8855,0.2912,0.5492,2.8855,0.8830

1954.4190,-0.0785,0.3534,-0.1401,1.8981,1.9590,2.8855,0.5381,0.7550,2.8855,1.0594

1955.4190,0.2302,0.1065,0.1686,1.7747,2.0208,2.9473,0.5999,0.8167,2.9473,1.1211

1956.4190,0.1067,0.3534,0.2303,2.3303,1.8355,3.3177,0.5381,0.8991,3.3177,1.2446

1957.4190,0.4153,-0.1405,0.6007,1.8364,2.2677,3.4412,0.7234,0.9505,3.4412,1.3063

1958.4190,-0.0785,-0.0788,0.1068,1.7747,1.7738,3.5029,0.3529,0.6418,3.5029,1.0506

1959.4200,-0.2637,0.4151,0.0451,1.7747,2.1443,3.9350,0.0442,0.6933,3.9350,1.1564

1960.4190,-0.0785,-0.2022,0.1068,2.2068,1.6503,3.4412,0.4147,0.6830,3.4412,1.0770

1961.4190,0.1067,-0.1405,-0.2019,1.5277,1.8973,3.3794,0.5381,0.6212,3.3794,1.0153

1962.4190,-0.1402,-0.0788,-0.0167,1.5895,1.8355,3.5029,-0.8819,0.3846,3.5029,0.8301

1963.4190,-0.1402,0.1682,0.1686,1.4660,1.5268,3.5646,0.6616,0.6418,3.5646,1.0594

1964.4190,0.0450,-0.1405,0.1686,1.7129,1.7738,3.4412,0.5381,0.6830,3.4412,1.0770

1965.4190,-0.0785,-0.0170,-0.5723,1.9599,1.8973,3.2560,0.7851,0.6624,3.2560,1.0329

1966.4200,-0.2637,0.9090,0.2303,1.9599,2.0825,3.3177,0.7234,0.9402,3.3177,1.2799

1967.4200,-0.0785,0.6621,-0.5106,1.7747,1.5268,3.7498,0.1677,0.5904,3.7498,1.0417

1968.4200,-0.2637,-0.2022,-0.4489,1.7747,1.7121,3.6881,0.1677,0.4566,3.6881,0.9183

1969.4190,-0.0785,-0.0170,-0.0784,1.7747,1.6503,3.6881,0.5999,0.6418,3.6881,1.0770

1970.4190,0.4771,-0.2022,-0.3254,1.8364,1.7121,3.4412,0.2294,0.6212,3.4412,1.0241

1971.4200,0.1067,0.2299,-0.3254,2.0834,1.7121,3.6264,0.4764,0.7138,3.6264,1.1299

1972.4200,0.3536,-0.1405,0.2303,1.7129,1.8973,3.5646,0.4764,0.7550,3.5646,1.1564

1973.4200,0.0450,-0.0170,0.4155,2.1451,2.0825,3.6264,0.4147,0.8476,3.6264,1.2446

1974.4190,-0.0785,-0.0170,0.2920,1.8364,1.7738,3.8116,0.4764,0.7139,3.8116,1.1564

1975.4200,0.0450,0.2917,-0.0784,1.4660,1.8973,3.6264,0.3529,0.6624,3.6264,1.0858

1976.4190,0.4153,-0.8196,-0.0167,1.5277,1.8355,3.5646,0.1677,0.5183,3.5646,0.9535

1977.4200,0.1067,-0.1405,-0.2636,1.7747,1.5268,3.6264,0.1677,0.5286,3.6264,0.9712

1978.4200,0.4153,-0.1405,0.1686,0.8487,2.0208,3.6264,0.4764,0.6315,3.6264,1.0594

1979.4190,0.0450,-0.0170,-0.6958,2.1451,1.6503,3.3177,0.5381,0.6109,3.3177,0.9976

1980.4190,0.3536,0.0447,-0.3871,1.7129,1.7121,3.3794,0.3529,0.6315,3.3794,1.0241

1981.4190,-0.0785,1.2794,-0.2636,1.8981,1.6503,3.5646,0.2912,0.7962,3.5646,1.1917

1982.4190,0.1067,-0.0170,-0.2019,1.5895,1.6503,3.5029,0.3529,0.5801,3.5029,0.9976

1983.4190,0.1067,-0.0170,1.0947,1.2191,2.3912,3.4412,0.5381,0.8888,3.4412,1.2534

1984.4190,0.0450,0.1065,-0.4489,1.8364,1.6503,3.4412,0.5999,0.6315,3.4412,1.0329

1985.4190,-0.0785,0.1682,-0.3254,1.8981,1.7121,3.2560,0.2912,0.6110,3.2560,0.9888

1986.4190,-0.0785,0.0447,-0.2019,2.0216,1.5886,3.8733,0.6616,0.6727,3.8733,1.1299

1987.4190,0.1067,0.2299,0.7242,2.1451,1.7121,3.6264,0.5381,0.9094,3.6264,1.2975

1988.4200,-0.2019,0.2299,-0.4489,1.9599,1.7738,3.3177,0.4147,0.6212,3.3177,1.0065

1989.4190,0.3536,-0.2640,0.1068,1.8364,1.7738,3.5646,0.4764,0.7138,3.5646,1.1211

1990.4190,-0.0785,0.1065,-0.1401,1.8364,1.7738,3.3177,0.2294,0.6212,3.3177,1.0065

1991.4190,-0.0168,-0.0170,-0.2019,1.7747,1.8973,3.6881,0.4764,0.6521,3.6881,1.0858

1992.4190,-0.0785,-0.0170,-0.2019,1.7747,1.8973,3.6881,0.4147,0.6315,3.6881,1.0682

1993.4190,-0.4489,0.0447,-0.0167,1.5895,1.3416,3.6264,0.6616,0.5286,3.6264,0.9712

1994.4190,0.0450,-0.0788,-0.4489,1.7129,1.7121,3.1942,0.6616,0.6007,3.1942,0.9712

1995.4190,-0.1402,-0.1405,-0.3871,1.7129,1.7121,3.6881,0.5999,0.5595,3.6881,1.0065

1996.4190,0.1684,0.4151,-0.2636,1.9599,1.7738,3.8733,0.5381,0.7653,3.8733,1.2093

1997.4190,0.1684,-0.0170,-0.3254,1.7129,1.5886,3.6264,0.3529,0.5801,3.6264,1.0153

1998.4190,-0.4489,0.2299,-0.0784,2.2068,2.3912,3.8733,0.5999,0.8168,3.8733,1.2534

1999.4190,0.0450,0.4151,-0.1401,2.1451,1.7738,4.0585,0.4764,0.7859,4.0585,1.2534

2000.4190,0.3536,0.1065,-0.0167,1.5277,2.2677,3.6881,0.8468,0.8476,3.6881,1.2534

2001.4200,-0.0785,-0.1405,-0.2636,1.6512,1.6503,3.5646,0.2912,0.5183,3.5646,0.9535

2002.4190,0.1067,0.0447,0.9712,1.8364,2.5765,4.2437,0.4147,0.9917,4.2437,1.4563

2003.4190,0.1067,-0.1405,0.2303,1.8364,2.0208,3.5646,0.7851,0.8065,3.5646,1.2005

2004.4190,-0.0168,0.4151,-0.1401,2.0834,1.8355,3.6264,0.5999,0.7962,3.6264,1.2005

2005.4190,-0.0785,0.1065,-0.3254,1.8981,1.5268,3.6264,0.1060,0.5389,3.6264,0.9800

2006.4190,0.1067,0.2917,0.0451,1.6512,1.8355,3.5029,0.4764,0.7344,3.5029,1.1299

2007.4190,-0.1402,-0.2640,-0.3871,1.5277,1.8355,3.3794,0.4147,0.4978,3.3794,0.9094

2008.4200,-0.0785,-0.0788,0.0451,1.8364,1.7121,3.6881,0.1677,0.6007,3.6881,1.0417

2009.4200,0.6005,0.2299,-0.0167,1.8981,2.1443,3.5029,0.3529,0.8682,3.5029,1.2446

2010.4190,-0.0785,0.1065,-0.0784,1.9599,1.6503,3.6881,0.5381,0.6830,3.6881,1.1123

2011.4190,0.0450,0.9090,0.2303,1.8364,1.8355,3.5646,0.5381,0.8991,3.5646,1.2799

2012.4190,-0.3254,0.1682,-0.2019,1.8981,2.0208,3.6881,0.3529,0.6521,3.6881,1.0858

2013.4190,-0.0785,0.2299,0.2303,1.9599,1.7121,3.2560,0.6616,0.7859,3.2560,1.1387

2014.4200,0.2302,-0.1405,0.1686,1.7747,2.0208,3.5646,0.2912,0.7241,3.5646,1.1299

2015.4200,0.2302,0.0447,-0.0167,1.8981,1.8355,3.8733,0.5381,0.7550,3.8733,1.2005

2016.4190,-0.2637,0.1682,-0.2019,1.8981,1.5886,3.6881,0.7851,0.6624,3.6881,1.0947

2017.4200,0.0450,0.4769,-0.1401,2.0216,1.3416,3.7498,-0.0175,0.6212,3.7498,1.0682

2018.4190,-0.0785,0.4769,0.5390,1.6512,1.8973,3.8116,0.4764,0.8270,3.8116,1.2534

2019.4190,0.1684,0.1682,0.1686,1.5895,1.8973,3.5646,0.4147,0.7344,3.5646,1.1387

2020.4200,0.1067,0.0447,0.2303,1.6512,1.8973,3.6881,0.1677,0.6830,3.6881,1.1123

2021.4200,0.4153,-0.0170,-0.0167,1.6512,1.6503,3.3794,0.2912,0.6624,3.3794,1.0505

2022.4200,-0.3254,0.0447,0.1686,1.8981,1.8973,3.4412,0.9703,0.7756,3.4412,1.1564

2023.4190,-0.2019,-0.0788,-0.2636,1.7747,0.6007,3.6264,0.6616,0.4154,3.6264,0.8741

2024.4190,-0.0168,-0.0170,0.0451,1.5277,1.8973,3.6881,0.0442,0.5801,3.6881,1.0241

2025.4190,-0.0785,0.2299,0.2920,2.2686,1.8355,3.8116,0.7234,0.8785,3.8116,1.2975

2026.4190,-0.0785,-0.0788,0.3538,1.9599,2.2060,3.7498,0.5999,0.8270,3.7498,1.2446

2027.4190,0.0450,-0.5726,-0.3254,1.9599,1.7121,3.4412,0.6616,0.5801,3.4412,0.9888

2028.4190,0.0450,0.2299,0.1068,1.8981,1.9590,4.1203,0.6616,0.8168,4.1203,1.2887

2029.4190,-0.0168,-0.2640,-0.1401,1.6512,1.7738,3.8733,0.4764,0.5801,3.8733,1.0505

2030.4190,-0.4489,0.1065,-0.0167,1.5895,1.9590,3.3794,0.8468,0.6727,3.3794,1.0594

2031.4190,0.1684,-0.1405,-0.1401,1.7747,1.4033,3.3177,0.4764,0.5904,3.3177,0.9800

2032.4190,0.0450,-0.1405,-0.2019,2.6390,0.9711,4.1203,0.3529,0.6109,4.1203,1.1123

2033.4190,-0.0785,0.7856,-0.1401,1.6512,2.0208,3.3794,0.3529,0.7653,3.3794,1.1387

2034.4190,-0.0785,0.4151,-0.3871,2.1451,1.6503,3.5646,0.3529,0.6830,3.5646,1.0946

2035.4190,0.6622,0.1682,-0.1401,1.7129,1.8355,3.2560,0.4764,0.7859,3.2560,1.1387

2036.4190,0.2919,-0.0788,0.5390,1.5895,2.0208,3.6881,0.4764,0.8065,3.6881,1.2181

2037.4190,0.0450,-0.0788,0.1068,1.7747,2.3295,3.6881,0.7234,0.8168,3.6881,1.2270

2038.4190,0.1067,-0.2640,-0.3871,1.7129,1.4033,4.3672,0.4764,0.5081,4.3672,1.0594

2039.4190,-0.0168,0.5386,-0.1401,1.7747,2.3295,4.7993,0.4147,0.8168,4.7993,1.3857

2040.4190,0.1684,-0.0170,-0.6341,2.0216,1.8355,5.2315,0.4764,0.6418,5.2315,1.2975

2041.4190,-0.0168,-0.2022,-0.4489,1.8364,1.8973,5.6019,0.2912,0.5595,5.6019,1.2798

2042.4190,-0.0168,-0.3874,0.9094,1.7747,2.0825,6.2193,0.2294,0.7653,6.2193,1.5444

2043.4200,0.2302,-0.0788,-0.0167,1.8364,2.2677,6.4045,0.3529,0.7653,6.4045,1.5709

2044.4190,-0.3871,-0.0170,0.1068,1.8364,1.9590,6.2193,0.3529,0.6418,6.2193,1.4386

2045.4190,0.1067,-0.2022,0.1068,1.8364,1.6503,6.3427,0.4147,0.6521,6.3427,1.4651

2046.4190,-0.0785,0.4151,-0.4489,1.8364,1.5268,6.0341,0.4147,0.6109,6.0341,1.3857

2047.4190,0.1067,-0.1405,-0.2019,1.7747,1.8355,6.1575,0.2912,0.6110,6.1575,1.4033

2048.4190,0.2302,0.0447,-0.2019,1.9599,1.8973,6.0958,0.2294,0.6933,6.0958,1.4651

2049.4190,-0.0168,0.1682,-0.2019,1.7129,1.5268,7.3305,-0.1410,0.5081,7.3305,1.4827

2050.4190,-0.2019,-0.6344,-0.1401,1.5277,1.9590,6.8366,0.7234,0.5389,6.8366,1.4386

2051.4190,-0.0168,-0.0788,-0.2019,1.6512,1.9590,6.2810,0.9703,0.7139,6.2810,1.5092

2052.4200,-0.0168,-0.0170,-0.5723,2.0834,1.8973,6.0341,0.4764,0.6418,6.0341,1.4121

2053.4190,-0.2019,0.2299,0.0451,1.6512,2.0208,6.2810,0.6616,0.7344,6.2810,1.5268

2054.4200,1.3412,0.6003,-0.3254,2.2686,1.7121,6.0341,0.6616,1.0431,6.0341,1.7561

2055.4190,0.0450,0.1065,-0.0784,0.7252,2.1443,6.3427,0.3529,0.5492,6.3427,1.3769

2056.4190,0.1067,0.1682,-0.1401,1.6512,1.8973,5.8489,0.4764,0.6933,5.8489,1.4298

2057.4190,0.1067,0.2917,-0.0784,2.2686,2.0825,6.0958,0.2294,0.8167,6.0958,1.5709

2058.4200,0.5388,0.0447,-0.2019,2.4538,1.7121,6.0341,0.4147,0.8270,6.0341,1.5709

2059.4190,0.2302,0.4151,-0.0784,1.9599,1.8973,6.0341,0.2294,0.7756,6.0341,1.5268

2060.4190,0.4771,0.2299,0.0451,1.5895,1.5886,6.2193,0.4764,0.7344,6.2193,1.5180

2061.4190,0.1684,-0.0788,0.0451,1.8364,2.1443,6.3427,0.4764,0.7653,6.3427,1.5621

2062.4190,0.2302,-0.0170,-0.3871,1.7129,1.6503,6.0958,0.3529,0.5904,6.0958,1.3769

2063.4190,-0.3254,-0.0170,-0.0784,1.7747,1.8973,6.3427,0.7234,0.6624,6.3427,1.4739

2064.4200,0.1684,1.0942,0.3538,2.0216,1.5886,6.1575,0.2294,0.9093,6.1575,1.6591

2065.4190,-0.0785,-0.2022,-0.3254,1.8364,1.8973,5.7871,0.5381,0.6110,5.7871,1.3504

2066.4200,-0.0168,0.2299,-0.2019,1.8981,1.8973,6.3427,0.4147,0.7036,6.3427,1.5092

2067.4190,0.2302,-0.2640,-0.1401,1.9599,1.7738,6.0341,0.7851,0.7241,6.0341,1.4827

2068.4190,0.0450,0.1065,0.5390,2.0216,1.6503,6.0341,0.5381,0.8167,6.0341,1.5621

2069.4190,-0.0785,-0.2022,0.1068,1.7747,2.2677,6.2810,0.4764,0.7242,6.2810,1.5180

2070.4190,0.0450,0.4151,0.1686,1.8364,1.5886,5.9106,0.5381,0.7653,5.9106,1.5003

2071.4200,0.6005,0.1682,-0.5723,1.8364,1.7738,6.0958,0.5999,0.7344,6.0958,1.5003

2072.4190,0.3536,0.1682,-0.1401,1.5895,1.5886,6.0958,0.1677,0.6212,6.0958,1.4033

2073.4190,0.3536,-0.2640,-0.2019,1.8364,1.7121,6.0958,0.2912,0.6212,6.0958,1.4033

2074.4190,0.1067,0.1065,-0.8810,2.0216,1.8973,5.9106,0.6616,0.6521,5.9106,1.4033

2075.4190,-0.6958,-0.0788,-0.2636,2.7007,1.9590,6.0341,0.2294,0.6418,6.0341,1.4122

2076.4190,0.1684,-0.2022,-0.6341,2.0216,1.7121,6.0341,0.4764,0.5904,6.0341,1.3680

2077.4190,-0.0168,-0.0170,-0.2019,1.7747,1.2799,5.8489,0.5999,0.5698,5.8489,1.3239

2078.4190,0.1067,-0.2640,-0.0784,1.9599,1.6503,6.1575,0.4764,0.6418,6.1575,1.4298

2079.4190,-0.0168,-0.2640,-0.0784,1.7747,2.0825,6.2193,0.3529,0.6418,6.2193,1.4386

2080.4200,-0.2637,0.2299,-0.1401,1.5277,1.8973,6.0341,-0.0175,0.5389,6.0341,1.3240

2081.4190,0.2919,0.1682,-0.3871,2.2068,1.7738,5.9106,0.4147,0.7447,5.9106,1.4827

2082.4210,-0.0785,0.4769,-0.5106,1.8981,1.8973,6.1575,0.1677,0.6418,6.1575,1.4298

2083.4200,-0.4489,0.3534,0.1068,1.4660,2.0825,6.0958,0.2912,0.6418,6.0958,1.4210

2084.4190,-0.3254,0.7856,-0.0784,1.5277,1.7121,5.9106,1.4025,0.8373,5.9106,1.5621

2085.4190,-0.0168,-0.3257,-0.0784,1.9599,2.3912,6.2193,0.4764,0.7344,6.2193,1.5180

2086.4190,0.9092,-0.1405,-0.6341,2.0216,2.0825,5.8489,0.5381,0.7961,5.8489,1.5180

2087.4200,0.2919,0.1065,-0.2636,1.8981,1.8355,5.9723,0.5381,0.7344,5.9723,1.4827

2088.4190,0.0450,-0.2640,-0.1401,1.5277,1.4033,6.2193,0.7234,0.5492,6.2193,1.3592

2089.4190,0.0450,-0.3257,-0.5106,2.1451,1.7121,5.6019,0.7851,0.6418,5.6019,1.3504

2090.4190,-0.0785,0.0447,0.3538,1.4660,1.9590,7.4540,0.8468,0.7653,7.4540,1.7208

2091.4190,0.1684,-0.2022,-0.0167,1.5895,1.5886,7.3305,0.3529,0.5801,7.3305,1.5444

2092.4190,0.2302,0.2299,-0.1401,1.5277,1.6503,7.8244,-0.8202,0.4463,7.8244,1.5003

2093.4190,0.2302,-0.3874,-0.0784,1.6512,1.8973,8.2565,0.4147,0.6212,8.2565,1.7120

2094.4190,-0.3871,-0.2022,0.1686,1.5895,1.6503,8.8739,1.7730,0.7653,8.8739,1.9237

2095.4190,0.1067,-0.2640,-0.3254,1.8364,1.8973,8.6270,0.5999,0.6418,8.6270,1.7826

2096.4190,0.3536,0.1682,0.1068,1.7747,0.9711,9.6147,-0.0793,0.5492,9.6147,1.8443

2097.4200,0.2919,-0.1405,0.1686,1.7747,1.9590,9.0591,0.3529,0.7344,9.0591,1.9237

2098.4190,-0.0785,0.0447,0.1068,2.3303,1.9590,9.5530,0.4147,0.7962,9.5530,2.0471

2099.4200,-0.3871,-0.2022,0.1686,1.5895,1.5268,9.9234,1.5877,0.7139,9.9234,2.0295

2100.4190,0.2302,-0.2640,-0.0784,1.8981,1.8973,9.7999,0.4764,0.6933,9.7999,1.9942

2101.4200,0.0450,-0.6344,0.0451,2.0834,1.6503,9.9851,0.4147,0.6007,9.9851,1.9413

2102.4190,-1.0661,0.4151,-0.2019,1.8364,1.3416,9.8617,0.5381,0.4772,9.8617,1.8178

2103.4190,-0.3871,-0.0788,-0.0167,1.7129,1.7121,9.6765,0.9703,0.6521,9.6765,1.9413

2104.4190,-0.1402,-0.1405,0.0451,1.8981,1.2799,9.6765,0.6616,0.6007,9.6765,1.8972

2105.4190,-0.0785,0.1682,-0.0167,1.8981,2.2677,10.0469,0.6616,0.8168,10.0469,2.1353

2106.4190,0.2302,0.0447,-0.0167,2.0834,1.7738,9.7382,0.3529,0.7447,9.7382,2.0295

2107.4190,0.1067,-0.0788,-0.4489,1.5277,2.3912,9.7382,0.2912,0.6315,9.7382,1.9325

2108.4190,-0.3871,0.1065,0.7242,2.1451,1.7738,9.4913,0.6616,0.8373,9.4913,2.0736

2109.4190,-0.1402,-0.0170,0.0451,1.5895,1.8355,9.7999,0.6616,0.6624,9.7999,1.9678

2110.4190,0.3536,0.2917,0.0451,1.4043,1.5886,9.7999,0.1677,0.6418,9.7999,1.9501

2111.4200,-0.0168,0.5386,0.2920,1.7129,1.7121,9.7999,0.2912,0.7550,9.7999,2.0471

2112.4200,0.1684,-0.0170,0.1686,1.8981,1.7121,9.4295,0.2294,0.6933,9.4295,1.9413

2113.4200,-0.1402,0.1682,-0.0167,1.7747,1.6503,9.8617,0.5381,0.6624,9.8617,1.9766

2114.4200,0.1684,0.5386,0.1686,1.6512,1.8973,9.5530,0.1060,0.7550,9.5530,2.0119

2115.4190,0.2302,-0.1405,0.0451,1.7129,1.7738,9.4295,0.4764,0.6830,9.4295,1.9325

2116.4200,-0.2019,-0.2640,-0.0784,1.5895,1.5886,9.9851,1.7112,0.7242,9.9851,2.0472

2117.4190,0.1067,-0.3874,-0.0784,1.9599,1.6503,9.8617,0.5381,0.6315,9.8617,1.9501

2118.4190,-0.1402,0.2299,-0.2019,1.8981,1.9590,9.4913,0.1677,0.6521,9.4913,1.9149

2119.4210,-0.0785,0.1682,-0.1401,2.1451,1.7121,9.6765,0.4764,0.7138,9.6765,1.9942

2120.4200,-0.1402,-0.1405,0.0451,3.0094,1.8973,9.6765,0.2294,0.8167,9.6765,2.0824

2121.4190,0.0450,-0.1405,-0.3871,1.9599,1.9590,9.7999,0.3529,0.6315,9.7999,1.9413

2122.4190,0.2302,-0.0788,0.1686,1.6512,1.7121,9.7382,0.5381,0.7036,9.7382,1.9942

2123.4190,-0.2019,-0.0788,-0.1401,2.1451,1.8355,9.6147,0.5381,0.6830,9.6147,1.9590

2124.4200,-0.0785,-0.1405,-0.0167,1.6512,1.6503,9.8617,0.4147,0.5801,9.8617,1.9060

2125.4200,0.3536,0.1682,0.0451,2.0216,1.8355,9.5530,0.2294,0.7756,9.5530,2.0295

2126.4190,0.4771,0.8473,-0.3254,1.5277,1.7121,9.7382,0.3529,0.7653,9.7382,2.0471

2127.4190,0.7857,0.2299,-0.2636,1.2191,2.0825,10.7260,0.8468,0.8167,10.7260,2.2323

2128.4190,0.0450,-0.6344,-0.3254,2.0216,1.7738,9.9851,0.4764,0.5595,9.9851,1.9060

2129.4200,0.4153,-0.2640,-0.3871,1.8981,1.7121,9.7999,0.2294,0.6007,9.7999,1.9148

2130.4190,0.2919,-0.0788,-0.4489,1.9599,3.0087,9.9851,0.4147,0.8579,9.9851,2.1618

2131.4190,-0.2019,-0.2640,-0.8193,2.0834,1.4033,10.0469,1.5260,0.6212,10.0469,1.9678

2132.4190,0.1684,-0.1405,0.2920,1.5895,1.5268,9.7999,0.2912,0.6212,9.7999,1.9325

2133.4190,0.2919,-0.0170,-0.2636,1.4043,1.8973,10.4173,-0.0175,0.5492,10.4173,1.9589

2134.4190,-0.0785,-0.3257,0.5390,1.4660,1.7738,9.8617,0.2912,0.6110,9.8617,1.9325

