Elapsed Time (s),T1 (deg C),T2 (deg C),T3 (deg C),T4 (deg C),T5 (deg C),T6 (deg C),T7 (deg C),T8 (deg C),Main Loop Avg Temp (deg C),HX Avg Temp (deg C),Overall Avg Temp (deg C)
1.1910,27.9668,27.6267,27.5574,28.0234,27.9178,25.6414,25.1791,28.3798,27.8184,27.0106,27.2865

1.5910,27.9607,27.6032,27.5655,28.0395,27.9452,25.6329,25.1825,28.3695,27.8228,27.0012,27.2874

2.5910,27.9594,27.6001,27.5568,28.0322,27.9087,25.6581,25.1651,28.3833,27.8114,27.0207,27.2830

3.5910,27.9611,27.6161,27.5709,28.0227,27.9144,25.6630,25.1866,28.3393,27.8170,27.0012,27.2843

4.5920,27.9613,27.6146,27.5675,28.0151,27.8992,25.6892,25.1873,28.3112,27.8115,27.0002,27.2807

5.5910,27.9381,27.6099,27.5614,28.0269,27.9209,25.7018,25.2013,28.3733,27.8114,27.0375,27.2917

6.5910,27.9499,27.6011,27.5488,28.0124,27.9027,25.7416,25.2010,28.4675,27.8030,27.1046,27.3031

7.5910,27.9608,27.6190,27.5549,28.0326,27.9111,25.7335,25.1905,28.6059,27.8157,27.1697,27.3261

8.5910,27.9434,27.6101,27.5390,28.0229,27.8867,25.7511,25.1915,28.7256,27.8004,27.2383,27.3338

9.5920,27.9634,27.5919,27.5542,28.0174,27.8916,25.7310,25.1781,28.7866,27.8037,27.2588,27.3393

10.5910,27.9604,27.6073,27.5540,28.0351,27.9022,25.7478,25.2171,28.7972,27.8118,27.2725,27.3526

11.5910,27.9487,27.6072,27.5304,28.0270,27.8951,25.7564,25.1789,28.7874,27.8017,27.2719,27.3414

12.5920,27.9658,27.5970,27.5366,28.0224,27.8745,25.7518,25.2154,28.7663,27.7993,27.2591,27.3412

13.5910,27.9581,27.5935,27.5568,28.0015,27.8979,25.7280,25.2195,28.7671,27.8015,27.2476,27.3403

14.5910,27.9571,27.6142,27.5463,28.0213,27.8832,25.7360,25.2015,28.7524,27.8044,27.2442,27.3390

15.5910,27.9397,27.6015,27.5256,28.0218,27.8823,25.7308,25.1963,28.7218,27.7942,27.2263,27.3275

16.5910,27.9446,27.5848,27.5386,28.0201,27.8703,25.7542,25.1819,28.7489,27.7917,27.2515,27.3304

17.5910,27.9455,27.5948,27.5397,28.0132,27.8742,25.7725,25.2111,28.7408,27.7935,27.2567,27.3365

18.5910,27.9562,27.6041,27.5188,28.0168,27.8693,25.7559,25.1860,28.7162,27.7930,27.2361,27.3279

19.5920,27.9446,27.5998,27.5338,27.9951,27.8797,25.7565,25.2046,28.7065,27.7906,27.2315,27.3276

20.5910,27.9286,27.5908,27.5441,28.0044,27.8645,25.7571,25.1730,28.7042,27.7865,27.2306,27.3208

21.5910,27.9391,27.6073,27.5414,27.9960,27.8571,25.7515,25.1966,28.7048,27.7882,27.2281,27.3242

22.5910,27.9595,27.5914,27.5462,27.9900,27.8590,25.7743,25.1780,28.7210,27.7892,27.2476,27.3274

23.5920,27.9460,27.5799,27.5153,28.0011,27.8588,25.7692,25.2060,28.7169,27.7802,27.2431,27.3241

24.5910,27.9515,27.5853,27.5311,27.9994,27.8458,25.7526,25.2091,28.6979,27.7826,27.2252,27.3216

25.5910,27.9325,27.5971,27.5207,27.9900,27.8548,25.7703,25.1679,28.7109,27.7790,27.2406,27.3180

26.5910,27.9480,27.5956,27.5188,27.9871,27.8618,25.7680,25.1735,28.7363,27.7823,27.2521,27.3236

27.5910,27.9299,27.5911,27.5275,27.9977,27.8517,25.7767,25.1790,28.7568,27.7796,27.2668,27.3263

28.5910,27.9427,27.5694,27.5284,27.9991,27.8323,25.7565,25.1928,28.7729,27.7744,27.2647,27.3243

29.5910,27.9440,27.5989,27.5216,28.0031,27.8467,25.7767,25.1681,28.7963,27.7828,27.2865,27.3319

30.5910,27.9327,27.5897,27.5110,28.0033,27.8446,25.7782,25.1629,28.8317,27.7762,27.3049,27.3318

31.5910,27.9254,27.5802,27.5312,27.9986,27.8634,25.7670,25.1456,28.8446,27.7797,27.3058,27.3320

32.5920,27.9262,27.5845,27.5233,27.9850,27.8578,25.7975,25.1474,28.8670,27.7753,27.3323,27.3361

33.5910,27.9312,27.5856,27.5333,27.9908,27.8486,25.7989,25.1449,28.9003,27.7779,27.3496,27.3417

34.5910,27.9051,27.5782,27.5283,27.9961,27.8491,25.7773,25.1286,28.9137,27.7714,27.3455,27.3345

35.5910,27.9144,27.5900,27.5325,27.9877,27.8529,25.7824,25.1473,28.9291,27.7755,27.3557,27.3420

36.5910,27.9092,27.5973,27.5190,27.9921,27.8446,25.8009,25.1290,28.9715,27.7724,27.3862,27.3454

37.5910,27.9125,27.5780,27.5116,27.9677,27.8301,25.7994,25.1303,28.9884,27.7600,27.3939,27.3398

38.5910,27.9165,27.5850,27.5256,27.9789,27.8343,25.8209,25.1358,29.0235,27.7680,27.4222,27.3525

39.5910,27.9208,27.5843,27.5098,27.9768,27.8326,25.8157,25.1254,29.0386,27.7649,27.4271,27.3505

40.5910,27.9034,27.5908,27.5116,27.9771,27.8231,25.8045,25.1207,29.0828,27.7612,27.4436,27.3517

41.5910,27.9091,27.5720,27.5070,27.9767,27.8302,25.8130,25.1264,29.0824,27.7590,27.4477,27.3521

42.5910,27.9143,27.5820,27.5056,27.9584,27.8213,25.8234,25.1227,29.0636,27.7563,27.4435,27.3489

43.5910,27.9274,27.5737,27.5073,27.9455,27.8244,25.8469,25.1372,29.0729,27.7556,27.4599,27.3544

44.5910,27.9062,27.5894,27.5060,27.9866,27.8307,25.8266,25.1358,29.0701,27.7638,27.4484,27.3564

45.5920,27.9073,27.5649,27.4806,27.9565,27.8180,25.8226,25.1275,29.0731,27.7455,27.4479,27.3438

46.5910,27.9011,27.5715,27.4758,27.9545,27.8207,25.8386,25.1124,29.0839,27.7447,27.4612,27.3448

47.5910,27.9269,27.5620,27.4862,27.9559,27.8113,25.8427,25.1269,29.1224,27.7485,27.4825,27.3543

48.5910,27.9020,27.5663,27.5008,27.9485,27.8057,25.8554,25.1326,29.1341,27.7447,27.4948,27.3557

49.5910,27.8870,27.5638,27.4973,27.9596,27.7890,25.8598,25.1270,29.1422,27.7393,27.5010,27.3532

50.5910,27.9103,27.5795,27.4933,27.9423,27.8113,25.8618,25.1276,29.1626,27.7473,27.5122,27.3611

51.5910,27.9053,27.5668,27.4876,27.9531,27.8278,25.8503,25.1180,29.1243,27.7481,27.4873,27.3541

52.5910,27.9032,27.5626,27.4787,27.9546,27.8072,25.8515,25.1361,29.1499,27.7413,27.5007,27.3555

53.5920,27.8891,27.5611,27.4815,27.9338,27.8038,25.8596,25.1159,29.1307,27.7339,27.4951,27.3469

54.5910,27.8891,27.5755,27.4920,27.9401,27.8096,25.8614,25.1419,29.1175,27.7413,27.4895,27.3534

55.5910,27.8780,27.5512,27.4895,27.9361,27.8052,25.8456,25.1317,29.0918,27.7320,27.4687,27.3411

56.5910,27.8748,27.5622,27.4863,27.9434,27.7818,25.8688,25.1421,29.0613,27.7297,27.4651,27.3401

57.5910,27.8852,27.5777,27.4698,27.9438,27.7973,25.8651,25.1380,29.0784,27.7348,27.4717,27.3444

58.5910,27.8737,27.5685,27.4832,27.9478,27.8163,25.8710,25.1340,29.0551,27.7379,27.4630,27.3437

59.5910,27.8887,27.5638,27.4959,27.9204,27.8111,25.8662,25.1278,29.0724,27.7360,27.4693,27.3433

60.5930,27.8854,27.5725,27.4533,27.9372,27.8015,25.8803,25.1305,29.0714,27.7300,27.4759,27.3415

61.5920,27.8810,27.5475,27.4702,27.9377,27.7987,25.8911,25.1574,29.0746,27.7270,27.4829,27.3448

62.5910,27.8816,27.5645,27.4815,27.9518,27.8217,25.8765,25.1390,29.0837,27.7402,27.4801,27.3500

63.5910,27.8718,27.5459,27.4757,27.9318,27.7805,25.8870,25.1391,29.0762,27.7211,27.4816,27.3385

64.5910,27.8764,27.5482,27.4737,27.9242,27.7998,25.8727,25.1362,29.1024,27.7244,27.4876,27.3417

65.5910,27.8700,27.5567,27.4601,27.9313,27.8163,25.9032,25.1732,29.1074,27.7269,27.5053,27.3523

66.5920,27.8803,27.5676,27.4870,27.9096,27.8088,25.9013,25.1874,29.1516,27.7307,27.5264,27.3617

67.5910,27.8668,27.5595,27.4549,27.9180,27.8229,25.9014,25.1733,29.1644,27.7244,27.5329,27.3577

68.5920,27.8789,27.5445,27.4772,27.9074,27.8259,25.9130,25.1959,29.1887,27.7268,27.5509,27.3664

69.5910,27.8727,27.5616,27.4876,27.9253,27.7981,25.8969,25.1962,29.2154,27.7290,27.5561,27.3692

70.5910,27.8880,27.5621,27.4678,27.9249,27.7977,25.8943,25.2045,29.2387,27.7281,27.5665,27.3722

71.5910,27.8678,27.5586,27.4610,27.9087,27.8078,25.9118,25.1974,29.2717,27.7208,27.5918,27.3731

72.5910,27.8617,27.5399,27.4894,27.9107,27.7873,25.9052,25.2097,29.3084,27.7178,27.6068,27.3765

73.5920,27.8627,27.5709,27.4644,27.9035,27.8022,25.9049,25.2160,29.3438,27.7208,27.6244,27.3836

74.5910,27.8551,27.5774,27.4675,27.8907,27.7936,25.8906,25.2013,29.3574,27.7169,27.6240,27.3792

75.5920,27.8637,27.5740,27.4798,27.8949,27.8016,25.8992,25.2057,29.3660,27.7228,27.6326,27.3856

76.5910,27.8367,27.5614,27.4558,27.8813,27.7833,25.9099,25.1922,29.3992,27.7037,27.6545,27.3775

77.5910,27.8646,27.5532,27.4608,27.8896,27.7935,25.9128,25.1956,29.4426,27.7123,27.6777,27.3891

78.5910,27.8505,27.5495,27.4679,27.8887,27.7898,25.9101,25.2359,29.4676,27.7093,27.6888,27.3950

79.5910,27.8437,27.5702,27.4698,27.9052,27.7827,25.9160,25.2286,29.4834,27.7143,27.6997,27.3999

80.5910,27.8474,27.5484,27.4622,27.8782,27.7765,25.9013,25.2252,29.4805,27.7025,27.6909,27.3900

81.5920,27.8516,27.5591,27.4733,27.8979,27.7758,25.8946,25.2426,29.5326,27.7115,27.7136,27.4034

82.5910,27.8372,27.5741,27.4756,27.8973,27.7904,25.9151,25.2423,29.5305,27.7149,27.7228,27.4078

83.5910,27.8490,27.5675,27.4700,27.8818,27.7824,25.9142,25.2202,29.5809,27.7101,27.7476,27.4082

84.5910,27.8465,27.5494,27.4863,27.8755,27.7827,25.9263,25.2493,29.5882,27.7081,27.7572,27.4130

85.5910,27.8494,27.5579,27.4825,27.8656,27.7544,25.9166,25.2438,29.5893,27.7020,27.7529,27.4074

86.5910,27.8369,27.5671,27.4757,27.8767,27.7641,25.9125,25.2558,29.6252,27.7041,27.7689,27.4142

87.5910,27.8273,27.5715,27.4528,27.8717,27.7680,25.9212,25.2395,29.6321,27.6982,27.7767,27.4105

88.5910,27.8400,27.5719,27.4899,27.8683,27.7811,25.9226,25.2522,29.6499,27.7103,27.7863,27.4220

89.5910,27.8265,27.5564,27.4697,27.8547,27.7661,25.9181,25.2468,29.7009,27.6947,27.8095,27.4174

90.5910,27.8343,27.5584,27.4722,27.8487,27.7714,25.9283,25.2621,29.7153,27.6970,27.8218,27.4238

91.5910,27.8206,27.5649,27.4886,27.8505,27.7633,25.9358,25.2446,29.7185,27.6976,27.8272,27.4233

92.5920,27.8368,27.5631,27.4835,27.8524,27.7681,25.9440,25.2542,29.7257,27.7008,27.8349,27.4285

93.5910,27.8284,27.5698,27.4968,27.8606,27.7541,25.9455,25.2618,29.7597,27.7019,27.8526,27.4346

94.5910,27.8241,27.5548,27.4700,27.8257,27.7758,25.9299,25.2627,29.7582,27.6901,27.8440,27.4251

95.5910,27.8025,27.5718,27.4842,27.8692,27.7622,25.9526,25.2538,29.7714,27.6980,27.8620,27.4335

96.5910,27.8168,27.5685,27.4813,27.8413,27.7607,25.9381,25.2474,29.7862,27.6937,27.8621,27.4300

97.5920,27.8193,27.5800,27.4749,27.8500,27.7694,25.9477,25.2485,29.8085,27.6987,27.8781,27.4373

98.5920,27.8101,27.5679,27.4628,27.8426,27.7762,25.9527,25.2771,29.8097,27.6920,27.8812,27.4374

99.5910,27.8080,27.5674,27.4680,27.8186,27.7512,25.9359,25.2707,29.8334,27.6827,27.8847,27.4317

100.5910,27.8002,27.5730,27.4802,27.8275,27.7582,25.9531,25.2681,29.8421,27.6878,27.8976,27.4378

101.5910,27.7821,27.5624,27.5030,27.8258,27.7683,25.9505,25.2527,29.8658,27.6883,27.9082,27.4388

102.5910,27.8025,27.5373,27.5071,27.8224,27.7748,25.9555,25.2600,29.8397,27.6888,27.8976,27.4374

103.5910,27.7998,27.5692,27.4975,27.8189,27.7793,25.9735,25.2899,29.8797,27.6929,27.9266,27.4510

104.5910,27.8110,27.5800,27.5008,27.8325,27.7746,25.9852,25.3077,29.8674,27.6998,27.9263,27.4574

105.5920,27.8160,27.5636,27.4971,27.8006,27.7718,25.9690,25.3094,29.8832,27.6898,27.9261,27.4513

106.5910,27.8044,27.5711,27.4801,27.8161,27.7751,25.9706,25.3115,29.9055,27.6894,27.9381,27.4543

107.5910,27.8013,27.5794,27.4913,27.8239,27.7726,25.9948,25.3131,29.9075,27.6937,27.9512,27.4605

108.5910,27.7918,27.5751,27.5077,27.7933,27.7622,25.9867,25.3224,29.9267,27.6860,27.9567,27.4583

109.5910,27.7866,27.6001,27.5129,27.8083,27.7956,25.9754,25.3508,29.9338,27.7007,27.9546,27.4704

110.5910,27.8011,27.5855,27.5176,27.8051,27.7971,26.0003,25.3299,29.9586,27.7013,27.9795,27.4744

111.5910,27.7828,27.5753,27.5013,27.7887,27.7901,25.9876,25.3484,29.9559,27.6876,27.9718,27.4663

112.5910,27.7785,27.5960,27.5017,27.7920,27.7915,25.9829,25.3319,29.9657,27.6919,27.9743,27.4675

113.5920,27.7883,27.5705,27.5017,27.7773,27.7957,25.9780,25.3403,29.9581,27.6867,27.9681,27.4637

114.5920,27.7893,27.5982,27.5101,27.7758,27.8116,25.9846,25.3270,29.9825,27.6970,27.9836,27.4724

115.5910,27.7857,27.5901,27.5081,27.7871,27.7984,26.0117,25.3532,29.9879,27.6939,27.9998,27.4778

116.5910,27.7725,27.5862,27.5075,27.7714,27.7949,26.0037,25.3503,29.9827,27.6865,27.9932,27.4711

117.5910,27.7792,27.5904,27.5008,27.7798,27.8048,26.0128,25.3538,30.0191,27.6910,28.0160,27.4801

118.5910,27.7829,27.5913,27.5050,27.7510,27.8198,26.0042,25.3404,30.0077,27.6900,28.0059,27.4753

119.5910,27.7817,27.5928,27.5212,27.7648,27.7964,26.0044,25.3458,30.0253,27.6914,28.0148,27.4790

120.5910,27.7743,27.5977,27.5176,27.7509,27.8046,26.0074,25.3394,30.0231,27.6890,28.0152,27.4769

121.5910,27.7593,27.5842,27.5102,27.7492,27.8071,26.0184,25.3367,30.0223,27.6820,28.0203,27.4734

122.5910,27.8007,27.5899,27.4796,27.7558,27.8231,26.0339,25.3139,30.0415,27.6898,28.0377,27.4798

123.5910,27.7724,27.5950,27.5026,27.7528,27.7952,26.0111,25.2973,30.0386,27.6836,28.0249,27.4706

124.5920,27.7753,27.5792,27.5132,27.7493,27.8232,26.0475,25.3168,30.0560,27.6880,28.0518,27.4826

125.5910,27.7635,27.5935,27.5054,27.7368,27.8174,26.0344,25.3196,30.0218,27.6833,28.0281,27.4741

126.5910,27.7639,27.6089,27.5250,27.7121,27.8299,26.0385,25.3129,30.0559,27.6880,28.0472,27.4809

127.5910,27.7732,27.6045,27.5229,27.7274,27.8104,26.0337,25.2930,30.0723,27.6877,28.0530,27.4797

128.5910,27.7402,27.5981,27.5231,27.7573,27.8256,26.0289,25.2981,30.0812,27.6889,28.0551,27.4816

129.5910,27.7680,27.5971,27.5274,27.7196,27.8195,26.0431,25.3005,30.1029,27.6863,28.0730,27.4848

130.5910,27.7519,27.6097,27.5207,27.7285,27.8034,26.0496,25.3278,30.0731,27.6828,28.0614,27.4831

131.5910,27.7465,27.6061,27.5260,27.7097,27.8044,26.0367,25.2960,30.0988,27.6785,28.0677,27.4780

132.5910,27.7626,27.5975,27.5362,27.7186,27.8142,26.0598,25.3158,30.1125,27.6858,28.0861,27.4896

133.5910,27.7353,27.6056,27.5509,27.7074,27.8294,26.0425,25.3117,30.1121,27.6857,28.0773,27.4869

134.5910,27.7275,27.6217,27.5336,27.7207,27.8215,26.0441,25.3025,30.1015,27.6850,28.0728,27.4841

135.5920,27.7458,27.6226,27.5411,27.7310,27.8379,26.0454,25.2952,30.1070,27.6957,28.0762,27.4907

136.5910,27.7360,27.6351,27.5234,27.6841,27.8311,26.0478,25.3019,30.1057,27.6819,28.0767,27.4831

137.5910,27.7330,27.6084,27.5330,27.6927,27.8251,26.0538,25.2909,30.1281,27.6785,28.0909,27.4831

138.5910,27.7108,27.6056,27.5570,27.6711,27.8331,26.0415,25.2800,30.1266,27.6755,28.0840,27.4782

139.5910,27.7321,27.6313,27.5304,27.6855,27.8466,26.0779,25.2777,30.1417,27.6852,28.1098,27.4904

140.5910,27.7127,27.5982,27.5261,27.6915,27.8348,26.0585,25.2574,30.1379,27.6727,28.0982,27.4772

141.5920,27.7237,27.6210,27.5353,27.6762,27.8477,26.0417,25.2613,30.1334,27.6808,28.0875,27.4800

142.5910,27.7206,27.6151,27.5317,27.6924,27.8498,26.0697,25.2473,30.1326,27.6819,28.1012,27.4824

143.5920,27.7161,27.6213,27.5374,27.6599,27.8597,26.0497,25.2490,30.1338,27.6789,28.0917,27.4784

144.5910,27.7140,27.6431,27.5432,27.6601,27.8858,26.0461,25.2313,30.1331,27.6892,28.0896,27.4821

145.5910,27.6972,27.6420,27.5600,27.6707,27.8530,26.0727,25.2522,30.1286,27.6846,28.1007,27.4845

146.5910,27.7117,27.6303,27.5625,27.6530,27.8461,26.0716,25.2526,30.1303,27.6807,28.1010,27.4823

147.5910,27.7063,27.6172,27.5686,27.6492,27.8509,26.0696,25.2344,30.1353,27.6784,28.1025,27.4789

148.5910,27.6924,27.6269,27.5506,27.6476,27.8587,26.0811,25.2152,30.1393,27.6752,28.1102,27.4765

149.5920,27.6833,27.6321,27.5595,27.6467,27.8884,26.0800,25.2293,30.1401,27.6820,28.1100,27.4824

150.5910,27.6787,27.6501,27.5671,27.6265,27.8701,26.0881,25.2379,30.1407,27.6785,28.1144,27.4824

151.5910,27.6995,27.6369,27.5295,27.6379,27.8668,26.0679,25.2186,30.1530,27.6741,28.1105,27.4763

152.5910,27.6971,27.6502,27.5343,27.6233,27.8651,26.0627,25.2252,30.1501,27.6740,28.1064,27.4760

153.5910,27.6863,27.6407,27.5455,27.6040,27.8862,26.0741,25.2290,30.1647,27.6726,28.1194,27.4788

154.5910,27.6828,27.6511,27.5465,27.6102,27.8792,26.0814,25.2127,30.1438,27.6740,28.1126,27.4760

155.5910,27.6641,27.6398,27.5625,27.6087,27.8763,26.0782,25.2251,30.1773,27.6703,28.1278,27.4790

156.5910,27.6861,27.6490,27.5590,27.5929,27.8907,26.0753,25.2203,30.1871,27.6756,28.1312,27.4826

157.5910,27.6704,27.6526,27.5546,27.5805,27.8788,26.0727,25.2182,30.1827,27.6674,28.1277,27.4763

158.5910,27.6766,27.6730,27.5552,27.5934,27.8808,26.0814,25.2127,30.1819,27.6758,28.1316,27.4819

159.5910,27.6684,27.6502,27.5659,27.5965,27.8698,26.0717,25.2040,30.1675,27.6701,28.1196,27.4742

160.5910,27.6676,27.6516,27.5739,27.5790,27.8627,26.0666,25.2140,30.1770,27.6670,28.1218,27.4741

161.5910,27.6688,27.6542,27.5741,27.5609,27.8808,26.0896,25.2082,30.1868,27.6677,28.1382,27.4779

162.5910,27.6519,27.6540,27.5772,27.5715,27.8759,26.0981,25.1978,30.1684,27.6661,28.1333,27.4744

163.5910,27.6512,27.6593,27.5711,27.5971,27.8920,26.0870,25.2075,30.1805,27.6741,28.1337,27.4807

164.5910,27.6739,27.6658,27.5711,27.5627,27.8755,26.0857,25.1991,30.1839,27.6698,28.1348,27.4772

165.5920,27.6698,27.6630,27.5641,27.5509,27.8798,26.0972,25.1894,30.1958,27.6655,28.1465,27.4762

166.5910,27.6772,27.6591,27.5747,27.5384,27.8965,26.0900,25.1883,30.1848,27.6692,28.1374,27.4761

167.5910,27.6659,27.6713,27.5757,27.5408,27.8763,26.0701,25.2137,30.1852,27.6660,28.1277,27.4749

168.5910,27.7067,27.6742,27.5753,27.5258,27.8862,26.0883,25.1880,30.1930,27.6736,28.1407,27.4797

169.5920,27.6981,27.6751,27.5620,27.5464,27.8782,26.0882,25.1908,30.1831,27.6720,28.1357,27.4777

170.5910,27.6870,27.6611,27.5725,27.5263,27.8726,26.0912,25.1924,30.2190,27.6639,28.1551,27.4777

171.5910,27.6603,27.6838,27.5702,27.5080,27.8911,26.0933,25.1968,30.1844,27.6627,28.1389,27.4735

172.5920,27.6637,27.6925,27.5685,27.5195,27.8842,26.1047,25.2054,30.2113,27.6657,28.1580,27.4812

173.5920,27.7167,27.6874,27.5842,27.5215,27.8702,26.1087,25.1933,30.2321,27.6760,28.1704,27.4893

174.5910,27.6656,27.6751,27.5701,27.5027,27.8824,26.1000,25.1856,30.2259,27.6592,28.1629,27.4759

175.5920,27.6835,27.6934,27.5412,27.4945,27.8771,26.1029,25.2135,30.2230,27.6580,28.1630,27.4786

176.5910,27.7089,27.7111,27.5754,27.4807,27.8713,26.1056,25.2115,30.2352,27.6694,28.1704,27.4874

177.5910,27.7076,27.6860,27.5823,27.5003,27.8773,26.1006,25.2022,30.2250,27.6707,28.1628,27.4852

178.5920,27.6912,27.6987,27.5766,27.4960,27.8767,26.0979,25.2033,30.2199,27.6679,28.1589,27.4825

179.5910,27.6969,27.7002,27.5791,27.4971,27.8844,26.0890,25.2090,30.2162,27.6715,28.1526,27.4840

180.5910,27.6938,27.6991,27.5738,27.4640,27.8598,26.1076,25.2059,30.2343,27.6581,28.1709,27.4798

181.5920,27.6991,27.7053,27.5837,27.4626,27.8782,26.0982,25.2168,30.2334,27.6658,28.1658,27.4847

182.5910,27.7027,27.7000,27.5898,27.4668,27.8913,26.0957,25.2370,30.2239,27.6701,28.1598,27.4884

183.5920,27.7169,27.6906,27.5996,27.4441,27.8654,26.1184,25.2394,30.2371,27.6633,28.1778,27.4889

184.5910,27.7147,27.7124,27.5838,27.4377,27.8641,26.0944,25.2215,30.2489,27.6625,28.1717,27.4847

185.5910,27.7125,27.6888,27.5959,27.4456,27.8688,26.0999,25.2232,30.2543,27.6623,28.1771,27.4861

186.5910,27.7104,27.7062,27.6077,27.4319,27.8645,26.1190,25.2168,30.2574,27.6642,28.1882,27.4893

187.5910,27.7090,27.7147,27.6148,27.4626,27.8749,26.0944,25.2277,30.2616,27.6752,28.1780,27.4950

188.5910,27.7294,27.6986,27.6156,27.4116,27.8734,26.1044,25.2467,30.2551,27.6657,28.1798,27.4918

189.5910,27.7278,27.7197,27.6075,27.4266,27.8907,26.1128,25.2300,30.2494,27.6745,28.1811,27.4956

190.5910,27.7513,27.6905,27.5967,27.4143,27.8719,26.1099,25.2271,30.2827,27.6649,28.1963,27.4931

191.5910,27.7537,27.7003,27.6112,27.4232,27.8779,26.1132,25.2120,30.2630,27.6733,28.1881,27.4943

192.5910,27.7420,27.7072,27.6209,27.4136,27.8659,26.1228,25.2343,30.2870,27.6699,28.2049,27.4992

193.5910,27.7579,27.6763,27.6433,27.4006,27.8920,26.1246,25.2399,30.2714,27.6740,28.1980,27.5008

194.5910,27.7420,27.6917,27.6314,27.3915,27.8830,26.1280,25.2367,30.2970,27.6679,28.2125,27.5001

195.5920,27.7576,27.6750,27.6354,27.3856,27.8927,26.1139,25.2353,30.2721,27.6693,28.1930,27.4959

196.5910,27.7887,27.6865,27.6337,27.3967,27.8924,26.0917,25.2428,30.3040,27.6796,28.1978,27.5045

197.5910,27.7959,27.6937,27.6381,27.3897,27.8897,26.0852,25.2676,30.3065,27.6814,28.1959,27.5083

198.5910,27.7924,27.6687,27.6310,27.3850,27.8953,26.1039,25.2579,30.2998,27.6745,28.2018,27.5042

199.5930,27.8272,27.6905,27.6429,27.3767,27.8766,26.0901,25.2744,30.2978,27.6828,28.1940,27.5095

200.5910,27.8014,27.6793,27.6364,27.3763,27.8805,26.1304,25.2920,30.2805,27.6748,28.2055,27.5096

201.5910,27.8288,27.6889,27.6502,27.3618,27.8929,26.1243,25.2495,30.3064,27.6845,28.2154,27.5128

202.5910,27.8222,27.6772,27.6546,27.3690,27.8977,26.1224,25.2878,30.3116,27.6841,28.2170,27.5178

203.5910,27.8193,27.6742,27.6290,27.3481,27.9022,26.1058,25.2594,30.3092,27.6746,28.2075,27.5059

204.5910,27.8330,27.6619,27.6317,27.3428,27.9069,26.1011,25.2547,30.3209,27.6753,28.2110,27.5066

205.5920,27.8468,27.6619,27.6600,27.3579,27.8923,26.1352,25.2553,30.3098,27.6838,28.2225,27.5149

206.5910,27.8286,27.6654,27.6602,27.3567,27.9067,26.1005,25.2512,30.3250,27.6835,28.2127,27.5118

207.5910,27.8517,27.6404,27.6494,27.3346,27.9184,26.1255,25.2309,30.3222,27.6789,28.2239,27.5091

208.5910,27.8468,27.6730,27.6697,27.3341,27.9020,26.1145,25.2293,30.3324,27.6851,28.2234,27.5127

209.5910,27.8397,27.6615,27.6446,27.3307,27.9268,26.1149,25.2425,30.3304,27.6807,28.2227,27.5114

210.5920,27.8768,27.6611,27.6719,27.3467,27.9070,26.1276,25.2240,30.3567,27.6927,28.2421,27.5215

211.5910,27.8879,27.6557,27.6807,27.2975,27.9238,26.1038,25.2205,30.3428,27.6891,28.2233,27.5141

212.5910,27.8914,27.6495,27.6641,27.3300,27.9355,26.1275,25.2310,30.3501,27.6941,28.2388,27.5224

213.5920,27.8819,27.6514,27.6485,27.3205,27.9294,26.1142,25.2234,30.3481,27.6863,28.2311,27.5147

214.5910,27.8832,27.6513,27.6583,27.3068,27.9146,26.1259,25.1992,30.3597,27.6828,28.2428,27.5124

215.5910,27.8929,27.6393,27.6643,27.3066,27.9064,26.1140,25.2014,30.3713,27.6819,28.2426,27.5120

216.5910,27.9390,27.6368,27.6712,27.3083,27.9492,26.1229,25.2170,30.3614,27.7009,28.2421,27.5257

217.5910,27.9403,27.6287,27.6905,27.3158,27.9402,26.1345,25.1913,30.3664,27.7031,28.2505,27.5260

218.5910,27.9217,27.6437,27.6799,27.3199,27.9494,26.1301,25.1944,30.3818,27.7029,28.2559,27.5276

219.5910,27.9253,27.6311,27.7036,27.3016,27.9373,26.1445,25.1928,30.3769,27.6998,28.2607,27.5267

220.5910,27.9497,27.6418,27.6965,27.2931,27.9415,26.1368,25.2035,30.3941,27.7045,28.2655,27.5321

221.5910,27.9729,27.6330,27.6929,27.2993,27.9261,26.1091,25.1942,30.3816,27.7048,28.2453,27.5261

222.5910,27.9715,27.6176,27.6892,27.2787,27.9464,26.1399,25.1801,30.3999,27.7007,28.2699,27.5279

223.5910,27.9819,27.6186,27.6973,27.2915,27.9329,26.1305,25.2038,30.4014,27.7045,28.2659,27.5322

224.5910,27.9898,27.6350,27.7269,27.2900,27.9464,26.1251,25.1970,30.3895,27.7176,28.2573,27.5374

225.5920,27.9988,27.6170,27.6990,27.3102,27.9558,26.1223,25.2112,30.3726,27.7162,28.2475,27.5359

226.5910,28.0149,27.6027,27.7172,27.2897,27.9438,26.1451,25.1877,30.4051,27.7137,28.2751,27.5383

227.5910,28.0434,27.6151,27.7201,27.2705,27.9204,26.1320,25.1874,30.4034,27.7139,28.2677,27.5365

228.5910,28.0533,27.6171,27.7236,27.2839,27.9582,26.1354,25.1922,30.4059,27.7272,28.2706,27.5462

229.5910,28.0759,27.6012,27.7025,27.2713,27.9654,26.1430,25.1880,30.4205,27.7233,28.2817,27.5460

230.5910,28.0761,27.6045,27.7039,27.2850,27.9659,26.1455,25.2051,30.4098,27.7271,28.2777,27.5495

231.5910,28.0883,27.6052,27.7074,27.3021,27.9623,26.1261,25.2055,30.4079,27.7331,28.2670,27.5506

232.5910,28.0991,27.6015,27.7297,27.3041,27.9454,26.1454,25.2338,30.4215,27.7360,28.2834,27.5601

233.5910,28.1220,27.5834,27.7247,27.3138,27.9810,26.1386,25.2563,30.4232,27.7450,28.2809,27.5679

234.5910,28.1357,27.5931,27.7340,27.3070,27.9564,26.1254,25.2587,30.4312,27.7452,28.2783,27.5677

235.5920,28.1547,27.5965,27.7350,27.3028,27.9635,26.1408,25.2448,30.4572,27.7505,28.2990,27.5744

236.5910,28.1580,27.6011,27.7141,27.3065,27.9747,26.1360,25.2711,30.4464,27.7509,28.2912,27.5760

237.5910,28.1725,27.5894,27.7322,27.3052,27.9513,26.1355,25.2310,30.4445,27.7501,28.2900,27.5702

238.5910,28.2039,27.5735,27.7224,27.3016,27.9523,26.1367,25.2567,30.4489,27.7507,28.2928,27.5745

239.5910,28.2477,27.5722,27.7367,27.3168,27.9558,26.1428,25.2657,30.4447,27.7658,28.2937,27.5853

240.5910,28.2557,27.5814,27.7491,27.2811,27.9649,26.1339,25.2714,30.4673,27.7664,28.3006,27.5881

241.5910,28.2627,27.5525,27.7264,27.3136,28.0077,26.1503,25.2581,30.4592,27.7726,28.3047,27.5913

242.5910,28.2758,27.5516,27.7340,27.3155,27.9592,26.1337,25.2580,30.4676,27.7672,28.3006,27.5869

243.5910,28.3292,27.5586,27.7390,27.2833,27.9515,26.1335,25.2583,30.4528,27.7723,28.2931,27.5883

244.5910,28.3442,27.5534,27.7518,27.2947,27.9648,26.1353,25.2539,30.4645,27.7818,28.2999,27.5953

245.5910,28.3520,27.5456,27.7548,27.2779,27.9875,26.1544,25.2825,30.4675,27.7836,28.3110,27.6028

246.5910,28.3708,27.5662,27.7415,27.3131,27.9823,26.1516,25.2901,30.4849,27.7948,28.3182,27.6126

247.5920,28.3815,27.5489,27.7303,27.2944,27.9927,26.1679,25.2767,30.4613,27.7896,28.3146,27.6067

248.5910,28.4284,27.5296,27.7596,27.3090,27.9767,26.1356,25.2798,30.4771,27.8007,28.3063,27.6120

249.5910,28.4281,27.5379,27.7467,27.3206,27.9921,26.1405,25.2908,30.4847,27.8051,28.3126,27.6177

250.5910,28.4367,27.5398,27.7622,27.3037,27.9672,26.1426,25.2674,30.4990,27.8019,28.3208,27.6148

251.5910,28.4878,27.5402,27.7494,27.2989,27.9798,26.1484,25.2784,30.4879,27.8112,28.3182,27.6213

252.5910,28.4963,27.5276,27.7801,27.3070,27.9827,26.1391,25.2823,30.4969,27.8187,28.3180,27.6265

253.5920,28.5038,27.5370,27.7797,27.2835,27.9696,26.1442,25.2888,30.4992,27.8147,28.3217,27.6257

254.5910,28.5430,27.5290,27.7647,27.2896,27.9922,26.1419,25.2856,30.4979,27.8237,28.3199,27.6305

255.5910,28.5234,27.5398,27.7896,27.3004,27.9898,26.1520,25.2773,30.5131,27.8286,28.3325,27.6357

256.5910,28.5524,27.5365,27.7688,27.3023,27.9907,26.1542,25.2851,30.5195,27.8301,28.3368,27.6387

257.5910,28.5520,27.5312,27.7555,27.3035,27.9920,26.1481,25.2804,30.5040,27.8268,28.3261,27.6333

258.5910,28.5683,27.5136,27.7827,27.3030,27.9909,26.1527,25.2935,30.5241,27.8317,28.3384,27.6411

259.5910,28.5750,27.5207,27.7728,27.3020,27.9819,26.1552,25.2946,30.5162,27.8305,28.3357,27.6398

260.5910,28.5765,27.5185,27.7753,27.3121,27.9826,26.1529,25.2843,30.5313,27.8330,28.3421,27.6417

261.5910,28.5903,27.5233,27.7702,27.3023,27.9752,26.1521,25.2675,30.5414,27.8323,28.3468,27.6403

262.5910,28.6076,27.5215,27.7873,27.3094,27.9884,26.1675,25.2555,30.5379,27.8428,28.3527,27.6469

263.5910,28.6163,27.5102,27.7793,27.2981,27.9635,26.1404,25.2689,30.5541,27.8335,28.3473,27.6413

264.5920,28.6295,27.5129,27.7843,27.3192,27.9873,26.1692,25.2496,30.5485,27.8466,28.3589,27.6501

265.5910,28.6200,27.5145,27.7534,27.3128,27.9838,26.1663,25.2774,30.5395,27.8369,28.3529,27.6460

266.5910,28.6348,27.5086,27.7809,27.3177,27.9821,26.1476,25.2544,30.5529,27.8448,28.3502,27.6474

267.5910,28.6392,27.4927,27.7547,27.3126,27.9756,26.1643,25.2555,30.5577,27.8349,28.3610,27.6440

268.5910,28.6662,27.5044,27.7918,27.3003,27.9892,26.1677,25.2481,30.5494,27.8504,28.3586,27.6522

269.5910,28.6959,27.5233,27.7721,27.3041,27.9841,26.1593,25.2534,30.5443,27.8559,28.3518,27.6546

270.5910,28.6943,27.4977,27.7484,27.3097,28.0042,26.1638,25.2287,30.5643,27.8509,28.3641,27.6514

271.5920,28.7037,27.5054,27.7415,27.3094,27.9559,26.1653,25.2461,30.5615,27.8432,28.3634,27.6486

272.5920,28.7180,27.5199,27.7508,27.3280,27.9938,26.1668,25.2538,30.5589,27.8621,28.3628,27.6613

273.5910,28.7259,27.5073,27.7486,27.3122,27.9974,26.1597,25.2363,30.5484,27.8583,28.3540,27.6545

274.5910,28.7434,27.5034,27.7772,27.3026,27.9925,26.1668,25.2410,30.5710,27.8638,28.3689,27.6622

275.5910,28.7612,27.4827,27.7452,27.2942,27.9699,26.1470,25.2533,30.5668,27.8506,28.3569,27.6525

276.5910,28.7749,27.4994,27.7558,27.2935,27.9899,26.1488,25.2358,30.5733,27.8627,28.3611,27.6589

277.5910,28.7765,27.4896,27.7647,27.3072,27.9706,26.1655,25.2308,30.5745,27.8617,28.3700,27.6599

278.5910,28.8366,27.4988,27.7791,27.2904,27.9878,26.1692,25.2397,30.5828,27.8785,28.3760,27.6731

279.5910,28.8203,27.4921,27.7843,27.2951,27.9803,26.1538,25.2743,30.5764,27.8744,28.3651,27.6721

280.5920,28.8393,27.4841,27.7622,27.2937,27.9723,26.1549,25.2405,30.5935,27.8703,28.3742,27.6676

281.5920,28.8437,27.5064,27.7680,27.3009,27.9818,26.1692,25.2364,30.5918,27.8802,28.3805,27.6748

282.5920,28.8537,27.4961,27.7614,27.2802,27.9927,26.1831,25.2526,30.5788,27.8768,28.3809,27.6748

283.5910,28.8750,27.4954,27.7550,27.2776,27.9826,26.1874,25.2499,30.5958,27.8771,28.3916,27.6773

284.5910,28.9138,27.4847,27.7636,27.2896,27.9789,26.1710,25.2533,30.5847,27.8861,28.3779,27.6800

285.5910,28.9336,27.5055,27.7623,27.2760,27.9729,26.1659,25.2525,30.5946,27.8901,28.3803,27.6829

286.5910,28.9358,27.4995,27.7459,27.2615,28.0027,26.1756,25.2443,30.6010,27.8891,28.3883,27.6833

287.5910,28.9664,27.4982,27.7598,27.2654,27.9991,26.1535,25.2339,30.5837,27.8978,28.3686,27.6825

288.5910,28.9678,27.4958,27.7484,27.2738,27.9670,26.1690,25.2376,30.6118,27.8906,28.3904,27.6839

289.5910,28.9805,27.4893,27.7457,27.2490,27.9907,26.1704,25.2286,30.6155,27.8910,28.3930,27.6837

290.5910,29.0007,27.4900,27.7600,27.2638,27.9979,26.1610,25.2088,30.6174,27.9025,28.3892,27.6875

291.5910,29.0103,27.4953,27.7324,27.2347,27.9971,26.1583,25.2061,30.6101,27.8940,28.3842,27.6805

292.5910,29.0226,27.5149,27.7509,27.2750,27.9860,26.1717,25.2143,30.6172,27.9099,28.3944,27.6941

293.5910,29.0346,27.5079,27.7567,27.2671,28.0050,26.1983,25.2140,30.5977,27.9143,28.3980,27.6977

294.5910,29.0603,27.4937,27.7340,27.2707,28.0124,26.1542,25.2039,30.6135,27.9142,28.3838,27.6928

295.5920,29.0627,27.4983,27.7504,27.2693,27.9968,26.1826,25.2181,30.6215,27.9155,28.4021,27.7000

296.5910,29.0593,27.4823,27.7504,27.2522,27.9987,26.1768,25.2232,30.6068,27.9086,28.3918,27.6937

297.5910,29.0800,27.4857,27.7359,27.2585,28.0195,26.1735,25.2558,30.6134,27.9159,28.3934,27.7028

298.5910,29.0589,27.4955,27.7448,27.2486,28.0096,26.1741,25.2252,30.6258,27.9115,28.3999,27.6978

299.5910,29.1142,27.4892,27.7248,27.2563,28.0164,26.1832,25.2476,30.6179,27.9202,28.4006,27.7062

300.5910,29.1150,27.4941,27.7533,27.2618,28.0341,26.1898,25.2404,30.6207,27.9317,28.4052,27.7137

301.5910,29.1223,27.4912,27.7593,27.2404,28.0283,26.1801,25.2661,30.6289,27.9283,28.4045,27.7146

302.5910,29.1339,27.4875,27.7301,27.2608,28.0425,26.1874,25.2386,30.6517,27.9309,28.4196,27.7165

303.5920,29.1437,27.4857,27.7605,27.2623,28.0332,26.1765,25.2475,30.6352,27.9371,28.4059,27.7181

304.5920,29.1533,27.4943,27.7686,27.2271,28.0216,26.1814,25.2633,30.6434,27.9330,28.4124,27.7191

305.5910,29.1727,27.4882,27.7629,27.2657,28.0418,26.1688,25.2624,30.6543,27.9463,28.4116,27.7271

306.5910,29.1826,27.4963,27.7276,27.2568,28.0249,26.1745,25.2785,30.6407,27.9377,28.4076,27.7227

307.5910,29.1835,27.5047,27.7389,27.2413,28.0249,26.1758,25.2572,30.6486,27.9387,28.4122,27.7219

308.5910,29.1857,27.5010,27.7668,27.2300,28.0320,26.1931,25.2646,30.6353,27.9431,28.4142,27.7260

309.5910,29.2006,27.5016,27.7410,27.2433,28.0557,26.1675,25.2692,30.6371,27.9484,28.4023,27.7270

310.5910,29.2163,27.4742,27.7272,27.2503,28.0349,26.1790,25.2732,30.6594,27.9406,28.4192,27.7268

311.5910,29.2326,27.4835,27.7517,27.2375,28.0423,26.1854,25.2767,30.6361,27.9495,28.4107,27.7307

312.5910,29.2733,27.5004,27.7534,27.2364,28.0328,26.1913,25.2628,30.6467,27.9593,28.4190,27.7371

313.5910,29.2784,27.4946,27.7430,27.2170,28.0336,26.1828,25.2845,30.6382,27.9533,28.4105,27.7340

314.5920,29.2967,27.4805,27.7359,27.2463,28.0054,26.1879,25.2849,30.6607,27.9530,28.4243,27.7373

315.5910,29.3050,27.4864,27.7682,27.2352,28.0410,26.1982,25.2800,30.6573,27.9672,28.4277,27.7464

316.5910,29.3215,27.4783,27.7445,27.2431,28.0248,26.1987,25.2853,30.6507,27.9624,28.4247,27.7434

317.5910,29.3222,27.4984,27.7562,27.2232,28.0384,26.1932,25.2845,30.6424,27.9677,28.4178,27.7448

318.5910,29.3382,27.4929,27.7487,27.2176,28.0295,26.1777,25.3119,30.6679,27.9654,28.4228,27.7481

319.5910,29.3403,27.4744,27.7421,27.2331,28.0215,26.1968,25.3140,30.6596,27.9623,28.4282,27.7477

320.5910,29.3408,27.4799,27.7537,27.2226,28.0274,26.1874,25.2876,30.6587,27.9649,28.4230,27.7448

321.5910,29.3475,27.4887,27.7568,27.2200,28.0419,26.1983,25.3051,30.6653,27.9710,28.4318,27.7530

322.5920,29.3709,27.4863,27.7629,27.2167,28.0253,26.1878,25.3211,30.6587,27.9724,28.4232,27.7537

323.5910,29.3893,27.4858,27.7516,27.2416,28.0319,26.1959,25.3150,30.6733,27.9800,28.4346,27.7605

324.5910,29.3715,27.4798,27.7418,27.2370,28.0433,26.2016,25.3085,30.6682,27.9747,28.4349,27.7565

325.5910,29.3908,27.4994,27.7577,27.2327,28.0210,26.1818,25.3066,30.6602,27.9803,28.4210,27.7563

326.5920,29.3894,27.4893,27.7287,27.2560,28.0180,26.1728,25.3156,30.6682,27.9763,28.4205,27.7548

327.5910,29.3856,27.4884,27.7320,27.2655,28.0241,26.1851,25.3302,30.6686,27.9791,28.4268,27.7599

328.5930,29.4015,27.4817,27.7291,27.2607,28.0288,26.1863,25.3182,30.6798,27.9804,28.4331,27.7608

329.5910,29.3868,27.4791,27.7369,27.2562,28.0346,26.1924,25.3276,30.6708,27.9787,28.4316,27.7606

330.5910,29.3949,27.4840,27.7432,27.2526,28.0112,26.1750,25.3239,30.6821,27.9772,28.4286,27.7584

331.5920,29.4138,27.4920,27.7526,27.2554,28.0051,26.1911,25.3268,30.6831,27.9838,28.4371,27.7650

332.5910,29.4098,27.4903,27.7679,27.2721,28.0147,26.1966,25.3153,30.6867,27.9910,28.4417,27.7692

333.5910,29.4692,27.4936,27.7599,27.2787,28.0204,26.2043,25.3201,30.6779,28.0044,28.4411,27.7780

334.5920,29.4867,27.4696,27.7335,27.2585,28.0270,26.1907,25.3169,30.6700,27.9951,28.4304,27.7691

335.5910,29.5089,27.4957,27.7351,27.2605,28.0296,26.1889,25.3289,30.7026,28.0060,28.4457,27.7813

336.5910,29.5269,27.4790,27.7260,27.2688,28.0199,26.2027,25.3460,30.6783,28.0041,28.4405,27.7810

337.5910,29.5590,27.4743,27.7255,27.2608,28.0260,26.1816,25.3649,30.6722,28.0091,28.4269,27.7830

338.5910,29.5530,27.4656,27.6942,27.2658,28.0084,26.1633,25.3736,30.6860,27.9974,28.4247,27.7763

339.5910,29.5638,27.4805,27.6615,27.2505,28.0252,26.1934,25.3655,30.6784,27.9963,28.4359,27.7774

340.5910,29.5922,27.4602,27.6793,27.2603,28.0181,26.1951,25.3879,30.6927,28.0020,28.4439,27.7857

341.5910,29.5674,27.4854,27.6838,27.2549,27.9971,26.1834,25.4055,30.6980,27.9977,28.4407,27.7844

342.5910,29.5811,27.4704,27.6782,27.2819,28.0330,26.1868,25.3980,30.6901,28.0089,28.4384,27.7899

343.5920,29.6173,27.4844,27.6748,27.2568,28.0065,26.1900,25.3980,30.7032,28.0080,28.4466,27.7914

344.5910,29.5985,27.4837,27.6751,27.2613,27.9874,26.2033,25.3871,30.6938,28.0012,28.4486,27.7863

345.5910,29.6379,27.4697,27.6535,27.2421,27.9875,26.2111,25.3955,30.6984,27.9981,28.4548,27.7870

346.5910,29.6422,27.4735,27.6375,27.2647,28.0182,26.1872,25.3980,30.6835,28.0073,28.4354,27.7881

347.5910,29.6555,27.4878,27.6485,27.2559,28.0000,26.1916,25.3863,30.6949,28.0096,28.4433,27.7901

348.5920,29.6426,27.4791,27.6459,27.2500,27.9955,26.2023,25.3861,30.7008,28.0026,28.4515,27.7878

349.5910,29.6382,27.4946,27.6355,27.2566,27.9917,26.2002,25.3902,30.7269,28.0033,28.4635,27.7917

350.5910,29.6454,27.4715,27.6209,27.2712,28.0162,26.1918,25.3846,30.7040,28.0050,28.4479,27.7882

351.5910,29.6620,27.4674,27.6347,27.2624,27.9867,26.1731,25.3820,30.6990,28.0027,28.4361,27.7834

352.5910,29.6575,27.4848,27.6248,27.2694,28.0036,26.1889,25.3850,30.7063,28.0080,28.4476,27.7901

353.5910,29.6594,27.4733,27.6085,27.2541,28.0043,26.1799,25.3647,30.7119,27.9999,28.4459,27.7820

354.5910,29.6478,27.4734,27.6407,27.2330,27.9752,26.2055,25.3837,30.7050,27.9940,28.4552,27.7830

355.5910,29.6552,27.4589,27.6258,27.2346,27.9994,26.1908,25.3600,30.7312,27.9948,28.4610,27.7820

356.5920,29.6619,27.4676,27.6151,27.2522,28.0146,26.2225,25.3714,30.7102,28.0023,28.4663,27.7894

357.5920,29.6822,27.4814,27.6256,27.2297,27.9973,26.1952,25.3763,30.7051,28.0032,28.4502,27.7866

358.5910,29.6830,27.4662,27.6203,27.2032,27.9883,26.1914,25.3412,30.6829,27.9922,28.4371,27.7721

359.5910,29.7054,27.4825,27.6310,27.2252,28.0182,26.2071,25.3669,30.7038,28.0125,28.4555,27.7925

360.5910,29.7038,27.4617,27.6167,27.2307,28.0073,26.1967,25.3607,30.7140,28.0041,28.4553,27.7865

361.5910,29.7532,27.4707,27.5979,27.1997,28.0078,26.1915,25.3626,30.7310,28.0059,28.4612,27.7893

362.5910,29.7572,27.4511,27.6099,27.2191,27.9939,26.1908,25.3699,30.7175,28.0062,28.4541,27.7887

363.5910,29.7645,27.4637,27.6188,27.2417,27.9999,26.2278,25.3507,30.7145,28.0177,28.4711,27.7977

364.5920,29.7800,27.4647,27.6442,27.2351,28.0107,26.1825,25.3862,30.7159,28.0269,28.4492,27.8024

365.5910,29.8025,27.4774,27.6230,27.2299,28.0074,26.1910,25.3772,30.7229,28.0281,28.4569,27.8039

366.5910,29.8158,27.4594,27.5984,27.2280,28.0031,26.1774,25.3796,30.7310,28.0209,28.4542,27.7991

367.5910,29.8276,27.4562,27.6164,27.2436,27.9938,26.1939,25.3745,30.7334,28.0275,28.4637,27.8049

368.5920,29.8682,27.4424,27.6149,27.2468,28.0041,26.1984,25.3558,30.7199,28.0353,28.4591,27.8063

369.5920,29.8502,27.4621,27.6190,27.2259,27.9893,26.2052,25.3409,30.7268,28.0293,28.4660,27.8024

370.5920,29.8479,27.4458,27.6220,27.2252,27.9924,26.2011,25.3387,30.7377,28.0267,28.4694,27.8014

371.5910,29.8650,27.4471,27.6319,27.2218,27.9928,26.1932,25.3204,30.7393,28.0317,28.4662,27.8014

372.5910,29.8623,27.4668,27.6205,27.2222,27.9913,26.2004,25.3408,30.7083,28.0326,28.4544,27.8016

373.5910,29.8471,27.4595,27.6235,27.2224,27.9853,26.2017,25.3402,30.7332,28.0275,28.4674,27.8016

374.5910,29.8426,27.4502,27.6014,27.2352,27.9845,26.2004,25.3475,30.7417,28.0228,28.4711,27.8004

375.5910,29.8395,27.4385,27.6006,27.2235,27.9855,26.2025,25.3061,30.7316,28.0175,28.4671,27.7910

376.5910,29.8478,27.4348,27.5932,27.2435,27.9932,26.2042,25.3083,30.7014,28.0225,28.4528,27.7908

377.5910,29.8603,27.4498,27.5827,27.2335,27.9931,26.1757,25.3190,30.6791,28.0239,28.4274,27.7867

378.5910,29.8847,27.4511,27.5963,27.2376,28.0132,26.2248,25.3019,30.6551,28.0366,28.4399,27.7956

379.5910,29.8924,27.4293,27.5895,27.2379,27.9646,26.2009,25.3002,30.6196,28.0227,28.4102,27.7793

380.5910,29.9029,27.4596,27.6119,27.2343,27.9775,26.2071,25.3041,30.6136,28.0372,28.4104,27.7889

381.5920,29.8998,27.4430,27.5985,27.2139,27.9688,26.1970,25.2845,30.6189,28.0248,28.4079,27.7780

382.5910,29.9128,27.4263,27.5931,27.2406,27.9908,26.1977,25.2966,30.5967,28.0327,28.3972,27.7818

383.5910,29.9136,27.4498,27.6034,27.2301,27.9554,26.1929,25.3073,30.5881,28.0304,28.3905,27.7801

384.5910,29.9088,27.4309,27.5789,27.2249,27.9803,26.1961,25.2676,30.5871,28.0248,28.3916,27.7718

385.5910,29.9083,27.4342,27.5562,27.2202,27.9789,26.2135,25.2727,30.5889,28.0196,28.4012,27.7716

386.5910,29.9138,27.4258,27.5950,27.2312,27.9908,26.1775,25.2622,30.5822,28.0313,28.3799,27.7723

387.5910,29.8774,27.4369,27.5731,27.2450,27.9797,26.1853,25.2728,30.6041,28.0224,28.3947,27.7718

388.5920,29.8921,27.4224,27.5582,27.2358,27.9662,26.1647,25.2484,30.5742,28.0149,28.3694,27.7578

389.5910,29.8989,27.4317,27.5995,27.2262,27.9835,26.1895,25.2846,30.5777,28.0280,28.3836,27.7740

390.5920,29.9125,27.4272,27.5709,27.2457,27.9573,26.1626,25.2609,30.5762,28.0227,28.3694,27.7642

391.5920,29.9003,27.4204,27.5991,27.2154,27.9680,26.1347,25.2605,30.5626,28.0206,28.3487,27.7576

392.5910,29.8895,27.4194,27.6060,27.2318,27.9844,26.1720,25.2685,30.5847,28.0262,28.3783,27.7695

393.5910,29.9094,27.4142,27.5753,27.2035,27.9895,26.1613,25.2535,30.6111,28.0184,28.3862,27.7647

394.5910,29.9255,27.4281,27.5940,27.2452,27.9846,26.1449,25.2433,30.5822,28.0355,28.3636,27.7685

395.5910,29.9238,27.4082,27.6085,27.2178,27.9939,26.1654,25.2590,30.5687,28.0305,28.3671,27.7682

396.5920,29.9074,27.4210,27.5968,27.2254,27.9530,26.1565,25.2529,30.5734,28.0207,28.3650,27.7608

397.5910,29.9292,27.4065,27.5898,27.2208,27.9606,26.1675,25.2470,30.5952,28.0214,28.3814,27.7646

398.5910,29.9217,27.4163,27.5784,27.2117,27.9605,26.1359,25.2527,30.5732,28.0177,28.3546,27.7563

399.5910,29.9314,27.4156,27.5947,27.2289,27.9650,26.1259,25.2695,30.5712,28.0271,28.3485,27.7628

400.5910,29.9423,27.4132,27.5730,27.2185,27.9537,26.1165,25.2493,30.5680,28.0201,28.3423,27.7543

401.5910,29.9474,27.4117,27.5983,27.2067,27.9371,26.1084,25.2643,30.5665,28.0202,28.3375,27.7551

402.5910,29.9547,27.4072,27.6084,27.2305,27.9722,26.1128,25.2570,30.5521,28.0346,28.3325,27.7619

403.5920,29.9657,27.3948,27.5782,27.2374,27.9560,26.1012,25.2402,30.5584,28.0264,28.3298,27.7540

404.5910,29.9785,27.3950,27.5864,27.2154,27.9525,26.0957,25.2492,30.5698,28.0256,28.3327,27.7553

405.5920,29.9758,27.4106,27.5864,27.2258,27.9482,26.0893,25.2565,30.5718,28.0294,28.3305,27.7580

406.5910,29.9833,27.4093,27.5634,27.2363,27.9606,26.1284,25.2584,30.5601,28.0306,28.3443,27.7625

407.5910,29.9958,27.4082,27.5859,27.2211,27.9458,26.1074,25.2492,30.5571,28.0314,28.3323,27.7588

408.5910,30.0123,27.3946,27.5869,27.2141,27.9520,26.1033,25.2719,30.5562,28.0320,28.3297,27.7614

409.5910,30.0338,27.4100,27.6055,27.2162,27.9485,26.0904,25.2657,30.5537,28.0428,28.3220,27.7655

410.5910,30.0305,27.4085,27.5909,27.2308,27.9301,26.0951,25.2628,30.5480,28.0382,28.3215,27.7621

411.5920,30.0440,27.3940,27.6027,27.2238,27.9580,26.0897,25.2589,30.5385,28.0445,28.3141,27.7637

412.5910,30.0318,27.4231,27.5927,27.2246,27.9320,26.0647,25.2702,30.5625,28.0408,28.3136,27.7627

413.5910,30.0239,27.4107,27.5869,27.2330,27.9337,26.0795,25.2670,30.5264,28.0376,28.3029,27.7576

414.5910,30.0515,27.4058,27.6042,27.2243,27.9331,26.0807,25.2527,30.5300,28.0438,28.3054,27.7603

415.5910,30.0300,27.4026,27.5831,27.2070,27.9454,26.0625,25.2788,30.5391,28.0336,28.3008,27.7561

416.5910,30.0459,27.3843,27.5789,27.2419,27.9332,26.0742,25.2726,30.5559,28.0369,28.3150,27.7609

417.5910,30.0522,27.3960,27.6062,27.2240,27.9402,26.0664,25.2662,30.5401,28.0437,28.3033,27.7614

418.5920,30.0695,27.3914,27.6011,27.2429,27.9446,26.0526,25.2807,30.5400,28.0499,28.2963,27.7654

419.5910,30.0462,27.4057,27.5749,27.2384,27.9561,26.0665,25.2781,30.5360,28.0443,28.3012,27.7627

420.5910,30.0427,27.4030,27.5967,27.2385,27.9340,26.0379,25.2684,30.5315,28.0430,28.2847,27.7566

421.5910,30.0662,27.4127,27.5763,27.2322,27.9457,26.0450,25.2949,30.5377,28.0466,28.2913,27.7638

422.5920,30.0582,27.4021,27.5774,27.2286,27.9496,26.0435,25.2792,30.5508,28.0432,28.2971,27.7612

423.5910,30.0656,27.3902,27.5881,27.2412,27.9401,26.0378,25.2857,30.5328,28.0450,28.2853,27.7602

424.5910,30.0536,27.3937,27.5917,27.2481,27.9422,26.0281,25.2685,30.5481,28.0459,28.2881,27.7593

425.5930,30.0548,27.3941,27.5935,27.2112,27.9450,26.0146,25.2739,30.5309,28.0397,28.2728,27.7523

426.5910,30.0790,27.3962,27.5828,27.2312,27.9428,26.0437,25.2813,30.5354,28.0464,28.2896,27.7615

427.5910,30.0639,27.3999,27.5874,27.2264,27.9286,26.0135,25.2794,30.5636,28.0412,28.2885,27.7578

428.5910,30.0683,27.3732,27.5924,27.2417,27.9255,26.0424,25.2705,30.5520,28.0402,28.2972,27.7582

429.5910,30.0718,27.3701,27.5822,27.2320,27.9289,26.0105,25.2910,30.5315,28.0370,28.2710,27.7522

430.5910,30.0900,27.3704,27.5900,27.2597,27.9133,26.0401,25.2853,30.5304,28.0447,28.2853,27.7599

431.5910,30.1092,27.3946,27.5780,27.2494,27.9210,26.0335,25.2918,30.5539,28.0504,28.2937,27.7664

432.5910,30.1199,27.3693,27.5922,27.2349,27.9356,26.0163,25.2987,30.5528,28.0504,28.2845,27.7650

433.5920,30.1112,27.4032,27.5828,27.2354,27.9027,26.0123,25.2924,30.5554,28.0471,28.2839,27.7619

434.5910,30.1447,27.3985,27.5871,27.2274,27.9338,26.0237,25.3071,30.5461,28.0583,28.2849,27.7711

435.5910,30.1139,27.3899,27.5808,27.2386,27.9502,25.9994,25.3102,30.5538,28.0547,28.2766,27.7671

436.5910,30.1103,27.3881,27.5766,27.2481,27.9347,26.0005,25.2952,30.5638,28.0515,28.2822,27.7647

437.5910,30.1591,27.3857,27.5822,27.2368,27.9304,26.0004,25.2753,30.5807,28.0588,28.2906,27.7688

438.5910,30.1748,27.3964,27.5854,27.2367,27.9204,25.9765,25.3189,30.5822,28.0627,28.2794,27.7739

439.5910,30.1706,27.3807,27.5735,27.2468,27.9165,26.0017,25.2987,30.5946,28.0576,28.2981,27.7729

440.5910,30.1915,27.3668,27.5850,27.2249,27.9176,25.9966,25.3022,30.6022,28.0572,28.2994,27.7734

441.5910,30.1789,27.4081,27.5792,27.2290,27.9128,26.0085,25.3098,30.6084,28.0616,28.3085,27.7794

442.5910,30.1819,27.3794,27.5769,27.2168,27.9010,25.9847,25.3209,30.6105,28.0512,28.2976,27.7715

443.5910,30.1809,27.3839,27.5908,27.2482,27.9329,25.9841,25.3024,30.6185,28.0674,28.3013,27.7802

444.5910,30.2026,27.3783,27.5848,27.2369,27.9146,26.0016,25.3105,30.6345,28.0634,28.3180,27.7830

445.5920,30.1907,27.3583,27.5704,27.2339,27.9125,25.9581,25.3217,30.6146,28.0531,28.2863,27.7700

446.5910,30.2014,27.3834,27.5818,27.2608,27.9032,25.9528,25.3126,30.6390,28.0661,28.2959,27.7794

447.5910,30.2020,27.3618,27.5381,27.2426,27.9273,25.9548,25.3000,30.6062,28.0544,28.2805,27.7666

448.5910,30.2044,27.3685,27.5490,27.2544,27.9085,25.9799,25.3137,30.6166,28.0570,28.2982,27.7744

449.5910,30.2223,27.3879,27.5613,27.2497,27.9090,25.9653,25.2982,30.6142,28.0660,28.2898,27.7760

450.5920,30.2171,27.3928,27.5559,27.2693,27.9178,25.9350,25.2991,30.5865,28.0706,28.2607,27.7717

451.5910,30.2109,27.3829,27.5704,27.2575,27.9182,25.9345,25.2962,30.5338,28.0680,28.2342,27.7631

452.5910,30.2056,27.4171,27.5359,27.2427,27.9147,25.9315,25.3012,30.4693,28.0632,28.2004,27.7523

453.5910,30.2119,27.3856,27.5454,27.2376,27.9129,25.9392,25.2901,30.4135,28.0587,28.1764,27.7420

454.5910,30.2175,27.3721,27.5323,27.2674,27.8918,25.9345,25.2900,30.3782,28.0562,28.1563,27.7355

455.5910,30.2276,27.3721,27.5403,27.2491,27.9093,25.9196,25.2931,30.3282,28.0597,28.1239,27.7299

456.5920,30.2412,27.3786,27.5549,27.2509,27.9026,25.9233,25.2727,30.3290,28.0656,28.1262,27.7316

457.5910,30.2358,27.3796,27.5554,27.2646,27.9125,25.9241,25.2683,30.3011,28.0696,28.1126,27.7302

458.5910,30.2422,27.3765,27.5372,27.2676,27.9037,25.9296,25.2681,30.2840,28.0654,28.1068,27.7261

459.5910,30.2359,27.3690,27.5688,27.2526,27.8963,25.9299,25.2769,30.2425,28.0645,28.0862,27.7215

460.5920,30.2383,27.3878,27.5471,27.2686,27.8911,25.9298,25.2764,30.2331,28.0666,28.0815,27.7215

461.5910,30.2299,27.3888,27.5307,27.2483,27.9114,25.9163,25.2614,30.2003,28.0618,28.0583,27.7109

462.5910,30.2502,27.3771,27.5228,27.2546,27.9068,25.9281,25.2577,30.2055,28.0623,28.0668,27.7128

463.5910,30.2461,27.3814,27.5473,27.2565,27.9077,25.9486,25.2683,30.1798,28.0678,28.0642,27.7170

464.5910,30.2506,27.3751,27.5387,27.2677,27.8855,25.9527,25.2502,30.1449,28.0635,28.0488,27.7082

465.5910,30.2567,27.3831,27.5301,27.2747,27.8962,25.9347,25.2435,30.1599,28.0682,28.0473,27.7099

466.5910,30.2429,27.3782,27.5493,27.2689,27.9079,25.9247,25.2335,30.1588,28.0695,28.0417,27.7080

467.5920,30.2571,27.3787,27.5107,27.2632,27.8744,25.9238,25.2435,30.1570,28.0568,28.0404,27.7011

468.5920,30.2434,27.3865,27.5472,27.2884,27.9071,25.9360,25.2278,30.1414,28.0745,28.0387,27.7097

469.5910,30.2380,27.3821,27.5603,27.2709,27.9113,25.9254,25.2436,30.1318,28.0725,28.0286,27.7079

470.5910,30.2330,27.3793,27.5480,27.2779,27.8854,25.9179,25.2244,30.1263,28.0647,28.0221,27.6990

471.5920,30.2212,27.3671,27.5391,27.2719,27.9080,25.9104,25.2348,30.1253,28.0615,28.0179,27.6972

472.5910,30.2103,27.3802,27.5522,27.2411,27.8952,25.9514,25.2508,30.1257,28.0558,28.0385,27.7009

473.5910,30.2112,27.3761,27.5325,27.2794,27.8996,25.9164,25.2309,30.1266,28.0598,28.0215,27.6966

474.5910,30.2142,27.3720,27.5502,27.2773,27.9022,25.9033,25.2064,30.1291,28.0632,28.0162,27.6943

475.5910,30.2196,27.3692,27.5290,27.2660,27.8947,25.9177,25.2289,30.1115,28.0557,28.0146,27.6921

476.5910,30.2172,27.3729,27.5458,27.2843,27.8832,25.9224,25.2076,30.1025,28.0607,28.0125,27.6920

477.5910,30.2207,27.3605,27.5697,27.2959,27.8996,25.9084,25.1894,30.1182,28.0693,28.0133,27.6953

478.5910,30.2121,27.3760,27.5485,27.2770,27.8962,25.9257,25.1911,30.1044,28.0619,28.0151,27.6914

479.5920,30.2168,27.3634,27.5397,27.2866,27.8784,25.8998,25.2039,30.1021,28.0570,28.0010,27.6863

480.5910,30.2146,27.3658,27.5510,27.2880,27.8912,25.9099,25.2021,30.0806,28.0621,27.9952,27.6879

481.5910,30.2450,27.3738,27.5430,27.2682,27.8836,25.9163,25.2025,30.0687,28.0627,27.9925,27.6876

482.5910,30.2315,27.3783,27.5386,27.2695,27.8712,25.9066,25.2031,30.0543,28.0578,27.9804,27.6816

483.5910,30.2431,27.3735,27.5338,27.2920,27.8980,25.8918,25.1930,30.0509,28.0681,27.9713,27.6845

484.5910,30.2292,27.3755,27.5291,27.2807,27.8938,25.9118,25.1913,30.0449,28.0617,27.9783,27.6820

485.5910,30.2481,27.3731,27.5498,27.2878,27.8848,25.9176,25.1957,30.0483,28.0687,27.9830,27.6882

486.5910,30.2664,27.3670,27.5527,27.2841,27.8830,25.9020,25.2117,30.0361,28.0707,27.9690,27.6879

487.5910,30.2658,27.3639,27.5369,27.2758,27.8921,25.9169,25.1936,30.0166,28.0669,27.9668,27.6827

488.5910,30.2906,27.3940,27.5363,27.2733,27.8888,25.9164,25.2039,29.8816,28.0766,27.8990,27.6731

489.5910,30.2711,27.3613,27.5380,27.2812,27.8792,25.9316,25.1866,35.1090,28.0662,30.5203,28.3197

490.5910,30.2709,27.3731,27.5376,27.2751,27.8741,25.9149,25.1892,43.7744,28.0662,34.8447,29.4012

491.5910,30.2805,27.3911,27.5457,27.2855,27.8765,25.9261,25.1905,48.9291,28.0759,37.4276,30.0531

492.5910,30.2613,27.3701,27.5266,27.2975,27.8724,25.9214,25.2184,52.4709,28.0656,39.1961,30.4923

493.5910,30.2686,27.3818,27.5327,27.2928,27.8931,25.9079,25.1978,55.1538,28.0738,40.5308,30.8285

494.5910,30.2527,27.3675,27.5258,27.2939,27.8844,25.9208,25.1625,57.1217,28.0649,41.5213,31.0662

495.5910,30.2643,27.3596,27.5237,27.2922,27.8804,25.9107,25.2067,58.6349,28.0640,42.2728,31.2591

496.5910,30.2383,27.3850,27.5301,27.2879,27.8807,25.8818,25.1953,59.8221,28.0644,42.8519,31.4026

497.5910,30.2628,27.3704,27.5471,27.2992,27.8633,25.8804,25.1897,60.6494,28.0685,43.2649,31.5078

498.5920,30.2484,27.3740,27.5187,27.3156,27.8891,25.8692,25.1794,61.2906,28.0692,43.5799,31.5856

499.5910,30.2679,27.3954,27.5495,27.3049,27.8539,25.8827,25.1853,61.7681,28.0743,43.8254,31.6509

500.5910,30.2461,27.3882,27.5433,27.3109,27.8797,25.8584,25.1879,62.0311,28.0736,43.9448,31.6807

501.5910,30.2631,27.3796,27.5158,27.2986,27.8735,25.8680,25.1970,62.1116,28.0661,43.9898,31.6884

502.5910,30.2774,27.3761,27.5307,27.3021,27.8846,25.8596,25.1750,62.0755,28.0742,43.9676,31.6851

503.5910,30.2709,27.3671,27.5339,27.3006,27.8869,25.8583,25.1836,62.2515,28.0719,44.0549,31.7066

504.5910,30.2652,27.3721,27.5206,27.2920,27.8782,25.8507,25.1864,62.7443,28.0656,44.2975,31.7637

505.5910,30.2935,27.3788,27.5367,27.3058,27.8797,25.8357,25.1861,61.7395,28.0789,43.7876,31.6445

506.5910,30.2742,27.3820,27.5356,27.3113,27.8866,25.8597,25.1831,59.8594,28.0779,42.8596,31.4115

507.5910,30.2939,27.3972,27.5418,27.2944,27.8721,25.8521,25.1779,57.9743,28.0799,41.9132,31.1755

508.5910,30.2866,27.3792,27.5300,27.3094,27.8626,25.8335,25.1762,56.1784,28.0735,41.0060,30.9445

509.5910,30.3031,27.4025,27.5458,27.2823,27.8780,25.8468,25.1876,54.4729,28.0824,40.1598,30.7399

510.5910,30.3036,27.3682,27.5426,27.2843,27.8564,25.8336,25.1820,52.9281,28.0710,39.3808,30.5373

511.5910,30.2928,27.3891,27.5399,27.2986,27.8693,25.8444,25.1787,51.4798,28.0779,38.6621,30.3616

512.5910,30.3128,27.3907,27.5241,27.2983,27.8991,25.8673,25.1926,50.1232,28.0850,37.9953,30.2010

513.5910,30.3064,27.3772,27.5285,27.3084,27.8574,25.8519,25.1758,48.9008,28.0756,37.3764,30.0383

514.5910,30.3290,27.3814,27.5496,27.2852,27.8549,25.8458,25.1839,47.7810,28.0800,36.8134,29.9014

515.5910,30.3170,27.3932,27.5331,27.3046,27.8630,25.8405,25.1610,46.7194,28.0822,36.2799,29.7665

516.5910,30.3261,27.4034,27.5264,27.2922,27.8723,25.8377,25.1942,45.7443,28.0841,35.7910,29.6496

517.5920,30.3277,27.3973,27.5344,27.2827,27.8868,25.8417,25.1788,44.8150,28.0858,35.3284,29.5331

518.5920,30.3564,27.3994,27.5116,27.2792,27.8730,25.8384,25.1779,43.9360,28.0839,34.8872,29.4215

519.5910,30.3574,27.3690,27.5311,27.2823,27.8615,25.8550,25.1694,43.0480,28.0803,34.4515,29.3092

520.5910,30.3550,27.3989,27.5441,27.2928,27.8678,25.8238,25.1883,42.2518,28.0917,34.0378,29.2153

521.5910,30.3729,27.3610,27.5363,27.2969,27.8624,25.8470,25.1831,41.3401,28.0859,33.5936,29.1000

522.5910,30.3677,27.3702,27.5479,27.2867,27.8607,25.8380,25.1982,40.4436,28.0866,33.1408,28.9891

523.5910,30.3545,27.3757,27.5369,27.3106,27.8483,25.8304,25.1940,39.3986,28.0852,32.6145,28.8561

524.5910,30.3459,27.3713,27.5236,27.2884,27.8449,25.8648,25.2085,38.6711,28.0748,32.2679,28.7648

525.5910,30.3815,27.3863,27.5262,27.2845,27.8443,25.8732,25.2145,38.2190,28.0846,32.0461,28.7162

526.5910,30.3506,27.4048,27.5146,27.2959,27.8567,25.8449,25.2221,37.8574,28.0845,31.8511,28.6684

527.5910,30.3524,27.3935,27.5094,27.2780,27.8694,25.8764,25.1842,37.5571,28.0805,31.7168,28.6276

528.5910,30.3389,27.3829,27.5229,27.2910,27.8414,25.8567,25.1943,37.2837,28.0754,31.5702,28.5890

529.5910,30.3580,27.3823,27.5369,27.2928,27.8465,25.8420,25.2282,37.0481,28.0833,31.4451,28.5669

530.5910,30.3436,27.3736,27.5174,27.2803,27.8449,25.8407,25.2024,36.8343,28.0719,31.3375,28.5296

531.5910,30.3524,27.3969,27.5039,27.3026,27.8573,25.8382,25.2277,36.6623,28.0826,31.2503,28.5177

532.5910,30.3401,27.3692,27.5219,27.2848,27.8465,25.8631,25.2333,36.4739,28.0725,31.1685,28.4916

533.5910,30.3267,27.3867,27.5149,27.2953,27.8490,25.8548,25.2212,36.3227,28.0745,31.0887,28.4714

534.5910,30.3544,27.3745,27.5159,27.2835,27.8523,25.8464,25.2274,36.1741,28.0761,31.0102,28.4535

535.5910,30.3057,27.4000,27.5300,27.2816,27.8486,25.8319,25.1992,36.0433,28.0732,30.9376,28.4300

536.5910,30.3185,27.3845,27.5179,27.2856,27.8577,25.8245,25.2017,35.9130,28.0728,30.8688,28.4129

537.5910,30.3014,27.3799,27.5166,27.3045,27.8342,25.8375,25.1964,35.8011,28.0673,30.8193,28.3964

538.5920,30.2767,27.3820,27.5045,27.2962,27.8348,25.8208,25.2098,35.6989,28.0588,30.7598,28.3780

539.5910,30.2568,27.3786,27.5261,27.2791,27.8196,25.8329,25.1936,35.5851,28.0520,30.7090,28.3590

540.5910,30.2875,27.3723,27.5086,27.2950,27.8360,25.8514,25.1942,35.4907,28.0599,30.6711,28.3545

541.5910,30.2714,27.4050,27.5299,27.2839,27.8409,25.8598,25.1960,35.4018,28.0662,30.6308,28.3486

542.5910,30.2738,27.3853,27.5187,27.2896,27.8608,25.8249,25.1799,35.3171,28.0657,30.5710,28.3313

543.5910,30.2682,27.3699,27.5061,27.2907,27.8364,25.8160,25.1980,35.2536,28.0543,30.5348,28.3174

544.5910,30.2752,27.4110,27.5189,27.2738,27.8318,25.8584,25.2134,35.1589,28.0621,30.5087,28.3177

545.5910,30.2613,27.3957,27.5187,27.2882,27.8217,25.8416,25.2089,35.1226,28.0571,30.4821,28.3073

546.5910,30.2544,27.4009,27.5116,27.2793,27.8372,25.8654,25.2091,35.0278,28.0567,30.4466,28.2982

547.5910,30.2744,27.3995,27.5060,27.2953,27.8368,25.8316,25.2126,34.9448,28.0624,30.3882,28.2876

548.5910,30.2637,27.3626,27.4875,27.3093,27.8427,25.8370,25.2104,34.9103,28.0532,30.3736,28.2779

549.5910,30.2489,27.3819,27.5204,27.3050,27.8291,25.8386,25.2172,34.8459,28.0571,30.3422,28.2734

550.5920,30.2534,27.3817,27.4920,27.2870,27.8313,25.8384,25.2094,34.8181,28.0491,30.3282,28.2639

551.5910,30.2477,27.4047,27.4872,27.2916,27.8298,25.8398,25.2284,34.7451,28.0522,30.2924,28.2593

552.5910,30.2716,27.3975,27.4805,27.3033,27.8447,25.8330,25.2325,34.7108,28.0595,30.2719,28.2592

553.5910,30.2751,27.3850,27.4726,27.3001,27.8293,25.8550,25.2322,34.6520,28.0524,30.2535,28.2502

554.5910,30.2562,27.3874,27.5019,27.2752,27.8402,25.8393,25.2515,34.5962,28.0522,30.2178,28.2435

555.5910,30.2763,27.4014,27.4862,27.2967,27.8476,25.8401,25.2532,34.5497,28.0616,30.1949,28.2439

556.5910,30.2478,27.3982,27.4976,27.2973,27.8421,25.8483,25.2402,34.5153,28.0566,30.1818,28.2358

557.5910,30.2654,27.3902,27.4792,27.2992,27.8378,25.8604,25.2613,34.4673,28.0544,30.1639,28.2326

558.5920,30.2563,27.3929,27.5056,27.2906,27.8194,25.8310,25.2375,34.4245,28.0530,30.1277,28.2197

559.5910,30.2543,27.4068,27.4926,27.2951,27.8182,25.8364,25.2481,34.3728,28.0534,30.1046,28.2156

560.5910,30.2495,27.3914,27.4937,27.3018,27.8296,25.8307,25.2372,34.3283,28.0532,30.0795,28.2078

561.5920,30.2531,27.3915,27.4952,27.3066,27.8137,25.8428,25.2484,34.2953,28.0520,30.0691,28.2058

562.5920,30.2492,27.3818,27.4826,27.2931,27.8191,25.8417,25.2563,34.2577,28.0452,30.0497,28.1977

563.5910,30.2298,27.3932,27.4808,27.2852,27.8088,25.8416,25.2524,34.2188,28.0396,30.0302,28.1888

564.5910,30.2477,27.3951,27.4681,27.2989,27.8197,25.8393,25.2624,34.1711,28.0459,30.0052,28.1878

565.5910,30.2136,27.3788,27.4698,27.2930,27.8152,25.8395,25.2701,34.1501,28.0341,29.9948,28.1788

566.5910,30.2219,27.3929,27.4778,27.2723,27.8251,25.8322,25.2850,34.0914,28.0380,29.9618,28.1748

567.5910,30.2160,27.4032,27.4687,27.2806,27.8367,25.8386,25.2687,34.0691,28.0410,29.9538,28.1727

568.5910,30.1934,27.3816,27.4825,27.2845,27.8165,25.8499,25.2749,34.0181,28.0317,29.9340,28.1627

569.5910,30.2096,27.3912,27.4802,27.2757,27.8242,25.8388,25.2713,33.9893,28.0362,29.9140,28.1600

570.5910,30.1945,27.3934,27.4910,27.2912,27.8208,25.8364,25.2830,33.9503,28.0382,29.8933,28.1576

571.5920,30.1967,27.3988,27.4851,27.2933,27.8239,25.8353,25.2824,33.9226,28.0396,29.8789,28.1547

572.5910,30.1923,27.3894,27.4677,27.2975,27.8103,25.8445,25.3096,33.8844,28.0314,29.8645,28.1495

573.5910,30.1815,27.3666,27.4760,27.2808,27.8303,25.8531,25.2974,33.8522,28.0270,29.8526,28.1422

574.5910,30.1904,27.3881,27.4753,27.2807,27.8047,25.8521,25.2969,33.8189,28.0279,29.8355,28.1384

575.5910,30.1820,27.4019,27.4830,27.2784,27.8006,25.8483,25.2973,33.7767,28.0292,29.8125,28.1335

576.5910,30.1914,27.4031,27.4710,27.2763,27.8042,25.8295,25.3106,33.7463,28.0292,29.7879,28.1290

577.5910,30.2025,27.3763,27.4781,27.2957,27.8202,25.8406,25.3203,33.7124,28.0345,29.7765,28.1308

578.5910,30.2158,27.3865,27.4779,27.2899,27.8205,25.8284,25.3190,33.6708,28.0381,29.7496,28.1261

579.5910,30.1930,27.4052,27.4876,27.2708,27.8118,25.8561,25.3131,33.6406,28.0337,29.7483,28.1223

580.5920,30.2190,27.3974,27.4634,27.2781,27.7970,25.8421,25.3043,33.6102,28.0310,29.7261,28.1139

581.5910,30.2124,27.4026,27.4922,27.2989,27.7876,25.8434,25.3180,33.5849,28.0387,29.7142,28.1175

582.5910,30.2310,27.3753,27.4747,27.2852,27.7904,25.8353,25.3282,33.5431,28.0313,29.6892,28.1079

583.5910,30.2343,27.3840,27.4801,27.2680,27.7954,25.8362,25.3004,33.5117,28.0324,29.6740,28.1013

584.5910,30.2442,27.3948,27.4881,27.2798,27.7888,25.8504,25.3022,33.4826,28.0391,29.6665,28.1039

585.5910,30.2402,27.3955,27.4808,27.2914,27.8036,25.8346,25.2940,33.4379,28.0423,29.6362,28.0973

586.5910,30.2310,27.4026,27.4996,27.2833,27.7819,25.8457,25.3136,33.4091,28.0397,29.6274,28.0958

587.5910,30.2667,27.4137,27.4764,27.2629,27.7723,25.8423,25.2909,33.3748,28.0384,29.6086,28.0875

588.5910,30.2486,27.4109,27.4811,27.2704,27.7930,25.8374,25.2873,33.3568,28.0408,29.5971,28.0857

589.5910,30.2522,27.3734,27.4583,27.3004,27.7961,25.8424,25.2966,33.3383,28.0361,29.5903,28.0822

590.5910,30.2534,27.3893,27.4496,27.3021,27.7955,25.8582,25.2884,33.3043,28.0379,29.5813,28.0801

591.5920,30.2554,27.4215,27.4776,27.2872,27.8013,25.8456,25.2852,33.2684,28.0486,29.5570,28.0803

592.5910,30.2564,27.3969,27.4700,27.2800,27.7998,25.8390,25.2640,33.2332,28.0406,29.5361,28.0674

593.5910,30.2332,27.3938,27.4508,27.2910,27.7929,25.8573,25.2761,33.1928,28.0324,29.5251,28.0610

594.5910,30.2647,27.4021,27.4874,27.2626,27.7881,25.8379,25.2714,33.1848,28.0410,29.5114,28.0624

595.5910,30.2484,27.4055,27.4611,27.2839,27.7820,25.8546,25.2621,33.1484,28.0362,29.5015,28.0558

596.5910,30.2562,27.4054,27.4440,27.2847,27.7663,25.8351,25.2487,33.1126,28.0313,29.4739,28.0441

597.5910,30.2535,27.3998,27.4558,27.2833,27.8003,25.8470,25.2747,33.0813,28.0385,29.4641,28.0495

598.5910,30.2562,27.4243,27.4352,27.2891,27.8009,25.8525,25.2538,33.0418,28.0411,29.4471,28.0442

599.5910,30.2542,27.4034,27.4755,27.2690,27.7653,25.8316,25.2684,33.0257,28.0335,29.4287,28.0366

600.5910,30.2595,27.3975,27.4488,27.2612,27.7820,25.8483,25.2576,32.9973,28.0298,29.4228,28.0315

601.5910,30.2516,27.3985,27.4513,27.2845,27.7788,25.8494,25.2479,32.9604,28.0330,29.4049,28.0278

602.5910,30.2572,27.4071,27.4519,27.2718,27.7869,25.8464,25.2666,32.9598,28.0350,29.4031,28.0310

603.5910,30.2600,27.4215,27.4512,27.2721,27.7778,25.8568,25.2562,32.9279,28.0365,29.3923,28.0279

604.5910,30.2697,27.4180,27.4660,27.2916,27.7780,25.8538,25.2499,32.9221,28.0447,29.3880,28.0311

605.5910,30.2622,27.4376,27.4569,27.2759,27.7953,25.8340,25.2354,32.8790,28.0456,29.3565,28.0221

606.5910,30.2569,27.4006,27.4379,27.2828,27.7757,25.8593,25.2805,32.8643,28.0308,29.3618,28.0197

607.5910,30.2632,27.4007,27.4544,27.2763,27.7824,25.8365,25.2482,32.7980,28.0354,29.3172,28.0075

608.5910,30.2400,27.4274,27.4297,27.2780,27.7902,25.8259,25.2848,32.1880,28.0331,29.0070,27.9330

609.5910,30.2536,27.4162,27.4558,27.2692,27.7782,25.8239,25.2814,31.4675,28.0346,28.6457,27.8432

610.5910,30.2541,27.4091,27.4421,27.2833,27.7970,25.8320,25.2867,31.0116,28.0371,28.4218,27.7895

611.5920,30.2454,27.4137,27.4452,27.2605,27.7864,25.8006,25.2902,30.7398,28.0302,28.2702,27.7477

612.5920,30.2554,27.4007,27.4606,27.2669,27.7716,25.7843,25.2942,30.5464,28.0310,28.1653,27.7225

613.5910,30.2756,27.4086,27.4302,27.2521,27.7733,25.7469,25.2762,30.4434,28.0280,28.0952,27.7008

614.5910,30.2665,27.4130,27.4404,27.2740,27.7825,25.7415,25.3006,30.3732,28.0353,28.0574,27.6989

615.5920,30.2716,27.4071,27.4218,27.2789,27.7808,25.7529,25.3020,30.3191,28.0321,28.0360,27.6918

616.5910,30.2749,27.4038,27.4339,27.2595,27.7977,25.7571,25.3114,30.2735,28.0340,28.0153,27.6890

617.5910,30.2906,27.4124,27.4223,27.2625,27.7517,25.7482,25.2992,30.2520,28.0279,28.0001,27.6799

618.5920,30.2629,27.4058,27.4454,27.2337,27.7903,25.7554,25.3045,30.2413,28.0276,27.9983,27.6799

619.5910,30.2699,27.4103,27.4503,27.2608,27.7580,25.7441,25.2837,30.2084,28.0299,27.9762,27.6732

620.5910,30.2614,27.4077,27.4356,27.2437,27.7819,25.7436,25.2978,30.2111,28.0261,27.9773,27.6729

621.5910,30.2541,27.4099,27.4245,27.2431,27.7657,25.7702,25.3079,30.1930,28.0195,27.9816,27.6710

622.5910,30.2374,27.4192,27.4174,27.2444,27.7797,25.7303,25.2982,30.1829,28.0196,27.9566,27.6637

623.5910,30.2457,27.4178,27.4310,27.2651,27.7595,25.7335,25.2943,30.1945,28.0238,27.9640,27.6677

624.5910,30.2758,27.4330,27.4377,27.2459,27.7530,25.7537,25.3269,30.1780,28.0291,27.9658,27.6755

625.5920,30.2535,27.4326,27.4185,27.2498,27.7597,25.7507,25.3149,30.1618,28.0228,27.9563,27.6677

626.5910,30.2426,27.4173,27.4277,27.2387,27.7797,25.7804,25.3092,30.1627,28.0212,27.9715,27.6698

627.5910,30.2658,27.4202,27.4390,27.2571,27.7684,25.7687,25.3381,30.1615,28.0301,27.9651,27.6774

628.5930,30.2468,27.4149,27.4431,27.2400,27.7490,25.7789,25.3124,30.1754,28.0188,27.9771,27.6701

629.5910,30.2609,27.4006,27.4412,27.2366,27.7498,25.7719,25.3351,30.1514,28.0178,27.9616,27.6685

630.5910,30.2584,27.4109,27.4515,27.2346,27.7582,25.7816,25.3397,30.1635,28.0227,27.9725,27.6748

631.5910,30.2246,27.4183,27.4489,27.2354,27.7448,25.7906,25.3345,30.1616,28.0144,27.9761,27.6698

632.5910,30.2376,27.4070,27.4277,27.2373,27.7355,25.8064,25.3211,30.1699,28.0090,27.9881,27.6678

633.5910,30.2540,27.4230,27.4470,27.2316,27.7618,25.7889,25.3215,30.1703,28.0235,27.9796,27.6748

634.5910,30.2336,27.4416,27.4265,27.2337,27.7465,25.8242,25.3213,30.1819,28.0164,28.0030,27.6762

635.5910,30.2314,27.4191,27.4328,27.2377,27.7481,25.7969,25.3432,30.1609,28.0138,27.9789,27.6713

636.5910,30.2127,27.4212,27.4406,27.2478,27.7554,25.8107,25.3277,30.1680,28.0155,27.9894,27.6730

637.5910,30.2285,27.4263,27.4343,27.2227,27.7472,25.8063,25.3403,30.1712,28.0118,27.9888,27.6721

638.5910,30.2328,27.4484,27.4338,27.2198,27.7519,25.8225,25.3352,30.1788,28.0173,28.0006,27.6779

639.5920,30.2148,27.4402,27.4265,27.2205,27.7493,25.8365,25.3270,30.1636,28.0103,28.0000,27.6723

640.5910,30.2349,27.4262,27.4550,27.2311,27.7679,25.8213,25.3137,30.1799,28.0230,28.0006,27.6788

641.5910,30.2052,27.4306,27.4183,27.2270,27.7463,25.8278,25.3056,30.1784,28.0055,28.0031,27.6674

642.5910,30.2059,27.4394,27.4446,27.2179,27.7467,25.8383,25.3237,30.1960,28.0109,28.0172,27.6766

643.5910,30.2196,27.4290,27.4360,27.2037,27.7258,25.8559,25.3267,30.1862,28.0028,28.0211,27.6729

644.5910,30.2063,27.4498,27.4418,27.2316,27.7533,25.8789,25.3208,30.1912,28.0165,28.0350,27.6842

645.5920,30.1971,27.4361,27.4120,27.2249,27.7589,25.8729,25.3177,30.1933,28.0058,28.0331,27.6766

646.5910,30.1991,27.4307,27.4312,27.2021,27.7559,25.8863,25.3165,30.1916,28.0038,28.0389,27.6767

647.5910,30.1910,27.4576,27.4326,27.2091,27.7431,25.8853,25.3097,30.1995,28.0067,28.0424,27.6785

648.5910,30.2225,27.4326,27.4453,27.2162,27.7351,25.8848,25.3060,30.2112,28.0103,28.0480,27.6817

649.5910,30.2047,27.4478,27.4341,27.2079,27.7343,25.9137,25.3075,30.1972,28.0058,28.0554,27.6809

650.5910,30.1982,27.4579,27.4386,27.2147,27.7430,25.9218,25.3090,30.2114,28.0105,28.0666,27.6868

651.5910,30.2058,27.4358,27.4264,27.2044,27.7619,25.8954,25.3052,30.1992,28.0068,28.0473,27.6793

652.5910,30.1947,27.4400,27.4381,27.2048,27.7218,25.9225,25.2998,30.2107,27.9999,28.0666,27.6791

653.5920,30.1961,27.4409,27.4046,27.2288,27.7491,25.9074,25.2766,30.2126,28.0039,28.0600,27.6770

654.5910,29.5799,27.4040,27.0825,27.2263,28.4465,25.9374,25.2972,30.2048,27.9479,28.0711,27.6473

655.5910,28.7773,27.0950,27.5908,27.5955,28.5145,25.9285,25.2864,30.2059,27.9146,28.0672,27.6242

656.5920,28.3436,27.6588,28.7693,28.1539,28.1332,25.9454,25.2807,30.2119,28.2118,28.0787,27.8121

657.5910,28.4050,28.4517,28.0265,28.0731,27.9007,25.9342,25.2940,30.2243,28.1714,28.0793,27.7887

658.5910,28.6069,27.9321,27.6546,27.8285,28.0918,25.9158,25.2973,30.2256,28.0228,28.0707,27.6941

659.5910,28.4858,27.6237,27.6882,27.8272,28.2808,25.8940,25.3336,30.2129,27.9811,28.0534,27.6683

660.5910,28.3080,27.7310,28.1715,28.0283,28.2157,25.8819,25.3494,30.2093,28.0909,28.0456,27.7369

661.5930,28.2848,28.0820,28.1192,28.0740,28.0890,25.8624,25.3582,30.2101,28.1298,28.0363,27.7600

662.5910,28.3814,28.0334,27.9203,28.0150,28.1186,25.8455,25.3691,30.2186,28.0938,28.0320,27.7377

663.5910,28.3849,27.8491,27.8633,27.9599,28.2104,25.8391,25.3736,30.2273,28.0535,28.0332,27.7134

664.5920,28.3115,27.8193,28.0351,28.0054,28.2475,25.8051,25.3798,30.2236,28.0837,28.0144,27.7284

665.5910,28.2581,27.9671,28.0895,28.0900,28.2101,25.8154,25.3891,30.1948,28.1230,28.0051,27.7518

666.5910,28.3183,28.0428,28.0324,28.0791,28.2091,25.7879,25.3904,30.2097,28.1363,27.9988,27.7587

667.5920,28.3404,27.9705,27.9869,28.0609,28.2248,25.7931,25.3847,30.1928,28.1167,27.9929,27.7443

668.5910,28.3150,27.9428,28.0516,28.0676,28.2541,25.7719,25.4050,30.1947,28.1262,27.9833,27.7503

669.5910,28.3092,27.9915,28.0876,28.1092,28.2543,25.7684,25.3869,30.1809,28.1504,27.9746,27.7610

670.5910,28.3016,28.0161,28.0830,28.1428,28.2653,25.7494,25.4104,30.1850,28.1618,27.9672,27.7692

671.5910,28.3181,28.0217,28.0721,28.1276,28.2572,25.7518,25.3844,30.1789,28.1593,27.9653,27.7640

672.5910,28.3224,28.0222,28.0957,28.1536,28.2996,25.7326,25.3955,30.1804,28.1787,27.9565,27.7753

673.5920,28.3287,28.0266,28.1133,28.1482,28.3121,25.7224,25.3772,30.1731,28.1858,27.9477,27.7752

674.5910,28.3048,28.0593,28.1300,28.1611,28.3014,25.7357,25.3693,30.1934,28.1913,27.9645,27.7819

675.5920,28.3477,28.0794,28.1360,28.1779,28.3309,25.7192,25.3334,30.1897,28.2144,27.9544,27.7893

676.5910,28.3493,28.0906,28.1349,28.1853,28.3384,25.7307,25.3208,30.2016,28.2197,27.9661,27.7939

677.5910,28.3450,28.1101,28.1605,28.2100,28.3588,25.7075,25.2934,30.2175,28.2369,27.9625,27.8004

678.5920,28.3725,28.1025,28.1788,28.2103,28.3601,25.7304,25.2884,30.2126,28.2448,27.9715,27.8069

679.5920,28.3533,28.1327,28.1981,28.2236,28.3771,25.7517,25.3069,30.2286,28.2569,27.9901,27.8215

680.5910,28.3917,28.1337,28.1991,28.2561,28.3964,25.7340,25.3076,30.2275,28.2754,27.9807,27.8308

681.5910,28.3949,28.1398,28.2288,28.2462,28.3927,25.7486,25.3265,30.2481,28.2805,27.9984,27.8407

682.5910,28.3981,28.1598,28.2003,28.2799,28.4151,25.7423,25.3107,30.2719,28.2906,28.0071,27.8473

683.5920,28.3683,28.1601,28.2435,28.2755,28.4187,25.7138,25.3158,30.2539,28.2932,27.9839,27.8437

684.5910,28.4131,28.1996,28.2519,28.3008,28.4233,25.7389,25.3357,30.2582,28.3177,27.9986,27.8652

685.5910,28.4110,28.2058,28.2807,28.3010,28.4465,25.7264,25.3336,30.2655,28.3290,27.9960,27.8713

686.5910,28.4296,28.2094,28.2800,28.3196,28.4481,25.7357,25.3504,30.2719,28.3374,28.0038,27.8806

687.5910,28.4271,28.2191,28.2874,28.3443,28.4790,25.7341,25.3602,30.3178,28.3514,28.0260,27.8961

688.5910,28.4472,28.2316,28.3050,28.3408,28.4750,25.7396,25.3883,30.2998,28.3599,28.0197,27.9034

689.5910,28.4437,28.2516,28.3015,28.3571,28.4804,25.7361,25.4264,30.3057,28.3669,28.0209,27.9128

690.5910,28.4669,28.2500,28.3141,28.3574,28.4987,25.7428,25.4005,30.3317,28.3774,28.0372,27.9203

691.5910,28.4701,28.2686,28.3190,28.3849,28.5059,25.7480,25.4133,30.3232,28.3897,28.0356,27.9291

692.5920,28.4669,28.2863,28.3301,28.3847,28.5104,25.7386,25.4077,30.3190,28.3957,28.0288,27.9305

693.5910,28.4806,28.3030,28.3435,28.3972,28.5398,25.7283,25.3907,30.3553,28.4128,28.0418,27.9423

694.5910,28.5026,28.2904,28.3417,28.4044,28.5254,25.7390,25.3967,30.3574,28.4129,28.0482,27.9447

695.5920,28.5231,28.3118,28.3613,28.4484,28.5454,25.7520,25.3956,30.3728,28.4380,28.0624,27.9638

696.5910,28.5043,28.3373,28.3890,28.4277,28.5703,25.7591,25.4164,30.3503,28.4457,28.0547,27.9693

697.5910,28.5349,28.3322,28.3779,28.4231,28.5667,25.7638,25.4055,30.3709,28.4470,28.0674,27.9719

698.5910,28.5303,28.3440,28.4118,28.4537,28.5804,25.7691,25.4136,30.3861,28.4640,28.0776,27.9861

699.5920,28.5521,28.3541,28.4121,28.4460,28.6122,25.7537,25.3968,30.3665,28.4753,28.0601,27.9867

700.5910,28.5489,28.3617,28.4342,28.4667,28.6027,25.7217,25.3860,30.3882,28.4828,28.0549,27.9887

701.5910,28.5774,28.3704,28.4203,28.4838,28.6011,25.7441,25.3782,30.3917,28.4906,28.0679,27.9959

702.5910,28.5638,28.3814,28.4525,28.4808,28.6211,25.7564,25.3905,30.3866,28.4999,28.0715,28.0041

703.5910,28.5819,28.3982,28.4777,28.4961,28.6402,25.7967,25.3898,30.4136,28.5188,28.1052,28.0243

704.5910,28.5938,28.4190,28.4727,28.5362,28.6638,25.7705,25.4117,30.4119,28.5371,28.0912,28.0350

705.5910,28.6111,28.4380,28.4752,28.5241,28.6677,25.7718,25.4125,30.4244,28.5432,28.0981,28.0406

706.5910,28.6181,28.4304,28.4930,28.5236,28.6912,25.7887,25.4077,30.4206,28.5513,28.1047,28.0467

707.5910,28.6235,28.4380,28.5020,28.5703,28.6668,25.7875,25.4046,30.4650,28.5601,28.1262,28.0572

708.5910,28.6165,28.4678,28.5290,28.5605,28.7079,25.7625,25.4358,30.4246,28.5763,28.0936,28.0631

709.5910,28.6437,28.4660,28.5207,28.5786,28.6986,25.8078,25.4164,30.4706,28.5815,28.1392,28.0753

710.5910,28.6466,28.4865,28.5590,28.5740,28.7204,25.7837,25.4207,30.4640,28.5973,28.1239,28.0819

711.5910,28.6750,28.5002,28.5553,28.6015,28.7239,25.7934,25.4232,30.4408,28.6112,28.1171,28.0892

712.5910,28.6765,28.5094,28.5645,28.5867,28.7486,25.8118,25.4488,30.4662,28.6171,28.1390,28.1016

713.5910,28.6879,28.5165,28.5937,28.6003,28.7632,25.8067,25.4319,30.4888,28.6323,28.1478,28.1111

714.5910,28.6949,28.5303,28.5943,28.6358,28.7652,25.7987,25.4243,30.4850,28.6441,28.1418,28.1161

715.5910,28.7126,28.5523,28.6008,28.6478,28.7801,25.8046,25.4236,30.4872,28.6587,28.1459,28.1261

716.5910,28.7141,28.5484,28.6148,28.6718,28.8078,25.7986,25.4346,30.5108,28.6714,28.1547,28.1376

717.5920,28.7442,28.5688,28.6389,28.6615,28.8169,25.8099,25.4232,30.5183,28.6861,28.1641,28.1477

718.5910,28.7410,28.5847,28.6648,28.6756,28.8210,25.8142,25.4219,30.5287,28.6974,28.1714,28.1565

719.5910,28.7398,28.5984,28.6545,28.6978,28.8263,25.8093,25.4335,30.5365,28.7033,28.1729,28.1620

720.5910,28.7596,28.6046,28.6606,28.7044,28.8301,25.8107,25.4217,30.5233,28.7119,28.1670,28.1644

721.5910,28.7793,28.6266,28.6746,28.7062,28.8286,25.8272,25.4240,30.5379,28.7231,28.1825,28.1755

722.5920,28.7788,28.6205,28.6859,28.7198,28.8718,25.8215,25.4310,30.5538,28.7354,28.1876,28.1854

723.5910,28.7932,28.6454,28.6915,28.7282,28.8624,25.8212,25.4247,30.5352,28.7441,28.1782,28.1877

724.5910,28.7956,28.6441,28.7081,28.7326,28.8898,25.8218,25.4280,30.5475,28.7541,28.1846,28.1959

725.5920,28.8289,28.6641,28.7243,28.7657,28.9027,25.8170,25.3907,30.5441,28.7772,28.1806,28.2047

726.5910,28.8419,28.6646,28.7277,28.7687,28.9231,25.8243,25.4107,30.5801,28.7852,28.2022,28.2176

727.5910,28.8532,28.6866,28.7558,28.7883,28.9267,25.8285,25.3715,30.5721,28.8021,28.2003,28.2228

728.5910,28.8710,28.6965,28.7483,28.7949,28.9248,25.8327,25.3785,30.5729,28.8071,28.2028,28.2274

729.5920,28.8727,28.7160,28.7696,28.8172,28.9433,25.8306,25.3595,30.5958,28.8237,28.2132,28.2381

730.5910,28.8844,28.7118,28.7866,28.8187,28.9495,25.8363,25.3547,30.5916,28.8302,28.2139,28.2417

731.5910,28.8841,28.7461,28.7894,28.8440,28.9635,25.8520,25.3530,30.6068,28.8454,28.2294,28.2548

732.5910,28.8981,28.7610,28.7949,28.8245,28.9732,25.8353,25.3448,30.6122,28.8503,28.2238,28.2555

733.5910,28.9311,28.7529,28.8137,28.8588,28.9878,25.8373,25.3571,30.5949,28.8689,28.2161,28.2667

734.5910,28.9237,28.7845,28.8203,28.8560,28.9812,25.8497,25.3403,30.6138,28.8731,28.2318,28.2712

735.5910,28.9380,28.7766,28.8425,28.8712,29.0228,25.8697,25.3499,30.6065,28.8902,28.2381,28.2847

736.5920,28.9470,28.8138,28.8660,28.8806,29.0021,25.8296,25.3513,30.6117,28.9019,28.2206,28.2878

737.5910,28.9613,28.8053,28.8641,28.9140,29.0147,25.8511,25.3327,30.6307,28.9119,28.2409,28.2967

738.5910,28.9877,28.8294,28.8524,28.9080,29.0365,25.8516,25.3450,30.6274,28.9228,28.2395,28.3047

739.5910,28.9688,28.8120,28.8774,28.9334,29.0567,25.8591,25.3426,30.6269,28.9297,28.2430,28.3096

740.5910,28.9842,28.8529,28.8877,28.9353,29.0595,25.8495,25.3651,30.6188,28.9439,28.2342,28.3191

741.5910,28.9951,28.8762,28.9355,28.9444,29.0663,25.8675,25.3548,30.6217,28.9635,28.2446,28.3327

742.5910,29.0143,28.8794,28.9312,28.9566,29.0888,25.8731,25.3542,30.6249,28.9741,28.2490,28.3403

743.5910,29.0082,28.8815,28.9432,28.9648,29.0820,25.8509,25.3878,30.6428,28.9760,28.2469,28.3452

744.5910,29.0270,28.8804,28.9510,28.9679,29.1115,25.8604,25.3391,30.6353,28.9876,28.2478,28.3466

745.5910,29.0549,28.9019,28.9579,28.9715,29.1292,25.8524,25.3378,30.6650,29.0031,28.2587,28.3588

746.5910,29.0636,28.9061,28.9786,28.9692,29.1109,25.8489,25.3447,30.6478,29.0057,28.2483,28.3587

747.5920,29.0511,28.9491,28.9712,29.0051,29.1341,25.8425,25.3609,30.6306,29.0221,28.2366,28.3681

748.5910,29.0805,28.9391,29.0012,29.0158,29.1697,25.8753,25.3291,30.6548,29.0413,28.2651,28.3832

749.5910,29.0951,28.9455,29.0052,29.0104,29.1676,25.8729,25.3560,30.6511,29.0448,28.2620,28.3880

750.5920,29.0926,28.9605,29.0028,29.0433,29.1817,25.8827,25.3336,30.6467,29.0562,28.2647,28.3930

751.5910,29.1107,28.9761,29.0331,29.0500,29.1874,25.8867,25.3509,30.6413,29.0715,28.2640,28.4045

752.5910,29.1113,28.9838,29.0421,29.0558,29.2073,25.8826,25.3364,30.6621,29.0801,28.2723,28.4102

753.5910,29.1213,28.9999,29.0408,29.0898,29.1994,25.8926,25.3477,30.6678,29.0902,28.2802,28.4199

754.5910,29.1398,29.0021,29.0548,29.0877,29.2176,25.8885,25.3456,30.6737,29.1004,28.2811,28.4262

755.5910,29.1639,29.0227,29.0886,29.0928,29.2227,25.8994,25.3570,30.6634,29.1181,28.2814,28.4388

756.5910,29.1550,29.0360,29.0887,29.0981,29.2237,25.8957,25.3627,30.6512,29.1203,28.2735,28.4389

757.5910,29.1734,29.0316,29.0951,29.1191,29.2429,25.8924,25.3462,30.6902,29.1324,28.2913,28.4489

758.5910,29.1988,29.0686,29.1185,29.1213,29.2516,25.9000,25.3448,30.6818,29.1518,28.2909,28.4607

759.5920,29.1908,29.0784,29.1118,29.1348,29.2755,25.9047,25.3434,30.6837,29.1583,28.2942,28.4654

760.5910,29.1867,29.1061,29.1207,29.1607,29.2755,25.8940,25.3260,30.6701,29.1699,28.2821,28.4675

761.5910,29.2076,29.1016,29.1544,29.1609,29.2950,25.9235,25.3475,30.6690,29.1839,28.2962,28.4824

762.5920,29.2280,29.0937,29.1562,29.1624,29.3073,25.8949,25.3467,30.6898,29.1895,28.2923,28.4849

763.5910,29.2250,29.1140,29.1578,29.1785,29.3205,25.9041,25.3295,30.6765,29.1991,28.2903,28.4882

764.5920,29.2489,29.1186,29.1783,29.2004,29.3242,25.9261,25.3540,30.6796,29.2141,28.3029,28.5038

765.5910,29.2562,29.1474,29.1756,29.2212,29.3511,25.9081,25.3330,30.6710,29.2303,28.2896,28.5080

766.5910,29.2430,29.1444,29.2004,29.2263,29.3557,25.9382,25.3632,30.6996,29.2340,28.3189,28.5213

767.5910,29.2827,29.1491,29.1896,29.2211,29.3679,25.9270,25.3600,30.6927,29.2421,28.3099,28.5238

768.5910,29.2912,29.1501,29.1906,29.2372,29.3496,25.9398,25.3790,30.6679,29.2438,28.3038,28.5257

769.5910,29.2868,29.1668,29.2411,29.2449,29.3682,25.9241,25.3996,30.7025,29.2616,28.3133,28.5417

770.5920,29.3172,29.1893,29.2274,29.2419,29.3901,25.9343,25.3999,30.6718,29.2732,28.3031,28.5465

771.5910,29.3243,29.1836,29.2542,29.2509,29.3896,25.9320,25.4207,30.6991,29.2805,28.3155,28.5568

772.5910,29.3410,29.2077,29.2694,29.2745,29.4100,25.9298,25.4247,30.6931,29.3005,28.3115,28.5688

773.5910,29.3572,29.2143,29.2534,29.2868,29.4199,25.9296,25.4410,30.6892,29.3063,28.3094,28.5739

774.5910,29.3642,29.2294,29.2717,29.2939,29.4402,25.9550,25.4518,30.6872,29.3199,28.3211,28.5867

775.5910,29.3510,29.2698,29.2933,29.3018,29.4523,25.9536,25.4575,30.6877,29.3337,28.3206,28.5959

776.5920,29.3786,29.2569,29.3020,29.3148,29.4568,25.9359,25.4544,30.6818,29.3418,28.3089,28.5977

777.5920,29.3927,29.2794,29.3105,29.3062,29.4681,25.9421,25.4649,30.6903,29.3514,28.3162,28.6068

778.5910,29.3968,29.2722,29.3122,29.3324,29.4796,25.9457,25.4680,30.6954,29.3586,28.3206,28.6128

779.5930,29.4009,29.2726,29.3356,29.3493,29.4720,25.9428,25.4589,30.6905,29.3661,28.3166,28.6153

780.5910,29.4053,29.2963,29.3438,29.3405,29.4821,25.9561,25.4434,30.7033,29.3736,28.3297,28.6213

781.5920,29.4048,29.3045,29.3393,29.3581,29.5025,25.9537,25.4618,30.6808,29.3818,28.3172,28.6257

782.5920,29.4207,29.3073,29.3539,29.3826,29.4927,25.9617,25.4622,30.6863,29.3914,28.3240,28.6334

783.5910,29.4344,29.3222,29.3645,29.3866,29.5042,25.9693,25.4694,30.6991,29.4024,28.3342,28.6437

784.5920,29.4499,29.3262,29.3907,29.3907,29.5191,25.9622,25.4566,30.6948,29.4153,28.3285,28.6488

785.5910,29.4486,29.3523,29.3951,29.3998,29.5245,25.9684,25.4562,30.7090,29.4241,28.3387,28.6567

786.5910,29.4742,29.3439,29.4154,29.4097,29.5391,25.9710,25.4644,30.7012,29.4364,28.3361,28.6648

787.5910,29.4850,29.3681,29.4085,29.4278,29.5586,25.9695,25.4790,30.6974,29.4496,28.3335,28.6742

788.5910,29.4956,29.3553,29.4245,29.4179,29.5787,25.9802,25.4930,30.6874,29.4544,28.3338,28.6791

789.5910,29.4934,29.3748,29.4317,29.4500,29.5676,25.9912,25.4408,30.7049,29.4635,28.3480,28.6818

790.5920,29.5088,29.3859,29.4536,29.4451,29.5707,25.9651,25.4818,30.6874,29.4728,28.3263,28.6873

791.5910,29.5123,29.4063,29.4580,29.4745,29.6123,25.9918,25.4763,30.6989,29.4927,28.3453,28.7038

792.5910,29.5308,29.3995,29.4601,29.4691,29.5895,25.9815,25.4499,30.6967,29.4898,28.3391,28.6971

793.5920,29.5362,29.4382,29.4778,29.4843,29.6104,25.9936,25.4436,30.6993,29.5094,28.3464,28.7104

794.5910,29.5417,29.4278,29.4884,29.4795,29.6023,26.0033,25.4444,30.6967,29.5079,28.3500,28.7105

795.5920,29.5606,29.4650,29.4937,29.4928,29.6405,25.9761,25.4327,30.6955,29.5305,28.3358,28.7196

796.5910,29.5609,29.4580,29.5107,29.4952,29.6471,25.9806,25.4386,30.7023,29.5344,28.3415,28.7242

797.5910,29.5842,29.4487,29.5009,29.5108,29.6383,25.9884,25.3978,30.7106,29.5366,28.3495,28.7225

798.5910,29.5817,29.4809,29.5209,29.5166,29.6432,25.9976,25.4250,30.7245,29.5487,28.3611,28.7363

799.5920,29.5766,29.4816,29.5244,29.5442,29.6698,26.0020,25.4029,30.7204,29.5593,28.3612,28.7402

800.5910,29.6111,29.4801,29.5544,29.5502,29.6499,25.9927,25.3942,30.7304,29.5692,28.3616,28.7454

801.5920,29.6027,29.5206,29.5540,29.5883,29.6909,25.9838,25.4050,30.7126,29.5913,28.3482,28.7572

802.5910,29.6238,29.5127,29.5659,29.5795,29.7028,26.0107,25.3946,30.7004,29.5970,28.3555,28.7613

803.5910,29.6279,29.5373,29.5641,29.5853,29.7001,25.9874,25.3803,30.7213,29.6029,28.3544,28.7630

804.5920,29.6391,29.5216,29.5865,29.5969,29.7135,26.0085,25.3934,30.7076,29.6115,28.3580,28.7709

805.5910,29.6712,29.5504,29.5866,29.6021,29.7155,25.9997,25.4134,30.7186,29.6252,28.3592,28.7822

806.5910,29.6579,29.5604,29.5961,29.6116,29.7306,26.0218,25.4289,30.7114,29.6313,28.3666,28.7898

807.5920,29.6838,29.5616,29.6091,29.6406,29.7521,26.0024,25.4227,30.6987,29.6494,28.3506,28.7964

808.5910,29.6877,29.5804,29.6298,29.6190,29.7558,25.9983,25.4389,30.7124,29.6545,28.3554,28.8028

809.5910,29.6852,29.5799,29.6316,29.6368,29.7850,26.0165,25.4472,30.7264,29.6637,28.3715,28.8136

810.5910,29.6975,29.6109,29.6405,29.6508,29.7773,26.0048,25.4322,30.7138,29.6754,28.3593,28.8160

811.5920,29.7066,29.6041,29.6469,29.6690,29.7894,26.0092,25.4451,30.7177,29.6832,28.3634,28.8235

812.5910,29.7314,29.6116,29.6751,29.6605,29.8053,26.0134,25.4493,30.7303,29.6968,28.3718,28.8346

813.5910,29.7364,29.6286,29.6719,29.6573,29.8073,26.0193,25.4505,30.7207,29.7003,28.3700,28.8365

814.5910,29.7457,29.6578,29.6917,29.6982,29.8210,26.0165,25.4599,30.7056,29.7229,28.3610,28.8495

815.5910,29.7300,29.6347,29.6695,29.7019,29.8374,26.0332,25.4498,30.7134,29.7147,28.3733,28.8462

816.5910,29.7364,29.6546,29.6960,29.7223,29.8441,26.0335,25.4439,30.7090,29.7307,28.3712,28.8550

817.5920,29.7715,29.6535,29.7085,29.7226,29.8426,26.0182,25.4485,30.7168,29.7397,28.3675,28.8603

818.5920,29.7580,29.6801,29.7299,29.7440,29.8489,26.0481,25.4448,30.7272,29.7522,28.3877,28.8726

819.5910,29.7867,29.6817,29.7334,29.7588,29.8505,26.0292,25.4490,30.7160,29.7622,28.3726,28.8757

820.5910,29.7753,29.6897,29.7542,29.7499,29.8792,26.0409,25.4192,30.7248,29.7697,28.3828,28.8791

821.5910,29.8161,29.6990,29.7583,29.7639,29.8716,26.0196,25.4409,30.7219,29.7818,28.3708,28.8864

822.5920,29.8042,29.7034,29.7580,29.7411,29.8864,26.0289,25.4369,30.7185,29.7786,28.3737,28.8847

823.5910,29.8234,29.7000,29.7748,29.7875,29.8966,26.0590,25.4420,30.7151,29.7965,28.3870,28.8998

824.5910,29.8473,29.7180,29.7932,29.7876,29.8986,26.0367,25.4306,30.7127,29.8089,28.3747,28.9031

825.5910,29.8352,29.7650,29.7876,29.7730,29.9221,26.0685,25.4265,30.7147,29.8166,28.3916,28.9116

826.5910,29.8570,29.7582,29.7821,29.7873,29.9213,26.0568,25.4342,30.7162,29.8212,28.3865,28.9141

827.5920,29.8732,29.7557,29.8121,29.8248,29.9273,26.0542,25.4368,30.7066,29.8386,28.3804,28.9239

828.5910,29.8694,29.7860,29.8170,29.8194,29.9398,26.0504,25.4462,30.7206,29.8463,28.3855,28.9311

829.5910,29.8850,29.7964,29.8354,29.8345,29.9304,26.0425,25.4510,30.7062,29.8564,28.3743,28.9352

830.5920,29.9013,29.8046,29.8436,29.8385,29.9739,26.0480,25.4546,30.6872,29.8724,28.3676,28.9440

831.5910,29.9025,29.8184,29.8457,29.8368,29.9609,26.0492,25.4492,30.7049,29.8729,28.3770,28.9460

832.5910,29.9156,29.8008,29.8610,29.8666,29.9818,26.0477,25.4534,30.7043,29.8852,28.3760,28.9539

833.5910,29.9064,29.8275,29.8703,29.8731,29.9925,26.0630,25.4290,30.6956,29.8939,28.3793,28.9572

834.5910,29.9135,29.8165,29.8683,29.8715,29.9938,26.0470,25.4215,30.6900,29.8927,28.3685,28.9528

835.5920,29.9393,29.8256,29.8830,29.8821,30.0156,26.0800,25.4262,30.6890,29.9091,28.3845,28.9676

836.5910,29.9416,29.8304,29.8943,29.8915,30.0058,26.0941,25.4167,30.6964,29.9127,28.3953,28.9713

837.5910,29.9617,29.8579,29.8744,29.9157,30.0272,26.0670,25.4331,30.7001,29.9274,28.3836,28.9796

838.5910,29.9742,29.8515,29.9305,29.9221,30.0467,26.0848,25.4017,30.7065,29.9450,28.3956,28.9897

839.5910,29.9721,29.8909,29.9403,29.9149,30.0432,26.0681,25.4115,30.6950,29.9523,28.3816,28.9920

840.5910,29.9998,29.8655,29.9092,29.9299,30.0535,26.0751,25.4114,30.6780,29.9516,28.3766,28.9903

841.5910,29.9824,29.9026,29.9365,29.9525,30.0752,26.0774,25.4218,30.6987,29.9698,28.3881,29.0059

842.5910,30.0089,29.9022,29.9459,29.9549,30.0813,26.0744,25.4012,30.6881,29.9787,28.3812,29.0071

843.5910,29.9890,29.9123,29.9621,29.9597,30.0773,26.0935,25.4100,30.6992,29.9801,28.3963,29.0129

844.5910,30.0231,29.9156,29.9471,29.9626,30.0900,26.0924,25.4230,30.6971,29.9877,28.3948,29.0189

845.5920,30.0325,29.9160,29.9668,29.9734,30.1012,26.0763,25.4235,30.6853,29.9980,28.3808,29.0219

846.5910,30.0538,29.9290,29.9906,29.9793,30.1175,26.0859,25.4326,30.6968,30.0140,28.3913,29.0357

847.5910,30.0524,29.9528,29.9927,29.9622,30.1084,26.0981,25.4127,30.6948,30.0137,28.3965,29.0343

848.5910,30.0577,29.9519,29.9825,29.9721,30.1273,26.1007,25.4181,30.6941,30.0183,28.3974,29.0381

849.5920,30.0770,29.9631,30.0045,30.0218,30.1055,26.0922,25.4209,30.6725,30.0344,28.3823,29.0447

850.5910,30.0775,29.9756,30.0227,30.0151,30.1435,26.1007,25.4016,30.6861,30.0469,28.3934,29.0529

851.5910,30.0708,29.9745,30.0206,30.0342,30.1330,26.0944,25.4062,30.6850,30.0466,28.3897,29.0523

852.5910,30.0918,29.9734,30.0284,30.0260,30.1459,26.1127,25.4042,30.6906,30.0531,28.4017,29.0591

853.5910,30.1062,29.9933,30.0182,30.0281,30.1578,26.1112,25.4092,30.6721,30.0607,28.3916,29.0620

854.5920,30.0961,29.9903,30.0603,30.0326,30.1788,26.1086,25.4043,30.6719,30.0716,28.3902,29.0678

855.5920,30.1188,30.0045,30.0407,30.0525,30.1987,26.1162,25.4077,30.6805,30.0830,28.3984,29.0774

856.5910,30.1157,30.0260,30.0622,30.0543,30.1878,26.0994,25.3937,30.6801,30.0892,28.3898,29.0774

857.5930,30.1220,30.0315,30.0818,30.0733,30.1763,26.1189,25.4137,30.6709,30.0969,28.3949,29.0860

858.5910,30.1238,30.0411,30.0876,30.0923,30.2155,26.1005,25.3976,30.6789,30.1121,28.3897,29.0922

859.5910,30.1561,30.0288,30.0833,30.0815,30.2131,26.1088,25.3922,30.6810,30.1125,28.3949,29.0931

860.5910,30.1502,30.0416,30.0989,30.0900,30.2108,26.1175,25.4227,30.6968,30.1183,28.4072,29.1036

861.5910,30.1617,30.0658,30.1128,30.1090,30.2115,26.1323,25.4337,30.6617,30.1321,28.3970,29.1111

862.5910,30.1721,30.0715,30.1152,30.1166,30.2322,26.1268,25.4319,30.6698,30.1415,28.3983,29.1170

863.5910,30.1894,30.0806,30.1276,30.1304,30.2555,26.1276,25.4319,30.6608,30.1567,28.3942,29.1255

864.5910,30.1659,30.0648,30.1193,30.1179,30.2458,26.1173,25.4342,30.6603,30.1428,28.3888,29.1157

865.5910,30.1848,30.0888,30.1330,30.1386,30.2392,26.1277,25.4489,30.6853,30.1569,28.4065,29.1308

866.5910,30.2160,30.1046,30.1393,30.1393,30.2771,26.1236,25.4571,30.6840,30.1753,28.4038,29.1426

867.5910,30.1995,30.1075,30.1583,30.1432,30.2692,26.1241,25.4562,30.6643,30.1756,28.3942,29.1403

868.5910,30.2359,30.1112,30.1521,30.1498,30.2781,26.1181,25.4620,30.6518,30.1854,28.3850,29.1449

869.5910,30.2149,30.1198,30.1734,30.1612,30.2731,26.1282,25.4499,30.6642,30.1885,28.3962,29.1481

870.5910,30.2389,30.1115,30.1895,30.1731,30.3028,26.1197,25.4731,30.6684,30.2032,28.3941,29.1596

871.5910,30.2434,30.1287,30.1879,30.1738,30.2871,26.1469,25.4620,30.6443,30.2042,28.3956,29.1593

872.5910,30.2411,30.1312,30.1894,30.1871,30.3117,26.1248,25.4526,30.6481,30.2121,28.3864,29.1607

873.5910,30.2489,30.1582,30.1986,30.2047,30.3114,26.1445,25.4662,30.6569,30.2244,28.4007,29.1737

874.5910,30.2708,30.1665,30.2172,30.2017,30.3155,26.1400,25.4669,30.6486,30.2343,28.3943,29.1784

875.5910,30.2766,30.1597,30.2190,30.2194,30.3247,26.1127,25.4802,30.6629,30.2399,28.3878,29.1819

876.5910,30.2745,30.1807,30.2305,30.2056,30.3236,26.1158,25.4413,30.6646,30.2429,28.3902,29.1796

877.5920,30.3007,30.1712,30.2365,30.2313,30.3395,26.1350,25.4459,30.6292,30.2558,28.3821,29.1861

878.5910,30.2958,30.2033,30.2423,30.2343,30.3565,26.1405,25.4386,30.6666,30.2664,28.4035,29.1972

879.5910,30.3033,30.1862,30.2271,30.2600,30.3658,26.1438,25.4721,30.6816,30.2685,28.4127,29.2050

880.5930,30.3152,30.2070,30.2413,30.2644,30.3800,26.1619,25.4619,30.6207,30.2816,28.3913,29.2065

881.5910,30.3261,30.2012,30.2694,30.2591,30.3869,26.1450,25.4318,30.6490,30.2885,28.3970,29.2086

882.5910,30.3289,30.2125,30.2707,30.2665,30.3803,26.1563,25.4559,30.6447,30.2918,28.4005,29.2145

883.5910,30.3383,30.2307,30.2533,30.2622,30.3896,26.1582,25.4469,30.6494,30.2948,28.4038,29.2161

884.5910,30.3379,30.2301,30.3001,30.2869,30.4091,26.1710,25.4446,30.6509,30.3128,28.4110,29.2288

885.5930,30.3496,30.2424,30.2697,30.2927,30.3933,26.1511,25.4436,30.6400,30.3096,28.3956,29.2228

886.5920,30.3599,30.2534,30.2901,30.2825,30.4259,26.1587,25.4308,30.6358,30.3224,28.3972,29.2296

887.5910,30.3576,30.2750,30.3013,30.2970,30.4366,26.1653,25.4384,30.6273,30.3335,28.3963,29.2373

888.5910,30.3824,30.2632,30.3238,30.3092,30.4371,26.1496,25.4415,30.6436,30.3431,28.3966,29.2438

889.5910,30.3718,30.2897,30.3348,30.3221,30.4349,26.1559,25.4257,30.6458,30.3506,28.4008,29.2476

890.5910,30.3778,30.2915,30.3461,30.3277,30.4293,26.1681,25.4379,30.6423,30.3545,28.4052,29.2526

891.5910,30.3984,30.2863,30.3413,30.3417,30.4381,26.1520,25.4279,30.6254,30.3611,28.3887,29.2514

892.5920,30.3921,30.2963,30.3494,30.3330,30.4584,26.1720,25.4390,30.6223,30.3658,28.3972,29.2578

893.5910,30.4103,30.2960,30.3435,30.3407,30.4624,26.1819,25.4653,30.6326,30.3706,28.4072,29.2666

894.5910,30.4189,30.3166,30.3744,30.3547,30.4510,26.1645,25.4574,30.6364,30.3831,28.4005,29.2718

895.5910,30.4347,30.3243,30.3760,30.3492,30.4742,26.1672,25.4785,30.6165,30.3917,28.3918,29.2776

896.5910,30.4315,30.3432,30.3681,30.3747,30.4922,26.1824,25.4734,30.6237,30.4019,28.4031,29.2861

897.5920,30.4189,30.3247,30.3797,30.3760,30.4897,26.1551,25.4749,30.6440,30.3978,28.3995,29.2829

898.5910,30.4249,30.3270,30.3651,30.3595,30.4868,26.1838,25.4715,30.6308,30.3927,28.4073,29.2812

899.5910,30.4368,30.3282,30.3926,30.3738,30.5063,26.1863,25.4722,30.6178,30.4076,28.4021,29.2893

900.5910,30.4473,30.3528,30.4012,30.3862,30.5103,26.1845,25.4926,30.6367,30.4196,28.4106,29.3014

901.5920,30.4750,30.3466,30.3959,30.4138,30.5322,26.1704,25.4817,30.6132,30.4327,28.3918,29.3036

902.5910,30.4613,30.3720,30.4002,30.4073,30.5111,26.2085,25.4896,30.6102,30.4304,28.4094,29.3075

903.5910,30.4871,30.3678,30.4172,30.4035,30.5408,26.1632,25.4934,30.6323,30.4433,28.3978,29.3132

904.5920,30.4703,30.3810,30.4125,30.4115,30.5140,26.1832,25.4950,30.6170,30.4379,28.4001,29.3106

905.5910,30.4730,30.3773,30.4535,30.4187,30.5183,26.1939,25.4792,30.6102,30.4482,28.4020,29.3155

906.5910,30.5118,30.4047,30.4311,30.4428,30.5453,26.1733,25.4837,30.6278,30.4671,28.4006,29.3276

907.5910,30.4989,30.4029,30.4447,30.4499,30.5477,26.1769,25.4680,30.5981,30.4688,28.3875,29.3234

908.5910,30.5058,30.4209,30.4435,30.4444,30.5403,26.1928,25.4494,30.6205,30.4710,28.4066,29.3272

909.5910,30.5082,30.4327,30.4487,30.4539,30.5587,26.1976,25.4627,30.6229,30.4804,28.4102,29.3357

910.5920,30.5174,30.4139,30.4694,30.4793,30.5831,26.1974,25.4549,30.6114,30.4926,28.4044,29.3409

911.5930,30.5207,30.4438,30.4687,30.4701,30.5768,26.1946,25.4583,30.6180,30.4960,28.4063,29.3439

912.5910,30.5173,30.4196,30.4850,30.4671,30.5850,26.1870,25.4379,30.6090,30.4948,28.3980,29.3385

913.5910,30.5318,30.4343,30.4813,30.4921,30.5799,26.2161,25.4382,30.6164,30.5039,28.4163,29.3488

914.5920,30.5269,30.4705,30.4921,30.4841,30.6194,26.2093,25.4314,30.6091,30.5186,28.4092,29.3553

915.5910,30.5433,30.4598,30.5030,30.4649,30.6003,26.1984,25.4356,30.5974,30.5143,28.3979,29.3503

916.5910,30.5493,30.4561,30.5115,30.5035,30.6069,26.2171,25.4364,30.6080,30.5255,28.4126,29.3611

917.5910,30.5649,30.4794,30.5123,30.5015,30.6156,26.2187,25.4134,30.5847,30.5347,28.4017,29.3613

918.5910,30.5567,30.4798,30.5188,30.5188,30.6132,26.2161,25.4287,30.6093,30.5374,28.4127,29.3677

919.5910,30.5683,30.4961,30.5243,30.5234,30.6300,26.2348,25.4220,30.6148,30.5484,28.4248,29.3767

920.5910,30.5958,30.4913,30.5176,30.5185,30.6501,26.1969,25.4067,30.6090,30.5547,28.4030,29.3732

921.5910,30.6009,30.5080,30.5635,30.5353,30.6532,26.2161,25.4293,30.5985,30.5722,28.4073,29.3881

922.5910,30.5961,30.5122,30.5648,30.5512,30.6795,26.2123,25.4282,30.6069,30.5808,28.4096,29.3939

923.5910,30.5886,30.5060,30.5675,30.5384,30.6564,26.2364,25.4339,30.6220,30.5714,28.4292,29.3937

924.5920,30.5996,30.5204,30.5641,30.5646,30.6468,26.2323,25.4426,30.6086,30.5791,28.4204,29.3974

925.5910,30.6277,30.5184,30.5753,30.5489,30.6551,26.2298,25.4477,30.6244,30.5851,28.4271,29.4034

926.5910,30.6247,30.5430,30.5942,30.5674,30.6595,26.2268,25.4254,30.5947,30.5978,28.4108,29.4045

927.5920,30.6161,30.5339,30.5828,30.5612,30.6867,26.2083,25.4294,30.6011,30.5961,28.4047,29.4024

928.5910,30.6320,30.5369,30.5853,30.5712,30.6920,26.2270,25.4303,30.6197,30.6035,28.4234,29.4118

929.5910,30.6533,30.5397,30.5928,30.5815,30.6938,26.2287,25.4565,30.6106,30.6122,28.4196,29.4196

930.5910,30.6528,30.5754,30.6125,30.5707,30.7004,26.2456,25.4559,30.5941,30.6224,28.4198,29.4259

931.5910,30.6205,30.5652,30.5911,30.5878,30.7039,26.2335,25.4589,30.6074,30.6137,28.4204,29.4210

932.5920,30.6579,30.5672,30.6015,30.6137,30.7250,26.2488,25.4553,30.5986,30.6330,28.4237,29.4335

933.5910,30.6549,30.5827,30.6081,30.6057,30.7204,26.2335,25.4632,30.5938,30.6343,28.4137,29.4328

934.5920,30.6682,30.5869,30.6231,30.6095,30.7105,26.2427,25.4870,30.6034,30.6396,28.4230,29.4414

935.5930,30.6781,30.6035,30.6251,30.6054,30.7336,26.2318,25.4860,30.6024,30.6491,28.4171,29.4457

936.5910,30.6917,30.5891,30.6352,30.6225,30.7362,26.2356,25.4690,30.6081,30.6549,28.4218,29.4484

937.5910,30.7083,30.6046,30.6281,30.6225,30.7240,26.2372,25.4919,30.6031,30.6575,28.4201,29.4525

938.5910,30.6968,30.5817,30.6466,30.6400,30.7396,26.2459,25.4850,30.5981,30.6610,28.4220,29.4542

939.5910,30.6995,30.6123,30.6522,30.6424,30.7490,26.2410,25.5056,30.5890,30.6711,28.4150,29.4614

940.5910,30.7151,30.6300,30.6534,30.6577,30.7427,26.2397,25.5110,30.5911,30.6798,28.4154,29.4676

941.5920,30.6948,30.6341,30.6806,30.6505,30.7497,26.2689,25.4957,30.5867,30.6819,28.4278,29.4701

942.5910,30.7176,30.6309,30.6540,30.6610,30.7752,26.2418,25.5012,30.5762,30.6877,28.4090,29.4697

943.5910,30.7404,30.6462,30.6702,30.6772,30.7585,26.2425,25.4892,30.5751,30.6985,28.4088,29.4749

944.5910,30.7308,30.6428,30.6969,30.6630,30.7753,26.2730,25.4725,30.5837,30.7018,28.4284,29.4798

945.5910,30.7184,30.6285,30.6754,30.6684,30.7953,26.2426,25.4935,30.6146,30.6972,28.4286,29.4796

946.5910,30.7553,30.6529,30.6905,30.6557,30.7845,26.2518,25.4800,30.5894,30.7078,28.4206,29.4825

947.5910,30.7507,30.6332,30.7023,30.7032,30.7798,26.2538,25.4584,30.5754,30.7138,28.4146,29.4821

948.5910,30.7451,30.6571,30.7148,30.6815,30.7877,26.2548,25.4623,30.5887,30.7172,28.4217,29.4865

949.5910,30.7689,30.6611,30.7123,30.6987,30.7974,26.2621,25.4805,30.5772,30.7277,28.4197,29.4948

950.5920,30.7656,30.6645,30.7086,30.7025,30.8050,26.2626,25.4692,30.5814,30.7292,28.4220,29.4949

951.5910,30.7675,30.6792,30.7286,30.7084,30.8023,26.2626,25.4659,30.5729,30.7372,28.4178,29.4984

952.5910,30.7704,30.6735,30.7228,30.7130,30.8154,26.2557,25.4618,30.5886,30.7390,28.4221,29.5001

953.5920,30.7848,30.6878,30.7245,30.7019,30.8368,26.2720,25.4545,30.5917,30.7472,28.4319,29.5068

954.5910,30.7792,30.7001,30.7283,30.7081,30.8256,26.2541,25.4479,30.5823,30.7483,28.4182,29.5032

955.5910,30.7673,30.7035,30.7383,30.7256,30.8275,26.2544,25.4666,30.5995,30.7524,28.4269,29.5103

956.5910,30.7888,30.7029,30.7513,30.7339,30.8588,26.2581,25.4642,30.5619,30.7671,28.4100,29.5150

957.5910,30.7943,30.7134,30.7533,30.7293,30.8412,26.2665,25.4697,30.5942,30.7663,28.4303,29.5202

958.5910,30.8005,30.7178,30.7564,30.7211,30.8419,26.2646,25.4896,30.5759,30.7676,28.4203,29.5210

959.5910,30.8019,30.7004,30.7652,30.7422,30.8521,26.2731,25.4750,30.5984,30.7724,28.4358,29.5260

960.5910,30.8164,30.7065,30.7624,30.7704,30.8395,26.2863,25.4810,30.5805,30.7790,28.4334,29.5304

961.5910,30.8171,30.7268,30.7630,30.7489,30.8574,26.2732,25.5058,30.5887,30.7826,28.4310,29.5351

962.5910,30.8355,30.7426,30.7844,30.7750,30.8652,26.2696,25.5163,30.5780,30.8006,28.4238,29.5458

963.5920,30.8084,30.7309,30.7845,30.7755,30.8638,26.2792,25.5056,30.5806,30.7926,28.4299,29.5411

964.5910,30.8348,30.7595,30.7825,30.7703,30.8746,26.2726,25.4986,30.5886,30.8043,28.4306,29.5477

965.5920,30.8440,30.7579,30.7824,30.8007,30.8862,26.3032,25.5220,30.5880,30.8142,28.4456,29.5606

966.5910,30.8452,30.7560,30.7866,30.7673,30.8796,26.2651,25.5152,30.5821,30.8069,28.4236,29.5496

967.5910,30.8508,30.7789,30.7948,30.7760,30.9104,26.2797,25.5175,30.5754,30.8222,28.4276,29.5604

968.5910,30.8699,30.7652,30.8272,30.8019,30.9038,26.2881,25.5056,30.5800,30.8336,28.4341,29.5677

969.5910,30.8662,30.8007,30.8317,30.8186,30.9351,26.2905,25.5236,30.5801,30.8505,28.4353,29.5808

970.5910,30.8632,30.7825,30.8065,30.8126,30.9141,26.2903,25.5049,30.5653,30.8358,28.4278,29.5674

971.5910,30.8634,30.7759,30.8205,30.8191,30.9196,26.2716,25.5179,30.5871,30.8397,28.4294,29.5719

972.5910,30.8623,30.7702,30.8270,30.8289,30.9182,26.2998,25.5144,30.5738,30.8413,28.4368,29.5743

973.5910,30.8953,30.7709,30.8357,30.8136,30.9156,26.2882,25.5004,30.5674,30.8462,28.4278,29.5734

974.5910,30.8932,30.8041,30.8304,30.8294,30.9271,26.2804,25.5026,30.5733,30.8568,28.4268,29.5801

975.5910,30.8846,30.8021,30.8434,30.8439,30.9284,26.2826,25.5001,30.5807,30.8605,28.4316,29.5832

976.5910,30.9065,30.7970,30.8398,30.8388,30.9365,26.2777,25.5131,30.5856,30.8637,28.4317,29.5869

977.5910,30.9102,30.8256,30.8660,30.8669,30.9585,26.2781,25.5366,30.5780,30.8855,28.4280,29.6025

978.5910,30.9016,30.8320,30.8724,30.8466,30.9603,26.3053,25.5303,30.5708,30.8826,28.4380,29.6024

979.5910,30.9079,30.8270,30.8580,30.8388,30.9492,26.3050,25.5092,30.5780,30.8762,28.4415,29.5966

980.5920,30.9189,30.8274,30.8725,30.8532,30.9711,26.2830,25.5071,30.5670,30.8886,28.4250,29.6000

981.5930,30.9154,30.8395,30.8705,30.8611,30.9734,26.3003,25.5338,30.5630,30.8920,28.4316,29.6071

982.5910,30.9322,30.8396,30.8630,30.8847,30.9532,26.2894,25.5361,30.5813,30.8945,28.4353,29.6099

983.5910,30.9480,30.8304,30.9126,30.8736,30.9714,26.3203,25.5477,30.5976,30.9072,28.4589,29.6252

984.5910,30.9067,30.8617,30.9002,30.8739,30.9993,26.2906,25.5322,30.5811,30.9084,28.4359,29.6182

985.5910,30.9350,30.8596,30.8991,30.8774,30.9860,26.2831,25.5081,30.5577,30.9114,28.4204,29.6132

986.5910,30.9336,30.8638,30.8972,30.8826,30.9794,26.3044,25.5261,30.5685,30.9113,28.4365,29.6195

987.5920,30.9385,30.8688,30.9073,30.9031,30.9810,26.2994,25.5306,30.5889,30.9197,28.4442,29.6272

988.5910,30.9587,30.8689,30.9074,30.8830,30.9999,26.3037,25.5409,30.5805,30.9236,28.4421,29.6304

989.5910,30.9503,30.8803,30.9245,30.9080,31.0109,26.3108,25.5396,30.5848,30.9348,28.4478,29.6386

990.5910,30.9855,30.8743,30.9452,30.9198,31.0410,26.3042,25.5447,30.5833,30.9532,28.4437,29.6498

991.5920,30.9798,30.9004,30.9347,30.9309,31.0202,26.2942,25.5452,30.5758,30.9532,28.4350,29.6477

992.5920,30.9652,30.8861,30.9467,30.9059,31.0313,26.3050,25.5395,30.5875,30.9470,28.4463,29.6459

993.5910,30.9827,30.8952,30.9318,30.9177,31.0117,26.3240,25.5594,30.6073,30.9478,28.4657,29.6537

994.5910,30.9922,30.8901,30.9408,30.9230,31.0259,26.3307,25.5638,30.5726,30.9544,28.4517,29.6549

995.5910,31.0072,30.9029,30.9588,30.9372,31.0382,26.3076,25.5501,30.5834,30.9688,28.4455,29.6607

996.5910,30.9818,30.8979,30.9636,30.9467,31.0369,26.3028,25.5476,30.5665,30.9654,28.4346,29.6555

997.5910,30.9995,30.9160,30.9470,30.9475,31.0377,26.3234,25.5588,30.5729,30.9695,28.4481,29.6628

998.5910,31.0080,30.9204,30.9721,30.9528,31.0388,26.2989,25.5555,30.6049,30.9784,28.4519,29.6689

999.5910,31.0188,30.9468,30.9553,30.9576,31.0628,26.3183,25.5570,30.5932,30.9883,28.4557,29.6762

1000.5910,31.0205,30.9441,30.9976,30.9469,31.0620,26.3138,25.5497,30.5972,30.9942,28.4555,29.6790

1001.5910,31.0168,30.9162,30.9712,30.9674,31.0651,26.3234,25.5626,30.5776,30.9873,28.4505,29.6750

1002.5910,31.0177,30.9446,30.9878,30.9718,31.0653,26.3195,25.5573,30.6024,30.9974,28.4609,29.6833

1003.5910,31.0280,30.9336,30.9716,30.9904,31.0679,26.3228,25.5558,30.6061,30.9983,28.4644,29.6845

1004.5910,31.0194,30.9403,30.9924,30.9586,31.0802,26.3279,25.5553,30.6065,30.9982,28.4672,29.6851

1005.5910,31.0306,30.9577,30.9892,30.9803,31.0846,26.3414,25.5622,30.5965,31.0085,28.4689,29.6928

1006.5910,31.0388,30.9690,31.0047,30.9789,31.0925,26.3304,25.5323,30.6057,31.0168,28.4680,29.6940

1007.5910,31.0419,30.9700,31.0137,31.0029,31.1011,26.3197,25.5622,30.6125,31.0259,28.4661,29.7030

1008.5910,31.0446,30.9737,31.0103,30.9915,31.0986,26.3187,25.5372,30.5983,31.0238,28.4585,29.6966

1009.5920,31.0740,30.9842,31.0194,30.9964,31.0790,26.3214,25.5342,30.6085,31.0306,28.4649,29.7021

1010.5910,31.0637,30.9757,31.0269,31.0006,31.1044,26.3106,25.5153,30.6057,31.0343,28.4581,29.7004

1011.5920,31.0560,30.9830,31.0347,31.0248,31.1028,26.3311,25.5217,30.6017,31.0402,28.4664,29.7070

1012.5910,31.0849,30.9867,31.0496,30.9979,31.1097,26.3083,25.5243,30.6133,31.0458,28.4608,29.7093

1013.5920,31.0727,30.9956,31.0435,31.0069,31.1041,26.3210,25.5139,30.6128,31.0446,28.4669,29.7088

1014.5920,31.0820,30.9979,31.0495,31.0063,31.1219,26.3346,25.5275,30.6211,31.0515,28.4778,29.7176

1015.5920,31.0861,30.9965,31.0322,31.0210,31.1182,26.3255,25.5198,30.6229,31.0508,28.4742,29.7153

1016.5910,31.0900,31.0099,31.0583,31.0391,31.1255,26.3243,25.5021,30.6095,31.0646,28.4669,29.7198

1017.5910,31.0850,31.0266,31.0599,31.0355,31.1355,26.3206,25.5197,30.6204,31.0685,28.4705,29.7254

1018.5910,31.1068,31.0250,31.0556,31.0325,31.1218,26.3496,25.5123,30.6136,31.0683,28.4816,29.7272

1019.5910,31.1132,31.0204,31.0590,31.0505,31.1364,26.3282,25.5188,30.6237,31.0759,28.4760,29.7313

1020.5910,31.0928,31.0371,31.0742,31.0469,31.1498,26.3261,25.5436,30.6066,31.0802,28.4663,29.7346

1021.5910,31.0986,31.0340,31.0763,31.0665,31.1458,26.3305,25.5102,30.6180,31.0842,28.4742,29.7350

1022.5910,31.1252,31.0450,31.0849,31.0647,31.1558,26.3356,25.5134,30.6174,31.0952,28.4765,29.7428

1023.5910,31.1224,31.0656,31.0788,31.0652,31.1882,26.3389,25.5280,30.6348,31.1041,28.4869,29.7528

1024.5910,31.1366,31.0604,31.0942,31.0675,31.1830,26.3328,25.5465,30.6184,31.1083,28.4756,29.7549

1025.5920,31.1298,31.0621,31.0720,31.0687,31.1763,26.3298,25.5378,30.6154,31.1018,28.4726,29.7490

1026.5910,31.1161,31.0523,31.1026,31.0748,31.1739,26.3542,25.5457,30.6360,31.1039,28.4951,29.7570

1027.5920,31.1039,31.0739,31.0983,31.0645,31.1838,26.3491,25.5694,30.6276,31.1049,28.4883,29.7588

1028.5920,31.1407,31.0777,31.0918,31.0791,31.1721,26.3284,25.5596,30.6235,31.1123,28.4759,29.7591

1029.5920,31.1264,31.0649,31.1067,31.1002,31.1838,26.3306,25.5650,30.6402,31.1164,28.4854,29.7647

1030.5910,31.1395,31.0685,31.1051,31.1103,31.1925,26.3490,25.5391,30.6242,31.1232,28.4866,29.7660

1031.5910,31.1574,31.0665,31.0998,31.1036,31.1853,26.3442,25.5504,30.6392,31.1225,28.4917,29.7683

1032.5920,31.1389,31.0861,31.1209,31.0993,31.2139,26.3535,25.5672,30.6447,31.1318,28.4991,29.7780

1033.5920,31.1626,31.1038,31.1372,31.0987,31.2180,26.3452,25.5476,30.6477,31.1440,28.4965,29.7826

1034.5910,31.1595,31.0946,31.1256,31.1083,31.2102,26.3718,25.5629,30.6343,31.1396,28.5030,29.7834

1035.5910,31.1676,31.1007,31.1486,31.1195,31.2129,26.3559,25.5432,30.6603,31.1499,28.5081,29.7886

1036.5910,31.1637,31.1008,31.1397,31.1149,31.1961,26.3190,25.5554,30.6479,31.1430,28.4835,29.7797

1037.5910,31.1805,31.1146,31.1541,31.1306,31.2081,26.3411,25.5448,30.6440,31.1576,28.4925,29.7897

1038.5920,31.1878,31.1177,31.1670,31.1478,31.2300,26.3593,25.5404,30.6316,31.1701,28.4955,29.7977

1039.5920,31.1963,31.1083,31.1679,31.1374,31.2271,26.3485,25.5287,30.6331,31.1674,28.4908,29.7934

1040.5910,31.1838,31.1412,31.1576,31.1369,31.2435,26.3538,25.5354,30.6516,31.1726,28.5027,29.8005

1041.5910,31.1953,31.1403,31.1511,31.1206,31.2445,26.3484,25.5238,30.6537,31.1704,28.5010,29.7972

1042.5910,31.2090,31.1452,31.1762,31.1429,31.2556,26.3678,25.5390,30.6570,31.1858,28.5124,29.8116

1043.5910,31.2133,31.1407,31.1637,31.1543,31.2328,26.3650,25.5306,30.6580,31.1810,28.5115,29.8073

1044.5910,31.2115,31.1561,31.1833,31.1481,31.2444,26.3727,25.5029,30.6615,31.1887,28.5171,29.8101

1045.5910,31.2224,31.1564,31.1958,31.1507,31.2625,26.3648,25.5110,30.6498,31.1976,28.5073,29.8142

1046.5920,31.2113,31.1499,31.2100,31.1635,31.2772,26.3673,25.5054,30.6527,31.2024,28.5100,29.8172

1047.5910,31.2207,31.1659,31.1955,31.1866,31.2589,26.3938,25.5003,30.6594,31.2055,28.5266,29.8226

1048.5910,31.2343,31.1758,31.1931,31.1603,31.2730,26.3743,25.5030,30.6560,31.2073,28.5152,29.8212

1049.5910,31.2434,31.1696,31.2165,31.1799,31.2757,26.3783,25.5245,30.6684,31.2170,28.5234,29.8320

1050.5930,31.2253,31.1845,31.2160,31.1766,31.2832,26.3800,25.5191,30.6560,31.2171,28.5180,29.8301

1051.5910,31.2498,31.1634,31.2315,31.1939,31.2944,26.3786,25.5126,30.6608,31.2266,28.5197,29.8356

1052.5910,31.2341,31.1852,31.2308,31.1763,31.2669,26.3704,25.5520,30.6728,31.2187,28.5216,29.8361

1053.5910,31.2556,31.1542,31.2077,31.1983,31.2997,26.3547,25.5301,30.6717,31.2231,28.5132,29.8340

1054.5910,31.2587,31.1879,31.2316,31.2044,31.2927,26.3682,25.5319,30.6626,31.2351,28.5154,29.8422

1055.5910,31.2667,31.1739,31.2274,31.1950,31.3091,26.3791,25.5272,30.6800,31.2344,28.5296,29.8448

1056.5910,31.2731,31.2072,31.2325,31.2100,31.3053,26.3822,25.5374,30.6718,31.2456,28.5270,29.8524

1057.5910,31.2519,31.2035,31.2396,31.2176,31.2983,26.3627,25.5340,30.6746,31.2422,28.5187,29.8478

1058.5910,31.2784,31.2147,31.2476,31.2339,31.3180,26.3880,25.5281,30.6551,31.2585,28.5216,29.8580

1059.5910,31.2689,31.2076,31.2531,31.2254,31.3099,26.3752,25.5157,30.6771,31.2530,28.5261,29.8541

1060.5910,31.2677,31.2168,31.2647,31.2201,31.3295,26.3768,25.5216,30.6824,31.2597,28.5296,29.8599

1061.5910,31.2751,31.1990,31.2614,31.2351,31.3056,26.3899,25.5168,30.6612,31.2552,28.5255,29.8555

1062.5910,31.2882,31.2166,31.2457,31.2302,31.3293,26.3898,25.5233,30.6719,31.2620,28.5308,29.8619

1063.5910,31.2761,31.2239,31.2652,31.2244,31.3272,26.3738,25.5338,30.6800,31.2634,28.5269,29.8630

1064.5910,31.2773,31.2168,31.2718,31.2309,31.3244,26.3765,25.5029,30.6929,31.2642,28.5347,29.8617

1065.5910,31.2763,31.2240,31.2691,31.2400,31.3452,26.3854,25.5297,30.6863,31.2709,28.5358,29.8695

1066.5910,31.2920,31.2390,31.2765,31.2498,31.3611,26.3705,25.4993,30.6983,31.2837,28.5344,29.8733

1067.5920,31.3088,31.2402,31.2933,31.2360,31.3623,26.3779,25.5119,30.6967,31.2881,28.5373,29.8784

1068.5910,31.2922,31.2366,31.2624,31.2563,31.3521,26.3816,25.5288,30.6971,31.2799,28.5393,29.8759

1069.5910,31.3097,31.2629,31.2995,31.2465,31.3592,26.3911,25.5354,30.6802,31.2956,28.5356,29.8856

1070.5910,31.3261,31.2543,31.2980,31.2628,31.3811,26.3958,25.5407,30.6953,31.3045,28.5456,29.8943

1071.5910,31.3342,31.2583,31.3006,31.2733,31.3776,26.3865,25.5767,30.7001,31.3088,28.5433,29.9009

1072.5920,31.3292,31.2770,31.2840,31.2756,31.3751,26.3871,25.5565,30.7036,31.3082,28.5453,29.8985

1073.5910,31.3446,31.2753,31.2970,31.2876,31.3796,26.3871,25.5881,30.6931,31.3168,28.5401,29.9065

1074.5910,31.3098,31.2547,31.2857,31.2791,31.3740,26.4049,25.5932,30.6959,31.3007,28.5504,29.8997

1075.5920,31.3203,31.2541,31.3217,31.2846,31.3663,26.3853,25.6009,30.7003,31.3094,28.5428,29.9042

1076.5910,31.3471,31.2761,31.3198,31.2935,31.3860,26.3801,25.6151,30.7064,31.3245,28.5433,29.9155

1077.5910,31.3371,31.2728,31.3103,31.2845,31.3878,26.4021,25.6182,30.7199,31.3185,28.5610,29.9166

1078.5920,31.3636,31.2857,31.3195,31.3101,31.3754,26.3963,25.6246,30.7093,31.3309,28.5528,29.9231

1079.5910,31.3539,31.3057,31.3100,31.3100,31.4025,26.3992,25.6144,30.6930,31.3364,28.5461,29.9236

1080.5910,31.3476,31.3008,31.3257,31.3140,31.3910,26.4222,25.6510,30.7168,31.3358,28.5695,29.9336

1081.5910,31.3548,31.3119,31.3330,31.3199,31.4007,26.4110,25.6318,30.7160,31.3441,28.5635,29.9349

1082.5920,31.3548,31.3189,31.3424,31.3006,31.4067,26.4058,25.6271,30.7099,31.3447,28.5579,29.9333

1083.5910,31.3574,31.2925,31.3577,31.3080,31.4263,26.4004,25.6396,30.7125,31.3484,28.5564,29.9368

1084.5910,31.3759,31.3108,31.3601,31.3249,31.4028,26.4001,25.6464,30.7146,31.3549,28.5573,29.9419

1085.5920,31.3826,31.3198,31.3386,31.3367,31.4409,26.4091,25.6399,30.7250,31.3637,28.5671,29.9491

1086.5920,31.3769,31.3176,31.3458,31.3421,31.4378,26.3822,25.6488,30.7283,31.3641,28.5552,29.9474

1087.5910,31.3777,31.3390,31.3592,31.3428,31.4240,26.4156,25.6426,30.7192,31.3685,28.5674,29.9525

1088.5910,31.3867,31.3127,31.3508,31.3456,31.4306,26.4077,25.6342,30.7428,31.3653,28.5752,29.9514

1089.5910,31.3821,31.3333,31.3728,31.3338,31.4470,26.4181,25.6210,30.7142,31.3738,28.5661,29.9528

1090.5920,31.4052,31.3340,31.3862,31.3293,31.4434,26.3980,25.6178,30.7171,31.3796,28.5575,29.9539

1091.5910,31.4077,31.3537,31.3776,31.3457,31.4358,26.4098,25.6212,30.7210,31.3841,28.5654,29.9591

1092.5910,31.4092,31.3438,31.3725,31.3697,31.4485,26.4189,25.6190,30.7329,31.3887,28.5759,29.9643

1093.5910,31.3934,31.3488,31.3653,31.3413,31.4550,26.4059,25.6371,30.7189,31.3808,28.5624,29.9582

1094.5910,31.4099,31.3529,31.3858,31.3623,31.4492,26.3903,25.6211,30.7316,31.3920,28.5610,29.9629

1095.5910,31.4299,31.3714,31.3878,31.3437,31.4484,26.3996,25.6275,30.7282,31.3962,28.5639,29.9671

1096.5910,31.4179,31.3629,31.3901,31.3695,31.4756,26.4116,25.6291,30.7185,31.4032,28.5650,29.9719

1097.5910,31.4141,31.3506,31.3910,31.3642,31.4450,26.4139,25.6343,30.7119,31.3930,28.5629,29.9656

1098.5910,31.4321,31.3604,31.3933,31.3623,31.4600,26.4089,25.6108,30.7482,31.4016,28.5785,29.9720

1099.5910,31.4181,31.3760,31.3971,31.3685,31.4680,26.4104,25.6397,30.7493,31.4055,28.5798,29.9784

1100.5910,31.4216,31.3737,31.4207,31.3780,31.4784,26.4050,25.6461,30.7448,31.4145,28.5749,29.9835

1101.5910,31.4528,31.3876,31.4218,31.3880,31.4782,26.4075,25.6237,30.7361,31.4257,28.5718,29.9870

1102.5910,31.4377,31.3837,31.4316,31.3856,31.4799,26.4155,25.6316,30.7219,31.4237,28.5687,29.9859

1103.5920,31.4293,31.3875,31.4274,31.4001,31.4847,26.3985,25.6453,30.7365,31.4258,28.5675,29.9887

1104.5910,31.4541,31.3930,31.4451,31.4080,31.4916,26.4178,25.6358,30.7468,31.4384,28.5823,29.9990

1105.5920,31.4441,31.3934,31.4352,31.4014,31.4765,26.4129,25.6347,30.7583,31.4301,28.5856,29.9945

1106.5910,31.4434,31.4058,31.4316,31.4058,31.4969,26.3990,25.6184,30.7426,31.4367,28.5708,29.9930

1107.5910,31.4395,31.4222,31.4475,31.4114,31.4818,26.3980,25.6433,30.7388,31.4405,28.5684,29.9978

1108.5920,31.4532,31.4024,31.4409,31.3920,31.4869,26.4150,25.6259,30.7529,31.4351,28.5840,29.9962

1109.5910,31.4637,31.4032,31.4576,31.4290,31.5243,26.4133,25.6572,30.7493,31.4556,28.5813,30.0122

1110.5920,31.4774,31.4187,31.4549,31.4117,31.5211,26.4308,25.6276,30.7259,31.4568,28.5784,30.0085

1111.5910,31.4629,31.4251,31.4599,31.4298,31.5172,26.4234,25.6178,30.7711,31.4590,28.5973,30.0134

1112.5910,31.4827,31.4131,31.4488,31.4329,31.5136,26.4394,25.6249,30.7565,31.4582,28.5980,30.0140

1113.5910,31.4952,31.4344,31.4795,31.4349,31.5297,26.4081,25.6507,30.7456,31.4747,28.5768,30.0222

1114.5910,31.4766,31.4414,31.4700,31.4334,31.5325,26.4229,25.6367,30.7462,31.4708,28.5846,30.0200

1115.5910,31.4830,31.4529,31.4599,31.4317,31.5439,26.4265,25.6610,30.7789,31.4743,28.6027,30.0297

1116.5910,31.4883,31.4213,31.4800,31.4368,31.5372,26.4333,25.6740,30.7453,31.4727,28.5893,30.0270

1117.5910,31.5014,31.4365,31.4656,31.4576,31.5431,26.4323,25.6692,30.7655,31.4808,28.5989,30.0339

1118.5910,31.4951,31.4504,31.4753,31.4307,31.5256,26.4259,25.6747,30.7558,31.4754,28.5909,30.0292

1119.5910,31.5055,31.4565,31.4879,31.4588,31.5504,26.4374,25.6667,30.7747,31.4918,28.6061,30.0423

1120.5910,31.5015,31.4605,31.4703,31.4356,31.5774,26.4069,25.6500,30.7890,31.4891,28.5980,30.0364

1121.5910,31.5125,31.4419,31.5114,31.4645,31.5692,26.4345,25.6709,30.7596,31.4999,28.5970,30.0456

1122.5910,31.5198,31.4569,31.4874,31.4475,31.5695,26.4145,25.6585,30.7632,31.4962,28.5889,30.0397

1123.5910,31.5268,31.4482,31.4942,31.4782,31.5501,26.4323,25.6296,30.7674,31.4995,28.5998,30.0408

1124.5910,31.5374,31.4600,31.5093,31.4600,31.5586,26.4510,25.6110,30.7601,31.5050,28.6056,30.0434

1125.5910,31.5084,31.4724,31.4978,31.4776,31.5466,26.4143,25.6210,30.7705,31.5006,28.5924,30.0386

1126.5910,31.5097,31.4698,31.5050,31.4514,31.5796,26.4402,25.6100,30.7733,31.5031,28.6067,30.0424

1127.5910,31.4993,31.4842,31.5091,31.4917,31.5739,26.4391,25.5901,30.7539,31.5116,28.5965,30.0427

1128.5910,31.5348,31.4966,31.4985,31.4722,31.5614,26.4329,25.5777,30.7627,31.5127,28.5978,30.0421

1129.5910,31.5270,31.4915,31.5155,31.4831,31.5784,26.4377,25.5802,30.7694,31.5191,28.6036,30.0478

1130.5920,31.5290,31.4894,31.5106,31.4880,31.5880,26.4256,25.5742,30.7695,31.5210,28.5975,30.0468

1131.5910,31.5423,31.4991,31.5094,31.4986,31.5775,26.4318,25.5838,30.7641,31.5254,28.5980,30.0508

1132.5920,31.5467,31.4982,31.5254,31.5146,31.5742,26.4452,25.5816,30.7657,31.5318,28.6055,30.0565

1133.5910,31.5436,31.4921,31.5292,31.5104,31.6024,26.4407,25.5563,30.7653,31.5355,28.6030,30.0550

1134.5910,31.5511,31.5122,31.5235,31.4925,31.5967,26.4313,25.6030,30.7734,31.5352,28.6023,30.0605

1135.5910,31.5808,31.5063,31.5419,31.4804,31.5955,26.4483,25.5951,30.7734,31.5410,28.6109,30.0652

1136.5910,31.5690,31.5080,31.5394,31.5216,31.5948,26.4431,25.5969,30.7729,31.5466,28.6080,30.0682

1137.5920,31.5624,31.5208,31.5579,31.5119,31.5879,26.4446,25.6196,30.7706,31.5482,28.6076,30.0720

1138.5910,31.5704,31.5109,31.5653,31.5301,31.6062,26.4502,25.6230,30.7791,31.5566,28.6147,30.0794

1139.5910,31.5484,31.5264,31.5625,31.5287,31.6062,26.4385,25.6253,30.7594,31.5545,28.5989,30.0744

1140.5910,31.5770,31.5104,31.5405,31.5254,31.6292,26.4596,25.6290,30.7894,31.5565,28.6245,30.0826

1141.5910,31.5782,31.5308,31.5346,31.5219,31.6022,26.4387,25.6341,30.7869,31.5535,28.6128,30.0784

1142.5920,31.5894,31.5511,31.5750,31.5285,31.6398,26.4471,25.6429,30.7802,31.5768,28.6136,30.0942

1143.5910,31.5882,31.5333,31.5657,31.5427,31.6314,26.4587,25.6616,30.7795,31.5723,28.6191,30.0951

1144.5910,31.5826,31.5445,31.5820,31.5407,31.6374,26.4417,25.6488,30.7922,31.5775,28.6169,30.0962

1145.5910,31.5938,31.5546,31.5733,31.5386,31.6367,26.4379,25.6583,30.7893,31.5794,28.6136,30.0978

1146.5920,31.5986,31.5456,31.5818,31.5367,31.6269,26.4455,25.6413,30.7978,31.5779,28.6217,30.0968

1147.5910,31.6168,31.5290,31.5816,31.5586,31.6407,26.4595,25.6691,30.7818,31.5853,28.6207,30.1046

1148.5910,31.5835,31.5438,31.5964,31.5405,31.6569,26.4336,25.6583,30.7710,31.5842,28.6023,30.0980

1149.5910,31.6036,31.5507,31.6019,31.5559,31.6418,26.4656,25.6492,30.7958,31.5908,28.6307,30.1081

1150.5910,31.6089,31.5537,31.6091,31.5561,31.6504,26.4568,25.6343,30.7763,31.5957,28.6166,30.1057

1151.5920,31.6215,31.5445,31.6097,31.5464,31.6698,26.4332,25.6413,30.7846,31.5984,28.6089,30.1064

1152.5910,31.6082,31.5545,31.6165,31.5531,31.6498,26.4617,25.6165,30.7905,31.5964,28.6261,30.1064

1153.5910,31.6314,31.5561,31.5970,31.5557,31.6538,26.4667,25.6106,30.8156,31.5988,28.6411,30.1108

1154.5920,31.6215,31.5777,31.6007,31.5608,31.6331,26.4572,25.6106,30.8100,31.5988,28.6336,30.1090

1155.5920,31.6524,31.5720,31.6030,31.5753,31.6763,26.4505,25.5935,30.8000,31.6158,28.6253,30.1154

1156.5920,31.6288,31.5644,31.6282,31.5770,31.6751,26.4631,25.6028,30.7999,31.6147,28.6315,30.1174

