Elapsed Time (s),T1 (deg C),T2 (deg C),T3 (deg C),T4 (deg C),T5 (deg C),T6 (deg C),T7 (deg C),T8 (deg C),Main Loop Avg Temp (deg C),HX Avg Temp (deg C),Overall Avg Temp (deg C)
1.2020,29.9621,29.9100,29.9655,29.9575,30.0398,26.0335,25.0727,30.1036,29.9670,28.0686,28.8806

1.9270,29.9847,29.9038,29.9715,29.9682,30.0420,26.0312,25.0879,30.0957,29.9741,28.0634,28.8856

2.9270,29.9698,29.8881,29.9780,29.9737,30.0687,26.0361,25.0937,30.0986,29.9757,28.0674,28.8883

3.9270,29.9877,29.9033,29.9780,29.9729,30.0570,26.0276,25.0819,30.1062,29.9798,28.0669,28.8893

4.9270,29.9906,29.9221,29.9908,29.9837,30.0538,26.0357,25.0678,30.0940,29.9882,28.0648,28.8923

5.9270,29.9539,29.9132,29.9866,29.9687,30.0496,26.0357,25.0767,30.1180,29.9744,28.0768,28.8878

6.9270,29.9817,29.9148,29.9830,29.9821,30.0813,26.0470,25.0607,30.1006,29.9886,28.0738,28.8939

7.9270,29.9764,29.9180,29.9923,29.9853,30.0751,26.0516,25.0771,30.1240,29.9894,28.0878,28.9000

8.9270,29.9742,29.9184,29.9964,29.9856,30.0566,26.0358,25.0764,30.0993,29.9862,28.0675,28.8928

9.9270,29.9713,29.9198,30.0199,30.0039,30.0697,26.0502,25.0753,30.1010,29.9969,28.0756,28.9014

10.9270,29.9916,29.9246,29.9998,30.0022,30.0746,26.0537,25.0830,30.1110,29.9986,28.0823,28.9051

11.9270,29.9978,29.9395,30.0058,30.0232,30.0622,26.0679,25.0788,30.0998,30.0057,28.0839,28.9094

12.9280,29.9797,29.9600,30.0479,30.0051,30.0897,26.0365,25.0970,30.0967,30.0165,28.0666,28.9141

13.9270,30.0031,29.9497,30.0291,30.0094,30.0724,26.0661,25.0893,30.0962,30.0127,28.0811,28.9144

14.9270,30.0042,29.9456,30.0246,30.0199,30.0951,26.0446,25.1013,30.1284,30.0179,28.0865,28.9205

15.9280,29.9828,29.9551,30.0331,30.0157,30.1088,26.0661,25.1205,30.1093,30.0191,28.0877,28.9239

16.9270,29.9953,29.9493,30.0344,30.0335,30.0970,26.0480,25.1065,30.0945,30.0219,28.0712,28.9198

17.9280,30.0020,29.9487,30.0408,30.0192,30.1057,26.0504,25.0953,30.0937,30.0233,28.0721,28.9195

18.9280,30.0216,29.9734,30.0360,30.0317,30.1023,26.0715,25.1112,30.1166,30.0330,28.0940,28.9330

19.9270,30.0167,29.9626,30.0542,30.0058,30.1379,26.0495,25.0850,30.1050,30.0354,28.0773,28.9271

20.9270,30.0170,29.9815,30.0530,30.0262,30.1193,26.0494,25.0882,30.1021,30.0394,28.0758,28.9296

21.9270,30.0384,29.9720,30.0694,30.0313,30.1187,26.0634,25.0795,30.1240,30.0460,28.0937,28.9371

22.9270,30.0339,29.9638,30.0230,30.0404,30.1175,26.0574,25.0980,30.1114,30.0357,28.0844,28.9307

23.9270,30.0432,29.9790,30.0646,30.0392,30.1163,26.0470,25.0904,30.0983,30.0485,28.0726,28.9348

24.9270,30.0334,29.9859,30.0677,30.0517,30.1453,26.0687,25.0886,30.1237,30.0568,28.0962,28.9456

25.9270,30.0394,29.9999,30.0502,30.0493,30.1358,26.0497,25.0969,30.1437,30.0549,28.0967,28.9456

26.9280,30.0300,29.9933,30.0695,30.0512,30.1433,26.0729,25.0932,30.1344,30.0575,28.1036,28.9485

27.9270,30.0522,29.9959,30.0621,30.0725,30.1256,26.0668,25.0885,30.1316,30.0617,28.0992,28.9494

28.9270,30.0533,30.0088,30.0760,30.0544,30.1423,26.0736,25.0883,30.1478,30.0670,28.1107,28.9556

29.9270,30.0610,30.0009,30.0761,30.0780,30.1475,26.0709,25.0960,30.1329,30.0727,28.1019,28.9579

30.9270,30.0458,30.0202,30.0856,30.0875,30.1585,26.0722,25.1072,30.1309,30.0795,28.1016,28.9635

31.9280,30.0684,30.0134,30.0750,30.0586,30.1568,26.0614,25.0916,30.1549,30.0744,28.1081,28.9600

32.9270,30.0579,30.0103,30.0785,30.0733,30.1565,26.0655,25.0863,30.1491,30.0753,28.1073,28.9597

33.9280,30.0584,30.0292,30.1002,30.0795,30.1599,26.0693,25.0764,30.1392,30.0854,28.1043,28.9640

34.9270,30.0572,30.0255,30.1012,30.0951,30.1764,26.0727,25.0799,30.1390,30.0911,28.1059,28.9684

35.9270,30.0848,30.0434,30.1069,30.0876,30.1666,26.0797,25.0854,30.1388,30.0978,28.1093,28.9741

36.9270,30.0777,30.0312,30.0923,30.0904,30.1689,26.0821,25.0953,30.1482,30.0921,28.1151,28.9733

37.9270,30.0915,30.0513,30.1129,30.1049,30.1693,26.0723,25.1049,30.1376,30.1060,28.1050,28.9806

38.9270,30.0821,30.0274,30.1299,30.0928,30.1896,26.0770,25.0879,30.1300,30.1044,28.1035,28.9771

39.9270,30.0885,30.0265,30.1022,30.1144,30.1971,26.0844,25.0783,30.1463,30.1057,28.1154,28.9797

40.9270,30.0961,30.0463,30.1253,30.1088,30.2014,26.0854,25.0864,30.1497,30.1156,28.1175,28.9874

41.9270,30.0924,30.0636,30.1383,30.1167,30.1910,26.0850,25.0874,30.1512,30.1204,28.1181,28.9907

42.9280,30.0981,30.0701,30.1218,30.1213,30.1867,26.0775,25.0483,30.1456,30.1196,28.1116,28.9837

43.9270,30.1038,30.0459,30.1254,30.1066,30.2105,26.0884,25.0564,30.1565,30.1184,28.1224,28.9867

44.9290,30.0957,30.0374,30.1394,30.1253,30.1813,26.0718,25.0411,30.1653,30.1158,28.1186,28.9822

45.9270,30.1032,30.0673,30.1364,30.1289,30.2112,26.0855,25.0671,30.1794,30.1294,28.1324,28.9974

46.9270,30.1066,30.0726,30.1459,30.1187,30.1798,26.0870,25.0511,30.1701,30.1247,28.1285,28.9915

47.9270,30.1203,30.0646,30.1365,30.1261,30.2183,26.0913,25.0512,30.1612,30.1332,28.1262,28.9962

48.9270,30.1296,30.0781,30.1420,30.1364,30.2116,26.1001,25.0628,30.1498,30.1395,28.1249,29.0013

49.9270,30.1119,30.0772,30.1383,30.1190,30.2093,26.0772,25.0555,30.1636,30.1311,28.1204,28.9940

50.9270,30.1285,30.0718,30.1367,30.1456,30.2236,26.1132,25.0646,30.1661,30.1412,28.1397,29.0063

51.9280,30.1000,30.0927,30.1557,30.1534,30.2267,26.0997,25.0370,30.1626,30.1457,28.1312,29.0035

52.9270,30.1410,30.0788,30.1596,30.1385,30.2287,26.0829,25.0541,30.1871,30.1493,28.1350,29.0088

53.9270,30.1200,30.0956,30.1614,30.1430,30.2183,26.1103,25.0650,30.1876,30.1476,28.1490,29.0126

54.9280,30.1455,30.0944,30.1776,30.1433,30.2293,26.0826,25.0737,30.1761,30.1580,28.1293,29.0153

55.9270,30.1306,30.1150,30.1544,30.1573,30.2306,26.0950,25.0516,30.1729,30.1576,28.1339,29.0134

56.9270,30.1445,30.0913,30.1769,30.1458,30.2305,26.0859,25.0647,30.1685,30.1578,28.1272,29.0135

57.9270,30.1529,30.1037,30.1747,30.1564,30.2419,26.0896,25.0872,30.1712,30.1659,28.1304,29.0222

58.9270,30.1451,30.1031,30.1778,30.1656,30.2540,26.0893,25.0647,30.1733,30.1691,28.1313,29.0216

59.9270,30.1483,30.1224,30.1605,30.1671,30.2338,26.0868,25.0731,30.1901,30.1664,28.1384,29.0228

60.9270,30.1631,30.0821,30.1582,30.1888,30.2555,26.0804,25.0663,30.1927,30.1695,28.1366,29.0234

61.9270,30.1694,30.1271,30.1944,30.1680,30.2545,26.1028,25.0580,30.1844,30.1827,28.1436,29.0323

62.9270,30.1491,30.1537,30.1814,30.1748,30.2449,26.1117,25.0839,30.1914,30.1808,28.1515,29.0363

63.9280,30.1591,30.1316,30.1974,30.1645,30.2623,26.0859,25.0841,30.2047,30.1830,28.1453,29.0362

64.9270,30.1862,30.1204,30.1815,30.1928,30.2704,26.1282,25.0815,30.1979,30.1903,28.1631,29.0449

65.9270,30.1596,30.1249,30.2030,30.1757,30.2537,26.1053,25.1021,30.2010,30.1834,28.1532,29.0407

66.9270,30.1915,30.1371,30.1903,30.2053,30.2598,26.1174,25.1213,30.1952,30.1968,28.1563,29.0522

67.9280,30.1690,30.1327,30.2145,30.2022,30.2554,26.1043,25.1336,30.2118,30.1947,28.1580,29.0529

68.9270,30.1582,30.1444,30.2116,30.2003,30.2741,26.0953,25.1317,30.1972,30.1977,28.1462,29.0516

69.9280,30.1805,30.1396,30.2214,30.2035,30.2693,26.1021,25.1362,30.2035,30.2029,28.1528,29.0570

70.9270,30.2070,30.1344,30.1965,30.1998,30.2886,26.1274,25.1383,30.1929,30.2053,28.1602,29.0606

71.9270,30.1934,30.1465,30.2071,30.1855,30.2748,26.0911,25.1360,30.1995,30.2015,28.1453,29.0542

72.9270,30.1939,30.1686,30.2250,30.1968,30.2923,26.1099,25.1535,30.2070,30.2153,28.1585,29.0684

73.9270,30.1970,30.1463,30.2079,30.2163,30.2958,26.1108,25.1481,30.2172,30.2127,28.1640,29.0674

74.9270,30.1974,30.1606,30.2114,30.2067,30.2795,26.1054,25.1362,30.2199,30.2111,28.1627,29.0646

75.9270,30.2049,30.1427,30.2226,30.2081,30.2889,26.1017,25.1405,30.2044,30.2134,28.1531,29.0642

76.9270,30.2022,30.1847,30.2477,30.2171,30.3008,26.1103,25.0967,30.2258,30.2305,28.1680,29.0732

77.9280,30.1765,30.1481,30.2364,30.1960,30.2976,26.1010,25.1199,30.2061,30.2109,28.1535,29.0602

78.9280,30.2013,30.1772,30.2482,30.2233,30.3003,26.1150,25.1325,30.1984,30.2300,28.1567,29.0745

79.9270,30.2008,30.1950,30.2584,30.2528,30.3083,26.1254,25.1411,30.2070,30.2431,28.1662,29.0861

80.9270,30.2134,30.1821,30.2465,30.2259,30.2954,26.1385,25.1235,30.2313,30.2327,28.1849,29.0821

81.9270,30.1982,30.1863,30.2267,30.2253,30.3193,26.1252,25.1611,30.2264,30.2312,28.1758,29.0836

82.9280,30.2187,30.1707,30.2473,30.2346,30.3155,26.1155,25.1614,30.2220,30.2374,28.1688,29.0857

83.9270,30.2182,30.1703,30.2591,30.2511,30.3075,26.1122,25.1524,30.2276,30.2412,28.1699,29.0873

84.9270,30.2177,30.1933,30.2591,30.2647,30.3287,26.1277,25.1411,30.2121,30.2527,28.1699,29.0930

85.9270,30.2229,30.2052,30.2757,30.2658,30.3194,26.1183,25.1307,30.2379,30.2578,28.1781,29.0970

86.9270,30.2490,30.2103,30.2672,30.2606,30.3358,26.1228,25.1337,30.2241,30.2646,28.1734,29.1004

87.9270,30.2435,30.1845,30.2846,30.2569,30.3330,26.1295,25.1310,30.1998,30.2605,28.1647,29.0953

88.9270,30.2286,30.2005,30.2775,30.2804,30.3415,26.1212,25.1307,30.2126,30.2657,28.1669,29.0991

89.9270,30.2525,30.2193,30.2692,30.2537,30.3284,26.1409,25.1198,30.2262,30.2646,28.1835,29.1012

90.9270,30.2274,30.2134,30.2684,30.2566,30.3436,26.1360,25.1182,30.2283,30.2619,28.1822,29.0990

91.9270,30.2327,30.2081,30.2772,30.2753,30.3613,26.1409,25.1277,30.2261,30.2709,28.1835,29.1062

92.9270,30.2632,30.1905,30.2859,30.2638,30.3649,26.1461,25.1225,30.2153,30.2737,28.1807,29.1065

93.9270,30.2346,30.2239,30.2709,30.2653,30.3518,26.1287,25.1458,30.2238,30.2693,28.1762,29.1056

94.9270,30.2522,30.2261,30.2933,30.2609,30.3756,26.1261,25.1143,30.2254,30.2816,28.1757,29.1092

95.9270,30.2435,30.2336,30.3018,30.2802,30.3723,26.1126,25.1216,30.2224,30.2863,28.1675,29.1110

96.9270,30.2797,30.2282,30.3081,30.2813,30.3655,26.1470,25.1221,30.2280,30.2926,28.1875,29.1200

97.9270,30.2586,30.2333,30.2948,30.2648,30.3682,26.1282,25.0934,30.2224,30.2839,28.1753,29.1080

98.9270,30.2608,30.2351,30.3150,30.3169,30.3728,26.1186,25.1045,30.2326,30.3001,28.1756,29.1195

99.9270,30.2709,30.2410,30.3171,30.2847,30.3782,26.1458,25.1298,30.2291,30.2984,28.1874,29.1246

100.9270,30.2779,30.2374,30.3089,30.2995,30.3634,26.1532,25.1165,30.2459,30.2974,28.1996,29.1253

101.9270,30.2683,30.2406,30.3102,30.3013,30.3549,26.1445,25.1276,30.2086,30.2951,28.1766,29.1195

102.9270,30.2858,30.2569,30.3274,30.2973,30.3805,26.1564,25.1575,30.2327,30.3096,28.1946,29.1368

103.9270,30.2869,30.2593,30.3082,30.3148,30.3816,26.1589,25.1406,30.2267,30.3102,28.1928,29.1346

104.9270,30.2828,30.2593,30.3148,30.2847,30.3754,26.1336,25.1309,30.2475,30.3034,28.1906,29.1286

105.9280,30.2771,30.2746,30.3310,30.3019,30.3761,26.1463,25.1247,30.2400,30.3121,28.1931,29.1340

106.9280,30.2895,30.2595,30.3286,30.3145,30.3934,26.1314,25.1230,30.2463,30.3171,28.1888,29.1358

107.9280,30.2887,30.2554,30.3372,30.3039,30.3922,26.1499,25.1373,30.2417,30.3155,28.1958,29.1383

108.9270,30.3014,30.2860,30.3415,30.3053,30.3871,26.1390,25.1552,30.2478,30.3242,28.1934,29.1454

109.9270,30.3072,30.2534,30.3521,30.3202,30.3977,26.1873,25.1624,30.2423,30.3261,28.2148,29.1528

110.9280,30.3000,30.2869,30.3311,30.3208,30.3974,26.1414,25.1439,30.2567,30.3272,28.1991,29.1473

111.9280,30.2778,30.2886,30.3427,30.3150,30.4024,26.1357,25.1556,30.2524,30.3253,28.1940,29.1463

112.9270,30.3056,30.2865,30.3448,30.3279,30.3993,26.1574,25.1764,30.2581,30.3328,28.2078,29.1570

113.9270,30.2978,30.2762,30.3402,30.3491,30.4309,26.1501,25.1772,30.2480,30.3388,28.1991,29.1587

114.9270,30.3096,30.2872,30.3577,30.3234,30.4212,26.1539,25.1554,30.2546,30.3398,28.2042,29.1579

115.9270,30.3269,30.2885,30.3618,30.3411,30.4069,26.1633,25.1676,30.2451,30.3451,28.2042,29.1627

116.9270,30.3051,30.2963,30.3672,30.3367,30.4175,26.1598,25.1840,30.2370,30.3446,28.1984,29.1630

117.9270,30.3193,30.2915,30.3709,30.3450,30.4400,26.1745,25.1784,30.2422,30.3533,28.2084,29.1702

118.9270,30.3405,30.3013,30.3775,30.3305,30.4325,26.1463,25.1681,30.2620,30.3565,28.2041,29.1698

119.9270,30.3374,30.3013,30.3901,30.3643,30.4461,26.1592,25.1687,30.2368,30.3678,28.1980,29.1755

120.9270,30.3551,30.3076,30.3546,30.3373,30.4242,26.1784,25.1497,30.2508,30.3558,28.2146,29.1697

121.9280,30.3395,30.2996,30.3748,30.3494,30.4392,26.1679,25.1557,30.2497,30.3605,28.2088,29.1720

122.9280,30.3323,30.3127,30.3738,30.3756,30.4353,26.1696,25.1754,30.2486,30.3659,28.2091,29.1779

123.9280,30.3388,30.3124,30.3848,30.3576,30.4314,26.1629,25.1664,30.2641,30.3650,28.2135,29.1773

124.9280,30.3681,30.3036,30.3741,30.3690,30.4319,26.1631,25.1746,30.2487,30.3694,28.2059,29.1792

125.9270,30.3418,30.3294,30.4042,30.3515,30.4559,26.1877,25.1803,30.2718,30.3766,28.2297,29.1903

126.9270,30.3416,30.3191,30.3844,30.3830,30.4540,26.1369,25.1918,30.2419,30.3764,28.1894,29.1816

127.9270,30.3440,30.3178,30.4024,30.3784,30.4367,26.1692,25.1849,30.2656,30.3759,28.2174,29.1874

128.9280,30.3618,30.3255,30.3753,30.3744,30.4623,26.1615,25.1862,30.2551,30.3798,28.2083,29.1877

129.9270,30.3520,30.3574,30.4048,30.3644,30.4542,26.1545,25.1971,30.2429,30.3866,28.1987,29.1909

130.9270,30.3559,30.3356,30.3920,30.3736,30.4521,26.1750,25.2148,30.2737,30.3818,28.2243,29.1966

131.9290,30.3667,30.3341,30.3877,30.3868,30.4469,26.1844,25.1854,30.2596,30.3844,28.2220,29.1939

132.9280,30.3744,30.3387,30.4134,30.3927,30.4703,26.1737,25.1837,30.2649,30.3979,28.2193,29.2015

133.9270,30.3732,30.3330,30.4153,30.3810,30.4712,26.1602,25.2099,30.2506,30.3947,28.2054,29.1993

134.9270,30.3811,30.3391,30.4073,30.3871,30.4881,26.1630,25.1768,30.2561,30.4005,28.2095,29.1998

135.9270,30.3620,30.3238,30.3995,30.4023,30.4737,26.1768,25.1939,30.2661,30.3923,28.2215,29.1998

136.9270,30.3716,30.3434,30.4120,30.3975,30.4811,26.1756,25.1980,30.2631,30.4011,28.2194,29.2053

137.9280,30.3842,30.3455,30.4165,30.4061,30.4837,26.1902,25.2111,30.2851,30.4072,28.2376,29.2153

138.9280,30.3906,30.3701,30.4246,30.4001,30.4800,26.2060,25.2193,30.3013,30.4131,28.2536,29.2240

139.9270,30.3914,30.3708,30.4262,30.4037,30.4888,26.1657,25.2428,30.2767,30.4162,28.2212,29.2207

140.9270,30.3839,30.3670,30.4299,30.4248,30.4906,26.1847,25.2401,30.2439,30.4192,28.2143,29.2206

141.9270,30.3949,30.3561,30.4275,30.4195,30.4985,26.1825,25.2539,30.2633,30.4193,28.2229,29.2245

142.9280,30.4010,30.3776,30.4410,30.4161,30.5017,26.1782,25.2657,30.2600,30.4275,28.2191,29.2302

143.9270,30.4067,30.3758,30.4294,30.4007,30.5102,26.1759,25.2700,30.2732,30.4246,28.2245,29.2302

144.9270,30.3908,30.3857,30.4421,30.4209,30.5060,26.1845,25.2564,30.2710,30.4291,28.2277,29.2322

145.9280,30.3935,30.3696,30.4467,30.4246,30.5219,26.2014,25.2620,30.2756,30.4313,28.2385,29.2369

146.9270,30.3961,30.3513,30.4387,30.4326,30.5355,26.1714,25.2778,30.2555,30.4308,28.2135,29.2324

147.9270,30.4146,30.3770,30.4372,30.4203,30.5035,26.1820,25.2926,30.2633,30.4305,28.2226,29.2363

148.9270,30.4028,30.3953,30.4597,30.4127,30.5001,26.2031,25.2864,30.2689,30.4341,28.2360,29.2411

149.9270,30.4062,30.3860,30.4386,30.4198,30.5227,26.2023,25.2809,30.2676,30.4347,28.2349,29.2405

150.9270,30.4047,30.3748,30.4514,30.4354,30.5374,26.1937,25.2972,30.2688,30.4407,28.2313,29.2454

151.9270,30.4034,30.3963,30.4405,30.4066,30.5157,26.1745,25.2752,30.2526,30.4325,28.2135,29.2331

152.9270,30.4061,30.3910,30.4568,30.4417,30.5296,26.1848,25.2690,30.2731,30.4451,28.2289,29.2440

153.9270,30.4213,30.3838,30.4736,30.4487,30.5126,26.1882,25.2648,30.2732,30.4480,28.2307,29.2458

154.9270,30.4470,30.4044,30.4594,30.4434,30.5228,26.1867,25.2756,30.2694,30.4554,28.2280,29.2511

155.9270,30.4081,30.4188,30.4564,30.4428,30.5297,26.1985,25.2728,30.2577,30.4512,28.2281,29.2481

156.9270,30.4305,30.3803,30.4663,30.4287,30.5575,26.2026,25.2751,30.2754,30.4527,28.2390,29.2520

157.9280,30.4261,30.4096,30.4580,30.4627,30.5229,26.1996,25.2999,30.2681,30.4559,28.2339,29.2559

158.9270,30.4213,30.4131,30.4897,30.4413,30.5442,26.1949,25.2762,30.2836,30.4619,28.2392,29.2581

159.9270,30.4307,30.4062,30.4547,30.4382,30.5388,26.1849,25.2922,30.2709,30.4537,28.2279,29.2521

160.9270,30.4384,30.3983,30.4725,30.4819,30.5242,26.2228,25.2759,30.2556,30.4631,28.2392,29.2587

161.9280,30.4265,30.4376,30.4710,30.4832,30.5419,26.2085,25.2885,30.2695,30.4720,28.2390,29.2658

162.9270,30.4418,30.3946,30.4608,30.4768,30.5567,26.1975,25.2831,30.2623,30.4662,28.2299,29.2592

163.9270,30.4304,30.4354,30.4792,30.4655,30.5365,26.2086,25.2919,30.2649,30.4694,28.2368,29.2641

164.9270,30.4454,30.4348,30.4753,30.4645,30.5584,26.2058,25.2877,30.2598,30.4757,28.2328,29.2665

165.9270,30.4502,30.4244,30.4968,30.4756,30.5447,26.2049,25.2627,30.2889,30.4783,28.2469,29.2685

166.9270,30.4533,30.4192,30.4963,30.4813,30.5579,26.2123,25.2574,30.2799,30.4816,28.2461,29.2697

167.9280,30.4774,30.4342,30.4887,30.5010,30.5644,26.1865,25.2622,30.2753,30.4931,28.2309,29.2737

168.9270,30.4697,30.4272,30.4700,30.4845,30.5555,26.2194,25.2502,30.2667,30.4814,28.2430,29.2679

169.9270,30.4680,30.4078,30.5018,30.4703,30.5657,26.1949,25.2593,30.2715,30.4827,28.2332,29.2674

170.9270,30.4556,30.4485,30.5073,30.4664,30.5905,26.2122,25.2426,30.2737,30.4936,28.2429,29.2746

171.9270,30.4785,30.4493,30.5099,30.4883,30.5536,26.2305,25.2562,30.2642,30.4959,28.2473,29.2788

172.9270,30.4480,30.4474,30.4826,30.5052,30.5658,26.1985,25.2605,30.2755,30.4898,28.2370,29.2729

173.9270,30.4747,30.4458,30.5046,30.4839,30.5671,26.2125,25.2708,30.2740,30.4952,28.2432,29.2792

174.9270,30.4848,30.4451,30.5156,30.4870,30.5870,26.2100,25.2517,30.2832,30.5039,28.2466,29.2830

175.9280,30.4489,30.4326,30.5181,30.5054,30.5806,26.2131,25.2595,30.2661,30.4971,28.2396,29.2780

176.9270,30.4698,30.4615,30.5009,30.5047,30.5874,26.2071,25.2710,30.2625,30.5049,28.2348,29.2831

177.9270,30.4732,30.4607,30.5200,30.5106,30.5801,26.2209,25.2537,30.2833,30.5089,28.2521,29.2878

178.9270,30.4718,30.4457,30.5265,30.4988,30.5768,26.2205,25.2439,30.2669,30.5039,28.2437,29.2814

179.9270,30.4982,30.4628,30.5385,30.5122,30.5685,26.2456,25.2699,30.2764,30.5160,28.2610,29.2965

180.9270,30.4913,30.4493,30.5264,30.5104,30.5983,26.1985,25.2728,30.2558,30.5151,28.2272,29.2879

181.9270,30.4885,30.4528,30.5468,30.4961,30.5919,26.2127,25.2487,30.2520,30.5152,28.2324,29.2862

182.9270,30.4935,30.4621,30.5321,30.4983,30.5819,26.2073,25.2812,30.2712,30.5136,28.2393,29.2909

183.9270,30.4905,30.4588,30.5278,30.5114,30.5932,26.2392,25.2687,30.2700,30.5163,28.2546,29.2950

184.9270,30.5064,30.4679,30.5304,30.5130,30.5994,26.2166,25.3008,30.2780,30.5234,28.2473,29.3016

185.9270,30.5009,30.4757,30.5627,30.4997,30.6111,26.2011,25.2887,30.2617,30.5300,28.2314,29.3002

186.9270,30.4993,30.4640,30.5449,30.5073,30.6233,26.2255,25.2937,30.2723,30.5278,28.2489,29.3038

187.9270,30.5156,30.4878,30.5353,30.5113,30.6236,26.2324,25.3072,30.2721,30.5347,28.2522,29.3107

188.9270,30.4900,30.4881,30.5680,30.5290,30.6221,26.2114,25.3065,30.2747,30.5395,28.2431,29.3112

189.9280,30.4995,30.4770,30.5565,30.5358,30.6053,26.2257,25.3241,30.2711,30.5348,28.2484,29.3119

190.9280,30.5312,30.4843,30.5463,30.5233,30.6281,26.2386,25.3295,30.2685,30.5427,28.2536,29.3187

191.9270,30.5099,30.4706,30.5665,30.5110,30.6083,26.2186,25.3246,30.2570,30.5333,28.2378,29.3083

192.9270,30.5209,30.4845,30.5573,30.5395,30.6024,26.2396,25.3295,30.2690,30.5409,28.2543,29.3178

193.9280,30.5132,30.4995,30.5399,30.5315,30.6212,26.2225,25.3662,30.2900,30.5411,28.2562,29.3230

194.9270,30.5118,30.5042,30.5714,30.5296,30.6269,26.2253,25.3808,30.2782,30.5488,28.2518,29.3285

195.9270,30.5333,30.4778,30.5601,30.5408,30.6249,26.2101,25.3972,30.2673,30.5474,28.2387,29.3264

196.9270,30.5318,30.5331,30.5608,30.5491,30.6233,26.2232,25.3891,30.2522,30.5596,28.2377,29.3328

197.9280,30.5053,30.5076,30.5597,30.5372,30.6354,26.2272,25.4078,30.2642,30.5490,28.2457,29.3306

198.9280,30.5312,30.4880,30.5589,30.5580,30.6369,26.2164,25.4017,30.2825,30.5546,28.2495,29.3342

199.9270,30.5148,30.4911,30.5527,30.5424,30.6331,26.2415,25.4136,30.2869,30.5468,28.2642,29.3345

200.9270,30.5221,30.5027,30.5554,30.5469,30.6273,26.2474,25.3963,30.2730,30.5509,28.2602,29.3339

201.9270,30.5200,30.5145,30.5620,30.5479,30.6301,26.2467,25.3857,30.2709,30.5549,28.2588,29.3347

202.9270,30.5590,30.5037,30.5812,30.5638,30.6517,26.2312,25.3697,30.2798,30.5719,28.2555,29.3425

203.9270,30.5418,30.4905,30.5840,30.5586,30.6328,26.2418,25.3439,30.2852,30.5615,28.2635,29.3348

204.9270,30.5426,30.5080,30.5804,30.5635,30.6476,26.2463,25.3405,30.2672,30.5684,28.2567,29.3370

205.9270,30.5578,30.5172,30.5938,30.5792,30.6257,26.2351,25.3264,30.2819,30.5747,28.2585,29.3396

206.9280,30.5514,30.5324,30.5921,30.5639,30.6414,26.2476,25.3144,30.2896,30.5762,28.2686,29.3416

207.9270,30.5497,30.5285,30.5788,30.5840,30.6488,26.2336,25.3140,30.2822,30.5779,28.2579,29.3399

208.9270,30.5484,30.5036,30.5853,30.5365,30.6234,26.2125,25.3113,30.2782,30.5594,28.2453,29.3249

209.9270,30.5278,30.5171,30.5975,30.5674,30.6600,26.2427,25.3147,30.2946,30.5739,28.2687,29.3402

210.9270,30.5570,30.5097,30.5670,30.5712,30.6492,26.2494,25.3162,30.2877,30.5708,28.2685,29.3384

211.9270,30.5671,30.5260,30.5984,30.5552,30.6581,26.2383,25.3160,30.2696,30.5810,28.2540,29.3411

212.9270,30.5679,30.5339,30.5720,30.5851,30.6631,26.2146,25.3366,30.2784,30.5844,28.2465,29.3440

213.9280,30.5551,30.5619,30.5915,30.5563,30.6582,26.2310,25.3577,30.2750,30.5846,28.2530,29.3483

214.9270,30.5531,30.5469,30.6052,30.5723,30.6630,26.2384,25.3462,30.2692,30.5881,28.2538,29.3493

215.9270,30.5678,30.5440,30.5877,30.5840,30.6634,26.2376,25.3880,30.2722,30.5894,28.2549,29.3556

216.9270,30.5657,30.5375,30.6165,30.5751,30.6653,26.2318,25.4020,30.2593,30.5920,28.2455,29.3567

217.9270,30.5609,30.5395,30.6123,30.5959,30.6584,26.2368,25.4080,30.2799,30.5934,28.2584,29.3615

218.9270,30.5710,30.5594,30.5994,30.5702,30.6698,26.2606,25.4039,30.2603,30.5940,28.2605,29.3618

219.9280,30.5706,30.5734,30.6007,30.5941,30.6782,26.2546,25.4106,30.2773,30.6034,28.2660,29.3699

220.9280,30.5774,30.5418,30.6118,30.5799,30.6710,26.2308,25.4274,30.2790,30.5964,28.2549,29.3649

221.9270,30.5672,30.5468,30.6215,30.5994,30.6732,26.2484,25.4171,30.2725,30.6016,28.2605,29.3683

222.9270,30.5735,30.5682,30.6057,30.5898,30.6795,26.2391,25.4353,30.2722,30.6033,28.2557,29.3704

223.9270,30.5958,30.5434,30.6228,30.6002,30.6858,26.2493,25.4393,30.2608,30.6096,28.2550,29.3747

224.9270,30.5650,30.5547,30.6317,30.5960,30.6815,26.2547,25.4362,30.2906,30.6058,28.2726,29.3763

225.9280,30.5790,30.5843,30.6412,30.5946,30.6783,26.2569,25.4536,30.2844,30.6155,28.2706,29.3840

226.9280,30.5946,30.5668,30.6180,30.5851,30.6852,26.2561,25.4782,30.2802,30.6099,28.2681,29.3830

227.9280,30.5873,30.5662,30.6216,30.6136,30.6893,26.2336,25.4892,30.2884,30.6156,28.2610,29.3861

228.9270,30.5925,30.5653,30.6301,30.6052,30.6771,26.2412,25.5016,30.2635,30.6140,28.2524,29.3846

229.9270,30.5915,30.5623,30.6253,30.6046,30.7000,26.2449,25.4967,30.2817,30.6167,28.2633,29.3884

230.9280,30.5842,30.5776,30.6359,30.6246,30.7078,26.2668,25.4970,30.2815,30.6260,28.2742,29.3969

231.9270,30.5808,30.5492,30.6455,30.6074,30.6868,26.2488,25.5049,30.2697,30.6140,28.2592,29.3866

232.9280,30.6052,30.5617,30.6134,30.6157,30.7116,26.2511,25.4893,30.2790,30.6215,28.2650,29.3909

233.9270,30.5977,30.5788,30.6281,30.6352,30.6981,26.2507,25.4842,30.2923,30.6276,28.2715,29.3956

234.9270,30.6282,30.5765,30.6489,30.6268,30.6893,26.2544,25.4827,30.2959,30.6339,28.2752,29.4003

235.9280,30.6221,30.5649,30.6312,30.6147,30.6965,26.2478,25.4586,30.2752,30.6259,28.2615,29.3889

236.9270,30.5981,30.5707,30.6431,30.6262,30.7150,26.2557,25.4217,30.2917,30.6306,28.2737,29.3903

237.9270,30.6153,30.5834,30.6497,30.6248,30.7343,26.2688,25.3918,30.2892,30.6415,28.2790,29.3947

238.9270,30.6242,30.5853,30.6394,30.6163,30.6990,26.2409,25.3917,30.2849,30.6328,28.2629,29.3852

239.9270,30.6074,30.5887,30.6527,30.6160,30.7142,26.2467,25.3645,30.2789,30.6358,28.2628,29.3836

240.9270,30.6275,30.6002,30.6392,30.6213,30.7261,26.2452,25.3857,30.2844,30.6429,28.2648,29.3912

241.9280,30.6110,30.5749,30.6453,30.6411,30.7370,26.2489,25.3823,30.2834,30.6419,28.2661,29.3905

242.9280,30.6126,30.5866,30.6543,30.6524,30.7154,26.2515,25.3759,30.2836,30.6443,28.2675,29.3915

243.9270,30.6145,30.5934,30.6296,30.6230,30.7264,26.2662,25.3877,30.2992,30.6374,28.2827,29.3925

244.9270,30.6157,30.5994,30.6563,30.6271,30.7084,26.2437,25.3704,30.2975,30.6414,28.2706,29.3898

245.9280,30.6269,30.5949,30.6437,30.6381,30.7109,26.2498,25.3922,30.2919,30.6429,28.2708,29.3935

246.9270,30.6078,30.6007,30.6581,30.6421,30.7262,26.2660,25.3862,30.2854,30.6470,28.2757,29.3966

247.9270,30.6337,30.6060,30.6562,30.6421,30.7089,26.2594,25.3956,30.2972,30.6494,28.2783,29.3999

248.9270,30.6231,30.6013,30.6667,30.6418,30.7540,26.2639,25.3859,30.2899,30.6574,28.2769,29.4033

249.9280,30.6408,30.6078,30.6647,30.6468,30.7403,26.2586,25.3622,30.2963,30.6601,28.2774,29.4022

250.9270,30.6185,30.6100,30.6452,30.6316,30.7434,26.2650,25.3847,30.2915,30.6497,28.2782,29.3987

251.9280,30.6458,30.6109,30.6612,30.6508,30.7284,26.2645,25.3743,30.2759,30.6594,28.2702,29.4015

252.9270,30.6361,30.5949,30.6724,30.6583,30.7095,26.2855,25.3962,30.2780,30.6543,28.2817,29.4039

253.9270,30.6374,30.6009,30.6592,30.6489,30.7367,26.2655,25.3984,30.2774,30.6566,28.2715,29.4031

254.9270,30.6400,30.6110,30.6716,30.6443,30.7402,26.2686,25.4119,30.2749,30.6614,28.2718,29.4078

255.9280,30.6341,30.6236,30.6692,30.6621,30.7430,26.2665,25.4362,30.2830,30.6664,28.2748,29.4147

256.9270,30.6296,30.6238,30.6741,30.6741,30.7333,26.2605,25.4406,30.2874,30.6670,28.2740,29.4154

257.9290,30.6375,30.6046,30.6713,30.6436,30.7507,26.2741,25.4368,30.3099,30.6615,28.2920,29.4160

258.9270,30.6499,30.6313,30.6887,30.6558,30.7408,26.2842,25.4922,30.2810,30.6733,28.2826,29.4280

259.9270,30.6531,30.6377,30.6818,30.6659,30.7490,26.2789,25.4690,30.2846,30.6775,28.2818,29.4275

260.9280,30.6429,30.6129,30.6740,30.6787,30.7600,26.2866,25.4451,30.3055,30.6737,28.2961,29.4257

261.9270,30.6529,30.5978,30.6833,30.6424,30.7453,26.2702,25.4839,30.2990,30.6644,28.2846,29.4219

262.9270,30.6380,30.6282,30.6747,30.6559,30.7640,26.2827,25.4803,30.2940,30.6722,28.2884,29.4272

263.9270,30.6607,30.6403,30.6755,30.6840,30.7634,26.2771,25.4511,30.2744,30.6848,28.2758,29.4283

264.9270,30.6698,30.6369,30.6876,30.6853,30.7764,26.2929,25.4759,30.2948,30.6912,28.2938,29.4399

265.9280,30.6479,30.6331,30.6890,30.6575,30.7548,26.2916,25.4689,30.2893,30.6764,28.2904,29.4290

266.9270,30.6624,30.6376,30.7067,30.6884,30.7617,26.2836,25.4595,30.3133,30.6913,28.2984,29.4391

267.9270,30.6575,30.6269,30.7053,30.6602,30.7918,26.2824,25.4852,30.2881,30.6883,28.2852,29.4372

268.9270,30.6721,30.6358,30.6913,30.6819,30.7674,26.2871,25.4734,30.2801,30.6897,28.2836,29.4361

269.9270,30.6755,30.6494,30.6964,30.6673,30.7655,26.2745,25.4499,30.2915,30.6908,28.2830,29.4338

270.9270,30.6632,30.6537,30.7016,30.6814,30.7871,26.2877,25.4418,30.2887,30.6974,28.2882,29.4381

271.9270,30.6592,30.6403,30.6995,30.6977,30.7620,26.2728,25.4666,30.2917,30.6918,28.2822,29.4362

272.9280,30.6763,30.6427,30.7075,30.6868,30.7536,26.2886,25.4526,30.3145,30.6934,28.3015,29.4403

273.9280,30.6766,30.6540,30.7108,30.6939,30.7611,26.2870,25.4686,30.2833,30.6993,28.2851,29.4419

274.9270,30.6818,30.6474,30.6869,30.6793,30.7747,26.2714,25.4681,30.2889,30.6940,28.2802,29.4373

275.9280,30.6896,30.6610,30.7037,30.6868,30.7676,26.2806,25.4792,30.2920,30.7017,28.2863,29.4451

276.9270,30.6865,30.6475,30.7128,30.6832,30.7997,26.2813,25.4675,30.2926,30.7060,28.2870,29.4464

277.9270,30.6790,30.6463,30.7135,30.6834,30.7825,26.2842,25.4587,30.3016,30.7009,28.2929,29.4436

278.9270,30.6810,30.6567,30.6952,30.6961,30.7953,26.2881,25.4677,30.2961,30.7048,28.2921,29.4470

279.9270,30.6889,30.6581,30.7074,30.7098,30.7887,26.2922,25.4723,30.3007,30.7106,28.2965,29.4523

280.9280,30.6803,30.6619,30.7221,30.6986,30.7803,26.2798,25.4732,30.2832,30.7086,28.2815,29.4474

281.9270,30.6738,30.6669,30.7200,30.6937,30.7929,26.2902,25.4756,30.2973,30.7095,28.2938,29.4513

282.9270,30.7192,30.6662,30.7028,30.7038,30.7808,26.3000,25.4981,30.3001,30.7146,28.3001,29.4589

283.9270,30.6932,30.6489,30.7354,30.7189,30.8101,26.2904,25.4715,30.2952,30.7213,28.2928,29.4580

284.9270,30.7025,30.6786,30.7091,30.7134,30.7838,26.2889,25.4558,30.3087,30.7175,28.2988,29.4551

285.9280,30.6876,30.6724,30.7213,30.7105,30.7814,26.2796,25.4540,30.3107,30.7146,28.2951,29.4522

286.9270,30.7080,30.6574,30.7377,30.6884,30.7894,26.2963,25.4438,30.3062,30.7162,28.3012,29.4534

287.9270,30.6962,30.6725,30.7359,30.7110,30.8059,26.2830,25.4485,30.2996,30.7243,28.2913,29.4566

288.9270,30.7204,30.6704,30.7489,30.7089,30.7991,26.2989,25.4394,30.2965,30.7296,28.2977,29.4603

289.9270,30.6876,30.6633,30.7187,30.7145,30.7944,26.2905,25.4347,30.2882,30.7157,28.2893,29.4490

290.9270,30.7029,30.6772,30.7500,30.7162,30.8115,26.2973,25.4448,30.3100,30.7315,28.3036,29.4637

291.9280,30.7124,30.6824,30.7416,30.7270,30.7984,26.2870,25.4653,30.3181,30.7324,28.3026,29.4665

292.9270,30.7153,30.6940,30.7330,30.7349,30.7884,26.2942,25.4659,30.3164,30.7331,28.3053,29.4678

293.9280,30.7152,30.6780,30.7282,30.7461,30.8222,26.2889,25.4525,30.2970,30.7379,28.2930,29.4660

294.9270,30.7147,30.7078,30.7421,30.7134,30.7961,26.3025,25.4666,30.2739,30.7348,28.2882,29.4646

295.9280,30.7141,30.6851,30.7476,30.7180,30.8157,26.3133,25.4869,30.3043,30.7361,28.3088,29.4731

296.9270,30.7133,30.6927,30.7604,30.7106,30.8186,26.2946,25.4591,30.3153,30.7391,28.3049,29.4706

297.9270,30.7334,30.6981,30.7389,30.7169,30.8132,26.3063,25.4614,30.3053,30.7401,28.3058,29.4717

298.9280,30.7032,30.6810,30.7472,30.7261,30.8125,26.2981,25.4669,30.3009,30.7340,28.2995,29.4670

299.9270,30.7059,30.6873,30.7545,30.7253,30.8174,26.3046,25.4725,30.2929,30.7381,28.2987,29.4700

300.9280,30.7094,30.7066,30.7513,30.7311,30.8231,26.2963,25.4722,30.2912,30.7443,28.2937,29.4726

301.9270,30.7155,30.7054,30.7627,30.7199,30.8346,26.2863,25.4575,30.3090,30.7476,28.2977,29.4739

302.9280,30.7319,30.6985,30.7333,30.7389,30.8080,26.2892,25.4722,30.3076,30.7421,28.2984,29.4724

303.9270,30.7148,30.6965,30.7318,30.7158,30.7933,26.2998,25.4705,30.3116,30.7304,28.3057,29.4668

304.9270,30.7291,30.6871,30.7543,30.7261,30.8121,26.2911,25.4736,30.2996,30.7417,28.2954,29.4716

305.9280,30.7273,30.6968,30.7663,30.7259,30.8166,26.3001,25.4893,30.2926,30.7466,28.2964,29.4769

306.9270,30.7336,30.7126,30.7545,30.7272,30.8198,26.3078,25.4970,30.2998,30.7495,28.3038,29.4815

307.9290,30.7246,30.6980,30.7652,30.7558,30.8225,26.3026,25.4832,30.3045,30.7532,28.3035,29.4821

308.9270,30.7410,30.7269,30.7485,30.7485,30.8189,26.3167,25.4883,30.2898,30.7567,28.3032,29.4848

309.9280,30.7234,30.6934,30.7549,30.7441,30.8249,26.3004,25.4985,30.3150,30.7482,28.3077,29.4818

310.9270,30.7184,30.7030,30.7862,30.7646,30.8430,26.3124,25.5129,30.3208,30.7630,28.3166,29.4952

311.9270,30.7274,30.7111,30.7773,30.7679,30.8337,26.3129,25.5257,30.3228,30.7635,28.3178,29.4973

312.9280,30.7370,30.7233,30.7670,30.7585,30.8219,26.3127,25.5453,30.3089,30.7615,28.3108,29.4968

313.9270,30.7565,30.6991,30.7724,30.7479,30.8363,26.3020,25.5341,30.2922,30.7624,28.2971,29.4925

314.9270,30.7552,30.7113,30.7710,30.7593,30.8480,26.2890,25.5324,30.2900,30.7690,28.2895,29.4945

315.9270,30.7400,30.7101,30.7608,30.7472,30.8280,26.3011,25.5195,30.3217,30.7572,28.3114,29.4910

316.9270,30.7500,30.7267,30.7737,30.7526,30.8597,26.3035,25.5224,30.2810,30.7725,28.2922,29.4962

317.9270,30.7393,30.7029,30.7846,30.7616,30.8382,26.2962,25.4881,30.2873,30.7653,28.2917,29.4873

318.9270,30.7586,30.7271,30.7652,30.7661,30.8342,26.2919,25.4612,30.2976,30.7703,28.2947,29.4877

319.9280,30.7432,30.7288,30.7852,30.7579,30.8434,26.3071,25.4646,30.3099,30.7717,28.3085,29.4925

320.9280,30.7534,30.7247,30.7722,30.7609,30.8412,26.2919,25.4356,30.3243,30.7705,28.3081,29.4880

321.9270,30.7362,30.7306,30.7766,30.7587,30.8616,26.3044,25.4373,30.3020,30.7728,28.3032,29.4884

322.9270,30.7668,30.7317,30.7914,30.7684,30.8633,26.3134,25.4222,30.2950,30.7843,28.3042,29.4940

323.9270,30.7474,30.7322,30.8013,30.7562,30.8455,26.3127,25.4258,30.2967,30.7765,28.3047,29.4897

324.9270,30.7564,30.7228,30.7928,30.7496,30.8590,26.3124,25.4174,30.2907,30.7761,28.3015,29.4876

325.9280,30.7662,30.7188,30.8019,30.7761,30.8231,26.3015,25.4311,30.3160,30.7772,28.3087,29.4918

326.9270,30.7480,30.7416,30.8008,30.7788,30.8441,26.3081,25.4368,30.3011,30.7827,28.3046,29.4949

327.9270,30.7720,30.7530,30.7869,30.7765,30.8569,26.3096,25.4364,30.2965,30.7891,28.3030,29.4985

328.9280,30.7616,30.7652,30.7976,30.7802,30.8704,26.3194,25.4241,30.3034,30.7950,28.3114,29.5028

329.9280,30.7697,30.7351,30.8131,30.7609,30.8605,26.3040,25.4478,30.3279,30.7878,28.3160,29.5024

330.9270,30.7618,30.7551,30.8035,30.7768,30.8811,26.3070,25.4602,30.3098,30.7957,28.3084,29.5069

331.9270,30.7709,30.7582,30.8057,30.7780,30.8823,26.3179,25.4707,30.3037,30.7990,28.3108,29.5109

332.9270,30.7836,30.7411,30.8092,30.7806,30.8689,26.3010,25.4854,30.3024,30.7967,28.3017,29.5090

333.9270,30.7733,30.7472,30.7994,30.7844,30.8544,26.3010,25.4868,30.3283,30.7917,28.3146,29.5093

334.9270,30.7592,30.7780,30.7973,30.7719,30.8819,26.3208,25.5015,30.3029,30.7977,28.3119,29.5142

335.9270,30.7487,30.7567,30.8117,30.7769,30.8629,26.3216,25.4772,30.2943,30.7914,28.3079,29.5063

336.9270,30.7903,30.7360,30.8018,30.7694,30.8709,26.3176,25.4855,30.2894,30.7937,28.3035,29.5076

337.9270,30.7764,30.7633,30.7896,30.7821,30.8690,26.3107,25.4975,30.3215,30.7961,28.3161,29.5138

338.9270,30.7967,30.7672,30.8043,30.7818,30.8771,26.2934,25.5142,30.3174,30.8054,28.3054,29.5190

339.9280,30.7835,30.7691,30.8151,30.7757,30.8926,26.3179,25.5259,30.3051,30.8072,28.3115,29.5231

340.9290,30.7919,30.7370,30.8074,30.7915,30.8774,26.3008,25.5178,30.2830,30.8010,28.2919,29.5134

341.9270,30.7818,30.7498,30.8118,30.8212,30.8926,26.3218,25.5280,30.3095,30.8115,28.3157,29.5271

342.9270,30.7848,30.7658,30.8081,30.7907,30.8786,26.3277,25.5645,30.3074,30.8056,28.3175,29.5284

343.9270,30.7863,30.7551,30.8275,30.7847,30.8805,26.3141,25.5717,30.3065,30.8068,28.3103,29.5283

344.9270,30.7923,30.7794,30.8179,30.7977,30.8898,26.3116,25.5687,30.2782,30.8154,28.2949,29.5294

345.9270,30.7777,30.7730,30.8322,30.8106,30.8853,26.3361,25.5781,30.3092,30.8158,28.3226,29.5378

346.9270,30.7728,30.7707,30.8200,30.8040,30.8886,26.3128,25.5765,30.2935,30.8112,28.3031,29.5299

347.9270,30.7852,30.7833,30.8199,30.7941,30.8833,26.3120,25.6026,30.3058,30.8131,28.3089,29.5358

348.9270,30.7796,30.7916,30.8297,30.8076,30.8766,26.3304,25.6055,30.3059,30.8170,28.3182,29.5409

349.9270,30.7817,30.7665,30.8285,30.8069,30.8877,26.3335,25.5963,30.3099,30.8142,28.3217,29.5389

350.9280,30.8029,30.7648,30.8202,30.7948,30.8930,26.3373,25.5879,30.2907,30.8151,28.3140,29.5365

351.9270,30.8020,30.7874,30.8114,30.8062,30.8785,26.3143,25.5865,30.3114,30.8171,28.3128,29.5372

352.9270,30.8136,30.7618,30.8398,30.8168,30.8948,26.3259,25.5896,30.3056,30.8254,28.3158,29.5435

353.9270,30.8038,30.7719,30.8344,30.7945,30.9086,26.3316,25.5906,30.3052,30.8226,28.3184,29.5426

354.9270,30.7937,30.7814,30.8401,30.7969,30.8965,26.3299,25.5932,30.3016,30.8217,28.3158,29.5417

355.9280,30.8153,30.7788,30.8333,30.8112,30.8981,26.3215,25.6193,30.3092,30.8274,28.3154,29.5484

356.9270,30.8066,30.7665,30.8360,30.8163,30.9234,26.3425,25.6081,30.2963,30.8297,28.3194,29.5495

357.9270,30.8320,30.7804,30.8279,30.8152,30.9026,26.3377,25.5921,30.3165,30.8316,28.3271,29.5505

358.9270,30.7787,30.8034,30.8335,30.8255,30.9133,26.3380,25.6462,30.3036,30.8309,28.3208,29.5553

359.9270,30.8068,30.7877,30.8389,30.8347,30.9211,26.3361,25.6007,30.2908,30.8379,28.3134,29.5521

360.9280,30.7937,30.8040,30.8393,30.8158,30.9060,26.3285,25.6239,30.2899,30.8317,28.3092,29.5501

361.9280,30.8139,30.7955,30.8321,30.8241,30.9134,26.3470,25.6136,30.3097,30.8358,28.3284,29.5562

362.9270,30.8195,30.7999,30.8346,30.8130,30.8999,26.3432,25.6197,30.3111,30.8334,28.3271,29.5551

363.9270,30.8171,30.7886,30.8469,30.8191,30.9093,26.3091,25.6239,30.3016,30.8362,28.3054,29.5520

364.9270,30.8183,30.8040,30.8486,30.8096,30.9144,26.3410,25.6198,30.3004,30.8390,28.3207,29.5570

365.9270,30.8131,30.8023,30.8206,30.8244,30.9000,26.3377,25.6246,30.2971,30.8321,28.3174,29.5525

366.9270,30.8226,30.7883,30.8513,30.8165,30.9213,26.3350,25.5992,30.2958,30.8400,28.3154,29.5538

367.9270,30.8278,30.7935,30.8466,30.8330,30.9227,26.3369,25.5940,30.3109,30.8447,28.3239,29.5582

368.9270,30.8234,30.8013,30.8530,30.8173,30.9267,26.3362,25.5551,30.2938,30.8443,28.3150,29.5508

369.9270,30.8228,30.7858,30.8497,30.8393,30.9216,26.3460,25.5545,30.2918,30.8438,28.3189,29.5514

370.9270,30.8325,30.8064,30.8411,30.8167,30.9149,26.3317,25.5373,30.2958,30.8423,28.3138,29.5470

371.9270,30.8348,30.7970,30.8440,30.8229,30.9093,26.3443,25.5543,30.2897,30.8416,28.3170,29.5495

372.9270,30.8437,30.7979,30.8683,30.8247,30.9125,26.3316,25.5694,30.2967,30.8494,28.3142,29.5556

373.9270,30.8334,30.7927,30.8350,30.8444,30.9270,26.3448,25.5991,30.3301,30.8465,28.3375,29.5633

374.9270,30.8339,30.7924,30.8502,30.8281,30.8920,26.3463,25.5869,30.3029,30.8394,28.3246,29.5541

375.9270,30.8227,30.7992,30.8443,30.8302,30.9058,26.3312,25.5789,30.2978,30.8404,28.3145,29.5513

376.9280,30.8412,30.8117,30.8760,30.8333,30.9211,26.3361,25.5612,30.2989,30.8567,28.3175,29.5599

377.9270,30.8389,30.8109,30.8480,30.8602,30.9199,26.3329,25.5660,30.2985,30.8556,28.3157,29.5594

378.9270,30.8342,30.8098,30.8516,30.8295,30.9211,26.3329,25.5617,30.2961,30.8492,28.3145,29.5546

379.9270,30.8166,30.8021,30.8542,30.8472,30.9214,26.3346,25.5639,30.3082,30.8483,28.3214,29.5560

380.9270,30.8403,30.7977,30.8625,30.8400,30.9316,26.3353,25.5292,30.2990,30.8544,28.3171,29.5544

381.9270,30.8473,30.7965,30.8505,30.8214,30.9261,26.3367,25.5206,30.2985,30.8484,28.3176,29.5497

382.9280,30.8324,30.8137,30.8645,30.8598,30.9251,26.3311,25.5023,30.3019,30.8591,28.3165,29.5539

383.9270,30.8344,30.7990,30.8686,30.8451,30.9249,26.3340,25.4991,30.2846,30.8544,28.3093,29.5487

384.9270,30.8379,30.8258,30.8582,30.8295,30.9169,26.3300,25.4720,30.3102,30.8537,28.3201,29.5476

385.9270,30.8383,30.8002,30.8570,30.8570,30.9345,26.3422,25.4950,30.3016,30.8574,28.3219,29.5532

386.9270,30.8336,30.8124,30.8641,30.8665,30.9275,26.3526,25.4917,30.2809,30.8608,28.3168,29.5537

387.9280,30.8449,30.8197,30.8653,30.8479,30.9287,26.3455,25.5012,30.3036,30.8613,28.3246,29.5571

388.9280,30.8379,30.8082,30.8763,30.8462,30.9472,26.3418,25.5031,30.3041,30.8632,28.3230,29.5581

389.9280,30.8379,30.8303,30.8777,30.8486,30.9393,26.3395,25.5192,30.3154,30.8668,28.3275,29.5635

390.9270,30.8417,30.8092,30.8754,30.8322,30.9360,26.3343,25.5390,30.2956,30.8589,28.3150,29.5579

391.9280,30.8632,30.8208,30.8711,30.8481,30.9280,26.3394,25.5659,30.2965,30.8662,28.3180,29.5666

392.9270,30.8274,30.8087,30.8885,30.8458,30.9242,26.3478,25.5643,30.2945,30.8589,28.3211,29.5626

393.9270,30.8470,30.8272,30.8657,30.8643,30.9282,26.3378,25.5473,30.2958,30.8665,28.3168,29.5642

394.9270,30.8620,30.8161,30.8603,30.8706,30.9416,26.3330,25.5731,30.2953,30.8701,28.3141,29.5690

395.9270,30.8455,30.8460,30.8686,30.8474,30.9358,26.3598,25.5651,30.2999,30.8687,28.3299,29.5710

396.9280,30.8383,30.8194,30.8668,30.8560,30.9655,26.3526,25.5521,30.2993,30.8692,28.3259,29.5687

397.9270,30.8401,30.8228,30.8449,30.8604,30.9525,26.3407,25.5724,30.2893,30.8641,28.3150,29.5654

398.9270,30.8470,30.8169,30.8601,30.8559,30.9545,26.3721,25.5660,30.3000,30.8669,28.3361,29.5716

399.9270,30.8590,30.8218,30.9007,30.8739,30.9688,26.3338,25.5895,30.3069,30.8848,28.3203,29.5818

400.9270,30.8528,30.8308,30.8929,30.8543,30.9478,26.3431,25.5762,30.2951,30.8757,28.3191,29.5741

401.9270,30.8426,30.8230,30.8807,30.8620,30.9719,26.3503,25.5810,30.3130,30.8760,28.3316,29.5781

402.9270,30.8583,30.8219,30.8830,30.8675,30.9600,26.3458,25.5765,30.2892,30.8781,28.3175,29.5753

403.9270,30.8660,30.8441,30.8722,30.8657,30.9432,26.3469,25.5843,30.3007,30.8782,28.3238,29.5779

404.9280,30.8671,30.8311,30.8818,30.8630,30.9386,26.3613,25.5764,30.2844,30.8763,28.3228,29.5755

405.9270,30.8613,30.8144,30.8854,30.8680,30.9511,26.3786,25.5758,30.2880,30.8760,28.3333,29.5778

406.9270,30.8639,30.8287,30.8893,30.8897,30.9710,26.3515,25.5888,30.3038,30.8885,28.3276,29.5858

407.9270,30.8472,30.8334,30.8813,30.8620,30.9569,26.3478,25.5800,30.2894,30.8761,28.3186,29.5747

408.9280,30.8621,30.8194,30.8970,30.8735,30.9641,26.3506,25.5808,30.3043,30.8832,28.3275,29.5815

409.9270,30.8706,30.8240,30.8874,30.8635,30.9711,26.3544,25.6087,30.3011,30.8833,28.3277,29.5851

410.9270,30.8725,30.8343,30.8912,30.8644,30.9720,26.3676,25.6224,30.2898,30.8869,28.3287,29.5893

411.9270,30.8745,30.8242,30.8801,30.8487,30.9398,26.3456,25.6438,30.3036,30.8735,28.3246,29.5825

412.9270,30.8761,30.8410,30.8875,30.8729,30.9711,26.3453,25.6322,30.2967,30.8897,28.3210,29.5903

413.9270,30.8714,30.8389,30.8779,30.8544,30.9469,26.3688,25.6034,30.2967,30.8779,28.3328,29.5823

414.9270,30.8708,30.8341,30.8985,30.8689,30.9690,26.3461,25.5994,30.2994,30.8883,28.3227,29.5858

415.9270,30.8625,30.8332,30.8981,30.8812,30.9634,26.3793,25.6001,30.2836,30.8877,28.3314,29.5877

416.9280,30.8758,30.8453,30.9158,30.8796,30.9881,26.3738,25.5483,30.2955,30.9009,28.3346,29.5903

417.9280,30.8775,30.8512,30.8864,30.8808,30.9630,26.3637,25.5434,30.2793,30.8918,28.3215,29.5807

418.9270,30.8858,30.8271,30.8966,30.8731,30.9619,26.3621,25.5234,30.2938,30.8889,28.3279,29.5780

419.9280,30.8767,30.8396,30.8941,30.8951,30.9707,26.3563,25.5341,30.3072,30.8953,28.3317,29.5842

420.9280,30.8674,30.8296,30.8939,30.8892,30.9776,26.3418,25.5404,30.2913,30.8916,28.3166,29.5789

421.9270,30.8917,30.8503,30.9043,30.8587,30.9828,26.3709,25.5341,30.3086,30.8976,28.3397,29.5877

422.9270,30.8891,30.8399,30.8982,30.9000,30.9757,26.3574,25.5159,30.3107,30.9006,28.3340,29.5858

423.9270,30.8865,30.8421,30.9191,30.8858,30.9727,26.3595,25.5180,30.3034,30.9012,28.3314,29.5859

424.9270,30.8842,30.8461,30.9010,30.8940,30.9536,26.3728,25.5360,30.2992,30.8958,28.3360,29.5858

425.9280,30.8748,30.8401,30.9063,30.8875,30.9777,26.3732,25.5284,30.3086,30.8973,28.3409,29.5871

426.9270,30.8833,30.8612,30.9039,30.8748,30.9988,26.3752,25.5341,30.3086,30.9044,28.3419,29.5925

427.9270,30.8931,30.8524,30.9144,30.8815,30.9830,26.3755,25.5425,30.3001,30.9049,28.3378,29.5928

428.9270,30.8887,30.8439,30.9181,30.8975,30.9675,26.3385,25.5725,30.2839,30.9031,28.3112,29.5888

429.9270,30.8806,30.8436,30.9197,30.8972,30.9742,26.3365,25.5583,30.2941,30.9031,28.3153,29.5880

430.9270,30.8927,30.8666,30.9052,30.9028,30.9784,26.3483,25.6069,30.2880,30.9092,28.3181,29.5986

431.9270,30.8899,30.8397,30.9181,30.9040,30.9764,26.3506,25.5998,30.2941,30.9056,28.3224,29.5966

432.9270,30.8996,30.8492,30.9140,30.9088,30.9779,26.3594,25.6085,30.2849,30.9099,28.3222,29.6003

433.9270,30.8969,30.8640,30.9194,30.8874,30.9837,26.3393,25.5870,30.3072,30.9103,28.3232,29.5981

434.9280,30.8851,30.8459,30.9079,30.8811,30.9756,26.3675,25.6043,30.3104,30.8991,28.3389,29.5972

435.9280,30.8886,30.8615,30.9132,30.9104,30.9888,26.3625,25.6272,30.2974,30.9125,28.3300,29.6062

436.9270,30.8877,30.8676,30.9282,30.8892,30.9870,26.3631,25.6117,30.2994,30.9120,28.3313,29.6043

437.9270,30.8851,30.8686,30.9226,30.8987,30.9870,26.3704,25.6115,30.3006,30.9124,28.3355,29.6056

438.9270,30.8898,30.8672,30.9113,30.8831,30.9978,26.3623,25.6294,30.2785,30.9098,28.3204,29.6024

439.9270,30.9131,30.8565,30.9157,30.8974,30.9876,26.3598,25.6274,30.2990,30.9141,28.3294,29.6071

440.9270,30.8948,30.8628,30.9178,30.8924,31.0080,26.3527,25.6306,30.2867,30.9151,28.3197,29.6057

441.9270,30.8934,30.8492,30.9276,30.8994,30.9892,26.3626,25.6354,30.2825,30.9117,28.3226,29.6049

442.9270,30.9049,30.8557,30.9370,30.9205,30.9919,26.3719,25.6446,30.2879,30.9220,28.3299,29.6143

443.9270,30.8986,30.8727,30.9141,30.8920,30.9897,26.3730,25.6434,30.3225,30.9134,28.3478,29.6133

444.9270,30.9185,30.8677,30.9161,30.8982,30.9978,26.3652,25.6384,30.3024,30.9196,28.3338,29.6130

445.9270,30.9071,30.8683,30.9232,30.8960,30.9965,26.3519,25.6242,30.2869,30.9182,28.3194,29.6068

446.9280,30.8995,30.8800,30.9373,30.9096,31.0068,26.3640,25.6533,30.3036,30.9266,28.3338,29.6193

447.9270,30.9074,30.8665,30.9271,30.9074,30.9985,26.3635,25.6570,30.2975,30.9214,28.3305,29.6156

448.9270,30.8946,30.8862,30.9351,30.9229,30.9938,26.3563,25.6418,30.3011,30.9265,28.3287,29.6165

449.9280,30.9154,30.8660,30.9421,30.9078,31.0097,26.3527,25.6613,30.3041,30.9282,28.3284,29.6199

450.9270,30.8832,30.8664,30.9312,30.9129,30.9932,26.3647,25.6709,30.2897,30.9174,28.3272,29.6140

451.9270,30.9232,30.8836,30.9343,30.9184,31.0067,26.3727,25.6601,30.2978,30.9332,28.3352,29.6246

452.9280,30.9197,30.8755,30.9285,30.9093,31.0460,26.3711,25.6698,30.2928,30.9358,28.3320,29.6266

453.9270,30.8937,30.8684,30.9388,30.9116,31.0008,26.3601,25.6716,30.2842,30.9227,28.3222,29.6162

454.9270,30.9162,30.8655,30.9453,30.9327,30.9975,26.3525,25.6658,30.2954,30.9314,28.3240,29.6214

455.9270,30.9173,30.8894,30.9143,30.9092,31.0153,26.3621,25.6726,30.2900,30.9291,28.3260,29.6213

456.9280,30.9292,30.8909,30.9472,30.9360,30.9952,26.3623,25.6794,30.2854,30.9397,28.3238,29.6282

457.9270,30.9049,30.8891,30.9445,30.9337,31.0032,26.3393,25.6961,30.2969,30.9351,28.3181,29.6259

458.9290,30.9097,30.8552,30.9430,30.9191,31.0196,26.3663,25.7023,30.2998,30.9293,28.3330,29.6269

459.9270,30.9267,30.8827,30.9490,30.9123,30.9969,26.3767,25.6962,30.2928,30.9335,28.3347,29.6291

460.9280,30.9293,30.8826,30.9460,30.9296,30.9967,26.3709,25.6871,30.3006,30.9369,28.3358,29.6304

461.9280,30.9238,30.8704,30.9315,30.9225,31.0127,26.3771,25.6772,30.3049,30.9322,28.3410,29.6275

462.9280,30.9248,30.8823,30.9302,30.9377,31.0331,26.3743,25.6740,30.2848,30.9416,28.3296,29.6302

463.9270,30.9277,30.8803,30.9588,30.9033,31.0147,26.3768,25.6344,30.3008,30.9370,28.3388,29.6246

464.9270,30.9269,30.8904,30.9533,30.9059,31.0322,26.3571,25.6577,30.3014,30.9417,28.3293,29.6281

465.9270,30.9345,30.8909,30.9430,30.9064,31.0205,26.3591,25.6446,30.2827,30.9390,28.3209,29.6227

466.9270,30.9257,30.9013,30.9398,30.9290,31.0183,26.3640,25.6320,30.2970,30.9428,28.3305,29.6259

467.9270,30.9201,30.8848,30.9303,30.9115,31.0186,26.3819,25.6056,30.2782,30.9331,28.3301,29.6164

468.9270,30.9292,30.8806,30.9586,30.9281,31.0385,26.3816,25.6000,30.2915,30.9470,28.3365,29.6260

469.9270,30.9311,30.8858,30.9450,30.9233,31.0112,26.3822,25.5860,30.2822,30.9393,28.3322,29.6183

470.9270,30.9370,30.8896,30.9681,30.9277,31.0254,26.3862,25.5801,30.2928,30.9496,28.3395,29.6259

471.9270,30.9268,30.8964,30.9298,30.9321,31.0111,26.3811,25.5529,30.3132,30.9392,28.3471,29.6179

472.9270,30.9170,30.9068,30.9608,30.9274,31.0223,26.3811,25.5420,30.2948,30.9469,28.3380,29.6190

473.9270,30.9406,30.8902,30.9489,30.9240,31.0330,26.3869,25.5558,30.3071,30.9473,28.3470,29.6233

474.9280,30.9261,30.9162,30.9552,30.9350,31.0529,26.3733,25.5389,30.3186,30.9571,28.3460,29.6270

475.9270,30.9402,30.8825,30.9525,30.9285,31.0309,26.3861,25.5710,30.3002,30.9469,28.3432,29.6240

476.9270,30.9368,30.8964,30.9528,30.9340,31.0397,26.3873,25.5595,30.2940,30.9519,28.3407,29.6251

477.9270,30.9592,30.8979,30.9524,30.9129,31.0355,26.3579,25.5688,30.2872,30.9516,28.3226,29.6215

478.9270,30.9252,30.8899,30.9383,30.9603,31.0524,26.3649,25.5645,30.3087,30.9532,28.3368,29.6255

479.9270,30.9494,30.9015,30.9513,30.9293,31.0166,26.3798,25.5897,30.2939,30.9496,28.3368,29.6265

480.9270,30.9420,30.9041,30.9356,30.9347,31.0258,26.3846,25.5794,30.2856,30.9484,28.3351,29.6240

481.9270,30.9378,30.8851,30.9541,30.9396,31.0561,26.3822,25.5879,30.2926,30.9545,28.3374,29.6294

482.9280,30.9238,30.9003,30.9646,30.9242,31.0388,26.3734,25.5809,30.2951,30.9504,28.3342,29.6251

483.9270,30.9492,30.8960,30.9852,30.9467,31.0308,26.3771,25.5814,30.3125,30.9616,28.3448,29.6349

484.9270,30.9469,30.8978,30.9707,30.9387,31.0491,26.3711,25.5739,30.3003,30.9606,28.3357,29.6311

485.9270,30.9489,30.9125,30.9693,30.9505,31.0398,26.3920,25.5873,30.3014,30.9642,28.3467,29.6377

486.9270,30.9382,30.8834,30.9477,30.9506,31.0328,26.3912,25.6068,30.2851,30.9505,28.3381,29.6295

487.9280,30.9437,30.8912,30.9589,30.9495,31.0453,26.3674,25.5953,30.3004,30.9577,28.3339,29.6315

488.9270,30.9314,30.8982,30.9606,30.9494,31.0489,26.3725,25.6056,30.2919,30.9577,28.3322,29.6323

489.9280,30.9535,30.9150,30.9610,30.9525,31.0249,26.3801,25.6193,30.2929,30.9614,28.3365,29.6374

490.9270,30.9761,30.9045,30.9651,30.9514,31.0393,26.3712,25.6425,30.3093,30.9673,28.3403,29.6449

491.9270,30.9607,30.9120,30.9726,30.9571,31.0262,26.3750,25.6251,30.2986,30.9657,28.3368,29.6409

492.9270,30.9528,30.9083,30.9740,30.9609,31.0323,26.3907,25.6394,30.3185,30.9657,28.3546,29.6471

493.9280,30.9501,30.9310,30.9648,30.9516,31.0526,26.3898,25.6456,30.3026,30.9700,28.3462,29.6485

494.9270,30.9659,30.9011,30.9641,30.9579,31.0787,26.3793,25.6303,30.2982,30.9735,28.3387,29.6469

495.9280,30.9607,30.9126,30.9676,30.9648,31.0573,26.4043,25.6535,30.3344,30.9726,28.3694,29.6569

496.9270,30.9452,30.8979,30.9740,30.9514,31.0322,26.4033,25.6473,30.3038,30.9602,28.3536,29.6444

497.9270,30.9518,30.9164,30.9592,30.9488,31.0442,26.3977,25.6365,30.3043,30.9641,28.3510,29.6449

498.9270,30.9591,30.9307,30.9720,30.9509,31.0580,26.3894,25.6372,30.3097,30.9741,28.3496,29.6509

499.9270,30.9695,30.9178,30.9850,30.9498,31.0390,26.3876,25.6462,30.3065,30.9722,28.3471,29.6502

500.9270,30.9515,30.9309,30.9812,30.9412,31.0408,26.3743,25.6352,30.2936,30.9691,28.3339,29.6436

501.9280,30.9502,30.9154,30.9831,30.9464,31.0601,26.3824,25.6311,30.3036,30.9710,28.3430,29.6465

502.9270,30.9481,30.9325,30.9687,30.9701,31.0692,26.3893,25.6394,30.3236,30.9777,28.3565,29.6551

503.9270,30.9564,30.9285,30.9717,30.9727,31.0647,26.3943,25.6166,30.3192,30.9788,28.3568,29.6530

504.9280,30.9800,30.9067,30.9861,30.9569,31.0495,26.3930,25.6251,30.3005,30.9758,28.3467,29.6497

505.9270,30.9756,30.9283,30.9776,30.9602,31.0541,26.3933,25.6302,30.3140,30.9792,28.3536,29.6542

506.9270,30.9829,30.9283,30.9659,30.9617,31.0476,26.4059,25.6546,30.2979,30.9773,28.3519,29.6556

507.9270,30.9639,30.9039,30.9786,30.9927,31.0397,26.3924,25.6567,30.3037,30.9758,28.3481,29.6540

508.9280,30.9766,30.9199,30.9711,30.9546,31.0697,26.3901,25.6661,30.2938,30.9784,28.3419,29.6552

509.9270,30.9815,30.9253,30.9939,30.9577,31.0517,26.3940,25.6979,30.3049,30.9820,28.3494,29.6634

510.9270,30.9857,30.9309,30.9713,30.9751,31.0625,26.3889,25.7282,30.3082,30.9851,28.3485,29.6688

511.9270,30.9788,30.9348,30.9700,30.9723,31.0588,26.4173,25.7278,30.3012,30.9829,28.3593,29.6701

512.9270,30.9768,30.9118,30.9987,30.9809,31.0556,26.4058,25.7635,30.2795,30.9848,28.3426,29.6716

513.9270,30.9693,30.9090,30.9893,30.9654,31.0433,26.3974,25.7504,30.2932,30.9753,28.3453,29.6647

514.9280,30.9801,30.9408,31.0033,30.9864,31.0451,26.3964,25.7395,30.3105,30.9911,28.3534,29.6753

515.9270,30.9683,30.9229,30.9661,30.9774,31.0807,26.3945,25.7324,30.3053,30.9831,28.3499,29.6685

516.9270,30.9909,30.9315,30.9944,30.9681,31.0635,26.4139,25.7362,30.3148,30.9897,28.3644,29.6767

517.9270,30.9904,30.9184,31.0006,30.9476,31.0828,26.3992,25.7216,30.3227,30.9880,28.3610,29.6729

518.9270,30.9624,30.9413,30.9840,30.9676,31.0822,26.3872,25.7265,30.3196,30.9875,28.3534,29.6714

519.9270,30.9809,30.9139,30.9848,30.9688,31.0651,26.3864,25.6988,30.3212,30.9827,28.3538,29.6650

520.9270,30.9876,30.9193,30.9982,30.9770,31.0677,26.4006,25.6913,30.3166,30.9899,28.3586,29.6698

521.9270,30.9950,30.9339,30.9837,30.9771,31.0701,26.3902,25.7158,30.3128,30.9919,28.3515,29.6723

522.9280,30.9754,30.9277,31.0052,30.9771,31.0630,26.3946,25.7278,30.3120,30.9897,28.3533,29.6728

523.9270,30.9795,30.9215,30.9892,30.9802,31.0723,26.4142,25.7384,30.3109,30.9885,28.3625,29.6758

524.9270,30.9812,30.9455,31.0047,30.9812,31.0794,26.3966,25.7387,30.3083,30.9984,28.3525,29.6795

525.9270,30.9900,30.9372,31.0241,30.9691,31.0738,26.3993,25.7532,30.3040,30.9988,28.3516,29.6813

526.9270,30.9857,30.9386,31.0222,30.9790,31.0856,26.3954,25.7773,30.3119,31.0022,28.3537,29.6870

527.9270,30.9872,30.9409,30.9982,30.9790,31.0790,26.3932,25.7816,30.3134,30.9969,28.3533,29.6841

528.9270,30.9845,30.9311,31.0058,30.9889,31.0683,26.4027,25.8015,30.3248,30.9957,28.3638,29.6885

529.9270,30.9891,30.9351,31.0051,30.9718,31.0742,26.4126,25.8048,30.3290,30.9951,28.3708,29.6902

530.9280,30.9852,30.9415,30.9904,30.9730,31.0561,26.3940,25.8603,30.3166,30.9893,28.3553,29.6896

531.9290,30.9838,30.9508,31.0020,30.9827,31.0809,26.4091,25.8456,30.2935,31.0000,28.3513,29.6935

532.9270,30.9878,30.9418,30.9977,30.9671,31.0742,26.4169,25.8691,30.3187,30.9937,28.3678,29.6967

533.9270,31.0011,30.9301,31.0011,30.9870,31.0819,26.4053,25.8598,30.3015,31.0002,28.3534,29.6960

534.9270,31.0089,30.9228,31.0111,30.9768,31.0684,26.4253,25.8761,30.3163,30.9976,28.3708,29.7007

535.9280,30.9635,30.9437,31.0104,30.9827,31.0964,26.4251,25.8442,30.3240,30.9993,28.3745,29.6987

536.9280,30.9805,30.9573,31.0061,30.9953,31.0827,26.4006,25.8098,30.3217,31.0044,28.3612,29.6942

537.9270,31.0068,30.9438,31.0081,31.0044,31.0805,26.4049,25.8207,30.3030,31.0087,28.3539,29.6965

538.9280,30.9800,30.9624,31.0089,30.9887,31.0620,26.4067,25.8107,30.3142,31.0004,28.3604,29.6917

539.9270,31.0035,30.9395,30.9987,30.9869,31.0729,26.4072,25.7829,30.3152,31.0003,28.3612,29.6883

540.9270,30.9804,30.9746,31.0005,30.9953,31.0977,26.4066,25.7544,30.3301,31.0097,28.3684,29.6925

541.9270,30.9850,30.9501,31.0028,30.9868,31.1145,26.4146,25.7624,30.3094,31.0079,28.3620,29.6907

542.9280,30.9902,30.9481,31.0068,30.9974,31.0886,26.4117,25.7510,30.3229,31.0062,28.3673,29.6896

543.9270,30.9958,30.9509,30.9946,30.9917,31.0908,26.4258,25.7373,30.3304,31.0048,28.3781,29.6897

544.9270,30.9927,30.9522,31.0245,31.0015,31.0832,26.3991,25.7153,30.3297,31.0108,28.3644,29.6873

545.9270,31.0125,30.9588,31.0076,30.9907,31.0818,26.4276,25.6942,30.3190,31.0103,28.3733,29.6865

546.9270,31.0092,30.9630,30.9969,30.9983,31.1129,26.3974,25.7131,30.3148,31.0161,28.3561,29.6882

547.9270,31.0131,30.9551,31.0077,31.0021,31.0749,26.3970,25.6967,30.3290,31.0106,28.3630,29.6844

548.9270,31.0077,30.9624,31.0056,30.9995,31.0709,26.4114,25.6940,30.3155,31.0092,28.3634,29.6834

549.9270,31.0077,30.9639,30.9925,30.9944,31.0785,26.4104,25.7044,30.3184,31.0074,28.3644,29.6838

550.9270,31.0055,30.9467,31.0223,30.9946,31.1059,26.3973,25.7192,30.2964,31.0150,28.3469,29.6860

551.9270,31.0208,30.9543,31.0040,31.0045,31.1003,26.4231,25.7237,30.3239,31.0168,28.3735,29.6943

552.9270,30.9996,30.9549,31.0230,31.0038,31.0996,26.4089,25.7374,30.3272,31.0162,28.3680,29.6943

553.9280,31.0074,30.9606,31.0132,31.0006,31.0997,26.4115,25.7249,30.3035,31.0163,28.3575,29.6902

554.9280,31.0008,30.9520,31.0121,30.9928,31.0933,26.4233,25.7070,30.3195,31.0102,28.3714,29.6876

555.9270,31.0094,30.9539,30.9980,30.9990,31.0953,26.4022,25.7161,30.3290,31.0111,28.3656,29.6879

556.9270,31.0026,30.9506,31.0230,30.9845,31.1061,26.3954,25.7008,30.3307,31.0134,28.3631,29.6867

557.9270,31.0269,30.9588,31.0162,30.9917,31.1120,26.4184,25.6950,30.3169,31.0211,28.3677,29.6920

558.9280,30.9999,30.9594,31.0134,31.0129,31.1007,26.4035,25.6961,30.2941,31.0172,28.3488,29.6850

559.9270,31.0036,30.9727,31.0060,30.9863,31.0877,26.4120,25.6767,30.3035,31.0113,28.3577,29.6811

560.9270,31.0093,30.9570,31.0213,31.0157,31.1012,26.4191,25.7046,30.3106,31.0209,28.3649,29.6924

561.9270,30.9925,30.9701,31.0035,31.0007,31.0984,26.4037,25.6798,30.3201,31.0130,28.3619,29.6836

562.9270,30.9917,30.9536,31.0118,30.9935,31.1067,26.4170,25.6936,30.3221,31.0115,28.3696,29.6862

563.9270,31.0147,30.9862,31.0473,31.0219,31.1187,26.4156,25.7040,30.3076,31.0378,28.3616,29.7020

564.9270,31.0336,30.9593,31.0218,30.9913,31.0970,26.4049,25.7093,30.3110,31.0206,28.3579,29.6910

565.9280,31.0205,30.9532,31.0180,31.0171,31.1204,26.4125,25.7315,30.3280,31.0258,28.3702,29.7002

566.9270,31.0242,30.9699,31.0113,30.9990,31.1080,26.4087,25.7310,30.3176,31.0225,28.3631,29.6962

567.9270,31.0248,30.9620,31.0165,30.9893,31.1048,26.4186,25.7674,30.3106,31.0195,28.3646,29.6992

568.9270,31.0251,30.9563,31.0305,31.0155,31.1179,26.4199,25.7819,30.3175,31.0290,28.3687,29.7081

569.9270,31.0100,30.9699,31.0276,30.9962,31.1033,26.4042,25.7823,30.3164,31.0214,28.3603,29.7012

570.9270,31.0200,30.9684,31.0220,31.0022,31.0985,26.4044,25.7800,30.3222,31.0222,28.3633,29.7022

571.9280,31.0264,30.9383,31.0121,31.0041,31.1084,26.4136,25.8191,30.3319,31.0179,28.3728,29.7067

572.9270,31.0300,30.9711,31.0355,31.0017,31.0998,26.4145,25.8218,30.3224,31.0276,28.3684,29.7121

573.9270,31.0260,30.9817,31.0235,31.0113,31.0935,26.4048,25.8135,30.3250,31.0272,28.3649,29.7099

574.9280,31.0175,30.9939,31.0470,31.0193,31.1372,26.4141,25.8167,30.3216,31.0430,28.3679,29.7209

575.9270,31.0000,30.9656,31.0220,31.0060,31.1131,26.3952,25.8280,30.3102,31.0214,28.3527,29.7050

576.9270,31.0169,30.9744,31.0345,31.0199,31.1209,26.4074,25.8185,30.3299,31.0333,28.3687,29.7153

577.9270,31.0271,30.9730,31.0420,31.0087,31.0956,26.4101,25.8193,30.3045,31.0293,28.3573,29.7100

578.9270,31.0167,30.9693,31.0350,31.0158,31.0975,26.4242,25.8254,30.3114,31.0269,28.3678,29.7119

579.9270,31.0417,30.9764,31.0544,31.0107,31.1168,26.4088,25.8302,30.3379,31.0400,28.3733,29.7221

580.9280,31.0150,30.9727,31.0357,31.0295,31.0948,26.4102,25.8359,30.3008,31.0295,28.3555,29.7118

581.9280,31.0093,30.9798,31.0324,31.0206,31.1366,26.4239,25.8477,30.3303,31.0357,28.3771,29.7226

582.9270,31.0172,30.9864,31.0413,31.0103,31.0949,26.4148,25.8722,30.3213,31.0300,28.3681,29.7198

583.9270,31.0294,30.9769,31.0239,31.0210,31.1018,26.4238,25.8981,30.3322,31.0306,28.3780,29.7259

584.9270,31.0180,30.9787,31.0299,31.0407,31.1243,26.4028,25.9093,30.3169,31.0383,28.3599,29.7276

585.9270,31.0401,30.9957,31.0422,31.0211,31.1099,26.4152,25.9136,30.3081,31.0418,28.3616,29.7307

586.9270,31.0430,30.9786,31.0237,31.0270,31.1167,26.3964,25.9472,30.3274,31.0378,28.3619,29.7325

587.9270,31.0355,30.9715,31.0373,31.0401,31.1049,26.4218,25.9344,30.3180,31.0379,28.3699,29.7329

588.9270,31.0232,30.9839,31.0384,31.0121,31.1262,26.4236,25.9541,30.3207,31.0367,28.3722,29.7353

589.9270,31.0082,30.9675,31.0469,31.0140,31.1112,26.4015,25.9703,30.3076,31.0296,28.3546,29.7284

590.9290,31.0275,30.9683,31.0383,31.0106,31.1243,26.4072,25.9755,30.3124,31.0338,28.3598,29.7330

591.9270,31.0292,30.9798,31.0338,31.0249,31.1146,26.3920,25.9550,30.3221,31.0365,28.3570,29.7314

592.9280,31.0334,30.9822,31.0456,31.0179,31.1128,26.4273,25.9639,30.3136,31.0384,28.3704,29.7371

593.9270,31.0478,30.9967,31.0578,31.0329,31.1216,26.4271,25.9775,30.3181,31.0513,28.3726,29.7474

594.9280,31.0401,30.9905,31.0520,31.0022,31.1267,26.4293,25.9697,30.3306,31.0423,28.3799,29.7426

595.9270,31.0461,30.9891,31.0342,31.0483,31.1239,26.4481,25.9621,30.3216,31.0483,28.3849,29.7467

596.9270,31.0263,30.9821,31.0568,31.0230,31.1160,26.3942,25.9573,30.3060,31.0408,28.3501,29.7327

597.9270,31.0439,31.0089,31.0465,31.0263,31.1282,26.4152,25.9604,30.3288,31.0508,28.3720,29.7448

598.9280,31.0298,30.9847,31.0374,31.0172,31.1238,26.4147,25.9541,30.3094,31.0386,28.3621,29.7339

599.9270,31.0381,30.9912,31.0321,31.0480,31.1246,26.4155,25.9385,30.3277,31.0468,28.3716,29.7395

600.9280,31.0214,30.9815,31.0454,31.0327,31.1191,26.4124,25.9400,30.3419,31.0400,28.3772,29.7368

601.9280,31.0281,30.9801,31.0623,31.0111,31.1342,26.3984,25.9510,30.3049,31.0432,28.3516,29.7338

602.9270,31.0264,30.9933,31.0567,31.0177,31.1328,26.4316,25.9409,30.3169,31.0454,28.3743,29.7395

603.9280,31.0257,30.9936,31.0552,31.0420,31.1294,26.4262,25.9312,30.3111,31.0492,28.3686,29.7393

604.9270,31.0261,30.9846,31.0509,31.0438,31.1373,26.4129,25.9505,30.3401,31.0485,28.3765,29.7433

605.9270,31.0439,30.9945,31.0462,31.0241,31.1500,26.4180,25.9419,30.3236,31.0518,28.3708,29.7428

606.9270,31.0574,30.9917,31.0353,31.0274,31.1227,26.4108,25.9390,30.3437,31.0469,28.3773,29.7410

607.9270,31.0197,30.9776,31.0452,31.0359,31.1481,26.4163,25.9426,30.3384,31.0453,28.3773,29.7405

608.9270,31.0373,30.9950,31.0608,31.0251,31.1364,26.3897,25.9778,30.3391,31.0509,28.3644,29.7451

609.9270,31.0465,30.9874,31.0484,31.0334,31.1386,26.4263,25.9639,30.3135,31.0509,28.3699,29.7447

610.9270,31.0564,31.0026,31.0397,31.0275,31.1458,26.4301,25.9748,30.3342,31.0544,28.3822,29.7514

611.9270,31.0483,30.9885,31.0459,31.0355,31.1534,26.4135,25.9766,30.3177,31.0543,28.3656,29.7474

612.9270,31.0515,30.9880,31.0537,31.0439,31.1317,26.4228,25.9595,30.3350,31.0537,28.3789,29.7482

613.9290,31.0695,30.9844,31.0619,31.0323,31.1244,26.4244,25.9511,30.3177,31.0545,28.3711,29.7457

614.9270,31.0514,30.9957,31.0615,31.0394,31.1329,26.4199,25.9211,30.3038,31.0562,28.3619,29.7407

615.9280,31.0439,30.9968,31.0574,31.0278,31.1532,26.4298,25.9027,30.3395,31.0558,28.3847,29.7439

616.9280,31.0362,30.9773,31.0670,31.0379,31.1431,26.4249,25.8709,30.3342,31.0523,28.3795,29.7364

617.9280,31.0662,30.9886,31.0750,31.0478,31.1318,26.4339,25.8997,30.3168,31.0619,28.3753,29.7450

618.9270,31.0323,30.9922,31.0617,31.0457,31.1227,26.4186,25.8859,30.3364,31.0509,28.3775,29.7369

619.9270,31.0562,30.9999,31.0652,31.0318,31.1314,26.4289,25.8919,30.3265,31.0569,28.3777,29.7415

620.9270,31.0440,30.9967,31.0479,31.0568,31.1413,26.4271,25.9014,30.3171,31.0573,28.3721,29.7415

621.9270,31.0468,30.9884,31.0664,31.0621,31.1288,26.4252,25.8768,30.3223,31.0585,28.3737,29.7396

622.9270,31.0621,31.0047,31.0620,31.0545,31.1311,26.4311,25.9347,30.3432,31.0629,28.3872,29.7529

623.9280,31.0635,31.0005,31.0455,31.0394,31.1508,26.4198,25.9281,30.3277,31.0599,28.3737,29.7469

624.9270,31.0662,30.9914,31.0614,31.0586,31.1511,26.4116,25.9360,30.3463,31.0657,28.3790,29.7528

625.9270,31.0409,30.9955,31.0546,31.0438,31.1458,26.4476,25.9299,30.3342,31.0561,28.3909,29.7490

626.9270,31.0531,31.0018,31.0544,31.0418,31.1564,26.4311,25.9672,30.3323,31.0615,28.3817,29.7548

627.9280,31.0687,31.0060,31.0488,31.0352,31.1460,26.4477,25.9881,30.3475,31.0609,28.3976,29.7610

628.9270,31.0547,31.0152,31.0649,31.0715,31.1697,26.4321,25.9957,30.3405,31.0752,28.3863,29.7680

629.9270,31.0600,31.0125,31.0543,31.0355,31.1412,26.4333,25.9921,30.3172,31.0607,28.3752,29.7557

630.9270,31.0726,31.0065,31.0498,31.0535,31.1554,26.4256,26.0052,30.3265,31.0676,28.3760,29.7619

631.9270,31.0890,30.9909,31.0510,31.0501,31.1388,26.4303,25.9821,30.3297,31.0640,28.3800,29.7578

632.9270,31.0735,31.0059,31.0670,31.0472,31.1520,26.4359,26.0183,30.3165,31.0691,28.3762,29.7645

633.9270,31.0563,30.9995,31.0723,31.0469,31.1643,26.4428,26.0144,30.3229,31.0679,28.3828,29.7649

634.9280,31.0697,30.9964,31.0386,31.0626,31.1603,26.4185,26.0051,30.3335,31.0655,28.3760,29.7606

635.9280,31.0621,30.9959,31.0814,31.0565,31.1533,26.4180,26.0122,30.3245,31.0698,28.3712,29.7630

636.9270,31.0626,31.0316,31.0875,31.0569,31.1565,26.4373,26.0122,30.3212,31.0790,28.3792,29.7707

637.9270,31.0695,30.9856,31.0823,31.0415,31.1659,26.4338,26.0252,30.3333,31.0690,28.3835,29.7671

638.9280,31.0665,30.9976,31.0685,31.0742,31.1601,26.4388,26.0227,30.3152,31.0734,28.3770,29.7679

639.9280,31.0793,30.9883,31.0977,31.0573,31.1311,26.4324,26.0025,30.3214,31.0707,28.3769,29.7638

640.9280,31.0630,31.0285,31.0792,31.0491,31.1421,26.4491,26.0008,30.3376,31.0724,28.3933,29.7687

641.9270,31.0791,31.0177,31.0599,31.0454,31.1553,26.4430,25.9853,30.3410,31.0715,28.3920,29.7658

642.9280,31.0602,31.0289,31.0735,31.0599,31.1604,26.4273,25.9399,30.3362,31.0766,28.3817,29.7608

643.9270,31.0651,31.0139,31.0594,31.0622,31.1562,26.4370,25.9198,30.3185,31.0714,28.3778,29.7540

644.9280,31.0732,31.0286,31.0859,31.0610,31.1724,26.4564,25.8760,30.3214,31.0842,28.3889,29.7594

645.9270,31.0676,30.9995,31.0761,31.0700,31.1489,26.4201,25.8647,30.3346,31.0724,28.3774,29.7477

646.9280,31.0803,31.0248,31.0689,31.0670,31.1755,26.4258,25.8477,30.3407,31.0833,28.3833,29.7539

647.9270,31.0825,31.0192,31.0822,31.0408,31.1780,26.4432,25.8269,30.3294,31.0806,28.3863,29.7503

648.9280,31.0693,31.0076,31.0879,31.0678,31.1706,26.4341,25.7782,30.3260,31.0807,28.3801,29.7427

649.9280,31.0703,31.0043,31.0710,31.0677,31.1452,26.4451,25.7566,30.3313,31.0717,28.3882,29.7364

650.9270,31.0635,31.0083,31.0699,31.0666,31.1549,26.4542,25.7521,30.3484,31.0726,28.4013,29.7397

651.9270,31.0810,31.0226,31.0822,31.0681,31.1611,26.4581,25.7418,30.3184,31.0830,28.3883,29.7417

652.9270,31.0802,31.0235,31.0742,31.0559,31.1442,26.4399,25.7311,30.3350,31.0756,28.3874,29.7355

653.9270,31.0795,31.0177,31.0863,31.0506,31.1633,26.4260,25.7327,30.3259,31.0795,28.3759,29.7352

654.9270,31.0784,31.0137,31.0865,31.0653,31.1546,26.4394,25.7424,30.3529,31.0797,28.3962,29.7416

655.9280,31.0787,31.0088,31.0783,31.0685,31.1587,26.4577,25.7409,30.3298,31.0786,28.3938,29.7402

656.9280,31.0974,31.0251,31.0838,31.0552,31.1543,26.4350,25.7224,30.3395,31.0832,28.3873,29.7391

657.9280,31.0677,31.0366,31.0746,31.0586,31.1638,26.4325,25.7148,30.3305,31.0803,28.3815,29.7349

658.9280,31.0825,31.0263,31.0704,31.0615,31.1686,26.4295,25.7164,30.3383,31.0819,28.3839,29.7367

659.9270,31.0788,31.0138,31.0777,31.0918,31.1500,26.4502,25.6942,30.3402,31.0824,28.3952,29.7371

660.9270,31.0800,31.0139,31.0680,31.0680,31.1619,26.4420,25.6775,30.3423,31.0783,28.3921,29.7317

661.9270,31.0824,31.0126,31.0694,31.0553,31.1676,26.4289,25.6757,30.3344,31.0774,28.3817,29.7283

662.9280,31.0711,31.0228,31.0815,31.0745,31.1707,26.4382,25.6525,30.3480,31.0841,28.3931,29.7324

663.9270,31.0816,31.0146,31.0931,31.0700,31.1659,26.4427,25.6626,30.3388,31.0850,28.3908,29.7337

664.9270,31.0870,31.0318,31.0914,31.0698,31.1746,26.4354,25.6742,30.3225,31.0909,28.3789,29.7358

665.9270,31.0909,31.0175,31.0889,31.0729,31.1720,26.4445,25.7017,30.3185,31.0885,28.3815,29.7384

666.9270,31.0751,31.0247,31.0956,31.0651,31.1661,26.4451,25.7028,30.3243,31.0853,28.3847,29.7373

667.9270,31.0557,31.0452,31.0879,31.0682,31.1880,26.4449,25.7187,30.3293,31.0890,28.3871,29.7422

668.9270,31.0836,31.0267,31.0817,31.0770,31.1817,26.4348,25.7179,30.3290,31.0901,28.3819,29.7415

669.9270,31.0796,31.0302,31.0805,31.0659,31.1580,26.4279,25.7422,30.3400,31.0828,28.3840,29.7405

670.9280,31.0927,31.0158,31.0830,31.0670,31.1727,26.4345,25.7530,30.3456,31.0862,28.3900,29.7455

671.9270,31.0903,31.0026,31.0829,31.0660,31.1736,26.4660,25.7775,30.3310,31.0831,28.3985,29.7488

672.9270,31.1044,31.0343,31.0837,31.0672,31.1842,26.4476,25.7799,30.3098,31.0947,28.3787,29.7514

673.9270,31.0889,31.0349,31.0903,31.0593,31.1824,26.4472,25.8016,30.3239,31.0912,28.3856,29.7536

674.9280,31.0863,31.0239,31.0920,31.0685,31.1662,26.4592,25.7802,30.3477,31.0874,28.4035,29.7530

675.9270,31.0703,31.0346,31.1032,31.0854,31.1816,26.4492,25.8098,30.3387,31.0950,28.3940,29.7591

676.9270,31.0961,31.0246,31.1152,31.0682,31.1749,26.4422,25.7966,30.3354,31.0958,28.3888,29.7566

677.9270,31.0894,31.0302,31.1115,31.0744,31.1744,26.4566,25.8229,30.3245,31.0960,28.3906,29.7605

678.9270,31.0988,31.0198,31.0936,31.0847,31.1922,26.4349,25.7927,30.3202,31.0978,28.3776,29.7546

679.9280,31.0979,31.0163,31.1023,31.0704,31.1868,26.4586,25.7843,30.3429,31.0947,28.4007,29.7574

680.9270,31.0885,31.0394,31.1028,31.0751,31.1859,26.4412,25.8197,30.3358,31.0984,28.3885,29.7611

681.9270,31.1051,31.0411,31.0857,31.0735,31.1886,26.4455,25.8235,30.3401,31.0988,28.3928,29.7629

682.9270,31.0913,31.0419,31.1081,31.0936,31.1875,26.4421,25.8235,30.3382,31.1045,28.3901,29.7658

683.9270,31.0876,31.0197,31.1071,31.0676,31.1949,26.4529,25.8470,30.3490,31.0954,28.4009,29.7657

684.9270,31.0942,31.0210,31.0961,31.0989,31.1769,26.4469,25.8358,30.3335,31.0974,28.3902,29.7629

685.9270,31.0848,31.0369,31.1040,31.0838,31.1665,26.4539,25.8481,30.3274,31.0952,28.3907,29.7632

686.9270,31.1045,31.0396,31.1035,31.0866,31.1875,26.4388,25.8853,30.3259,31.1043,28.3823,29.7714

687.9270,31.1088,31.0255,31.0870,31.0706,31.1969,26.4394,25.8816,30.3566,31.0978,28.3980,29.7708

688.9270,31.0912,31.0318,31.1069,31.0759,31.1821,26.4495,25.9243,30.3376,31.0976,28.3936,29.7749

689.9280,31.0848,31.0277,31.1109,31.0865,31.1640,26.4606,25.9321,30.3255,31.0948,28.3930,29.7740

690.9280,31.1013,31.0366,31.1104,31.0897,31.1987,26.4559,25.9784,30.3463,31.1073,28.4011,29.7897

691.9270,31.0980,31.0315,31.0959,31.0865,31.1898,26.4563,25.9906,30.3397,31.1003,28.3980,29.7860

692.9270,31.1122,31.0631,31.1105,31.0696,31.1725,26.4635,26.0266,30.3463,31.1056,28.4049,29.7955

693.9270,31.0918,31.0395,31.1058,31.0992,31.1936,26.4634,26.0562,30.3250,31.1060,28.3942,29.7968

694.9270,31.0971,31.0428,31.0912,31.0944,31.1964,26.4521,26.0534,30.3275,31.1044,28.3898,29.7943

695.9270,31.1139,31.0369,31.1134,31.0805,31.1735,26.4374,26.0557,30.3250,31.1036,28.3812,29.7920

696.9280,31.1058,31.0468,31.1031,31.0872,31.1769,26.4590,26.0848,30.3428,31.1040,28.4009,29.8008

697.9270,31.0897,31.0410,31.1054,31.0894,31.1876,26.4574,26.0696,30.3342,31.1026,28.3958,29.7968

698.9270,31.0932,31.0500,31.1092,31.0937,31.1858,26.4373,26.0943,30.3367,31.1064,28.3870,29.8000

699.9270,31.0921,31.0423,31.1057,31.0831,31.1921,26.4589,26.1065,30.3460,31.1030,28.4025,29.8033

700.9270,31.0916,31.0506,31.1018,31.1023,31.1845,26.4433,26.1220,30.3351,31.1062,28.3892,29.8039

701.9270,31.1099,31.0350,31.1087,31.0815,31.1923,26.4476,26.1583,30.3375,31.1055,28.3925,29.8088

702.9270,31.0933,31.0515,31.1106,31.0857,31.1966,26.4512,26.1818,30.3279,31.1076,28.3896,29.8123

703.9280,31.1200,31.0220,31.1047,31.1000,31.1817,26.4524,26.1750,30.3475,31.1056,28.4000,29.8129

704.9270,31.0960,31.0603,31.1294,31.0829,31.1759,26.4708,26.1641,30.3428,31.1089,28.4068,29.8153

705.9270,31.1046,31.0377,31.1058,31.0889,31.1711,26.4512,26.1625,30.3454,31.1016,28.3983,29.8084

706.9270,31.1170,31.0329,31.0954,31.0808,31.2020,26.4674,26.1801,30.3484,31.1056,28.4079,29.8155

707.9270,31.1193,31.0387,31.1096,31.0997,31.1749,26.4414,26.1465,30.3215,31.1084,28.3814,29.8064

708.9270,31.0936,31.0255,31.0997,31.0842,31.1894,26.4500,26.1787,30.3376,31.0984,28.3938,29.8073

709.9270,31.1038,31.0401,31.1181,31.0988,31.1913,26.4603,26.1635,30.3314,31.1104,28.3958,29.8134

710.9280,31.1046,31.0474,31.1080,31.0986,31.1822,26.4644,26.1695,30.3435,31.1081,28.4039,29.8148

711.9270,31.1021,31.0552,31.1007,31.0946,31.1599,26.4676,26.1812,30.3462,31.1025,28.4069,29.8134

712.9270,31.1067,31.0424,31.1058,31.0870,31.1950,26.4500,26.1754,30.3254,31.1074,28.3877,29.8110

713.9280,31.1218,31.0412,31.0887,31.0985,31.1972,26.4501,26.1981,30.3424,31.1095,28.3962,29.8172

714.9270,31.1136,31.0426,31.1074,31.0896,31.1985,26.4645,26.2036,30.3586,31.1104,28.4115,29.8223

715.9270,31.1259,31.0548,31.1088,31.1149,31.1957,26.4532,26.1857,30.3436,31.1200,28.3984,29.8228

716.9270,31.1128,31.0293,31.1054,31.0946,31.2003,26.4627,26.1848,30.3328,31.1085,28.3978,29.8153

717.9270,31.1311,31.0440,31.0985,31.1032,31.1839,26.4712,26.1768,30.3470,31.1121,28.4091,29.8195

718.9270,31.1239,31.0217,31.0931,31.0978,31.1988,26.4776,26.1931,30.3181,31.1071,28.3979,29.8155

719.9270,31.1255,31.0397,31.1017,31.1036,31.2027,26.4467,26.1976,30.3381,31.1147,28.3924,29.8195

720.9270,31.1216,31.0473,31.1168,31.0844,31.1891,26.4598,26.1866,30.3257,31.1119,28.3927,29.8164

721.9270,31.1268,31.0493,31.1057,31.1019,31.1978,26.4545,26.1644,30.3341,31.1163,28.3943,29.8168

722.9270,31.0986,31.0496,31.1205,31.0750,31.1891,26.4593,26.1913,30.3158,31.1066,28.3875,29.8124

723.9280,31.1139,31.0523,31.1350,31.1120,31.1890,26.4657,26.1675,30.3452,31.1204,28.4054,29.8226

724.9270,31.1155,31.0373,31.1063,31.0983,31.2016,26.4498,26.1790,30.3313,31.1118,28.3906,29.8149

725.9270,31.1193,31.0432,31.1118,31.1080,31.1921,26.4706,26.1842,30.3374,31.1149,28.4040,29.8208

726.9270,31.1065,31.0359,31.1134,31.0932,31.2031,26.4540,26.1672,30.3092,31.1104,28.3816,29.8103

727.9270,31.1209,31.0535,31.1122,31.0963,31.2099,26.4534,26.1840,30.3513,31.1186,28.4023,29.8227

728.9270,31.1134,31.0483,31.1056,31.0896,31.1911,26.4760,26.1911,30.3278,31.1096,28.4019,29.8179

729.9270,31.1252,31.0492,31.1351,31.1182,31.2004,26.4704,26.1944,30.3410,31.1256,28.4057,29.8293

730.9270,31.1185,31.0601,31.1169,31.1122,31.2230,26.4712,26.1938,30.3296,31.1261,28.4004,29.8282

731.9280,31.1036,31.0402,31.1064,31.0946,31.2008,26.4690,26.1661,30.3354,31.1091,28.4022,29.8145

732.9270,31.1348,31.0426,31.1243,31.1003,31.2300,26.4659,26.1470,30.3333,31.1264,28.3996,29.8223

733.9280,31.1214,31.0351,31.1286,31.1084,31.2014,26.4496,26.1307,30.3353,31.1190,28.3925,29.8138

734.9280,31.1316,31.0597,31.0963,31.1038,31.2170,26.4665,26.0824,30.3333,31.1217,28.3999,29.8113

735.9270,31.1096,31.0494,31.1086,31.0959,31.1941,26.4642,26.0881,30.3240,31.1115,28.3941,29.8042

736.9270,31.1156,31.0428,31.1142,31.0930,31.2198,26.4589,26.0532,30.3291,31.1171,28.3940,29.8033

737.9280,31.1016,31.0563,31.1329,31.1132,31.2029,26.4533,26.0542,30.3329,31.1214,28.3931,29.8059

738.9270,31.1244,31.0548,31.1206,31.1224,31.1887,26.4630,26.0643,30.3534,31.1222,28.4082,29.8115

739.9270,31.1152,31.0568,31.1211,31.0972,31.2024,26.4581,26.0598,30.3249,31.1185,28.3915,29.8044

740.9270,31.1272,31.0559,31.1146,31.1034,31.1987,26.4810,26.0521,30.3336,31.1200,28.4073,29.8083

741.9270,31.1240,31.0590,31.1074,31.1116,31.1971,26.4565,26.0210,30.3258,31.1198,28.3912,29.8003

742.9270,31.1309,31.0439,31.1294,31.1078,31.2144,26.4823,26.0020,30.3416,31.1252,28.4119,29.8065

743.9270,31.1181,31.0561,31.1195,31.1130,31.2125,26.4491,26.0084,30.3254,31.1238,28.3873,29.8003

744.9270,31.1493,31.0485,31.1110,31.1133,31.2110,26.4593,26.0238,30.3370,31.1266,28.3981,29.8067

745.9270,31.1353,31.0497,31.1229,31.1126,31.2037,26.4712,26.0300,30.3371,31.1249,28.4041,29.8078

746.9270,31.1373,31.0441,31.1183,31.1037,31.1991,26.4807,26.0013,30.3296,31.1205,28.4052,29.8018

747.9270,31.1304,31.0587,31.1381,31.1109,31.2025,26.4667,26.0175,30.3199,31.1281,28.3933,29.8056

748.9270,31.0984,31.0545,31.1202,31.1080,31.2334,26.4704,26.0198,30.3415,31.1229,28.4060,29.8058

749.9280,31.1293,31.0714,31.1090,31.0996,31.2072,26.4755,26.0211,30.3221,31.1233,28.3988,29.8044

750.9280,31.1392,31.0642,31.1097,31.1252,31.2079,26.4751,26.0382,30.3330,31.1293,28.4040,29.8116

751.9270,31.1213,31.0394,31.1324,31.1094,31.1991,26.4797,26.0074,30.3409,31.1203,28.4103,29.8037

752.9270,31.1341,31.0767,31.0969,31.0960,31.2167,26.4425,26.0103,30.3231,31.1241,28.3828,29.7995

753.9280,31.1425,31.0715,31.1129,31.1157,31.2209,26.4751,25.9905,30.3424,31.1327,28.4088,29.8090

754.9270,31.1460,31.0512,31.1085,31.1221,31.2217,26.4460,25.9827,30.3445,31.1299,28.3952,29.8028

755.9280,31.1120,31.0543,31.1154,31.1050,31.2107,26.4747,25.9726,30.3218,31.1195,28.3982,29.7958

756.9270,31.1392,31.0479,31.1235,31.1146,31.2193,26.4486,25.9390,30.3489,31.1289,28.3988,29.7976

757.9270,31.1237,31.0539,31.1258,31.1159,31.2277,26.4496,25.9443,30.3273,31.1294,28.3885,29.7960

758.9270,31.1407,31.0559,31.1569,31.1057,31.2217,26.4775,25.9269,30.3194,31.1362,28.3985,29.8006

759.9280,31.1353,31.0716,31.1467,31.1166,31.2162,26.4556,25.9016,30.3366,31.1373,28.3961,29.7975

760.9280,31.1431,31.0487,31.1140,31.1342,31.2136,26.4701,25.9288,30.3341,31.1307,28.4021,29.7983

761.9270,31.1259,31.0635,31.1330,31.1245,31.2189,26.4669,25.9389,30.3422,31.1332,28.4046,29.8017

762.9270,31.1335,31.0739,31.1340,31.1044,31.2200,26.4603,25.9337,30.3051,31.1332,28.3827,29.7956

763.9280,31.1481,31.0764,31.1295,31.1177,31.2121,26.4661,25.9324,30.3395,31.1368,28.4028,29.8027

764.9270,31.1467,31.0536,31.1180,31.1128,31.1973,26.4755,25.9659,30.3273,31.1257,28.4014,29.7996

765.9270,31.1303,31.0529,31.1083,31.1365,31.2149,26.4708,25.9405,30.3250,31.1286,28.3979,29.7974

766.9270,31.1099,31.0472,31.1144,31.1224,31.2238,26.4607,25.9856,30.3318,31.1235,28.3963,29.7995

767.9270,31.1558,31.0745,31.1121,31.1370,31.2079,26.4800,25.9803,30.3275,31.1375,28.4038,29.8094

768.9270,31.1303,31.0625,31.1207,31.1278,31.2217,26.4864,26.0099,30.3344,31.1326,28.4104,29.8117

769.9270,31.1351,31.0636,31.1327,31.1111,31.2181,26.4658,26.0010,30.3336,31.1321,28.3997,29.8076

770.9280,31.1522,31.0508,31.1292,31.1335,31.2020,26.4792,25.9936,30.3149,31.1335,28.3971,29.8069

771.9270,31.1292,31.0718,31.1263,31.1206,31.2230,26.4636,26.0021,30.3224,31.1342,28.3930,29.8074

772.9270,31.1455,31.0666,31.1418,31.1230,31.2028,26.4597,25.9996,30.3472,31.1359,28.4034,29.8108

773.9270,31.1408,31.0605,31.1225,31.1145,31.2221,26.4521,26.0199,30.3435,31.1321,28.3978,29.8095

774.9270,31.1556,31.0684,31.1389,31.1107,31.2131,26.4708,26.0075,30.3297,31.1373,28.4003,29.8118

775.9270,31.1512,31.0808,31.1353,31.1052,31.2179,26.4772,26.0247,30.3280,31.1381,28.4026,29.8150

776.9270,31.1268,31.0593,31.1255,31.1255,31.2105,26.4678,26.0281,30.3290,31.1295,28.3984,29.8091

777.9280,31.1719,31.0659,31.1298,31.1316,31.2242,26.4650,26.0224,30.3258,31.1447,28.3954,29.8171

778.9280,31.1439,31.0644,31.1443,31.1307,31.2354,26.4685,26.0401,30.3212,31.1437,28.3948,29.8185

779.9270,31.1492,31.0735,31.1327,31.0998,31.2270,26.4662,26.0241,30.3326,31.1364,28.3994,29.8131

780.9270,31.1176,31.0680,31.1333,31.1136,31.2324,26.4737,26.0396,30.3259,31.1330,28.3998,29.8130

781.9270,31.1309,31.0686,31.1292,31.1076,31.2287,26.4804,26.0387,30.3129,31.1330,28.3966,29.8121

782.9270,31.1392,31.0785,31.1475,31.1174,31.2269,26.4698,26.0711,30.3512,31.1419,28.4105,29.8252

783.9270,31.1406,31.0598,31.1307,31.1293,31.2063,26.4604,26.0820,30.3193,31.1333,28.3899,29.8161

784.9270,31.1526,31.0670,31.1318,31.1346,31.2285,26.4833,26.0842,30.3210,31.1429,28.4021,29.8254

785.9270,31.1638,31.0572,31.1243,31.1314,31.2324,26.4672,26.0978,30.3204,31.1418,28.3938,29.8243

786.9270,31.1383,31.0703,31.1356,31.1384,31.2380,26.4737,26.1222,30.3287,31.1441,28.4012,29.8307

787.9270,31.1422,31.0727,31.1385,31.1112,31.2127,26.4630,26.1092,30.3397,31.1355,28.4014,29.8236

788.9270,31.1293,31.0712,31.1281,31.1224,31.2413,26.4646,26.1169,30.3198,31.1385,28.3922,29.8242

789.9270,31.1302,31.0857,31.1529,31.1378,31.2111,26.4712,26.1433,30.3385,31.1435,28.4049,29.8338

790.9270,31.1471,31.0665,31.1327,31.1280,31.2196,26.4543,26.1245,30.3291,31.1388,28.3917,29.8252

791.9270,31.1373,31.0719,31.1437,31.1437,31.2334,26.4817,26.1273,30.3362,31.1460,28.4089,29.8344

792.9280,31.1468,31.0861,31.1552,31.1265,31.2355,26.4765,26.1416,30.3283,31.1500,28.4024,29.8371

793.9270,31.1381,31.0699,31.1464,31.1347,31.2403,26.4871,26.1352,30.3473,31.1459,28.4172,29.8374

794.9270,31.1540,31.0797,31.1591,31.1093,31.2526,26.4669,26.1385,30.3285,31.1510,28.3977,29.8361

795.9270,31.1570,31.0716,31.1402,31.1190,31.2360,26.4717,26.1546,30.3221,31.1447,28.3969,29.8340

796.9270,31.1430,31.0784,31.1625,31.1306,31.2513,26.4421,26.1434,30.3198,31.1532,28.3809,29.8339

797.9270,31.1667,31.1026,31.1293,31.1387,31.2345,26.4937,26.1583,30.3384,31.1544,28.4161,29.8453

798.9270,31.1593,31.0719,31.1602,31.1264,31.2607,26.4684,26.1664,30.3282,31.1557,28.3983,29.8427

799.9270,31.1702,31.0776,31.1237,31.1223,31.2218,26.4816,26.1646,30.3038,31.1431,28.3927,29.8332

800.9270,31.1383,31.0817,31.1437,31.1296,31.2456,26.4624,26.1680,30.3147,31.1478,28.3885,29.8355

801.9280,31.1568,31.0638,31.1380,31.1216,31.2207,26.4965,26.1634,30.3257,31.1402,28.4111,29.8358

802.9270,31.1598,31.0819,31.1448,31.1340,31.2387,26.4821,26.1613,30.3118,31.1518,28.3969,29.8393

803.9270,31.1562,31.0710,31.1344,31.1405,31.2171,26.4737,26.1586,30.3312,31.1439,28.4024,29.8353

804.9270,31.1599,31.0637,31.1534,31.1187,31.2333,26.4822,26.1265,30.3213,31.1458,28.4017,29.8324

805.9270,31.1446,31.0751,31.1267,31.1277,31.2432,26.4768,26.1276,30.3102,31.1435,28.3935,29.8290

806.9270,31.1792,31.0744,31.1415,31.1260,31.2392,26.4662,26.1015,30.3077,31.1521,28.3869,29.8295

807.9270,31.1712,31.0785,31.1476,31.1208,31.2312,26.5021,26.1034,30.3373,31.1499,28.4197,29.8365

808.9280,31.1525,31.0795,31.1585,31.1293,31.2500,26.4780,26.0775,30.3218,31.1540,28.3999,29.8309

809.9270,31.1663,31.1019,31.1817,31.1399,31.2456,26.4697,26.0621,30.3314,31.1671,28.4006,29.8373

810.9270,31.1540,31.0719,31.1527,31.1414,31.2527,26.4824,26.0573,30.3398,31.1546,28.4111,29.8315

811.9270,31.1521,31.0762,31.1386,31.1344,31.2396,26.4730,26.0445,30.3214,31.1482,28.3972,29.8225

812.9270,31.1530,31.0790,31.1447,31.1461,31.2513,26.4828,26.0620,30.2998,31.1548,28.3913,29.8274

813.9270,31.1778,31.0829,31.1548,31.1425,31.2459,26.4865,26.0793,30.3232,31.1608,28.4048,29.8366

814.9290,31.1771,31.0795,31.1377,31.1259,31.2476,26.4735,26.0555,30.3107,31.1536,28.3921,29.8259

815.9280,31.1508,31.0945,31.1372,31.1654,31.2438,26.4829,26.0705,30.3126,31.1583,28.3977,29.8322

816.9280,31.1758,31.0703,31.1520,31.1398,31.2440,26.4708,26.0848,30.3080,31.1564,28.3894,29.8307

817.9270,31.1584,31.0879,31.1527,31.1438,31.2457,26.4717,26.0669,30.3221,31.1577,28.3969,29.8311

818.9270,31.1666,31.0875,31.1453,31.1476,31.2444,26.4813,26.0435,30.3228,31.1583,28.4021,29.8299

819.9270,31.1584,31.0770,31.1465,31.1418,31.2498,26.5066,26.0697,30.3390,31.1547,28.4228,29.8361

820.9270,31.1692,31.0711,31.1533,31.1312,31.2576,26.4783,26.0669,30.3103,31.1565,28.3943,29.8297

821.9280,31.1597,31.0871,31.1609,31.1365,31.2313,26.4772,26.0672,30.3144,31.1551,28.3958,29.8293

822.9270,31.1505,31.0728,31.1282,31.1597,31.2494,26.4898,26.0585,30.3175,31.1521,28.4036,29.8283

823.9270,31.1544,31.0705,31.1597,31.1235,31.2264,26.4761,26.0638,30.3124,31.1469,28.3943,29.8233

824.9280,31.1470,31.0755,31.1581,31.1365,31.2422,26.4819,26.0630,30.3008,31.1518,28.3914,29.8256

825.9270,31.1753,31.0815,31.1613,31.1416,31.2430,26.4703,26.0777,30.3211,31.1605,28.3957,29.8340

826.9270,31.1578,31.0882,31.1493,31.1281,31.2512,26.4645,26.0663,30.3205,31.1549,28.3925,29.8282

827.9270,31.1539,31.0955,31.1584,31.1175,31.2462,26.4903,26.0855,30.3157,31.1543,28.4030,29.8329

828.9270,31.1670,31.0887,31.1484,31.1470,31.2611,26.4756,26.1071,30.3227,31.1624,28.3991,29.8397

829.9270,31.1453,31.0790,31.1509,31.1476,31.2781,26.4774,26.1146,30.3071,31.1602,28.3923,29.8375

830.9280,31.1642,31.0926,31.1588,31.1475,31.2340,26.4974,26.1124,30.3199,31.1594,28.4087,29.8409

831.9270,31.1708,31.0974,31.1584,31.1509,31.2575,26.4978,26.0954,30.3194,31.1670,28.4086,29.8435

832.9270,31.1726,31.0897,31.1508,31.1203,31.2367,26.4714,26.0901,30.3302,31.1540,28.4008,29.8327

833.9270,31.1645,31.0956,31.1642,31.1407,31.2271,26.4930,26.1089,30.3108,31.1584,28.4019,29.8381

834.9270,31.1690,31.0996,31.1789,31.1681,31.2203,26.4645,26.0766,30.3055,31.1672,28.3850,29.8353

835.9270,31.1723,31.0976,31.1709,31.1366,31.2564,26.4814,26.0979,30.3215,31.1668,28.4014,29.8418

836.9280,31.1633,31.0782,31.1650,31.1486,31.2393,26.4860,26.0689,30.3011,31.1589,28.3936,29.8313

837.9270,31.1587,31.0826,31.1582,31.1474,31.2428,26.4772,26.0875,30.3158,31.1579,28.3965,29.8338

838.9270,31.1641,31.0901,31.1469,31.1497,31.2502,26.4859,26.0830,30.2963,31.1602,28.3911,29.8333

839.9270,31.1634,31.0886,31.1637,31.1313,31.2483,26.4706,26.0729,30.3107,31.1591,28.3906,29.8312

840.9280,31.1720,31.0710,31.1569,31.1541,31.2518,26.4727,26.0716,30.3099,31.1612,28.3913,29.8325

841.9270,31.1784,31.0797,31.1732,31.1629,31.2408,26.4790,26.0770,30.2993,31.1670,28.3892,29.8363

842.9270,31.1716,31.0859,31.1789,31.1455,31.2254,26.4699,26.0717,30.3240,31.1615,28.3970,29.8341

843.9270,31.1612,31.0882,31.1671,31.1497,31.2427,26.4788,26.0560,30.3211,31.1618,28.3999,29.8331

844.9270,31.1713,31.0979,31.1609,31.1393,31.2308,26.4818,26.0718,30.3176,31.1600,28.3997,29.8339

845.9270,31.1568,31.0791,31.1651,31.1416,31.2567,26.4819,26.0530,30.3007,31.1599,28.3913,29.8293

846.9270,31.1714,31.0950,31.1622,31.1458,31.2561,26.4758,26.0578,30.3107,31.1661,28.3933,29.8344

847.9270,31.1657,31.1156,31.1654,31.1414,31.2340,26.4994,26.0549,30.3294,31.1644,28.4144,29.8382

848.9270,31.1743,31.0878,31.1573,31.1343,31.2521,26.4929,26.0409,30.3117,31.1611,28.4023,29.8314

849.9270,31.1342,31.0909,31.1660,31.1637,31.2402,26.4998,26.0534,30.3134,31.1590,28.4066,29.8327

850.9270,31.1690,31.0945,31.1546,31.1513,31.2518,26.4829,26.0488,30.3248,31.1643,28.4038,29.8347

851.9270,31.1607,31.0834,31.1539,31.1506,31.2333,26.4683,26.0569,30.3399,31.1564,28.4041,29.8309

852.9270,31.1693,31.0815,31.1534,31.1534,31.2426,26.4878,26.0641,30.2911,31.1600,28.3895,29.8304

853.9270,31.1877,31.0856,31.1457,31.1335,31.2443,26.4842,26.1039,30.3195,31.1594,28.4018,29.8380

854.9270,31.1743,31.0883,31.1611,31.1409,31.2531,26.4901,26.0956,30.3042,31.1636,28.3971,29.8385

855.9280,31.1777,31.1047,31.1611,31.1503,31.2574,26.4817,26.1052,30.3085,31.1703,28.3951,29.8433

856.9270,31.1520,31.0885,31.1678,31.1477,31.2383,26.4828,26.0902,30.3115,31.1589,28.3971,29.8348

857.9270,31.1763,31.0952,31.1661,31.1436,31.2427,26.4869,26.0915,30.3123,31.1648,28.3996,29.8393

858.9270,31.1708,31.0968,31.1611,31.1386,31.2513,26.4912,26.0954,30.3101,31.1637,28.4006,29.8394

859.9270,31.1647,31.1058,31.1753,31.1438,31.2556,26.4775,26.1001,30.3138,31.1690,28.3957,29.8421

860.9270,31.1662,31.0919,31.1445,31.1572,31.2304,26.5003,26.0884,30.3209,31.1580,28.4106,29.8375

861.9270,31.1692,31.1106,31.1510,31.1519,31.2721,26.4750,26.0867,30.2939,31.1710,28.3845,29.8388

862.9270,31.1522,31.1012,31.1420,31.1533,31.2590,26.4970,26.0804,30.3107,31.1615,28.4039,29.8370

863.9270,31.1628,31.0960,31.1660,31.1421,31.2416,26.4983,26.0680,30.3256,31.1617,28.4120,29.8376

864.9280,31.1664,31.1079,31.1534,31.1323,31.2431,26.4948,26.0513,30.3080,31.1606,28.4014,29.8322

865.9270,31.1999,31.0578,31.1771,31.1583,31.2443,26.4983,26.0666,30.3171,31.1675,28.4077,29.8399

866.9270,31.1668,31.1036,31.1496,31.1731,31.2689,26.4858,26.0348,30.3117,31.1724,28.3988,29.8368

867.9270,31.1763,31.1062,31.1761,31.1578,31.2602,26.4902,26.0377,30.3142,31.1753,28.4022,29.8398

868.9270,31.1502,31.1055,31.1557,31.1501,31.2511,26.5059,26.0430,30.3153,31.1625,28.4106,29.8346

869.9270,31.1694,31.0891,31.1422,31.1258,31.2577,26.4865,26.0232,30.3153,31.1568,28.4009,29.8262

870.9270,31.1598,31.1118,31.1583,31.1714,31.2560,26.4948,26.0126,30.3117,31.1714,28.4033,29.8345

871.9280,31.1581,31.1198,31.1663,31.1532,31.2457,26.4784,26.0198,30.3269,31.1686,28.4027,29.8335

872.9270,31.1745,31.0994,31.1647,31.1510,31.2454,26.4724,26.0104,30.3157,31.1670,28.3940,29.8292

873.9270,31.1879,31.0826,31.1756,31.1484,31.2301,26.4999,26.0187,30.3248,31.1649,28.4124,29.8335

874.9280,31.1584,31.1215,31.1563,31.1549,31.2746,26.4840,26.0202,30.3362,31.1731,28.4101,29.8383

875.9270,31.1673,31.0999,31.1704,31.1577,31.2601,26.4863,25.9876,30.2991,31.1711,28.3927,29.8286

876.9270,31.1774,31.1014,31.1653,31.1554,31.2616,26.4922,26.0000,30.3359,31.1722,28.4140,29.8362

877.9270,31.1891,31.0980,31.1689,31.1440,31.2389,26.4917,25.9887,30.3062,31.1677,28.3990,29.8282

878.9270,31.1540,31.0973,31.1710,31.1433,31.2480,26.4876,25.9979,30.3234,31.1627,28.4055,29.8278

879.9270,31.1716,31.1058,31.1730,31.1580,31.2585,26.4817,25.9721,30.3085,31.1734,28.3951,29.8286

880.9270,31.1725,31.0983,31.1754,31.1491,31.2543,26.4892,25.9735,30.3123,31.1699,28.4007,29.8281

881.9270,31.1786,31.0937,31.1782,31.1552,31.2501,26.5099,26.0239,30.3000,31.1711,28.4049,29.8362

882.9270,31.1789,31.1254,31.1846,31.1508,31.2480,26.4781,26.0129,30.3210,31.1775,28.3995,29.8375

883.9270,31.1820,31.0955,31.1514,31.1557,31.2679,26.4940,26.0288,30.3119,31.1705,28.4030,29.8359

884.9280,31.1941,31.1045,31.1698,31.1684,31.2440,26.4821,26.0763,30.3179,31.1761,28.4000,29.8446

885.9270,31.1680,31.0977,31.1799,31.1616,31.2564,26.4860,26.0628,30.3058,31.1727,28.3959,29.8398

886.9270,31.1785,31.1071,31.1672,31.1790,31.2621,26.4862,26.1040,30.3243,31.1788,28.4052,29.8511

887.9270,31.1578,31.0945,31.1720,31.1701,31.2514,26.4923,26.1701,30.3004,31.1692,28.3964,29.8511

888.9280,31.1767,31.0980,31.1849,31.1760,31.2784,26.4967,26.2089,30.2887,31.1828,28.3927,29.8635

889.9270,31.1795,31.1052,31.1827,31.1451,31.2437,26.4877,26.2320,30.3164,31.1712,28.4020,29.8615

890.9280,31.1820,31.1158,31.1764,31.1637,31.2670,26.4888,26.2841,30.3006,31.1810,28.3947,29.8723

891.9270,31.1731,31.1059,31.1759,31.1688,31.2430,26.5034,26.2775,30.2954,31.1733,28.3994,29.8679

892.9280,31.1829,31.1170,31.1729,31.1546,31.2513,26.4690,26.2968,30.3250,31.1758,28.3970,29.8712

893.9270,31.1721,31.1031,31.1684,31.1571,31.2464,26.4822,26.3062,30.2935,31.1694,28.3878,29.8661

894.9270,31.1789,31.0962,31.1863,31.1568,31.2709,26.5022,26.3206,30.3144,31.1778,28.4083,29.8783

895.9270,31.1785,31.1069,31.1765,31.1567,31.2535,26.4933,26.3230,30.2891,31.1744,28.3912,29.8722

896.9280,31.1790,31.0912,31.1503,31.1602,31.2607,26.5056,26.3188,30.3037,31.1683,28.4046,29.8712

897.9270,31.1830,31.1023,31.1568,31.1629,31.2545,26.4940,26.3313,30.3321,31.1719,28.4131,29.8771

898.9270,31.1709,31.1240,31.1832,31.1743,31.2612,26.4951,26.3352,30.3195,31.1827,28.4073,29.8829

899.9270,31.1924,31.1093,31.1675,31.1685,31.2469,26.4973,26.3228,30.3011,31.1769,28.3992,29.8757

900.9270,31.1598,31.1361,31.1628,31.1562,31.2685,26.4793,26.3344,30.3122,31.1767,28.3957,29.8762

901.9270,31.1927,31.1179,31.1691,31.1676,31.2649,26.5033,26.3382,30.3108,31.1824,28.4071,29.8831

902.9270,31.1840,31.1204,31.1800,31.1561,31.2631,26.5021,26.3483,30.3059,31.1807,28.4040,29.8825

903.9280,31.1785,31.1136,31.1774,31.1399,31.2817,26.4744,26.3385,30.2919,31.1782,28.3831,29.8745

904.9270,31.1882,31.1095,31.1992,31.1767,31.2410,26.4941,26.3214,30.3186,31.1829,28.4063,29.8811

905.9270,31.1846,31.1325,31.1860,31.1663,31.2325,26.4862,26.3240,30.3159,31.1804,28.4011,29.8785

906.9270,31.1754,31.1042,31.1704,31.1727,31.2840,26.4935,26.3652,30.2837,31.1813,28.3886,29.8811

907.9270,31.1850,31.1257,31.1731,31.1595,31.2502,26.5051,26.3480,30.3201,31.1787,28.4126,29.8833

908.9270,31.1923,31.1169,31.1845,31.1718,31.2460,26.4864,26.3675,30.3104,31.1823,28.3984,29.8845

909.9280,31.1568,31.1111,31.1778,31.1670,31.2642,26.4961,26.3678,30.3102,31.1754,28.4031,29.8814

910.9280,31.1823,31.1173,31.1722,31.1657,31.2662,26.5028,26.3410,30.3037,31.1807,28.4033,29.8814

911.9270,31.1796,31.1016,31.1772,31.1655,31.2650,26.4855,26.3463,30.3076,31.1778,28.3965,29.8785

912.9270,31.1868,31.0947,31.1769,31.1544,31.2638,26.5007,26.3238,30.3105,31.1753,28.4056,29.8765

913.9280,31.1662,31.1270,31.1575,31.1786,31.2467,26.5121,26.3074,30.3050,31.1752,28.4086,29.8751

914.9270,31.1799,31.1080,31.1822,31.1620,31.2574,26.4928,26.2909,30.3140,31.1779,28.4034,29.8734

915.9270,31.2049,31.1121,31.1722,31.1704,31.2624,26.4896,26.2561,30.3179,31.1844,28.4038,29.8732

916.9270,31.1744,31.1112,31.1648,31.1657,31.2582,26.5010,26.2410,30.3160,31.1749,28.4085,29.8665

917.9270,31.1755,31.0944,31.1977,31.1578,31.2653,26.5007,26.2256,30.3016,31.1781,28.4011,29.8648

918.9270,31.1852,31.1014,31.1930,31.1695,31.2855,26.5137,26.2174,30.3108,31.1869,28.4123,29.8721

919.9270,31.1751,31.1152,31.1753,31.1457,31.2598,26.4913,26.2035,30.3130,31.1742,28.4022,29.8599

920.9280,31.1866,31.0896,31.1704,31.1680,31.2554,26.5028,26.1834,30.3075,31.1740,28.4052,29.8580

921.9270,31.1912,31.1205,31.1778,31.1656,31.2539,26.4867,26.1635,30.3154,31.1818,28.4011,29.8594

922.9270,31.1877,31.1163,31.1821,31.1741,31.2553,26.4842,26.1478,30.3185,31.1831,28.4013,29.8583

923.9280,31.1919,31.1205,31.1797,31.1421,31.2539,26.4969,26.1289,30.3114,31.1776,28.4042,29.8531

924.9270,31.2042,31.1083,31.1736,31.1614,31.2591,26.4861,26.1082,30.3026,31.1813,28.3944,29.8504

925.9270,31.1757,31.1235,31.1756,31.1798,31.2737,26.4924,26.1084,30.3103,31.1857,28.4014,29.8549

926.9270,31.1821,31.1158,31.1820,31.1689,31.2745,26.5068,26.0888,30.3063,31.1847,28.4066,29.8532

927.9270,31.1808,31.0865,31.1908,31.1570,31.2800,26.4989,26.0813,30.3153,31.1790,28.4071,29.8488

928.9270,31.2043,31.1114,31.1762,31.1767,31.2796,26.5018,26.0795,30.3149,31.1896,28.4083,29.8555

929.9280,31.1860,31.1054,31.1796,31.1838,31.2763,26.4919,26.0508,30.2985,31.1862,28.3952,29.8465

930.9280,31.1811,31.0997,31.1927,31.1796,31.2758,26.4737,26.0854,30.3138,31.1858,28.3938,29.8502

931.9270,31.1987,31.1296,31.1813,31.1973,31.2710,26.5075,26.0819,30.3008,31.1956,28.4041,29.8585

932.9270,31.1881,31.1278,31.1940,31.1700,31.2541,26.5138,26.0740,30.2987,31.1868,28.4062,29.8526

933.9270,31.1995,31.1243,31.1914,31.1773,31.2750,26.5016,26.0926,30.2988,31.1935,28.4002,29.8576

934.9270,31.1684,31.1159,31.1919,31.1924,31.2694,26.4780,26.1199,30.3142,31.1876,28.3961,29.8563

935.9270,31.1789,31.1010,31.1710,31.1785,31.2682,26.4980,26.1375,30.3266,31.1795,28.4123,29.8575

936.9270,31.2019,31.1150,31.1986,31.1714,31.2691,26.4881,26.1276,30.3027,31.1912,28.3954,29.8593

937.9280,31.2127,31.1315,31.1892,31.1611,31.2789,26.4908,26.1884,30.2913,31.1947,28.3911,29.8680

938.9270,31.1851,31.1113,31.1846,31.1916,31.2630,26.5000,26.1527,30.3225,31.1871,28.4113,29.8639

939.9280,31.1767,31.1199,31.1852,31.1584,31.2786,26.4995,26.1631,30.2854,31.1837,28.3925,29.8583

940.9280,31.1943,31.1191,31.1801,31.1731,31.2736,26.4842,26.1501,30.2908,31.1880,28.3875,29.8581

941.9270,31.1922,31.1184,31.1936,31.1865,31.2654,26.4986,26.1716,30.2991,31.1913,28.3988,29.8657

942.9270,31.1952,31.1066,31.1846,31.1724,31.2785,26.4808,26.1765,30.3039,31.1874,28.3924,29.8623

943.9270,31.1881,31.1462,31.1936,31.1730,31.2805,26.5006,26.1793,30.3025,31.1963,28.4015,29.8705

944.9270,31.1928,31.1258,31.1907,31.1615,31.2710,26.4775,26.1831,30.3151,31.1884,28.3963,29.8647

945.9270,31.1870,31.1231,31.2025,31.1870,31.2907,26.4726,26.2160,30.2995,31.1981,28.3860,29.8723

946.9270,31.2014,31.0997,31.1875,31.1861,31.2772,26.5003,26.2172,30.3002,31.1904,28.4003,29.8712

947.9270,31.2026,31.1145,31.1807,31.1666,31.2788,26.5081,26.2108,30.2963,31.1886,28.4022,29.8698

948.9270,31.1909,31.1378,31.1819,31.1674,31.2806,26.4940,26.2165,30.3128,31.1917,28.4034,29.8727

949.9270,31.1778,31.1313,31.1947,31.1877,31.2741,26.4855,26.2256,30.3015,31.1931,28.3935,29.8723

950.9270,31.1985,31.1152,31.1932,31.1702,31.2923,26.5096,26.2195,30.2959,31.1939,28.4028,29.8743

951.9270,31.2079,31.1308,31.1961,31.1886,31.2585,26.4828,26.2351,30.3068,31.1964,28.3948,29.8758

952.9270,31.2087,31.1246,31.1950,31.1669,31.2589,26.4911,26.2410,30.3052,31.1908,28.3981,29.8739

953.9280,31.1887,31.1156,31.1969,31.1875,31.2744,26.4936,26.2252,30.3148,31.1926,28.4042,29.8746

954.9280,31.2108,31.1079,31.2070,31.1774,31.2844,26.5031,26.1828,30.3144,31.1975,28.4088,29.8735

955.9270,31.1893,31.1227,31.1988,31.1659,31.2716,26.5127,26.1588,30.3131,31.1897,28.4129,29.8666

956.9270,31.1944,31.1262,31.1910,31.1614,31.2690,26.5027,26.1559,30.2971,31.1884,28.3999,29.8622

957.9280,31.2054,31.1261,31.1918,31.1646,31.2726,26.5038,26.1325,30.3212,31.1921,28.4125,29.8647

958.9270,31.2093,31.1390,31.1823,31.1827,31.2828,26.4908,26.1308,30.3110,31.1992,28.4009,29.8661

959.9270,31.2126,31.1156,31.1922,31.1607,31.2753,26.5021,26.1247,30.3049,31.1913,28.4035,29.8610

960.9270,31.1956,31.1056,31.1906,31.1779,31.2761,26.4865,26.1312,30.3236,31.1892,28.4051,29.8609

961.9270,31.1937,31.1347,31.2033,31.1784,31.2751,26.5071,26.1382,30.2982,31.1970,28.4026,29.8661

962.9270,31.1822,31.1165,31.2071,31.1832,31.2950,26.4980,26.1456,30.2999,31.1968,28.3989,29.8659

963.9280,31.2028,31.1305,31.1944,31.1789,31.2578,26.5017,26.1530,30.3167,31.1929,28.4092,29.8670

964.9270,31.1874,31.1310,31.1911,31.1841,31.2850,26.5117,26.1474,30.3252,31.1957,28.4185,29.8704

965.9270,31.2030,31.1295,31.2051,31.1553,31.2864,26.5028,26.1277,30.3112,31.1959,28.4070,29.8651

966.9270,31.2028,31.1334,31.2118,31.1907,31.2785,26.4937,26.1332,30.3322,31.2034,28.4130,29.8720

967.9270,31.2104,31.1355,31.1886,31.1886,31.2928,26.4913,26.1125,30.3050,31.2032,28.3982,29.8656

968.9270,31.2042,31.1191,31.2140,31.1910,31.2835,26.5130,26.1030,30.3153,31.2024,28.4141,29.8679

969.9280,31.1962,31.1078,31.2140,31.1769,31.2577,26.5168,26.0926,30.3012,31.1905,28.4090,29.8579

970.9270,31.2128,31.1365,31.2051,31.1759,31.2849,26.4942,26.0729,30.3107,31.2030,28.4025,29.8616

971.9270,31.1944,31.1218,31.1970,31.1885,31.2885,26.5150,26.0913,30.3102,31.1980,28.4126,29.8633

972.9270,31.1839,31.1442,31.1781,31.1865,31.2804,26.4940,26.0632,30.3001,31.1946,28.3971,29.8538

973.9270,31.1930,31.1337,31.1971,31.1849,31.2915,26.5418,26.0507,30.3106,31.2001,28.4262,29.8629

974.9270,31.2024,31.1393,31.1994,31.1895,31.2900,26.4946,26.0677,30.3135,31.2041,28.4041,29.8621

975.9270,31.1878,31.1226,31.1893,31.2077,31.2856,26.4885,26.0346,30.3107,31.1986,28.3996,29.8534

976.9270,31.2150,31.1146,31.2085,31.1775,31.2738,26.4842,26.0483,30.3120,31.1979,28.3981,29.8543

977.9290,31.2120,31.1363,31.1833,31.1809,31.2932,26.4906,26.0552,30.3090,31.2011,28.3998,29.8576

978.9270,31.2180,31.1208,31.2255,31.1940,31.2861,26.5131,26.0508,30.3291,31.2089,28.4211,29.8672

979.9270,31.2051,31.1463,31.2046,31.1895,31.2783,26.4946,26.0657,30.3186,31.2048,28.4066,29.8628

980.9270,31.1959,31.1131,31.2211,31.1661,31.2671,26.5202,26.0928,30.3201,31.1927,28.4202,29.8621

981.9270,31.2114,31.1110,31.1828,31.1899,31.2772,26.5098,26.0965,30.3093,31.1945,28.4096,29.8610

982.9270,31.2010,31.1345,31.2021,31.1833,31.2913,26.5078,26.1139,30.3280,31.2024,28.4179,29.8702

983.9270,31.1983,31.1313,31.2013,31.1877,31.2835,26.4981,26.0890,30.3075,31.2004,28.4028,29.8621

984.9270,31.2084,31.1320,31.2024,31.1902,31.2841,26.5154,26.1256,30.3064,31.2034,28.4109,29.8706

985.9270,31.2161,31.1423,31.2015,31.1897,31.3090,26.5127,26.1381,30.3075,31.2117,28.4101,29.8771

986.9270,31.2022,31.1239,31.2042,31.1769,31.2723,26.4982,26.1538,30.3053,31.1959,28.4017,29.8671

987.9280,31.2045,31.1317,31.2134,31.1960,31.2904,26.5142,26.1590,30.3109,31.2072,28.4125,29.8775

988.9270,31.2076,31.1241,31.1838,31.1922,31.2894,26.5032,26.1871,30.2956,31.1994,28.3994,29.8729

989.9270,31.2081,31.1514,31.2172,31.1791,31.2989,26.5245,26.1706,30.3267,31.2109,28.4256,29.8846

990.9270,31.1978,31.1269,31.1856,31.1716,31.2871,26.5311,26.2051,30.2990,31.1938,28.4151,29.8755

991.9280,31.2069,31.1274,31.2203,31.1879,31.2931,26.5016,26.1949,30.3222,31.2071,28.4119,29.8818

992.9270,31.2078,31.1285,31.2098,31.1966,31.3136,26.4949,26.1854,30.3123,31.2113,28.4036,29.8811

993.9270,31.1983,31.1522,31.2123,31.1935,31.2987,26.4863,26.2268,30.3094,31.2110,28.3978,29.8847

994.9270,31.2119,31.1360,31.1999,31.1679,31.2708,26.5320,26.1994,30.3075,31.1973,28.4197,29.8782

995.9270,31.2227,31.1341,31.1923,31.1872,31.3032,26.5231,26.1890,30.3098,31.2079,28.4164,29.8827

996.9270,31.1971,31.1322,31.2092,31.1824,31.2970,26.5144,26.1813,30.3134,31.2036,28.4139,29.8784

997.9270,31.2180,31.1098,31.2000,31.2033,31.2704,26.5141,26.1740,30.3164,31.2003,28.4153,29.8758

998.9270,31.1982,31.1393,31.2041,31.1970,31.2966,26.5197,26.1791,30.3088,31.2070,28.4143,29.8804

999.9280,31.1995,31.1234,31.1869,31.1944,31.2883,26.5290,26.1771,30.3134,31.1985,28.4212,29.8765

1000.9270,31.2085,31.1301,31.1963,31.2066,31.2972,26.5140,26.1805,30.3125,31.2077,28.4133,29.8807

1001.9280,31.2187,31.1561,31.1857,31.1899,31.2900,26.5068,26.1784,30.3115,31.2081,28.4091,29.8796

1002.9280,31.2077,31.1317,31.2068,31.1881,31.3003,26.5180,26.1962,30.3099,31.2069,28.4139,29.8823

1003.9280,31.2028,31.1298,31.2030,31.1932,31.2913,26.5088,26.1908,30.3111,31.2040,28.4099,29.8789

1004.9280,31.2041,31.1216,31.1855,31.1799,31.2916,26.4987,26.2124,30.3142,31.1965,28.4065,29.8760

1005.9270,31.2044,31.1310,31.2028,31.1991,31.2982,26.5080,26.2183,30.2976,31.2071,28.4028,29.8824

1006.9270,31.2002,31.1404,31.1934,31.1977,31.3066,26.5005,26.2188,30.2986,31.2076,28.3995,29.8820

1007.9270,31.2119,31.1383,31.1965,31.1951,31.2886,26.5197,26.2272,30.3079,31.2061,28.4138,29.8856

1008.9280,31.2030,31.1550,31.1916,31.1724,31.2827,26.5052,26.2617,30.3244,31.2009,28.4148,29.8870

1009.9280,31.2289,31.1557,31.2065,31.1872,31.2727,26.5123,26.2632,30.3127,31.2102,28.4125,29.8924

1010.9280,31.2077,31.1549,31.1967,31.1929,31.2967,26.5316,26.2707,30.3253,31.2098,28.4285,29.8971

1011.9270,31.2006,31.1645,31.2115,31.1922,31.3059,26.5117,26.3070,30.2957,31.2149,28.4037,29.8986

1012.9280,31.2200,31.1664,31.2180,31.1946,31.3120,26.4883,26.3293,30.3151,31.2222,28.4017,29.9055

1013.9280,31.2104,31.1727,31.2174,31.2009,31.3094,26.4994,26.3598,30.3041,31.2222,28.4018,29.9093

1014.9270,31.2218,31.1625,31.2353,31.1987,31.3118,26.5250,26.3632,30.3070,31.2260,28.4160,29.9157

1015.9270,31.2309,31.1879,31.2193,31.2268,31.3208,26.5054,26.3728,30.3237,31.2371,28.4145,29.9235

1016.9270,31.2339,31.1749,31.2266,31.2012,31.3515,26.4980,26.3565,30.3159,31.2376,28.4070,29.9198

1017.9270,31.2580,31.1707,31.2317,31.2036,31.3083,26.5175,26.3533,30.3198,31.2345,28.4187,29.9204

1018.9270,31.2355,31.1883,31.2427,31.2094,31.3414,26.5170,26.3349,30.3066,31.2435,28.4118,29.9220

1019.9270,31.2597,31.1809,31.2279,31.1983,31.3377,26.5169,26.2975,30.2914,31.2409,28.4042,29.9138

1020.9270,31.2377,31.1959,31.2391,31.2349,31.3499,26.5174,26.3074,30.3168,31.2515,28.4171,29.9249

1021.9270,31.2397,31.1959,31.2645,31.2363,31.3387,26.5170,26.3236,30.2906,31.2550,28.4038,29.9258

1022.9270,31.2490,31.1971,31.2539,31.2168,31.3229,26.5080,26.3207,30.3145,31.2479,28.4112,29.9229

1023.9270,31.2659,31.2078,31.2759,31.2360,31.3393,26.5235,26.3093,30.3112,31.2650,28.4174,29.9336

1024.9280,31.2744,31.2189,31.2598,31.2241,31.3410,26.5269,26.3401,30.3047,31.2636,28.4158,29.9362

1025.9270,31.2808,31.2164,31.2530,31.2478,31.3535,26.5408,26.3290,30.3172,31.2703,28.4290,29.9423

1026.9280,31.2718,31.2114,31.2654,31.2433,31.3640,26.5319,26.3507,30.3045,31.2712,28.4182,29.9429

1027.9280,31.2804,31.2104,31.2668,31.2592,31.3649,26.5319,26.3678,30.3125,31.2763,28.4222,29.9492

1028.9270,31.2695,31.1992,31.2499,31.2612,31.3758,26.5328,26.3851,30.3186,31.2711,28.4257,29.9490

1029.9280,31.2719,31.2211,31.2901,31.2521,31.3559,26.5136,26.3824,30.3201,31.2782,28.4168,29.9509

1030.9280,31.2753,31.2285,31.2642,31.2698,31.3562,26.5240,26.4098,30.3075,31.2788,28.4157,29.9544

1031.9270,31.2862,31.2357,31.2530,31.2620,31.3587,26.5407,26.4227,30.3245,31.2791,28.4326,29.9604

1032.9270,31.2901,31.2259,31.2842,31.2574,31.3645,26.5384,26.4252,30.3148,31.2844,28.4266,29.9626

1033.9270,31.2950,31.2118,31.2738,31.2630,31.3522,26.5282,26.4264,30.3093,31.2791,28.4188,29.9574

1034.9270,31.2730,31.2425,31.2819,31.2716,31.3617,26.5378,26.4279,30.3212,31.2861,28.4295,29.9647

1035.9280,31.2816,31.2274,31.2814,31.2697,31.3660,26.5393,26.4469,30.3067,31.2852,28.4230,29.9649

1036.9270,31.2945,31.2205,31.2712,31.2680,31.3741,26.5310,26.4598,30.3088,31.2857,28.4199,29.9660

1037.9270,31.3131,31.2364,31.2777,31.2552,31.3857,26.5266,26.4648,30.3312,31.2936,28.4289,29.9738

1038.9270,31.3001,31.2241,31.2927,31.2922,31.3735,26.5282,26.4877,30.3013,31.2965,28.4148,29.9750

1039.9270,31.2848,31.2397,31.2815,31.2688,31.3764,26.5293,26.4930,30.3306,31.2903,28.4300,29.9755

1040.9270,31.2970,31.2497,31.3136,31.2568,31.3887,26.5364,26.5071,30.3212,31.3012,28.4288,29.9838

1041.9270,31.3001,31.2393,31.2942,31.2721,31.3783,26.5466,26.5277,30.3219,31.2968,28.4342,29.9850

1042.9270,31.2903,31.2349,31.3011,31.2880,31.3735,26.5344,26.5386,30.3168,31.2976,28.4256,29.9847

1043.9270,31.3145,31.2475,31.2879,31.2940,31.3884,26.5308,26.5294,30.3194,31.3065,28.4251,29.9890

1044.9280,31.3218,31.2526,31.2959,31.3081,31.3808,26.5132,26.5453,30.3249,31.3118,28.4190,29.9928

1045.9270,31.3030,31.2477,31.3393,31.3003,31.3834,26.5339,26.5401,30.3131,31.3148,28.4235,29.9951

1046.9270,31.3361,31.2562,31.3064,31.3046,31.3900,26.5337,26.5059,30.3110,31.3187,28.4224,29.9930

1047.9270,31.3140,31.2476,31.3157,31.2941,31.4096,26.5629,26.5313,30.3260,31.3162,28.4445,30.0002

1048.9280,31.3254,31.2704,31.3347,31.3047,31.4028,26.5272,26.5295,30.2942,31.3276,28.4107,29.9986

1049.9290,31.3265,31.2453,31.3026,31.2838,31.4111,26.5405,26.5410,30.2986,31.3138,28.4195,29.9937

1050.9270,31.3185,31.2736,31.3130,31.2914,31.4083,26.5292,26.5387,30.3211,31.3210,28.4252,29.9992

1051.9270,31.3358,31.2487,31.3046,31.3060,31.4041,26.5404,26.5296,30.3154,31.3198,28.4279,29.9981

1052.9270,31.3182,31.2817,31.3277,31.3009,31.4239,26.5407,26.5218,30.3104,31.3305,28.4256,30.0032

1053.9280,31.3458,31.2621,31.3283,31.3071,31.3954,26.5387,26.4722,30.3155,31.3277,28.4271,29.9956

1054.9270,31.3420,31.2545,31.3216,31.2967,31.4043,26.5274,26.4510,30.3296,31.3238,28.4285,29.9909

1055.9280,31.3343,31.2506,31.3281,31.2990,31.4145,26.5508,26.4248,30.3149,31.3253,28.4328,29.9896

1056.9270,31.3287,31.2658,31.3344,31.3039,31.4222,26.5206,26.4041,30.3181,31.3310,28.4194,29.9872

1057.9270,31.3404,31.2692,31.3509,31.3199,31.4246,26.5498,26.3861,30.3163,31.3410,28.4330,29.9947

1058.9270,31.3328,31.2687,31.3552,31.3115,31.4223,26.5719,26.3704,30.3246,31.3381,28.4482,29.9947

1059.9270,31.3349,31.2756,31.3221,31.3057,31.4545,26.5476,26.3877,30.3310,31.3386,28.4393,29.9949

1060.9270,31.3334,31.2980,31.3464,31.3168,31.4187,26.5725,26.3744,30.3078,31.3427,28.4402,29.9960

1061.9280,31.3513,31.2656,31.3337,31.3422,31.3938,26.5338,26.3673,30.3149,31.3373,28.4244,29.9878

1062.9270,31.3447,31.2914,31.3280,31.3454,31.4210,26.5470,26.3291,30.3304,31.3461,28.4387,29.9921

1063.9270,31.3550,31.3070,31.3493,31.3164,31.4296,26.5701,26.3522,30.3168,31.3514,28.4435,29.9995

1064.9270,31.3660,31.2914,31.3308,31.3252,31.4515,26.5415,26.3368,30.3395,31.3530,28.4405,29.9978

1065.9270,31.3321,31.2903,31.3514,31.3218,31.4321,26.5400,26.2975,30.3041,31.3455,28.4221,29.9837

1066.9280,31.3581,31.2949,31.3526,31.3446,31.4357,26.5501,26.2987,30.3170,31.3572,28.4336,29.9940

1067.9270,31.3443,31.2732,31.3413,31.3352,31.4155,26.5565,26.2895,30.3248,31.3419,28.4407,29.9850

1068.9270,31.3627,31.3008,31.3421,31.3158,31.4262,26.5529,26.2599,30.3141,31.3495,28.4335,29.9843

1069.9290,31.3645,31.3056,31.3573,31.3249,31.4366,26.5396,26.2674,30.3268,31.3578,28.4332,29.9904

1070.9270,31.3554,31.3061,31.3727,31.3436,31.4446,26.5498,26.2616,30.3271,31.3645,28.4384,29.9951

1071.9270,31.3644,31.2910,31.3656,31.3450,31.4407,26.5503,26.2758,30.3201,31.3613,28.4352,29.9941

1072.9280,31.3818,31.3018,31.3370,31.3525,31.4399,26.5588,26.2673,30.3121,31.3626,28.4355,29.9939

1073.9270,31.3697,31.3068,31.3538,31.3383,31.4641,26.5434,26.2830,30.3004,31.3666,28.4219,29.9949

1074.9280,31.3582,31.3018,31.3567,31.3614,31.4605,26.5620,26.3006,30.3265,31.3677,28.4442,30.0035

1075.9270,31.3420,31.3041,31.3600,31.3365,31.4529,26.5424,26.2985,30.3352,31.3591,28.4388,29.9964

1076.9280,31.3843,31.3082,31.3617,31.3424,31.4420,26.5665,26.3259,30.3235,31.3677,28.4450,30.0068

1077.9280,31.3738,31.3058,31.3598,31.3514,31.4584,26.5291,26.3475,30.3300,31.3699,28.4296,30.0070

1078.9270,31.3910,31.3195,31.3721,31.3552,31.4594,26.5596,26.3615,30.3222,31.3794,28.4409,30.0176

1079.9270,31.3729,31.3165,31.3724,31.3461,31.4541,26.5574,26.3801,30.3276,31.3724,28.4425,30.0159

1080.9280,31.3796,31.3153,31.3838,31.3420,31.4618,26.5722,26.3868,30.3273,31.3765,28.4498,30.0211

1081.9270,31.3722,31.3254,31.3690,31.3611,31.4583,26.5737,26.4025,30.3241,31.3772,28.4489,30.0233

1082.9280,31.3807,31.3236,31.3865,31.3719,31.4860,26.5639,26.4134,30.3209,31.3897,28.4424,30.0309

1083.9280,31.3903,31.3187,31.3755,31.3525,31.4642,26.5678,26.4315,30.3140,31.3802,28.4409,30.0268

1084.9270,31.3996,31.2858,31.3712,31.3553,31.4604,26.5475,26.4347,30.3308,31.3745,28.4391,30.0232

1085.9270,31.3718,31.3341,31.3838,31.3810,31.4594,26.5757,26.4554,30.3228,31.3860,28.4492,30.0355

1086.9280,31.3857,31.3399,31.3686,31.3775,31.4700,26.5717,26.4920,30.3272,31.3883,28.4495,30.0416

1087.9280,31.3816,31.3198,31.3770,31.3686,31.4794,26.5530,26.5044,30.3147,31.3853,28.4339,30.0373

1088.9270,31.3854,31.3429,31.3894,31.3725,31.4814,26.5818,26.5559,30.3270,31.3943,28.4544,30.0545

1089.9270,31.3822,31.3308,31.3683,31.3805,31.4745,26.5696,26.5790,30.2993,31.3873,28.4344,30.0480

1090.9270,31.3879,31.3215,31.4004,31.3727,31.4769,26.5621,26.5715,30.3120,31.3918,28.4371,30.0506

1091.9270,31.3924,31.3306,31.3987,31.3738,31.4645,26.5700,26.5988,30.3223,31.3920,28.4461,30.0564

1092.9270,31.4180,31.3213,31.3772,31.3866,31.4852,26.5546,26.5867,30.3159,31.3977,28.4353,30.0557

1093.9270,31.3803,31.3438,31.3903,31.3870,31.4663,26.5550,26.5866,30.3083,31.3936,28.4317,30.0522

1094.9280,31.3824,31.3475,31.3968,31.3729,31.4752,26.5599,26.6094,30.3169,31.3950,28.4384,30.0576

1095.9270,31.3968,31.3335,31.3992,31.3879,31.4776,26.5824,26.6116,30.3101,31.3990,28.4462,30.0624

1096.9270,31.3951,31.3421,31.3825,31.3830,31.4783,26.5712,26.6080,30.3113,31.3962,28.4413,30.0589

1097.9270,31.4092,31.3375,31.3850,31.3873,31.4850,26.5594,26.6363,30.3174,31.4008,28.4384,30.0646

1098.9270,31.4248,31.3429,31.3871,31.3767,31.4876,26.5846,26.6294,30.3274,31.4038,28.4560,30.0701

1099.9270,31.4072,31.3540,31.4089,31.3869,31.4972,26.5660,26.6344,30.3310,31.4109,28.4485,30.0732

1100.9270,31.3850,31.3604,31.4013,31.3764,31.4994,26.5758,26.6362,30.3266,31.4045,28.4512,30.0701

1101.9270,31.4059,31.3593,31.4063,31.3987,31.5006,26.5501,26.6496,30.3311,31.4142,28.4406,30.0752

1102.9280,31.4019,31.3470,31.4118,31.3991,31.4874,26.5842,26.6398,30.3110,31.4094,28.4476,30.0728

1103.9270,31.3960,31.3681,31.4249,31.3967,31.4991,26.5854,26.6500,30.3352,31.4170,28.4603,30.0819

1104.9280,31.4234,31.3434,31.4148,31.3932,31.5124,26.5695,26.6558,30.3222,31.4174,28.4459,30.0793

1105.9270,31.4268,31.3475,31.4193,31.3893,31.5006,26.5587,26.6583,30.3068,31.4167,28.4328,30.0759

1106.9280,31.4177,31.3612,31.4119,31.3903,31.4824,26.5765,26.6430,30.3132,31.4127,28.4449,30.0745

1107.9270,31.4192,31.3786,31.3842,31.3861,31.5044,26.5700,26.6445,30.3072,31.4145,28.4386,30.0743

1108.9270,31.4211,31.3579,31.4245,31.3827,31.4959,26.5842,26.6271,30.3252,31.4164,28.4547,30.0773

1109.9270,31.4146,31.3621,31.4284,31.4077,31.5058,26.5706,26.6366,30.2951,31.4237,28.4329,30.0776

1110.9270,31.4347,31.3504,31.4213,31.3973,31.5086,26.5544,26.6375,30.3115,31.4225,28.4330,30.0770

1111.9270,31.4326,31.3822,31.4165,31.3996,31.4973,26.5863,26.6358,30.3319,31.4256,28.4591,30.0853

1112.9270,31.4269,31.3632,31.4257,31.4163,31.5243,26.5863,26.6584,30.3206,31.4313,28.4534,30.0902

1113.9280,31.4321,31.3661,31.4145,31.4098,31.5314,26.5844,26.6433,30.3272,31.4308,28.4558,30.0886

1114.9270,31.4329,31.4001,31.4307,31.4236,31.5053,26.5862,26.6338,30.3116,31.4385,28.4489,30.0905

1115.9280,31.4199,31.3676,31.4427,31.4117,31.4911,26.5806,26.6452,30.3202,31.4266,28.4504,30.0849

1116.9270,31.4395,31.3781,31.4284,31.4119,31.5232,26.5711,26.6442,30.3229,31.4362,28.4470,30.0899

1117.9280,31.4347,31.3956,31.4181,31.4200,31.5205,26.5941,26.6285,30.3120,31.4378,28.4530,30.0904

1118.9280,31.4366,31.3671,31.4305,31.4132,31.5010,26.5870,26.6559,30.3331,31.4297,28.4600,30.0905

1119.9270,31.4267,31.3733,31.4597,31.4137,31.5203,26.5846,26.6317,30.3090,31.4387,28.4468,30.0899

1120.9270,31.4244,31.3835,31.4323,31.4215,31.5309,26.5898,26.6318,30.3129,31.4385,28.4514,30.0909

1121.9270,31.4583,31.4031,31.4252,31.4275,31.5059,26.5843,26.6149,30.3200,31.4440,28.4522,30.0924

1122.9280,31.4347,31.3777,31.4476,31.4152,31.5298,26.5644,26.5908,30.3218,31.4410,28.4431,30.0853

1123.9270,31.4481,31.3859,31.4417,31.4258,31.5394,26.5840,26.5675,30.3075,31.4482,28.4457,30.0875

1124.9270,31.4548,31.4004,31.4661,31.4234,31.5164,26.5883,26.5534,30.3095,31.4522,28.4489,30.0890

1125.9280,31.4383,31.4135,31.4454,31.4172,31.5294,26.5821,26.5118,30.3150,31.4488,28.4486,30.0816

1126.9270,31.4463,31.4074,31.4707,31.4487,31.5304,26.5930,26.5152,30.3127,31.4607,28.4529,30.0905

1127.9270,31.4402,31.3923,31.4491,31.4538,31.5228,26.5949,26.5265,30.3386,31.4516,28.4668,30.0898

1128.9270,31.4598,31.3945,31.4471,31.4372,31.5199,26.5839,26.4612,30.3356,31.4517,28.4597,30.0799

1129.9280,31.4404,31.4073,31.4444,31.4204,31.5510,26.5829,26.4508,30.3238,31.4527,28.4533,30.0776

1130.9270,31.4629,31.3928,31.4496,31.4406,31.5374,26.5908,26.4620,30.3180,31.4566,28.4544,30.0818

1131.9270,31.4616,31.4088,31.4694,31.4638,31.5333,26.5758,26.4319,30.3356,31.4674,28.4557,30.0850

1132.9280,31.4703,31.4061,31.4577,31.4385,31.5324,26.5869,26.4223,30.3194,31.4610,28.4531,30.0792

1133.9270,31.4479,31.4040,31.4711,31.4335,31.5439,26.5710,26.4305,30.3294,31.4601,28.4502,30.0789

1134.9280,31.4767,31.3998,31.4641,31.4552,31.5477,26.5721,26.4118,30.3018,31.4687,28.4370,30.0786

1135.9280,31.4624,31.4160,31.4620,31.4178,31.5577,26.5767,26.4016,30.3242,31.4632,28.4504,30.0773

1136.9280,31.4499,31.4162,31.4514,31.4270,31.5575,26.5716,26.3904,30.3337,31.4604,28.4526,30.0747

1137.9270,31.4486,31.3978,31.4602,31.4457,31.5354,26.5962,26.4028,30.3178,31.4575,28.4570,30.0756

1138.9280,31.4764,31.4069,31.4815,31.4501,31.5477,26.5751,26.3888,30.3241,31.4725,28.4496,30.0813

1139.9280,31.4861,31.4212,31.4761,31.4479,31.5470,26.5981,26.3995,30.3338,31.4757,28.4659,30.0887

1140.9270,31.4724,31.4010,31.4602,31.4531,31.5404,26.5763,26.3848,30.3192,31.4654,28.4477,30.0759

1141.9270,31.4827,31.4232,31.4641,31.4462,31.5373,26.5880,26.4012,30.3341,31.4707,28.4611,30.0846

1142.9270,31.4740,31.4177,31.4849,31.4360,31.5422,26.5868,26.4260,30.3273,31.4710,28.4571,30.0869

1143.9270,31.4613,31.4248,31.4619,31.4497,31.5605,26.5986,26.4340,30.3315,31.4716,28.4651,30.0903

1144.9270,31.4885,31.4216,31.4855,31.4423,31.5498,26.5740,26.4268,30.3263,31.4775,28.4501,30.0893

1145.9270,31.4698,31.4205,31.4745,31.4609,31.5454,26.5873,26.4251,30.3306,31.4742,28.4590,30.0892

1146.9280,31.4774,31.4449,31.4824,31.4486,31.5402,26.5983,26.4290,30.3312,31.4787,28.4648,30.0940

1147.9280,31.4905,31.4483,31.4680,31.4596,31.5680,26.5997,26.4601,30.3190,31.4869,28.4593,30.1016

1148.9270,31.4882,31.4410,31.4959,31.4489,31.5597,26.5704,26.4624,30.3194,31.4867,28.4449,30.0982

1149.9270,31.4945,31.4326,31.5035,31.4781,31.5725,26.5787,26.4561,30.2957,31.4963,28.4372,30.1015

1150.9280,31.4862,31.4374,31.4745,31.4604,31.5867,26.5901,26.4576,30.3146,31.4890,28.4524,30.1009

1151.9270,31.4810,31.4377,31.4922,31.4720,31.5715,26.6056,26.4330,30.3220,31.4909,28.4638,30.1019

1152.9270,31.4860,31.4180,31.4762,31.4556,31.5607,26.5923,26.4366,30.3228,31.4793,28.4576,30.0935

1153.9270,31.4880,31.4353,31.4902,31.4771,31.5705,26.6056,26.4731,30.3206,31.4922,28.4631,30.1076

1154.9270,31.4909,31.4239,31.4793,31.4653,31.5662,26.6170,26.4736,30.3250,31.4851,28.4710,30.1052

1155.9270,31.5051,31.4466,31.4945,31.4724,31.5686,26.5756,26.5129,30.3213,31.4974,28.4485,30.1121

1156.9270,31.4954,31.4376,31.4982,31.4817,31.5780,26.6051,26.5348,30.3046,31.4982,28.4548,30.1169

1157.9280,31.4994,31.4469,31.5080,31.4784,31.5756,26.5944,26.5628,30.3423,31.5017,28.4684,30.1260

1158.9270,31.4936,31.4328,31.4934,31.4723,31.5732,26.5857,26.5730,30.3318,31.4930,28.4588,30.1195

1159.9280,31.4901,31.4569,31.4902,31.4973,31.5752,26.5770,26.5709,30.3312,31.5019,28.4541,30.1236

1160.9270,31.4974,31.4406,31.5049,31.4758,31.5876,26.6047,26.6065,30.3314,31.5013,28.4680,30.1311

1161.9270,31.5022,31.4574,31.4978,31.4846,31.5837,26.5901,26.6057,30.3264,31.5051,28.4583,30.1310

1162.9270,31.4992,31.4495,31.5162,31.4880,31.5772,26.5885,26.5980,30.3097,31.5060,28.4491,30.1283

1163.9270,31.5020,31.4365,31.5046,31.4858,31.5802,26.5787,26.6263,30.3295,31.5018,28.4541,30.1304

1164.9270,31.4777,31.4516,31.5037,31.4666,31.5910,26.5745,26.6198,30.3145,31.4981,28.4445,30.1249

1165.9280,31.5068,31.4452,31.4795,31.4870,31.5865,26.5882,26.6193,30.2910,31.5010,28.4396,30.1254

1166.9280,31.4915,31.4326,31.5265,31.4617,31.5871,26.5719,26.6266,30.3406,31.4999,28.4563,30.1298

1167.9280,31.5179,31.4543,31.5252,31.4943,31.5806,26.5880,26.6272,30.3167,31.5145,28.4524,30.1380

1168.9280,31.5382,31.4498,31.5094,31.4897,31.5906,26.5820,26.6061,30.3338,31.5155,28.4579,30.1374

1169.9270,31.4961,31.4575,31.5035,31.4819,31.5955,26.5968,26.6025,30.3118,31.5069,28.4543,30.1307

1170.9280,31.5284,31.4599,31.5073,31.4900,31.5904,26.5886,26.6183,30.3239,31.5152,28.4563,30.1384

1171.9270,31.5262,31.4679,31.5238,31.5055,31.5858,26.5983,26.6053,30.3161,31.5218,28.4572,30.1411

1172.9280,31.5111,31.4425,31.5233,31.4857,31.5984,26.6033,26.5930,30.3160,31.5122,28.4597,30.1342

1173.9270,31.5101,31.4569,31.5217,31.5020,31.6011,26.5958,26.6128,30.3235,31.5184,28.4597,30.1405

1174.9270,31.5240,31.4649,31.5278,31.4893,31.5860,26.6007,26.5578,30.3280,31.5184,28.4643,30.1348

1175.9280,31.5314,31.4611,31.5062,31.4959,31.5996,26.5926,26.5384,30.3246,31.5188,28.4586,30.1312

1176.9270,31.5250,31.4482,31.5162,31.5012,31.6017,26.6060,26.5060,30.3173,31.5185,28.4616,30.1277

1177.9280,31.5183,31.4677,31.5269,31.5048,31.5795,26.5908,26.4724,30.3387,31.5194,28.4648,30.1249

1178.9270,31.5280,31.4694,31.5098,31.4915,31.6239,26.5930,26.4472,30.3127,31.5245,28.4529,30.1219

1179.9270,31.5127,31.4719,31.5216,31.5019,31.5916,26.6196,26.4022,30.3445,31.5199,28.4820,30.1207

1180.9270,31.5018,31.4763,31.5392,31.5040,31.6110,26.5917,26.3855,30.3312,31.5265,28.4614,30.1176

1181.9270,31.5305,31.4820,31.5561,31.4885,31.6040,26.5846,26.3695,30.3453,31.5322,28.4650,30.1201

1182.9270,31.5124,31.4476,31.5288,31.4941,31.6058,26.6103,26.3626,30.3319,31.5178,28.4711,30.1117

1183.9280,31.5476,31.4743,31.5372,31.5095,31.6043,26.5976,26.3494,30.3408,31.5346,28.4692,30.1201

1184.9270,31.5425,31.4809,31.5368,31.5011,31.6006,26.6240,26.3471,30.3173,31.5324,28.4707,30.1188

1185.9270,31.5166,31.4670,31.5285,31.5022,31.6050,26.5938,26.3452,30.3201,31.5238,28.4570,30.1098

1186.9280,31.5309,31.4686,31.5573,31.5038,31.6174,26.6007,26.3186,30.3303,31.5356,28.4655,30.1159

1187.9270,31.5402,31.4874,31.5339,31.5287,31.6128,26.6119,26.3223,30.3316,31.5406,28.4717,30.1211

1188.9270,31.5321,31.5006,31.5485,31.5306,31.6226,26.6052,26.3018,30.3601,31.5469,28.4826,30.1252

1189.9290,31.5489,31.4885,31.5481,31.5049,31.5997,26.6003,26.3007,30.3191,31.5380,28.4597,30.1138

1190.9270,31.5229,31.4968,31.5315,31.5104,31.6311,26.5969,26.2902,30.3321,31.5385,28.4645,30.1140

1191.9270,31.5424,31.4858,31.5449,31.5050,31.6154,26.6089,26.2867,30.3220,31.5387,28.4655,30.1139

1192.9280,31.5572,31.4750,31.5276,31.5121,31.6309,26.5997,26.2747,30.3171,31.5406,28.4584,30.1118

1193.9270,31.5432,31.4851,31.5279,31.5283,31.6152,26.6092,26.2875,30.3355,31.5399,28.4724,30.1165

1194.9270,31.5344,31.4951,31.5406,31.5205,31.6205,26.5994,26.2829,30.3163,31.5422,28.4579,30.1137

1195.9280,31.5457,31.4849,31.5361,31.5126,31.6295,26.5863,26.2957,30.3314,31.5418,28.4589,30.1153

1196.9270,31.5447,31.4952,31.5511,31.5506,31.6140,26.6201,26.3139,30.3294,31.5511,28.4748,30.1274

1197.9280,31.5346,31.4861,31.5560,31.5166,31.6199,26.6170,26.3128,30.3353,31.5426,28.4762,30.1223

1198.9270,31.5589,31.5062,31.5532,31.5363,31.6358,26.6131,26.3098,30.3192,31.5581,28.4662,30.1291

1199.9270,31.5384,31.5111,31.5506,31.5064,31.6196,26.6044,26.3336,30.3184,31.5452,28.4614,30.1228

1200.9270,31.5388,31.4740,31.5411,31.5327,31.6228,26.5883,26.3052,30.3198,31.5419,28.4540,30.1153

1201.9270,31.5485,31.4922,31.5256,31.5293,31.6105,26.6183,26.2743,30.3389,31.5412,28.4786,30.1172

1202.9270,31.5388,31.5030,31.5561,31.5387,31.6336,26.6114,26.2887,30.3287,31.5540,28.4701,30.1249

1203.9270,31.5544,31.5247,31.5496,31.5261,31.6242,26.6251,26.2968,30.3354,31.5558,28.4802,30.1295

1204.9280,31.5755,31.5022,31.5656,31.5309,31.6309,26.6167,26.3152,30.3190,31.5610,28.4678,30.1320

1205.9270,31.5427,31.5014,31.5699,31.5225,31.6230,26.6068,26.3190,30.3401,31.5519,28.4735,30.1282

1206.9270,31.5597,31.5084,31.5492,31.5239,31.6389,26.6088,26.3097,30.3327,31.5560,28.4708,30.1289

1207.9270,31.5661,31.5204,31.5495,31.5519,31.6336,26.6181,26.3228,30.3359,31.5643,28.4770,30.1373

1208.9270,31.5499,31.5022,31.5519,31.5181,31.6407,26.6103,26.3268,30.3375,31.5526,28.4739,30.1297

1209.9280,31.5579,31.5093,31.5515,31.5501,31.6384,26.6164,26.3428,30.3332,31.5614,28.4748,30.1374

1210.9270,31.5481,31.5092,31.5623,31.5364,31.6594,26.6296,26.3556,30.3206,31.5631,28.4751,30.1402

1211.9270,31.5707,31.5302,31.5584,31.5462,31.6180,26.6128,26.3708,30.3273,31.5647,28.4701,30.1418

1212.9270,31.5755,31.5200,31.5482,31.5519,31.6327,26.6100,26.3784,30.3278,31.5656,28.4689,30.1431

1213.9270,31.5563,31.4990,31.5507,31.5389,31.6338,26.6054,26.4007,30.3317,31.5557,28.4686,30.1396

1214.9280,31.5609,31.4953,31.5789,31.5310,31.6207,26.6185,26.3963,30.3452,31.5574,28.4818,30.1433

1215.9280,31.5592,31.5082,31.5701,31.5424,31.6208,26.6272,26.4182,30.3323,31.5602,28.4797,30.1473

1216.9280,31.5615,31.5230,31.5817,31.5385,31.6427,26.6120,26.4219,30.3256,31.5695,28.4688,30.1509

1217.9280,31.5341,31.5318,31.5675,31.5393,31.6186,26.6184,26.4505,30.3329,31.5583,28.4757,30.1491

1218.9270,31.5771,31.5064,31.5816,31.5464,31.6313,26.6367,26.4635,30.3375,31.5686,28.4871,30.1601

1219.9270,31.5865,31.5304,31.5562,31.5501,31.6576,26.6192,26.4711,30.3417,31.5762,28.4804,30.1641

1220.9270,31.5794,31.5216,31.5774,31.5544,31.6596,26.6112,26.4852,30.3229,31.5785,28.4670,30.1640

1221.9270,31.5742,31.4960,31.5847,31.5495,31.6354,26.6399,26.5045,30.3426,31.5680,28.4912,30.1659

1222.9270,31.5840,31.5129,31.5739,31.5514,31.6533,26.5889,26.5295,30.3322,31.5751,28.4605,30.1658

1223.9280,31.5721,31.5228,31.5792,31.5557,31.6660,26.6255,26.5118,30.3244,31.5792,28.4749,30.1697

1224.9270,31.5719,31.5238,31.5792,31.5688,31.6430,26.6206,26.5121,30.3295,31.5773,28.4750,30.1686

1225.9270,31.5865,31.5314,31.5690,31.5657,31.6526,26.6300,26.5381,30.3233,31.5810,28.4767,30.1746

1226.9270,31.5716,31.5106,31.5937,31.5595,31.6538,26.6104,26.5416,30.3315,31.5779,28.4710,30.1716

1227.9280,31.5795,31.5096,31.5669,31.5692,31.6542,26.6258,26.5362,30.3299,31.5759,28.4779,30.1714

1228.9270,31.5775,31.5346,31.6008,31.5595,31.6557,26.6074,26.5451,30.3313,31.5856,28.4693,30.1765

1229.9270,31.5822,31.5424,31.5677,31.5626,31.6612,26.6187,26.5328,30.3346,31.5832,28.4766,30.1753

1230.9270,31.5837,31.5233,31.5764,31.5557,31.6472,26.6372,26.5108,30.3385,31.5773,28.4878,30.1716

1231.9270,31.5857,31.5133,31.6063,31.5513,31.6776,26.6122,26.5198,30.3286,31.5868,28.4704,30.1744

1232.9270,31.5745,31.5275,31.5989,31.5496,31.6552,26.6152,26.5232,30.3146,31.5811,28.4649,30.1698

1233.9280,31.5914,31.5448,31.5819,31.5655,31.6645,26.6246,26.5001,30.3301,31.5896,28.4774,30.1754

1234.9270,31.5967,31.5530,31.5872,31.5816,31.6661,26.6328,26.5054,30.3284,31.5969,28.4806,30.1814

1235.9270,31.5934,31.5276,31.5797,31.5638,31.6539,26.6384,26.4729,30.3317,31.5837,28.4851,30.1702

1236.9270,31.6020,31.5273,31.5851,31.5729,31.6597,26.6244,26.4758,30.3243,31.5894,28.4744,30.1714

1237.9270,31.5965,31.5362,31.6066,31.5672,31.6653,26.6194,26.4788,30.3231,31.5944,28.4712,30.1741

1238.9270,31.5795,31.5439,31.5923,31.5623,31.6627,26.6382,26.4764,30.3352,31.5882,28.4867,30.1738

1239.9270,31.5820,31.5101,31.5885,31.5580,31.6749,26.6208,26.5076,30.3287,31.5827,28.4748,30.1713

1240.9270,31.5954,31.5294,31.6031,31.5688,31.6585,26.6220,26.4942,30.3323,31.5910,28.4772,30.1755

1241.9280,31.5939,31.5531,31.5874,31.5794,31.6756,26.6228,26.5044,30.3237,31.5979,28.4733,30.1800

1242.9270,31.6010,31.5472,31.6115,31.5651,31.6838,26.6032,26.4956,30.3219,31.6017,28.4625,30.1787

1243.9270,31.6000,31.5436,31.5750,31.5680,31.6750,26.6219,26.5304,30.3298,31.5923,28.4759,30.1805

1244.9270,31.6172,31.5439,31.6049,31.5599,31.6556,26.6001,26.5369,30.3137,31.5963,28.4569,30.1790

1245.9280,31.6034,31.5384,31.5901,31.5736,31.6628,26.6164,26.5381,30.3309,31.5937,28.4736,30.1817

1246.9270,31.6032,31.5512,31.5986,31.5601,31.6719,26.6350,26.5119,30.3405,31.5970,28.4878,30.1841

1247.9280,31.5914,31.5429,31.6157,31.5796,31.6847,26.6213,26.5265,30.3423,31.6029,28.4818,30.1880

1248.9270,31.6111,31.5331,31.5937,31.5904,31.6786,26.6326,26.5090,30.3184,31.6014,28.4755,30.1834

1249.9270,31.6043,31.5430,31.6139,31.5646,31.6595,26.6201,26.5154,30.3304,31.5971,28.4752,30.1814

1250.9270,31.5990,31.5515,31.6106,31.5773,31.6632,26.6276,26.4983,30.3190,31.6003,28.4733,30.1808

1251.9270,31.5870,31.5376,31.5944,31.5803,31.6728,26.6259,26.5108,30.3215,31.5944,28.4737,30.1788

1252.9270,31.5973,31.5487,31.6017,31.5740,31.6881,26.6131,26.4815,30.3483,31.6019,28.4807,30.1816

1253.9270,31.6115,31.5502,31.6183,31.5929,31.6742,26.6288,26.5142,30.3249,31.6094,28.4769,30.1894

1254.9280,31.6262,31.5572,31.6168,31.5703,31.7055,26.6133,26.5176,30.3476,31.6152,28.4804,30.1943

1255.9270,31.5998,31.5545,31.6038,31.5780,31.6804,26.6529,26.5406,30.3424,31.6033,28.4976,30.1941

1256.9270,31.6298,31.5426,31.5947,31.5750,31.6801,26.6198,26.5368,30.3216,31.6044,28.4707,30.1876

1257.9280,31.5969,31.5414,31.6123,31.5799,31.6841,26.6212,26.5632,30.3281,31.6029,28.4747,30.1909

1258.9280,31.6127,31.5478,31.5910,31.5854,31.6849,26.6323,26.5743,30.3299,31.6044,28.4811,30.1948

1259.9270,31.6078,31.5707,31.6271,31.5914,31.6989,26.6335,26.5562,30.3381,31.6192,28.4858,30.2030

1260.9270,31.6000,31.5336,31.6200,31.5993,31.6829,26.6342,26.5625,30.3411,31.6072,28.4877,30.1967

1261.9270,31.6157,31.5754,31.6068,31.6016,31.6772,26.6127,26.5754,30.3474,31.6153,28.4801,30.2015

1262.9280,31.6251,31.5613,31.6167,31.5923,31.6721,26.6226,26.5741,30.3338,31.6135,28.4782,30.1998

1263.9270,31.6088,31.5642,31.6041,31.6220,31.6849,26.6341,26.5930,30.3297,31.6168,28.4819,30.2051

1264.9270,31.6201,31.5658,31.6099,31.5860,31.7085,26.6256,26.5855,30.3358,31.6180,28.4807,30.2046

1265.9270,31.6220,31.5681,31.6178,31.6070,31.6939,26.6309,26.6158,30.3392,31.6218,28.4850,30.2118

1266.9270,31.6267,31.5756,31.6033,31.6080,31.6934,26.6219,26.6167,30.3439,31.6214,28.4829,30.2112

1267.9270,31.6064,31.5649,31.6175,31.6001,31.6992,26.6359,26.6341,30.3353,31.6176,28.4856,30.2117

1268.9280,31.6245,31.5613,31.6171,31.5965,31.6936,26.6484,26.6215,30.3200,31.6186,28.4842,30.2104

1269.9270,31.6040,31.5721,31.6416,31.6073,31.6988,26.6411,26.6222,30.3245,31.6248,28.4828,30.2139

1270.9290,31.6038,31.5506,31.6304,31.6060,31.6816,26.6365,26.6611,30.3265,31.6145,28.4815,30.2121

1271.9270,31.6218,31.5686,31.6381,31.6024,31.6963,26.6401,26.6401,30.3291,31.6254,28.4846,30.2171

1272.9270,31.6370,31.5655,31.6435,31.6064,31.7017,26.6257,26.6224,30.3293,31.6308,28.4775,30.2164

1273.9270,31.6022,31.5733,31.6212,31.5972,31.7174,26.6524,26.6345,30.3245,31.6223,28.4885,30.2153

1274.9280,31.6254,31.5818,31.6353,31.5996,31.7156,26.6456,26.6102,30.3604,31.6316,28.5030,30.2218

1275.9270,31.6253,31.5691,31.6245,31.6085,31.6949,26.6473,26.6369,30.3222,31.6244,28.4848,30.2161

1276.9270,31.6259,31.5669,31.6190,31.6064,31.6927,26.6296,26.6522,30.3294,31.6222,28.4795,30.2153

1277.9270,31.6135,31.5770,31.6493,31.6009,31.7014,26.6289,26.6581,30.3316,31.6284,28.4802,30.2201

1278.9270,31.6399,31.5653,31.6404,31.6221,31.6944,26.6262,26.6903,30.3557,31.6324,28.4909,30.2293

1279.9280,31.6326,31.5592,31.6353,31.6146,31.6996,26.6207,26.6862,30.3295,31.6282,28.4751,30.2222

1280.9270,31.6189,31.5887,31.6385,31.6178,31.7136,26.6353,26.6843,30.3319,31.6355,28.4836,30.2286

1281.9270,31.6551,31.5759,31.6482,31.6045,31.7069,26.6315,26.7084,30.3398,31.6381,28.4857,30.2338

1282.9270,31.6251,31.5874,31.6292,31.5954,31.7123,26.6570,26.6877,30.3347,31.6299,28.4959,30.2286

1283.9270,31.6208,31.5887,31.6239,31.6027,31.6774,26.6230,26.7084,30.3394,31.6227,28.4812,30.2230

1284.9270,31.6221,31.5745,31.6285,31.6134,31.7125,26.6564,26.7276,30.3350,31.6302,28.4957,30.2337

1285.9270,31.6293,31.5669,31.6448,31.6059,31.7153,26.6513,26.7117,30.3347,31.6324,28.4930,30.2325

1286.9280,31.6424,31.5712,31.6243,31.5947,31.7106,26.6391,26.7136,30.3281,31.6286,28.4836,30.2280

1287.9270,31.6455,31.5696,31.6465,31.6259,31.6968,26.6417,26.7086,30.3199,31.6368,28.4808,30.2318

1288.9270,31.6410,31.5847,31.6401,31.6147,31.7081,26.6495,26.7334,30.3169,31.6377,28.4832,30.2360

1289.9270,31.6354,31.5912,31.6509,31.6086,31.7119,26.6457,26.7145,30.3225,31.6396,28.4841,30.2351

1290.9270,31.6467,31.5818,31.6273,31.6175,31.7043,26.6368,26.7212,30.3479,31.6355,28.4923,30.2354

1291.9270,31.6231,31.5867,31.6440,31.6158,31.7158,26.6442,26.7201,30.3337,31.6371,28.4890,30.2354

1292.9270,31.6492,31.5942,31.6585,31.6393,31.7074,26.6157,26.7261,30.3448,31.6497,28.4803,30.2419

1293.9270,31.6413,31.5848,31.6341,31.6059,31.7082,26.6413,26.7172,30.3543,31.6349,28.4978,30.2359

1294.9270,31.6493,31.5808,31.6461,31.6282,31.7113,26.6404,26.7262,30.3534,31.6432,28.4969,30.2420

1295.9270,31.6265,31.5916,31.6419,31.6330,31.7179,26.6406,26.7043,30.3479,31.6422,28.4943,30.2380

1296.9280,31.6407,31.5869,31.6550,31.6315,31.7249,26.6473,26.7176,30.3509,31.6478,28.4991,30.2444

1297.9270,31.6554,31.5963,31.6559,31.6390,31.7104,26.6549,26.7139,30.3223,31.6514,28.4886,30.2435

1298.9270,31.6379,31.5971,31.6365,31.6051,31.7107,26.6420,26.7133,30.3414,31.6375,28.4917,30.2355

1299.9270,31.6640,31.6004,31.6502,31.6286,31.7281,26.6589,26.7014,30.3460,31.6543,28.5025,30.2472

1300.9270,31.6684,31.6017,31.6651,31.6257,31.7200,26.6416,26.7001,30.3542,31.6562,28.4979,30.2471

1301.9270,31.6496,31.6074,31.6487,31.6487,31.7205,26.6261,26.7312,30.3401,31.6550,28.4831,30.2465

1302.9270,31.6584,31.5968,31.6644,31.6475,31.7315,26.6471,26.7297,30.3333,31.6597,28.4902,30.2511

1303.9280,31.6511,31.5901,31.6511,31.6338,31.7291,26.6695,26.7224,30.3477,31.6510,28.5086,30.2493

1304.9270,31.6514,31.5892,31.6498,31.6254,31.7253,26.6448,26.7528,30.3423,31.6482,28.4936,30.2476

1305.9280,31.6602,31.6052,31.6484,31.6343,31.7446,26.6399,26.7310,30.3313,31.6586,28.4856,30.2494

1306.9270,31.6414,31.6037,31.6769,31.6229,31.7267,26.6494,26.7216,30.3436,31.6543,28.4965,30.2483

1307.9270,31.6415,31.5910,31.6577,31.6295,31.7257,26.6612,26.6952,30.3375,31.6491,28.4994,30.2424

1308.9270,31.6380,31.6098,31.6605,31.6347,31.7323,26.6493,26.6658,30.3374,31.6550,28.4933,30.2410

1309.9270,31.6631,31.6013,31.6488,31.6314,31.7281,26.6622,26.6325,30.3465,31.6545,28.5043,30.2392

1310.9270,31.6622,31.5824,31.6462,31.6317,31.7199,26.6642,26.6283,30.3433,31.6485,28.5037,30.2348

1311.9280,31.6531,31.6015,31.6526,31.6306,31.7226,26.6644,26.6163,30.3538,31.6521,28.5091,30.2369

1312.9270,31.6623,31.6000,31.6610,31.6488,31.7338,26.6685,26.6241,30.3410,31.6612,28.5047,30.2424

1313.9270,31.6651,31.6024,31.6611,31.6419,31.7235,26.6548,26.6166,30.3541,31.6588,28.5045,30.2400

1314.9270,31.6550,31.6089,31.6582,31.6333,31.7154,26.6470,26.5998,30.3412,31.6542,28.4941,30.2324

1315.9280,31.6578,31.6192,31.6708,31.6234,31.7323,26.6460,26.6229,30.3515,31.6607,28.4988,30.2405

1316.9270,31.6590,31.5976,31.6638,31.6469,31.7488,26.6473,26.6128,30.3410,31.6632,28.4941,30.2396

1317.9270,31.6732,31.6127,31.6700,31.6527,31.7202,26.6596,26.5960,30.3674,31.6658,28.5135,30.2440

1318.9280,31.6707,31.6270,31.6406,31.6406,31.7148,26.6472,26.6048,30.3649,31.6588,28.5061,30.2388

1319.9280,31.6629,31.6167,31.6749,31.6472,31.7369,26.6577,26.6238,30.3490,31.6677,28.5034,30.2461

1320.9270,31.6589,31.5987,31.6476,31.6279,31.7246,26.6500,26.5972,30.3437,31.6515,28.4969,30.2311

1321.9270,31.6637,31.6208,31.6433,31.6433,31.7231,26.6454,26.5930,30.3419,31.6588,28.4936,30.2343

1322.9280,31.6592,31.6249,31.6578,31.6315,31.7423,26.6734,26.5970,30.3520,31.6632,28.5127,30.2423

1323.9270,31.6706,31.6219,31.6515,31.6346,31.7534,26.6698,26.5882,30.3404,31.6664,28.5051,30.2413

1324.9270,31.6755,31.6092,31.6716,31.6406,31.7373,26.6582,26.5912,30.3519,31.6669,28.5050,30.2420

1325.9270,31.6872,31.6037,31.6619,31.6712,31.7675,26.6483,26.5803,30.3514,31.6783,28.4998,30.2464

1326.9280,31.6784,31.6268,31.6817,31.6451,31.7324,26.6649,26.5616,30.3656,31.6729,28.5152,30.2446

1327.9270,31.6795,31.6014,31.6849,31.6469,31.7469,26.6556,26.5721,30.3530,31.6719,28.5043,30.2425

1328.9270,31.6773,31.6267,31.6887,31.6633,31.7380,26.6685,26.5694,30.3560,31.6788,28.5122,30.2485

1329.9270,31.6699,31.6141,31.6521,31.6634,31.7282,26.6770,26.5464,30.3373,31.6655,28.5071,30.2360

1330.9280,31.6635,31.6096,31.6837,31.6527,31.7508,26.6687,26.5418,30.3572,31.6721,28.5130,30.2410

1331.9270,31.6714,31.6249,31.6826,31.6286,31.7582,26.6587,26.5470,30.3360,31.6731,28.4974,30.2384

1332.9270,31.6831,31.6187,31.6722,31.6548,31.7501,26.6602,26.5361,30.3492,31.6758,28.5047,30.2406

1333.9270,31.6804,31.6249,31.6709,31.6545,31.7455,26.6645,26.5594,30.3558,31.6752,28.5102,30.2445

1334.9280,31.6626,31.6271,31.6623,31.6618,31.7350,26.6579,26.5768,30.3591,31.6697,28.5085,30.2428

1335.9270,31.6718,31.6335,31.6781,31.6410,31.7391,26.6649,26.5644,30.3674,31.6727,28.5162,30.2450

1336.9270,31.6565,31.5998,31.6735,31.6651,31.7491,26.6659,26.5796,30.3558,31.6688,28.5109,30.2432

1337.9270,31.6895,31.6168,31.6783,31.6609,31.7398,26.6449,26.5888,30.3494,31.6771,28.4972,30.2461

1338.9280,31.6680,31.6118,31.6630,31.6597,31.7367,26.6667,26.6030,30.3444,31.6678,28.5055,30.2442

1339.9270,31.6823,31.6090,31.6827,31.6569,31.7372,26.6589,26.6108,30.3446,31.6736,28.5018,30.2478

1340.9280,31.6588,31.6277,31.6840,31.6573,31.7568,26.6531,26.6055,30.3464,31.6769,28.4998,30.2487

1341.9270,31.6903,31.6275,31.6881,31.6547,31.7378,26.6514,26.5806,30.3653,31.6797,28.5083,30.2495

1342.9270,31.6987,31.6244,31.6958,31.6704,31.7479,26.6578,26.5772,30.3393,31.6874,28.4986,30.2514

1343.9280,31.6753,31.6436,31.6854,31.6478,31.7445,26.6504,26.5674,30.3591,31.6793,28.5048,30.2467

1344.9270,31.6759,31.6171,31.7077,31.6645,31.7523,26.6732,26.5662,30.3495,31.6835,28.5114,30.2508

1345.9270,31.6838,31.6399,31.6812,31.6540,31.7455,26.6778,26.4986,30.3512,31.6809,28.5145,30.2415

1346.9270,31.6828,31.6277,31.6967,31.6774,31.7483,26.6730,26.4943,30.3577,31.6866,28.5154,30.2447

1347.9270,31.6859,31.6293,31.6696,31.6706,31.7419,26.6497,26.4960,30.3665,31.6795,28.5081,30.2387

1348.9290,31.6804,31.6271,31.7013,31.6698,31.7524,26.6541,26.5102,30.3562,31.6862,28.5052,30.2439

1349.9270,31.6878,31.6386,31.6823,31.6518,31.7705,26.6503,26.5027,30.3609,31.6862,28.5056,30.2431

1350.9270,31.6826,31.6270,31.7063,31.6532,31.7739,26.6611,26.4955,30.3618,31.6886,28.5114,30.2452

1351.9280,31.6892,31.6316,31.6936,31.6659,31.7508,26.6573,26.5125,30.3538,31.6862,28.5055,30.2443

1352.9280,31.6832,31.6493,31.6916,31.6573,31.7592,26.6645,26.5032,30.3563,31.6881,28.5104,30.2456

1353.9270,31.6866,31.6366,31.6995,31.6638,31.7676,26.6618,26.5274,30.3728,31.6908,28.5173,30.2520

1354.9270,31.7002,31.6431,31.6797,31.6760,31.7652,26.6349,26.5259,30.3596,31.6928,28.4972,30.2481

1355.9270,31.6841,31.6289,31.7167,31.6725,31.7617,26.6777,26.5253,30.3591,31.6928,28.5184,30.2532

1356.9270,31.6846,31.6444,31.6932,31.6637,31.7651,26.6574,26.5310,30.3544,31.6902,28.5059,30.2492

1357.9270,31.6829,31.6366,31.6836,31.6662,31.7836,26.6623,26.5204,30.3602,31.6906,28.5113,30.2495

1358.9270,31.6822,31.6357,31.6972,31.6798,31.7629,26.6710,26.5394,30.3562,31.6916,28.5136,30.2531

1359.9270,31.6761,31.6525,31.6962,31.6830,31.7624,26.6866,26.5588,30.3637,31.6940,28.5252,30.2599

1360.9270,31.7137,31.6283,31.6954,31.6555,31.7743,26.6782,26.5391,30.3638,31.6935,28.5210,30.2560

1361.9270,31.6947,31.6400,31.7043,31.6832,31.7850,26.6699,26.5827,30.3650,31.7014,28.5175,30.2656

1362.9270,31.7049,31.6645,31.7184,31.6715,31.7842,26.6660,26.5698,30.3653,31.7087,28.5157,30.2681

1363.9270,31.7065,31.6352,31.7225,31.6620,31.7798,26.6468,26.5789,30.3688,31.7012,28.5078,30.2626

1364.9270,31.7000,31.6520,31.7149,31.6787,31.7609,26.6766,26.5917,30.3820,31.7013,28.5293,30.2696

1365.9270,31.6817,31.6710,31.7123,31.6799,31.7780,26.6616,26.5828,30.3694,31.7046,28.5155,30.2671

1366.9270,31.7200,31.6355,31.6965,31.6660,31.7505,26.6562,26.5883,30.3499,31.6937,28.5030,30.2578

1367.9270,31.7007,31.6649,31.7085,31.6822,31.7907,26.6774,26.5977,30.3578,31.7094,28.5176,30.2725

1368.9280,31.7080,31.6270,31.7152,31.6734,31.7509,26.6766,26.5955,30.3759,31.6949,28.5263,30.2653

1369.9270,31.7075,31.6533,31.7021,31.6828,31.7664,26.6794,26.6021,30.3899,31.7024,28.5347,30.2729

1370.9270,31.6939,31.6403,31.7074,31.6882,31.7624,26.6786,26.6210,30.3614,31.6985,28.5200,30.2692

1371.9270,31.7079,31.6498,31.6986,31.6845,31.7882,26.6662,26.6144,30.3702,31.7058,28.5182,30.2725

1372.9280,31.7031,31.6683,31.7007,31.6706,31.7664,26.6656,26.6208,30.3786,31.7018,28.5221,30.2718

1373.9270,31.7059,31.6379,31.6994,31.6797,31.7750,26.6693,26.6123,30.3898,31.6996,28.5296,30.2712

1374.9270,31.6891,31.6475,31.6963,31.6992,31.7761,26.6624,26.6247,30.3678,31.7017,28.5151,30.2704

1375.9270,31.7154,31.6542,31.7068,31.6852,31.7828,26.6865,26.6167,30.3739,31.7089,28.5302,30.2777

1376.9270,31.7135,31.6478,31.7121,31.6834,31.7764,26.6774,26.6270,30.3663,31.7066,28.5219,30.2755

1377.9270,31.6946,31.6516,31.7164,31.6882,31.7995,26.6651,26.5944,30.3804,31.7101,28.5228,30.2738

1378.9270,31.7087,31.6499,31.7016,31.6889,31.7804,26.6873,26.6246,30.3588,31.7059,28.5230,30.2750

1379.9270,31.6926,31.6604,31.7135,31.6825,31.7768,26.6824,26.6249,30.3638,31.7052,28.5231,30.2746

1380.9270,31.6916,31.6518,31.7162,31.6833,31.7894,26.6810,26.6187,30.3670,31.7065,28.5240,30.2749

1381.9270,31.7045,31.6595,31.7178,31.6811,31.7689,26.6792,26.6076,30.3743,31.7064,28.5268,30.2741

1382.9270,31.7098,31.6697,31.7152,31.6795,31.7805,26.6667,26.6106,30.3608,31.7109,28.5137,30.2741

1383.9270,31.6985,31.6519,31.7092,31.7007,31.7754,26.6808,26.6162,30.3702,31.7071,28.5255,30.2754

1384.9270,31.7103,31.6680,31.7131,31.6962,31.7694,26.6790,26.6163,30.3717,31.7114,28.5253,30.2780

1385.9270,31.7075,31.6566,31.6927,31.6852,31.8190,26.6983,26.6389,30.3693,31.7122,28.5338,30.2834

1386.9280,31.7168,31.6470,31.7287,31.6813,31.7747,26.6737,26.6331,30.3462,31.7097,28.5099,30.2752

1387.9290,31.7212,31.6680,31.7196,31.7055,31.7980,26.6701,26.6531,30.3473,31.7225,28.5087,30.2853

1388.9280,31.7104,31.6623,31.7046,31.6914,31.7712,26.6857,26.6560,30.3591,31.7080,28.5224,30.2801

1389.9270,31.7195,31.6691,31.7296,31.6831,31.7925,26.6821,26.6727,30.3559,31.7188,28.5190,30.2881

1390.9270,31.7184,31.6592,31.7399,31.6770,31.7920,26.6786,26.6602,30.3737,31.7173,28.5262,30.2874

1391.9270,31.7189,31.6652,31.7272,31.7136,31.7952,26.6641,26.6693,30.3577,31.7240,28.5109,30.2889

1392.9270,31.7121,31.6572,31.7346,31.6868,31.7891,26.6686,26.6752,30.3707,31.7160,28.5196,30.2868

1393.9270,31.7197,31.6445,31.7276,31.6773,31.7900,26.6757,26.6893,30.3749,31.7118,28.5253,30.2874

1394.9270,31.7194,31.6607,31.7231,31.7146,31.7888,26.6810,26.6900,30.3506,31.7213,28.5158,30.2910

1395.9270,31.7268,31.6699,31.7407,31.6999,31.7914,26.6767,26.6909,30.3736,31.7258,28.5252,30.2963

1396.9270,31.7174,31.6893,31.7343,31.7015,31.7925,26.6753,26.7064,30.3717,31.7270,28.5235,30.2985

1397.9270,31.7125,31.6543,31.7369,31.6965,31.7829,26.6991,26.6840,30.3767,31.7166,28.5379,30.2929

1398.9270,31.7198,31.6567,31.7272,31.7135,31.8149,26.6899,26.7041,30.3703,31.7264,28.5301,30.2996

1399.9270,31.7084,31.6640,31.7119,31.7124,31.7837,26.6879,26.6941,30.3792,31.7161,28.5336,30.2927

1400.9280,31.7357,31.6577,31.7408,31.6891,31.7929,26.6870,26.6983,30.3703,31.7232,28.5286,30.2965

1401.9270,31.7255,31.6716,31.7477,31.7096,31.8045,26.6896,26.6660,30.3902,31.7318,28.5399,30.3006

1402.9270,31.7270,31.6582,31.7131,31.7056,31.7854,26.6967,26.6967,30.3756,31.7179,28.5362,30.2948

1403.9270,31.7227,31.6766,31.7291,31.7085,31.7953,26.6711,26.6749,30.3681,31.7264,28.5196,30.2933

1404.9270,31.7189,31.6666,31.7286,31.7206,31.7943,26.6810,26.6749,30.3831,31.7258,28.5321,30.2960

1405.9270,31.7320,31.6864,31.7400,31.6991,31.8014,26.6890,26.6867,30.3835,31.7318,28.5363,30.3023

1406.9270,31.7374,31.6737,31.7056,31.7197,31.7981,26.7001,26.6874,30.3772,31.7269,28.5386,30.2999

1407.9270,31.7142,31.6695,31.7479,31.7103,31.8023,26.6820,26.6702,30.3798,31.7289,28.5309,30.2970

1408.9270,31.7415,31.6727,31.7300,31.7295,31.7957,26.6750,26.6929,30.3794,31.7339,28.5272,30.3021

1409.9270,31.7351,31.6896,31.7374,31.7051,31.7867,26.7015,26.6992,30.3744,31.7308,28.5379,30.3036

1410.9270,31.7136,31.6871,31.7406,31.7058,31.8143,26.7078,26.7149,30.3722,31.7323,28.5400,30.3070

1411.9270,31.7326,31.6843,31.7510,31.7082,31.8139,26.6948,26.7108,30.3780,31.7380,28.5364,30.3092

1412.9270,31.7139,31.6653,31.7540,31.7117,31.7915,26.7043,26.7128,30.3706,31.7273,28.5374,30.3030

1413.9270,31.7415,31.6894,31.7283,31.7044,31.8077,26.7089,26.7211,30.3582,31.7343,28.5335,30.3074

1414.9270,31.7355,31.6974,31.7415,31.7218,31.8147,26.7105,26.7109,30.3823,31.7422,28.5464,30.3143

1415.9270,31.7406,31.6810,31.7453,31.7228,31.8134,26.7089,26.7278,30.3573,31.7406,28.5331,30.3121

1416.9280,31.7213,31.6850,31.7488,31.7197,31.7916,26.6948,26.7386,30.3624,31.7333,28.5286,30.3078

1417.9270,31.7304,31.6693,31.7472,31.7205,31.7862,26.7039,26.7350,30.3692,31.7307,28.5366,30.3077

1418.9270,31.7442,31.6978,31.7489,31.7311,31.8278,26.7060,26.7399,30.3807,31.7500,28.5433,30.3220

1419.9280,31.7250,31.7010,31.7292,31.7043,31.8141,26.7046,26.7518,30.3916,31.7347,28.5481,30.3152

1420.9270,31.7327,31.6739,31.7575,31.7279,31.8115,26.7198,26.7293,30.3621,31.7407,28.5410,30.3143

1421.9270,31.7369,31.6818,31.7550,31.7005,31.8122,26.7251,26.7289,30.3555,31.7373,28.5403,30.3120

1422.9270,31.7286,31.6714,31.7385,31.7211,31.7972,26.7096,26.6959,30.3768,31.7314,28.5432,30.3049

1423.9270,31.7526,31.6870,31.7443,31.7245,31.7996,26.7068,26.6705,30.3571,31.7416,28.5320,30.3053

1424.9270,31.7160,31.6824,31.7542,31.7204,31.8152,26.7277,26.6480,30.3624,31.7376,28.5450,30.3033

1425.9270,31.7266,31.6851,31.7574,31.7152,31.8245,26.7166,26.6643,30.3711,31.7418,28.5438,30.3076

1426.9270,31.7375,31.6806,31.7561,31.7242,31.8059,26.7026,26.6328,30.3378,31.7409,28.5202,30.2972

1427.9270,31.7397,31.6847,31.7499,31.7091,31.8184,26.7151,26.6585,30.3555,31.7403,28.5353,30.3039

1428.9280,31.7460,31.6826,31.7488,31.7253,31.8192,26.7253,26.6875,30.3665,31.7444,28.5459,30.3127

1429.9270,31.7635,31.6798,31.7399,31.7230,31.8211,26.7065,26.7018,30.3713,31.7455,28.5389,30.3134

1430.9270,31.7529,31.6939,31.7460,31.7310,31.8126,26.7171,26.7175,30.3720,31.7473,28.5445,30.3179

1431.9270,31.7656,31.6887,31.7455,31.7202,31.8075,26.7242,26.7261,30.3584,31.7455,28.5413,30.3170

1432.9280,31.7535,31.6921,31.7747,31.7240,31.8066,26.7016,26.7380,30.3552,31.7502,28.5284,30.3182

1433.9280,31.7413,31.7084,31.7333,31.7389,31.8206,26.7313,26.7455,30.3651,31.7485,28.5482,30.3230

1434.9280,31.7402,31.6935,31.7339,31.7255,31.7926,26.7246,26.7316,30.3785,31.7371,28.5515,30.3150

1435.9270,31.7307,31.6986,31.7446,31.7235,31.8042,26.7245,26.7509,30.3794,31.7404,28.5520,30.3196

1436.9280,31.7500,31.6969,31.7532,31.7194,31.8072,26.7137,26.7524,30.3677,31.7454,28.5407,30.3201

1437.9280,31.7458,31.6905,31.7478,31.7178,31.8131,26.7042,26.7703,30.3799,31.7430,28.5421,30.3212

1438.9270,31.7421,31.7015,31.7616,31.7207,31.8310,26.7105,26.7317,30.3612,31.7514,28.5358,30.3200

1439.9270,31.7510,31.7048,31.7522,31.7076,31.7959,26.6963,26.7467,30.3734,31.7423,28.5348,30.3160

1440.9270,31.7403,31.6994,31.7670,31.7341,31.8233,26.7181,26.7445,30.3796,31.7528,28.5489,30.3258

1441.9270,31.7548,31.6963,31.7503,31.7461,31.8198,26.7109,26.7298,30.3692,31.7534,28.5401,30.3221

1442.9270,31.7480,31.6985,31.7600,31.7435,31.8261,26.7197,26.7150,30.3760,31.7552,28.5479,30.3234

1443.9270,31.7495,31.6896,31.7703,31.7281,31.8276,26.7009,26.7019,30.3672,31.7530,28.5341,30.3169

1444.9280,31.7390,31.7031,31.7669,31.7176,31.8096,26.7055,26.6885,30.3642,31.7472,28.5348,30.3118

1445.9270,31.7329,31.7125,31.7679,31.7172,31.8158,26.7046,26.6692,30.3567,31.7493,28.5306,30.3096

1446.9270,31.7542,31.7040,31.7655,31.7228,31.8256,26.7004,26.6368,30.3676,31.7544,28.5340,30.3096

1447.9270,31.7503,31.6846,31.7587,31.7320,31.8141,26.7286,26.6328,30.3689,31.7479,28.5487,30.3087

1448.9270,31.7507,31.7108,31.7455,31.7333,31.8460,26.7210,26.6163,30.3566,31.7572,28.5388,30.3100

1449.9280,31.7460,31.6927,31.7781,31.7265,31.8011,26.7276,26.5903,30.3740,31.7489,28.5508,30.3045

1450.9270,31.7459,31.6796,31.7449,31.7327,31.8228,26.7171,26.6015,30.3631,31.7452,28.5401,30.3009

1451.9280,31.7666,31.7193,31.7569,31.7423,31.8137,26.7092,26.5799,30.3726,31.7598,28.5409,30.3076

1452.9280,31.7303,31.7276,31.7741,31.7492,31.8266,26.7028,26.5670,30.3766,31.7616,28.5397,30.3068

1453.9270,31.7888,31.7011,31.7692,31.7429,31.8325,26.7243,26.5498,30.3501,31.7669,28.5372,30.3073

1454.9270,31.7600,31.7055,31.7791,31.7360,31.8233,26.7195,26.5591,30.3928,31.7608,28.5561,30.3094

1455.9270,31.7584,31.7050,31.7642,31.7304,31.8247,26.7207,26.5349,30.3700,31.7565,28.5453,30.3010

1456.9270,31.7411,31.6908,31.7669,31.7261,31.8443,26.7105,26.5576,30.3687,31.7539,28.5396,30.3008

1457.9270,31.7357,31.7269,31.7813,31.7348,31.8222,26.7252,26.5658,30.3557,31.7602,28.5405,30.3059

1458.9270,31.7583,31.7161,31.7654,31.7584,31.8222,26.7169,26.5589,30.3554,31.7641,28.5361,30.3064

1459.9280,31.7646,31.7056,31.7521,31.7262,31.8192,26.7349,26.5760,30.3663,31.7535,28.5506,30.3056

1460.9270,31.7579,31.7133,31.7729,31.7349,31.8274,26.7240,26.5750,30.3676,31.7613,28.5458,30.3091

1461.9270,31.7494,31.7160,31.7540,31.7437,31.8479,26.7093,26.5890,30.3431,31.7622,28.5262,30.3065

1462.9280,31.7530,31.7264,31.7752,31.7175,31.8358,26.7271,26.5549,30.3655,31.7616,28.5463,30.3069

1463.9270,31.7624,31.7111,31.7519,31.7435,31.8331,26.7087,26.5780,30.3472,31.7604,28.5279,30.3045

1464.9280,31.7532,31.7151,31.7644,31.7479,31.8202,26.7018,26.5749,30.3582,31.7601,28.5300,30.3044

1465.9280,31.7490,31.7125,31.7711,31.7453,31.8143,26.7127,26.6320,30.3719,31.7585,28.5423,30.3136

1466.9280,31.7499,31.6999,31.7562,31.7628,31.8309,26.7079,26.6475,30.3676,31.7599,28.5377,30.3153

1467.9280,31.7663,31.7086,31.7720,31.7499,31.8283,26.7050,26.6645,30.3680,31.7650,28.5365,30.3203

1468.9270,31.7630,31.7193,31.7719,31.7386,31.8240,26.7164,26.6711,30.3497,31.7634,28.5330,30.3193

1469.9270,31.7530,31.7167,31.7726,31.7435,31.8392,26.7101,26.6714,30.3477,31.7650,28.5289,30.3193

1470.9270,31.7369,31.7225,31.7718,31.7366,31.8370,26.7288,26.6906,30.3738,31.7610,28.5513,30.3248

1471.9270,31.7585,31.7172,31.7829,31.7430,31.8364,26.7316,26.6722,30.3433,31.7676,28.5374,30.3231

1472.9270,31.7588,31.7199,31.7809,31.7565,31.8349,26.7211,26.6956,30.3615,31.7702,28.5413,30.3287

1473.9270,31.7636,31.6893,31.7705,31.7367,31.8489,26.7024,26.6953,30.3630,31.7618,28.5327,30.3212

1474.9280,31.7678,31.7026,31.7481,31.7246,31.8486,26.7230,26.6801,30.3695,31.7583,28.5463,30.3205

1475.9270,31.7621,31.7234,31.7445,31.7567,31.8375,26.7197,26.6466,30.3704,31.7648,28.5450,30.3201

1476.9270,31.7651,31.7140,31.7671,31.7352,31.8319,26.7062,26.6270,30.3527,31.7626,28.5295,30.3124

1477.9270,31.7777,31.7197,31.7610,31.7465,31.8380,26.7486,26.6307,30.3508,31.7686,28.5497,30.3216

1478.9270,31.7768,31.7017,31.7702,31.7364,31.8434,26.7090,26.5939,30.3598,31.7657,28.5344,30.3114

1479.9280,31.7544,31.7171,31.7781,31.7584,31.8128,26.7049,26.5762,30.3759,31.7641,28.5404,30.3097

1480.9280,31.7762,31.7118,31.7738,31.7484,31.8611,26.7391,26.5745,30.3634,31.7743,28.5512,30.3185

1481.9270,31.7644,31.7253,31.7812,31.7404,31.8507,26.7206,26.5725,30.3647,31.7724,28.5427,30.3150

1482.9270,31.7666,31.7165,31.7747,31.7324,31.8310,26.7408,26.5710,30.3561,31.7643,28.5485,30.3111

1483.9270,31.7564,31.7231,31.7827,31.7334,31.8385,26.7324,26.5876,30.3666,31.7668,28.5495,30.3151

1484.9270,31.7796,31.7125,31.7594,31.7590,31.8303,26.7236,26.6397,30.3639,31.7682,28.5438,30.3210

1485.9280,31.7856,31.7387,31.7730,31.7490,31.8279,26.7193,26.6542,30.3582,31.7748,28.5388,30.3257

1486.9280,31.7820,31.7339,31.7893,31.7274,31.8344,26.7190,26.6944,30.3259,31.7734,28.5225,30.3258

1487.9270,31.7723,31.7110,31.7875,31.7565,31.8443,26.7422,26.7177,30.3444,31.7743,28.5433,30.3345

1488.9280,31.7866,31.7123,31.7902,31.7517,31.8475,26.7175,26.7269,30.3348,31.7777,28.5261,30.3334

1489.9270,31.7620,31.7035,31.7579,31.7650,31.8232,26.7225,26.7277,30.3403,31.7623,28.5314,30.3253

1490.9280,31.7643,31.7230,31.7784,31.7568,31.8558,26.7115,26.7762,30.3651,31.7756,28.5383,30.3414

1491.9270,31.7830,31.7094,31.8004,31.7540,31.8577,26.7228,26.7727,30.3593,31.7809,28.5410,30.3449

1492.9280,31.7825,31.7207,31.7611,31.7456,31.8442,26.7416,26.8251,30.3575,31.7708,28.5495,30.3473

1493.9270,31.7616,31.7049,31.7744,31.7669,31.8448,26.7150,26.8461,30.3436,31.7705,28.5293,30.3447

1494.9270,31.7695,31.7291,31.7840,31.7540,31.8323,26.7479,26.8191,30.3567,31.7738,28.5523,30.3491

1495.9270,31.7709,31.7137,31.8067,31.7593,31.8297,26.7300,26.8290,30.3478,31.7761,28.5389,30.3484

1496.9270,31.7910,31.7298,31.7861,31.7626,31.8387,26.7412,26.8020,30.3471,31.7816,28.5442,30.3498

1497.9270,31.7771,31.7066,31.7836,31.7549,31.8441,26.7183,26.8367,30.3526,31.7733,28.5354,30.3467

1498.9270,31.7979,31.7260,31.7702,31.7603,31.8471,26.7109,26.8339,30.3653,31.7803,28.5381,30.3515

1499.9280,31.7670,31.7257,31.7985,31.7619,31.8243,26.7346,26.8185,30.3570,31.7755,28.5458,30.3484

1500.9270,31.7819,31.7336,31.7895,31.7608,31.8383,26.7457,26.8250,30.3489,31.7808,28.5473,30.3530

1501.9280,31.7784,31.7313,31.7876,31.7496,31.8580,26.7280,26.8558,30.3261,31.7810,28.5271,30.3518

1502.9270,31.7800,31.7489,31.7635,31.7602,31.8470,26.7326,26.8566,30.3583,31.7799,28.5454,30.3559

1503.9270,31.7877,31.7121,31.7943,31.7643,31.8361,26.7341,26.8633,30.3415,31.7789,28.5378,30.3542

1504.9270,31.7613,31.7336,31.7820,31.7585,31.8533,26.7264,26.8618,30.3555,31.7778,28.5410,30.3541

1505.9270,31.7747,31.7258,31.7784,31.7690,31.8474,26.7381,26.8447,30.3535,31.7791,28.5458,30.3539

1506.9270,31.7928,31.7208,31.7992,31.7433,31.8541,26.7251,26.8444,30.3603,31.7821,28.5427,30.3550

1507.9270,31.7695,31.7191,31.7835,31.7370,31.8487,26.7366,26.8549,30.3538,31.7716,28.5452,30.3504

1508.9270,31.7739,31.7292,31.7930,31.7601,31.8479,26.7230,26.8386,30.3591,31.7808,28.5411,30.3531

1509.9270,31.7741,31.7341,31.7970,31.7561,31.8261,26.7275,26.8544,30.3537,31.7775,28.5406,30.3529

1510.9280,31.7764,31.7266,31.7857,31.7580,31.8416,26.7176,26.8661,30.3509,31.7777,28.5342,30.3529

1511.9280,31.7795,31.7296,31.7818,31.7470,31.8648,26.7523,26.8598,30.3540,31.7806,28.5532,30.3586

1512.9280,31.7832,31.7288,31.7805,31.7495,31.8401,26.7494,26.8720,30.3577,31.7764,28.5535,30.3576

1513.9270,31.7921,31.7353,31.7864,31.7456,31.8639,26.7418,26.8696,30.3586,31.7846,28.5502,30.3617

1514.9280,31.7792,31.7101,31.7768,31.7664,31.8434,26.7355,26.8383,30.3547,31.7752,28.5451,30.3506

1515.9270,31.7956,31.7327,31.7979,31.7820,31.8613,26.7185,26.8289,30.3481,31.7939,28.5333,30.3581

1516.9270,31.7800,31.7357,31.7897,31.7714,31.8484,26.7476,26.8561,30.3423,31.7850,28.5450,30.3589

1517.9270,31.7795,31.7206,31.8093,31.7840,31.8520,26.7537,26.8296,30.3573,31.7891,28.5555,30.3607

1518.9270,31.7806,31.7210,31.7951,31.7688,31.8632,26.7237,26.8510,30.3565,31.7857,28.5401,30.3575

1519.9270,31.7906,31.7425,31.7975,31.7674,31.8331,26.7328,26.8493,30.3656,31.7862,28.5492,30.3598

1520.9280,31.7943,31.7464,31.7933,31.7619,31.8370,26.7370,26.8374,30.3462,31.7866,28.5416,30.3567

1521.9270,31.7796,31.7281,31.8037,31.7558,31.8492,26.7576,26.8477,30.3588,31.7833,28.5582,30.3601

1522.9270,31.7705,31.7379,31.7815,31.7609,31.8562,26.7564,26.8767,30.3534,31.7814,28.5549,30.3617

1523.9280,31.7922,31.7400,31.7996,31.7818,31.8761,26.7481,26.8839,30.3385,31.7979,28.5433,30.3700

1524.9270,31.8054,31.7334,31.7963,31.7752,31.8620,26.7312,26.9052,30.3536,31.7945,28.5424,30.3703

1525.9280,31.7872,31.7468,31.7824,31.7571,31.8416,26.7596,26.8996,30.3467,31.7830,28.5531,30.3651

1526.9270,31.7979,31.7323,31.7947,31.7727,31.8393,26.7232,26.9047,30.3456,31.7874,28.5344,30.3638

1527.9270,31.7759,31.7302,31.7912,31.7663,31.8489,26.7435,26.9251,30.3547,31.7825,28.5491,30.3670

1528.9270,31.7992,31.7295,31.8122,31.7845,31.8460,26.7386,26.9258,30.3572,31.7943,28.5479,30.3741

1529.9270,31.7835,31.7403,31.7976,31.7657,31.8591,26.7309,26.9417,30.3566,31.7892,28.5437,30.3719

1530.9280,31.7892,31.7451,31.8005,31.7709,31.8530,26.7536,26.9478,30.3360,31.7917,28.5448,30.3745

1531.9270,31.7759,31.7607,31.7902,31.7691,31.8461,26.7425,26.9420,30.3447,31.7884,28.5436,30.3714

1532.9270,31.8036,31.7372,31.7996,31.7653,31.8705,26.7666,26.9397,30.3471,31.7952,28.5569,30.3787

1533.9270,31.7779,31.7338,31.7925,31.7582,31.8620,26.7530,26.9445,30.3467,31.7849,28.5498,30.3711

1534.9270,31.7912,31.7471,31.7847,31.7687,31.8612,26.7475,26.9475,30.3525,31.7906,28.5500,30.3751

1535.9270,31.7770,31.7535,31.7990,31.7826,31.8511,26.7483,26.9653,30.3562,31.7926,28.5522,30.3791

1536.9270,31.7963,31.7424,31.7866,31.7936,31.8748,26.7263,26.9649,30.3600,31.7987,28.5431,30.3806

1537.9270,31.7916,31.7558,31.7896,31.7717,31.8694,26.7498,26.9583,30.3680,31.7956,28.5589,30.3818

1538.9280,31.7772,31.7591,31.7971,31.7694,31.8483,26.7519,26.9707,30.3536,31.7902,28.5527,30.3784

1539.9280,31.7867,31.7420,31.7941,31.7641,31.8599,26.7472,26.9495,30.3518,31.7894,28.5495,30.3744

1540.9270,31.8046,31.7343,31.8010,31.7780,31.8639,26.7624,26.9656,30.3622,31.7963,28.5623,30.3840

1541.9270,31.8037,31.7489,31.8211,31.7728,31.8563,26.7478,26.9421,30.3420,31.8006,28.5449,30.3793

1542.9270,31.7920,31.7495,31.8096,31.7640,31.8635,26.7521,26.9209,30.3618,31.7957,28.5569,30.3767

1543.9270,31.7855,31.7445,31.8243,31.7609,31.8722,26.7423,26.9323,30.3407,31.7975,28.5415,30.3753

1544.9270,31.7867,31.7663,31.8165,31.7677,31.8471,26.7497,26.9025,30.3462,31.7969,28.5479,30.3728

1545.9280,31.8093,31.7429,31.8109,31.7710,31.8550,26.7497,26.8775,30.3415,31.7978,28.5456,30.3697

1546.9270,31.7994,31.7294,31.8027,31.7905,31.8829,26.7633,26.8411,30.3650,31.8010,28.5641,30.3718

1547.9280,31.7999,31.7475,31.8001,31.7696,31.8559,26.7501,26.8543,30.3532,31.7946,28.5517,30.3663

1548.9280,31.7986,31.7351,31.8177,31.7957,31.8651,26.7621,26.8456,30.3431,31.8025,28.5526,30.3704

1549.9280,31.8033,31.7294,31.8120,31.7622,31.8725,26.7498,26.8361,30.3685,31.7959,28.5591,30.3667

1550.9280,31.7815,31.7699,31.7934,31.7812,31.8689,26.7416,26.8147,30.3405,31.7990,28.5410,30.3615

1551.9270,31.7886,31.7499,31.8114,31.7734,31.8522,26.7662,26.8247,30.3599,31.7951,28.5630,30.3658

1552.9270,31.7772,31.7475,31.8104,31.7747,31.8601,26.7608,26.8301,30.3639,31.7940,28.5623,30.3656

1553.9270,31.7574,31.7439,31.8110,31.7880,31.8702,26.7410,26.8178,30.3521,31.7941,28.5465,30.3602

1554.9270,31.7771,31.7427,31.8112,31.7727,31.8652,26.7470,26.8357,30.3624,31.7937,28.5547,30.3642

1555.9270,31.7970,31.7610,31.8098,31.7774,31.8737,26.7623,26.8307,30.3480,31.8038,28.5552,30.3700

1556.9270,31.8003,31.7539,31.8013,31.7882,31.8703,26.7647,26.8435,30.3415,31.8028,28.5531,30.3705

1557.9270,31.7913,31.7577,31.8131,31.7910,31.8666,26.7656,26.8514,30.3400,31.8040,28.5528,30.3721

1558.9270,31.7855,31.7221,31.8155,31.7606,31.8672,26.7653,26.8611,30.3553,31.7902,28.5603,30.3666

1559.9270,31.7938,31.7574,31.8156,31.7668,31.8677,26.7525,26.8510,30.3758,31.8003,28.5641,30.3726

1560.9270,31.7896,31.7538,31.8181,31.7674,31.8688,26.7724,26.8393,30.3402,31.7996,28.5563,30.3687

1561.9270,31.8035,31.7490,31.8044,31.7711,31.8786,26.7651,26.8372,30.3916,31.8013,28.5784,30.3751

1562.9270,31.7960,31.7432,31.8188,31.7845,31.8723,26.7698,26.8443,30.3517,31.8030,28.5608,30.3726

1563.9270,31.8125,31.7661,31.8116,31.7807,31.8708,26.7477,26.8472,30.3602,31.8083,28.5540,30.3746

1564.9270,31.7893,31.7678,31.8199,31.7894,31.8654,26.7583,26.8724,30.3558,31.8063,28.5570,30.3773

1565.9270,31.7935,31.7526,31.8094,31.7883,31.8591,26.7669,26.8687,30.3648,31.8006,28.5658,30.3754

1566.9270,31.8135,31.7537,31.8049,31.7856,31.8692,26.7440,26.8959,30.3608,31.8054,28.5524,30.3785

1567.9280,31.7755,31.7581,31.8177,31.7863,31.8708,26.7662,26.8907,30.3659,31.8017,28.5661,30.3789

1568.9270,31.7984,31.7636,31.8124,31.7960,31.8570,26.7548,26.8953,30.3696,31.8055,28.5622,30.3809

1569.9270,31.8041,31.7706,31.8316,31.7950,31.8597,26.7572,26.8982,30.3532,31.8122,28.5552,30.3837

1570.9270,31.8033,31.7641,31.7988,31.7852,31.8669,26.7654,26.9040,30.3760,31.8037,28.5707,30.3830

1571.9270,31.8222,31.7626,31.8316,31.7889,31.8743,26.7617,26.8928,30.3469,31.8159,28.5543,30.3851

1572.9270,31.8067,31.7707,31.8261,31.7726,31.8702,26.7456,26.8918,30.3568,31.8093,28.5512,30.3801

1573.9280,31.7880,31.7745,31.8237,31.7702,31.8444,26.7311,26.8924,30.3691,31.8002,28.5501,30.3742

1574.9280,31.7929,31.7546,31.8077,31.7696,31.9001,26.7483,26.8959,30.3631,31.8050,28.5557,30.3790

1575.9280,31.8012,31.7457,31.8100,31.7786,31.8644,26.7515,26.9099,30.3715,31.8000,28.5615,30.3791

1576.9270,31.7889,31.7647,31.8285,31.7848,31.8919,26.7711,26.9173,30.3685,31.8117,28.5698,30.3895

1577.9270,31.7841,31.7556,31.8251,31.7791,31.8725,26.7532,26.9498,30.3549,31.8033,28.5540,30.3843

1578.9280,31.8089,31.7579,31.8306,31.7875,31.8752,26.7625,26.9422,30.3665,31.8120,28.5645,30.3914

1579.9270,31.7999,31.7589,31.8255,31.7828,31.8687,26.7587,26.9511,30.3909,31.8072,28.5748,30.3921

1580.9270,31.8058,31.7732,31.8094,31.7554,31.8882,26.7584,26.9711,30.3531,31.8064,28.5558,30.3893

1581.9280,31.8023,31.7687,31.8016,31.7645,31.8720,26.7403,26.9845,30.3782,31.8018,28.5592,30.3890

1582.9280,31.8043,31.7512,31.8192,31.7901,31.8554,26.7517,26.9734,30.3868,31.8040,28.5693,30.3915

1583.9270,31.8014,31.7639,31.8263,31.7948,31.8728,26.7649,26.9912,30.3834,31.8118,28.5742,30.3998

1584.9270,31.7994,31.7771,31.8221,31.8006,31.8869,26.7558,26.9765,30.3552,31.8172,28.5555,30.3967

1585.9270,31.7966,31.7530,31.8173,31.7990,31.8675,26.7648,27.0133,30.3674,31.8067,28.5661,30.3974

1586.9270,31.7956,31.7713,31.8243,31.7830,31.8736,26.7605,27.0184,30.3739,31.8096,28.5672,30.4001

1587.9270,31.8187,31.7536,31.8067,31.7992,31.8832,26.7695,26.9784,30.3730,31.8123,28.5712,30.3978

1588.9270,31.8096,31.7880,31.8331,31.7875,31.8762,26.7769,26.9980,30.3686,31.8189,28.5728,30.4048

1589.9270,31.7896,31.7946,31.8336,31.7965,31.8608,26.7855,26.9987,30.3754,31.8150,28.5805,30.4043

1590.9270,31.8207,31.7566,31.8284,31.7965,31.8913,26.7782,26.9724,30.3817,31.8187,28.5799,30.4032

1591.9270,31.8032,31.7499,31.8114,31.7861,31.8903,26.7671,26.9680,30.3650,31.8082,28.5661,30.3926

1592.9280,31.7967,31.7715,31.8236,31.7945,31.8818,26.7601,26.9294,30.3514,31.8136,28.5558,30.3886

1593.9270,31.8014,31.7605,31.8088,31.7896,31.8792,26.7620,26.9374,30.3834,31.8079,28.5727,30.3903

1594.9270,31.8025,31.7706,31.8279,31.8063,31.9091,26.7834,26.8980,30.3751,31.8233,28.5793,30.3966

1595.9270,31.8107,31.7530,31.8182,31.8065,31.8900,26.7751,26.8921,30.3843,31.8157,28.5797,30.3912

1596.9270,31.8192,31.7771,31.8255,31.7959,31.8640,26.7605,26.8756,30.3603,31.8163,28.5604,30.3848

1597.9270,31.8149,31.7667,31.8272,31.7850,31.8530,26.7728,26.8638,30.3772,31.8094,28.5750,30.3826

1598.9270,31.8192,31.7837,31.8157,31.7828,31.8781,26.7696,26.8861,30.3726,31.8159,28.5711,30.3885

1599.9270,31.8103,31.7597,31.8310,31.8038,31.8845,26.7743,26.8719,30.3576,31.8179,28.5660,30.3867

1600.9270,31.8052,31.7624,31.8004,31.7854,31.8863,26.7606,26.8347,30.3759,31.8080,28.5683,30.3764

1601.9270,31.8155,31.7557,31.8284,31.7951,31.8828,26.7700,26.8370,30.3500,31.8155,28.5600,30.3793

1602.9270,31.8194,31.7743,31.8086,31.7861,31.8870,26.7721,26.8725,30.3667,31.8151,28.5694,30.3858

1603.9270,31.8036,31.7886,31.8248,31.7985,31.8825,26.7633,26.8656,30.3762,31.8196,28.5698,30.3879

1604.9270,31.8052,31.7746,31.8230,31.7957,31.8718,26.7560,26.8663,30.3732,31.8141,28.5646,30.3832

1605.9270,31.8089,31.7364,31.8303,31.7857,31.8828,26.7956,26.8800,30.3609,31.8088,28.5782,30.3851

1606.9270,31.8137,31.7724,31.8240,31.7972,31.8766,26.7711,26.8650,30.3568,31.8168,28.5640,30.3846

1607.9280,31.8147,31.7717,31.8412,31.7994,31.8834,26.7542,26.8556,30.3545,31.8221,28.5544,30.3843

1608.9270,31.8082,31.7603,31.8274,31.8185,31.8744,26.7830,26.8854,30.3856,31.8178,28.5843,30.3929

1609.9280,31.8201,31.7779,31.8366,31.7742,31.8995,26.7662,26.8657,30.3810,31.8217,28.5736,30.3901

1610.9270,31.8106,31.7851,31.8259,31.8062,31.8855,26.7647,26.8609,30.3659,31.8227,28.5653,30.3881

1611.9280,31.8153,31.7714,31.7982,31.7846,31.8831,26.7619,26.8345,30.3734,31.8105,28.5676,30.3778

1612.9280,31.8184,31.7614,31.8182,31.8064,31.8965,26.7796,26.8343,30.3530,31.8202,28.5663,30.3835

1613.9280,31.8170,31.7788,31.8262,31.8056,31.8872,26.7551,26.8121,30.3826,31.8230,28.5688,30.3831

1614.9270,31.7982,31.7602,31.8095,31.7879,31.8869,26.7696,26.7895,30.3760,31.8085,28.5728,30.3722

1615.9270,31.8073,31.7803,31.8052,31.7756,31.8695,26.7670,26.7750,30.3738,31.8076,28.5704,30.3692

1616.9270,31.8096,31.7698,31.8529,31.8036,31.8792,26.7778,26.7613,30.3672,31.8230,28.5725,30.3777

1617.9270,31.8275,31.7781,31.8363,31.8039,31.8842,26.7769,26.7330,30.3658,31.8260,28.5714,30.3757

1618.9270,31.8040,31.7853,31.8271,31.7980,31.8820,26.7737,26.7538,30.3692,31.8193,28.5714,30.3741

1619.9270,31.8225,31.7724,31.8320,31.8076,31.8822,26.7625,26.7403,30.3726,31.8233,28.5675,30.3740

1620.9270,31.8124,31.7777,31.8345,31.7974,31.8795,26.7867,26.7188,30.3940,31.8203,28.5903,30.3751

1621.9270,31.8338,31.7909,31.8251,31.7838,31.8918,26.7719,26.7154,30.3689,31.8251,28.5704,30.3727

1622.9270,31.8320,31.7543,31.8299,31.8125,31.8890,26.7900,26.7164,30.3789,31.8236,28.5844,30.3754

1623.9270,31.8065,31.7662,31.8042,31.8014,31.8789,26.7903,26.6780,30.3481,31.8115,28.5692,30.3592

1624.9280,31.7997,31.7952,31.8286,31.7952,31.8962,26.7698,26.6872,30.3639,31.8230,28.5668,30.3670

1625.9270,31.8285,31.7710,31.8255,31.8011,31.9072,26.7656,26.7039,30.3809,31.8267,28.5733,30.3730

1626.9270,31.8194,31.7656,31.8336,31.7923,31.8707,26.7740,26.7089,30.3826,31.8163,28.5783,30.3684

1627.9270,31.8148,31.7849,31.8403,31.8018,31.8957,26.7632,26.7184,30.3738,31.8275,28.5685,30.3741

1628.9270,31.8200,31.7738,31.8287,31.8099,31.8963,26.7808,26.7180,30.3852,31.8257,28.5830,30.3766

1629.9270,31.8025,31.7683,31.8284,31.8035,31.9021,26.7518,26.7339,30.3564,31.8210,28.5541,30.3684

1630.9280,31.8055,31.7579,31.8409,31.8053,31.8851,26.7615,26.7700,30.3688,31.8189,28.5651,30.3744

1631.9270,31.8242,31.7686,31.8296,31.7995,31.8911,26.7793,26.7581,30.3842,31.8226,28.5817,30.3793

1632.9270,31.8140,31.7610,31.8230,31.7821,31.8906,26.7695,26.7827,30.3486,31.8141,28.5590,30.3714

1633.9270,31.8186,31.7663,31.8231,31.7944,31.8977,26.7863,26.8038,30.3757,31.8200,28.5810,30.3832

1634.9270,31.8310,31.7684,31.8224,31.8022,31.8919,26.7767,26.8503,30.3704,31.8232,28.5735,30.3892

1635.9270,31.8273,31.7666,31.8047,31.7948,31.8854,26.7645,26.8630,30.3868,31.8158,28.5757,30.3866

1636.9270,31.8221,31.7679,31.8209,31.8157,31.8951,26.7649,26.9012,30.3834,31.8243,28.5742,30.3964

1637.9270,31.8142,31.7883,31.8235,31.8028,31.8873,26.7598,26.8942,30.3695,31.8232,28.5647,30.3925

1638.9270,31.8209,31.7774,31.8197,31.7981,31.8830,26.7670,26.9353,30.3667,31.8198,28.5669,30.3960

1639.9270,31.8240,31.7512,31.8328,31.7944,31.8981,26.7824,26.9663,30.3811,31.8201,28.5818,30.4038

1640.9270,31.8346,31.7882,31.8366,31.8178,31.8976,26.7930,27.0170,30.3852,31.8350,28.5891,30.4213

1641.9270,31.8173,31.7735,31.8322,31.8186,31.8787,26.7756,27.0647,30.3772,31.8240,28.5764,30.4172

1642.9270,31.8270,31.7874,31.8367,31.8156,31.8944,26.7826,27.0759,30.3579,31.8322,28.5702,30.4222

1643.9280,31.8165,31.7601,31.8394,31.7915,31.8821,26.7729,27.0997,30.3863,31.8179,28.5796,30.4186

1644.9270,31.8117,31.7784,31.8295,31.7924,31.8619,26.7671,27.1274,30.3763,31.8148,28.5717,30.4181

1645.9280,31.8345,31.7773,31.8449,31.7937,31.8843,26.7863,27.1414,30.3752,31.8269,28.5808,30.4297

1646.9290,31.8251,31.7786,31.8340,31.7917,31.9006,26.7712,27.1300,30.3803,31.8260,28.5758,30.4264

1647.9270,31.8096,31.7681,31.8352,31.8085,31.8972,26.7863,27.1423,30.3752,31.8237,28.5808,30.4278

1648.9270,31.7936,31.7673,31.8269,31.8072,31.8968,26.7707,27.1380,30.3672,31.8183,28.5690,30.4210

1649.9270,31.8005,31.7791,31.8308,31.7866,31.8983,26.7852,27.1369,30.3788,31.8191,28.5820,30.4245

1650.9270,31.8215,31.7939,31.8441,31.8056,31.8873,26.7799,27.1232,30.3637,31.8305,28.5718,30.4274

1651.9280,31.8105,31.7622,31.8471,31.7997,31.8861,26.7594,27.1286,30.3728,31.8211,28.5661,30.4208

1652.9280,31.8041,31.7918,31.8453,31.8063,31.8870,26.7600,27.1226,30.3716,31.8269,28.5658,30.4236

1653.9270,31.8035,31.7813,31.8297,31.8165,31.9024,26.7878,27.1079,30.3898,31.8267,28.5888,30.4274

1654.9270,31.8163,31.7914,31.8378,31.8172,31.8937,26.7846,27.1236,30.3805,31.8313,28.5825,30.4306

1655.9280,31.8252,31.7796,31.8261,31.8172,31.8838,26.7765,27.0901,30.3833,31.8264,28.5799,30.4227

1656.9280,31.8205,31.7723,31.8370,31.8018,31.8844,26.7789,27.1033,30.3715,31.8232,28.5752,30.4212

1657.9270,31.8180,31.7631,31.8476,31.8152,31.8824,26.7740,27.0791,30.3945,31.8253,28.5843,30.4218

1658.9270,31.8245,31.7796,31.8500,31.7974,31.9129,26.7744,27.0832,30.3915,31.8329,28.5829,30.4267

1659.9270,31.8274,31.7797,31.8346,31.8036,31.8984,26.7839,27.0758,30.3761,31.8287,28.5800,30.4224

1660.9280,31.8066,31.7852,31.8270,31.7852,31.8772,26.7701,27.0921,30.3792,31.8162,28.5746,30.4153

1661.9270,31.8276,31.7740,31.8430,31.8092,31.8946,26.7629,27.0788,30.3885,31.8297,28.5757,30.4223

1662.9270,31.8153,31.7679,31.8660,31.8317,31.8932,26.7548,27.0801,30.3828,31.8348,28.5688,30.4240

1663.9280,31.8318,31.7823,31.8123,31.7921,31.8987,26.7751,27.0528,30.3781,31.8234,28.5766,30.4154

1664.9270,31.8095,31.7800,31.8462,31.8213,31.9063,26.7839,27.0588,30.3714,31.8327,28.5776,30.4222

1665.9270,31.8294,31.7774,31.8248,31.8220,31.8924,26.7732,27.0637,30.3852,31.8292,28.5792,30.4210

1666.9270,31.8367,31.7906,31.8301,31.8193,31.8967,26.7787,27.0639,30.3803,31.8347,28.5795,30.4245

1667.9280,31.8218,31.7990,31.8206,31.8084,31.9121,26.7892,27.0584,30.3766,31.8324,28.5829,30.4233

1668.9270,31.8346,31.8032,31.8524,31.8144,31.9172,26.7827,27.0434,30.3909,31.8444,28.5868,30.4299

1669.9280,31.8148,31.7930,31.8376,31.8076,31.8935,26.7745,27.0395,30.3705,31.8293,28.5725,30.4164

1670.9270,31.7948,31.7778,31.8566,31.8116,31.8942,26.7804,27.0167,30.3830,31.8270,28.5817,30.4144

1671.9270,31.8253,31.7965,31.8349,31.7965,31.8969,26.7770,27.0227,30.3838,31.8300,28.5804,30.4167

1672.9270,31.8272,31.8052,31.8385,31.8075,31.9239,26.7662,27.0298,30.3839,31.8405,28.5751,30.4228

1673.9270,31.8273,31.7990,31.8403,31.7975,31.9013,26.7682,27.0205,30.3934,31.8331,28.5808,30.4184

1674.9280,31.8185,31.7812,31.8352,31.8239,31.8868,26.7825,27.0386,30.3733,31.8291,28.5779,30.4175

1675.9270,31.8287,31.7772,31.8494,31.8030,31.9076,26.7678,27.0215,30.3962,31.8332,28.5820,30.4189

1676.9270,31.8272,31.7487,31.8233,31.8125,31.9040,26.7705,27.0166,30.3923,31.8231,28.5814,30.4119

1677.9270,31.8269,31.7839,31.8567,31.7994,31.9013,26.7881,27.0050,30.3803,31.8336,28.5842,30.4177

1678.9270,31.8202,31.7907,31.8339,31.8217,31.9104,26.7837,26.9856,30.3816,31.8354,28.5826,30.4160

1679.9270,31.8271,31.7961,31.8486,31.8101,31.9143,26.7779,26.9779,30.3791,31.8392,28.5785,30.4164

1680.9270,31.8449,31.7933,31.8435,31.8149,31.8722,26.7704,26.9538,30.3786,31.8338,28.5745,30.4089

1681.9270,31.8548,31.7923,31.8439,31.8172,31.9045,26.7850,26.9506,30.3866,31.8425,28.5858,30.4169

1682.9270,31.8381,31.7793,31.8497,31.8145,31.8957,26.7776,26.9328,30.4051,31.8355,28.5914,30.4116

1683.9270,31.8327,31.7816,31.8374,31.8102,31.8994,26.7832,26.9199,30.3965,31.8323,28.5898,30.4076

1684.9280,31.8399,31.7872,31.8257,31.8125,31.9111,26.7706,26.9031,30.4056,31.8353,28.5881,30.4069

1685.9270,31.8440,31.7870,31.8386,31.8090,31.8959,26.7817,26.8807,30.3946,31.8349,28.5881,30.4039

1686.9270,31.8289,31.7923,31.8481,31.8021,31.9087,26.7944,26.8863,30.4063,31.8360,28.6003,30.4084

1687.9270,31.8361,31.7751,31.8465,31.8319,31.9230,26.8044,26.8742,30.3918,31.8425,28.5981,30.4104

1688.9270,31.8114,31.7783,31.8351,31.8295,31.9126,26.8074,26.8640,30.3948,31.8334,28.6011,30.4042

1689.9280,31.8463,31.7815,31.8331,31.8031,31.8782,26.7788,26.8439,30.3908,31.8284,28.5848,30.3945

1690.9270,31.8457,31.7900,31.8440,31.7839,31.9036,26.7778,26.8632,30.3987,31.8334,28.5882,30.4009

1691.9270,31.8304,31.7808,31.8371,31.8221,31.9066,26.7921,26.8798,30.3791,31.8354,28.5856,30.4035

1692.9270,31.8336,31.8008,31.8210,31.8224,31.8989,26.7958,26.8873,30.3997,31.8354,28.5978,30.4075

1693.9280,31.8448,31.7714,31.8352,31.8075,31.8741,26.7806,26.8895,30.4019,31.8266,28.5913,30.4006

1694.9280,31.8201,31.7972,31.8225,31.8117,31.8897,26.7874,26.8888,30.3899,31.8282,28.5887,30.4009

1695.9270,31.8279,31.7879,31.8414,31.8047,31.8963,26.8032,26.9291,30.3977,31.8316,28.6005,30.4110

1696.9270,31.8383,31.8032,31.8502,31.8122,31.9060,26.8053,26.9406,30.4063,31.8420,28.6058,30.4203

1697.9270,31.8323,31.7872,31.8496,31.8139,31.8956,26.7875,26.9421,30.3966,31.8357,28.5920,30.4131

1698.9270,31.8272,31.7944,31.8376,31.8179,31.9165,26.7898,26.9582,30.4055,31.8387,28.5977,30.4184

1699.9280,31.8483,31.7956,31.8426,31.8261,31.8862,26.8012,26.9582,30.3909,31.8398,28.5960,30.4186

1700.9270,31.8276,31.8013,31.8426,31.8055,31.9106,26.7908,26.9850,30.3937,31.8375,28.5922,30.4196

1701.9270,31.8377,31.7825,31.8290,31.8318,31.8900,26.7971,27.0206,30.3826,31.8342,28.5899,30.4214

1702.9270,31.8444,31.7777,31.8687,31.8180,31.8988,26.8019,27.0113,30.3856,31.8415,28.5938,30.4258

1703.9280,31.8459,31.7942,31.8355,31.8144,31.8820,26.7936,27.0209,30.3810,31.8344,28.5873,30.4210

1704.9270,31.8292,31.7850,31.8343,31.8362,31.9085,26.7938,27.0295,30.4075,31.8386,28.6007,30.4280

1705.9280,31.8466,31.8152,31.8260,31.8241,31.9034,26.8093,27.0267,30.4052,31.8430,28.6073,30.4321

1706.9270,31.8448,31.7932,31.8434,31.8148,31.9054,26.7929,27.0551,30.4025,31.8403,28.5977,30.4315

1707.9270,31.8291,31.7770,31.8310,31.8164,31.9047,26.8082,27.0411,30.3862,31.8316,28.5972,30.4242

1708.9270,31.8210,31.7745,31.8412,31.8032,31.8998,26.8119,27.0406,30.3894,31.8279,28.6006,30.4227

1709.9270,31.8352,31.7964,31.8452,31.8048,31.9179,26.7884,27.0568,30.3933,31.8399,28.5909,30.4298

1710.9270,31.8366,31.8075,31.8357,31.8216,31.8892,26.7969,27.0501,30.4046,31.8381,28.6007,30.4303

1711.9270,31.8338,31.7729,31.8368,31.8311,31.9001,26.7927,27.0780,30.3840,31.8350,28.5884,30.4287

1712.9270,31.8489,31.7904,31.8561,31.8026,31.8993,26.8074,27.0974,30.4065,31.8395,28.6070,30.4386

1713.9270,31.8294,31.7934,31.8614,31.8262,31.9004,26.7902,27.1038,30.4012,31.8422,28.5957,30.4382

1714.9270,31.8305,31.7842,31.8682,31.8114,31.9260,26.8097,27.0973,30.3811,31.8441,28.5954,30.4385

1715.9270,31.8352,31.7941,31.8504,31.8438,31.9166,26.8120,27.1043,30.3834,31.8480,28.5977,30.4425

1716.9280,31.8328,31.7838,31.8546,31.8279,31.8955,26.8077,27.1010,30.3937,31.8389,28.6007,30.4371

1717.9270,31.8146,31.8013,31.8478,31.8206,31.9135,26.8168,27.1398,30.3751,31.8396,28.5960,30.4412

1718.9270,31.8362,31.8053,31.8283,31.8161,31.9030,26.8220,27.1346,30.3821,31.8378,28.6021,30.4410

1719.9270,31.8542,31.7758,31.8527,31.8119,31.9048,26.8231,27.1258,30.3940,31.8399,28.6086,30.4428

1720.9270,31.8335,31.7907,31.8470,31.8156,31.8930,26.8178,27.1173,30.3930,31.8360,28.6054,30.4385

1721.9270,31.8177,31.8075,31.8545,31.8103,31.9225,26.8298,27.1377,30.4012,31.8425,28.6155,30.4477

1722.9280,31.8285,31.7899,31.8378,31.8045,31.8937,26.8180,27.1169,30.4040,31.8309,28.6110,30.4367

1723.9270,31.8260,31.7770,31.8737,31.8160,31.9084,26.8358,27.1177,30.3789,31.8402,28.6074,30.4417

1724.9270,31.8321,31.8001,31.8381,31.8029,31.9109,26.8018,27.0979,30.4001,31.8368,28.6009,30.4355

1725.9270,31.8341,31.7846,31.8517,31.8254,31.9099,26.8171,27.1042,30.4040,31.8411,28.6105,30.4414

1726.9280,31.8383,31.7907,31.8479,31.8165,31.9150,26.8081,27.0919,30.4025,31.8417,28.6053,30.4389

1727.9280,31.8414,31.7788,31.8642,31.8337,31.9008,26.8074,27.0842,30.3944,31.8438,28.6009,30.4381

1728.9280,31.8237,31.7906,31.8525,31.8211,31.8990,26.8255,27.0566,30.3931,31.8374,28.6093,30.4328

1729.9270,31.8551,31.7916,31.8207,31.8113,31.9300,26.8198,27.0621,30.3860,31.8417,28.6029,30.4346

1730.9280,31.8410,31.8057,31.8610,31.8277,31.9131,26.8273,27.0602,30.3822,31.8497,28.6047,30.4398

1731.9270,31.8345,31.7761,31.8794,31.8184,31.9000,26.8264,27.0579,30.3931,31.8417,28.6097,30.4357

1732.9270,31.8308,31.7913,31.8378,31.8176,31.8978,26.8218,27.0679,30.3777,31.8351,28.5997,30.4303

1733.9270,31.8390,31.7959,31.8583,31.8456,31.9212,26.8286,27.0210,30.4046,31.8520,28.6166,30.4393

1734.9270,31.8496,31.7988,31.8410,31.8114,31.9133,26.8157,27.0415,30.3922,31.8428,28.6039,30.4329

1735.9280,31.8275,31.7798,31.8563,31.7972,31.9121,26.8076,27.0434,30.4049,31.8346,28.6063,30.4286

1736.9270,31.8674,31.7841,31.8498,31.8217,31.8954,26.8175,27.0052,30.4011,31.8437,28.6093,30.4303

1737.9290,31.8180,31.7967,31.8399,31.8113,31.9056,26.8216,27.0225,30.4080,31.8343,28.6148,30.4280

1738.9280,31.8142,31.7886,31.8529,31.8201,31.9097,26.8127,27.0390,30.3977,31.8371,28.6052,30.4294

1739.9280,31.8535,31.7972,31.8483,31.8230,31.9107,26.8177,27.0464,30.3867,31.8465,28.6022,30.4354

1740.9280,31.8263,31.7811,31.8533,31.8097,31.9186,26.8234,27.0351,30.4032,31.8378,28.6133,30.4313

1741.9280,31.8435,31.7920,31.8554,31.8258,31.9131,26.8142,27.0580,30.3828,31.8460,28.5985,30.4356

1742.9270,31.8362,31.8107,31.8684,31.8201,31.9233,26.8088,27.0559,30.3972,31.8517,28.6030,30.4401

1743.9270,31.8242,31.8046,31.8708,31.8285,31.9102,26.8028,27.0829,30.3884,31.8477,28.5956,30.4391

1744.9270,31.8344,31.7969,31.8593,31.8199,31.9006,26.8230,27.0752,30.3835,31.8422,28.6033,30.4366

1745.9280,31.8372,31.7964,31.8574,31.8166,31.9161,26.8164,27.0818,30.3737,31.8447,28.5950,30.4369

1746.9280,31.8401,31.8061,31.8685,31.8174,31.8906,26.8056,27.0904,30.4227,31.8445,28.6141,30.4427

1747.9270,31.8292,31.7761,31.8545,31.8338,31.9179,26.8041,27.0757,30.3793,31.8423,28.5917,30.4338

1748.9280,31.8413,31.7775,31.8498,31.8151,31.9043,26.8228,27.0874,30.3938,31.8376,28.6083,30.4365

1749.9270,31.8348,31.7990,31.8548,31.8318,31.9224,26.8163,27.0860,30.3999,31.8486,28.6081,30.4431

1750.9270,31.8412,31.8094,31.8591,31.8160,31.9183,26.8039,27.1118,30.3875,31.8488,28.5957,30.4434

1751.9280,31.8594,31.7814,31.8500,31.8171,31.9021,26.8170,27.1088,30.4123,31.8420,28.6146,30.4435

1752.9280,31.8466,31.7952,31.8515,31.8374,31.9252,26.8362,27.1267,30.4113,31.8512,28.6238,30.4538

1753.9270,31.8272,31.7892,31.8549,31.8127,31.9107,26.7974,27.1331,30.3820,31.8389,28.5897,30.4384

1754.9280,31.8337,31.8032,31.8755,31.8197,31.9130,26.7907,27.1627,30.3908,31.8490,28.5908,30.4487

1755.9270,31.8500,31.8052,31.8648,31.8165,31.9226,26.8250,27.1565,30.4199,31.8518,28.6224,30.4575

1756.9270,31.8328,31.7817,31.8544,31.8394,31.9065,26.8101,27.1623,30.3886,31.8430,28.5993,30.4470

1757.9270,31.8443,31.7989,31.8670,31.8271,31.9182,26.8151,27.2111,30.3945,31.8511,28.6048,30.4595

1758.9280,31.8423,31.8038,31.8512,31.8174,31.9151,26.7918,27.2261,30.3892,31.8460,28.5905,30.4546

1759.9280,31.8133,31.8003,31.8538,31.8276,31.9139,26.8188,27.2200,30.4080,31.8418,28.6134,30.4570

1760.9280,31.8630,31.8048,31.8602,31.8231,31.9137,26.8112,27.2412,30.3920,31.8530,28.6016,30.4637

1761.9270,31.8393,31.8166,31.8584,31.8002,31.9255,26.8043,27.2687,30.4040,31.8480,28.6041,30.4646

1762.9290,31.8569,31.7991,31.8643,31.8343,31.9070,26.8088,27.2798,30.3981,31.8523,28.6035,30.4685

1763.9280,31.8413,31.8031,31.8570,31.8082,31.9030,26.8082,27.3042,30.3792,31.8425,28.5937,30.4630

1764.9270,31.8403,31.7919,31.8660,31.8191,31.9120,26.8138,27.2999,30.3984,31.8459,28.6061,30.4677

1765.9280,31.8456,31.8044,31.8584,31.8344,31.9039,26.8055,27.2841,30.3788,31.8493,28.5922,30.4644

1766.9270,31.8656,31.8118,31.8780,31.8390,31.9211,26.8157,27.3022,30.3904,31.8631,28.6030,30.4780

1767.9270,31.8409,31.8140,31.8492,31.8267,31.9051,26.8215,27.2793,30.4056,31.8472,28.6135,30.4678

1768.9270,31.8527,31.7975,31.8304,31.8323,31.9083,26.8140,27.2539,30.3967,31.8442,28.6054,30.4607

1769.9270,31.8424,31.7854,31.8595,31.8107,31.9069,26.8193,27.2309,30.4029,31.8410,28.6111,30.4573

1770.9270,31.8567,31.8027,31.8529,31.8332,31.9054,26.8195,27.2123,30.3937,31.8502,28.6066,30.4595

1771.9270,31.8454,31.7929,31.8506,31.8239,31.9281,26.8157,27.1952,30.3903,31.8482,28.6030,30.4553

1772.9270,31.8495,31.8091,31.8561,31.8213,31.9152,26.8103,27.1748,30.3949,31.8502,28.6026,30.4539

1773.9280,31.8373,31.8001,31.8747,31.8198,31.9231,26.8401,27.1376,30.3846,31.8510,28.6124,30.4522

1774.9280,31.8497,31.8138,31.8598,31.8297,31.8983,26.8219,27.1369,30.3966,31.8503,28.6092,30.4508

1775.9270,31.8385,31.7992,31.8625,31.8320,31.9175,26.8177,27.1082,30.4103,31.8500,28.6140,30.4483

1776.9270,31.8527,31.8049,31.8603,31.8434,31.8805,26.7999,27.1111,30.4052,31.8483,28.6026,30.4447

1777.9270,31.8207,31.7969,31.8715,31.8438,31.9133,26.8041,27.1011,30.3901,31.8493,28.5971,30.4427

1778.9270,31.8476,31.8232,31.8570,31.8204,31.9129,26.8202,27.0965,30.3954,31.8522,28.6078,30.4467

1779.9270,31.8485,31.8067,31.8560,31.8368,31.9057,26.7990,27.1135,30.3986,31.8507,28.5988,30.4456

1780.9270,31.8442,31.8063,31.8528,31.8255,31.8936,26.8201,27.1012,30.3967,31.8445,28.6084,30.4425

1781.9290,31.8355,31.8096,31.8608,31.8490,31.9180,26.8317,27.1283,30.4045,31.8546,28.6181,30.4547

1782.9290,31.8309,31.7865,31.8644,31.8367,31.9071,26.8153,27.1199,30.4092,31.8452,28.6123,30.4463

1783.9270,31.8249,31.7890,31.8759,31.8477,31.9397,26.8238,27.1256,30.4027,31.8554,28.6133,30.4537

1784.9270,31.8372,31.7949,31.8719,31.8264,31.9090,26.8150,27.1399,30.4000,31.8479,28.6075,30.4493

1785.9270,31.8518,31.8076,31.8644,31.8357,31.9249,26.8085,27.1687,30.4194,31.8569,28.6139,30.4601

1786.9270,31.8346,31.8064,31.8782,31.8355,31.8899,26.8209,27.1636,30.3984,31.8489,28.6096,30.4534

1787.9270,31.8436,31.7965,31.8707,31.8294,31.9425,26.8210,27.1430,30.4055,31.8566,28.6133,30.4565

1788.9270,31.8596,31.8109,31.8616,31.8302,31.9006,26.7993,27.1736,30.3937,31.8526,28.5965,30.4537

1789.9270,31.8446,31.8053,31.8593,31.8213,31.9236,26.8356,27.1680,30.3947,31.8508,28.6151,30.4565

1790.9270,31.8530,31.8092,31.8796,31.8491,31.9299,26.8120,27.1661,30.3975,31.8642,28.6048,30.4621

1791.9270,31.8298,31.8085,31.8742,31.8254,31.9038,26.8208,27.1735,30.4180,31.8483,28.6194,30.4567

1792.9270,31.8568,31.8056,31.8661,31.8507,31.9150,26.8143,27.1887,30.4041,31.8588,28.6092,30.4627

1793.9270,31.8345,31.8200,31.8608,31.8341,31.9185,26.8349,27.1894,30.4090,31.8536,28.6219,30.4626

1794.9270,31.8491,31.8051,31.8469,31.8568,31.9192,26.8161,27.2107,30.3983,31.8554,28.6072,30.4628

1795.9270,31.8664,31.8112,31.8539,31.8008,31.9121,26.8184,27.2267,30.4081,31.8489,28.6133,30.4622

1796.9270,31.8412,31.8017,31.8637,31.8337,31.9346,26.8209,27.2066,30.4040,31.8550,28.6125,30.4633

1797.9290,31.8598,31.7919,31.8515,31.8350,31.9101,26.8268,27.2219,30.4052,31.8496,28.6160,30.4628

1798.9280,31.8642,31.8119,31.8767,31.8471,31.9241,26.8058,27.1807,30.4031,31.8648,28.6045,30.4642

1799.9270,31.8406,31.7905,31.8703,31.8426,31.9149,26.8118,27.1555,30.4086,31.8518,28.6102,30.4544

1800.9280,31.8410,31.8213,31.8579,31.8382,31.9320,26.8094,27.1348,30.4104,31.8581,28.6099,30.4556

1801.9270,31.8440,31.8083,31.8646,31.8477,31.9233,26.8251,27.1260,30.3918,31.8576,28.6085,30.4539

1802.9270,31.8408,31.8069,31.8862,31.8374,31.9392,26.8210,27.1284,30.4088,31.8621,28.6149,30.4586

1803.9270,31.8318,31.7908,31.8692,31.8119,31.9194,26.8398,27.1264,30.4092,31.8446,28.6245,30.4498

1804.9290,31.8620,31.8128,31.8767,31.8368,31.9203,26.8163,27.1238,30.3910,31.8617,28.6037,30.4550

1805.9270,31.8458,31.7962,31.8741,31.8516,31.9159,26.8283,27.1037,30.3982,31.8567,28.6133,30.4517

1806.9270,31.8438,31.8085,31.8625,31.8475,31.8958,26.8136,27.1083,30.4137,31.8516,28.6137,30.4492

1807.9280,31.8506,31.8065,31.8633,31.8548,31.9323,26.7973,27.0788,30.4022,31.8615,28.5997,30.4482

1808.9270,31.8490,31.7997,31.8988,31.8481,31.9293,26.8197,27.0475,30.4146,31.8650,28.6172,30.4508

1809.9270,31.8280,31.7978,31.8696,31.8410,31.9231,26.8156,27.0773,30.4284,31.8519,28.6220,30.4476

1810.9270,31.8541,31.8189,31.8672,31.8297,31.9137,26.8112,27.0324,30.4146,31.8567,28.6129,30.4427

1811.9270,31.8714,31.8045,31.8833,31.8472,31.9096,26.8126,27.0507,30.3910,31.8632,28.6018,30.4463

1812.9270,31.8622,31.8310,31.8822,31.8348,31.9207,26.8137,27.0424,30.4053,31.8662,28.6095,30.4490

1813.9280,31.8560,31.8014,31.8558,31.8502,31.9065,26.8098,27.0329,30.4170,31.8540,28.6134,30.4412

1814.9280,31.8497,31.8166,31.8734,31.8461,31.9367,26.7936,27.0270,30.4064,31.8645,28.6000,30.4437

1815.9270,31.8546,31.8063,31.8843,31.8411,31.9274,26.8245,27.0272,30.4038,31.8627,28.6142,30.4462

1816.9270,31.8494,31.7958,31.8596,31.8381,31.9099,26.8149,27.0399,30.4103,31.8505,28.6126,30.4397

1817.9280,31.8481,31.8066,31.8686,31.8423,31.9254,26.8344,27.0608,30.4048,31.8582,28.6196,30.4489

1818.9270,31.8384,31.8014,31.8601,31.8315,31.9300,26.8214,27.0609,30.4068,31.8523,28.6141,30.4438

1819.9280,31.8449,31.8158,31.8670,31.8449,31.9304,26.8246,27.0726,30.4021,31.8606,28.6133,30.4503

1820.9270,31.8504,31.8256,31.8795,31.8518,31.9077,26.8108,27.0805,30.4010,31.8630,28.6059,30.4509

1821.9280,31.8445,31.8092,31.8684,31.8135,31.9191,26.8157,27.0793,30.3979,31.8509,28.6068,30.4434

1822.9270,31.8510,31.8173,31.8774,31.8310,31.9197,26.8232,27.0788,30.3885,31.8593,28.6059,30.4484

1823.9270,31.8529,31.8150,31.8582,31.8272,31.9103,26.8142,27.0849,30.4086,31.8527,28.6114,30.4464

1824.9270,31.8541,31.8305,31.8774,31.8319,31.9187,26.8168,27.1082,30.4089,31.8625,28.6129,30.4558

1825.9290,31.8430,31.8049,31.8617,31.8321,31.9199,26.8194,27.0962,30.4204,31.8523,28.6199,30.4497

1826.9270,31.8676,31.8019,31.8718,31.8305,31.9164,26.8290,27.1068,30.4230,31.8577,28.6260,30.4559

1827.9270,31.8648,31.8305,31.8751,31.8488,31.9324,26.8192,27.1129,30.4070,31.8703,28.6131,30.4614

1828.9270,31.8588,31.8150,31.8582,31.8300,31.9216,26.7980,27.1380,30.4043,31.8567,28.6011,30.4530

1829.9270,31.8550,31.8234,31.8820,31.8520,31.8975,26.8366,27.1483,30.4216,31.8620,28.6291,30.4645

1830.9270,31.8467,31.7981,31.8606,31.8399,31.9197,26.8222,27.1480,30.4166,31.8530,28.6194,30.4565

1831.9270,31.8746,31.8163,31.8698,31.8374,31.9219,26.8195,27.1713,30.3810,31.8640,28.6003,30.4615

1832.9280,31.8521,31.7905,31.8422,31.8394,31.9238,26.8314,27.1789,30.3938,31.8496,28.6126,30.4565

1833.9270,31.8467,31.7939,31.8564,31.8470,31.9286,26.8255,27.2074,30.3912,31.8545,28.6084,30.4621

1834.9280,31.8648,31.8174,31.8503,31.8503,31.9268,26.8243,27.1972,30.4215,31.8619,28.6229,30.4691

1835.9280,31.8463,31.8021,31.8890,31.8448,31.9340,26.8128,27.1527,30.3997,31.8632,28.6062,30.4602

1836.9280,31.8424,31.8062,31.8696,31.8546,31.8935,26.8268,27.1418,30.4014,31.8532,28.6141,30.4545

1837.9270,31.8565,31.8294,31.8623,31.8384,31.9294,26.8216,27.1045,30.3977,31.8632,28.6097,30.4550

1838.9280,31.8516,31.8188,31.8817,31.8357,31.9291,26.8181,27.0808,30.3942,31.8634,28.6062,30.4513

1839.9270,31.8486,31.8049,31.8551,31.8537,31.9368,26.8203,27.0324,30.4025,31.8598,28.6114,30.4443

1840.9270,31.8614,31.8266,31.8820,31.8637,31.9176,26.8435,27.0439,30.4007,31.8703,28.6221,30.4549

1841.9270,31.8622,31.8177,31.8791,31.8369,31.9317,26.8509,27.0480,30.4072,31.8655,28.6291,30.4542

1842.9270,31.8618,31.7968,31.8512,31.8334,31.9245,26.8274,27.0292,30.4044,31.8535,28.6159,30.4411

1843.9280,31.8822,31.8030,31.8954,31.8156,31.9269,26.8196,27.0049,30.4121,31.8646,28.6159,30.4450

1844.9270,31.8639,31.8229,31.8835,31.8389,31.9356,26.8300,27.0295,30.3831,31.8690,28.6065,30.4484

1845.9270,31.8396,31.8194,31.8710,31.8480,31.9034,26.8457,27.0437,30.4062,31.8563,28.6259,30.4471

1846.9270,31.8568,31.8278,31.8911,31.8522,31.9137,26.8219,27.0548,30.3919,31.8683,28.6069,30.4513

1847.9290,31.8568,31.8197,31.8667,31.8338,31.9178,26.8172,27.0534,30.4004,31.8590,28.6088,30.4457

1848.9270,31.8402,31.8339,31.8846,31.8358,31.9250,26.8165,27.0683,30.3964,31.8639,28.6065,30.4501

1849.9270,31.8593,31.8273,31.8888,31.8447,31.9207,26.8263,27.0781,30.4061,31.8682,28.6162,30.4564

1850.9270,31.8356,31.8062,31.8676,31.8414,31.9333,26.8171,27.0732,30.3928,31.8568,28.6050,30.4459

1851.9280,31.8504,31.8064,31.8717,31.8233,31.9275,26.8264,27.0833,30.4071,31.8559,28.6167,30.4495

1852.9270,31.8397,31.8076,31.8705,31.8409,31.9258,26.8194,27.0777,30.3856,31.8569,28.6025,30.4459

1853.9270,31.8514,31.8184,31.8756,31.8189,31.9254,26.8259,27.0574,30.4198,31.8579,28.6229,30.4491

1854.9270,31.8658,31.8126,31.8610,31.8338,31.9351,26.8324,27.0592,30.3930,31.8617,28.6127,30.4491

1855.9280,31.8673,31.8069,31.8619,31.8309,31.9135,26.8302,27.0541,30.4039,31.8561,28.6170,30.4461

1856.9270,31.8376,31.8222,31.8747,31.8245,31.9292,26.8145,27.0441,30.4023,31.8576,28.6084,30.4436

1857.9270,31.8349,31.8152,31.8655,31.8265,31.9171,26.8315,27.0399,30.4118,31.8518,28.6216,30.4428

1858.9270,31.8499,31.8172,31.8608,31.8477,31.9031,26.8424,27.0366,30.4066,31.8557,28.6245,30.4455

1859.9270,31.8505,31.8170,31.8761,31.8390,31.9291,26.8401,27.0066,30.4025,31.8623,28.6213,30.4451

1860.9280,31.8657,31.8174,31.8770,31.8394,31.9324,26.8214,26.9690,30.3994,31.8664,28.6104,30.4402

1861.9270,31.8472,31.8187,31.8807,31.8417,31.9168,26.8396,26.9570,30.4011,31.8610,28.6203,30.4378

1862.9280,31.8533,31.8113,31.8569,31.8372,31.9202,26.8236,26.9528,30.3851,31.8558,28.6044,30.4301

1863.9270,31.8544,31.7991,31.8677,31.8442,31.9141,26.8360,26.9289,30.3754,31.8559,28.6057,30.4275

1864.9270,31.8402,31.8166,31.8819,31.8589,31.9377,26.8468,26.9052,30.4002,31.8671,28.6235,30.4359

1865.9270,31.8444,31.8245,31.8780,31.8372,31.9071,26.8392,26.9151,30.4039,31.8583,28.6215,30.4312

1866.9270,31.8599,31.8150,31.8854,31.8530,31.9159,26.8618,26.9137,30.4128,31.8658,28.6373,30.4397

1867.9290,31.8588,31.8197,31.8760,31.8455,31.9220,26.8517,26.8965,30.3986,31.8644,28.6252,30.4336

1868.9270,31.8479,31.8141,31.8662,31.8380,31.9262,26.8413,26.8998,30.3873,31.8585,28.6143,30.4276

1869.9270,31.8386,31.8094,31.8639,31.8535,31.9066,26.8589,26.9027,30.3925,31.8544,28.6257,30.4283

1870.9270,31.8408,31.8211,31.8770,31.8437,31.9230,26.8398,26.9006,30.3970,31.8611,28.6184,30.4304

1871.9270,31.8773,31.8252,31.8830,31.8492,31.9243,26.8387,26.9000,30.4166,31.8718,28.6277,30.4393

1872.9270,31.8405,31.8249,31.8615,31.8615,31.9352,26.8551,26.9235,30.4047,31.8647,28.6299,30.4383

1873.9270,31.8680,31.8313,31.8674,31.8369,31.9115,26.8473,26.9171,30.3956,31.8630,28.6214,30.4344

1874.9270,31.8594,31.8111,31.8660,31.8613,31.9341,26.8566,26.9250,30.3969,31.8664,28.6267,30.4388

1875.9270,31.8474,31.7998,31.8557,31.8449,31.9317,26.8422,26.9266,30.4131,31.8559,28.6277,30.4327

1876.9270,31.8720,31.8233,31.8711,31.8444,31.9350,26.8546,26.9423,30.3888,31.8691,28.6217,30.4414

1877.9270,31.8607,31.8229,31.8853,31.8346,31.9229,26.8457,26.9593,30.3977,31.8653,28.6217,30.4412

1878.9270,31.8580,31.8181,31.8669,31.8265,31.9251,26.8600,26.9896,30.3823,31.8589,28.6211,30.4408

1879.9270,31.8424,31.8230,31.8681,31.8348,31.9324,26.8598,26.9966,30.4015,31.8601,28.6307,30.4448

1880.9270,31.8543,31.8108,31.8807,31.8305,31.9357,26.8534,27.0161,30.3890,31.8624,28.6212,30.4463

1881.9280,31.8633,31.8172,31.8519,31.8430,31.9214,26.8521,27.0143,30.3801,31.8594,28.6161,30.4429

1882.9270,31.8770,31.8084,31.8704,31.8431,31.9328,26.8545,27.0502,30.3867,31.8663,28.6206,30.4529

1883.9270,31.8613,31.8160,31.8915,31.8409,31.9216,26.8538,27.0556,30.4138,31.8662,28.6338,30.4568

1884.9280,31.8605,31.8323,31.8806,31.8416,31.9153,26.8374,27.0506,30.4031,31.8661,28.6203,30.4527

1885.9290,31.8552,31.8198,31.8691,31.8419,31.9494,26.8671,27.0840,30.3918,31.8671,28.6294,30.4598

1886.9280,31.8493,31.8339,31.8841,31.8395,31.9273,26.8432,27.0898,30.3774,31.8668,28.6103,30.4555

1887.9270,31.8338,31.8098,31.8859,31.8216,31.9422,26.8493,27.0832,30.3816,31.8586,28.6154,30.4509

1888.9270,31.8513,31.8080,31.8882,31.8342,31.9488,26.8579,27.0852,30.4038,31.8661,28.6309,30.4597

1889.9270,31.8552,31.8219,31.8628,31.8487,31.9355,26.8543,27.0849,30.3866,31.8648,28.6204,30.4562

1890.9270,31.8594,31.8163,31.8782,31.8468,31.9256,26.8594,27.0886,30.3846,31.8653,28.6220,30.4574

1891.9270,31.8419,31.8342,31.8825,31.8595,31.9285,26.8528,27.0777,30.3878,31.8693,28.6203,30.4581

1892.9270,31.8714,31.8202,31.8742,31.8305,31.9310,26.8565,27.0903,30.3770,31.8655,28.6167,30.4564

1893.9270,31.8656,31.8171,31.8640,31.8438,31.9358,26.8709,27.0911,30.3786,31.8653,28.6247,30.4584

1894.9280,31.8450,31.8211,31.8737,31.8484,31.9225,26.8761,27.0836,30.3998,31.8621,28.6380,30.4588

1895.9270,31.8603,31.8318,31.8802,31.8440,31.9233,26.8528,27.0829,30.4002,31.8679,28.6265,30.4595

1896.9280,31.8429,31.8322,31.8890,31.8379,31.9158,26.8636,27.0758,30.3940,31.8636,28.6288,30.4564

1897.9270,31.8525,31.8219,31.8881,31.8590,31.9233,26.8601,27.0477,30.3839,31.8690,28.6220,30.4546

1898.9270,31.8519,31.8420,31.8697,31.8415,31.9209,26.8562,27.0882,30.3838,31.8652,28.6200,30.4568

1899.9280,31.8638,31.8116,31.8820,31.8266,31.9022,26.8483,27.0822,30.3834,31.8572,28.6158,30.4500

1900.9280,31.8558,31.8212,31.8873,31.8367,31.9347,26.8817,27.0675,30.3824,31.8671,28.6321,30.4584

1901.9280,31.8573,31.8315,31.8723,31.8381,31.9320,26.8681,27.0520,30.3914,31.8662,28.6298,30.4553

1902.9270,31.8594,31.8276,31.8760,31.8408,31.9266,26.8581,27.0618,30.4002,31.8661,28.6291,30.4563

1903.9270,31.8563,31.8292,31.8832,31.8185,31.9292,26.8629,27.0661,30.4097,31.8633,28.6363,30.4569

1904.9270,31.8574,31.8146,31.8564,31.8728,31.9263,26.8659,27.0771,30.3836,31.8655,28.6247,30.4568

1905.9270,31.8669,31.8079,31.8773,31.8365,31.9308,26.8656,27.0486,30.3734,31.8639,28.6195,30.4509

1906.9280,31.8625,31.8128,31.8616,31.8447,31.9278,26.8616,27.0653,30.3816,31.8619,28.6216,30.4522

1907.9270,31.8737,31.8276,31.8679,31.8290,31.9257,26.8587,27.0709,30.4196,31.8648,28.6392,30.4591

1908.9270,31.8348,31.8282,31.8564,31.8480,31.9470,26.8569,27.0752,30.3826,31.8629,28.6198,30.4536

1909.9270,31.8407,31.8046,31.8769,31.8276,31.9370,26.8379,27.0420,30.3777,31.8574,28.6078,30.4431

1910.9270,31.8686,31.8234,31.8609,31.8375,31.9271,26.8526,27.0705,30.3901,31.8635,28.6214,30.4538

1911.9270,31.8619,31.8165,31.8832,31.8329,31.9301,26.8436,27.0510,30.3730,31.8649,28.6083,30.4490

1912.9270,31.8416,31.8350,31.8810,31.8368,31.9429,26.8529,27.0986,30.3960,31.8675,28.6244,30.4606

1913.9270,31.8760,31.8252,31.8600,31.8318,31.9163,26.8686,27.1034,30.3872,31.8619,28.6279,30.4586

1914.9270,31.8459,31.8159,31.8507,31.8319,31.9178,26.8515,27.1443,30.3941,31.8524,28.6228,30.4565

1915.9270,31.8591,31.8031,31.8923,31.8477,31.9346,26.8531,27.1487,30.4051,31.8674,28.6291,30.4680

1916.9270,31.8574,31.8166,31.8696,31.8434,31.9077,26.8692,27.1578,30.3925,31.8589,28.6308,30.4643

1917.9270,31.8565,31.8119,31.8687,31.8363,31.9240,26.8608,27.1828,30.3808,31.8595,28.6208,30.4652

1918.9270,31.8561,31.8217,31.8762,31.8386,31.9236,26.8740,27.1602,30.3898,31.8632,28.6319,30.4675

1919.9270,31.8608,31.8120,31.8824,31.8350,31.9303,26.8741,27.1726,30.3997,31.8641,28.6369,30.4709

1920.9270,31.8660,31.8105,31.8814,31.8433,31.9222,26.8784,27.1787,30.3951,31.8647,28.6367,30.4719

1921.9270,31.8524,31.8162,31.8458,31.8411,31.9331,26.8657,27.1693,30.3861,31.8577,28.6259,30.4637

1922.9270,31.8714,31.8279,31.8884,31.8499,31.9147,26.8804,27.1747,30.4018,31.8704,28.6411,30.4761

1923.9270,31.8509,31.8198,31.8657,31.8554,31.9404,26.8655,27.1611,30.3817,31.8664,28.6236,30.4676

1924.9280,31.8651,31.8106,31.8866,31.8467,31.9209,26.8789,27.1495,30.3946,31.8660,28.6368,30.4691

1925.9270,31.8428,31.8101,31.8867,31.8453,31.9341,26.8782,27.1512,30.3878,31.8638,28.6330,30.4670

1926.9280,31.8630,31.8198,31.8756,31.8320,31.9254,26.8772,27.1398,30.4024,31.8632,28.6398,30.4669

1927.9270,31.8522,31.8031,31.8745,31.8454,31.9299,26.8734,27.1243,30.3793,31.8610,28.6264,30.4603

1928.9270,31.8622,31.8089,31.8539,31.8516,31.9511,26.8750,27.1423,30.4020,31.8655,28.6385,30.4684

1929.9270,31.8383,31.8027,31.8825,31.8393,31.9087,26.8562,27.1273,30.3988,31.8543,28.6275,30.4567

1930.9270,31.8488,31.8165,31.8578,31.8390,31.9164,26.8672,27.1190,30.3740,31.8557,28.6206,30.4548

1931.9270,31.8470,31.8165,31.8751,31.8531,31.9319,26.8696,27.1011,30.3793,31.8647,28.6244,30.4592

1932.9280,31.8493,31.8193,31.8691,31.8377,31.9264,26.8781,27.1186,30.3826,31.8604,28.6303,30.4601

1933.9270,31.8430,31.8140,31.8679,31.8304,31.9294,26.8845,27.1132,30.3871,31.8570,28.6358,30.4587

1934.9270,31.8475,31.7967,31.8732,31.8399,31.9211,26.8734,27.1214,30.3723,31.8557,28.6228,30.4557

1935.9270,31.8669,31.8136,31.8788,31.8216,31.9295,26.8840,27.1202,30.3983,31.8621,28.6411,30.4641

1936.9270,31.8449,31.8125,31.8580,31.8289,31.9308,26.8590,27.1386,30.3715,31.8550,28.6153,30.4555

1937.9270,31.8555,31.8173,31.8750,31.8351,31.9069,26.8669,27.1234,30.3883,31.8580,28.6276,30.4585

1938.9280,31.8509,31.8195,31.8692,31.8547,31.9161,26.8759,27.1286,30.3856,31.8621,28.6307,30.4626

1939.9270,31.8525,31.8043,31.8696,31.8438,31.9217,26.8657,27.1345,30.3754,31.8584,28.6205,30.4584

1940.9280,31.8569,31.8293,31.8898,31.8476,31.9269,26.8650,27.1309,30.3596,31.8701,28.6123,30.4632

1941.9270,31.8461,31.8175,31.8649,31.8495,31.9175,26.8843,27.1479,30.3897,31.8591,28.6370,30.4647

1942.9270,31.8451,31.8080,31.8652,31.8408,31.9258,26.8644,27.2086,30.3980,31.8570,28.6312,30.4695

1943.9270,31.8571,31.7967,31.8553,31.8671,31.9220,26.8727,27.1971,30.3955,31.8596,28.6341,30.4705

1944.9280,31.8537,31.8038,31.8564,31.8437,31.9427,26.8678,27.1941,30.3869,31.8600,28.6274,30.4686

1945.9270,31.8558,31.8151,31.8779,31.8413,31.9108,26.8700,27.2028,30.3712,31.8602,28.6206,30.4681

1946.9280,31.8444,31.8108,31.8714,31.8432,31.9188,26.8722,27.1909,30.3776,31.8577,28.6249,30.4662

1947.9270,31.8587,31.7965,31.8481,31.8430,31.9265,26.8794,27.1887,30.4055,31.8546,28.6425,30.4683

1948.9290,31.8583,31.8174,31.8794,31.8433,31.9165,26.8938,27.1719,30.4094,31.8630,28.6516,30.4738

1949.9280,31.8623,31.8005,31.8774,31.8291,31.9211,26.8737,27.1590,30.4017,31.8581,28.6377,30.4656

1950.9270,31.8575,31.8098,31.8797,31.8440,31.9210,26.8787,27.1715,30.3851,31.8624,28.6319,30.4684

1951.9270,31.8600,31.8136,31.8544,31.8272,31.9295,26.8709,27.1637,30.3726,31.8570,28.6217,30.4615

1952.9280,31.8507,31.8282,31.8775,31.8413,31.9160,26.8733,27.1576,30.4008,31.8627,28.6371,30.4682

1953.9270,31.8642,31.8298,31.8720,31.8406,31.9072,26.8751,27.1740,30.3965,31.8628,28.6358,30.4699

1954.9270,31.8476,31.8062,31.8747,31.8508,31.9231,26.8580,27.1885,30.3789,31.8605,28.6184,30.4660

1955.9270,31.8485,31.8281,31.8722,31.8314,31.9196,26.8537,27.1748,30.3761,31.8600,28.6149,30.4631

1956.9270,31.8697,31.7993,31.8556,31.8481,31.9312,26.9024,27.1782,30.3969,31.8608,28.6496,30.4727

1957.9270,31.8536,31.8265,31.8711,31.8387,31.9203,26.8711,27.1846,30.3892,31.8620,28.6301,30.4694

1958.9280,31.8577,31.7973,31.8775,31.8348,31.9010,26.8790,27.2010,30.3839,31.8537,28.6315,30.4665

1959.9270,31.8505,31.8109,31.8653,31.8353,31.9310,26.8816,27.1947,30.3884,31.8586,28.6350,30.4697

1960.9280,31.8474,31.8375,31.8750,31.8379,31.9205,26.8926,27.1906,30.3890,31.8637,28.6408,30.4738

1961.9270,31.8564,31.7994,31.8628,31.8294,31.9444,26.9003,27.1733,30.3901,31.8585,28.6452,30.4695

1962.9280,31.8491,31.8126,31.8736,31.8488,31.9201,26.9005,27.1654,30.4044,31.8608,28.6524,30.4718

1963.9270,31.8731,31.7974,31.8584,31.8279,31.9237,26.8925,27.1622,30.4068,31.8561,28.6496,30.4678

1964.9280,31.8550,31.8033,31.8643,31.8559,31.9146,26.8923,27.1653,30.3930,31.8586,28.6426,30.4680

1965.9270,31.8412,31.7974,31.8823,31.8438,31.9189,26.9137,27.1877,30.3866,31.8567,28.6502,30.4714

1966.9270,31.8584,31.7946,31.8833,31.8223,31.9105,26.8957,27.2276,30.3884,31.8538,28.6420,30.4726

1967.9280,31.8544,31.8114,31.8578,31.8461,31.9099,26.8770,27.2137,30.3735,31.8559,28.6253,30.4680

1968.9280,31.8297,31.8097,31.8402,31.8459,31.9205,26.8975,27.2417,30.3916,31.8492,28.6446,30.4721

1969.9270,31.8482,31.8235,31.8493,31.8320,31.9183,26.9019,27.2612,30.3931,31.8543,28.6475,30.4784

1970.9280,31.8659,31.8069,31.8885,31.8350,31.9195,26.8872,27.2314,30.3822,31.8632,28.6347,30.4771

1971.9280,31.8573,31.8137,31.8734,31.8494,31.9236,26.9173,27.2303,30.3986,31.8635,28.6579,30.4829

1972.9280,31.8536,31.8071,31.8545,31.8338,31.9226,26.9069,27.2181,30.3812,31.8543,28.6440,30.4722

1973.9270,31.8593,31.8290,31.8567,31.8402,31.9252,26.9093,27.1823,30.3953,31.8621,28.6523,30.4746

1974.9270,31.8515,31.8170,31.8893,31.8367,31.9118,26.9034,27.1533,30.3767,31.8612,28.6400,30.4674

1975.9270,31.8669,31.7904,31.8749,31.8401,31.9410,26.9113,27.1470,30.3945,31.8627,28.6529,30.4708

1976.9270,31.8560,31.8031,31.8599,31.8191,31.9270,26.9079,27.1403,30.3850,31.8530,28.6464,30.4623

1977.9270,31.8452,31.8159,31.8629,31.8577,31.9304,26.8933,27.1649,30.3780,31.8624,28.6356,30.4685

1978.9270,31.8517,31.8029,31.8789,31.8367,31.9057,26.8889,27.1638,30.3882,31.8552,28.6386,30.4646

1979.9270,31.8633,31.7930,31.8765,31.8324,31.9295,26.8936,27.1807,30.3971,31.8590,28.6453,30.4708

1980.9270,31.8412,31.8197,31.8610,31.8413,31.9239,26.9208,27.1844,30.3814,31.8574,28.6511,30.4717

1981.9270,31.8574,31.8106,31.8795,31.8397,31.9204,26.8829,27.2030,30.3850,31.8615,28.6339,30.4723

1982.9270,31.8492,31.8084,31.8684,31.8154,31.9234,26.9034,27.1877,30.3796,31.8529,28.6415,30.4669

1983.9280,31.8544,31.8073,31.8585,31.8364,31.9125,26.8922,27.2067,30.3938,31.8538,28.6430,30.4702

1984.9270,31.8575,31.8146,31.8793,31.8441,31.9037,26.9057,27.2022,30.3954,31.8599,28.6506,30.4753

1985.9270,31.8508,31.8084,31.8544,31.8422,31.9323,26.8894,27.1931,30.3873,31.8576,28.6384,30.4697

1986.9270,31.8408,31.8057,31.8686,31.8522,31.9305,26.8865,27.2095,30.3848,31.8596,28.6356,30.4723

1987.9270,31.8568,31.8098,31.8497,31.8562,31.9093,26.8978,27.2071,30.3952,31.8563,28.6465,30.4727

1988.9270,31.8530,31.8155,31.8699,31.8615,31.9267,26.8912,27.2212,30.3801,31.8653,28.6356,30.4774

1989.9270,31.8624,31.8031,31.8608,31.8397,31.9350,26.9091,27.2057,30.4078,31.8602,28.6585,30.4780

1990.9270,31.8573,31.8073,31.8701,31.8392,31.9138,26.8960,27.2043,30.3877,31.8575,28.6418,30.4720

1991.9280,31.8742,31.8221,31.8845,31.8329,31.9132,26.8710,27.2218,30.3985,31.8654,28.6348,30.4773

1992.9280,31.8534,31.8097,31.8482,31.8341,31.9162,26.9072,27.1943,30.3918,31.8523,28.6495,30.4694

1993.9270,31.8367,31.8133,31.8672,31.8428,31.9301,26.8946,27.2110,30.4145,31.8580,28.6546,30.4763

1994.9270,31.8479,31.7957,31.8652,31.8403,31.9201,26.9031,27.2077,30.4051,31.8539,28.6541,30.4732

1995.9270,31.8451,31.8102,31.8825,31.8252,31.9346,26.8983,27.1991,30.3783,31.8595,28.6383,30.4717

1996.9280,31.8299,31.8133,31.8546,31.8438,31.9264,26.8841,27.2108,30.4087,31.8536,28.6464,30.4715

1997.9270,31.8635,31.8033,31.8653,31.8418,31.9179,26.8871,27.1954,30.4052,31.8584,28.6461,30.4724

1998.9270,31.8485,31.8351,31.8924,31.8295,31.9229,26.8975,27.2167,30.3944,31.8657,28.6460,30.4796

1999.9270,31.8450,31.8127,31.8737,31.8211,31.9183,26.8865,27.2066,30.3819,31.8541,28.6342,30.4682

2000.9270,31.8429,31.8111,31.8711,31.8223,31.9171,26.8872,27.2361,30.4099,31.8529,28.6485,30.4747

2001.9270,31.8465,31.8051,31.8642,31.8417,31.9027,26.9097,27.2072,30.3807,31.8520,28.6452,30.4697

2002.9270,31.8461,31.8143,31.8546,31.8368,31.9199,26.9149,27.2176,30.3939,31.8543,28.6544,30.4748

2003.9280,31.8707,31.8211,31.8769,31.8497,31.9248,26.8915,27.2215,30.3776,31.8686,28.6346,30.4792

2004.9270,31.8585,31.8223,31.8721,31.8209,31.9232,26.8953,27.2017,30.3823,31.8594,28.6388,30.4720

2005.9270,31.8536,31.8244,31.8708,31.8459,31.9426,26.8819,27.2068,30.4005,31.8675,28.6412,30.4783

2006.9270,31.8418,31.8002,31.8753,31.8406,31.9082,26.8738,27.1798,30.3975,31.8532,28.6357,30.4646

2007.9270,31.8475,31.8195,31.8838,31.8491,31.9275,26.9116,27.1875,30.4066,31.8655,28.6591,30.4791

2008.9270,31.8436,31.8160,31.8827,31.8555,31.9174,26.9016,27.1840,30.3778,31.8630,28.6397,30.4723

2009.9270,31.8513,31.8159,31.8638,31.8497,31.9131,26.8800,27.1856,30.3929,31.8588,28.6365,30.4690

2010.9270,31.8733,31.8210,31.8774,31.8515,31.9191,26.8866,27.1784,30.3905,31.8685,28.6386,30.4747

2011.9270,31.8712,31.8286,31.8788,31.8455,31.9276,26.8958,27.2070,30.4007,31.8703,28.6482,30.4819

2012.9270,31.8622,31.7969,31.8579,31.8353,31.9086,26.8849,27.2154,30.3879,31.8522,28.6364,30.4686

2013.9270,31.8550,31.8069,31.8628,31.8511,31.9210,26.8956,27.2270,30.3732,31.8594,28.6344,30.4741

2014.9270,31.8646,31.8331,31.8716,31.8500,31.9068,26.8892,27.2381,30.3871,31.8652,28.6382,30.4801

2015.9270,31.8528,31.8104,31.8728,31.8521,31.9399,26.8881,27.2663,30.3907,31.8656,28.6394,30.4841

2016.9270,31.8488,31.8188,31.8789,31.8512,31.9216,26.8879,27.2519,30.3928,31.8638,28.6403,30.4815

2017.9270,31.8694,31.8174,31.8807,31.8347,31.9258,26.8827,27.2707,30.4102,31.8656,28.6465,30.4865

2018.9270,31.8666,31.8209,31.8697,31.8350,31.9307,26.8865,27.2849,30.3905,31.8646,28.6385,30.4856

2019.9270,31.8493,31.8203,31.8724,31.8264,31.9273,26.8913,27.3024,30.3882,31.8591,28.6397,30.4847

2020.9270,31.8537,31.8237,31.8795,31.8265,31.9312,26.8919,27.3096,30.3884,31.8629,28.6401,30.4881

2021.9270,31.8607,31.8290,31.8581,31.8314,31.9229,26.8877,27.3157,30.3949,31.8604,28.6413,30.4875

2022.9270,31.8524,31.8369,31.8670,31.8684,31.9195,26.8972,27.3310,30.3922,31.8688,28.6447,30.4956

2023.9280,31.8676,31.8213,31.8701,31.8490,31.9128,26.8903,27.3353,30.3975,31.8642,28.6439,30.4930

2024.9270,31.8583,31.8148,31.8711,31.8256,31.9195,26.8889,27.3340,30.3938,31.8578,28.6414,30.4882

2025.9270,31.8557,31.8439,31.8650,31.8378,31.9406,26.8929,27.3243,30.4058,31.8686,28.6494,30.4958

2026.9270,31.8443,31.8245,31.8682,31.8508,31.9090,26.8792,27.3540,30.3978,31.8594,28.6385,30.4910

2027.9280,31.8578,31.8276,31.8778,31.8361,31.9314,26.8856,27.3420,30.3717,31.8661,28.6287,30.4912

2028.9280,31.8552,31.8222,31.8790,31.8391,31.9264,26.8769,27.3342,30.3987,31.8644,28.6378,30.4915

2029.9270,31.8345,31.8153,31.8885,31.8383,31.9335,26.8778,27.3427,30.3832,31.8620,28.6305,30.4892

2030.9270,31.8599,31.8297,31.8804,31.8433,31.9072,26.8954,27.3230,30.3758,31.8641,28.6356,30.4893

2031.9290,31.8641,31.8307,31.8748,31.8373,31.9138,26.8826,27.3535,30.4025,31.8641,28.6425,30.4949

2032.9280,31.8598,31.8215,31.8802,31.8586,31.9135,26.8999,27.3567,30.4047,31.8667,28.6523,30.4994

2033.9270,31.8738,31.8127,31.8681,31.8601,31.9235,26.8871,27.3444,30.3784,31.8676,28.6327,30.4935

2034.9270,31.8692,31.8066,31.8841,31.8456,31.9329,26.8920,27.3545,30.3860,31.8677,28.6390,30.4963

2035.9280,31.8528,31.8196,31.8807,31.8441,31.9389,26.9004,27.3624,30.4053,31.8672,28.6529,30.5005

2036.9270,31.8594,31.8168,31.8713,31.8351,31.9327,26.8920,27.3762,30.3894,31.8631,28.6407,30.4966

2037.9270,31.8603,31.8217,31.8738,31.8475,31.9381,26.8882,27.3917,30.4072,31.8683,28.6477,30.5036

2038.9270,31.8575,31.8216,31.8794,31.8568,31.9301,26.8971,27.3935,30.4062,31.8691,28.6517,30.5053

2039.9280,31.8523,31.8252,31.8853,31.8478,31.9318,26.8863,27.3856,30.3997,31.8685,28.6430,30.5017

2040.9270,31.8611,31.8279,31.8959,31.8523,31.9292,26.8852,27.3949,30.3840,31.8733,28.6346,30.5038

2041.9280,31.8664,31.8267,31.8793,31.8366,31.9291,26.8986,27.3860,30.4016,31.8676,28.6501,30.5030

2042.9270,31.8643,31.8318,31.8816,31.8553,31.9318,26.8870,27.3410,30.4022,31.8730,28.6446,30.4994

2043.9270,31.8706,31.8204,31.8847,31.8429,31.9438,26.8820,27.3888,30.3968,31.8725,28.6394,30.5038

2044.9280,31.8623,31.8153,31.8810,31.8481,31.9378,26.9147,27.3937,30.3909,31.8689,28.6528,30.5055

2045.9280,31.8645,31.8400,31.8841,31.8395,31.9386,26.9060,27.3685,30.3869,31.8733,28.6465,30.5035

2046.9270,31.8810,31.8219,31.8834,31.8524,31.9407,26.8995,27.3898,30.3917,31.8759,28.6456,30.5075

2047.9270,31.8758,31.8362,31.8822,31.8489,31.9296,26.9047,27.3667,30.3964,31.8746,28.6506,30.5051

2048.9280,31.8514,31.8268,31.8695,31.8639,31.9254,26.8839,27.3841,30.4015,31.8674,28.6427,30.5008

2049.9270,31.8746,31.8323,31.8891,31.8375,31.9515,26.8945,27.3924,30.4107,31.8770,28.6526,30.5103

2050.9270,31.8597,31.8241,31.8837,31.8551,31.9264,26.8947,27.3718,30.3953,31.8698,28.6450,30.5014

2051.9270,31.8832,31.8252,31.8797,31.8360,31.9364,26.9141,27.3916,30.4019,31.8721,28.6580,30.5085

2052.9270,31.8661,31.8201,31.8736,31.8455,31.9243,26.8845,27.3833,30.4040,31.8659,28.6443,30.5002

2053.9270,31.8733,31.8212,31.8930,31.8479,31.9390,26.8999,27.3713,30.4099,31.8749,28.6549,30.5069

2054.9270,31.8622,31.8257,31.8891,31.8496,31.9064,26.8835,27.3620,30.3936,31.8666,28.6385,30.4965

2055.9270,31.8686,31.8079,31.8830,31.8670,31.9135,26.9045,27.3514,30.3788,31.8680,28.6417,30.4969

2056.9280,31.8696,31.8189,31.8855,31.8541,31.9292,26.8980,27.3218,30.3963,31.8714,28.6471,30.4967

2057.9280,31.8690,31.8463,31.8627,31.8280,31.9528,26.9148,27.2948,30.3905,31.8718,28.6527,30.4949

2058.9270,31.8866,31.8269,31.8692,31.8706,31.9180,26.8764,27.2479,30.4138,31.8743,28.6451,30.4887

2059.9270,31.8774,31.8291,31.8831,31.8488,31.9521,26.9096,27.2528,30.3975,31.8781,28.6535,30.4938

2060.9280,31.8770,31.8231,31.8883,31.8480,31.9423,26.9153,27.2378,30.3999,31.8757,28.6576,30.4915

2061.9270,31.8653,31.8232,31.8908,31.8373,31.9326,26.9050,27.2096,30.3929,31.8698,28.6490,30.4821

2062.9270,31.8813,31.8394,31.8784,31.8488,31.9422,26.8909,27.2261,30.4207,31.8780,28.6558,30.4910

2063.9270,31.8585,31.8429,31.8865,31.8612,31.9246,26.9208,27.2254,30.4195,31.8747,28.6701,30.4924

2064.9270,31.8618,31.8191,31.8749,31.8435,31.9190,26.8996,27.1994,30.3856,31.8637,28.6426,30.4754

2065.9270,31.8790,31.8196,31.8680,31.8318,31.9313,26.8947,27.1927,30.3930,31.8660,28.6439,30.4763

2066.9270,31.8538,31.8312,31.8772,31.8331,31.9410,26.8949,27.1966,30.4040,31.8673,28.6494,30.4790

2067.9270,31.8727,31.8260,31.8936,31.8462,31.9236,26.8898,27.1864,30.4111,31.8724,28.6505,30.4812

2068.9280,31.8681,31.8300,31.8690,31.8422,31.9347,26.8988,27.1794,30.3929,31.8688,28.6459,30.4769

2069.9270,31.8788,31.8111,31.8810,31.8547,31.9397,26.9153,27.1906,30.4022,31.8731,28.6587,30.4842

2070.9280,31.8641,31.8221,31.8883,31.8498,31.9305,26.8802,27.1758,30.4260,31.8709,28.6531,30.4796

2071.9280,31.8646,31.8273,31.8751,31.8545,31.9371,26.9038,27.1876,30.4068,31.8717,28.6553,30.4821

2072.9280,31.8803,31.8143,31.8946,31.8716,31.9326,26.8937,27.1766,30.4061,31.8787,28.6499,30.4837

2073.9270,31.8829,31.8191,31.8867,31.8515,31.9384,26.9066,27.1683,30.3969,31.8757,28.6518,30.4813

2074.9270,31.8759,31.8310,31.8911,31.8404,31.9474,26.9010,27.1943,30.3880,31.8772,28.6445,30.4836

2075.9270,31.8711,31.8345,31.8679,31.8613,31.9444,26.9047,27.1853,30.3964,31.8758,28.6506,30.4832

2076.9270,31.8679,31.8303,31.8899,31.8613,31.9439,26.8953,27.1896,30.3913,31.8787,28.6433,30.4837

2077.9280,31.8813,31.8349,31.8781,31.8467,31.9424,26.8904,27.1686,30.4113,31.8767,28.6509,30.4817

2078.9270,31.8745,31.8358,31.8625,31.8560,31.9395,26.8963,27.1669,30.4026,31.8737,28.6494,30.4793

2079.9270,31.8786,31.8359,31.8964,31.8415,31.9358,26.8958,27.1456,30.3912,31.8777,28.6435,30.4776

2080.9270,31.8743,31.8225,31.8587,31.8638,31.9178,26.9008,27.1026,30.3864,31.8674,28.6436,30.4659

2081.9270,31.8744,31.8441,31.8910,31.8469,31.9511,26.9019,27.0971,30.4115,31.8815,28.6567,30.4773

2082.9280,31.8734,31.8351,31.8764,31.8694,31.9224,26.9037,27.0885,30.4151,31.8753,28.6594,30.4730

2083.9270,31.8639,31.8202,31.8681,31.8564,31.9272,26.9054,27.0832,30.3976,31.8672,28.6515,30.4652

2084.9270,31.8862,31.8418,31.8968,31.8517,31.9442,26.9081,27.0873,30.3932,31.8841,28.6507,30.4762

2085.9270,31.8820,31.8205,31.8820,31.8445,31.9416,26.8807,27.0655,30.3898,31.8741,28.6353,30.4633

2086.9280,31.8817,31.8310,31.8892,31.8746,31.9394,26.9116,27.0653,30.4075,31.8832,28.6595,30.4750

2087.9270,31.8796,31.8214,31.8777,31.8524,31.9355,26.9208,27.0599,30.3969,31.8733,28.6589,30.4680

2088.9270,31.8681,31.8502,31.8797,31.8595,31.9403,26.8866,27.0591,30.3821,31.8796,28.6343,30.4657

2089.9270,31.8603,31.8276,31.8877,31.8562,31.9351,26.9085,27.0494,30.3860,31.8734,28.6472,30.4638

2090.9270,31.8826,31.8251,31.8932,31.8326,31.9260,26.8960,27.0539,30.4060,31.8719,28.6510,30.4644

2091.9270,31.8566,31.8280,31.8872,31.8646,31.9289,26.8873,27.0405,30.3725,31.8731,28.6299,30.4582

2092.9270,31.8760,31.8336,31.8843,31.8773,31.9341,26.8979,27.0558,30.3924,31.8811,28.6451,30.4689

2093.9280,31.8678,31.8325,31.8944,31.8292,31.9306,26.9108,27.0805,30.4123,31.8709,28.6615,30.4697

2094.9270,31.8716,31.8384,31.8811,31.8548,31.9473,26.9033,27.0938,30.4081,31.8787,28.6557,30.4748

2095.9280,31.8789,31.8479,31.8699,31.8699,31.9483,26.9035,27.1119,30.4004,31.8830,28.6520,30.4788

2096.9270,31.8590,31.8252,31.9026,31.8594,31.9373,26.9062,27.1174,30.3988,31.8767,28.6525,30.4757

2097.9280,31.8712,31.8264,31.8851,31.8409,31.9376,26.8925,27.1268,30.3828,31.8722,28.6377,30.4704

2098.9270,31.8761,31.8357,31.9024,31.8540,31.9507,26.9168,27.1596,30.3962,31.8838,28.6565,30.4864

2099.9270,31.8699,31.8391,31.8734,31.8504,31.9311,26.9059,27.1605,30.3980,31.8728,28.6520,30.4786

2100.9270,31.8672,31.8263,31.8662,31.8672,31.9540,26.9107,27.1638,30.3854,31.8762,28.6480,30.4801

2101.9280,31.8473,31.8259,31.8883,31.8526,31.9367,26.9114,27.1566,30.3989,31.8702,28.6552,30.4772

2102.9280,31.8590,31.8429,31.8772,31.8635,31.9485,26.9072,27.1651,30.4073,31.8782,28.6572,30.4838

2103.9270,31.8833,31.8490,31.8692,31.8537,31.9331,26.9099,27.1527,30.4105,31.8777,28.6602,30.4827

2104.9270,31.8727,31.8258,31.8877,31.8595,31.9314,26.9025,27.1590,30.4149,31.8754,28.6587,30.4817

2105.9270,31.8872,31.8275,31.8725,31.8472,31.9598,26.9237,27.1628,30.3942,31.8788,28.6589,30.4844

2106.9280,31.8603,31.8327,31.8858,31.8623,31.9468,26.8854,27.1758,30.4020,31.8776,28.6437,30.4814

2107.9270,31.8477,31.8433,31.8827,31.8569,31.9400,26.9071,27.1659,30.4067,31.8741,28.6569,30.4813

2108.9270,31.8675,31.8200,31.8923,31.8669,31.9223,26.9025,27.1614,30.4205,31.8738,28.6615,30.4817

2109.9280,31.8678,31.8561,31.8965,31.8505,31.9477,26.9103,27.1663,30.3978,31.8837,28.6540,30.4866

2110.9270,31.8648,31.8354,31.8922,31.8584,31.9424,26.8993,27.1831,30.3882,31.8786,28.6437,30.4830

2111.9270,31.8577,31.8432,31.8897,31.8545,31.9474,26.8955,27.1765,30.4037,31.8785,28.6496,30.4835

2112.9270,31.8733,31.8208,31.8729,31.8683,31.9490,26.8886,27.2092,30.4047,31.8769,28.6466,30.4858

2113.9270,31.8856,31.8237,31.8828,31.8579,31.9602,26.8909,27.1861,30.3958,31.8820,28.6434,30.4854

2114.9270,31.8704,31.8426,31.8966,31.8516,31.9313,26.8936,27.1954,30.3976,31.8785,28.6456,30.4849

2115.9270,31.8699,31.8502,31.8910,31.8638,31.9403,26.9124,27.2189,30.3867,31.8830,28.6496,30.4917

2116.9280,31.8519,31.8454,31.8881,31.8520,31.9369,26.8915,27.2319,30.3832,31.8749,28.6374,30.4851

2117.9270,31.8601,31.8592,31.8939,31.8578,31.9404,26.9012,27.2468,30.3783,31.8823,28.6397,30.4922

2118.9270,31.8606,31.8156,31.8827,31.8775,31.9376,26.9059,27.2326,30.3844,31.8748,28.6452,30.4871

2119.9270,31.8783,31.8501,31.8980,31.8511,31.9285,26.8921,27.2533,30.3871,31.8812,28.6396,30.4923

2120.9270,31.8622,31.8315,31.8761,31.8738,31.9390,26.9037,27.2710,30.3841,31.8765,28.6439,30.4927

2121.9270,31.8796,31.8481,31.8913,31.8575,31.9542,26.9284,27.2834,30.3781,31.8862,28.6532,30.5026

2122.9270,31.8546,31.8568,31.8981,31.8643,31.9225,26.9008,27.2888,30.4122,31.8792,28.6565,30.4997

2123.9280,31.8880,31.8445,31.8886,31.8534,31.9468,26.9089,27.2875,30.3879,31.8843,28.6484,30.5007

2124.9270,31.8762,31.8502,31.8854,31.8718,31.9445,26.9051,27.3020,30.3902,31.8856,28.6476,30.5032

2125.9270,31.8788,31.8487,31.8637,31.8642,31.9412,26.8921,27.3117,30.3617,31.8793,28.6269,30.4953

2126.9270,31.8653,31.8317,31.8782,31.8730,31.9524,26.9078,27.3486,30.3619,31.8801,28.6348,30.5024

2127.9270,31.8712,31.8341,31.8890,31.8697,31.9444,26.9047,27.3493,30.3790,31.8817,28.6419,30.5052

2128.9270,31.8850,31.8294,31.9092,31.8515,31.9294,26.8970,27.3514,30.3849,31.8809,28.6409,30.5047

2129.9270,31.8668,31.8340,31.8875,31.8701,31.9358,26.9084,27.3733,30.3681,31.8789,28.6383,30.5055

2130.9280,31.8779,31.8385,31.8925,31.8563,31.9662,26.8931,27.3660,30.4018,31.8863,28.6475,30.5115

2131.9270,31.8971,31.8610,31.8981,31.8671,31.9290,26.9015,27.3777,30.3754,31.8905,28.6385,30.5134

2132.9270,31.8639,31.8433,31.8747,31.8461,31.9357,26.8927,27.3708,30.3788,31.8728,28.6358,30.5008

2133.9270,31.8640,31.8237,31.8805,31.8542,31.9344,26.9060,27.3563,30.3958,31.8714,28.6509,30.5019

2134.9280,31.8573,31.8254,31.9080,31.8507,31.9239,26.9200,27.3792,30.3900,31.8731,28.6550,30.5068

2135.9270,31.8786,31.8374,31.8853,31.8674,31.9458,26.9259,27.3879,30.3869,31.8829,28.6564,30.5144

2136.9270,31.8643,31.8418,31.8972,31.8704,31.9469,26.9120,27.4098,30.3989,31.8841,28.6554,30.5177

2137.9270,31.8626,31.8516,31.8765,31.8601,31.9469,26.8966,27.3987,30.3742,31.8795,28.6354,30.5084

2138.9270,31.8704,31.8392,31.8735,31.8641,31.9472,26.8908,27.4033,30.3830,31.8789,28.6369,30.5089

2139.9270,31.8644,31.8308,31.8871,31.8355,31.9355,26.9022,27.3958,30.3797,31.8707,28.6410,30.5039

2140.9270,31.8620,31.8391,31.9001,31.8781,31.9513,26.9294,27.4122,30.3971,31.8861,28.6633,30.5211

2141.9270,31.8852,31.8228,31.8956,31.8463,31.9172,26.9127,27.4379,30.3940,31.8734,28.6534,30.5140

2142.9270,31.8732,31.8334,31.8836,31.8639,31.9319,26.9110,27.4423,30.3806,31.8772,28.6458,30.5150

2143.9270,31.8616,31.8393,31.8886,31.8764,31.9215,26.9309,27.4735,30.3807,31.8775,28.6558,30.5216

2144.9270,31.8831,31.8199,31.8912,31.8570,31.9438,26.9158,27.4706,30.3661,31.8790,28.6409,30.5184

2145.9270,31.8488,31.8582,31.8934,31.8558,31.9530,26.9006,27.4777,30.3759,31.8818,28.6383,30.5204

2146.9270,31.8811,31.8569,31.8827,31.8597,31.9437,26.9129,27.5026,30.3820,31.8848,28.6474,30.5277

2147.9270,31.8692,31.8429,31.8880,31.8603,31.9518,26.9207,27.4727,30.3785,31.8825,28.6496,30.5230

2148.9270,31.8670,31.8308,31.8941,31.8467,31.9500,26.9223,27.4738,30.3721,31.8777,28.6472,30.5196

2149.9280,31.8753,31.8437,31.8803,31.8695,31.9526,26.9235,27.4619,30.3752,31.8843,28.6493,30.5227

2150.9270,31.8686,31.8391,31.8799,31.8518,31.9489,26.9159,27.4670,30.3713,31.8777,28.6436,30.5178

2151.9280,31.8697,31.8302,31.8851,31.8579,31.9367,26.9141,27.4440,30.3724,31.8759,28.6432,30.5138

2152.9270,31.8756,31.8157,31.9058,31.8603,31.9414,26.9002,27.4575,30.3816,31.8797,28.6409,30.5173

2153.9270,31.8787,31.8340,31.8870,31.8706,31.9377,26.9067,27.4479,30.3753,31.8816,28.6410,30.5172

2154.9270,31.8716,31.8355,31.8768,31.8603,31.9490,26.9184,27.4016,30.3795,31.8786,28.6489,30.5116

2155.9270,31.8651,31.8433,31.8987,31.8616,31.9315,26.9180,27.4102,30.3810,31.8800,28.6495,30.5137

2156.9280,31.8701,31.8584,31.8889,31.8476,31.9499,26.9028,27.4001,30.3620,31.8830,28.6324,30.5100

2157.9270,31.8716,31.8439,31.8852,31.8523,31.9270,26.9042,27.3997,30.3949,31.8760,28.6496,30.5098

2158.9270,31.8562,31.8322,31.8932,31.8542,31.9336,26.9128,27.4173,30.3946,31.8739,28.6537,30.5118

2159.9270,31.8480,31.8442,31.8911,31.8625,31.9601,26.8989,27.4264,30.3812,31.8812,28.6400,30.5141

2160.9270,31.8563,31.8395,31.9052,31.8625,31.9498,26.9191,27.4466,30.3830,31.8826,28.6510,30.5202

2161.9270,31.8608,31.8282,31.8935,31.8611,31.9404,26.9212,27.4346,30.3715,31.8768,28.6464,30.5139

2162.9270,31.8699,31.8402,31.8824,31.8613,31.9392,26.9143,27.4225,30.3975,31.8786,28.6559,30.5159

2163.9270,31.8753,31.8292,31.8978,31.8372,31.9611,26.9137,27.4148,30.3616,31.8801,28.6376,30.5113

2164.9280,31.8753,31.8485,31.8907,31.8518,31.9377,26.9193,27.4204,30.3653,31.8808,28.6423,30.5136

2165.9270,31.8710,31.8350,31.8890,31.8631,31.9504,26.9173,27.3958,30.3873,31.8817,28.6523,30.5136

2166.9270,31.8830,31.8547,31.8942,31.8416,31.9514,26.9351,27.3975,30.3806,31.8850,28.6578,30.5173

2167.9270,31.8756,31.8421,31.8900,31.8407,31.9365,26.9186,27.3439,30.3576,31.8770,28.6381,30.5006

2168.9270,31.8600,31.8261,31.8956,31.8566,31.9364,26.9063,27.3367,30.3961,31.8750,28.6512,30.5017

2169.9270,31.8799,31.8428,31.9033,31.8512,31.9427,26.9083,27.2977,30.3788,31.8840,28.6436,30.5006

2170.9270,31.8833,31.8539,31.8891,31.8492,31.9450,26.9132,27.2931,30.3512,31.8841,28.6322,30.4973

2171.9270,31.8765,31.8421,31.8801,31.8702,31.9519,26.9087,27.2533,30.3670,31.8841,28.6378,30.4937

2172.9280,31.8764,31.8457,31.8856,31.8579,31.9438,26.9109,27.2197,30.3692,31.8819,28.6401,30.4887

2173.9270,31.8823,31.8443,31.8828,31.8682,31.9377,26.9245,27.2304,30.3667,31.8831,28.6456,30.4921

2174.9270,31.8670,31.8398,31.8947,31.8529,31.9473,26.9166,27.1976,30.3622,31.8803,28.6394,30.4848

2175.9280,31.8769,31.8429,31.8846,31.8527,31.9306,26.9091,27.1703,30.3617,31.8775,28.6354,30.4786

2176.9270,31.8678,31.8349,31.9011,31.8654,31.9311,26.9004,27.1649,30.3804,31.8800,28.6404,30.4807

2177.9270,31.8834,31.8321,31.8871,31.8683,31.9326,26.9161,27.1546,30.3443,31.8807,28.6302,30.4773

2178.9280,31.8610,31.8233,31.8918,31.8580,31.9321,26.9049,27.1566,30.3834,31.8732,28.6441,30.4764

2179.9280,31.8754,31.8398,31.8877,31.8647,31.9342,26.9387,27.1447,30.3790,31.8803,28.6589,30.4830

2180.9270,31.8787,31.8490,31.8922,31.8856,31.9428,26.9137,27.1344,30.3598,31.8896,28.6367,30.4820

2181.9280,31.8595,31.8338,31.8929,31.8619,31.9328,26.9001,27.1471,30.3518,31.8762,28.6260,30.4725

2182.9270,31.8533,31.8507,31.8948,31.8653,31.9300,26.9283,27.1259,30.3833,31.8788,28.6558,30.4790

2183.9270,31.8940,31.8303,31.8993,31.8608,31.9396,26.9267,27.1262,30.3784,31.8848,28.6525,30.4819

2184.9280,31.8744,31.8581,31.8961,31.8680,31.9515,26.9150,27.0980,30.3635,31.8896,28.6393,30.4781

2185.9270,31.8549,31.8465,31.9023,31.8671,31.9404,26.9157,27.0893,30.3731,31.8822,28.6444,30.4737

2186.9270,31.8475,31.8411,31.8791,31.8566,31.9326,26.9013,27.0956,30.3488,31.8714,28.6250,30.4628

2187.9280,31.8634,31.8354,31.8856,31.8452,31.9316,26.9149,27.1077,30.3779,31.8723,28.6464,30.4702

2188.9290,31.8717,31.8618,31.8834,31.8506,31.9444,26.9030,27.1500,30.3683,31.8824,28.6356,30.4792

2189.9270,31.8659,31.8421,31.8834,31.8637,31.9345,26.9169,27.1654,30.3658,31.8779,28.6413,30.4797

2190.9270,31.8782,31.8491,31.8979,31.8683,31.9532,26.9175,27.1938,30.3621,31.8893,28.6398,30.4900

2191.9270,31.8950,31.8401,31.8917,31.8462,31.9527,26.9117,27.2295,30.3610,31.8851,28.6364,30.4910

2192.9280,31.8782,31.8384,31.8961,31.8581,31.9435,26.9231,27.2376,30.3682,31.8828,28.6456,30.4929

2193.9280,31.8852,31.8311,31.9011,31.8551,31.9302,26.9065,27.2790,30.3550,31.8805,28.6308,30.4929

2194.9270,31.8733,31.8530,31.8746,31.8596,31.9342,26.9314,27.3001,30.3685,31.8790,28.6500,30.4994

2195.9270,31.8704,31.8257,31.8806,31.8557,31.9289,26.9243,27.3010,30.3741,31.8723,28.6492,30.4951

2196.9280,31.8773,31.8327,31.8923,31.8688,31.9519,26.9222,27.2862,30.3551,31.8846,28.6387,30.4983

2197.9270,31.8669,31.8451,31.8991,31.8747,31.9375,26.9000,27.2875,30.3583,31.8846,28.6291,30.4961

2198.9270,31.8771,31.8390,31.8737,31.8714,31.9357,26.9079,27.2681,30.3737,31.8794,28.6408,30.4933

2199.9280,31.8884,31.8706,31.8842,31.8696,31.9377,26.9145,27.2874,30.3775,31.8901,28.6460,30.5037

2200.9280,31.8869,31.8339,31.8935,31.8658,31.9362,26.9173,27.2770,30.3502,31.8833,28.6337,30.4951

2201.9270,31.8564,31.8244,31.8930,31.8601,31.9512,26.9262,27.2492,30.3666,31.8770,28.6464,30.4909

2202.9270,31.8650,31.8434,31.8955,31.8458,31.9556,26.9226,27.2710,30.3583,31.8811,28.6405,30.4947

2203.9270,31.8742,31.8360,31.8876,31.8726,31.9383,26.9267,27.2817,30.3685,31.8817,28.6476,30.4982

2204.9270,31.8755,31.8330,31.8893,31.8588,31.9508,26.9087,27.3056,30.3637,31.8815,28.6362,30.4982

2205.9270,31.8715,31.8413,31.8981,31.8751,31.9483,26.9226,27.3120,30.3648,31.8869,28.6437,30.5042

2206.9280,31.8781,31.8341,31.8848,31.8618,31.9275,26.9212,27.3243,30.3414,31.8773,28.6313,30.4967

2207.9280,31.8754,31.8363,31.8884,31.8602,31.9489,26.9156,27.3343,30.3546,31.8818,28.6351,30.5017

2208.9270,31.8741,31.8370,31.8901,31.8572,31.9084,26.9138,27.3348,30.3500,31.8733,28.6319,30.4957

2209.9280,31.8716,31.8369,31.9027,31.8628,31.9552,26.9288,27.3394,30.3424,31.8858,28.6356,30.5050

2210.9280,31.8862,31.8427,31.8915,31.8653,31.9361,26.9377,27.3328,30.3607,31.8844,28.6492,30.5066

2211.9270,31.8752,31.8284,31.8969,31.8716,31.9448,26.9003,27.3374,30.3511,31.8834,28.6257,30.5007

2212.9270,31.8731,31.8139,31.8843,31.8472,31.9542,26.9152,27.3353,30.3627,31.8746,28.6389,30.4982

2213.9290,31.8698,31.8517,31.9005,31.8686,31.9404,26.9146,27.3498,30.3499,31.8862,28.6323,30.5057

2214.9270,31.8595,31.8559,31.8958,31.8592,31.9446,26.9341,27.3541,30.3664,31.8830,28.6502,30.5087

2215.9270,31.8766,31.8447,31.8870,31.8724,31.9372,26.9366,27.3552,30.3516,31.8836,28.6441,30.5077

2216.9270,31.8827,31.8487,31.9116,31.8323,31.9421,26.9136,27.3916,30.3554,31.8835,28.6345,30.5097

2217.9270,31.8731,31.8363,31.8818,31.8668,31.9353,26.9142,27.3936,30.3555,31.8787,28.6349,30.5071

2218.9270,31.8970,31.8267,31.8867,31.8590,31.9440,26.9223,27.4253,30.3603,31.8827,28.6413,30.5152

2219.9270,31.8853,31.8293,31.8960,31.8425,31.9302,26.9199,27.4310,30.3622,31.8767,28.6411,30.5120

2220.9270,31.8811,31.8424,31.8870,31.8569,31.9424,26.9293,27.4536,30.3547,31.8819,28.6420,30.5184

2221.9270,31.8706,31.8465,31.8888,31.8616,31.9395,26.9390,27.4769,30.3540,31.8814,28.6465,30.5221

2222.9270,31.8700,31.8574,31.8758,31.8509,31.9344,26.9210,27.4975,30.3553,31.8777,28.6381,30.5203

2223.9270,31.8844,31.8474,31.8850,31.8610,31.9436,26.9369,27.5139,30.3702,31.8843,28.6536,30.5303

2224.9270,31.8907,31.8423,31.8841,31.8677,31.9484,26.9418,27.5254,30.3474,31.8866,28.6446,30.5310

2225.9280,31.8700,31.8313,31.8862,31.8473,31.9402,26.9328,27.5404,30.3718,31.8750,28.6523,30.5275

2226.9280,31.8600,31.8480,31.8893,31.8738,31.9461,26.9190,27.5578,30.3575,31.8835,28.6383,30.5315

2227.9270,31.8796,31.8522,31.8743,31.8654,31.9485,26.9505,27.5586,30.3584,31.8840,28.6544,30.5359

2228.9270,31.8543,31.8554,31.8835,31.8605,31.9295,26.9453,27.5708,30.3659,31.8767,28.6556,30.5332

2229.9270,31.8616,31.8327,31.8890,31.8449,31.9341,26.9423,27.5773,30.3474,31.8725,28.6449,30.5287

2230.9280,31.8691,31.8502,31.8746,31.8675,31.9187,26.9499,27.6079,30.3699,31.8760,28.6599,30.5385

2231.9270,31.8839,31.8314,31.8802,31.8614,31.9407,26.9576,27.6039,30.3518,31.8795,28.6547,30.5389

2232.9270,31.8860,31.8454,31.8914,31.8487,31.9290,26.9446,27.5966,30.3506,31.8801,28.6476,30.5365

2233.9270,31.8930,31.8335,31.8879,31.8462,31.9574,26.9517,27.6102,30.3577,31.8836,28.6547,30.5422

2234.9270,31.8538,31.8425,31.8730,31.8420,31.9481,26.9350,27.6236,30.3659,31.8719,28.6504,30.5355

2235.9270,31.8527,31.8438,31.8963,31.8522,31.9428,26.9531,27.6041,30.3680,31.8776,28.6606,30.5391

2236.9280,31.8743,31.8373,31.8847,31.8524,31.9326,26.9536,27.6022,30.3544,31.8763,28.6540,30.5364

2237.9270,31.8687,31.8384,31.9111,31.8722,31.9397,26.9268,27.5995,30.3569,31.8860,28.6418,30.5392

2238.9270,31.8908,31.8255,31.8997,31.8607,31.9354,26.9461,27.5962,30.3583,31.8824,28.6522,30.5391

2239.9270,31.8803,31.8524,31.8825,31.8721,31.9425,26.9497,27.5767,30.3393,31.8860,28.6445,30.5369

2240.9270,31.8760,31.8162,31.8904,31.8646,31.9490,26.9393,27.5865,30.3383,31.8792,28.6388,30.5325

2241.9270,31.8677,31.8408,31.8999,31.8629,31.9506,26.9607,27.5862,30.3479,31.8844,28.6543,30.5396

2242.9270,31.8801,31.8356,31.8793,31.8582,31.9220,26.9524,27.5548,30.3476,31.8750,28.6500,30.5288

2243.9270,31.8607,31.8416,31.8946,31.8693,31.9448,26.9409,27.5665,30.3324,31.8822,28.6367,30.5314

2244.9270,31.8717,31.8330,31.9044,31.8682,31.9461,26.9548,27.5705,30.3274,31.8847,28.6411,30.5345

2245.9270,31.8756,31.8504,31.8894,31.8711,31.9391,26.9384,27.5579,30.3652,31.8851,28.6518,30.5359

2246.9270,31.8878,31.8346,31.8970,31.8496,31.9547,26.9606,27.5258,30.3614,31.8847,28.6610,30.5339

2247.9290,31.8868,31.8477,31.8895,31.8566,31.9590,26.9237,27.5167,30.3321,31.8879,28.6279,30.5265

2248.9280,31.8708,31.8462,31.8753,31.8486,31.9420,26.9403,27.4852,30.3359,31.8766,28.6381,30.5180

2249.9270,31.8598,31.8441,31.8836,31.8643,31.9554,26.9627,27.4511,30.3498,31.8814,28.6562,30.5213

2250.9270,31.8645,31.8225,31.8802,31.8704,31.9243,26.9198,27.4186,30.3508,31.8724,28.6353,30.5064

2251.9280,31.8670,31.8274,31.8856,31.8509,31.9260,26.9284,27.4149,30.3622,31.8714,28.6453,30.5078

2252.9270,31.8695,31.8431,31.8919,31.8487,31.9430,26.9361,27.4000,30.3398,31.8792,28.6380,30.5090

2253.9270,31.8671,31.8413,31.8849,31.8760,31.9328,26.9545,27.4136,30.3402,31.8804,28.6473,30.5138

2254.9270,31.8634,31.8419,31.8851,31.8523,31.9353,26.9559,27.3962,30.3402,31.8756,28.6481,30.5088

2255.9280,31.8798,31.8406,31.8833,31.8739,31.9424,26.9573,27.4184,30.3515,31.8840,28.6544,30.5184

2256.9270,31.8807,31.8309,31.8807,31.8520,31.9464,26.9460,27.4395,30.3444,31.8782,28.6452,30.5151

2257.9270,31.8781,31.8262,31.8928,31.8515,31.9393,26.9528,27.4619,30.3446,31.8776,28.6487,30.5184

2258.9280,31.8543,31.8349,31.8870,31.8438,31.9452,26.9283,27.4497,30.3457,31.8730,28.6370,30.5111

2259.9280,31.8620,31.8177,31.8905,31.8557,31.9454,26.9526,27.4547,30.3572,31.8743,28.6549,30.5170

2260.9270,31.8641,31.8481,31.8931,31.8556,31.9415,26.9306,27.4633,30.3616,31.8805,28.6461,30.5197

2261.9270,31.8769,31.8294,31.8890,31.8707,31.9538,26.9468,27.4607,30.3585,31.8840,28.6527,30.5232

2262.9270,31.8756,31.8457,31.8805,31.8481,31.9415,26.9488,27.4792,30.3440,31.8783,28.6464,30.5204

2263.9270,31.8812,31.8382,31.9076,31.8475,31.9278,26.9436,27.4867,30.3539,31.8805,28.6487,30.5233

2264.9270,31.8772,31.8597,31.9010,31.8639,31.9352,26.9475,27.4915,30.3413,31.8874,28.6444,30.5272

2265.9270,31.8711,31.8317,31.8927,31.8598,31.9331,26.9372,27.4953,30.3564,31.8777,28.6468,30.5222

2266.9270,31.8721,31.8443,31.8860,31.8485,31.9461,26.9529,27.4799,30.3542,31.8794,28.6535,30.5230

2267.9270,31.8617,31.8437,31.8723,31.8493,31.9357,26.9264,27.4826,30.3597,31.8725,28.6430,30.5164

2268.9270,31.8972,31.8310,31.9029,31.8719,31.9343,26.9478,27.4895,30.3552,31.8874,28.6515,30.5287

2269.9270,31.8701,31.8428,31.8845,31.8615,31.9334,26.9518,27.4713,30.3422,31.8785,28.6470,30.5197

2270.9270,31.8762,31.8313,31.8932,31.8627,31.9754,26.9377,27.4586,30.3587,31.8878,28.6482,30.5242

2271.9270,31.8628,31.8430,31.8787,31.8703,31.9435,26.9393,27.4701,30.3618,31.8797,28.6505,30.5212

2272.9270,31.8939,31.8307,31.8960,31.8533,31.9382,26.9516,27.4692,30.3548,31.8824,28.6532,30.5235

2273.9270,31.8797,31.8553,31.8760,31.8661,31.9590,26.9322,27.4790,30.3641,31.8872,28.6482,30.5264

2274.9270,31.8728,31.8428,31.8813,31.8531,31.9573,26.9460,27.4891,30.3539,31.8815,28.6500,30.5245

2275.9270,31.8619,31.8307,31.9006,31.8753,31.9274,26.9454,27.5055,30.3514,31.8792,28.6484,30.5248

2276.9270,31.8832,31.8344,31.8935,31.8649,31.9428,26.9362,27.4976,30.3619,31.8837,28.6491,30.5268

2277.9280,31.8719,31.8385,31.8855,31.8592,31.9441,26.9503,27.5310,30.3492,31.8798,28.6497,30.5287

2278.9270,31.8722,31.8404,31.8780,31.8606,31.9404,26.9355,27.5234,30.3552,31.8783,28.6454,30.5257

2279.9270,31.8635,31.8376,31.9005,31.8705,31.9460,26.9390,27.5240,30.3319,31.8836,28.6355,30.5266

2280.9280,31.8708,31.8414,31.8982,31.8681,31.9385,26.9633,27.5492,30.3406,31.8834,28.6519,30.5338

2281.9270,31.8889,31.8359,31.8997,31.8720,31.9500,26.9315,27.5405,30.3540,31.8893,28.6427,30.5341

2282.9270,31.8820,31.8374,31.8881,31.8529,31.9459,26.9491,27.5459,30.3344,31.8813,28.6418,30.5295

2283.9270,31.8823,31.8193,31.9005,31.8545,31.9427,26.9410,27.5576,30.3432,31.8798,28.6421,30.5301

2284.9270,31.8652,31.8519,31.8983,31.8556,31.9317,26.9591,27.5630,30.3524,31.8805,28.6558,30.5347

2285.9270,31.8577,31.8419,31.8978,31.8466,31.9480,26.9615,27.5672,30.3252,31.8784,28.6433,30.5308

2286.9270,31.8884,31.8379,31.8891,31.8563,31.9478,26.9518,27.5547,30.3483,31.8839,28.6500,30.5343

2287.9270,31.8840,31.8226,31.8948,31.8779,31.9437,26.9662,27.5696,30.3590,31.8846,28.6626,30.5397

2288.9270,31.8721,31.8303,31.8918,31.8753,31.9518,26.9501,27.5548,30.3499,31.8843,28.6500,30.5345

2289.9270,31.8671,31.8353,31.8954,31.8611,31.9484,26.9785,27.5206,30.3374,31.8815,28.6579,30.5305

2290.9270,31.8766,31.8429,31.8744,31.8570,31.9429,26.9508,27.4853,30.3366,31.8788,28.6437,30.5208

2291.9280,31.8656,31.8383,31.8787,31.8707,31.9416,26.9331,27.4455,30.3495,31.8790,28.6413,30.5154

2292.9270,31.8656,31.8290,31.8863,31.8586,31.9304,26.9510,27.4281,30.3565,31.8740,28.6538,30.5132

2293.9270,31.8913,31.8547,31.8917,31.8481,31.9523,26.9571,27.4209,30.3494,31.8876,28.6532,30.5207

2294.9270,31.8924,31.8132,31.8873,31.8352,31.9558,26.9624,27.4248,30.3458,31.8768,28.6541,30.5146

2295.9270,31.8712,31.8300,31.8867,31.8600,31.9384,26.9623,27.4003,30.3598,31.8773,28.6611,30.5136

2296.9270,31.8762,31.8447,31.8738,31.8564,31.9348,26.9570,27.3832,30.3399,31.8772,28.6485,30.5083

2297.9280,31.8768,31.8391,31.8729,31.8513,31.9363,26.9580,27.3705,30.3475,31.8753,28.6528,30.5066

2298.9270,31.8826,31.8387,31.8955,31.8706,31.9326,26.9719,27.3782,30.3486,31.8840,28.6602,30.5148

2299.9270,31.8710,31.8429,31.9133,31.8509,31.9443,26.9706,27.3732,30.3695,31.8845,28.6700,30.5169

2300.9270,31.8900,31.8182,31.8764,31.8398,31.9313,26.9831,27.3706,30.3387,31.8711,28.6609,30.5060

2301.9270,31.8673,31.8368,31.8823,31.8518,31.9433,26.9575,27.3832,30.3503,31.8763,28.6539,30.5091

2302.9270,31.8705,31.8477,31.8918,31.8693,31.9402,26.9819,27.3929,30.3342,31.8839,28.6580,30.5161

2303.9270,31.8776,31.8418,31.8770,31.8761,31.9343,26.9800,27.3722,30.3591,31.8813,28.6696,30.5148

2304.9270,31.8770,31.8247,31.8838,31.8430,31.9209,26.9766,27.3872,30.3416,31.8699,28.6591,30.5068

2305.9270,31.8630,31.8392,31.8819,31.8617,31.9429,27.0031,27.3826,30.3427,31.8777,28.6729,30.5146

2306.9270,31.8637,31.8413,31.8746,31.8667,31.9385,26.9694,27.3800,30.3551,31.8770,28.6623,30.5112

2307.9280,31.8647,31.8365,31.8896,31.8454,31.9463,26.9704,27.3759,30.3609,31.8765,28.6656,30.5112

2308.9280,31.8500,31.8407,31.8994,31.8524,31.9374,26.9717,27.3752,30.3362,31.8760,28.6539,30.5079

2309.9280,31.8488,31.8156,31.8874,31.8518,31.9245,26.9893,27.3890,30.3354,31.8656,28.6624,30.5052

2310.9280,31.8666,31.8377,31.8973,31.8522,31.9273,26.9765,27.3598,30.3528,31.8762,28.6647,30.5088

2311.9270,31.8848,31.8487,31.8886,31.8623,31.9430,26.9755,27.3658,30.3401,31.8855,28.6578,30.5136

2312.9270,31.8802,31.8392,31.8631,31.8556,31.9279,26.9803,27.3796,30.3303,31.8732,28.6553,30.5070

2313.9270,31.8635,31.8327,31.8777,31.8515,31.9294,26.9918,27.3642,30.3530,31.8709,28.6724,30.5080

2314.9280,31.8609,31.8406,31.8819,31.8547,31.9260,26.9831,27.3965,30.3424,31.8728,28.6627,30.5108

2315.9270,31.8911,31.8534,31.8952,31.8543,31.9524,26.9950,27.3967,30.3468,31.8893,28.6709,30.5231

2316.9270,31.8732,31.8454,31.8811,31.8543,31.9369,26.9804,27.3971,30.3665,31.8782,28.6735,30.5169

2317.9270,31.8701,31.8436,31.8943,31.8451,31.9521,26.9924,27.4261,30.3399,31.8810,28.6661,30.5204

2318.9280,31.8798,31.8449,31.8824,31.8421,31.9411,26.9794,27.4471,30.3600,31.8781,28.6697,30.5221

2319.9280,31.8638,31.8267,31.8783,31.8567,31.9346,26.9714,27.4654,30.3303,31.8720,28.6508,30.5159

2320.9270,31.8861,31.8414,31.8817,31.8648,31.9428,26.9820,27.4859,30.3442,31.8834,28.6631,30.5286

2321.9270,31.8847,31.8331,31.9011,31.8537,31.9471,26.9688,27.4986,30.3432,31.8839,28.6560,30.5288

2322.9280,31.8733,31.8371,31.8948,31.8235,31.9361,26.9592,27.5013,30.3257,31.8730,28.6424,30.5189

2323.9270,31.8793,31.8422,31.8891,31.8624,31.9398,26.9733,27.5111,30.3345,31.8826,28.6539,30.5290

2324.9270,31.8916,31.8253,31.8886,31.8534,31.9384,26.9625,27.5325,30.3295,31.8795,28.6460,30.5277

2325.9270,31.8688,31.8208,31.8752,31.8841,31.9245,26.9877,27.5340,30.3418,31.8747,28.6648,30.5296

2326.9270,31.8730,31.8474,31.8877,31.8652,31.9417,26.9900,27.5302,30.3465,31.8830,28.6683,30.5352

2327.9270,31.8646,31.8266,31.9003,31.8496,31.9308,26.9751,27.5332,30.3279,31.8744,28.6515,30.5260

2328.9270,31.8754,31.8637,31.8806,31.8562,31.9515,26.9915,27.5392,30.3499,31.8855,28.6707,30.5385

2329.9280,31.8584,31.8408,31.9023,31.8305,31.9206,26.9570,27.5481,30.3343,31.8705,28.6456,30.5240

2330.9270,31.8823,31.8362,31.8634,31.8413,31.9455,26.9866,27.5744,30.3455,31.8737,28.6661,30.5344

2331.9270,31.8766,31.8289,31.8956,31.8331,31.9308,26.9663,27.5650,30.3154,31.8730,28.6409,30.5265

2332.9270,31.8662,31.8362,31.8841,31.8324,31.9216,26.9865,27.5729,30.3459,31.8681,28.6662,30.5307

2333.9270,31.8599,31.8252,31.8937,31.8519,31.9251,26.9755,27.5850,30.3306,31.8712,28.6531,30.5309

2334.9270,31.8654,31.8424,31.8739,31.8504,31.9166,26.9687,27.6069,30.3375,31.8697,28.6531,30.5327

2335.9270,31.8830,31.8538,31.8782,31.8421,31.9354,26.9775,27.5950,30.3279,31.8785,28.6527,30.5366

2336.9270,31.8494,31.8282,31.9080,31.8376,31.9517,26.9861,27.6008,30.3366,31.8750,28.6613,30.5373

2337.9280,31.8631,31.8295,31.8995,31.8558,31.9370,26.9858,27.6038,30.3419,31.8770,28.6638,30.5395

2338.9270,31.8690,31.8244,31.8550,31.8554,31.9399,26.9691,27.5979,30.3233,31.8688,28.6462,30.5293

2339.9270,31.8501,31.8081,31.8804,31.8368,31.9367,26.9968,27.5864,30.3547,31.8624,28.6757,30.5312

2340.9280,31.8583,31.8333,31.8774,31.8596,31.9309,26.9753,27.5716,30.3234,31.8719,28.6493,30.5287

2341.9270,31.8745,31.8268,31.8794,31.8484,31.9427,26.9802,27.5788,30.3339,31.8744,28.6571,30.5331

2342.9270,31.8734,31.8202,31.8864,31.8521,31.9380,26.9792,27.5646,30.3296,31.8740,28.6544,30.5304

2343.9270,31.8646,31.8228,31.8852,31.8702,31.9354,26.9755,27.5473,30.3593,31.8756,28.6674,30.5325

2344.9270,31.8590,31.8160,31.8709,31.8582,31.9469,26.9802,27.5416,30.3485,31.8702,28.6643,30.5276

2345.9280,31.8649,31.8574,31.9085,31.8485,31.9311,26.9673,27.5288,30.3512,31.8821,28.6593,30.5322

2346.9270,31.8529,31.8133,31.9015,31.8400,31.9292,26.9543,27.5520,30.3584,31.8674,28.6563,30.5252

2347.9270,31.8748,31.8594,31.8651,31.8369,31.9364,26.9692,27.5551,30.3375,31.8745,28.6533,30.5293

2348.9270,31.8656,31.8441,31.8807,31.8375,31.9262,26.9732,27.5502,30.3227,31.8708,28.6479,30.5250

2349.9270,31.8663,31.8488,31.8863,31.8506,31.9459,26.9715,27.5711,30.3403,31.8796,28.6559,30.5351

2350.9270,31.8637,31.8176,31.8871,31.8584,31.9302,26.9661,27.6020,30.3321,31.8714,28.6491,30.5321

2351.9270,31.8734,31.8282,31.8541,31.8296,31.9465,26.9659,27.5801,30.3310,31.8664,28.6484,30.5261

2352.9270,31.8702,31.8231,31.8921,31.8536,31.9324,26.9849,27.6123,30.3353,31.8743,28.6601,30.5380

2353.9270,31.8528,31.8318,31.8863,31.8440,31.9191,26.9656,27.6076,30.3358,31.8668,28.6507,30.5304

2354.9270,31.8605,31.8208,31.8865,31.8550,31.9207,27.0015,27.6275,30.3383,31.8687,28.6699,30.5389

2355.9270,31.8886,31.8264,31.8738,31.8518,31.9409,27.0090,27.6114,30.3363,31.8763,28.6726,30.5423

2356.9270,31.8748,31.8342,31.8685,31.8497,31.9356,26.9678,27.6055,30.3305,31.8726,28.6491,30.5333

2357.9270,31.8671,31.8284,31.8870,31.8410,31.9335,26.9808,27.6436,30.3416,31.8714,28.6612,30.5404

2358.9270,31.8613,31.8227,31.8917,31.8457,31.9212,26.9910,27.6241,30.3358,31.8685,28.6634,30.5367

2359.9280,31.8663,31.8278,31.8753,31.8640,31.9255,26.9771,27.6408,30.3431,31.8718,28.6601,30.5400

2360.9270,31.8754,31.8318,31.8829,31.8543,31.9214,26.9717,27.6797,30.3381,31.8732,28.6549,30.5444

2361.9270,31.8706,31.8331,31.8762,31.8518,31.9227,26.9999,27.6937,30.3413,31.8709,28.6706,30.5487

2362.9270,31.8816,31.8033,31.8770,31.8394,31.9319,26.9893,27.6954,30.3232,31.8666,28.6563,30.5426

2363.9270,31.8865,31.8268,31.8517,31.8526,31.9216,26.9895,27.6781,30.3220,31.8679,28.6557,30.5411

2364.9270,31.8621,31.8198,31.9075,31.8395,31.9338,26.9720,27.6866,30.3389,31.8725,28.6555,30.5450

2365.9270,31.8713,31.8346,31.8633,31.8426,31.9365,26.9804,27.6718,30.3266,31.8697,28.6535,30.5409

2366.9270,31.8585,31.8292,31.8907,31.8489,31.9371,26.9760,27.7089,30.3335,31.8729,28.6547,30.5478

2367.9270,31.8689,31.8508,31.8841,31.8550,31.9315,26.9666,27.6887,30.3236,31.8780,28.6451,30.5461

2368.9270,31.8753,31.8384,31.8731,31.8431,31.9496,26.9905,27.6843,30.3353,31.8759,28.6629,30.5487

2369.9280,31.8670,31.8391,31.8940,31.8485,31.9386,26.9807,27.7028,30.3288,31.8774,28.6548,30.5499

2370.9280,31.8660,31.8177,31.8998,31.8585,31.9350,26.9731,27.6585,30.3250,31.8754,28.6490,30.5417

2371.9270,31.8600,31.8254,31.8803,31.8564,31.9413,26.9756,27.6577,30.3383,31.8727,28.6569,30.5419

2372.9270,31.8773,31.8329,31.8920,31.8568,31.9286,26.9868,27.6524,30.3227,31.8775,28.6548,30.5437

2373.9270,31.8610,31.8333,31.8826,31.8418,31.9197,26.9936,27.6153,30.3266,31.8677,28.6601,30.5342

2374.9270,31.8778,31.8356,31.8722,31.8511,31.9412,26.9958,27.5713,30.3368,31.8756,28.6663,30.5352

2375.9270,31.8729,31.8349,31.8654,31.8508,31.9302,26.9885,27.5716,30.3427,31.8708,28.6656,30.5321

2376.9270,31.8799,31.8203,31.8804,31.8419,31.9156,26.9937,27.5353,30.3197,31.8676,28.6567,30.5234

2377.9270,31.8721,31.8185,31.8927,31.8439,31.9175,26.9971,27.5373,30.3400,31.8689,28.6686,30.5274

2378.9270,31.8851,31.8378,31.8857,31.8646,31.9425,26.9932,27.5155,30.3328,31.8831,28.6630,30.5321

2379.9270,31.8511,31.8482,31.8871,31.8486,31.9326,26.9907,27.5173,30.3228,31.8735,28.6568,30.5248

2380.9280,31.8666,31.8178,31.8844,31.8366,31.9253,27.0115,27.5116,30.3256,31.8661,28.6685,30.5224

2381.9270,31.8581,31.8176,31.8716,31.8397,31.9157,26.9977,27.5115,30.3363,31.8605,28.6670,30.5185

2382.9270,31.8686,31.8502,31.8849,31.8647,31.9262,27.0059,27.5098,30.3346,31.8789,28.6703,30.5306

2383.9280,31.8608,31.8298,31.8847,31.8504,31.9354,26.9877,27.5189,30.3353,31.8722,28.6615,30.5254

2384.9270,31.8831,31.8263,31.8915,31.8634,31.9169,26.9766,27.5239,30.3125,31.8762,28.6446,30.5243

2385.9270,31.8865,31.8404,31.8808,31.8578,31.9169,26.9800,27.5132,30.3300,31.8765,28.6550,30.5257

2386.9270,31.8729,31.8426,31.8872,31.8497,31.9332,27.0031,27.5061,30.3276,31.8771,28.6654,30.5278

2387.9270,31.8802,31.8264,31.8841,31.8696,31.9343,26.9756,27.5295,30.3307,31.8789,28.6532,30.5288

2388.9270,31.8645,31.8078,31.8768,31.8336,31.9195,26.9909,27.5118,30.3305,31.8604,28.6607,30.5169

2389.9270,31.8759,31.8309,31.8854,31.8521,31.9408,26.9760,27.5096,30.3344,31.8770,28.6552,30.5256

2390.9270,31.8511,31.8441,31.8638,31.8586,31.9258,26.9813,27.5201,30.3294,31.8687,28.6553,30.5218

2391.9270,31.8620,31.8240,31.8752,31.8578,31.9390,26.9917,27.5248,30.3365,31.8716,28.6641,30.5264

2392.9270,31.8696,31.8277,31.8845,31.8564,31.9404,26.9734,27.5061,30.3215,31.8757,28.6475,30.5224

2393.9270,31.8700,31.8273,31.8850,31.8428,31.9385,27.0011,27.5352,30.3374,31.8727,28.6693,30.5297

2394.9270,31.8654,31.8414,31.8794,31.8513,31.9320,27.0055,27.5188,30.3342,31.8739,28.6698,30.5285

2395.9270,31.8628,31.8307,31.8734,31.8307,31.9283,26.9996,27.5389,30.3204,31.8651,28.6600,30.5231

2396.9280,31.8551,31.8094,31.8831,31.8606,31.9324,26.9811,27.5208,30.3432,31.8681,28.6621,30.5232

2397.9270,31.8790,31.8356,31.8938,31.8680,31.9215,26.9829,27.5264,30.3263,31.8796,28.6546,30.5292

2398.9270,31.8680,31.8458,31.8908,31.8369,31.9481,26.9657,27.5379,30.3363,31.8779,28.6510,30.5287

2399.9270,31.8714,31.8232,31.8645,31.8612,31.9223,26.9983,27.5399,30.3473,31.8685,28.6728,30.5285

2400.9280,31.8568,31.8282,31.8854,31.8404,31.9375,26.9855,27.5583,30.3125,31.8696,28.6490,30.5256

2401.9270,31.8727,31.8277,31.8676,31.8521,31.9282,26.9775,27.5366,30.3247,31.8697,28.6511,30.5234

2402.9270,31.8655,31.8333,31.8910,31.8774,31.9346,26.9816,27.5845,30.3325,31.8804,28.6570,30.5375

2403.9270,31.8762,31.8554,31.8760,31.8868,31.9291,26.9994,27.5882,30.3131,31.8847,28.6563,30.5405

2404.9270,31.8577,31.8160,31.8779,31.8563,31.9164,27.0048,27.5723,30.3260,31.8649,28.6654,30.5284

2405.9280,31.8748,31.8344,31.8930,31.8461,31.9376,27.0027,27.6141,30.3230,31.8772,28.6629,30.5407

2406.9270,31.8604,31.8331,31.8979,31.8576,31.9341,26.9944,27.6190,30.3199,31.8766,28.6572,30.5396

2407.9270,31.8757,31.8329,31.8775,31.8460,31.9422,26.9942,27.6150,30.3319,31.8749,28.6631,30.5394

2408.9270,31.8781,31.8242,31.8843,31.8401,31.9396,26.9885,27.6056,30.3168,31.8733,28.6527,30.5347

2409.9270,31.8697,31.8246,31.8950,31.8372,31.9442,26.9999,27.6113,30.3395,31.8741,28.6697,30.5402

2410.9270,31.8764,31.8130,31.8881,31.8355,31.9350,26.9855,27.6081,30.3373,31.8696,28.6614,30.5349

2411.9280,31.8779,31.8190,31.8814,31.8424,31.9330,26.9959,27.5856,30.3195,31.8707,28.6577,30.5318

2412.9270,31.8694,31.8387,31.8988,31.8425,31.9068,27.0072,27.5743,30.3270,31.8712,28.6671,30.5331

2413.9270,31.8772,31.8274,31.8748,31.8528,31.9640,26.9919,27.5741,30.3207,31.8793,28.6563,30.5354

2414.9270,31.8848,31.8426,31.9041,31.8417,31.9233,27.0174,27.5586,30.3358,31.8793,28.6766,30.5385

2415.9270,31.8770,31.8315,31.9028,31.8624,31.9206,27.0035,27.5361,30.3139,31.8789,28.6587,30.5310

2416.9280,31.8806,31.8176,31.8711,31.8552,31.9293,27.0137,27.5332,30.3425,31.8708,28.6781,30.5304

2417.9270,31.8650,31.8395,31.8648,31.8352,31.9296,27.0173,27.5429,30.3268,31.8668,28.6720,30.5276

2418.9280,31.8834,31.8260,31.8838,31.8411,31.9227,27.0014,27.5397,30.3372,31.8714,28.6693,30.5294

2419.9270,31.8723,31.8271,31.8834,31.8633,31.9416,27.0134,27.5385,30.3430,31.8776,28.6782,30.5353

2420.9270,31.8703,31.8412,31.8839,31.8511,31.9252,27.0039,27.5507,30.3312,31.8743,28.6675,30.5322

2421.9270,31.8540,31.8174,31.8718,31.8277,31.9159,27.0270,27.5606,30.3477,31.8574,28.6874,30.5278

2422.9270,31.8541,31.8242,31.8791,31.8435,31.9204,27.0291,27.5433,30.3441,31.8643,28.6866,30.5297

2423.9270,31.8740,31.8281,31.8741,31.8520,31.9355,27.0311,27.5562,30.3283,31.8727,28.6797,30.5349

2424.9280,31.8772,31.8442,31.8803,31.8611,31.9446,27.0014,27.5614,30.3362,31.8815,28.6688,30.5383

2425.9270,31.8941,31.8274,31.8898,31.8640,31.9334,27.0286,27.5566,30.3296,31.8817,28.6791,30.5404

2426.9270,31.8729,31.8251,31.8810,31.8547,31.9195,27.0070,27.5448,30.3258,31.8706,28.6664,30.5288

2427.9270,31.8580,31.8299,31.8745,31.8472,31.9298,27.0038,27.5440,30.3217,31.8679,28.6627,30.5261

2428.9270,31.8823,31.8182,31.8849,31.8638,31.9191,27.0159,27.5358,30.3417,31.8737,28.6788,30.5327

2429.9270,31.8627,31.8388,31.8970,31.8585,31.9383,26.9953,27.5445,30.3071,31.8791,28.6512,30.5303

2430.9280,31.8462,31.8205,31.8848,31.8355,31.9163,27.0225,27.5373,30.3272,31.8607,28.6749,30.5238

2431.9280,31.8721,31.8177,31.8759,31.8562,31.9215,27.0307,27.5464,30.3325,31.8687,28.6816,30.5316

2432.9270,31.8837,31.8389,31.8910,31.8558,31.9192,26.9899,27.5169,30.3356,31.8777,28.6628,30.5289

2433.9270,31.8747,31.8268,31.8883,31.8466,31.9385,27.0200,27.5169,30.3327,31.8750,28.6764,30.5306

2434.9290,31.8831,31.8274,31.8691,31.8607,31.9395,27.0323,27.4994,30.3558,31.8760,28.6940,30.5334

2435.9270,31.8636,31.8418,31.8789,31.8559,31.9413,27.0047,27.5076,30.3268,31.8763,28.6657,30.5276

2436.9270,31.8645,31.8116,31.8839,31.8749,31.9181,27.0117,27.4887,30.3352,31.8706,28.6735,30.5236

2437.9270,31.8698,31.8312,31.8772,31.8659,31.9293,27.0207,27.4912,30.3259,31.8747,28.6733,30.5264

2438.9270,31.8715,31.8196,31.8755,31.8501,31.9280,26.9932,27.4830,30.3164,31.8689,28.6548,30.5172

2439.9270,31.8644,31.8410,31.8767,31.8448,31.9208,27.0140,27.4651,30.3197,31.8696,28.6668,30.5183

2440.9270,31.8647,31.8443,31.8931,31.8589,31.9236,27.0114,27.4805,30.3467,31.8769,28.6791,30.5279

2441.9280,31.8681,31.8115,31.9011,31.8265,31.9326,27.0195,27.4692,30.3209,31.8679,28.6702,30.5187

2442.9280,31.8802,31.8339,31.8958,31.8662,31.9305,27.0204,27.4908,30.3444,31.8813,28.6824,30.5328

2443.9270,31.8581,31.8125,31.8791,31.8538,31.9233,27.0128,27.4767,30.3331,31.8654,28.6729,30.5187

2444.9270,31.8697,31.8314,31.8938,31.8497,31.9196,26.9986,27.4945,30.3268,31.8728,28.6627,30.5230

2445.9270,31.8728,31.8242,31.8805,31.8561,31.9162,27.0191,27.4868,30.3267,31.8700,28.6729,30.5228

2446.9270,31.8923,31.8224,31.8735,31.8336,31.9327,27.0038,27.4846,30.3443,31.8709,28.6740,30.5234

2447.9270,31.8679,31.8356,31.8783,31.8497,31.9426,27.0057,27.4936,30.3387,31.8749,28.6722,30.5265

2448.9270,31.8681,31.8392,31.8711,31.8471,31.9199,27.0167,27.4919,30.3483,31.8691,28.6825,30.5253

2449.9280,31.8801,31.8332,31.8693,31.8538,31.9402,27.0217,27.5058,30.3128,31.8753,28.6672,30.5271

2450.9280,31.8964,31.8240,31.8761,31.8413,31.9300,27.0259,27.5081,30.3338,31.8736,28.6798,30.5294

2451.9280,31.8864,31.8307,31.8711,31.8678,31.9171,27.0304,27.5070,30.3388,31.8746,28.6846,30.5312

2452.9270,31.8743,31.8473,31.8680,31.8670,31.9238,27.0107,27.5118,30.3248,31.8761,28.6678,30.5285

2453.9270,31.8916,31.8486,31.8842,31.8542,31.9284,27.0408,27.5254,30.3436,31.8814,28.6922,30.5396

2454.9270,31.8827,31.8400,31.8874,31.8522,31.9268,27.0210,27.5131,30.3422,31.8778,28.6816,30.5332

2455.9270,31.8743,31.8570,31.8791,31.8833,31.9410,27.0272,27.5349,30.3418,31.8870,28.6845,30.5423

2456.9280,31.8845,31.8824,31.8970,31.8468,31.9355,27.0096,27.5343,30.3068,31.8892,28.6582,30.5371

2457.9280,31.8985,31.8955,31.8931,31.8570,31.9523,27.0067,27.5064,30.3387,31.8993,28.6727,30.5435

2458.9270,31.8742,31.8794,31.8818,31.8836,31.9512,27.0121,27.5480,30.3206,31.8941,28.6663,30.5439

2459.9270,31.8890,31.8768,31.9007,31.8829,31.9744,27.0170,27.5261,30.3161,31.9047,28.6666,30.5479

2460.9270,31.9313,31.9074,31.9027,31.8947,31.9745,27.0383,27.4866,30.3218,31.9221,28.6800,30.5572

2461.9280,31.9102,31.9101,31.9354,31.8955,31.9730,27.0189,27.4917,30.3208,31.9248,28.6699,30.5569

2462.9270,31.9476,31.9299,31.9323,31.8821,31.9759,27.0165,27.4733,30.3400,31.9336,28.6782,30.5622

2463.9270,31.9382,31.9155,31.9498,31.9038,31.9976,27.0141,27.4685,30.3442,31.9410,28.6791,30.5664

2464.9270,31.9471,31.9298,31.9477,31.9040,31.9965,27.0188,27.4336,30.3188,31.9450,28.6688,30.5620

2465.9280,31.9640,31.9325,31.9700,31.9039,31.9865,27.0306,27.4256,30.3418,31.9514,28.6862,30.5694

2466.9280,31.9506,31.9566,31.9632,31.9144,32.0171,27.0293,27.4088,30.3340,31.9604,28.6817,30.5718

2467.9270,31.9777,31.9611,31.9733,31.9202,32.0174,27.0250,27.3856,30.3466,31.9699,28.6858,30.5759

2468.9270,31.9788,31.9732,31.9798,31.9343,32.0295,27.0355,27.3933,30.3214,31.9791,28.6784,30.5807

2469.9270,31.9990,31.9826,31.9831,31.9362,32.0375,27.0412,27.4061,30.3327,31.9877,28.6870,30.5898

2470.9270,31.9870,31.9903,31.9908,31.9444,32.0387,27.0164,27.4058,30.3117,31.9902,28.6641,30.5856

2471.9280,31.9776,31.9906,31.9803,31.9676,32.0413,27.0504,27.4204,30.3418,31.9915,28.6961,30.5963

2472.9280,31.9991,31.9910,32.0070,31.9586,32.0478,27.0531,27.4156,30.3257,32.0007,28.6894,30.5997

2473.9290,32.0165,32.0189,32.0156,31.9560,32.0612,27.0427,27.4194,30.3375,32.0136,28.6901,30.6085

2474.9270,32.0044,32.0223,32.0087,31.9815,32.0805,27.0438,27.4223,30.3282,32.0195,28.6860,30.6115

2475.9270,32.0166,32.0289,32.0251,31.9834,32.0969,27.0325,27.4247,30.3165,32.0302,28.6745,30.6156

2476.9270,32.0282,32.0208,32.0368,31.9969,32.0903,27.0479,27.4415,30.3389,32.0346,28.6934,30.6252

2477.9270,32.0578,32.0448,32.0579,32.0129,32.0870,27.0517,27.4288,30.3568,32.0521,28.7042,30.6372

2478.9270,32.0327,32.0510,32.0543,32.0116,32.0928,27.0699,27.4470,30.3453,32.0485,28.7076,30.6381

2479.9270,32.0639,32.0644,32.0653,32.0273,32.1287,27.0488,27.4264,30.3337,32.0699,28.6913,30.6448

2480.9270,32.0617,32.0685,32.0718,32.0207,32.1183,27.0561,27.4379,30.3353,32.0682,28.6957,30.6463

2481.9280,32.0735,32.0596,32.0999,32.0211,32.1417,27.0661,27.4408,30.3387,32.0791,28.7024,30.6552

2482.9280,32.0872,32.0691,32.0860,32.0311,32.1446,27.0511,27.4249,30.3369,32.0836,28.6940,30.6539

2483.9280,32.0847,32.0693,32.0872,32.0492,32.1383,27.0702,27.4388,30.3405,32.0857,28.7053,30.6598

2484.9270,32.0986,32.1108,32.1024,32.0639,32.1418,27.0804,27.4194,30.3243,32.1035,28.7024,30.6677

2485.9270,32.1162,32.0944,32.1023,32.0423,32.1511,27.0674,27.4083,30.3419,32.1013,28.7047,30.6655

2486.9270,32.1224,32.0992,32.1226,32.0616,32.1573,27.0562,27.4136,30.3115,32.1126,28.6839,30.6680

2487.9270,32.1136,32.1449,32.1209,32.0501,32.1768,27.0842,27.4052,30.3328,32.1212,28.7085,30.6786

2488.9270,32.1404,32.1153,32.1336,32.0641,32.1660,27.0720,27.3991,30.3478,32.1239,28.7099,30.6798

2489.9270,32.1193,32.1284,32.1312,32.0843,32.1927,27.0626,27.3982,30.3263,32.1312,28.6944,30.6804

2490.9270,32.1189,32.1333,32.1487,32.1028,32.1882,27.0618,27.4087,30.3288,32.1384,28.6953,30.6864

2491.9270,32.1445,32.1348,32.1770,32.1123,32.2146,27.0926,27.3976,30.3327,32.1566,28.7127,30.7008

2492.9270,32.1568,32.1496,32.1636,32.1139,32.1998,27.0644,27.3821,30.3276,32.1567,28.6960,30.6947

2493.9280,32.1571,32.1654,32.1546,32.1218,32.2250,27.0884,27.3835,30.3341,32.1648,28.7112,30.7037

2494.9270,32.1667,32.1697,32.1876,32.1219,32.2387,27.0739,27.4044,30.3263,32.1769,28.7001,30.7112

2495.9270,32.1754,32.1776,32.1912,32.1405,32.2282,27.0907,27.3952,30.3322,32.1826,28.7114,30.7164

2496.9280,32.1776,32.1970,32.1975,32.1468,32.2261,27.0854,27.4012,30.3556,32.1890,28.7205,30.7234

2497.9270,32.1992,32.1779,32.1905,32.1356,32.2356,27.0683,27.4045,30.3410,32.1877,28.7047,30.7191

2498.9280,32.1962,32.1974,32.2035,32.1580,32.2458,27.0937,27.4072,30.3507,32.2002,28.7222,30.7316

2499.9280,32.2053,32.1784,32.2112,32.1563,32.2567,27.0962,27.4205,30.3659,32.2016,28.7310,30.7363

2500.9270,32.1858,32.2126,32.2182,32.1600,32.2539,27.0978,27.4306,30.3525,32.2061,28.7252,30.7389

2501.9270,32.2187,32.2172,32.2331,32.1782,32.2622,27.0913,27.4641,30.3328,32.2219,28.7120,30.7497

2502.9270,32.2125,32.2296,32.2264,32.1733,32.2953,27.0855,27.4461,30.3552,32.2274,28.7204,30.7530

2503.9280,32.2333,32.2357,32.2245,32.1846,32.3080,27.1008,27.4793,30.3479,32.2372,28.7244,30.7643

2504.9270,32.2236,32.2554,32.2624,32.1902,32.2845,27.0933,27.4836,30.3386,32.2432,28.7160,30.7665

2505.9280,32.2286,32.2433,32.2667,32.2282,32.3118,27.0923,27.4543,30.3371,32.2557,28.7147,30.7703

2506.9280,32.2580,32.2717,32.2670,32.2239,32.3017,27.1171,27.4834,30.3397,32.2645,28.7284,30.7828

2507.9280,32.2639,32.2556,32.2650,32.2195,32.3058,27.0881,27.4898,30.3574,32.2620,28.7228,30.7806

2508.9270,32.2567,32.2646,32.2711,32.2017,32.3307,27.1012,27.5174,30.3432,32.2650,28.7222,30.7858

2509.9270,32.2831,32.2624,32.2750,32.2169,32.3182,27.0890,27.5024,30.3385,32.2711,28.7138,30.7857

2510.9270,32.2759,32.2786,32.2786,32.2355,32.3331,27.1016,27.5357,30.3393,32.2803,28.7204,30.7973

2511.9270,32.2879,32.2980,32.2975,32.2590,32.3430,27.1127,27.5256,30.3494,32.2971,28.7311,30.8091

2512.9270,32.2847,32.2917,32.2842,32.2476,32.3349,27.1033,27.5313,30.3429,32.2886,28.7231,30.8026

2513.9270,32.2963,32.3016,32.2931,32.2397,32.3462,27.1075,27.5548,30.3443,32.2954,28.7259,30.8104

2514.9270,32.3183,32.3082,32.3223,32.2655,32.3528,27.1065,27.5467,30.3437,32.3134,28.7251,30.8205

2515.9270,32.2987,32.3019,32.3418,32.2653,32.3601,27.1038,27.5864,30.3565,32.3135,28.7301,30.8268

2516.9270,32.3030,32.3233,32.3326,32.2815,32.3800,27.1044,27.5903,30.3383,32.3241,28.7213,30.8317

2517.9270,32.3320,32.3293,32.3457,32.2791,32.3523,27.1071,27.6091,30.3580,32.3277,28.7325,30.8391

2518.9270,32.3391,32.3339,32.3513,32.2663,32.3902,27.1245,27.6110,30.3528,32.3362,28.7387,30.8461

2519.9270,32.3463,32.3390,32.3423,32.2776,32.4033,27.1167,27.6371,30.3530,32.3417,28.7348,30.8519

2520.9270,32.3440,32.3364,32.3612,32.2941,32.3833,27.1163,27.6503,30.3798,32.3438,28.7481,30.8582

2521.9270,32.3496,32.3592,32.3484,32.3203,32.3930,27.1163,27.6480,30.3549,32.3541,28.7356,30.8612

2522.9270,32.3686,32.3618,32.3886,32.3276,32.4209,27.1127,27.6962,30.3621,32.3735,28.7374,30.8798

2523.9270,32.3717,32.3768,32.3660,32.3285,32.4209,27.1183,27.6970,30.3381,32.3728,28.7282,30.8772

2524.9270,32.3820,32.3639,32.3789,32.3348,32.4446,27.1342,27.7271,30.3488,32.3809,28.7415,30.8893

2525.9270,32.4011,32.3928,32.3914,32.3280,32.4345,27.1388,27.7232,30.3619,32.3896,28.7503,30.8965

2526.9280,32.3873,32.3630,32.3864,32.3545,32.4366,27.1150,27.7372,30.3494,32.3856,28.7322,30.8912

2527.9280,32.3887,32.4028,32.4009,32.3371,32.4404,27.1263,27.7385,30.3517,32.3940,28.7390,30.8983

2528.9270,32.3680,32.4058,32.4147,32.3701,32.4400,27.1338,27.7201,30.3442,32.3997,28.7390,30.8996

2529.9270,32.3866,32.3945,32.4123,32.3626,32.4480,27.1365,27.7370,30.3492,32.4008,28.7429,30.9033

2530.9270,32.4083,32.4030,32.3960,32.3650,32.4490,27.1205,27.7337,30.3615,32.4043,28.7410,30.9046

2531.9270,32.4168,32.4364,32.4270,32.3740,32.4608,27.1121,27.7649,30.3536,32.4230,28.7329,30.9182

2532.9280,32.4194,32.4334,32.4362,32.3663,32.4892,27.1200,27.7680,30.3661,32.4289,28.7430,30.9248

2533.9280,32.4298,32.4369,32.4481,32.3628,32.4730,27.1346,27.7845,30.3567,32.4301,28.7457,30.9283

2534.9270,32.4313,32.4305,32.4558,32.3986,32.4957,27.1197,27.7960,30.3634,32.4424,28.7416,30.9364

2535.9270,32.4404,32.4349,32.4433,32.3861,32.4804,27.1383,27.7745,30.3660,32.4370,28.7521,30.9330

2536.9270,32.4513,32.4572,32.4577,32.4033,32.4896,27.1454,27.7774,30.3439,32.4518,28.7446,30.9407

2537.9270,32.4555,32.4654,32.4513,32.3899,32.4733,27.1572,27.7892,30.3567,32.4471,28.7569,30.9423

2538.9270,32.4725,32.4548,32.4792,32.4144,32.4834,27.1436,27.7931,30.3634,32.4609,28.7535,30.9505

2539.9270,32.4730,32.4701,32.4955,32.4120,32.5171,27.1324,27.8073,30.3606,32.4735,28.7465,30.9585

2540.9270,32.4506,32.4791,32.4843,32.4106,32.4951,27.1338,27.8021,30.3536,32.4639,28.7437,30.9512

2541.9270,32.4676,32.4868,32.4685,32.4225,32.5178,27.1316,27.8018,30.3509,32.4726,28.7413,30.9559

2542.9280,32.4831,32.4818,32.4992,32.4429,32.5344,27.1778,27.7787,30.3744,32.4883,28.7761,30.9715

2543.9270,32.5004,32.5046,32.5027,32.4220,32.5482,27.1439,27.7919,30.3547,32.4956,28.7493,30.9710

2544.9280,32.5011,32.5044,32.4950,32.4425,32.5335,27.1535,27.7704,30.3643,32.4953,28.7589,30.9706

2545.9270,32.5061,32.5005,32.5047,32.4386,32.5409,27.1556,27.7735,30.3594,32.4982,28.7575,30.9724

2546.9270,32.4987,32.5189,32.5171,32.4702,32.5424,27.1388,27.7723,30.3459,32.5095,28.7424,30.9755

2547.9280,32.5184,32.5101,32.5082,32.4566,32.5462,27.1577,27.7445,30.3638,32.5079,28.7607,30.9757

2548.9270,32.5259,32.5157,32.5176,32.4519,32.5533,27.1586,27.7534,30.3585,32.5129,28.7586,30.9794

2549.9270,32.5134,32.5359,32.5171,32.4843,32.5729,27.1551,27.7498,30.3541,32.5247,28.7546,30.9853

2550.9270,32.5186,32.5465,32.5507,32.4653,32.5727,27.1800,27.7394,30.3531,32.5308,28.7666,30.9908

2551.9280,32.5253,32.5519,32.5368,32.4895,32.5701,27.1740,27.7570,30.3702,32.5347,28.7721,30.9969

2552.9280,32.5412,32.5663,32.5616,32.4781,32.5635,27.1476,27.7292,30.3579,32.5421,28.7528,30.9932

2553.9270,32.5534,32.5525,32.5680,32.5075,32.5844,27.1660,27.7193,30.3373,32.5531,28.7517,30.9985

2554.9270,32.5479,32.5689,32.5656,32.4878,32.6017,27.1732,27.6992,30.3566,32.5544,28.7649,31.0001

2555.9270,32.5445,32.5692,32.5645,32.5115,32.5969,27.1504,27.6934,30.3607,32.5573,28.7556,30.9989

2556.9270,32.5680,32.5550,32.5878,32.5198,32.5949,27.1632,27.7066,30.3570,32.5651,28.7601,31.0066

2557.9270,32.5815,32.5802,32.5788,32.5235,32.6013,27.1810,27.6919,30.3682,32.5731,28.7746,31.0133

2558.9280,32.5866,32.5910,32.5717,32.5220,32.6008,27.1781,27.6805,30.3620,32.5744,28.7701,31.0116

2559.9270,32.5669,32.6060,32.5924,32.5258,32.6168,27.1621,27.6810,30.3761,32.5816,28.7691,31.0159

2560.9270,32.5759,32.5890,32.5979,32.5215,32.6364,27.1717,27.6571,30.3659,32.5842,28.7688,31.0144

2561.9270,32.5846,32.6024,32.5963,32.5503,32.6389,27.1606,27.6499,30.3667,32.5945,28.7637,31.0187

2562.9270,32.6145,32.5834,32.5979,32.5365,32.6171,27.1807,27.6304,30.3660,32.5899,28.7734,31.0158

2563.9280,32.6039,32.6085,32.6108,32.5466,32.6512,27.1677,27.6292,30.3785,32.6042,28.7731,31.0245

2564.9270,32.6041,32.6067,32.6203,32.5673,32.6536,27.1731,27.6029,30.3659,32.6104,28.7695,31.0242

2565.9270,32.6127,32.6008,32.6327,32.5563,32.6398,27.1751,27.6064,30.3769,32.6085,28.7760,31.0251

2566.9270,32.6090,32.6271,32.6126,32.5563,32.6637,27.1921,27.6013,30.3624,32.6137,28.7773,31.0280

2567.9270,32.6161,32.6321,32.6339,32.5683,32.6663,27.1701,27.6065,30.3695,32.6233,28.7698,31.0328

2568.9280,32.6211,32.6299,32.6332,32.5835,32.6566,27.1917,27.6102,30.3487,32.6249,28.7702,31.0344

2569.9280,32.6365,32.6461,32.6279,32.6016,32.6785,27.1708,27.6143,30.3646,32.6381,28.7677,31.0425

2570.9270,32.6262,32.6450,32.6380,32.5737,32.6572,27.1778,27.6374,30.3491,32.6280,28.7635,31.0380

2571.9270,32.6446,32.6514,32.6552,32.5797,32.6908,27.2011,27.6309,30.3562,32.6443,28.7787,31.0512

2572.9280,32.6315,32.6335,32.6692,32.5894,32.6940,27.1855,27.6460,30.3459,32.6435,28.7657,31.0494

2573.9270,32.6416,32.6491,32.6641,32.5910,32.7012,27.1840,27.6374,30.3650,32.6494,28.7745,31.0542

2574.9280,32.6642,32.6426,32.6628,32.5999,32.7097,27.1873,27.6370,30.3614,32.6558,28.7744,31.0581

2575.9270,32.6587,32.6758,32.6819,32.5975,32.6969,27.1903,27.6423,30.3676,32.6622,28.7789,31.0639

2576.9280,32.6761,32.6763,32.6768,32.6219,32.7190,27.1710,27.6470,30.3648,32.6740,28.7679,31.0691

2577.9270,32.6659,32.6666,32.6807,32.6141,32.7280,27.1824,27.6561,30.3517,32.6710,28.7671,31.0682

2578.9270,32.6692,32.6806,32.6857,32.6107,32.7120,27.1923,27.6382,30.3602,32.6716,28.7763,31.0686

2579.9280,32.6973,32.6833,32.6851,32.6251,32.7095,27.2074,27.6099,30.3692,32.6801,28.7883,31.0734

2580.9280,32.6971,32.6752,32.7188,32.6325,32.7366,27.1992,27.6285,30.3680,32.6920,28.7836,31.0820

2581.9270,32.7101,32.6983,32.7002,32.6453,32.7368,27.2005,27.6265,30.3688,32.6982,28.7846,31.0858

2582.9270,32.6869,32.6991,32.7258,32.6405,32.7610,27.1922,27.6155,30.3639,32.7026,28.7780,31.0856

2583.9270,32.7099,32.7098,32.7028,32.6493,32.7431,27.1988,27.6169,30.3554,32.7030,28.7771,31.0858

2584.9270,32.7444,32.7198,32.7053,32.6438,32.7789,27.1987,27.5800,30.3600,32.7184,28.7793,31.0914

2585.9270,32.7207,32.7286,32.7323,32.6507,32.7445,27.1771,27.5891,30.3648,32.7154,28.7710,31.0885

2586.9270,32.7293,32.7140,32.7178,32.6648,32.7642,27.1778,27.5657,30.3688,32.7180,28.7733,31.0878

2587.9280,32.7224,32.7304,32.7337,32.6703,32.7590,27.1817,27.5672,30.3501,32.7231,28.7659,31.0893

2588.9280,32.7061,32.7395,32.7381,32.6837,32.7615,27.2190,27.5381,30.3713,32.7257,28.7952,31.0947

2589.9270,32.7031,32.7428,32.7404,32.6738,32.7770,27.1869,27.5540,30.3646,32.7274,28.7757,31.0928

2590.9270,32.7369,32.7528,32.7472,32.6740,32.7603,27.1850,27.5465,30.3694,32.7342,28.7772,31.0965

2591.9280,32.7404,32.7480,32.7461,32.6673,32.7925,27.2026,27.5490,30.3634,32.7389,28.7830,31.1012

2592.9280,32.7422,32.7617,32.7603,32.7097,32.7922,27.1879,27.5641,30.3774,32.7532,28.7827,31.1119

2593.9270,32.7565,32.7802,32.7455,32.7014,32.7976,27.1906,27.5587,30.3542,32.7563,28.7724,31.1106

2594.9270,32.7508,32.7530,32.7713,32.7004,32.8003,27.2042,27.5449,30.3683,32.7552,28.7862,31.1117

2595.9270,32.7757,32.7783,32.7807,32.6972,32.7821,27.2074,27.5633,30.3715,32.7628,28.7895,31.1195

2596.9270,32.7681,32.7628,32.7652,32.7164,32.7980,27.2064,27.5514,30.3587,32.7621,28.7826,31.1159

2597.9270,32.7880,32.7716,32.7909,32.7121,32.8120,27.1849,27.5408,30.3585,32.7749,28.7717,31.1198

2598.9280,32.7951,32.7639,32.7808,32.7217,32.8244,27.2090,27.5484,30.3694,32.7772,28.7892,31.1266

2599.9280,32.7799,32.7838,32.7852,32.7237,32.8171,27.2084,27.5411,30.3475,32.7779,28.7780,31.1233

2600.9280,32.7710,32.7898,32.7907,32.7326,32.8198,27.1905,27.5614,30.3682,32.7808,28.7793,31.1280

2601.9280,32.7972,32.8021,32.7885,32.7420,32.8180,27.2131,27.5477,30.3503,32.7895,28.7817,31.1324

2602.9270,32.7974,32.7892,32.8136,32.7376,32.8215,27.2265,27.5390,30.3576,32.7919,28.7920,31.1353

2603.9270,32.7970,32.8058,32.7950,32.7298,32.8574,27.2284,27.5555,30.3652,32.7970,28.7968,31.1418

2604.9270,32.8133,32.8024,32.8155,32.7503,32.8488,27.2193,27.5563,30.3665,32.8061,28.7929,31.1466

2605.9270,32.8084,32.8190,32.8101,32.7642,32.8397,27.2352,27.5627,30.3625,32.8083,28.7988,31.1502

2606.9270,32.8072,32.7957,32.8224,32.7619,32.8407,27.2316,27.5743,30.3421,32.8056,28.7868,31.1470

2607.9280,32.8210,32.8270,32.8289,32.7787,32.8298,27.2012,27.5820,30.3667,32.8171,28.7839,31.1544

2608.9270,32.8423,32.8248,32.8328,32.7737,32.8567,27.2197,27.5746,30.3523,32.8261,28.7860,31.1596

2609.9280,32.8506,32.8290,32.8492,32.7704,32.8506,27.2276,27.5943,30.3512,32.8300,28.7894,31.1654

2610.9280,32.8450,32.8496,32.8411,32.7755,32.8604,27.2112,27.5996,30.3593,32.8343,28.7852,31.1677

2611.9270,32.8276,32.8308,32.8322,32.7773,32.8866,27.2214,27.6305,30.3662,32.8309,28.7938,31.1716

2612.9270,32.8256,32.8507,32.8540,32.7878,32.8600,27.2199,27.6205,30.3520,32.8356,28.7859,31.1713

2613.9270,32.8424,32.8525,32.8276,32.7906,32.8684,27.2133,27.6163,30.3407,32.8363,28.7770,31.1690

2614.9270,32.8442,32.8522,32.8555,32.7889,32.8663,27.2255,27.5992,30.3636,32.8414,28.7946,31.1744

2615.9270,32.8591,32.8460,32.8352,32.7972,32.8774,27.2315,27.5930,30.3630,32.8430,28.7973,31.1753

2616.9270,32.8507,32.8917,32.8641,32.8045,32.9006,27.2282,27.5826,30.3645,32.8623,28.7964,31.1859

2617.9280,32.8706,32.8482,32.8848,32.7934,32.9059,27.2341,27.5687,30.3680,32.8606,28.8010,31.1842

2618.9270,32.8549,32.8569,32.8738,32.8039,32.9047,27.2461,27.5808,30.3528,32.8588,28.7995,31.1842

2619.9270,32.8773,32.8726,32.8815,32.8290,32.8768,27.2346,27.5745,30.3535,32.8674,28.7941,31.1875

2620.9280,32.8910,32.8693,32.8787,32.8351,32.9031,27.2164,27.5614,30.3556,32.8754,28.7860,31.1888

2621.9270,32.8850,32.8758,32.8772,32.8299,32.9175,27.2377,27.5865,30.3486,32.8771,28.7931,31.1948

2622.9270,32.8831,32.9016,32.8787,32.8224,32.9138,27.2434,27.5577,30.3679,32.8799,28.8056,31.1961

2623.9270,32.8915,32.8976,32.8910,32.8212,32.9332,27.2386,27.5469,30.3537,32.8869,28.7962,31.1967

2624.9270,32.8807,32.9129,32.8928,32.8187,32.9158,27.2418,27.5336,30.3607,32.8842,28.8013,31.1946

2625.9270,32.8849,32.8955,32.8776,32.8528,32.9273,27.2428,27.5317,30.3678,32.8876,28.8053,31.1976

2626.9280,32.9071,32.9054,32.9129,32.8205,32.9166,27.2477,27.5159,30.3543,32.8925,28.8010,31.1976

2627.9270,32.9035,32.8985,32.8990,32.8535,32.9300,27.2440,27.5075,30.3525,32.8969,28.7983,31.1986

2628.9270,32.9217,32.9139,32.9190,32.8572,32.9350,27.2643,27.4966,30.3591,32.9094,28.8117,31.2083

2629.9270,32.9113,32.9294,32.9219,32.8497,32.9495,27.2354,27.5017,30.3538,32.9123,28.7946,31.2066

2630.9280,32.9078,32.9324,32.9197,32.8480,32.9347,27.2540,27.4873,30.3663,32.9085,28.8101,31.2063

2631.9270,32.9187,32.9177,32.9289,32.8572,32.9594,27.2556,27.4804,30.3626,32.9164,28.8091,31.2101

2632.9280,32.9359,32.9274,32.9363,32.8669,32.9532,27.2469,27.4953,30.3582,32.9239,28.8026,31.2150

2633.9270,32.9412,32.9407,32.9421,32.8708,32.9580,27.2475,27.5350,30.3584,32.9306,28.8029,31.2242

2634.9270,32.9428,32.9347,32.9221,32.8588,32.9544,27.2506,27.5320,30.3680,32.9226,28.8093,31.2204

2635.9270,32.9337,32.9599,32.9425,32.8647,32.9983,27.2518,27.5355,30.3537,32.9398,28.8027,31.2300

2636.9270,32.9351,32.9559,32.9554,32.8912,32.9488,27.2584,27.5351,30.3650,32.9373,28.8117,31.2306

2637.9270,32.9467,32.9447,32.9635,32.8706,32.9658,27.2535,27.5386,30.3601,32.9382,28.8068,31.2304

2638.9270,32.9425,32.9471,32.9668,32.9120,32.9785,27.2578,27.5378,30.3442,32.9494,28.8010,31.2358

2639.9270,32.9307,32.9722,32.9361,32.8901,32.9736,27.2577,27.5537,30.3708,32.9405,28.8143,31.2356

2640.9280,32.9665,32.9504,32.9940,32.9092,32.9832,27.2598,27.5378,30.3574,32.9607,28.8086,31.2448

2641.9270,32.9771,32.9822,32.9615,32.8907,33.0042,27.2488,27.5476,30.3845,32.9632,28.8167,31.2496

2642.9270,32.9479,32.9781,32.9702,32.8952,32.9814,27.2548,27.5555,30.3604,32.9546,28.8076,31.2429

2643.9270,32.9624,32.9699,32.9821,32.8963,32.9844,27.2571,27.5747,30.3660,32.9590,28.8115,31.2491

2644.9270,32.9635,32.9903,32.9682,32.9199,32.9996,27.2563,27.5679,30.3596,32.9683,28.8080,31.2532

2645.9280,32.9673,32.9861,32.9735,32.8924,33.0157,27.2587,27.5693,30.3530,32.9670,28.8059,31.2520

2646.9270,32.9793,32.9952,32.9928,32.9183,33.0121,27.2614,27.5691,30.3567,32.9796,28.8090,31.2606

2647.9280,32.9641,32.9989,32.9863,32.9174,33.0111,27.2494,27.5576,30.3494,32.9756,28.7994,31.2543

2648.9290,32.9805,32.9857,33.0036,32.9149,33.0064,27.2597,27.5713,30.3489,32.9782,28.8043,31.2589

2649.9280,32.9877,32.9971,33.0023,32.9104,33.0145,27.2863,27.5649,30.3369,32.9824,28.8116,31.2625

2650.9270,32.9769,32.9957,32.9892,32.9446,33.0234,27.2872,27.5686,30.3430,32.9860,28.8151,31.2661

2651.9270,33.0029,33.0184,32.9866,32.9284,33.0236,27.2803,27.5376,30.3624,32.9920,28.8213,31.2675

2652.9270,32.9990,33.0284,32.9975,32.9520,33.0354,27.2504,27.5153,30.3608,33.0025,28.8056,31.2674

2653.9270,32.9973,32.9906,33.0014,32.9395,33.0230,27.2577,27.5056,30.3634,32.9904,28.8105,31.2598

2654.9270,32.9893,33.0071,33.0094,32.9527,33.0328,27.2798,27.4966,30.3652,32.9983,28.8225,31.2666

2655.9270,33.0103,33.0174,33.0183,32.9517,33.0244,27.2850,27.5093,30.3473,33.0044,28.8161,31.2705

2656.9270,33.0325,33.0121,33.0130,32.9652,33.0684,27.2780,27.5373,30.3493,33.0182,28.8137,31.2820

2657.9270,33.0091,33.0027,33.0130,32.9619,33.0420,27.2630,27.5585,30.3710,33.0057,28.8170,31.2776

2658.9270,33.0149,33.0443,33.0255,32.9655,33.0274,27.2566,27.5634,30.3674,33.0155,28.8120,31.2831

2659.9270,33.0120,33.0270,33.0242,32.9591,33.0524,27.2725,27.5610,30.3659,33.0149,28.8192,31.2843

2660.9270,33.0305,33.0241,33.0415,32.9576,33.0485,27.2831,27.5691,30.3407,33.0204,28.8119,31.2869

2661.9280,33.0200,33.0356,33.0468,32.9540,33.0595,27.2867,27.5888,30.3495,33.0232,28.8181,31.2926

2662.9270,33.0316,33.0182,33.0191,32.9872,33.0679,27.2828,27.6236,30.3536,33.0248,28.8182,31.2980

2663.9280,33.0287,33.0592,33.0461,32.9861,33.0644,27.3010,27.6022,30.3544,33.0369,28.8277,31.3053

2664.9270,33.0285,33.0591,33.0638,32.9658,33.0647,27.2853,27.6091,30.3434,33.0364,28.8144,31.3025

2665.9280,33.0467,33.0447,33.0273,32.9931,33.0662,27.2744,27.6293,30.3579,33.0356,28.8162,31.3050

2666.9280,33.0482,33.0572,33.0511,32.9779,33.0731,27.2561,27.6393,30.3557,33.0415,28.8059,31.3073

2667.9270,33.0267,33.0460,33.0348,32.9692,33.0653,27.2859,27.6502,30.3844,33.0284,28.8351,31.3078

2668.9270,33.0472,33.0624,33.0572,33.0066,33.0914,27.2702,27.6703,30.3607,33.0529,28.8155,31.3207

2669.9270,33.0413,33.0485,33.0785,32.9875,33.0878,27.2850,27.6818,30.3576,33.0487,28.8213,31.3210

2670.9270,33.0666,33.0748,33.0730,33.0008,33.0734,27.2633,27.6785,30.3384,33.0577,28.8009,31.3211

2671.9280,33.0747,33.0645,33.0791,33.0120,33.0992,27.2781,27.6603,30.3639,33.0659,28.8210,31.3290

2672.9270,33.0650,33.0695,33.0592,33.0095,33.0629,27.2773,27.6435,30.3631,33.0532,28.8202,31.3187

2673.9280,33.0832,33.0703,33.0872,33.0192,33.1031,27.2687,27.6283,30.3499,33.0726,28.8093,31.3262

2674.9270,33.0803,33.0707,33.0754,33.0224,33.1016,27.2903,27.6291,30.3676,33.0701,28.8290,31.3297

2675.9270,33.0478,33.0991,33.0701,33.0232,33.1024,27.2929,27.6177,30.3623,33.0685,28.8276,31.3269

2676.9270,33.0819,33.0937,33.0848,33.0149,33.1082,27.2876,27.6373,30.3546,33.0767,28.8211,31.3329

2677.9270,33.0532,33.0937,33.0923,33.0375,33.1181,27.2885,27.6212,30.3565,33.0790,28.8225,31.3326

2678.9270,33.0706,33.0971,33.0789,33.0287,33.1154,27.2725,27.6467,30.3452,33.0781,28.8088,31.3319

2679.9270,33.0741,33.0884,33.1015,33.0326,33.1306,27.2869,27.6493,30.3670,33.0854,28.8269,31.3413

2680.9270,33.1002,33.1198,33.0902,33.0349,33.1305,27.2839,27.6760,30.3509,33.0951,28.8174,31.3483

2681.9270,33.0931,33.0886,33.1022,33.0281,33.1135,27.2852,27.6731,30.3654,33.0851,28.8253,31.3437

2682.9270,33.0796,33.1081,33.0912,33.0598,33.1241,27.2957,27.6850,30.3726,33.0926,28.8341,31.3520

2683.9270,33.0983,33.1077,33.1157,33.0562,33.1335,27.3004,27.7123,30.3518,33.1023,28.8261,31.3595

2684.9270,33.1079,33.1260,33.1026,33.0416,33.1227,27.2968,27.7177,30.3638,33.1002,28.8303,31.3599

2685.9280,33.1069,33.1194,33.1152,33.0580,33.1386,27.2939,27.7336,30.3454,33.1076,28.8197,31.3639

2686.9270,33.0894,33.1156,33.1119,33.0584,33.1367,27.3159,27.7354,30.3669,33.1024,28.8414,31.3663

2687.9270,33.1045,33.1183,33.1183,33.0738,33.1441,27.3085,27.7632,30.3383,33.1118,28.8234,31.3711

2688.9270,33.1123,33.1227,33.1204,33.0665,33.1152,27.2833,27.7994,30.3626,33.1074,28.8230,31.3728

2689.9280,33.1237,33.1343,33.1024,33.0635,33.1446,27.2910,27.8329,30.3392,33.1137,28.8151,31.3790

2690.9270,33.1117,33.1199,33.1250,33.0603,33.1513,27.2921,27.8949,30.3803,33.1136,28.8362,31.3919

2691.9270,33.1252,33.1398,33.1482,33.0667,33.1595,27.3053,27.9419,30.3633,33.1279,28.8343,31.4062

2692.9270,33.1093,33.1364,33.1495,33.0867,33.1373,27.3227,27.9612,30.3473,33.1238,28.8350,31.4063

2693.9270,33.1261,33.1243,33.1337,33.0746,33.1580,27.3137,27.9446,30.3444,33.1233,28.8291,31.4024

2694.9280,33.1370,33.1310,33.1366,33.0762,33.1484,27.2931,27.9396,30.3456,33.1258,28.8193,31.4009

2695.9280,33.1249,33.1369,33.1430,33.0759,33.1458,27.3158,27.9364,30.3292,33.1253,28.8225,31.4010

2696.9270,33.1366,33.1462,33.1416,33.0811,33.1692,27.3219,27.9298,30.3682,33.1349,28.8451,31.4118

2697.9270,33.1191,33.1358,33.1508,33.0819,33.1583,27.3067,27.9259,30.3502,33.1292,28.8284,31.4036

2698.9270,33.1296,33.1409,33.1634,33.0847,33.1742,27.3205,27.9237,30.3668,33.1386,28.8436,31.4130

2699.9270,33.1387,33.1486,33.1631,33.1003,33.1786,27.3226,27.9206,30.3628,33.1459,28.8427,31.4169

2700.9280,33.1559,33.1569,33.1498,33.0734,33.1691,27.3173,27.9111,30.3546,33.1410,28.8360,31.4110

2701.9270,33.1360,33.1689,33.1539,33.0836,33.1726,27.3458,27.9160,30.3558,33.1430,28.8508,31.4166

2702.9270,33.1513,33.1449,33.1642,33.0873,33.1759,27.3306,27.9498,30.3434,33.1447,28.8370,31.4184

2703.9270,33.1601,33.1623,33.1473,33.1027,33.1805,27.3323,27.9289,30.3503,33.1506,28.8413,31.4205

2704.9270,33.1347,33.1716,33.1617,33.1012,33.1837,27.3515,27.9194,30.3399,33.1506,28.8457,31.4205

2705.9270,33.1314,33.1672,33.1724,33.1002,33.1981,27.3327,27.9425,30.3531,33.1538,28.8429,31.4247

2706.9270,33.1704,33.1889,33.1800,33.0957,33.1580,27.3611,27.9501,30.3362,33.1586,28.8487,31.4301

2707.9280,33.1570,33.1844,33.1943,33.1108,33.1938,27.3514,27.9183,30.3463,33.1681,28.8489,31.4320

2708.9280,33.1642,33.1718,33.1699,33.1160,33.1976,27.3520,27.9199,30.3568,33.1639,28.8544,31.4310

2709.9280,33.1540,33.1707,33.1754,33.1243,33.2087,27.3550,27.8841,30.3442,33.1666,28.8496,31.4271

2710.9280,33.1681,33.1816,33.1905,33.1291,33.2065,27.3329,27.8673,30.3396,33.1752,28.8362,31.4269

2711.9280,33.1723,33.1693,33.1824,33.1149,33.1942,27.3498,27.8677,30.3616,33.1666,28.8557,31.4265

2712.9270,33.1690,33.1906,33.1771,33.1175,33.2052,27.3423,27.8253,30.3593,33.1719,28.8508,31.4233

2713.9270,33.1542,33.1896,33.1798,33.1390,33.2088,27.3241,27.8227,30.3576,33.1743,28.8409,31.4220

2714.9280,33.1696,33.2116,33.1788,33.1324,33.2004,27.3296,27.8220,30.3547,33.1785,28.8421,31.4249

2715.9270,33.1803,33.2058,33.2039,33.1293,33.2067,27.3409,27.7702,30.3302,33.1852,28.8356,31.4209

2716.9280,33.1781,33.1891,33.1989,33.1267,33.2233,27.3523,27.7938,30.3378,33.1832,28.8451,31.4250

2717.9270,33.1779,33.1855,33.2099,33.1344,33.2136,27.3540,27.7857,30.3480,33.1843,28.8510,31.4261

2718.9270,33.1855,33.1969,33.1964,33.1350,33.2072,27.3522,27.7839,30.3462,33.1842,28.8492,31.4254

2719.9270,33.1939,33.1781,33.2081,33.1247,33.2166,27.3522,27.7702,30.3584,33.1843,28.8553,31.4253

2720.9270,33.1912,33.2064,33.2162,33.1469,33.2289,27.3471,27.7524,30.3289,33.1979,28.8380,31.4273

2721.9270,33.1950,33.1951,33.2148,33.1342,33.1970,27.3566,27.7760,30.3684,33.1872,28.8625,31.4296

2722.9270,33.2120,33.2264,33.2213,33.1275,33.2053,27.3652,27.7794,30.3366,33.1985,28.8509,31.4342

2723.9270,33.2103,33.2052,33.2174,33.1499,33.2301,27.3452,27.7566,30.3354,33.2026,28.8403,31.4313

2724.9270,33.2021,33.2373,33.1966,33.1384,33.2303,27.3477,27.7595,30.3271,33.2009,28.8374,31.4299

2725.9280,33.2028,33.2313,33.2341,33.1704,33.2257,27.3569,27.7773,30.3401,33.2128,28.8485,31.4423

2726.9270,33.2011,33.2553,33.2380,33.1695,33.2492,27.3490,27.7567,30.3379,33.2226,28.8435,31.4446

2727.9270,33.2094,33.1947,33.2204,33.1473,33.2401,27.3593,27.7787,30.3603,33.2024,28.8598,31.4388

2728.9270,33.2246,33.2379,33.2168,33.1573,33.2534,27.3547,27.7812,30.3515,33.2180,28.8531,31.4472

2729.9270,33.2358,33.2274,33.2120,33.1562,33.2490,27.3835,27.7986,30.3351,33.2161,28.8593,31.4497

2730.9270,33.2187,33.2447,33.2367,33.1720,33.2433,27.3535,27.7909,30.3649,33.2231,28.8592,31.4531

2731.9270,33.2385,33.2371,33.2319,33.1499,33.2511,27.3584,27.7986,30.3392,33.2217,28.8488,31.4506

2732.9270,33.2294,33.2360,33.2425,33.1722,33.2561,27.3728,27.7828,30.3554,33.2273,28.8641,31.4559

2733.9280,33.2351,33.2404,33.2441,33.1682,33.2525,27.3804,27.7626,30.3400,33.2281,28.8602,31.4529

2734.9270,33.2408,33.2164,33.2595,33.1568,33.2562,27.3744,27.7580,30.3533,33.2259,28.8638,31.4519

2735.9270,33.2365,33.2431,33.2291,33.1873,33.2839,27.3653,27.7447,30.3202,33.2360,28.8428,31.4513

2736.9270,33.2300,33.2533,33.2449,33.1788,33.2463,27.3654,27.7292,30.3344,33.2307,28.8499,31.4478

2737.9270,33.2290,33.2603,33.2556,33.1778,33.2528,27.3837,27.7239,30.3348,33.2351,28.8593,31.4522

2738.9280,33.2341,33.2510,33.2463,33.2064,33.2585,27.3784,27.7300,30.3460,33.2392,28.8622,31.4563

2739.9280,33.2437,33.2603,33.2449,33.1900,33.2781,27.3995,27.7388,30.3303,33.2434,28.8649,31.4607

2740.9270,33.2433,33.2615,33.2606,33.2081,33.2854,27.3957,27.7492,30.3388,33.2518,28.8673,31.4678

2741.9270,33.2504,33.2549,33.2591,33.2029,33.2596,27.3845,27.7837,30.3488,33.2454,28.8667,31.4680

2742.9280,33.2482,33.2763,33.2482,33.1802,33.2843,27.3875,27.8041,30.3518,33.2474,28.8696,31.4726

2743.9270,33.2598,33.2791,33.2819,33.1755,33.2730,27.3981,27.8190,30.3426,33.2539,28.8704,31.4786

2744.9270,33.2478,33.2695,33.2582,33.1711,33.2934,27.3658,27.8078,30.3245,33.2480,28.8452,31.4673

2745.9270,33.2642,33.2655,33.2805,33.2097,33.2908,27.3898,27.8361,30.3405,33.2621,28.8652,31.4846

2746.9270,33.2645,33.2640,33.2584,33.2017,33.2879,27.3529,27.8543,30.3399,33.2553,28.8464,31.4780

2747.9270,33.2657,33.2836,33.2793,33.1992,33.2859,27.3608,27.8853,30.3317,33.2627,28.8462,31.4864

2748.9270,33.2752,33.2947,33.2558,33.2052,33.2923,27.3868,27.9047,30.3224,33.2646,28.8546,31.4921

2749.9280,33.2621,33.2687,33.2729,33.2059,33.3043,27.3586,27.9080,30.3459,33.2628,28.8522,31.4908

2750.9280,33.2885,33.2913,33.2885,33.2191,33.3058,27.3875,27.9209,30.3635,33.2786,28.8755,31.5081

2751.9280,33.2790,33.2956,33.2895,33.2126,33.2872,27.3718,27.9405,30.3385,33.2728,28.8551,31.5018

2752.9270,33.2776,33.2852,33.2838,33.2186,33.2847,27.3727,27.9754,30.3314,33.2700,28.8521,31.5037

2753.9280,33.2647,33.2821,33.2850,33.2193,33.3103,27.3786,27.9629,30.3161,33.2723,28.8473,31.5024

2754.9280,33.2574,33.2923,33.2857,33.2224,33.2749,27.3642,27.9659,30.3450,33.2665,28.8546,31.5010

2755.9270,33.2951,33.2984,33.3162,33.2000,33.3148,27.3705,27.9727,30.3405,33.2849,28.8555,31.5135

2756.9280,33.2815,33.2980,33.2938,33.2132,33.3046,27.3734,27.9826,30.3494,33.2782,28.8614,31.5120

2757.9270,33.3018,33.2901,33.2662,33.2292,33.3060,27.3843,27.9823,30.3571,33.2787,28.8707,31.5146

2758.9280,33.2985,33.2967,33.2925,33.2240,33.3042,27.3679,27.9653,30.3383,33.2832,28.8531,31.5109

2759.9280,33.2793,33.3160,33.3042,33.2171,33.3155,27.3777,27.9446,30.3312,33.2864,28.8544,31.5107

2760.9270,33.2870,33.2853,33.3256,33.2103,33.2980,27.3826,27.9415,30.3404,33.2813,28.8615,31.5089

2761.9270,33.2996,33.3004,33.3125,33.2408,33.2975,27.3783,27.9296,30.3360,33.2902,28.8572,31.5119

2762.9270,33.2843,33.3232,33.3232,33.2369,33.3086,27.3611,27.9058,30.3268,33.2952,28.8439,31.5087

2763.9270,33.2843,33.3006,33.3085,33.2457,33.3296,27.3767,27.9200,30.3104,33.2938,28.8436,31.5095

2764.9270,33.3023,33.2987,33.3184,33.2387,33.3080,27.3739,27.8942,30.3373,33.2932,28.8556,31.5089

2765.9270,33.2990,33.3244,33.3131,33.2484,33.3141,27.3773,27.9018,30.3139,33.2998,28.8456,31.5115

2766.9270,33.2919,33.3245,33.3146,33.2490,33.3296,27.3725,27.8649,30.3110,33.3019,28.8417,31.5073

2767.9280,33.2926,33.3235,33.3165,33.2312,33.3296,27.4085,27.8614,30.3389,33.2987,28.8737,31.5128

2768.9270,33.3167,33.3048,33.3268,33.2326,33.3212,27.3837,27.8531,30.3297,33.3004,28.8567,31.5086

2769.9270,33.3277,33.3239,33.2944,33.2705,33.3342,27.3957,27.8114,30.3337,33.3101,28.8647,31.5114

2770.9270,33.3169,33.3168,33.3336,33.2666,33.3402,27.3929,27.7869,30.3304,33.3148,28.8617,31.5105

2771.9280,33.3033,33.3311,33.3357,33.2476,33.3343,27.3976,27.7657,30.3247,33.3104,28.8612,31.5050

2772.9270,33.3220,33.3227,33.3283,33.2721,33.3260,27.4037,27.7812,30.3294,33.3142,28.8666,31.5107

2773.9270,33.3122,33.3249,33.3128,33.2546,33.3273,27.3910,27.7449,30.3224,33.3064,28.8567,31.4988

2774.9270,33.3317,33.3413,33.3455,33.2523,33.3483,27.4026,27.7288,30.3232,33.3238,28.8629,31.5092

2775.9280,33.3313,33.3385,33.3422,33.2560,33.3343,27.3932,27.7311,30.3331,33.3205,28.8632,31.5075

2776.9270,33.3262,33.3192,33.3262,33.2803,33.3656,27.3787,27.7217,30.3368,33.3235,28.8578,31.5068

2777.9270,33.3347,33.3471,33.3232,33.2515,33.3603,27.4042,27.7072,30.3421,33.3234,28.8732,31.5088

2778.9280,33.3176,33.3631,33.3490,33.2749,33.3415,27.4153,27.6769,30.3414,33.3292,28.8784,31.5100

2779.9270,33.3393,33.3236,33.3423,33.2790,33.3418,27.4074,27.7057,30.3406,33.3252,28.8740,31.5100

2780.9280,33.3479,33.3432,33.3409,33.2856,33.3577,27.3982,27.7064,30.3483,33.3351,28.8733,31.5160

2781.9280,33.3314,33.3454,33.3430,33.2933,33.3543,27.3967,27.7115,30.3309,33.3335,28.8638,31.5133

2782.9280,33.3534,33.3514,33.3382,33.2895,33.3631,27.4311,27.7063,30.3294,33.3391,28.8803,31.5203

2783.9280,33.3557,33.3505,33.3524,33.2680,33.3547,27.4135,27.6958,30.3345,33.3362,28.8740,31.5156

2784.9270,33.3406,33.3572,33.3680,33.2798,33.3605,27.4328,27.7382,30.3410,33.3412,28.8869,31.5273

2785.9270,33.3354,33.3507,33.3455,33.2911,33.3633,27.4162,27.6985,30.3344,33.3372,28.8753,31.5169

2786.9270,33.3498,33.3615,33.3606,33.2861,33.3540,27.4283,27.6970,30.3164,33.3424,28.8724,31.5192

2787.9270,33.3520,33.3547,33.3491,33.2882,33.3660,27.4098,27.6591,30.3355,33.3420,28.8727,31.5143

2788.9280,33.3397,33.3585,33.3435,33.2835,33.3505,27.4272,27.6416,30.3279,33.3352,28.8775,31.5091

2789.9270,33.3397,33.3752,33.3766,33.2604,33.3710,27.4314,27.6067,30.3227,33.3446,28.8771,31.5105

2790.9280,33.3609,33.3609,33.3754,33.2831,33.3726,27.4320,27.6224,30.3294,33.3506,28.8807,31.5171

2791.9280,33.3436,33.3714,33.3850,33.3025,33.3770,27.4297,27.6384,30.3271,33.3559,28.8784,31.5219

2792.9280,33.3409,33.3757,33.3743,33.2974,33.3448,27.4331,27.6522,30.3323,33.3466,28.8827,31.5188

2793.9270,33.3404,33.3664,33.3678,33.2876,33.3846,27.4274,27.6639,30.3417,33.3494,28.8845,31.5225

2794.9270,33.3636,33.3921,33.3804,33.3026,33.3837,27.4248,27.6826,30.3241,33.3645,28.8744,31.5317

2795.9270,33.3686,33.3857,33.3829,33.3140,33.3951,27.4355,27.7074,30.3287,33.3692,28.8821,31.5397

2796.9290,33.3588,33.3622,33.3815,33.2976,33.3754,27.4063,27.7084,30.3348,33.3551,28.8706,31.5281

2797.9270,33.3542,33.3822,33.3789,33.2908,33.3883,27.4206,27.7250,30.3354,33.3589,28.8780,31.5344

2798.9270,33.3578,33.3832,33.3659,33.3162,33.3799,27.4312,27.7328,30.3141,33.3606,28.8727,31.5351

2799.9280,33.3685,33.3875,33.3890,33.3027,33.3791,27.4330,27.7535,30.3309,33.3654,28.8820,31.5430

2800.9280,33.3917,33.3880,33.3875,33.3289,33.3730,27.4257,27.7542,30.3246,33.3738,28.8751,31.5467

2801.9270,33.3604,33.3837,33.3959,33.2952,33.3908,27.4301,27.7656,30.3411,33.3652,28.8856,31.5454

2802.9280,33.3768,33.4080,33.3920,33.3067,33.3897,27.4197,27.7223,30.3223,33.3747,28.8710,31.5422

2803.9270,33.3636,33.3860,33.3935,33.3073,33.3842,27.4404,27.7024,30.3298,33.3669,28.8851,31.5384

2804.9270,33.3764,33.3866,33.4040,33.3281,33.3829,27.4302,27.6832,30.3417,33.3756,28.8859,31.5416

2805.9270,33.3833,33.3913,33.4114,33.3078,33.3880,27.4234,27.6789,30.3331,33.3764,28.8783,31.5397

2806.9270,33.3668,33.4136,33.3972,33.3161,33.3986,27.4332,27.6617,30.3235,33.3784,28.8783,31.5388

2807.9270,33.3843,33.4069,33.3938,33.3239,33.3980,27.4296,27.6751,30.3284,33.3814,28.8790,31.5425

2808.9270,33.3660,33.3923,33.3951,33.3220,33.4111,27.4352,27.6449,30.3359,33.3773,28.8856,31.5378

2809.9270,33.3915,33.4078,33.3989,33.3197,33.3932,27.4231,27.6427,30.3290,33.3822,28.8761,31.5382

2810.9270,33.3955,33.4121,33.4107,33.3207,33.4074,27.4319,27.6256,30.3335,33.3893,28.8827,31.5422

2811.9270,33.3942,33.4118,33.3986,33.3223,33.4005,27.4405,27.6182,30.3308,33.3855,28.8857,31.5396

2812.9280,33.3981,33.4298,33.3979,33.3365,33.4195,27.4425,27.6249,30.3126,33.3964,28.8776,31.5452

2813.9270,33.3995,33.4004,33.4257,33.3343,33.4074,27.4294,27.6066,30.3047,33.3934,28.8670,31.5385

2814.9270,33.3980,33.4140,33.4220,33.3385,33.4018,27.4452,27.6125,30.3248,33.3949,28.8850,31.5446

2815.9270,33.4166,33.4133,33.4086,33.3355,33.4109,27.4376,27.6039,30.3124,33.3970,28.8750,31.5423

2816.9270,33.4069,33.3999,33.4013,33.3254,33.4168,27.4443,27.6031,30.3196,33.3901,28.8819,31.5397

2817.9270,33.4011,33.4180,33.4072,33.3360,33.4082,27.4239,27.6091,30.3227,33.3941,28.8733,31.5408

2818.9270,33.4136,33.3967,33.4192,33.3517,33.4103,27.4369,27.6127,30.3103,33.3983,28.8736,31.5439

2819.9270,33.4085,33.4267,33.4173,33.3465,33.4014,27.4407,27.6118,30.3324,33.4001,28.8866,31.5482

2820.9270,33.4107,33.4289,33.4125,33.3455,33.4144,27.4415,27.6277,30.3328,33.4024,28.8872,31.5518

2821.9280,33.4070,33.4199,33.4189,33.3364,33.4175,27.4359,27.6178,30.3375,33.3999,28.8867,31.5489

2822.9280,33.3965,33.4343,33.4207,33.3322,33.4175,27.4315,27.6257,30.3360,33.4002,28.8837,31.5493

2823.9270,33.4206,33.4422,33.4267,33.3686,33.4004,27.4157,27.6381,30.3268,33.4117,28.8712,31.5549

2824.9270,33.4149,33.4286,33.4220,33.3386,33.4277,27.4510,27.6343,30.3337,33.4064,28.8923,31.5564

2825.9280,33.4182,33.4298,33.4167,33.3675,33.4195,27.4349,27.6220,30.3328,33.4104,28.8839,31.5552

2826.9270,33.4094,33.4293,33.4298,33.3450,33.4392,27.4313,27.6382,30.3297,33.4105,28.8805,31.5565

2827.9270,33.4197,33.4438,33.4317,33.3637,33.4382,27.4416,27.6170,30.3367,33.4194,28.8892,31.5616

2828.9270,33.4272,33.4467,33.4247,33.3535,33.4322,27.4265,27.6254,30.3361,33.4169,28.8813,31.5590

2829.9270,33.4015,33.4320,33.4348,33.3669,33.4503,27.4186,27.6009,30.3311,33.4171,28.8748,31.5545

2830.9280,33.4133,33.4346,33.4055,33.3596,33.4444,27.4441,27.5940,30.3302,33.4115,28.8872,31.5532

2831.9270,33.4147,33.4494,33.4274,33.3679,33.4424,27.4291,27.5662,30.3218,33.4203,28.8754,31.5523

2832.9280,33.4315,33.4468,33.4417,33.3728,33.4206,27.4323,27.5769,30.3400,33.4227,28.8861,31.5578

2833.9270,33.4378,33.4404,33.4512,33.3513,33.4601,27.4494,27.5743,30.3285,33.4282,28.8889,31.5616

2834.9270,33.4408,33.4605,33.4483,33.3687,33.4465,27.4402,27.5764,30.3315,33.4330,28.8858,31.5641

2835.9270,33.4202,33.4651,33.4468,33.3522,33.4562,27.4454,27.5434,30.3287,33.4281,28.8871,31.5573

2836.9270,33.4331,33.4534,33.4360,33.3789,33.4281,27.4456,27.5861,30.3482,33.4259,28.8969,31.5637

2837.9270,33.4322,33.4569,33.4504,33.3618,33.4190,27.4467,27.5650,30.3450,33.4241,28.8958,31.5596

2838.9280,33.4335,33.4437,33.4634,33.3725,33.4531,27.4442,27.5511,30.3096,33.4332,28.8769,31.5589

2839.9280,33.4267,33.4580,33.4519,33.3821,33.4618,27.4241,27.5330,30.3150,33.4361,28.8696,31.5566

2840.9270,33.4326,33.4391,33.4602,33.3712,33.4612,27.4414,27.5795,30.3482,33.4328,28.8948,31.5667

2841.9270,33.4391,33.4592,33.4690,33.3641,33.4747,27.4470,27.5705,30.3293,33.4412,28.8882,31.5691

2842.9280,33.4334,33.4513,33.4592,33.3936,33.4663,27.4493,27.5840,30.3306,33.4408,28.8900,31.5710

2843.9270,33.4397,33.4534,33.4609,33.3939,33.4567,27.4660,27.5960,30.3398,33.4409,28.9029,31.5758

2844.9280,33.4388,33.4537,33.4513,33.3806,33.4504,27.4424,27.6050,30.3196,33.4349,28.8810,31.5677

2845.9280,33.4253,33.4538,33.4636,33.3886,33.4716,27.4614,27.6419,30.3442,33.4406,28.9028,31.5813

2846.9270,33.4557,33.4592,33.4704,33.3823,33.4667,27.4509,27.6574,30.3257,33.4469,28.8883,31.5835

2847.9270,33.4670,33.4582,33.4470,33.3879,33.4564,27.4675,27.6781,30.3371,33.4433,28.9023,31.5874

2848.9270,33.4553,33.4828,33.4842,33.3924,33.4796,27.4638,27.6924,30.3278,33.4589,28.8958,31.5973

2849.9270,33.4563,33.4714,33.4709,33.4011,33.4728,27.4657,27.7315,30.3198,33.4545,28.8928,31.5987

2850.9270,33.4498,33.4499,33.4667,33.3810,33.4653,27.4483,27.7414,30.3264,33.4425,28.8874,31.5911

2851.9270,33.4331,33.4685,33.4770,33.3809,33.4709,27.4777,27.7647,30.3487,33.4461,28.9132,31.6027

2852.9280,33.4677,33.4588,33.4752,33.4002,33.4649,27.4649,27.7910,30.3354,33.4534,28.9002,31.6073

2853.9270,33.4669,33.4710,33.4809,33.3913,33.4687,27.4684,27.8072,30.3323,33.4558,28.9004,31.6108

2854.9270,33.4656,33.4837,33.4551,33.3998,33.4701,27.4445,27.8186,30.3353,33.4549,28.8899,31.6091

2855.9270,33.4661,33.4778,33.4755,33.4042,33.4736,27.4864,27.8219,30.3226,33.4595,28.9045,31.6160

2856.9280,33.4459,33.4644,33.4728,33.4053,33.4733,27.4704,27.8563,30.3583,33.4523,28.9143,31.6183

2857.9280,33.4704,33.4874,33.4790,33.4101,33.4654,27.4775,27.8743,30.3405,33.4624,28.9090,31.6256

2858.9280,33.4779,33.4993,33.4642,33.4018,33.4815,27.4460,27.8983,30.3250,33.4650,28.8855,31.6243

2859.9270,33.4726,33.4836,33.4897,33.4175,33.4939,27.4613,27.9075,30.3267,33.4714,28.8940,31.6316

2860.9280,33.4693,33.4810,33.4739,33.4299,33.4824,27.4647,27.9085,30.3286,33.4673,28.8966,31.6298

2861.9280,33.4732,33.4932,33.4824,33.4046,33.4660,27.4526,27.8997,30.3391,33.4639,28.8958,31.6264

2862.9280,33.4766,33.4887,33.4868,33.3921,33.4887,27.4739,27.8645,30.3355,33.4666,28.9047,31.6258

2863.9270,33.4715,33.4842,33.4842,33.4036,33.4977,27.4697,27.8665,30.3257,33.4682,28.8977,31.6254

2864.9270,33.4632,33.4791,33.5236,33.4271,33.4894,27.4628,27.8195,30.3465,33.4765,28.9046,31.6264

2865.9270,33.4628,33.4722,33.5125,33.4216,33.4933,27.4822,27.7758,30.3499,33.4725,28.9160,31.6213

2866.9270,33.4879,33.4918,33.4946,33.4229,33.4712,27.4654,27.7350,30.3402,33.4737,28.9028,31.6136

2867.9270,33.4686,33.4978,33.5039,33.4294,33.5002,27.4667,27.7113,30.3565,33.4800,28.9116,31.6168

2868.9270,33.5006,33.4966,33.5022,33.4150,33.5045,27.4801,27.7059,30.3210,33.4838,28.9006,31.6157

2869.9270,33.4726,33.4953,33.5140,33.4151,33.4873,27.4778,27.7050,30.3394,33.4768,28.9086,31.6133

2870.9270,33.4770,33.5069,33.4924,33.4305,33.5083,27.4733,27.6972,30.3312,33.4830,28.9023,31.6146

2871.9270,33.4814,33.5036,33.5069,33.4483,33.5036,27.4744,27.6794,30.3591,33.4888,28.9168,31.6196

2872.9280,33.4928,33.5088,33.5093,33.4259,33.4985,27.4826,27.6928,30.3325,33.4871,28.9076,31.6179

2873.9280,33.4878,33.5031,33.5050,33.4357,33.5116,27.4663,27.6821,30.3288,33.4886,28.8975,31.6150

2874.9270,33.4813,33.5039,33.5227,33.4304,33.4922,27.4763,27.6869,30.3393,33.4861,28.9078,31.6166

2875.9270,33.4889,33.5138,33.5031,33.4351,33.5054,27.4839,27.6950,30.3309,33.4893,28.9074,31.6195

2876.9270,33.4864,33.5170,33.5227,33.4313,33.5133,27.4846,27.7151,30.3359,33.4941,28.9103,31.6258

2877.9270,33.5022,33.5026,33.5115,33.4196,33.5162,27.4854,27.6984,30.3465,33.4904,28.9160,31.6228

2878.9270,33.4850,33.5153,33.5322,33.4328,33.5209,27.4813,27.6976,30.3579,33.4973,28.9196,31.6279

2879.9270,33.4820,33.5072,33.5212,33.4387,33.4978,27.5024,27.7017,30.3362,33.4894,28.9193,31.6234

2880.9270,33.4871,33.5249,33.5258,33.4504,33.5028,27.4764,27.7318,30.3342,33.4982,28.9053,31.6292

2881.9270,33.5024,33.5222,33.5180,33.4144,33.4969,27.5040,27.7001,30.3453,33.4908,28.9247,31.6254

2882.9270,33.5181,33.5334,33.5221,33.4504,33.4959,27.5066,27.7158,30.3535,33.5040,28.9301,31.6370

2883.9270,33.4963,33.5129,33.5270,33.4431,33.5204,27.5008,27.7194,30.3383,33.4999,28.9195,31.6323

2884.9270,33.4883,33.5343,33.5198,33.4547,33.5123,27.4951,27.7184,30.3434,33.5019,28.9193,31.6333

2885.9280,33.5039,33.5085,33.5268,33.4523,33.5118,27.5169,27.7336,30.3431,33.5007,28.9300,31.6371

2886.9270,33.5125,33.5275,33.5153,33.4366,33.5162,27.5086,27.7409,30.3489,33.5016,28.9288,31.6383

2887.9270,33.5144,33.5243,33.5116,33.4511,33.5247,27.5011,27.7829,30.3593,33.5052,28.9302,31.6462

2888.9270,33.5217,33.5330,33.5222,33.4519,33.5213,27.5075,27.7930,30.3441,33.5100,28.9258,31.6493

2889.9280,33.4927,33.5430,33.5336,33.4647,33.5177,27.5013,27.8043,30.3600,33.5103,28.9307,31.6522

2890.9270,33.4977,33.5389,33.5314,33.4771,33.5211,27.5069,27.8023,30.3609,33.5132,28.9339,31.6545

2891.9280,33.5186,33.5465,33.5269,33.4528,33.5559,27.4893,27.8111,30.3377,33.5202,28.9135,31.6549

2892.9270,33.5177,33.5352,33.5240,33.4794,33.5432,27.4978,27.8210,30.3339,33.5199,28.9158,31.6565

2893.9270,33.4973,33.5373,33.5327,33.4769,33.5373,27.5084,27.8373,30.3515,33.5163,28.9299,31.6598

2894.9270,33.5229,33.5310,33.5380,33.4579,33.5441,27.4837,27.8390,30.3527,33.5188,28.9182,31.6586

2895.9270,33.5130,33.5305,33.5511,33.4597,33.5244,27.5053,27.8531,30.3476,33.5157,28.9265,31.6606

2896.9270,33.5075,33.5526,33.5282,33.4485,33.5530,27.5007,27.8447,30.3519,33.5180,28.9263,31.6609

2897.9270,33.5255,33.5548,33.5361,33.4615,33.5314,27.4934,27.8609,30.3619,33.5218,28.9276,31.6657

2898.9270,33.5150,33.5574,33.5077,33.4520,33.5218,27.5016,27.8729,30.3561,33.5108,28.9289,31.6606

2899.9270,33.5301,33.5326,33.5561,33.4516,33.5261,27.4998,27.8645,30.3538,33.5193,28.9268,31.6643

2900.9280,33.5284,33.5611,33.5527,33.4782,33.5490,27.4968,27.8751,30.3545,33.5339,28.9257,31.6745

2901.9270,33.5254,33.5297,33.5367,33.4660,33.5400,27.5140,27.8764,30.3553,33.5196,28.9346,31.6679

2902.9270,33.5212,33.5622,33.5397,33.4694,33.5354,27.5107,27.8542,30.3558,33.5256,28.9332,31.6686

2903.9270,33.5360,33.5824,33.5524,33.4592,33.5417,27.4936,27.8696,30.3570,33.5343,28.9253,31.6740

2904.9280,33.5380,33.5885,33.5651,33.4699,33.5609,27.5111,27.8574,30.3453,33.5445,28.9282,31.6795

2905.9280,33.5262,33.5774,33.5380,33.4771,33.5390,27.4979,27.8484,30.3608,33.5316,28.9293,31.6706

2906.9270,33.5251,33.5532,33.5513,33.4838,33.5344,27.4976,27.8185,30.3460,33.5296,28.9218,31.6637

2907.9270,33.5414,33.5502,33.5487,33.4756,33.5516,27.4999,27.7982,30.3511,33.5335,28.9255,31.6646

2908.9270,33.5298,33.5553,33.5689,33.4780,33.5422,27.5141,27.8138,30.3342,33.5348,28.9242,31.6670

2909.9270,33.5361,33.5537,33.5663,33.4843,33.5415,27.5229,27.8183,30.3481,33.5364,28.9355,31.6714

2910.9270,33.5450,33.5623,33.5492,33.4826,33.5407,27.4978,27.8399,30.3523,33.5360,28.9251,31.6712

2911.9280,33.5326,33.5575,33.5604,33.4891,33.5561,27.4859,27.8454,30.3432,33.5392,28.9145,31.6713

2912.9280,33.5259,33.5590,33.5558,33.4944,33.5619,27.5230,27.8623,30.3464,33.5394,28.9347,31.6786

2913.9270,33.5302,33.5779,33.5648,33.4720,33.5554,27.4920,27.8704,30.3502,33.5401,28.9211,31.6766

2914.9270,33.5399,33.5790,33.5748,33.5045,33.5472,27.4998,27.8942,30.3571,33.5491,28.9284,31.6871

2915.9270,33.5436,33.5863,33.5695,33.5020,33.5559,27.5031,27.9097,30.3576,33.5515,28.9303,31.6910

2916.9270,33.5553,33.5681,33.5573,33.4927,33.5466,27.5252,27.9271,30.3472,33.5440,28.9362,31.6899

2917.9280,33.5572,33.5640,33.5748,33.4759,33.5570,27.5290,27.9399,30.3383,33.5458,28.9336,31.6920

2918.9270,33.5487,33.5924,33.5671,33.4888,33.5783,27.5110,27.9393,30.3621,33.5550,28.9366,31.6985

2919.9270,33.5460,33.6041,33.5732,33.4954,33.5797,27.5154,27.9672,30.3449,33.5597,28.9301,31.7032

2920.9280,33.5519,33.5794,33.5690,33.5114,33.5231,27.4988,27.9549,30.3396,33.5470,28.9192,31.6910

2921.9270,33.5742,33.5781,33.5734,33.4998,33.5650,27.5221,27.9556,30.3431,33.5581,28.9326,31.7014

2922.9270,33.5524,33.5796,33.5576,33.4953,33.5712,27.5119,27.9647,30.3264,33.5512,28.9191,31.6949

2923.9270,33.5517,33.5682,33.5682,33.4783,33.5725,27.5051,27.9659,30.3445,33.5478,28.9248,31.6943

2924.9270,33.5548,33.5865,33.5865,33.5232,33.5748,27.5054,27.9765,30.3462,33.5652,28.9258,31.7067

2925.9280,33.5656,33.5949,33.5855,33.5026,33.5743,27.5101,27.9958,30.3556,33.5645,28.9328,31.7105

2926.9280,33.5314,33.5816,33.6031,33.4986,33.5830,27.5210,28.0044,30.3523,33.5595,28.9367,31.7094

2927.9270,33.5604,33.5829,33.6021,33.4817,33.5473,27.5087,28.0128,30.3485,33.5549,28.9286,31.7055

2928.9270,33.5564,33.5978,33.5800,33.4919,33.5678,27.5273,27.9909,30.3431,33.5588,28.9352,31.7069

2929.9270,33.5613,33.5914,33.5961,33.4977,33.5857,27.5034,28.0236,30.3480,33.5664,28.9257,31.7134

2930.9270,33.5533,33.6002,33.5909,33.5079,33.5609,27.5274,28.0118,30.3635,33.5626,28.9454,31.7145

2931.9280,33.5797,33.6019,33.6052,33.5054,33.5790,27.5187,28.0115,30.3491,33.5743,28.9339,31.7188

2932.9270,33.5592,33.5698,33.6040,33.5150,33.5717,27.5254,28.0111,30.3633,33.5639,28.9443,31.7149

2933.9270,33.5553,33.5741,33.5937,33.5211,33.5722,27.5177,28.0190,30.3528,33.5633,28.9352,31.7132

2934.9270,33.5796,33.6008,33.6201,33.5137,33.5943,27.5426,28.0156,30.3645,33.5817,28.9535,31.7289

2935.9280,33.5712,33.6013,33.5868,33.5137,33.5737,27.5436,28.0152,30.3547,33.5694,28.9491,31.7200

2936.9280,33.5537,33.5924,33.6004,33.5376,33.5901,27.5443,27.9830,30.3624,33.5748,28.9534,31.7205

2937.9280,33.5600,33.6024,33.5846,33.5171,33.5958,27.5413,27.9832,30.3543,33.5720,28.9478,31.7173

2938.9270,33.5798,33.5992,33.6128,33.5168,33.5767,27.5494,27.9541,30.3501,33.5771,28.9497,31.7174

2939.9280,33.5822,33.6179,33.5926,33.4989,33.5983,27.5395,27.9782,30.3511,33.5780,28.9453,31.7198

2940.9270,33.5709,33.6057,33.6221,33.5223,33.5945,27.5399,27.9663,30.3501,33.5831,28.9450,31.7215

2941.9270,33.5761,33.6087,33.5914,33.5394,33.5905,27.5603,27.9749,30.3507,33.5812,28.9555,31.7240

2942.9280,33.5570,33.6031,33.6017,33.5202,33.5998,27.5359,27.9698,30.3371,33.5764,28.9365,31.7156

2943.9280,33.5616,33.6144,33.6149,33.5141,33.5947,27.5471,27.9636,30.3666,33.5799,28.9569,31.7221

2944.9280,33.5798,33.6146,33.6127,33.5298,33.5935,27.5273,27.9641,30.3328,33.5861,28.9300,31.7193

2945.9270,33.5943,33.6217,33.6109,33.5299,33.5955,27.5598,27.9730,30.3619,33.5905,28.9608,31.7309

2946.9290,33.5852,33.6164,33.6047,33.5490,33.5827,27.5486,27.9887,30.3499,33.5876,28.9492,31.7282

2947.9270,33.5624,33.6073,33.6120,33.5384,33.6035,27.5437,28.0002,30.3482,33.5847,28.9459,31.7270

2948.9280,33.5994,33.6112,33.6014,33.5301,33.6023,27.5380,27.9988,30.3519,33.5889,28.9449,31.7291

2949.9270,33.5859,33.6248,33.6206,33.5218,33.6028,27.5490,27.9838,30.3558,33.5912,28.9524,31.7306

2950.9270,33.5894,33.6063,33.6185,33.5576,33.5815,27.5463,27.9991,30.3419,33.5907,28.9441,31.7301

2951.9270,33.5876,33.6213,33.6245,33.5486,33.5997,27.5369,27.9968,30.3405,33.5963,28.9387,31.7320

2952.9270,33.5873,33.6197,33.6235,33.5363,33.5977,27.5621,27.9871,30.3459,33.5929,28.9540,31.7325

2953.9280,33.5772,33.6061,33.6221,33.5419,33.6094,27.5552,27.9925,30.3461,33.5913,28.9506,31.7313

2954.9270,33.5877,33.6275,33.6134,33.5445,33.6050,27.5729,28.0012,30.3731,33.5956,28.9730,31.7407

2955.9270,33.6150,33.6263,33.6061,33.5466,33.5944,27.5527,27.9989,30.3577,33.5977,28.9552,31.7372

2956.9270,33.5969,33.6218,33.6335,33.5337,33.6021,27.5844,27.9948,30.3513,33.5976,28.9678,31.7398

2957.9270,33.5972,33.6077,33.6278,33.5275,33.6048,27.5560,27.9744,30.3483,33.5930,28.9522,31.7305

2958.9270,33.6010,33.6293,33.6228,33.5337,33.6218,27.5528,27.9750,30.3498,33.6017,28.9513,31.7358

2959.9270,33.6089,33.6251,33.6144,33.5464,33.6073,27.5631,28.0032,30.3572,33.6004,28.9602,31.7407

2960.9270,33.5994,33.6214,33.6439,33.5492,33.6055,27.5743,28.0101,30.3425,33.6039,28.9584,31.7433

2961.9270,33.6068,33.6313,33.6191,33.5507,33.6036,27.5379,28.0199,30.3443,33.6023,28.9411,31.7392

2962.9270,33.6044,33.6175,33.6386,33.5411,33.6109,27.5619,28.0212,30.3438,33.6025,28.9528,31.7424

2963.9280,33.6035,33.6321,33.6246,33.5595,33.6166,27.5525,28.0562,30.3730,33.6073,28.9628,31.7522

2964.9270,33.5873,33.6368,33.6490,33.5483,33.5937,27.5659,28.0550,30.3600,33.6030,28.9630,31.7495

2965.9270,33.5930,33.6450,33.6300,33.5587,33.6276,27.5495,28.0719,30.3723,33.6109,28.9609,31.7560

2966.9270,33.6033,33.6442,33.6437,33.5599,33.6147,27.5664,28.0672,30.3539,33.6132,28.9602,31.7567

2967.9270,33.6024,33.6368,33.6551,33.5492,33.6124,27.5457,28.0645,30.3451,33.6112,28.9454,31.7514

2968.9280,33.6066,33.6283,33.6307,33.5533,33.6241,27.5509,28.0691,30.3643,33.6086,28.9576,31.7534

2969.9270,33.6113,33.6351,33.6309,33.5564,33.6206,27.5589,28.0833,30.3399,33.6108,28.9494,31.7545

2970.9270,33.5985,33.6417,33.6258,33.5532,33.6085,27.5597,28.0671,30.3552,33.6055,28.9575,31.7512

2971.9270,33.6141,33.6389,33.6338,33.5658,33.6028,27.5566,28.0739,30.3512,33.6111,28.9539,31.7546

2972.9270,33.6095,33.6525,33.6352,33.5560,33.6174,27.5689,28.0928,30.3686,33.6141,28.9688,31.7626

2973.9280,33.6055,33.6550,33.6371,33.5823,33.6245,27.5517,28.0775,30.3510,33.6209,28.9513,31.7606

2974.9280,33.6198,33.6339,33.6424,33.5599,33.6264,27.5369,28.1187,30.3588,33.6165,28.9478,31.7621

2975.9270,33.6286,33.6383,33.6669,33.5722,33.6406,27.5650,28.1191,30.3563,33.6293,28.9607,31.7734

2976.9270,33.5880,33.6585,33.6341,33.5797,33.6294,27.5487,28.1107,30.3264,33.6179,28.9375,31.7594

2977.9290,33.6036,33.6454,33.6557,33.5606,33.6323,27.5573,28.1222,30.3529,33.6195,28.9551,31.7662

2978.9270,33.6200,33.6434,33.6439,33.5704,33.6327,27.5512,28.1193,30.3571,33.6221,28.9541,31.7672

2979.9270,33.6384,33.6499,33.6527,33.5679,33.6438,27.5655,28.1120,30.3478,33.6305,28.9566,31.7722

2980.9270,33.6267,33.6482,33.6426,33.5653,33.6220,27.5555,28.0860,30.3530,33.6210,28.9543,31.7624

2981.9270,33.6164,33.6646,33.6562,33.5845,33.6304,27.5617,28.0762,30.3502,33.6304,28.9559,31.7675

2982.9270,33.6009,33.6642,33.6431,33.5588,33.6244,27.5640,28.0611,30.3389,33.6183,28.9514,31.7569

2983.9270,33.6200,33.6644,33.6551,33.5787,33.6466,27.5597,28.0257,30.3529,33.6330,28.9563,31.7629

2984.9280,33.6184,33.6628,33.6520,33.5991,33.6258,27.5481,28.0258,30.3747,33.6316,28.9614,31.7633

2985.9280,33.6160,33.6723,33.6629,33.5800,33.6132,27.5622,28.0202,30.3568,33.6289,28.9595,31.7604

2986.9270,33.6235,33.6589,33.6481,33.5919,33.6364,27.5740,27.9896,30.3437,33.6318,28.9588,31.7583

2987.9280,33.6235,33.6630,33.6569,33.5796,33.6340,27.5523,27.9872,30.3465,33.6314,28.9494,31.7554

2988.9270,33.6309,33.6509,33.6565,33.5632,33.6387,27.5371,27.9946,30.3543,33.6280,28.9457,31.7533

2989.9270,33.6451,33.6563,33.6530,33.5673,33.6483,27.5528,27.9717,30.3526,33.6340,28.9527,31.7559

2990.9270,33.6219,33.6587,33.6564,33.5472,33.6311,27.5446,27.9936,30.3416,33.6231,28.9431,31.7494

2991.9270,33.6312,33.6608,33.6622,33.5727,33.6551,27.5483,27.9771,30.3537,33.6364,28.9510,31.7576

2992.9270,33.6201,33.6604,33.6403,33.5789,33.6501,27.5428,27.9739,30.3426,33.6300,28.9427,31.7511

2993.9290,33.6280,33.6577,33.6432,33.5683,33.6671,27.5522,27.9974,30.3595,33.6329,28.9559,31.7592

2994.9280,33.6388,33.6610,33.6769,33.5799,33.6502,27.5588,27.9635,30.3576,33.6414,28.9582,31.7608

2995.9280,33.6555,33.6544,33.6778,33.5963,33.6515,27.5525,27.9676,30.3528,33.6471,28.9526,31.7635

2996.9280,33.6190,33.6692,33.6683,33.5812,33.6369,27.5389,27.9808,30.3477,33.6349,28.9433,31.7553

2997.9270,33.6257,33.6621,33.6621,33.5731,33.6303,27.5503,27.9697,30.3718,33.6307,28.9610,31.7556

2998.9270,33.6134,33.6629,33.6591,33.5738,33.6558,27.5530,27.9695,30.3504,33.6330,28.9517,31.7547

2999.9270,33.6367,33.6648,33.6690,33.5715,33.6568,27.5854,27.9831,30.3480,33.6398,28.9667,31.7644

3000.9280,33.6455,33.6769,33.6694,33.5996,33.6403,27.5594,28.0456,30.3784,33.6463,28.9689,31.7769

3001.9270,33.6339,33.6776,33.6602,33.5895,33.6560,27.5458,28.0561,30.3372,33.6435,28.9415,31.7696

3002.9270,33.6514,33.6543,33.6586,33.5911,33.6684,27.5643,28.0830,30.3519,33.6447,28.9581,31.7779

3003.9270,33.6365,33.6790,33.6730,33.5746,33.6411,27.5522,28.0738,30.3445,33.6408,28.9483,31.7718

3004.9280,33.6348,33.6782,33.6604,33.5920,33.6674,27.5491,28.0890,30.3635,33.6466,28.9563,31.7793

3005.9280,33.6304,33.6452,33.6705,33.5871,33.6569,27.5815,28.0696,30.3300,33.6381,28.9557,31.7714

3006.9270,33.6298,33.6676,33.6559,33.6039,33.6550,27.5606,28.0623,30.3354,33.6424,28.9480,31.7713

3007.9270,33.6635,33.6765,33.6747,33.6067,33.6625,27.5591,28.0534,30.3523,33.6568,28.9557,31.7811

3008.9270,33.6453,33.6816,33.6919,33.5893,33.6507,27.5535,28.0652,30.3529,33.6518,28.9532,31.7788

3009.9280,33.6606,33.6734,33.6828,33.5881,33.6383,27.5609,28.0773,30.3701,33.6486,28.9655,31.7815

3010.9270,33.6532,33.6776,33.6696,33.6031,33.6743,27.5591,28.0952,30.3528,33.6555,28.9559,31.7856

3011.9280,33.6486,33.6843,33.6712,33.5948,33.6590,27.5559,28.1166,30.3595,33.6516,28.9577,31.7862

3012.9270,33.6594,33.6846,33.6785,33.6040,33.6757,27.5272,28.0987,30.3510,33.6605,28.9391,31.7849

3013.9290,33.6524,33.6724,33.6864,33.6096,33.6630,27.5536,28.1143,30.3506,33.6568,28.9521,31.7878

3014.9280,33.6709,33.6865,33.6734,33.5886,33.6767,27.5670,28.0852,30.3517,33.6592,28.9593,31.7875

3015.9270,33.6454,33.6655,33.6851,33.5928,33.6664,27.5635,28.0790,30.3478,33.6510,28.9557,31.7807

3016.9280,33.6619,33.6892,33.6939,33.5795,33.6442,27.5585,28.0631,30.3221,33.6537,28.9403,31.7765

3017.9280,33.6421,33.6944,33.7023,33.6007,33.6724,27.5649,28.0506,30.3581,33.6624,28.9615,31.7857

3018.9280,33.6406,33.6685,33.6831,33.6043,33.6699,27.5705,28.0378,30.3505,33.6533,28.9605,31.7781

3019.9270,33.6380,33.6869,33.6818,33.6157,33.6747,27.5580,28.0343,30.3512,33.6594,28.9546,31.7801

3020.9270,33.6722,33.7003,33.6965,33.6160,33.6544,27.5571,28.0334,30.3489,33.6679,28.9530,31.7848

3021.9280,33.6660,33.6866,33.6754,33.6140,33.6688,27.5701,28.0290,30.3233,33.6622,28.9467,31.7792

3022.9280,33.6461,33.6756,33.6826,33.6212,33.6606,27.5619,28.0335,30.3584,33.6572,28.9602,31.7800

3023.9270,33.6549,33.6857,33.6843,33.6196,33.6805,27.5476,28.0352,30.3333,33.6650,28.9404,31.7801

3024.9270,33.6592,33.7042,33.6775,33.6082,33.6766,27.5666,28.0354,30.3654,33.6651,28.9660,31.7866

3025.9280,33.6624,33.6984,33.7097,33.6010,33.6769,27.5726,28.0088,30.3375,33.6697,28.9550,31.7834

3026.9270,33.6521,33.6814,33.6983,33.6069,33.6538,27.5731,28.0056,30.3512,33.6585,28.9622,31.7778

3027.9270,33.6616,33.6898,33.6954,33.6246,33.6888,27.5751,27.9747,30.3279,33.6720,28.9515,31.7797

3028.9270,33.6725,33.6943,33.6990,33.6184,33.6910,27.5672,27.9404,30.3463,33.6750,28.9568,31.7786

3029.9280,33.6606,33.7146,33.6954,33.6190,33.6686,27.5633,27.9308,30.3339,33.6716,28.9486,31.7733

3030.9270,33.6801,33.6813,33.7019,33.6124,33.6635,27.5687,27.9306,30.3389,33.6678,28.9538,31.7722

3031.9270,33.6610,33.6896,33.7102,33.6207,33.6812,27.5599,27.9637,30.3573,33.6726,28.9586,31.7804

3032.9270,33.6605,33.6974,33.7068,33.6164,33.6838,27.5505,27.9670,30.3470,33.6730,28.9487,31.7787

3033.9270,33.6556,33.6844,33.6965,33.6103,33.6773,27.5814,27.9672,30.3458,33.6648,28.9636,31.7773

3034.9270,33.6771,33.6939,33.6902,33.6143,33.6780,27.5685,27.9714,30.3580,33.6707,28.9632,31.7814

3035.9270,33.6600,33.7057,33.6907,33.6213,33.7014,27.5570,27.9561,30.3370,33.6758,28.9470,31.7786

3036.9270,33.6655,33.7079,33.7013,33.6165,33.6718,27.5715,27.9884,30.3425,33.6726,28.9570,31.7832

3037.9270,33.6725,33.7023,33.6939,33.6180,33.6719,27.5390,27.9875,30.3435,33.6717,28.9412,31.7786

3038.9280,33.6656,33.6882,33.7079,33.6113,33.6821,27.5565,27.9758,30.3539,33.6710,28.9552,31.7802

3039.9270,33.6679,33.7193,33.6973,33.6214,33.6856,27.5772,28.0055,30.3525,33.6783,28.9649,31.7908

3040.9270,33.6627,33.6914,33.7106,33.6169,33.6961,27.5644,28.0177,30.3243,33.6756,28.9444,31.7855

3041.9270,33.6901,33.7058,33.6908,33.6182,33.6791,27.5646,28.0212,30.3362,33.6768,28.9504,31.7883

3042.9270,33.6734,33.6970,33.6961,33.6145,33.7036,27.5710,28.0270,30.3552,33.6769,28.9631,31.7922

3043.9270,33.6752,33.7032,33.7144,33.6366,33.7050,27.5572,28.0165,30.3320,33.6869,28.9446,31.7925

3044.9270,33.6736,33.7053,33.7006,33.6284,33.6762,27.5716,28.0540,30.3426,33.6768,28.9571,31.7940

3045.9270,33.6739,33.7092,33.7368,33.6215,33.7012,27.5649,28.0417,30.3477,33.6885,28.9563,31.7996

3046.9270,33.6946,33.7131,33.6948,33.6274,33.7028,27.5513,28.0290,30.3412,33.6865,28.9462,31.7943

3047.9280,33.6606,33.6948,33.7042,33.6184,33.6929,27.5553,28.0325,30.3649,33.6742,28.9601,31.7905

3048.9280,33.6873,33.7242,33.7167,33.6277,33.6914,27.5779,28.0325,30.3381,33.6895,28.9580,31.7995

3049.9270,33.6740,33.7134,33.7045,33.6286,33.7078,27.5768,28.0182,30.3417,33.6857,28.9592,31.7956

3050.9290,33.6766,33.7206,33.7234,33.6292,33.6882,27.5765,28.0246,30.3386,33.6876,28.9576,31.7972

3051.9270,33.6835,33.7132,33.6991,33.6331,33.6940,27.5561,28.0419,30.3376,33.6846,28.9468,31.7948

3052.9270,33.6801,33.7144,33.7074,33.6394,33.7032,27.5735,28.0493,30.3220,33.6889,28.9477,31.7987

3053.9280,33.6788,33.7113,33.7146,33.6359,33.7109,27.5797,28.0550,30.3399,33.6903,28.9598,31.8033

3054.9280,33.6870,33.7072,33.7128,33.6453,33.6894,27.5564,28.0511,30.3642,33.6883,28.9603,31.8017

3055.9270,33.6751,33.7226,33.7278,33.6500,33.6852,27.5948,28.1050,30.3362,33.6921,28.9655,31.8121

3056.9270,33.6848,33.7226,33.7094,33.6359,33.6991,27.5673,28.0860,30.3205,33.6904,28.9439,31.8032

3057.9280,33.6889,33.7120,33.7031,33.6281,33.6890,27.5682,28.1128,30.3379,33.6842,28.9530,31.8050

3058.9270,33.6900,33.7255,33.7246,33.6355,33.6913,27.5758,28.1134,30.3281,33.6934,28.9520,31.8105

3059.9280,33.6630,33.7236,33.7343,33.6514,33.6969,27.5699,28.1131,30.3405,33.6938,28.9552,31.8116

3060.9270,33.6987,33.7161,33.7222,33.6229,33.7040,27.5686,28.1000,30.3467,33.6928,28.9577,31.8099

3061.9280,33.6713,33.7244,33.7338,33.6508,33.7000,27.5523,28.0894,30.3291,33.6961,28.9407,31.8064

3062.9270,33.6830,33.7183,33.7343,33.6471,33.7048,27.5669,28.0823,30.3521,33.6975,28.9595,31.8111

3063.9270,33.6685,33.7213,33.7270,33.6417,33.7026,27.5754,28.0550,30.3267,33.6922,28.9511,31.8023

3064.9270,33.6846,33.7241,33.7316,33.6360,33.6997,27.5544,28.0392,30.3236,33.6952,28.9390,31.7992

3065.9270,33.7026,33.7316,33.7340,33.6314,33.7115,27.5598,28.0018,30.3286,33.7022,28.9442,31.8002

3066.9270,33.6904,33.7306,33.7306,33.6341,33.7203,27.5725,27.9853,30.3370,33.7012,28.9548,31.8001

3067.9270,33.6924,33.7209,33.7200,33.6516,33.7059,27.5661,27.9571,30.3212,33.6982,28.9436,31.7919

3068.9280,33.6955,33.7339,33.7029,33.6355,33.7081,27.5672,27.9564,30.3472,33.6952,28.9572,31.7933

3069.9280,33.7012,33.7222,33.7358,33.6571,33.7199,27.5744,27.9339,30.3586,33.7072,28.9665,31.8004

3070.9270,33.6960,33.7199,33.7166,33.6501,33.7138,27.5725,27.9367,30.3365,33.6993,28.9545,31.7927

3071.9270,33.6927,33.7287,33.7451,33.6115,33.7001,27.5861,27.9494,30.3510,33.6956,28.9686,31.7956

3072.9270,33.6872,33.7304,33.7177,33.6338,33.7051,27.5792,27.9335,30.3399,33.6948,28.9596,31.7909

3073.9270,33.6967,33.7329,33.7394,33.6631,33.7080,27.5812,27.9449,30.3288,33.7080,28.9550,31.7994

3074.9270,33.7009,33.7445,33.7234,33.6391,33.7244,27.5882,27.9585,30.3245,33.7065,28.9563,31.8004

3075.9280,33.7112,33.7229,33.7327,33.6512,33.7145,27.5807,27.9765,30.3320,33.7065,28.9564,31.8027

3076.9270,33.6908,33.7333,33.7295,33.6522,33.7089,27.5682,28.0116,30.3435,33.7029,28.9559,31.8048

3077.9270,33.6917,33.7308,33.7326,33.6478,33.7055,27.5912,28.0411,30.3157,33.7017,28.9535,31.8070

3078.9270,33.7139,33.7350,33.7327,33.6525,33.6989,27.6065,28.0475,30.3263,33.7066,28.9664,31.8142

3079.9270,33.7025,33.7258,33.7412,33.6536,33.7108,27.5951,28.0544,30.3332,33.7068,28.9641,31.8146

3080.9270,33.7003,33.7327,33.7290,33.6437,33.7018,27.5872,28.0659,30.3310,33.7015,28.9591,31.8114

3081.9270,33.7041,33.7104,33.7343,33.6509,33.7011,27.5906,28.0523,30.3343,33.7002,28.9624,31.8098

3082.9270,33.7077,33.7355,33.7106,33.6544,33.7158,27.5861,28.0388,30.3435,33.7048,28.9648,31.8115

3083.9270,33.6950,33.7289,33.7458,33.6708,33.6961,27.5927,28.0408,30.3553,33.7073,28.9740,31.8157

3084.9270,33.7070,33.7504,33.7387,33.6656,33.7214,27.5845,28.0020,30.3227,33.7166,28.9536,31.8115

3085.9280,33.6935,33.7466,33.7372,33.6623,33.7213,27.5973,28.0049,30.3114,33.7122,28.9544,31.8093

3086.9270,33.7040,33.7385,33.7418,33.6635,33.7010,27.5819,28.0276,30.3224,33.7098,28.9522,31.8101

3087.9270,33.7133,33.7343,33.7427,33.6593,33.7296,27.5951,28.0224,30.3501,33.7158,28.9726,31.8183

3088.9270,33.7140,33.7355,33.7383,33.6526,33.7266,27.5906,28.0014,30.3122,33.7134,28.9514,31.8089

3089.9270,33.7105,33.7316,33.7452,33.6524,33.7175,27.5927,27.9890,30.3379,33.7115,28.9653,31.8096

3090.9270,33.6954,33.7313,33.7295,33.6629,33.7253,27.5949,28.0100,30.3425,33.7089,28.9687,31.8115

3091.9280,33.7200,33.7287,33.7671,33.6579,33.7109,27.5999,27.9881,30.3380,33.7169,28.9689,31.8138

3092.9270,33.7260,33.7327,33.7613,33.6610,33.7341,27.5781,28.0026,30.3200,33.7230,28.9491,31.8145

3093.9270,33.7100,33.7399,33.7465,33.6621,33.7165,27.5912,27.9832,30.3392,33.7150,28.9652,31.8111

3094.9270,33.7061,33.7376,33.7423,33.6594,33.7016,27.5794,28.0076,30.3495,33.7094,28.9644,31.8104

3095.9270,33.7068,33.7350,33.7369,33.6788,33.7251,27.5739,27.9725,30.3454,33.7165,28.9597,31.8093

3096.9270,33.7123,33.7362,33.7456,33.6697,33.7306,27.6072,28.0011,30.3274,33.7189,28.9673,31.8163

3097.9270,33.7209,33.7540,33.7236,33.6617,33.7353,27.5984,28.0008,30.3205,33.7191,28.9595,31.8144

3098.9270,33.7150,33.7358,33.7437,33.6674,33.7166,27.6067,28.0062,30.3227,33.7157,28.9647,31.8143

3099.9280,33.7122,33.7411,33.7374,33.6676,33.7172,27.5931,28.0180,30.3312,33.7151,28.9621,31.8147

3100.9270,33.7177,33.7423,33.7493,33.6589,33.7301,27.5900,28.0225,30.3239,33.7196,28.9570,31.8168

3101.9270,33.7106,33.7409,33.7451,33.6664,33.7166,27.5801,28.0258,30.3215,33.7159,28.9508,31.8134

3102.9270,33.7089,33.7622,33.7501,33.6868,33.7566,27.6057,28.0019,30.3104,33.7329,28.9580,31.8228

3103.9270,33.7160,33.7536,33.7625,33.6731,33.7363,27.5756,27.9959,30.3330,33.7283,28.9543,31.8183

3104.9270,33.7098,33.7362,33.7390,33.6763,33.7273,27.5835,27.9948,30.3334,33.7177,28.9584,31.8125

3105.9270,33.7114,33.7490,33.7466,33.6796,33.7434,27.5875,27.9856,30.3298,33.7260,28.9587,31.8166

3106.9270,33.7185,33.7550,33.7531,33.6641,33.7287,27.5777,27.9603,30.3243,33.7239,28.9510,31.8102

3107.9270,33.7094,33.7680,33.7558,33.6626,33.7366,27.5888,27.9780,30.3321,33.7265,28.9605,31.8164

3108.9270,33.7315,33.7532,33.7607,33.6680,33.7401,27.5776,27.9903,30.3218,33.7307,28.9497,31.8179

3109.9270,33.7200,33.7476,33.7481,33.6671,33.7200,27.5825,28.0032,30.3249,33.7206,28.9537,31.8142

3110.9270,33.7167,33.7391,33.7766,33.6650,33.7414,27.6178,28.0239,30.3211,33.7278,28.9694,31.8252

3111.9270,33.7352,33.7471,33.7570,33.6558,33.7396,27.5977,28.0585,30.3133,33.7269,28.9555,31.8255

3112.9270,33.7383,33.7556,33.7795,33.6834,33.7312,27.5943,28.0494,30.3061,33.7376,28.9502,31.8297

3113.9270,33.7242,33.7474,33.7586,33.6982,33.7291,27.5867,28.0507,30.3008,33.7315,28.9437,31.8245

3114.9270,33.7305,33.7480,33.7710,33.6679,33.7307,27.5892,28.0528,30.3255,33.7296,28.9574,31.8269

3115.9270,33.7282,33.7515,33.7590,33.6578,33.7313,27.5973,28.0670,30.3269,33.7255,28.9621,31.8274

3116.9270,33.7278,33.7447,33.7653,33.6796,33.7344,27.5729,28.0657,30.3163,33.7304,28.9446,31.8258

3117.9270,33.7196,33.7397,33.7472,33.6694,33.7275,27.5925,28.0782,30.3118,33.7207,28.9521,31.8232

3118.9270,33.7274,33.7519,33.7716,33.6868,33.7374,27.5885,28.0794,30.3088,33.7350,28.9486,31.8315

3119.9270,33.7186,33.7595,33.7759,33.6803,33.7399,27.5891,28.0598,30.3164,33.7349,28.9528,31.8300

3120.9270,33.7133,33.7697,33.7715,33.6783,33.7312,27.5880,28.0629,30.3092,33.7328,28.9486,31.8280

3121.9270,33.7393,33.7426,33.7543,33.6929,33.7524,27.6033,28.0598,30.3297,33.7363,28.9665,31.8343

3122.9270,33.7264,33.7736,33.7680,33.6724,33.7427,27.5997,28.0765,30.3331,33.7366,28.9664,31.8366

3123.9270,33.7089,33.7840,33.7671,33.6856,33.7399,27.6019,28.0919,30.3048,33.7371,28.9534,31.8355

3124.9270,33.7222,33.7400,33.7493,33.6814,33.7400,27.5993,28.0841,30.3289,33.7266,28.9641,31.8307

3125.9270,33.7316,33.7505,33.7495,33.6760,33.7523,27.6092,28.0954,30.3318,33.7320,28.9705,31.8370

3126.9270,33.7275,33.7588,33.7808,33.6642,33.7307,27.6056,28.0998,30.3178,33.7324,28.9617,31.8356

3127.9270,33.7292,33.7447,33.7696,33.6946,33.7438,27.6134,28.0944,30.3232,33.7364,28.9683,31.8391

3128.9270,33.7495,33.7504,33.7780,33.6810,33.7382,27.6182,28.1167,30.3290,33.7394,28.9736,31.8451

3129.9280,33.7390,33.7390,33.7587,33.6851,33.7203,27.6227,28.0920,30.3025,33.7284,28.9626,31.8324

3130.9280,33.7376,33.7606,33.7489,33.6945,33.7494,27.6270,28.0798,30.3232,33.7382,28.9751,31.8401

3131.9270,33.7218,33.7745,33.7689,33.6883,33.7459,27.5932,28.1091,30.3229,33.7399,28.9581,31.8406

3132.9280,33.7379,33.7666,33.7703,33.7010,33.7577,27.6029,28.1131,30.3212,33.7467,28.9621,31.8463

3133.9270,33.7410,33.7783,33.7554,33.6870,33.7470,27.6144,28.1364,30.3107,33.7417,28.9625,31.8463

3134.9270,33.7268,33.7664,33.7659,33.6872,33.7434,27.6147,28.1301,30.3246,33.7379,28.9697,31.8449

3135.9270,33.7421,33.7746,33.7699,33.6687,33.7427,27.6127,28.1418,30.3094,33.7396,28.9611,31.8452

3136.9270,33.7366,33.7701,33.7621,33.6853,33.7523,27.6261,28.1259,30.3166,33.7413,28.9713,31.8469

3137.9280,33.7232,33.7785,33.7958,33.6707,33.7377,27.6144,28.1162,30.3182,33.7412,28.9663,31.8443

3138.9270,33.7294,33.7700,33.7625,33.7082,33.7428,27.6287,28.0885,30.3080,33.7426,28.9683,31.8423

3139.9270,33.7517,33.7829,33.7736,33.6813,33.7454,27.6261,28.0718,30.2899,33.7470,28.9580,31.8403

3140.9270,33.7110,33.7703,33.7600,33.6869,33.7342,27.5974,28.0535,30.2937,33.7325,28.9456,31.8259

3141.9270,33.7457,33.7993,33.7740,33.7000,33.7543,27.6032,28.0427,30.2994,33.7547,28.9513,31.8398

3142.9270,33.7512,33.7805,33.7659,33.7064,33.7453,27.6139,28.0181,30.3209,33.7499,28.9674,31.8378

3143.9270,33.7488,33.7657,33.7601,33.6785,33.7432,27.6213,27.9978,30.3039,33.7393,28.9626,31.8274

3144.9280,33.7381,33.7603,33.7785,33.6909,33.7561,27.6106,27.9701,30.2979,33.7448,28.9542,31.8253

3145.9280,33.7482,33.7835,33.7718,33.6983,33.7522,27.6212,27.9760,30.3302,33.7508,28.9757,31.8352

3146.9270,33.7376,33.7731,33.7858,33.6940,33.7591,27.6271,27.9536,30.2908,33.7499,28.9590,31.8276

3147.9270,33.7550,33.7624,33.7713,33.6879,33.7389,27.6224,27.9625,30.3125,33.7431,28.9674,31.8266

3148.9280,33.7469,33.7606,33.7887,33.7030,33.7400,27.6124,27.9554,30.3255,33.7479,28.9690,31.8291

3149.9270,33.7481,33.7770,33.7925,33.6908,33.7410,27.6272,27.9368,30.3093,33.7499,28.9683,31.8278

3150.9270,33.7610,33.7744,33.7838,33.7004,33.7481,27.6068,27.9512,30.2922,33.7535,28.9495,31.8272

3151.9280,33.7568,33.7796,33.7824,33.6891,33.7603,27.6242,27.9483,30.3180,33.7536,28.9711,31.8323

3152.9270,33.7493,33.7824,33.7810,33.6962,33.7623,27.6134,27.9423,30.3158,33.7543,28.9646,31.8304

3153.9270,33.7603,33.7871,33.8017,33.7108,33.7623,27.6197,27.9401,30.2995,33.7644,28.9596,31.8352

3154.9280,33.7478,33.7935,33.7682,33.6876,33.7420,27.6476,27.9200,30.3090,33.7478,28.9783,31.8270

3155.9280,33.7593,33.8011,33.7650,33.6821,33.7590,27.5999,27.9556,30.3248,33.7533,28.9623,31.8308

3156.9270,33.7492,33.7773,33.7909,33.7033,33.7478,27.6496,27.9690,30.3312,33.7537,28.9904,31.8398

3157.9280,33.7613,33.7846,33.7911,33.7012,33.7789,27.6490,28.0127,30.3042,33.7634,28.9766,31.8479

3158.9270,33.7408,33.7912,33.7748,33.6854,33.7495,27.6288,28.0359,30.3185,33.7484,28.9736,31.8406

3159.9270,33.7438,33.7728,33.7878,33.7021,33.7541,27.6266,28.0403,30.3280,33.7521,28.9773,31.8444

3160.9280,33.7461,33.7813,33.7734,33.7054,33.7560,27.6375,28.0436,30.3083,33.7525,28.9729,31.8440

3161.9280,33.7393,33.7832,33.7673,33.7111,33.7387,27.6302,28.0674,30.3038,33.7479,28.9670,31.8426

3162.9270,33.7546,33.7749,33.7795,33.6990,33.7496,27.6352,28.0672,30.3186,33.7515,28.9769,31.8473

3163.9270,33.7473,33.7834,33.7530,33.7108,33.7684,27.6533,28.0604,30.2982,33.7526,28.9758,31.8468

3164.9270,33.7540,33.7755,33.8027,33.6945,33.7606,27.6313,28.0605,30.2885,33.7575,28.9599,31.8460

3165.9270,33.7389,33.7864,33.7930,33.6993,33.7625,27.6477,28.0185,30.3119,33.7560,28.9798,31.8448

3166.9270,33.7569,33.7954,33.7921,33.7078,33.7603,27.6125,28.0280,30.3101,33.7625,28.9613,31.8454

3167.9270,33.7567,33.7855,33.7823,33.6848,33.7513,27.6203,28.0316,30.3043,33.7521,28.9623,31.8396

3168.9270,33.7537,33.7846,33.7771,33.7110,33.7532,27.6366,28.0225,30.3013,33.7559,28.9690,31.8425

3169.9270,33.7298,33.7875,33.7875,33.7238,33.7585,27.6460,27.9961,30.2891,33.7574,28.9675,31.8398

3170.9280,33.7723,33.7862,33.7872,33.6935,33.7666,27.6417,28.0096,30.3223,33.7612,28.9820,31.8474

3171.9270,33.7667,33.7720,33.7996,33.7106,33.7687,27.6299,27.9861,30.3050,33.7635,28.9675,31.8423

3172.9270,33.7782,33.7833,33.7983,33.7112,33.7815,27.6481,28.0147,30.3151,33.7705,28.9816,31.8538

3173.9280,33.7516,33.7846,33.7865,33.7045,33.7612,27.6373,28.0086,30.3010,33.7577,28.9692,31.8419

3174.9270,33.7634,33.7842,33.7945,33.7209,33.7580,27.6441,28.0224,30.2956,33.7642,28.9698,31.8479

3175.9270,33.7267,33.7887,33.7948,33.7072,33.7892,27.6411,28.0227,30.3109,33.7613,28.9760,31.8476

3176.9270,33.7598,33.8032,33.7812,33.7165,33.7812,27.6438,28.0437,30.3056,33.7684,28.9747,31.8544

3177.9280,33.7603,33.7884,33.8156,33.7144,33.7739,27.6523,28.0292,30.3023,33.7705,28.9773,31.8545

3178.9280,33.7580,33.7940,33.7917,33.7280,33.7519,27.6565,28.0292,30.3061,33.7647,28.9813,31.8519

3179.9270,33.7652,33.8102,33.8055,33.7113,33.7764,27.6520,28.0227,30.2931,33.7737,28.9725,31.8545

3180.9280,33.7522,33.8167,33.7937,33.7038,33.7684,27.6549,28.0403,30.3087,33.7670,28.9818,31.8548

3181.9280,33.7638,33.8172,33.7821,33.7170,33.7619,27.6595,28.0284,30.3147,33.7684,28.9871,31.8556

3182.9280,33.7547,33.7965,33.7829,33.7187,33.7496,27.6466,28.0362,30.3084,33.7605,28.9775,31.8492

3183.9270,33.7669,33.7967,33.8037,33.7203,33.7714,27.6584,28.0589,30.3043,33.7718,28.9813,31.8601

3184.9270,33.7663,33.7977,33.7944,33.7134,33.7790,27.6559,28.0691,30.3097,33.7702,28.9828,31.8607

3185.9270,33.7574,33.8173,33.7920,33.7151,33.7648,27.6469,28.1581,30.2937,33.7693,28.9703,31.8681

3186.9270,33.7841,33.8011,33.8048,33.7022,33.7819,27.6578,28.2071,30.2853,33.7748,28.9715,31.8780

3187.9270,33.7393,33.8046,33.7868,33.7193,33.7704,27.6580,28.2379,30.3024,33.7641,28.9802,31.8773

3188.9270,33.7675,33.8043,33.7921,33.7190,33.7879,27.6609,28.2516,30.3030,33.7742,28.9819,31.8858

3189.9270,33.7478,33.7859,33.8117,33.7302,33.7737,27.6496,28.2365,30.3147,33.7699,28.9821,31.8813

3190.9270,33.7674,33.7972,33.8188,33.7260,33.7673,27.6640,28.2797,30.2863,33.7753,28.9752,31.8883

3191.9290,33.7698,33.8232,33.7815,33.7324,33.7623,27.6406,28.2709,30.2958,33.7739,28.9682,31.8846

3192.9270,33.7611,33.7923,33.8195,33.7328,33.7862,27.6384,28.2998,30.3167,33.7784,28.9776,31.8934

3193.9270,33.7723,33.8141,33.8001,33.7143,33.7776,27.6535,28.2800,30.2824,33.7757,28.9680,31.8868

3194.9280,33.7577,33.7971,33.7933,33.7380,33.7760,27.6600,28.2879,30.3129,33.7724,28.9865,31.8904

3195.9280,33.7611,33.8155,33.7879,33.7289,33.7916,27.6554,28.2932,30.2866,33.7770,28.9710,31.8900

3196.9270,33.7812,33.8073,33.8073,33.7127,33.7572,27.6389,28.2767,30.3012,33.7732,28.9700,31.8853

3197.9270,33.7734,33.8026,33.8129,33.7263,33.7783,27.6522,28.2868,30.2985,33.7787,28.9754,31.8914

3198.9280,33.7626,33.8002,33.7997,33.7266,33.7824,27.6522,28.2985,30.2990,33.7743,28.9756,31.8901

3199.9270,33.7750,33.8034,33.8006,33.7331,33.7973,27.6614,28.3039,30.3001,33.7819,28.9807,31.8969

3200.9280,33.7638,33.7900,33.8013,33.7226,33.7689,27.6458,28.3557,30.3006,33.7693,28.9732,31.8936

3201.9270,33.7751,33.8163,33.8046,33.7165,33.7713,27.6478,28.3751,30.3341,33.7768,28.9910,31.9051

3202.9270,33.7456,33.7989,33.8092,33.7206,33.7839,27.6539,28.3756,30.3092,33.7716,28.9815,31.8996

3203.9270,33.7807,33.8079,33.8051,33.7147,33.7789,27.6553,28.3553,30.2979,33.7775,28.9766,31.8995

3204.9270,33.7658,33.7994,33.8256,33.7301,33.7736,27.6521,28.3375,30.2942,33.7789,28.9731,31.8973

3205.9270,33.7672,33.8054,33.8166,33.7300,33.7857,27.6446,28.3158,30.2961,33.7810,28.9703,31.8952

3206.9270,33.8038,33.8109,33.8114,33.7304,33.7824,27.6503,28.2985,30.3074,33.7878,28.9789,31.8994

3207.9270,33.7924,33.8149,33.8074,33.7245,33.7755,27.6600,28.2959,30.3054,33.7829,28.9827,31.8970

3208.9270,33.7715,33.8000,33.8099,33.7124,33.7808,27.6767,28.2773,30.3051,33.7749,28.9909,31.8917

3209.9270,33.7865,33.8112,33.8028,33.7325,33.7794,27.6390,28.2650,30.2938,33.7825,28.9664,31.8888

3210.9270,33.7841,33.8112,33.8066,33.7157,33.7775,27.6479,28.2565,30.3092,33.7790,28.9786,31.8886

3211.9270,33.7699,33.7947,33.8069,33.7118,33.7769,27.6468,28.2498,30.2936,33.7720,28.9702,31.8813

3212.9270,33.7711,33.8201,33.8004,33.7231,33.7761,27.6508,28.2722,30.2943,33.7782,28.9726,31.8885

3213.9280,33.7671,33.7978,33.8334,33.7378,33.7969,27.6586,28.2634,30.2950,33.7866,28.9768,31.8937

3214.9270,33.7982,33.8353,33.8105,33.7407,33.7819,27.6574,28.2514,30.3013,33.7933,28.9794,31.8971

3215.9270,33.7764,33.8147,33.8213,33.7234,33.7777,27.6774,28.2300,30.3049,33.7827,28.9911,31.8907

3216.9280,33.7590,33.7979,33.7993,33.7360,33.8007,27.6491,28.2572,30.3024,33.7786,28.9758,31.8877

3217.9270,33.7921,33.8156,33.8010,33.7289,33.7856,27.6494,28.2523,30.3060,33.7846,28.9777,31.8914

3218.9270,33.7845,33.8042,33.8352,33.7251,33.7743,27.6506,28.2423,30.2951,33.7846,28.9728,31.8889

3219.9280,33.7553,33.8035,33.8143,33.7215,33.7759,27.6722,28.2516,30.2916,33.7741,28.9819,31.8857

3220.9270,33.7742,33.8058,33.8137,33.7186,33.7870,27.6412,28.2390,30.2932,33.7799,28.9672,31.8841

3221.9270,33.7821,33.8185,33.8162,33.7239,33.7810,27.6468,28.2469,30.2964,33.7843,28.9716,31.8890

3222.9270,33.8004,33.7936,33.8414,33.7191,33.7936,27.6713,28.2762,30.3237,33.7896,28.9975,31.9024

3223.9270,33.7812,33.8163,33.8149,33.7240,33.7947,27.6337,28.2856,30.2819,33.7862,28.9578,31.8915

3224.9270,33.7820,33.8256,33.8340,33.7235,33.7806,27.6420,28.2992,30.3119,33.7892,28.9770,31.8999

3225.9270,33.7886,33.7998,33.8115,33.7333,33.7895,27.6416,28.3086,30.3100,33.7845,28.9758,31.8979

3226.9280,33.7889,33.8176,33.8129,33.7168,33.7688,27.6655,28.3358,30.3183,33.7810,28.9919,31.9031

3227.9270,33.7712,33.8187,33.8248,33.7175,33.7868,27.6481,28.3561,30.2813,33.7838,28.9647,31.9006

3228.9270,33.7812,33.8308,33.8078,33.7385,33.7788,27.6619,28.3831,30.3026,33.7874,28.9823,31.9106

3229.9270,33.7936,33.8124,33.8134,33.7346,33.7946,27.6358,28.3904,30.3052,33.7897,28.9705,31.9100

3230.9270,33.7911,33.7979,33.8237,33.7356,33.7815,27.6592,28.3413,30.3121,33.7860,28.9856,31.9053

3231.9270,33.7903,33.8346,33.8182,33.7165,33.7783,27.6588,28.3221,30.3089,33.7876,28.9838,31.9034

3232.9270,33.7860,33.8134,33.8176,33.7220,33.7829,27.6625,28.2871,30.3060,33.7844,28.9842,31.8972

3233.9270,33.7765,33.8093,33.8144,33.7311,33.7816,27.6609,28.2714,30.3086,33.7826,28.9848,31.8942

3234.9270,33.7775,33.8144,33.8046,33.7259,33.7905,27.6676,28.2616,30.3125,33.7826,28.9900,31.8943

3235.9270,33.7846,33.8072,33.8208,33.7355,33.7941,27.6696,28.2250,30.3107,33.7885,28.9902,31.8935

3236.9270,33.7896,33.7965,33.8086,33.7374,33.7876,27.6784,28.2079,30.3054,33.7839,28.9919,31.8889

3237.9270,33.7849,33.8024,33.8184,33.7270,33.7776,27.6680,28.1867,30.2964,33.7821,28.9822,31.8827

3238.9270,33.7769,33.8078,33.8232,33.7323,33.7918,27.6822,28.1914,30.3054,33.7864,28.9938,31.8889

3239.9270,33.7736,33.8097,33.8167,33.7385,33.7802,27.6741,28.2003,30.3091,33.7838,28.9916,31.8878

3240.9270,33.8033,33.8009,33.8168,33.7376,33.7784,27.6616,28.1854,30.3060,33.7874,28.9838,31.8862

3241.9270,33.7908,33.8239,33.8211,33.7354,33.7635,27.6862,28.1907,30.3075,33.7869,28.9968,31.8899

3242.9270,33.7722,33.8116,33.8275,33.7488,33.7896,27.6745,28.1711,30.3048,33.7900,28.9897,31.8875

3243.9280,33.7810,33.8215,33.8117,33.7269,33.8019,27.6740,28.1700,30.2939,33.7886,28.9839,31.8851

3244.9270,33.7959,33.8126,33.8047,33.7260,33.7822,27.6880,28.1436,30.3060,33.7843,28.9970,31.8824

3245.9270,33.7973,33.8093,33.8309,33.7222,33.7793,27.6551,28.1610,30.2830,33.7878,28.9690,31.8798

3246.9270,33.7997,33.8225,33.8174,33.7457,33.7865,27.6763,28.1319,30.3066,33.7944,28.9915,31.8858

3247.9280,33.7837,33.8279,33.8167,33.7187,33.7876,27.6734,28.1299,30.2966,33.7869,28.9850,31.8793

3248.9280,33.7694,33.8099,33.8193,33.7336,33.7832,27.6812,28.1118,30.3053,33.7831,28.9933,31.8767

3249.9270,33.7815,33.8072,33.8109,33.7345,33.7917,27.6952,28.1126,30.2986,33.7852,28.9969,31.8790

3250.9270,33.7875,33.8111,33.8069,33.7380,33.7923,27.6636,28.0970,30.3103,33.7872,28.9870,31.8758

3251.9280,33.7961,33.8195,33.8251,33.7174,33.7947,27.6807,28.1122,30.3020,33.7906,28.9914,31.8810

3252.9270,33.7862,33.8136,33.8281,33.7307,33.7649,27.6684,28.1226,30.3034,33.7847,28.9859,31.8772

3253.9270,33.7946,33.8138,33.8199,33.7257,33.7922,27.6797,28.1141,30.3109,33.7892,28.9953,31.8814

3254.9280,33.7846,33.8050,33.8158,33.7348,33.7830,27.6719,28.1369,30.2942,33.7846,28.9831,31.8783

3255.9270,33.7887,33.8197,33.8141,33.7349,33.7926,27.6648,28.1557,30.2937,33.7900,28.9792,31.8830

3256.9280,33.7737,33.8202,33.8338,33.7387,33.7968,27.6586,28.1834,30.3087,33.7927,28.9837,31.8893

3257.9270,33.7872,33.8106,33.8284,33.7497,33.7783,27.6821,28.2040,30.3185,33.7908,29.0003,31.8948

3258.9280,33.8014,33.8469,33.8207,33.7209,33.7846,27.6850,28.2334,30.2956,33.7949,28.9903,31.8986

3259.9270,33.7699,33.8096,33.8269,33.7337,33.7782,27.6812,28.2507,30.3053,33.7837,28.9933,31.8944

3260.9280,33.7870,33.8101,33.8223,33.7310,33.7928,27.6739,28.2745,30.3333,33.7886,29.0036,31.9031

3261.9280,33.7843,33.8062,33.8221,33.7500,33.7898,27.6660,28.3165,30.3170,33.7905,28.9915,31.9065

3262.9270,33.7940,33.8298,33.8302,33.7323,33.7693,27.6725,28.3056,30.3051,33.7911,28.9888,31.9048

3263.9290,33.8012,33.8286,33.8220,33.7386,33.7850,27.6641,28.3086,30.2987,33.7951,28.9814,31.9059

3264.9270,33.7928,33.8106,33.8110,33.7337,33.7904,27.6665,28.3048,30.3081,33.7877,28.9873,31.9022

3265.9270,33.7792,33.8114,33.8048,33.7397,33.8011,27.6655,28.2864,30.2977,33.7872,28.9816,31.8982

3266.9270,33.7788,33.8218,33.8321,33.7262,33.7956,27.6746,28.3034,30.3175,33.7909,28.9961,31.9062

3267.9270,33.8089,33.8107,33.8224,33.7404,33.7929,27.6705,28.2815,30.3013,33.7951,28.9859,31.9036

3268.9280,33.7978,33.8170,33.8123,33.7219,33.7795,27.6725,28.2802,30.3042,33.7857,28.9884,31.8982

3269.9270,33.7864,33.8258,33.8033,33.7288,33.7873,27.6535,28.2828,30.3078,33.7863,28.9806,31.8970

3270.9270,33.7986,33.8183,33.8211,33.7368,33.7682,27.6893,28.2570,30.3083,33.7886,28.9988,31.8997

3271.9270,33.7802,33.8160,33.8366,33.7527,33.7935,27.6685,28.2446,30.3011,33.7958,28.9848,31.8991

3272.9280,33.7873,33.8136,33.8187,33.7410,33.7906,27.6813,28.2192,30.2955,33.7902,28.9884,31.8934

3273.9280,33.7891,33.8227,33.8316,33.7571,33.8077,27.6704,28.1938,30.2950,33.8016,28.9827,31.8959

3274.9270,33.7814,33.8245,33.8297,33.7322,33.7847,27.7027,28.1714,30.2990,33.7905,29.0009,31.8907

3275.9280,33.7834,33.8145,33.8079,33.7536,33.7854,27.6661,28.1391,30.3124,33.7890,28.9892,31.8828

3276.9270,33.7919,33.8189,33.8245,33.7303,33.7889,27.6727,28.0750,30.3095,33.7909,28.9911,31.8765

3277.9270,33.7743,33.8143,33.8119,33.7159,33.7937,27.6804,28.0258,30.3234,33.7820,29.0019,31.8675

3278.9270,33.7972,33.8202,33.8202,33.7415,33.7780,27.6690,27.9974,30.3106,33.7914,28.9898,31.8668

3279.9270,33.7805,33.8066,33.8244,33.7550,33.8014,27.6857,27.9764,30.3212,33.7936,29.0034,31.8689

3280.9270,33.7969,33.8209,33.8111,33.7394,33.8031,27.6815,27.9510,30.3090,33.7943,28.9952,31.8641

3281.9270,33.7893,33.7993,33.8283,33.7220,33.7876,27.6785,27.9085,30.3135,33.7853,28.9960,31.8534

3282.9280,33.7790,33.8214,33.8237,33.7183,33.7923,27.6738,27.8764,30.3210,33.7869,28.9974,31.8507

3283.9270,33.7915,33.8173,33.8215,33.7344,33.7916,27.6977,27.8772,30.3110,33.7913,29.0044,31.8553

3284.9270,33.7745,33.8374,33.8079,33.7437,33.7760,27.6867,27.8465,30.3062,33.7879,28.9964,31.8474

3285.9270,33.7901,33.7981,33.8183,33.7410,33.7920,27.6742,27.8203,30.3026,33.7879,28.9884,31.8421

3286.9270,33.7852,33.8348,33.8273,33.7327,33.7983,27.6886,27.8394,30.3005,33.7956,28.9946,31.8508

3287.9280,33.7985,33.8173,33.8244,33.7447,33.8042,27.6765,27.8358,30.2875,33.7978,28.9820,31.8486

3288.9270,33.7843,33.8223,33.8359,33.7329,33.7914,27.6957,27.8573,30.3179,33.7934,29.0068,31.8547

3289.9270,33.7836,33.8073,33.8124,33.7515,33.8007,27.6794,27.8773,30.3167,33.7911,28.9981,31.8536

3290.9270,33.7747,33.8311,33.8288,33.7510,33.7908,27.6747,27.8848,30.2998,33.7953,28.9873,31.8545

3291.9280,33.7848,33.8274,33.8003,33.7309,33.7726,27.7056,27.8978,30.3081,33.7832,29.0068,31.8534

3292.9280,33.7976,33.8203,33.8268,33.7416,33.7955,27.6832,27.8890,30.2984,33.7964,28.9908,31.8565

3293.9270,33.8033,33.8222,33.8128,33.7144,33.7880,27.6809,27.8821,30.2980,33.7881,28.9895,31.8502

3294.9280,33.7940,33.8234,33.8253,33.7424,33.7859,27.6998,27.8935,30.2976,33.7942,28.9987,31.8577

3295.9270,33.7757,33.8310,33.8263,33.7443,33.8085,27.7002,27.8741,30.3055,33.7971,29.0029,31.8582

3296.9280,33.7904,33.8187,33.8177,33.7432,33.8013,27.6938,27.8818,30.2963,33.7943,28.9951,31.8554

3297.9270,33.7964,33.8306,33.8255,33.7257,33.7959,27.6914,27.8577,30.3024,33.7948,28.9969,31.8532

3298.9280,33.7860,33.8356,33.8188,33.7434,33.7940,27.6753,27.8604,30.2938,33.7956,28.9845,31.8509

3299.9270,33.7917,33.8167,33.8092,33.7511,33.8036,27.6918,27.8812,30.2858,33.7945,28.9888,31.8539

3300.9270,33.7928,33.8123,33.8315,33.7467,33.8015,27.6897,27.9003,30.3241,33.7969,29.0069,31.8624

3301.9270,33.8033,33.8145,33.8323,33.7358,33.8014,27.6912,27.9372,30.3304,33.7975,29.0108,31.8683

3302.9270,33.8061,33.8184,33.8334,33.7374,33.7903,27.6908,27.9541,30.3031,33.7971,28.9970,31.8667

3303.9280,33.7999,33.8338,33.8254,33.7584,33.8048,27.6888,27.9719,30.3044,33.8045,28.9966,31.8734

3304.9280,33.7986,33.8327,33.8392,33.7516,33.7835,27.6979,27.9452,30.3121,33.8011,29.0050,31.8701

3305.9270,33.8060,33.8172,33.8205,33.7530,33.8078,27.6920,27.9577,30.3063,33.8009,28.9992,31.8701

3306.9270,33.7921,33.8202,33.8502,33.7542,33.7804,27.6964,27.9344,30.3079,33.7994,29.0022,31.8670

3307.9270,33.8024,33.8092,33.8354,33.7333,33.7951,27.7064,27.9141,30.2966,33.7951,29.0015,31.8616

3308.9280,33.7959,33.8151,33.8343,33.7565,33.8015,27.7041,27.9392,30.2826,33.8007,28.9933,31.8662

3309.9270,33.7860,33.8248,33.8464,33.7414,33.8084,27.7039,27.9518,30.3092,33.8014,29.0066,31.8715

3310.9280,33.8055,33.8263,33.7977,33.7433,33.8192,27.7146,27.9384,30.3114,33.7984,29.0130,31.8696

3311.9270,33.7905,33.8352,33.8184,33.7350,33.7715,27.7057,27.9464,30.3068,33.7901,29.0062,31.8637

3312.9270,33.7826,33.8143,33.8148,33.7412,33.7900,27.7058,27.9418,30.2956,33.7886,29.0007,31.8608

3313.9270,33.8093,33.8148,33.8251,33.7520,33.7965,27.6836,27.9550,30.2993,33.7995,28.9914,31.8669

3314.9270,33.7935,33.8334,33.8147,33.7397,33.7856,27.6945,27.9654,30.2999,33.7934,28.9972,31.8658

3315.9270,33.7849,33.8240,33.8310,33.7495,33.7870,27.6996,28.0087,30.2979,33.7953,28.9988,31.8728

3316.9270,33.7930,33.8552,33.8365,33.7517,33.7836,27.6658,28.0588,30.3201,33.8040,28.9930,31.8831

3317.9270,33.7937,33.8223,33.8317,33.7356,33.7904,27.6816,28.0839,30.3170,33.7947,28.9993,31.8820

3318.9280,33.8024,33.8320,33.8282,33.7345,33.7865,27.6870,28.1002,30.3201,33.7967,29.0036,31.8864

3319.9270,33.7793,33.8251,33.8350,33.7492,33.7745,27.6958,28.1193,30.3157,33.7926,29.0058,31.8867

3320.9280,33.8086,33.8373,33.8045,33.7432,33.7975,27.6885,28.1229,30.3061,33.7982,28.9973,31.8886

3321.9280,33.7866,33.8288,33.8461,33.7552,33.7941,27.6778,28.1178,30.3010,33.8022,28.9894,31.8884

3322.9270,33.7884,33.8486,33.8355,33.7559,33.7976,27.6984,28.1337,30.3056,33.8052,29.0020,31.8955

3323.9270,33.8047,33.8250,33.8367,33.7369,33.7828,27.6978,28.1713,30.3078,33.7972,29.0028,31.8954

3324.9270,33.7887,33.8322,33.8280,33.7558,33.8031,27.7176,28.1515,30.2942,33.8016,29.0059,31.8964

3325.9280,33.7944,33.8292,33.8437,33.7463,33.8161,27.7044,28.1873,30.2994,33.8059,29.0019,31.9026

3326.9270,33.7889,33.8151,33.8166,33.7449,33.8170,27.7069,28.1926,30.3202,33.7965,29.0136,31.9003

3327.9270,33.7971,33.8370,33.8075,33.7546,33.8230,27.7066,28.2083,30.3016,33.8038,29.0041,31.9045

3328.9280,33.7848,33.8456,33.8282,33.7598,33.8245,27.6872,28.2252,30.3067,33.8086,28.9970,31.9077

3329.9270,33.8112,33.8181,33.8312,33.7591,33.8111,27.6799,28.2409,30.2970,33.8061,28.9884,31.9061

3330.9270,33.7833,33.8273,33.8301,33.7341,33.7720,27.6876,28.2317,30.3127,33.7894,29.0002,31.8974

3331.9270,33.7909,33.8199,33.8396,33.7281,33.7866,27.7023,28.2303,30.3005,33.7930,29.0014,31.8998

3332.9270,33.7802,33.8358,33.8232,33.7543,33.8119,27.7245,28.2111,30.3161,33.8011,29.0203,31.9071

3333.9270,33.7904,33.8231,33.8255,33.7603,33.8137,27.6943,28.2115,30.3353,33.8026,29.0148,31.9068

3334.9270,33.7815,33.8411,33.8073,33.7469,33.8172,27.6928,28.1719,30.2812,33.7988,28.9870,31.8925

3335.9270,33.7977,33.8132,33.8193,33.7424,33.8108,27.6969,28.1577,30.2924,33.7967,28.9946,31.8913

3336.9270,33.8145,33.8173,33.8370,33.7602,33.7939,27.7091,28.1477,30.3073,33.8046,29.0082,31.8984

3337.9270,33.7931,33.8425,33.8284,33.7258,33.8125,27.7036,28.1492,30.3009,33.8005,29.0022,31.8945

3338.9270,33.8185,33.8224,33.8233,33.7460,33.8055,27.7108,28.1343,30.3029,33.8031,29.0068,31.8955

3339.9270,33.7904,33.8045,33.8035,33.7478,33.8082,27.7212,28.1432,30.3128,33.7909,29.0170,31.8914

3340.9270,33.8069,33.8230,33.8145,33.7574,33.8061,27.7095,28.1448,30.2842,33.8016,28.9968,31.8933

3341.9270,33.8006,33.8199,33.8302,33.7524,33.8166,27.7172,28.1436,30.2990,33.8039,29.0081,31.8974

3342.9270,33.7984,33.8234,33.8174,33.7513,33.7822,27.6910,28.1385,30.3080,33.7945,28.9995,31.8888

3343.9270,33.7955,33.8460,33.8333,33.7471,33.7907,27.7107,28.1338,30.3005,33.8025,29.0056,31.8947

3344.9270,33.8176,33.8416,33.8003,33.7408,33.8055,27.6881,28.1291,30.3071,33.8012,28.9976,31.8913

3345.9270,33.8129,33.8178,33.8389,33.7452,33.7836,27.7046,28.1154,30.2935,33.7997,28.9990,31.8890

3346.9280,33.8080,33.8486,33.8388,33.7577,33.8074,27.7021,28.1402,30.3238,33.8121,29.0130,31.9033

3347.9280,33.8226,33.8334,33.8385,33.7481,33.7921,27.7007,28.1209,30.3178,33.8069,29.0092,31.8968

3348.9280,33.8063,33.8365,33.8248,33.7639,33.7939,27.7032,28.1168,30.3338,33.8051,29.0185,31.8974

3349.9270,33.8150,33.8336,33.8434,33.7558,33.8219,27.7124,28.1166,30.2923,33.8139,29.0023,31.8989

3350.9270,33.7946,33.8340,33.8293,33.7548,33.8125,27.7140,28.1253,30.3226,33.8051,29.0183,31.8984

3351.9270,33.8028,33.8372,33.8451,33.7561,33.8016,27.6997,28.1312,30.2960,33.8086,28.9978,31.8962

3352.9270,33.8104,33.8507,33.8353,33.7500,33.7992,27.7088,28.0828,30.3056,33.8091,29.0072,31.8929

3353.9290,33.7987,33.8358,33.8432,33.7655,33.7969,27.7054,28.0912,30.3140,33.8080,29.0097,31.8938

3354.9280,33.7987,33.8359,33.8415,33.7352,33.8209,27.7173,28.0814,30.3056,33.8064,29.0114,31.8921

3355.9270,33.7903,33.8526,33.8287,33.7472,33.8202,27.7120,28.0654,30.3136,33.8078,29.0128,31.8912

3356.9280,33.8289,33.8364,33.8313,33.7545,33.7961,27.7090,28.0444,30.3081,33.8094,29.0085,31.8886

3357.9270,33.8083,33.8337,33.8426,33.7634,33.8023,27.7104,28.0411,30.3072,33.8100,29.0088,31.8886

3358.9270,33.7882,33.8431,33.8272,33.7415,33.8160,27.7199,28.0534,30.3087,33.8032,29.0143,31.8873

3359.9270,33.7890,33.8270,33.8443,33.7624,33.7989,27.7061,28.0547,30.3086,33.8043,29.0073,31.8864

3360.9270,33.8039,33.8345,33.8382,33.7520,33.7974,27.7121,28.0476,30.3108,33.8052,29.0115,31.8871

3361.9270,33.8129,33.8297,33.8508,33.7472,33.8156,27.7315,28.0344,30.3019,33.8112,29.0167,31.8905

3362.9280,33.8075,33.8427,33.8422,33.7583,33.7986,27.7293,28.0393,30.3092,33.8098,29.0193,31.8909

3363.9270,33.8032,33.8341,33.8486,33.7661,33.8022,27.7392,28.0502,30.3223,33.8108,29.0308,31.8957

3364.9270,33.8079,33.8404,33.8582,33.7373,33.8039,27.7256,28.0643,30.3158,33.8096,29.0207,31.8942

3365.9270,33.7976,33.8326,33.8269,33.7539,33.8040,27.7355,28.0723,30.2932,33.8030,29.0144,31.8895

3366.9270,33.8025,33.8330,33.8508,33.7491,33.7964,27.7234,28.0772,30.2990,33.8064,29.0112,31.8914

3367.9270,33.8031,33.8466,33.8452,33.7449,33.8194,27.7250,28.0736,30.3020,33.8118,29.0135,31.8950

3368.9270,33.7979,33.8257,33.8496,33.7455,33.8214,27.7291,28.0806,30.3015,33.8080,29.0153,31.8939

3369.9270,33.8252,33.8457,33.8514,33.7450,33.8148,27.7278,28.0699,30.3180,33.8164,29.0229,31.8997

3370.9270,33.8176,33.8491,33.8632,33.7657,33.8210,27.7202,28.0740,30.3203,33.8233,29.0202,31.9039

3371.9270,33.7984,33.8437,33.8352,33.7415,33.8226,27.7306,28.0575,30.2996,33.8083,29.0151,31.8911

3372.9270,33.8094,33.8279,33.8345,33.7609,33.8054,27.7078,28.0239,30.2961,33.8076,29.0020,31.8832

3373.9280,33.7936,33.8167,33.8406,33.7614,33.8200,27.7315,28.0278,30.3024,33.8065,29.0169,31.8867

3374.9270,33.8119,33.8359,33.8687,33.7371,33.8078,27.7098,28.0212,30.3216,33.8123,29.0157,31.8893

3375.9270,33.7881,33.8315,33.8352,33.7429,33.7987,27.7306,28.0142,30.3006,33.7993,29.0156,31.8802

3376.9270,33.7872,33.8376,33.8371,33.7593,33.8048,27.7226,28.0194,30.2893,33.8052,29.0060,31.8822

3377.9270,33.8031,33.8527,33.8396,33.7670,33.7979,27.7142,28.0308,30.3067,33.8121,29.0105,31.8890

3378.9270,33.7859,33.8375,33.8482,33.7325,33.7986,27.7284,28.0422,30.3069,33.8005,29.0176,31.8850

3379.9270,33.8134,33.8492,33.8516,33.7382,33.8108,27.7155,28.0641,30.3072,33.8126,29.0113,31.8938

3380.9270,33.7913,33.8247,33.8374,33.7470,33.8252,27.7127,28.0820,30.2958,33.8051,29.0042,31.8895

3381.9280,33.8210,33.8564,33.8283,33.7576,33.7819,27.7185,28.0883,30.3007,33.8091,29.0096,31.8941

3382.9280,33.7987,33.8564,33.8532,33.7599,33.8035,27.7097,28.1548,30.3060,33.8143,29.0078,31.9053

3383.9270,33.8036,33.8481,33.8438,33.7881,33.8096,27.7193,28.1452,30.3001,33.8186,29.0097,31.9072

3384.9270,33.8094,33.8603,33.8463,33.7685,33.8069,27.7172,28.1511,30.2985,33.8183,29.0078,31.9073

3385.9270,33.8071,33.8517,33.8432,33.7556,33.7969,27.7323,28.1021,30.3130,33.8109,29.0226,31.9002

3386.9280,33.8123,33.8393,33.8182,33.7400,33.8051,27.7342,28.1073,30.2863,33.8030,29.0102,31.8928

3387.9270,33.7950,33.8429,33.8476,33.7459,33.7890,27.7107,28.0960,30.2990,33.8041,29.0049,31.8908

3388.9270,33.8009,33.8200,33.8439,33.7638,33.8195,27.7194,28.0779,30.2875,33.8096,29.0035,31.8916

3389.9270,33.8232,33.8369,33.8430,33.7587,33.8074,27.7353,28.0834,30.3034,33.8139,29.0193,31.8989

3390.9280,33.8121,33.8524,33.8449,33.7400,33.7966,27.7058,28.0600,30.3026,33.8092,29.0042,31.8893

3391.9270,33.8028,33.8347,33.8361,33.7663,33.8141,27.7265,28.0634,30.3083,33.8108,29.0174,31.8940

3392.9270,33.8151,33.8451,33.8465,33.7368,33.7945,27.7139,28.0574,30.3014,33.8076,29.0077,31.8888

3393.9270,33.8055,33.8268,33.8230,33.7551,33.8057,27.7212,28.0774,30.2804,33.8032,29.0008,31.8869

3394.9270,33.8147,33.8451,33.8395,33.7510,33.7894,27.7282,28.0490,30.2873,33.8079,29.0078,31.8880

3395.9280,33.8274,33.8310,33.8559,33.7626,33.7987,27.7310,28.0735,30.2831,33.8151,29.0071,31.8954

3396.9280,33.8140,33.8593,33.8447,33.7618,33.8091,27.7411,28.0422,30.3012,33.8178,29.0212,31.8967

3397.9270,33.7990,33.8434,33.8425,33.7863,33.8092,27.7157,28.0243,30.2824,33.8161,28.9990,31.8879

3398.9280,33.8131,33.8548,33.8586,33.7569,33.8141,27.7199,27.9904,30.2965,33.8195,29.0082,31.8880

3399.9280,33.7883,33.8372,33.8498,33.7824,33.8147,27.7299,27.9814,30.2947,33.8145,29.0123,31.8848

3400.9270,33.8021,33.8256,33.8416,33.7554,33.8214,27.7136,28.0165,30.2935,33.8092,29.0035,31.8837

3401.9270,33.8104,33.8496,33.8604,33.7550,33.8023,27.7238,28.0508,30.3112,33.8156,29.0175,31.8954

3402.9270,33.8000,33.8191,33.8500,33.7465,33.8135,27.7501,28.0935,30.2960,33.8058,29.0231,31.8961

3403.9270,33.8026,33.8533,33.8622,33.7549,33.8191,27.7494,28.1215,30.3043,33.8184,29.0268,31.9084

3404.9280,33.8171,33.8435,33.8698,33.7634,33.8056,27.7348,28.1498,30.2916,33.8199,29.0132,31.9094

3405.9270,33.8112,33.8381,33.8521,33.7528,33.8072,27.7360,28.1665,30.3007,33.8123,29.0183,31.9081

3406.9270,33.8034,33.8464,33.8398,33.7578,33.8206,27.7333,28.1592,30.3000,33.8136,29.0167,31.9076

3407.9270,33.8190,33.8259,33.8489,33.7561,33.7945,27.7235,28.1512,30.2850,33.8089,29.0042,31.9005

3408.9270,33.8151,33.8400,33.8625,33.7786,33.8091,27.7319,28.1620,30.3098,33.8211,29.0209,31.9136

3409.9280,33.8195,33.8511,33.8347,33.7710,33.8155,27.7420,28.1725,30.3053,33.8184,29.0237,31.9140

3410.9270,33.8044,33.8405,33.8532,33.7421,33.8077,27.7550,28.1770,30.2821,33.8096,29.0185,31.9078

3411.9290,33.8014,33.8455,33.8389,33.7682,33.8211,27.7298,28.1943,30.2984,33.8150,29.0141,31.9122

3412.9270,33.8246,33.8522,33.8288,33.7721,33.8199,27.7433,28.2143,30.3005,33.8195,29.0219,31.9195

3413.9270,33.8172,33.8589,33.8589,33.7755,33.8064,27.7419,28.2295,30.3204,33.8234,29.0311,31.9261

3414.9270,33.8112,33.8531,33.8409,33.7679,33.8124,27.7558,28.2240,30.2951,33.8171,29.0254,31.9201

3415.9280,33.8342,33.8469,33.8329,33.7701,33.8170,27.7463,28.2579,30.3092,33.8202,29.0278,31.9268

3416.9270,33.8196,33.8225,33.8408,33.7715,33.8244,27.7449,28.2649,30.3050,33.8158,29.0249,31.9242

3417.9270,33.8269,33.8387,33.8350,33.7497,33.8130,27.7428,28.2807,30.3150,33.8127,29.0289,31.9252

3418.9280,33.8349,33.8411,33.8242,33.7361,33.7989,27.7447,28.3020,30.3020,33.8071,29.0233,31.9230

3419.9280,33.8205,33.8571,33.8253,33.7606,33.8042,27.7481,28.3100,30.3053,33.8135,29.0267,31.9289

3420.9270,33.7847,33.8358,33.8536,33.7553,33.8330,27.7488,28.3174,30.2849,33.8125,29.0169,31.9267

3421.9270,33.8060,33.8379,33.8529,33.7634,33.7972,27.7637,28.3270,30.3063,33.8115,29.0350,31.9318

3422.9270,33.8142,33.8471,33.8345,33.7731,33.8106,27.7418,28.3315,30.3028,33.8159,29.0223,31.9320

3423.9270,33.8077,33.8596,33.8446,33.7664,33.8428,27.7414,28.3659,30.2864,33.8242,29.0139,31.9394

3424.9270,33.8187,33.8548,33.8525,33.7812,33.8033,27.7421,28.3516,30.3069,33.8221,29.0245,31.9389

3425.9270,33.8126,33.8519,33.8476,33.7483,33.8003,27.7454,28.3535,30.3115,33.8122,29.0285,31.9339

3426.9280,33.8181,33.8487,33.8361,33.7592,33.8154,27.7443,28.3666,30.2992,33.8155,29.0218,31.9360

3427.9270,33.8264,33.8332,33.8468,33.7493,33.8069,27.7695,28.3946,30.3065,33.8125,29.0380,31.9417

3428.9280,33.8100,33.8521,33.8371,33.7795,33.7889,27.7432,28.3857,30.3005,33.8135,29.0219,31.9371

3429.9270,33.8282,33.8523,33.8476,33.7811,33.8214,27.7671,28.3898,30.2952,33.8261,29.0312,31.9478

3430.9270,33.8250,33.8460,33.8418,33.7692,33.8160,27.7611,28.4130,30.3028,33.8196,29.0320,31.9469

3431.9270,33.8044,33.8258,33.8750,33.7776,33.8122,27.7178,28.4399,30.3066,33.8190,29.0122,31.9449

3432.9270,33.8100,33.8566,33.8402,33.7681,33.8206,27.7394,28.4653,30.2901,33.8191,29.0148,31.9488

3433.9270,33.8197,33.8477,33.8538,33.7695,33.8032,27.7421,28.4651,30.2796,33.8188,29.0109,31.9476

3434.9280,33.8102,33.8473,33.8478,33.7503,33.8122,27.7647,28.4820,30.3054,33.8136,29.0350,31.9525

3435.9280,33.8158,33.8692,33.8575,33.7671,33.8238,27.7576,28.4542,30.2936,33.8267,29.0256,31.9548

3436.9270,33.8152,33.8289,33.8504,33.7609,33.8181,27.7654,28.4832,30.3113,33.8147,29.0384,31.9542

3437.9270,33.8136,33.8619,33.8459,33.7700,33.8178,27.7464,28.4736,30.3004,33.8219,29.0234,31.9537

3438.9270,33.8074,33.8435,33.8655,33.7596,33.8210,27.7468,28.4311,30.2899,33.8194,29.0183,31.9456

3439.9270,33.8280,33.8455,33.8629,33.7692,33.8226,27.7716,28.4202,30.2907,33.8256,29.0312,31.9513

3440.9280,33.8116,33.8522,33.8283,33.7603,33.8386,27.7603,28.4080,30.2936,33.8182,29.0270,31.9441

3441.9270,33.8068,33.8373,33.8514,33.7788,33.8078,27.7499,28.3543,30.2973,33.8164,29.0236,31.9354

3442.9270,33.8004,33.8401,33.8457,33.7712,33.8138,27.7628,28.3535,30.2932,33.8142,29.0280,31.9351

3443.9280,33.8317,33.8372,33.8489,33.7519,33.8086,27.7514,28.3557,30.3011,33.8156,29.0262,31.9358

3444.9270,33.8100,33.8375,33.8525,33.7705,33.8155,27.7545,28.3650,30.3019,33.8172,29.0282,31.9384

3445.9270,33.8173,33.8473,33.8497,33.7550,33.8150,27.7496,28.3417,30.3068,33.8168,29.0282,31.9353

3446.9280,33.8174,33.8292,33.8672,33.7496,33.8222,27.7502,28.3710,30.3041,33.8171,29.0271,31.9389

3447.9270,33.8137,33.8494,33.8578,33.7622,33.8170,27.7399,28.3805,30.3046,33.8200,29.0222,31.9406

3448.9270,33.8163,33.8463,33.8435,33.7573,33.7976,27.7585,28.3939,30.2866,33.8122,29.0225,31.9375

3449.9270,33.8305,33.8564,33.8517,33.7608,33.8044,27.7553,28.4063,30.3154,33.8208,29.0354,31.9476

3450.9270,33.8131,33.8477,33.8486,33.7460,33.8276,27.7755,28.4495,30.3195,33.8166,29.0475,31.9535

3451.9280,33.8472,33.8569,33.8578,33.7885,33.7857,27.7585,28.4580,30.3049,33.8272,29.0317,31.9572

3452.9270,33.8344,33.8476,33.8513,33.7689,33.8082,27.7625,28.4719,30.3127,33.8221,29.0376,31.9572

3453.9270,33.8374,33.8454,33.8613,33.7808,33.8393,27.7515,28.4900,30.2956,33.8328,29.0235,31.9627

3454.9270,33.8245,33.8509,33.8266,33.7722,33.8116,27.7498,28.4991,30.2882,33.8172,29.0190,31.9529

3455.9270,33.8301,33.8536,33.8367,33.7739,33.8128,27.7582,28.4972,30.3093,33.8214,29.0338,31.9590

3456.9280,33.8523,33.8423,33.8433,33.7707,33.8114,27.7650,28.5163,30.2917,33.8240,29.0284,31.9616

3457.9270,33.7955,33.8496,33.8458,33.7690,33.8243,27.7574,28.5133,30.2855,33.8168,29.0214,31.9551

3458.9270,33.8166,33.8453,33.8308,33.7652,33.8233,27.7819,28.4983,30.3085,33.8162,29.0452,31.9587

3459.9270,33.8178,33.8321,33.8509,33.7750,33.8190,27.7657,28.4901,30.2871,33.8190,29.0264,31.9547

3460.9270,33.8144,33.8397,33.8758,33.7647,33.8149,27.7598,28.5054,30.2936,33.8219,29.0267,31.9585

3461.9270,33.8012,33.8568,33.8615,33.7607,33.8006,27.7569,28.5006,30.2991,33.8161,29.0280,31.9547

3462.9270,33.8088,33.8476,33.8406,33.7511,33.7966,27.7707,28.4824,30.3002,33.8089,29.0354,31.9497

3463.9280,33.8211,33.8379,33.8436,33.7494,33.8347,27.7638,28.5037,30.2993,33.8173,29.0316,31.9567

3464.9270,33.8124,33.8273,33.8474,33.7823,33.8376,27.7702,28.4804,30.2921,33.8214,29.0311,31.9562

3465.9270,33.8327,33.8425,33.8519,33.7737,33.8285,27.7750,28.4933,30.3091,33.8259,29.0421,31.9633

3466.9280,33.8159,33.8520,33.8763,33.7648,33.8075,27.7642,28.5027,30.2904,33.8233,29.0273,31.9592

3467.9270,33.8216,33.8471,33.8687,33.7515,33.8246,27.7770,28.4835,30.2829,33.8227,29.0300,31.9571

3468.9270,33.8196,33.8463,33.8486,33.7648,33.8055,27.7736,28.4820,30.3143,33.8170,29.0440,31.9568

3469.9270,33.8262,33.8209,33.8602,33.7708,33.8317,27.7986,28.5126,30.3026,33.8220,29.0506,31.9654

3470.9270,33.8042,33.8420,33.8551,33.7605,33.8092,27.7741,28.5046,30.3092,33.8142,29.0417,31.9574

3471.9280,33.8292,33.8538,33.8449,33.7845,33.8093,27.7635,28.5062,30.2807,33.8244,29.0221,31.9590

3472.9280,33.8306,33.8403,33.8478,33.7634,33.8300,27.7686,28.5010,30.2999,33.8224,29.0343,31.9602

3473.9280,33.8266,33.8346,33.8548,33.7747,33.8126,27.7760,28.5074,30.3068,33.8207,29.0414,31.9617

3474.9270,33.8358,33.8324,33.8741,33.7598,33.8141,27.7847,28.4954,30.2784,33.8232,29.0315,31.9593

3475.9270,33.8247,33.8425,33.8397,33.7563,33.8209,27.7825,28.4900,30.2828,33.8168,29.0327,31.9549

3476.9270,33.8222,33.8388,33.8650,33.7709,33.8004,27.7654,28.4884,30.2911,33.8194,29.0282,31.9553

3477.9270,33.8133,33.8404,33.8502,33.7519,33.8001,27.8078,28.4889,30.2831,33.8112,29.0455,31.9545

3478.9270,33.8234,33.8600,33.8488,33.8104,33.8338,27.7897,28.5009,30.2782,33.8353,29.0340,31.9682

3479.9280,33.8210,33.8543,33.8196,33.7718,33.8257,27.7886,28.5125,30.2875,33.8185,29.0380,31.9601

3480.9270,33.8086,33.8585,33.8318,33.7606,33.8074,27.7805,28.5067,30.2901,33.8134,29.0353,31.9555

3481.9270,33.7995,33.8513,33.8312,33.7642,33.8157,27.8028,28.5027,30.2824,33.8124,29.0426,31.9562

3482.9280,33.8269,33.8342,33.8529,33.7738,33.8342,27.7932,28.5002,30.2864,33.8244,29.0398,31.9627

3483.9270,33.8197,33.8598,33.8336,33.7605,33.8224,27.7836,28.5094,30.3012,33.8192,29.0424,31.9613

3484.9270,33.8297,33.8567,33.8558,33.7461,33.8056,27.8059,28.5072,30.3099,33.8188,29.0579,31.9646

3485.9280,33.8109,33.8378,33.8527,33.7637,33.8176,27.8048,28.4873,30.2957,33.8165,29.0503,31.9588

3486.9270,33.8343,33.8431,33.8539,33.7663,33.8164,27.7992,28.5137,30.2910,33.8228,29.0451,31.9647

3487.9270,33.8188,33.8648,33.8573,33.7688,33.8142,27.7907,28.4873,30.2853,33.8248,29.0380,31.9609

3488.9270,33.8354,33.8527,33.8424,33.7716,33.8096,27.7957,28.4772,30.2992,33.8223,29.0474,31.9605

3489.9270,33.8521,33.8458,33.8430,33.7615,33.8243,27.8011,28.4798,30.2877,33.8253,29.0444,31.9619

3490.9270,33.8043,33.8508,33.8438,33.7609,33.8204,27.8011,28.4487,30.3027,33.8161,29.0519,31.9541

3491.9270,33.8132,33.8409,33.8554,33.7767,33.8180,27.7996,28.4520,30.2985,33.8208,29.0490,31.9568

3492.9280,33.8170,33.8539,33.8698,33.7667,33.8154,27.7814,28.4554,30.2953,33.8246,29.0383,31.9569

3493.9270,33.8363,33.8341,33.8551,33.7849,33.8163,27.8036,28.4724,30.2831,33.8253,29.0433,31.9607

3494.9270,33.8209,33.8504,33.8532,33.7755,33.8036,27.7857,28.4809,30.2921,33.8207,29.0389,31.9578

3495.9270,33.8086,33.8526,33.8634,33.7608,33.8170,27.8026,28.4813,30.3010,33.8205,29.0518,31.9609

3496.9270,33.8058,33.8662,33.8582,33.7631,33.8128,27.8120,28.4714,30.2911,33.8212,29.0515,31.9601

3497.9280,33.8207,33.8444,33.8547,33.7661,33.8313,27.7992,28.4713,30.2891,33.8234,29.0442,31.9596

3498.9270,33.8269,33.8649,33.8785,33.7773,33.8068,27.8116,28.4936,30.2991,33.8309,29.0554,31.9698

3499.9270,33.8300,33.8550,33.8583,33.7707,33.8269,27.8231,28.4769,30.2909,33.8282,29.0570,31.9665

3500.9270,33.8409,33.8473,33.8721,33.7761,33.8131,27.8025,28.4681,30.3084,33.8299,29.0555,31.9660

3501.9270,33.8315,33.8527,33.8574,33.7768,33.8232,27.8228,28.4440,30.2802,33.8283,29.0515,31.9611

3502.9270,33.8184,33.8467,33.8561,33.7656,33.8172,27.8166,28.4304,30.2990,33.8208,29.0578,31.9562

3503.9270,33.8181,33.8549,33.8521,33.7776,33.8236,27.8202,28.4390,30.2889,33.8253,29.0545,31.9593

3504.9270,33.8335,33.8573,33.8713,33.7631,33.8165,27.8121,28.4141,30.2935,33.8283,29.0528,31.9577

3505.9270,33.8412,33.8413,33.8540,33.7617,33.8020,27.8278,28.3911,30.2922,33.8200,29.0600,31.9514

3506.9270,33.8113,33.8573,33.8414,33.7875,33.8231,27.8222,28.3757,30.3055,33.8241,29.0639,31.9530

3507.9270,33.8165,33.8384,33.8365,33.7691,33.8304,27.8152,28.3573,30.3046,33.8182,29.0599,31.9460

3508.9280,33.8280,33.8646,33.8492,33.7723,33.8093,27.8051,28.3360,30.2866,33.8247,29.0458,31.9439

3509.9280,33.8295,33.8540,33.8629,33.7617,33.8479,27.8175,28.3238,30.2961,33.8312,29.0568,31.9492

3510.9270,33.8268,33.8553,33.8613,33.7709,33.8164,27.8195,28.3249,30.2887,33.8261,29.0541,31.9455

3511.9280,33.8278,33.8540,33.8488,33.7785,33.8268,27.8219,28.3263,30.3014,33.8272,29.0616,31.9482

3512.9270,33.8168,33.8454,33.8524,33.7770,33.8295,27.8410,28.3323,30.2876,33.8242,29.0643,31.9478

3513.9280,33.8100,33.8445,33.8576,33.7714,33.8398,27.8011,28.3353,30.2859,33.8247,29.0435,31.9432

3514.9270,33.8366,33.8353,33.8484,33.7617,33.8203,27.8265,28.3130,30.3078,33.8204,29.0672,31.9437

3515.9270,33.8129,33.8439,33.8640,33.7760,33.8340,27.8093,28.3326,30.2898,33.8262,29.0495,31.9453

3516.9270,33.8164,33.8528,33.8809,33.7793,33.8172,27.8269,28.3187,30.3036,33.8293,29.0653,31.9495

3517.9280,33.8418,33.8629,33.8479,33.7866,33.8348,27.8106,28.3174,30.2831,33.8348,29.0468,31.9481

3518.9280,33.8092,33.8554,33.8390,33.7640,33.8310,27.8244,28.3251,30.2851,33.8197,29.0547,31.9416

3519.9270,33.8190,33.8473,33.8552,33.7681,33.8379,27.8013,28.3171,30.2926,33.8255,29.0469,31.9423

3520.9270,33.8008,33.8357,33.8596,33.7528,33.8296,27.8216,28.2992,30.2987,33.8157,29.0602,31.9372

3521.9270,33.8378,33.8429,33.8551,33.7638,33.8345,27.8268,28.3049,30.2856,33.8268,29.0562,31.9439

3522.9270,33.8169,33.8623,33.8398,33.7447,33.8281,27.8156,28.2593,30.2947,33.8184,29.0551,31.9327

3523.9270,33.8202,33.8691,33.8809,33.7811,33.8260,27.7958,28.2386,30.2891,33.8355,29.0424,31.9376

3524.9280,33.8365,33.8645,33.8589,33.7896,33.8209,27.8056,28.1872,30.2875,33.8341,29.0466,31.9313

3525.9290,33.8308,33.8691,33.8626,33.7801,33.8410,27.8244,28.1513,30.3020,33.8367,29.0632,31.9327

3526.9280,33.8440,33.8509,33.8696,33.7680,33.8368,27.8042,28.1260,30.3054,33.8339,29.0548,31.9256

3527.9270,33.8093,33.8607,33.8626,33.7726,33.8377,27.8155,28.1231,30.2983,33.8286,29.0569,31.9225

3528.9270,33.8079,33.8598,33.8565,33.7661,33.8162,27.8075,28.1335,30.3040,33.8213,29.0557,31.9189

3529.9270,33.8270,33.8637,33.8557,33.7943,33.8210,27.8225,28.1330,30.2978,33.8323,29.0602,31.9269

3530.9270,33.8074,33.8482,33.8604,33.7798,33.8328,27.8212,28.1471,30.3044,33.8257,29.0628,31.9252

3531.9270,33.8354,33.8650,33.8678,33.7750,33.8341,27.8084,28.1621,30.2978,33.8355,29.0531,31.9307

3532.9270,33.8287,33.8419,33.8621,33.7768,33.8120,27.7945,28.1699,30.2962,33.8243,29.0453,31.9228

3533.9270,33.8107,33.8439,33.8823,33.7605,33.8261,27.8117,28.2008,30.3049,33.8247,29.0583,31.9301

3534.9270,33.8453,33.8745,33.8610,33.7827,33.8244,27.8113,28.2003,30.2866,33.8376,29.0489,31.9358

3535.9280,33.8226,33.8798,33.8742,33.7805,33.8264,27.8063,28.2124,30.2830,33.8367,29.0447,31.9357

3536.9270,33.8390,33.8551,33.8752,33.7619,33.8410,27.8232,28.2062,30.3018,33.8344,29.0625,31.9379

3537.9280,33.8239,33.8516,33.8657,33.7809,33.8395,27.8227,28.2442,30.3181,33.8323,29.0704,31.9433

3538.9280,33.8230,33.8680,33.8614,33.8010,33.8296,27.8124,28.2533,30.2863,33.8366,29.0493,31.9419

3539.9280,33.8387,33.8699,33.8671,33.7884,33.8310,27.8244,28.2874,30.2959,33.8390,29.0601,31.9503

3540.9270,33.8279,33.8616,33.8654,33.7759,33.8354,27.8144,28.3076,30.2780,33.8332,29.0462,31.9458

3541.9270,33.8255,33.8612,33.8518,33.7909,33.8172,27.8238,28.3080,30.3005,33.8293,29.0621,31.9474

3542.9280,33.8352,33.8591,33.8740,33.7878,33.8300,27.8124,28.3221,30.2919,33.8372,29.0522,31.9516

3543.9270,33.8278,33.8618,33.8913,33.7864,33.8272,27.8153,28.3612,30.2708,33.8389,29.0431,31.9552

3544.9280,33.8278,33.8583,33.8579,33.7717,33.8307,27.8238,28.3739,30.2901,33.8293,29.0570,31.9543

3545.9270,33.8446,33.8525,33.8699,33.7888,33.8090,27.8180,28.3983,30.2778,33.8329,29.0479,31.9574

3546.9270,33.8342,33.8598,33.8729,33.7909,33.8532,27.8226,28.4142,30.3139,33.8422,29.0683,31.9702

3547.9270,33.8433,33.8838,33.8665,33.7766,33.8342,27.8007,28.4017,30.2873,33.8409,29.0440,31.9618

3548.9270,33.8393,33.8376,33.8671,33.7842,33.8291,27.8094,28.3756,30.2988,33.8315,29.0541,31.9551

3549.9270,33.8370,33.8563,33.8792,33.7645,33.8380,27.8330,28.3751,30.2796,33.8350,29.0563,31.9578

3550.9270,33.8335,33.8597,33.8892,33.7632,33.8377,27.8262,28.3679,30.2916,33.8367,29.0589,31.9586

3551.9270,33.8320,33.8695,33.8658,33.8058,33.8363,27.8473,28.3791,30.2967,33.8419,29.0720,31.9666

3552.9270,33.8359,33.8685,33.8573,33.7683,33.8329,27.8409,28.3543,30.2902,33.8326,29.0656,31.9560

3553.9270,33.8251,33.8618,33.8805,33.7877,33.8299,27.8352,28.3429,30.2728,33.8370,29.0540,31.9545

3554.9270,33.8346,33.8571,33.8810,33.7765,33.8328,27.8401,28.3615,30.2843,33.8364,29.0622,31.9585

3555.9270,33.8325,33.8812,33.8891,33.7664,33.8189,27.8120,28.3631,30.2854,33.8376,29.0487,31.9561

3556.9280,33.8410,33.8716,33.8562,33.7789,33.8431,27.8196,28.4004,30.2996,33.8382,29.0596,31.9638

3557.9270,33.8357,33.8737,33.8447,33.7739,33.8287,27.8138,28.3960,30.2929,33.8313,29.0533,31.9574

3558.9270,33.8484,33.8665,33.8740,33.7944,33.8384,27.8092,28.4083,30.3047,33.8443,29.0569,31.9680

3559.9270,33.8411,33.8769,33.8722,33.7902,33.8371,27.8235,28.4061,30.2936,33.8435,29.0586,31.9676

3560.9280,33.8340,33.8676,33.8802,33.7767,33.8198,27.8347,28.3890,30.2897,33.8356,29.0622,31.9614

3561.9270,33.8355,33.8649,33.8738,33.7876,33.8438,27.8254,28.4000,30.2871,33.8411,29.0562,31.9648

3562.9270,33.8394,33.8803,33.8667,33.7763,33.8390,27.8317,28.3983,30.2877,33.8403,29.0597,31.9649

3563.9270,33.8484,33.8774,33.8741,33.7753,33.8362,27.8365,28.3951,30.2680,33.8423,29.0522,31.9639

3564.9270,33.8301,33.8658,33.8845,33.8030,33.8498,27.8317,28.4181,30.2863,33.8466,29.0590,31.9711

3565.9280,33.8346,33.8697,33.8519,33.7938,33.8603,27.8297,28.4039,30.2772,33.8421,29.0535,31.9651

3566.9270,33.8498,33.8722,33.8820,33.7916,33.8328,27.8426,28.3984,30.2882,33.8457,29.0654,31.9697

3567.9270,33.8238,33.8835,33.8877,33.7842,33.8507,27.8287,28.3690,30.2950,33.8460,29.0619,31.9653

3568.9270,33.8469,33.8752,33.8780,33.7875,33.8269,27.8218,28.3752,30.2872,33.8429,29.0545,31.9623

3569.9270,33.8245,33.8663,33.8667,33.7819,33.8499,27.8388,28.3687,30.2760,33.8379,29.0574,31.9591

3570.9270,33.8208,33.8752,33.8817,33.7956,33.8372,27.8219,28.3683,30.2737,33.8421,29.0478,31.9593

3571.9280,33.8245,33.8703,33.8774,33.7921,33.8539,27.8318,28.3438,30.2976,33.8436,29.0647,31.9614

3572.9270,33.8381,33.8571,33.8800,33.7892,33.8454,27.8421,28.3409,30.2882,33.8419,29.0651,31.9601

3573.9270,33.8465,33.8814,33.8739,33.7891,33.8416,27.8110,28.3385,30.2816,33.8465,29.0463,31.9579

3574.9280,33.8454,33.8660,33.8815,33.7798,33.8375,27.8424,28.3421,30.2819,33.8420,29.0621,31.9596

3575.9270,33.8465,33.8933,33.8854,33.7893,33.8540,27.8370,28.3376,30.2699,33.8537,29.0534,31.9641

3576.9280,33.8552,33.8672,33.8972,33.8166,33.8438,27.8461,28.3228,30.2931,33.8560,29.0696,31.9678

3577.9270,33.8428,33.8677,33.8939,33.8171,33.8246,27.8454,28.3259,30.3028,33.8492,29.0741,31.9650

3578.9270,33.8449,33.8814,33.8777,33.7938,33.8482,27.8433,28.3487,30.3002,33.8492,29.0718,31.9673

3579.9280,33.8484,33.8810,33.8890,33.8075,33.8459,27.8299,28.3584,30.3009,33.8544,29.0654,31.9701

3580.9280,33.8381,33.8715,33.8771,33.7979,33.8546,27.8261,28.3710,30.2901,33.8478,29.0581,31.9658

3581.9280,33.8325,33.8904,33.8839,33.8033,33.8445,27.8266,28.3927,30.2962,33.8509,29.0614,31.9713

3582.9270,33.8353,33.8735,33.8861,33.7873,33.8388,27.8275,28.4186,30.3070,33.8442,29.0673,31.9718

3583.9270,33.8483,33.8981,33.8780,33.7843,33.8292,27.8331,28.4345,30.2895,33.8476,29.0613,31.9744

3584.9270,33.8541,33.8564,33.8780,33.8115,33.8625,27.8483,28.4729,30.2817,33.8525,29.0650,31.9832

3585.9280,33.8583,33.8857,33.8904,33.7854,33.8365,27.8488,28.4842,30.3123,33.8513,29.0806,31.9877

3586.9270,33.8335,33.8749,33.8890,33.7902,33.8492,27.8432,28.5313,30.2912,33.8474,29.0672,31.9878

3587.9270,33.8444,33.8750,33.8797,33.8010,33.8572,27.8433,28.5488,30.2847,33.8514,29.0640,31.9917

3588.9270,33.8511,33.8804,33.8870,33.7905,33.8462,27.8369,28.5960,30.2816,33.8511,29.0592,31.9962

3589.9280,33.8446,33.8699,33.8919,33.7874,33.8436,27.8412,28.5782,30.2906,33.8475,29.0659,31.9934

3590.9270,33.8699,33.8505,33.8908,33.7896,33.8369,27.8520,28.5886,30.2793,33.8475,29.0656,31.9947

3591.9270,33.8393,33.8794,33.8804,33.8237,33.8556,27.8608,28.5743,30.2960,33.8557,29.0784,32.0012

3592.9280,33.8335,33.8842,33.8682,33.8041,33.8439,27.8304,28.5689,30.2939,33.8468,29.0622,31.9909

3593.9280,33.8562,33.8995,33.8779,33.7922,33.8521,27.8434,28.5833,30.2833,33.8556,29.0634,31.9985

3594.9280,33.8490,33.8734,33.8902,33.8101,33.8551,27.8258,28.5695,30.3048,33.8556,29.0653,31.9972

3595.9270,33.8501,33.9104,33.8893,33.7975,33.8631,27.8453,28.5272,30.3022,33.8621,29.0737,31.9981

3596.9270,33.8604,33.8695,33.8840,33.8184,33.8559,27.8424,28.5168,30.2819,33.8576,29.0621,31.9912

3597.9270,33.8455,33.8949,33.8597,33.8026,33.8424,27.8288,28.4774,30.3031,33.8490,29.0660,31.9818

3598.9280,33.8479,33.8854,33.8877,33.8141,33.8488,27.8280,28.4648,30.2718,33.8568,29.0499,31.9811

3599.9270,33.8659,33.8909,33.8886,33.8235,33.8722,27.8362,28.4536,30.2907,33.8682,29.0634,31.9902

3600.9270,33.8541,33.8574,33.8803,33.8143,33.8485,27.8422,28.4521,30.3024,33.8509,29.0723,31.9814

3601.9280,33.8332,33.9072,33.8833,33.7953,33.8473,27.8405,28.4481,30.2721,33.8533,29.0563,31.9784

3602.9270,33.8315,33.8923,33.8810,33.8000,33.8656,27.8439,28.4567,30.2820,33.8541,29.0630,31.9816

3603.9270,33.8566,33.8856,33.8936,33.8027,33.8580,27.8358,28.4702,30.2753,33.8593,29.0555,31.9847

3604.9270,33.8680,33.8876,33.8721,33.7976,33.8599,27.8482,28.4709,30.2905,33.8570,29.0694,31.9869

3605.9270,33.8410,33.8850,33.8958,33.8114,33.8705,27.8564,28.4927,30.2926,33.8607,29.0745,31.9932

3606.9270,33.8755,33.9101,33.9073,33.8155,33.8497,27.8416,28.4803,30.2802,33.8716,29.0609,31.9950

3607.9270,33.8589,33.8758,33.8899,33.8018,33.8585,27.8494,28.4970,30.2818,33.8570,29.0656,31.9891

3608.9280,33.8504,33.8991,33.9136,33.7797,33.8705,27.8498,28.4951,30.2978,33.8627,29.0738,31.9945

3609.9270,33.8604,33.8820,33.8994,33.8043,33.8703,27.8490,28.4853,30.3021,33.8633,29.0756,31.9941

3610.9270,33.8507,33.8758,33.8964,33.8201,33.8618,27.8449,28.4845,30.2788,33.8610,29.0619,31.9891

3611.9280,33.8672,33.9044,33.8871,33.8290,33.8294,27.8483,28.4902,30.3005,33.8634,29.0744,31.9945

3612.9270,33.8538,33.8921,33.8944,33.8068,33.8701,27.8405,28.4434,30.3040,33.8634,29.0722,31.9881

3613.9270,33.8622,33.8928,33.9120,33.8024,33.8577,27.8570,28.4090,30.3129,33.8655,29.0850,31.9883

3614.9270,33.8644,33.8989,33.8868,33.8113,33.8783,27.8591,28.3867,30.2737,33.8680,29.0664,31.9824

3615.9280,33.8631,33.9068,33.8820,33.8220,33.8647,27.8578,28.3665,30.2902,33.8677,29.0740,31.9816

3616.9270,33.8451,33.9048,33.9011,33.8060,33.8603,27.8525,28.3852,30.3047,33.8634,29.0786,31.9825

3617.9270,33.8595,33.9063,33.9049,33.8183,33.8581,27.8500,28.3851,30.3041,33.8694,29.0770,31.9858

3618.9280,33.8803,33.9167,33.8900,33.8151,33.8835,27.8337,28.3777,30.2849,33.8771,29.0593,31.9852

3619.9280,33.8717,33.8952,33.9013,33.8198,33.8732,27.8397,28.4148,30.2966,33.8722,29.0682,31.9890

3620.9270,33.8814,33.9382,33.8886,33.8178,33.8689,27.8593,28.4410,30.3067,33.8790,29.0830,32.0002

3621.9270,33.8938,33.9656,33.9009,33.8269,33.8700,27.8501,28.4728,30.2760,33.8914,29.0631,32.0070

3622.9270,33.8927,33.9656,33.9197,33.8162,33.8794,27.8461,28.4622,30.2875,33.8947,29.0668,32.0087

3623.9270,33.9174,33.9846,33.9213,33.8530,33.8975,27.8588,28.4711,30.3011,33.9148,29.0799,32.0256

3624.9270,33.9182,34.0030,33.9294,33.8512,33.9252,27.8596,28.5034,30.3089,33.9254,29.0843,32.0374

3625.9270,33.9189,34.0360,33.9521,33.8627,33.9193,27.8570,28.5262,30.2819,33.9378,29.0694,32.0443

3626.9270,33.9473,34.0116,33.9685,33.8500,33.9372,27.8479,28.5021,30.3081,33.9429,29.0780,32.0466

3627.9270,33.9487,34.0354,33.9820,33.8551,33.9450,27.8752,28.5157,30.2700,33.9532,29.0726,32.0534

3628.9280,33.9658,34.0533,33.9887,33.8837,33.9559,27.8674,28.5093,30.2899,33.9695,29.0786,32.0642

3629.9270,33.9806,34.0716,33.9934,33.8838,33.9766,27.8818,28.5110,30.2888,33.9812,29.0853,32.0734

3630.9290,33.9822,34.0759,34.0282,33.9167,33.9996,27.8518,28.5455,30.2805,34.0005,29.0661,32.0850

3631.9270,34.0003,34.0860,34.0223,33.9178,33.9956,27.8847,28.5271,30.2799,34.0044,29.0823,32.0892

3632.9270,34.0273,34.1126,34.0264,33.9219,34.0250,27.8793,28.4991,30.3065,34.0226,29.0929,32.0997

3633.9280,34.0337,34.1240,34.0406,33.9371,34.0158,27.8792,28.5056,30.2961,34.0302,29.0876,32.1040

3634.9280,34.0462,34.1126,34.0681,33.9524,34.0180,27.8795,28.5045,30.2832,34.0395,29.0813,32.1081

3635.9270,34.0431,34.1413,34.0762,33.9502,34.0430,27.8896,28.4858,30.2923,34.0508,29.0910,32.1152

3636.9270,34.0624,34.1613,34.0737,33.9955,34.0737,27.8816,28.4882,30.2961,34.0733,29.0889,32.1291

3637.9270,34.0854,34.1681,34.0815,33.9934,34.0702,27.8991,28.4789,30.2877,34.0797,29.0934,32.1330

3638.9270,34.0752,34.1928,34.1132,33.9928,34.0757,27.9054,28.4456,30.2700,34.0900,29.0877,32.1338

3639.9270,34.1058,34.1928,34.1315,34.0289,34.1001,27.8876,28.4363,30.3049,34.1118,29.0963,32.1485

3640.9270,34.1149,34.2135,34.1526,34.0243,34.1020,27.9132,28.4210,30.2915,34.1214,29.1024,32.1541

3641.9270,34.1423,34.2501,34.1546,34.0304,34.1424,27.9092,28.3986,30.2917,34.1439,29.1005,32.1649

3642.9270,34.1563,34.2706,34.1732,34.0528,34.1441,27.9129,28.4315,30.2799,34.1594,29.0964,32.1777

3643.9270,34.1730,34.2572,34.1767,34.0680,34.1509,27.9363,28.4111,30.2783,34.1652,29.1073,32.1814

3644.9270,34.1995,34.2898,34.1859,34.0899,34.1863,27.9376,28.4298,30.2998,34.1903,29.1187,32.2023

3645.9270,34.1891,34.3123,34.2158,34.1015,34.1835,27.9276,28.4363,30.2720,34.2004,29.0998,32.2048

3646.9270,34.2121,34.3113,34.2495,34.1236,34.1774,27.9399,28.4579,30.2809,34.2148,29.1104,32.2191

3647.9270,34.2342,34.3325,34.2482,34.1237,34.2131,27.9456,28.4924,30.2744,34.2303,29.1100,32.2330

3648.9270,34.2405,34.3289,34.2371,34.1430,34.2207,27.9709,28.5186,30.2940,34.2340,29.1324,32.2442

3649.9270,34.2548,34.3605,34.2884,34.1634,34.2439,27.9720,28.5550,30.2927,34.2622,29.1323,32.2663

3650.9270,34.2366,34.3651,34.2841,34.1572,34.2448,27.9542,28.5796,30.3055,34.2576,29.1299,32.2659

3651.9270,34.2903,34.3854,34.2950,34.1840,34.2627,27.9488,28.5968,30.2851,34.2835,29.1170,32.2810

3652.9270,34.2995,34.3759,34.3019,34.1952,34.2935,27.9864,28.6240,30.2798,34.2932,29.1331,32.2945

3653.9280,34.2765,34.4327,34.3465,34.2027,34.2912,27.9877,28.6282,30.2826,34.3099,29.1352,32.3060

3654.9270,34.3207,34.4204,34.3239,34.2298,34.3117,27.9978,28.6279,30.2837,34.3213,29.1408,32.3145

3655.9270,34.3283,34.4230,34.3466,34.2413,34.3148,28.0050,28.6252,30.2886,34.3308,29.1468,32.3216

3656.9270,34.3706,34.4465,34.3790,34.2624,34.3158,27.9848,28.6102,30.2976,34.3549,29.1412,32.3334

3657.9280,34.3645,34.4796,34.3803,34.2698,34.3489,28.0042,28.5980,30.3079,34.3686,29.1560,32.3441

3658.9280,34.3703,34.4911,34.3853,34.2734,34.3530,27.9912,28.5935,30.2968,34.3746,29.1440,32.3443

3659.9270,34.3903,34.4851,34.3947,34.2814,34.3680,27.9953,28.5906,30.3005,34.3839,29.1479,32.3507

3660.9270,34.3855,34.5058,34.4178,34.3106,34.3794,28.0178,28.6107,30.2952,34.3998,29.1565,32.3653

3661.9270,34.3990,34.5155,34.4472,34.3109,34.4078,28.0186,28.6148,30.3040,34.4161,29.1613,32.3772

3662.9270,34.4241,34.5331,34.4404,34.3355,34.4085,28.0222,28.6245,30.3010,34.4283,29.1616,32.3862

3663.9270,34.4314,34.5605,34.4678,34.3536,34.4482,27.9980,28.6460,30.3036,34.4523,29.1508,32.4011

3664.9270,34.4489,34.5614,34.4729,34.3662,34.4481,28.0241,28.6401,30.2912,34.4595,29.1576,32.4066

3665.9280,34.4681,34.5760,34.4706,34.3667,34.4327,28.0241,28.6471,30.2911,34.4628,29.1576,32.4095

3666.9270,34.4798,34.5794,34.5153,34.3978,34.4745,28.0180,28.6551,30.2968,34.4894,29.1574,32.4271

3667.9270,34.5031,34.6013,34.5264,34.3840,34.4758,28.0428,28.6917,30.2769,34.4981,29.1599,32.4377

3668.9270,34.4930,34.6336,34.5400,34.4154,34.4749,27.9926,28.6806,30.3114,34.5114,29.1520,32.4427

3669.9270,34.5376,34.6398,34.5410,34.4380,34.5027,28.0304,28.6831,30.3153,34.5318,29.1729,32.4610

3670.9270,34.5230,34.6520,34.5542,34.4409,34.5181,28.0251,28.7192,30.2767,34.5376,29.1509,32.4636

3671.9280,34.5378,34.6654,34.5937,34.4458,34.5329,28.0339,28.7331,30.2864,34.5551,29.1601,32.4786

3672.9270,34.5412,34.6885,34.5747,34.4666,34.5555,28.0222,28.7366,30.2888,34.5653,29.1555,32.4843

3673.9270,34.5642,34.6983,34.5841,34.4820,34.5640,28.0223,28.7362,30.2983,34.5785,29.1603,32.4937

3674.9270,34.5822,34.7086,34.6149,34.4970,34.5564,28.0503,28.7246,30.2826,34.5918,29.1664,32.5021

3675.9270,34.5838,34.7081,34.6295,34.4886,34.5574,28.0553,28.7461,30.2852,34.5935,29.1702,32.5067

3676.9270,34.6221,34.7077,34.6450,34.5204,34.5869,28.0608,28.7398,30.3033,34.6164,29.1821,32.5233

3677.9280,34.6118,34.7339,34.6646,34.5420,34.5967,28.0744,28.7610,30.2859,34.6298,29.1802,32.5338

3678.9270,34.6016,34.7685,34.6500,34.5564,34.6159,28.0741,28.7568,30.3015,34.6385,29.1878,32.5406

3679.9270,34.6628,34.7527,34.6544,34.5557,34.6629,28.0914,28.7615,30.2836,34.6577,29.1875,32.5531

3680.9280,34.6455,34.7859,34.6782,34.5869,34.6496,28.0947,28.7822,30.2907,34.6692,29.1927,32.5642

3681.9270,34.6599,34.7796,34.7075,34.5839,34.6453,28.0956,28.7986,30.3056,34.6752,29.2006,32.5720

3682.9270,34.6804,34.8171,34.7090,34.5999,34.6603,28.1029,28.8017,30.3073,34.6933,29.2051,32.5848

3683.9270,34.6886,34.8283,34.7319,34.5896,34.6827,28.1028,28.8218,30.2973,34.7042,29.2001,32.5929

3684.9270,34.7175,34.8309,34.7326,34.6109,34.6910,28.0989,28.8287,30.2746,34.7166,29.1867,32.5981

3685.9270,34.7201,34.8466,34.7511,34.6275,34.7047,28.1123,28.8463,30.2875,34.7300,29.1999,32.6120

3686.9270,34.7596,34.8675,34.7585,34.6508,34.7098,28.1195,28.8432,30.2820,34.7492,29.2008,32.6239

3687.9270,34.7341,34.8836,34.7806,34.6477,34.7132,28.1349,28.8638,30.2758,34.7518,29.2054,32.6292

3688.9280,34.7587,34.8795,34.7770,34.6702,34.7358,28.1271,28.8781,30.3084,34.7642,29.2178,32.6418

3689.9270,34.7467,34.8851,34.8046,34.6885,34.7644,28.1160,28.8637,30.2983,34.7779,29.2072,32.6459

3690.9270,34.7873,34.9208,34.8099,34.6873,34.7411,28.1215,28.8847,30.3023,34.7893,29.2119,32.6569

3691.9270,34.8022,34.9217,34.8309,34.6961,34.7565,28.1342,28.8748,30.3140,34.8015,29.2241,32.6663

3692.9270,34.8076,34.9351,34.8289,34.7241,34.8004,28.1372,28.8430,30.2955,34.8192,29.2163,32.6715

3693.9270,34.8136,34.9507,34.8599,34.7181,34.8085,28.1433,28.8542,30.2978,34.8302,29.2205,32.6808

3694.9270,34.8247,34.9496,34.8663,34.7254,34.7971,28.1342,28.8644,30.2934,34.8326,29.2138,32.6819

3695.9270,34.8504,34.9791,34.8762,34.7498,34.8172,28.1648,28.8508,30.2816,34.8545,29.2232,32.6962

3696.9270,34.8592,34.9688,34.8841,34.7535,34.8476,28.1651,28.8441,30.2923,34.8626,29.2287,32.7018

3697.9270,34.8483,34.9921,34.8924,34.7585,34.8564,28.1414,28.8590,30.3062,34.8695,29.2238,32.7068

3698.9270,34.8800,35.0154,34.9096,34.7912,34.8614,28.1932,28.8778,30.2846,34.8915,29.2389,32.7266

3699.9270,34.8941,35.0242,34.8974,34.7954,34.8590,28.1988,28.8834,30.2911,34.8940,29.2450,32.7304

3700.9270,34.8902,35.0251,34.9348,34.8192,34.8754,28.1761,28.8932,30.2821,34.9089,29.2291,32.7370

3701.9280,34.9033,35.0454,34.9336,34.8166,34.8779,28.1765,28.8856,30.3112,34.9154,29.2439,32.7438

3702.9270,34.9126,35.0381,34.9590,34.8242,34.9122,28.1817,28.8813,30.2985,34.9293,29.2401,32.7510

3703.9270,34.9251,35.0420,34.9596,34.8346,34.9091,28.1557,28.8977,30.2965,34.9341,29.2261,32.7525

3704.9270,34.9403,35.0654,34.9825,34.8576,34.9339,28.1874,28.8894,30.2906,34.9559,29.2390,32.7684

3705.9280,34.9581,35.0892,34.9661,34.8575,34.9305,28.1860,28.8400,30.3061,34.9603,29.2460,32.7667

3706.9270,34.9481,35.0994,34.9861,34.8803,34.9524,28.2094,28.7725,30.2909,34.9733,29.2501,32.7674

3707.9280,34.9556,35.0975,35.0175,34.8719,34.9665,28.2019,28.7481,30.2872,34.9818,29.2445,32.7683

3708.9270,34.9873,35.1186,35.0292,34.8869,34.9698,28.2055,28.7277,30.2833,34.9984,29.2444,32.7760

3709.9280,35.0176,35.1287,35.0374,34.8881,34.9770,28.1866,28.7181,30.2982,35.0098,29.2424,32.7815

3710.9270,35.0151,35.1474,35.0533,34.9167,34.9883,28.2156,28.7208,30.2933,35.0242,29.2545,32.7938

3711.9280,35.0394,35.1509,35.0615,34.9309,34.9983,28.2075,28.7476,30.2914,35.0362,29.2494,32.8034

3712.9280,35.0377,35.1552,35.0934,34.9203,35.0195,28.2148,28.7699,30.2887,35.0452,29.2518,32.8124

3713.9270,35.0262,35.1603,35.0695,34.9446,35.0218,28.2183,28.7974,30.3185,35.0445,29.2684,32.8196

3714.9270,35.0488,35.1880,35.0827,34.9465,35.0307,28.2217,28.7707,30.2792,35.0593,29.2505,32.8210

3715.9270,35.0664,35.1910,35.1067,34.9682,35.0511,28.2211,28.7894,30.3040,35.0767,29.2625,32.8372

3716.9270,35.0842,35.2148,35.1105,34.9818,35.0646,28.2272,28.7710,30.2951,35.0912,29.2611,32.8436

3717.9270,35.0753,35.2234,35.1214,35.0147,35.0662,28.2461,28.7941,30.2988,35.1002,29.2724,32.8550

3718.9270,35.0929,35.2364,35.1353,34.9973,35.0853,28.2581,28.8061,30.3014,35.1094,29.2798,32.8641

3719.9270,35.1073,35.2305,35.1538,35.0120,35.0906,28.2604,28.7868,30.3070,35.1188,29.2837,32.8685

3720.9280,35.1245,35.2506,35.1552,35.0345,35.0859,28.2589,28.8050,30.3168,35.1301,29.2878,32.8789

3721.9280,35.1388,35.2606,35.1749,35.0205,35.1108,28.2723,28.8104,30.3001,35.1411,29.2862,32.8860

3722.9280,35.1457,35.2733,35.1653,35.0516,35.1082,28.2848,28.8051,30.3079,35.1488,29.2964,32.8927

3723.9270,35.1638,35.2851,35.1780,35.0629,35.1214,28.2937,28.8130,30.2880,35.1622,29.2908,32.9007

3724.9270,35.1608,35.2983,35.2085,35.0719,35.1341,28.3128,28.7916,30.3048,35.1747,29.3088,32.9103

3725.9280,35.1596,35.3180,35.1902,35.0953,35.1369,28.2974,28.7829,30.3040,35.1800,29.3007,32.9105

3726.9270,35.1803,35.3064,35.2021,35.0795,35.1427,28.3169,28.7957,30.3047,35.1822,29.3108,32.9161

3727.9270,35.1607,35.3180,35.2268,35.0939,35.1968,28.2967,28.7826,30.2995,35.1992,29.2981,32.9219

3728.9270,35.1893,35.3298,35.2273,35.1136,35.1814,28.3085,28.7601,30.3085,35.2083,29.3085,32.9273

3729.9270,35.1958,35.3421,35.2681,35.1240,35.1774,28.3051,28.7510,30.3037,35.2215,29.3044,32.9334

3730.9270,35.2302,35.3501,35.2645,35.1452,35.1897,28.3369,28.7621,30.2993,35.2359,29.3181,32.9472

3731.9270,35.2372,35.3759,35.2407,35.1560,35.2038,28.3370,28.7791,30.2937,35.2427,29.3153,32.9529

3732.9270,35.2275,35.3656,35.2805,35.1509,35.2164,28.3291,28.7801,30.2661,35.2482,29.2976,32.9520

3733.9270,35.2499,35.3780,35.2803,35.1521,35.2363,28.3507,28.7843,30.3021,35.2593,29.3264,32.9667

3734.9270,35.2639,35.3925,35.2826,35.1586,35.2428,28.3440,28.7795,30.2918,35.2681,29.3179,32.9695

3735.9270,35.2605,35.4107,35.3083,35.1623,35.2568,28.3279,28.7841,30.3194,35.2797,29.3237,32.9788

3736.9280,35.2766,35.4211,35.3224,35.1834,35.2344,28.3319,28.7895,30.3088,35.2876,29.3204,32.9835

3737.9280,35.2836,35.4251,35.3189,35.2038,35.2955,28.3403,28.7951,30.3022,35.3054,29.3213,32.9956

3738.9280,35.2959,35.4312,35.3479,35.2080,35.2782,28.3301,28.7939,30.3146,35.3122,29.3224,33.0000

3739.9270,35.2936,35.4258,35.3570,35.2017,35.2906,28.3466,28.7906,30.2868,35.3137,29.3167,32.9991

3740.9270,35.3069,35.4479,35.3450,35.2384,35.2996,28.3563,28.7857,30.3064,35.3276,29.3313,33.0108

3741.9270,35.3337,35.4713,35.3600,35.2365,35.2940,28.3352,28.7623,30.3041,35.3391,29.3197,33.0121

3742.9270,35.3496,35.4789,35.3727,35.2469,35.3226,28.3635,28.7580,30.2985,35.3541,29.3310,33.0238

3743.9270,35.3442,35.4892,35.3881,35.2520,35.3292,28.3730,28.7332,30.3062,35.3605,29.3396,33.0269

3744.9280,35.3617,35.4929,35.3980,35.2590,35.3358,28.3440,28.7226,30.2828,35.3695,29.3134,33.0246

3745.9280,35.3571,35.4944,35.3999,35.2736,35.3190,28.3484,28.7185,30.2990,35.3688,29.3237,33.0262

3746.9270,35.3626,35.5179,35.4057,35.2868,35.3369,28.3558,28.7268,30.3082,35.3820,29.3320,33.0376

3747.9280,35.3794,35.5207,35.4173,35.2957,35.3527,28.3628,28.7183,30.2960,35.3932,29.3294,33.0429

3748.9270,35.3995,35.5226,35.4444,35.3111,35.3635,28.3530,28.7400,30.3002,35.4082,29.3266,33.0543

3749.9270,35.4144,35.5326,35.4460,35.3122,35.3773,28.3689,28.7394,30.3015,35.4165,29.3352,33.0615

3750.9270,35.4246,35.5416,35.4588,35.3115,35.3971,28.3622,28.7337,30.3161,35.4267,29.3391,33.0682

3751.9270,35.4189,35.5581,35.4570,35.3214,35.4032,28.3597,28.7481,30.2905,35.4317,29.3251,33.0696

3752.9290,35.4276,35.5614,35.4613,35.3406,35.3836,28.3775,28.7362,30.3139,35.4349,29.3457,33.0753

3753.9280,35.4238,35.5752,35.4695,35.3404,35.4045,28.3717,28.7545,30.3100,35.4427,29.3409,33.0812

3754.9270,35.4348,35.5816,35.4801,35.3496,35.4160,28.3367,28.7627,30.3056,35.4524,29.3211,33.0834

3755.9270,35.4575,35.6037,35.4858,35.3586,35.4287,28.3755,28.7761,30.3091,35.4668,29.3423,33.0994

3756.9270,35.4816,35.5905,35.5054,35.3623,35.4268,28.3923,28.7680,30.3244,35.4733,29.3584,33.1064

3757.9270,35.4757,35.6088,35.5069,35.3782,35.4517,28.3500,28.7672,30.3048,35.4843,29.3274,33.1054

3758.9270,35.4945,35.6155,35.5150,35.3966,35.4518,28.3610,28.7470,30.3059,35.4947,29.3334,33.1109

3759.9270,35.4943,35.6308,35.5297,35.3791,35.4661,28.3669,28.7402,30.3047,35.5000,29.3358,33.1140

3760.9280,35.5156,35.6160,35.5253,35.3943,35.4757,28.3883,28.7565,30.2956,35.5054,29.3420,33.1209

3761.9280,35.5032,35.6349,35.5372,35.4001,35.4652,28.3871,28.7398,30.3094,35.5081,29.3483,33.1221

3762.9270,35.5173,35.6502,35.5552,35.4275,35.4968,28.3816,28.7479,30.3217,35.5294,29.3517,33.1373

3763.9280,35.5241,35.6598,35.5569,35.4067,35.4933,28.3734,28.7458,30.3107,35.5282,29.3421,33.1338

3764.9280,35.5387,35.6573,35.5736,35.4286,35.4954,28.3697,28.7633,30.3070,35.5387,29.3383,33.1417

3765.9270,35.5569,35.6855,35.5737,35.4404,35.5120,28.3645,28.7708,30.3023,35.5537,29.3334,33.1508

3766.9280,35.5377,35.6708,35.5913,35.4472,35.5089,28.3767,28.7345,30.3061,35.5512,29.3414,33.1467

3767.9270,35.5724,35.6918,35.5983,35.4617,35.5235,28.3890,28.7195,30.3019,35.5695,29.3454,33.1573

3768.9270,35.5856,35.7065,35.5826,35.4619,35.5339,28.3891,28.6979,30.2898,35.5741,29.3394,33.1559

3769.9280,35.5927,35.7089,35.6037,35.5078,35.5546,28.4147,28.6505,30.3143,35.5935,29.3645,33.1684

3770.9270,35.5972,35.7255,35.6334,35.4902,35.5665,28.3782,28.6588,30.3104,35.6026,29.3443,33.1700

3771.9270,35.6064,35.7311,35.6236,35.4856,35.5581,28.4002,28.6360,30.3097,35.6009,29.3549,33.1688

3772.9270,35.6054,35.7297,35.6394,35.4926,35.5632,28.3794,28.6483,30.3139,35.6060,29.3467,33.1715

3773.9270,35.6143,35.7527,35.6447,35.5020,35.5750,28.3841,28.6341,30.2899,35.6177,29.3370,33.1746

3774.9270,35.6291,35.7394,35.6641,35.5270,35.5673,28.4117,28.6556,30.3001,35.6254,29.3559,33.1868

3775.9270,35.6252,35.7432,35.6633,35.5309,35.6057,28.4092,28.6785,30.3103,35.6337,29.3597,33.1958

3776.9280,35.6459,35.7551,35.6663,35.5250,35.6092,28.4079,28.6574,30.3057,35.6403,29.3568,33.1966

3777.9270,35.6578,35.7843,35.6824,35.5351,35.6155,28.4115,28.6808,30.3154,35.6550,29.3634,33.2103

3778.9270,35.6527,35.8006,35.6842,35.5382,35.6107,28.4063,28.7029,30.3046,35.6573,29.3554,33.2125

3779.9270,35.6584,35.7873,35.6924,35.5492,35.6194,28.4252,28.7035,30.3004,35.6613,29.3628,33.2170

3780.9270,35.6617,35.7799,35.6962,35.5718,35.6564,28.4172,28.7020,30.3051,35.6732,29.3612,33.2238

3781.9270,35.6649,35.8265,35.7124,35.5664,35.6446,28.4270,28.7185,30.3051,35.6829,29.3660,33.2332

3782.9270,35.7038,35.8185,35.7283,35.5894,35.6455,28.4536,28.7163,30.3217,35.6971,29.3876,33.2471

3783.9280,35.6744,35.8260,35.7232,35.5936,35.6268,28.4564,28.7181,30.3127,35.6888,29.3846,33.2414

3784.9270,35.6879,35.8273,35.7384,35.5934,35.6584,28.4248,28.7030,30.3099,35.7011,29.3673,33.2429

3785.9270,35.7187,35.8440,35.7374,35.6233,35.6733,28.4237,28.7119,30.3032,35.7193,29.3635,33.2544

3786.9270,35.7224,35.8466,35.7410,35.6086,35.6872,28.4350,28.6906,30.3304,35.7211,29.3827,33.2577

3787.9270,35.7406,35.8491,35.7775,35.6171,35.6812,28.4453,28.6807,30.3045,35.7331,29.3749,33.2620

3788.9280,35.7431,35.8653,35.7638,35.6216,35.6885,28.4253,28.6730,30.3160,35.7365,29.3707,33.2621

3789.9270,35.7367,35.8752,35.7653,35.6311,35.7242,28.4429,28.6905,30.2983,35.7465,29.3706,33.2705

3790.9280,35.7500,35.8690,35.7769,35.6511,35.6988,28.4558,28.6705,30.3187,35.7492,29.3872,33.2738

3791.9270,35.7486,35.8993,35.7782,35.6542,35.7211,28.4501,28.6785,30.3154,35.7603,29.3828,33.2807

3792.9270,35.7661,35.9195,35.7885,35.6763,35.7212,28.4518,28.6792,30.3016,35.7743,29.3767,33.2880

3793.9270,35.7636,35.8962,35.7999,35.6657,35.7335,28.4681,28.6823,30.3042,35.7718,29.3862,33.2892

3794.9270,35.7790,35.9305,35.8075,35.6808,35.7318,28.4690,28.6766,30.3037,35.7859,29.3864,33.2974

3795.9280,35.7987,35.9046,35.8181,35.6745,35.7750,28.4751,28.7157,30.3155,35.7942,29.3953,33.3096

3796.9270,35.7887,35.9147,35.8212,35.7155,35.7651,28.4547,28.7537,30.3064,35.8010,29.3805,33.3150

3797.9290,35.8120,35.9257,35.8312,35.6797,35.7901,28.4664,28.7800,30.3110,35.8078,29.3887,33.3245

3798.9270,35.8159,35.9265,35.8288,35.7100,35.7572,28.4684,28.7904,30.3173,35.8077,29.3928,33.3268

3799.9280,35.8202,35.9486,35.8448,35.7096,35.7770,28.4629,28.8070,30.3014,35.8200,29.3821,33.3339

3800.9270,35.8196,35.9657,35.8656,35.7202,35.7983,28.4750,28.8314,30.3214,35.8339,29.3982,33.3496

3801.9270,35.8312,35.9710,35.8490,35.7288,35.7942,28.4782,28.8703,30.3133,35.8348,29.3958,33.3545

3802.9270,35.8240,35.9715,35.8771,35.7134,35.7770,28.4724,28.8688,30.3259,35.8326,29.3992,33.3538

3803.9270,35.8364,35.9722,35.8754,35.7337,35.8057,28.4806,28.8681,30.3064,35.8447,29.3935,33.3598

3804.9280,35.8665,35.9816,35.9012,35.7436,35.8123,28.4733,28.8828,30.3042,35.8611,29.3887,33.3707

3805.9270,35.8652,35.9936,35.8963,35.7392,35.8168,28.4663,28.8928,30.3071,35.8622,29.3867,33.3721

3806.9280,35.8832,36.0051,35.8891,35.7451,35.8456,28.4665,28.8756,30.3097,35.8736,29.3881,33.3775

3807.9270,35.8847,35.9891,35.9096,35.7768,35.8493,28.4657,28.8917,30.3145,35.8819,29.3901,33.3852

3808.9280,35.9036,36.0088,35.9176,35.7698,35.8400,28.5045,28.8839,30.3096,35.8880,29.4070,33.3922

3809.9280,35.8901,36.0266,35.9237,35.7704,35.8461,28.4895,28.9014,30.3185,35.8914,29.4040,33.3958

3810.9270,35.8825,36.0196,35.9134,35.7694,35.8573,28.4880,28.8952,30.3034,35.8885,29.3957,33.3911

3811.9270,35.8948,36.0336,35.9504,35.7993,35.8597,28.4979,28.8896,30.2997,35.9075,29.3988,33.4031

3812.9280,35.9173,36.0387,35.9410,35.7918,35.8460,28.4886,28.8972,30.3219,35.9070,29.4052,33.4053

3813.9280,35.9137,36.0445,35.9323,35.8084,35.8780,28.4737,28.8771,30.3150,35.9154,29.3943,33.4053

3814.9270,35.9234,36.0577,35.9413,35.8104,35.8796,28.4826,28.8935,30.3060,35.9225,29.3943,33.4118

3815.9280,35.9219,36.0717,35.9674,35.8346,35.8744,28.4772,28.8844,30.3100,35.9340,29.3936,33.4177

3816.9280,35.9512,36.0593,35.9709,35.8372,35.8812,28.4898,28.9191,30.3268,35.9400,29.4083,33.4294

3817.9270,35.9318,36.0635,35.9980,35.8255,35.8938,28.4914,28.8986,30.3134,35.9425,29.4024,33.4270

3818.9270,35.9603,36.0602,35.9859,35.8255,35.9106,28.5027,28.9052,30.2988,35.9485,29.4008,33.4312

3819.9270,35.9542,36.0704,35.9942,35.8474,35.8965,28.5140,28.8972,30.3219,35.9525,29.4180,33.4370

3820.9270,35.9565,36.0902,36.0041,35.8587,35.9083,28.4923,28.8839,30.2955,35.9635,29.3939,33.4362

3821.9280,35.9697,36.0880,36.0039,35.8730,35.9281,28.5178,28.8723,30.3021,35.9725,29.4100,33.4444

3822.9270,35.9759,36.0921,36.0014,35.8579,35.9439,28.5128,28.8635,30.3056,35.9743,29.4092,33.4441

3823.9270,35.9877,36.1043,36.0113,35.8715,35.9244,28.5219,28.8688,30.3062,35.9799,29.4141,33.4495

3824.9270,35.9968,36.1190,36.0204,35.8918,35.9456,28.5239,28.8393,30.3186,35.9947,29.4212,33.4569

3825.9270,35.9984,36.1133,36.0072,35.8964,35.9450,28.5284,28.8678,30.3052,35.9920,29.4168,33.4577

3826.9280,36.0078,36.1290,36.0341,35.8957,35.9639,28.5289,28.8495,30.2992,36.0061,29.4141,33.4635

3827.9280,36.0247,36.1163,36.0410,35.8919,35.9807,28.5473,28.8190,30.2945,36.0109,29.4209,33.4644

3828.9270,36.0099,36.1386,36.0455,35.9095,35.9614,28.5541,28.8407,30.3078,36.0130,29.4309,33.4709

3829.9270,36.0310,36.1312,36.0751,35.9030,35.9661,28.5456,28.8756,30.3111,36.0213,29.4284,33.4798

3830.9270,36.0423,36.1550,36.0512,35.9217,35.9787,28.5339,28.8409,30.3089,36.0298,29.4214,33.4791

3831.9280,36.0380,36.1511,36.0716,35.9066,35.9870,28.5536,28.8413,30.3139,36.0308,29.4338,33.4829

3832.9280,36.0393,36.1558,36.0680,35.9286,35.9791,28.5583,28.8563,30.3247,36.0342,29.4415,33.4888

3833.9270,36.0637,36.1701,36.0850,35.9275,36.0032,28.5494,28.8493,30.3210,36.0499,29.4352,33.4962

3834.9280,36.0398,36.1667,36.0886,35.9451,36.0152,28.5593,28.8422,30.2965,36.0511,29.4279,33.4942

3835.9270,36.0588,36.1765,36.0821,35.9503,35.9970,28.5600,28.8335,30.3288,36.0529,29.4444,33.4984

3836.9270,36.0622,36.1815,36.1044,35.9524,36.0151,28.5743,28.8375,30.3059,36.0631,29.4401,33.5042

3837.9270,36.0630,36.1908,36.1043,35.9608,36.0281,28.5789,28.8359,30.3128,36.0694,29.4458,33.5093

3838.9270,36.0795,36.2147,36.0833,35.9632,36.0309,28.5658,28.8308,30.3129,36.0743,29.4394,33.5101

3839.9280,36.0783,36.2295,36.1056,35.9710,36.0313,28.5773,28.8329,30.3018,36.0831,29.4395,33.5159

3840.9280,36.0957,36.2258,36.1239,35.9823,36.0379,28.5953,28.8561,30.3175,36.0931,29.4564,33.5293

3841.9280,36.0982,36.2010,36.1332,35.9808,36.0566,28.5927,28.8450,30.2993,36.0940,29.4460,33.5258

3842.9280,36.0902,36.2243,36.1476,35.9948,36.0382,28.6133,28.8576,30.3152,36.0990,29.4642,33.5351

3843.9270,36.1101,36.2370,36.1393,35.9916,36.0430,28.6075,28.8659,30.2972,36.1042,29.4523,33.5365

3844.9270,36.1245,36.2275,36.1555,36.0008,36.0606,28.6040,28.8582,30.3238,36.1138,29.4639,33.5444

3845.9270,36.1472,36.2441,36.1571,36.0277,36.0707,28.6039,28.8792,30.2973,36.1293,29.4506,33.5534

3846.9270,36.1241,36.2586,36.1521,36.0174,36.0787,28.6159,28.8447,30.3197,36.1262,29.4678,33.5514

3847.9270,36.1256,36.2624,36.1797,36.0161,36.0848,28.6113,28.8443,30.3146,36.1337,29.4629,33.5548

3848.9270,36.1292,36.2633,36.1834,36.0193,36.0941,28.5994,28.8160,30.3249,36.1379,29.4621,33.5537

3849.9270,36.1375,36.2650,36.1716,36.0280,36.0893,28.6092,28.8144,30.3097,36.1383,29.4594,33.5531

3850.9280,36.1551,36.2935,36.1818,36.0308,36.0953,28.6255,28.7855,30.3044,36.1513,29.4649,33.5590

3851.9270,36.1739,36.2909,36.2077,36.0380,36.1142,28.6317,28.7814,30.3148,36.1650,29.4733,33.5691

3852.9280,36.1652,36.2965,36.1932,36.0520,36.1249,28.6521,28.7636,30.2980,36.1663,29.4750,33.5682

3853.9270,36.1632,36.2945,36.2127,36.0556,36.1117,28.6511,28.7622,30.3177,36.1675,29.4844,33.5711

3854.9270,36.1682,36.2899,36.2090,36.0627,36.1323,28.6702,28.7121,30.3058,36.1724,29.4880,33.5688

3855.9270,36.1746,36.3025,36.2058,36.0599,36.1286,28.6616,28.6805,30.3137,36.1743,29.4876,33.5659

3856.9270,36.1866,36.2922,36.2123,36.0842,36.1380,28.6648,28.6426,30.3144,36.1827,29.4896,33.5669

3857.9270,36.1983,36.3157,36.2414,36.0708,36.1517,28.6968,28.6229,30.3144,36.1956,29.5056,33.5765

3858.9270,36.1976,36.3317,36.2349,36.0895,36.1410,28.6923,28.6047,30.3231,36.1989,29.5077,33.5768

3859.9270,36.2063,36.3274,36.2175,36.0918,36.1535,28.7118,28.6276,30.3266,36.1993,29.5192,33.5828

3860.9270,36.2284,36.3215,36.2481,36.1074,36.1523,28.6885,28.6160,30.3104,36.2115,29.4995,33.5841

3861.9270,36.2238,36.3477,36.2533,36.1341,36.1636,28.6961,28.6052,30.3222,36.2245,29.5091,33.5933

3862.9270,36.2184,36.3417,36.2402,36.0962,36.1668,28.7095,28.6308,30.3323,36.2127,29.5209,33.5920

3863.9270,36.2410,36.3517,36.2615,36.1114,36.1806,28.7011,28.6065,30.3178,36.2292,29.5095,33.5965

3864.9270,36.2336,36.3556,36.2486,36.1289,36.1855,28.7087,28.6221,30.3179,36.2304,29.5133,33.6001

3865.9280,36.2428,36.3622,36.2612,36.1308,36.2037,28.7081,28.6215,30.3060,36.2402,29.5071,33.6046

3866.9270,36.2527,36.3724,36.2705,36.1410,36.2079,28.6903,28.6234,30.3117,36.2489,29.5010,33.6087

3867.9270,36.2438,36.3618,36.2650,36.1510,36.2029,28.7115,28.6160,30.3043,36.2449,29.5079,33.6070

3868.9270,36.2517,36.3643,36.2993,36.1427,36.1801,28.7058,28.6220,30.2986,36.2476,29.5022,33.6081

3869.9270,36.2667,36.3748,36.2888,36.1322,36.2229,28.7191,28.6197,30.3217,36.2571,29.5204,33.6183

3870.9280,36.2661,36.3870,36.3076,36.1281,36.2019,28.7028,28.6219,30.3017,36.2581,29.5023,33.6146

3871.9280,36.2854,36.3805,36.3062,36.1674,36.2109,28.7180,28.6211,30.3075,36.2701,29.5128,33.6246

3872.9270,36.2846,36.4041,36.2901,36.1471,36.2120,28.7126,28.6250,30.3048,36.2676,29.5087,33.6226

3873.9280,36.3032,36.3912,36.3048,36.1771,36.2403,28.7092,28.6400,30.3165,36.2833,29.5128,33.6353

3874.9270,36.3024,36.4169,36.3001,36.1627,36.2253,28.7150,28.6670,30.3011,36.2815,29.5081,33.6363

3875.9270,36.3220,36.3923,36.3236,36.1852,36.2437,28.7267,28.6998,30.3316,36.2934,29.5291,33.6531

3876.9270,36.2919,36.4144,36.3396,36.1961,36.2536,28.7223,28.7105,30.3042,36.2991,29.5132,33.6541

3877.9270,36.3031,36.4230,36.3309,36.1790,36.2744,28.7241,28.6978,30.3032,36.3021,29.5137,33.6544

3878.9280,36.3267,36.4215,36.3331,36.1887,36.2752,28.7248,28.6716,30.3232,36.3090,29.5240,33.6581

3879.9270,36.3322,36.4262,36.3495,36.2042,36.2593,28.7351,28.6593,30.3114,36.3143,29.5233,33.6597

3880.9270,36.3321,36.4374,36.3341,36.2108,36.2813,28.7360,28.6310,30.3160,36.3192,29.5260,33.6598

3881.9270,36.3250,36.4486,36.3519,36.2042,36.2799,28.7415,28.6229,30.3135,36.3219,29.5275,33.6610

3882.9280,36.3323,36.4495,36.3542,36.2102,36.2897,28.7550,28.6410,30.3030,36.3272,29.5290,33.6669

3883.9280,36.3433,36.4468,36.3534,36.2024,36.2777,28.7355,28.6413,30.3131,36.3247,29.5243,33.6642

3884.9280,36.3427,36.4774,36.3568,36.2250,36.2760,28.7471,28.6685,30.3055,36.3356,29.5263,33.6749

3885.9270,36.3516,36.4677,36.3439,36.2326,36.2728,28.7382,28.7081,30.3196,36.3337,29.5289,33.6793

3886.9280,36.3524,36.4534,36.3581,36.2412,36.2721,28.7375,28.7281,30.3020,36.3354,29.5198,33.6806

3887.9270,36.3590,36.4806,36.3825,36.2367,36.3077,28.7272,28.7583,30.3124,36.3533,29.5198,33.6955

3888.9270,36.3560,36.4833,36.3735,36.2426,36.3057,28.7294,28.7920,30.3282,36.3522,29.5288,33.7013

3889.9270,36.3380,36.5061,36.4009,36.2271,36.3112,28.7273,28.7659,30.3143,36.3567,29.5208,33.6989

3890.9280,36.3739,36.4700,36.3943,36.2378,36.3331,28.7314,28.7865,30.3255,36.3618,29.5285,33.7066

3891.9270,36.3634,36.5054,36.4002,36.2544,36.3044,28.7119,28.7820,30.3065,36.3655,29.5092,33.7035

3892.9270,36.3588,36.4841,36.3901,36.2508,36.3181,28.7384,28.7732,30.3264,36.3604,29.5324,33.7050

3893.9270,36.3965,36.5067,36.4137,36.2688,36.3044,28.7283,28.7858,30.3004,36.3780,29.5144,33.7131

3894.9270,36.3858,36.5101,36.4138,36.2582,36.3264,28.7537,28.7942,30.3191,36.3789,29.5364,33.7202

3895.9270,36.3707,36.5134,36.4040,36.2577,36.3335,28.7404,28.7931,30.3199,36.3759,29.5302,33.7166

3896.9270,36.4014,36.5140,36.3986,36.2691,36.3285,28.7229,28.7926,30.3179,36.3823,29.5204,33.7181

3897.9270,36.4034,36.5050,36.3985,36.2835,36.3499,28.7329,28.8026,30.3228,36.3881,29.5279,33.7248

3898.9270,36.4110,36.5204,36.4349,36.2872,36.3326,28.7208,28.8149,30.3224,36.3972,29.5216,33.7305

3899.9270,36.4059,36.5370,36.4552,36.2926,36.3543,28.7486,28.8079,30.3192,36.4090,29.5339,33.7401

3900.9270,36.4085,36.5258,36.4220,36.2977,36.3393,28.7310,28.8402,30.3175,36.3987,29.5243,33.7352

3901.9270,36.4104,36.5400,36.4316,36.2619,36.3507,28.7489,28.8115,30.3265,36.3989,29.5377,33.7352

3902.9270,36.4160,36.5324,36.4389,36.3249,36.3735,28.7287,28.8204,30.3021,36.4171,29.5154,33.7421

3903.9270,36.4379,36.5357,36.4553,36.3109,36.3534,28.7498,28.8222,30.3081,36.4186,29.5289,33.7467

3904.9270,36.4232,36.5428,36.4423,36.3203,36.3619,28.7693,28.8089,30.3065,36.4181,29.5379,33.7469

3905.9280,36.4356,36.5605,36.4684,36.3161,36.3684,28.7422,28.7823,30.3199,36.4298,29.5311,33.7492

3906.9280,36.4427,36.5548,36.4716,36.3319,36.3866,28.7419,28.7861,30.3322,36.4375,29.5370,33.7560

3907.9270,36.4527,36.5678,36.4645,36.3206,36.3650,28.7548,28.8014,30.3427,36.4341,29.5487,33.7587

3908.9270,36.4488,36.5341,36.4883,36.3214,36.3822,28.7382,28.7420,30.2928,36.4350,29.5155,33.7435

3909.9270,36.4461,36.5726,36.4815,36.3347,36.3978,28.7608,28.7641,30.3009,36.4465,29.5308,33.7573

3910.9270,36.4405,36.5767,36.4791,36.3169,36.3786,28.7604,28.7326,30.3248,36.4384,29.5426,33.7512

3911.9270,36.4521,36.5842,36.5024,36.3472,36.4000,28.7490,28.7151,30.3332,36.4572,29.5411,33.7604

3912.9280,36.4644,36.5721,36.4918,36.3319,36.3932,28.7543,28.7148,30.3296,36.4507,29.5419,33.7565

3913.9280,36.4714,36.5884,36.4865,36.3300,36.4057,28.7670,28.6997,30.3089,36.4564,29.5379,33.7572

3914.9270,36.4777,36.5737,36.4966,36.3574,36.4186,28.7493,28.7206,30.3373,36.4648,29.5433,33.7664

3915.9270,36.4651,36.5905,36.5035,36.3577,36.4232,28.7537,28.7320,30.3365,36.4680,29.5451,33.7703

3916.9270,36.4710,36.5955,36.5016,36.3539,36.4100,28.7483,28.7563,30.3381,36.4664,29.5432,33.7718

3917.9270,36.4820,36.5961,36.5036,36.3624,36.4181,28.7617,28.7999,30.3088,36.4724,29.5353,33.7791

3918.9280,36.4932,36.5996,36.5123,36.3613,36.4146,28.7631,28.8046,30.3102,36.4762,29.5367,33.7824

3919.9270,36.5046,36.5923,36.4876,36.3624,36.4301,28.7313,28.8061,30.2976,36.4754,29.5145,33.7765

3920.9270,36.4958,36.6023,36.5014,36.3518,36.4126,28.7464,28.8048,30.3207,36.4728,29.5336,33.7795

3921.9270,36.5072,36.6302,36.5199,36.3671,36.4391,28.7645,28.8422,30.3069,36.4927,29.5357,33.7971

3922.9270,36.5265,36.5951,36.5310,36.3810,36.4376,28.7590,28.8583,30.3117,36.4942,29.5353,33.8000

3923.9270,36.5014,36.5953,36.5065,36.3728,36.4373,28.7516,28.8918,30.3193,36.4826,29.5354,33.7970

3924.9270,36.4970,36.6070,36.5182,36.3883,36.4303,28.7477,28.9030,30.3258,36.4882,29.5367,33.8022

3925.9280,36.5120,36.6198,36.5329,36.3768,36.4493,28.7453,28.9275,30.3248,36.4982,29.5351,33.8111

3926.9270,36.5170,36.6133,36.5493,36.3872,36.4498,28.7461,28.9391,30.3139,36.5033,29.5300,33.8145

3927.9270,36.5232,36.6417,36.5501,36.3936,36.4702,28.7444,28.9407,30.3277,36.5158,29.5360,33.8239

3928.9280,36.5302,36.6301,36.5483,36.4058,36.4665,28.7344,28.9585,30.3257,36.5162,29.5301,33.8249

3929.9270,36.5234,36.6214,36.5466,36.4088,36.4653,28.7672,28.9748,30.3218,36.5131,29.5445,33.8287

3930.9270,36.5353,36.6242,36.5606,36.4115,36.4555,28.7382,28.9575,30.3224,36.5174,29.5303,33.8256

3931.9270,36.5444,36.6195,36.5368,36.4097,36.4760,28.7432,28.9795,30.3119,36.5173,29.5275,33.8276

3932.9280,36.5382,36.6618,36.5637,36.4193,36.4786,28.7580,28.9567,30.3145,36.5323,29.5363,33.8363

3933.9270,36.5561,36.6544,36.5745,36.4100,36.4759,28.7516,28.9563,30.3132,36.5342,29.5324,33.8365

3934.9270,36.5399,36.6290,36.5696,36.4215,36.4771,28.7720,28.9556,30.3223,36.5274,29.5472,33.8359

3935.9270,36.5605,36.6516,36.5773,36.4311,36.4839,28.7735,28.9589,30.3261,36.5409,29.5498,33.8454

3936.9270,36.5495,36.6716,36.5795,36.4305,36.4856,28.7780,28.9695,30.3208,36.5433,29.5494,33.8481

3937.9270,36.5642,36.6723,36.5933,36.4321,36.4924,28.7753,28.9438,30.3251,36.5508,29.5502,33.8498

3938.9280,36.5762,36.6826,36.5896,36.4153,36.4877,28.7591,28.9610,30.3128,36.5503,29.5359,33.8480

3939.9280,36.5516,36.6731,36.5708,36.4301,36.4773,28.7631,28.9480,30.3167,36.5406,29.5399,33.8413

3940.9270,36.5633,36.6846,36.5669,36.4538,36.5047,28.7673,28.9514,30.3238,36.5546,29.5456,33.8520

3941.9270,36.5692,36.6967,36.6010,36.4566,36.5075,28.7710,28.9569,30.2969,36.5662,29.5339,33.8570

3942.9270,36.5689,36.6878,36.6005,36.4336,36.4967,28.7641,28.9655,30.3154,36.5575,29.5397,33.8541

3943.9270,36.5784,36.6795,36.5912,36.4506,36.5197,28.7732,28.9459,30.3066,36.5639,29.5399,33.8556

3944.9280,36.5866,36.6710,36.6192,36.4495,36.5341,28.7724,28.9457,30.3336,36.5721,29.5530,33.8640

3945.9270,36.5894,36.6924,36.6106,36.4746,36.5101,28.7640,28.9485,30.3040,36.5754,29.5340,33.8617

3946.9270,36.5834,36.7050,36.6046,36.4536,36.5186,28.7683,28.9392,30.3158,36.5730,29.5421,33.8611

3947.9270,36.5968,36.7182,36.6094,36.4827,36.5262,28.7761,28.9121,30.3250,36.5867,29.5506,33.8683

3948.9270,36.5712,36.7053,36.6160,36.4651,36.5170,28.7871,28.8779,30.3083,36.5749,29.5477,33.8560

3949.9270,36.6200,36.6894,36.6305,36.4707,36.5352,28.7737,28.8725,30.3113,36.5891,29.5425,33.8629

3950.9270,36.6215,36.7199,36.6302,36.4732,36.5466,28.7761,28.8349,30.3104,36.5983,29.5432,33.8641

3951.9270,36.6182,36.7168,36.6248,36.4748,36.5342,28.7746,28.8188,30.3071,36.5938,29.5408,33.8587

3952.9280,36.6156,36.7322,36.6234,36.4879,36.5276,28.7810,28.8281,30.3191,36.5973,29.5500,33.8643

3953.9270,36.6118,36.7436,36.6454,36.5057,36.5520,28.7828,28.8440,30.3336,36.6117,29.5582,33.8774

3954.9280,36.6325,36.7308,36.6196,36.5000,36.5570,28.7853,28.8385,30.3079,36.6080,29.5466,33.8714

3955.9270,36.6225,36.7311,36.6287,36.4853,36.5797,28.7879,28.8604,30.3157,36.6094,29.5518,33.8764

3956.9280,36.6402,36.7371,36.6259,36.5067,36.5834,28.8100,28.8646,30.2983,36.6187,29.5541,33.8833

3957.9270,36.6213,36.7486,36.6566,36.4846,36.5636,28.7811,28.8691,30.3159,36.6149,29.5485,33.8801

3958.9270,36.6505,36.7475,36.6508,36.5176,36.5765,28.7818,28.8745,30.3086,36.6286,29.5452,33.8885

3959.9270,36.6236,36.7346,36.6449,36.4986,36.5697,28.7979,28.8798,30.2989,36.6143,29.5484,33.8810

3960.9270,36.6494,36.7348,36.6661,36.5105,36.5642,28.7886,28.8701,30.3216,36.6250,29.5551,33.8881

3961.9270,36.6509,36.7556,36.6762,36.5192,36.5561,28.8189,28.8942,30.3184,36.6316,29.5687,33.8987

3962.9280,36.6512,36.7597,36.6766,36.5168,36.5611,28.8168,28.8804,30.3258,36.6331,29.5713,33.8986

3963.9280,36.6299,36.7471,36.6644,36.5223,36.5714,28.8180,28.8947,30.3250,36.6270,29.5715,33.8966

3964.9270,36.6605,36.7755,36.6629,36.5326,36.5863,28.8088,28.8940,30.3120,36.6436,29.5604,33.9041

3965.9270,36.6571,36.7644,36.6738,36.5298,36.5803,28.8204,28.9113,30.2880,36.6411,29.5542,33.9031

3966.9270,36.6556,36.7804,36.6725,36.5122,36.5954,28.8349,28.9018,30.3081,36.6432,29.5715,33.9076

3967.9270,36.6576,36.7590,36.6857,36.5231,36.6025,28.8402,28.8943,30.2917,36.6456,29.5659,33.9068

3968.9270,36.6646,36.7795,36.6734,36.5412,36.6066,28.8383,28.8985,30.3147,36.6530,29.5765,33.9146

3969.9270,36.6531,36.7690,36.6723,36.5471,36.5910,28.8554,28.9114,30.2975,36.6465,29.5765,33.9121

3970.9270,36.6658,36.7898,36.6865,36.5445,36.5992,28.8744,28.9271,30.2991,36.6572,29.5867,33.9233

3971.9280,36.6997,36.7777,36.6903,36.5506,36.6011,28.8770,28.9320,30.3186,36.6639,29.5978,33.9309

3972.9270,36.6756,36.7971,36.7027,36.5397,36.6065,28.8593,28.9558,30.3178,36.6643,29.5885,33.9318

3973.9270,36.6783,36.7898,36.7131,36.5445,36.5991,28.8785,28.9392,30.3098,36.6650,29.5941,33.9315

3974.9270,36.7033,36.7992,36.7109,36.5717,36.6319,28.8750,28.9531,30.3025,36.6834,29.5887,33.9434

3975.9270,36.6900,36.8040,36.7330,36.5625,36.6237,28.8832,28.9726,30.3079,36.6826,29.5955,33.9471

3976.9280,36.6905,36.8012,36.6966,36.5751,36.6153,28.8677,28.9694,30.3112,36.6757,29.5895,33.9409

3977.9270,36.6802,36.8073,36.7027,36.5798,36.6312,28.9054,28.9746,30.3253,36.6802,29.6154,33.9508

3978.9270,36.7028,36.8203,36.7058,36.5876,36.6381,28.9036,28.9817,30.2958,36.6909,29.5997,33.9545

3979.9270,36.6857,36.8051,36.7191,36.5673,36.6364,28.9221,29.0205,30.3077,36.6827,29.6149,33.9580

3980.9270,36.6867,36.8040,36.7251,36.5737,36.6054,28.8992,29.0075,30.3201,36.6790,29.6097,33.9527

3981.9270,36.7193,36.8250,36.7348,36.5764,36.6306,28.9076,28.9923,30.3073,36.6972,29.6074,33.9617

3982.9280,36.7112,36.8331,36.7331,36.5887,36.6406,28.8871,28.9803,30.3113,36.7013,29.5992,33.9607

3983.9270,36.7183,36.8131,36.7374,36.5673,36.6496,28.9197,28.9531,30.3161,36.6971,29.6179,33.9593

3984.9270,36.7200,36.8330,36.7321,36.5634,36.6550,28.9101,28.9092,30.3178,36.7007,29.6140,33.9551

3985.9270,36.7401,36.8316,36.7507,36.6036,36.6349,28.8965,28.8589,30.3052,36.7122,29.6009,33.9527

3986.9270,36.7198,36.8290,36.7159,36.5874,36.6472,28.9033,28.8167,30.3083,36.6999,29.6058,33.9410

3987.9270,36.7241,36.8424,36.7373,36.6032,36.6695,28.9100,28.8037,30.3427,36.7153,29.6264,33.9541

3988.9270,36.7310,36.8384,36.7374,36.6029,36.6627,28.9193,28.7597,30.3054,36.7145,29.6123,33.9446

3989.9280,36.7281,36.8405,36.7751,36.5821,36.6658,28.9254,28.7451,30.3208,36.7183,29.6231,33.9479

3990.9270,36.7381,36.8343,36.7591,36.6180,36.6544,28.9091,28.7208,30.3004,36.7208,29.6047,33.9418

3991.9270,36.7300,36.8509,36.7523,36.5869,36.6644,28.9136,28.7159,30.3194,36.7169,29.6165,33.9417

3992.9270,36.7625,36.8314,36.7426,36.5922,36.6693,28.9017,28.7209,30.3296,36.7196,29.6156,33.9438

3993.9270,36.7463,36.8353,36.7550,36.6204,36.6690,28.9201,28.7154,30.3330,36.7252,29.6266,33.9493

3994.9280,36.7517,36.8428,36.7545,36.6143,36.6704,28.8992,28.7439,30.3032,36.7268,29.6012,33.9475

3995.9270,36.7562,36.8380,36.7726,36.6100,36.6764,28.9090,28.7570,30.3167,36.7307,29.6128,33.9545

3996.9270,36.7557,36.8432,36.7657,36.6209,36.6909,28.9498,28.7856,30.3119,36.7353,29.6309,33.9655

3997.9270,36.7459,36.8655,36.7660,36.6202,36.6655,28.9329,28.8383,30.3087,36.7326,29.6208,33.9679

3998.9270,36.7572,36.8568,36.7849,36.6218,36.6807,28.9284,28.8286,30.3220,36.7403,29.6252,33.9725

3999.9270,36.7563,36.8600,36.7717,36.6512,36.6778,28.9312,28.8450,30.3013,36.7434,29.6162,33.9743

4000.9280,36.7745,36.8593,36.7762,36.6164,36.6865,28.9373,28.8474,30.3158,36.7426,29.6265,33.9767

4001.9280,36.7770,36.8604,36.7824,36.6333,36.6866,28.9356,28.8819,30.3245,36.7479,29.6300,33.9852

4002.9270,36.7800,36.8979,36.7788,36.6409,36.7054,28.9131,28.8896,30.3152,36.7606,29.6142,33.9901

4003.9270,36.7902,36.8716,36.8034,36.6310,36.7001,28.9404,28.9074,30.3128,36.7592,29.6266,33.9946

4004.9270,36.7765,36.8825,36.7914,36.6517,36.7045,28.9455,28.9186,30.3179,36.7613,29.6317,33.9986

4005.9270,36.7929,36.8908,36.7824,36.6380,36.7067,28.9487,28.9257,30.3141,36.7622,29.6314,33.9999

4006.9270,36.7607,36.8818,36.7921,36.6575,36.6996,28.9582,28.9493,30.3118,36.7583,29.6350,34.0014

4007.9270,36.7776,36.8940,36.7921,36.6440,36.7038,28.9597,28.9630,30.3001,36.7623,29.6299,34.0043

4008.9280,36.7867,36.9001,36.7992,36.6436,36.7291,28.9519,28.9815,30.2994,36.7717,29.6256,34.0114

4009.9270,36.7884,36.8973,36.7912,36.6511,36.7137,28.9828,28.9955,30.3180,36.7683,29.6504,34.0173

4010.9270,36.8051,36.8860,36.8108,36.6665,36.7314,28.9568,29.0147,30.3236,36.7800,29.6402,34.0244

4011.9270,36.7829,36.8918,36.8217,36.6633,36.7133,28.9753,29.0210,30.3153,36.7746,29.6453,34.0231

4012.9270,36.7976,36.9123,36.8184,36.6642,36.7450,28.9756,29.0166,30.3189,36.7875,29.6472,34.0311

4013.9280,36.8082,36.9025,36.8058,36.6610,36.7208,28.9509,29.0084,30.3224,36.7797,29.6367,34.0225

4014.9270,36.8119,36.8940,36.8295,36.6786,36.7220,28.9857,29.0267,30.3088,36.7872,29.6473,34.0321

4015.9280,36.8072,36.9243,36.8225,36.6739,36.7220,28.9825,29.0149,30.3290,36.7900,29.6557,34.0345

4016.9280,36.8194,36.9094,36.8099,36.6575,36.7314,28.9561,29.0244,30.3055,36.7855,29.6308,34.0267

4017.9280,36.8093,36.9080,36.8305,36.6870,36.7426,28.9775,29.0232,30.3156,36.7955,29.6466,34.0367

4018.9270,36.8070,36.9287,36.8428,36.6839,36.7279,28.9696,29.0519,30.3171,36.7981,29.6433,34.0411

4019.9270,36.8297,36.9012,36.8227,36.6915,36.7391,28.9633,29.0809,30.3178,36.7969,29.6405,34.0433

4020.9270,36.8253,36.9228,36.8271,36.6706,36.7547,28.9818,29.1023,30.3222,36.8001,29.6520,34.0509

4021.9280,36.8288,36.9192,36.8356,36.6903,36.7534,28.9769,29.1454,30.3145,36.8055,29.6457,34.0580

4022.9280,36.8301,36.9154,36.8463,36.6921,36.7519,28.9712,29.1349,30.3064,36.8072,29.6388,34.0560

4023.9270,36.8504,36.9251,36.8522,36.6854,36.7420,28.9615,29.1563,30.3240,36.8110,29.6427,34.0621

4024.9270,36.8338,36.9254,36.8432,36.6848,36.7601,28.9626,29.1556,30.3012,36.8095,29.6319,34.0583

4025.9270,36.8344,36.9360,36.8379,36.6898,36.7622,28.9595,29.1421,30.3023,36.8121,29.6309,34.0580

4026.9270,36.8334,36.9182,36.8617,36.7182,36.7724,28.9665,29.1448,30.3257,36.8208,29.6461,34.0676

4027.9270,36.8304,36.9542,36.8659,36.6996,36.7720,28.9696,29.1715,30.2983,36.8244,29.6340,34.0702

4028.9270,36.8335,36.9357,36.8455,36.7068,36.7470,28.9712,29.1807,30.2985,36.8137,29.6349,34.0649

4029.9270,36.8351,36.9491,36.8604,36.6870,36.7777,28.9936,29.1814,30.3044,36.8219,29.6490,34.0736

4030.9270,36.8482,36.9518,36.8425,36.7229,36.7645,28.9730,29.2031,30.3054,36.8260,29.6392,34.0764

4031.9270,36.8630,36.9488,36.8545,36.7255,36.7727,28.9883,29.2175,30.3198,36.8329,29.6541,34.0863

4032.9280,36.8413,36.9487,36.8646,36.7282,36.7903,28.9786,29.2304,30.3252,36.8346,29.6519,34.0884

4033.9270,36.8506,36.9683,36.8627,36.7403,36.7856,28.9735,29.2092,30.3219,36.8415,29.6477,34.0890

4034.9270,36.8482,36.9725,36.8716,36.7216,36.7908,28.9903,29.2430,30.3364,36.8410,29.6634,34.0968

4035.9280,36.8491,36.9564,36.8644,36.7341,36.7798,28.9743,29.2279,30.3086,36.8368,29.6415,34.0868

4036.9280,36.8514,36.9652,36.8774,36.7195,36.7811,28.9781,29.2251,30.3255,36.8389,29.6518,34.0904

4037.9270,36.8619,36.9585,36.8716,36.7094,36.7725,29.0013,29.2300,30.3220,36.8348,29.6617,34.0909

4038.9280,36.8583,36.9629,36.8914,36.7419,36.7821,28.9849,29.2127,30.3117,36.8473,29.6483,34.0932

4039.9270,36.8726,36.9740,36.8956,36.7297,36.8012,28.9956,29.1970,30.3195,36.8546,29.6576,34.0982

4040.9270,36.9004,36.9854,36.8849,36.7354,36.7957,29.0020,29.1629,30.2940,36.8604,29.6480,34.0951

4041.9270,36.8763,36.9982,36.8894,36.7301,36.8081,28.9956,29.1640,30.3364,36.8604,29.6660,34.0998

4042.9270,36.8834,36.9847,36.9104,36.7553,36.8104,29.0070,29.1453,30.3413,36.8689,29.6741,34.1047

4043.9270,36.8780,36.9818,36.8894,36.7646,36.8169,29.0142,29.1611,30.3236,36.8662,29.6689,34.1037

4044.9270,36.9006,37.0053,36.9035,36.7493,36.8161,28.9994,29.1288,30.3116,36.8750,29.6555,34.1018

4045.9270,36.8988,36.9957,36.9186,36.7570,36.8004,29.0032,29.1425,30.3305,36.8741,29.6668,34.1058

4046.9270,36.8942,36.9950,36.8885,36.7600,36.8264,29.0254,29.1002,30.3121,36.8728,29.6688,34.1002

4047.9270,36.8991,36.9954,36.9123,36.7656,36.8310,29.0124,29.0905,30.3354,36.8807,29.6739,34.1052

4048.9270,36.8938,37.0243,36.9183,36.7730,36.8253,29.0066,29.0791,30.3306,36.8869,29.6686,34.1064

4049.9270,36.9100,37.0109,36.9235,36.7689,36.8236,29.0290,29.0888,30.3332,36.8874,29.6811,34.1110

4050.9270,36.9139,37.0194,36.9204,36.7601,36.8461,29.0156,29.0937,30.3372,36.8920,29.6764,34.1133

4051.9280,36.9079,37.0182,36.9253,36.7870,36.8328,29.0147,29.0994,30.3339,36.8942,29.6743,34.1149

4052.9270,36.9223,37.0033,36.9468,36.7604,36.8366,29.0372,29.0993,30.3380,36.8939,29.6876,34.1180

4053.9270,36.9073,37.0426,36.9389,36.7824,36.8482,29.0240,29.1148,30.3234,36.9039,29.6737,34.1227

4054.9270,36.9099,37.0351,36.9380,36.7843,36.8530,29.0280,29.0878,30.3251,36.9040,29.6766,34.1201

4055.9270,36.9359,37.0080,36.9473,36.7913,36.8366,29.0500,29.0876,30.3410,36.9038,29.6955,34.1247

4056.9270,36.9371,37.0374,36.9286,36.7894,36.8534,29.0371,29.0907,30.3286,36.9092,29.6828,34.1253

4057.9290,36.9374,37.0298,36.9387,36.7939,36.8616,29.0486,29.1122,30.3316,36.9123,29.6901,34.1317

4058.9270,36.9416,37.0385,36.9273,36.8063,36.8493,29.0439,29.1084,30.3377,36.9126,29.6908,34.1316

4059.9280,36.9360,37.0497,36.9478,36.7843,36.8745,29.0482,29.1357,30.3359,36.9185,29.6920,34.1390

4060.9270,36.9257,37.0354,36.9424,36.8135,36.8579,29.0543,29.1357,30.3420,36.9150,29.6981,34.1384

4061.9270,36.9407,37.0541,36.9630,36.8136,36.8827,29.0826,29.1452,30.3340,36.9308,29.7083,34.1520

4062.9270,36.9472,37.0419,36.9429,36.8149,36.8817,29.0675,29.1372,30.3340,36.9257,29.7008,34.1459

4063.9280,36.9475,37.0413,36.9521,36.8162,36.8694,29.0796,29.1478,30.3381,36.9253,29.7088,34.1490

4064.9270,36.9557,37.0462,36.9868,36.8023,36.8719,29.0544,29.1659,30.3350,36.9326,29.6947,34.1523

4065.9280,36.9760,37.0473,36.9833,36.8334,36.8885,29.0861,29.1647,30.3418,36.9457,29.7140,34.1651

4066.9270,36.9622,37.0582,36.9741,36.8396,36.8882,29.0699,29.1659,30.3383,36.9445,29.7041,34.1620

4067.9270,36.9535,37.0661,36.9905,36.8372,36.8896,29.0888,29.1712,30.3572,36.9474,29.7230,34.1693

4068.9270,36.9694,37.0745,36.9932,36.8447,36.8993,29.0936,29.1769,30.3488,36.9562,29.7212,34.1751

4069.9270,36.9762,37.0749,36.9642,36.8306,36.8974,29.0680,29.1880,30.3533,36.9486,29.7107,34.1691

4070.9270,36.9586,37.0836,37.0079,36.8318,36.9112,29.0681,29.1660,30.3332,36.9586,29.7007,34.1701

4071.9270,36.9901,37.0826,37.0000,36.8309,36.9051,29.0754,29.1737,30.3353,36.9617,29.7054,34.1741

4072.9270,36.9770,37.0808,37.0102,36.8481,36.8668,29.0575,29.1685,30.3475,36.9566,29.7025,34.1696

4073.9270,36.9814,37.0881,36.9956,36.8270,36.8980,29.0746,29.1659,30.3393,36.9580,29.7070,34.1712

4074.9270,36.9917,37.1038,37.0188,36.8413,36.9043,29.0761,29.1749,30.3309,36.9720,29.7035,34.1802

4075.9290,36.9886,37.1013,36.9981,36.8481,36.9215,29.0809,29.1802,30.3263,36.9715,29.7036,34.1806

4076.9270,36.9886,37.0855,37.0112,36.8645,36.9173,29.0942,29.1614,30.3447,36.9734,29.7194,34.1834

4077.9270,36.9974,37.1254,37.0039,36.8596,36.9035,29.0799,29.1477,30.3497,36.9780,29.7148,34.1834

4078.9280,36.9943,37.1146,37.0127,36.8759,36.9212,29.0857,29.1761,30.3583,36.9837,29.7220,34.1924

4079.9270,36.9803,37.1140,37.0150,36.8613,36.8973,29.0923,29.1813,30.3391,36.9736,29.7157,34.1851

4080.9270,37.0050,37.0982,37.0216,36.8744,36.9240,29.0914,29.1836,30.3536,36.9846,29.7225,34.1940

4081.9270,37.0329,37.1249,37.0011,36.8736,36.9371,29.0894,29.2000,30.3375,36.9939,29.7135,34.1996

4082.9280,37.0194,37.1017,37.0251,36.8770,36.9410,29.1261,29.1732,30.3456,36.9928,29.7358,34.2011

4083.9280,37.0186,37.1161,37.0254,36.8942,36.9353,29.0853,29.2016,30.3406,36.9979,29.7129,34.2021

4084.9270,37.0080,37.1338,37.0479,36.8862,36.9540,29.1123,29.1914,30.3463,37.0060,29.7293,34.2100

4085.9270,37.0207,37.1249,37.0283,36.8844,36.9540,29.0884,29.2037,30.3403,37.0025,29.7143,34.2056

4086.9270,37.0000,37.1351,37.0483,36.8745,36.9343,29.1037,29.1724,30.3382,36.9984,29.7209,34.2008

4087.9270,37.0383,37.1486,37.0407,36.8969,36.9562,29.0943,29.1452,30.3547,37.0162,29.7245,34.2094

4088.9270,37.0187,37.1461,37.0494,36.8883,36.9621,29.0977,29.1057,30.3547,37.0129,29.7262,34.2028

4089.9270,37.0219,37.1613,37.0343,36.8885,36.9637,29.0990,29.0712,30.3504,37.0140,29.7247,34.1988

4090.9270,37.0444,37.1423,37.0410,36.9046,36.9648,29.1000,29.0411,30.3608,37.0194,29.7304,34.1999

4091.9270,37.0449,37.1627,37.0473,36.9030,36.9614,29.0902,29.0671,30.3562,37.0239,29.7232,34.2041

4092.9270,37.0435,37.1635,37.0412,36.8936,36.9580,29.0882,29.0464,30.3552,37.0199,29.7217,34.1987

4093.9270,37.0542,37.1647,37.0731,36.9092,36.9680,29.0905,29.0317,30.3401,37.0338,29.7153,34.2039

4094.9270,37.0502,37.1796,37.0512,36.8961,36.9690,29.0785,29.0517,30.3652,37.0292,29.7219,34.2052

4095.9270,37.0599,37.1636,37.0772,36.9198,36.9782,29.0785,29.0582,30.3558,37.0398,29.7171,34.2114

4096.9270,37.0520,37.1424,37.0817,36.9028,36.9574,29.0841,29.0724,30.3582,37.0273,29.7212,34.2064

4097.9270,37.0529,37.1634,37.0620,36.9158,36.9752,29.0714,29.0855,30.3595,37.0339,29.7154,34.2107

4098.9280,37.0669,37.1577,37.0708,36.9106,36.9676,29.0789,29.1099,30.3454,37.0347,29.7121,34.2135

4099.9270,37.0705,37.1533,37.0749,36.9244,36.9838,29.0741,29.1192,30.3664,37.0414,29.7202,34.2208

4100.9270,37.0608,37.1597,37.0527,36.9154,36.9812,29.0906,29.1188,30.3538,37.0339,29.7222,34.2166

4101.9280,37.0524,37.1569,37.0542,36.9327,36.9874,29.0808,29.1227,30.3548,37.0367,29.7178,34.2177

4102.9270,37.0668,37.1901,37.0598,36.9215,37.0019,29.1170,29.0845,30.3604,37.0480,29.7387,34.2253

4103.9270,37.0640,37.1842,37.0838,36.9297,37.0119,29.0797,29.0863,30.3584,37.0547,29.7191,34.2247

4104.9270,37.0773,37.2013,37.0729,36.9187,36.9949,29.0790,29.0485,30.3493,37.0530,29.7142,34.2177

4105.9270,37.0950,37.1787,37.1017,36.9247,37.0092,29.0809,29.0178,30.3544,37.0619,29.7177,34.2203

4106.9270,37.0794,37.1812,37.0873,36.9369,36.9822,29.0938,29.0458,30.3584,37.0534,29.7261,34.2206

4107.9270,37.0899,37.1967,37.0902,36.9342,37.0122,29.0870,29.0033,30.3662,37.0647,29.7266,34.2225

4108.9280,37.0879,37.1774,37.0971,36.9513,37.0078,29.0949,29.0055,30.3421,37.0643,29.7185,34.2205

4109.9270,37.0931,37.1905,37.1041,36.9453,36.9972,29.0992,29.0150,30.3610,37.0661,29.7301,34.2257

4110.9280,37.0935,37.1930,37.1066,36.9314,37.0155,29.0949,28.9984,30.3642,37.0680,29.7296,34.2247

4111.9280,37.1055,37.1836,37.0953,36.9542,37.0224,29.1051,29.0242,30.3641,37.0722,29.7346,34.2318

4112.9270,37.0948,37.1974,37.1036,36.9597,37.0106,29.1033,29.0238,30.3655,37.0732,29.7344,34.2323

4113.9270,37.1042,37.2069,37.1116,36.9547,37.0107,29.1057,29.0356,30.3632,37.0776,29.7345,34.2366

4114.9270,37.0973,37.2206,37.1202,36.9572,37.0170,29.1162,29.0498,30.3342,37.0824,29.7252,34.2390

4115.9270,37.1100,37.2084,37.1346,36.9660,37.0090,29.1035,29.0546,30.3592,37.0856,29.7314,34.2432

4116.9280,37.1067,37.2027,37.1112,36.9696,37.0219,29.1139,29.0560,30.3446,37.0824,29.7292,34.2408

4117.9270,37.0893,37.1960,37.1180,36.9522,37.0326,29.1071,29.0591,30.3760,37.0776,29.7415,34.2413

4118.9270,37.1038,37.2120,37.1191,36.9720,37.0369,29.1372,29.0732,30.3487,37.0887,29.7430,34.2504

4119.9270,37.1159,37.2254,37.1189,36.9886,37.0451,29.1015,29.0704,30.3628,37.0988,29.7321,34.2536

4120.9270,37.1127,37.2267,37.1226,36.9572,37.0642,29.1086,29.0682,30.3460,37.0967,29.7273,34.2508

4121.9270,37.1215,37.2229,37.1258,36.9679,37.0450,29.1372,29.0863,30.3669,37.0966,29.7520,34.2592

4122.9270,37.1276,37.2166,37.1433,36.9845,37.0433,29.1255,29.0441,30.3426,37.1031,29.7341,34.2534

4123.9270,37.1223,37.2377,37.1359,36.9939,37.0401,29.1343,29.0543,30.3457,37.1060,29.7400,34.2580

4124.9280,37.1165,37.2320,37.1256,37.0013,37.0476,29.1147,29.0738,30.3426,37.1046,29.7287,34.2568

4125.9270,37.1332,37.2402,37.1505,36.9945,37.0571,29.1132,29.0737,30.3566,37.1151,29.7349,34.2649

4126.9270,37.1183,37.2449,37.1412,36.9885,37.0572,29.1209,29.0592,30.3455,37.1100,29.7332,34.2595

4127.9270,37.1264,37.2591,37.1241,36.9770,37.0634,29.1130,29.0405,30.3315,37.1100,29.7222,34.2544

4128.9270,37.1665,37.2539,37.1450,37.0045,37.0670,29.1214,29.0348,30.3502,37.1274,29.7358,34.2679

4129.9270,37.1463,37.2630,37.1374,37.0029,37.0533,29.1297,29.0290,30.3553,37.1206,29.7425,34.2646

4130.9270,37.1241,37.2544,37.1526,37.0068,37.0620,29.1092,29.0551,30.3508,37.1200,29.7300,34.2644

4131.9270,37.1330,37.2629,37.1746,36.9999,37.0602,29.1135,29.0670,30.3316,37.1261,29.7226,34.2678

4132.9280,37.1409,37.2598,37.1431,36.9885,37.0786,29.1234,29.0716,30.3522,37.1222,29.7378,34.2698

4133.9280,37.1560,37.2405,37.1565,37.0173,37.0715,29.1377,29.0798,30.3524,37.1284,29.7450,34.2765

4134.9270,37.1640,37.2548,37.1600,37.0269,37.0727,29.1250,29.0991,30.3510,37.1357,29.7380,34.2817

4135.9280,37.1640,37.2453,37.1884,37.0104,37.0763,29.1122,29.1042,30.3425,37.1369,29.7274,34.2804

4136.9270,37.1521,37.2709,37.1672,37.0140,37.0761,29.1290,29.1097,30.3522,37.1361,29.7406,34.2839

4137.9280,37.1667,37.2684,37.1965,37.0325,37.0512,29.1517,29.1084,30.3410,37.1431,29.7464,34.2896

4138.9270,37.1605,37.2712,37.1741,37.0293,37.0690,29.1342,29.1333,30.3367,37.1408,29.7355,34.2885

4139.9270,37.1430,37.2937,37.1672,37.0191,37.0803,29.1443,29.1655,30.3370,37.1407,29.7406,34.2938

4140.9270,37.1597,37.2735,37.1787,37.0376,37.0755,29.1414,29.1832,30.3660,37.1450,29.7537,34.3019

4141.9270,37.1619,37.2743,37.1706,37.0422,37.0936,29.1365,29.1882,30.3390,37.1485,29.7377,34.3008

4142.9270,37.1621,37.2747,37.1822,37.0285,37.0916,29.1386,29.1899,30.3491,37.1478,29.7438,34.3021

4143.9270,37.1604,37.2900,37.1872,37.0265,37.0821,29.1242,29.1976,30.3361,37.1492,29.7301,34.3005

4144.9270,37.1844,37.2683,37.2109,37.0278,37.0960,29.1390,29.2180,30.3509,37.1575,29.7449,34.3119

4145.9270,37.1802,37.2938,37.1705,37.0365,37.0911,29.1690,29.1963,30.3489,37.1544,29.7590,34.3108

4146.9270,37.1853,37.2769,37.1965,37.0405,37.0961,29.1437,29.2011,30.3523,37.1591,29.7480,34.3116

4147.9270,37.1877,37.3062,37.1880,37.0512,37.0983,29.1376,29.1978,30.3594,37.1663,29.7485,34.3158

4148.9280,37.1730,37.2852,37.1736,37.0424,37.1012,29.1316,29.1980,30.3628,37.1551,29.7472,34.3085

4149.9280,37.1913,37.2912,37.1950,37.0464,37.1058,29.1238,29.1793,30.3761,37.1659,29.7500,34.3136

4150.9270,37.2017,37.2926,37.2058,37.0526,37.0862,29.1403,29.1803,30.3569,37.1678,29.7486,34.3146

4151.9270,37.1987,37.3041,37.1911,37.0524,37.0916,29.1387,29.1801,30.3699,37.1676,29.7543,34.3158

4152.9270,37.1758,37.2975,37.2078,37.0388,37.1018,29.1279,29.1552,30.3417,37.1643,29.7348,34.3058

4153.9270,37.1736,37.3046,37.2028,37.0389,37.1020,29.1304,29.1530,30.3550,37.1644,29.7427,34.3075

4154.9270,37.1845,37.2917,37.2109,37.0591,37.1049,29.1442,29.1645,30.3505,37.1702,29.7474,34.3138

4155.9270,37.1992,37.2997,37.2082,37.0527,37.0971,29.1299,29.1685,30.3761,37.1714,29.7530,34.3164

4156.9280,37.1975,37.3114,37.2064,37.0368,37.1130,29.1380,29.1530,30.3433,37.1730,29.7406,34.3124

4157.9270,37.1940,37.3123,37.1993,37.0662,37.1167,29.1444,29.1416,30.3469,37.1777,29.7456,34.3152

4158.9270,37.1855,37.3005,37.2001,37.0563,37.1207,29.1368,29.1627,30.3595,37.1726,29.7482,34.3153

4159.9270,37.1870,37.3017,37.2041,37.0593,37.1153,29.1256,29.1708,30.3422,37.1735,29.7339,34.3133

4160.9270,37.1993,37.3095,37.1993,37.0685,37.1077,29.1332,29.1417,30.3287,37.1768,29.7310,34.3110

4161.9270,37.1902,37.3252,37.2136,37.0805,37.1197,29.1274,29.1579,30.3581,37.1859,29.7427,34.3216

4162.9270,37.2066,37.3114,37.2026,37.0751,37.1022,29.1415,29.1373,30.3389,37.1796,29.7402,34.3144

4163.9270,37.2014,37.2931,37.2197,37.0614,37.1333,29.1452,29.1462,30.3487,37.1818,29.7470,34.3186

4164.9270,37.2100,37.3138,37.2036,37.0569,37.1092,29.1430,29.1628,30.3521,37.1787,29.7476,34.3189

4165.9270,37.1963,37.3118,37.2188,37.0694,37.1394,29.1495,29.1463,30.3478,37.1871,29.7487,34.3224

4166.9280,37.1933,37.3239,37.2128,37.0741,37.1143,29.1442,29.1239,30.3246,37.1837,29.7344,34.3139

4167.9270,37.2249,37.3115,37.2163,37.0724,37.1252,29.1275,29.1308,30.3512,37.1901,29.7394,34.3200

4168.9280,37.1964,37.3286,37.2212,37.0820,37.1213,29.1421,29.1261,30.3394,37.1899,29.7408,34.3197

4169.9290,37.2095,37.3126,37.2052,37.0656,37.1328,29.1313,29.1265,30.3596,37.1851,29.7454,34.3179

4170.9270,37.2198,37.3037,37.2299,37.0726,37.1183,29.1591,29.1525,30.3395,37.1889,29.7493,34.3244

4171.9270,37.2036,37.3055,37.2313,37.0776,37.1313,29.1272,29.1587,30.3514,37.1899,29.7393,34.3233

4172.9270,37.2167,37.3311,37.2321,37.0742,37.1559,29.1357,29.1409,30.3542,37.2020,29.7449,34.3301

4173.9270,37.2344,37.3332,37.2258,37.0945,37.1436,29.1300,29.1074,30.3715,37.2063,29.7507,34.3300

4174.9270,37.2266,37.3316,37.2363,37.0934,37.1429,29.1612,29.0892,30.3524,37.2062,29.7568,34.3292

4175.9280,37.2345,37.3422,37.2362,37.0965,37.1241,29.1537,29.0459,30.3637,37.2067,29.7587,34.3246

4176.9270,37.2197,37.3298,37.2490,37.0785,37.1238,29.1298,29.0069,30.3323,37.2002,29.7310,34.3087

4177.9280,37.2359,37.3400,37.2344,37.0999,37.1317,29.1490,28.9852,30.3595,37.2084,29.7542,34.3170

4178.9270,37.2230,37.3326,37.2546,37.0762,37.1346,29.1505,28.9717,30.3417,37.2042,29.7461,34.3106

4179.9270,37.2255,37.3205,37.2514,37.0641,37.1468,29.1460,28.9577,30.3485,37.2016,29.7472,34.3075

4180.9270,37.2234,37.3387,37.2374,37.1215,37.1398,29.1571,28.9519,30.3366,37.2122,29.7468,34.3133

4181.9280,37.2426,37.3383,37.2402,37.0870,37.1379,29.1458,28.9260,30.3328,37.2092,29.7393,34.3063

4182.9270,37.2555,37.3501,37.2516,37.0910,37.1456,29.1512,28.9296,30.3335,37.2188,29.7424,34.3135

4183.9270,37.2443,37.3343,37.2507,37.0966,37.1591,29.1555,28.9113,30.3247,37.2170,29.7401,34.3096

4184.9280,37.2641,37.3408,37.2199,37.0905,37.1400,29.1322,28.9228,30.3197,37.2111,29.7260,34.3037

4185.9270,37.2451,37.3415,37.2486,37.0819,37.1734,29.1465,28.9352,30.3156,37.2181,29.7310,34.3110

4186.9270,37.2362,37.3346,37.2645,37.0950,37.1473,29.1309,28.9615,30.3287,37.2155,29.7298,34.3124

4187.9280,37.2659,37.3463,37.2646,37.1016,37.1366,29.1491,28.9933,30.3436,37.2230,29.7464,34.3252

4188.9270,37.2511,37.3622,37.2623,37.1002,37.1707,29.1469,29.0307,30.3386,37.2293,29.7427,34.3328

4189.9280,37.2497,37.3461,37.2639,37.1037,37.1700,29.1643,29.0480,30.3353,37.2267,29.7498,34.3351

4190.9270,37.2439,37.3739,37.2679,37.1011,37.1679,29.1523,29.0432,30.3506,37.2309,29.7515,34.3376

4191.9270,37.2441,37.3675,37.2685,37.1112,37.1284,29.1520,29.0575,30.3503,37.2240,29.7512,34.3350

4192.9280,37.2268,37.3409,37.2769,37.1069,37.1699,29.1821,29.0715,30.3460,37.2243,29.7641,34.3401

4193.9280,37.2623,37.3610,37.2755,37.1060,37.1611,29.1610,29.0763,30.3320,37.2332,29.7465,34.3419

4194.9270,37.2700,37.3529,37.2801,37.1078,37.1568,29.1635,29.0506,30.3317,37.2335,29.7476,34.3392

4195.9270,37.2735,37.3660,37.2530,37.1171,37.1596,29.1619,29.0650,30.3207,37.2338,29.7413,34.3396

4196.9270,37.2421,37.3572,37.2605,37.1073,37.1597,29.1528,29.0568,30.3360,37.2254,29.7444,34.3340

4197.9270,37.2702,37.3512,37.2555,37.1140,37.1677,29.1745,29.0414,30.3404,37.2317,29.7575,34.3393

4198.9270,37.2650,37.3518,37.2594,37.1230,37.1510,29.1896,29.0546,30.3201,37.2300,29.7549,34.3393

4199.9270,37.2689,37.3711,37.2628,37.1218,37.1745,29.1977,29.0486,30.3372,37.2398,29.7675,34.3478

4200.9270,37.2577,37.3694,37.2466,37.1191,37.1737,29.1785,29.0481,30.3471,37.2333,29.7628,34.3425

4201.9270,37.2672,37.3464,37.2642,37.1017,37.1918,29.1824,29.0619,30.3454,37.2343,29.7639,34.3451

4202.9270,37.2677,37.3529,37.2787,37.0947,37.1783,29.1820,29.0267,30.3341,37.2345,29.7581,34.3394

4203.9280,37.2548,37.3904,37.2704,37.1363,37.1751,29.1934,29.0263,30.3441,37.2454,29.7687,34.3489

4204.9270,37.2834,37.3749,37.2834,37.1148,37.1848,29.1865,29.0265,30.3213,37.2483,29.7539,34.3469

4205.9270,37.2776,37.3769,37.2803,37.1257,37.1705,29.2089,29.0334,30.3446,37.2462,29.7767,34.3522

4206.9270,37.2716,37.3795,37.2693,37.1166,37.1965,29.1816,29.0498,30.3408,37.2467,29.7612,34.3507

4207.9270,37.2582,37.3644,37.2790,37.1351,37.1879,29.2048,29.0957,30.3227,37.2449,29.7638,34.3560

4208.9270,37.2847,37.3685,37.2737,37.1392,37.1883,29.2193,29.1073,30.3437,37.2509,29.7815,34.3656

4209.9280,37.2857,37.3781,37.2861,37.1260,37.1876,29.2175,29.1497,30.3522,37.2527,29.7848,34.3729

4210.9270,37.2723,37.3826,37.2790,37.1309,37.1832,29.2237,29.1837,30.3514,37.2496,29.7876,34.3759

4211.9280,37.2807,37.3948,37.2870,37.1286,37.1852,29.2144,29.1800,30.3242,37.2553,29.7693,34.3744

4212.9270,37.2573,37.3984,37.2700,37.1322,37.1990,29.2237,29.1950,30.3382,37.2514,29.7809,34.3767

4213.9270,37.2831,37.3795,37.3034,37.1436,37.1964,29.2276,29.1641,30.3285,37.2612,29.7780,34.3783

4214.9270,37.2786,37.3901,37.3019,37.1501,37.1809,29.2226,29.1275,30.3324,37.2603,29.7775,34.3730

4215.9270,37.2861,37.3785,37.2940,37.1343,37.1996,29.2494,29.1308,30.3399,37.2585,29.7947,34.3766

4216.9270,37.2873,37.3844,37.2900,37.1583,37.1943,29.2398,29.0657,30.3571,37.2629,29.7985,34.3721

4217.9270,37.3036,37.3767,37.2894,37.1320,37.2156,29.2058,29.0364,30.3425,37.2634,29.7742,34.3627

4218.9270,37.2915,37.3719,37.2939,37.1533,37.2014,29.2243,29.0346,30.3402,37.2624,29.7822,34.3639

4219.9270,37.2887,37.3889,37.2922,37.1460,37.2133,29.2191,29.0191,30.3533,37.2658,29.7862,34.3651

4220.9270,37.2961,37.3833,37.2890,37.1545,37.2054,29.2261,29.0073,30.3345,37.2657,29.7803,34.3620

4221.9280,37.2990,37.3957,37.2939,37.1547,37.2061,29.2313,29.0172,30.3350,37.2699,29.7832,34.3666

4222.9280,37.2835,37.3964,37.2820,37.1485,37.2120,29.2100,29.0152,30.3462,37.2645,29.7781,34.3617

4223.9270,37.3075,37.3882,37.2972,37.1533,37.2047,29.2173,29.0117,30.3577,37.2702,29.7875,34.3672

4224.9270,37.3079,37.3944,37.3048,37.1647,37.1960,29.2332,29.0304,30.3440,37.2736,29.7886,34.3719

4225.9270,37.3082,37.3965,37.2877,37.1821,37.1943,29.2232,29.0548,30.3603,37.2738,29.7918,34.3759

4226.9270,37.2871,37.3939,37.3089,37.1502,37.2020,29.2142,29.0340,30.3367,37.2684,29.7755,34.3659

4227.9270,37.2835,37.3751,37.2962,37.1566,37.2136,29.2341,29.0364,30.3514,37.2650,29.7927,34.3684

4228.9280,37.2966,37.4114,37.3199,37.1508,37.2325,29.2167,29.0662,30.3585,37.2823,29.7876,34.3816

4229.9270,37.3104,37.4014,37.3132,37.1581,37.2258,29.2259,29.0654,30.3423,37.2818,29.7841,34.3803

4230.9270,37.3065,37.3958,37.3206,37.1670,37.2314,29.2332,29.0949,30.3632,37.2842,29.7982,34.3891

4231.9280,37.3027,37.3994,37.3214,37.1748,37.2224,29.2407,29.1019,30.3383,37.2841,29.7895,34.3877

4232.9280,37.2950,37.4198,37.3161,37.1760,37.2316,29.2461,29.0871,30.3404,37.2877,29.7933,34.3890

4233.9270,37.2973,37.4148,37.2981,37.1678,37.2285,29.2471,29.0899,30.3592,37.2813,29.8031,34.3878

4234.9290,37.3032,37.4173,37.3346,37.1731,37.2160,29.2243,29.1033,30.3322,37.2888,29.7782,34.3880

4235.9280,37.3209,37.4180,37.3176,37.1822,37.2443,29.2345,29.1014,30.3603,37.2966,29.7974,34.3974

4236.9270,37.3021,37.3853,37.3105,37.1574,37.2162,29.2496,29.0952,30.3627,37.2743,29.8061,34.3849

4237.9270,37.3419,37.3822,37.3070,37.1674,37.2108,29.2393,29.0803,30.3585,37.2819,29.7989,34.3859

4238.9280,37.3050,37.4151,37.3194,37.1816,37.2236,29.2345,29.0731,30.3589,37.2889,29.7967,34.3889

4239.9270,37.3263,37.4218,37.3121,37.1608,37.2112,29.2236,29.0617,30.3437,37.2864,29.7836,34.3827

4240.9270,37.3118,37.4168,37.3304,37.1725,37.2454,29.2358,29.0560,30.3611,37.2954,29.7985,34.3912

4241.9270,37.3162,37.4079,37.3267,37.1642,37.2282,29.2332,29.0492,30.3675,37.2886,29.8003,34.3866

4242.9280,37.3128,37.4176,37.3345,37.1692,37.2215,29.2222,29.0538,30.3626,37.2911,29.7924,34.3868

4243.9270,37.3250,37.4099,37.3394,37.1619,37.2334,29.2265,29.0623,30.3744,37.2939,29.8004,34.3916

4244.9270,37.3303,37.4184,37.3171,37.1681,37.2335,29.2206,29.0747,30.3534,37.2935,29.7870,34.3895

4245.9280,37.3153,37.4315,37.3293,37.1733,37.2256,29.2332,29.0906,30.3336,37.2950,29.7834,34.3916

4246.9270,37.3254,37.4132,37.3306,37.1513,37.2311,29.2217,29.0885,30.3663,37.2903,29.7940,34.3910

4247.9280,37.3315,37.4180,37.3536,37.2009,37.2270,29.2288,29.1135,30.3771,37.3062,29.8030,34.4063

4248.9270,37.3113,37.4307,37.3252,37.1818,37.2411,29.2410,29.1403,30.3508,37.2980,29.7959,34.4028

4249.9270,37.3460,37.4292,37.3363,37.1780,37.2532,29.2284,29.1394,30.3382,37.3085,29.7833,34.4061

4250.9270,37.3224,37.4364,37.3445,37.1759,37.2389,29.2154,29.1199,30.3638,37.3036,29.7896,34.4021

4251.9280,37.3492,37.4298,37.3434,37.1846,37.2411,29.2344,29.1573,30.3532,37.3096,29.7938,34.4116

4252.9270,37.3344,37.4341,37.3389,37.1955,37.2459,29.2369,29.1277,30.3782,37.3098,29.8075,34.4114

4253.9270,37.3344,37.4392,37.3486,37.1852,37.2440,29.2246,29.1192,30.3678,37.3103,29.7962,34.4079

4254.9280,37.3443,37.4375,37.3376,37.2134,37.2404,29.2521,29.1462,30.3769,37.3146,29.8145,34.4185

4255.9270,37.3356,37.4237,37.3369,37.1879,37.2374,29.2344,29.1426,30.3747,37.3043,29.8046,34.4092

4256.9270,37.3389,37.4301,37.3564,37.1817,37.2307,29.2321,29.1469,30.3762,37.3076,29.8041,34.4116

4257.9270,37.3414,37.4303,37.3360,37.1921,37.2430,29.2524,29.1399,30.3824,37.3086,29.8174,34.4147

4258.9270,37.3415,37.4441,37.3423,37.1910,37.2325,29.2516,29.1627,30.3746,37.3103,29.8131,34.4175

4259.9270,37.3487,37.4410,37.3490,37.2019,37.2458,29.2608,29.1587,30.3720,37.3173,29.8164,34.4222

4260.9270,37.3490,37.4355,37.3486,37.1973,37.2319,29.2587,29.1495,30.3703,37.3125,29.8145,34.4176

4261.9270,37.3579,37.4337,37.3511,37.1946,37.2558,29.2714,29.1627,30.3586,37.3186,29.8150,34.4232

4262.9280,37.3404,37.4370,37.3492,37.1877,37.2549,29.2576,29.1988,30.3645,37.3139,29.8111,34.4238

4263.9270,37.3349,37.4469,37.3540,37.1975,37.2788,29.2750,29.2129,30.3791,37.3224,29.8271,34.4349

4264.9270,37.3498,37.4485,37.3603,37.2062,37.2515,29.2543,29.2129,30.3660,37.3233,29.8102,34.4312

4265.9280,37.3473,37.4140,37.3477,37.2011,37.2665,29.2730,29.2095,30.3724,37.3153,29.8227,34.4289

4266.9270,37.3693,37.4332,37.3720,37.2109,37.2567,29.2806,29.2298,30.3744,37.3285,29.8275,34.4409

4267.9270,37.3493,37.4271,37.3556,37.1987,37.2758,29.2740,29.2533,30.3777,37.3213,29.8258,34.4389

4268.9270,37.3483,37.4521,37.3750,37.1892,37.2737,29.2867,29.2584,30.3687,37.3277,29.8277,34.4440

4269.9280,37.3497,37.4423,37.3615,37.2186,37.2770,29.2688,29.2956,30.3767,37.3299,29.8228,34.4488

4270.9270,37.3631,37.4456,37.3643,37.2186,37.2499,29.2833,29.2946,30.3742,37.3283,29.8288,34.4492

4271.9270,37.3654,37.4653,37.3701,37.1959,37.2617,29.2630,29.2926,30.3761,37.3317,29.8195,34.4488

4272.9270,37.3628,37.4398,37.3772,37.2002,37.2558,29.2791,29.2848,30.4002,37.3271,29.8396,34.4500

4273.9270,37.3618,37.4521,37.3396,37.1878,37.2607,29.2547,29.3074,30.3861,37.3204,29.8204,34.4438

4274.9270,37.3686,37.4386,37.3667,37.2177,37.2728,29.2676,29.3137,30.3891,37.3329,29.8283,34.4543

4275.9270,37.3589,37.4584,37.3716,37.2347,37.2628,29.2705,29.3242,30.3831,37.3373,29.8268,34.4580

4276.9270,37.3721,37.4585,37.3740,37.2166,37.2535,29.2904,29.3153,30.3818,37.3349,29.8361,34.4578

4277.9270,37.3760,37.4688,37.3777,37.2344,37.2647,29.2797,29.2849,30.3679,37.3443,29.8238,34.4568

4278.9270,37.3642,37.4600,37.3867,37.2018,37.2695,29.2862,29.2867,30.4082,37.3364,29.8472,34.4579

4279.9270,37.3679,37.4682,37.3548,37.2245,37.2880,29.2735,29.2674,30.3786,37.3407,29.8260,34.4529

4280.9270,37.3550,37.4657,37.3593,37.2299,37.2906,29.2817,29.2224,30.3933,37.3401,29.8375,34.4497

4281.9270,37.3767,37.4647,37.3797,37.2204,37.2952,29.2697,29.2334,30.3705,37.3473,29.8201,34.4513

4282.9280,37.3929,37.4705,37.3570,37.2277,37.2795,29.2549,29.2290,30.3906,37.3455,29.8227,34.4503

4283.9270,37.3763,37.4704,37.3896,37.2299,37.3028,29.2740,29.1992,30.4068,37.3538,29.8404,34.4561

4284.9270,37.3575,37.4828,37.3679,37.2120,37.2829,29.2564,29.2173,30.3958,37.3406,29.8261,34.4466

4285.9270,37.3686,37.4659,37.3823,37.2319,37.2870,29.2667,29.2116,30.3746,37.3471,29.8206,34.4486

4286.9270,37.3867,37.4730,37.3698,37.2367,37.2979,29.2840,29.2571,30.3895,37.3528,29.8367,34.4618

4287.9270,37.3825,37.4773,37.3839,37.2233,37.2803,29.2703,29.2717,30.4073,37.3495,29.8388,34.4621

4288.9270,37.3816,37.4640,37.3707,37.2306,37.2623,29.2478,29.2440,30.3816,37.3419,29.8147,34.4478

4289.9270,37.3742,37.4779,37.3850,37.2356,37.3061,29.2606,29.2766,30.3957,37.3558,29.8282,34.4640

4290.9280,37.3727,37.4720,37.3847,37.2175,37.2861,29.2609,29.2905,30.3815,37.3466,29.8212,34.4582

4291.9280,37.3801,37.4593,37.3776,37.2389,37.2907,29.2745,29.3060,30.3895,37.3493,29.8320,34.4646

4292.9270,37.4009,37.4756,37.3841,37.2352,37.2907,29.2837,29.3068,30.3986,37.3573,29.8412,34.4720

4293.9280,37.3873,37.4764,37.3816,37.2196,37.2709,29.2959,29.2775,30.3803,37.3472,29.8381,34.4612

4294.9270,37.4029,37.4769,37.3798,37.2379,37.3060,29.3097,29.2448,30.3950,37.3607,29.8524,34.4691

4295.9270,37.4077,37.4720,37.3991,37.2562,37.2880,29.2679,29.2091,30.3961,37.3646,29.8320,34.4620

4296.9270,37.3835,37.4912,37.4109,37.2582,37.3096,29.2901,29.1984,30.4051,37.3707,29.8476,34.4684

4297.9270,37.4061,37.4935,37.4030,37.2479,37.3086,29.2904,29.1610,30.3997,37.3718,29.8450,34.4638

4298.9270,37.3935,37.4933,37.3756,37.2561,37.3047,29.2969,29.1327,30.3921,37.3646,29.8445,34.4556

4299.9270,37.3970,37.4769,37.4027,37.2355,37.2962,29.2916,29.1090,30.3830,37.3617,29.8373,34.4490

4300.9270,37.4030,37.4603,37.3917,37.2376,37.2815,29.3135,29.0750,30.3955,37.3548,29.8545,34.4447

4301.9270,37.3996,37.4913,37.4077,37.2625,37.2900,29.3026,29.1045,30.4049,37.3702,29.8537,34.4579

4302.9270,37.4098,37.5008,37.4088,37.2547,37.2916,29.2781,29.1430,30.3958,37.3731,29.8370,34.4603

4303.9270,37.3962,37.4850,37.3977,37.2492,37.3057,29.2893,29.1340,30.4207,37.3668,29.8550,34.4597

4304.9280,37.4067,37.5010,37.4067,37.2297,37.3044,29.3116,29.1234,30.4232,37.3697,29.8674,34.4633

4305.9280,37.4139,37.4930,37.3898,37.2492,37.3141,29.3124,29.1449,30.3915,37.3720,29.8519,34.4636

4306.9270,37.3981,37.4907,37.4048,37.2521,37.3072,29.3054,29.1731,30.3963,37.3706,29.8508,34.4659

4307.9270,37.4043,37.4959,37.4160,37.2502,37.3259,29.3026,29.1944,30.3808,37.3785,29.8417,34.4713

4308.9280,37.4020,37.4795,37.4043,37.2633,37.2950,29.3012,29.2212,30.4063,37.3688,29.8537,34.4716

4309.9280,37.4059,37.4781,37.3838,37.2619,37.3030,29.2901,29.2285,30.3848,37.3666,29.8375,34.4670

4310.9270,37.4227,37.4952,37.4130,37.2631,37.3163,29.3216,29.2548,30.4097,37.3820,29.8657,34.4870

4311.9270,37.4344,37.5075,37.4109,37.2685,37.3105,29.3033,29.2953,30.4121,37.3864,29.8577,34.4928

4312.9270,37.3995,37.4954,37.3926,37.2694,37.3109,29.3261,29.3162,30.4024,37.3736,29.8642,34.4891

4313.9280,37.4365,37.5017,37.4242,37.2542,37.3051,29.3238,29.3021,30.4128,37.3844,29.8683,34.4951

4314.9270,37.4058,37.5050,37.3943,37.2664,37.3177,29.3362,29.2924,30.3909,37.3778,29.8635,34.4886

4315.9270,37.4170,37.5031,37.4308,37.2529,37.3196,29.3507,29.3032,30.4091,37.3847,29.8799,34.4983

4316.9270,37.4234,37.4865,37.3977,37.2441,37.3034,29.3492,29.2937,30.3968,37.3710,29.8730,34.4869

4317.9280,37.4415,37.5082,37.4069,37.2742,37.3284,29.3477,29.3232,30.4000,37.3918,29.8739,34.5038

4318.9270,37.4148,37.5193,37.4329,37.2686,37.3381,29.3428,29.3165,30.3915,37.3947,29.8672,34.5031

4319.9270,37.4269,37.5187,37.4379,37.2885,37.3151,29.3278,29.3339,30.3928,37.3974,29.8603,34.5052

4320.9280,37.4298,37.5143,37.4265,37.2538,37.3369,29.3443,29.3603,30.3929,37.3923,29.8686,34.5074

4321.9270,37.3908,37.5049,37.4414,37.2490,37.3223,29.3497,29.3723,30.4228,37.3817,29.8863,34.5067

4322.9270,37.4277,37.5216,37.4226,37.2479,37.3311,29.3484,29.3611,30.3763,37.3902,29.8623,34.5046

4323.9270,37.4395,37.5069,37.4224,37.2678,37.3308,29.3480,29.4002,30.4079,37.3935,29.8779,34.5154

4324.9280,37.4417,37.5119,37.4264,37.2826,37.3200,29.3714,29.4067,30.4030,37.3965,29.8872,34.5205

4325.9270,37.4191,37.4999,37.4270,37.2898,37.3262,29.3759,29.4229,30.4066,37.3924,29.8912,34.5209

4326.9270,37.4148,37.5249,37.4124,37.2634,37.3223,29.3560,29.4318,30.4004,37.3876,29.8782,34.5158

4327.9270,37.4208,37.5305,37.4357,37.2765,37.3041,29.3851,29.4378,30.4036,37.3935,29.8943,34.5243

4328.9270,37.4362,37.5366,37.4338,37.2952,37.3278,29.3790,29.4703,30.4220,37.4059,29.9005,34.5376

4329.9270,37.4282,37.5241,37.4224,37.2827,37.3514,29.3719,29.4904,30.4012,37.4018,29.8866,34.5340

4330.9270,37.4193,37.5154,37.4225,37.2908,37.3300,29.3718,29.5002,30.3983,37.3956,29.8851,34.5310

4331.9270,37.4429,37.5317,37.4355,37.2735,37.3459,29.3895,29.4784,30.4004,37.4059,29.8950,34.5372

4332.9270,37.4283,37.5222,37.4391,37.2780,37.3317,29.3983,29.4740,30.3984,37.3998,29.8984,34.5337

4333.9280,37.4295,37.5087,37.4158,37.2954,37.3187,29.3981,29.4946,30.4015,37.3936,29.8998,34.5328

4334.9270,37.4447,37.5165,37.4460,37.2910,37.3396,29.3936,29.4868,30.3966,37.4075,29.8951,34.5393

4335.9280,37.4408,37.5358,37.4364,37.3024,37.3341,29.3856,29.5140,30.4050,37.4099,29.8953,34.5443

4336.9270,37.4533,37.5105,37.4438,37.3238,37.3476,29.3830,29.5133,30.4095,37.4158,29.8963,34.5481

4337.9270,37.4517,37.5365,37.4384,37.2778,37.3600,29.3856,29.5056,30.3985,37.4129,29.8921,34.5443

4338.9280,37.4471,37.5149,37.4233,37.2982,37.3468,29.3866,29.5014,30.3915,37.4060,29.8891,34.5387

4339.9270,37.4383,37.5423,37.4326,37.2986,37.3359,29.3938,29.4700,30.4146,37.4095,29.9042,34.5407

4340.9270,37.4437,37.5350,37.4407,37.2833,37.3398,29.3659,29.4562,30.4272,37.4085,29.8965,34.5365

4341.9270,37.4605,37.5382,37.4537,37.2917,37.3369,29.3813,29.4251,30.4102,37.4162,29.8958,34.5372

4342.9270,37.4430,37.5239,37.4511,37.2755,37.3488,29.3957,29.3953,30.4147,37.4085,29.9052,34.5310

4343.9280,37.4432,37.5363,37.4583,37.2987,37.3491,29.4030,29.3917,30.4003,37.4171,29.9016,34.5351

4344.9270,37.4480,37.5394,37.4311,37.3036,37.3335,29.3900,29.3471,30.4084,37.4111,29.8992,34.5251

4345.9270,37.4602,37.5279,37.4392,37.3014,37.3509,29.3933,29.3519,30.4136,37.4159,29.9035,34.5298

4346.9280,37.4541,37.5548,37.4619,37.2798,37.3498,29.3867,29.3284,30.4099,37.4201,29.8983,34.5282

4347.9270,37.4718,37.5490,37.4617,37.2978,37.3473,29.4073,29.3264,30.4098,37.4255,29.9086,34.5339

4348.9270,37.4657,37.5447,37.4593,37.3215,37.3570,29.4182,29.2850,30.4094,37.4296,29.9138,34.5326

4349.9270,37.4597,37.5474,37.4544,37.2976,37.3709,29.4051,29.2493,30.4264,37.4260,29.9157,34.5263

4350.9270,37.4544,37.5200,37.4588,37.2903,37.3571,29.4058,29.2030,30.4158,37.4161,29.9108,34.5132

4351.9280,37.4528,37.5355,37.4757,37.3081,37.3567,29.4188,29.1864,30.4189,37.4258,29.9188,34.5191

4352.9270,37.4595,37.5288,37.4662,37.2995,37.3602,29.4138,29.1555,30.4139,37.4228,29.9139,34.5122

4353.9270,37.4484,37.5322,37.4486,37.3085,37.3655,29.4134,29.1376,30.4036,37.4206,29.9085,34.5072

4354.9270,37.4479,37.5468,37.4684,37.2961,37.3750,29.4223,29.1316,30.3938,37.4268,29.9080,34.5102

4355.9270,37.4692,37.5445,37.4642,37.3069,37.3699,29.4358,29.1253,30.4007,37.4309,29.9182,34.5146

4356.9270,37.4664,37.5423,37.4410,37.3191,37.3654,29.4357,29.0932,30.4250,37.4268,29.9304,34.5110

4357.9270,37.4790,37.5396,37.4574,37.3117,37.3687,29.4132,29.1295,30.4063,37.4313,29.9097,34.5132

4358.9280,37.4379,37.5545,37.4700,37.3117,37.3804,29.4296,29.1426,30.4090,37.4309,29.9193,34.5170

4359.9280,37.4681,37.5461,37.4560,37.3089,37.3715,29.4333,29.1594,30.3967,37.4301,29.9150,34.5175

4360.9270,37.4736,37.5409,37.4741,37.3238,37.3952,29.4275,29.2022,30.4206,37.4415,29.9241,34.5323

4361.9270,37.4702,37.5631,37.4697,37.3292,37.3759,29.3958,29.2269,30.3927,37.4416,29.8943,34.5279

4362.9270,37.4500,37.5713,37.4653,37.3121,37.3672,29.4338,29.2419,30.4236,37.4332,29.9287,34.5331

4363.9280,37.4966,37.5595,37.4820,37.3214,37.3653,29.4332,29.2770,30.4122,37.4449,29.9227,34.5434

4364.9280,37.4695,37.5558,37.4554,37.3209,37.3793,29.4356,29.3189,30.4000,37.4362,29.9178,34.5419

4365.9270,37.4685,37.5650,37.4875,37.3125,37.3573,29.4355,29.3043,30.4178,37.4382,29.9266,34.5435

4366.9270,37.5032,37.5552,37.4725,37.3110,37.3861,29.4494,29.3073,30.4255,37.4456,29.9374,34.5513

4367.9280,37.4860,37.5662,37.4808,37.3066,37.3818,29.4240,29.3154,30.4260,37.4443,29.9250,34.5484

4368.9280,37.4898,37.5575,37.4660,37.2979,37.3814,29.4607,29.3121,30.3884,37.4385,29.9246,34.5442

4369.9270,37.4733,37.5520,37.4811,37.3330,37.3690,29.4611,29.3016,30.4179,37.4417,29.9395,34.5486

4370.9280,37.4871,37.5505,37.4720,37.3291,37.3800,29.4562,29.2670,30.4102,37.4437,29.9332,34.5440

4371.9270,37.4777,37.5693,37.4801,37.3340,37.3952,29.4660,29.2750,30.4256,37.4513,29.9458,34.5529

4372.9270,37.4877,37.5839,37.4906,37.3239,37.3846,29.4516,29.2813,30.4104,37.4541,29.9310,34.5518

4373.9270,37.4922,37.5676,37.5046,37.3355,37.3757,29.4749,29.2679,30.4134,37.4551,29.9442,34.5540

4374.9280,37.4916,37.5601,37.4742,37.3426,37.3953,29.4852,29.2970,30.4232,37.4528,29.9542,34.5587

4375.9270,37.4948,37.5666,37.4886,37.3177,37.3807,29.4747,29.3124,30.4005,37.4497,29.9376,34.5545

4376.9270,37.4814,37.5748,37.4987,37.3246,37.3853,29.4485,29.3544,30.4049,37.4530,29.9267,34.5591

4377.9280,37.5103,37.5630,37.4664,37.3455,37.4001,29.4701,29.3643,30.4077,37.4571,29.9389,34.5659

4378.9270,37.4919,37.5759,37.4756,37.3182,37.4074,29.4742,29.3984,30.4442,37.4538,29.9592,34.5732

4379.9270,37.4957,37.5616,37.4729,37.3370,37.3828,29.4653,29.3952,30.4174,37.4500,29.9414,34.5660

4380.9270,37.4915,37.5708,37.4914,37.3387,37.3962,29.4757,29.3933,30.3968,37.4577,29.9362,34.5693

4381.9280,37.4562,37.5810,37.4858,37.3256,37.3877,29.4716,29.4335,30.4148,37.4473,29.9432,34.5695

4382.9270,37.5116,37.5807,37.4821,37.3430,37.3953,29.4583,29.4832,30.4377,37.4625,29.9480,34.5865

4383.9270,37.4968,37.5853,37.4770,37.3453,37.3939,29.4678,29.5031,30.4115,37.4597,29.9396,34.5851

4384.9280,37.5096,37.5725,37.4665,37.3265,37.4054,29.4623,29.5545,30.4291,37.4561,29.9457,34.5908

4385.9270,37.4919,37.5878,37.4870,37.3287,37.3936,29.4756,29.6026,30.4000,37.4578,29.9378,34.5959

4386.9270,37.5056,37.5763,37.4867,37.3391,37.4106,29.4659,29.6221,30.4166,37.4637,29.9413,34.6029

4387.9270,37.4956,37.5776,37.5057,37.3461,37.3946,29.4717,29.6166,30.4046,37.4639,29.9382,34.6016

4388.9270,37.5181,37.5710,37.4954,37.3292,37.3871,29.4633,29.6205,30.4070,37.4601,29.9352,34.5989

4389.9270,37.5006,37.5717,37.4946,37.3261,37.3947,29.4688,29.6273,30.4134,37.4575,29.9411,34.5996

4390.9280,37.4968,37.5768,37.4726,37.3372,37.3970,29.4800,29.6136,30.4133,37.4561,29.9467,34.5984

4391.9270,37.5023,37.5730,37.4824,37.3489,37.4073,29.4870,29.6098,30.4180,37.4628,29.9525,34.6036

4392.9270,37.5135,37.5813,37.4992,37.3521,37.3946,29.4968,29.6121,30.3954,37.4681,29.9461,34.6056

4393.9270,37.5129,37.5704,37.4743,37.3501,37.4150,29.5113,29.6124,30.4112,37.4645,29.9613,34.6072

4394.9270,37.4899,37.5828,37.4848,37.3331,37.4045,29.5037,29.6255,30.3994,37.4590,29.9515,34.6030

4395.9270,37.5016,37.5614,37.5119,37.3387,37.4083,29.5070,29.6166,30.4173,37.4644,29.9622,34.6079

4396.9270,37.5185,37.6000,37.4996,37.3390,37.4436,29.5122,29.6294,30.4141,37.4801,29.9631,34.6195

4397.9270,37.4977,37.5968,37.5207,37.3633,37.4156,29.5304,29.6470,30.4256,37.4788,29.9780,34.6246

4398.9270,37.5070,37.5969,37.5199,37.3648,37.4045,29.5143,29.6601,30.4072,37.4786,29.9607,34.6218

4399.9270,37.4995,37.5988,37.4933,37.3630,37.4214,29.5030,29.6474,30.3936,37.4752,29.9483,34.6150

4400.9270,37.5027,37.5726,37.5026,37.3508,37.4022,29.5358,29.6318,30.4038,37.4662,29.9698,34.6128

4401.9280,37.5091,37.5843,37.5068,37.3635,37.4214,29.5094,29.6011,30.4253,37.4770,29.9674,34.6151

4402.9270,37.5106,37.5823,37.5029,37.3470,37.3979,29.5236,29.5796,30.3986,37.4681,29.9611,34.6053

4403.9280,37.4991,37.6074,37.5210,37.3548,37.4015,29.5346,29.5915,30.4120,37.4768,29.9733,34.6153

4404.9270,37.5195,37.5774,37.4933,37.3631,37.4182,29.5297,29.5862,30.4132,37.4743,29.9715,34.6126

4405.9270,37.5103,37.5917,37.5119,37.3662,37.4101,29.5332,29.6065,30.4077,37.4780,29.9704,34.6172

4406.9290,37.5164,37.6069,37.5276,37.3483,37.4062,29.5477,29.6644,30.4072,37.4811,29.9775,34.6281

4407.9270,37.4982,37.5852,37.5021,37.3466,37.4078,29.5365,29.6714,30.4185,37.4680,29.9775,34.6208

4408.9270,37.5292,37.5829,37.5110,37.3438,37.4045,29.5640,29.6778,30.4112,37.4743,29.9876,34.6281

4409.9270,37.5118,37.5833,37.5100,37.3573,37.4138,29.5610,29.6856,30.4252,37.4752,29.9931,34.6310

4410.9270,37.5069,37.5977,37.5248,37.3722,37.4090,29.5631,29.6901,30.4184,37.4821,29.9908,34.6353

4411.9270,37.5200,37.5946,37.5026,37.3514,37.4130,29.5552,29.7043,30.4006,37.4763,29.9779,34.6302

4412.9270,37.5202,37.6071,37.5105,37.3774,37.4278,29.5727,29.7392,30.4021,37.4886,29.9874,34.6446

4413.9270,37.5355,37.6031,37.5396,37.3743,37.4182,29.5755,29.7505,30.4035,37.4941,29.9895,34.6500

4414.9280,37.5199,37.6043,37.5077,37.3784,37.4274,29.5654,29.7770,30.3891,37.4875,29.9772,34.6461

4415.9270,37.5097,37.6028,37.5187,37.3614,37.4239,29.5749,29.7884,30.4057,37.4833,29.9903,34.6482

4416.9270,37.5475,37.6308,37.5225,37.3576,37.4197,29.5579,29.7945,30.3967,37.4956,29.9773,34.6534

4417.9270,37.5440,37.6014,37.5445,37.3726,37.4338,29.5545,29.7948,30.4031,37.4993,29.9788,34.6561

4418.9280,37.5171,37.5947,37.5261,37.3529,37.4215,29.5673,29.8100,30.4070,37.4825,29.9872,34.6496

4419.9270,37.5394,37.6050,37.5303,37.3618,37.4159,29.5601,29.7920,30.4055,37.4905,29.9828,34.6513

4420.9270,37.5409,37.5861,37.5156,37.3559,37.4152,29.5522,29.7403,30.4027,37.4827,29.9775,34.6386

4421.9270,37.5304,37.6042,37.5299,37.3777,37.4319,29.5825,29.7142,30.3945,37.4948,29.9885,34.6457

4422.9270,37.5277,37.6057,37.5249,37.3778,37.4376,29.5728,29.7077,30.3871,37.4947,29.9799,34.6427

4423.9280,37.5162,37.5895,37.5125,37.3706,37.4317,29.5894,29.6967,30.3995,37.4841,29.9945,34.6383

4424.9270,37.5076,37.6015,37.5478,37.3741,37.4119,29.5883,29.6800,30.4191,37.4886,30.0037,34.6413

4425.9280,37.5394,37.6269,37.5186,37.3832,37.4471,29.5677,29.6918,30.4013,37.5030,29.9845,34.6470

4426.9270,37.5366,37.6063,37.5265,37.3804,37.4383,29.5850,29.6744,30.4012,37.4976,29.9931,34.6436

4427.9270,37.5486,37.6064,37.5224,37.3809,37.4360,29.5802,29.6597,30.4096,37.4988,29.9949,34.6430

4428.9270,37.5436,37.6042,37.5249,37.3783,37.4301,29.5912,29.6538,30.4041,37.4962,29.9977,34.6413

4429.9270,37.5458,37.6190,37.5532,37.3758,37.4598,29.5887,29.6301,30.4143,37.5107,30.0015,34.6483

4430.9280,37.5300,37.6101,37.5200,37.3800,37.4070,29.5920,29.6151,30.4026,37.4894,29.9973,34.6321

4431.9270,37.5417,37.6102,37.5201,37.3754,37.4356,29.5826,29.6080,30.4120,37.4966,29.9973,34.6357

4432.9270,37.5373,37.6122,37.5328,37.3895,37.4278,29.5872,29.6258,30.4048,37.4999,29.9960,34.6397

4433.9280,37.5439,37.6191,37.5290,37.3843,37.4300,29.5764,29.6103,30.3964,37.5013,29.9864,34.6362

4434.9270,37.5260,37.6262,37.5356,37.3736,37.4408,29.5810,29.6346,30.4127,37.5004,29.9968,34.6413

4435.9270,37.5405,37.6263,37.5137,37.3886,37.4316,29.5927,29.6440,30.3859,37.5001,29.9893,34.6404

4436.9270,37.5542,37.6118,37.5348,37.3728,37.4503,29.6023,29.6451,30.4133,37.5048,30.0078,34.6481

4437.9280,37.5427,37.6127,37.5385,37.3802,37.4427,29.6185,29.6415,30.3933,37.5033,30.0059,34.6463

4438.9270,37.5471,37.6174,37.5366,37.4031,37.4241,29.5929,29.6234,30.4105,37.5057,30.0017,34.6444

4439.9270,37.5370,37.6156,37.5433,37.3817,37.4303,29.6179,29.6170,30.3885,37.5016,30.0032,34.6414

4440.9270,37.5725,37.6263,37.5315,37.3807,37.4484,29.6175,29.6081,30.3890,37.5119,30.0033,34.6467

4441.9270,37.5516,37.6144,37.5099,37.3908,37.4412,29.6185,29.5733,30.3990,37.5016,30.0087,34.6373

4442.9270,37.5407,37.6489,37.5453,37.3898,37.4299,29.5981,29.5788,30.3941,37.5109,29.9961,34.6407

4443.9270,37.5483,37.6069,37.5462,37.3921,37.4430,29.6067,29.5690,30.3947,37.5073,30.0007,34.6384

4444.9270,37.5604,37.6234,37.5468,37.3858,37.4418,29.6185,29.5564,30.3985,37.5116,30.0085,34.6414

4445.9270,37.5575,37.6177,37.5439,37.3922,37.4365,29.5892,29.5389,30.3885,37.5096,29.9888,34.6330

4446.9270,37.5436,37.6267,37.5273,37.3947,37.4516,29.6278,29.5267,30.3947,37.5088,30.0112,34.6366

4447.9270,37.5373,37.6130,37.5448,37.3865,37.4454,29.6271,29.5119,30.3996,37.5054,30.0134,34.6332

4448.9270,37.5428,37.6390,37.5461,37.3995,37.4299,29.6398,29.5193,30.3897,37.5115,30.0147,34.6383

4449.9270,37.5567,37.6250,37.5549,37.3962,37.4368,29.6317,29.4934,30.3990,37.5139,30.0153,34.6367

4450.9270,37.5402,37.6163,37.5495,37.3908,37.4468,29.6329,29.4922,30.4147,37.5087,30.0238,34.6354

4451.9270,37.5529,37.6325,37.5391,37.3911,37.4420,29.6377,29.4472,30.3994,37.5115,30.0186,34.6302

4452.9280,37.5504,37.6485,37.5267,37.3852,37.4441,29.6158,29.4620,30.3841,37.5110,30.0000,34.6271

4453.9270,37.5493,37.6189,37.5372,37.3925,37.4336,29.6477,29.4464,30.3943,37.5063,30.0210,34.6275

4454.9270,37.5383,37.6547,37.5394,37.4068,37.4558,29.6587,29.4433,30.3941,37.5190,30.0264,34.6364

4455.9270,37.5614,37.6245,37.5484,37.3920,37.4499,29.6214,29.4262,30.4004,37.5153,30.0109,34.6280

4456.9270,37.5390,37.5941,37.5675,37.3887,37.4494,29.6364,29.4016,30.3943,37.5077,30.0153,34.6214

4457.9270,37.5791,37.6373,37.5556,37.3983,37.4692,29.6438,29.3785,30.4031,37.5279,30.0235,34.6331

4458.9270,37.5476,37.6245,37.5395,37.3878,37.4737,29.6456,29.3916,30.3846,37.5146,30.0151,34.6244

4459.9270,37.5511,37.6469,37.5503,37.3980,37.4615,29.6477,29.3857,30.3999,37.5216,30.0238,34.6301

4460.9270,37.5636,37.6324,37.5633,37.4153,37.4610,29.6278,29.3644,30.3871,37.5271,30.0074,34.6268

4461.9270,37.5695,37.6479,37.5442,37.4018,37.4691,29.6436,29.3487,30.3813,37.5265,30.0125,34.6258

4462.9270,37.5653,37.6319,37.5344,37.4120,37.4527,29.6431,29.3703,30.3907,37.5193,30.0169,34.6251

4463.9280,37.5402,37.6205,37.5458,37.3936,37.4729,29.6386,29.3944,30.3965,37.5146,30.0175,34.6253

4464.9270,37.5557,37.6290,37.5571,37.3974,37.4586,29.6400,29.3846,30.3956,37.5196,30.0178,34.6273

4465.9270,37.5558,37.6332,37.5636,37.4133,37.4791,29.6416,29.4337,30.3934,37.5290,30.0175,34.6392

4466.9270,37.5660,37.6399,37.5409,37.4027,37.4462,29.6433,29.4594,30.3923,37.5191,30.0178,34.6363

4467.9280,37.5791,37.6360,37.5571,37.4203,37.4605,29.6410,29.4623,30.4078,37.5306,30.0244,34.6455

4468.9270,37.5599,37.6298,37.5439,37.4006,37.4585,29.6349,29.5079,30.3980,37.5185,30.0164,34.6417

4469.9280,37.5589,37.6316,37.5639,37.4075,37.4640,29.6423,29.5318,30.3978,37.5252,30.0201,34.6497

4470.9270,37.5711,37.6548,37.5447,37.4153,37.4732,29.6334,29.5492,30.3918,37.5318,30.0126,34.6542

4471.9270,37.5521,37.6121,37.5514,37.4011,37.4664,29.6426,29.5654,30.4009,37.5166,30.0218,34.6490

4472.9270,37.5709,37.6413,37.5657,37.4074,37.4606,29.6535,29.5608,30.3926,37.5292,30.0230,34.6566

4473.9270,37.5699,37.6313,37.5627,37.4021,37.4558,29.6440,29.5782,30.4038,37.5243,30.0239,34.6560

4474.9270,37.5579,37.6445,37.5502,37.4003,37.4507,29.6428,29.6014,30.3870,37.5207,30.0149,34.6543

4475.9270,37.5719,37.6468,37.5609,37.4138,37.4726,29.6248,29.6107,30.4231,37.5332,30.0240,34.6656

4476.9280,37.5770,37.6324,37.5559,37.4153,37.4676,29.6709,29.6187,30.3907,37.5296,30.0308,34.6661

4477.9290,37.5705,37.6351,37.5595,37.4138,37.4745,29.6484,29.6268,30.4138,37.5307,30.0311,34.6678

4478.9280,37.5696,37.6465,37.5610,37.4313,37.4621,29.6653,29.6625,30.3842,37.5341,30.0248,34.6728

4479.9270,37.5954,37.6232,37.5541,37.4131,37.4822,29.6504,29.6555,30.4082,37.5336,30.0293,34.6728

4480.9270,37.5581,37.6471,37.5658,37.4244,37.4860,29.6528,29.6688,30.3933,37.5363,30.0231,34.6745

4481.9280,37.5905,37.6397,37.5715,37.4049,37.4800,29.6474,29.6747,30.4175,37.5373,30.0324,34.6783

4482.9270,37.5807,37.6667,37.5785,37.4174,37.4576,29.6544,29.6789,30.4067,37.5402,30.0305,34.6801

4483.9270,37.5647,37.6403,37.5595,37.4251,37.4573,29.6500,29.7037,30.4009,37.5294,30.0255,34.6752

4484.9270,37.5802,37.6461,37.5691,37.4309,37.4697,29.6590,29.7136,30.3944,37.5392,30.0267,34.6829

4485.9270,37.5737,37.6516,37.5619,37.4322,37.4858,29.6737,29.7108,30.4024,37.5410,30.0380,34.6865

4486.9270,37.5899,37.6299,37.5654,37.4062,37.4697,29.7112,29.7206,30.4018,37.5322,30.0565,34.6868

4487.9270,37.5811,37.6611,37.5710,37.4323,37.4790,29.6774,29.7221,30.4151,37.5449,30.0462,34.6924

4488.9280,37.5490,37.6664,37.5642,37.4054,37.4568,29.6775,29.7185,30.4063,37.5284,30.0419,34.6805

4489.9270,37.5704,37.6442,37.5644,37.4323,37.4789,29.6877,29.7145,30.3991,37.5380,30.0434,34.6864

4490.9270,37.5911,37.6533,37.5697,37.4152,37.4861,29.6921,29.7128,30.3959,37.5431,30.0440,34.6895

4491.9270,37.5888,37.6651,37.5647,37.4307,37.4746,29.6856,29.6903,30.3758,37.5448,30.0307,34.6844

4492.9270,37.5812,37.6662,37.5723,37.4215,37.4790,29.6836,29.6934,30.4062,37.5440,30.0449,34.6879

4493.9270,37.5777,37.6520,37.5801,37.4129,37.4820,29.6763,29.6998,30.3914,37.5409,30.0339,34.6840

4494.9270,37.5787,37.6375,37.5796,37.4251,37.4713,29.6858,29.7149,30.4009,37.5384,30.0433,34.6867

4495.9270,37.6096,37.6358,37.5872,37.4159,37.5013,29.6723,29.7188,30.4024,37.5500,30.0373,34.6929

4496.9280,37.5791,37.6585,37.5586,37.4334,37.4792,29.6674,29.7304,30.4130,37.5417,30.0402,34.6899

4497.9270,37.5988,37.6570,37.5721,37.4409,37.4857,29.6844,29.7432,30.4071,37.5509,30.0458,34.6987

4498.9270,37.5859,37.6482,37.5963,37.4203,37.4722,29.6677,29.7471,30.4077,37.5446,30.0377,34.6932

4499.9270,37.5891,37.6593,37.5748,37.4198,37.4600,29.6549,29.7578,30.4062,37.5406,30.0305,34.6902

4500.9270,37.5811,37.6694,37.5924,37.4201,37.4766,29.6694,29.7644,30.3878,37.5479,30.0286,34.6952

4501.9270,37.5755,37.6648,37.5709,37.4327,37.4818,29.6647,29.7541,30.3944,37.5452,30.0296,34.6924

4502.9270,37.6015,37.6599,37.5852,37.4288,37.4974,29.6495,29.7760,30.4224,37.5546,30.0359,34.7026

4503.9270,37.6085,37.6605,37.5834,37.4224,37.4630,29.6631,29.7826,30.4139,37.5475,30.0385,34.6997

4504.9270,37.5611,37.6855,37.5861,37.4250,37.4820,29.6605,29.7752,30.4127,37.5479,30.0366,34.6985

4505.9270,37.6092,37.6533,37.5758,37.4334,37.4815,29.6732,29.7677,30.4080,37.5506,30.0406,34.7002

4506.9270,37.6206,37.6532,37.5874,37.4216,37.4888,29.6843,29.8056,30.4182,37.5543,30.0512,34.7100

4507.9270,37.5892,37.6857,37.5681,37.4228,37.4831,29.6799,29.8083,30.4002,37.5498,30.0401,34.7047

4508.9270,37.5828,37.6608,37.5880,37.4386,37.5025,29.6551,29.8080,30.4168,37.5545,30.0359,34.7066

4509.9280,37.5995,37.6717,37.5951,37.4327,37.4840,29.6644,29.8229,30.4034,37.5566,30.0339,34.7092

4510.9270,37.5816,37.6629,37.5966,37.4426,37.4981,29.6793,29.8190,30.4061,37.5564,30.0427,34.7108

4511.9270,37.6047,37.6793,37.5818,37.4380,37.4963,29.6730,29.8249,30.3895,37.5600,30.0312,34.7109

4512.9270,37.5998,37.6700,37.5832,37.4375,37.4898,29.6751,29.8157,30.4052,37.5560,30.0402,34.7095

4513.9280,37.5962,37.6501,37.5950,37.4428,37.4993,29.6875,29.7999,30.3969,37.5567,30.0422,34.7084

4514.9270,37.6054,37.6687,37.5898,37.4358,37.4913,29.6962,29.7644,30.4245,37.5582,30.0603,34.7095

4515.9270,37.5914,37.6769,37.5906,37.4444,37.4827,29.6934,29.7551,30.3963,37.5572,30.0449,34.7039

4516.9280,37.6124,37.6536,37.5850,37.4515,37.4874,29.6708,29.7625,30.4104,37.5580,30.0406,34.7042

4517.9270,37.6037,37.6641,37.5964,37.4442,37.4815,29.6978,29.7811,30.3988,37.5580,30.0483,34.7085

4518.9270,37.5999,37.6607,37.5846,37.4315,37.4884,29.6874,29.7683,30.4316,37.5530,30.0595,34.7065

4519.9280,37.6032,37.6845,37.5916,37.4389,37.5015,29.7072,29.7721,30.4096,37.5639,30.0584,34.7136

4520.9270,37.6149,37.6646,37.5927,37.4578,37.4760,29.6856,29.7891,30.4082,37.5612,30.0469,34.7111

4521.9270,37.5999,37.6991,37.5922,37.4386,37.5063,29.6996,29.7664,30.4283,37.5672,30.0640,34.7163

4522.9270,37.6065,37.6712,37.5886,37.4387,37.4943,29.6884,29.7599,30.3941,37.5599,30.0412,34.7052

4523.9270,37.6256,37.6811,37.5793,37.4351,37.4925,29.6851,29.7824,30.4096,37.5627,30.0473,34.7113

4524.9270,37.5952,37.6955,37.5928,37.4443,37.4961,29.6991,29.8129,30.4048,37.5648,30.0520,34.7176

4525.9270,37.5987,37.6755,37.5850,37.4486,37.5201,29.6871,29.7952,30.4144,37.5656,30.0507,34.7156

4526.9270,37.6221,37.6834,37.5975,37.4537,37.4944,29.6778,29.7794,30.4154,37.5702,30.0466,34.7155

4527.9270,37.6163,37.6692,37.6048,37.4540,37.5170,29.6917,29.7933,30.4106,37.5723,30.0511,34.7196

4528.9290,37.6076,37.6873,37.5892,37.4496,37.4879,29.6800,29.7544,30.4069,37.5643,30.0435,34.7079

4529.9280,37.5961,37.6614,37.5946,37.4349,37.5157,29.6827,29.7706,30.4001,37.5605,30.0414,34.7070

4530.9280,37.6052,37.6925,37.6006,37.4386,37.5119,29.6744,29.7731,30.4078,37.5698,30.0411,34.7130

4531.9270,37.6037,37.6718,37.6139,37.4566,37.5196,29.6851,29.7575,30.3997,37.5731,30.0424,34.7135

4532.9270,37.6227,37.6719,37.5939,37.4389,37.5225,29.7075,29.7386,30.4151,37.5700,30.0613,34.7139

4533.9270,37.6134,37.6714,37.6145,37.4627,37.5281,29.6968,29.7570,30.4170,37.5780,30.0569,34.7201

4534.9270,37.6084,37.6809,37.5968,37.4633,37.5048,29.6752,29.7401,30.4307,37.5708,30.0530,34.7125

4535.9270,37.6124,37.6926,37.5932,37.4466,37.5073,29.6807,29.7484,30.4179,37.5704,30.0493,34.7124

4536.9280,37.6287,37.6827,37.6006,37.4521,37.5119,29.7018,29.7267,30.4160,37.5752,30.0589,34.7151

4537.9270,37.6002,37.6828,37.5881,37.4494,37.4966,29.7013,29.7493,30.4202,37.5634,30.0608,34.7110

4538.9270,37.6260,37.6911,37.5982,37.4428,37.5137,29.6948,29.7428,30.4052,37.5744,30.0500,34.7143

4539.9270,37.6190,37.6927,37.6223,37.4556,37.5247,29.7076,29.7527,30.4161,37.5828,30.0618,34.7238

4540.9270,37.6337,37.6910,37.6154,37.4595,37.4973,29.7158,29.7219,30.4248,37.5794,30.0703,34.7199

4541.9270,37.6207,37.6868,37.6065,37.4585,37.5262,29.7291,29.7446,30.3981,37.5798,30.0636,34.7213

4542.9270,37.6034,37.6847,37.6063,37.4625,37.5111,29.7257,29.7634,30.4281,37.5736,30.0769,34.7232

4543.9270,37.6090,37.6876,37.6069,37.4575,37.5214,29.7271,29.7572,30.4074,37.5765,30.0673,34.7218

4544.9270,37.6310,37.7001,37.6062,37.4704,37.5161,29.7065,29.7620,30.4221,37.5848,30.0643,34.7268

4545.9270,37.6055,37.6919,37.6051,37.4562,37.5122,29.7227,29.7626,30.4189,37.5742,30.0708,34.7219

4546.9270,37.6155,37.7041,37.6009,37.4426,37.5113,29.7153,29.7779,30.4064,37.5749,30.0609,34.7218

4547.9270,37.6143,37.6852,37.5979,37.4560,37.5181,29.6963,29.7635,30.4306,37.5743,30.0635,34.7202

4548.9270,37.6262,37.6932,37.6054,37.4719,37.5116,29.7303,29.7651,30.4308,37.5816,30.0806,34.7293

4549.9270,37.6143,37.6929,37.6023,37.4515,37.5183,29.7236,29.7984,30.4311,37.5758,30.0774,34.7290

4550.9270,37.6215,37.7080,37.6071,37.4363,37.5250,29.7110,29.8003,30.4021,37.5796,30.0565,34.7264

4551.9270,37.6407,37.6858,37.6163,37.4730,37.5038,29.7106,29.7830,30.4271,37.5839,30.0688,34.7300

4552.9280,37.6222,37.7018,37.6014,37.4473,37.5244,29.7098,29.8123,30.3849,37.5794,30.0474,34.7255

4553.9270,37.6221,37.6865,37.6137,37.4582,37.5227,29.7079,29.8231,30.4136,37.5807,30.0608,34.7310

4554.9280,37.6237,37.6857,37.6059,37.4523,37.5078,29.7047,29.8392,30.4156,37.5751,30.0602,34.7294

4555.9270,37.6200,37.6825,37.6190,37.4635,37.5172,29.7086,29.8727,30.4195,37.5804,30.0640,34.7379

4556.9270,37.6297,37.7039,37.6106,37.4626,37.5256,29.7301,29.8773,30.4155,37.5865,30.0728,34.7444

4557.9270,37.6261,37.7056,37.6155,37.4703,37.5366,29.7214,29.8370,30.4045,37.5908,30.0629,34.7396

4558.9280,37.6218,37.6833,37.6221,37.4466,37.5194,29.7297,29.7913,30.4354,37.5787,30.0825,34.7312

4559.9270,37.6293,37.7125,37.6210,37.4628,37.5277,29.7203,29.7702,30.4227,37.5907,30.0715,34.7333

4560.9270,37.6156,37.6798,37.6285,37.4581,37.5304,29.7558,29.7610,30.4103,37.5825,30.0831,34.7299

4561.9290,37.6282,37.7137,37.5984,37.4644,37.5181,29.7506,29.7332,30.4323,37.5845,30.0915,34.7299

4562.9270,37.6295,37.7111,37.6318,37.4623,37.5230,29.7436,29.7332,30.4196,37.5916,30.0816,34.7318

4563.9280,37.6374,37.6984,37.6214,37.4542,37.5172,29.7346,29.7149,30.4295,37.5857,30.0820,34.7259

4564.9270,37.6209,37.6929,37.6047,37.4586,37.5076,29.7401,29.7015,30.4251,37.5770,30.0826,34.7189

4565.9280,37.6343,37.7127,37.6235,37.4709,37.5217,29.7517,29.6741,30.4047,37.5926,30.0782,34.7242

4566.9270,37.6350,37.6987,37.6212,37.4657,37.5157,29.7331,29.6724,30.4270,37.5873,30.0800,34.7211

4567.9270,37.6154,37.7034,37.6161,37.4840,37.5358,29.7557,29.6598,30.4219,37.5909,30.0888,34.7240

4568.9280,37.6294,37.7057,37.6207,37.4741,37.5278,29.7604,29.6127,30.4199,37.5915,30.0901,34.7188

4569.9280,37.6456,37.6991,37.6268,37.4788,37.5315,29.7555,29.6516,30.4081,37.5964,30.0818,34.7246

4570.9270,37.6303,37.7155,37.6268,37.4690,37.5307,29.7692,29.6705,30.4128,37.5945,30.0910,34.7281

4571.9280,37.6558,37.7063,37.6199,37.4686,37.5270,29.7738,29.6783,30.4231,37.5955,30.0984,34.7316

4572.9270,37.6214,37.7082,37.6415,37.4697,37.5210,29.7885,29.7293,30.4110,37.5923,30.0998,34.7363

4573.9270,37.6288,37.7142,37.6288,37.4677,37.5438,29.7749,29.7598,30.4274,37.5967,30.1011,34.7432

4574.9270,37.6321,37.7030,37.6306,37.4831,37.5382,29.7589,29.7782,30.4044,37.5974,30.0816,34.7410

4575.9280,37.6343,37.7059,37.6247,37.4832,37.5210,29.7804,29.7719,30.4198,37.5938,30.1001,34.7427

4576.9270,37.6446,37.6992,37.6245,37.4723,37.5367,29.7827,29.8095,30.4315,37.5955,30.1071,34.7501

4577.9270,37.6547,37.6999,37.6229,37.4955,37.5300,29.7666,29.8423,30.4172,37.6006,30.0919,34.7536

4578.9270,37.6535,37.6947,37.6330,37.4827,37.5406,29.7814,29.8641,30.4315,37.6009,30.1064,34.7602

4579.9270,37.6525,37.6985,37.6313,37.4856,37.5543,29.7592,29.8636,30.4268,37.6044,30.0930,34.7590

4580.9270,37.6345,37.7143,37.6303,37.4944,37.5276,29.7650,29.8811,30.4016,37.6002,30.0833,34.7561

4581.9270,37.6468,37.6881,37.6330,37.5055,37.5513,29.7685,29.9063,30.4097,37.6049,30.0891,34.7636

4582.9270,37.6568,37.7238,37.6300,37.4736,37.5539,29.7321,29.9202,30.4147,37.6076,30.0734,34.7631

4583.9270,37.6574,37.7124,37.6303,37.4814,37.5215,29.7430,29.9334,30.4101,37.6006,30.0765,34.7612

4584.9270,37.6377,37.7191,37.6244,37.4853,37.5460,29.7744,29.9418,30.4264,37.6025,30.1004,34.7694

4585.9270,37.6465,37.6965,37.6409,37.4770,37.5480,29.7569,29.9614,30.4080,37.6018,30.0825,34.7669

4586.9270,37.6507,37.7028,37.6230,37.4708,37.5263,29.7390,29.9821,30.4188,37.5947,30.0789,34.7642

4587.9270,37.6344,37.7107,37.6234,37.4847,37.5351,29.7546,29.9944,30.4339,37.5977,30.0943,34.7714

4588.9270,37.6443,37.7232,37.6452,37.4781,37.5196,29.7565,30.0029,30.4175,37.6021,30.0870,34.7734

4589.9290,37.6346,37.7096,37.6065,37.4939,37.5276,29.7774,29.9974,30.4224,37.5944,30.0999,34.7712

4590.9270,37.6583,37.7043,37.6525,37.4690,37.5349,29.7425,29.9814,30.4251,37.6038,30.0838,34.7710

4591.9270,37.6460,37.7188,37.6366,37.4718,37.5591,29.7494,29.9483,30.4287,37.6065,30.0890,34.7698

4592.9280,37.6449,37.7159,37.6319,37.4783,37.5507,29.7454,29.9325,30.3923,37.6043,30.0688,34.7615

4593.9270,37.6521,37.7173,37.6347,37.4993,37.5609,29.7715,29.9135,30.3973,37.6129,30.0844,34.7683

4594.9270,37.6399,37.7015,37.6231,37.4784,37.5334,29.7676,29.8932,30.4258,37.5953,30.0967,34.7579

4595.9270,37.6551,37.7070,37.6430,37.4955,37.5272,29.7538,29.8794,30.4162,37.6056,30.0850,34.7597

4596.9270,37.6673,37.7281,37.6296,37.4821,37.5293,29.7436,29.8541,30.4107,37.6073,30.0771,34.7556

4597.9270,37.6485,37.7174,37.6403,37.4774,37.5400,29.7476,29.8628,30.4213,37.6047,30.0845,34.7569

4598.9280,37.6537,37.7052,37.6105,37.4947,37.5558,29.7590,29.8888,30.4153,37.6040,30.0871,34.7604

4599.9270,37.6447,37.6996,37.6301,37.4830,37.5460,29.7913,29.8844,30.4321,37.6007,30.1117,34.7639

4600.9280,37.6517,37.7165,37.6404,37.4644,37.5480,29.7768,29.8934,30.4086,37.6042,30.0927,34.7625

4601.9280,37.6727,37.7165,37.6432,37.4793,37.5620,29.7828,29.8966,30.4067,37.6147,30.0947,34.7700

4602.9270,37.6544,37.7165,37.6413,37.4864,37.5256,29.7606,29.9050,30.4179,37.6048,30.0893,34.7635

4603.9270,37.6566,37.7152,37.6368,37.4944,37.5556,29.7690,29.9227,30.4116,37.6117,30.0903,34.7703

4604.9270,37.6474,37.7150,37.6263,37.4834,37.5427,29.7597,29.9741,30.4108,37.6030,30.0852,34.7699

4605.9270,37.6411,37.7216,37.6455,37.4867,37.5479,29.7830,29.9758,30.4191,37.6086,30.1010,34.7776

4606.9270,37.6662,37.7114,37.6615,37.4827,37.5424,29.7809,29.9573,30.4109,37.6128,30.0959,34.7767

4607.9280,37.6503,37.7181,37.6233,37.5029,37.5612,29.7758,29.9164,30.4132,37.6111,30.0945,34.7701

4608.9270,37.6621,37.7241,37.6475,37.5037,37.5462,29.7890,29.8925,30.4223,37.6167,30.1057,34.7734

4609.9270,37.6589,37.7072,37.6474,37.4994,37.5536,29.7770,29.8461,30.4187,37.6133,30.0978,34.7635

4610.9270,37.6708,37.7312,37.6397,37.4824,37.5585,29.7705,29.8100,30.4123,37.6165,30.0914,34.7594

4611.9270,37.6585,37.7286,37.6469,37.4793,37.5554,29.7803,29.8057,30.4117,37.6138,30.0960,34.7583

4612.9280,37.6571,37.7313,37.6291,37.4755,37.5572,29.7911,29.7972,30.4107,37.6100,30.1009,34.7561

4613.9270,37.6712,37.7318,37.6291,37.5171,37.5358,29.8002,29.7480,30.4094,37.6170,30.1048,34.7553

4614.9280,37.6629,37.7209,37.6411,37.4828,37.5673,29.7828,29.7988,30.4015,37.6150,30.0922,34.7573

4615.9270,37.6550,37.7376,37.6443,37.5005,37.5299,29.7979,29.7734,30.4100,37.6134,30.1039,34.7561

4616.9280,37.6882,37.7340,37.6486,37.5067,37.5636,29.7876,29.7763,30.4157,37.6282,30.1016,34.7651

4617.9270,37.6620,37.7372,37.6499,37.4968,37.5514,29.7801,29.8012,30.4213,37.6195,30.1007,34.7625

4618.9270,37.6905,37.7243,37.6361,37.4909,37.5628,29.7759,29.8083,30.4340,37.6209,30.1049,34.7654

4619.9270,37.6809,37.7258,37.6417,37.5049,37.5274,29.7869,29.8400,30.4192,37.6161,30.1030,34.7658

4620.9270,37.6782,37.7374,37.6394,37.4928,37.5567,29.7954,29.8405,30.4239,37.6209,30.1097,34.7705

4621.9270,37.6500,37.7175,37.6396,37.4935,37.5574,29.7835,29.8578,30.4379,37.6116,30.1107,34.7671

4622.9270,37.6739,37.7493,37.6447,37.4911,37.5672,29.7943,29.8343,30.4008,37.6252,30.0976,34.7694

4623.9270,37.6467,37.7472,37.6478,37.4876,37.5661,29.7863,29.7938,30.4050,37.6191,30.0956,34.7601

4624.9270,37.6857,37.7190,37.6522,37.5112,37.5374,29.7715,29.7545,30.4047,37.6211,30.0881,34.7545

4625.9270,37.6640,37.7260,37.6587,37.4944,37.5551,29.7971,29.7534,30.4111,37.6196,30.1041,34.7575

4626.9280,37.6785,37.7230,37.6557,37.4956,37.5727,29.7859,29.7722,30.4060,37.6251,30.0959,34.7612

4627.9270,37.6702,37.7413,37.6349,37.4869,37.5606,29.7959,29.7512,30.4033,37.6188,30.0996,34.7555

4628.9270,37.6699,37.7266,37.6631,37.5072,37.5688,29.8017,29.7744,30.4091,37.6271,30.1054,34.7651

4629.9290,37.6831,37.7086,37.6269,37.5013,37.5601,29.7919,29.7703,30.4144,37.6160,30.1031,34.7571

4630.9270,37.6904,37.7306,37.6545,37.5000,37.5527,29.8105,29.7560,30.4249,37.6256,30.1177,34.7649

4631.9270,37.6600,37.7454,37.6413,37.5111,37.5620,29.8128,29.7743,30.4014,37.6240,30.1071,34.7635

4632.9270,37.6841,37.7340,37.6336,37.5094,37.5710,29.8122,29.7806,30.3904,37.6264,30.1013,34.7644

4633.9280,37.6677,37.7186,37.6626,37.4996,37.5683,29.8069,29.7998,30.4397,37.6233,30.1233,34.7704

4634.9270,37.6798,37.7165,37.6610,37.5214,37.5554,29.8102,29.8280,30.4223,37.6268,30.1162,34.7743

4635.9270,37.6715,37.7167,37.6560,37.5094,37.5668,29.8013,29.8502,30.4050,37.6241,30.1031,34.7721

4636.9270,37.6622,37.7362,37.6470,37.5135,37.5401,29.8038,29.8400,30.4027,37.6198,30.1032,34.7682

4637.9270,37.6806,37.7246,37.6396,37.5019,37.5430,29.7861,29.8463,30.4236,37.6179,30.1048,34.7682

4638.9280,37.6824,37.7455,37.6587,37.5144,37.5658,29.7874,29.8462,30.3967,37.6334,30.0920,34.7746

4639.9280,37.6799,37.7318,37.6487,37.5035,37.5558,29.7967,29.8526,30.4229,37.6240,30.1098,34.7740

4640.9270,37.6817,37.7318,37.6445,37.5031,37.5404,29.7924,29.8267,30.4026,37.6203,30.0975,34.7654

4641.9270,37.6774,37.7315,37.6573,37.5079,37.5752,29.7961,29.8154,30.4260,37.6299,30.1111,34.7734

4642.9270,37.6607,37.7139,37.6435,37.5048,37.5599,29.7821,29.7980,30.3928,37.6166,30.0874,34.7570

4643.9270,37.6799,37.7246,37.6611,37.5024,37.5724,29.7849,29.7563,30.4210,37.6281,30.1030,34.7628

4644.9270,37.6730,37.7447,37.6532,37.4930,37.5710,29.7827,29.7474,30.4066,37.6270,30.0946,34.7590

4645.9270,37.6637,37.7460,37.6648,37.4757,37.5527,29.7874,29.7089,30.4343,37.6206,30.1108,34.7542

4646.9270,37.6792,37.7376,37.6517,37.5018,37.5676,29.7870,29.6831,30.4014,37.6276,30.0942,34.7512

4647.9270,37.6733,37.7462,37.6683,37.5086,37.5763,29.8041,29.6437,30.4101,37.6346,30.1071,34.7538

4648.9280,37.6836,37.7306,37.6493,37.5112,37.5844,29.7967,29.6283,30.4041,37.6318,30.1004,34.7485

4649.9270,37.6760,37.7330,37.6550,37.5023,37.5672,29.7965,29.6056,30.3983,37.6267,30.0974,34.7417

4650.9270,37.6498,37.7291,37.6549,37.5018,37.5648,29.7993,29.5867,30.4203,37.6201,30.1098,34.7383

4651.9270,37.6765,37.7263,37.6521,37.5022,37.5723,29.8012,29.5877,30.4067,37.6259,30.1040,34.7406

4652.9270,37.6665,37.7305,37.6493,37.5027,37.5564,29.8052,29.5950,30.4131,37.6211,30.1092,34.7399

4653.9270,37.6825,37.7316,37.6439,37.5005,37.5776,29.8064,29.5947,30.4072,37.6272,30.1068,34.7431

4654.9270,37.6671,37.7390,37.6433,37.5122,37.5644,29.8111,29.6244,30.4119,37.6252,30.1115,34.7467

4655.9280,37.6750,37.7312,37.6393,37.5048,37.5669,29.8068,29.6450,30.4240,37.6234,30.1154,34.7491

4656.9270,37.6744,37.7484,37.6569,37.5202,37.5724,29.8047,29.6707,30.4150,37.6345,30.1099,34.7578

4657.9270,37.6490,37.7198,37.6563,37.5074,37.5625,29.8126,29.6889,30.4205,37.6190,30.1165,34.7521

4658.9270,37.6818,37.7339,37.6611,37.4954,37.5617,29.8287,29.6961,30.4079,37.6268,30.1183,34.7583

4659.9280,37.6709,37.7570,37.6426,37.5082,37.5623,29.8248,29.7124,30.4260,37.6282,30.1254,34.7630

4660.9280,37.6852,37.7103,37.6627,37.5301,37.5707,29.8288,29.7315,30.4127,37.6318,30.1208,34.7665

4661.9270,37.6715,37.7402,37.6805,37.5166,37.5469,29.8145,29.7600,30.4116,37.6311,30.1130,34.7677

4662.9270,37.6817,37.7396,37.6467,37.5057,37.5659,29.8177,29.7486,30.4138,37.6279,30.1158,34.7650

4663.9280,37.6780,37.7279,37.6420,37.5136,37.5650,29.8098,29.7308,30.3965,37.6253,30.1031,34.7579

4664.9270,37.6772,37.7463,37.6548,37.5250,37.5749,29.8329,29.7375,30.4192,37.6356,30.1261,34.7710

4665.9270,37.6902,37.7496,37.6688,37.5050,37.5633,29.8400,29.6876,30.4187,37.6354,30.1293,34.7654

4666.9270,37.6951,37.7310,37.6801,37.5069,37.5601,29.8223,29.6737,30.4189,37.6346,30.1206,34.7610

4667.9280,37.6887,37.7300,37.6744,37.5255,37.5694,29.8413,29.6494,30.3941,37.6376,30.1177,34.7591

4668.9270,37.7017,37.7361,37.6712,37.5237,37.5905,29.8454,29.6479,30.4048,37.6446,30.1251,34.7652

4669.9280,37.6857,37.7304,37.6575,37.5063,37.5623,29.8359,29.6416,30.4254,37.6284,30.1306,34.7556

4670.9270,37.6913,37.7410,37.6621,37.5286,37.5786,29.8589,29.6492,30.4207,37.6403,30.1398,34.7663

4671.9280,37.6735,37.7640,37.6482,37.5100,37.5786,29.8476,29.6218,30.3962,37.6349,30.1219,34.7550

4672.9270,37.6931,37.7328,37.6604,37.5204,37.5699,29.8311,29.6505,30.4028,37.6353,30.1170,34.7576

4673.9270,37.6831,37.7592,37.6565,37.5061,37.5762,29.8295,29.6297,30.4148,37.6362,30.1222,34.7569

4674.9270,37.6939,37.7445,37.6693,37.5302,37.5657,29.8451,29.6212,30.4078,37.6407,30.1264,34.7597

4675.9270,37.6717,37.7292,37.6695,37.5248,37.5831,29.8387,29.6205,30.4123,37.6357,30.1255,34.7562

4676.9270,37.6878,37.7629,37.6718,37.4935,37.5724,29.8413,29.6222,30.3914,37.6377,30.1163,34.7554

4677.9270,37.6717,37.7524,37.6716,37.5180,37.5671,29.8669,29.6516,30.4137,37.6362,30.1403,34.7641

4678.9270,37.6955,37.7425,37.6645,37.5385,37.5786,29.8627,29.6388,30.4141,37.6439,30.1384,34.7669

4679.9280,37.6991,37.7367,37.6583,37.5141,37.5682,29.8659,29.6293,30.4150,37.6353,30.1404,34.7608

4680.9270,37.6989,37.7445,37.6507,37.5223,37.5760,29.8845,29.6451,30.4209,37.6385,30.1527,34.7678

4681.9270,37.6947,37.7509,37.6692,37.5207,37.5786,29.8746,29.6719,30.4091,37.6428,30.1418,34.7712

4682.9270,37.6902,37.7531,37.6905,37.5224,37.5915,29.8616,29.6791,30.4224,37.6496,30.1420,34.7764

4683.9270,37.6979,37.7375,37.6502,37.5303,37.5615,29.8618,29.7038,30.4156,37.6355,30.1387,34.7698

4684.9270,37.6934,37.7466,37.6780,37.4908,37.5650,29.8653,29.6941,30.4125,37.6348,30.1389,34.7682

4685.9270,37.6798,37.7269,37.6620,37.5243,37.5780,29.8648,29.7068,30.4233,37.6342,30.1440,34.7707

4686.9270,37.6919,37.7569,37.6766,37.5300,37.5959,29.8826,29.7345,30.4195,37.6503,30.1510,34.7860

4687.9280,37.6838,37.7230,37.6539,37.5185,37.5876,29.8632,29.7315,30.4132,37.6334,30.1382,34.7718

4688.9270,37.6830,37.7469,37.6764,37.5265,37.5886,29.8727,29.7514,30.4190,37.6443,30.1458,34.7831

4689.9280,37.6995,37.7639,37.6762,37.5287,37.5581,29.8757,29.7812,30.4102,37.6453,30.1429,34.7867

4690.9270,37.6881,37.7465,37.6741,37.5313,37.5789,29.8792,29.7908,30.4104,37.6438,30.1448,34.7874

4691.9270,37.6887,37.7491,37.6716,37.5222,37.5745,29.8643,29.8243,30.4143,37.6412,30.1393,34.7886

4692.9270,37.6980,37.7561,37.6861,37.5157,37.5997,29.8610,29.8045,30.3884,37.6511,30.1247,34.7887

4693.9280,37.6874,37.7631,37.6646,37.5194,37.5685,29.8663,29.8136,30.4050,37.6406,30.1357,34.7860

4694.9270,37.6925,37.7415,37.6663,37.5239,37.5552,29.8794,29.8065,30.4102,37.6359,30.1448,34.7844

4695.9270,37.6812,37.7515,37.6918,37.5326,37.5942,29.8953,29.8346,30.4171,37.6502,30.1562,34.7998

4696.9270,37.6980,37.7435,37.6828,37.5344,37.5638,29.8968,29.8149,30.4064,37.6445,30.1516,34.7926

4697.9270,37.6706,37.7562,37.6703,37.5149,37.6003,29.8889,29.8104,30.4154,37.6425,30.1521,34.7909

4698.9270,37.7006,37.7357,37.6904,37.5387,37.5961,29.8627,29.8072,30.4117,37.6523,30.1372,34.7929

4699.9270,37.7061,37.7337,37.6940,37.5273,37.5759,29.8804,29.8216,30.4125,37.6474,30.1465,34.7939

4700.9270,37.6971,37.7422,37.6754,37.5265,37.5718,29.9038,29.8224,30.3997,37.6426,30.1518,34.7924

4701.9270,37.6889,37.7410,37.6709,37.5314,37.5827,29.8739,29.8349,30.4394,37.6430,30.1566,34.7954

4702.9270,37.6803,37.7737,37.6630,37.5342,37.5753,29.8841,29.8215,30.4139,37.6453,30.1490,34.7932

4703.9270,37.6918,37.7389,37.6759,37.5121,37.5746,29.8938,29.8293,30.3958,37.6387,30.1448,34.7890

4704.9270,37.7101,37.7434,37.6682,37.5282,37.5959,29.9032,29.8294,30.4138,37.6491,30.1585,34.7990

4705.9270,37.7061,37.7606,37.6906,37.5337,37.5912,29.8978,29.8212,30.4079,37.6564,30.1528,34.8011

4706.9270,37.6896,37.7557,37.6643,37.5401,37.5984,29.8882,29.8050,30.4326,37.6496,30.1604,34.7967

4707.9280,37.7085,37.7543,37.6740,37.5232,37.6049,29.9040,29.8080,30.4262,37.6530,30.1651,34.8004

4708.9270,37.6993,37.7533,37.6730,37.5427,37.5712,29.8816,29.7885,30.4311,37.6479,30.1564,34.7926

4709.9270,37.7026,37.7461,37.6803,37.5304,37.5893,29.8999,29.8120,30.4090,37.6497,30.1545,34.7962

4710.9280,37.7081,37.7402,37.6748,37.5469,37.5894,29.8909,29.7879,30.4456,37.6519,30.1683,34.7980

4711.9270,37.7018,37.7509,37.6921,37.5269,37.5829,29.8996,29.8094,30.3994,37.6509,30.1495,34.7954

4712.9270,37.6932,37.7624,37.6551,37.5365,37.5846,29.9154,29.7823,30.4141,37.6464,30.1648,34.7929

4713.9270,37.7017,37.7463,37.6968,37.4961,37.5787,29.9240,29.8078,30.4303,37.6439,30.1771,34.7977

4714.9270,37.7032,37.7660,37.6610,37.5499,37.5985,29.9180,29.8127,30.4323,37.6557,30.1751,34.8052

4715.9270,37.6925,37.7435,37.6632,37.5381,37.5946,29.9184,29.8070,30.4256,37.6464,30.1720,34.7979

4716.9280,37.7126,37.7532,37.6687,37.5432,37.5973,29.9100,29.8244,30.4238,37.6550,30.1669,34.8042

4717.9270,37.6848,37.7525,37.6787,37.5251,37.5900,29.9244,29.8533,30.4429,37.6462,30.1836,34.8065

4718.9270,37.6885,37.7374,37.6832,37.5390,37.6058,29.9314,29.8669,30.4320,37.6508,30.1817,34.8105

4719.9270,37.6927,37.7459,37.6689,37.5330,37.5956,29.9050,29.8617,30.4249,37.6472,30.1649,34.8035

4720.9270,37.6962,37.7684,37.6988,37.5354,37.5891,29.9095,29.8582,30.3984,37.6576,30.1539,34.8067

4721.9270,37.6977,37.7559,37.6718,37.5481,37.5836,29.9020,29.8771,30.4069,37.6514,30.1545,34.8054

4722.9270,37.7087,37.7469,37.6708,37.5317,37.5947,29.9291,29.8577,30.4227,37.6506,30.1759,34.8078

4723.9270,37.7163,37.7669,37.7002,37.5433,37.6035,29.9288,29.8639,30.4116,37.6660,30.1702,34.8168

4724.9270,37.7034,37.7648,37.6682,37.5445,37.5669,29.9059,29.8632,30.4216,37.6495,30.1638,34.8048

4725.9270,37.7101,37.7844,37.6784,37.5272,37.5911,29.9301,29.8534,30.4387,37.6582,30.1844,34.8142

4726.9270,37.7216,37.7590,37.6876,37.5340,37.6064,29.9167,29.8669,30.4099,37.6617,30.1633,34.8128

4727.9280,37.7301,37.7520,37.6768,37.5242,37.6082,29.9366,29.8449,30.4260,37.6583,30.1813,34.8124

4728.9270,37.7112,37.7436,37.6946,37.5130,37.5933,29.9232,29.8507,30.4097,37.6511,30.1664,34.8049

4729.9270,37.6981,37.7656,37.6741,37.5513,37.5961,29.9176,29.8484,30.4215,37.6571,30.1695,34.8091

4730.9270,37.7248,37.7576,37.6675,37.5284,37.6105,29.9260,29.8146,30.4088,37.6577,30.1674,34.8048

4731.9270,37.7221,37.7598,37.6711,37.5409,37.6100,29.9430,29.7742,30.4296,37.6608,30.1863,34.8063

4732.9270,37.7001,37.7567,37.6829,37.5434,37.5901,29.9294,29.7474,30.4192,37.6546,30.1743,34.7962

4733.9270,37.7099,37.7534,37.6787,37.5475,37.6161,29.9529,29.7493,30.4328,37.6611,30.1929,34.8051

4734.9280,37.7003,37.7596,37.7082,37.5351,37.5892,29.9573,29.7278,30.4147,37.6585,30.1860,34.7990

4735.9270,37.6953,37.7464,37.6983,37.5382,37.5947,29.9561,29.7196,30.4229,37.6546,30.1895,34.7964

4736.9270,37.7197,37.7692,37.6796,37.5246,37.5979,29.9454,29.7258,30.4155,37.6582,30.1805,34.7972

4737.9270,37.7046,37.7728,37.6953,37.5510,37.5944,29.9659,29.6922,30.4204,37.6636,30.1932,34.7996

4738.9270,37.7122,37.7736,37.6798,37.5337,37.6126,29.9641,29.7417,30.4149,37.6624,30.1895,34.8041

4739.9270,37.6954,37.7875,37.6727,37.5490,37.6018,29.9623,29.7267,30.4061,37.6613,30.1842,34.8002

4740.9270,37.6928,37.7812,37.6897,37.5380,37.6066,29.9705,29.7170,30.4142,37.6617,30.1923,34.8013

4741.9270,37.7124,37.7746,37.6929,37.5426,37.5907,29.9676,29.7504,30.4222,37.6626,30.1949,34.8067

4742.9280,37.6942,37.7659,37.7053,37.5470,37.6026,30.0090,29.7259,30.4086,37.6630,30.2088,34.8073

4743.9270,37.7102,37.7669,37.6726,37.5545,37.5886,29.9983,29.7510,30.4153,37.6586,30.2068,34.8072

4744.9270,37.6972,37.7480,37.7083,37.5230,37.5888,29.9773,29.7445,30.4370,37.6531,30.2072,34.8030

4745.9270,37.7083,37.7685,37.6854,37.5458,37.6033,29.9813,29.7660,30.4185,37.6623,30.1999,34.8096

4746.9270,37.7289,37.7341,37.6720,37.5371,37.6104,29.9951,29.7628,30.4346,37.6565,30.2149,34.8094

4747.9280,37.6972,37.7695,37.6719,37.5589,37.5897,30.0003,29.7769,30.4229,37.6574,30.2116,34.8109

4748.9270,37.7146,37.7759,37.6853,37.5340,37.6059,29.9910,29.7837,30.4263,37.6632,30.2087,34.8146

4749.9270,37.7014,37.7645,37.6987,37.5433,37.6138,30.0374,29.7830,30.4116,37.6643,30.2245,34.8192

4750.9280,37.7118,37.7750,37.6952,37.5318,37.6037,30.0413,29.8043,30.4173,37.6635,30.2293,34.8225

4751.9270,37.7189,37.7649,37.6860,37.5300,37.5991,30.0381,29.8232,30.4250,37.6598,30.2315,34.8231

4752.9270,37.7194,37.7760,37.6859,37.5351,37.5968,30.0358,29.8210,30.4359,37.6626,30.2358,34.8257

4753.9270,37.7195,37.7617,37.6950,37.5386,37.5965,30.0401,29.8501,30.4270,37.6623,30.2335,34.8286

4754.9280,37.7242,37.7717,37.7022,37.5393,37.5930,30.0614,29.8531,30.4158,37.6661,30.2386,34.8326

4755.9270,37.6967,37.7544,37.6937,37.5476,37.6199,30.0389,29.9006,30.4003,37.6625,30.2196,34.8315

4756.9270,37.7148,37.7756,37.7010,37.5595,37.6015,30.0364,29.8869,30.4308,37.6705,30.2336,34.8383

4757.9270,37.7028,37.7592,37.7065,37.5310,37.6057,30.0229,29.8983,30.4403,37.6610,30.2316,34.8333

4758.9270,37.7317,37.7711,37.6936,37.5611,37.5933,30.0308,29.9184,30.4247,37.6702,30.2278,34.8406

4759.9280,37.7201,37.7676,37.6892,37.5548,37.6089,30.0398,29.9302,30.4041,37.6681,30.2219,34.8393

4760.9280,37.7193,37.7567,37.6862,37.5368,37.6134,30.0230,29.9487,30.4127,37.6625,30.2179,34.8371

4761.9270,37.7162,37.7808,37.6898,37.5390,37.5880,30.0143,29.9395,30.4162,37.6628,30.2153,34.8355

4762.9270,37.7159,37.7680,37.6957,37.5533,37.6135,30.0290,29.9571,30.4130,37.6693,30.2210,34.8432

4763.9270,37.7135,37.7521,37.6943,37.5327,37.5892,30.0106,29.9594,30.4341,37.6564,30.2224,34.8358

4764.9270,37.7306,37.7710,37.7215,37.5535,37.5983,30.0198,29.9521,30.4659,37.6750,30.2429,34.8516

4765.9270,37.7279,37.7595,37.6694,37.5401,37.6092,30.0274,29.9578,30.4307,37.6612,30.2291,34.8403

4766.9270,37.7277,37.7795,37.6890,37.5597,37.5914,30.0362,29.9468,30.4258,37.6695,30.2310,34.8445

4767.9270,37.7277,37.7785,37.6917,37.5512,37.6123,30.0385,29.9144,30.4151,37.6723,30.2268,34.8412

4768.9270,37.7125,37.7532,37.6804,37.5362,37.5969,30.0407,29.9071,30.4261,37.6558,30.2334,34.8316

4769.9270,37.7206,37.7785,37.7000,37.5497,37.6034,30.0398,29.8950,30.4243,37.6704,30.2321,34.8389

4770.9270,37.7187,37.7601,37.6984,37.5519,37.5897,30.0412,29.8879,30.4182,37.6637,30.2297,34.8333

4771.9280,37.7252,37.7820,37.6830,37.5411,37.6125,30.0524,29.8728,30.4337,37.6687,30.2431,34.8378

4772.9270,37.7147,37.7912,37.6918,37.5643,37.5993,30.0249,29.8561,30.4193,37.6722,30.2221,34.8327

4773.9270,37.7128,37.7789,37.7018,37.5585,37.6019,30.0348,29.8543,30.4409,37.6708,30.2379,34.8355

4774.9270,37.7276,37.7687,37.6889,37.5549,37.6175,30.0234,29.8320,30.4225,37.6715,30.2230,34.8294

4775.9270,37.7072,37.7676,37.7027,37.5566,37.6065,30.0278,29.8223,30.4231,37.6681,30.2255,34.8267

4776.9270,37.7395,37.7716,37.6992,37.5335,37.5975,30.0415,29.8087,30.3987,37.6683,30.2201,34.8238

4777.9270,37.7228,37.7776,37.6899,37.5395,37.5932,30.0580,29.8022,30.4200,37.6646,30.2390,34.8254

4778.9280,37.7199,37.7636,37.6898,37.5572,37.6119,30.0575,29.8191,30.4190,37.6685,30.2382,34.8297

4779.9270,37.7154,37.7825,37.7101,37.5463,37.6168,30.0619,29.8085,30.4116,37.6742,30.2368,34.8316

4780.9280,37.7051,37.7959,37.6993,37.5611,37.6148,30.0477,29.8013,30.3965,37.6752,30.2221,34.8277

4781.9280,37.7270,37.7660,37.6876,37.5681,37.6077,30.0407,29.7929,30.4214,37.6713,30.2311,34.8264

4782.9270,37.7032,37.7798,37.6930,37.5581,37.6099,30.0585,29.8220,30.4261,37.6688,30.2423,34.8313

4783.9280,37.7105,37.7941,37.6952,37.5738,37.6233,30.0631,29.8251,30.4180,37.6794,30.2405,34.8379

4784.9270,37.7145,37.7794,37.6982,37.5703,37.6151,30.0587,29.8334,30.4206,37.6755,30.2396,34.8363

4785.9270,37.7270,37.7847,37.7034,37.5489,37.6073,30.0519,29.8652,30.3979,37.6743,30.2249,34.8358

4786.9270,37.7196,37.7853,37.7045,37.5631,37.5911,30.0642,29.8832,30.4224,37.6727,30.2433,34.8417

4787.9270,37.7062,37.7750,37.7045,37.5318,37.5957,30.0540,29.9172,30.4324,37.6626,30.2432,34.8396

4788.9280,37.7221,37.7862,37.6966,37.5481,37.6261,30.0634,29.9600,30.4282,37.6758,30.2458,34.8538

4789.9280,37.7167,37.8000,37.6907,37.5348,37.6076,30.0749,29.9804,30.4392,37.6700,30.2571,34.8555

4790.9280,37.7333,37.7607,37.6963,37.5460,37.6090,30.0776,30.0197,30.4264,37.6691,30.2520,34.8586

4791.9270,37.7246,37.7717,37.6988,37.5616,37.6087,30.0744,30.0410,30.4335,37.6731,30.2540,34.8643

4792.9270,37.7281,37.7599,37.6721,37.5395,37.6236,30.0888,30.0714,30.4179,37.6647,30.2533,34.8627

4793.9270,37.7529,37.7673,37.6917,37.5395,37.6320,30.0677,30.1086,30.4235,37.6767,30.2456,34.8729

4794.9290,37.7342,37.7858,37.6771,37.5482,37.6071,30.1105,30.1392,30.4146,37.6705,30.2625,34.8771

4795.9270,37.7276,37.7592,37.7135,37.5422,37.6323,30.1118,30.1686,30.4098,37.6749,30.2608,34.8831

4796.9280,37.7160,37.7716,37.7021,37.5471,37.6152,30.1067,30.1739,30.4253,37.6704,30.2660,34.8822

4797.9270,37.7168,37.7656,37.6872,37.5430,37.6275,30.1126,30.1737,30.4163,37.6680,30.2644,34.8803

4798.9280,37.7125,37.7634,37.6943,37.5501,37.6229,30.1173,30.1723,30.4172,37.6686,30.2672,34.8812

4799.9280,37.7295,37.7791,37.7020,37.5699,37.6049,30.1137,30.1889,30.4131,37.6771,30.2634,34.8876

4800.9290,37.7089,37.7902,37.6926,37.5591,37.6035,30.1198,30.1470,30.4258,37.6709,30.2728,34.8809

4801.9270,37.7402,37.7736,37.6895,37.5490,37.6120,30.1183,30.1611,30.4206,37.6729,30.2694,34.8830

4802.9270,37.7206,37.7711,37.7053,37.5423,37.6058,30.1381,30.1269,30.4296,37.6690,30.2838,34.8800

4803.9270,37.7265,37.7731,37.7138,37.5331,37.6181,30.1130,30.1384,30.4209,37.6729,30.2670,34.8796

4804.9270,37.7317,37.7764,37.7045,37.5594,37.6308,30.1197,30.1239,30.4228,37.6806,30.2713,34.8836

4805.9270,37.7169,37.7682,37.6916,37.5563,37.6263,30.1137,30.1311,30.4089,37.6718,30.2613,34.8766

4806.9270,37.7212,37.7799,37.7104,37.5764,37.6282,30.1213,30.1312,30.4043,37.6832,30.2628,34.8841

4807.9270,37.7073,37.7679,37.7068,37.5630,37.6195,30.1209,30.1336,30.4194,37.6729,30.2702,34.8798

4808.9270,37.7342,37.7787,37.7054,37.5653,37.6209,30.1231,30.1772,30.4155,37.6809,30.2693,34.8900

4809.9270,37.7289,37.7834,37.7064,37.5635,37.6191,30.1347,30.2161,30.4078,37.6803,30.2713,34.8950

4810.9270,37.7282,37.7779,37.7079,37.5632,37.6150,30.1222,30.2468,30.4043,37.6785,30.2632,34.8957

4811.9280,37.7317,37.7602,37.7121,37.5608,37.6056,30.1253,30.2959,30.4177,37.6741,30.2715,34.9012

4812.9270,37.7189,37.7741,37.7115,37.5523,37.6097,30.1115,30.2981,30.4151,37.6733,30.2633,34.8989

4813.9270,37.7352,37.7901,37.6953,37.5800,37.6052,30.1232,30.3150,30.4043,37.6812,30.2637,34.9060

4814.9270,37.7135,37.7635,37.6991,37.5502,37.6179,30.1229,30.3631,30.4087,37.6688,30.2658,34.9049

4815.9270,37.7358,37.7830,37.6989,37.5500,37.6303,30.1219,30.3705,30.4147,37.6796,30.2683,34.9131

4816.9270,37.7312,37.7675,37.6998,37.5542,37.6032,30.1079,30.3904,30.4200,37.6712,30.2640,34.9093

4817.9280,37.7354,37.7577,37.7199,37.5565,37.6032,30.1464,30.4185,30.4195,37.6745,30.2829,34.9196

4818.9290,37.7368,37.7871,37.6989,37.5705,37.6279,30.1187,30.4181,30.4148,37.6842,30.2667,34.9216

4819.9270,37.7270,37.7943,37.7005,37.5623,37.6099,30.1243,30.4256,30.4284,37.6788,30.2764,34.9215

4820.9280,37.7371,37.7764,37.7101,37.5477,37.6140,30.1171,30.4443,30.4189,37.6771,30.2680,34.9207

4821.9270,37.7421,37.7864,37.7308,37.5534,37.6230,30.1241,30.4225,30.4019,37.6872,30.2630,34.9230

4822.9270,37.7406,37.7634,37.7037,37.5706,37.6397,30.1517,30.4299,30.4107,37.6836,30.2812,34.9263

4823.9270,37.7182,37.7934,37.7089,37.5670,37.6258,30.1282,30.4327,30.4069,37.6827,30.2675,34.9226

4824.9280,37.7158,37.7779,37.7097,37.5515,37.6079,30.1271,30.4454,30.4237,37.6726,30.2754,34.9199

4825.9270,37.7458,37.7687,37.7183,37.5624,37.6189,30.1363,30.3953,30.4000,37.6828,30.2681,34.9182

4826.9270,37.7435,37.7818,37.7118,37.5689,37.6166,30.1259,30.4042,30.3943,37.6845,30.2601,34.9184

4827.9270,37.7184,37.7836,37.7154,37.5618,37.6094,30.1387,30.3921,30.4076,37.6777,30.2732,34.9159

4828.9270,37.7317,37.7916,37.6991,37.5544,37.6076,30.1451,30.4187,30.4003,37.6769,30.2727,34.9186

4829.9270,37.7571,37.7608,37.7118,37.5568,37.6320,30.1359,30.4320,30.3977,37.6837,30.2668,34.9230

4830.9280,37.7320,37.7922,37.6997,37.5634,37.6418,30.1449,30.4330,30.4123,37.6858,30.2786,34.9274

4831.9270,37.7517,37.7636,37.6997,37.5577,37.6180,30.1262,30.4144,30.3993,37.6781,30.2628,34.9163

4832.9270,37.7318,37.7862,37.7050,37.5714,37.6149,30.1423,30.4051,30.4051,37.6818,30.2737,34.9202

4833.9270,37.7183,37.7835,37.6944,37.5571,37.6449,30.1490,30.3953,30.3995,37.6797,30.2742,34.9178

4834.9270,37.7277,37.7678,37.7118,37.5592,37.6241,30.1585,30.3963,30.3925,37.6781,30.2755,34.9173

4835.9290,37.7375,37.7877,37.7177,37.5534,37.6211,30.1485,30.3967,30.4296,37.6835,30.2891,34.9240

4836.9270,37.7350,37.7873,37.6986,37.5427,37.6193,30.1621,30.3741,30.4173,37.6766,30.2897,34.9170

4837.9290,37.7387,37.7906,37.7108,37.5609,37.6272,30.1559,30.3999,30.3858,37.6856,30.2708,34.9212

4838.9280,37.7210,37.7683,37.7035,37.5653,37.6176,30.1625,30.3571,30.4051,37.6751,30.2838,34.9126

4839.9280,37.7370,37.7723,37.6897,37.5641,37.6028,30.1448,30.3723,30.4019,37.6732,30.2733,34.9106

4840.9280,37.7389,37.7767,37.7081,37.5620,37.6283,30.1678,30.3676,30.4099,37.6828,30.2888,34.9199

4841.9270,37.7490,37.8075,37.6996,37.5605,37.6193,30.1696,30.3524,30.4060,37.6872,30.2878,34.9205

4842.9280,37.7385,37.7873,37.7089,37.5679,37.6421,30.1426,30.3701,30.4128,37.6889,30.2777,34.9213

4843.9270,37.7357,37.7784,37.7028,37.5716,37.6281,30.1650,30.3436,30.3925,37.6833,30.2788,34.9147

4844.9290,37.7288,37.7898,37.7174,37.5648,37.6082,30.1491,30.3249,30.3931,37.6818,30.2711,34.9095

4845.9270,37.7361,37.7879,37.7151,37.5573,37.6068,30.1833,30.3173,30.4038,37.6806,30.2936,34.9135

4846.9270,37.7297,37.7746,37.6915,37.5491,37.6173,30.1651,30.2991,30.3968,37.6724,30.2810,34.9029

4847.9270,37.7311,37.7863,37.6939,37.5683,37.6500,30.1632,30.2972,30.3959,37.6859,30.2796,34.9107

4848.9270,37.7506,37.7840,37.6906,37.5566,37.6229,30.1641,30.2779,30.4128,37.6809,30.2884,34.9074

4849.9270,37.7451,37.7835,37.7037,37.5562,37.6127,30.1642,30.2572,30.3997,37.6802,30.2819,34.9028

4850.9270,37.7560,37.7691,37.7191,37.5655,37.6201,30.1357,30.2283,30.4130,37.6860,30.2744,34.9009

4851.9270,37.7383,37.7830,37.7177,37.5762,37.6229,30.1550,30.2293,30.3943,37.6876,30.2747,34.9021

4852.9270,37.7173,37.7854,37.7111,37.5543,37.5954,30.1724,30.2217,30.3891,37.6727,30.2807,34.8933

4853.9270,37.7319,37.7874,37.7048,37.5746,37.6142,30.1688,30.2120,30.4094,37.6826,30.2891,34.9004

4854.9290,37.7312,37.7730,37.7114,37.5639,37.6231,30.1784,30.2432,30.4134,37.6805,30.2959,34.9047

4855.9270,37.7345,37.7782,37.7120,37.5728,37.6200,30.1681,30.2381,30.4120,37.6835,30.2901,34.9045

4856.9270,37.7264,37.7957,37.7220,37.5581,37.6491,30.1923,30.2389,30.4170,37.6903,30.3047,34.9124

4857.9270,37.7431,37.7771,37.6940,37.5750,37.6315,30.1660,30.2252,30.4038,37.6842,30.2849,34.9020

4858.9270,37.7466,37.7765,37.7219,37.5520,37.6276,30.1633,30.2423,30.3941,37.6849,30.2787,34.9030

4859.9270,37.7576,37.7782,37.7198,37.5462,37.6083,30.1726,30.2638,30.4038,37.6820,30.2882,34.9063

4860.9270,37.7423,37.7856,37.7039,37.5676,37.6194,30.1971,30.2718,30.4110,37.6837,30.3040,34.9123

4861.9280,37.7398,37.7739,37.7020,37.5550,37.6119,30.1706,30.2778,30.4047,37.6765,30.2877,34.9045

4862.9280,37.7467,37.7841,37.7024,37.5624,37.6049,30.1884,30.3275,30.4003,37.6801,30.2944,34.9146

4863.9270,37.7314,37.7829,37.7162,37.5631,37.6168,30.1899,30.3591,30.3967,37.6821,30.2933,34.9195

4864.9290,37.7381,37.7722,37.6905,37.5570,37.6294,30.1887,30.3969,30.3894,37.6775,30.2890,34.9203

4865.9270,37.7433,37.7740,37.6947,37.5626,37.6359,30.1977,30.4416,30.4111,37.6821,30.3044,34.9326

4866.9280,37.7365,37.8041,37.7070,37.5529,37.6276,30.2034,30.4784,30.3806,37.6856,30.2920,34.9363

4867.9270,37.7674,37.7865,37.7062,37.5741,37.6138,30.1805,30.4799,30.3920,37.6896,30.2863,34.9376

4868.9280,37.7321,37.7878,37.6996,37.5642,37.6184,30.1774,30.4872,30.3810,37.6804,30.2792,34.9310

4869.9270,37.7395,37.7911,37.7071,37.5679,37.6165,30.1675,30.5205,30.3884,37.6844,30.2780,34.9373

4870.9270,37.7468,37.7806,37.6970,37.5589,37.6210,30.1659,30.5179,30.3723,37.6809,30.2691,34.9325

4871.9270,37.7354,37.7852,37.6956,37.5612,37.6242,30.1845,30.5262,30.3768,37.6803,30.2807,34.9361

4872.9280,37.7464,37.7749,37.6792,37.5415,37.6330,30.1777,30.4922,30.3987,37.6750,30.2882,34.9304

4873.9280,37.7434,37.7775,37.7037,37.5632,37.6234,30.1878,30.4764,30.3763,37.6823,30.2821,34.9315

4874.9280,37.7184,37.7745,37.7040,37.5522,37.6223,30.2007,30.4602,30.3836,37.6743,30.2921,34.9270

4875.9280,37.7399,37.7765,37.6981,37.5674,37.6215,30.1975,30.4302,30.3907,37.6807,30.2941,34.9277

4876.9270,37.7385,37.7872,37.7223,37.5584,37.6084,30.1811,30.4368,30.4015,37.6830,30.2913,34.9293

4877.9270,37.7334,37.7909,37.7167,37.5678,37.6280,30.1886,30.4330,30.3907,37.6873,30.2897,34.9311

4878.9270,37.7264,37.7851,37.7170,37.5508,37.6175,30.1999,30.3841,30.4095,37.6794,30.3047,34.9238

4879.9270,37.7306,37.7898,37.6978,37.5732,37.6315,30.2018,30.3621,30.3771,37.6846,30.2895,34.9205

4880.9270,37.7579,37.7998,37.7116,37.5566,37.6243,30.2180,30.3243,30.3952,37.6901,30.3066,34.9235

4881.9270,37.7435,37.7738,37.7215,37.5693,37.6412,30.2180,30.2970,30.3826,37.6899,30.3003,34.9184

4882.9270,37.7547,37.7992,37.6900,37.5691,37.6331,30.2143,30.2575,30.4089,37.6892,30.3116,34.9158

4883.9270,37.7304,37.7796,37.6890,37.5691,37.6214,30.2048,30.2377,30.4027,37.6779,30.3038,34.9043

4884.9270,37.7398,37.7835,37.6939,37.5701,37.6271,30.2162,30.2129,30.3929,37.6829,30.3045,34.9045

4885.9270,37.7260,37.7752,37.7014,37.5688,37.6202,30.2272,30.1980,30.3781,37.6783,30.3026,34.8994

4886.9270,37.7431,37.7809,37.6983,37.5466,37.6232,30.2238,30.2007,30.3841,37.6784,30.3039,34.9001

4887.9270,37.7265,37.7713,37.7032,37.5715,37.6192,30.2244,30.1779,30.3936,37.6783,30.3090,34.8985

4888.9280,37.7516,37.7839,37.6886,37.5705,37.6121,30.2309,30.1966,30.3898,37.6813,30.3103,34.9030

4889.9280,37.7216,37.7784,37.6897,37.5614,37.6249,30.2260,30.2016,30.4051,37.6752,30.3156,34.9011

4890.9270,37.7306,37.7668,37.7033,37.5646,37.6277,30.2215,30.1825,30.3813,37.6786,30.3014,34.8973

4891.9270,37.7352,37.7657,37.7027,37.5715,37.6234,30.2181,30.1584,30.3897,37.6797,30.3039,34.8956

4892.9270,37.7255,37.7673,37.6977,37.5670,37.6160,30.2229,30.1322,30.3893,37.6747,30.3061,34.8897

4893.9270,37.7571,37.7718,37.7069,37.5720,37.6191,30.2299,30.1058,30.4000,37.6854,30.3150,34.8953

4894.9270,37.7251,37.7806,37.7130,37.5701,37.6331,30.2287,30.0388,30.3923,37.6844,30.3105,34.8852

4895.9280,37.7389,37.7674,37.7202,37.5466,37.6166,30.2313,29.9990,30.3690,37.6779,30.3001,34.8736

4896.9280,37.7258,37.7766,37.7047,37.5511,37.6361,30.2256,29.9708,30.3929,37.6789,30.3092,34.8729

4897.9270,37.7380,37.7802,37.6897,37.5585,37.6248,30.2233,29.9798,30.4019,37.6782,30.3126,34.8745

4898.9270,37.7372,37.7681,37.7117,37.5445,37.5977,30.2230,29.9752,30.4016,37.6718,30.3123,34.8699

4899.9270,37.7345,37.7671,37.7312,37.5435,37.6065,30.2301,30.0256,30.3894,37.6766,30.3098,34.8785

4900.9270,37.7422,37.8050,37.7088,37.5529,37.6248,30.2389,30.0306,30.3738,37.6868,30.3063,34.8846

4901.9270,37.7186,37.7627,37.7254,37.5700,37.6124,30.2475,30.0646,30.3927,37.6778,30.3201,34.8868

4902.9280,37.7370,37.7891,37.6920,37.5576,37.6113,30.2533,30.0413,30.3783,37.6774,30.3158,34.8825

4903.9270,37.7402,37.7958,37.7114,37.5372,37.6245,30.2509,30.0507,30.3957,37.6818,30.3233,34.8883

4904.9270,37.7455,37.7807,37.7177,37.5585,37.6164,30.2501,30.0903,30.4000,37.6837,30.3251,34.8949

4905.9270,37.7199,37.7755,37.6747,37.5617,37.6150,30.2610,30.1346,30.4049,37.6694,30.3330,34.8934

4906.9270,37.7313,37.7887,37.7150,37.5656,37.6254,30.2556,30.1485,30.3981,37.6852,30.3268,34.9035

4907.9270,37.7326,37.7977,37.7281,37.5704,37.6254,30.2532,30.1559,30.3965,37.6909,30.3248,34.9075

4908.9280,37.7480,37.7835,37.7046,37.5603,37.6434,30.2565,30.1827,30.3815,37.6880,30.3190,34.9076

4909.9280,37.7329,37.7780,37.7117,37.5507,37.6156,30.2685,30.1909,30.3818,37.6778,30.3251,34.9038

4910.9270,37.7227,37.7532,37.6939,37.5511,37.6220,30.2563,30.2051,30.3865,37.6686,30.3214,34.8989

4911.9270,37.7315,37.7679,37.7035,37.5840,37.6218,30.2769,30.2229,30.3676,37.6818,30.3223,34.9095

4912.9270,37.7380,37.7824,37.7050,37.5733,37.6205,30.2624,30.1994,30.4010,37.6838,30.3317,34.9102

4913.9270,37.7481,37.7832,37.7006,37.5507,37.6343,30.2519,30.2082,30.3774,37.6834,30.3146,34.9068

4914.9280,37.7433,37.7869,37.7197,37.5736,37.6198,30.2714,30.2178,30.3899,37.6887,30.3306,34.9153

4915.9270,37.7382,37.7825,37.7251,37.5682,37.6238,30.2626,30.2198,30.3749,37.6875,30.3187,34.9119

4916.9280,37.7384,37.7805,37.7053,37.5793,37.6227,30.2505,30.2270,30.3652,37.6852,30.3079,34.9086

4917.9270,37.7270,37.7856,37.7053,37.5527,37.6031,30.2592,30.2442,30.3857,37.6747,30.3224,34.9079

4918.9270,37.7217,37.7891,37.7023,37.5772,37.6164,30.2685,30.2662,30.3888,37.6813,30.3287,34.9163

4919.9270,37.7656,37.7881,37.7055,37.5743,37.6345,30.2920,30.2910,30.3832,37.6936,30.3376,34.9293

4920.9270,37.7297,37.7653,37.7167,37.5692,37.6411,30.2831,30.2897,30.3926,37.6844,30.3378,34.9234

4921.9280,37.7348,37.7883,37.7000,37.5726,37.6099,30.2742,30.3151,30.3724,37.6811,30.3233,34.9209

4922.9280,37.7293,37.7768,37.7040,37.5747,37.6106,30.2686,30.2978,30.3988,37.6791,30.3337,34.9201

4923.9270,37.7425,37.7725,37.6988,37.5424,37.6134,30.2781,30.2683,30.3933,37.6739,30.3357,34.9137

4924.9270,37.7245,37.7823,37.6777,37.5680,37.6016,30.2614,30.2915,30.3752,37.6708,30.3183,34.9103

4925.9270,37.7413,37.7701,37.7000,37.5642,37.6286,30.2530,30.2521,30.3823,37.6809,30.3176,34.9114

4926.9270,37.7346,37.7733,37.7089,37.5464,37.6281,30.2843,30.2119,30.3840,37.6783,30.3342,34.9089

4927.9270,37.7320,37.7798,37.7037,37.5772,37.6249,30.2897,30.1599,30.3846,37.6835,30.3372,34.9065

4928.9280,37.7264,37.7954,37.6988,37.5615,37.6101,30.2751,30.1256,30.3860,37.6784,30.3306,34.8974

4929.9270,37.7411,37.7845,37.6921,37.5576,37.6281,30.2490,30.0727,30.3839,37.6807,30.3164,34.8886

4930.9280,37.7270,37.7654,37.6875,37.5708,37.6310,30.2780,30.0618,30.3758,37.6763,30.3269,34.8871

4931.9270,37.7359,37.7706,37.7043,37.5615,37.6208,30.2616,30.0491,30.3899,37.6786,30.3258,34.8867

4932.9270,37.7483,37.7818,37.7085,37.5736,37.6007,30.2676,30.0236,30.3747,37.6826,30.3211,34.8848

4933.9280,37.7352,37.7749,37.7101,37.5518,37.6260,30.2896,30.0192,30.3930,37.6796,30.3413,34.8875

4934.9270,37.7621,37.7897,37.7127,37.5484,37.6329,30.2903,30.0125,30.3740,37.6891,30.3322,34.8903

4935.9270,37.7524,37.7847,37.7170,37.5564,37.6180,30.2844,30.0080,30.3821,37.6857,30.3333,34.8879

4936.9280,37.7228,37.7647,37.6956,37.5635,37.6275,30.2945,30.0350,30.3857,37.6748,30.3401,34.8861

4937.9270,37.7525,37.7857,37.6933,37.5486,37.6172,30.3089,30.0292,30.4010,37.6795,30.3550,34.8921

4938.9270,37.7405,37.7824,37.7026,37.5579,37.6279,30.3335,30.0251,30.3885,37.6823,30.3610,34.8948

4939.9270,37.7578,37.7870,37.7021,37.5583,37.6260,30.3269,30.0172,30.3974,37.6862,30.3622,34.8966

4940.9280,37.7494,37.7770,37.7014,37.5777,37.6001,30.3349,30.0298,30.3795,37.6811,30.3572,34.8937

4941.9270,37.7381,37.8058,37.6910,37.5677,37.6251,30.3334,30.0339,30.3700,37.6855,30.3517,34.8956

4942.9270,37.7479,37.7715,37.6875,37.5656,37.6272,30.3175,30.0533,30.3819,37.6800,30.3497,34.8940

4943.9280,37.7523,37.7703,37.7199,37.5663,37.6158,30.3120,30.0530,30.3754,37.6849,30.3437,34.8956

4944.9270,37.7598,37.7652,37.7232,37.5659,37.6177,30.3201,30.0940,30.3750,37.6864,30.3476,34.9026

4945.9270,37.7301,37.7805,37.6979,37.5630,37.5994,30.3038,30.1087,30.3602,37.6742,30.3320,34.8930

4946.9270,37.7363,37.7736,37.6979,37.5696,37.6265,30.3100,30.1272,30.3707,37.6808,30.3403,34.9015

4947.9270,37.7222,37.7886,37.7032,37.5688,37.6365,30.3151,30.1731,30.3983,37.6839,30.3567,34.9132

4948.9270,37.7329,37.7880,37.7008,37.5551,37.6237,30.3060,30.2050,30.3620,37.6801,30.3340,34.9092

4949.9270,37.7505,37.7916,37.7212,37.5648,37.6460,30.3158,30.2434,30.3624,37.6948,30.3391,34.9245

4950.9270,37.7351,37.7802,37.6943,37.5622,37.6267,30.3383,30.2848,30.3774,37.6797,30.3578,34.9249

4951.9270,37.7612,37.7598,37.7187,37.5838,37.6272,30.3205,30.3017,30.3792,37.6901,30.3498,34.9315

4952.9270,37.7650,37.7790,37.7146,37.5550,37.6222,30.3239,30.3281,30.3906,37.6872,30.3573,34.9348

4953.9280,37.7282,37.7747,37.7037,37.5543,37.6286,30.3300,30.3328,30.3695,37.6779,30.3498,34.9277

4954.9270,37.7345,37.7812,37.7145,37.5679,37.6286,30.3227,30.3538,30.3655,37.6853,30.3441,34.9336

4955.9270,37.7476,37.7632,37.7016,37.5690,37.6241,30.3171,30.3481,30.3815,37.6811,30.3493,34.9315

4956.9270,37.7397,37.7849,37.7046,37.5655,37.6145,30.3111,30.3449,30.3858,37.6818,30.3484,34.9314

4957.9280,37.7419,37.7880,37.6951,37.5579,37.6209,30.3039,30.3279,30.3758,37.6808,30.3398,34.9264

4958.9280,37.7539,37.7813,37.7206,37.5661,37.6506,30.3164,30.2868,30.3718,37.6945,30.3441,34.9309

4959.9270,37.7350,37.7761,37.7210,37.5725,37.6332,30.3261,30.2782,30.3684,37.6876,30.3473,34.9263

4960.9270,37.7462,37.7749,37.6955,37.5835,37.6349,30.3256,30.2527,30.3646,37.6870,30.3451,34.9222

4961.9280,37.7559,37.7832,37.7258,37.5662,37.6184,30.3269,30.2775,30.3743,37.6899,30.3506,34.9285

4962.9270,37.7411,37.7811,37.7046,37.5603,37.6406,30.3252,30.3007,30.3726,37.6855,30.3489,34.9283

4963.9270,37.7487,37.7841,37.7061,37.5619,37.6109,30.3379,30.3036,30.3915,37.6823,30.3647,34.9306

4964.9270,37.7555,37.7868,37.6986,37.5656,37.6290,30.3500,30.3190,30.3768,37.6871,30.3634,34.9352

4965.9270,37.7381,37.7715,37.7075,37.5857,37.6338,30.3490,30.3203,30.3706,37.6873,30.3598,34.9346

4966.9270,37.7340,37.7845,37.6925,37.5768,37.6262,30.3655,30.3166,30.3735,37.6828,30.3695,34.9337

4967.9270,37.7311,37.7741,37.7363,37.5817,37.6336,30.3334,30.3160,30.3739,37.6913,30.3536,34.9350

4968.9270,37.7473,37.7954,37.7324,37.5662,37.6283,30.3521,30.3352,30.3573,37.6939,30.3547,34.9392

4969.9270,37.7387,37.7834,37.7101,37.5640,37.6242,30.3434,30.3608,30.3716,37.6841,30.3575,34.9370

4970.9270,37.7303,37.7892,37.7075,37.5787,37.6268,30.3280,30.3435,30.3642,37.6865,30.3461,34.9335

4971.9270,37.7406,37.7733,37.7061,37.5646,37.6267,30.3336,30.3754,30.3773,37.6822,30.3554,34.9372

4972.9270,37.7443,37.7950,37.6909,37.5695,37.6330,30.3383,30.3778,30.3491,37.6865,30.3437,34.9372

4973.9270,37.7393,37.7779,37.7139,37.5678,37.6317,30.3388,30.3689,30.3604,37.6861,30.3496,34.9373

4974.9280,37.7416,37.7866,37.7147,37.5607,37.6363,30.3412,30.3680,30.3689,37.6880,30.3550,34.9397

4975.9280,37.7353,37.7696,37.6921,37.5763,37.6230,30.3306,30.3489,30.3729,37.6792,30.3517,34.9311

4976.9270,37.7628,37.7782,37.7124,37.5696,37.6345,30.3456,30.3409,30.3625,37.6915,30.3540,34.9383

4977.9270,37.7395,37.7842,37.7123,37.5737,37.6325,30.3447,30.3729,30.3738,37.6884,30.3592,34.9417

4978.9280,37.7541,37.8018,37.7108,37.6048,37.6310,30.3382,30.3697,30.3754,37.7005,30.3568,34.9482

4979.9270,37.7336,37.7763,37.7072,37.5905,37.6414,30.3214,30.3420,30.3627,37.6898,30.3420,34.9344

4980.9270,37.7490,37.8015,37.7185,37.5658,37.6526,30.3472,30.3233,30.3679,37.6975,30.3576,34.9407

4981.9270,37.7378,37.7741,37.7181,37.5762,37.6542,30.3388,30.3073,30.3670,37.6921,30.3529,34.9342

4982.9270,37.7406,37.7753,37.7058,37.5853,37.6493,30.3529,30.3120,30.3580,37.6913,30.3555,34.9349

4983.9270,37.7559,37.7795,37.7286,37.5914,37.6549,30.3391,30.2728,30.3786,37.7021,30.3589,34.9376

4984.9280,37.7347,37.7776,37.7328,37.5890,37.6450,30.3375,30.2905,30.3614,37.6958,30.3495,34.9336

4985.9280,37.7597,37.7870,37.7604,37.5811,37.6493,30.3486,30.3251,30.3580,37.7075,30.3533,34.9461

4986.9270,37.7474,37.7777,37.7413,37.5811,37.6512,30.3587,30.2990,30.3465,37.6997,30.3526,34.9378

4987.9270,37.7699,37.7940,37.7422,37.5578,37.6395,30.3485,30.2930,30.3748,37.7007,30.3617,34.9400

4988.9270,37.7574,37.8110,37.7419,37.6084,37.6583,30.3636,30.3030,30.3702,37.7154,30.3669,34.9517

4989.9270,37.7615,37.8203,37.7447,37.6144,37.6746,30.3495,30.3067,30.3640,37.7231,30.3567,34.9545

4990.9270,37.7553,37.7831,37.7327,37.6006,37.6739,30.3484,30.3131,30.3639,37.7091,30.3561,34.9464

4991.9270,37.7766,37.8187,37.7379,37.5927,37.6805,30.3562,30.3497,30.3515,37.7213,30.3539,34.9580

4992.9280,37.7765,37.8259,37.7793,37.6294,37.6826,30.3589,30.3720,30.3725,37.7387,30.3657,34.9746

4993.9270,37.7694,37.8383,37.7707,37.5951,37.6820,30.3659,30.3616,30.3677,37.7311,30.3668,34.9688

4994.9280,37.7643,37.8308,37.7688,37.6306,37.7053,30.3753,30.3570,30.3537,37.7400,30.3645,34.9732

4995.9270,37.7933,37.8463,37.7744,37.6175,37.6885,30.3820,30.3857,30.3510,37.7440,30.3665,34.9798

4996.9280,37.7665,37.8325,37.7732,37.6285,37.6971,30.3921,30.4033,30.3596,37.7396,30.3758,34.9816

4997.9270,37.7971,37.8368,37.7533,37.6235,37.6837,30.3844,30.4023,30.3726,37.7389,30.3785,34.9817

4998.9270,37.7932,37.8369,37.7734,37.6166,37.7043,30.4058,30.4189,30.3503,37.7449,30.3780,34.9874

4999.9270,37.7914,37.8411,37.7827,37.6408,37.7113,30.3969,30.4059,30.3678,37.7535,30.3824,34.9922

5000.9270,37.7967,37.8643,37.7714,37.6477,37.7089,30.3731,30.4060,30.3477,37.7578,30.3604,34.9895

5001.9270,37.8189,37.8558,37.7970,37.6332,37.7144,30.3955,30.4072,30.3677,37.7639,30.3816,34.9987

5002.9270,37.8015,37.8644,37.7697,37.6427,37.7104,30.3780,30.4151,30.3752,37.7577,30.3766,34.9946

5003.9270,37.8104,37.8653,37.7944,37.6609,37.7174,30.3780,30.4227,30.3634,37.7697,30.3707,35.0016

5004.9280,37.8186,37.8369,37.8043,37.6320,37.7268,30.4107,30.4032,30.3820,37.7637,30.3964,35.0018

5005.9270,37.8101,37.8613,37.8146,37.6648,37.7287,30.4083,30.4182,30.3524,37.7759,30.3803,35.0073

5006.9270,37.8292,37.8641,37.8029,37.6536,37.7343,30.3998,30.4097,30.3598,37.7768,30.3798,35.0067

5007.9270,37.8378,37.8735,37.8156,37.6466,37.7288,30.3882,30.3906,30.3605,37.7805,30.3744,35.0052

5008.9280,37.8314,37.8710,37.7940,37.6731,37.7216,30.3865,30.3983,30.3875,37.7782,30.3870,35.0079

5009.9280,37.8416,37.8934,37.8052,37.6685,37.7558,30.4184,30.3996,30.3751,37.7929,30.3968,35.0197

5010.9270,37.8249,37.8899,37.8227,37.6888,37.7849,30.4194,30.3851,30.3611,37.8022,30.3902,35.0221

5011.9270,37.8327,37.9191,37.8398,37.6942,37.7646,30.4249,30.3567,30.3600,37.8101,30.3925,35.0240

5012.9270,37.8464,37.9261,37.8538,37.7035,37.7922,30.4199,30.3555,30.3668,37.8244,30.3933,35.0330

5013.9270,37.8406,37.9281,37.8716,37.7012,37.7909,30.4202,30.3501,30.3779,37.8265,30.3990,35.0351

5014.9270,37.8627,37.9301,37.8881,37.7158,37.8082,30.4331,30.3602,30.3494,37.8410,30.3912,35.0435

5015.9270,37.8626,37.9280,37.8962,37.7380,37.8262,30.4465,30.3887,30.3610,37.8502,30.4037,35.0559

5016.9270,37.8812,37.9555,37.9070,37.7726,37.8454,30.4568,30.3933,30.3642,37.8723,30.4105,35.0720

5017.9280,37.8918,37.9926,37.9506,37.7756,37.8652,30.4539,30.3881,30.3745,37.8952,30.4142,35.0865

5018.9270,37.9131,37.9875,37.9399,37.7719,37.8675,30.4682,30.4062,30.3540,37.8960,30.4111,35.0885

5019.9270,37.9091,38.0243,37.9436,37.7900,37.8964,30.4572,30.3928,30.3744,37.9127,30.4158,35.0985

5020.9270,37.9311,38.0115,37.9928,37.7977,37.9191,30.4691,30.3859,30.3680,37.9304,30.4185,35.1094

5021.9270,37.9517,38.0426,37.9917,37.8381,37.9264,30.4559,30.4000,30.3474,37.9501,30.4017,35.1192

5022.9280,37.9624,38.0504,37.9972,37.8376,37.9314,30.4681,30.3784,30.3751,37.9558,30.4216,35.1251

5023.9270,37.9707,38.0533,38.0137,37.8424,37.9493,30.4647,30.3758,30.3599,37.9659,30.4123,35.1287

5024.9270,37.9959,38.0830,38.0288,37.8655,37.9640,30.4840,30.3886,30.3562,37.9874,30.4201,35.1457

5025.9270,37.9984,38.1045,38.0490,37.8707,37.9720,30.4748,30.3789,30.3662,37.9989,30.4205,35.1518

5026.9270,38.0053,38.0863,38.0489,37.8758,37.9920,30.4755,30.3731,30.3609,38.0017,30.4182,35.1522

5027.9270,38.0275,38.1124,38.0741,37.9047,37.9994,30.4773,30.3804,30.3555,38.0236,30.4164,35.1664

5028.9270,38.0512,38.1450,38.0838,37.9434,38.0087,30.4918,30.3620,30.3559,38.0464,30.4238,35.1802

5029.9270,38.0640,38.1533,38.0935,37.9358,38.0259,30.4792,30.3918,30.3519,38.0545,30.4156,35.1869

5030.9280,38.0827,38.1629,38.1149,37.9483,38.0612,30.4887,30.4004,30.3618,38.0740,30.4253,35.2026

5031.9270,38.0894,38.1840,38.1345,37.9604,38.0430,30.4973,30.4300,30.3454,38.0823,30.4214,35.2105

5032.9270,38.0876,38.2101,38.1555,37.9684,38.0729,30.5120,30.3822,30.3555,38.0989,30.4337,35.2180

5033.9270,38.1166,38.2247,38.1617,37.9774,38.0754,30.5228,30.3935,30.3362,38.1112,30.4295,35.2260

5034.9270,38.1375,38.2290,38.1828,38.0013,38.1012,30.5340,30.3649,30.3649,38.1304,30.4495,35.2394

5035.9270,38.1438,38.2423,38.1835,38.0076,38.1168,30.5178,30.3613,30.3519,38.1388,30.4349,35.2406

5036.9270,38.1432,38.2363,38.1948,38.0296,38.1220,30.5359,30.3456,30.3423,38.1452,30.4391,35.2437

5037.9270,38.1699,38.2706,38.2123,38.0411,38.1400,30.5309,30.3372,30.3607,38.1668,30.4458,35.2578

5038.9270,38.1661,38.2740,38.2241,38.0445,38.1397,30.5398,30.3607,30.3504,38.1697,30.4451,35.2624

5039.9280,38.1923,38.2842,38.2133,38.0677,38.1624,30.5502,30.3768,30.3575,38.1840,30.4539,35.2756

5040.9270,38.2069,38.2988,38.2340,38.1000,38.1794,30.5611,30.3867,30.3317,38.2038,30.4464,35.2873

5041.9270,38.2356,38.3165,38.2801,38.0972,38.1784,30.5641,30.3940,30.3559,38.2216,30.4600,35.3027

5042.9270,38.2356,38.3409,38.2864,38.1016,38.2000,30.5746,30.4387,30.3466,38.2329,30.4606,35.3156

5043.9270,38.2440,38.3493,38.2994,38.1399,38.2201,30.5661,30.4514,30.3334,38.2506,30.4498,35.3255

5044.9270,38.2477,38.3685,38.2976,38.1394,38.2421,30.5843,30.4720,30.3554,38.2591,30.4699,35.3384

5045.9270,38.2709,38.3777,38.3063,38.1537,38.2466,30.5716,30.4921,30.3291,38.2710,30.4503,35.3435

5046.9270,38.2806,38.3941,38.3292,38.1599,38.2611,30.6001,30.5268,30.3364,38.2850,30.4683,35.3610

5047.9280,38.2873,38.4251,38.3658,38.1764,38.2739,30.5735,30.5373,30.3667,38.3057,30.4701,35.3758

5048.9280,38.3043,38.4014,38.3571,38.2022,38.2792,30.5822,30.5164,30.3388,38.3088,30.4605,35.3727

5049.9270,38.3429,38.4208,38.3657,38.1889,38.2846,30.5726,30.4909,30.3574,38.3206,30.4650,35.3780

5050.9280,38.3423,38.4481,38.3959,38.2153,38.3278,30.5847,30.4879,30.3450,38.3459,30.4648,35.3934

5051.9270,38.3219,38.4426,38.4053,38.2336,38.3316,30.5881,30.4396,30.3498,38.3470,30.4690,35.3891

5052.9270,38.3579,38.4430,38.4029,38.2382,38.3376,30.5873,30.4049,30.3335,38.3559,30.4604,35.3882

5053.9270,38.3612,38.4648,38.4494,38.2791,38.3622,30.5920,30.4195,30.3561,38.3833,30.4740,35.4105

5054.9280,38.3763,38.5206,38.4511,38.2612,38.3615,30.5785,30.3891,30.3379,38.3941,30.4582,35.4095

5055.9280,38.3993,38.4974,38.4559,38.2758,38.3598,30.6087,30.3785,30.3432,38.3976,30.4760,35.4148

5056.9270,38.4109,38.5385,38.4755,38.3043,38.4018,30.5862,30.3949,30.3465,38.4262,30.4664,35.4324

5057.9270,38.4407,38.5196,38.4795,38.3381,38.4085,30.5926,30.4000,30.3360,38.4373,30.4643,35.4394

5058.9270,38.4475,38.5513,38.4865,38.3148,38.4272,30.5911,30.3834,30.3570,38.4455,30.4741,35.4448

5059.9280,38.4440,38.5655,38.5123,38.3397,38.4428,30.5725,30.3859,30.3455,38.4609,30.4590,35.4510

5060.9270,38.4527,38.5606,38.5238,38.3582,38.4403,30.5935,30.3843,30.3594,38.4671,30.4764,35.4591

5061.9280,38.4916,38.5928,38.5466,38.3610,38.4692,30.5937,30.3620,30.3578,38.4923,30.4757,35.4718

5062.9270,38.5018,38.5987,38.5661,38.3608,38.4616,30.5786,30.3751,30.3239,38.4978,30.4512,35.4708

5063.9270,38.5099,38.6099,38.5684,38.3818,38.4709,30.6112,30.3786,30.3438,38.5082,30.4775,35.4843

5064.9270,38.5132,38.6284,38.5943,38.3984,38.4931,30.6037,30.3833,30.3424,38.5255,30.4730,35.4946

5065.9270,38.5434,38.6404,38.5859,38.4268,38.5178,30.6219,30.3808,30.3343,38.5428,30.4781,35.5064

5066.9290,38.5524,38.6408,38.5956,38.4188,38.5228,30.6018,30.4021,30.3363,38.5461,30.4690,35.5088

5067.9270,38.5649,38.6837,38.6301,38.4319,38.5513,30.5956,30.4203,30.3338,38.5724,30.4647,35.5264

5068.9270,38.5606,38.6854,38.6238,38.4503,38.5287,30.5913,30.4334,30.3201,38.5697,30.4557,35.5242

5069.9280,38.5951,38.6955,38.6325,38.4623,38.5467,30.6190,30.4583,30.3267,38.5864,30.4728,35.5420

5070.9270,38.5932,38.7031,38.6490,38.4596,38.5609,30.6175,30.4606,30.3407,38.5932,30.4791,35.5481

5071.9270,38.6120,38.6978,38.6647,38.4795,38.5761,30.6162,30.4353,30.3225,38.6060,30.4694,35.5505

5072.9280,38.6331,38.7331,38.6846,38.4919,38.5941,30.6173,30.4670,30.3340,38.6274,30.4757,35.5694

5073.9270,38.6319,38.7679,38.7040,38.5221,38.6065,30.6209,30.4799,30.3337,38.6465,30.4773,35.5834

5074.9280,38.6555,38.7523,38.7244,38.5485,38.6059,30.6112,30.4872,30.3358,38.6573,30.4735,35.5901

5075.9270,38.6715,38.7596,38.7223,38.5399,38.6383,30.6311,30.5099,30.3280,38.6663,30.4796,35.6001

5076.9270,38.6940,38.7915,38.7509,38.5536,38.6394,30.6185,30.5175,30.3093,38.6859,30.4639,35.6093

5077.9270,38.6801,38.8107,38.7370,38.5621,38.6340,30.6435,30.5134,30.3174,38.6848,30.4805,35.6123

5078.9270,38.6996,38.8154,38.7412,38.5799,38.6629,30.6294,30.5288,30.3239,38.6998,30.4766,35.6226

5079.9270,38.7206,38.8248,38.7726,38.5823,38.6737,30.6139,30.5359,30.3375,38.7148,30.4757,35.6326

5080.9270,38.7389,38.8355,38.7837,38.5986,38.6839,30.6464,30.5359,30.3202,38.7281,30.4833,35.6429

5081.9270,38.7231,38.8425,38.8094,38.6201,38.7073,30.6356,30.5416,30.3235,38.7405,30.4796,35.6504

5082.9280,38.7535,38.8534,38.8077,38.6081,38.7285,30.6306,30.5497,30.3068,38.7503,30.4687,35.6548

5083.9280,38.7490,38.8517,38.8321,38.6260,38.7375,30.6410,30.5950,30.3361,38.7593,30.4885,35.6711

5084.9270,38.7807,38.8850,38.8449,38.6453,38.7344,30.6383,30.6153,30.3328,38.7781,30.4856,35.6846

5085.9270,38.7998,38.8938,38.8537,38.6630,38.7726,30.6585,30.6434,30.3379,38.7966,30.4982,35.7028

5086.9270,38.8057,38.8955,38.8638,38.6637,38.7738,30.6540,30.6582,30.3283,38.8005,30.4912,35.7054

5087.9270,38.8208,38.9142,38.8653,38.6764,38.8009,30.6528,30.6382,30.3285,38.8155,30.4906,35.7121

5088.9270,38.8021,38.9215,38.8917,38.7084,38.7798,30.6569,30.5996,30.3289,38.8207,30.4929,35.7111

5089.9270,38.8192,38.9319,38.8759,38.6992,38.7943,30.6441,30.5797,30.3105,38.8241,30.4773,35.7068

5090.9270,38.8433,38.9565,38.8828,38.7210,38.8012,30.6628,30.5942,30.3145,38.8409,30.4886,35.7220

5091.9270,38.8590,38.9674,38.9320,38.7272,38.8289,30.6715,30.6156,30.3393,38.8629,30.5054,35.7426

5092.9270,38.8716,38.9901,38.9234,38.7364,38.8362,30.6551,30.6636,30.3304,38.8715,30.4928,35.7509

5093.9280,38.8815,38.9971,38.9407,38.7541,38.8535,30.6778,30.6787,30.3070,38.8854,30.4924,35.7613

5094.9270,38.8913,38.9929,38.9733,38.7849,38.8744,30.6928,30.7375,30.3160,38.9034,30.5044,35.7829

5095.9270,38.9091,39.0115,38.9481,38.7737,38.8716,30.6990,30.7432,30.2944,38.9028,30.4967,35.7813

5096.9280,38.9223,39.0313,38.9758,38.7911,38.8904,30.6850,30.7687,30.3166,38.9222,30.5008,35.7976

5097.9270,38.9205,39.0183,38.9665,38.8019,38.9045,30.6874,30.7654,30.3002,38.9223,30.4938,35.7956

5098.9280,38.9299,39.0445,39.0174,38.8127,38.9149,30.6810,30.7716,30.3111,38.9439,30.4960,35.8104

5099.9270,38.9343,39.0612,39.0202,38.8225,38.9194,30.6952,30.7676,30.3329,38.9515,30.5141,35.8192

5100.9280,38.9625,39.0632,39.0333,38.8282,38.9256,30.6936,30.7584,30.3045,38.9626,30.4990,35.8212

5101.9270,38.9669,39.1053,39.0200,38.8544,38.9412,30.6839,30.7262,30.3235,38.9776,30.5037,35.8277

5102.9270,38.9956,39.0934,39.0700,38.8826,38.9497,30.7139,30.7148,30.3055,38.9983,30.5097,35.8407

5103.9270,38.9964,39.0923,39.0555,38.8741,38.9496,30.7056,30.7188,30.3142,38.9936,30.5099,35.8383

5104.9270,39.0054,39.1192,39.0712,38.8698,38.9742,30.7007,30.7049,30.2909,39.0080,30.4958,35.8420

5105.9270,39.0132,39.1387,39.0720,38.8893,38.9853,30.7128,30.6874,30.3213,39.0197,30.5170,35.8525

5106.9270,39.0262,39.1246,39.0812,38.9078,38.9889,30.7094,30.7165,30.3067,39.0258,30.5081,35.8577

5107.9270,39.0420,39.1739,39.0890,38.9100,38.9967,30.7267,30.7136,30.3132,39.0423,30.5199,35.8706

5108.9270,39.0475,39.1557,39.1207,38.9314,39.0279,30.7300,30.6962,30.3070,39.0567,30.5185,35.8771

5109.9270,39.0664,39.1835,39.1145,38.9565,39.0381,30.7283,30.7194,30.3218,39.0718,30.5250,35.8911

5110.9270,39.0774,39.2010,39.1483,38.9562,39.0336,30.7112,30.7215,30.2906,39.0833,30.5009,35.8925

5111.9280,39.1001,39.1981,39.1352,38.9482,39.0788,30.7228,30.7022,30.3159,39.0921,30.5194,35.9002

5112.9270,39.1042,39.2182,39.1692,38.9823,39.0806,30.7307,30.6950,30.3143,39.1109,30.5225,35.9118

5113.9270,39.1153,39.2252,39.1697,38.9716,39.0951,30.7531,30.6930,30.3302,39.1154,30.5417,35.9191

5114.9270,39.1279,39.2469,39.1924,38.9989,39.0805,30.7311,30.6907,30.3157,39.1293,30.5234,35.9230

5115.9270,39.1336,39.2534,39.1904,39.0133,39.1037,30.7533,30.6655,30.3078,39.1389,30.5306,35.9276

5116.9270,39.1418,39.2543,39.1932,39.0347,39.1247,30.7422,30.6680,30.2972,39.1497,30.5197,35.9320

5117.9270,39.1424,39.2743,39.2356,39.0403,39.1111,30.7551,30.6879,30.3195,39.1607,30.5373,35.9458

5118.9270,39.1524,39.2835,39.2514,39.0630,39.1292,30.7440,30.6684,30.3065,39.1759,30.5253,35.9498

5119.9280,39.2006,39.2844,39.2578,39.0438,39.1459,30.7456,30.6286,30.3034,39.1865,30.5245,35.9512

5120.9270,39.2020,39.2978,39.2586,39.0847,39.1584,30.7377,30.6207,30.3176,39.2003,30.5276,35.9597

5121.9270,39.2180,39.2905,39.2662,39.0821,39.1735,30.7331,30.6405,30.3196,39.2061,30.5263,35.9654

5122.9270,39.2147,39.3355,39.2702,39.1005,39.1732,30.7566,30.6391,30.2838,39.2188,30.5202,35.9717

5123.9270,39.2107,39.3250,39.2839,39.0975,39.2056,30.7178,30.6365,30.2981,39.2245,30.5080,35.9719

5124.9270,39.2326,39.3400,39.3055,39.0999,39.2137,30.7488,30.6468,30.2991,39.2383,30.5239,35.9858

5125.9280,39.2544,39.3690,39.3038,39.1169,39.2161,30.7454,30.6726,30.3065,39.2521,30.5259,35.9981

5126.9270,39.2691,39.3883,39.3100,39.1315,39.2032,30.7612,30.6822,30.3208,39.2604,30.5410,36.0083

5127.9280,39.2715,39.4107,39.3445,39.1427,39.2308,30.7551,30.6978,30.2993,39.2800,30.5272,36.0190

5128.9280,39.2822,39.3980,39.3490,39.1439,39.2693,30.7607,30.7109,30.3110,39.2885,30.5359,36.0281

5129.9280,39.2902,39.4206,39.3391,39.1643,39.2664,30.7392,30.6978,30.3078,39.2961,30.5235,36.0282

5130.9270,39.3259,39.4057,39.3918,39.1773,39.2757,30.7633,30.7229,30.2953,39.3153,30.5293,36.0447

5131.9270,39.3072,39.4403,39.3700,39.1784,39.2758,30.7619,30.7140,30.3019,39.3143,30.5319,36.0437

5132.9270,39.3399,39.4380,39.4063,39.1929,39.2866,30.7864,30.7216,30.3095,39.3327,30.5479,36.0601

5133.9270,39.3452,39.4518,39.4042,39.2029,39.2984,30.7880,30.7354,30.3017,39.3405,30.5448,36.0659

5134.9270,39.3464,39.4708,39.4209,39.2182,39.3128,30.7864,30.7362,30.3057,39.3538,30.5461,36.0747

5135.9270,39.3734,39.4723,39.4364,39.2318,39.3176,30.8104,30.7657,30.3052,39.3663,30.5578,36.0891

5136.9280,39.3795,39.4627,39.4445,39.2353,39.3266,30.8113,30.7497,30.3019,39.3697,30.5566,36.0889

5137.9270,39.3828,39.4798,39.4463,39.2524,39.3582,30.8052,30.7648,30.3104,39.3839,30.5578,36.1000

5138.9270,39.3814,39.5016,39.4615,39.2765,39.3571,30.8119,30.7545,30.2940,39.3957,30.5529,36.1048

5139.9270,39.4150,39.5216,39.4736,39.2946,39.3650,30.8161,30.7607,30.2968,39.4140,30.5565,36.1179

5140.9270,39.4125,39.5545,39.4879,39.2907,39.4040,30.8074,30.7633,30.2929,39.4299,30.5502,36.1267

5141.9270,39.4377,39.5456,39.4710,39.2972,39.4067,30.8164,30.7460,30.2821,39.4316,30.5493,36.1253

5142.9270,39.4429,39.5525,39.5063,39.3087,39.3982,30.8259,30.7395,30.3170,39.4417,30.5715,36.1364

5143.9270,39.4483,39.5670,39.5264,39.3386,39.3908,30.8478,30.7534,30.2938,39.4542,30.5708,36.1458

5144.9270,39.4774,39.5745,39.5223,39.3462,39.4165,30.8626,30.7212,30.3109,39.4674,30.5867,36.1540

5145.9270,39.4839,39.5711,39.5367,39.3404,39.4220,30.8573,30.7300,30.2817,39.4708,30.5695,36.1529

5146.9270,39.4898,39.6076,39.5479,39.3470,39.4570,30.8783,30.6956,30.3097,39.4899,30.5940,36.1666

5147.9270,39.4929,39.5925,39.5701,39.3771,39.4536,30.8546,30.6986,30.2921,39.4972,30.5734,36.1664

5148.9270,39.5122,39.6200,39.5846,39.3744,39.4896,30.8689,30.6833,30.2994,39.5162,30.5842,36.1791

5149.9270,39.5262,39.6404,39.5938,39.3929,39.5038,30.8685,30.6641,30.3013,39.5314,30.5849,36.1864

5150.9270,39.5351,39.6393,39.5829,39.4128,39.4967,30.8671,30.6834,30.3047,39.5333,30.5859,36.1902

5151.9280,39.5537,39.6461,39.6004,39.3935,39.4928,30.8728,30.7018,30.2835,39.5373,30.5782,36.1931

5152.9270,39.5389,39.6618,39.6255,39.4255,39.5048,30.8686,30.7253,30.2831,39.5513,30.5758,36.2042

5153.9270,39.5688,39.6917,39.6096,39.4363,39.5318,30.8729,30.7414,30.3062,39.5676,30.5896,36.2198

5154.9270,39.5650,39.6861,39.6162,39.4605,39.5360,30.8503,30.7352,30.2995,39.5728,30.5749,36.2186

5155.9280,39.5701,39.6948,39.6450,39.4683,39.5448,30.8709,30.7276,30.2939,39.5846,30.5824,36.2269

5156.9270,39.5956,39.7118,39.6485,39.4965,39.5320,30.8675,30.7078,30.2998,39.5969,30.5837,36.2324

5157.9270,39.6110,39.7137,39.6675,39.4853,39.5636,30.8713,30.7318,30.2994,39.6082,30.5854,36.2430

5158.9270,39.6103,39.7342,39.6695,39.4877,39.5511,30.8744,30.7344,30.2851,39.6106,30.5798,36.2433

5159.9270,39.6264,39.7306,39.6887,39.4948,39.5703,30.8911,30.7661,30.3126,39.6222,30.6019,36.2601

5160.9270,39.6391,39.7516,39.7153,39.5107,39.5960,30.8696,30.7991,30.2873,39.6425,30.5784,36.2711

5161.9270,39.6437,39.7848,39.7265,39.5233,39.6030,30.8836,30.8226,30.2779,39.6563,30.5808,36.2832

5162.9270,39.6785,39.7793,39.7206,39.5356,39.5962,30.8726,30.8519,30.3144,39.6620,30.5935,36.2936

5163.9280,39.6627,39.7799,39.7431,39.5362,39.6396,30.8788,30.8370,30.2980,39.6723,30.5884,36.2969

5164.9270,39.6684,39.7977,39.7465,39.5531,39.6472,30.8959,30.8400,30.3010,39.6826,30.5984,36.3062

5165.9270,39.6917,39.8013,39.7435,39.5440,39.6275,30.8982,30.8723,30.3000,39.6816,30.5991,36.3098

5166.9280,39.6875,39.8324,39.7737,39.5640,39.6735,30.9043,30.8704,30.3131,39.7062,30.6087,36.3274

5167.9270,39.7148,39.8268,39.7816,39.5868,39.6777,30.9144,30.8754,30.3134,39.7175,30.6139,36.3364

5168.9270,39.7155,39.8236,39.7784,39.5855,39.6894,30.8869,30.9104,30.2896,39.7185,30.5883,36.3349

5169.9270,39.7336,39.8420,39.8140,39.5941,39.6836,30.9118,30.9071,30.3084,39.7334,30.6101,36.3493

5170.9280,39.7471,39.8531,39.8075,39.6015,39.6835,30.9296,30.9179,30.3093,39.7385,30.6195,36.3562

5171.9270,39.7413,39.8694,39.8410,39.6085,39.7049,30.8960,30.9068,30.3232,39.7530,30.6096,36.3614

5172.9270,39.7523,39.8886,39.8295,39.6300,39.7083,30.9236,30.9086,30.3151,39.7618,30.6193,36.3695

5173.9270,39.7591,39.8785,39.8352,39.6306,39.7164,30.9187,30.9168,30.2890,39.7640,30.6039,36.3681

5174.9280,39.7856,39.9112,39.8399,39.6372,39.7244,30.9243,30.9186,30.2960,39.7797,30.6101,36.3797

5175.9270,39.8025,39.9088,39.8617,39.6600,39.7546,30.9023,30.9079,30.3065,39.7975,30.6044,36.3880

5176.9270,39.7926,39.8928,39.8602,39.6868,39.7460,30.9450,30.9219,30.3022,39.7957,30.6236,36.3934

5177.9270,39.8248,39.9047,39.8772,39.6875,39.7775,30.9403,30.9149,30.3074,39.8143,30.6238,36.4043

5178.9270,39.8229,39.9404,39.8841,39.6870,39.7867,30.9318,30.8843,30.3162,39.8242,30.6240,36.4067

5179.9280,39.8123,39.9402,39.8931,39.6909,39.7799,30.9431,30.8948,30.2876,39.8233,30.6154,36.4053

5180.9280,39.8454,39.9393,39.9058,39.7124,39.8028,30.9413,30.8685,30.2961,39.8412,30.6187,36.4140

5181.9280,39.8550,39.9465,39.9274,39.7266,39.8040,30.9304,30.8444,30.2899,39.8519,30.6101,36.4155

5182.9280,39.8541,39.9764,39.9224,39.7211,39.8110,30.9604,30.8467,30.3157,39.8570,30.6381,36.4260

5183.9270,39.8764,39.9813,39.9417,39.7413,39.8005,30.9496,30.8171,30.2762,39.8682,30.6129,36.4230

5184.9280,39.8646,40.0008,39.9346,39.7687,39.8480,30.9494,30.8033,30.2981,39.8833,30.6238,36.4334

5185.9270,39.8810,40.0106,39.9570,39.7590,39.8452,30.9692,30.7869,30.2930,39.8906,30.6311,36.4378

5186.9280,39.9004,40.0301,39.9672,39.7729,39.8656,30.9540,30.7680,30.3056,39.9072,30.6298,36.4455

5187.9280,39.9183,40.0342,39.9867,39.7976,39.8558,30.9613,30.7635,30.3223,39.9185,30.6418,36.4550

5188.9270,39.9173,40.0366,39.9896,39.7935,39.8699,30.9781,30.7559,30.3104,39.9214,30.6442,36.4564

5189.9280,39.9324,40.0522,39.9963,39.7941,39.8990,30.9905,30.7547,30.3106,39.9348,30.6506,36.4662

5190.9270,39.9467,40.0519,40.0165,39.7952,39.8753,30.9890,30.7621,30.2907,39.9371,30.6399,36.4659

5191.9270,39.9515,40.0671,40.0219,39.8113,39.9171,31.0013,30.7979,30.3172,39.9538,30.6592,36.4857

5192.9270,39.9649,40.0690,40.0215,39.8398,39.9190,30.9914,30.8006,30.3002,39.9629,30.6458,36.4883

5193.9270,39.9712,40.0796,40.0391,39.8411,39.9320,30.9939,30.8117,30.2764,39.9726,30.6352,36.4931

5194.9270,39.9847,40.0864,40.0464,39.8484,39.9276,31.0109,30.8042,30.2812,39.9787,30.6460,36.4987

5195.9270,40.0048,40.0985,40.0324,39.8637,39.9424,31.0100,30.8357,30.2953,39.9884,30.6527,36.5104

5196.9270,39.9871,40.1247,40.0702,39.8647,39.9416,31.0086,30.8498,30.3029,39.9977,30.6557,36.5187

5197.9270,40.0026,40.1285,40.0796,39.8942,39.9585,31.0317,30.8997,30.2959,40.0127,30.6638,36.5363

5198.9270,39.9967,40.1296,40.0993,39.8915,39.9954,31.0314,30.9065,30.2980,40.0225,30.6647,36.5435

5199.9270,40.0341,40.1228,40.1051,39.8945,39.9886,31.0367,30.9076,30.2967,40.0290,30.6667,36.5483

5200.9280,40.0173,40.1489,40.1004,39.9038,39.9919,31.0583,30.9249,30.2995,40.0325,30.6789,36.5556

5201.9270,40.0486,40.1453,40.1253,39.9012,40.0126,31.0621,30.9381,30.2798,40.0466,30.6709,36.5641

5202.9270,40.0545,40.1727,40.1522,39.9170,40.0153,31.0789,30.9553,30.2886,40.0623,30.6837,36.5793

5203.9270,40.0851,40.1917,40.1246,39.9327,40.0021,31.0863,30.9881,30.2922,40.0672,30.6892,36.5878

5204.9270,40.0790,40.2047,40.1441,39.9424,40.0197,31.0674,30.9908,30.2992,40.0780,30.6833,36.5934

5205.9280,40.0915,40.1804,40.1492,39.9437,40.0476,31.0776,30.9861,30.2977,40.0825,30.6877,36.5967

5206.9270,40.0790,40.2112,40.1688,39.9629,40.0472,31.1013,30.9636,30.2903,40.0938,30.6958,36.6030

5207.9280,40.1075,40.2227,40.1603,39.9693,40.0569,31.0759,30.9773,30.3185,40.1034,30.6972,36.6111

5208.9270,40.1214,40.2505,40.1792,39.9785,40.0684,31.0890,30.9589,30.3010,40.1196,30.6950,36.6184

5209.9290,40.1276,40.2342,40.2077,39.9892,40.0842,31.0793,30.8980,30.3149,40.1286,30.6971,36.6169

5210.9270,40.1366,40.2573,40.2223,39.9978,40.0970,31.0912,30.8925,30.2896,40.1422,30.6904,36.6230

5211.9270,40.1394,40.2471,40.2126,40.0226,40.0887,31.1001,30.8972,30.2910,40.1421,30.6956,36.6248

5212.9280,40.1454,40.2587,40.2326,40.0202,40.1078,31.1119,30.8817,30.2981,40.1530,30.7050,36.6321

5213.9290,40.1711,40.2754,40.2428,40.0253,40.1110,31.0993,30.8818,30.2906,40.1651,30.6949,36.6371

5214.9270,40.1697,40.2953,40.2269,40.0219,40.1188,31.1091,30.9136,30.3150,40.1665,30.7120,36.6463

5215.9280,40.1715,40.3009,40.2645,40.0354,40.1476,31.1001,30.9366,30.2990,40.1840,30.6995,36.6569

5216.9270,40.1790,40.3144,40.2594,40.0479,40.1490,31.1579,30.9287,30.3108,40.1900,30.7344,36.6684

5217.9270,40.2082,40.3133,40.2486,40.0502,40.1545,31.1517,30.9215,30.2937,40.1950,30.7227,36.6677

5218.9270,40.2190,40.3280,40.2712,40.0765,40.1492,31.1536,30.9460,30.3102,40.2088,30.7319,36.6817

5219.9270,40.2128,40.3299,40.2927,40.1036,40.1930,31.1456,30.9610,30.2853,40.2264,30.7154,36.6905

5220.9270,40.2345,40.3554,40.3107,40.0769,40.1807,31.1429,30.9644,30.2911,40.2316,30.7170,36.6946

5221.9270,40.2479,40.3534,40.3040,40.1056,40.1941,31.1603,30.9790,30.2826,40.2410,30.7214,36.7033

5222.9270,40.2471,40.3789,40.3063,40.1041,40.1926,31.1448,31.0058,30.2958,40.2458,30.7203,36.7094

5223.9280,40.2468,40.3788,40.3146,40.1315,40.1944,31.1558,30.9834,30.2984,40.2532,30.7271,36.7130

5224.9270,40.2687,40.3902,40.3385,40.1429,40.2095,31.1446,30.9830,30.2942,40.2699,30.7194,36.7214

5225.9270,40.2725,40.3851,40.3418,40.1378,40.2156,31.1583,30.9868,30.3107,40.2706,30.7345,36.7261

5226.9270,40.2884,40.4031,40.3747,40.1567,40.2289,31.1696,30.9728,30.2891,40.2903,30.7293,36.7354

5227.9280,40.2901,40.3880,40.3545,40.1472,40.2534,31.1558,30.9830,30.2913,40.2866,30.7235,36.7329

5228.9270,40.3161,40.4165,40.3741,40.1650,40.2330,31.1858,30.9590,30.2809,40.3009,30.7334,36.7413

5229.9270,40.3029,40.4460,40.3808,40.1926,40.2634,31.1682,30.9442,30.3018,40.3171,30.7350,36.7500

5230.9270,40.3052,40.4273,40.3663,40.1772,40.2722,31.1786,30.9625,30.2741,40.3096,30.7264,36.7454

5231.9270,40.3423,40.4541,40.4038,40.1929,40.2841,31.1892,30.9488,30.2937,40.3355,30.7415,36.7636

5232.9280,40.3535,40.4603,40.4049,40.1958,40.2992,31.1981,30.9750,30.2965,40.3427,30.7473,36.7729

5233.9270,40.3560,40.4953,40.4278,40.2028,40.2955,31.2006,30.9813,30.3033,40.3555,30.7520,36.7828

5234.9270,40.3401,40.4726,40.4284,40.2290,40.2989,31.1945,30.9879,30.2943,40.3538,30.7444,36.7807

5235.9270,40.3738,40.4930,40.4264,40.2215,40.3151,31.1956,31.0082,30.2747,40.3660,30.7351,36.7885

5236.9270,40.3801,40.4928,40.4546,40.2395,40.3303,31.1982,31.0319,30.2895,40.3795,30.7439,36.8021

5237.9270,40.3952,40.4931,40.4433,40.2705,40.3394,31.1965,31.0514,30.3024,40.3883,30.7494,36.8115

5238.9270,40.3991,40.5278,40.4598,40.2647,40.3303,31.2188,31.0389,30.3078,40.3963,30.7633,36.8184

5239.9280,40.4269,40.5122,40.4875,40.2374,40.3478,31.2309,31.0134,30.2955,40.4023,30.7632,36.8189

5240.9270,40.4234,40.5311,40.4841,40.2657,40.3607,31.2376,31.0357,30.2881,40.4130,30.7628,36.8283

5241.9270,40.4090,40.5297,40.5083,40.2797,40.3658,31.2119,30.9888,30.2915,40.4185,30.7517,36.8231

5242.9270,40.4192,40.5566,40.4923,40.2925,40.3601,31.2188,30.9755,30.2843,40.4241,30.7516,36.8249

5243.9270,40.4346,40.5484,40.5111,40.2978,40.3975,31.2222,30.9446,30.2905,40.4379,30.7564,36.8309

5244.9270,40.4392,40.5543,40.5106,40.3001,40.4086,31.2470,30.9267,30.2970,40.4426,30.7720,36.8354

5245.9270,40.4517,40.5658,40.5327,40.3223,40.3828,31.2521,30.9365,30.2791,40.4511,30.7656,36.8404

5246.9270,40.4499,40.5786,40.5204,40.3430,40.4259,31.2366,30.9083,30.3050,40.4635,30.7708,36.8459

5247.9270,40.4512,40.5895,40.5360,40.3478,40.4116,31.2694,30.9096,30.2842,40.4672,30.7768,36.8499

5248.9270,40.4707,40.6065,40.5641,40.3536,40.4104,31.2422,30.9040,30.2964,40.4811,30.7693,36.8560

5249.9280,40.4947,40.5758,40.5385,40.3541,40.4310,31.2424,30.8958,30.3027,40.4788,30.7726,36.8544

5250.9270,40.4942,40.6100,40.5620,40.3697,40.4712,31.2447,30.8919,30.2971,40.5014,30.7709,36.8676

5251.9270,40.5136,40.6214,40.5585,40.3625,40.4696,31.2492,30.9031,30.3016,40.5051,30.7754,36.8724

5252.9280,40.5096,40.6332,40.5880,40.3561,40.4544,31.2410,30.9206,30.2905,40.5082,30.7657,36.8742

5253.9270,40.5186,40.6413,40.5962,40.3727,40.4788,31.2656,30.9035,30.2823,40.5215,30.7739,36.8824

5254.9270,40.5347,40.6303,40.5903,40.4087,40.4799,31.2480,30.9253,30.3004,40.5288,30.7742,36.8897

5255.9270,40.5314,40.6436,40.6031,40.4113,40.4732,31.2535,30.9210,30.2890,40.5325,30.7713,36.8908

5256.9280,40.5434,40.6444,40.6192,40.4148,40.5131,31.2690,30.9242,30.3115,40.5470,30.7902,36.9049

5257.9270,40.5658,40.6652,40.6097,40.4295,40.5027,31.2774,30.9364,30.2875,40.5546,30.7825,36.9093

5258.9270,40.5793,40.7044,40.6262,40.4316,40.5084,31.2559,30.9553,30.2918,40.5700,30.7739,36.9191

5259.9270,40.5662,40.7100,40.6374,40.4237,40.5112,31.2529,30.9401,30.2842,40.5697,30.7686,36.9157

5260.9280,40.6019,40.6870,40.6475,40.4435,40.5241,31.2857,30.9518,30.3024,40.5808,30.7941,36.9305

5261.9270,40.5911,40.7104,40.6648,40.4460,40.5335,31.2804,30.9564,30.2901,40.5892,30.7852,36.9341

5262.9270,40.5909,40.7332,40.6764,40.4506,40.5647,31.3004,30.9675,30.2960,40.6031,30.7982,36.9474

5263.9270,40.6062,40.7261,40.6809,40.4789,40.5506,31.3281,30.9674,30.2898,40.6085,30.8089,36.9535

5264.9280,40.6149,40.7289,40.6754,40.4696,40.5474,31.2998,30.9569,30.2995,40.6072,30.7996,36.9490

5265.9290,40.6156,40.7486,40.7016,40.4725,40.5507,31.3136,30.9712,30.2833,40.6178,30.7984,36.9571

5266.9280,40.6347,40.7567,40.7055,40.4811,40.5779,31.3272,30.9689,30.3087,40.6312,30.8180,36.9701

5267.9280,40.6312,40.7618,40.7167,40.5011,40.5798,31.3387,30.9536,30.2990,40.6381,30.8189,36.9727

5268.9270,40.6651,40.7793,40.7113,40.5074,40.5823,31.3447,30.9671,30.3055,40.6491,30.8251,36.9828

5269.9270,40.6590,40.7820,40.7228,40.5096,40.5804,31.3165,30.9671,30.2979,40.6507,30.8072,36.9794

5270.9270,40.6811,40.7899,40.7359,40.5268,40.6013,31.3355,30.9800,30.2907,40.6670,30.8131,36.9926

5271.9270,40.6848,40.7783,40.7513,40.5330,40.6196,31.3440,30.9974,30.2940,40.6734,30.8190,37.0003

5272.9270,40.6678,40.7962,40.7319,40.5364,40.6225,31.3573,31.0084,30.3050,40.6709,30.8311,37.0032

5273.9270,40.6975,40.8208,40.7565,40.5508,40.6313,31.3727,30.9904,30.2913,40.6914,30.8320,37.0139

5274.9270,40.6724,40.8119,40.7784,40.5526,40.6266,31.3535,30.9961,30.2875,40.6884,30.8205,37.0099

5275.9270,40.7252,40.8244,40.7732,40.5558,40.6340,31.3654,30.9911,30.2957,40.7025,30.8306,37.0206

5276.9270,40.7174,40.8250,40.7915,40.5680,40.6621,31.3449,30.9885,30.2930,40.7128,30.8190,37.0238

5277.9270,40.7243,40.8410,40.8010,40.5836,40.6329,31.3528,31.0034,30.2802,40.7166,30.8165,37.0274

5278.9270,40.7219,40.8483,40.7990,40.5974,40.6607,31.3575,31.0137,30.3065,40.7255,30.8320,37.0381

5279.9270,40.7342,40.8526,40.7804,40.5872,40.6854,31.3304,31.0097,30.2922,40.7280,30.8113,37.0340

5280.9270,40.7406,40.8731,40.8079,40.5970,40.6957,31.3406,30.9912,30.2789,40.7429,30.8097,37.0406

5281.9270,40.7526,40.8814,40.8200,40.5983,40.7082,31.3429,30.9789,30.2966,40.7521,30.8197,37.0474

5282.9270,40.7687,40.8848,40.8169,40.5957,40.7177,31.3591,30.9627,30.3077,40.7567,30.8334,37.0516

5283.9270,40.7786,40.8911,40.8292,40.6118,40.7184,31.3668,30.9986,30.2886,40.7658,30.8277,37.0604

5284.9270,40.7656,40.8911,40.8515,40.6313,40.7081,31.3517,30.9868,30.2933,40.7695,30.8225,37.0599

5285.9270,40.7827,40.8835,40.8579,40.6563,40.7248,31.3587,30.9952,30.2861,40.7811,30.8224,37.0682

5286.9280,40.7784,40.9001,40.8647,40.6487,40.7213,31.3760,31.0012,30.2917,40.7827,30.8338,37.0728

5287.9270,40.7966,40.9252,40.8726,40.6649,40.7366,31.3694,30.9683,30.2978,40.7992,30.8336,37.0789

5288.9270,40.7926,40.9148,40.8659,40.6685,40.7421,31.3405,30.9460,30.3069,40.7968,30.8237,37.0722

5289.9280,40.8059,40.9422,40.8798,40.6624,40.7379,31.3383,30.9020,30.2897,40.8056,30.8140,37.0698

5290.9270,40.8077,40.9365,40.8946,40.6828,40.7666,31.3529,30.9058,30.3005,40.8176,30.8267,37.0809

5291.9280,40.8262,40.9662,40.9006,40.6957,40.7740,31.3626,30.8934,30.3103,40.8325,30.8364,37.0911

5292.9270,40.8489,40.9836,40.9189,40.6973,40.7807,31.3686,30.8975,30.2735,40.8459,30.8210,37.0961

5293.9270,40.8491,40.9717,40.9167,40.6993,40.7827,31.3608,30.8813,30.2840,40.8439,30.8224,37.0932

5294.9270,40.8679,40.9626,40.9235,40.7033,40.8025,31.3549,30.8688,30.2673,40.8520,30.8111,37.0939

5295.9270,40.8424,40.9824,40.9205,40.7105,40.8171,31.3696,30.8901,30.2980,40.8546,30.8338,37.1038

5296.9270,40.8730,41.0021,40.9159,40.7265,40.8187,31.3540,30.8928,30.2988,40.8672,30.8264,37.1102

5297.9270,40.8779,40.9936,40.9475,40.7390,40.8367,31.3791,30.9338,30.2929,40.8790,30.8360,37.1251

5298.9270,40.8960,41.0024,40.9591,40.7166,40.7999,31.3927,30.9249,30.2929,40.8748,30.8428,37.1230

5299.9270,40.8894,41.0030,40.9514,40.7382,40.8355,31.3700,30.9624,30.2777,40.8835,30.8239,37.1284

5300.9270,40.9154,41.0292,40.9687,40.7410,40.8434,31.3709,30.9680,30.2923,40.8995,30.8316,37.1411

5301.9270,40.9149,41.0133,40.9821,40.7619,40.8634,31.3845,30.9491,30.2880,40.9071,30.8362,37.1447

5302.9270,40.9295,41.0461,40.9749,40.7794,40.8479,31.3865,30.9469,30.3088,40.9156,30.8477,37.1525

5303.9280,40.9129,41.0317,40.9884,40.7589,40.8776,31.3960,30.9287,30.2962,40.9139,30.8461,37.1488

5304.9280,40.9211,41.0670,40.9851,40.7802,40.8715,31.3818,30.9155,30.2853,40.9250,30.8336,37.1509

5305.9270,40.9497,41.0683,40.9980,40.7820,40.8770,31.3797,30.9147,30.2752,40.9350,30.8274,37.1555

5306.9270,40.9588,41.0499,41.0127,40.7888,40.8758,31.3917,30.9197,30.2835,40.9372,30.8376,37.1601

5307.9270,40.9541,41.0698,41.0265,40.8049,40.8924,31.3780,30.8881,30.3059,40.9495,30.8420,37.1650

5308.9270,40.9605,41.0803,41.0221,40.8042,40.9132,31.3962,30.8890,30.2823,40.9560,30.8393,37.1685

5309.9270,40.9556,41.0818,41.0195,40.8296,40.8924,31.3898,30.8751,30.2731,40.9558,30.8315,37.1646

5310.9280,40.9706,41.0870,41.0502,40.8468,40.8892,31.3867,30.8668,30.2817,40.9688,30.8342,37.1724

5311.9280,40.9697,41.1160,41.0611,40.8330,40.9131,31.3802,30.8377,30.2780,40.9786,30.8291,37.1736

5312.9270,40.9867,41.1186,41.0446,40.8459,40.9176,31.3841,30.8473,30.3040,40.9827,30.8441,37.1811

5313.9270,40.9843,41.1097,41.0632,40.8486,40.9198,31.4216,30.8313,30.2918,40.9852,30.8567,37.1838

5314.9270,41.0218,41.1324,41.0551,40.8750,40.9369,31.4134,30.8559,30.3028,41.0042,30.8581,37.1991

5315.9270,40.9990,41.1091,41.0849,40.8647,40.9564,31.4477,30.8587,30.2779,41.0028,30.8628,37.1998

5316.9280,41.0168,41.1278,41.0831,40.8704,40.9598,31.4361,30.8908,30.2696,41.0116,30.8528,37.2068

5317.9270,41.0240,41.1331,41.1014,40.8827,40.9651,31.4673,30.8939,30.2830,41.0213,30.8752,37.2188

5318.9270,41.0485,41.1576,41.1069,40.8770,40.9580,31.4587,30.9097,30.2885,41.0296,30.8736,37.2256

5319.9270,41.0361,41.1577,41.1126,40.8864,40.9832,31.4687,30.9004,30.2801,41.0352,30.8744,37.2281

5320.9270,41.0413,41.1765,41.1160,40.8931,40.9899,31.4786,30.9381,30.2920,41.0433,30.8853,37.2407

5321.9270,41.0515,41.1739,41.1321,40.8956,40.9980,31.4683,30.9498,30.2981,41.0502,30.8832,37.2459

5322.9270,41.0471,41.1616,41.1364,40.9242,41.0029,31.4779,30.9698,30.2870,41.0544,30.8824,37.2508

5323.9270,41.0629,41.1963,41.1442,40.9166,41.0032,31.4788,30.9764,30.2927,41.0647,30.8858,37.2589

5324.9280,41.0864,41.1847,41.1446,40.9021,41.0213,31.4781,30.9831,30.2835,41.0678,30.8808,37.2605

5325.9280,41.0705,41.2031,41.1482,40.9289,41.0113,31.4706,30.9972,30.2891,41.0724,30.8798,37.2649

5326.9270,41.0803,41.1967,41.1651,40.9477,41.0376,31.4974,30.9752,30.2887,41.0855,30.8930,37.2736

5327.9270,41.0796,41.2538,41.1696,40.9303,41.0420,31.4873,30.9608,30.2804,41.0951,30.8838,37.2755

5328.9280,41.1079,41.2346,41.1886,40.9633,41.0424,31.4669,30.9480,30.2732,41.1074,30.8701,37.2781

5329.9270,41.0935,41.2411,41.1773,40.9674,41.0512,31.4707,30.9522,30.2779,41.1061,30.8743,37.2789

5330.9280,41.1289,41.2283,41.1906,40.9700,41.0459,31.4825,30.9232,30.3001,41.1128,30.8913,37.2837

5331.9280,41.1291,41.2552,41.1952,40.9834,41.0546,31.5043,30.9013,30.2791,41.1235,30.8917,37.2878

5332.9270,41.1407,41.2648,41.1913,40.9716,41.0703,31.4982,30.9304,30.2820,41.1277,30.8901,37.2937

5333.9270,41.1338,41.2530,41.2065,40.9854,41.0524,31.4973,30.9695,30.2698,41.1262,30.8836,37.2960

5334.9270,41.1614,41.2672,41.2360,41.0150,41.1053,31.4984,31.0269,30.3023,41.1570,30.9004,37.3266

5335.9270,41.1579,41.2653,41.2258,41.0145,41.0871,31.5174,31.0633,30.2862,41.1501,30.9018,37.3272

5336.9270,41.1550,41.3040,41.2221,41.0080,41.0946,31.5511,31.1163,30.2794,41.1567,30.9153,37.3413

5337.9280,41.1676,41.2875,41.2265,41.0073,41.1009,31.5619,31.1167,30.2907,41.1580,30.9263,37.3449

5338.9280,41.1733,41.2898,41.2447,41.0213,41.1036,31.5352,31.1056,30.2758,41.1665,30.9055,37.3437

5339.9270,41.1768,41.3132,41.2313,41.0322,41.1262,31.5609,31.1026,30.2780,41.1759,30.9194,37.3526

5340.9270,41.1831,41.3007,41.2727,41.0521,41.1164,31.5851,31.0878,30.2843,41.1850,30.9347,37.3603

5341.9280,41.1797,41.3138,41.2635,41.0504,41.1379,31.5511,31.0703,30.2809,41.1891,30.9160,37.3559

5342.9270,41.1956,41.3366,41.2659,41.0416,41.1253,31.5756,31.0492,30.3224,41.1930,30.9490,37.3640

5343.9280,41.2069,41.3190,41.2701,41.0514,41.1473,31.5640,31.0437,30.2821,41.1989,30.9231,37.3606

5344.9270,41.2246,41.3518,41.2973,41.0842,41.1559,31.5692,31.0493,30.2708,41.2228,30.9200,37.3754

5345.9270,41.2442,41.3365,41.2709,41.0778,41.1611,31.5529,31.0744,30.2793,41.2181,30.9161,37.3746

5346.9270,41.2263,41.3291,41.2811,41.0745,41.1364,31.5648,31.0764,30.2838,41.2095,30.9243,37.3716

5347.9270,41.2256,41.3554,41.3196,41.0851,41.1600,31.5693,31.0359,30.2864,41.2291,30.9279,37.3797

5348.9270,41.2404,41.3693,41.3055,41.0794,41.1780,31.5612,31.0367,30.2943,41.2345,30.9277,37.3831

5349.9270,41.2425,41.3623,41.3102,41.1031,41.1734,31.5746,31.0242,30.2851,41.2383,30.9298,37.3844

5350.9270,41.2539,41.3836,41.3319,41.1016,41.2040,31.6035,31.0433,30.3013,41.2550,30.9524,37.4029

5351.9270,41.2766,41.3846,41.3181,41.1138,41.2013,31.5930,31.0431,30.2768,41.2588,30.9349,37.4009

5352.9280,41.2744,41.3781,41.3423,41.1222,41.2008,31.6105,31.0921,30.2929,41.2636,30.9517,37.4142

5353.9280,41.2841,41.3772,41.3409,41.1496,41.1994,31.6086,31.1151,30.2759,41.2702,30.9422,37.4188

5354.9270,41.2917,41.4008,41.3459,41.1300,41.2212,31.6003,31.1298,30.2798,41.2779,30.9400,37.4249

5355.9280,41.2816,41.3811,41.3537,41.1382,41.2187,31.6361,31.1557,30.2813,41.2747,30.9587,37.4308

5356.9280,41.3017,41.4082,41.3524,41.1360,41.2151,31.6085,31.1788,30.2857,41.2827,30.9471,37.4358

5357.9270,41.3033,41.4268,41.3794,41.1509,41.2356,31.6181,31.1570,30.2840,41.2992,30.9511,37.4444

5358.9270,41.3298,41.4441,41.3809,41.1417,41.2538,31.6081,31.1701,30.2868,41.3100,30.9474,37.4519

5359.9270,41.3176,41.4429,41.3959,41.1730,41.2568,31.6034,31.1939,30.2801,41.3173,30.9417,37.4580

5360.9270,41.3169,41.4311,41.4032,41.1728,41.2584,31.6140,31.2407,30.2870,41.3165,30.9505,37.4655

5361.9270,41.3281,41.4442,41.3977,41.1962,41.2734,31.5980,31.2435,30.2996,41.3279,30.9488,37.4726

5362.9280,41.3282,41.4592,41.4085,41.1847,41.2721,31.6169,31.2596,30.2866,41.3305,30.9517,37.4770

5363.9270,41.3563,41.4586,41.4139,41.1743,41.2678,31.6016,31.2593,30.2948,41.3342,30.9482,37.4783

5364.9280,41.3489,41.4716,41.4246,41.1882,41.2799,31.6082,31.2194,30.2718,41.3427,30.9400,37.4766

5365.9270,41.3557,41.4820,41.4173,41.1981,41.3331,31.6231,31.1925,30.2791,41.3572,30.9511,37.4851

5366.9270,41.3687,41.4693,41.4279,41.2255,41.2883,31.6145,31.1779,30.2758,41.3559,30.9451,37.4810

5367.9270,41.3637,41.4919,41.4598,41.2327,41.3100,31.6405,31.1343,30.2909,41.3716,30.9657,37.4905

5368.9280,41.3693,41.4917,41.4340,41.2232,41.2846,31.6255,31.0972,30.2703,41.3605,30.9479,37.4745

5369.9280,41.3750,41.5014,41.4511,41.2236,41.3297,31.6359,31.0781,30.2835,41.3761,30.9597,37.4848

5370.9270,41.3859,41.5059,41.4668,41.2449,41.3230,31.6357,31.0572,30.2908,41.3853,30.9632,37.4888

5371.9270,41.3915,41.5127,41.4727,41.2475,41.3238,31.6352,31.0492,30.2706,41.3896,30.9529,37.4879

5372.9270,41.4057,41.5041,41.4780,41.2538,41.3450,31.6430,31.0415,30.2723,41.3973,30.9576,37.4929

5373.9270,41.3998,41.5219,41.4651,41.2548,41.3353,31.6276,31.0162,30.3096,41.3954,30.9686,37.4913

5374.9280,41.4148,41.5400,41.4818,41.2580,41.3441,31.6418,31.0013,30.2781,41.4078,30.9600,37.4950

5375.9270,41.4146,41.5304,41.4904,41.2578,41.3420,31.6153,30.9852,30.2799,41.4071,30.9476,37.4895

5376.9270,41.4179,41.5469,41.4646,41.2864,41.3585,31.6257,30.9781,30.2855,41.4149,30.9556,37.4955

5377.9280,41.4477,41.5601,41.5094,41.2837,41.3670,31.6426,30.9838,30.2630,41.4336,30.9528,37.5072

5378.9270,41.4544,41.5664,41.5148,41.2923,41.3570,31.6316,30.9525,30.2900,41.4370,30.9608,37.5074

5379.9270,41.4229,41.5669,41.5148,41.2784,41.3654,31.6350,30.9631,30.3043,41.4297,30.9697,37.5064

5380.9270,41.4540,41.5827,41.5282,41.3151,41.3854,31.6532,30.9873,30.2952,41.4531,30.9742,37.5251

5381.9270,41.4814,41.5926,41.5303,41.3041,41.3846,31.6560,30.9723,30.2951,41.4586,30.9756,37.5270

5382.9270,41.4633,41.6095,41.5290,41.3043,41.3852,31.6640,31.0075,30.2708,41.4583,30.9674,37.5292

5383.9270,41.4772,41.5908,41.5438,41.3228,41.4117,31.6711,30.9982,30.2835,41.4693,30.9773,37.5374

5384.9280,41.4879,41.6056,41.5567,41.3506,41.4065,31.6409,31.0488,30.2914,41.4815,30.9662,37.5486

5385.9280,41.4835,41.6160,41.5290,41.3541,41.4253,31.6769,31.0350,30.2893,41.4816,30.9831,37.5511

5386.9280,41.4892,41.6067,41.5476,41.3443,41.4294,31.6606,31.0553,30.2960,41.4834,30.9783,37.5536

5387.9270,41.4855,41.6059,41.5677,41.3532,41.4482,31.6790,31.0742,30.2730,41.4921,30.9760,37.5608

5388.9270,41.5162,41.6157,41.5691,41.3556,41.4421,31.6690,31.0699,30.2951,41.4997,30.9821,37.5666

5389.9270,41.5192,41.6223,41.5739,41.3636,41.4292,31.6777,31.0870,30.2760,41.5016,30.9768,37.5686

5390.9270,41.5010,41.6304,41.5853,41.3759,41.4494,31.6828,31.0949,30.2877,41.5084,30.9852,37.5759

5391.9270,41.5178,41.6449,41.6063,41.3615,41.4532,31.6744,31.1058,30.2741,41.5167,30.9743,37.5797

5392.9270,41.5284,41.6413,41.5981,41.3720,41.4418,31.7011,31.0902,30.2726,41.5163,30.9869,37.5807

5393.9270,41.5354,41.6652,41.5889,41.3600,41.4684,31.7119,31.1015,30.2821,41.5236,30.9970,37.5892

5394.9270,41.5553,41.6525,41.6050,41.3794,41.4552,31.6977,31.0812,30.2768,41.5295,30.9872,37.5879

5395.9270,41.5332,41.6655,41.6185,41.4091,41.4775,31.6988,31.0518,30.2798,41.5408,30.9893,37.5918

5396.9270,41.5453,41.6601,41.6145,41.4014,41.4800,31.7031,31.0237,30.2921,41.5403,30.9976,37.5900

5397.9280,41.5627,41.6775,41.6478,41.3877,41.4901,31.6934,30.9994,30.2814,41.5531,30.9874,37.5925

5398.9280,41.5687,41.6759,41.6317,41.4182,41.4838,31.7127,30.9881,30.2795,41.5557,30.9961,37.5948

5399.9270,41.5688,41.6705,41.6500,41.4323,41.5118,31.7071,30.9961,30.2876,41.5667,30.9973,37.6030

5400.9270,41.5745,41.6752,41.6417,41.4114,41.4970,31.7171,30.9818,30.2863,41.5600,31.0017,37.5981

5401.9280,41.5913,41.7236,41.6599,41.4379,41.5175,31.7082,30.9545,30.2727,41.5860,30.9904,37.6082

5402.9270,41.5804,41.7026,41.6453,41.4402,41.5309,31.6995,30.9670,30.2899,41.5799,30.9947,37.6070

5403.9270,41.6036,41.7212,41.6714,41.4383,41.5142,31.7046,30.9369,30.2856,41.5897,30.9951,37.6095

5404.9270,41.5837,41.7298,41.6716,41.4730,41.5386,31.7362,30.9332,30.2876,41.5993,31.0119,37.6192

5405.9270,41.6013,41.7298,41.6800,41.4534,41.5362,31.7159,30.9265,30.2903,41.6001,31.0031,37.6167

5406.9270,41.6137,41.7363,41.6814,41.4627,41.5469,31.7378,30.9466,30.2812,41.6082,31.0095,37.6258

5407.9270,41.6056,41.7388,41.6937,41.4522,41.5457,31.7569,30.9722,30.2782,41.6072,31.0175,37.6304

5408.9270,41.6335,41.7450,41.6989,41.4733,41.5519,31.7381,30.9723,30.2971,41.6205,31.0176,37.6388

5409.9270,41.6355,41.7403,41.7026,41.4793,41.5579,31.7673,30.9794,30.2849,41.6231,31.0261,37.6434

5410.9270,41.6368,41.7650,41.7045,41.4849,41.5631,31.7677,31.0108,30.2853,41.6308,31.0265,37.6523

5411.9270,41.6407,41.7718,41.7220,41.5006,41.5564,31.7806,31.0073,30.2775,41.6383,31.0291,37.6571

5412.9280,41.6428,41.7782,41.7172,41.4749,41.5637,31.7780,31.0554,30.3045,41.6354,31.0413,37.6643

5413.9270,41.6618,41.7739,41.6976,41.4980,41.5678,31.7967,31.0878,30.2895,41.6398,31.0431,37.6717

5414.9270,41.6703,41.7530,41.7158,41.4925,41.5693,31.7795,31.1531,30.2877,41.6402,31.0336,37.6777

5415.9280,41.6546,41.7648,41.7299,41.5048,41.5862,31.7852,31.1683,30.2807,41.6480,31.0330,37.6843

5416.9280,41.6605,41.7836,41.7353,41.5203,41.5650,31.7907,31.2118,30.2900,41.6529,31.0403,37.6946

5417.9280,41.6673,41.7909,41.7253,41.5127,41.6006,31.7905,31.2576,30.2814,41.6594,31.0359,37.7033

5418.9270,41.6600,41.7960,41.7215,41.5257,41.5941,31.7785,31.2630,30.2688,41.6595,31.0236,37.7009

5419.9270,41.6748,41.7940,41.7484,41.5074,41.5977,31.7808,31.2925,30.2801,41.6645,31.0304,37.7095

5420.9270,41.6695,41.8107,41.7558,41.5344,41.5968,31.7936,31.3138,30.2817,41.6734,31.0376,37.7195

5421.9270,41.6980,41.7977,41.7642,41.5372,41.5911,31.8074,31.3338,30.2861,41.6776,31.0468,37.7269

5422.9270,41.7010,41.8104,41.7476,41.5196,41.6122,31.8203,31.3522,30.2609,41.6782,31.0406,37.7280

5423.9270,41.7147,41.7996,41.7582,41.5665,41.6242,31.8313,31.3980,30.2959,41.6926,31.0636,37.7486

5424.9270,41.7041,41.8401,41.7754,41.5410,41.6238,31.8379,31.4014,30.2823,41.6968,31.0601,37.7507

5425.9270,41.7098,41.8237,41.7893,41.5441,41.6386,31.8353,31.4099,30.2749,41.7011,31.0551,37.7532

5426.9270,41.7079,41.8472,41.7723,41.5676,41.6379,31.8634,31.4174,30.2989,41.7066,31.0811,37.7641

5427.9270,41.7327,41.8392,41.7973,41.5559,41.6550,31.8673,31.4133,30.2624,41.7160,31.0648,37.7654

5428.9280,41.7164,41.8388,41.7936,41.5638,41.6597,31.8743,31.3833,30.2910,41.7145,31.0827,37.7651

5429.9270,41.7275,41.8445,41.7980,41.5803,41.6659,31.8823,31.3795,30.2938,41.7233,31.0880,37.7715

5430.9280,41.7511,41.8438,41.7987,41.5963,41.6698,31.8727,31.4042,30.2682,41.7319,31.0705,37.7756

5431.9290,41.7561,41.8551,41.8249,41.5909,41.6807,31.8918,31.4036,30.2799,41.7415,31.0858,37.7854

5432.9270,41.7609,41.8848,41.8383,41.5964,41.6606,31.8789,31.3935,30.2834,41.7482,31.0811,37.7871

5433.9270,41.7624,41.8864,41.8264,41.5976,41.6818,31.9024,31.3700,30.2721,41.7509,31.0873,37.7874

5434.9270,41.7585,41.8976,41.8324,41.6138,41.7003,31.9111,31.3708,30.2870,41.7605,31.0991,37.7964

5435.9280,41.7618,41.8786,41.8303,41.6363,41.6782,31.9089,31.3634,30.2678,41.7570,31.0884,37.7907

5436.9280,41.7810,41.8896,41.8422,41.6315,41.6929,31.9222,31.4048,30.2910,41.7674,31.1066,37.8069

5437.9270,41.8020,41.9029,41.8615,41.6349,41.7038,31.9086,31.4035,30.2990,41.7810,31.1038,37.8145

5438.9270,41.7960,41.9041,41.8604,41.6385,41.7390,31.9241,31.4017,30.2836,41.7876,31.1039,37.8184

5439.9280,41.8030,41.9212,41.8453,41.6407,41.7156,31.9208,31.3946,30.2821,41.7851,31.1015,37.8154

5440.9270,41.7815,41.9120,41.8809,41.6441,41.7078,31.9541,31.3988,30.2759,41.7853,31.1150,37.8194

5441.9280,41.8005,41.9230,41.8816,41.6704,41.7355,31.9319,31.4005,30.2871,41.8022,31.1095,37.8288

5442.9270,41.8065,41.9266,41.8643,41.6587,41.7396,31.9230,31.3728,30.2862,41.7991,31.1046,37.8222

5443.9270,41.8006,41.9239,41.8853,41.6825,41.7341,31.9372,31.3650,30.2816,41.8053,31.1094,37.8263

5444.9270,41.8180,41.9334,41.8799,41.6734,41.7469,31.9450,31.3309,30.2814,41.8103,31.1132,37.8261

5445.9280,41.8258,41.9524,41.9319,41.6519,41.7524,31.9368,31.3341,30.2747,41.8229,31.1057,37.8325

5446.9270,41.8269,41.9465,41.9083,41.6874,41.7674,31.9474,31.3047,30.2768,41.8273,31.1121,37.8332

5447.9270,41.8162,41.9592,41.9159,41.6945,41.7629,31.9384,31.3042,30.2828,41.8297,31.1106,37.8343

5448.9270,41.8430,41.9669,41.9134,41.6925,41.7827,31.9317,31.3012,30.2841,41.8397,31.1079,37.8395

5449.9270,41.8696,41.9540,41.9326,41.6888,41.8023,31.9487,31.2919,30.2865,41.8495,31.1176,37.8468

5450.9270,41.8590,41.9621,41.9425,41.7253,41.7905,31.9478,31.2835,30.2842,41.8559,31.1160,37.8494

5451.9270,41.8635,41.9997,41.9388,41.7030,41.7849,31.9543,31.2839,30.2757,41.8580,31.1150,37.8505

5452.9270,41.8701,41.9767,41.9451,41.7074,41.7907,31.9844,31.2770,30.2880,41.8580,31.1362,37.8549

5453.9270,41.8699,41.9953,41.9483,41.7315,41.8120,31.9593,31.2682,30.2882,41.8714,31.1237,37.8591

5454.9270,41.8782,42.0148,41.9524,41.7073,41.8138,31.9719,31.2480,30.2698,41.8733,31.1209,37.8570

5455.9280,41.8875,42.0098,41.9442,41.7419,41.8080,31.9517,31.2634,30.2933,41.8783,31.1225,37.8625

5456.9270,41.9095,42.0213,41.9571,41.7473,41.8083,31.9664,31.2974,30.2841,41.8887,31.1252,37.8739

5457.9270,41.8813,42.0060,41.9763,41.7409,41.8372,31.9722,31.2925,30.2777,41.8884,31.1250,37.8730

5458.9270,41.9088,42.0286,41.9811,41.7425,41.8579,31.9779,31.3024,30.2679,41.9038,31.1229,37.8834

5459.9270,41.9018,42.0196,41.9708,41.7559,41.8429,31.9610,31.3052,30.2768,41.8982,31.1189,37.8792

5460.9270,41.9268,42.0402,41.9556,41.7709,41.8174,31.9787,31.3281,30.2945,41.9022,31.1366,37.8890

5461.9280,41.9277,42.0478,41.9869,41.7622,41.8418,31.9664,31.3806,30.2695,41.9133,31.1180,37.8979

5462.9270,41.9375,42.0511,41.9874,41.7726,41.8484,31.9782,31.4013,30.2723,41.9194,31.1253,37.9061

5463.9290,41.9273,42.0581,41.9981,41.7879,41.8628,31.9726,31.4379,30.2771,41.9268,31.1248,37.9152

5464.9270,41.9540,42.0728,42.0068,41.7840,41.8514,31.9893,31.4588,30.2820,41.9338,31.1357,37.9249

5465.9270,41.9207,42.0636,42.0325,41.7888,41.8702,31.9725,31.4754,30.2822,41.9352,31.1274,37.9258

5466.9270,41.9387,42.0586,42.0195,41.7870,41.8726,31.9640,31.4861,30.2652,41.9353,31.1146,37.9239

5467.9270,41.9522,42.0615,42.0308,41.8108,41.8899,31.9752,31.4828,30.2839,41.9490,31.1296,37.9359

5468.9270,41.9491,42.0804,42.0255,41.8106,41.8985,31.9580,31.4867,30.2879,41.9528,31.1229,37.9371

5469.9270,41.9588,42.0786,42.0228,41.8205,41.8958,31.9776,31.4988,30.2896,41.9553,31.1336,37.9428

5470.9280,41.9656,42.1063,42.0547,41.8096,41.8993,31.9897,31.4935,30.2745,41.9671,31.1321,37.9491

5471.9280,41.9758,42.0920,42.0571,41.8101,41.9301,31.9727,31.5005,30.2768,41.9730,31.1248,37.9519

5472.9280,41.9779,42.0933,42.0612,41.8347,41.9082,32.0002,31.5126,30.2879,41.9751,31.1441,37.9595

5473.9270,41.9868,42.1202,42.0491,41.8277,41.8928,32.0026,31.5379,30.2644,41.9753,31.1335,37.9602

5474.9270,41.9791,42.1323,42.0705,41.8379,41.9323,31.9827,31.5438,30.2816,41.9904,31.1321,37.9700

5475.9270,41.9954,42.1200,42.0767,41.8646,41.9321,32.0080,31.5302,30.2891,41.9978,31.1485,37.9770

5476.9280,41.9816,42.1292,42.0729,41.8362,41.9344,32.0016,31.5430,30.2906,41.9909,31.1461,37.9737

5477.9270,42.0044,42.1285,42.0936,41.8560,41.9550,32.0133,31.5289,30.2892,42.0075,31.1513,37.9836

5478.9270,42.0102,42.1611,42.0788,41.8644,41.9351,31.9938,31.5043,30.3040,42.0099,31.1489,37.9815

5479.9280,42.0234,42.1432,42.0925,41.8716,41.9353,32.0264,31.4993,30.3014,42.0132,31.1639,37.9867

5480.9280,42.0202,42.1540,42.1159,41.8675,41.9638,32.0026,31.4745,30.2902,42.0243,31.1464,37.9861

5481.9270,42.0083,42.1430,42.1086,41.8905,41.9705,31.9952,31.4554,30.2955,42.0242,31.1454,37.9834

5482.9270,42.0315,42.1821,42.1017,41.8919,41.9445,32.0261,31.4657,30.2903,42.0304,31.1582,37.9917

5483.9270,42.0361,42.1828,42.1423,41.9014,41.9833,32.0233,31.4342,30.2837,42.0492,31.1535,37.9984

5484.9270,42.0233,42.1700,42.1319,41.8985,41.9710,32.0118,31.4344,30.2722,42.0389,31.1420,37.9891

5485.9280,42.0630,42.1888,42.1246,41.8921,41.9800,32.0401,31.4224,30.2930,42.0497,31.1666,38.0005

5486.9270,42.0388,42.1925,42.1428,41.9093,41.9944,32.0288,31.3791,30.2991,42.0556,31.1639,37.9981

5487.9270,42.0571,42.1694,42.1322,41.8945,41.9810,32.0431,31.3601,30.2762,42.0468,31.1596,37.9892

5488.9280,42.0650,42.2009,42.1432,41.9125,41.9972,32.0285,31.3253,30.2866,42.0638,31.1575,37.9949

5489.9270,42.0741,42.2055,42.1455,41.9149,41.9911,32.0334,31.3237,30.2821,42.0662,31.1578,37.9963

5490.9270,42.0847,42.1960,42.1420,41.9151,41.9969,32.0362,31.2809,30.2844,42.0669,31.1603,37.9920

5491.9270,42.0895,42.2010,42.1531,41.9178,41.9996,32.0640,31.2810,30.2770,42.0722,31.1705,37.9979

5492.9270,42.0888,42.1996,42.1577,41.9485,42.0127,32.0436,31.2291,30.2852,42.0814,31.1644,37.9956

5493.9270,42.0956,42.2205,42.1698,41.9541,42.0229,32.0472,31.2116,30.2907,42.0926,31.1690,38.0016

5494.9290,42.1045,42.1974,42.1894,41.9430,42.0216,32.0542,31.1980,30.2616,42.0912,31.1579,37.9962

5495.9270,42.0947,42.2354,42.1894,41.9583,42.0374,32.0674,31.2013,30.2800,42.1031,31.1737,38.0080

5496.9270,42.1171,42.2304,42.1844,41.9538,42.0319,32.0444,31.2220,30.2922,42.1035,31.1683,38.0095

5497.9280,42.1160,42.2426,42.1840,41.9571,42.0510,32.0654,31.2063,30.2836,42.1101,31.1745,38.0132

5498.9280,42.1161,42.2412,42.1854,41.9803,42.0380,32.0519,31.2139,30.2719,42.1122,31.1619,38.0123

5499.9270,42.1315,42.2562,42.1953,41.9679,42.0693,32.0801,31.2042,30.2837,42.1240,31.1819,38.0235

5500.9280,42.1394,42.2636,42.2110,41.9915,42.0576,32.0745,31.2234,30.2950,42.1326,31.1847,38.0320

5501.9270,42.1507,42.2719,42.2124,41.9915,42.0683,32.0850,31.2781,30.2929,42.1390,31.1889,38.0438

5502.9270,42.1319,42.2609,42.2139,41.9842,42.0628,32.0721,31.3149,30.2832,42.1307,31.1776,38.0405

5503.9280,42.1525,42.2842,42.2219,41.9922,42.0657,32.0745,31.3399,30.2866,42.1433,31.1806,38.0522

5504.9280,42.1566,42.2947,42.2124,41.9790,42.0734,32.0829,31.3938,30.2917,42.1432,31.1873,38.0606

5505.9270,42.1703,42.2765,42.2258,42.0291,42.0886,32.0714,31.4152,30.2835,42.1581,31.1775,38.0701

5506.9270,42.1662,42.2988,42.2453,42.0189,42.0900,32.0645,31.4383,30.3001,42.1638,31.1823,38.0778

5507.9270,42.1597,42.2815,42.2438,42.0188,42.0867,32.0560,31.4534,30.2907,42.1581,31.1733,38.0738

5508.9280,42.1771,42.2937,42.2602,42.0184,42.0858,32.0877,31.4831,30.2791,42.1670,31.1834,38.0856

5509.9280,42.1839,42.2897,42.2488,42.0279,42.1181,32.0946,31.4623,30.2728,42.1737,31.1837,38.0873

5510.9270,42.1848,42.3135,42.2600,42.0387,42.0959,32.0907,31.4665,30.2996,42.1786,31.1952,38.0937

5511.9270,42.1903,42.3163,42.2721,42.0312,42.1308,32.1118,31.4448,30.3056,42.1881,31.2087,38.1004

5512.9280,42.1913,42.2997,42.2681,42.0398,42.1216,32.1147,31.4425,30.2911,42.1841,31.2029,38.0961

5513.9270,42.1919,42.3349,42.2837,42.0331,42.1219,32.1002,31.3755,30.2804,42.1931,31.1903,38.0902

5514.9280,42.2060,42.3295,42.2853,42.0454,42.1147,32.1008,31.3615,30.2960,42.1962,31.1984,38.0924

5515.9270,42.2206,42.3240,42.2687,42.0571,42.1282,32.1180,31.3341,30.2855,42.1997,31.2017,38.0920

5516.9280,42.2120,42.3343,42.2859,42.0632,42.1367,32.1290,31.3080,30.2894,42.2064,31.2092,38.0948

5517.9270,42.2311,42.3441,42.2995,42.0638,42.1279,32.1394,31.3057,30.2782,42.2133,31.2088,38.0987

5518.9270,42.2280,42.3538,42.3120,42.0730,42.1390,32.1151,31.2950,30.2976,42.2212,31.2064,38.1017

5519.9270,42.2374,42.3471,42.3085,42.0667,42.1384,32.1241,31.2919,30.2860,42.2196,31.2051,38.1000

5520.9270,42.2511,42.3495,42.3007,42.0789,42.1645,32.1206,31.2799,30.2768,42.2289,31.1987,38.1027

5521.9270,42.2370,42.3632,42.3129,42.0833,42.1544,32.1003,31.2774,30.2823,42.2302,31.1913,38.1013

5522.9270,42.2479,42.3750,42.3281,42.1110,42.1519,32.1051,31.2874,30.2900,42.2428,31.1975,38.1120

5523.9270,42.2729,42.3749,42.3149,42.0820,42.1838,32.1102,31.2958,30.2881,42.2457,31.1992,38.1153

5524.9270,42.2704,42.3755,42.3266,42.0960,42.1700,32.1133,31.3096,30.2765,42.2477,31.1949,38.1172

5525.9280,42.2529,42.3724,42.3487,42.1176,42.1627,32.1050,31.3000,30.2706,42.2509,31.1878,38.1163

5526.9280,42.2717,42.3902,42.3432,42.1117,42.1972,32.1095,31.3171,30.2835,42.2628,31.1965,38.1280

5527.9270,42.2709,42.3938,42.3441,42.1297,42.1999,32.1049,31.3159,30.3067,42.2677,31.2058,38.1332

5528.9270,42.2775,42.3965,42.3417,42.1222,42.1989,32.1032,31.3338,30.2744,42.2674,31.1888,38.1310

5529.9280,42.2818,42.3945,42.3560,42.1142,42.1923,32.1079,31.3330,30.2985,42.2678,31.2032,38.1348

5530.9270,42.2883,42.4084,42.3805,42.1523,42.2271,32.1117,31.3668,30.2740,42.2913,31.1928,38.1511

5531.9280,42.2755,42.4146,42.3625,42.1491,42.2305,32.1255,31.3449,30.2836,42.2865,31.2046,38.1483

5532.9270,42.2925,42.4314,42.3975,42.1390,42.2017,32.1244,31.3419,30.2905,42.2924,31.2074,38.1524

5533.9270,42.3007,42.4384,42.3812,42.1525,42.2259,32.1298,31.3619,30.2922,42.2998,31.2110,38.1603

5534.9270,42.3109,42.4229,42.3741,42.1481,42.2378,32.1359,31.3309,30.3021,42.2988,31.2190,38.1578

5535.9270,42.2982,42.4393,42.3919,42.1631,42.2529,32.1118,31.3317,30.3094,42.3091,31.2106,38.1623

5536.9270,42.3264,42.4286,42.3979,42.1627,42.2389,32.1285,31.3386,30.2965,42.3109,31.2125,38.1648

5537.9270,42.3243,42.4533,42.4017,42.1590,42.2473,32.1208,31.3740,30.3010,42.3171,31.2109,38.1727

5538.9270,42.3238,42.4638,42.4061,42.1704,42.2429,32.1475,31.4552,30.2911,42.3214,31.2193,38.1876

5539.9270,42.3339,42.4526,42.4024,42.1792,42.2410,32.1347,31.4941,30.2966,42.3218,31.2157,38.1918

5540.9270,42.3269,42.4402,42.4216,42.1994,42.2338,32.1266,31.5555,30.2885,42.3244,31.2076,38.1991

5541.9270,42.3401,42.4541,42.4057,42.1858,42.2607,32.1353,31.5637,30.2817,42.3293,31.2085,38.2034

5542.9270,42.3569,42.4853,42.4193,42.1901,42.2710,32.1547,31.5736,30.2936,42.3445,31.2241,38.2181

5543.9270,42.3691,42.4903,42.4271,42.2035,42.2686,32.1435,31.5620,30.2993,42.3517,31.2214,38.2204

5544.9270,42.3671,42.4628,42.4344,42.2019,42.2731,32.1513,31.5816,30.2930,42.3479,31.2222,38.2207

5545.9270,42.3645,42.4826,42.4287,42.2218,42.2837,32.1487,31.5639,30.3059,42.3563,31.2273,38.2250

5546.9280,42.3633,42.4949,42.4512,42.2154,42.2875,32.1597,31.5800,30.2845,42.3625,31.2221,38.2296

5547.9270,42.3771,42.5010,42.4401,42.2272,42.3020,32.1543,31.5738,30.2895,42.3695,31.2219,38.2331

5548.9270,42.3818,42.4945,42.4703,42.2146,42.2904,32.1540,31.6072,30.2825,42.3703,31.2183,38.2369

5549.9270,42.3796,42.5074,42.4395,42.2340,42.3061,32.1676,31.5946,30.2864,42.3733,31.2270,38.2394

5550.9270,42.3742,42.5056,42.4382,42.2332,42.2927,32.1346,31.6286,30.2673,42.3688,31.2009,38.2343

5551.9270,42.3998,42.5057,42.4838,42.2551,42.3262,32.1660,31.6207,30.2857,42.3941,31.2258,38.2554

5552.9280,42.3789,42.5318,42.5025,42.2548,42.3082,32.1473,31.6066,30.2720,42.3953,31.2097,38.2503

5553.9270,42.3936,42.5334,42.4646,42.2471,42.3182,32.1743,31.5585,30.2878,42.3914,31.2311,38.2472

5554.9270,42.4033,42.5234,42.4853,42.2495,42.3184,32.1803,31.5228,30.2774,42.3960,31.2289,38.2450

5555.9270,42.3951,42.5208,42.4803,42.2720,42.3181,32.1646,31.4878,30.2913,42.3973,31.2279,38.2413

5556.9280,42.4023,42.5372,42.4856,42.2806,42.3354,32.1760,31.4833,30.2849,42.4082,31.2305,38.2482

5557.9280,42.3969,42.5429,42.4996,42.2551,42.3337,32.1790,31.4407,30.2851,42.4056,31.2321,38.2416

5558.9270,42.4136,42.5429,42.4852,42.2695,42.3546,32.1936,31.4144,30.2691,42.4132,31.2313,38.2429

5559.9280,42.4208,42.5621,42.4910,42.2711,42.3543,32.1952,31.4015,30.3026,42.4199,31.2489,38.2498

5560.9270,42.4097,42.5617,42.5134,42.2665,42.3516,32.1779,31.3621,30.2793,42.4206,31.2286,38.2403

5561.9280,42.4172,42.5713,42.5020,42.2928,42.3490,32.1728,31.3635,30.2816,42.4264,31.2272,38.2438

5562.9270,42.4377,42.5746,42.5356,42.2752,42.3678,32.1752,31.3491,30.2713,42.4382,31.2232,38.2483

5563.9270,42.4409,42.5611,42.5276,42.2905,42.3710,32.1813,31.3575,30.2793,42.4382,31.2303,38.2512

5564.9270,42.4441,42.5720,42.5372,42.3024,42.3698,32.1872,31.3466,30.2843,42.4451,31.2358,38.2555

5565.9280,42.4732,42.5636,42.5390,42.2963,42.3735,32.1669,31.3746,30.2743,42.4491,31.2206,38.2577

5566.9270,42.4484,42.5743,42.5259,42.3084,42.3758,32.1757,31.4031,30.2921,42.4466,31.2339,38.2630

5567.9270,42.4628,42.5935,42.5451,42.3090,42.3866,32.1705,31.4002,30.2873,42.4594,31.2289,38.2694

5568.9270,42.4641,42.6046,42.5405,42.3182,42.3782,32.1835,31.4339,30.3017,42.4611,31.2426,38.2781

5569.9270,42.4747,42.5940,42.5578,42.3197,42.3941,32.2041,31.4493,30.2819,42.4681,31.2430,38.2845

5570.9270,42.4710,42.6052,42.5541,42.3435,42.4113,32.1891,31.4911,30.2674,42.4770,31.2282,38.2916

5571.9270,42.4762,42.6169,42.5727,42.3342,42.3942,32.2080,31.5049,30.3004,42.4788,31.2542,38.3009

5572.9270,42.5110,42.6255,42.5664,42.3489,42.4205,32.2116,31.5137,30.2806,42.4944,31.2461,38.3098

5573.9270,42.4850,42.6363,42.5550,42.3532,42.3928,32.2309,31.5358,30.2825,42.4845,31.2567,38.3089

5574.9270,42.5038,42.6238,42.5666,42.3440,42.4318,32.2354,31.5356,30.2823,42.4940,31.2588,38.3154

5575.9270,42.5044,42.6104,42.5853,42.3497,42.4343,32.2190,31.5146,30.2979,42.4968,31.2585,38.3144

5576.9270,42.5098,42.6277,42.5938,42.3655,42.4330,32.2527,31.5384,30.2780,42.5060,31.2653,38.3249

5577.9270,42.5018,42.6521,42.5828,42.3565,42.4490,32.2304,31.5809,30.2585,42.5084,31.2445,38.3265

5578.9270,42.5204,42.6560,42.5886,42.3534,42.4469,32.2563,31.5909,30.2784,42.5131,31.2674,38.3364

5579.9270,42.5296,42.6453,42.5905,42.3720,42.4380,32.2516,31.5814,30.2929,42.5151,31.2722,38.3376

5580.9270,42.5159,42.6467,42.6123,42.3697,42.4501,32.2419,31.5759,30.2653,42.5189,31.2536,38.3347

5581.9280,42.5166,42.6564,42.6118,42.3720,42.4580,32.2492,31.5781,30.2703,42.5230,31.2598,38.3391

5582.9270,42.5122,42.6674,42.5879,42.3778,42.4708,32.2387,31.5859,30.2879,42.5232,31.2633,38.3411

5583.9280,42.5398,42.6636,42.6143,42.3959,42.4693,32.2731,31.6034,30.2730,42.5366,31.2731,38.3541

5584.9270,42.5467,42.6719,42.6301,42.3805,42.4665,32.2364,31.5737,30.2979,42.5391,31.2671,38.3505

5585.9270,42.5321,42.6828,42.6335,42.3862,42.4699,32.2672,31.5961,30.2953,42.5409,31.2812,38.3579

5586.9270,42.5601,42.6813,42.6321,42.3936,42.4935,32.2532,31.6079,30.2879,42.5521,31.2705,38.3637

5587.9290,42.5723,42.6776,42.6358,42.3852,42.4940,32.2434,31.5704,30.2697,42.5530,31.2566,38.3561

5588.9270,42.5696,42.6785,42.6572,42.4029,42.4866,32.2548,31.5687,30.2703,42.5590,31.2626,38.3611

5589.9270,42.5735,42.7145,42.6443,42.3960,42.4867,32.2658,31.5491,30.2836,42.5630,31.2747,38.3642

5590.9270,42.5611,42.7072,42.6612,42.4157,42.4799,32.2481,31.5859,30.2927,42.5650,31.2704,38.3690

5591.9270,42.5699,42.6823,42.6577,42.4383,42.4783,32.2472,31.6136,30.2791,42.5653,31.2631,38.3708

5592.9270,42.5793,42.7153,42.6419,42.4318,42.4973,32.2524,31.6621,30.2966,42.5731,31.2745,38.3846

5593.9270,42.5925,42.7182,42.6638,42.4300,42.5202,32.2404,31.6819,30.2849,42.5849,31.2626,38.3915

5594.9270,42.5796,42.6932,42.6737,42.4636,42.5119,32.2644,31.7097,30.2761,42.5844,31.2703,38.3966

5595.9270,42.6114,42.7210,42.6890,42.4273,42.5021,32.2590,31.7100,30.2886,42.5902,31.2738,38.4010

5596.9270,42.5794,42.7263,42.6738,42.4660,42.5139,32.2370,31.7166,30.2910,42.5919,31.2640,38.4005

5597.9270,42.5959,42.7328,42.6547,42.4544,42.5060,32.2528,31.7173,30.2880,42.5888,31.2704,38.4003

5598.9270,42.6160,42.7432,42.6842,42.4624,42.5470,32.2613,31.7099,30.2918,42.6106,31.2765,38.4145

5599.9270,42.6063,42.7444,42.6951,42.4478,42.5413,32.2459,31.6982,30.3046,42.6070,31.2752,38.4105

5600.9270,42.6152,42.7451,42.6944,42.4522,42.5549,32.2699,31.7152,30.2854,42.6124,31.2776,38.4165

5601.9270,42.6125,42.7656,42.6861,42.4691,42.5425,32.2559,31.6904,30.2968,42.6152,31.2763,38.4149

5602.9270,42.6155,42.7533,42.7133,42.4754,42.5195,32.2594,31.6803,30.2890,42.6154,31.2742,38.4132

5603.9280,42.6158,42.7355,42.6857,42.4849,42.5519,32.2672,31.6980,30.2865,42.6148,31.2769,38.4157

5604.9270,42.6461,42.7816,42.6946,42.4901,42.5612,32.2612,31.6807,30.2823,42.6347,31.2718,38.4247

5605.9270,42.6416,42.7848,42.7161,42.4776,42.5413,32.2609,31.6752,30.2792,42.6323,31.2700,38.4221

5606.9280,42.6423,42.7668,42.7403,42.4879,42.5790,32.2799,31.6426,30.2776,42.6432,31.2787,38.4270

5607.9270,42.6365,42.7827,42.7391,42.4857,42.5685,32.2656,31.6752,30.2806,42.6425,31.2731,38.4292

5608.9270,42.6354,42.7862,42.7351,42.4808,42.5701,32.2771,31.6370,30.2982,42.6415,31.2877,38.4275

5609.9280,42.6600,42.7625,42.7286,42.5064,42.5664,32.2606,31.6435,30.2784,42.6448,31.2695,38.4258

5610.9280,42.6399,42.7930,42.7247,42.5206,42.5987,32.2619,31.6659,30.2915,42.6554,31.2767,38.4370

5611.9270,42.6663,42.8018,42.7460,42.4997,42.5884,32.2671,31.6744,30.2788,42.6604,31.2729,38.4403

5612.9270,42.6634,42.8014,42.7345,42.5109,42.5871,32.2557,31.6541,30.2885,42.6595,31.2721,38.4369

5613.9270,42.6507,42.7909,42.7411,42.5269,42.5845,32.2738,31.6529,30.2888,42.6588,31.2813,38.4387

5614.9280,42.6754,42.7980,42.7780,42.5187,42.5945,32.2495,31.6690,30.2767,42.6729,31.2631,38.4450

5615.9270,42.6778,42.8060,42.7730,42.5173,42.6047,32.2632,31.6676,30.2918,42.6758,31.2775,38.4502

5616.9280,42.6929,42.8086,42.7593,42.5144,42.6036,32.2713,31.6594,30.2972,42.6758,31.2842,38.4508

5617.9270,42.6993,42.8206,42.7667,42.5384,42.6286,32.2764,31.7048,30.2966,42.6907,31.2865,38.4664

5618.9270,42.7044,42.8244,42.7766,42.5483,42.6306,32.3013,31.7180,30.2759,42.6969,31.2886,38.4724

5619.9270,42.7058,42.8253,42.7714,42.5381,42.6213,32.2806,31.7382,30.2877,42.6924,31.2841,38.4711

5620.9270,42.6842,42.8449,42.7794,42.5377,42.6074,32.2819,31.7779,30.2748,42.6907,31.2783,38.4735

5621.9270,42.7133,42.8307,42.7824,42.5560,42.6267,32.2779,31.7950,30.2769,42.7018,31.2774,38.4823

5622.9270,42.7013,42.8350,42.7978,42.5691,42.6379,32.2854,31.8213,30.2967,42.7082,31.2911,38.4931

5623.9290,42.7094,42.8323,42.8025,42.5794,42.6441,32.2754,31.8418,30.2988,42.7135,31.2871,38.4980

5624.9270,42.6998,42.8561,42.7906,42.5670,42.6298,32.2774,31.8617,30.2816,42.7087,31.2795,38.4955

5625.9280,42.7208,42.8544,42.7879,42.5653,42.6420,32.2892,31.8575,30.2864,42.7141,31.2878,38.5005

5626.9270,42.7252,42.8566,42.8129,42.6043,42.6605,32.2965,31.9019,30.2876,42.7319,31.2920,38.5182

5627.9270,42.7248,42.8631,42.8245,42.5782,42.6507,32.2810,31.8869,30.2965,42.7282,31.2888,38.5132

5628.9270,42.7468,42.8631,42.8190,42.5768,42.6465,32.2803,31.9208,30.2779,42.7304,31.2791,38.5164

5629.9270,42.7287,42.8623,42.8279,42.6029,42.6629,32.2869,31.9190,30.2911,42.7370,31.2890,38.5227

5630.9280,42.7366,42.8646,42.8344,42.5778,42.6694,32.2714,31.8997,30.2807,42.7366,31.2760,38.5168

5631.9280,42.7392,42.8695,42.8286,42.6069,42.6752,32.2754,31.9122,30.2801,42.7439,31.2777,38.5234

5632.9270,42.7564,42.8821,42.8398,42.5786,42.6674,32.2989,31.9075,30.2829,42.7448,31.2909,38.5267

5633.9270,42.7763,42.8853,42.8370,42.6255,42.6790,32.2946,31.8737,30.2763,42.7606,31.2854,38.5310

5634.9280,42.7731,42.8864,42.8353,42.6043,42.6833,32.3200,31.8634,30.3036,42.7565,31.3118,38.5337

5635.9280,42.7766,42.8757,42.8558,42.6276,42.6773,32.2930,31.8313,30.2785,42.7626,31.2857,38.5270

5636.9270,42.7663,42.8939,42.8512,42.6137,42.7099,32.3220,31.7908,30.3032,42.7670,31.3126,38.5314

5637.9280,42.7663,42.8961,42.8594,42.6167,42.7223,32.3295,31.7725,30.2944,42.7721,31.3119,38.5321

5638.9270,42.7787,42.8877,42.8663,42.6269,42.6911,32.3162,31.7057,30.2815,42.7701,31.2989,38.5193

5639.9270,42.7874,42.9168,42.8461,42.6198,42.6909,32.3095,31.6628,30.2724,42.7722,31.2910,38.5132

5640.9280,42.7847,42.9164,42.8685,42.6380,42.7087,32.3039,31.6667,30.2809,42.7833,31.2924,38.5210

5641.9270,42.8053,42.9141,42.8658,42.6292,42.7194,32.3070,31.6490,30.2845,42.7868,31.2957,38.5218

5642.9270,42.7957,42.9161,42.8826,42.6242,42.7074,32.2992,31.6567,30.2888,42.7852,31.2940,38.5213

5643.9270,42.8022,42.9255,42.8799,42.6569,42.7233,32.2888,31.6342,30.2832,42.7976,31.2860,38.5242

5644.9280,42.8043,42.9357,42.8915,42.6661,42.7214,32.2933,31.6151,30.2820,42.8038,31.2876,38.5262

5645.9270,42.8060,42.9316,42.9032,42.6597,42.7271,32.3011,31.6281,30.2969,42.8055,31.2990,38.5317

5646.9270,42.8317,42.9367,42.8791,42.6546,42.7220,32.3129,31.5921,30.2866,42.8048,31.2998,38.5270

5647.9270,42.8164,42.9557,42.9129,42.6731,42.7340,32.3050,31.5921,30.2951,42.8184,31.3001,38.5355

5648.9270,42.8194,42.9453,42.9193,42.6948,42.7413,32.3076,31.5591,30.3015,42.8240,31.3046,38.5360

5649.9270,42.8054,42.9673,42.8809,42.6736,42.7378,32.3052,31.4876,30.2813,42.8130,31.2932,38.5174

5650.9280,42.8320,42.9393,42.9309,42.6641,42.7506,32.2912,31.4347,30.2739,42.8234,31.2825,38.5146

5651.9270,42.8446,42.9551,42.9035,42.6641,42.7473,32.2842,31.3755,30.2842,42.8229,31.2842,38.5073

5652.9280,42.8392,42.9666,42.9113,42.6571,42.7640,32.2910,31.3433,30.2839,42.8276,31.2875,38.5070

5653.9270,42.8434,42.9685,42.9314,42.6883,42.7618,32.2971,31.3087,30.2807,42.8387,31.2889,38.5100

5654.9280,42.8489,42.9736,42.9271,42.6766,42.7654,32.2900,31.2992,30.2886,42.8383,31.2893,38.5087

5655.9270,42.8509,42.9792,42.9155,42.6915,42.7482,32.2952,31.2856,30.3000,42.8371,31.2976,38.5083

5656.9270,42.8625,42.9733,42.9375,42.6791,42.7739,32.3066,31.2500,30.2939,42.8453,31.3002,38.5096

5657.9270,42.8553,42.9808,42.9613,42.7034,42.7713,32.3011,31.2591,30.2875,42.8544,31.2943,38.5150

5658.9280,42.8486,42.9986,42.9419,42.7030,42.7858,32.3103,31.2777,30.2920,42.8556,31.3011,38.5197

5659.9280,42.8713,42.9940,42.9485,42.7152,42.7747,32.2920,31.2706,30.2826,42.8607,31.2873,38.5186

5660.9270,42.8833,43.0100,42.9342,42.7023,42.7711,32.2834,31.2963,30.2674,42.8602,31.2754,38.5185

5661.9280,42.8836,43.0051,42.9419,42.7146,42.7867,32.2899,31.2920,30.2856,42.8664,31.2878,38.5249

5662.9270,42.8735,43.0064,42.9558,42.7197,42.8080,32.3092,31.3240,30.2824,42.8727,31.2958,38.5349

5663.9270,42.8917,43.0236,42.9604,42.7196,42.7949,32.3003,31.3100,30.2736,42.8780,31.2869,38.5343

5664.9290,42.8871,42.9967,42.9628,42.7054,42.8095,32.3178,31.3579,30.2840,42.8723,31.3009,38.5401

5665.9270,42.8884,43.0356,42.9594,42.7396,42.8130,32.3313,31.3818,30.2872,42.8872,31.3092,38.5545

5666.9280,42.8935,43.0329,42.9916,42.7286,42.8094,32.3246,31.4165,30.2909,42.8912,31.3078,38.5610

5667.9280,42.9144,43.0209,42.9633,42.7593,42.8169,32.3453,31.4264,30.2768,42.8950,31.3111,38.5654

5668.9270,42.9147,43.0305,42.9775,42.7242,42.8269,32.3283,31.4516,30.2856,42.8948,31.3069,38.5674

5669.9270,42.8983,43.0310,42.9617,42.7540,42.8293,32.3431,31.5087,30.3023,42.8948,31.3227,38.5785

5670.9270,42.9200,43.0207,42.9682,42.7605,42.8204,32.3444,31.5720,30.2886,42.8980,31.3165,38.5868

5671.9270,42.9016,43.0507,42.9852,42.7357,42.8156,32.3122,31.6130,30.2798,42.8978,31.2960,38.5867

5672.9280,42.9199,43.0331,42.9792,42.7659,42.8509,32.3458,31.6597,30.2942,42.9098,31.3200,38.6061

5673.9280,42.9262,43.0547,42.9994,42.7582,42.8317,32.3492,31.7270,30.2812,42.9140,31.3152,38.6159

5674.9280,42.9358,43.0497,43.0042,42.7626,42.8369,32.3435,31.7555,30.2750,42.9179,31.3092,38.6204

5675.9270,42.9050,43.0621,43.0078,42.7610,42.8475,32.3447,31.7915,30.2781,42.9167,31.3114,38.6247

5676.9270,42.9340,43.0464,42.9897,42.7685,42.8438,32.3449,31.8339,30.2783,42.9165,31.3116,38.6299

5677.9270,42.9167,43.0729,43.0297,42.7797,42.8573,32.3237,31.8371,30.2960,42.9313,31.3099,38.6392

5678.9270,42.9388,43.0751,43.0017,42.7795,42.8502,32.3530,31.8650,30.2864,42.9290,31.3197,38.6437

5679.9280,42.9473,43.0621,43.0054,42.7809,42.8409,32.3640,31.8750,30.3011,42.9273,31.3326,38.6471

5680.9270,42.9363,43.0541,43.0374,42.7721,42.8873,32.3514,31.9010,30.2914,42.9374,31.3214,38.6539

5681.9280,42.9485,43.0844,43.0444,42.7870,42.8711,32.3685,31.8923,30.2850,42.9471,31.3268,38.6602

5682.9280,42.9773,43.0935,43.0336,42.8086,42.8686,32.3511,31.9133,30.2929,42.9563,31.3220,38.6674

5683.9280,42.9505,43.0702,43.0395,42.8021,42.8546,32.3536,31.9017,30.2842,42.9434,31.3189,38.6570

5684.9270,42.9755,43.0953,43.0340,42.8040,42.8583,32.3395,31.8674,30.3057,42.9534,31.3226,38.6600

5685.9270,42.9586,43.0593,43.0226,42.8019,42.8730,32.3482,31.8372,30.2796,42.9431,31.3139,38.6476

5686.9270,42.9599,43.0847,43.0480,42.8119,42.8775,32.3538,31.8057,30.2853,42.9564,31.3195,38.6533

5687.9270,42.9765,43.1077,43.0352,42.8233,42.8897,32.3555,31.8032,30.2761,42.9665,31.3158,38.6584

5688.9270,42.9733,43.1042,43.0508,42.8185,42.8989,32.3574,31.7812,30.2861,42.9691,31.3217,38.6588

5689.9270,42.9809,43.0890,43.0611,42.8190,42.8882,32.3543,31.7724,30.2712,42.9676,31.3127,38.6545

5690.9280,42.9829,43.1020,43.0626,42.8153,42.8916,32.3563,31.7430,30.2780,42.9709,31.3171,38.6540

5691.9270,42.9880,43.1105,43.0491,42.8247,42.8772,32.3694,31.7387,30.2774,42.9699,31.3234,38.6544

5692.9270,42.9724,43.1252,43.0695,42.8530,42.8859,32.3546,31.7469,30.2852,42.9812,31.3199,38.6616

5693.9280,42.9916,43.1345,43.0871,42.8222,42.9077,32.3496,31.7457,30.2919,42.9886,31.3208,38.6663

5694.9270,42.9876,43.1206,43.0811,42.8446,42.9259,32.3535,31.7454,30.2813,42.9920,31.3174,38.6675

5695.9280,42.9991,43.1261,43.0838,42.8557,42.9133,32.3506,31.7490,30.2741,42.9956,31.3123,38.6690

5696.9280,43.0027,43.1184,43.0771,42.8499,42.9066,32.3458,31.7902,30.2815,42.9909,31.3136,38.6715

5697.9270,43.0034,43.1281,43.0965,42.8405,42.9242,32.3536,31.7534,30.2907,42.9986,31.3222,38.6738

5698.9270,43.0084,43.1574,43.0956,42.8595,42.9427,32.3661,31.7744,30.2784,43.0127,31.3222,38.6853

5699.9270,43.0050,43.1318,43.0848,42.8437,42.9301,32.3608,31.8080,30.2801,42.9991,31.3205,38.6805

5700.9280,43.0099,43.1604,43.0977,42.8518,42.9318,32.3573,31.7937,30.2705,43.0103,31.3139,38.6841

5701.9270,43.0074,43.1553,43.1139,42.8612,42.9295,32.3529,31.8184,30.2975,43.0135,31.3252,38.6920

5702.9270,43.0087,43.1264,43.1055,42.8490,42.9419,32.3509,31.8010,30.2791,43.0063,31.3150,38.6828

5703.9280,43.0398,43.1511,43.1004,42.8742,42.9267,32.3659,31.7981,30.2748,43.0184,31.3203,38.6914

5704.9270,43.0318,43.1664,43.1097,42.8574,42.9447,32.3676,31.8074,30.2874,43.0220,31.3275,38.6965

5705.9270,43.0238,43.1627,43.1167,42.8774,42.9471,32.3816,31.7730,30.2935,43.0255,31.3376,38.6970

5706.9270,43.0371,43.1491,43.1198,42.8703,42.9544,32.3726,31.7668,30.2905,43.0261,31.3315,38.6951

5707.9270,43.0336,43.1685,43.1100,42.8985,42.9687,32.3775,31.8022,30.2851,43.0359,31.3313,38.7055

5708.9270,43.0373,43.1646,43.1284,42.8723,42.9509,32.3920,31.8073,30.3006,43.0307,31.3463,38.7067

5709.9270,43.0437,43.1683,43.1107,42.8751,42.9690,32.3684,31.8063,30.2600,43.0334,31.3142,38.7002

5710.9270,43.0561,43.1699,43.1192,42.8822,42.9533,32.3810,31.7986,30.2914,43.0362,31.3362,38.7065

5711.9270,43.0590,43.1981,43.1163,42.9007,42.9565,32.3674,31.8048,30.2905,43.0461,31.3290,38.7116

5712.9270,43.0776,43.1876,43.1369,42.9032,42.9604,32.3679,31.7668,30.3032,43.0531,31.3355,38.7129

5713.9270,43.0654,43.1762,43.1427,42.9095,42.9782,32.3674,31.7700,30.2890,43.0544,31.3282,38.7123

5714.9290,43.0634,43.2119,43.1394,42.9075,42.9795,32.3643,31.7276,30.2846,43.0603,31.3245,38.7098

5715.9280,43.0741,43.1812,43.1422,42.9011,42.9935,32.3677,31.6966,30.2917,43.0584,31.3297,38.7060

5716.9270,43.0763,43.2034,43.1504,42.9213,42.9799,32.3699,31.6495,30.2821,43.0662,31.3260,38.7041

5717.9270,43.0781,43.2086,43.1686,42.9251,43.0004,32.3797,31.6195,30.3032,43.0762,31.3415,38.7104

5718.9290,43.0864,43.2117,43.1517,42.9082,42.9928,32.3656,31.6307,30.2835,43.0702,31.3245,38.7038

5719.9270,43.0791,43.2045,43.1929,42.9230,42.9866,32.3695,31.6491,30.3029,43.0772,31.3362,38.7134

5720.9280,43.0901,43.2248,43.1556,42.9326,42.9953,32.3740,31.6396,30.2896,43.0797,31.3318,38.7127

5721.9270,43.0895,43.2136,43.1732,42.9363,42.9971,32.3724,31.6652,30.2885,43.0819,31.3304,38.7170

5722.9280,43.0874,43.2262,43.1654,42.9279,43.0046,32.3834,31.6640,30.2835,43.0823,31.3335,38.7178

5723.9270,43.0811,43.2106,43.1781,42.9383,42.9987,32.3842,31.6577,30.2932,43.0814,31.3387,38.7177

5724.9270,43.0999,43.2082,43.1836,42.9378,43.0275,32.3783,31.6462,30.3000,43.0914,31.3391,38.7227

5725.9270,43.1017,43.2009,43.1782,42.9640,43.0197,32.3721,31.6194,30.3074,43.0929,31.3398,38.7204

5726.9270,43.1124,43.2170,43.1998,42.9530,43.0042,32.3768,31.6251,30.2849,43.0973,31.3309,38.7216

5727.9270,43.1218,43.2327,43.1663,42.9461,43.0246,32.3638,31.6120,30.2840,43.0983,31.3239,38.7189

5728.9270,43.1150,43.2426,43.1794,42.9522,43.0186,32.3907,31.6131,30.2771,43.1016,31.3339,38.7236

5729.9270,43.1013,43.2582,43.1955,42.9604,43.0463,32.3853,31.6073,30.2732,43.1123,31.3293,38.7284

5730.9270,43.1318,43.2401,43.1927,42.9557,43.0380,32.3941,31.5818,30.2763,43.1117,31.3352,38.7263

5731.9270,43.1293,43.2423,43.1745,42.9742,43.0225,32.3615,31.6045,30.2921,43.1086,31.3268,38.7251

5732.9270,43.1197,43.2234,43.2099,42.9795,43.0301,32.3818,31.6136,30.2640,43.1125,31.3229,38.7278

5733.9270,43.1253,43.2405,43.1983,42.9534,43.0505,32.3809,31.6146,30.2636,43.1136,31.3223,38.7284

5734.9270,43.1353,43.2382,43.2019,42.9710,43.0690,32.3925,31.5848,30.2775,43.1231,31.3350,38.7338

5735.9280,43.1364,43.2611,43.2068,42.9577,43.0483,32.3884,31.5761,30.2758,43.1221,31.3321,38.7313

5736.9270,43.1426,43.2555,43.2151,42.9703,43.0595,32.3909,31.5799,30.2891,43.1286,31.3400,38.7379

5737.9270,43.1543,43.2703,43.2095,42.9832,43.0431,32.4041,31.5753,30.2708,43.1321,31.3374,38.7388

5738.9270,43.1419,43.2651,43.2163,42.9789,43.0472,32.4014,31.5778,30.2874,43.1298,31.3444,38.7395

5739.9270,43.1526,43.2363,43.2274,42.9789,43.0648,32.4071,31.5708,30.2701,43.1320,31.3386,38.7385

5740.9270,43.1487,43.2762,43.2279,42.9882,43.0662,32.4252,31.5777,30.2835,43.1415,31.3543,38.7492

5741.9280,43.1463,43.2790,43.2190,42.9746,43.0773,32.4204,31.5691,30.2811,43.1393,31.3507,38.7459

5742.9280,43.1583,43.2676,43.2587,42.9911,43.0706,32.4255,31.6170,30.2570,43.1493,31.3413,38.7557

5743.9280,43.1731,43.2806,43.2416,43.0051,43.0887,32.4269,31.6188,30.2800,43.1578,31.3534,38.7643

5744.9270,43.1592,43.2801,43.2373,43.0106,43.0547,32.4245,31.6160,30.2909,43.1484,31.3577,38.7592

5745.9270,43.1605,43.2869,43.2348,42.9909,43.0764,32.4343,31.6407,30.2729,43.1499,31.3536,38.7622

5746.9280,43.1585,43.2847,43.2475,42.9929,43.0747,32.4426,31.6974,30.2934,43.1517,31.3680,38.7740

5747.9280,43.1754,43.3116,43.2595,43.0231,43.0867,32.4188,31.7009,30.2809,43.1713,31.3499,38.7821

5748.9280,43.1842,43.3080,43.2513,43.0060,43.0859,32.4427,31.7360,30.2776,43.1671,31.3601,38.7865

5749.9270,43.1806,43.2974,43.2421,43.0237,43.0850,32.4213,31.7479,30.2768,43.1658,31.3490,38.7843

5750.9280,43.1894,43.2942,43.2589,43.0205,43.0870,32.4249,31.7431,30.2847,43.1700,31.3548,38.7878

5751.9280,43.1945,43.3191,43.2690,43.0143,43.0966,32.4264,31.7066,30.2856,43.1787,31.3560,38.7890

5752.9280,43.1858,43.3265,43.2605,43.0101,43.1123,32.4031,31.7119,30.2726,43.1790,31.3379,38.7854

5753.9280,43.2130,43.3238,43.2616,43.0330,43.0948,32.4287,31.6746,30.2804,43.1852,31.3546,38.7887

5754.9270,43.2016,43.3338,43.2753,43.0351,43.0950,32.4227,31.6818,30.2806,43.1882,31.3517,38.7907

5755.9270,43.2013,43.3154,43.2866,43.0399,43.1077,32.4163,31.6970,30.2883,43.1902,31.3523,38.7941

5756.9270,43.2030,43.3275,43.2843,43.0506,43.1031,32.4387,31.7138,30.2722,43.1937,31.3555,38.7992

5757.9280,43.2143,43.3392,43.2751,43.0396,43.1088,32.4426,31.7007,30.2761,43.1954,31.3593,38.7996

5758.9270,43.2138,43.3469,43.3037,43.0495,43.1276,32.4116,31.6842,30.2816,43.2083,31.3466,38.8024

5759.9270,43.2220,43.3343,43.2972,43.0365,43.1220,32.4405,31.7109,30.3012,43.2024,31.3709,38.8081

5760.9270,43.2243,43.3484,43.2992,43.0571,43.1301,32.4170,31.7188,30.2781,43.2118,31.3476,38.8091

5761.9270,43.2194,43.3436,43.3037,43.0570,43.1397,32.4183,31.7327,30.2958,43.2127,31.3570,38.8138

5762.9270,43.2270,43.3405,43.3075,43.0482,43.1398,32.4165,31.7572,30.2913,43.2126,31.3539,38.8160

5763.9280,43.2118,43.3570,43.3115,43.0652,43.1298,32.4303,31.7846,30.2811,43.2151,31.3557,38.8214

5764.9270,43.2289,43.3450,43.3018,43.0668,43.1276,32.4142,31.7892,30.2828,43.2140,31.3485,38.8195

5765.9270,43.2305,43.3809,43.3247,43.0622,43.1319,32.4337,31.7749,30.2779,43.2260,31.3558,38.8271

5766.9280,43.2227,43.3452,43.3178,43.0772,43.1348,32.4492,31.7759,30.2897,43.2195,31.3695,38.8266

5767.9270,43.2372,43.3713,43.3044,43.0824,43.1395,32.4348,31.7587,30.2847,43.2270,31.3598,38.8266

5768.9270,43.2195,43.3661,43.3299,43.0762,43.1506,32.4474,31.7557,30.2917,43.2285,31.3695,38.8296

5769.9270,43.2518,43.3645,43.3362,43.0793,43.1633,32.4467,31.7443,30.2910,43.2390,31.3689,38.8346

5770.9270,43.2440,43.3671,43.3327,43.0641,43.1603,32.4651,31.7453,30.2939,43.2336,31.3795,38.8341

5771.9280,43.2393,43.3684,43.3206,43.0855,43.1440,32.4542,31.7077,30.2938,43.2316,31.3740,38.8267

5772.9280,43.2411,43.4011,43.3324,43.0875,43.1396,32.4327,31.6720,30.2962,43.2403,31.3644,38.8253

5773.9270,43.2390,43.4026,43.3366,43.0936,43.1471,32.4586,31.6848,30.2714,43.2438,31.3650,38.8292

5774.9270,43.2675,43.3797,43.3463,43.0935,43.1683,32.4537,31.7287,30.2735,43.2511,31.3636,38.8389

5775.9270,43.2609,43.3759,43.3364,43.0966,43.1724,32.4587,31.7605,30.3011,43.2484,31.3799,38.8453

5776.9280,43.2679,43.4007,43.3384,43.1015,43.1703,32.4653,31.8079,30.2758,43.2557,31.3705,38.8535

5777.9270,43.2828,43.3910,43.3399,43.0881,43.1685,32.4607,31.7671,30.2810,43.2541,31.3708,38.8474

5778.9270,43.2701,43.3988,43.3626,43.1071,43.1796,32.4652,31.7220,30.2912,43.2636,31.3782,38.8496

5779.9270,43.2688,43.3879,43.3456,43.1124,43.1835,32.4620,31.6925,30.2814,43.2597,31.3717,38.8418

5780.9270,43.2827,43.3787,43.3411,43.1125,43.1934,32.4737,31.6512,30.2988,43.2617,31.3863,38.8415

5781.9270,43.2798,43.4114,43.3659,43.1080,43.1921,32.4712,31.6209,30.2939,43.2714,31.3825,38.8429

5782.9270,43.2861,43.4089,43.3587,43.1236,43.1942,32.4555,31.5968,30.2965,43.2743,31.3760,38.8400

5783.9270,43.3087,43.3949,43.3591,43.1185,43.2058,32.4606,31.5783,30.2926,43.2774,31.3766,38.8398

5784.9270,43.2856,43.4291,43.3660,43.1198,43.1997,32.4550,31.5789,30.2589,43.2800,31.3569,38.8366

5785.9270,43.2894,43.3956,43.3798,43.1192,43.2121,32.4716,31.5758,30.2783,43.2792,31.3750,38.8402

5786.9290,43.2904,43.4271,43.3779,43.1256,43.2125,32.4773,31.5796,30.2943,43.2867,31.3858,38.8481

5787.9270,43.2988,43.4272,43.3519,43.1271,43.1991,32.4656,31.5632,30.2737,43.2808,31.3696,38.8383

5788.9270,43.2924,43.4146,43.3802,43.1279,43.2125,32.4736,31.5637,30.2686,43.2855,31.3711,38.8417

5789.9270,43.3117,43.4284,43.3959,43.1404,43.2264,32.4767,31.5550,30.2684,43.3006,31.3725,38.8504

5790.9270,43.3153,43.4170,43.4035,43.1485,43.2195,32.4818,31.5578,30.2951,43.3008,31.3884,38.8548

5791.9270,43.3093,43.4381,43.3828,43.1621,43.2258,32.4972,31.5972,30.2875,43.3036,31.3924,38.8625

5792.9270,43.3273,43.4222,43.3865,43.1458,43.2183,32.4873,31.6324,30.2884,43.3000,31.3879,38.8635

5793.9280,43.3121,43.4408,43.3967,43.1723,43.2057,32.4898,31.6850,30.2777,43.3055,31.3837,38.8725

5794.9270,43.3343,43.4450,43.3888,43.1556,43.2290,32.4934,31.7009,30.2852,43.3106,31.3893,38.8790

5795.9280,43.3286,43.4641,43.3996,43.1492,43.2295,32.4966,31.7581,30.2898,43.3142,31.3932,38.8894

5796.9270,43.3384,43.4242,43.3921,43.1594,43.2295,32.4924,31.7886,30.3090,43.3087,31.4007,38.8917

5797.9280,43.3497,43.4469,43.3977,43.1770,43.2318,32.5127,31.7953,30.3040,43.3206,31.4084,38.9019

5798.9270,43.3443,43.4623,43.4354,43.1571,43.2459,32.4904,31.7969,30.2812,43.3290,31.3858,38.9017

5799.9270,43.3431,43.4538,43.4022,43.1523,43.2424,32.5075,31.7990,30.2908,43.3188,31.3991,38.8989

5800.9270,43.3311,43.4628,43.4127,43.1660,43.2608,32.5306,31.7859,30.3125,43.3267,31.4215,38.9078

5801.9270,43.3318,43.4506,43.4274,43.1863,43.2542,32.5354,31.7833,30.3066,43.3301,31.4210,38.9095

5802.9270,43.3580,43.4849,43.4222,43.1671,43.2364,32.5324,31.7929,30.2993,43.3337,31.4159,38.9117

5803.9280,43.3479,43.4729,43.4171,43.1965,43.2769,32.5381,31.8066,30.2895,43.3423,31.4138,38.9182

5804.9270,43.3422,43.4543,43.4167,43.2002,43.2638,32.5352,31.7990,30.2955,43.3354,31.4153,38.9134

5805.9270,43.3551,43.4740,43.4332,43.1916,43.2520,32.5402,31.8055,30.2836,43.3412,31.4119,38.9169

5806.9270,43.3610,43.4954,43.4318,43.1568,43.2617,32.5495,31.8241,30.2891,43.3413,31.4193,38.9212

5807.9270,43.3772,43.4789,43.4315,43.1764,43.2638,32.5729,31.8306,30.2952,43.3456,31.4340,38.9283

5808.9280,43.3683,43.5014,43.4392,43.2064,43.2594,32.5507,31.8427,30.2781,43.3549,31.4144,38.9308

5809.9270,43.3883,43.4952,43.4445,43.2011,43.2940,32.5738,31.8550,30.2829,43.3646,31.4283,38.9419

5810.9280,43.3783,43.4721,43.4536,43.2120,43.2710,32.5702,31.8669,30.2888,43.3574,31.4295,38.9391

5811.9270,43.3874,43.5107,43.4731,43.2027,43.2543,32.5743,31.8672,30.2886,43.3656,31.4314,38.9448

5812.9280,43.3876,43.5058,43.4380,43.2210,43.2698,32.5852,31.8960,30.3010,43.3644,31.4431,38.9505

5813.9280,43.3692,43.4880,43.4495,43.2321,43.2864,32.5751,31.9342,30.2889,43.3650,31.4320,38.9529

5814.9270,43.3823,43.4996,43.4605,43.2380,43.3049,32.5452,31.9765,30.2843,43.3771,31.4147,38.9614

5815.9270,43.3816,43.5095,43.4798,43.2145,43.2972,32.5515,32.0045,30.2964,43.3765,31.4239,38.9669

5816.9270,43.4038,43.5237,43.4494,43.2181,43.2877,32.5608,32.0316,30.2864,43.3765,31.4236,38.9702

5817.9270,43.4061,43.5079,43.4610,43.2343,43.2984,32.5477,32.0461,30.2930,43.3816,31.4203,38.9743

5818.9270,43.3932,43.5087,43.4641,43.2290,43.3168,32.5707,32.0467,30.2747,43.3824,31.4227,38.9755

5819.9270,43.3861,43.5200,43.4671,43.2236,43.3003,32.5612,32.0550,30.2812,43.3794,31.4212,38.9743

5820.9270,43.4029,43.5137,43.4584,43.2136,43.2930,32.5735,32.0523,30.2878,43.3763,31.4307,38.9744

5821.9270,43.4238,43.5202,43.4803,43.2215,43.3191,32.5669,32.0659,30.2700,43.3930,31.4185,38.9835

5822.9280,43.3997,43.5240,43.5017,43.2271,43.3159,32.5585,32.0621,30.2808,43.3937,31.4196,38.9837

5823.9280,43.4216,43.5366,43.4948,43.2560,43.3159,32.5576,32.0665,30.2865,43.4050,31.4221,38.9919

5824.9270,43.4150,43.5333,43.4730,43.2574,43.3104,32.5754,32.0509,30.2921,43.3978,31.4337,38.9884

5825.9280,43.4180,43.5385,43.5023,43.2334,43.3123,32.5878,32.0145,30.2810,43.4009,31.4344,38.9860

5826.9270,43.4326,43.5290,43.4941,43.2461,43.3339,32.5697,31.9439,30.2841,43.4071,31.4269,38.9792

5827.9270,43.4213,43.5462,43.4984,43.2601,43.3219,32.5925,31.8897,30.2820,43.4096,31.4373,38.9765

5828.9270,43.4256,43.5366,43.4887,43.2537,43.2950,32.5706,31.8439,30.2802,43.3999,31.4254,38.9618

5829.9270,43.4464,43.5474,43.5121,43.2594,43.3175,32.5696,31.8128,30.2656,43.4166,31.4176,38.9664

5830.9270,43.4195,43.5546,43.4947,43.2513,43.3294,32.5664,31.8142,30.3079,43.4099,31.4371,38.9673

5831.9270,43.4270,43.5637,43.5135,43.2771,43.3412,32.5809,31.8086,30.2859,43.4245,31.4334,38.9747

5832.9270,43.4361,43.5438,43.5062,43.2748,43.3101,32.5967,31.7986,30.3031,43.4142,31.4499,38.9712

5833.9270,43.4439,43.5679,43.5070,43.2567,43.3282,32.5966,31.7737,30.2795,43.4208,31.4381,38.9692

5834.9270,43.4543,43.5546,43.5123,43.2643,43.3395,32.5911,31.7808,30.2895,43.4250,31.4403,38.9733

5835.9280,43.4486,43.5690,43.5212,43.2653,43.3554,32.5868,31.8070,30.3040,43.4319,31.4454,38.9822

5836.9270,43.4612,43.5721,43.5233,43.2623,43.3422,32.5953,31.8057,30.2773,43.4322,31.4363,38.9799

5837.9280,43.4413,43.5565,43.5091,43.2685,43.3433,32.5930,31.8484,30.2839,43.4237,31.4384,38.9805

5838.9270,43.4373,43.5829,43.5114,43.2903,43.3576,32.6002,31.8974,30.2906,43.4359,31.4454,38.9960

5839.9270,43.4397,43.5765,43.5161,43.2876,43.3619,32.5956,31.9426,30.2893,43.4363,31.4425,39.0012

5840.9270,43.4536,43.5807,43.5287,43.2857,43.3619,32.5942,32.0031,30.2945,43.4421,31.4443,39.0128

5841.9270,43.4518,43.5855,43.5363,43.3049,43.3472,32.5923,32.0261,30.2973,43.4451,31.4448,39.0177

5842.9280,43.4494,43.5953,43.5456,43.2790,43.3584,32.6045,32.0303,30.2794,43.4455,31.4420,39.0177

5843.9270,43.4497,43.5885,43.5337,43.3075,43.3665,32.6184,31.9963,30.2980,43.4492,31.4582,39.0198

5844.9270,43.4773,43.5996,43.5406,43.2875,43.3548,32.5933,31.9688,30.2771,43.4519,31.4352,39.0124

5845.9280,43.4652,43.5814,43.5577,43.2897,43.3793,32.6252,31.9642,30.2781,43.4547,31.4516,39.0176

5846.9270,43.4660,43.5781,43.5395,43.2961,43.3723,32.6114,31.9400,30.2811,43.4504,31.4462,39.0106

5847.9270,43.4893,43.5909,43.5505,43.3327,43.3763,32.6180,31.9692,30.2977,43.4679,31.4579,39.0281

5848.9280,43.4831,43.5943,43.5539,43.3040,43.3862,32.6048,32.0264,30.2628,43.4643,31.4338,39.0269

5849.9270,43.5103,43.5918,43.5560,43.3182,43.3957,32.6252,32.0397,30.2823,43.4744,31.4538,39.0399

5850.9270,43.4896,43.6097,43.5535,43.3156,43.3853,32.6413,32.0530,30.3111,43.4707,31.4762,39.0449

5851.9280,43.5039,43.6032,43.5768,43.3306,43.3947,32.6576,32.0825,30.3045,43.4818,31.4811,39.0567

5852.9280,43.5084,43.6191,43.5675,43.3279,43.4036,32.6660,32.0580,30.2921,43.4853,31.4791,39.0553

5853.9280,43.5043,43.5929,43.5660,43.3254,43.4067,32.6562,32.0646,30.2973,43.4791,31.4768,39.0517

5854.9270,43.5024,43.6080,43.5653,43.3646,43.3883,32.6505,32.0759,30.2635,43.4857,31.4570,39.0523

5855.9280,43.4994,43.6046,43.5595,43.3245,43.3923,32.6746,32.0592,30.3088,43.4761,31.4917,39.0529

5856.9270,43.5114,43.6287,43.5558,43.3430,43.4118,32.6966,32.0549,30.3050,43.4901,31.5008,39.0634

5857.9270,43.5005,43.6296,43.5846,43.3556,43.3997,32.6908,32.0420,30.2921,43.4940,31.4915,39.0619

5858.9270,43.5224,43.6308,43.5894,43.3526,43.4078,32.6904,32.0425,30.2917,43.5006,31.4910,39.0659

5859.9270,43.5170,43.6179,43.5645,43.3350,43.4154,32.7023,32.0169,30.2863,43.4899,31.4943,39.0569

5860.9270,43.5060,43.6418,43.5921,43.3599,43.4068,32.7165,32.0607,30.2910,43.5013,31.5038,39.0718

5861.9280,43.5308,43.6321,43.6033,43.3483,43.4259,32.7162,32.0684,30.2894,43.5081,31.5028,39.0768

5862.9270,43.5214,43.6368,43.6135,43.3739,43.4259,32.7283,32.0964,30.2897,43.5143,31.5090,39.0857

5863.9270,43.5205,43.6317,43.6006,43.3461,43.4353,32.7218,32.0918,30.2954,43.5068,31.5086,39.0804

5864.9270,43.5399,43.6550,43.5974,43.3582,43.4149,32.7329,32.1152,30.2761,43.5131,31.5045,39.0862

5865.9280,43.5291,43.6664,43.6121,43.3813,43.4379,32.7441,32.1211,30.2858,43.5254,31.5149,39.0972

5866.9270,43.5247,43.6670,43.6085,43.3706,43.4464,32.7373,32.1181,30.3048,43.5234,31.5210,39.0972

5867.9270,43.5245,43.6446,43.6111,43.3710,43.4365,32.7225,32.1244,30.2910,43.5175,31.5068,39.0907

5868.9270,43.5312,43.6468,43.6217,43.3881,43.4564,32.7547,32.1073,30.2931,43.5289,31.5239,39.0999

5869.9270,43.5371,43.6687,43.5981,43.3761,43.4319,32.7577,32.0879,30.2943,43.5224,31.5260,39.0940

5870.9280,43.5536,43.6586,43.6261,43.3762,43.4320,32.7547,32.0745,30.2922,43.5293,31.5235,39.0960

5871.9280,43.5570,43.6804,43.6182,43.3841,43.4407,32.7816,32.0972,30.2896,43.5361,31.5356,39.1061

5872.9270,43.5292,43.6725,43.6275,43.3943,43.4436,32.7728,32.0795,30.2855,43.5334,31.5291,39.1006

5873.9270,43.5648,43.6710,43.6315,43.3895,43.4332,32.7937,32.0601,30.2782,43.5380,31.5360,39.1028

5874.9270,43.5666,43.6577,43.6368,43.3990,43.4473,32.8091,32.0778,30.2786,43.5415,31.5438,39.1091

5875.9280,43.5486,43.6662,43.6235,43.3806,43.4582,32.8074,32.1075,30.2726,43.5354,31.5400,39.1081

5876.9270,43.5745,43.6901,43.6627,43.4026,43.4821,32.7969,32.1425,30.2781,43.5624,31.5375,39.1287

5877.9280,43.5663,43.6746,43.6263,43.4052,43.4819,32.8065,32.2155,30.2934,43.5509,31.5500,39.1337

5878.9280,43.5711,43.7012,43.6496,43.3863,43.4717,32.8179,32.2696,30.2898,43.5560,31.5538,39.1446

5879.9270,43.5753,43.6881,43.6296,43.3937,43.4740,32.8230,32.3301,30.2973,43.5522,31.5601,39.1514

5880.9270,43.5777,43.6907,43.6466,43.4204,43.4822,32.8207,32.3808,30.2842,43.5635,31.5525,39.1629

5881.9270,43.5774,43.7136,43.6634,43.4094,43.4827,32.8411,32.4054,30.2689,43.5693,31.5550,39.1702

5882.9270,43.6031,43.7247,43.6360,43.4139,43.4957,32.8422,32.4454,30.2972,43.5747,31.5697,39.1823

5883.9270,43.5916,43.6983,43.6389,43.4336,43.4944,32.8550,32.4807,30.2983,43.5714,31.5766,39.1863

5884.9270,43.5855,43.7105,43.6645,43.4379,43.4876,32.8540,32.4910,30.2884,43.5772,31.5712,39.1899

5885.9270,43.5849,43.7058,43.6784,43.4444,43.5024,32.8923,32.5166,30.3141,43.5832,31.6032,39.2049

5886.9280,43.5986,43.7139,43.6874,43.4087,43.5160,32.8776,32.5108,30.2922,43.5849,31.5849,39.2007

5887.9270,43.6020,43.7082,43.6706,43.4249,43.4779,32.8706,32.5353,30.2872,43.5767,31.5789,39.1971

5888.9270,43.6137,43.7122,43.6732,43.4136,43.5135,32.8918,32.5640,30.2906,43.5852,31.5912,39.2091

5889.9270,43.6054,43.7233,43.6722,43.4279,43.4994,32.8792,32.5659,30.2798,43.5856,31.5795,39.2066

5890.9270,43.5951,43.7133,43.6817,43.4425,43.5029,32.8824,32.5856,30.3070,43.5871,31.5947,39.2138

5891.9270,43.6156,43.7070,43.6787,43.4483,43.5036,32.8801,32.6021,30.2915,43.5906,31.5858,39.2158

5892.9270,43.6176,43.7322,43.6788,43.4215,43.4925,32.8826,32.5811,30.2969,43.5885,31.5898,39.2129

5893.9280,43.6057,43.7313,43.6993,43.4512,43.5172,32.8899,32.5504,30.2886,43.6009,31.5893,39.2167

5894.9270,43.6019,43.7397,43.6849,43.4578,43.5108,32.8808,32.5408,30.2880,43.5990,31.5844,39.2131

5895.9280,43.6085,43.7315,43.6883,43.4459,43.5151,32.8561,32.5527,30.2778,43.5978,31.5669,39.2095

5896.9280,43.6357,43.7438,43.6974,43.4452,43.5246,32.8751,32.5844,30.2987,43.6093,31.5869,39.2256

5897.9270,43.6121,43.7599,43.6949,43.4362,43.5157,32.8701,32.6018,30.2956,43.6038,31.5828,39.2233

5898.9270,43.6338,43.7395,43.7037,43.4640,43.5351,32.8713,32.6214,30.2827,43.6152,31.5770,39.2314

5899.9270,43.6244,43.7499,43.7220,43.4512,43.5418,32.8876,32.5912,30.2844,43.6179,31.5860,39.2316

5900.9270,43.6262,43.7504,43.7039,43.4740,43.5586,32.8782,32.6038,30.2881,43.6226,31.5832,39.2354

5901.9270,43.6398,43.7555,43.7034,43.4731,43.5297,32.9079,32.6007,30.2935,43.6203,31.6007,39.2379

5902.9270,43.6316,43.7513,43.7072,43.4680,43.5265,32.9089,32.5835,30.2912,43.6169,31.6001,39.2335

5903.9270,43.6472,43.7595,43.6982,43.4679,43.5408,32.8816,32.5575,30.3113,43.6227,31.5965,39.2330

5904.9270,43.6631,43.7596,43.7257,43.4591,43.5260,32.9145,32.4793,30.2888,43.6267,31.6017,39.2270

5905.9270,43.6390,43.7451,43.7173,43.4739,43.5413,32.9187,32.4272,30.2757,43.6233,31.5972,39.2173

5906.9270,43.6314,43.7582,43.7275,43.4944,43.5533,32.8961,32.3685,30.3019,43.6330,31.5990,39.2164

5907.9280,43.6552,43.7587,43.7178,43.4953,43.5497,32.9127,32.2997,30.2959,43.6353,31.6043,39.2106

5908.9270,43.6618,43.7814,43.7252,43.4916,43.5636,32.9090,32.2730,30.2735,43.6447,31.5912,39.2099

5909.9280,43.6612,43.7711,43.7316,43.4919,43.5519,32.8854,32.2391,30.2757,43.6415,31.5805,39.2010

5910.9290,43.6714,43.7862,43.7365,43.4866,43.5442,32.9360,32.2545,30.2888,43.6450,31.6124,39.2130

5911.9270,43.6605,43.7840,43.7482,43.4993,43.5703,32.8992,32.2233,30.2749,43.6524,31.5870,39.2075

5912.9270,43.6649,43.7902,43.7401,43.4986,43.5789,32.9060,32.2667,30.2893,43.6546,31.5976,39.2168

5913.9270,43.6623,43.7886,43.7463,43.5053,43.5601,32.9001,32.2510,30.3050,43.6525,31.6025,39.2148

5914.9270,43.6807,43.7888,43.7554,43.5106,43.5905,32.8971,32.2452,30.3005,43.6652,31.5988,39.2211

5915.9270,43.6902,43.7963,43.7406,43.5093,43.5855,32.9330,32.2740,30.2938,43.6644,31.6134,39.2279

5916.9270,43.6662,43.7779,43.7686,43.5099,43.5758,32.9186,32.2667,30.2841,43.6597,31.6013,39.2210

5917.9270,43.6813,43.8132,43.7528,43.5011,43.5986,32.9188,32.2748,30.3044,43.6694,31.6116,39.2306

5918.9280,43.6994,43.8195,43.7573,43.5213,43.5896,32.9174,32.2448,30.3011,43.6774,31.6092,39.2313

5919.9270,43.6890,43.7873,43.7581,43.5166,43.6095,32.9289,32.2409,30.2690,43.6721,31.5990,39.2249

5920.9270,43.6909,43.7933,43.7455,43.5295,43.6020,32.8990,32.2292,30.3052,43.6722,31.6021,39.2243

5921.9270,43.7075,43.7940,43.7675,43.5102,43.5920,32.9106,32.2347,30.3023,43.6743,31.6064,39.2274

5922.9270,43.6910,43.8093,43.7903,43.5279,43.6073,32.9108,32.2307,30.2776,43.6852,31.5942,39.2306

5923.9270,43.6965,43.8136,43.7611,43.5280,43.5948,32.9145,32.2490,30.2888,43.6788,31.6017,39.2308

5924.9280,43.6746,43.8165,43.7701,43.5351,43.6108,32.9149,32.2545,30.3043,43.6814,31.6096,39.2351

5925.9270,43.7027,43.8091,43.7882,43.5295,43.6057,32.8997,32.3003,30.3017,43.6870,31.6007,39.2421

5926.9270,43.7162,43.8217,43.7493,43.5278,43.6072,32.9072,32.2942,30.2952,43.6844,31.6012,39.2398

5927.9270,43.6965,43.8126,43.7950,43.5568,43.5902,32.9131,32.2870,30.2865,43.6902,31.5998,39.2422

5928.9280,43.7231,43.8319,43.7618,43.5402,43.6266,32.9109,32.3012,30.2979,43.6967,31.6044,39.2492

5929.9280,43.7125,43.8439,43.7733,43.5355,43.6164,32.9091,32.3186,30.3098,43.6963,31.6094,39.2524

5930.9280,43.7250,43.8151,43.7859,43.5402,43.6359,32.9015,32.3045,30.2824,43.7004,31.5920,39.2488

5931.9270,43.7107,43.8368,43.8001,43.5693,43.6450,32.9067,32.3318,30.3065,43.7124,31.6066,39.2634

5932.9270,43.7223,43.8450,43.7953,43.5571,43.6249,32.9237,32.3238,30.2999,43.7089,31.6118,39.2615

5933.9270,43.7279,43.8375,43.7985,43.5566,43.6304,32.9087,32.3637,30.2802,43.7102,31.5944,39.2629

5934.9270,43.7448,43.8134,43.7930,43.5496,43.6281,32.9070,32.3728,30.3062,43.7058,31.6066,39.2644

5935.9270,43.7318,43.8474,43.8010,43.5585,43.6222,32.9187,32.3747,30.2842,43.7122,31.6014,39.2673

5936.9270,43.7394,43.8507,43.7876,43.5684,43.6357,32.9306,32.3870,30.2777,43.7164,31.6041,39.2721

5937.9270,43.7414,43.8452,43.7941,43.5968,43.6455,32.9199,32.3562,30.3042,43.7246,31.6120,39.2754

5938.9270,43.7468,43.8502,43.8047,43.5498,43.6357,32.9170,32.3233,30.3064,43.7175,31.6117,39.2667

5939.9270,43.7324,43.8446,43.8186,43.5651,43.6361,32.9329,32.3007,30.3002,43.7194,31.6166,39.2663

5940.9280,43.7259,43.8529,43.8186,43.5771,43.6388,32.9132,32.2612,30.2988,43.7226,31.6060,39.2608

5941.9270,43.7389,43.8602,43.8212,43.5830,43.6424,32.9259,32.2355,30.3041,43.7292,31.6150,39.2639

5942.9280,43.7495,43.8698,43.8057,43.5851,43.6557,32.9319,32.2382,30.2917,43.7331,31.6118,39.2659

5943.9280,43.7423,43.8588,43.8263,43.5867,43.6591,32.9419,32.2572,30.2853,43.7346,31.6136,39.2697

5944.9270,43.7723,43.8746,43.8212,43.5853,43.6406,32.9249,32.3063,30.3120,43.7388,31.6184,39.2796

5945.9270,43.7633,43.8556,43.8389,43.5937,43.6698,32.9323,32.2958,30.2902,43.7443,31.6112,39.2799

5946.9270,43.7581,43.8672,43.8245,43.6016,43.6652,32.9317,32.3206,30.3009,43.7433,31.6163,39.2837

5947.9270,43.7503,43.8773,43.8416,43.5857,43.6442,32.9402,32.3371,30.3015,43.7398,31.6209,39.2847

5948.9270,43.7609,43.8788,43.8300,43.6025,43.6661,32.9223,32.4087,30.2830,43.7476,31.6026,39.2940

5949.9270,43.7685,43.8993,43.8371,43.5886,43.6597,32.9361,32.4413,30.2860,43.7506,31.6110,39.3021

5950.9280,43.7566,43.9070,43.8448,43.6052,43.6692,32.9334,32.5057,30.2904,43.7566,31.6119,39.3140

5951.9270,43.7764,43.8710,43.8515,43.5901,43.6667,32.9314,32.5793,30.2903,43.7512,31.6109,39.3196

5952.9270,43.7640,43.9041,43.8567,43.5943,43.6747,32.9100,32.6089,30.2782,43.7588,31.5941,39.3239

5953.9280,43.7648,43.8984,43.8455,43.6170,43.6760,32.9084,32.6257,30.2776,43.7604,31.5930,39.3267

5954.9270,43.7736,43.8949,43.8462,43.6070,43.6860,32.9360,32.6228,30.2935,43.7615,31.6148,39.3325

5955.9270,43.7650,43.9023,43.8633,43.6042,43.6868,32.9208,32.6094,30.3036,43.7643,31.6122,39.3319

5956.9270,43.7834,43.9230,43.8529,43.6044,43.6890,32.9291,32.5764,30.2875,43.7705,31.6083,39.3307

5957.9270,43.7819,43.9210,43.8453,43.6363,43.6976,32.9360,32.5543,30.3029,43.7764,31.6194,39.3344

5958.9270,43.7915,43.8769,43.8504,43.6349,43.6921,32.9030,32.5128,30.2919,43.7691,31.5975,39.3192

5959.9270,43.7889,43.9021,43.8626,43.6067,43.6941,32.9417,32.4788,30.3058,43.7709,31.6237,39.3226

5960.9280,43.7875,43.9143,43.8781,43.6245,43.6942,32.9285,32.4642,30.2845,43.7797,31.6065,39.3220

5961.9270,43.8025,43.9014,43.8693,43.6190,43.6929,32.9067,32.4776,30.3064,43.7770,31.6065,39.3220

5962.9270,43.7751,43.9020,43.8829,43.6238,43.6870,32.9296,32.4573,30.3087,43.7742,31.6191,39.3208

5963.9280,43.7947,43.9210,43.8751,43.6512,43.6954,32.9325,32.4547,30.2924,43.7875,31.6125,39.3271

5964.9270,43.8090,43.9261,43.8936,43.6428,43.6948,32.9320,32.4532,30.3162,43.7933,31.6241,39.3335

5965.9270,43.7897,43.9333,43.8743,43.6445,43.7002,32.9415,32.4365,30.2948,43.7884,31.6182,39.3268

5966.9280,43.8102,43.9433,43.8867,43.6387,43.7032,32.9631,32.4557,30.2930,43.7964,31.6281,39.3367

5967.9270,43.8062,43.9224,43.8862,43.6522,43.7032,32.9601,32.4428,30.2687,43.7940,31.6144,39.3302

5968.9270,43.8111,43.9302,43.8856,43.6483,43.7291,32.9646,32.4037,30.2859,43.8009,31.6253,39.3323

5969.9270,43.8046,43.9387,43.8821,43.6550,43.7042,32.9500,32.3666,30.2896,43.7969,31.6198,39.3239

5970.9270,43.8277,43.9471,43.8905,43.6393,43.7089,32.9358,32.3318,30.2853,43.8027,31.6106,39.3208

5971.9270,43.8330,43.9303,43.9001,43.6661,43.7297,32.9370,32.2766,30.2888,43.8118,31.6129,39.3202

5972.9280,43.8085,43.9342,43.8910,43.6509,43.7447,32.9474,32.2453,30.2974,43.8059,31.6224,39.3149

5973.9270,43.8135,43.9483,43.9079,43.6446,43.7361,32.9698,32.2001,30.3076,43.8101,31.6387,39.3160

5974.9270,43.8303,43.9412,43.9171,43.6566,43.7072,32.9563,32.2054,30.2945,43.8105,31.6254,39.3136

5975.9290,43.8424,43.9580,43.8804,43.6645,43.7267,32.9727,32.1651,30.2983,43.8144,31.6355,39.3135

5976.9280,43.8257,43.9540,43.9002,43.6545,43.7260,32.9825,32.1463,30.2974,43.8121,31.6399,39.3108

5977.9280,43.8314,43.9597,43.8960,43.6783,43.7201,32.9795,32.1239,30.2943,43.8171,31.6369,39.3104

5978.9270,43.8287,43.9454,43.9264,43.6854,43.7267,32.9838,32.0855,30.2845,43.8225,31.6341,39.3083

5979.9270,43.8373,43.9705,43.9092,43.6946,43.7513,32.9755,32.0731,30.3006,43.8326,31.6381,39.3140

5980.9270,43.8347,43.9688,43.9330,43.6665,43.7306,32.9654,32.0578,30.2868,43.8267,31.6261,39.3054

5981.9270,43.8571,43.9472,43.9156,43.6672,43.7429,32.9604,32.0448,30.3062,43.8260,31.6333,39.3052

5982.9270,43.8502,43.9646,43.9168,43.6744,43.7622,32.9571,32.0434,30.3024,43.8336,31.6298,39.3089

5983.9270,43.8663,43.9771,43.9307,43.6813,43.7594,32.9664,32.0715,30.2995,43.8430,31.6330,39.3190

5984.9270,43.8416,43.9734,43.9265,43.6706,43.7566,32.9747,32.0756,30.2834,43.8337,31.6291,39.3128

5985.9270,43.8490,43.9721,43.9261,43.6851,43.7599,32.9376,32.1159,30.3007,43.8384,31.6192,39.3183

5986.9270,43.8718,43.9894,43.9267,43.6973,43.7507,32.9621,32.1465,30.2919,43.8472,31.6270,39.3295

5987.9270,43.8692,43.9913,43.9435,43.6811,43.7475,32.9528,32.1743,30.2822,43.8465,31.6175,39.3302

5988.9270,43.8346,43.9827,43.9372,43.6846,43.7640,32.9667,32.1619,30.3060,43.8406,31.6364,39.3297

5989.9270,43.8695,43.9696,43.9330,43.6971,43.7607,32.9452,32.1511,30.3126,43.8460,31.6289,39.3299

5990.9270,43.8588,43.9742,43.9329,43.6933,43.7875,32.9611,32.1581,30.3210,43.8493,31.6411,39.3359

5991.9270,43.8702,43.9917,43.9416,43.6983,43.7549,32.9548,32.1725,30.3147,43.8513,31.6347,39.3373

5992.9270,43.8877,43.9777,43.9549,43.7009,43.7604,32.9735,32.2390,30.2779,43.8563,31.6257,39.3465

5993.9270,43.8568,43.9912,43.9360,43.7135,43.7781,32.9516,32.2908,30.3021,43.8551,31.6268,39.3525

5994.9270,43.8802,43.9794,43.9469,43.7003,43.7593,32.9368,32.3651,30.3046,43.8532,31.6207,39.3591

5995.9270,43.8691,43.9894,43.9620,43.7108,43.7865,32.9341,32.4412,30.2920,43.8635,31.6130,39.3731

5996.9280,43.8834,43.9905,43.9640,43.6896,43.7834,32.9330,32.5161,30.3074,43.8622,31.6202,39.3834

5997.9270,43.8594,43.9939,43.9494,43.6977,43.7790,32.9402,32.5655,30.2982,43.8559,31.6192,39.3854

5998.9270,43.8750,43.9961,43.9557,43.7180,43.7844,32.9592,32.6441,30.3069,43.8659,31.6331,39.4050

5999.9270,43.8870,43.9972,43.9675,43.7168,43.8050,32.9367,32.7111,30.2956,43.8747,31.6161,39.4146

6000.9270,43.8602,44.0037,43.9499,43.7093,43.7934,32.9443,32.7642,30.2900,43.8633,31.6171,39.4144

6001.9280,43.9103,44.0043,43.9533,43.7304,43.7963,32.9536,32.7975,30.3158,43.8789,31.6347,39.4327

6002.9270,43.8911,44.0269,43.9712,43.7214,43.8031,32.9679,32.7794,30.2987,43.8827,31.6333,39.4325

6003.9270,43.9001,44.0234,43.9718,43.7266,43.7889,32.9479,32.7547,30.3106,43.8821,31.6293,39.4280

6004.9270,43.8921,44.0350,43.9853,43.7225,43.7991,32.9783,32.7284,30.2842,43.8868,31.6313,39.4281

6005.9270,43.8917,44.0232,43.9837,43.7479,43.8013,32.9522,32.7501,30.2914,43.8896,31.6218,39.4302

6006.9280,43.8902,44.0306,43.9800,43.7334,43.8058,32.9765,32.7631,30.2960,43.8880,31.6362,39.4344

6007.9270,43.8999,44.0194,43.9845,43.7236,43.8123,32.9834,32.7850,30.2832,43.8879,31.6333,39.4364

6008.9270,43.9174,44.0260,43.9661,43.7316,43.8004,32.9790,32.7553,30.2938,43.8883,31.6364,39.4337

6009.9270,43.9183,44.0243,43.9760,43.7406,43.8005,32.9683,32.7122,30.3230,43.8919,31.6456,39.4329

6010.9280,43.9117,44.0352,43.9878,43.7427,43.8281,32.9916,32.6821,30.2975,43.9011,31.6445,39.4346

6011.9270,43.9147,44.0301,43.9753,43.7520,43.8002,32.9684,32.6716,30.2846,43.8945,31.6265,39.4246

6012.9270,43.8890,44.0368,43.9705,43.7374,43.8084,32.9776,32.6315,30.3084,43.8884,31.6430,39.4199

6013.9270,43.9148,44.0331,43.9672,43.7503,43.8167,32.9886,32.6121,30.3058,43.8964,31.6472,39.4236

6014.9270,43.9273,44.0195,44.0033,43.7530,43.8264,33.0032,32.5835,30.3223,43.9059,31.6627,39.4298

6015.9280,43.9226,44.0484,43.9890,43.7448,43.8260,33.0082,32.5759,30.2982,43.9062,31.6532,39.4266

6016.9280,43.9284,44.0325,43.9991,43.7632,43.8004,33.0155,32.5818,30.2989,43.9047,31.6572,39.4275

6017.9280,43.9368,44.0297,44.0014,43.7590,43.8352,33.0376,32.6034,30.3013,43.9124,31.6695,39.4380

6018.9270,43.9185,44.0549,44.0215,43.7438,43.8260,33.0368,32.6115,30.3020,43.9129,31.6694,39.4394

6019.9270,43.9182,44.0467,44.0087,43.7663,43.8322,33.0239,32.6240,30.2984,43.9144,31.6612,39.4398

6020.9270,43.9416,44.0651,44.0094,43.7782,43.8330,33.0424,32.6288,30.3038,43.9254,31.6731,39.4503

6021.9270,43.9337,44.0479,43.9950,43.7856,43.8399,33.0377,32.6635,30.2911,43.9204,31.6644,39.4493

6022.9270,43.9469,44.0594,44.0125,43.7674,43.8264,33.0248,32.6806,30.3021,43.9225,31.6635,39.4525

6023.9270,43.9561,44.0574,44.0058,43.7876,43.8396,33.0369,32.6777,30.3166,43.9293,31.6768,39.4597

6024.9270,43.9441,44.0706,44.0126,43.7818,43.8324,33.0398,32.6581,30.2979,43.9283,31.6688,39.4546

6025.9280,43.9329,44.0663,44.0138,43.7909,43.8601,33.0167,32.6374,30.2804,43.9328,31.6486,39.4498

6026.9280,43.9406,44.0716,44.0308,43.7916,43.8478,33.0405,32.6109,30.2859,43.9365,31.6632,39.4525

6027.9270,43.9383,44.0633,44.0377,43.7851,43.8376,33.0419,32.5796,30.2812,43.9324,31.6616,39.4456

6028.9270,43.9602,44.0742,44.0199,43.7909,43.8578,33.0443,32.5562,30.3184,43.9406,31.6814,39.4527

6029.9280,43.9798,44.0558,44.0228,43.7879,43.8464,33.0768,32.5117,30.3176,43.9386,31.6972,39.4499

6030.9270,43.9493,44.0703,44.0253,43.8010,43.8651,33.0487,32.4865,30.2937,43.9422,31.6712,39.4425

6031.9270,43.9534,44.0679,44.0276,43.7959,43.8767,33.0674,32.4907,30.3007,43.9443,31.6841,39.4475

6032.9280,43.9631,44.0951,44.0338,43.7682,43.8578,33.0651,32.5160,30.2894,43.9436,31.6772,39.4486

6033.9270,43.9695,44.0925,44.0387,43.7889,43.8595,33.0813,32.5435,30.3047,43.9498,31.6930,39.4598

6034.9280,43.9740,44.0586,44.0117,43.7907,43.8483,33.0770,32.5481,30.2967,43.9367,31.6868,39.4506

6035.9270,43.9732,44.0782,44.0262,43.8006,43.8656,33.0715,32.5224,30.2944,43.9488,31.6830,39.4540

6036.9270,43.9682,44.0815,44.0685,43.8057,43.8485,33.0909,32.4648,30.3101,43.9545,31.7005,39.4548

6037.9270,43.9672,44.0839,44.0523,43.7849,43.8582,33.0954,32.4168,30.2930,43.9493,31.6942,39.4440

6038.9280,43.9574,44.0871,44.0207,43.8057,43.8758,33.0841,32.3380,30.3047,43.9493,31.6944,39.4342

6039.9270,43.9760,44.1032,44.0331,43.8056,43.8613,33.0767,32.2907,30.3006,43.9558,31.6886,39.4309

6040.9270,43.9761,44.1064,44.0414,43.7874,43.8965,33.1054,32.2748,30.3002,43.9615,31.7028,39.4360

6041.9280,43.9667,44.1029,44.0644,43.8188,43.8680,33.1203,32.2386,30.2907,43.9642,31.7055,39.4338

6042.9270,43.9705,44.0967,44.0587,43.8177,43.8595,33.0931,32.2227,30.2959,43.9606,31.6945,39.4268

6043.9280,43.9964,44.1005,44.0480,43.8033,43.8720,33.1095,32.2142,30.2954,43.9641,31.7024,39.4299

6044.9270,43.9854,44.0932,44.0621,43.8262,43.8759,33.1021,32.2415,30.3044,43.9686,31.7032,39.4363

6045.9280,43.9853,44.1119,44.0418,43.8171,43.8630,33.1151,32.2780,30.3076,43.9638,31.7113,39.4400

6046.9270,43.9784,44.1164,44.0347,43.7947,43.8750,33.1232,32.3433,30.3194,43.9598,31.7213,39.4481

6047.9270,43.9828,44.1077,44.0506,43.8143,43.8960,33.1032,32.3871,30.2985,43.9703,31.7009,39.4550

6048.9270,43.9856,44.0849,44.0561,43.8305,43.8867,33.1257,32.4613,30.3098,43.9688,31.7178,39.4676

6049.9270,43.9737,44.0904,44.0677,43.8411,43.8903,33.1104,32.5501,30.3024,43.9726,31.7064,39.4783

6050.9270,43.9961,44.1118,44.0686,43.8170,43.8987,33.1039,32.6172,30.3175,43.9784,31.7107,39.4914

6051.9280,44.0039,44.1313,44.0561,43.8193,43.8778,33.0973,32.6837,30.2991,43.9777,31.6982,39.4961

6052.9280,43.9969,44.1158,44.0629,43.8391,43.8763,33.0987,32.7292,30.3038,43.9782,31.7013,39.5028

6053.9280,44.0001,44.1182,44.0760,43.8331,43.8916,33.1076,32.8009,30.3038,43.9838,31.7057,39.5164

6054.9270,44.0068,44.1342,44.0609,43.8329,43.8965,33.1026,32.8410,30.3050,43.9863,31.7038,39.5225

6055.9270,44.0083,44.1326,44.0643,43.8308,43.9185,33.1004,32.8828,30.3126,43.9909,31.7065,39.5313

6056.9280,44.0019,44.1266,44.0662,43.8461,43.9065,33.0817,32.9007,30.2976,43.9895,31.6896,39.5284

6057.9270,44.0324,44.1075,44.0801,43.8294,43.8986,33.0844,32.8824,30.2985,43.9896,31.6914,39.5267

6058.9270,44.0130,44.1321,44.0787,43.8215,43.9264,33.1009,32.8806,30.3202,43.9944,31.7106,39.5342

6059.9280,44.0223,44.1363,44.0889,43.8531,43.9190,33.0986,32.8491,30.3215,44.0039,31.7100,39.5361

6060.9270,44.0165,44.1372,44.0746,43.8554,43.9102,33.0960,32.8831,30.3194,43.9988,31.7077,39.5365

6061.9280,44.0205,44.1466,44.0905,43.8370,43.9122,33.0935,32.8937,30.3193,44.0013,31.7064,39.5391

6062.9270,44.0220,44.1420,44.0905,43.8477,43.9406,33.1035,32.8944,30.3208,44.0086,31.7121,39.5452

6063.9280,43.9990,44.1318,44.0905,43.8412,43.9229,33.1056,32.8932,30.2943,43.9971,31.6999,39.5348

6064.9270,44.0325,44.1561,44.0920,43.8520,43.9170,33.1211,32.9354,30.3009,44.0099,31.7110,39.5509

6065.9290,44.0389,44.1448,44.0933,43.8686,43.9336,33.1135,32.9616,30.2994,44.0158,31.7064,39.5567

6066.9270,44.0201,44.1509,44.1077,43.8746,43.9364,33.1127,33.0152,30.3033,44.0180,31.7080,39.5651

6067.9270,44.0424,44.1465,44.1020,43.8703,43.9167,33.1268,33.0354,30.3222,44.0156,31.7245,39.5703

6068.9270,44.0367,44.1438,44.1113,43.8763,43.9474,33.1295,33.0765,30.3225,44.0231,31.7260,39.5805

6069.9290,44.0328,44.1680,44.1100,43.8649,43.9173,33.1255,33.0777,30.3223,44.0186,31.7239,39.5773

6070.9270,44.0363,44.1570,44.1171,43.8538,43.9402,33.1361,33.0916,30.2990,44.0209,31.7176,39.5789

6071.9270,44.0298,44.1595,44.0889,43.8976,43.9422,33.1431,33.0559,30.3084,44.0236,31.7258,39.5782

6072.9280,44.0465,44.1537,44.1031,43.8817,43.9184,33.1488,33.0489,30.3033,44.0207,31.7260,39.5756

6073.9270,44.0491,44.1737,44.1194,43.8701,43.9370,33.1317,33.0544,30.3163,44.0299,31.7240,39.5815

6074.9280,44.0408,44.1412,44.1212,43.8849,43.9439,33.1463,33.0048,30.3107,44.0264,31.7285,39.5742

6075.9270,44.0413,44.1586,44.1187,43.8824,43.9646,33.1744,33.0160,30.3046,44.0331,31.7395,39.5826

6076.9270,44.0553,44.1589,44.1333,43.8594,43.9267,33.1586,33.0470,30.3136,44.0267,31.7361,39.5816

6077.9270,44.0467,44.1719,44.1008,43.8715,43.9407,33.1631,33.0843,30.3087,44.0263,31.7359,39.5859

6078.9270,44.0496,44.1687,44.1394,43.8850,43.9375,33.1749,33.0891,30.2985,44.0360,31.7367,39.5928

6079.9270,44.0498,44.1658,44.1310,43.8988,43.9583,33.1928,33.0466,30.3268,44.0407,31.7598,39.5962

6080.9270,44.0614,44.1862,44.1384,43.8751,43.9629,33.1667,33.0012,30.3071,44.0448,31.7369,39.5874

6081.9270,44.0669,44.1965,44.1362,43.8846,43.9486,33.1788,32.9359,30.2897,44.0466,31.7342,39.5797

6082.9270,44.0559,44.1701,44.1311,43.8813,43.9407,33.1705,32.8854,30.2926,44.0358,31.7315,39.5659

6083.9270,44.0592,44.1654,44.1310,43.8952,43.9634,33.1818,32.8541,30.3110,44.0429,31.7464,39.5701

6084.9270,44.0643,44.1885,44.1337,43.8807,43.9685,33.1780,32.8273,30.3251,44.0472,31.7515,39.5708

6085.9280,44.0737,44.1789,44.1580,43.8864,43.9751,33.1837,32.8349,30.2998,44.0544,31.7418,39.5738

6086.9280,44.0639,44.1772,44.1554,43.8833,43.9613,33.1813,32.8377,30.3068,44.0482,31.7441,39.5709

6087.9270,44.0721,44.1766,44.1390,43.9017,43.9765,33.1822,32.8502,30.3095,44.0532,31.7458,39.5760

6088.9270,44.0773,44.1984,44.1362,43.9175,43.9718,33.1742,32.8775,30.3161,44.0602,31.7452,39.5836

6089.9270,44.0957,44.1744,44.1466,43.8977,43.9660,33.1909,32.9420,30.3122,44.0561,31.7515,39.5907

6090.9280,44.0842,44.1891,44.1524,43.9221,43.9825,33.1812,32.9731,30.3034,44.0661,31.7423,39.5985

6091.9270,44.0836,44.2104,44.1603,43.9110,43.9746,33.1623,33.0020,30.3112,44.0680,31.7368,39.6019

6092.9270,44.0801,44.2031,44.1553,43.9195,43.9863,33.1982,33.0098,30.3129,44.0689,31.7556,39.6082

6093.9280,44.0975,44.1920,44.1493,43.9209,44.0021,33.1819,33.0141,30.2989,44.0723,31.7404,39.6071

6094.9270,44.0915,44.2068,44.1427,43.9069,43.9649,33.1830,33.0156,30.3122,44.0626,31.7476,39.6030

6095.9270,44.0837,44.2056,44.1592,43.9303,44.0116,33.1798,33.0213,30.3071,44.0781,31.7434,39.6123

6096.9280,44.0971,44.2099,44.1537,43.9016,43.9884,33.1994,33.0184,30.3084,44.0701,31.7539,39.6096

6097.9270,44.0925,44.2028,44.1736,43.9428,43.9999,33.2144,32.9871,30.3043,44.0823,31.7594,39.6147

6098.9270,44.0812,44.2131,44.1796,43.9317,43.9921,33.2171,32.9593,30.3046,44.0795,31.7609,39.6098

6099.9280,44.1108,44.2174,44.1770,43.9412,43.9867,33.1884,32.9352,30.3030,44.0866,31.7457,39.6074

6100.9280,44.0961,44.2066,44.1732,43.9332,43.9782,33.2063,32.8946,30.2994,44.0775,31.7529,39.5984

6101.9270,44.1260,44.2291,44.1804,43.9190,43.9956,33.2065,32.8826,30.2987,44.0900,31.7526,39.6047

6102.9280,44.1097,44.2275,44.1788,43.9207,44.0140,33.2079,32.8319,30.2968,44.0901,31.7524,39.5984

6103.9270,44.1138,44.2058,44.1668,43.9300,44.0043,33.2097,32.7704,30.3216,44.0842,31.7656,39.5903

6104.9270,44.1161,44.2407,44.1984,43.9194,43.9905,33.1980,32.7376,30.3112,44.0930,31.7546,39.5890

6105.9270,44.1070,44.2524,44.1920,43.9418,44.0175,33.1911,32.7016,30.2959,44.1021,31.7435,39.5874

6106.9270,44.1255,44.2269,44.2019,43.9609,44.0231,33.2074,32.6523,30.2939,44.1077,31.7507,39.5865

6107.9270,44.1091,44.2161,44.2045,43.9543,44.0165,33.2031,32.6081,30.2948,44.1001,31.7489,39.5758

6108.9270,44.1280,44.2354,44.1722,43.9666,44.0046,33.1959,32.6276,30.3120,44.1013,31.7540,39.5803

6109.9270,44.1049,44.2211,44.1844,43.9532,43.9987,33.1923,32.6263,30.3215,44.0925,31.7569,39.5753

6110.9270,44.1171,44.2331,44.1876,43.9583,44.0223,33.1975,32.6096,30.3094,44.1037,31.7535,39.5794

6111.9280,44.1241,44.2348,44.2097,43.9498,44.0180,33.2088,32.6195,30.3080,44.1073,31.7584,39.5841

6112.9270,44.1441,44.2379,44.2147,43.9496,44.0355,33.1972,32.6355,30.3157,44.1164,31.7564,39.5913

6113.9270,44.1203,44.2433,44.2043,43.9801,44.0205,33.1787,32.6208,30.2957,44.1137,31.7372,39.5830

6114.9270,44.1375,44.2452,44.2006,43.9551,44.0191,33.1905,32.6345,30.3160,44.1115,31.7533,39.5873

6115.9270,44.1217,44.2689,44.2067,43.9704,44.0326,33.1755,32.6391,30.3061,44.1201,31.7408,39.5901

6116.9270,44.1272,44.2481,44.2087,43.9621,44.0063,33.1857,32.6404,30.2774,44.1105,31.7315,39.5820

6117.9280,44.1407,44.2499,44.2109,43.9500,44.0270,33.1703,32.6837,30.3019,44.1157,31.7361,39.5918

6118.9270,44.1274,44.2502,44.2242,43.9526,44.0418,33.2122,32.7279,30.3081,44.1193,31.7602,39.6056

6119.9270,44.1229,44.2607,44.2115,43.9654,44.0430,33.1926,32.7749,30.3078,44.1207,31.7502,39.6099

6120.9270,44.1479,44.2632,44.2034,43.9606,44.0098,33.1668,32.8246,30.3035,44.1170,31.7352,39.6100

6121.9280,44.1579,44.2740,44.2025,43.9578,44.0317,33.1826,32.8999,30.2930,44.1248,31.7378,39.6249

6122.9270,44.1416,44.2652,44.2220,43.9802,44.0396,33.1937,32.9078,30.3150,44.1297,31.7544,39.6331

6123.9270,44.1564,44.2639,44.2170,43.9830,44.0369,33.1880,32.9465,30.3214,44.1314,31.7547,39.6392

6124.9270,44.1554,44.2495,44.2193,43.9640,44.0382,33.1871,32.9381,30.3130,44.1253,31.7500,39.6331

6125.9270,44.1359,44.2627,44.2372,43.9837,44.0492,33.1612,32.9690,30.3064,44.1337,31.7338,39.6382

6126.9280,44.1498,44.2533,44.2338,43.9938,44.0519,33.1837,32.9343,30.3134,44.1365,31.7486,39.6393

6127.9280,44.1613,44.2741,44.2179,43.9914,44.0364,33.1663,32.8986,30.3006,44.1362,31.7334,39.6308

6128.9270,44.1387,44.2659,44.2232,43.9897,44.0659,33.1898,32.8954,30.3102,44.1367,31.7500,39.6349

6129.9280,44.1614,44.2768,44.2337,43.9858,44.0554,33.2123,32.8639,30.3087,44.1426,31.7605,39.6372

6130.9270,44.1619,44.2842,44.2234,43.9769,44.0586,33.1799,32.8663,30.3002,44.1410,31.7401,39.6314

6131.9270,44.1500,44.2910,44.2042,43.9823,44.0570,33.1638,32.8483,30.3136,44.1369,31.7387,39.6263

6132.9270,44.1676,44.2785,44.2548,43.9967,44.0705,33.1872,32.8135,30.3173,44.1536,31.7522,39.6358

6133.9270,44.1690,44.2825,44.2213,43.9947,44.0801,33.1866,32.8111,30.2994,44.1495,31.7430,39.6306

6134.9270,44.1595,44.2674,44.2335,43.9907,44.0618,33.1701,32.7823,30.2959,44.1426,31.7330,39.6202

6135.9270,44.2069,44.2897,44.2446,43.9986,44.0687,33.1687,32.8354,30.2918,44.1617,31.7303,39.6380

6136.9280,44.1821,44.2719,44.2366,43.9961,44.0649,33.1625,32.8174,30.2930,44.1503,31.7278,39.6281

6137.9270,44.1860,44.2748,44.2395,44.0069,44.0552,33.1631,32.8377,30.3002,44.1525,31.7317,39.6329

6138.9280,44.1719,44.2956,44.2399,43.9985,44.0904,33.1747,32.8169,30.3222,44.1593,31.7484,39.6388

6139.9290,44.1718,44.3026,44.2358,44.0138,44.0682,33.1610,32.8525,30.3132,44.1584,31.7371,39.6398

6140.9270,44.1812,44.3031,44.2535,44.0093,44.0919,33.1850,32.8793,30.3114,44.1678,31.7482,39.6518

6141.9270,44.1752,44.3128,44.2585,44.0194,44.0872,33.1995,32.8774,30.2992,44.1706,31.7494,39.6537

6142.9270,44.1833,44.3011,44.2625,44.0100,44.0708,33.1979,32.9311,30.3215,44.1655,31.7597,39.6598

6143.9270,44.1756,44.2983,44.2621,43.9980,44.0801,33.1919,32.9392,30.3235,44.1628,31.7577,39.6586

6144.9270,44.1670,44.2935,44.2443,44.0099,44.0948,33.2119,32.9649,30.3177,44.1619,31.7648,39.6630

6145.9270,44.1817,44.2926,44.2819,44.0354,44.0985,33.2169,33.0097,30.3029,44.1780,31.7599,39.6774

6146.9270,44.1878,44.3053,44.2631,44.0119,44.0741,33.2225,33.0341,30.2898,44.1685,31.7562,39.6736

6147.9270,44.2097,44.3194,44.2678,44.0218,44.0928,33.2001,33.0220,30.3139,44.1823,31.7570,39.6810

6148.9270,44.1802,44.3120,44.2512,44.0093,44.0882,33.2341,33.0527,30.3150,44.1682,31.7746,39.6803

6149.9270,44.2201,44.3165,44.2775,44.0157,44.1108,33.2163,33.0236,30.3108,44.1881,31.7635,39.6864

6150.9270,44.2230,44.3066,44.2709,44.0415,44.0884,33.2056,33.0434,30.3052,44.1861,31.7554,39.6856

6151.9270,44.1952,44.3226,44.2636,44.0134,44.0984,33.2263,33.0036,30.3091,44.1786,31.7677,39.6790

6152.9270,44.2087,44.2892,44.2715,44.0301,44.0914,33.2146,33.0130,30.3124,44.1782,31.7635,39.6789

6153.9270,44.2065,44.3345,44.2741,44.0378,44.1102,33.2315,33.0225,30.2946,44.1926,31.7631,39.6890

6154.9270,44.2109,44.3144,44.2717,44.0419,44.1060,33.2553,33.0171,30.3198,44.1890,31.7875,39.6922

6155.9270,44.2103,44.3169,44.2863,44.0249,44.0848,33.2326,33.0254,30.2942,44.1846,31.7634,39.6844

6156.9290,44.2130,44.3410,44.2853,44.0234,44.0991,33.2565,32.9911,30.3154,44.1924,31.7859,39.6906

6157.9280,44.2266,44.3129,44.2808,44.0464,44.0928,33.2392,32.9828,30.3042,44.1919,31.7717,39.6857

6158.9280,44.2012,44.3313,44.2918,44.0463,44.1085,33.2399,32.9787,30.3011,44.1958,31.7705,39.6873

6159.9280,44.2326,44.3420,44.2617,44.0421,44.1095,33.2677,32.9480,30.3046,44.1976,31.7862,39.6885

6160.9270,44.2160,44.3138,44.2989,44.0325,44.1109,33.2740,32.9074,30.2695,44.1944,31.7718,39.6779

6161.9270,44.2121,44.3323,44.2752,44.0444,44.1173,33.2803,32.9269,30.3012,44.1963,31.7908,39.6862

6162.9280,44.1964,44.3319,44.3124,44.0394,44.1058,33.2631,32.8618,30.3145,44.1972,31.7888,39.6782

6163.9270,44.2029,44.3390,44.2815,44.0447,44.1232,33.2828,32.8580,30.3004,44.1983,31.7916,39.6791

6164.9270,44.2320,44.3393,44.3040,44.0645,44.1137,33.2794,32.8467,30.3144,44.2107,31.7969,39.6867

6165.9270,44.2349,44.3525,44.2907,44.0484,44.1338,33.2635,32.8430,30.3074,44.2121,31.7855,39.6843

6166.9270,44.2519,44.3511,44.3052,44.0619,44.1079,33.2732,32.8307,30.3148,44.2156,31.7940,39.6871

6167.9270,44.2198,44.3298,44.3057,44.0550,44.1344,33.2826,32.8269,30.3256,44.2090,31.8041,39.6850

6168.9270,44.2370,44.3617,44.2972,44.0646,44.1106,33.2999,32.8240,30.3077,44.2142,31.8038,39.6878

6169.9270,44.2404,44.3553,44.2889,44.0475,44.1264,33.2855,32.8763,30.3219,44.2117,31.8037,39.6928

6170.9270,44.2499,44.3460,44.2890,44.0754,44.1413,33.2895,32.8605,30.3062,44.2203,31.7978,39.6947

6171.9270,44.2188,44.3527,44.3081,44.0640,44.1350,33.2904,32.8750,30.3085,44.2157,31.7994,39.6941

6172.9270,44.2139,44.3632,44.2940,44.0767,44.1357,33.2840,32.8649,30.3002,44.2167,31.7921,39.6916

6173.9270,44.2408,44.3663,44.3036,44.0492,44.1277,33.2761,32.8677,30.3049,44.2175,31.7905,39.6920

6174.9270,44.2343,44.3501,44.3070,44.0744,44.1501,33.2760,32.8668,30.3016,44.2232,31.7888,39.6950

6175.9280,44.2483,44.3535,44.3159,44.0731,44.1330,33.2719,32.8340,30.3167,44.2248,31.7943,39.6933

6176.9270,44.2422,44.3302,44.3153,44.0781,44.1306,33.2789,32.8139,30.3200,44.2193,31.7995,39.6887

6177.9270,44.2287,44.3568,44.3202,44.0634,44.1516,33.2878,32.7932,30.2781,44.2242,31.7830,39.6850

6178.9270,44.2573,44.3518,44.3309,44.0551,44.1322,33.2786,32.7554,30.3108,44.2254,31.7947,39.6840

6179.9270,44.2453,44.3678,44.3000,44.0632,44.1426,33.2872,32.7499,30.3161,44.2238,31.8017,39.6840

6180.9270,44.2654,44.3793,44.2976,44.0614,44.1421,33.2934,32.7482,30.3064,44.2292,31.7999,39.6867

6181.9270,44.2583,44.3560,44.3086,44.0723,44.1457,33.3125,32.7396,30.3015,44.2282,31.8070,39.6868

6182.9270,44.2466,44.3654,44.3260,44.0850,44.1459,33.2936,32.7338,30.2986,44.2338,31.7961,39.6869

6183.9270,44.2368,44.3510,44.3232,44.0795,44.1185,33.2837,32.7464,30.3169,44.2218,31.8003,39.6820

6184.9280,44.2562,44.3576,44.3205,44.0759,44.1418,33.3057,32.7482,30.2975,44.2304,31.8016,39.6879

6185.9270,44.2645,44.3538,44.3260,44.0864,44.1524,33.2981,32.7712,30.3012,44.2366,31.7997,39.6942

6186.9270,44.2471,44.3537,44.3161,44.0891,44.1457,33.2895,32.7648,30.3146,44.2304,31.8020,39.6901

6187.9270,44.2676,44.3761,44.3311,44.0985,44.1626,33.3135,32.7950,30.3096,44.2472,31.8115,39.7067

6188.9270,44.2487,44.3754,44.3234,44.0858,44.1433,33.2840,32.8143,30.3064,44.2353,31.7952,39.6977

6189.9270,44.2832,44.3530,44.3465,44.0921,44.1595,33.3184,32.8477,30.3229,44.2469,31.8206,39.7154

6190.9270,44.2786,44.3873,44.3279,44.0949,44.1608,33.2898,32.8792,30.3197,44.2499,31.8048,39.7173

6191.9280,44.2656,44.3634,44.3179,44.0896,44.1583,33.3166,32.9003,30.3023,44.2390,31.8095,39.7143

6192.9270,44.2637,44.3676,44.3328,44.0812,44.1615,33.3160,32.9382,30.3046,44.2413,31.8103,39.7207

6193.9280,44.2710,44.3843,44.3388,44.0816,44.1554,33.3131,32.9400,30.2956,44.2462,31.8044,39.7225

6194.9270,44.2776,44.3871,44.3490,44.0807,44.1629,33.3151,32.9331,30.3108,44.2515,31.8130,39.7270

6195.9270,44.2545,44.3870,44.3624,44.0941,44.1577,33.3068,32.9613,30.3169,44.2511,31.8119,39.7301

6196.9270,44.2731,44.3845,44.3316,44.1064,44.1761,33.3279,32.9383,30.3043,44.2543,31.8161,39.7303

6197.9270,44.2860,44.4035,44.3292,44.0948,44.1714,33.3090,32.9307,30.2966,44.2570,31.8028,39.7276

6198.9270,44.2807,44.3937,44.3384,44.0994,44.1764,33.3126,32.9535,30.3125,44.2577,31.8125,39.7334

6199.9270,44.2929,44.3837,44.3516,44.1172,44.1864,33.3015,32.9466,30.3097,44.2664,31.8056,39.7362

6200.9270,44.2682,44.4020,44.3393,44.1007,44.1704,33.3079,32.9596,30.3021,44.2561,31.8050,39.7313

6201.9270,44.2768,44.3798,44.3622,44.1069,44.1821,33.3293,32.9641,30.3066,44.2615,31.8179,39.7385

6202.9280,44.2823,44.3910,44.3627,44.1097,44.1895,33.3268,32.9668,30.3089,44.2670,31.8178,39.7422

6203.9270,44.2917,44.3852,44.3500,44.0882,44.1675,33.3518,32.9745,30.3175,44.2565,31.8347,39.7408

6204.9270,44.2811,44.4228,44.3559,44.1211,44.1888,33.3576,32.9652,30.2969,44.2740,31.8272,39.7487

6205.9270,44.3081,44.4336,44.3528,44.1277,44.1875,33.3464,32.9521,30.3200,44.2819,31.8332,39.7535

6206.9270,44.3068,44.3964,44.3607,44.0965,44.1996,33.3563,32.9667,30.2961,44.2720,31.8262,39.7474

6207.9270,44.2866,44.4147,44.3511,44.1051,44.1868,33.3598,32.9327,30.3146,44.2689,31.8372,39.7439

6208.9270,44.3068,44.3903,44.3694,44.1410,44.1744,33.3516,32.9180,30.3065,44.2764,31.8290,39.7447

6209.9290,44.2952,44.4053,44.3900,44.1087,44.1811,33.3394,32.9283,30.2980,44.2761,31.8187,39.7433

6210.9270,44.3315,44.4019,44.3620,44.1266,44.2023,33.3747,32.9012,30.3145,44.2849,31.8446,39.7518

6211.9270,44.2921,44.4178,44.3821,44.1124,44.1945,33.3677,32.9271,30.2944,44.2798,31.8311,39.7485

6212.9270,44.2953,44.4312,44.3662,44.1281,44.1986,33.3709,32.9298,30.3037,44.2839,31.8373,39.7530

6213.9270,44.3151,44.3967,44.3935,44.1214,44.2064,33.3853,32.9573,30.3125,44.2866,31.8489,39.7610

6214.9270,44.2901,44.4168,44.3630,44.1369,44.1940,33.3662,33.0155,30.3060,44.2802,31.8361,39.7611

6215.9270,44.3017,44.4056,44.3875,44.1225,44.1991,33.3806,33.0427,30.3139,44.2833,31.8473,39.7692

6216.9270,44.3107,44.4270,44.3746,44.1160,44.1922,33.3851,33.0504,30.3071,44.2841,31.8461,39.7704

6217.9270,44.3018,44.4378,44.3877,44.1421,44.2062,33.3728,33.0395,30.3178,44.2951,31.8453,39.7757

6218.9270,44.2945,44.4196,44.3833,44.1494,44.1861,33.3828,33.0064,30.2860,44.2866,31.8344,39.7635

6219.9270,44.3308,44.4311,44.3629,44.1368,44.2087,33.3866,32.9591,30.3072,44.2941,31.8469,39.7654

6220.9270,44.3107,44.4354,44.3829,44.1518,44.1908,33.3847,32.9009,30.3006,44.2943,31.8426,39.7572

6221.9270,44.3064,44.4037,44.3963,44.1350,44.2134,33.4108,32.8571,30.2915,44.2910,31.8511,39.7518

6222.9270,44.3203,44.4549,44.4006,44.1392,44.2038,33.4050,32.8148,30.3032,44.3037,31.8541,39.7552

6223.9270,44.3376,44.4140,44.3866,44.1554,44.2195,33.4085,32.7766,30.3142,44.3026,31.8613,39.7515

6224.9270,44.3304,44.4325,44.3786,44.1451,44.2157,33.4041,32.7576,30.3064,44.3005,31.8552,39.7463

6225.9270,44.3279,44.4526,44.3959,44.1360,44.2033,33.4001,32.7490,30.3100,44.3031,31.8551,39.7468

6226.9290,44.3249,44.4462,44.3794,44.1268,44.2253,33.4182,32.7464,30.2989,44.3005,31.8585,39.7458

6227.9280,44.3452,44.4531,44.3988,44.1662,44.2201,33.4110,32.7157,30.2913,44.3167,31.8511,39.7502

6228.9270,44.3340,44.4354,44.3894,44.1429,44.2205,33.4339,32.7279,30.3095,44.3044,31.8717,39.7492

6229.9280,44.3497,44.4420,44.3728,44.1537,44.2178,33.4085,32.7315,30.3010,44.3072,31.8547,39.7471

6230.9270,44.3353,44.4517,44.3918,44.1681,44.2289,33.4324,32.7606,30.3169,44.3152,31.8746,39.7607

6231.9270,44.3289,44.4488,44.3820,44.1587,44.2005,33.4269,32.7565,30.3176,44.3038,31.8722,39.7525

6232.9270,44.3419,44.4608,44.4139,44.1665,44.2204,33.4484,32.7565,30.2889,44.3207,31.8687,39.7622

6233.9270,44.3404,44.4428,44.4020,44.1718,44.2126,33.4573,32.7344,30.2945,44.3139,31.8759,39.7570

6234.9270,44.3537,44.4463,44.4003,44.1668,44.2077,33.4623,32.7277,30.2976,44.3150,31.8799,39.7578

6235.9280,44.3292,44.4587,44.4216,44.1602,44.2322,33.4741,32.6978,30.2779,44.3204,31.8760,39.7565

6236.9270,44.3441,44.4679,44.4029,44.1578,44.2325,33.4699,32.6987,30.3217,44.3210,31.8958,39.7619

6237.9270,44.3310,44.4622,44.4098,44.1665,44.2538,33.4857,32.7066,30.3061,44.3247,31.8959,39.7652

6238.9270,44.3420,44.4537,44.4189,44.1701,44.2211,33.4847,32.7041,30.3012,44.3212,31.8929,39.7620

6239.9270,44.3453,44.4600,44.4275,44.1694,44.2135,33.4598,32.6961,30.3050,44.3231,31.8824,39.7596

6240.9270,44.3746,44.4916,44.4136,44.1801,44.2442,33.4744,32.6854,30.3055,44.3408,31.8900,39.7712

6241.9270,44.3514,44.4743,44.4144,44.1893,44.2394,33.4665,32.7033,30.3197,44.3337,31.8931,39.7698

6242.9270,44.3510,44.4701,44.4195,44.1711,44.2394,33.4886,32.7338,30.3094,44.3302,31.8990,39.7729

6243.9280,44.3497,44.4797,44.4184,44.1794,44.2448,33.4807,32.7325,30.2963,44.3344,31.8885,39.7727

6244.9280,44.3600,44.4752,44.4256,44.1684,44.2464,33.4873,32.7415,30.3184,44.3351,31.9029,39.7778

6245.9290,44.3590,44.4626,44.4185,44.1985,44.2552,33.4990,32.7466,30.3095,44.3388,31.9043,39.7811

6246.9270,44.3550,44.4422,44.4204,44.1869,44.2547,33.4982,32.7285,30.2904,44.3319,31.8943,39.7721

6247.9270,44.3511,44.4789,44.4181,44.1902,44.2635,33.4957,32.7353,30.2808,44.3404,31.8883,39.7767

6248.9270,44.3471,44.4637,44.4131,44.1856,44.2511,33.5193,32.7172,30.3120,44.3321,31.9156,39.7761

6249.9290,44.3583,44.4729,44.4358,44.1926,44.2520,33.5090,32.7182,30.2923,44.3423,31.9006,39.7789

6250.9270,44.3616,44.4879,44.4271,44.2020,44.2717,33.5175,32.7459,30.3093,44.3501,31.9134,39.7904

6251.9270,44.3561,44.4794,44.4256,44.1912,44.2594,33.5077,32.7765,30.3004,44.3423,31.9041,39.7870

6252.9270,44.3644,44.4811,44.4365,44.1938,44.2611,33.5063,32.7844,30.3206,44.3474,31.9135,39.7935

6253.9270,44.3631,44.4824,44.4305,44.2039,44.2652,33.5060,32.8295,30.3029,44.3490,31.9044,39.7979

6254.9270,44.3787,44.4793,44.4324,44.1901,44.2555,33.5339,32.8533,30.3050,44.3472,31.9195,39.8035

6255.9270,44.3530,44.4976,44.4466,44.1936,44.2665,33.5445,32.8437,30.3110,44.3515,31.9277,39.8071

6256.9270,44.3704,44.5111,44.4438,44.2076,44.2512,33.5198,32.8580,30.3036,44.3568,31.9117,39.8082

6257.9270,44.3828,44.4898,44.4471,44.1867,44.2651,33.5591,32.8644,30.3077,44.3543,31.9334,39.8128

6258.9270,44.3757,44.4813,44.4433,44.2103,44.2781,33.5491,32.8469,30.2986,44.3577,31.9239,39.8104

6259.9280,44.3645,44.4980,44.4502,44.1865,44.2947,33.5514,32.8651,30.3028,44.3588,31.9271,39.8141

6260.9280,44.3974,44.4936,44.4495,44.1975,44.2476,33.5597,32.8951,30.3084,44.3571,31.9341,39.8186

6261.9270,44.3851,44.4859,44.4521,44.2223,44.2576,33.5586,32.9263,30.3026,44.3606,31.9306,39.8238

6262.9280,44.3853,44.4865,44.4350,44.2233,44.2823,33.5583,32.9799,30.2844,44.3625,31.9214,39.8294

6263.9280,44.3900,44.5007,44.4538,44.1953,44.2918,33.5729,33.0555,30.3094,44.3663,31.9411,39.8462

6264.9270,44.3798,44.4991,44.4661,44.2304,44.2930,33.5861,33.1089,30.3099,44.3737,31.9480,39.8592

6265.9270,44.3694,44.5146,44.4394,44.2092,44.2551,33.5765,33.1824,30.2867,44.3575,31.9316,39.8542

6266.9270,44.3992,44.5110,44.4460,44.2139,44.2933,33.5677,33.2214,30.3032,44.3727,31.9355,39.8695

6267.9270,44.3902,44.4990,44.4573,44.2210,44.2934,33.5811,33.2615,30.2932,44.3722,31.9371,39.8746

6268.9270,44.3643,44.5051,44.4512,44.2303,44.2800,33.5873,33.3296,30.3168,44.3662,31.9520,39.8831

6269.9270,44.3888,44.5024,44.4681,44.2439,44.2773,33.5661,33.3904,30.3063,44.3761,31.9362,39.8929

6270.9280,44.3785,44.5077,44.4622,44.2450,44.2812,33.5824,33.3987,30.2883,44.3749,31.9353,39.8930

6271.9270,44.3895,44.5302,44.4750,44.2155,44.2866,33.5551,33.4140,30.2882,44.3794,31.9217,39.8943

6272.9270,44.3907,44.5235,44.4580,44.2218,44.2993,33.5563,33.4035,30.3063,44.3786,31.9313,39.8949

6273.9270,44.4113,44.5159,44.4848,44.2411,44.3075,33.5785,33.3929,30.3018,44.3921,31.9402,39.9042

6274.9270,44.3935,44.5127,44.4867,44.2370,44.2950,33.5765,33.3904,30.3101,44.3850,31.9433,39.9002

6275.9280,44.4011,44.5261,44.4737,44.2249,44.3224,33.5771,33.3812,30.2999,44.3896,31.9385,39.9008

6276.9270,44.3936,44.5234,44.4584,44.2212,44.2908,33.5663,33.3483,30.3285,44.3775,31.9474,39.8913

6277.9270,44.3940,44.5201,44.4658,44.2490,44.3070,33.5638,33.3309,30.3050,44.3872,31.9344,39.8920

6278.9270,44.3920,44.5461,44.4858,44.2412,44.3090,33.5829,33.2839,30.3213,44.3948,31.9521,39.8953

6279.9280,44.3953,44.5289,44.4769,44.2453,44.3019,33.5637,33.2474,30.2936,44.3897,31.9286,39.8816

6280.9270,44.4123,44.5185,44.4781,44.2396,44.3046,33.5762,33.2121,30.3024,44.3906,31.9393,39.8805

6281.9270,44.4132,44.5334,44.4805,44.2326,44.3157,33.5762,33.1521,30.3099,44.3951,31.9430,39.8767

6282.9270,44.4198,44.5328,44.4766,44.2469,44.2956,33.5843,33.1536,30.3175,44.3943,31.9509,39.8784

6283.9270,44.4181,44.5391,44.4732,44.2592,44.3172,33.5746,33.1139,30.2838,44.4014,31.9292,39.8724

6284.9270,44.4018,44.5356,44.4855,44.2274,44.3082,33.5829,33.0655,30.3241,44.3917,31.9535,39.8664

6285.9270,44.4217,44.5232,44.4879,44.2609,44.3018,33.5712,33.0186,30.2945,44.3991,31.9329,39.8600

6286.9270,44.3942,44.5436,44.4985,44.2391,44.3078,33.5753,32.9838,30.3146,44.3966,31.9450,39.8571

6287.9270,44.4173,44.5510,44.5189,44.2678,44.3189,33.5709,33.0047,30.3046,44.4148,31.9377,39.8693

6288.9280,44.4346,44.5475,44.5029,44.2695,44.3526,33.5674,33.0199,30.3165,44.4214,31.9420,39.8764

6289.9270,44.4267,44.5273,44.5008,44.2627,44.3189,33.5589,33.0555,30.3141,44.4073,31.9365,39.8706

6290.9280,44.4363,44.5420,44.5155,44.2681,44.3076,33.5690,33.0595,30.3088,44.4139,31.9389,39.8758

6291.9270,44.4085,44.5597,44.4854,44.2640,44.3123,33.5827,33.0620,30.2948,44.4060,31.9387,39.8712

6292.9270,44.4153,44.5460,44.5052,44.2360,44.3158,33.5699,33.0665,30.3096,44.4037,31.9398,39.8705

6293.9280,44.4424,44.5376,44.5084,44.2489,44.3380,33.5808,33.0873,30.3154,44.4151,31.9481,39.8824

6294.9270,44.4370,44.5647,44.5151,44.2533,44.3410,33.5886,33.0833,30.3002,44.4222,31.9444,39.8854

6295.9280,44.4337,44.5496,44.4851,44.2488,44.3463,33.5618,33.1100,30.3020,44.4127,31.9319,39.8796

6296.9280,44.4503,44.5541,44.5253,44.2534,44.3425,33.5809,33.1248,30.3127,44.4251,31.9468,39.8930

6297.9270,44.4329,44.5537,44.4892,44.2812,44.3430,33.5961,33.0665,30.3068,44.4200,31.9515,39.8837

6298.9280,44.4398,44.5555,44.5123,44.2701,44.3234,33.5843,33.0664,30.3119,44.4202,31.9481,39.8830

6299.9270,44.4493,44.5714,44.5199,44.2772,44.3487,33.5868,33.0343,30.2909,44.4333,31.9389,39.8848

6300.9280,44.4539,44.5765,44.5073,44.2632,44.3444,33.5896,33.0422,30.3111,44.4291,31.9503,39.8860

6301.9280,44.4563,44.5432,44.5159,44.2829,44.3335,33.5991,33.0198,30.3060,44.4263,31.9526,39.8821

6302.9270,44.4463,44.5730,44.5122,44.2899,44.3484,33.5880,33.0190,30.3010,44.4339,31.9445,39.8847

6303.9270,44.4468,44.5715,44.5033,44.2596,44.3673,33.5680,33.0074,30.3082,44.4297,31.9381,39.8790

6304.9270,44.4347,44.5474,44.5334,44.2772,44.3701,33.6054,33.0036,30.3020,44.4326,31.9537,39.8842

6305.9280,44.4396,44.5823,44.5266,44.2820,44.3187,33.6071,33.0147,30.3131,44.4299,31.9601,39.8855

6306.9280,44.4415,44.5737,44.5250,44.2850,44.3704,33.5893,33.0371,30.3140,44.4391,31.9516,39.8920

6307.9270,44.4359,44.5637,44.5159,44.2885,44.3651,33.5944,33.0100,30.3155,44.4338,31.9549,39.8861

6308.9270,44.4478,44.5922,44.5351,44.2733,44.3532,33.5615,33.0454,30.3125,44.4403,31.9370,39.8901

6309.9270,44.4575,44.5649,44.5472,44.2771,44.3444,33.5829,33.0500,30.2959,44.4382,31.9394,39.8900

6310.9270,44.4550,44.5918,44.5124,44.2910,44.3574,33.5664,33.0527,30.3043,44.4415,31.9354,39.8914

6311.9280,44.4471,44.5689,44.5188,44.2853,44.3484,33.5729,33.0761,30.3057,44.4337,31.9393,39.8904

6312.9280,44.4643,44.5969,44.5533,44.2957,44.3625,33.5790,33.0995,30.3207,44.4545,31.9498,39.9090

6313.9270,44.4715,44.5543,44.5251,44.2893,44.3803,33.5708,33.1359,30.3280,44.4441,31.9494,39.9069

6314.9270,44.4859,44.5844,44.5246,44.2948,44.3812,33.5690,33.1673,30.3035,44.4542,31.9363,39.9138

6315.9280,44.4556,44.5936,44.5430,44.2854,44.3397,33.5660,33.2127,30.3053,44.4435,31.9357,39.9127

6316.9270,44.4615,44.5874,44.5428,44.2899,44.3664,33.5668,33.2355,30.3117,44.4496,31.9393,39.9202

6317.9270,44.4727,44.5785,44.5363,44.2875,44.3715,33.5562,33.2562,30.3147,44.4493,31.9354,39.9217

6318.9270,44.4844,44.5683,44.5549,44.3065,44.3660,33.5539,33.2887,30.3340,44.4560,31.9440,39.9321

6319.9270,44.4542,44.5927,44.5449,44.2985,44.3644,33.5548,33.3022,30.3171,44.4510,31.9359,39.9286

6320.9270,44.4442,44.5777,44.5461,44.2918,44.3684,33.5344,33.3240,30.3065,44.4457,31.9205,39.9242

6321.9270,44.4948,44.5878,44.5391,44.3098,44.3725,33.5555,33.3361,30.3229,44.4608,31.9392,39.9398

6322.9270,44.4847,44.5837,44.5392,44.3030,44.3726,33.5397,33.3302,30.3080,44.4566,31.9238,39.9326

6323.9270,44.4758,44.5904,44.5375,44.3049,44.3801,33.5424,33.3545,30.3079,44.4577,31.9252,39.9367

6324.9280,44.4708,44.5889,44.5374,44.3012,44.3820,33.5570,33.3672,30.3057,44.4561,31.9313,39.9388

6325.9270,44.4757,44.5986,44.5535,44.3108,44.3879,33.5451,33.3459,30.3106,44.4653,31.9279,39.9410

6326.9270,44.4692,44.5992,44.5556,44.3147,44.3713,33.5498,33.3417,30.2951,44.4620,31.9224,39.9371

6327.9270,44.4899,44.6000,44.5554,44.3197,44.3665,33.5539,33.3683,30.2884,44.4663,31.9211,39.9428

6328.9270,44.4881,44.6057,44.5732,44.3031,44.3950,33.5623,33.3580,30.3284,44.4730,31.9454,39.9517

6329.9280,44.4615,44.6087,44.5451,44.3284,44.3697,33.5706,33.3429,30.3203,44.4627,31.9455,39.9434

6330.9270,44.4914,44.6042,44.5453,44.3151,44.3861,33.5741,33.3515,30.3134,44.4684,31.9437,39.9476

6331.9270,44.4763,44.6092,44.5401,44.3173,44.3846,33.5856,33.3738,30.3226,44.4655,31.9541,39.9512

6332.9270,44.4704,44.6058,44.5617,44.3199,44.3854,33.5861,33.3827,30.3142,44.4686,31.9501,39.9533

6333.9270,44.4863,44.6037,44.5531,44.3141,44.3930,33.5811,33.3838,30.2988,44.4700,31.9399,39.9517

6334.9270,44.4834,44.6088,44.5703,44.3289,44.3995,33.5758,33.4221,30.3132,44.4782,31.9445,39.9627

6335.9270,44.4882,44.5995,44.5740,44.3108,44.3976,33.5750,33.4316,30.3148,44.4740,31.9449,39.9615

6336.9280,44.4790,44.6179,44.5678,44.3107,44.3938,33.5733,33.4224,30.3131,44.4738,31.9432,39.9598

6337.9280,44.4900,44.6170,44.5608,44.3176,44.3863,33.5853,33.4377,30.3223,44.4744,31.9538,39.9646

6338.9270,44.5039,44.6060,44.5633,44.3364,44.3921,33.5787,33.4414,30.3246,44.4803,31.9517,39.9683

6339.9280,44.5270,44.6154,44.5458,44.3332,44.3968,33.5810,33.4503,30.3184,44.4836,31.9497,39.9710

6340.9270,44.4988,44.6013,44.5753,44.3260,44.4258,33.5764,33.4312,30.3167,44.4855,31.9466,39.9689

6341.9270,44.5046,44.6136,44.5556,44.3351,44.4033,33.5912,33.4127,30.2976,44.4824,31.9444,39.9642

6342.9270,44.5018,44.6441,44.5750,44.3253,44.3916,33.5710,33.4107,30.2915,44.4876,31.9312,39.9639

6343.9290,44.5204,44.6193,44.5780,44.3237,44.4123,33.5851,33.4220,30.3192,44.4907,31.9522,39.9725

6344.9270,44.5030,44.5946,44.5751,44.3454,44.4247,33.5680,33.3974,30.3298,44.4886,31.9489,39.9673

6345.9270,44.5050,44.6096,44.5669,44.3506,44.4002,33.5714,33.4037,30.2976,44.4865,31.9345,39.9631

6346.9270,44.5217,44.5976,44.5726,44.3243,44.4046,33.5733,33.4444,30.3097,44.4841,31.9415,39.9685

6347.9280,44.5097,44.6371,44.5777,44.3336,44.4093,33.5714,33.4660,30.3037,44.4935,31.9375,39.9761

6348.9270,44.5165,44.6323,44.5966,44.3455,44.4175,33.5727,33.4893,30.3336,44.5017,31.9531,39.9880

6349.9270,44.5161,44.6279,44.5875,44.3448,44.4084,33.5896,33.4767,30.3115,44.4969,31.9506,39.9828

6350.9270,44.5159,44.6339,44.5861,44.3327,44.3945,33.5740,33.4400,30.3246,44.4926,31.9493,39.9752

6351.9270,44.5127,44.6340,44.5982,44.3309,44.4168,33.5759,33.4156,30.3044,44.4985,31.9402,39.9736

6352.9270,44.5103,44.6044,44.5793,44.3765,44.4085,33.5899,33.3767,30.3048,44.4958,31.9474,39.9688

6353.9280,44.5139,44.6247,44.5894,44.3476,44.4131,33.5898,33.3475,30.3394,44.4977,31.9646,39.9707

6354.9270,44.5185,44.6138,44.6064,44.3455,44.4231,33.5860,33.3348,30.2976,44.5015,31.9418,39.9657

6355.9270,44.5185,44.6294,44.6067,44.3473,44.4220,33.5837,33.3709,30.3103,44.5048,31.9470,39.9736

6356.9270,44.5308,44.6398,44.6152,44.3665,44.4129,33.5975,33.3997,30.3279,44.5130,31.9627,39.9863

6357.9270,44.5256,44.6471,44.5881,44.3287,44.4410,33.5871,33.4306,30.3123,44.5061,31.9497,39.9826

6358.9280,44.5287,44.6311,44.6061,44.3355,44.4269,33.5798,33.4552,30.3116,44.5056,31.9457,39.9844

6359.9270,44.5182,44.6349,44.5918,44.3593,44.4112,33.6203,33.4699,30.3358,44.5031,31.9781,39.9927

6360.9270,44.5441,44.6582,44.5831,44.3552,44.4183,33.6072,33.4502,30.3240,44.5118,31.9656,39.9925

6361.9270,44.5110,44.6347,44.5985,44.3409,44.4064,33.6192,33.3914,30.3262,44.4983,31.9727,39.9785

6362.9270,44.5337,44.6508,44.6002,44.3621,44.4452,33.6304,33.3394,30.3125,44.5184,31.9715,39.9843

6363.9280,44.5317,44.6445,44.6121,44.3540,44.4329,33.6378,33.3046,30.3260,44.5151,31.9819,39.9805

6364.9270,44.5347,44.6410,44.5997,44.3598,44.4224,33.6206,33.2424,30.3196,44.5115,31.9701,39.9675

6365.9270,44.5204,44.6366,44.6162,44.3525,44.4217,33.6244,33.2186,30.3216,44.5095,31.9730,39.9640

6366.9270,44.5376,44.6521,44.5890,44.3704,44.4367,33.6207,33.1952,30.3240,44.5171,31.9723,39.9657

6367.9270,44.5315,44.6458,44.6347,44.3571,44.4523,33.6530,33.1866,30.3356,44.5243,31.9943,39.9746

6368.9280,44.5398,44.6522,44.6188,44.3705,44.4294,33.6417,33.1782,30.3243,44.5221,31.9830,39.9694

6369.9270,44.5509,44.6575,44.6236,44.3595,44.4338,33.6177,33.1959,30.3275,44.5250,31.9726,39.9708

6370.9280,44.5320,44.6475,44.6239,44.3691,44.4406,33.6591,33.2504,30.3079,44.5226,31.9835,39.9788

6371.9270,44.5458,44.6486,44.5938,44.3752,44.4425,33.6543,33.2733,30.3139,44.5212,31.9841,39.9809

6372.9270,44.5246,44.6697,44.6214,44.3824,44.4330,33.6507,33.3363,30.3245,44.5262,31.9876,39.9928

6373.9270,44.5359,44.6347,44.6068,44.3794,44.4374,33.6434,33.3411,30.3406,44.5188,31.9920,39.9899

6374.9270,44.5612,44.6652,44.6122,44.3607,44.4299,33.6417,33.3634,30.3304,44.5258,31.9861,39.9956

6375.9270,44.5497,44.6460,44.6181,44.3722,44.4381,33.6601,33.3888,30.3146,44.5248,31.9874,39.9984

6376.9270,44.5552,44.6745,44.6290,44.3938,44.4504,33.6479,33.4178,30.3291,44.5406,31.9885,40.0122

6377.9280,44.5612,44.6604,44.6122,44.3857,44.4465,33.6773,33.4065,30.3258,44.5332,32.0015,40.0094

6378.9270,44.5562,44.6566,44.6018,44.3832,44.4500,33.6630,33.3935,30.3438,44.5296,32.0034,40.0060

6379.9270,44.5499,44.6701,44.6186,44.3745,44.4566,33.6313,33.4031,30.3341,44.5339,31.9827,40.0048

6380.9280,44.5577,44.6777,44.6313,44.3705,44.4591,33.6434,33.3898,30.3297,44.5393,31.9866,40.0074

6381.9280,44.5559,44.6647,44.6155,44.3830,44.4693,33.6472,33.4068,30.3280,44.5377,31.9876,40.0088

6382.9270,44.5710,44.6934,44.6261,44.3824,44.4525,33.6582,33.4005,30.3146,44.5451,31.9864,40.0123

6383.9280,44.5626,44.6723,44.6412,44.3883,44.4746,33.6348,33.4061,30.3291,44.5478,31.9819,40.0136

6384.9270,44.5863,44.6705,44.6273,44.3939,44.4593,33.6464,33.4079,30.3281,44.5475,31.9873,40.0150

6385.9270,44.5621,44.6829,44.6318,44.4003,44.4490,33.6535,33.4121,30.3484,44.5452,32.0009,40.0175

6386.9270,44.5687,44.6693,44.6141,44.3765,44.4623,33.6821,33.4197,30.3376,44.5382,32.0098,40.0163

6387.9270,44.5676,44.6636,44.6525,44.4023,44.4543,33.6707,33.4144,30.3318,44.5481,32.0013,40.0197

6388.9270,44.5621,44.6997,44.6325,44.3777,44.4765,33.6712,33.4210,30.3426,44.5497,32.0069,40.0229

6389.9270,44.5533,44.6867,44.6361,44.3948,44.4765,33.6755,33.3999,30.3413,44.5495,32.0084,40.0205

6390.9270,44.5866,44.6780,44.6325,44.3972,44.4654,33.6533,33.3942,30.3562,44.5519,32.0048,40.0204

6391.9270,44.5832,44.6847,44.6406,44.3979,44.4568,33.6785,33.3936,30.3382,44.5526,32.0084,40.0217

6392.9270,44.5834,44.6951,44.6413,44.4088,44.4575,33.6876,33.3793,30.3440,44.5572,32.0158,40.0246

6393.9270,44.5830,44.6686,44.6496,44.4166,44.4640,33.6689,33.3672,30.3390,44.5564,32.0039,40.0196

6394.9270,44.5808,44.6852,44.6369,44.4188,44.4759,33.6592,33.3743,30.3348,44.5595,31.9970,40.0207

6395.9270,44.5632,44.6728,44.6510,44.3995,44.4751,33.6733,33.3935,30.3226,44.5523,31.9979,40.0189

6396.9270,44.5778,44.6926,44.6671,44.4132,44.4949,33.6688,33.4270,30.3327,44.5691,32.0007,40.0343

6397.9270,44.5944,44.7110,44.6595,44.3996,44.4818,33.6710,33.4630,30.3359,44.5693,32.0035,40.0395

6398.9270,44.5793,44.6863,44.6622,44.4185,44.4766,33.6708,33.5115,30.3187,44.5646,31.9948,40.0405

6399.9270,44.5658,44.6946,44.6450,44.3995,44.4830,33.6717,33.5475,30.3398,44.5576,32.0057,40.0434

6400.9270,44.5981,44.7035,44.6585,44.4134,44.4831,33.6767,33.5783,30.3458,44.5713,32.0113,40.0572

6401.9270,44.5992,44.6871,44.6402,44.4165,44.4847,33.6830,33.5893,30.3295,44.5656,32.0062,40.0537

6402.9280,44.6028,44.6668,44.6644,44.4027,44.4960,33.6613,33.5512,30.3383,44.5665,31.9998,40.0479

6403.9270,44.5931,44.7113,44.6538,44.4120,44.4844,33.6834,33.4880,30.3478,44.5709,32.0156,40.0467

6404.9270,44.5996,44.7057,44.6402,44.4263,44.4889,33.6734,33.4373,30.3374,44.5721,32.0054,40.0386

6405.9280,44.5922,44.6977,44.6634,44.4114,44.4847,33.6942,33.4107,30.3281,44.5699,32.0111,40.0353

6406.9270,44.5944,44.7029,44.6606,44.4216,44.4950,33.6762,33.4011,30.3495,44.5749,32.0128,40.0376

6407.9280,44.6075,44.7040,44.6688,44.4321,44.5003,33.6702,33.4040,30.3590,44.5825,32.0146,40.0432

6408.9270,44.5830,44.7051,44.6531,44.4206,44.4953,33.6867,33.4041,30.3525,44.5714,32.0196,40.0376

6409.9270,44.5943,44.7066,44.6463,44.4226,44.4964,33.6803,33.3828,30.3438,44.5733,32.0121,40.0342

6410.9290,44.6017,44.7090,44.6709,44.4250,44.5094,33.6752,33.3743,30.3391,44.5832,32.0071,40.0381

6411.9280,44.5958,44.7271,44.6501,44.4366,44.4854,33.6608,33.4213,30.3463,44.5790,32.0035,40.0404

6412.9270,44.6018,44.6920,44.6642,44.4219,44.4971,33.6822,33.4217,30.3222,44.5754,32.0022,40.0379

6413.9270,44.6151,44.7069,44.6652,44.4392,44.4865,33.6699,33.4080,30.3353,44.5826,32.0026,40.0408

6414.9280,44.6119,44.7150,44.6691,44.4436,44.4881,33.6677,33.3710,30.3391,44.5856,32.0034,40.0382

6415.9270,44.6003,44.7053,44.6617,44.4259,44.4923,33.6502,33.3616,30.3400,44.5771,31.9951,40.0297

6416.9270,44.6126,44.7148,44.6642,44.4136,44.5129,33.6585,33.3300,30.3365,44.5836,31.9975,40.0304

6417.9270,44.5958,44.7143,44.6772,44.4256,44.5022,33.6673,33.2924,30.3543,44.5830,32.0108,40.0286

6418.9280,44.6182,44.7194,44.6814,44.4145,44.5171,33.6571,33.2602,30.3416,44.5901,31.9994,40.0262

6419.9280,44.6148,44.7134,44.6846,44.4433,44.5203,33.6677,33.2399,30.3359,44.5953,32.0018,40.0275

6420.9270,44.6172,44.7291,44.6845,44.4479,44.5059,33.6580,33.2259,30.3721,44.5969,32.0151,40.0301

6421.9270,44.6065,44.7136,44.7066,44.4440,44.4955,33.6355,33.2090,30.3374,44.5932,31.9864,40.0185

6422.9270,44.6109,44.7256,44.6750,44.4629,44.5302,33.6531,33.2200,30.3376,44.6009,31.9953,40.0269

6423.9270,44.6150,44.7273,44.6739,44.4507,44.5124,33.6754,33.2209,30.3469,44.5958,32.0112,40.0278

6424.9270,44.6058,44.7293,44.6667,44.4597,44.5307,33.6619,33.2472,30.3333,44.5984,31.9976,40.0293

6425.9270,44.6226,44.7294,44.6955,44.4505,44.5206,33.6559,33.2538,30.3367,44.6037,31.9963,40.0331

6426.9280,44.6312,44.7454,44.6823,44.4605,44.5190,33.6736,33.2987,30.3591,44.6077,32.0163,40.0462

6427.9270,44.6242,44.7241,44.6949,44.4564,44.5097,33.6538,33.3642,30.3590,44.6018,32.0064,40.0483

6428.9280,44.6280,44.7270,44.7089,44.4439,44.5014,33.6642,33.4046,30.3427,44.6018,32.0035,40.0526

6429.9290,44.6479,44.7248,44.6905,44.4417,44.5155,33.6562,33.4814,30.3704,44.6041,32.0133,40.0661

6430.9270,44.6393,44.7212,44.6938,44.4571,44.5212,33.6667,33.5284,30.3419,44.6065,32.0043,40.0712

6431.9270,44.6304,44.7163,44.6871,44.4351,44.5080,33.6653,33.5402,30.3437,44.5954,32.0045,40.0658

6432.9270,44.6241,44.7424,44.7159,44.4681,44.5243,33.6617,33.5844,30.3566,44.6150,32.0091,40.0847

6433.9280,44.6307,44.7335,44.6973,44.4323,44.5131,33.6416,33.5751,30.3590,44.6014,32.0003,40.0728

6434.9270,44.6379,44.7360,44.6966,44.4534,44.5453,33.6432,33.6039,30.3423,44.6138,31.9928,40.0823

6435.9270,44.6329,44.7496,44.6874,44.4739,44.5408,33.6570,33.5867,30.3622,44.6169,32.0096,40.0863

6436.9280,44.6491,44.7424,44.6900,44.4570,44.5308,33.6509,33.5928,30.3472,44.6139,31.9990,40.0825

6437.9270,44.6428,44.7276,44.7132,44.4603,44.5290,33.6519,33.5845,30.3482,44.6146,32.0001,40.0822

6438.9270,44.6366,44.7258,44.6966,44.4567,44.5495,33.6602,33.5581,30.3321,44.6130,31.9962,40.0769

6439.9270,44.6166,44.7414,44.7233,44.4616,44.5312,33.6733,33.5599,30.3467,44.6148,32.0100,40.0818

6440.9270,44.6509,44.7537,44.7114,44.4673,44.5458,33.6442,33.5468,30.3452,44.6258,31.9947,40.0832

6441.9280,44.6412,44.7378,44.7016,44.4751,44.5211,33.6771,33.5393,30.3626,44.6154,32.0199,40.0820

6442.9270,44.6556,44.7478,44.7033,44.4564,44.5385,33.6879,33.5234,30.3387,44.6203,32.0133,40.0815

6443.9280,44.6463,44.7557,44.7255,44.4749,44.5487,33.6653,33.4919,30.3391,44.6302,32.0022,40.0809

6444.9280,44.6452,44.7640,44.7171,44.4549,44.5691,33.6628,33.4964,30.3356,44.6300,31.9992,40.0806

6445.9270,44.6458,44.7441,44.7135,44.4601,44.5646,33.6714,33.4315,30.3470,44.6256,32.0092,40.0722

6446.9270,44.6530,44.7533,44.7180,44.4739,44.5431,33.6819,33.4143,30.3712,44.6282,32.0266,40.0761

6447.9280,44.6569,44.7561,44.6892,44.4683,44.5356,33.6414,33.3752,30.3583,44.6212,31.9999,40.0602

6448.9280,44.6487,44.7386,44.7098,44.4690,44.5488,33.6819,33.3782,30.3623,44.6230,32.0221,40.0671

6449.9270,44.6312,44.7410,44.7159,44.4811,44.5247,33.6763,33.3764,30.3426,44.6188,32.0095,40.0611

6450.9270,44.6456,44.7670,44.7109,44.4979,44.5424,33.6801,33.3901,30.3309,44.6328,32.0055,40.0706

6451.9270,44.6550,44.7450,44.7190,44.4610,44.5631,33.6779,33.4061,30.3611,44.6286,32.0195,40.0735

6452.9280,44.6654,44.7950,44.7128,44.4882,44.5639,33.6893,33.4091,30.3627,44.6451,32.0260,40.0858

6453.9270,44.6495,44.7720,44.7052,44.4973,44.5339,33.6789,33.4315,30.3565,44.6316,32.0177,40.0781

6454.9270,44.6518,44.7675,44.7276,44.4793,44.5671,33.6938,33.3967,30.3705,44.6387,32.0322,40.0818

6455.9270,44.6573,44.7695,44.7324,44.4748,44.5523,33.6933,33.4103,30.3531,44.6373,32.0232,40.0804

6456.9280,44.6726,44.7824,44.7253,44.4942,44.5313,33.6816,33.4005,30.3451,44.6411,32.0134,40.0791

6457.9270,44.6749,44.7613,44.7224,44.4978,44.5530,33.7013,33.4103,30.3526,44.6419,32.0269,40.0842

6458.9270,44.6595,44.7734,44.7256,44.4898,44.5650,33.7068,33.3947,30.3638,44.6427,32.0353,40.0848

6459.9270,44.6803,44.7729,44.7353,44.4870,44.5437,33.7146,33.3815,30.3575,44.6438,32.0361,40.0841

6460.9270,44.6613,44.7770,44.7194,44.4883,44.5658,33.6955,33.3820,30.3492,44.6424,32.0223,40.0798

6461.9270,44.6703,44.7615,44.7480,44.5063,44.5694,33.6957,33.3747,30.3541,44.6511,32.0249,40.0850

6462.9270,44.6697,44.7812,44.7362,44.4754,44.5589,33.6764,33.3971,30.3662,44.6443,32.0213,40.0826

6463.9280,44.6619,44.7709,44.7296,44.5027,44.5741,33.7008,33.4417,30.3578,44.6479,32.0293,40.0924

6464.9280,44.6506,44.7914,44.7395,44.4894,44.5645,33.7086,33.4171,30.3581,44.6471,32.0333,40.0899

6465.9270,44.6853,44.7742,44.7440,44.4911,44.5700,33.7108,33.4086,30.3763,44.6529,32.0435,40.0950

6466.9270,44.6737,44.7882,44.7237,44.4838,44.5785,33.6916,33.3935,30.3645,44.6496,32.0280,40.0872

6467.9270,44.6920,44.7817,44.7385,44.4884,44.5808,33.6961,33.3793,30.3718,44.6563,32.0339,40.0911

6468.9270,44.6766,44.7814,44.7392,44.5085,44.5726,33.6950,33.3613,30.3407,44.6556,32.0178,40.0844

6469.9270,44.6737,44.7633,44.7290,44.4733,44.5712,33.7014,33.3209,30.3452,44.6421,32.0233,40.0723

6470.9270,44.6805,44.7790,44.7456,44.5080,44.5804,33.6948,33.3180,30.3616,44.6587,32.0282,40.0835

6471.9270,44.6563,44.7879,44.7499,44.5197,44.5675,33.6946,33.3418,30.3563,44.6563,32.0255,40.0843

6472.9270,44.6798,44.7715,44.7524,44.5241,44.5770,33.6847,33.3458,30.3575,44.6610,32.0211,40.0866

6473.9280,44.6804,44.7991,44.7444,44.5021,44.5755,33.6787,33.3521,30.3581,44.6603,32.0184,40.0863

6474.9270,44.6919,44.7909,44.7663,44.5004,44.5747,33.7170,33.3656,30.3585,44.6648,32.0378,40.0957

6475.9280,44.6797,44.7954,44.7717,44.5160,44.5968,33.7032,33.3780,30.3649,44.6719,32.0341,40.1007

6476.9270,44.6803,44.8081,44.7519,44.4735,44.5719,33.7133,33.3674,30.3571,44.6571,32.0352,40.0904

6477.9280,44.6985,44.8040,44.7682,44.5177,44.5738,33.7059,33.3924,30.3694,44.6724,32.0376,40.1037

6478.9270,44.6998,44.7938,44.7595,44.5122,44.5892,33.7053,33.4368,30.3647,44.6709,32.0350,40.1077

6479.9280,44.6900,44.7829,44.7481,44.5119,44.5681,33.6997,33.4860,30.3783,44.6602,32.0390,40.1081

6480.9280,44.6892,44.8050,44.7609,44.5363,44.5929,33.6904,33.5358,30.3746,44.6769,32.0325,40.1231

6481.9270,44.6880,44.8121,44.7624,44.5035,44.5903,33.6911,33.5693,30.3626,44.6712,32.0268,40.1224

6482.9280,44.6710,44.8080,44.7578,44.5133,44.5917,33.7044,33.5980,30.3736,44.6684,32.0390,40.1272

6483.9270,44.6996,44.7788,44.7556,44.5375,44.5867,33.6953,33.6128,30.3485,44.6717,32.0219,40.1269

6484.9270,44.6950,44.8137,44.7595,44.5135,44.5715,33.6990,33.6095,30.3734,44.6706,32.0362,40.1294

6485.9270,44.7047,44.8145,44.7635,44.5296,44.5876,33.7052,33.6264,30.3842,44.6800,32.0447,40.1395

6486.9270,44.7135,44.8022,44.7753,44.5317,44.5953,33.7074,33.5870,30.3658,44.6836,32.0366,40.1348

6487.9270,44.6949,44.7908,44.7601,44.5295,44.5977,33.6877,33.5541,30.3394,44.6746,32.0135,40.1193

6488.9290,44.7127,44.8123,44.7793,44.5306,44.5835,33.6837,33.5403,30.3603,44.6837,32.0220,40.1253

6489.9280,44.7079,44.8023,44.7615,44.5285,44.5874,33.7187,33.5219,30.3663,44.6775,32.0425,40.1243

6490.9270,44.7117,44.8154,44.7523,44.5212,44.5968,33.7159,33.4619,30.3917,44.6794,32.0538,40.1208

6491.9270,44.7025,44.8031,44.7460,44.5386,44.6045,33.7240,33.4231,30.3772,44.6789,32.0506,40.1149

6492.9270,44.7123,44.8136,44.7876,44.5370,44.5988,33.7320,33.4097,30.3806,44.6899,32.0563,40.1215

6493.9270,44.7208,44.8136,44.7871,44.5324,44.6075,33.7425,33.3812,30.3751,44.6923,32.0588,40.1200

6494.9270,44.7154,44.8065,44.7745,44.5318,44.5931,33.7567,33.4062,30.3635,44.6843,32.0601,40.1185

6495.9270,44.6946,44.8326,44.7806,44.5208,44.6136,33.7390,33.3964,30.3937,44.6884,32.0663,40.1214

6496.9280,44.7047,44.8124,44.7627,44.5539,44.6235,33.7248,33.3991,30.3536,44.6914,32.0392,40.1168

6497.9270,44.7164,44.8175,44.7623,44.5447,44.6175,33.7582,33.3753,30.3739,44.6917,32.0661,40.1207

6498.9270,44.7175,44.8433,44.7695,44.5477,44.6048,33.7434,33.3737,30.3690,44.6966,32.0562,40.1211

6499.9270,44.7350,44.8032,44.7893,44.5503,44.6250,33.7573,33.4565,30.3825,44.7005,32.0699,40.1374

6500.9280,44.7187,44.8299,44.8025,44.5473,44.6127,33.7525,33.5403,30.3579,44.7022,32.0552,40.1452

6501.9270,44.7262,44.8171,44.7781,44.5586,44.6115,33.7614,33.6345,30.3608,44.6983,32.0611,40.1560

6502.9270,44.7394,44.8356,44.7855,44.5507,44.6152,33.7589,33.7027,30.3832,44.7053,32.0711,40.1714

6503.9270,44.7277,44.8282,44.7832,44.5507,44.6222,33.7616,33.7419,30.3609,44.7024,32.0613,40.1721

6504.9280,44.7326,44.8548,44.7667,44.5560,44.6103,33.7862,33.7975,30.3551,44.7041,32.0707,40.1824

6505.9280,44.7165,44.8372,44.7922,44.5616,44.6149,33.7732,33.8458,30.3810,44.7045,32.0771,40.1903

6506.9270,44.7509,44.8429,44.7835,44.5390,44.6211,33.7860,33.8436,30.3750,44.7075,32.0805,40.1928

6507.9280,44.7388,44.8322,44.7765,44.5412,44.6206,33.7953,33.8468,30.3679,44.7019,32.0816,40.1899

6508.9270,44.7313,44.8369,44.7864,44.5478,44.6063,33.7784,33.8191,30.4045,44.7017,32.0914,40.1888

6509.9270,44.7274,44.8289,44.7913,44.5504,44.6340,33.7834,33.8251,30.3635,44.7064,32.0734,40.1880

6510.9270,44.7140,44.8452,44.7955,44.5403,44.6266,33.7880,33.8466,30.3607,44.7043,32.0743,40.1896

6511.9280,44.7333,44.8389,44.8092,44.5558,44.6338,33.7944,33.8638,30.3568,44.7142,32.0756,40.1982

6512.9270,44.7229,44.8124,44.7859,44.5488,44.6398,33.8017,33.9001,30.3570,44.7020,32.0794,40.1961

6513.9270,44.7315,44.8485,44.7965,44.5534,44.6439,33.7931,33.8943,30.3521,44.7148,32.0726,40.2017

6514.9270,44.7308,44.8222,44.7874,44.5702,44.6222,33.7895,33.9052,30.3847,44.7065,32.0871,40.2015

6515.9280,44.7286,44.8453,44.7771,44.5673,44.6235,33.7934,33.9026,30.3919,44.7084,32.0927,40.2037

6516.9270,44.7384,44.8551,44.7948,44.5308,44.6468,33.7888,33.9330,30.3548,44.7132,32.0718,40.2053

6517.9270,44.7617,44.8321,44.8079,44.5569,44.6200,33.7936,33.9364,30.3794,44.7157,32.0865,40.2110

6518.9270,44.7300,44.8605,44.7937,44.5515,44.6229,33.7958,33.9321,30.3670,44.7117,32.0814,40.2067

6519.9270,44.7379,44.8645,44.7930,44.5643,44.6232,33.7850,33.9490,30.3722,44.7166,32.0786,40.2112

6520.9270,44.7352,44.8530,44.7969,44.5714,44.6382,33.7758,33.9795,30.3817,44.7190,32.0788,40.2165

6521.9270,44.7352,44.8414,44.7871,44.5718,44.6303,33.7921,33.9903,30.3732,44.7131,32.0827,40.2152

6522.9270,44.7198,44.8414,44.8252,44.5857,44.6391,33.7920,34.0225,30.3679,44.7222,32.0800,40.2242

6523.9280,44.7427,44.8373,44.8210,44.5848,44.6261,33.7706,34.0432,30.3982,44.7224,32.0844,40.2280

6524.9270,44.7610,44.8644,44.8051,44.5856,44.6218,33.7657,34.0758,30.3876,44.7276,32.0767,40.2334

6525.9270,44.7655,44.8525,44.8140,44.5550,44.6515,33.7735,34.0658,30.3889,44.7277,32.0812,40.2333

6526.9280,44.7641,44.8302,44.8000,44.5856,44.6469,33.7750,34.0841,30.3767,44.7254,32.0758,40.2328

6527.9270,44.7495,44.8706,44.8163,44.5699,44.6516,33.7743,34.0600,30.3878,44.7316,32.0810,40.2350

6528.9270,44.7658,44.8723,44.8078,44.5772,44.6338,33.7668,34.0497,30.3878,44.7314,32.0773,40.2327

6529.9280,44.7504,44.8554,44.8197,44.5723,44.6712,33.7775,34.0576,30.3807,44.7338,32.0791,40.2356

6530.9270,44.7500,44.8500,44.8152,44.5729,44.6528,33.7775,34.0282,30.3506,44.7282,32.0641,40.2246

6531.9270,44.7498,44.8599,44.8210,44.5774,44.6525,33.7779,34.0149,30.3829,44.7321,32.0804,40.2295

6532.9270,44.7421,44.8799,44.8131,44.5728,44.6781,33.7869,34.0563,30.3845,44.7372,32.0857,40.2392

6533.9270,44.7708,44.8641,44.8149,44.5843,44.6363,33.7643,34.0828,30.3740,44.7341,32.0692,40.2364

6534.9270,44.7769,44.8674,44.8089,44.5778,44.6549,33.7915,34.1208,30.3717,44.7372,32.0816,40.2462

6535.9280,44.7579,44.8720,44.8334,44.5949,44.6585,33.7705,34.1420,30.3985,44.7433,32.0845,40.2535

6536.9270,44.7457,44.8785,44.8418,44.6056,44.6729,33.7666,34.1577,30.3772,44.7489,32.0719,40.2558

6537.9270,44.7841,44.8940,44.8327,44.6035,44.6596,33.7797,34.1666,30.3871,44.7548,32.0834,40.2634

6538.9270,44.7855,44.8716,44.8493,44.5927,44.6712,33.7703,34.1638,30.3627,44.7541,32.0665,40.2584

6539.9270,44.7425,44.8798,44.8353,44.5880,44.6487,33.7526,34.1826,30.3952,44.7389,32.0739,40.2531

6540.9270,44.7450,44.8789,44.8223,44.5986,44.6659,33.7529,34.1487,30.3757,44.7421,32.0643,40.2485

6541.9270,44.7708,44.8706,44.8228,44.5991,44.6664,33.7648,34.1325,30.3712,44.7460,32.0680,40.2498

6542.9270,44.7801,44.8548,44.8376,44.5894,44.6822,33.7728,34.1035,30.3839,44.7488,32.0784,40.2505

6543.9270,44.7590,44.8787,44.8360,44.6100,44.6685,33.7750,34.0968,30.3795,44.7504,32.0772,40.2504

6544.9270,44.7841,44.8815,44.8560,44.5957,44.6532,33.7750,34.0561,30.3871,44.7541,32.0810,40.2486

6545.9270,44.7845,44.8716,44.8355,44.6076,44.6675,33.7768,34.0429,30.3927,44.7533,32.0847,40.2474

6546.9270,44.7929,44.8739,44.8577,44.6117,44.6693,33.7487,34.0251,30.3838,44.7611,32.0663,40.2454

6547.9280,44.7747,44.8446,44.8548,44.6121,44.6734,33.7903,34.0137,30.3738,44.7519,32.0820,40.2422

6548.9280,44.7840,44.8591,44.8461,44.6007,44.6740,33.7678,34.0184,30.3752,44.7528,32.0715,40.2407

6549.9270,44.7796,44.8949,44.8286,44.5933,44.6815,33.7948,34.0047,30.3825,44.7556,32.0887,40.2450

6550.9270,44.7824,44.8921,44.8387,44.6211,44.6870,33.7798,33.9798,30.3797,44.7643,32.0797,40.2451

6551.9270,44.7654,44.8929,44.8409,44.5927,44.6771,33.7730,33.9566,30.3897,44.7538,32.0814,40.2361

6552.9280,44.7914,44.8930,44.8438,44.6071,44.6693,33.7875,33.9543,30.4062,44.7609,32.0969,40.2441

6553.9270,44.7889,44.8937,44.8515,44.6083,44.6886,33.8074,33.9063,30.3858,44.7662,32.0966,40.2413

6554.9270,44.7917,44.8910,44.8557,44.6186,44.6868,33.7887,33.8848,30.3952,44.7688,32.0920,40.2391

6555.9270,44.7891,44.9029,44.8417,44.6171,44.6807,33.7931,33.8583,30.3893,44.7663,32.0912,40.2340

6556.9270,44.8005,44.8820,44.8588,44.6129,44.6899,33.7999,33.8472,30.3698,44.7688,32.0849,40.2326

6557.9280,44.7951,44.8905,44.8645,44.6084,44.6933,33.7955,33.8343,30.3958,44.7704,32.0957,40.2347

6558.9280,44.7819,44.8922,44.8523,44.6222,44.6779,33.8210,33.8510,30.3929,44.7653,32.1070,40.2364

6559.9270,44.7965,44.9027,44.8614,44.6215,44.6735,33.7974,33.8377,30.3945,44.7711,32.0959,40.2356

6560.9280,44.8125,44.8864,44.8600,44.6150,44.6892,33.7985,33.8604,30.3797,44.7726,32.0891,40.2377

6561.9270,44.7901,44.8821,44.8524,44.6162,44.7165,33.8016,33.8869,30.4016,44.7715,32.1016,40.2434

6562.9270,44.7973,44.8819,44.8434,44.6243,44.7083,33.8291,33.9092,30.4051,44.7710,32.1171,40.2498

6563.9270,44.7858,44.8989,44.8604,44.6340,44.6990,33.8399,33.9448,30.3826,44.7756,32.1113,40.2557

6564.9280,44.8034,44.9153,44.8671,44.6160,44.6898,33.8183,33.9603,30.3906,44.7783,32.1044,40.2576

6565.9270,44.8062,44.8922,44.8718,44.6333,44.6829,33.8179,33.9823,30.3934,44.7773,32.1056,40.2600

6566.9270,44.8128,44.9150,44.8560,44.6217,44.6946,33.8190,34.0288,30.3715,44.7800,32.0952,40.2649

6567.9270,44.7849,44.9060,44.8786,44.6494,44.6962,33.8433,34.0428,30.3747,44.7830,32.1090,40.2720

6568.9270,44.8043,44.8971,44.8475,44.6294,44.6897,33.8305,34.0933,30.4188,44.7736,32.1246,40.2763

6569.9270,44.7954,44.8968,44.8717,44.6462,44.7019,33.8384,34.1194,30.4117,44.7824,32.1250,40.2852

6570.9270,44.8079,44.9032,44.8601,44.6355,44.7023,33.8163,34.1559,30.4050,44.7818,32.1106,40.2858

6571.9270,44.8137,44.8885,44.8773,44.6379,44.7070,33.8292,34.1800,30.3977,44.7849,32.1134,40.2914

6572.9270,44.8039,44.9042,44.8945,44.6439,44.7052,33.8207,34.1987,30.3798,44.7903,32.1002,40.2938

6573.9270,44.8102,44.9230,44.8822,44.6363,44.7170,33.8205,34.2285,30.3778,44.7937,32.0991,40.2994

6574.9270,44.8149,44.9378,44.8891,44.6557,44.7082,33.8201,34.2618,30.3985,44.8012,32.1093,40.3108

6575.9270,44.8252,44.9144,44.8931,44.6249,44.7047,33.8394,34.2834,30.3901,44.7925,32.1147,40.3094

6576.9290,44.8024,44.9293,44.8755,44.6472,44.7001,33.8581,34.3003,30.3901,44.7909,32.1241,40.3129

6577.9270,44.8048,44.9256,44.8602,44.6300,44.7075,33.8245,34.3134,30.3883,44.7856,32.1064,40.3068

6578.9290,44.8130,44.9252,44.8890,44.6524,44.7016,33.8276,34.3165,30.3848,44.7962,32.1062,40.3138

6579.9270,44.8365,44.9199,44.8753,44.6512,44.7139,33.8307,34.2915,30.4049,44.7994,32.1178,40.3155

6580.9270,44.8191,44.9353,44.8778,44.6481,44.7080,33.8338,34.2717,30.4023,44.7977,32.1180,40.3120

6581.9270,44.8185,44.9173,44.8959,44.6291,44.7275,33.8345,34.2870,30.4078,44.7977,32.1211,40.3147

6582.9270,44.8167,44.9206,44.8900,44.6390,44.7207,33.8322,34.2781,30.3989,44.7974,32.1156,40.3120

6583.9270,44.8083,44.9284,44.8713,44.6518,44.7052,33.8083,34.3150,30.4101,44.7930,32.1092,40.3123

6584.9280,44.8351,44.9361,44.8864,44.6637,44.6939,33.8222,34.3126,30.3973,44.8030,32.1098,40.3184

6585.9270,44.8228,44.9202,44.8873,44.6525,44.7328,33.8155,34.3166,30.4112,44.8031,32.1134,40.3199

6586.9270,44.8405,44.9497,44.8931,44.6663,44.7289,33.8188,34.2731,30.3930,44.8157,32.1059,40.3204

6587.9270,44.8302,44.9530,44.8960,44.6491,44.6964,33.8215,34.2407,30.4117,44.8050,32.1166,40.3123

6588.9280,44.8395,44.9359,44.8830,44.6482,44.7146,33.8178,34.2098,30.3910,44.8042,32.1044,40.3050

6589.9270,44.8318,44.9336,44.9030,44.6511,44.7207,33.8058,34.2049,30.4063,44.8081,32.1060,40.3072

6590.9280,44.8389,44.9490,44.8966,44.6479,44.7249,33.8359,34.2387,30.4068,44.8115,32.1214,40.3174

6591.9270,44.8322,44.9230,44.8957,44.6470,44.7309,33.7997,34.2666,30.4015,44.8058,32.1006,40.3121

6592.9270,44.8263,44.9460,44.9214,44.6565,44.7275,33.8125,34.2345,30.3969,44.8155,32.1047,40.3152

6593.9270,44.8484,44.9315,44.9009,44.6643,44.7250,33.8188,34.2155,30.4033,44.8140,32.1110,40.3135

6594.9280,44.8370,44.9377,44.9066,44.6593,44.7280,33.8312,34.2143,30.4053,44.8137,32.1182,40.3149

6595.9280,44.8535,44.9564,44.9007,44.6483,44.7253,33.8300,34.2202,30.4089,44.8168,32.1195,40.3179

6596.9280,44.8503,44.9358,44.8833,44.6611,44.7186,33.8137,34.2132,30.4066,44.8098,32.1101,40.3103

6597.9270,44.8548,44.9588,44.9124,44.6576,44.7430,33.8295,34.2019,30.4192,44.8253,32.1244,40.3222

6598.9270,44.8474,44.9334,44.9046,44.6865,44.7325,33.8314,34.2127,30.4112,44.8209,32.1213,40.3200

6599.9270,44.8397,44.9578,44.9045,44.6535,44.7356,33.8259,34.2208,30.4147,44.8182,32.1203,40.3190

6600.9290,44.8418,44.9295,44.8947,44.6571,44.7421,33.8276,34.2309,30.3929,44.8130,32.1102,40.3146

6601.9280,44.8299,44.9368,44.9155,44.6682,44.7238,33.8203,34.2264,30.4006,44.8148,32.1105,40.3152

6602.9270,44.8418,44.9621,44.8916,44.6675,44.7302,33.8201,34.2088,30.4036,44.8186,32.1118,40.3157

6603.9270,44.8479,44.9688,44.8987,44.6751,44.7460,33.8113,34.2052,30.4131,44.8273,32.1122,40.3207

6604.9270,44.8720,44.9298,44.9205,44.6713,44.7419,33.8196,34.2487,30.4069,44.8271,32.1133,40.3263

6605.9270,44.8388,44.9504,44.9142,44.6706,44.7476,33.8321,34.2611,30.4016,44.8243,32.1168,40.3271

6606.9270,44.8602,44.9336,44.8923,44.6672,44.7707,33.8316,34.2499,30.3983,44.8248,32.1150,40.3255

6607.9280,44.8549,44.9501,44.9348,44.6801,44.7283,33.8348,34.2231,30.3864,44.8296,32.1106,40.3241

6608.9270,44.8420,44.9544,44.9326,44.6844,44.7471,33.8221,34.2325,30.4034,44.8321,32.1128,40.3273

6609.9280,44.8749,44.9526,44.9076,44.6779,44.7373,33.8521,34.2039,30.3878,44.8300,32.1200,40.3242

6610.9280,44.8509,44.9616,44.8920,44.6888,44.7449,33.8246,34.1759,30.3833,44.8276,32.1040,40.3152

6611.9270,44.8598,44.9747,44.9098,44.6768,44.7469,33.8532,34.1783,30.4242,44.8336,32.1387,40.3280

6612.9280,44.8607,44.9574,44.9115,44.6744,44.7481,33.8120,34.1371,30.4040,44.8304,32.1080,40.3132

6613.9280,44.8554,44.9655,44.9340,44.6829,44.7614,33.8301,34.1388,30.4038,44.8398,32.1169,40.3215

6614.9280,44.8806,44.9606,44.9239,44.6859,44.7550,33.8246,34.1230,30.4054,44.8412,32.1150,40.3199

6615.9270,44.8674,44.9494,44.9067,44.6761,44.7443,33.8380,34.1139,30.4151,44.8288,32.1265,40.3139

6616.9270,44.8773,44.9539,44.9140,44.7080,44.7688,33.8302,34.1066,30.3706,44.8444,32.1004,40.3162

6617.9270,44.8759,44.9648,44.9119,44.6962,44.7579,33.8433,34.1197,30.4006,44.8413,32.1220,40.3213

6618.9280,44.8631,44.9799,44.9331,44.6821,44.7637,33.8332,34.1049,30.4004,44.8444,32.1168,40.3201

6619.9270,44.8728,44.9668,44.9283,44.6940,44.7502,33.8298,34.1245,30.4035,44.8424,32.1167,40.3212

6620.9280,44.8746,44.9469,44.9404,44.6955,44.7674,33.8373,34.1568,30.4073,44.8450,32.1223,40.3283

6621.9280,44.8695,44.9546,44.9388,44.6897,44.7625,33.8626,34.1436,30.4152,44.8430,32.1389,40.3296

6622.9270,44.8664,44.9780,44.9386,44.6885,44.7697,33.8384,34.1625,30.4074,44.8482,32.1229,40.3312

6623.9270,44.8541,44.9500,44.9282,44.7037,44.7533,33.8424,34.1497,30.3889,44.8379,32.1157,40.3213

6624.9280,44.8787,44.9834,44.9143,44.6739,44.7848,33.8363,34.1225,30.4176,44.8470,32.1269,40.3264

6625.9270,44.8695,44.9736,44.9281,44.7003,44.7583,33.8388,34.1362,30.4059,44.8460,32.1223,40.3264

6626.9270,44.8721,44.9910,44.9507,44.6932,44.7558,33.8535,34.1308,30.3836,44.8526,32.1186,40.3288

6627.9280,44.8841,44.9771,44.9117,44.7122,44.7609,33.8436,34.1382,30.3920,44.8492,32.1178,40.3275

6628.9270,44.8816,44.9793,44.9246,44.7023,44.7483,33.8373,34.1249,30.3998,44.8472,32.1185,40.3248

6629.9270,44.8949,44.9707,44.9340,44.6835,44.7624,33.8400,34.1365,30.3982,44.8491,32.1191,40.3275

6630.9270,44.9014,44.9497,44.9265,44.6983,44.7846,33.8522,34.1505,30.3874,44.8521,32.1198,40.3313

6631.9270,44.8786,44.9630,44.9477,44.7009,44.7668,33.8498,34.1472,30.3944,44.8514,32.1221,40.3311

6632.9270,44.8790,44.9713,44.9393,44.7068,44.7736,33.8647,34.1401,30.4127,44.8540,32.1387,40.3359

6633.9270,44.8813,44.9917,44.9421,44.7003,44.7788,33.8727,34.1382,30.4155,44.8588,32.1441,40.3401

6634.9280,44.8933,44.9825,44.9584,44.7027,44.7714,33.8759,34.1522,30.4013,44.8617,32.1386,40.3422

6635.9280,44.8667,44.9782,44.9378,44.7202,44.7810,33.8968,34.1352,30.3969,44.8568,32.1469,40.3391

6636.9280,44.8864,44.9770,44.9385,44.7130,44.7724,33.8979,34.1406,30.4037,44.8575,32.1508,40.3412

6637.9270,44.8983,44.9817,44.9349,44.7140,44.7641,33.9001,34.1530,30.4200,44.8586,32.1601,40.3458

6638.9280,44.8928,45.0023,44.9532,44.7045,44.7745,33.9100,34.1939,30.4022,44.8655,32.1561,40.3542

6639.9280,44.8778,44.9838,44.9486,44.7013,44.7848,33.9042,34.1979,30.4128,44.8592,32.1585,40.3514

6640.9280,44.9090,44.9803,44.9214,44.7149,44.7678,33.9010,34.2181,30.4050,44.8587,32.1530,40.3522

6641.9270,44.8955,44.9890,44.9365,44.7342,44.7728,33.9217,34.2191,30.4148,44.8656,32.1683,40.3604

6642.9270,44.9027,44.9995,44.9457,44.7132,44.8018,33.9317,34.2038,30.4146,44.8726,32.1732,40.3641

6643.9270,44.8957,44.9859,44.9427,44.7144,44.7785,33.9541,34.1766,30.3990,44.8634,32.1766,40.3559

6644.9280,44.8990,45.0083,44.9466,44.7225,44.7931,33.9378,34.1528,30.4080,44.8739,32.1729,40.3585

6645.9270,44.8954,44.9944,44.9415,44.7002,44.7907,33.9501,34.1323,30.3894,44.8644,32.1698,40.3492

6646.9270,44.9082,44.9976,44.9549,44.7243,44.7777,33.9593,34.0848,30.4046,44.8725,32.1819,40.3514

6647.9280,44.9089,44.9845,44.9654,44.7274,44.7780,33.9520,34.0438,30.4091,44.8728,32.1806,40.3461

6648.9270,44.8828,45.0132,44.9515,44.7343,44.8174,33.9557,33.9833,30.4029,44.8798,32.1793,40.3426

6649.9270,44.9158,45.0081,44.9501,44.7200,44.7747,33.9689,33.9131,30.4021,44.8737,32.1855,40.3316

6650.9270,44.9046,45.0008,44.9618,44.7294,44.7962,33.9543,33.8761,30.3902,44.8786,32.1723,40.3267

6651.9270,44.9014,45.0038,44.9713,44.7245,44.7945,33.9571,33.8292,30.4217,44.8791,32.1894,40.3254

6652.9280,44.9089,45.0042,44.9694,44.7268,44.8052,33.9806,33.8129,30.4054,44.8829,32.1930,40.3267

6653.9270,44.9011,45.0034,44.9607,44.7194,44.7872,33.9835,33.7737,30.4149,44.8744,32.1992,40.3180

6654.9280,44.9112,44.9881,44.9551,44.7450,44.8011,33.9623,33.7670,30.4081,44.8801,32.1852,40.3172

6655.9270,44.9186,45.0081,44.9432,44.7279,44.7817,33.9604,33.8265,30.3837,44.8759,32.1721,40.3188

6656.9280,44.8914,45.0050,44.9613,44.7396,44.7934,33.9742,33.8646,30.3980,44.8781,32.1861,40.3284

6657.9270,44.9123,44.9866,44.9569,44.7324,44.8052,33.9883,33.9063,30.4164,44.8787,32.2023,40.3381

6658.9280,44.9231,45.0190,44.9559,44.7313,44.7935,33.9823,33.9593,30.4009,44.8845,32.1916,40.3457

6659.9280,44.9125,44.9870,44.9916,44.7555,44.8111,33.9847,34.0348,30.4015,44.8915,32.1931,40.3598

6660.9270,44.9146,45.0288,44.9685,44.7444,44.8056,33.9756,34.0992,30.4210,44.8924,32.1983,40.3697

6661.9270,44.9090,45.0150,44.9523,44.7417,44.7955,33.9714,34.2037,30.3862,44.8827,32.1788,40.3718

6662.9270,44.9105,45.0128,44.9668,44.7335,44.8109,34.0005,34.2529,30.4140,44.8869,32.2073,40.3877

6663.9280,44.9015,44.9994,44.9799,44.7373,44.8120,34.0134,34.2860,30.4181,44.8860,32.2158,40.3935

6664.9270,44.9184,45.0039,44.9797,44.7459,44.8044,34.0029,34.3363,30.4065,44.8905,32.2047,40.3997

6665.9270,44.9026,45.0141,44.9779,44.7380,44.8299,33.9747,34.3466,30.4061,44.8925,32.1904,40.3987

6666.9270,44.9289,45.0061,44.9583,44.7412,44.8145,34.0050,34.3399,30.4153,44.8898,32.2102,40.4011

6667.9270,44.9112,45.0195,44.9708,44.7420,44.8005,34.0036,34.3295,30.4186,44.8888,32.2111,40.3995

6668.9270,44.9465,45.0182,44.9750,44.7523,44.7964,34.0143,34.3548,30.3955,44.8977,32.2049,40.4066

6669.9270,44.9266,45.0196,44.9793,44.7352,44.8016,34.0158,34.3385,30.4031,44.8925,32.2094,40.4024

6670.9270,44.9286,45.0253,44.9956,44.7650,44.8109,34.0168,34.3611,30.4163,44.9051,32.2166,40.4150

6671.9270,44.9229,45.0109,44.9793,44.7492,44.8067,34.0149,34.3385,30.4097,44.8938,32.2123,40.4040

6672.9280,44.9381,45.0115,45.0031,44.7670,44.8231,34.0097,34.3483,30.3913,44.9085,32.2005,40.4115

6673.9270,44.9377,45.0300,44.9799,44.7540,44.8171,34.0003,34.3506,30.4007,44.9037,32.2005,40.4088

6674.9270,44.9335,45.0083,44.9967,44.7490,44.8102,34.0120,34.3796,30.4237,44.8995,32.2178,40.4141

6675.9280,44.9363,45.0318,45.0035,44.7688,44.8263,34.0153,34.4068,30.4012,44.9133,32.2082,40.4237

6676.9270,44.9304,45.0343,44.9870,44.7722,44.8228,34.0173,34.4205,30.4013,44.9094,32.2093,40.4232

6677.9270,44.9409,45.0213,44.9865,44.7759,44.8236,34.0120,34.4349,30.4218,44.9096,32.2169,40.4271

6678.9270,44.9541,45.0469,44.9829,44.7676,44.8395,34.0117,34.4224,30.3981,44.9182,32.2049,40.4279

6679.9270,44.9219,45.0443,44.9975,44.7748,44.8221,34.0007,34.4194,30.3992,44.9121,32.2000,40.4225

6680.9280,44.9518,45.0198,44.9976,44.7586,44.8352,34.0038,34.4103,30.4150,44.9126,32.2094,40.4240

6681.9280,44.9602,45.0482,45.0124,44.7605,44.8241,34.0291,34.4178,30.3793,44.9211,32.2042,40.4290

6682.9280,44.9437,45.0328,44.9929,44.7414,44.8301,34.0031,34.4049,30.4092,44.9082,32.2061,40.4198

6683.9280,44.9492,45.0491,45.0018,44.7652,44.8385,34.0161,34.4128,30.4039,44.9208,32.2100,40.4296

6684.9270,44.9490,45.0446,45.0293,44.7625,44.8289,34.0183,34.3789,30.4225,44.9229,32.2204,40.4292

6685.9280,44.9342,45.0481,45.0078,44.7767,44.8347,34.0216,34.3761,30.4244,44.9203,32.2230,40.4280

6686.9270,44.9530,45.0334,45.0195,44.7550,44.8293,34.0093,34.3951,30.4073,44.9181,32.2083,40.4252

6687.9270,44.9469,45.0596,45.0067,44.7659,44.8545,34.0387,34.4161,30.4157,44.9267,32.2272,40.4380

6688.9280,44.9565,45.0419,44.9969,44.7700,44.8359,34.0254,34.4361,30.4240,44.9202,32.2247,40.4358

6689.9270,44.9499,45.0428,44.9904,44.7663,44.8289,34.0122,34.4472,30.4168,44.9157,32.2145,40.4318

6690.9270,44.9505,45.0494,45.0044,44.7859,44.8327,34.0146,34.4726,30.3859,44.9246,32.2003,40.4370

6691.9270,44.9651,45.0434,45.0063,44.7901,44.8541,34.0265,34.4747,30.4124,44.9318,32.2195,40.4466

6692.9270,44.9441,45.0589,44.9977,44.7819,44.8395,34.0203,34.4825,30.3992,44.9244,32.2098,40.4405

6693.9280,44.9795,45.0631,45.0177,44.7866,44.8567,34.0223,34.5023,30.4195,44.9407,32.2209,40.4560

6694.9270,44.9731,45.0431,45.0162,44.7814,44.8302,34.0291,34.5287,30.4112,44.9288,32.2202,40.4516

6695.9270,44.9538,45.0560,45.0351,44.7655,44.8500,34.0236,34.5135,30.4227,44.9321,32.2232,40.4525

6696.9270,44.9519,45.0653,45.0227,44.7879,44.8580,34.0179,34.5466,30.4047,44.9372,32.2113,40.4569

6697.9270,44.9695,45.0589,45.0088,44.7768,44.8520,34.0235,34.5461,30.4047,44.9332,32.2141,40.4551

6698.9270,44.9730,45.0538,45.0125,44.7893,44.8548,34.0388,34.5108,30.4139,44.9367,32.2264,40.4559

6699.9280,44.9655,45.0757,45.0177,44.7867,44.8544,34.0335,34.5004,30.4077,44.9400,32.2206,40.4552

6700.9280,44.9666,45.0525,45.0228,44.7974,44.8503,34.0360,34.4669,30.4140,44.9379,32.2250,40.4508

6701.9270,44.9688,45.0580,45.0219,44.7973,44.8363,34.0533,34.4364,30.4177,44.9365,32.2355,40.4487

6702.9270,44.9844,45.0730,45.0256,44.7862,44.8489,34.0339,34.4530,30.4226,44.9436,32.2283,40.4535

6703.9270,44.9749,45.0732,45.0314,44.8083,44.8519,34.0623,34.4795,30.4102,44.9479,32.2362,40.4615

6704.9270,44.9806,45.0472,45.0180,44.8041,44.8477,34.0520,34.4627,30.3962,44.9395,32.2241,40.4511

6705.9270,44.9864,45.0681,45.0185,44.7763,44.8417,34.0513,34.4438,30.4152,44.9382,32.2333,40.4502

6706.9270,44.9539,45.0497,45.0168,44.8038,44.8716,34.0612,34.4372,30.4256,44.9392,32.2434,40.4525

6707.9270,44.9792,45.0819,45.0406,44.7831,44.8667,34.0567,34.4412,30.4098,44.9503,32.2333,40.4574

6708.9270,44.9825,45.0754,45.0206,44.8021,44.8643,34.0517,34.4329,30.4174,44.9490,32.2346,40.4559

6709.9270,44.9856,45.0717,45.0448,44.7910,44.8625,34.0622,34.4312,30.4031,44.9511,32.2327,40.4565

6710.9270,44.9835,45.0859,45.0242,44.8066,44.8729,34.0695,34.4507,30.4006,44.9546,32.2350,40.4617

6711.9280,44.9800,45.0908,45.0500,44.8111,44.8570,34.0594,34.4537,30.4196,44.9578,32.2395,40.4652

6712.9270,45.0008,45.0889,45.0457,44.7985,44.8732,34.0902,34.5051,30.4242,44.9614,32.2572,40.4783

6713.9270,45.0079,45.1026,45.0604,44.8015,44.8832,34.0861,34.5436,30.4003,44.9711,32.2432,40.4857

6714.9270,44.9886,45.0760,45.0486,44.8157,44.8709,34.1000,34.6085,30.4067,44.9600,32.2533,40.4894

6715.9270,44.9754,45.0750,45.0434,44.8203,44.8778,34.0917,34.6574,30.4088,44.9584,32.2503,40.4937

6716.9270,44.9946,45.1011,45.0209,44.8144,44.8803,34.1079,34.6805,30.4020,44.9623,32.2549,40.5002

6717.9270,45.0000,45.1047,45.0583,44.8097,44.8816,34.1148,34.6790,30.4013,44.9709,32.2581,40.5062

6718.9270,45.0039,45.0890,45.0458,44.8250,44.8732,34.1173,34.6586,30.4039,44.9674,32.2606,40.5021

6719.9270,44.9903,45.0933,45.0390,44.8196,44.8859,34.1241,34.6509,30.4140,44.9656,32.2691,40.5021

6720.9270,45.0072,45.1047,45.0528,44.8166,44.8807,34.1253,34.6455,30.4302,44.9724,32.2778,40.5079

6721.9270,44.9920,45.0925,45.0689,44.8156,44.8852,34.1319,34.6118,30.4105,44.9708,32.2712,40.5010

6722.9270,44.9846,45.0916,45.0517,44.8253,44.8833,34.1076,34.5899,30.4209,44.9673,32.2643,40.4944

6723.9270,44.9940,45.0705,45.0668,44.8047,44.8789,34.1354,34.5615,30.4141,44.9630,32.2747,40.4907

6724.9270,45.0083,45.0891,45.0501,44.8214,44.8859,34.1273,34.5506,30.4116,44.9710,32.2694,40.4930

6725.9280,45.0212,45.1048,45.0519,44.8232,44.8960,34.1221,34.5477,30.4082,44.9794,32.2651,40.4969

6726.9270,45.0127,45.1185,45.0424,44.8128,44.8995,34.1275,34.5447,30.4212,44.9772,32.2744,40.4974

6727.9270,45.0072,45.1092,45.0572,44.8373,44.9009,34.1061,34.4718,30.4251,44.9824,32.2656,40.4894

6728.9270,44.9954,45.0982,45.0666,44.8272,44.8978,34.1559,34.4004,30.4295,44.9770,32.2927,40.4839

6729.9270,44.9988,45.1053,45.0692,44.8395,44.8873,34.1473,34.3346,30.4039,44.9800,32.2756,40.4732

6730.9280,45.0095,45.0971,45.0525,44.8294,44.8846,34.1618,34.2896,30.3997,44.9746,32.2807,40.4655

6731.9270,45.0157,45.1083,45.0610,44.8401,44.8977,34.1647,34.2715,30.4280,44.9845,32.2964,40.4734

6732.9280,45.0108,45.1153,45.0698,44.8355,44.8843,34.1669,34.2249,30.4245,44.9832,32.2957,40.4665

6733.9270,45.0209,45.1025,45.0612,44.8343,44.8877,34.1560,34.1916,30.4094,44.9813,32.2827,40.4579

6734.9270,45.0027,45.1107,45.0773,44.8328,44.8977,34.1606,34.1662,30.4139,44.9842,32.2873,40.4577

6735.9270,45.0111,45.1267,45.0604,44.8256,44.8790,34.1512,34.1573,30.4130,44.9806,32.2821,40.4530

6736.9270,45.0326,45.1319,45.0767,44.8508,44.9250,34.1640,34.1519,30.4217,45.0034,32.2929,40.4693

6737.9270,45.0133,45.1071,45.0802,44.8366,44.8886,34.1778,34.1136,30.4025,44.9851,32.2901,40.4524

6738.9280,45.0110,45.1295,45.0937,44.8562,44.9188,34.1947,34.0612,30.4017,45.0019,32.2982,40.4584

6739.9280,45.0188,45.1229,45.0821,44.8432,44.8989,34.1684,34.0330,30.4039,44.9932,32.2861,40.4464

6740.9270,45.0274,45.1400,45.0700,44.8529,44.9039,34.1901,34.0421,30.3929,44.9988,32.2915,40.4524

6741.9270,45.0337,45.1349,45.0881,44.8482,44.9141,34.1909,34.0096,30.4058,45.0038,32.2984,40.4532

6742.9270,45.0168,45.1129,45.0753,44.8396,44.9083,34.1903,33.9814,30.4174,44.9906,32.3038,40.4427

6743.9280,45.0331,45.1286,45.0715,44.8414,44.9045,34.1875,34.0109,30.4165,44.9958,32.3020,40.4493

6744.9270,45.0465,45.1267,45.0742,44.8414,44.9235,34.1649,33.9841,30.4094,45.0024,32.2872,40.4463

6745.9270,45.0161,45.1386,45.0974,44.8427,44.9183,34.1591,33.9993,30.4143,45.0026,32.2867,40.4482

6746.9280,45.0340,45.1207,45.0785,44.8493,44.9054,34.1729,34.0128,30.4118,44.9976,32.2924,40.4482

6747.9280,45.0357,45.1268,45.0795,44.8364,44.9101,34.1859,34.0384,30.4097,44.9977,32.2978,40.4528

6748.9270,45.0256,45.1167,45.0879,44.8620,44.9242,34.1790,34.0759,30.4268,45.0033,32.3029,40.4623

6749.9270,45.0343,45.1304,45.1026,44.8511,44.9086,34.1808,34.1283,30.4018,45.0054,32.2913,40.4672

6750.9270,45.0396,45.1315,45.0661,44.8504,44.9330,34.1908,34.1604,30.4067,45.0041,32.2988,40.4723

6751.9270,45.0351,45.1206,45.1039,44.8567,44.9323,34.1778,34.1811,30.4139,45.0097,32.2958,40.4777

6752.9280,45.0267,45.1314,45.0749,44.8559,44.9162,34.1918,34.1988,30.4081,45.0010,32.2999,40.4755

6753.9280,45.0243,45.1230,45.0817,44.8636,44.9448,34.2109,34.1936,30.4212,45.0075,32.3160,40.4829

6754.9270,45.0377,45.1203,45.0814,44.8624,44.9227,34.1935,34.1776,30.4183,45.0049,32.3059,40.4767

6755.9270,45.0354,45.1638,45.1109,44.8627,44.9253,34.1964,34.1870,30.4170,45.0196,32.3067,40.4873

6756.9270,45.0449,45.1528,45.0939,44.8656,44.9329,34.1858,34.1521,30.4167,45.0180,32.3013,40.4806

6757.9270,45.0398,45.1371,45.1098,44.8797,44.9298,34.2050,34.1367,30.4167,45.0192,32.3109,40.4818

6758.9270,45.0446,45.1312,45.0895,44.8742,44.9521,34.1963,34.1532,30.4122,45.0183,32.3042,40.4817

6759.9270,45.0604,45.1276,45.0938,44.8725,44.9486,34.1996,34.1519,30.4146,45.0206,32.3071,40.4836

6760.9270,45.0399,45.1481,45.1179,44.8739,44.9245,34.2211,34.1386,30.4225,45.0209,32.3218,40.4858

6761.9270,45.0277,45.1352,45.1101,44.8847,44.9324,34.2045,34.1502,30.4162,45.0180,32.3103,40.4826

6762.9280,45.0589,45.1335,45.0945,44.8723,44.9386,34.2107,34.1030,30.4257,45.0195,32.3182,40.4796

6763.9270,45.0647,45.1449,45.1138,44.8805,44.9362,34.2259,34.0559,30.4306,45.0280,32.3283,40.4816

6764.9270,45.0504,45.1691,45.1004,44.8745,44.9529,34.2269,34.0602,30.4152,45.0295,32.3211,40.4812

6765.9270,45.0491,45.1309,45.1207,44.8701,44.9281,34.2229,34.0121,30.4130,45.0198,32.3179,40.4684

6766.9270,45.0463,45.1448,45.1188,44.8720,44.9342,34.1971,34.0280,30.4252,45.0232,32.3111,40.4708

6767.9270,45.0468,45.1777,45.1021,44.8794,44.9253,34.1816,34.0271,30.4134,45.0262,32.2975,40.4692

6768.9270,45.0750,45.1544,45.1298,44.8774,44.9401,34.1914,34.0373,30.4261,45.0353,32.3087,40.4789

6769.9270,45.0758,45.1661,45.1137,44.8859,44.9425,34.2043,34.0198,30.3958,45.0368,32.3001,40.4755

6770.9270,45.0623,45.1539,45.1112,44.8705,44.9465,34.1874,34.0245,30.4216,45.0289,32.3045,40.4722

6771.9280,45.0570,45.1631,45.1009,44.8875,44.9557,34.2022,34.0580,30.4167,45.0329,32.3095,40.4802

6772.9280,45.0542,45.1585,45.1242,44.8699,44.9442,34.1868,34.0833,30.4285,45.0302,32.3077,40.4812

6773.9280,45.0714,45.1546,45.1134,44.8670,44.9682,34.1872,34.1502,30.4125,45.0349,32.2999,40.4906

6774.9270,45.0682,45.1568,45.1253,44.8984,44.9722,34.1930,34.2876,30.4140,45.0442,32.3035,40.5144

6775.9280,45.0874,45.1755,45.1258,44.8920,44.9482,34.2021,34.3941,30.4194,45.0458,32.3107,40.5306

6776.9270,45.0569,45.1540,45.0914,44.8914,44.9555,34.1975,34.4868,30.4016,45.0298,32.2995,40.5294

6777.9270,45.0725,45.1717,45.1235,44.8911,44.9398,34.2071,34.5456,30.4151,45.0397,32.3111,40.5458

6778.9270,45.0839,45.1668,45.1218,44.8898,44.9761,34.1896,34.5155,30.3999,45.0477,32.2948,40.5429

6779.9280,45.0773,45.1517,45.1104,44.8998,44.9809,34.1876,34.5182,30.4256,45.0440,32.3066,40.5439

6780.9270,45.0693,45.1765,45.1306,44.8847,44.9761,34.1805,34.5130,30.4325,45.0474,32.3065,40.5454

6781.9280,45.0856,45.1727,45.1282,44.9004,44.9645,34.1834,34.5682,30.4189,45.0503,32.3012,40.5527

6782.9290,45.0795,45.1896,45.1344,44.8964,44.9693,34.1660,34.6122,30.3991,45.0538,32.2825,40.5558

6783.9270,45.0912,45.1782,45.1202,44.8989,44.9750,34.1792,34.6451,30.4317,45.0527,32.3054,40.5649

6784.9280,45.0903,45.1680,45.1356,44.8762,44.9611,34.1778,34.6610,30.4021,45.0462,32.2899,40.5590

6785.9270,45.0757,45.1543,45.1172,44.8978,44.9567,34.1659,34.6893,30.4042,45.0403,32.2851,40.5576

6786.9270,45.0948,45.1813,45.1280,44.8988,44.9601,34.1851,34.6866,30.4165,45.0526,32.3008,40.5689

6787.9270,45.0768,45.1732,45.1175,44.9231,44.9579,34.1773,34.6554,30.4354,45.0497,32.3064,40.5646

6788.9280,45.0784,45.1717,45.1466,44.8836,44.9843,34.1719,34.6303,30.4108,45.0529,32.2913,40.5597

6789.9270,45.0707,45.1762,45.1470,44.9211,44.9786,34.1946,34.6272,30.4222,45.0587,32.3084,40.5672

6790.9280,45.0821,45.1822,45.1469,44.9085,44.9776,34.1958,34.5661,30.4253,45.0595,32.3105,40.5606

6791.9270,45.0959,45.1806,45.1426,44.9143,44.9649,34.2022,34.5309,30.4073,45.0597,32.3047,40.5548

6792.9280,45.0922,45.1946,45.1264,44.9028,44.9937,34.1839,34.4948,30.4369,45.0619,32.3104,40.5532

6793.9270,45.1010,45.1731,45.1564,44.9133,44.9787,34.1778,34.5285,30.4214,45.0645,32.2996,40.5563

6794.9270,45.1008,45.1723,45.1361,44.9014,44.9789,34.2057,34.5302,30.4315,45.0579,32.3186,40.5571

6795.9270,45.0893,45.2032,45.1564,44.9189,44.9778,34.2241,34.5313,30.4091,45.0691,32.3166,40.5638

6796.9270,45.0924,45.1888,45.1373,44.9294,44.9744,34.2291,34.5007,30.4080,45.0645,32.3185,40.5575

6797.9280,45.0828,45.1772,45.1513,44.9161,44.9815,34.2002,34.4624,30.4100,45.0618,32.3051,40.5477

6798.9270,45.1059,45.1933,45.1423,44.9099,44.9966,34.2193,34.4469,30.4250,45.0696,32.3221,40.5549

6799.9270,45.0989,45.2139,45.1304,44.9272,45.0014,34.2108,34.4637,30.3943,45.0743,32.3026,40.5551

6800.9270,45.0988,45.1825,45.1426,44.9139,44.9765,34.2075,34.4547,30.4309,45.0629,32.3192,40.5509

6801.9270,45.1111,45.1968,45.1472,44.9259,44.9807,34.2068,34.4418,30.4260,45.0724,32.3164,40.5545

6802.9280,45.0978,45.1991,45.1694,44.9124,44.9867,34.2313,34.4499,30.4055,45.0731,32.3184,40.5565

6803.9270,45.1117,45.1997,45.1561,44.9186,44.9974,34.2275,34.4345,30.4102,45.0767,32.3189,40.5570

6804.9270,45.1022,45.1862,45.1690,44.9199,44.9997,34.2432,34.3991,30.4104,45.0754,32.3268,40.5537

6805.9270,45.0997,45.2128,45.1460,44.9136,44.9925,34.2355,34.3891,30.4172,45.0729,32.3264,40.5508

6806.9270,45.1068,45.2187,45.1514,44.9501,45.0081,34.2530,34.3776,30.3944,45.0870,32.3237,40.5575

6807.9270,45.1024,45.1999,45.1693,44.9072,44.9819,34.2368,34.3722,30.4176,45.0721,32.3272,40.5484

6808.9270,45.1286,45.1840,45.1488,44.9312,44.9948,34.2394,34.3733,30.4188,45.0775,32.3291,40.5523

6809.9270,45.1063,45.1990,45.1642,44.9346,44.9898,34.2520,34.3639,30.4121,45.0788,32.3321,40.5528

6810.9270,45.1146,45.1940,45.1467,44.9384,44.9918,34.2586,34.3607,30.4098,45.0771,32.3342,40.5518

6811.9270,45.1018,45.1969,45.1510,44.9344,44.9998,34.2610,34.3617,30.4118,45.0768,32.3364,40.5523

6812.9270,45.1077,45.2131,45.1672,44.9259,44.9914,34.2610,34.3570,30.4080,45.0811,32.3345,40.5539

6813.9280,45.1216,45.2052,45.1570,44.9315,45.0030,34.2811,34.3818,30.4207,45.0837,32.3509,40.5627

6814.9270,45.1126,45.1927,45.1625,44.9417,45.0099,34.2650,34.4270,30.4139,45.0839,32.3394,40.5657

6815.9270,45.1021,45.1915,45.1823,44.9327,44.9949,34.2829,34.4416,30.4197,45.0807,32.3513,40.5684

6816.9270,45.1426,45.2014,45.1694,44.9417,44.9913,34.2616,34.5055,30.4015,45.0893,32.3316,40.5769

6817.9290,45.0987,45.1969,45.1904,44.9338,45.0118,34.2608,34.5838,30.4055,45.0863,32.3331,40.5852

6818.9270,45.1218,45.2104,45.1747,44.9386,45.0073,34.2761,34.5790,30.4025,45.0905,32.3393,40.5888

6819.9280,45.1254,45.2158,45.1778,44.9296,45.0261,34.2779,34.6487,30.4231,45.0949,32.3505,40.6030

6820.9270,45.1251,45.2112,45.1532,44.9426,45.0150,34.2986,34.6858,30.4242,45.0894,32.3614,40.6070

6821.9280,45.1039,45.2050,45.1813,44.9484,45.0125,34.2749,34.6921,30.4056,45.0902,32.3402,40.6030

6822.9280,45.1068,45.2121,45.1746,44.9412,45.0322,34.2919,34.7081,30.4428,45.0934,32.3674,40.6137

6823.9270,45.1394,45.2204,45.1615,44.9477,45.0237,34.2850,34.7386,30.4161,45.0986,32.3505,40.6166

6824.9270,45.1178,45.2333,45.1725,44.9392,45.0255,34.2838,34.7379,30.4196,45.0977,32.3517,40.6162

6825.9270,45.1330,45.2246,45.1726,44.9634,45.0237,34.2907,34.7476,30.4078,45.1035,32.3492,40.6204

6826.9270,45.1411,45.2165,45.1762,44.9512,45.0097,34.2876,34.6832,30.4066,45.0989,32.3471,40.6090

6827.9270,45.1268,45.2151,45.1827,44.9442,45.0203,34.3003,34.6730,30.4052,45.0978,32.3528,40.6085

6828.9280,45.1202,45.2291,45.1943,44.9572,45.0175,34.2979,34.6392,30.4075,45.1037,32.3527,40.6079

6829.9270,45.1472,45.2155,45.1992,44.9343,45.0294,34.3238,34.6248,30.4165,45.1051,32.3702,40.6114

6830.9280,45.1298,45.2149,45.1941,44.9686,45.0090,34.3151,34.5993,30.4092,45.1033,32.3622,40.6050

6831.9270,45.1390,45.2490,45.1688,44.9526,45.0199,34.3029,34.5824,30.4233,45.1059,32.3631,40.6047

6832.9270,45.1338,45.2330,45.1903,44.9751,45.0206,34.3112,34.5631,30.4194,45.1106,32.3653,40.6058

6833.9270,45.1329,45.2078,45.1809,44.9522,45.0353,34.3201,34.5490,30.4133,45.1018,32.3667,40.5989

6834.9280,45.1401,45.2202,45.1933,44.9466,45.0287,34.3212,34.5080,30.4102,45.1058,32.3657,40.5960

6835.9270,45.1509,45.2503,45.2095,44.9520,45.0276,34.3251,34.4614,30.4000,45.1181,32.3626,40.5971

6836.9280,45.1271,45.2237,45.1941,44.9723,45.0354,34.3241,34.4477,30.4117,45.1105,32.3679,40.5920

6837.9280,45.1422,45.2555,45.1957,44.9535,45.0343,34.3295,34.4386,30.4091,45.1162,32.3693,40.5948

6838.9280,45.1405,45.2234,45.1932,44.9854,45.0188,34.3212,34.4968,30.4168,45.1123,32.3690,40.5995

6839.9290,45.1513,45.2324,45.1953,44.9731,45.0334,34.3214,34.4876,30.4230,45.1171,32.3722,40.6022

6840.9280,45.1426,45.2435,45.1934,44.9717,45.0125,34.3167,34.4984,30.4236,45.1128,32.3702,40.6003

6841.9270,45.1521,45.2453,45.2013,44.9860,45.0296,34.3455,34.5103,30.4275,45.1229,32.3865,40.6122

6842.9280,45.1479,45.2362,45.2023,44.9560,45.0349,34.3474,34.5207,30.4088,45.1155,32.3781,40.6068

6843.9270,45.1468,45.2276,45.2160,44.9608,45.0346,34.3220,34.5139,30.4147,45.1172,32.3683,40.6045

6844.9270,45.1490,45.2373,45.2035,44.9729,45.0444,34.3279,34.4866,30.4136,45.1214,32.3707,40.6044

6845.9280,45.1699,45.2446,45.1987,44.9891,45.0419,34.3303,34.4581,30.4094,45.1289,32.3699,40.6053

6846.9270,45.1520,45.2274,45.2024,44.9895,45.0465,34.3290,34.3843,30.4242,45.1236,32.3766,40.5944

6847.9270,45.1473,45.2336,45.2178,44.9891,45.0434,34.3374,34.3173,30.4364,45.1262,32.3869,40.5903

6848.9270,45.1523,45.2385,45.1926,44.9630,45.0381,34.3345,34.2788,30.4123,45.1169,32.3734,40.5763

6849.9270,45.1621,45.2379,45.1846,44.9730,45.0366,34.3285,34.2568,30.4184,45.1188,32.3734,40.5747

6850.9270,45.1831,45.2709,45.2134,44.9856,45.0487,34.3483,34.2622,30.4247,45.1403,32.3865,40.5921

6851.9270,45.1586,45.2476,45.2101,44.9777,45.0431,34.3282,34.2608,30.4196,45.1274,32.3739,40.5807

6852.9270,45.1674,45.2437,45.2085,44.9636,45.0443,34.3273,34.3043,30.3895,45.1255,32.3584,40.5811

6853.9280,45.1469,45.2382,45.2081,44.9789,45.0355,34.3324,34.3535,30.4313,45.1216,32.3818,40.5906

6854.9270,45.1797,45.2333,45.2222,44.9768,45.0343,34.3327,34.3388,30.4137,45.1293,32.3732,40.5914

6855.9270,45.1540,45.2550,45.2216,44.9920,45.0555,34.3339,34.3634,30.4173,45.1356,32.3756,40.5991

6856.9270,45.1415,45.2615,45.2026,44.9818,45.0667,34.3237,34.3738,30.4202,45.1308,32.3719,40.5965

6857.9270,45.1694,45.2569,45.2420,44.9633,45.0366,34.3405,34.3887,30.4305,45.1336,32.3855,40.6035

6858.9270,45.1738,45.2595,45.2266,44.9840,45.0587,34.3099,34.3726,30.4021,45.1405,32.3560,40.5984

6859.9270,45.1441,45.2650,45.1857,44.9923,45.0614,34.3281,34.3459,30.4363,45.1297,32.3822,40.5948

6860.9270,45.1738,45.2528,45.2254,44.9995,45.0594,34.3496,34.3281,30.4096,45.1422,32.3796,40.5998

6861.9270,45.1743,45.2599,45.2298,44.9932,45.0674,34.3459,34.3539,30.4101,45.1449,32.3780,40.6043

6862.9280,45.1806,45.2611,45.2165,44.9832,45.0718,34.3284,34.4108,30.4184,45.1426,32.3734,40.6089

6863.9270,45.1803,45.2619,45.2128,44.9929,45.0434,34.3459,34.4490,30.3941,45.1383,32.3700,40.6100

6864.9270,45.1764,45.2399,45.2106,45.0033,45.0613,34.3396,34.5030,30.4277,45.1383,32.3837,40.6202

6865.9270,45.1753,45.2538,45.2344,44.9908,45.0553,34.3549,34.5305,30.4158,45.1419,32.3854,40.6264

6866.9270,45.1778,45.2524,45.2121,44.9894,45.0766,34.3364,34.5443,30.4137,45.1417,32.3750,40.6253

6867.9270,45.1705,45.2695,45.2277,44.9907,45.0473,34.3557,34.5219,30.4091,45.1411,32.3824,40.6240

6868.9270,45.1652,45.2670,45.2295,44.9920,45.0588,34.3410,34.5269,30.4089,45.1425,32.3750,40.6237

6869.9270,45.1858,45.2787,45.2235,45.0013,45.0787,34.3486,34.5027,30.4358,45.1536,32.3922,40.6319

6870.9270,45.1835,45.2656,45.2327,45.0017,45.0722,34.3604,34.5060,30.3979,45.1511,32.3791,40.6275

6871.9270,45.1781,45.2854,45.2260,44.9904,45.0609,34.3774,34.5221,30.4178,45.1482,32.3976,40.6323

6872.9270,45.1667,45.2703,45.2309,45.0203,45.0602,34.3345,34.5681,30.4179,45.1497,32.3762,40.6336

6873.9280,45.1929,45.2681,45.2310,45.0050,45.0603,34.3549,34.6302,30.4374,45.1514,32.3962,40.6475

6874.9270,45.1990,45.2759,45.2277,44.9902,45.0523,34.3498,34.7238,30.4121,45.1490,32.3809,40.6538

6875.9270,45.2026,45.2706,45.2349,45.0201,45.0758,34.3680,34.7781,30.4106,45.1608,32.3893,40.6701

6876.9270,45.1934,45.2686,45.2199,44.9991,45.0854,34.3465,34.7927,30.4008,45.1533,32.3737,40.6633

6877.9270,45.1938,45.2694,45.2351,45.0171,45.0690,34.3624,34.7898,30.3984,45.1569,32.3804,40.6669

6878.9270,45.1988,45.2739,45.2368,45.0002,45.0694,34.3449,34.7162,30.4190,45.1558,32.3819,40.6574

6879.9270,45.1682,45.2646,45.2479,45.0197,45.0623,34.3567,34.6605,30.4213,45.1525,32.3890,40.6501

6880.9270,45.1888,45.2817,45.2302,45.0094,45.0781,34.3672,34.5914,30.4356,45.1576,32.4014,40.6478

6881.9270,45.1873,45.2717,45.2327,45.0059,45.0801,34.3544,34.5276,30.4332,45.1555,32.3938,40.6366

6882.9270,45.1815,45.2775,45.2316,45.0164,45.0572,34.3616,34.4997,30.4244,45.1528,32.3930,40.6312

6883.9270,45.2050,45.2730,45.2336,45.0095,45.0861,34.3667,34.4809,30.3980,45.1615,32.3824,40.6316

6884.9270,45.1910,45.3035,45.2520,45.0057,45.0790,34.3741,34.4668,30.4120,45.1662,32.3931,40.6355

6885.9270,45.1936,45.2993,45.2576,45.0196,45.0864,34.3631,34.4872,30.4358,45.1713,32.3995,40.6428

6886.9270,45.2032,45.2945,45.2662,45.0278,45.0723,34.3499,34.4978,30.4060,45.1728,32.3780,40.6397

6887.9280,45.2187,45.2961,45.2386,45.0224,45.0813,34.3566,34.4989,30.4133,45.1714,32.3849,40.6407

6888.9270,45.2014,45.2803,45.2451,45.0257,45.0851,34.3747,34.5152,30.4094,45.1675,32.3920,40.6421

6889.9280,45.2045,45.2945,45.2523,45.0260,45.0844,34.3788,34.5113,30.4248,45.1724,32.4018,40.6471

6890.9270,45.1846,45.3054,45.2409,45.0108,45.0674,34.3887,34.5202,30.4300,45.1618,32.4093,40.6435

6891.9280,45.1802,45.2909,45.2608,45.0006,45.0971,34.3763,34.5181,30.4072,45.1659,32.3917,40.6414

6892.9280,45.2090,45.2921,45.2458,45.0259,45.1006,34.3819,34.5430,30.4232,45.1747,32.4025,40.6527

6893.9270,45.2106,45.3154,45.2626,45.0311,45.0951,34.3812,34.5928,30.4304,45.1830,32.4058,40.6649

6894.9280,45.1972,45.2980,45.2609,45.0081,45.0898,34.3803,34.6088,30.4216,45.1708,32.4010,40.6581

6895.9280,45.2080,45.2914,45.2590,45.0103,45.1022,34.4039,34.6333,30.4293,45.1742,32.4166,40.6672

6896.9270,45.2019,45.2971,45.2688,45.0318,45.1102,34.3958,34.6636,30.4310,45.1820,32.4134,40.6750

6897.9270,45.2095,45.2972,45.2634,45.0389,45.0815,34.4100,34.7045,30.4133,45.1781,32.4117,40.6773

6898.9270,45.2070,45.3169,45.2863,45.0270,45.0984,34.3930,34.7071,30.4056,45.1871,32.3993,40.6801

6899.9270,45.2113,45.3082,45.2558,45.0452,45.1069,34.3973,34.7021,30.4274,45.1855,32.4124,40.6818

6900.9270,45.2065,45.3068,45.2558,45.0345,45.1055,34.3883,34.6739,30.4390,45.1818,32.4136,40.6763

6901.9270,45.2106,45.3067,45.2649,45.0312,45.0919,34.3901,34.6653,30.4060,45.1811,32.3980,40.6708

6902.9270,45.2160,45.3046,45.2527,45.0425,45.1260,34.4016,34.6760,30.4007,45.1884,32.4012,40.6775

6903.9270,45.2252,45.3118,45.2589,45.0279,45.1123,34.3917,34.6862,30.4307,45.1872,32.4112,40.6806

6904.9270,45.2443,45.3058,45.2700,45.0135,45.1017,34.4133,34.7106,30.4110,45.1871,32.4121,40.6838

6905.9270,45.2291,45.3129,45.2638,45.0369,45.0894,34.3943,34.7290,30.4332,45.1864,32.4137,40.6861

6906.9270,45.1943,45.3062,45.2612,45.0325,45.1207,34.3835,34.7491,30.4332,45.1830,32.4084,40.6851

6907.9270,45.2085,45.3092,45.2652,45.0462,45.1005,34.3908,34.7840,30.4100,45.1859,32.4004,40.6893

6908.9270,45.2023,45.3135,45.2788,45.0320,45.1127,34.3901,34.8039,30.4107,45.1879,32.4004,40.6930

6909.9270,45.2290,45.3329,45.2791,45.0277,45.1172,34.4180,34.8333,30.4176,45.1972,32.4178,40.7069

6910.9270,45.2393,45.3164,45.2570,45.0325,45.1127,34.4153,34.8268,30.4280,45.1916,32.4217,40.7035

6911.9270,45.2324,45.3152,45.2865,45.0536,45.0991,34.4093,34.8423,30.4060,45.1974,32.4076,40.7055

6912.9270,45.2112,45.3137,45.2919,45.0498,45.1323,34.4136,34.8607,30.4278,45.1998,32.4207,40.7126

6913.9270,45.2265,45.3114,45.2687,45.0321,45.1249,34.3996,34.8457,30.4268,45.1927,32.4132,40.7045

6914.9270,45.2124,45.3165,45.2669,45.0382,45.1115,34.4327,34.8170,30.4347,45.1891,32.4337,40.7037

6915.9270,45.2359,45.3342,45.2841,45.0429,45.0958,34.4180,34.7789,30.4298,45.1986,32.4239,40.7024

6916.9270,45.2469,45.3173,45.2751,45.0445,45.1331,34.4282,34.7479,30.4203,45.2034,32.4242,40.7017

6917.9270,45.2232,45.3309,45.2868,45.0568,45.1027,34.4356,34.7175,30.4221,45.2001,32.4289,40.6970

6918.9280,45.2140,45.3311,45.2805,45.0690,45.0964,34.4384,34.7067,30.4113,45.1982,32.4249,40.6934

6919.9270,45.2410,45.3202,45.2789,45.0586,45.1180,34.4344,34.6984,30.4209,45.2033,32.4276,40.6963

6920.9270,45.2252,45.3291,45.2883,45.0448,45.1167,34.4297,34.6853,30.4128,45.2008,32.4212,40.6915

6921.9270,45.2336,45.3286,45.2906,45.0577,45.1134,34.4358,34.6956,30.4284,45.2048,32.4321,40.6980

6922.9280,45.2193,45.3268,45.2957,45.0569,45.1288,34.4509,34.7037,30.4205,45.2055,32.4357,40.7003

6923.9270,45.2388,45.3347,45.2883,45.0680,45.1353,34.4499,34.7243,30.4167,45.2130,32.4333,40.7070

6924.9270,45.2279,45.3271,45.2988,45.0502,45.1156,34.4450,34.6889,30.4198,45.2039,32.4324,40.6967

6925.9280,45.2544,45.3275,45.2950,45.0719,45.1234,34.4418,34.6922,30.4311,45.2144,32.4364,40.7046

6926.9270,45.2467,45.3373,45.2933,45.0599,45.1221,34.4560,34.7041,30.4163,45.2119,32.4361,40.7045

6927.9280,45.2601,45.3186,45.2996,45.0677,45.1294,34.4578,34.7139,30.4308,45.2151,32.4443,40.7097

6928.9270,45.2289,45.3335,45.2843,45.0654,45.1266,34.4629,34.7255,30.4246,45.2078,32.4437,40.7065

6929.9270,45.2555,45.3381,45.2806,45.0649,45.1211,34.4649,34.7102,30.4078,45.2120,32.4363,40.7054

6930.9270,45.2428,45.3401,45.2877,45.0688,45.1258,34.4563,34.7414,30.4321,45.2130,32.4442,40.7119

6931.9270,45.2386,45.3473,45.3157,45.0792,45.1037,34.4703,34.7619,30.4113,45.2169,32.4408,40.7160

6932.9280,45.2526,45.3336,45.2742,45.0692,45.1254,34.4625,34.7391,30.4288,45.2110,32.4457,40.7107

6933.9270,45.2472,45.3309,45.2929,45.0693,45.1236,34.4547,34.7519,30.4173,45.2128,32.4360,40.7110

6934.9270,45.2500,45.3307,45.3108,45.0640,45.1271,34.4575,34.7365,30.4342,45.2165,32.4459,40.7139

6935.9280,45.2357,45.3430,45.3017,45.0675,45.1347,34.4693,34.7675,30.4291,45.2165,32.4492,40.7186

6936.9270,45.2382,45.3550,45.2887,45.0763,45.1333,34.4755,34.7484,30.4119,45.2183,32.4437,40.7159

6937.9270,45.2512,45.3558,45.2913,45.0794,45.1494,34.4605,34.7658,30.4189,45.2254,32.4397,40.7215

6938.9290,45.2319,45.3293,45.2838,45.0691,45.1474,34.4664,34.7922,30.4037,45.2123,32.4350,40.7155

6939.9270,45.2663,45.3484,45.3011,45.0687,45.1387,34.4829,34.7506,30.4268,45.2246,32.4548,40.7229

6940.9270,45.2487,45.3597,45.3050,45.0768,45.1431,34.4848,34.7694,30.4094,45.2267,32.4471,40.7246

6941.9270,45.2543,45.3430,45.2994,45.0898,45.1399,34.4787,34.7914,30.4141,45.2253,32.4464,40.7263

6942.9270,45.2631,45.3480,45.3081,45.0854,45.1235,34.4899,34.7895,30.4282,45.2256,32.4590,40.7294

6943.9270,45.2385,45.3533,45.3148,45.0829,45.1362,34.4927,34.8405,30.4141,45.2251,32.4534,40.7341

6944.9280,45.2528,45.3444,45.2938,45.0869,45.1514,34.4688,34.8480,30.4361,45.2259,32.4525,40.7353

6945.9280,45.2746,45.3753,45.3233,45.0960,45.1443,34.4791,34.8760,30.4328,45.2427,32.4560,40.7502

6946.9270,45.2672,45.3389,45.3004,45.0880,45.1557,34.4926,34.8966,30.4197,45.2301,32.4561,40.7449

6947.9270,45.2972,45.3464,45.3116,45.0811,45.1613,34.4836,34.9016,30.4383,45.2395,32.4610,40.7527

6948.9270,45.2568,45.3748,45.3210,45.0886,45.1559,34.4629,34.8884,30.4335,45.2394,32.4482,40.7477

6949.9280,45.2456,45.3628,45.3173,45.1054,45.1411,34.4844,34.8388,30.4415,45.2344,32.4630,40.7421

6950.9270,45.2695,45.3407,45.3129,45.0912,45.1640,34.4762,34.8475,30.4276,45.2357,32.4519,40.7412

6951.9280,45.2550,45.3570,45.3181,45.0899,45.1720,34.4784,34.8763,30.4200,45.2384,32.4492,40.7458

6952.9270,45.2502,45.3599,45.3339,45.0807,45.1568,34.4938,34.8504,30.4321,45.2363,32.4629,40.7447

6953.9270,45.2557,45.3792,45.3129,45.0833,45.1594,34.4764,34.8523,30.4315,45.2381,32.4540,40.7438

6954.9270,45.2522,45.3445,45.3171,45.0820,45.1692,34.4785,34.8745,30.4280,45.2330,32.4532,40.7432

6955.9270,45.2696,45.3657,45.3235,45.1031,45.1815,34.4792,34.8593,30.4221,45.2487,32.4506,40.7505

6956.9270,45.2590,45.3823,45.3266,45.1045,45.1541,34.4895,34.8757,30.4001,45.2453,32.4448,40.7490

6957.9270,45.2685,45.3696,45.3283,45.1015,45.1585,34.4865,34.8610,30.4135,45.2453,32.4500,40.7484

6958.9270,45.2687,45.3576,45.3154,45.0844,45.1652,34.4998,34.8485,30.4207,45.2383,32.4603,40.7451

6959.9280,45.2671,45.3662,45.3203,45.1088,45.1588,34.4813,34.8170,30.4233,45.2442,32.4523,40.7428

6960.9270,45.2650,45.3589,45.3125,45.1029,45.1734,34.4548,34.8298,30.4367,45.2425,32.4457,40.7417

6961.9270,45.2759,45.3845,45.3409,45.0872,45.1753,34.4884,34.8240,30.4285,45.2528,32.4584,40.7506

6962.9270,45.2707,45.3502,45.3210,45.1160,45.1726,34.4854,34.7981,30.4307,45.2461,32.4581,40.7431

6963.9270,45.2684,45.3913,45.3416,45.0977,45.1524,34.4873,34.7873,30.4401,45.2503,32.4637,40.7458

6964.9270,45.2728,45.3712,45.3262,45.0910,45.1555,34.4852,34.7637,30.4342,45.2433,32.4597,40.7375

6965.9280,45.2797,45.3701,45.3251,45.0941,45.1651,34.4884,34.7501,30.4225,45.2468,32.4554,40.7369

6966.9270,45.2915,45.3864,45.3182,45.0891,45.1628,34.4816,34.7297,30.4368,45.2496,32.4592,40.7370

6967.9270,45.2630,45.3839,45.3352,45.1265,45.1622,34.4875,34.7309,30.4258,45.2542,32.4566,40.7394

6968.9270,45.2803,45.3846,45.3429,45.0998,45.1615,34.4834,34.7385,30.4198,45.2538,32.4516,40.7389

6969.9270,45.2820,45.3767,45.3266,45.0900,45.1596,34.4921,34.7163,30.4036,45.2470,32.4479,40.7309

6970.9270,45.2926,45.3824,45.3258,45.0999,45.1713,34.4902,34.7907,30.4327,45.2544,32.4614,40.7482

6971.9270,45.2849,45.3795,45.3401,45.1086,45.1712,34.4820,34.9126,30.4165,45.2569,32.4492,40.7619

6972.9270,45.3052,45.3593,45.3157,45.1042,45.1779,34.4730,34.9907,30.4178,45.2524,32.4454,40.7680

6973.9270,45.2722,45.3896,45.3302,45.1247,45.1874,34.5000,35.0312,30.4397,45.2608,32.4698,40.7844

6974.9270,45.2909,45.3855,45.3285,45.1012,45.1712,34.4908,35.0165,30.4249,45.2555,32.4579,40.7762

6975.9270,45.2789,45.3787,45.3360,45.0879,45.1806,34.5105,35.0272,30.4338,45.2524,32.4722,40.7792

6976.9280,45.2782,45.3813,45.3503,45.0900,45.1768,34.5295,34.9953,30.4257,45.2553,32.4776,40.7784

6977.9270,45.2851,45.3951,45.3427,45.1126,45.1790,34.5032,34.9465,30.4152,45.2629,32.4592,40.7724

6978.9270,45.3019,45.3973,45.3398,45.1153,45.1839,34.4958,34.9208,30.4299,45.2676,32.4628,40.7731

6979.9280,45.2885,45.3855,45.3206,45.0910,45.1898,34.4954,34.8993,30.4332,45.2551,32.4643,40.7629

6980.9270,45.3065,45.4196,45.3348,45.1298,45.1882,34.5038,34.8717,30.4313,45.2758,32.4675,40.7732

6981.9270,45.3044,45.3874,45.3406,45.1267,45.1852,34.5190,34.8658,30.4240,45.2689,32.4715,40.7691

6982.9280,45.3116,45.3966,45.3354,45.1197,45.2013,34.5220,34.8838,30.4467,45.2729,32.4844,40.7771

6983.9270,45.2910,45.3920,45.3535,45.1360,45.1875,34.5022,34.8645,30.4199,45.2720,32.4610,40.7683

6984.9280,45.3075,45.3823,45.3457,45.1193,45.2074,34.5267,34.8820,30.4163,45.2724,32.4715,40.7734

6985.9270,45.3100,45.3952,45.3470,45.1114,45.1949,34.5246,34.9071,30.4254,45.2717,32.4750,40.7770

6986.9270,45.3071,45.3755,45.3787,45.1301,45.1965,34.5446,34.9087,30.4286,45.2776,32.4866,40.7837

6987.9270,45.3122,45.3848,45.3407,45.1079,45.1909,34.5333,34.9298,30.4281,45.2673,32.4807,40.7785

6988.9270,45.2844,45.4008,45.3549,45.1267,45.1958,34.5217,34.9289,30.4314,45.2725,32.4765,40.7806

6989.9270,45.3119,45.4093,45.3625,45.1301,45.1978,34.5504,34.9366,30.4288,45.2823,32.4896,40.7909

6990.9270,45.3119,45.3906,45.3842,45.1393,45.1921,34.5134,34.9463,30.4259,45.2836,32.4696,40.7880

6991.9270,45.3116,45.4136,45.3528,45.1307,45.2026,34.5477,34.9718,30.4378,45.2822,32.4928,40.7961

6992.9270,45.3226,45.4124,45.3540,45.1318,45.2125,34.5368,34.9735,30.4292,45.2867,32.4830,40.7966

6993.9280,45.2965,45.4204,45.3592,45.1291,45.1992,34.5451,34.9973,30.4352,45.2809,32.4902,40.7977

6994.9270,45.3017,45.3974,45.3719,45.1317,45.1975,34.5424,35.0208,30.4344,45.2801,32.4884,40.7997

6995.9270,45.3267,45.3915,45.3604,45.1327,45.1953,34.5522,35.0301,30.4461,45.2813,32.4991,40.8044

6996.9270,45.3141,45.4045,45.3521,45.1461,45.1911,34.5414,35.0469,30.4244,45.2816,32.4829,40.8026

6997.9270,45.3312,45.4182,45.3477,45.1450,45.1984,34.5441,35.0594,30.4253,45.2881,32.4847,40.8087

6998.9270,45.2988,45.4021,45.3580,45.1298,45.1878,34.5460,35.0660,30.4258,45.2753,32.4859,40.8018

6999.9270,45.2970,45.3910,45.3678,45.1275,45.2064,34.5395,35.0324,30.4268,45.2779,32.4832,40.7985

7000.9270,45.2987,45.4209,45.3749,45.1569,45.1903,34.5595,35.0304,30.4308,45.2883,32.4952,40.8078

7001.9270,45.3017,45.4021,45.3575,45.1465,45.2063,34.5392,34.9974,30.4401,45.2828,32.4896,40.7989

7002.9270,45.3138,45.4077,45.3766,45.1600,45.1897,34.5364,34.9759,30.4270,45.2896,32.4817,40.7984

7003.9270,45.3084,45.4365,45.3836,45.1346,45.2278,34.5628,34.9616,30.4238,45.2982,32.4933,40.8049

7004.9280,45.3142,45.4101,45.3762,45.1309,45.2120,34.5588,34.9454,30.4316,45.2887,32.4952,40.7974

7005.9270,45.3210,45.4107,45.3708,45.1380,45.1983,34.5605,34.9167,30.4403,45.2877,32.5004,40.7945

7006.9280,45.3321,45.4309,45.3766,45.1470,45.2041,34.5544,34.9106,30.4314,45.2981,32.4929,40.7984

7007.9280,45.3132,45.4128,45.3799,45.1285,45.2069,34.5719,34.8583,30.4339,45.2883,32.5029,40.7882

7008.9270,45.3098,45.4316,45.3792,45.1552,45.2160,34.5731,34.8058,30.4304,45.2984,32.5018,40.7876

7009.9270,45.3134,45.4293,45.3941,45.1501,45.2271,34.5542,34.8342,30.4181,45.3028,32.4861,40.7900

7010.9280,45.3275,45.4217,45.3744,45.1481,45.2098,34.5769,34.8466,30.4366,45.2963,32.5068,40.7927

7011.9290,45.3563,45.4239,45.3687,45.1442,45.2198,34.5910,34.9079,30.4394,45.3026,32.5152,40.8064

7012.9270,45.3299,45.4189,45.3799,45.1397,45.2236,34.5938,34.9528,30.4423,45.2984,32.5180,40.8101

7013.9270,45.3163,45.4156,45.3855,45.1448,45.2371,34.5941,35.0121,30.4365,45.2998,32.5153,40.8177

7014.9270,45.3264,45.4300,45.3790,45.1485,45.2232,34.5922,35.0434,30.4632,45.3014,32.5277,40.8257

7015.9270,45.3190,45.4325,45.3828,45.1621,45.2214,34.5875,35.0411,30.4379,45.3036,32.5127,40.8230

7016.9270,45.3280,45.4136,45.3593,45.1450,45.2192,34.6078,35.0440,30.4507,45.2930,32.5293,40.8210

7017.9280,45.3348,45.4185,45.3851,45.1644,45.2312,34.6166,35.0673,30.4346,45.3068,32.5256,40.8316

7018.9290,45.3256,45.4207,45.3827,45.1512,45.2162,34.6186,35.1310,30.4389,45.2993,32.5287,40.8356

7019.9270,45.3156,45.4336,45.3882,45.1461,45.2268,34.6192,35.1125,30.4227,45.3021,32.5210,40.8331

7020.9280,45.3430,45.4269,45.3861,45.1551,45.2312,34.6295,35.1420,30.4405,45.3084,32.5350,40.8443

7021.9270,45.3332,45.4353,45.3871,45.1659,45.2155,34.6098,35.1775,30.4414,45.3074,32.5256,40.8457

7022.9270,45.3274,45.4230,45.3761,45.1693,45.2402,34.6175,35.2048,30.4294,45.3072,32.5234,40.8484

7023.9270,45.3425,45.4491,45.3781,45.1611,45.2246,34.6206,35.2023,30.4076,45.3111,32.5141,40.8482

7024.9280,45.3232,45.4312,45.3983,45.1687,45.2267,34.6189,35.2259,30.4411,45.3096,32.5300,40.8542

7025.9270,45.3328,45.4289,45.4071,45.1539,45.2175,34.6249,35.2384,30.4373,45.3081,32.5311,40.8551

7026.9270,45.3536,45.4128,45.3933,45.1591,45.2379,34.6375,35.2332,30.4306,45.3114,32.5341,40.8573

7027.9270,45.3437,45.4289,45.4006,45.1877,45.2443,34.6490,35.2513,30.4318,45.3211,32.5404,40.8672

7028.9270,45.3522,45.4253,45.3984,45.1535,45.2152,34.6361,35.2702,30.4184,45.3090,32.5272,40.8587

7029.9280,45.3407,45.4136,45.3867,45.1487,45.2248,34.6581,35.2464,30.4443,45.3029,32.5512,40.8579

7030.9280,45.3440,45.4336,45.3672,45.1646,45.2355,34.6586,35.2249,30.4354,45.3090,32.5470,40.8580

7031.9270,45.3518,45.4283,45.4014,45.1843,45.2145,34.6595,35.1940,30.4415,45.3161,32.5505,40.8594

7032.9270,45.3457,45.4437,45.4038,45.1709,45.2285,34.6617,35.2037,30.4390,45.3185,32.5504,40.8621

7033.9270,45.3452,45.4365,45.4110,45.1735,45.2394,34.6767,35.2074,30.4588,45.3211,32.5678,40.8686

7034.9270,45.3378,45.4467,45.3910,45.1721,45.2472,34.6678,35.1713,30.4442,45.3190,32.5560,40.8598

7035.9270,45.3496,45.4324,45.4074,45.1736,45.2149,34.6625,35.1744,30.4177,45.3156,32.5401,40.8541

7036.9270,45.3376,45.4527,45.3975,45.1670,45.2501,34.6517,35.1516,30.4403,45.3210,32.5460,40.8561

7037.9280,45.3490,45.4334,45.3879,45.1848,45.2632,34.6524,35.1312,30.4522,45.3236,32.5523,40.8568

7038.9290,45.3572,45.4490,45.4072,45.1772,45.2542,34.6673,35.1091,30.4399,45.3290,32.5536,40.8576

7039.9270,45.3366,45.4574,45.4050,45.1675,45.2459,34.6535,35.1201,30.4453,45.3225,32.5494,40.8539

7040.9270,45.3587,45.4451,45.4006,45.1784,45.2396,34.6417,35.0919,30.4245,45.3245,32.5331,40.8476

7041.9270,45.3543,45.4483,45.4042,45.1783,45.2349,34.6653,35.0711,30.4214,45.3240,32.5434,40.8472

7042.9280,45.3536,45.4721,45.4058,45.1910,45.2574,34.6674,35.0685,30.4339,45.3360,32.5506,40.8562

7043.9280,45.3484,45.4445,45.4018,45.1899,45.2609,34.6687,35.0263,30.4244,45.3291,32.5466,40.8456

7044.9270,45.3729,45.4432,45.4149,45.1580,45.2572,34.6438,35.0051,30.4285,45.3292,32.5361,40.8404

7045.9280,45.3519,45.4311,45.3982,45.1904,45.2474,34.6676,34.9573,30.4360,45.3238,32.5518,40.8350

7046.9270,45.3478,45.4291,45.4078,45.1689,45.2710,34.6424,34.9663,30.4116,45.3249,32.5270,40.8306

7047.9270,45.3564,45.4421,45.4292,45.1903,45.2418,34.6618,34.9608,30.4395,45.3319,32.5506,40.8402

7048.9270,45.3612,45.4459,45.4009,45.2000,45.2543,34.6386,34.9550,30.4430,45.3325,32.5408,40.8374

7049.9270,45.3743,45.4499,45.4086,45.1976,45.2426,34.6555,34.9686,30.4426,45.3346,32.5490,40.8424

7050.9270,45.3672,45.4526,45.3919,45.1860,45.2458,34.6296,34.9619,30.4340,45.3287,32.5318,40.8336

7051.9270,45.3711,45.4688,45.4007,45.1762,45.2597,34.6607,34.9813,30.4408,45.3353,32.5508,40.8449

7052.9270,45.3613,45.4499,45.3961,45.1952,45.2611,34.6611,35.0262,30.4220,45.3327,32.5415,40.8466

7053.9280,45.3568,45.4450,45.4112,45.1974,45.2516,34.6744,35.0423,30.4343,45.3324,32.5544,40.8516

7054.9270,45.3686,45.4574,45.4032,45.1875,45.2626,34.6736,35.0990,30.4495,45.3359,32.5616,40.8627

7055.9280,45.3422,45.4568,45.4132,45.1891,45.2587,34.6863,35.1553,30.4379,45.3320,32.5621,40.8674

7056.9270,45.3632,45.4484,45.4118,45.1882,45.2499,34.6743,35.1835,30.4296,45.3323,32.5519,40.8686

7057.9270,45.3581,45.4550,45.4257,45.1748,45.2555,34.7094,35.1713,30.4168,45.3338,32.5631,40.8708

7058.9270,45.3820,45.4655,45.4284,45.1853,45.2679,34.6980,35.1196,30.4326,45.3458,32.5653,40.8724

7059.9270,45.3591,45.4808,45.4122,45.2077,45.2559,34.7062,35.1269,30.4259,45.3432,32.5660,40.8719

7060.9280,45.3703,45.4616,45.4287,45.1889,45.2496,34.6918,35.1499,30.4480,45.3398,32.5699,40.8736

7061.9270,45.3696,45.4450,45.4232,45.2052,45.2526,34.7154,35.1324,30.4539,45.3391,32.5846,40.8747

7062.9270,45.3787,45.4566,45.4158,45.1895,45.2771,34.6988,35.1396,30.4372,45.3435,32.5680,40.8742

7063.9270,45.3759,45.4509,45.4375,45.2042,45.2682,34.7152,35.1458,30.4307,45.3473,32.5729,40.8785

7064.9270,45.3716,45.4809,45.4192,45.1873,45.2439,34.7113,35.0665,30.4371,45.3406,32.5742,40.8647

7065.9270,45.3747,45.4623,45.4303,45.2039,45.2693,34.6836,35.0140,30.4421,45.3481,32.5629,40.8600

7066.9270,45.3607,45.4686,45.4101,45.1996,45.2445,34.7069,34.9329,30.4590,45.3367,32.5829,40.8478

7067.9270,45.3901,45.4571,45.4182,45.1997,45.2637,34.7093,34.8970,30.4586,45.3458,32.5840,40.8492

7068.9280,45.3824,45.4795,45.4317,45.2017,45.2666,34.6806,34.8336,30.4584,45.3524,32.5695,40.8418

7069.9270,45.3735,45.4771,45.4205,45.2127,45.2721,34.6987,34.7750,30.4498,45.3512,32.5742,40.8349

7070.9280,45.3886,45.4606,45.4259,45.1940,45.2890,34.7201,34.7889,30.4407,45.3516,32.5804,40.8385

7071.9270,45.3759,45.4629,45.4342,45.2129,45.2830,34.6960,34.8074,30.4415,45.3538,32.5688,40.8392

7072.9270,45.3752,45.4756,45.4367,45.2159,45.2869,34.6957,34.8581,30.4492,45.3580,32.5725,40.8492

7073.9270,45.3760,45.4650,45.4140,45.2002,45.3017,34.7003,34.9231,30.4585,45.3514,32.5794,40.8548

7074.9270,45.3962,45.4741,45.4300,45.2121,45.2751,34.7010,34.9537,30.4343,45.3575,32.5676,40.8596

7075.9270,45.3922,45.4616,45.4490,45.2222,45.2821,34.7124,34.9951,30.4288,45.3614,32.5706,40.8679

7076.9270,45.3915,45.4611,45.4486,45.2172,45.2659,34.7029,35.0525,30.4305,45.3569,32.5667,40.8713

7077.9270,45.3782,45.4809,45.4443,45.2184,45.2615,34.7157,35.0910,30.4401,45.3567,32.5779,40.8788

7078.9280,45.3936,45.4615,45.4443,45.2147,45.2769,34.7176,35.1196,30.4298,45.3582,32.5737,40.8823

7079.9280,45.3888,45.5009,45.4328,45.2069,45.2677,34.7287,35.1653,30.4404,45.3594,32.5845,40.8914

7080.9290,45.3984,45.4823,45.4387,45.2109,45.2722,34.7299,35.1666,30.4398,45.3605,32.5849,40.8924

7081.9280,45.3904,45.4980,45.4316,45.2113,45.2897,34.7415,35.2086,30.4576,45.3642,32.5996,40.9036

7082.9270,45.3931,45.4853,45.4506,45.2047,45.2813,34.7292,35.1949,30.4546,45.3630,32.5919,40.8992

7083.9280,45.4021,45.4687,45.4312,45.2150,45.2907,34.7439,35.1955,30.4581,45.3615,32.6010,40.9007

7084.9270,45.4068,45.4875,45.4425,45.2213,45.2830,34.7674,35.2068,30.4371,45.3682,32.6022,40.9065

7085.9270,45.3824,45.4866,45.4481,45.2204,45.2951,34.7442,35.2117,30.4396,45.3665,32.5919,40.9035

7086.9280,45.4007,45.4880,45.4115,45.2315,45.2802,34.7711,35.1838,30.4619,45.3624,32.6165,40.9036

7087.9270,45.3838,45.4794,45.4446,45.2304,45.2837,34.7573,35.1907,30.4485,45.3644,32.6029,40.9023

7088.9270,45.3859,45.4942,45.4478,45.2062,45.2827,34.7328,35.1806,30.4441,45.3634,32.5884,40.8968

7089.9270,45.3911,45.4848,45.4240,45.2111,45.3044,34.7516,35.1788,30.4390,45.3631,32.5953,40.8981

7090.9270,45.3814,45.4704,45.4491,45.2284,45.2914,34.7549,35.1635,30.4329,45.3642,32.5939,40.8965

7091.9270,45.3974,45.4846,45.4387,45.2045,45.2922,34.7486,35.1585,30.4341,45.3635,32.5913,40.8948

7092.9280,45.3769,45.4834,45.4273,45.2325,45.2900,34.7485,35.1795,30.4505,45.3621,32.5995,40.8986

7093.9270,45.4105,45.4809,45.4456,45.2197,45.2810,34.7341,35.1806,30.4351,45.3675,32.5846,40.8984

7094.9270,45.4046,45.4667,45.4393,45.2065,45.2770,34.7540,35.1859,30.4424,45.3588,32.5982,40.8970

7095.9270,45.4088,45.4965,45.4357,45.2168,45.2975,34.7372,35.1911,30.4499,45.3711,32.5935,40.9042

7096.9280,45.4039,45.4791,45.4387,45.2166,45.2913,34.7317,35.1534,30.4214,45.3659,32.5766,40.8920

7097.9280,45.4086,45.4946,45.4431,45.2260,45.3040,34.7426,35.1259,30.4511,45.3753,32.5969,40.8995

7098.9270,45.3998,45.4876,45.4389,45.2190,45.3058,34.7281,35.1141,30.4633,45.3702,32.5957,40.8946

7099.9280,45.4058,45.4981,45.4471,45.2245,45.3042,34.7417,35.0931,30.4497,45.3759,32.5957,40.8955

7100.9270,45.4111,45.4803,45.4460,45.2373,45.2915,34.7474,35.0642,30.4395,45.3732,32.5935,40.8897

7101.9270,45.4209,45.4896,45.4562,45.2471,45.2976,34.7409,35.0493,30.4278,45.3823,32.5844,40.8912

7102.9270,45.4094,45.4994,45.4456,45.2318,45.3018,34.7593,35.0186,30.4444,45.3776,32.6018,40.8888

7103.9270,45.4034,45.5078,45.4633,45.2258,45.2963,34.7500,35.0219,30.4383,45.3793,32.5942,40.8884

7104.9270,45.4024,45.4807,45.4477,45.2344,45.3072,34.7485,35.0134,30.4406,45.3745,32.5946,40.8844

7105.9270,45.4108,45.4966,45.4525,45.2215,45.2985,34.7322,35.0027,30.4289,45.3760,32.5805,40.8805

7106.9270,45.4165,45.4860,45.4322,45.2277,45.3042,34.7472,35.0201,30.4548,45.3733,32.6010,40.8861

7107.9280,45.4288,45.5018,45.4558,45.2342,45.2917,34.7470,35.0273,30.4565,45.3824,32.6017,40.8929

7108.9270,45.4084,45.4859,45.4609,45.2243,45.3171,34.7624,35.0358,30.4189,45.3793,32.5907,40.8892

7109.9280,45.4188,45.4845,45.4678,45.2155,45.3180,34.7561,35.0524,30.4501,45.3809,32.6031,40.8954

7110.9270,45.3917,45.5127,45.4710,45.2438,45.2952,34.7480,35.0437,30.4495,45.3829,32.5987,40.8944

7111.9270,45.4157,45.5179,45.4590,45.2364,45.2739,34.7535,35.0216,30.4273,45.3806,32.5904,40.8882

7112.9270,45.4172,45.4975,45.4474,45.2309,45.3074,34.7489,35.0176,30.4490,45.3801,32.5990,40.8895

7113.9270,45.4154,45.5020,45.4862,45.2320,45.3081,34.7349,34.9745,30.4608,45.3887,32.5978,40.8892

7114.9270,45.4247,45.4890,45.4635,45.2316,45.3188,34.7471,34.9689,30.4293,45.3856,32.5882,40.8841

7115.9270,45.4066,45.5066,45.4653,45.2172,45.3062,34.7378,35.0059,30.4505,45.3804,32.5941,40.8870

7116.9270,45.4086,45.4957,45.4609,45.2410,45.3064,34.7449,35.0351,30.4347,45.3825,32.5898,40.8909

7117.9270,45.4297,45.4960,45.4542,45.2349,45.3026,34.7433,35.0386,30.4382,45.3835,32.5907,40.8922

7118.9280,45.4182,45.5075,45.4782,45.2362,45.3071,34.7410,35.0630,30.4350,45.3894,32.5880,40.8983

7119.9270,45.4295,45.5039,45.4784,45.2400,45.3207,34.7454,35.0346,30.4501,45.3945,32.5977,40.9003

7120.9270,45.4128,45.4997,45.4691,45.2405,45.3040,34.7398,35.0332,30.4252,45.3852,32.5825,40.8905

7121.9270,45.4437,45.4997,45.4677,45.2530,45.3216,34.7419,34.9834,30.4326,45.3971,32.5873,40.8929

7122.9290,45.4297,45.5049,45.4711,45.2457,45.3055,34.7330,34.9305,30.4396,45.3914,32.5863,40.8825

7123.9270,45.4125,45.5242,45.4611,45.2482,45.3331,34.7465,34.8827,30.4386,45.3958,32.5926,40.8809

7124.9280,45.4274,45.5204,45.4661,45.2533,45.2968,34.7755,34.8518,30.4518,45.3928,32.6137,40.8804

7125.9270,45.4124,45.5225,45.4793,45.2479,45.3124,34.7600,34.8124,30.4521,45.3949,32.6061,40.8749

7126.9270,45.4260,45.5131,45.4690,45.2487,45.3322,34.7545,34.7718,30.4391,45.3978,32.5968,40.8693

7127.9280,45.4333,45.5071,45.4663,45.2390,45.3258,34.7422,34.7525,30.4446,45.3943,32.5934,40.8638

7128.9270,45.4293,45.5004,45.4953,45.2472,45.3372,34.7654,34.7284,30.4401,45.4019,32.6028,40.8679

7129.9270,45.4187,45.5048,45.4788,45.2386,45.2993,34.7635,34.6699,30.4415,45.3880,32.6025,40.8519

7130.9270,45.4141,45.5164,45.4868,45.2456,45.3309,34.7584,34.6161,30.4430,45.3988,32.6007,40.8514

7131.9270,45.4509,45.5259,45.4717,45.2528,45.3126,34.7628,34.6125,30.4502,45.4028,32.6065,40.8549

7132.9270,45.4380,45.5146,45.4738,45.2498,45.3281,34.7681,34.5953,30.4419,45.4009,32.6050,40.8512

7133.9280,45.4401,45.5137,45.4710,45.2423,45.3282,34.7608,34.6054,30.4454,45.3991,32.6031,40.8509

7134.9270,45.4309,45.5097,45.4671,45.2463,45.3289,34.7599,34.5895,30.4412,45.3966,32.6006,40.8467

7135.9270,45.4282,45.5012,45.4947,45.2387,45.3138,34.7660,34.6017,30.4483,45.3953,32.6072,40.8491

7136.9280,45.4395,45.5359,45.4798,45.2619,45.3328,34.7649,34.6123,30.4542,45.4100,32.6096,40.8602

7137.9270,45.4282,45.5168,45.4927,45.2613,45.3341,34.7820,34.6444,30.4479,45.4066,32.6149,40.8634

7138.9270,45.4381,45.5287,45.4916,45.2546,45.3303,34.7826,34.6656,30.4490,45.4087,32.6158,40.8676

7139.9270,45.4190,45.5109,45.4780,45.2517,45.3583,34.7633,34.6894,30.4489,45.4036,32.6061,40.8649

7140.9270,45.4374,45.5264,45.4861,45.2714,45.3173,34.7726,34.6949,30.4563,45.4077,32.6144,40.8703

7141.9270,45.4546,45.5475,45.4793,45.2743,45.3388,34.7815,34.7315,30.4362,45.4189,32.6089,40.8805

7142.9270,45.4578,45.5078,45.5078,45.2610,45.3121,34.7749,34.7594,30.4375,45.4093,32.6062,40.8773

7143.9270,45.4397,45.5309,45.4975,45.2702,45.3310,34.7720,34.7706,30.4558,45.4139,32.6139,40.8835

7144.9270,45.4313,45.5351,45.5170,45.2536,45.3579,34.7612,34.8253,30.4684,45.4190,32.6148,40.8937

7145.9270,45.4392,45.5313,45.4854,45.2744,45.3328,34.7664,34.8301,30.4440,45.4126,32.6052,40.8880

7146.9270,45.4394,45.5470,45.4960,45.2720,45.3392,34.7868,34.8312,30.4410,45.4187,32.6139,40.8941

7147.9280,45.4380,45.5227,45.4884,45.2662,45.3177,34.7676,34.7933,30.4518,45.4066,32.6097,40.8807

7148.9270,45.4581,45.5571,45.4862,45.2728,45.3484,34.7757,34.8389,30.4496,45.4245,32.6126,40.8983

7149.9270,45.4685,45.5362,45.4982,45.2737,45.3474,34.7857,34.8199,30.4629,45.4248,32.6243,40.8991

7150.9280,45.4530,45.5386,45.4987,45.2720,45.3485,34.7588,34.8229,30.4378,45.4222,32.5983,40.8913

7151.9270,45.4463,45.5472,45.4860,45.2712,45.3673,34.7783,34.8443,30.4522,45.4236,32.6152,40.8991

7152.9270,45.4538,45.5154,45.5200,45.3007,45.3378,34.7858,34.8298,30.4461,45.4255,32.6160,40.8987

7153.9270,45.4657,45.5377,45.5169,45.2701,45.3527,34.7711,34.8596,30.4558,45.4286,32.6135,40.9037

7154.9270,45.4633,45.5418,45.4750,45.2863,45.3470,34.7791,34.9045,30.4398,45.4227,32.6095,40.9046

7155.9270,45.4338,45.5470,45.5099,45.2947,45.3536,34.8003,34.9107,30.4522,45.4278,32.6262,40.9128

7156.9270,45.4645,45.5586,45.5062,45.2910,45.3462,34.7859,34.9385,30.4274,45.4333,32.6066,40.9148

7157.9280,45.4658,45.5378,45.5179,45.2777,45.3514,34.7792,34.9833,30.4540,45.4301,32.6166,40.9209

7158.9270,45.4650,45.5409,45.4774,45.2798,45.3679,34.7976,35.0101,30.4424,45.4262,32.6200,40.9226

7159.9270,45.4529,45.5413,45.5047,45.2877,45.3605,34.7873,35.0414,30.4594,45.4294,32.6233,40.9294

7160.9280,45.4567,45.5571,45.4996,45.2816,45.3405,34.7789,35.0793,30.4584,45.4271,32.6187,40.9315

7161.9280,45.4607,45.5593,45.4963,45.3070,45.3506,34.7825,35.0844,30.4635,45.4348,32.6230,40.9380

7162.9270,45.4516,45.5556,45.5027,45.2931,45.3501,34.7762,35.1103,30.4468,45.4306,32.6115,40.9358

7163.9270,45.4751,45.5606,45.5017,45.2837,45.3514,34.7872,35.1400,30.4479,45.4345,32.6176,40.9434

7164.9270,45.4832,45.5449,45.5110,45.2847,45.3594,34.7879,35.1304,30.4392,45.4366,32.6136,40.9426

7165.9270,45.4719,45.5468,45.5342,45.2810,45.3636,34.7498,35.1355,30.4424,45.4395,32.5961,40.9407

7166.9270,45.4625,45.5529,45.5191,45.2812,45.3535,34.7572,35.1306,30.4442,45.4338,32.6007,40.9377

7167.9270,45.4652,45.5750,45.5240,45.3000,45.3607,34.7753,35.1413,30.4422,45.4450,32.6087,40.9480

7168.9270,45.4720,45.5519,45.4995,45.2746,45.3697,34.7695,35.0985,30.4622,45.4335,32.6158,40.9372

7169.9280,45.4767,45.5527,45.5244,45.2847,45.3528,34.7954,35.0818,30.4693,45.4383,32.6324,40.9422

7170.9270,45.4523,45.5502,45.5215,45.2970,45.3629,34.7824,35.0127,30.4521,45.4368,32.6173,40.9289

7171.9270,45.4769,45.5704,45.5250,45.2945,45.3752,34.7802,34.9552,30.4367,45.4484,32.6084,40.9268

7172.9280,45.4765,45.5475,45.5099,45.3026,45.3680,34.7746,34.9337,30.4489,45.4409,32.6118,40.9202

7173.9280,45.4624,45.5619,45.5350,45.3022,45.3676,34.7777,34.8774,30.4737,45.4458,32.6257,40.9197

7174.9270,45.4790,45.5616,45.5147,45.2940,45.3524,34.7776,34.8936,30.4604,45.4403,32.6190,40.9167

7175.9270,45.4902,45.5635,45.5195,45.2857,45.3799,34.7847,34.8909,30.4469,45.4478,32.6158,40.9202

7176.9270,45.4801,45.5607,45.5101,45.2917,45.3459,34.7833,34.8844,30.4507,45.4377,32.6170,40.9134

7177.9270,45.4841,45.5609,45.5368,45.2970,45.3671,34.7813,34.8792,30.4308,45.4492,32.6061,40.9171

7178.9280,45.4740,45.5677,45.5153,45.3145,45.3613,34.7762,34.8614,30.4398,45.4466,32.6080,40.9138

7179.9270,45.4834,45.5781,45.5368,45.2832,45.3588,34.7923,34.8330,30.4343,45.4480,32.6133,40.9125

7180.9270,45.4806,45.5584,45.5124,45.2963,45.3761,34.7703,34.8574,30.4348,45.4448,32.6026,40.9108

7181.9280,45.4688,45.5774,45.5162,45.2978,45.3808,34.7953,34.8548,30.4533,45.4482,32.6243,40.9181

7182.9270,45.4716,45.5619,45.5128,45.3106,45.3853,34.8085,34.8619,30.4614,45.4484,32.6349,40.9217

7183.9270,45.4826,45.5681,45.5496,45.3246,45.3928,34.7906,34.8875,30.4368,45.4635,32.6137,40.9291

7184.9280,45.4640,45.5726,45.5253,45.3138,45.3565,34.7956,34.8859,30.4696,45.4464,32.6326,40.9229

7185.9270,45.4779,45.5874,45.5355,45.3110,45.3829,34.7746,34.9365,30.4409,45.4589,32.6078,40.9308

7186.9270,45.5056,45.5670,45.5299,45.3041,45.3690,34.8002,34.9350,30.4479,45.4551,32.6240,40.9323

7187.9270,45.4928,45.5546,45.5287,45.3149,45.3867,34.7840,34.9638,30.4246,45.4555,32.6043,40.9313

7188.9270,45.4654,45.5746,45.5532,45.3186,45.3923,34.7943,35.0152,30.4334,45.4608,32.6139,40.9434

7189.9280,45.4863,45.5572,45.5228,45.3090,45.3800,34.8182,35.0311,30.4448,45.4511,32.6315,40.9437

7190.9280,45.4913,45.5714,45.5435,45.3019,45.3766,34.8134,35.0147,30.4508,45.4569,32.6321,40.9454

7191.9270,45.5047,45.5706,45.5149,45.3151,45.3916,34.8087,35.0371,30.4578,45.4594,32.6332,40.9501

7192.9280,45.4946,45.5664,45.5455,45.3164,45.3781,34.8177,35.0348,30.4353,45.4602,32.6265,40.9486

7193.9270,45.4889,45.5770,45.5520,45.3164,45.3966,34.8180,35.0169,30.4643,45.4662,32.6412,40.9538

7194.9270,45.4871,45.5679,45.5341,45.3245,45.3806,34.8040,34.9790,30.4503,45.4588,32.6271,40.9409

7195.9270,45.4955,45.5637,45.5359,45.3254,45.3996,34.8274,34.9669,30.4451,45.4640,32.6363,40.9450

7196.9270,45.4901,45.5799,45.5210,45.3174,45.3958,34.8052,34.9694,30.4388,45.4609,32.6220,40.9397

7197.9280,45.4894,45.5681,45.5454,45.3140,45.3947,34.8092,34.9692,30.4611,45.4623,32.6351,40.9439

7198.9280,45.4942,45.5862,45.5417,45.3145,45.3887,34.8149,34.9637,30.4448,45.4651,32.6299,40.9436

7199.9280,45.4972,45.5726,45.5314,45.3250,45.3973,34.7922,34.9293,30.4492,45.4647,32.6207,40.9368

7200.9270,45.4879,45.5733,45.5589,45.3233,45.4013,34.8076,34.9237,30.4450,45.4689,32.6263,40.9401

7201.9270,45.4965,45.5930,45.5494,45.3365,45.3959,34.8139,34.8935,30.4640,45.4743,32.6390,40.9428

7202.9270,45.5166,45.5762,45.5400,45.3188,45.4041,34.8169,34.9002,30.4670,45.4711,32.6420,40.9425

7203.9270,45.5144,45.5781,45.5484,45.3309,45.3931,34.8240,34.9017,30.4441,45.4730,32.6340,40.9418

7204.9280,45.5004,45.5927,45.5704,45.3172,45.3919,34.8230,34.8829,30.4435,45.4745,32.6333,40.9403

7205.9270,45.5137,45.5874,45.5294,45.3258,45.3940,34.8097,34.9029,30.4645,45.4701,32.6371,40.9409

7206.9270,45.5136,45.5978,45.5528,45.3190,45.3997,34.8237,34.9510,30.4541,45.4766,32.6389,40.9515

7207.9270,45.4947,45.5887,45.5446,45.3229,45.4036,34.8247,35.0059,30.4462,45.4709,32.6355,40.9539

7208.9270,45.5237,45.6058,45.5646,45.3420,45.3995,34.8428,35.0272,30.4474,45.4871,32.6451,40.9691

7209.9270,45.5135,45.5972,45.5675,45.3393,45.4173,34.8162,35.0703,30.4597,45.4870,32.6379,40.9726

7210.9270,45.5062,45.5933,45.5604,45.3429,45.4073,34.8279,35.0624,30.4438,45.4820,32.6359,40.9680

7211.9270,45.5088,45.5984,45.5534,45.3285,45.3948,34.8306,35.0716,30.4497,45.4768,32.6402,40.9670

7212.9270,45.4906,45.5973,45.5422,45.3502,45.4058,34.8328,35.1004,30.4608,45.4772,32.6468,40.9725

7213.9270,45.5081,45.6053,45.5774,45.3293,45.4077,34.8481,35.1369,30.4617,45.4856,32.6549,40.9843

7214.9280,45.5183,45.6018,45.5684,45.3319,45.3885,34.8416,35.1757,30.4401,45.4818,32.6409,40.9833

7215.9270,45.5201,45.6033,45.5393,45.3246,45.4062,34.8396,35.1737,30.4517,45.4787,32.6457,40.9823

7216.9270,45.5269,45.6094,45.5509,45.3321,45.4123,34.8142,35.1993,30.4525,45.4863,32.6334,40.9872

7217.9270,45.4961,45.6092,45.5799,45.3406,45.3842,34.8290,35.2001,30.4674,45.4820,32.6482,40.9883

7218.9270,45.5300,45.5999,45.5665,45.3337,45.4056,34.8520,35.2376,30.4459,45.4872,32.6489,40.9964

7219.9270,45.5338,45.6192,45.5519,45.3456,45.4072,34.8273,35.2770,30.4530,45.4916,32.6402,41.0019

7220.9270,45.5154,45.6153,45.5685,45.3436,45.3997,34.8227,35.2752,30.4474,45.4885,32.6351,40.9985

7221.9270,45.5066,45.6141,45.5515,45.3395,45.4351,34.8279,35.2883,30.4554,45.4893,32.6416,41.0023

7222.9270,45.5173,45.6012,45.5651,45.3503,45.4055,34.8237,35.3075,30.4597,45.4879,32.6417,41.0038

7223.9280,45.5169,45.6103,45.5727,45.3455,45.4169,34.8210,35.3132,30.4499,45.4925,32.6354,41.0058

7224.9270,45.5336,45.6114,45.5659,45.3401,45.4152,34.8289,35.3268,30.4617,45.4932,32.6453,41.0105

7225.9280,45.5282,45.6092,45.5712,45.3314,45.4344,34.8296,35.3981,30.4501,45.4949,32.6399,41.0190

7226.9270,45.5266,45.5954,45.5806,45.3520,45.4276,34.8148,35.4657,30.4437,45.4964,32.6293,41.0258

7227.9270,45.5218,45.6280,45.5830,45.3437,45.4193,34.8021,35.4950,30.4615,45.4991,32.6318,41.0318

7228.9270,45.5314,45.6202,45.5678,45.3448,45.3995,34.7921,35.5271,30.4576,45.4927,32.6248,41.0301

7229.9270,45.5265,45.6188,45.5576,45.3484,45.4245,34.8250,35.5619,30.4498,45.4952,32.6374,41.0391

7230.9270,45.5206,45.6336,45.5858,45.3396,45.4217,34.8219,35.6098,30.4513,45.5003,32.6366,41.0480

7231.9280,45.5165,45.6141,45.5649,45.3507,45.4216,34.8398,35.6239,30.4542,45.4936,32.6470,41.0482

7232.9270,45.5417,45.5970,45.5956,45.3707,45.4125,34.8300,35.6675,30.4440,45.5035,32.6370,41.0574

7233.9270,45.5281,45.5914,45.5682,45.3623,45.4212,34.8369,35.7342,30.4519,45.4943,32.6444,41.0618

7234.9270,45.5337,45.6321,45.5886,45.3567,45.4327,34.8707,35.7918,30.4468,45.5088,32.6587,41.0816

7235.9270,45.5377,45.6234,45.5747,45.3447,45.4254,34.8593,35.8557,30.4442,45.5012,32.6518,41.0831

7236.9270,45.5280,45.6336,45.5840,45.3693,45.4184,34.8588,35.9132,30.4677,45.5067,32.6633,41.0966

7237.9270,45.5432,45.6364,45.6044,45.3665,45.4106,34.8620,35.8944,30.4578,45.5122,32.6599,41.0969

7238.9270,45.5245,45.6298,45.5774,45.3548,45.4337,34.8610,35.8929,30.4393,45.5040,32.6502,41.0892

7239.9270,45.5438,45.6179,45.5878,45.3578,45.4116,34.8472,35.9105,30.4541,45.5038,32.6507,41.0913

7240.9270,45.5480,45.6146,45.5918,45.3516,45.4397,34.8318,35.8914,30.4491,45.5092,32.6404,41.0898

7241.9270,45.5300,45.6106,45.5856,45.3773,45.4330,34.8431,35.9190,30.4566,45.5073,32.6498,41.0944

7242.9270,45.5276,45.6251,45.5875,45.3644,45.4377,34.8364,35.9161,30.4523,45.5085,32.6443,41.0934

7243.9270,45.5590,45.6113,45.5979,45.3604,45.4439,34.8578,35.9034,30.4602,45.5145,32.6590,41.0992

7244.9270,45.5468,45.6355,45.5850,45.3448,45.4255,34.8516,35.8976,30.4633,45.5075,32.6575,41.0938

7245.9270,45.5459,45.6394,45.6112,45.3663,45.4118,34.8367,35.8986,30.4441,45.5149,32.6404,41.0942

7246.9270,45.5310,45.6158,45.6158,45.3645,45.4215,34.8352,35.8766,30.4751,45.5097,32.6551,41.0919

7247.9270,45.5390,45.6379,45.5781,45.3624,45.4338,34.8396,35.8594,30.4484,45.5102,32.6440,41.0873

7248.9270,45.5420,45.6255,45.5810,45.3751,45.4363,34.8538,35.7904,30.4688,45.5120,32.6613,41.0841

7249.9270,45.5461,45.6206,45.5960,45.3744,45.4319,34.8387,35.7519,30.4584,45.5138,32.6485,41.0773

7250.9270,45.5512,45.6326,45.5784,45.3646,45.4439,34.8490,35.7225,30.4471,45.5141,32.6481,41.0737

7251.9270,45.5293,45.6191,45.6024,45.3788,45.4373,34.8573,35.6765,30.4648,45.5134,32.6611,41.0707

7252.9270,45.5260,45.6317,45.5974,45.3641,45.4420,34.8559,35.6807,30.4554,45.5122,32.6556,41.0691

7253.9270,45.5443,45.6141,45.5979,45.3767,45.4337,34.8622,35.6697,30.4631,45.5133,32.6626,41.0702

7254.9270,45.5751,45.6374,45.5901,45.3861,45.4241,34.8479,35.6624,30.4722,45.5226,32.6600,41.0744

7255.9270,45.5371,45.6304,45.6058,45.3679,45.4421,34.8643,35.6675,30.4558,45.5166,32.6600,41.0713

7256.9270,45.5527,45.6318,45.6007,45.3800,45.4556,34.8566,35.6875,30.4716,45.5241,32.6641,41.0796

7257.9280,45.5460,45.6460,45.6010,45.3807,45.4559,34.8518,35.6368,30.4672,45.5259,32.6595,41.0732

7258.9280,45.5716,45.6423,45.6149,45.3682,45.4359,34.8359,35.6298,30.4555,45.5266,32.6457,41.0693

7259.9280,45.5480,45.6468,45.6032,45.3630,45.4423,34.8542,35.6089,30.4584,45.5206,32.6563,41.0656

7260.9270,45.5708,45.6414,45.5852,45.3854,45.4480,34.8468,35.6375,30.4556,45.5261,32.6512,41.0713

7261.9280,45.5450,45.6344,45.6001,45.3868,45.4592,34.8643,35.6919,30.4661,45.5251,32.6652,41.0810

7262.9270,45.5543,45.6326,45.6066,45.3733,45.4568,34.8615,35.7555,30.4596,45.5247,32.6606,41.0875

7263.9270,45.5620,45.6459,45.6264,45.3834,45.4405,34.8543,35.7572,30.4472,45.5316,32.6508,41.0896

7264.9270,45.5607,45.6455,45.6219,45.3881,45.4419,34.8431,35.7517,30.4727,45.5316,32.6579,41.0907

7265.9270,45.5619,45.6561,45.6023,45.3783,45.4632,34.8416,35.7323,30.4607,45.5324,32.6511,41.0871

7266.9270,45.5530,45.6402,45.5924,45.3763,45.4477,34.8410,35.7177,30.4555,45.5219,32.6482,41.0780

7267.9270,45.5514,45.6203,45.6185,45.3889,45.4427,34.8291,35.7484,30.4618,45.5243,32.6455,41.0826

7268.9270,45.5691,45.6428,45.6071,45.3697,45.4699,34.8704,35.7340,30.4559,45.5317,32.6631,41.0899

7269.9270,45.5499,45.6510,45.6106,45.3876,45.4674,34.8622,35.7366,30.4613,45.5333,32.6617,41.0908

7270.9270,45.5560,45.6593,45.6031,45.3787,45.4538,34.8609,35.7273,30.4590,45.5302,32.6600,41.0873

7271.9270,45.5520,45.6511,45.6033,45.3905,45.4438,34.8447,35.6817,30.4418,45.5281,32.6433,41.0761

7272.9280,45.5769,45.6537,45.5976,45.3880,45.4617,34.8782,35.6628,30.4755,45.5355,32.6768,41.0868

7273.9280,45.5720,45.6380,45.6190,45.3918,45.4535,34.8640,35.6658,30.4569,45.5349,32.6604,41.0826

7274.9270,45.5755,45.6710,45.6228,45.3886,45.4772,34.8693,35.6497,30.4520,45.5470,32.6607,41.0883

7275.9270,45.5657,45.6612,45.6056,45.4071,45.4702,34.8843,35.6731,30.4487,45.5420,32.6665,41.0895

7276.9270,45.5742,45.6556,45.6130,45.3797,45.4729,34.8718,35.6601,30.4549,45.5391,32.6633,41.0853

7277.9270,45.5809,45.6532,45.6375,45.4033,45.4807,34.8711,35.6884,30.4598,45.5511,32.6654,41.0969

7278.9270,45.5756,45.6494,45.6285,45.3911,45.4694,34.8788,35.6770,30.4446,45.5428,32.6617,41.0893

7279.9270,45.5673,45.6602,45.6296,45.3889,45.4677,34.8606,35.6784,30.4423,45.5427,32.6514,41.0869

7280.9280,45.5964,45.6527,45.6147,45.3907,45.4677,34.8703,35.7021,30.4577,45.5444,32.6640,41.0940

7281.9280,45.5580,45.6733,45.6158,45.3899,45.4618,34.8597,35.7036,30.4709,45.5398,32.6653,41.0916

7282.9270,45.5706,45.6694,45.6174,45.3907,45.4561,34.8625,35.6924,30.4395,45.5408,32.6510,41.0873

7283.9270,45.5762,45.6572,45.6415,45.3757,45.4736,34.8738,35.6991,30.4677,45.5448,32.6708,41.0956

7284.9270,45.5805,45.6824,45.6198,45.4004,45.4719,34.8687,35.6973,30.4622,45.5510,32.6655,41.0979

7285.9270,45.5906,45.6701,45.6367,45.3816,45.4642,34.8654,35.7155,30.4443,45.5486,32.6549,41.0961

7286.9270,45.5708,45.6581,45.6298,45.4021,45.4735,34.8880,35.7371,30.4698,45.5469,32.6789,41.1036

7287.9280,45.5897,45.6614,45.6396,45.4138,45.4727,34.8818,35.7468,30.4565,45.5554,32.6692,41.1078

7288.9270,45.5899,45.6791,45.6430,45.3995,45.4649,34.8802,35.7625,30.4727,45.5553,32.6765,41.1115

7289.9270,45.5913,45.6830,45.6390,45.4002,45.4702,34.8741,35.7489,30.4544,45.5567,32.6642,41.1076

7290.9270,45.5933,45.6754,45.6309,45.4037,45.4705,34.8789,35.7724,30.4569,45.5548,32.6679,41.1102

7291.9270,45.5870,45.6851,45.6304,45.4036,45.4885,34.8936,35.7900,30.4500,45.5589,32.6718,41.1160

7292.9270,45.5910,45.6664,45.6154,45.4062,45.5050,34.8892,35.8346,30.4808,45.5568,32.6850,41.1236

7293.9270,45.5971,45.6664,45.6413,45.3900,45.4777,34.9085,35.8843,30.4537,45.5545,32.6811,41.1274

7294.9270,45.6043,45.6554,45.6452,45.3907,45.5154,34.9078,35.9056,30.4567,45.5622,32.6822,41.1351

7295.9280,45.5790,45.6491,45.6361,45.3913,45.4780,34.9394,35.9843,30.4701,45.5467,32.7047,41.1409

7296.9270,45.5900,45.6726,45.6379,45.4204,45.4723,34.9069,36.0197,30.4427,45.5586,32.6748,41.1453

7297.9270,45.5942,45.6875,45.6398,45.4024,45.4881,34.9229,36.0160,30.4559,45.5624,32.6894,41.1509

7298.9270,45.6018,45.6909,45.6409,45.4159,45.4939,34.9123,35.9929,30.4665,45.5687,32.6894,41.1519

7299.9270,45.5945,45.6632,45.6288,45.4104,45.4846,34.8951,36.0242,30.4595,45.5563,32.6773,41.1450

7300.9270,45.6160,45.6840,45.6506,45.4094,45.4971,34.9107,36.0104,30.4625,45.5714,32.6866,41.1551

7301.9270,45.6014,45.6862,45.6658,45.4057,45.4887,34.9137,36.0242,30.4603,45.5696,32.6870,41.1558

7302.9270,45.6104,45.6819,45.6522,45.4023,45.4705,34.9097,36.0430,30.4600,45.5634,32.6849,41.1537

7303.9270,45.5888,45.6823,45.6582,45.4171,45.4945,34.9090,36.0344,30.4706,45.5682,32.6898,41.1569

7304.9270,45.5987,45.6788,45.6505,45.4136,45.4859,34.9017,36.0327,30.4483,45.5655,32.6750,41.1513

7305.9270,45.5917,45.6865,45.6424,45.4189,45.4685,34.8899,36.0429,30.4712,45.5616,32.6805,41.1515

7306.9270,45.6153,45.6682,45.6431,45.4298,45.4869,34.9123,35.9914,30.4702,45.5686,32.6912,41.1521

7307.9280,45.6116,45.6893,45.6582,45.4222,45.4973,34.8889,35.9227,30.4632,45.5757,32.6760,41.1442

7308.9270,45.6220,45.6804,45.6595,45.4217,45.4824,34.8840,35.8598,30.4460,45.5732,32.6650,41.1320

7309.9280,45.6248,45.6769,45.6380,45.4307,45.4993,34.8948,35.7710,30.4555,45.5739,32.6751,41.1239

7310.9270,45.6106,45.6703,45.6216,45.4269,45.4913,34.8692,35.7108,30.4645,45.5641,32.6668,41.1081

7311.9270,45.6094,45.7050,45.6442,45.4151,45.4935,34.8947,35.6409,30.4652,45.5734,32.6799,41.1085

7312.9280,45.6086,45.6913,45.6584,45.4228,45.5063,34.8732,35.5928,30.4493,45.5775,32.6613,41.1003

7313.9270,45.6101,45.6927,45.6589,45.4256,45.4971,34.9061,35.5293,30.4659,45.5769,32.6860,41.0982

7314.9270,45.6197,45.6881,45.6496,45.4242,45.4873,34.8737,35.4403,30.4535,45.5738,32.6636,41.0795

7315.9270,45.6152,45.6882,45.6585,45.4285,45.4994,34.8940,35.4508,30.4753,45.5780,32.6847,41.0887

7316.9270,45.5958,45.6886,45.6149,45.4363,45.5170,34.9006,35.4447,30.4622,45.5705,32.6814,41.0825

7317.9280,45.6216,45.7066,45.6533,45.4242,45.5082,34.8775,35.4530,30.4630,45.5828,32.6703,41.0884

7318.9270,45.5918,45.6837,45.6337,45.4250,45.5154,34.9172,35.4651,30.4568,45.5699,32.6870,41.0861

7319.9270,45.6141,45.6925,45.6698,45.4245,45.5200,34.9102,35.4744,30.4667,45.5842,32.6884,41.0965

7320.9280,45.6044,45.6947,45.6553,45.4165,45.5060,34.8961,35.5016,30.4944,45.5754,32.6953,41.0961

7321.9280,45.6040,45.6838,45.6685,45.4473,45.5076,34.9131,35.5021,30.4700,45.5822,32.6915,41.0996

7322.9270,45.6126,45.6903,45.6565,45.4343,45.4997,34.9223,35.4870,30.4534,45.5787,32.6878,41.0945

7323.9270,45.6298,45.6921,45.6550,45.4574,45.5140,34.8904,35.4701,30.4450,45.5896,32.6677,41.0942

7324.9270,45.6217,45.6985,45.6470,45.4346,45.5278,34.8958,35.4643,30.4560,45.5859,32.6759,41.0932

7325.9270,45.6121,45.7039,45.6441,45.4391,45.4850,34.9166,35.4079,30.4496,45.5768,32.6831,41.0823

7326.9270,45.6183,45.7100,45.6456,45.4471,45.5041,34.9187,35.4366,30.4601,45.5850,32.6894,41.0926

7327.9280,45.6297,45.6945,45.6561,45.4400,45.5035,34.9151,35.4153,30.4636,45.5847,32.6894,41.0897

7328.9270,45.6273,45.6997,45.6672,45.4442,45.5221,34.9282,35.4176,30.4552,45.5921,32.6917,41.0952

7329.9280,45.6334,45.7174,45.6497,45.4470,45.5073,34.9282,35.3938,30.4481,45.5909,32.6882,41.0906

7330.9270,45.6326,45.7200,45.6565,45.4395,45.5155,34.9481,35.3612,30.4657,45.5928,32.7069,41.0924

7331.9270,45.6240,45.6922,45.6722,45.4320,45.4937,34.9641,35.3483,30.4626,45.5828,32.7134,41.0861

7332.9270,45.6285,45.7115,45.6647,45.4546,45.5214,34.9594,35.3870,30.4507,45.5962,32.7050,41.0972

7333.9270,45.6227,45.7006,45.6742,45.4256,45.4984,34.9685,35.3685,30.4556,45.5843,32.7121,41.0893

7334.9280,45.6273,45.7242,45.6714,45.4567,45.5165,34.9802,35.4157,30.4683,45.5992,32.7242,41.1075

7335.9270,45.6271,45.7033,45.6741,45.4548,45.5146,34.9453,35.4225,30.4568,45.5948,32.7011,41.0998

7336.9270,45.6323,45.7313,45.6951,45.4568,45.5036,34.9768,35.4657,30.4616,45.6038,32.7192,41.1154

7337.9280,45.6344,45.7338,45.6763,45.4584,45.5345,34.9728,35.4926,30.4783,45.6075,32.7256,41.1226

7338.9270,45.6282,45.7125,45.6518,45.4515,45.5118,34.9716,35.5232,30.4616,45.5911,32.7166,41.1140

7339.9270,45.6276,45.7223,45.6754,45.4681,45.5321,34.9664,35.5129,30.4508,45.6051,32.7086,41.1195

7340.9270,45.6372,45.7062,45.6710,45.4438,45.5249,34.9658,35.5295,30.4652,45.5966,32.7155,41.1180

7341.9270,45.6341,45.7185,45.6814,45.4431,45.5149,34.9889,35.5274,30.4630,45.5984,32.7260,41.1214

7342.9270,45.6541,45.7120,45.6786,45.4477,45.5089,35.0039,35.5172,30.4664,45.6003,32.7352,41.1236

7343.9270,45.6384,45.7251,45.6509,45.4478,45.5247,34.9974,35.5377,30.4546,45.5974,32.7260,41.1221

7344.9270,45.6249,45.7084,45.6856,45.4677,45.5359,34.9843,35.5354,30.4814,45.6045,32.7328,41.1279

7345.9270,45.6296,45.7191,45.6820,45.4473,45.5345,34.9797,35.5242,30.4570,45.6025,32.7183,41.1217

7346.9270,45.6314,45.7292,45.6699,45.4589,45.5132,34.9932,35.5256,30.4635,45.6005,32.7283,41.1231

7347.9270,45.6422,45.7159,45.6709,45.4604,45.5471,34.9877,35.5318,30.4562,45.6073,32.7220,41.1265

7348.9270,45.6467,45.6991,45.6898,45.4691,45.5512,34.9988,35.5410,30.4551,45.6112,32.7269,41.1313

7349.9280,45.6428,45.7235,45.6628,45.4578,45.5241,34.9869,35.5174,30.4577,45.6022,32.7223,41.1216

7350.9270,45.6441,45.7214,45.6931,45.4738,45.5429,34.9798,35.5118,30.4534,45.6151,32.7166,41.1276

7351.9270,45.6589,45.7231,45.6842,45.4356,45.5404,34.9971,35.5145,30.4698,45.6085,32.7334,41.1280

7352.9270,45.6367,45.7254,45.6916,45.4658,45.5302,34.9872,35.5000,30.4693,45.6099,32.7283,41.1258

7353.9270,45.6308,45.7178,45.6899,45.4799,45.5378,35.0132,35.5044,30.4583,45.6113,32.7357,41.1290

7354.9270,45.6344,45.7353,45.7024,45.4529,45.5359,35.0055,35.5028,30.4736,45.6122,32.7395,41.1303

7355.9270,45.6427,45.7248,45.6873,45.4522,45.5500,35.0162,35.4832,30.4529,45.6114,32.7346,41.1262

7356.9270,45.6429,45.7346,45.6804,45.4787,45.5320,35.0202,35.4581,30.4629,45.6137,32.7416,41.1262

7357.9270,45.6459,45.7276,45.6914,45.4874,45.5337,34.9994,35.4644,30.4575,45.6172,32.7284,41.1259

7358.9270,45.6437,45.7315,45.6930,45.4640,45.5317,35.0121,35.4313,30.4577,45.6128,32.7349,41.1206

7359.9270,45.6345,45.7431,45.7051,45.4524,45.5470,35.0122,35.3893,30.4657,45.6164,32.7389,41.1187

7360.9270,45.6528,45.7420,45.7137,45.4776,45.5273,35.0119,35.3455,30.4462,45.6227,32.7291,41.1146

7361.9270,45.6566,45.7432,45.7098,45.4729,45.5448,35.0237,35.3423,30.4594,45.6255,32.7416,41.1191

7362.9270,45.6563,45.7437,45.6922,45.4785,45.5258,35.0248,35.3228,30.4474,45.6193,32.7361,41.1114

7363.9270,45.6501,45.7402,45.7157,45.4801,45.5325,35.0260,35.3255,30.4575,45.6237,32.7418,41.1160

7364.9270,45.6727,45.7283,45.6995,45.4593,45.5516,35.0231,35.3151,30.4456,45.6223,32.7344,41.1119

7365.9270,45.6686,45.7411,45.7049,45.4679,45.5366,35.0382,35.3227,30.4698,45.6238,32.7540,41.1187

7366.9270,45.6768,45.7202,45.7170,45.4796,45.5394,35.0324,35.3398,30.4728,45.6266,32.7526,41.1223

7367.9270,45.6675,45.7388,45.6845,45.4634,45.5584,35.0385,35.3416,30.4512,45.6225,32.7448,41.1180

7368.9270,45.6381,45.7376,45.6871,45.4789,45.5308,35.0519,35.3495,30.4506,45.6145,32.7512,41.1156

7369.9280,45.6590,45.7592,45.6721,45.4708,45.5385,35.0589,35.3448,30.4502,45.6199,32.7545,41.1192

7370.9270,45.6728,45.7384,45.7018,45.4709,45.5386,35.0378,35.3606,30.4641,45.6245,32.7510,41.1231

7371.9270,45.6594,45.7308,45.6932,45.4757,45.5634,35.0640,35.3480,30.4525,45.6245,32.7583,41.1234

7372.9270,45.6676,45.7333,45.6934,45.4945,45.5422,35.0400,35.3652,30.4579,45.6262,32.7489,41.1243

7373.9270,45.6691,45.7507,45.7155,45.4869,45.5472,35.0317,35.3526,30.4824,45.6339,32.7571,41.1295

7374.9280,45.6518,45.7444,45.7055,45.4973,45.5427,35.0526,35.3618,30.4804,45.6283,32.7665,41.1296

7375.9270,45.6818,45.7293,45.7066,45.4766,45.5619,35.0506,35.3496,30.4639,45.6312,32.7573,41.1275

7376.9270,45.6841,45.7501,45.7246,45.4984,45.5480,35.0394,35.3725,30.4507,45.6411,32.7450,41.1335

7377.9280,45.6600,45.7662,45.6990,45.4862,45.5599,35.0431,35.3888,30.4544,45.6343,32.7488,41.1322

7378.9270,45.6764,45.7191,45.7154,45.4914,45.5434,35.0616,35.4124,30.4533,45.6291,32.7574,41.1341

7379.9280,45.6467,45.7448,45.7216,45.4861,45.5598,35.0502,35.4423,30.4527,45.6318,32.7514,41.1380

7380.9270,45.6651,45.7447,45.7188,45.5032,45.5495,35.0491,35.4562,30.4497,45.6363,32.7494,41.1420

7381.9280,45.6539,45.7492,45.7060,45.4913,45.5600,35.0626,35.4944,30.4759,45.6321,32.7693,41.1492

7382.9270,45.6695,45.7346,45.7101,45.4884,45.5570,35.0555,35.4859,30.4674,45.6319,32.7615,41.1461

7383.9280,45.6678,45.7418,45.7126,45.4901,45.5540,35.0570,35.5014,30.4656,45.6333,32.7613,41.1488

7384.9280,45.6653,45.7524,45.7158,45.4761,45.5572,35.0765,35.4915,30.4519,45.6334,32.7642,41.1484

7385.9270,45.6651,45.7720,45.7145,45.4702,45.5787,35.0684,35.5068,30.4573,45.6401,32.7628,41.1541

7386.9270,45.6659,45.7575,45.7231,45.5029,45.5636,35.0584,35.5258,30.4717,45.6426,32.7650,41.1586

7387.9270,45.6629,45.7486,45.7152,45.5038,45.5678,35.0577,35.5255,30.4616,45.6397,32.7597,41.1554

7388.9270,45.6580,45.7390,45.7265,45.5072,45.5610,35.0668,35.5360,30.4632,45.6383,32.7650,41.1572

7389.9280,45.6819,45.7579,45.7310,45.5065,45.5761,35.0849,35.5433,30.4597,45.6507,32.7723,41.1677

7390.9280,45.6629,45.7740,45.7165,45.4852,45.5570,35.0811,35.5470,30.4766,45.6391,32.7788,41.1625

7391.9270,45.6744,45.7733,45.7218,45.4941,45.5581,35.1067,35.5684,30.4652,45.6443,32.7860,41.1703

7392.9270,45.6741,45.7550,45.7212,45.4847,45.5733,35.0708,35.5719,30.4720,45.6416,32.7714,41.1654

7393.9270,45.6720,45.7556,45.7130,45.5089,45.5637,35.0776,35.5777,30.4793,45.6426,32.7785,41.1685

7394.9270,45.6646,45.7629,45.7152,45.4944,45.5626,35.0720,35.6030,30.4562,45.6399,32.7641,41.1664

7395.9270,45.6765,45.7563,45.7275,45.4790,45.5703,35.0803,35.5930,30.4613,45.6419,32.7708,41.1680

7396.9280,45.6697,45.7540,45.7178,45.5077,45.5713,35.0851,35.5487,30.4638,45.6441,32.7744,41.1648

7397.9270,45.6635,45.7677,45.7143,45.4918,45.5887,35.0892,35.4986,30.4599,45.6452,32.7746,41.1592

7398.9270,45.6866,45.7577,45.7173,45.4739,45.5782,35.0727,35.4348,30.4485,45.6427,32.7606,41.1462

7399.9280,45.6913,45.7671,45.7100,45.5125,45.5728,35.1004,35.3970,30.4476,45.6507,32.7740,41.1498

7400.9270,45.6973,45.7808,45.7169,45.5161,45.5629,35.1018,35.3759,30.4504,45.6548,32.7761,41.1503

7401.9280,45.6836,45.7560,45.7407,45.5112,45.5738,35.0982,35.3593,30.4717,45.6531,32.7850,41.1493

7402.9270,45.6796,45.7803,45.7186,45.4970,45.5768,35.0994,35.3380,30.4480,45.6505,32.7737,41.1422

7403.9270,45.6826,45.7896,45.7261,45.5160,45.5624,35.1015,35.3251,30.4459,45.6553,32.7737,41.1436

7404.9280,45.6917,45.7766,45.7474,45.4970,45.5912,35.0676,35.3474,30.4513,45.6608,32.7595,41.1463

7405.9270,45.6849,45.7690,45.7078,45.5228,45.5817,35.1062,35.3349,30.4553,45.6533,32.7807,41.1453

7406.9280,45.7037,45.7644,45.7232,45.5090,45.5915,35.1232,35.3941,30.4484,45.6583,32.7858,41.1572

7407.9270,45.7032,45.7915,45.7349,45.5156,45.5958,35.1002,35.4249,30.4531,45.6682,32.7766,41.1649

7408.9270,45.6824,45.7885,45.7375,45.5117,45.5896,35.1050,35.4606,30.4565,45.6619,32.7807,41.1665

7409.9280,45.6918,45.7790,45.7289,45.5179,45.5741,35.0935,35.4589,30.4491,45.6584,32.7713,41.1617

7410.9270,45.6855,45.7679,45.7530,45.5012,45.5801,35.0848,35.5194,30.4766,45.6575,32.7807,41.1711

7411.9280,45.7016,45.7840,45.7442,45.5095,45.5772,35.1033,35.5239,30.4745,45.6633,32.7889,41.1773

7412.9270,45.6742,45.7835,45.7339,45.5178,45.5827,35.1042,35.5701,30.4444,45.6584,32.7743,41.1763

7413.9280,45.7187,45.7720,45.7279,45.5308,45.5860,35.0869,35.5944,30.4735,45.6671,32.7802,41.1863

7414.9270,45.6901,45.7662,45.7425,45.5093,45.5821,35.1039,35.5666,30.4713,45.6580,32.7876,41.1790

7415.9280,45.6886,45.7664,45.7437,45.4966,45.5777,35.0832,35.5828,30.4567,45.6546,32.7699,41.1745

7416.9280,45.6893,45.7863,45.7478,45.5308,45.5809,35.0928,35.5821,30.4560,45.6670,32.7744,41.1832

7417.9270,45.6937,45.7828,45.7328,45.5376,45.5631,35.1010,35.5692,30.4557,45.6620,32.7783,41.1795

7418.9270,45.6967,45.7823,45.7383,45.5087,45.5825,35.1180,35.5568,30.4460,45.6617,32.7820,41.1787

7419.9280,45.7097,45.7753,45.7521,45.5147,45.5694,35.1058,35.5517,30.4620,45.6642,32.7839,41.1801

7420.9270,45.6980,45.7680,45.7527,45.5162,45.5941,35.1264,35.5348,30.4563,45.6658,32.7914,41.1808

7421.9270,45.6909,45.7819,45.7472,45.5065,45.5941,35.1122,35.5267,30.4773,45.6641,32.7948,41.1796

7422.9270,45.7079,45.7945,45.7597,45.5186,45.5789,35.1228,35.5115,30.4617,45.6719,32.7922,41.1820

7423.9270,45.6943,45.7817,45.7483,45.5174,45.6083,35.1231,35.5156,30.4704,45.6700,32.7968,41.1824

7424.9280,45.6881,45.7883,45.7730,45.5268,45.5899,35.1150,35.5285,30.4604,45.6732,32.7877,41.1837

7425.9280,45.6961,45.7809,45.7549,45.5244,45.5986,35.1179,35.5323,30.4539,45.6710,32.7859,41.1824

7426.9270,45.7078,45.8005,45.7444,45.4987,45.5937,35.1208,35.5381,30.4672,45.6690,32.7940,41.1839

7427.9270,45.6976,45.7842,45.7420,45.5227,45.5941,35.1124,35.5437,30.4484,45.6681,32.7804,41.1806

7428.9280,45.7168,45.7981,45.7383,45.5245,45.5815,35.0906,35.5532,30.4298,45.6718,32.7602,41.1791

7429.9270,45.6928,45.7797,45.7561,45.5386,45.6073,35.0884,35.5735,30.4661,45.6749,32.7772,41.1878

7430.9270,45.7105,45.7725,45.7549,45.5309,45.6009,35.0893,35.5768,30.4755,45.6739,32.7824,41.1889

7431.9280,45.6991,45.7877,45.7567,45.5105,45.5916,35.1069,35.6075,30.4260,45.6691,32.7664,41.1857

7432.9280,45.6897,45.7910,45.7506,45.5299,45.5962,35.0951,35.6625,30.4606,45.6715,32.7778,41.1970

7433.9270,45.6975,45.7901,45.7391,45.5100,45.6032,35.1029,35.7049,30.4482,45.6680,32.7756,41.1995

7434.9270,45.7158,45.7984,45.7553,45.5193,45.5981,35.1050,35.7300,30.4701,45.6774,32.7876,41.2115

7435.9270,45.7248,45.8031,45.7586,45.5430,45.5805,35.1033,35.7287,30.4609,45.6820,32.7821,41.2128

7436.9280,45.7238,45.7950,45.7700,45.5270,45.6100,35.1027,35.7394,30.4622,45.6852,32.7825,41.2163

7437.9270,45.7170,45.7985,45.7753,45.5361,45.6163,35.1029,35.7475,30.4788,45.6886,32.7909,41.2215

7438.9270,45.7110,45.8013,45.7387,45.5324,45.6061,35.0871,35.7298,30.4794,45.6779,32.7832,41.2107

7439.9270,45.7183,45.8084,45.7449,45.5488,45.5938,35.1422,35.7568,30.4755,45.6828,32.8089,41.2236

7440.9280,45.7192,45.7953,45.7675,45.5450,45.6020,35.1061,35.7778,30.4862,45.6858,32.7962,41.2249

7441.9270,45.7237,45.8156,45.7614,45.5425,45.6130,35.1059,35.7758,30.4588,45.6912,32.7824,41.2246

7442.9270,45.7136,45.8077,45.7590,45.5420,45.6055,35.1192,35.7988,30.4797,45.6856,32.7994,41.2282

7443.9270,45.7216,45.8043,45.7704,45.5455,45.6067,35.1165,35.8088,30.4581,45.6897,32.7873,41.2290

7444.9270,45.7181,45.8078,45.7707,45.5472,45.6075,35.1199,35.8141,30.4715,45.6902,32.7957,41.2321

7445.9270,45.7043,45.8042,45.7718,45.5594,45.6183,35.1211,35.8054,30.4604,45.6916,32.7907,41.2306

7446.9270,45.7291,45.8045,45.7790,45.5351,45.6093,35.1268,35.8172,30.4427,45.6914,32.7847,41.2305

7447.9270,45.7049,45.8003,45.7609,45.5467,45.6139,35.1263,35.8050,30.4436,45.6854,32.7850,41.2252

7448.9270,45.7016,45.8117,45.7714,45.5437,45.6189,35.1150,35.7975,30.4726,45.6895,32.7938,41.2291

7449.9280,45.7221,45.8229,45.7728,45.5493,45.6342,35.1212,35.7915,30.4577,45.7003,32.7894,41.2340

7450.9270,45.7155,45.8137,45.7827,45.5582,45.5981,35.1243,35.7782,30.4608,45.6936,32.7926,41.2290

7451.9270,45.7200,45.7993,45.7608,45.5554,45.6240,35.1327,35.7604,30.4692,45.6919,32.8009,41.2277

7452.9270,45.7368,45.8101,45.7610,45.5718,45.6186,35.1351,35.7343,30.4627,45.6997,32.7989,41.2288

7453.9270,45.7223,45.8118,45.7664,45.5401,45.6152,35.1382,35.7327,30.4602,45.6912,32.7992,41.2234

7454.9280,45.7232,45.8099,45.7714,45.5502,45.6007,35.1186,35.7374,30.4612,45.6911,32.7899,41.2216

7455.9270,45.7299,45.8131,45.7714,45.5581,45.6300,35.1314,35.7525,30.4651,45.7005,32.7982,41.2314

7456.9270,45.7480,45.8072,45.7733,45.5406,45.6222,35.1534,35.7522,30.4614,45.6982,32.8074,41.2323

7457.9280,45.7289,45.8106,45.7638,45.5463,45.6131,35.1533,35.7955,30.4754,45.6925,32.8143,41.2358

7458.9270,45.7281,45.8095,45.7830,45.5535,45.6059,35.1506,35.8284,30.4699,45.6960,32.8103,41.2411

7459.9280,45.7501,45.8040,45.7702,45.5564,45.6250,35.1363,35.8590,30.4569,45.7011,32.7966,41.2447

7460.9270,45.7340,45.8235,45.8063,45.5518,45.6148,35.1659,35.8806,30.4655,45.7061,32.8157,41.2553

7461.9280,45.7435,45.8150,45.7608,45.5540,45.6207,35.1474,35.9009,30.4479,45.6988,32.7976,41.2488

7462.9280,45.7316,45.8173,45.7788,45.5507,45.6351,35.1476,35.9208,30.4551,45.7027,32.8014,41.2546

7463.9270,45.7315,45.8074,45.7611,45.5524,45.6285,35.1279,35.8973,30.4776,45.6962,32.8028,41.2480

7464.9270,45.7408,45.8081,45.7771,45.5717,45.6204,35.1517,35.9417,30.4672,45.7036,32.8095,41.2598

7465.9270,45.7471,45.8335,45.7765,45.5576,45.6253,35.1370,35.9532,30.4703,45.7080,32.8037,41.2626

7466.9270,45.7425,45.8193,45.7664,45.5712,45.6468,35.1380,35.9682,30.4784,45.7092,32.8082,41.2664

7467.9270,45.7352,45.8058,45.7919,45.5610,45.6166,35.1564,36.0431,30.4719,45.7021,32.8141,41.2727

7468.9270,45.7269,45.8077,45.7692,45.5434,45.6362,35.1359,36.0521,30.4536,45.6967,32.7948,41.2656

7469.9270,45.7349,45.8309,45.7961,45.5643,45.6292,35.1392,36.0410,30.4490,45.7111,32.7941,41.2731

7470.9270,45.7445,45.8357,45.7792,45.5561,45.6197,35.1536,36.0558,30.4574,45.7070,32.8055,41.2752

7471.9270,45.7325,45.8318,45.7711,45.5680,45.6255,35.1195,36.0746,30.4523,45.7058,32.7859,41.2719

7472.9280,45.7376,45.8191,45.7949,45.5742,45.6364,35.1401,36.0596,30.4617,45.7124,32.8009,41.2780

7473.9270,45.7395,45.8290,45.7863,45.5554,45.6324,35.1500,36.0517,30.4669,45.7085,32.8084,41.2764

7474.9280,45.7449,45.8347,45.7856,45.5681,45.6432,35.1578,36.0511,30.4376,45.7153,32.7977,41.2779

7475.9270,45.7493,45.8196,45.7714,45.5678,45.6490,35.1482,36.0897,30.4609,45.7114,32.8045,41.2820

7476.9270,45.7368,45.8033,45.7806,45.5561,45.6442,35.1542,36.0910,30.4533,45.7042,32.8038,41.2774

7477.9270,45.7453,45.8332,45.7850,45.5638,45.6306,35.1582,36.1123,30.4464,45.7116,32.8023,41.2844

7478.9270,45.7353,45.8204,45.7824,45.5635,45.6502,35.1518,36.1078,30.4598,45.7104,32.8058,41.2839

7479.9280,45.7341,45.8166,45.7994,45.5491,45.6316,35.1399,36.1369,30.4675,45.7062,32.8037,41.2844

7480.9280,45.7325,45.8416,45.7989,45.5727,45.6473,35.1827,36.1022,30.4598,45.7186,32.8213,41.2922

7481.9270,45.7459,45.8226,45.8041,45.5597,45.6460,35.1714,36.1040,30.4522,45.7157,32.8118,41.2883

7482.9270,45.7364,45.8243,45.7905,45.5656,45.6421,35.1487,36.0822,30.4407,45.7118,32.7947,41.2788

7483.9270,45.7167,45.8416,45.7957,45.5574,45.6524,35.1466,36.0595,30.4592,45.7128,32.8029,41.2786

7484.9270,45.7458,45.8309,45.7966,45.5735,45.6454,35.1451,36.0781,30.4582,45.7184,32.8016,41.2842

7485.9270,45.7430,45.8334,45.7898,45.5696,45.6544,35.1732,36.0660,30.4521,45.7180,32.8127,41.2852

7486.9270,45.7410,45.8242,45.7894,45.5729,45.6318,35.1656,35.9957,30.4698,45.7119,32.8177,41.2738

7487.9270,45.7608,45.8400,45.7955,45.5729,45.6425,35.1635,35.9544,30.4565,45.7223,32.8100,41.2732

7488.9270,45.7407,45.8374,45.7855,45.5746,45.6251,35.1736,35.8841,30.4554,45.7127,32.8145,41.2595

7489.9280,45.7497,45.8466,45.8058,45.5855,45.6389,35.1724,35.8282,30.4579,45.7253,32.8152,41.2606

7490.9270,45.7585,45.8279,45.8121,45.5604,45.6373,35.1602,35.7725,30.4335,45.7192,32.7969,41.2453

7491.9270,45.7634,45.8227,45.7977,45.5663,45.6609,35.1624,35.7438,30.4742,45.7222,32.8183,41.2489

7492.9280,45.7818,45.8342,45.8004,45.5723,45.6251,35.1590,35.7226,30.4623,45.7228,32.8106,41.2447

7493.9270,45.7616,45.8493,45.7936,45.5762,45.6541,35.1625,35.7439,30.4611,45.7269,32.8118,41.2503

7494.9270,45.7379,45.8604,45.8043,45.5753,45.6569,35.1573,35.6929,30.4601,45.7270,32.8087,41.2431

7495.9270,45.7571,45.8346,45.7994,45.5708,45.6371,35.1828,35.6823,30.4556,45.7198,32.8192,41.2400

7496.9270,45.7538,45.8421,45.8026,45.5940,45.6399,35.1812,35.6728,30.4480,45.7265,32.8146,41.2418

7497.9270,45.7410,45.8243,45.7988,45.5637,45.6658,35.1594,35.7030,30.4637,45.7187,32.8115,41.2400

7498.9270,45.7733,45.8482,45.7954,45.5802,45.6350,35.1804,35.6968,30.4626,45.7264,32.8215,41.2465

7499.9270,45.7878,45.8452,45.8211,45.5893,45.6718,35.1622,35.7404,30.4599,45.7430,32.8110,41.2597

7500.9280,45.7459,45.8506,45.8038,45.5924,45.6462,35.1508,35.7589,30.4640,45.7278,32.8074,41.2516

7501.9270,45.7646,45.8339,45.8158,45.5998,45.6503,35.1683,35.7684,30.4472,45.7329,32.8077,41.2560

7502.9270,45.7691,45.8513,45.7966,45.5833,45.6463,35.1644,35.7524,30.4560,45.7293,32.8102,41.2524

7503.9270,45.7769,45.8488,45.8061,45.5910,45.6568,35.1535,35.7382,30.4545,45.7359,32.8040,41.2532

7504.9270,45.7542,45.8392,45.7906,45.5824,45.6352,35.1517,35.7397,30.4611,45.7203,32.8064,41.2443

7505.9270,45.7602,45.8451,45.8039,45.5711,45.6685,35.1647,35.7275,30.4497,45.7298,32.8072,41.2488

7506.9270,45.7791,45.8450,45.8172,45.5979,45.6753,35.1563,35.7199,30.4511,45.7429,32.8037,41.2552

7507.9270,45.7667,45.8557,45.8015,45.6137,45.6503,35.1723,35.7140,30.4460,45.7376,32.8092,41.2525

7508.9270,45.7832,45.8413,45.8028,45.6062,45.6646,35.1599,35.7062,30.4585,45.7396,32.8092,41.2528

7509.9270,45.7532,45.8389,45.8152,45.5769,45.6822,35.1732,35.7307,30.4676,45.7333,32.8204,41.2547

7510.9270,45.7755,45.8260,45.7815,45.5900,45.6572,35.1596,35.7322,30.4394,45.7260,32.7995,41.2452

7511.9270,45.7571,45.8562,45.7964,45.5942,45.6392,35.1776,35.7305,30.4622,45.7286,32.8199,41.2517

7512.9270,45.7697,45.8562,45.8186,45.5984,45.6768,35.1683,35.7595,30.4585,45.7439,32.8134,41.2632

7513.9280,45.7977,45.8741,45.8018,45.5732,45.6715,35.1582,35.7934,30.4723,45.7437,32.8153,41.2678

7514.9270,45.7927,45.8610,45.8262,45.6055,45.6676,35.1685,35.8145,30.4376,45.7506,32.8031,41.2717

7515.9270,45.7672,45.8529,45.8145,45.5998,45.6573,35.1719,35.8412,30.4428,45.7383,32.8073,41.2684

7516.9270,45.7622,45.8614,45.8178,45.6138,45.6694,35.1714,35.8590,30.4475,45.7449,32.8095,41.2753

7517.9280,45.7775,45.8422,45.8194,45.5853,45.6687,35.1728,35.8688,30.4635,45.7386,32.8182,41.2748

7518.9270,45.7747,45.8567,45.8089,45.5920,45.6624,35.1725,35.8731,30.4711,45.7390,32.8218,41.2764

7519.9280,45.7688,45.8524,45.8306,45.5821,45.6558,35.1697,35.8703,30.4674,45.7379,32.8185,41.2746

7520.9270,45.7834,45.8607,45.8311,45.6025,45.6757,35.1760,35.8977,30.4465,45.7507,32.8113,41.2842

7521.9280,45.7903,45.8742,45.8121,45.6029,45.6674,35.1587,35.9010,30.4460,45.7494,32.8023,41.2816

7522.9280,45.7774,45.8687,45.8020,45.6031,45.6912,35.1681,35.9202,30.4503,45.7485,32.8092,41.2851

7523.9270,45.7893,45.8570,45.8413,45.6257,45.6767,35.1595,35.9088,30.4596,45.7580,32.8096,41.2897

7524.9270,45.7594,45.8667,45.8133,45.5931,45.6761,35.1831,35.9076,30.4668,45.7417,32.8250,41.2833

7525.9270,45.7881,45.8490,45.8263,45.5935,45.6765,35.1850,35.8847,30.4494,45.7467,32.8172,41.2816

7526.9270,45.7830,45.8582,45.8262,45.5888,45.6532,35.1682,35.9109,30.4560,45.7419,32.8121,41.2806

7527.9270,45.7773,45.8777,45.8146,45.6069,45.6723,35.1895,35.9337,30.4422,45.7498,32.8159,41.2893

7528.9280,45.7931,45.8549,45.8270,45.6031,45.6931,35.1905,35.9431,30.4601,45.7542,32.8253,41.2956

7529.9270,45.7805,45.8398,45.8277,45.6172,45.6622,35.1792,35.9602,30.4247,45.7455,32.8020,41.2865

7530.9270,45.7732,45.8522,45.8295,45.5977,45.6751,35.1826,35.9688,30.4508,45.7456,32.8167,41.2913

7531.9270,45.7913,45.8603,45.8390,45.5900,45.6799,35.1919,35.9669,30.4522,45.7521,32.8220,41.2964

7532.9270,45.7888,45.8581,45.8312,45.6110,45.6889,35.2016,35.9728,30.4599,45.7556,32.8308,41.3015

7533.9270,45.7990,45.8651,45.8317,45.6036,45.6894,35.2058,35.9691,30.4492,45.7578,32.8275,41.3016

7534.9280,45.7950,45.8472,45.8134,45.5871,45.6776,35.1901,35.9894,30.4512,45.7441,32.8207,41.2939

7535.9280,45.7854,45.8424,45.8201,45.6087,45.6852,35.2034,36.0059,30.4462,45.7483,32.8248,41.2997

7536.9280,45.7919,45.8680,45.8314,45.6246,45.6608,35.2136,36.0307,30.4457,45.7554,32.8297,41.3083

7537.9270,45.7861,45.8655,45.8331,45.6138,45.6583,35.2152,36.0884,30.4407,45.7513,32.8280,41.3126

7538.9270,45.7879,45.8763,45.8267,45.5888,45.6788,35.2259,36.1070,30.4525,45.7517,32.8392,41.3180

7539.9280,45.7970,45.8724,45.8460,45.6031,45.6902,35.2080,36.1452,30.4491,45.7618,32.8286,41.3264

7540.9270,45.7862,45.8894,45.8235,45.6140,45.6817,35.2378,36.1904,30.4446,45.7589,32.8412,41.3334

7541.9280,45.7872,45.8770,45.8385,45.6169,45.6878,35.2487,36.2298,30.4419,45.7615,32.8453,41.3410

7542.9270,45.7737,45.8634,45.8324,45.6260,45.6715,35.2280,36.2311,30.4475,45.7534,32.8377,41.3342

7543.9270,45.7661,45.8707,45.8308,45.5976,45.6811,35.2516,36.2519,30.4581,45.7492,32.8549,41.3385

7544.9270,45.8105,45.8679,45.8392,45.6129,45.6880,35.2394,36.2448,30.4528,45.7637,32.8461,41.3444

7545.9270,45.7984,45.8678,45.8283,45.6118,45.6939,35.2333,36.2850,30.4373,45.7601,32.8353,41.3445

7546.9280,45.7927,45.8548,45.8270,45.6063,45.6888,35.2421,36.2564,30.4438,45.7540,32.8429,41.3390

7547.9270,45.7922,45.8892,45.8466,45.6101,45.6963,35.2359,36.2319,30.4526,45.7669,32.8442,41.3443

7548.9280,45.8063,45.8853,45.8422,45.6336,45.6758,35.2459,36.2009,30.4415,45.7686,32.8437,41.3414

7549.9270,45.8101,45.8804,45.8215,45.6175,45.6704,35.2442,36.1701,30.4750,45.7600,32.8596,41.3362

7550.9270,45.7957,45.8901,45.8294,45.6305,45.7023,35.2371,36.1448,30.4698,45.7696,32.8534,41.3374

7551.9280,45.7907,45.8913,45.8324,45.6122,45.6827,35.2293,36.1595,30.4328,45.7619,32.8310,41.3289

7552.9270,45.7964,45.8823,45.8262,45.6087,45.6964,35.2341,36.1497,30.4559,45.7620,32.8450,41.3312

7553.9290,45.8085,45.8784,45.8413,45.6174,45.6869,35.2435,36.1391,30.4443,45.7665,32.8439,41.3324

7554.9270,45.8131,45.8953,45.8392,45.6009,45.6894,35.2252,36.1376,30.4503,45.7676,32.8378,41.3314

7555.9280,45.8005,45.8738,45.8261,45.6244,45.7004,35.2447,36.1627,30.4638,45.7650,32.8543,41.3370

7556.9270,45.8100,45.8704,45.8259,45.6339,45.7058,35.2553,36.1302,30.4438,45.7692,32.8496,41.3344

7557.9270,45.8043,45.8953,45.8508,45.6250,45.6858,35.2571,36.1077,30.4687,45.7723,32.8629,41.3368

7558.9270,45.7952,45.8823,45.8498,45.6273,45.6783,35.2394,36.1125,30.4523,45.7666,32.8458,41.3296

7559.9270,45.8071,45.8843,45.8310,45.6181,45.7021,35.2505,36.1082,30.4386,45.7685,32.8446,41.3300

7560.9270,45.7954,45.8816,45.8408,45.6234,45.6975,35.2789,36.0889,30.4451,45.7677,32.8620,41.3315

7561.9270,45.8063,45.8923,45.8200,45.6308,45.6990,35.2525,36.0919,30.4471,45.7697,32.8498,41.3300

7562.9270,45.8249,45.9142,45.8502,45.6397,45.7032,35.2619,36.0658,30.4688,45.7864,32.8653,41.3411

7563.9270,45.8090,45.8675,45.8481,45.6445,45.6969,35.2683,36.0909,30.4724,45.7732,32.8704,41.3372

7564.9270,45.8098,45.8868,45.8502,45.6351,45.6782,35.2284,36.0819,30.4404,45.7720,32.8344,41.3264

7565.9270,45.7910,45.8933,45.8646,45.6212,45.6945,35.2398,36.1139,30.4589,45.7729,32.8493,41.3346

7566.9270,45.7966,45.8856,45.8555,45.6436,45.7071,35.2520,36.1228,30.4345,45.7777,32.8433,41.3372

7567.9270,45.7832,45.8874,45.8484,45.6245,45.7172,35.2288,36.1206,30.4497,45.7721,32.8392,41.3325

7568.9270,45.8007,45.8932,45.8422,45.6512,45.6999,35.2426,36.1382,30.4622,45.7774,32.8524,41.3413

7569.9270,45.8100,45.8884,45.8416,45.6293,45.7100,35.2389,36.1574,30.4467,45.7759,32.8428,41.3403

7570.9270,45.8123,45.8892,45.8641,45.6281,45.6884,35.2211,36.1775,30.4462,45.7764,32.8336,41.3409

7571.9270,45.8017,45.9038,45.8426,45.6289,45.6924,35.2343,36.1607,30.4637,45.7739,32.8490,41.3410

7572.9280,45.7868,45.8934,45.8577,45.6379,45.7023,35.2346,36.1428,30.4372,45.7756,32.8359,41.3366

7573.9270,45.7983,45.8925,45.8471,45.6426,45.6978,35.2373,36.1778,30.4362,45.7756,32.8368,41.3412

7574.9280,45.8198,45.9046,45.8490,45.6301,45.7062,35.2507,36.1462,30.4665,45.7819,32.8586,41.3466

7575.9290,45.8078,45.9088,45.8625,45.6204,45.7127,35.2550,36.1538,30.4497,45.7825,32.8523,41.3463

7576.9270,45.7978,45.8868,45.8562,45.6629,45.7297,35.2322,36.1535,30.4559,45.7867,32.8441,41.3469

7577.9280,45.8201,45.9020,45.8445,45.6530,45.7216,35.2248,36.1994,30.4551,45.7883,32.8400,41.3526

7578.9280,45.8033,45.9074,45.8555,45.6478,45.7284,35.2466,36.1899,30.4554,45.7885,32.8510,41.3543

7579.9270,45.7974,45.8890,45.8509,45.6497,45.7049,35.2566,36.1601,30.4617,45.7784,32.8591,41.3463

7580.9270,45.8020,45.8976,45.8725,45.6328,45.7200,35.2402,36.1250,30.4381,45.7850,32.8392,41.3410

7581.9270,45.8097,45.8992,45.8500,45.6511,45.7328,35.2667,36.0898,30.4483,45.7886,32.8575,41.3434

7582.9270,45.8241,45.8792,45.8583,45.6381,45.7030,35.2568,36.0818,30.4501,45.7805,32.8535,41.3364

7583.9280,45.8158,45.9043,45.8640,45.6350,45.7022,35.2747,36.0595,30.4460,45.7843,32.8604,41.3377

7584.9280,45.8085,45.8960,45.8719,45.6378,45.7133,35.2528,36.0259,30.4626,45.7855,32.8577,41.3336

7585.9280,45.8343,45.9077,45.8567,45.6564,45.7232,35.2536,35.9921,30.4314,45.7956,32.8425,41.3319

7586.9270,45.8139,45.8995,45.8597,45.6478,45.7085,35.2489,36.0159,30.4554,45.7859,32.8521,41.3312

7587.9270,45.8327,45.8770,45.8488,45.6434,45.7097,35.2608,36.0101,30.4504,45.7823,32.8556,41.3291

7588.9270,45.8214,45.8935,45.8583,45.6344,45.7285,35.2546,35.9875,30.4578,45.7872,32.8562,41.3295

7589.9270,45.8154,45.9056,45.8509,45.6502,45.7327,35.2523,35.9852,30.4536,45.7910,32.8529,41.3307

7590.9280,45.8336,45.8955,45.8607,45.6479,45.7086,35.2608,35.9511,30.4616,45.7892,32.8612,41.3275

7591.9270,45.8214,45.8922,45.8648,45.6636,45.7132,35.2696,35.8781,30.4375,45.7911,32.8536,41.3176

7592.9280,45.8390,45.8936,45.8667,45.6381,45.7114,35.2743,35.7588,30.4691,45.7898,32.8717,41.3064

7593.9270,45.8367,45.9053,45.8603,45.6540,45.7319,35.2677,35.6957,30.4455,45.7976,32.8566,41.2996

7594.9280,45.8386,45.8912,45.8713,45.6710,45.7494,35.2828,35.6682,30.4484,45.8043,32.8656,41.3026

7595.9290,45.8311,45.9163,45.8769,45.6715,45.7730,35.2663,35.6354,30.4841,45.8137,32.8752,41.3068

7596.9280,45.8280,45.9152,45.9096,45.6824,45.7979,35.2693,35.6192,30.4984,45.8266,32.8838,41.3150

7597.9270,45.8340,45.9272,45.9398,45.6903,45.8104,35.2757,35.6191,30.5373,45.8403,32.9065,41.3292

7598.9280,45.8421,45.9705,45.9506,45.7304,45.8361,35.2648,35.6072,30.5136,45.8659,32.8892,41.3394

7599.9280,45.8632,46.0029,45.9867,45.7345,45.8453,35.2650,35.6542,30.5237,45.8865,32.8943,41.3594

7600.9270,45.8888,46.0112,45.9705,45.7493,45.8703,35.2408,35.6622,30.5242,45.8980,32.8825,41.3647

7601.9270,45.8889,46.0339,46.0358,45.7841,45.9324,35.2517,35.6306,30.5136,45.9350,32.8826,41.3839

7602.9280,45.8995,46.0649,46.0482,45.8109,45.9504,35.2782,35.6104,30.5374,45.9548,32.9078,41.4000

7603.9290,45.9445,46.0802,46.0709,45.7951,45.9661,35.2460,35.6141,30.5417,45.9713,32.8938,41.4073

7604.9270,45.9471,46.1114,46.1132,45.8425,45.9793,35.2490,35.6073,30.5438,45.9987,32.8964,41.4242

7605.9270,45.9582,46.1241,46.1259,45.8598,45.9961,35.2626,35.5830,30.5476,46.0128,32.9051,41.4322

7606.9270,46.0025,46.1514,46.1356,45.8881,46.0262,35.2526,35.5974,30.5394,46.0408,32.8960,41.4492

7607.9270,46.0243,46.1665,46.1763,45.9116,46.0465,35.2685,35.6030,30.5352,46.0650,32.9019,41.4665

7608.9270,46.0266,46.2004,46.1967,45.9491,46.0627,35.2802,35.5988,30.5060,46.0871,32.8931,41.4776

7609.9270,46.0802,46.2216,46.2155,45.9560,46.1006,35.2758,35.6215,30.5228,46.1148,32.8993,41.4993

7610.9270,46.0887,46.2588,46.2361,45.9871,46.1318,35.2628,35.6482,30.5346,46.1405,32.8987,41.5185

7611.9270,46.1173,46.2727,46.2606,45.9983,46.1410,35.2796,35.6837,30.5472,46.1580,32.9134,41.5376

7612.9280,46.1174,46.2989,46.2966,46.0473,46.1780,35.2707,35.7207,30.6403,46.1876,32.9555,41.5712

7613.9280,46.1433,46.3194,46.3194,46.0510,46.2100,35.2815,35.7258,30.8433,46.2086,33.0624,41.6117

7614.9270,46.1809,46.3479,46.3415,46.0893,46.2237,35.2717,35.7044,31.1153,46.2367,33.1935,41.6593

7615.9280,46.2021,46.3832,46.3744,46.1069,46.2483,35.2894,35.7122,31.4557,46.2630,33.3725,41.7215

7616.9280,46.2315,46.4343,46.3935,46.1461,46.2791,35.2905,35.7017,31.8178,46.2969,33.5542,41.7868

7617.9280,46.2369,46.4260,46.4075,46.1632,46.3129,35.2795,35.6968,32.2230,46.3093,33.7513,41.8432

7618.9280,46.2756,46.4425,46.4443,46.1593,46.3099,35.2962,35.7246,32.6295,46.3263,33.9629,41.9103

7619.9270,46.2850,46.4643,46.4847,46.1988,46.3508,35.2813,35.7458,32.9724,46.3567,34.1269,41.9729

7620.9270,46.3225,46.5260,46.4867,46.2285,46.3750,35.2686,35.7574,33.3394,46.3877,34.3040,42.0380

7621.9270,46.3375,46.5214,46.5302,46.2711,46.3898,35.2641,35.7885,33.6826,46.4100,34.4734,42.0981

7622.9270,46.3591,46.5588,46.5356,46.2715,46.4240,35.2982,35.8136,33.9964,46.4298,34.6473,42.1572

7623.9270,46.3771,46.5704,46.5704,46.3072,46.4559,35.2808,35.8070,34.3049,46.4562,34.7929,42.2092

7624.9270,46.4156,46.5858,46.5719,46.3504,46.4815,35.3173,35.8215,34.5803,46.4810,34.9488,42.2655

7625.9270,46.4280,46.6413,46.6261,46.3758,46.4935,35.3238,35.8555,34.8399,46.5130,35.0818,42.3230

7626.9270,46.4470,46.6467,46.6412,46.3974,46.5110,35.2985,35.8892,35.1006,46.5287,35.1995,42.3664

7627.9270,46.5035,46.6842,46.6693,46.4126,46.5503,35.2788,35.8807,35.3340,46.5640,35.3064,42.4142

7628.9280,46.5090,46.7134,46.7004,46.4340,46.5660,35.3348,35.9274,35.5710,46.5845,35.4529,42.4695

7629.9270,46.5413,46.7245,46.7093,46.4586,46.5902,35.2940,35.9156,35.7711,46.6048,35.5326,42.5006

7630.9280,46.5698,46.7679,46.7512,46.4788,46.6192,35.3134,35.8990,35.9705,46.6373,35.6420,42.5462

7631.9280,46.5799,46.7951,46.7812,46.4958,46.6348,35.3068,35.9073,36.1869,46.6573,35.7469,42.5860

7632.9270,46.5858,46.8063,46.7873,46.5361,46.6705,35.3095,35.8614,36.3873,46.6772,35.8484,42.6180

7633.9270,46.6272,46.8399,46.8163,46.5531,46.6963,35.3064,35.8733,36.5641,46.7066,35.9353,42.6596

7634.9280,46.6547,46.8583,46.8495,46.5697,46.7087,35.3042,35.8439,36.7315,46.7282,36.0179,42.6901

7635.9270,46.6784,46.8948,46.8943,46.6043,46.7461,35.2954,35.8366,36.8872,46.7636,36.0913,42.7296

7636.9270,46.7051,46.8940,46.9144,46.6424,46.7726,35.3125,35.8611,37.0458,46.7857,36.1791,42.7685

7637.9270,46.7342,46.9224,46.9252,46.6643,46.7987,35.2904,35.8451,37.1998,46.8090,36.2451,42.7975

7638.9270,46.7452,46.9608,46.9538,46.6745,46.8264,35.2982,35.8347,37.3267,46.8321,36.3125,42.8275

7639.9280,46.7915,46.9923,46.9775,46.7088,46.8454,35.3029,35.8604,37.4532,46.8631,36.3780,42.8665

7640.9270,46.8066,47.0226,47.0003,46.7349,46.8702,35.2882,35.8420,37.5912,46.8869,36.4397,42.8945

7641.9270,46.8381,47.0428,47.0299,46.7496,46.8974,35.3032,35.8575,37.7019,46.9116,36.5026,42.9275

7642.9280,46.8657,47.0568,47.0809,46.7835,46.9132,35.2965,35.8689,37.8254,46.9400,36.5609,42.9614

7643.9270,46.8896,47.0886,47.0890,46.8079,46.9431,35.2995,35.8720,37.9344,46.9636,36.6170,42.9905

7644.9270,46.9025,47.1124,47.1203,46.8461,46.9730,35.2925,35.8439,38.0114,46.9909,36.6519,43.0128

7645.9280,46.9376,47.1405,47.1489,46.8473,47.0113,35.2900,35.8742,38.1349,47.0171,36.7124,43.0481

7646.9270,46.9398,47.1671,47.1574,46.8762,47.0171,35.3128,35.8914,38.2053,47.0315,36.7591,43.0709

7647.9270,46.9511,47.1929,47.1924,46.9178,47.0368,35.3102,35.9004,38.2960,47.0582,36.8031,43.0997

7648.9270,46.9814,47.2149,47.2010,46.9184,47.0699,35.3000,35.8936,38.3885,47.0771,36.8443,43.1210

7649.9280,47.0354,47.2425,47.2411,46.9382,47.0994,35.2957,35.8990,38.4797,47.1113,36.8877,43.1539

7650.9270,47.0789,47.2760,47.2584,46.9948,47.1199,35.2723,35.8901,38.5534,47.1456,36.9129,43.1805

7651.9270,47.0645,47.2944,47.2944,46.9948,47.1236,35.3031,35.8957,38.6341,47.1544,36.9686,43.2006

7652.9270,47.0878,47.3118,47.3159,47.0311,47.1617,35.3051,35.8859,38.7064,47.1817,37.0057,43.2257

7653.9270,47.0968,47.3495,47.3245,47.0419,47.1920,35.2823,35.9161,38.7845,47.2009,37.0334,43.2485

7654.9270,47.1304,47.3819,47.3680,47.0675,47.2245,35.2611,35.8981,38.8380,47.2344,37.0495,43.2712

7655.9270,47.1673,47.3847,47.3824,47.0985,47.2435,35.2637,35.9092,38.9040,47.2553,37.0839,43.2942

7656.9270,47.1909,47.4201,47.4021,47.1261,47.2863,35.2726,35.9269,38.9781,47.2851,37.1254,43.3254

7657.9270,47.2294,47.4311,47.4380,47.1440,47.2912,35.2638,35.9396,39.0393,47.3067,37.1515,43.3471

7658.9270,47.2534,47.4702,47.4587,47.1646,47.3160,35.2567,35.9446,39.1147,47.3326,37.1857,43.3724

7659.9270,47.2515,47.4928,47.4812,47.1987,47.3288,35.2656,35.9096,39.1469,47.3506,37.2062,43.3844

7660.9270,47.3046,47.5251,47.5265,47.2194,47.3593,35.2621,35.9389,39.2078,47.3870,37.2350,43.4180

7661.9270,47.3140,47.5227,47.5236,47.2323,47.3791,35.2763,35.9278,39.2578,47.3944,37.2671,43.4292

7662.9270,47.3453,47.5652,47.5411,47.2748,47.3971,35.2583,35.9145,39.3419,47.4247,37.3001,43.4548

7663.9270,47.3656,47.5885,47.5890,47.3079,47.4371,35.2564,35.9032,39.3834,47.4577,37.3199,43.4789

7664.9270,47.4007,47.6134,47.5903,47.3157,47.4537,35.2511,35.8788,39.4215,47.4748,37.3363,43.4907

7665.9270,47.3898,47.6313,47.6586,47.3201,47.4836,35.2804,35.8767,39.4996,47.4967,37.3900,43.5175

7666.9280,47.4341,47.6471,47.6328,47.3878,47.4906,35.2797,35.8709,39.5209,47.5185,37.4003,43.5330

7667.9270,47.4579,47.6750,47.6657,47.3967,47.5162,35.2762,35.8748,39.5830,47.5423,37.4296,43.5557

7668.9280,47.4887,47.7073,47.7008,47.4123,47.5424,35.2596,35.9087,39.6406,47.5703,37.4501,43.5826

7669.9270,47.5102,47.7257,47.7465,47.4271,47.5808,35.2724,35.9024,39.6869,47.5981,37.4796,43.6065

7670.9280,47.5303,47.7388,47.7347,47.4782,47.6009,35.2669,35.8754,39.7397,47.6166,37.5033,43.6206

7671.9270,47.5659,47.7792,47.7741,47.5093,47.6149,35.2781,35.8777,39.8049,47.6487,37.5415,43.6505

7672.9270,47.5747,47.7953,47.8073,47.5009,47.6629,35.2833,35.8717,39.8362,47.6682,37.5597,43.6665

7673.9280,47.6066,47.8256,47.8320,47.5552,47.6904,35.2491,35.9057,39.8831,47.7020,37.5661,43.6935

7674.9270,47.6437,47.8469,47.8455,47.5576,47.6812,35.2678,35.9217,39.9344,47.7150,37.6011,43.7124

7675.9270,47.6630,47.8868,47.8887,47.5859,47.7165,35.2724,35.9066,39.9539,47.7482,37.6131,43.7342

7676.9280,47.6657,47.9175,47.9142,47.6055,47.7606,35.2667,35.9033,40.0312,47.7727,37.6490,43.7581

7677.9270,47.6988,47.9346,47.9129,47.6268,47.7953,35.2754,35.9189,40.0719,47.7937,37.6736,43.7793

7678.9270,47.7095,47.9545,47.9554,47.6638,47.7911,35.2904,35.9311,40.1195,47.8148,37.7049,43.8019

7679.9270,47.7614,48.0034,47.9752,47.6789,47.8345,35.2661,35.9288,40.1610,47.8507,37.7135,43.8262

7680.9270,47.7706,47.9999,47.9985,47.7185,47.8370,35.2641,35.9512,40.2028,47.8649,37.7335,43.8428

7681.9270,47.7929,48.0316,48.0191,47.7307,47.8687,35.2619,36.0046,40.2448,47.8886,37.7533,43.8693

7682.9270,47.8223,48.0632,48.0484,47.7637,47.8790,35.2780,36.0324,40.2814,47.9153,37.7797,43.8960

7683.9280,47.8464,48.0889,48.0917,47.7668,47.9140,35.2626,36.0684,40.3200,47.9416,37.7913,43.9199

7684.9270,47.8669,48.0998,48.0901,47.8063,47.9554,35.2619,36.1070,40.3775,47.9637,37.8197,43.9456

7685.9270,47.8936,48.1227,48.1301,47.8214,47.9588,35.2453,36.1128,40.4141,47.9853,37.8297,43.9623

7686.9270,47.9316,48.1512,48.1443,47.8406,47.9952,35.2669,36.1297,40.4463,48.0126,37.8566,43.9882

7687.9280,47.9337,48.1650,48.1738,47.8827,48.0248,35.2540,36.1197,40.4880,48.0360,37.8710,44.0052

7688.9270,47.9510,48.2038,48.2265,47.9002,48.0298,35.2322,36.0838,40.5352,48.0623,37.8837,44.0203

7689.9270,47.9935,48.2151,48.2239,47.9184,48.0675,35.2593,36.0917,40.5686,48.0837,37.9140,44.0422

7690.9270,48.0244,48.2679,48.2688,47.9490,48.0980,35.2470,36.0920,40.6258,48.1216,37.9364,44.0716

7691.9270,48.0442,48.2839,48.2751,47.9836,48.1085,35.2497,36.0672,40.6266,48.1391,37.9381,44.0798

7692.9280,48.0740,48.2855,48.2984,47.9934,48.1429,35.2359,36.0627,40.6995,48.1589,37.9677,44.0991

7693.9280,48.0636,48.3108,48.3187,48.0188,48.1581,35.2487,36.0545,40.7420,48.1740,37.9954,44.1144

7694.9270,48.1148,48.3327,48.3466,48.0425,48.1874,35.2327,36.0614,40.7889,48.2048,38.0108,44.1384

7695.9270,48.1425,48.3762,48.3558,48.0698,48.2239,35.2560,36.0384,40.7777,48.2337,38.0168,44.1550

7696.9270,48.1694,48.3888,48.3930,48.0922,48.2213,35.2504,36.0315,40.8406,48.2529,38.0455,44.1734

7697.9270,48.1843,48.4137,48.4193,48.1088,48.2476,35.2660,36.0615,40.8718,48.2747,38.0689,44.1966

7698.9270,48.2162,48.4618,48.4442,48.1337,48.2901,35.2397,36.0451,40.9198,48.3092,38.0798,44.2188

7699.9270,48.2453,48.4783,48.4621,48.1711,48.3048,35.2522,36.0328,40.9522,48.3323,38.1022,44.2374

7700.9270,48.2573,48.4813,48.4836,48.1860,48.3360,35.2607,36.0328,40.9783,48.3488,38.1195,44.2520

7701.9280,48.2777,48.5078,48.4990,48.2255,48.3357,35.2593,36.0090,41.0183,48.3691,38.1388,44.2665

7702.9280,48.3197,48.5350,48.5304,48.2370,48.3767,35.2658,36.0299,41.0778,48.3998,38.1718,44.2965

7703.9270,48.3203,48.5479,48.5766,48.2799,48.3915,35.2579,36.0478,41.1064,48.4232,38.1821,44.3160

7704.9280,48.3593,48.5835,48.5867,48.2767,48.4160,35.2557,36.0428,41.1265,48.4444,38.1911,44.3309

7705.9270,48.3815,48.6343,48.6186,48.2998,48.4654,35.2525,36.0475,41.1628,48.4799,38.2077,44.3578

7706.9280,48.3877,48.6376,48.6381,48.3406,48.4655,35.2367,36.0415,41.1983,48.4939,38.2175,44.3682

7707.9280,48.4254,48.6531,48.6457,48.3533,48.5125,35.2430,36.0305,41.2288,48.5180,38.2359,44.3865

7708.9270,48.4419,48.6967,48.6708,48.3788,48.5213,35.2442,36.0468,41.2682,48.5419,38.2562,44.4086

7709.9270,48.4651,48.7121,48.7107,48.3799,48.5418,35.2523,36.0375,41.3032,48.5619,38.2777,44.4253

7710.9270,48.4997,48.7387,48.7401,48.4273,48.5430,35.2433,36.0131,41.3524,48.5898,38.2978,44.4447

7711.9270,48.5027,48.7407,48.7690,48.4534,48.5862,35.2510,36.0180,41.3643,48.6104,38.3076,44.4607

7712.9270,48.5429,48.7775,48.7724,48.4707,48.6105,35.2607,35.9950,41.4111,48.6348,38.3359,44.4801

7713.9270,48.5602,48.8009,48.8143,48.5103,48.6265,35.2610,36.0247,41.4379,48.6624,38.3494,44.5045

7714.9270,48.5663,48.7938,48.8400,48.5213,48.6702,35.2550,36.0547,41.4910,48.6783,38.3730,44.5240

7715.9270,48.6142,48.8511,48.8576,48.5384,48.7040,35.2669,36.0890,41.5126,48.7130,38.3898,44.5542

7716.9270,48.6340,48.8429,48.8720,48.5588,48.7069,35.2635,36.0871,41.5368,48.7229,38.4002,44.5627

7717.9270,48.6752,48.9052,48.9070,48.6003,48.7211,35.2561,36.1002,41.5606,48.7618,38.4083,44.5907

7718.9270,48.6814,48.9238,48.9067,48.6056,48.7596,35.2529,36.1139,41.5853,48.7754,38.4191,44.6037

7719.9280,48.7198,48.9438,48.9664,48.6250,48.7786,35.2610,36.1336,41.6435,48.8067,38.4523,44.6340

7720.9270,48.7353,48.9666,48.9750,48.6400,48.7673,35.2350,36.1465,41.6722,48.8168,38.4536,44.6422

7721.9270,48.7520,48.9895,48.9849,48.6611,48.8045,35.2262,36.1292,41.7090,48.8384,38.4676,44.6570

7722.9270,48.7787,49.0145,49.0075,48.6985,48.8419,35.2517,36.1211,41.7413,48.8682,38.4965,44.6819

7723.9270,48.8028,49.0305,49.0333,48.7247,48.8686,35.2499,36.1109,41.7796,48.8920,38.5147,44.7000

7724.9280,48.8208,49.0423,49.0566,48.7490,48.8993,35.2527,36.0776,41.8116,48.9136,38.5321,44.7137

7725.9270,48.8443,49.1006,49.0807,48.7625,48.9193,35.2573,36.0790,41.8553,48.9415,38.5563,44.7374

7726.9270,48.8716,49.0855,49.1137,48.8011,48.9482,35.2643,36.0771,41.8701,48.9640,38.5672,44.7539

7727.9270,48.8886,49.1427,49.1173,48.8259,48.9508,35.2548,36.0512,41.9318,48.9850,38.5933,44.7704

7728.9270,48.9174,49.1607,49.1626,48.8476,48.9813,35.2558,36.0514,41.9282,49.0139,38.5920,44.7881

7729.9270,48.9275,49.1806,49.1626,48.8647,49.0248,35.2778,36.0798,41.9896,49.0320,38.6337,44.8134

7730.9270,48.9401,49.2093,49.2204,48.8915,49.0090,35.2503,36.1160,41.9939,49.0541,38.6221,44.8288

7731.9270,49.0045,49.2296,49.2213,48.9248,49.0460,35.2827,36.1591,42.0424,49.0852,38.6625,44.8638

7732.9280,49.0001,49.2536,49.2462,48.9488,49.0723,35.2824,36.1915,42.0588,49.1042,38.6706,44.8817

7733.9280,49.0287,49.2676,49.2843,48.9716,49.1039,35.2749,36.2097,42.0829,49.1312,38.6789,44.9029

7734.9280,49.0761,49.2824,49.3143,48.9647,49.1335,35.2681,36.2716,42.1246,49.1542,38.6963,44.9294

7735.9270,49.0652,49.3180,49.2986,48.9910,49.1511,35.2810,36.3050,42.1611,49.1648,38.7210,44.9464

7736.9280,49.1034,49.3462,49.3453,49.0179,49.1775,35.2677,36.3146,42.1906,49.1981,38.7291,44.9704

7737.9270,49.1168,49.3738,49.3780,49.0399,49.1962,35.2686,36.3263,42.2501,49.2209,38.7593,44.9937

7738.9270,49.1512,49.3982,49.3783,49.0625,49.2123,35.2869,36.2914,42.2446,49.2405,38.7658,45.0032

7739.9270,49.1606,49.4153,49.4052,49.0865,49.2475,35.2815,36.2902,42.2942,49.2630,38.7878,45.0226

7740.9270,49.1944,49.4302,49.4440,49.1240,49.2614,35.2684,36.2855,42.2964,49.2908,38.7824,45.0380

7741.9270,49.2283,49.4630,49.4570,49.1480,49.3030,35.3032,36.2763,42.3505,49.3198,38.8268,45.0661

7742.9270,49.2296,49.4820,49.4806,49.1791,49.2934,35.3083,36.2791,42.3738,49.3330,38.8410,45.0782

7743.9270,49.2508,49.5082,49.5114,49.1882,49.3399,35.3068,36.2977,42.4067,49.3597,38.8567,45.1012

7744.9280,49.2669,49.5319,49.5296,49.2170,49.3525,35.3174,36.3125,42.4377,49.3796,38.8776,45.1207

7745.9270,49.3148,49.5518,49.5569,49.2351,49.3553,35.3229,36.2852,42.4775,49.4028,38.9002,45.1374

7746.9270,49.3322,49.5791,49.5805,49.2633,49.3937,35.3119,36.2859,42.5061,49.4297,38.9090,45.1566

7747.9270,49.3392,49.6085,49.6122,49.2751,49.3958,35.3344,36.2701,42.5322,49.4461,38.9333,45.1709

7748.9270,49.3730,49.6191,49.6264,49.3125,49.4447,35.3233,36.2791,42.5611,49.4751,38.9422,45.1924

7749.9280,49.3831,49.6575,49.6557,49.3357,49.4647,35.3279,36.2856,42.5927,49.4993,38.9603,45.2129

7750.9270,49.4198,49.6703,49.6689,49.3559,49.4761,35.3187,36.2852,42.6281,49.5182,38.9734,45.2279

7751.9280,49.4413,49.7011,49.7067,49.3765,49.5176,35.3236,36.3079,42.6534,49.5486,38.9885,45.2535

7752.9270,49.4792,49.7229,49.7215,49.3974,49.5495,35.3208,36.3298,42.6776,49.5741,38.9992,45.2748

7753.9270,49.4831,49.7244,49.7439,49.4147,49.5427,35.3486,36.3563,42.7052,49.5818,39.0269,45.2899

7754.9270,49.5362,49.7653,49.7556,49.4426,49.5966,35.3719,36.4230,42.7531,49.6193,39.0625,45.3305

7755.9280,49.5452,49.7657,49.7865,49.4522,49.6140,35.3520,36.4863,42.7723,49.6327,39.0621,45.3467

7756.9270,49.5566,49.8105,49.8137,49.4873,49.6445,35.3593,36.5417,42.8121,49.6625,39.0857,45.3782

7757.9270,49.5921,49.8374,49.8360,49.5143,49.6775,35.3559,36.5846,42.8259,49.6915,39.0909,45.4030

7758.9270,49.6104,49.8390,49.8736,49.5251,49.6781,35.3558,36.5836,42.8514,49.7052,39.1036,45.4146

7759.9280,49.6250,49.8782,49.8809,49.5527,49.7053,35.3719,36.5968,42.8934,49.7284,39.1326,45.4380

7760.9270,49.6542,49.9040,49.9101,49.5744,49.7335,35.3687,36.5717,42.9241,49.7552,39.1464,45.4551

7761.9280,49.6835,49.9185,49.9315,49.5912,49.7493,35.3745,36.5625,42.9476,49.7748,39.1610,45.4698

7762.9270,49.7025,49.9667,49.9520,49.6450,49.7758,35.3783,36.5434,42.9787,49.8084,39.1785,45.4928

7763.9280,49.7274,49.9743,49.9734,49.6461,49.7838,35.3886,36.5448,43.0205,49.8210,39.2046,45.5074

7764.9280,49.7351,49.9978,49.9973,49.6673,49.8106,35.3884,36.5488,43.0347,49.8416,39.2115,45.5225

7765.9270,49.7756,50.0174,50.0146,49.6702,49.8329,35.4003,36.5575,43.0824,49.8621,39.2413,45.5438

7766.9270,49.8027,50.0456,50.0571,49.6905,49.8644,35.4058,36.5148,43.0841,49.8921,39.2450,45.5581

7767.9270,49.8166,50.0675,50.0749,49.7388,49.8719,35.4386,36.5186,43.1255,49.9139,39.2820,45.5815

7768.9270,49.8214,50.0935,50.1055,49.7556,49.8850,35.4069,36.4982,43.1614,49.9322,39.2842,45.5909

7769.9280,49.8466,50.0921,50.1129,49.7801,49.9317,35.4296,36.4867,43.2026,49.9527,39.3161,45.6103

7770.9270,49.9006,50.1397,50.1332,49.8134,49.9428,35.4333,36.4474,43.2285,49.9859,39.3309,45.6299

7771.9270,49.8971,50.1410,50.1604,49.8189,49.9469,35.4578,36.4635,43.2543,49.9929,39.3560,45.6425

7772.9270,49.9301,50.1753,50.1984,49.8555,50.0094,35.4412,36.4464,43.2744,50.0337,39.3578,45.6663

7773.9270,49.9517,50.2021,50.2233,49.8901,50.0075,35.4335,36.4178,43.2966,50.0549,39.3651,45.6778

7774.9270,49.9632,50.2412,50.2287,49.8904,50.0244,35.4400,36.4046,43.3448,50.0696,39.3924,45.6921

7775.9270,49.9915,50.2383,50.2549,49.9217,50.0548,35.4589,36.4290,43.3533,50.0922,39.4061,45.7128

7776.9270,50.0192,50.2785,50.2605,49.9490,50.0909,35.4485,36.4224,43.3700,50.1196,39.4093,45.7299

7777.9270,50.0355,50.2923,50.3168,49.9572,50.1172,35.4393,36.4053,43.4045,50.1438,39.4219,45.7460

7778.9270,50.0610,50.2971,50.3322,49.9994,50.1182,35.4497,36.4371,43.4343,50.1616,39.4420,45.7661

7779.9270,50.0828,50.3350,50.3285,50.0096,50.1672,35.4600,36.4250,43.4766,50.1846,39.4683,45.7856

7780.9280,50.1134,50.3654,50.3682,50.0123,50.1745,35.4555,36.4308,43.4907,50.2068,39.4731,45.8014

7781.9280,50.1330,50.3811,50.4069,50.0677,50.1911,35.4874,36.4305,43.5429,50.2360,39.5151,45.8301

7782.9270,50.1465,50.4084,50.4060,50.0886,50.2184,35.4702,36.4633,43.5527,50.2536,39.5115,45.8443

7783.9270,50.1674,50.4255,50.4347,50.0937,50.2434,35.5003,36.4723,43.5970,50.2730,39.5486,45.8668

7784.9280,50.2026,50.4589,50.4580,50.1377,50.2607,35.4901,36.4883,43.6370,50.3036,39.5636,45.8917

7785.9270,50.2032,50.4692,50.4747,50.1277,50.2964,35.5164,36.5263,43.6283,50.3142,39.5724,45.9053

7786.9280,50.2398,50.4925,50.5114,50.1801,50.3137,35.5151,36.5464,43.6790,50.3475,39.5970,45.9347

7787.9270,50.2800,50.5213,50.5320,50.2071,50.3300,35.5226,36.5740,43.7031,50.3741,39.6129,45.9588

7788.9270,50.3059,50.5372,50.5478,50.2105,50.3260,35.5399,36.5806,43.7454,50.3855,39.6427,45.9742

7789.9270,50.3254,50.5612,50.5802,50.2318,50.3713,35.5587,36.5764,43.7557,50.4140,39.6572,45.9951

7790.9270,50.3211,50.5897,50.5846,50.2589,50.4044,35.5487,36.5702,43.7862,50.4318,39.6674,46.0080

7791.9270,50.3487,50.6039,50.6182,50.2615,50.4200,35.5449,36.6108,43.8024,50.4505,39.6736,46.0263

7792.9270,50.3867,50.6448,50.6379,50.3089,50.4406,35.5684,36.6216,43.8522,50.4838,39.7103,46.0577

7793.9270,50.3971,50.6390,50.6663,50.3091,50.4671,35.5615,36.6526,43.8639,50.4957,39.7127,46.0696

7794.9270,50.4158,50.6890,50.6853,50.3453,50.4700,35.5669,36.6800,43.9018,50.5211,39.7344,46.0943

7795.9270,50.4312,50.7072,50.6892,50.3643,50.5108,35.5737,36.6746,43.9261,50.5406,39.7499,46.1096

7796.9270,50.4612,50.7211,50.7285,50.4070,50.5257,35.5638,36.6820,43.9423,50.5687,39.7531,46.1290

7797.9270,50.4866,50.7638,50.7587,50.4182,50.5573,35.5624,36.6600,43.9873,50.5969,39.7749,46.1493

7798.9270,50.5078,50.7799,50.7818,50.4445,50.5623,35.5651,36.6263,44.0193,50.6153,39.7922,46.1609

7799.9270,50.5315,50.8058,50.7994,50.4741,50.6035,35.5807,36.6157,44.0525,50.6429,39.8166,46.1829

7800.9280,50.5618,50.8003,50.8063,50.4852,50.6040,35.6076,36.6207,44.0448,50.6515,39.8262,46.1913

7801.9280,50.5851,50.8323,50.8471,50.5126,50.6549,35.5938,36.6115,44.0965,50.6864,39.8452,46.2167

7802.9280,50.6094,50.8592,50.8532,50.5238,50.6606,35.5871,36.5959,44.1335,50.7013,39.8603,46.2279

7803.9290,50.6214,50.8799,50.8762,50.5464,50.7196,35.5814,36.6047,44.1580,50.7287,39.8697,46.2485

7804.9270,50.6611,50.9012,50.9261,50.5718,50.7224,35.5847,36.6118,44.1697,50.7565,39.8772,46.2686

7805.9270,50.6459,50.9266,50.9358,50.5676,50.7266,35.5800,36.5945,44.1771,50.7605,39.8786,46.2693

7806.9280,50.6945,50.9432,50.9612,50.6069,50.7557,35.5942,36.5815,44.2334,50.7923,39.9138,46.2963

7807.9270,50.7036,50.9782,50.9819,50.6423,50.7740,35.6020,36.5641,44.2453,50.8160,39.9236,46.3114

7808.9270,50.7348,51.0037,50.9968,50.6531,50.7931,35.5975,36.5662,44.2767,50.8363,39.9371,46.3277

7809.9270,50.7585,51.0016,51.0242,50.6889,50.8233,35.5963,36.5415,44.3093,50.8593,39.9528,46.3430

7810.9270,50.7990,51.0583,51.0486,50.7054,50.8361,35.5666,36.5171,44.3435,50.8895,39.9550,46.3593

7811.9270,50.8135,51.0686,51.0663,50.7291,50.8857,35.5888,36.4859,44.3599,50.9126,39.9743,46.3747

7812.9270,50.8188,51.0767,51.0951,50.7371,50.8887,35.6166,36.5198,44.3861,50.9233,40.0014,46.3924

7813.9270,50.8423,51.1100,51.1211,50.7751,50.9142,35.6133,36.5422,44.4010,50.9526,40.0072,46.4149

7814.9270,50.8644,51.1294,51.1469,50.8199,50.9451,35.6282,36.5426,44.4394,50.9811,40.0338,46.4395

7815.9280,50.8970,51.1459,51.1491,50.8068,50.9625,35.6172,36.5344,44.4740,50.9922,40.0456,46.4484

7816.9270,50.8887,51.1719,51.1737,50.8310,50.9834,35.6088,36.5405,44.4916,51.0097,40.0502,46.4612

7817.9270,50.9226,51.2007,51.2316,50.8348,50.9845,35.6376,36.5319,44.5253,51.0349,40.0814,46.4836

7818.9270,50.9508,51.2194,51.2222,50.8674,51.0180,35.6446,36.5132,44.5592,51.0556,40.1019,46.4994

7819.9270,50.9773,51.2432,51.2543,50.9005,51.0561,35.6246,36.5311,44.5806,51.0863,40.1026,46.5210

7820.9270,51.0026,51.2592,51.2772,50.9248,51.0818,35.6409,36.5114,44.6019,51.1091,40.1214,46.5375

7821.9270,51.0254,51.2755,51.2916,50.9637,51.0861,35.6463,36.5111,44.6285,51.1285,40.1374,46.5535

7822.9270,51.0462,51.2873,51.3127,50.9690,51.1201,35.6551,36.5186,44.6689,51.1470,40.1620,46.5722

7823.9270,51.0695,51.3266,51.3289,50.9770,51.1248,35.6530,36.5212,44.6807,51.1654,40.1669,46.5852

7824.9270,51.0899,51.3761,51.3664,51.0126,51.1674,35.6568,36.5389,44.7155,51.2025,40.1862,46.6155

7825.9270,51.1174,51.3620,51.3800,51.0415,51.1777,35.6725,36.5612,44.7256,51.2157,40.1991,46.6297

7826.9270,51.1243,51.3980,51.4257,51.0595,51.1981,35.6537,36.5396,44.7696,51.2411,40.2116,46.6461

7827.9280,51.1410,51.4219,51.4348,51.0926,51.2367,35.6627,36.5734,44.7929,51.2654,40.2278,46.6695

7828.9280,51.1611,51.4392,51.4396,51.1034,51.2239,35.6657,36.5474,44.7991,51.2734,40.2324,46.6724

7829.9270,51.1796,51.4657,51.4657,51.1179,51.2528,35.6677,36.5559,44.8303,51.2963,40.2490,46.6919

7830.9270,51.2163,51.4993,51.5127,51.1432,51.2975,35.6506,36.5397,44.8648,51.3338,40.2577,46.7155

7831.9280,51.2342,51.4997,51.5103,51.1681,51.3122,35.6495,36.5438,44.8953,51.3449,40.2724,46.7266

7832.9280,51.2513,51.5372,51.5441,51.1964,51.3368,35.6496,36.5350,44.9450,51.3732,40.2973,46.7494

7833.9270,51.2681,51.5649,51.5492,51.2186,51.3368,35.6666,36.5338,44.9489,51.3875,40.3077,46.7609

7834.9270,51.3017,51.5804,51.5711,51.2188,51.3735,35.6702,36.5546,44.9873,51.4091,40.3287,46.7822

7835.9270,51.3291,51.5908,51.6139,51.2555,51.3908,35.6750,36.5225,44.9920,51.4360,40.3335,46.7962

7836.9270,51.3499,51.6210,51.6330,51.2779,51.4104,35.6839,36.5137,45.0324,51.4584,40.3582,46.8153

7837.9280,51.3786,51.6487,51.6534,51.3117,51.4350,35.6803,36.5133,45.0631,51.4855,40.3717,46.8355

7838.9280,51.3833,51.6696,51.6770,51.2988,51.4581,35.6752,36.5223,45.0702,51.4974,40.3727,46.8443

7839.9270,51.4432,51.6909,51.7020,51.3423,51.4997,35.6844,36.5268,45.0965,51.5356,40.3905,46.8732

7840.9270,51.4560,51.6826,51.7200,51.3871,51.5113,35.6931,36.5430,45.1362,51.5514,40.4147,46.8911

7841.9270,51.4702,51.7338,51.7130,51.3833,51.5546,35.7146,36.5766,45.1477,51.5710,40.4311,46.9117

7842.9270,51.4800,51.7778,51.7648,51.4112,51.5441,35.7100,36.6248,45.1799,51.5956,40.4449,46.9366

7843.9270,51.5089,51.7820,51.7714,51.4311,51.5816,35.7088,36.6250,45.2074,51.6150,40.4581,46.9520

7844.9270,51.5460,51.7809,51.8030,51.4420,51.5902,35.7165,36.5860,45.2350,51.6324,40.4757,46.9624

7845.9270,51.5481,51.8115,51.8309,51.4925,51.6038,35.7355,36.5404,45.2622,51.6574,40.4988,46.9781

7846.9280,51.5588,51.8455,51.8616,51.5038,51.6345,35.7421,36.5031,45.2798,51.6808,40.5109,46.9911

7847.9280,51.5598,51.8471,51.8706,51.5142,51.6439,35.7403,36.5318,45.2990,51.6871,40.5197,47.0008

7848.9270,51.6031,51.8875,51.8972,51.5121,51.6548,35.7547,36.5148,45.3467,51.7109,40.5507,47.0214

7849.9270,51.6312,51.9050,51.8866,51.5634,51.6996,35.7663,36.4965,45.3544,51.7371,40.5603,47.0379

7850.9270,51.6740,51.9338,51.9426,51.5820,51.7376,35.7656,36.4986,45.3872,51.7740,40.5764,47.0652

7851.9270,51.6690,51.9563,51.9651,51.5999,51.7453,35.7943,36.4582,45.4221,51.7871,40.6082,47.0763

7852.9270,51.6841,51.9795,51.9689,51.6153,51.7431,35.7914,36.4402,45.4270,51.7982,40.6092,47.0812

7853.9270,51.7125,51.9738,52.0006,51.6521,51.8030,35.7865,36.4003,45.4705,51.8284,40.6285,47.0999

7854.9270,51.7545,52.0182,52.0247,51.6581,51.7943,35.7907,36.4138,45.4755,51.8500,40.6331,47.1162

7855.9270,51.7479,52.0327,52.0480,51.6916,51.8149,35.7994,36.4684,45.5153,51.8670,40.6573,47.1398

7856.9270,51.7779,52.0684,52.0643,51.7093,51.8362,35.8130,36.5296,45.5468,51.8912,40.6799,47.1682

7857.9280,51.7956,52.0796,52.0791,51.7297,51.8682,35.8080,36.6059,45.5808,51.9104,40.6944,47.1934

7858.9280,51.8166,52.1017,52.1073,51.7421,51.9046,35.8213,36.6515,45.5940,51.9345,40.7077,47.2174

7859.9270,51.8341,52.1224,52.1275,51.7799,51.9133,35.8105,36.6449,45.6200,51.9555,40.7152,47.2316

7860.9280,51.8740,52.1577,52.1512,51.8124,51.9241,35.8392,36.6623,45.6502,51.9839,40.7447,47.2589

7861.9270,51.8883,52.1679,52.1859,51.8217,51.9570,35.8261,36.6889,45.6762,52.0042,40.7511,47.2765

7862.9270,51.9099,52.1763,52.1993,51.8296,51.9930,35.8186,36.7001,45.6901,52.0216,40.7543,47.2896

7863.9280,51.9529,52.2151,52.2124,51.8611,52.0023,35.8537,36.7067,45.7272,52.0488,40.7904,47.3164

7864.9290,51.9497,52.2377,52.2359,51.8814,52.0217,35.8603,36.7011,45.7430,52.0653,40.8016,47.3289

7865.9270,51.9643,52.2579,52.2718,51.9099,52.0221,35.8634,36.6641,45.7595,52.0852,40.8115,47.3391

7866.9270,52.0194,52.2826,52.2752,51.9036,52.0606,35.8808,36.6591,45.7843,52.1083,40.8325,47.3582

7867.9270,51.9970,52.3189,52.3069,51.9381,52.0696,35.8731,36.6261,45.8164,52.1261,40.8448,47.3683

7868.9270,52.0486,52.3089,52.3269,51.9710,52.0919,35.8776,36.6124,45.8497,52.1494,40.8637,47.3859

7869.9280,52.0553,52.3420,52.3628,51.9945,52.1334,35.8877,36.5664,45.8597,52.1776,40.8737,47.4002

7870.9270,52.0972,52.3609,52.3909,52.0180,52.1389,35.8961,36.5411,45.8837,52.2012,40.8899,47.4158

7871.9270,52.1004,52.3903,52.4106,52.0164,52.1987,35.9063,36.5121,45.9203,52.2233,40.9133,47.4319

7872.9270,52.1234,52.4085,52.4233,52.0495,52.1898,35.9282,36.4900,45.9341,52.2389,40.9311,47.4433

7873.9270,52.1462,52.4377,52.4382,52.0560,52.2176,35.9176,36.4734,45.9797,52.2591,40.9487,47.4583

7874.9270,52.1612,52.4507,52.4419,52.1193,52.2453,35.9417,36.4759,45.9897,52.2837,40.9657,47.4782

7875.9270,52.1910,52.4751,52.4788,52.1201,52.2498,35.9630,36.4799,46.0242,52.3030,40.9936,47.4977

7876.9270,52.2276,52.5182,52.4919,52.1360,52.2685,35.9425,36.5147,46.0443,52.3284,40.9934,47.5180

7877.9270,52.2350,52.5278,52.5107,52.1424,52.3067,35.9575,36.6123,46.0684,52.3445,41.0130,47.5451

7878.9270,52.2758,52.5364,52.5424,52.1778,52.3218,35.9423,36.6443,46.0830,52.3709,41.0126,47.5655

7879.9270,52.2915,52.5566,52.5594,52.1893,52.3494,35.9680,36.6546,46.1196,52.3892,41.0438,47.5860

7880.9270,52.2792,52.5804,52.5753,52.2333,52.3561,35.9752,36.6436,46.1198,52.4049,41.0475,47.5954

7881.9270,52.3260,52.6060,52.6139,52.2447,52.3818,36.0002,36.6615,46.1622,52.4345,41.0812,47.6245

7882.9270,52.3488,52.6181,52.6214,52.2582,52.4215,35.9863,36.6411,46.1920,52.4536,41.0891,47.6359

7883.9270,52.3520,52.6380,52.6435,52.2992,52.4252,35.9891,36.6355,46.2124,52.4716,41.1008,47.6494

7884.9270,52.3797,52.6535,52.6609,52.3028,52.4408,35.9830,36.6299,46.2203,52.4876,41.1017,47.6589

7885.9270,52.4067,52.6762,52.7066,52.3208,52.4648,35.9908,36.6171,46.2669,52.5150,41.1288,47.6812

7886.9280,52.4209,52.6947,52.7260,52.3555,52.4861,35.9958,36.6281,46.2764,52.5366,41.1361,47.6979

7887.9270,52.4286,52.7542,52.7302,52.3851,52.4986,36.0303,36.6771,46.3144,52.5594,41.1723,47.7273

7888.9270,52.4570,52.7532,52.7629,52.4066,52.5294,36.0309,36.7091,46.3521,52.5818,41.1915,47.7501

7889.9270,52.4910,52.7686,52.7801,52.4262,52.5300,36.0294,36.7520,46.3641,52.5992,41.1967,47.7677

7890.9270,52.4964,52.7922,52.8051,52.4216,52.5730,36.0470,36.7845,46.3912,52.6177,41.2191,47.7889

7891.9270,52.5439,52.8239,52.8304,52.4631,52.5941,36.0353,36.8452,46.4097,52.6511,41.2225,47.8182

7892.9280,52.5596,52.8350,52.8479,52.4654,52.6121,36.0526,36.8634,46.4315,52.6640,41.2420,47.8334

7893.9280,52.5606,52.8503,52.8650,52.4950,52.6394,36.0606,36.9088,46.4575,52.6821,41.2590,47.8546

7894.9270,52.5975,52.8741,52.8700,52.5276,52.6573,36.0480,36.9154,46.4756,52.7053,41.2618,47.8707

7895.9270,52.6097,52.9108,52.9140,52.5592,52.6760,36.0785,36.9379,46.5240,52.7339,41.3013,47.9013

7896.9280,52.6192,52.9288,52.9408,52.5731,52.6986,36.0807,36.9270,46.5373,52.7521,41.3090,47.9132

7897.9270,52.6646,52.9322,52.9516,52.5723,52.7361,36.0785,36.9197,46.5624,52.7714,41.3205,47.9272

7898.9270,52.6846,52.9516,52.9770,52.5922,52.7357,36.0974,36.9176,46.6062,52.7882,41.3518,47.9453

7899.9270,52.6865,53.0019,52.9963,52.6268,52.7449,36.1012,36.9101,46.6039,52.8113,41.3526,47.9589

7900.9280,52.7285,53.0158,53.0177,52.6370,52.7893,36.0919,36.9597,46.6429,52.8377,41.3674,47.9854

7901.9270,52.7487,53.0239,53.0386,52.6612,52.8089,36.1063,36.9479,46.6288,52.8563,41.3676,47.9955

7902.9270,52.7796,53.0682,53.0585,52.6968,52.8246,36.1082,36.9685,46.7016,52.8855,41.4049,48.0257

7903.9270,52.7744,53.0675,53.0730,52.6956,52.8294,36.1066,36.9553,46.6931,52.8880,41.3999,48.0244

7904.9280,52.8079,53.1152,53.0986,52.7157,52.8684,36.1153,36.9789,46.7068,52.9212,41.4111,48.0508

7905.9270,52.8195,53.1189,53.1171,52.7646,52.8813,36.0967,36.9836,46.7550,52.9403,41.4259,48.0671

7906.9270,52.8340,53.1485,53.1467,52.7559,52.9206,36.1166,36.9932,46.7840,52.9612,41.4503,48.0874

7907.9270,52.8589,53.1544,53.1651,52.7835,52.9358,36.1337,36.9893,46.7960,52.9795,41.4649,48.1021

7908.9280,52.8909,53.1913,53.1618,52.8149,52.9519,36.1228,36.9648,46.8245,53.0021,41.4736,48.1154

7909.9270,52.9088,53.1905,53.2237,52.8247,52.9852,36.1409,36.9596,46.8526,53.0266,41.4967,48.1357

7910.9270,52.9267,53.2159,53.2320,52.8556,53.0028,36.1431,36.9384,46.8835,53.0466,41.5133,48.1498

7911.9270,52.9370,53.2695,53.2386,52.8455,53.0254,36.1461,36.9540,46.9003,53.0632,41.5232,48.1645

7912.9270,52.9669,53.2654,53.2871,52.8821,53.0228,36.1796,36.9614,46.9271,53.0849,41.5534,48.1866

7913.9270,52.9974,53.2959,53.2959,52.9342,53.0592,36.1676,36.9797,46.9657,53.1165,41.5666,48.2119

7914.9270,53.0140,53.3084,53.3292,52.9265,53.0769,36.1694,36.9857,46.9540,53.1310,41.5617,48.2205

7915.9270,53.0300,53.3368,53.3230,52.9821,53.0850,36.1730,36.9571,46.9947,53.1514,41.5839,48.2352

7916.9270,53.0445,53.3267,53.3544,52.9909,53.1372,36.1718,36.9185,47.0342,53.1707,41.6030,48.2473

7917.9270,53.0652,53.3835,53.3692,52.9886,53.1436,36.1872,36.8947,47.0490,53.1900,41.6181,48.2601

7918.9270,53.0814,53.3898,53.3857,53.0139,53.1638,36.1779,36.8807,47.0643,53.2069,41.6211,48.2697

7919.9280,53.1227,53.4107,53.4185,53.0537,53.1884,36.1790,36.9173,47.0724,53.2388,41.6257,48.2953

7920.9270,53.1345,53.4456,53.4212,53.0591,53.2335,36.1807,36.8868,47.1001,53.2588,41.6404,48.3077

7921.9270,53.1678,53.4754,53.4712,53.0815,53.2152,36.1901,36.8995,47.1279,53.2822,41.6590,48.3286

7922.9280,53.1773,53.4755,53.4792,53.0927,53.2551,36.1867,36.9273,47.1592,53.2960,41.6730,48.3441

7923.9270,53.1819,53.4985,53.5188,53.1323,53.2748,36.1988,36.9642,47.1763,53.3213,41.6876,48.3682

7924.9270,53.2149,53.5104,53.5247,53.1271,53.2909,36.1982,36.9664,47.1929,53.3336,41.6955,48.3782

7925.9270,53.2388,53.5545,53.5444,53.1657,53.2972,36.2084,36.9584,47.2169,53.3601,41.7126,48.3980

7926.9270,53.2676,53.5618,53.5729,53.1868,53.3303,36.2315,36.9543,47.2527,53.3839,41.7421,48.4198

7927.9270,53.2892,53.5752,53.5909,53.2145,53.3575,36.2197,36.9314,47.2758,53.4055,41.7477,48.4318

7928.9270,53.3023,53.6164,53.6040,53.2207,53.3793,36.2306,36.9226,47.2921,53.4245,41.7614,48.4460

7929.9270,53.3122,53.6256,53.6362,53.2497,53.3858,36.2402,36.9332,47.2869,53.4419,41.7636,48.4587

7930.9280,53.3278,53.6233,53.6510,53.2705,53.4204,36.2322,36.9420,47.3461,53.4586,41.7891,48.4767

7931.9270,53.3469,53.6699,53.6593,53.3019,53.4232,36.2496,36.9767,47.3661,53.4802,41.8079,48.4992

7932.9270,53.3753,53.6981,53.6949,53.2978,53.4403,36.2448,37.0433,47.4020,53.5013,41.8234,48.5246

7933.9270,53.4053,53.7099,53.7002,53.3418,53.4733,36.2873,37.0756,47.4127,53.5261,41.8500,48.5508

7934.9270,53.4253,53.7576,53.7438,53.3495,53.4841,36.2450,37.1014,47.4328,53.5521,41.8389,48.5674

7935.9280,53.4602,53.7580,53.7575,53.3655,53.5136,36.2673,37.0952,47.4613,53.5710,41.8643,48.5848

7936.9270,53.4698,53.7791,53.7717,53.3968,53.5282,36.2774,37.0997,47.4640,53.5891,41.8707,48.5983

7937.9280,53.4825,53.8026,53.7888,53.4374,53.5578,36.2782,37.0842,47.5037,53.6138,41.8909,48.6169

7938.9270,53.5027,53.8154,53.8329,53.4474,53.5996,36.2898,37.0826,47.5498,53.6396,41.9198,48.6400

7939.9280,53.5310,53.8419,53.8534,53.4425,53.5883,36.3058,37.0861,47.5519,53.6514,41.9289,48.6501

7940.9270,53.5483,53.8644,53.8654,53.4895,53.6039,36.3262,37.0840,47.5947,53.6743,41.9605,48.6721

7941.9270,53.5749,53.8913,53.8825,53.5086,53.6377,36.3063,37.0338,47.5964,53.6990,41.9514,48.6789

7942.9270,53.5740,53.9042,53.8954,53.5173,53.6731,36.3101,37.0157,47.6330,53.7128,41.9716,48.6903

7943.9270,53.5921,53.9272,53.9212,53.5454,53.6837,36.3472,37.0078,47.6479,53.7339,41.9975,48.7091

7944.9290,53.6265,53.9399,53.9505,53.5673,53.6928,36.3139,36.9914,47.6557,53.7554,41.9848,48.7172

7945.9270,53.6418,53.9621,53.9640,53.5790,53.7353,36.3498,36.9970,47.7066,53.7764,42.0282,48.7419

7946.9280,53.6646,53.9818,53.9689,53.6133,53.7429,36.3618,37.0009,47.7142,53.7943,42.0380,48.7560

7947.9270,53.6864,54.0126,54.0061,53.6298,53.7567,36.3413,36.9950,47.7421,53.8183,42.0417,48.7712

7948.9270,53.7166,54.0206,54.0275,53.6411,53.7896,36.3729,37.0116,47.7766,53.8390,42.0747,48.7945

7949.9270,53.7519,54.0476,54.0397,53.6570,53.8078,36.3699,37.0217,47.8047,53.8608,42.0873,48.8125

7950.9270,53.7404,54.0788,54.0686,53.6841,53.8252,36.3769,37.0128,47.8214,53.8794,42.0991,48.8260

7951.9270,53.7698,54.0866,54.1148,53.7312,53.8386,36.3688,37.0248,47.8157,53.9082,42.0923,48.8438

7952.9270,53.8083,54.1146,54.1141,53.7250,53.8629,36.3733,37.0521,47.8603,53.9250,42.1168,48.8638

7953.9280,53.8094,54.1326,54.1478,53.7434,53.8970,36.3824,37.0323,47.8981,53.9460,42.1402,48.8804

7954.9270,53.8526,54.1572,54.1655,53.7565,53.8949,36.3706,37.0457,47.8989,53.9654,42.1347,48.8927

7955.9270,53.8561,54.1568,54.1725,53.8055,53.9046,36.3867,37.0114,47.9384,53.9791,42.1626,48.9040

7956.9280,53.8838,54.2062,54.2053,53.8051,53.9286,36.3811,37.0160,47.9329,54.0058,42.1570,48.9199

7957.9270,53.8922,54.2064,54.2230,53.8242,53.9731,36.3943,36.9933,47.9784,54.0238,42.1864,48.9356

7958.9270,53.9125,54.2353,54.2317,53.8499,53.9869,36.4046,36.9863,48.0020,54.0433,42.2033,48.9512

7959.9280,53.9516,54.2511,54.2479,53.8910,54.0225,36.4012,36.9993,48.0144,54.0728,42.2078,48.9724

7960.9280,53.9585,54.2766,54.2826,53.8875,54.0308,36.4237,37.0100,48.0551,54.0872,42.2394,48.9906

7961.9270,53.9690,54.3034,54.3024,53.9036,54.0540,36.4221,36.9613,48.0902,54.1065,42.2562,49.0008

7962.9280,54.0041,54.3289,54.3059,53.9315,54.0698,36.4311,36.9773,48.0903,54.1281,42.2607,49.0174

7963.9280,54.0333,54.3198,54.3447,53.9510,54.1036,36.4368,36.9545,48.1168,54.1505,42.2768,49.0326

7964.9270,54.0412,54.3444,54.3767,53.9816,54.1222,36.4495,36.9756,48.1242,54.1732,42.2869,49.0519

7965.9280,54.0610,54.3861,54.3824,53.9951,54.1210,36.4392,36.9886,48.1571,54.1891,42.2981,49.0663

7966.9270,54.0985,54.4152,54.4018,54.0113,54.1377,36.4435,36.9724,48.1734,54.2129,42.3085,49.0817

7967.9270,54.0938,54.3986,54.4226,54.0261,54.1538,36.4654,36.9742,48.1918,54.2190,42.3286,49.0908

7968.9270,54.1142,54.4298,54.4344,54.0684,54.2072,36.4604,36.9865,48.2313,54.2508,42.3458,49.1165

7969.9270,54.1304,54.4576,54.4659,54.0875,54.2050,36.4717,36.9697,48.2610,54.2693,42.3663,49.1311

7970.9270,54.1633,54.4870,54.4962,54.1035,54.2510,36.4793,36.9788,48.2746,54.3002,42.3769,49.1542

7971.9280,54.1680,54.5196,54.5251,54.1222,54.2356,36.4762,36.9770,48.2895,54.3141,42.3828,49.1641

7972.9270,54.1848,54.5387,54.5327,54.1409,54.2838,36.4969,36.9758,48.3248,54.3362,42.4109,49.1848

7973.9270,54.2128,54.5545,54.5439,54.1576,54.2843,36.4814,36.9626,48.3622,54.3506,42.4218,49.1949

7974.9270,54.2289,54.5453,54.5665,54.1825,54.3001,36.5117,36.9738,48.3446,54.3647,42.4281,49.2067

7975.9270,54.2401,54.5715,54.5895,54.2004,54.3304,36.5217,37.0038,48.3827,54.3864,42.4522,49.2300

7976.9280,54.2695,54.6111,54.6010,54.2091,54.3253,36.5174,37.0150,48.3960,54.4032,42.4567,49.2431

7977.9270,54.2956,54.6466,54.6392,54.2354,54.3705,36.5139,37.0199,48.4203,54.4374,42.4671,49.2676

7978.9270,54.3307,54.6433,54.6516,54.2312,54.3971,36.5509,36.9844,48.4477,54.4508,42.4993,49.2796

7979.9270,54.3566,54.6486,54.6689,54.2674,54.4389,36.5421,36.9934,48.4723,54.4761,42.5072,49.2985

7980.9270,54.3673,54.6959,54.7088,54.2985,54.4299,36.5436,36.9594,48.4997,54.5001,42.5216,49.3129

7981.9270,54.3825,54.7138,54.6991,54.3220,54.4649,36.5534,36.9323,48.5108,54.5165,42.5321,49.3223

7982.9290,54.4035,54.7418,54.7280,54.3298,54.4740,36.5528,36.8990,48.5463,54.5354,42.5495,49.3344

7983.9270,54.4119,54.7459,54.7482,54.3744,54.4943,36.5617,36.8939,48.5737,54.5550,42.5677,49.3505

7984.9280,54.4568,54.7612,54.7769,54.3713,54.5174,36.5745,36.8913,48.5733,54.5767,42.5739,49.3653

7985.9280,54.4599,54.8015,54.8130,54.4084,54.5116,36.5622,36.9192,48.5931,54.5989,42.5777,49.3836

7986.9280,54.4681,54.8154,54.8113,54.4218,54.5546,36.5799,36.9313,48.6162,54.6143,42.5981,49.3998

7987.9270,54.4907,54.8211,54.8372,54.4367,54.5598,36.5729,36.9551,48.6296,54.6291,42.6013,49.4129

7988.9270,54.5314,54.8535,54.8591,54.4572,54.6121,36.5806,36.9926,48.6760,54.6627,42.6283,49.4453

7989.9270,54.5482,54.8669,54.8802,54.4691,54.6014,36.5915,36.9970,48.6984,54.6732,42.6449,49.4566

7990.9270,54.5535,54.9131,54.8965,54.5131,54.6454,36.6113,37.0234,48.7180,54.7043,42.6647,49.4843

7991.9270,54.5827,54.8995,54.9096,54.5248,54.6391,36.5980,37.0152,48.7234,54.7112,42.6607,49.4865

7992.9270,54.5942,54.9297,54.9565,54.5269,54.6859,36.6386,36.9974,48.7520,54.7387,42.6953,49.5102

7993.9270,54.6318,54.9605,54.9762,54.5591,54.7057,36.6384,36.9939,48.7726,54.7667,42.7055,49.5298

7994.9270,54.6290,54.9781,54.9956,54.5661,54.7149,36.6257,36.9864,48.8054,54.7767,42.7156,49.5376

7995.9270,54.6657,55.0052,54.9950,54.6084,54.7591,36.6391,37.0012,48.8312,54.8067,42.7352,49.5631

7996.9290,54.7009,55.0200,55.0182,54.6011,54.7680,36.6486,37.0457,48.8271,54.8216,42.7379,49.5787

7997.9280,54.6897,55.0251,55.0324,54.6393,54.7785,36.6620,37.0558,48.8622,54.8330,42.7621,49.5931

7998.9270,54.7311,55.0507,55.0566,54.6502,54.8124,36.6807,37.0474,48.8954,54.8602,42.7880,49.6156

7999.9270,54.7452,55.0718,55.0791,54.6888,54.8252,36.6768,37.0748,48.9179,54.8820,42.7974,49.6350

8000.9270,54.7622,55.0953,55.0939,54.6842,54.8363,36.6813,37.0677,48.9446,54.8944,42.8130,49.6457

8001.9270,54.7937,55.1097,55.1202,54.7212,54.8378,36.6717,37.0702,48.9573,54.9165,42.8145,49.6602

8002.9270,54.7922,55.1426,55.1398,54.7348,54.8873,36.6978,37.0253,48.9836,54.9393,42.8407,49.6754

8003.9270,54.8314,55.1688,55.1513,54.7803,54.8960,36.7132,37.0215,49.0063,54.9656,42.8598,49.6961

8004.9270,54.8325,55.1774,55.1779,54.7691,54.9221,36.6863,36.9871,49.0212,54.9758,42.8537,49.6967

8005.9270,54.8567,55.1913,55.2203,54.7996,54.9507,36.7146,36.9552,49.0594,55.0037,42.8870,49.7185

8006.9270,54.8793,55.2155,55.2196,54.8132,54.9478,36.7183,36.9580,49.0645,55.0151,42.8914,49.7270

8007.9270,54.9032,55.2397,55.2503,54.8435,54.9637,36.7104,36.9439,49.1168,55.0401,42.9136,49.7464

8008.9280,54.9347,55.2730,55.2799,54.8541,54.9781,36.7156,36.9608,49.1321,55.0639,42.9238,49.7660

8009.9280,54.9374,55.2607,55.2764,54.8659,55.0046,36.7254,36.9515,49.1358,55.0690,42.9306,49.7697

8010.9280,54.9598,55.2952,55.2892,54.9132,55.0441,36.7374,36.9667,49.1814,55.1003,42.9594,49.7984

8011.9270,54.9810,55.3292,55.3297,54.9026,55.0528,36.7350,36.9093,49.1883,55.1191,42.9617,49.8035

8012.9280,54.9852,55.3439,55.3646,54.9481,55.0721,36.7449,36.8645,49.2028,55.1428,42.9738,49.8158

8013.9270,55.0136,55.3368,55.3432,54.9631,55.0935,36.7512,36.8592,49.2386,55.1500,42.9949,49.8249

8014.9270,55.0456,55.3774,55.3525,54.9544,55.1134,36.7669,36.8126,49.2652,55.1686,43.0160,49.8360

8015.9280,55.0497,55.4072,55.4063,54.9995,55.1354,36.7706,36.8355,49.2661,55.1996,43.0183,49.8588

8016.9270,55.0811,55.4238,55.4169,55.0257,55.1428,36.7707,36.8870,49.3013,55.2181,43.0360,49.8812

8017.9280,55.0956,55.4317,55.4225,55.0557,55.1672,36.7765,36.9143,49.3149,55.2346,43.0457,49.8973

8018.9270,55.1254,55.4636,55.4581,55.0453,55.1770,36.7744,36.9706,49.3480,55.2539,43.0612,49.9203

8019.9270,55.1293,55.4818,55.4864,55.0686,55.2054,36.8106,37.0096,49.3843,55.2743,43.0974,49.9470

8020.9280,55.1636,55.4905,55.5204,55.0837,55.2495,36.7875,37.0248,49.3855,55.3015,43.0865,49.9632

8021.9270,55.1767,55.5096,55.5087,55.1023,55.2530,36.7886,37.0297,49.4019,55.3101,43.0952,49.9713

8022.9270,55.1902,55.5463,55.5560,55.1243,55.2639,36.7770,37.0312,49.4209,55.3361,43.0990,49.9887

8023.9270,55.2028,55.5621,55.5436,55.1308,55.2824,36.7931,37.0010,49.4475,55.3444,43.1203,49.9954

8024.9270,55.2422,55.5725,55.5900,55.1759,55.2998,36.8139,36.9639,49.4653,55.3761,43.1396,50.0154

8025.9270,55.2641,55.6036,55.5879,55.2147,55.3341,36.8015,36.9706,49.4988,55.4009,43.1501,50.0344

8026.9270,55.2598,55.6251,55.6422,55.1912,55.3557,36.7757,36.9509,49.5024,55.4148,43.1391,50.0379

8027.9270,55.2972,55.6475,55.6623,55.2301,55.3757,36.8043,36.9472,49.5260,55.4426,43.1651,50.0613

8028.9270,55.3147,55.6705,55.6696,55.2417,55.3882,36.8024,36.9467,49.5588,55.4569,43.1806,50.0741

8029.9270,55.3428,55.6939,55.6875,55.2673,55.3996,36.8121,36.9140,49.5759,55.4782,43.1940,50.0866

8030.9270,55.3470,55.6871,55.7079,55.2891,55.4453,36.8020,36.9305,49.6102,55.4953,43.2061,50.1024

8031.9270,55.3595,55.7233,55.7214,55.2916,55.4464,36.7992,36.9613,49.6246,55.5085,43.2119,50.1159

8032.9290,55.3860,55.7504,55.7416,55.3459,55.4643,36.8009,36.9490,49.6456,55.5376,43.2232,50.1354

8033.9270,55.4186,55.7531,55.7526,55.3565,55.5016,36.8073,36.9353,49.6575,55.5565,43.2324,50.1478

8034.9270,55.4540,55.7810,55.7589,55.3682,55.5147,36.8133,36.9110,49.6719,55.5754,43.2426,50.1591

8035.9280,55.4478,55.7121,55.7733,55.3855,55.5108,36.8023,36.9102,49.7062,55.5659,43.2543,50.1560

8036.9280,55.4278,55.6928,55.8282,55.4169,55.5353,36.8110,36.8671,49.7338,55.5802,43.2724,50.1641

8037.9270,55.4078,55.7107,55.8356,55.4173,55.5048,36.8094,36.8575,49.7526,55.5752,43.2810,50.1620

8038.9270,55.4131,55.7062,55.8200,55.4252,55.4980,36.8055,36.8396,49.7547,55.5725,43.2801,50.1578

8039.9280,55.4149,55.6724,55.8036,55.4079,55.5084,36.8022,36.8246,49.7879,55.5614,43.2950,50.1527

8040.9290,55.4033,55.6746,55.8054,55.3922,55.5000,36.8123,36.8310,49.8086,55.5551,43.3105,50.1534

8041.9270,55.3971,55.6727,55.7901,55.4189,55.5055,36.8280,36.8551,49.8343,55.5568,43.3311,50.1627

8042.9280,55.4100,55.6734,55.7950,55.4159,55.4790,36.8308,36.8575,49.8315,55.5547,43.3312,50.1617

8043.9270,55.4035,55.6559,55.7784,55.3979,55.4813,36.8298,36.8369,49.8611,55.5434,43.3455,50.1556

8044.9280,55.3954,55.6644,55.7800,55.3747,55.4663,36.8020,36.7669,49.8765,55.5362,43.3392,50.1408

8045.9270,55.3944,55.6577,55.7862,55.4131,55.4758,36.8155,36.7108,49.9130,55.5455,43.3642,50.1458

8046.9270,55.3917,55.6404,55.7491,55.3921,55.4731,36.8300,36.6581,49.9259,55.5293,43.3780,50.1325

8047.9270,55.3746,55.6305,55.7839,55.4090,55.4541,36.8099,36.6487,49.9407,55.5304,43.3753,50.1314

8048.9270,55.3696,55.6196,55.7564,55.3620,55.4662,36.8234,36.6548,49.9407,55.5147,43.3821,50.1241

8049.9270,55.3697,55.6397,55.7447,55.3683,55.4536,36.8292,36.6507,49.9580,55.5152,43.3936,50.1267

8050.9280,55.3730,55.6142,55.7556,55.3650,55.4594,36.8339,36.6564,49.9867,55.5134,43.4103,50.1305

8051.9270,55.3789,55.6289,55.7330,55.3898,55.4474,36.8348,36.6614,50.0000,55.5156,43.4174,50.1343

8052.9270,55.3437,55.6038,55.7342,55.3772,55.4370,36.8542,36.7019,50.0377,55.4992,43.4459,50.1362

8053.9280,55.3562,55.6063,55.7214,55.3805,55.4308,36.8384,36.7268,50.0221,55.4990,43.4303,50.1353

8054.9270,55.3771,55.6215,55.7279,55.3695,55.4492,36.8301,36.7951,50.0338,55.5090,43.4319,50.1505

8055.9270,55.3384,55.5998,55.7293,55.3635,55.4280,36.8344,36.8274,50.0574,55.4918,43.4459,50.1473

8056.9270,55.3454,55.5942,55.7329,55.3528,55.4206,36.8358,36.8517,50.0986,55.4892,43.4672,50.1540

8057.9270,55.3447,55.5786,55.7154,55.3450,55.4436,36.8333,36.8272,50.1131,55.4855,43.4732,50.1501

8058.9270,55.3254,55.5695,55.7284,55.3364,55.4355,36.8179,36.8053,50.1276,55.4790,43.4728,50.1433

8059.9270,55.3302,55.6001,55.7176,55.3394,55.4140,36.8700,36.8177,50.1434,55.4803,43.5067,50.1540

8060.9270,55.3216,55.5814,55.7141,55.3373,55.4174,36.8379,36.8164,50.1731,55.4743,43.5055,50.1499

8061.9270,55.3386,55.5731,55.7067,55.3368,55.4123,36.8537,36.8266,50.1726,55.4735,43.5132,50.1525

8062.9270,55.3190,55.5712,55.6992,55.3284,55.3883,36.8614,36.8236,50.1844,55.4612,43.5229,50.1469

8063.9270,55.3426,55.5859,55.6873,55.3201,55.4137,36.8601,36.8186,50.1855,55.4699,43.5228,50.1517

8064.9270,55.3089,55.5786,55.6804,55.3298,55.3865,36.8423,36.8348,50.2196,55.4568,43.5310,50.1476

8065.9270,55.3203,55.5606,55.6900,55.3100,55.3842,36.8562,36.8417,50.2555,55.4530,43.5559,50.1523

8066.9270,55.3002,55.5466,55.6871,55.3112,55.3845,36.8527,36.8620,50.2557,55.4459,43.5542,50.1500

8067.9270,55.3043,55.5411,55.6683,55.3255,55.3725,36.8746,36.8634,50.2825,55.4424,43.5785,50.1540

8068.9270,55.3144,55.5404,55.6509,55.2962,55.3929,36.8624,36.8960,50.2783,55.4390,43.5703,50.1539

8069.9270,55.2901,55.5336,55.6649,55.3037,55.3728,36.8648,36.9087,50.2732,55.4330,43.5690,50.1515

8070.9280,55.2759,55.5443,55.6507,55.2960,55.3789,36.8448,36.9513,50.3154,55.4292,43.5801,50.1572

8071.9280,55.2888,55.5291,55.6475,55.3062,55.3794,36.8518,36.9485,50.3210,55.4302,43.5864,50.1591

8072.9280,55.2782,55.5280,55.6662,55.2797,55.3834,36.8645,36.9724,50.3214,55.4271,43.5929,50.1617

8073.9270,55.2863,55.5234,55.6519,55.2977,55.3603,36.8624,36.9852,50.3439,55.4239,43.6031,50.1639

8074.9270,55.2829,55.5291,55.6470,55.2858,55.3526,36.8551,37.0163,50.3386,55.4195,43.5969,50.1634

8075.9270,55.2854,55.5082,55.6496,55.2815,55.3584,36.8581,37.0300,50.3498,55.4166,43.6040,50.1651

8076.9270,55.2775,55.5199,55.6508,55.2822,55.3476,36.8656,37.0459,50.3573,55.4156,43.6114,50.1684

8077.9270,55.2727,55.5080,55.6545,55.2887,55.3390,36.8849,37.0442,50.3699,55.4126,43.6274,50.1702

8078.9280,55.2590,55.5176,55.6558,55.2868,55.3425,36.8781,37.1075,50.3969,55.4123,43.6375,50.1805

8079.9270,55.2786,55.5160,55.6293,55.2599,55.3451,36.8713,37.1207,50.3957,55.4058,43.6335,50.1771

8080.9270,55.2709,55.5194,55.6323,55.2531,55.3370,36.8780,37.1484,50.3991,55.4025,43.6385,50.1798

8081.9270,55.2517,55.5244,55.6253,55.2613,55.3212,36.8819,37.1659,50.4099,55.3968,43.6459,50.1802

8082.9270,55.2561,55.4993,55.6209,55.2662,55.3302,36.8929,37.1727,50.4212,55.3945,43.6570,50.1824

8083.9270,55.2560,55.5000,55.6188,55.2567,55.3452,36.8863,37.1904,50.4286,55.3954,43.6574,50.1853

8084.9290,55.2422,55.4843,55.6096,55.2540,55.3475,36.8831,37.2175,50.4337,55.3875,43.6584,50.1840

8085.9280,55.2424,55.4784,55.6203,55.2605,55.3264,36.8856,37.2228,50.4593,55.3856,43.6724,50.1870

8086.9270,55.2346,55.4721,55.6195,55.2514,55.3306,36.8828,37.2803,50.4570,55.3816,43.6699,50.1910

8087.9270,55.2300,55.4846,55.5960,55.2445,55.3427,36.8856,37.3172,50.4768,55.3796,43.6812,50.1972

8088.9270,55.2396,55.4761,55.5858,55.2536,55.3176,36.8827,37.3418,50.4906,55.3745,43.6867,50.1985

8089.9270,55.2422,55.4918,55.5973,55.2407,55.3310,36.8867,37.3365,50.4793,55.3806,43.6830,50.2007

8090.9270,55.2411,55.4959,55.6051,55.2485,55.3094,36.8787,37.3378,50.4899,55.3800,43.6843,50.2008

8091.9270,55.2288,55.4504,55.6042,55.2251,55.3108,36.8806,37.3033,50.5075,55.3638,43.6941,50.1888

8092.9280,55.2297,55.4685,55.5928,55.2160,55.3077,36.8890,37.2856,50.5154,55.3629,43.7022,50.1881

8093.9270,55.2190,55.4879,55.5925,55.2304,55.3083,36.8782,37.2901,50.5189,55.3676,43.6985,50.1907

8094.9270,55.2097,55.4814,55.5979,55.2308,55.3109,36.8734,37.2863,50.5253,55.3661,43.6993,50.1895

8095.9270,55.2187,55.4814,55.5865,55.2386,55.3188,36.8956,37.2894,50.5136,55.3688,43.7046,50.1928

8096.9280,55.2157,55.4630,55.6058,55.2497,55.2879,36.8991,37.2947,50.5138,55.3644,43.7065,50.1912

8097.9270,55.2308,55.4707,55.5767,55.2293,55.2956,36.9136,37.2886,50.5526,55.3606,43.7331,50.1947

8098.9280,55.1888,55.4743,55.5715,55.2094,55.2863,36.8845,37.2815,50.5423,55.3461,43.7134,50.1798

8099.9270,55.1910,55.4777,55.5819,55.2207,55.2925,36.9031,37.2664,50.5634,55.3528,43.7332,50.1871

8100.9270,55.1909,55.4595,55.5834,55.2075,55.2941,36.9016,37.2547,50.5661,55.3471,43.7338,50.1822

8101.9270,55.2066,55.4593,55.5523,55.2128,55.2837,36.9095,37.2878,50.5850,55.3429,43.7473,50.1871

8102.9280,55.1797,55.4574,55.5652,55.2012,55.2842,36.9018,37.3040,50.5909,55.3375,43.7464,50.1855

8103.9270,55.1910,55.4359,55.5447,55.1982,55.3023,36.9138,37.2944,50.6013,55.3344,43.7575,50.1852

8104.9270,55.1922,55.4465,55.5690,55.2111,55.2876,36.9066,37.2989,50.5900,55.3413,43.7483,50.1877

8105.9280,55.1793,55.4349,55.5648,55.1898,55.2805,36.9010,37.2942,50.6039,55.3298,43.7524,50.1810

8106.9280,55.1989,55.4412,55.5601,55.2108,55.2763,36.8892,37.2600,50.5765,55.3375,43.7328,50.1766

8107.9270,55.1731,55.4367,55.5491,55.1796,55.2602,36.9149,37.2413,50.5991,55.3197,43.7570,50.1692

8108.9270,55.1765,55.4552,55.5427,55.2046,55.2686,36.8903,37.2191,50.6136,55.3295,43.7519,50.1713

8109.9280,55.1544,55.4418,55.5376,55.1796,55.2630,36.9112,37.2078,50.6219,55.3153,43.7665,50.1647

8110.9270,55.1979,55.4378,55.5465,55.1867,55.2728,36.9115,37.1665,50.6193,55.3283,43.7654,50.1674

8111.9280,55.1567,55.4243,55.5556,55.1722,55.2653,36.9113,37.1710,50.6362,55.3148,43.7737,50.1616

8112.9280,55.1514,55.4223,55.5651,55.1693,55.2845,36.9194,37.1483,50.6549,55.3185,43.7872,50.1644

8113.9270,55.1638,55.4293,55.5367,55.1791,55.2533,36.9115,37.1319,50.6249,55.3124,43.7682,50.1538

8114.9280,55.1725,55.4233,55.5306,55.1680,55.2570,36.9226,37.0959,50.6456,55.3103,43.7841,50.1520

8115.9280,55.1614,55.4187,55.5371,55.1792,55.2681,36.8903,37.0954,50.6465,55.3129,43.7684,50.1496

8116.9270,55.1478,55.4107,55.5379,55.1633,55.2577,36.9163,37.1125,50.6491,55.3035,43.7827,50.1494

8117.9270,55.1586,55.4085,55.5471,55.1735,55.2573,36.9239,37.0822,50.6593,55.3090,43.7916,50.1513

8118.9270,55.1572,55.4145,55.5122,55.1630,55.2579,36.9099,37.0533,50.6658,55.3009,43.7879,50.1417

8119.9270,55.1626,55.4321,55.5376,55.1635,55.2404,36.9331,37.0621,50.6823,55.3072,43.8077,50.1517

8120.9270,55.1550,55.4106,55.5299,55.1480,55.2346,36.9334,37.0838,50.6826,55.2956,43.8080,50.1472

8121.9270,55.1577,55.4395,55.5348,55.1699,55.2391,36.9216,37.1337,50.6649,55.3082,43.7933,50.1576

8122.9270,55.1515,55.4197,55.5169,55.1658,55.2405,36.9327,37.1704,50.6846,55.2989,43.8087,50.1603

8123.9280,55.1561,55.4056,55.5152,55.1444,55.2453,36.9153,37.2548,50.6910,55.2933,43.8032,50.1660

8124.9270,55.1443,55.4051,55.5171,55.1522,55.2379,36.9211,37.2943,50.6931,55.2913,43.8071,50.1706

8125.9270,55.1445,55.4017,55.5035,55.1543,55.2275,36.9031,37.3314,50.7012,55.2863,43.8022,50.1709

8126.9280,55.1194,55.3928,55.5057,55.1224,55.2394,36.9202,37.4026,50.6885,55.2760,43.8043,50.1739

8127.9270,55.1357,55.3923,55.5028,55.1315,55.2301,36.9152,37.4606,50.7121,55.2785,43.8137,50.1850

8128.9270,55.1362,55.4031,55.4929,55.1437,55.2100,36.9130,37.5387,50.7109,55.2772,43.8119,50.1936

8129.9270,55.1241,55.4059,55.5031,55.1534,55.2345,36.9441,37.5684,50.7098,55.2842,43.8269,50.2054

8130.9270,55.1141,55.3847,55.4999,55.1244,55.2184,36.9143,37.6433,50.7016,55.2683,43.8080,50.2001

8131.9270,55.1080,55.3728,55.4834,55.1323,55.2263,36.9161,37.6544,50.7297,55.2646,43.8229,50.2029

8132.9270,55.1342,55.3759,55.4879,55.1313,55.2197,36.9118,37.6412,50.7319,55.2698,43.8218,50.2042

8133.9270,55.0901,55.3737,55.4944,55.1065,55.2226,36.9195,37.6013,50.7275,55.2575,43.8235,50.1920

8134.9270,55.1019,55.3656,55.4762,55.1191,55.2352,36.9109,37.6137,50.7227,55.2596,43.8168,50.1932

8135.9280,55.1140,55.3647,55.4900,55.1085,55.2067,36.9250,37.5914,50.7389,55.2568,43.8319,50.1924

8136.9270,55.1139,55.3693,55.4721,55.1178,55.2076,36.9198,37.6291,50.7296,55.2561,43.8247,50.1949

8137.9280,55.1195,55.3648,55.4773,55.1133,55.1948,36.9352,37.5810,50.7536,55.2539,43.8444,50.1924

8138.9270,55.1069,55.3516,55.4764,55.1106,55.2023,36.9178,37.5692,50.7526,55.2496,43.8352,50.1859

8139.9280,55.0758,55.3653,55.4519,55.0972,55.2156,36.9077,37.5699,50.7454,55.2411,43.8265,50.1786

8140.9270,55.0954,55.3540,55.4632,55.1112,55.2070,36.9192,37.6323,50.7531,55.2462,43.8362,50.1919

8141.9280,55.0993,55.3497,55.4579,55.1004,55.1981,36.9133,37.7025,50.7569,55.2411,43.8351,50.1973

8142.9270,55.0764,55.3534,55.4805,55.0875,55.1880,36.9126,37.7942,50.7576,55.2372,43.8351,50.2063

8143.9280,55.0938,55.3500,55.4619,55.0892,55.1892,36.9316,37.8781,50.7728,55.2368,43.8522,50.2208

8144.9270,55.0861,55.3606,55.4642,55.0897,55.1956,36.9112,37.9393,50.7484,55.2392,43.8298,50.2244

8145.9280,55.0778,55.3484,55.4539,55.0830,55.1909,36.9359,37.9837,50.7844,55.2308,43.8602,50.2323

8146.9280,55.0979,55.3673,55.4493,55.0780,55.1798,36.9245,37.9531,50.7796,55.2345,43.8520,50.2287

8147.9280,55.0704,55.3347,55.4467,55.0929,55.1726,36.9167,37.9673,50.7853,55.2235,43.8510,50.2233

8148.9280,55.0757,55.3452,55.4503,55.0762,55.1831,36.9175,37.9349,50.7726,55.2261,43.8450,50.2194

8149.9270,55.0651,55.3269,55.4453,55.0896,55.1735,36.9179,37.9204,50.7925,55.2201,43.8552,50.2164

8150.9280,55.0682,55.3270,55.4408,55.0833,55.1819,36.9075,37.9450,50.8025,55.2203,43.8550,50.2195

8151.9270,55.0806,55.3495,55.4398,55.0846,55.1920,36.9205,37.9258,50.8145,55.2293,43.8675,50.2259

8152.9270,55.0602,55.3453,55.4535,55.0873,55.1730,36.9181,37.9014,50.7894,55.2238,43.8538,50.2160

8153.9270,55.0687,55.3511,55.4266,55.0733,55.1806,36.9066,37.8825,50.7924,55.2201,43.8495,50.2102

8154.9270,55.0803,55.3259,55.4369,55.0909,55.1747,36.9225,37.8648,50.8091,55.2217,43.8658,50.2131

8155.9290,55.0450,55.3214,55.4416,55.0601,55.1753,36.9158,37.8459,50.8038,55.2087,43.8598,50.2011

8156.9270,55.0590,55.3281,55.4106,55.0752,55.1540,36.9173,37.8428,50.8117,55.2054,43.8645,50.1998

8157.9280,55.0780,55.3300,55.4420,55.0706,55.1844,36.9170,37.8112,50.8082,55.2210,43.8626,50.2052

8158.9270,55.0499,55.3166,55.4193,55.0765,55.1664,36.9100,37.7253,50.8183,55.2057,43.8642,50.1853

8159.9270,55.0445,55.3018,55.4114,55.0566,55.1539,36.9185,37.6946,50.8259,55.1936,43.8722,50.1759

8160.9270,55.0538,55.3068,55.4261,55.0691,55.1723,36.9284,37.6751,50.8320,55.2056,43.8802,50.1830

8161.9270,55.0405,55.3240,55.4101,55.0365,55.1535,36.8972,37.6854,50.8315,55.1929,43.8643,50.1723

8162.9270,55.0412,55.3122,55.4233,55.0510,55.1547,36.9100,37.6506,50.8161,55.1965,43.8630,50.1699

8163.9270,55.0591,55.3144,55.4038,55.0494,55.1656,36.9085,37.6566,50.8372,55.1984,43.8729,50.1743

8164.9280,55.0339,55.3181,55.4052,55.0375,55.1435,36.9185,37.6923,50.8458,55.1877,43.8821,50.1744

8165.9280,55.0237,55.3008,55.4137,55.0617,55.1516,36.9128,37.7127,50.8309,55.1903,43.8718,50.1760

8166.9280,55.0094,55.2985,55.4017,55.0401,55.1460,36.9236,37.7898,50.8397,55.1792,43.8816,50.1811

8167.9280,55.0400,55.2930,55.4132,55.0354,55.1455,36.9233,37.8249,50.8449,55.1854,43.8841,50.1900

8168.9270,55.0239,55.2996,55.4038,55.0292,55.1490,36.9299,37.8679,50.8426,55.1811,43.8863,50.1932

8169.9270,55.0292,55.3056,55.4010,55.0149,55.1291,36.8745,37.8266,50.8558,55.1759,43.8651,50.1796

8170.9270,55.0173,55.2855,55.3873,55.0344,55.1500,36.9017,37.8089,50.8577,55.1749,43.8797,50.1804

8171.9270,55.0139,55.2836,55.3854,55.0158,55.1264,36.9071,37.7682,50.8400,55.1650,43.8736,50.1676

8172.9270,55.0034,55.2832,55.3897,55.0229,55.1344,36.9058,37.7002,50.8558,55.1667,43.8808,50.1619

8173.9270,55.0199,55.2626,55.3976,55.0115,55.1244,36.9198,37.6422,50.8562,55.1632,43.8880,50.1543

8174.9280,55.0177,55.2921,55.3870,55.0064,55.1345,36.9152,37.6236,50.8595,55.1675,43.8873,50.1545

8175.9270,55.0233,55.2831,55.3835,55.0126,55.1412,36.9115,37.6956,50.8762,55.1688,43.8939,50.1659

8176.9270,54.9953,55.2902,55.3731,55.0013,55.1322,36.8910,37.7759,50.8809,55.1584,43.8860,50.1675

8177.9270,55.0200,55.2647,55.3776,55.0145,55.1191,36.9165,37.8289,50.8701,55.1591,43.8933,50.1764

8178.9280,55.0024,55.2739,55.3808,55.0127,55.1163,36.9216,37.8774,50.8816,55.1572,43.9016,50.1833

8179.9270,54.9961,55.2788,55.3797,55.0116,55.1088,36.9208,37.9433,50.8766,55.1550,43.8987,50.1895

8180.9280,54.9783,55.2567,55.3732,55.0019,55.1203,36.9009,37.9780,50.8620,55.1461,43.8814,50.1839

8181.9270,54.9960,55.2571,55.3645,55.0046,55.1235,36.9025,38.0291,50.9047,55.1491,43.9036,50.1978

8182.9280,54.9994,55.2699,55.3575,54.9875,55.1188,36.9003,38.0633,50.8772,55.1466,43.8887,50.1967

8183.9270,54.9928,55.2617,55.3525,54.9959,55.1129,36.9184,38.1369,50.8798,55.1432,43.8991,50.2064

8184.9270,54.9835,55.2598,55.3690,54.9967,55.0931,36.9052,38.1639,50.8866,55.1404,43.8959,50.2072

8185.9270,54.9979,55.2697,55.3600,55.0015,55.1084,36.8881,38.2107,50.8886,55.1475,43.8884,50.2156

8186.9280,54.9778,55.2308,55.3432,54.9912,55.0852,36.9037,38.1782,50.8929,55.1257,43.8983,50.2004

8187.9270,54.9777,55.2536,55.3508,54.9619,55.0951,36.9035,38.1599,50.8762,55.1278,43.8899,50.1973

8188.9270,54.9782,55.2518,55.3403,54.9846,55.0975,36.8942,38.1282,50.9118,55.1305,43.9030,50.1983

8189.9280,54.9833,55.2481,55.3398,54.9952,55.0988,36.8873,38.0709,50.8948,55.1331,43.8910,50.1898

8190.9270,54.9780,55.2582,55.3360,54.9992,55.0872,36.9048,37.9955,50.8950,55.1317,43.8999,50.1817

8191.9270,54.9810,55.2477,55.3380,54.9565,55.0832,36.8962,37.9593,50.8916,55.1213,43.8939,50.1692

8192.9270,54.9779,55.2255,55.3351,54.9803,55.1024,36.8991,37.9287,50.9014,55.1243,43.9002,50.1688

8193.9270,54.9751,55.2337,55.3240,54.9719,55.0862,36.8986,37.9403,50.8977,55.1182,43.8982,50.1659

8194.9270,54.9745,55.2278,55.3213,54.9624,55.0928,36.9050,37.9579,50.9206,55.1158,43.9128,50.1703

8195.9270,54.9739,55.2258,55.3074,54.9697,55.0761,36.9030,37.9689,50.9135,55.1106,43.9082,50.1673

8196.9280,54.9590,55.2464,55.3187,54.9856,55.0792,36.8991,38.0080,50.8926,55.1178,43.8958,50.1736

8197.9270,54.9640,55.2306,55.3200,54.9790,55.1029,36.9172,38.0229,50.9073,55.1193,43.9123,50.1805

8198.9270,54.9707,55.2199,55.3185,54.9416,55.0942,36.8937,38.0618,50.9279,55.1090,43.9108,50.1785

8199.9280,54.9606,55.2200,55.3075,54.9596,55.0725,36.8867,38.0726,50.9122,55.1041,43.8994,50.1740

8200.9280,54.9677,55.2249,55.3129,54.9614,55.0591,36.8962,38.0527,50.9207,55.1052,43.9084,50.1744

8201.9270,54.9334,55.1962,55.3007,54.9750,55.0681,36.8717,38.0562,50.9182,55.0947,43.8949,50.1649

8202.9280,54.9372,55.2082,55.3017,54.9506,55.0658,36.8878,38.0797,50.9229,55.0927,43.9054,50.1693

8203.9270,54.9450,55.2079,55.2969,54.9550,55.0757,36.8896,38.0933,50.9095,55.0961,43.8996,50.1716

8204.9280,54.9492,55.2122,55.2970,54.9449,55.0477,36.9125,38.1147,50.9114,55.0902,43.9119,50.1737

8205.9270,54.9246,55.2040,55.2985,54.9432,55.0589,36.8956,38.1006,50.9103,55.0859,43.9030,50.1670

8206.9270,54.9500,55.1903,55.3115,54.9374,55.0498,36.8877,38.0880,50.9187,55.0878,43.9032,50.1667

8207.9270,54.9342,55.2157,55.2853,54.9392,55.0554,36.8856,38.0361,50.9282,55.0860,43.9069,50.1600

8208.9270,54.9305,55.1993,55.2960,54.9527,55.0454,36.8884,37.9824,50.9199,55.0848,43.9041,50.1518

8209.9280,54.9120,55.2013,55.2898,54.9428,55.0700,36.8818,37.9440,50.9258,55.0832,43.9038,50.1459

8210.9280,54.9356,55.1956,55.2675,54.9412,55.0491,36.8880,37.8756,50.9366,55.0778,43.9123,50.1361

8211.9270,54.9282,55.1871,55.2852,54.9249,55.0511,36.8880,37.8410,50.9338,55.0753,43.9109,50.1299

8212.9270,54.9217,55.1892,55.2818,54.9367,55.0491,36.8800,37.7901,50.9309,55.0757,43.9055,50.1224

8213.9290,54.9242,55.1829,55.2741,54.9226,55.0336,36.8657,37.7791,50.9205,55.0675,43.8931,50.1128

8214.9270,54.8854,55.1899,55.2678,54.9204,55.0425,36.8895,37.7888,50.9288,55.0612,43.9091,50.1141

8215.9270,54.9210,55.1499,55.2605,54.9260,55.0398,36.8942,37.8015,50.9349,55.0594,43.9145,50.1160

8216.9270,54.8957,55.1707,55.2734,54.9159,55.0370,36.8891,37.8309,50.9317,55.0585,43.9104,50.1180

8217.9270,54.9133,55.1564,55.2679,54.9117,55.0467,36.8710,37.8492,50.9285,55.0592,43.8998,50.1181

8218.9270,54.8979,55.1716,55.2606,54.8998,55.0334,36.8913,37.8472,50.9385,55.0526,43.9149,50.1175

8219.9270,54.9094,55.1804,55.2527,54.9177,55.0463,36.8759,37.9321,50.9306,55.0613,43.9032,50.1306

8220.9280,54.8908,55.1626,55.2483,54.9206,55.0441,36.8757,37.9879,50.9466,55.0533,43.9112,50.1346

8221.9270,54.8979,55.1629,55.2453,54.8836,55.0269,36.8750,38.0259,50.9487,55.0433,43.9118,50.1333

8222.9280,54.8954,55.1761,55.2452,54.9125,55.0300,36.8781,38.0537,50.9328,55.0518,43.9054,50.1405

8223.9280,54.8984,55.1524,55.2431,54.9188,55.0455,36.8633,38.0507,50.9510,55.0516,43.9072,50.1404

8224.9270,54.8909,55.1628,55.2439,54.8974,55.0103,36.8805,38.0436,50.9611,55.0411,43.9208,50.1363

8225.9270,54.8814,55.1587,55.2531,54.8924,55.0301,36.8634,37.9943,50.9497,55.0431,43.9066,50.1279

8226.9270,54.8926,55.1324,55.2360,54.8950,55.0125,36.8668,37.9828,50.9249,55.0337,43.8959,50.1179

8227.9270,54.8860,55.1482,55.2464,54.8884,55.0289,36.8564,37.9816,50.9321,55.0396,43.8942,50.1210

8228.9280,54.8897,55.1567,55.2217,54.8659,55.0028,36.8714,38.0130,50.9455,55.0274,43.9085,50.1208

8229.9270,54.8725,55.1354,55.2350,54.8903,55.0041,36.8660,38.0823,50.9685,55.0275,43.9173,50.1318

8230.9270,54.8956,55.1300,55.2327,54.8839,55.0028,36.8741,38.1118,50.9487,55.0290,43.9114,50.1349

8231.9270,54.8659,55.1278,55.2366,54.8555,55.0145,36.8752,38.1568,50.9424,55.0200,43.9088,50.1343

8232.9280,54.8824,55.1062,55.2131,54.8725,55.0020,36.8471,38.2038,50.9585,55.0152,43.9028,50.1357

8233.9280,54.8954,55.1284,55.2251,54.8726,55.0367,36.8584,38.2147,50.9526,55.0316,43.9055,50.1480

8234.9280,54.8532,55.1249,55.2125,54.8743,55.0157,36.8572,38.2210,50.9500,55.0161,43.9036,50.1386

8235.9280,54.8638,55.1075,55.2162,54.8743,54.9969,36.8423,38.1893,50.9501,55.0117,43.8962,50.1300

8236.9270,54.8631,55.1160,55.2096,54.8677,54.9861,36.8546,38.1545,50.9530,55.0085,43.9038,50.1256

8237.9270,54.8540,55.1128,55.2142,54.8507,54.9958,36.8646,38.0921,50.9394,55.0055,43.9020,50.1155

8238.9280,54.8514,55.1122,55.2140,54.8583,54.9901,36.8494,38.0171,50.9353,55.0052,43.8923,50.1035

8239.9270,54.8634,55.1099,55.2228,54.8579,54.9924,36.8442,38.0181,50.9645,55.0093,43.9043,50.1091

8240.9270,54.8658,55.1075,55.2047,54.8577,54.9872,36.8443,38.0204,50.9386,55.0046,43.8915,50.1033

8241.9270,54.8402,55.1080,55.1974,54.8509,54.9840,36.8380,38.0263,50.9485,54.9961,43.8932,50.0992

8242.9270,54.8411,55.1049,55.1984,54.8450,54.9865,36.8403,38.0337,50.9379,54.9952,43.8891,50.0985

8243.9270,54.8496,55.1180,55.2069,54.8563,54.9876,36.8284,37.9640,50.9543,55.0037,43.8914,50.0956

8244.9270,54.8428,55.1056,55.1701,54.8471,54.9936,36.8261,37.9976,50.9609,54.9918,43.8935,50.0930

8245.9270,54.8444,55.1032,55.1820,54.8272,54.9829,36.8362,38.0240,50.9727,54.9880,43.9044,50.0966

8246.9270,54.8473,55.0977,55.1733,54.8263,54.9756,36.8298,38.0242,50.9465,54.9841,43.8881,50.0901

8247.9270,54.8171,55.0925,55.1846,54.8321,54.9676,36.8253,38.0281,50.9393,54.9788,43.8823,50.0858

8248.9270,54.8216,55.0918,55.1762,54.8181,54.9568,36.8201,38.0444,50.9337,54.9729,43.8769,50.0828

8249.9280,54.8330,55.0654,55.1663,54.8239,54.9668,36.8256,38.0368,50.9543,54.9711,43.8900,50.0840

8250.9270,54.8271,55.0803,55.1747,54.8158,54.9513,36.8364,38.0438,50.9613,54.9698,43.8988,50.0863

8251.9280,54.8215,55.0847,55.1699,54.7962,54.9579,36.8321,38.0339,50.9548,54.9660,43.8934,50.0814

8252.9280,54.8108,55.0829,55.1483,54.8216,54.9584,36.8278,38.0189,50.9603,54.9644,43.8940,50.0786

8253.9280,54.8174,55.0861,55.1506,54.8262,54.9534,36.8092,38.0325,50.9626,54.9667,43.8859,50.0797

8254.9270,54.8077,55.0740,55.1450,54.7984,54.9694,36.8298,38.0489,50.9710,54.9589,43.9004,50.0805

8255.9280,54.8170,55.0725,55.1319,54.8112,54.9333,36.8122,38.0761,50.9683,54.9532,43.8902,50.0778

8256.9270,54.8198,55.0514,55.1440,54.7970,54.9325,36.8271,38.0583,50.9614,54.9489,43.8942,50.0739

8257.9280,54.8081,55.0617,55.1451,54.7922,54.9382,36.8101,38.0922,50.9653,54.9491,43.8877,50.0766

8258.9270,54.8039,55.0572,55.1475,54.7927,54.9397,36.8208,38.1184,50.9584,54.9482,43.8896,50.0798

8259.9270,54.7894,55.0509,55.1500,54.8007,54.9201,36.8197,38.1317,50.9614,54.9422,43.8906,50.0780

8260.9270,54.8058,55.0626,55.1299,54.7916,54.9317,36.8050,38.1370,50.9510,54.9443,43.8780,50.0768

8261.9270,54.7967,55.0518,55.1403,54.8089,54.9288,36.8159,38.1292,50.9521,54.9453,43.8840,50.0780

8262.9280,54.7906,55.0271,55.1331,54.7958,54.9267,36.7858,38.1403,50.9718,54.9347,43.8788,50.0714

8263.9270,54.8071,55.0429,55.1378,54.7784,54.9084,36.8175,38.1402,50.9338,54.9349,43.8757,50.0708

8264.9270,54.7854,55.0474,55.1235,54.7880,54.9184,36.8048,38.1588,50.9504,54.9325,43.8776,50.0721

8265.9270,54.7733,55.0447,55.1313,54.7691,54.9272,36.8206,38.1877,50.9661,54.9291,43.8934,50.0775

8266.9280,54.7908,55.0394,55.1352,54.7648,54.9007,36.8216,38.2651,50.9508,54.9262,43.8862,50.0836

8267.9270,54.7839,55.0314,55.1231,54.7932,54.9134,36.7870,38.3211,50.9739,54.9290,43.8805,50.0909

8268.9270,54.7664,55.0344,55.0985,54.7874,54.9123,36.8057,38.3874,50.9513,54.9198,43.8785,50.0929

8269.9270,54.7653,55.0214,55.0992,54.7472,54.9076,36.8121,38.4311,50.9331,54.9081,43.8726,50.0896

8270.9280,54.7725,55.0114,55.1072,54.7593,54.9141,36.8048,38.4896,50.9652,54.9129,43.8850,50.1030

8271.9280,54.7908,55.0100,55.1077,54.7602,54.8962,36.8034,38.5296,50.9453,54.9130,43.8743,50.1054

8272.9270,54.7536,55.0280,55.1003,54.7694,54.8966,36.7885,38.5577,50.9463,54.9096,43.8674,50.1051

8273.9270,54.7684,55.0047,55.1029,54.7619,54.9029,36.7863,38.5541,50.9459,54.9081,43.8661,50.1034

8274.9270,54.7585,55.0019,55.1079,54.7600,54.8756,36.7884,38.5334,50.9559,54.9008,43.8721,50.0977

8275.9270,54.7541,55.0233,55.1011,54.7394,54.8915,36.7853,38.5387,50.9515,54.9019,43.8684,50.0981

8276.9280,54.7853,55.0237,55.1006,54.7486,54.8785,36.8118,38.5287,50.9393,54.9073,43.8755,50.1021

8277.9270,54.7597,54.9997,55.0979,54.7463,54.8873,36.7876,38.5266,50.9468,54.8982,43.8672,50.0940

8278.9270,54.7698,55.0100,55.0846,54.7348,54.8855,36.8049,38.4976,50.9593,54.8969,43.8821,50.0933

8279.9270,54.7602,54.9818,55.0947,54.7546,54.8730,36.7947,38.4328,50.9704,54.8928,43.8826,50.0828

8280.9270,54.7742,54.9662,55.0805,54.7556,54.8787,36.7762,38.4032,50.9411,54.8911,43.8587,50.0720

8281.9270,54.7458,54.9744,55.0822,54.7458,54.8670,36.7685,38.3708,50.9450,54.8831,43.8568,50.0624

8282.9270,54.7436,54.9612,55.0828,54.7326,54.9027,36.7928,38.3223,50.9792,54.8846,43.8860,50.0646

8283.9280,54.7503,55.0038,55.0646,54.7264,54.8858,36.7655,38.2885,50.9485,54.8862,43.8570,50.0542

8284.9270,54.7285,54.9628,55.0844,54.7286,54.8766,36.7972,38.2384,50.9493,54.8762,43.8732,50.0457

8285.9270,54.7479,54.9707,55.0693,54.7324,54.8822,36.7940,38.1736,50.9295,54.8805,43.8617,50.0375

8286.9270,54.7462,54.9618,55.0655,54.7360,54.8710,36.7899,38.1299,50.9546,54.8761,43.8722,50.0319

8287.9270,54.7247,54.9603,55.0681,54.7243,54.8474,36.7844,38.0568,50.9492,54.8650,43.8668,50.0144

8288.9270,54.7429,54.9565,55.0523,54.7145,54.8606,36.7688,38.0150,50.9601,54.8654,43.8644,50.0088

8289.9270,54.7363,54.9600,55.0563,54.7227,54.8383,36.7953,37.9888,50.9332,54.8627,43.8642,50.0039

8290.9270,54.7158,54.9572,55.0591,54.7134,54.8443,36.7824,37.9825,50.9588,54.8580,43.8706,50.0017

8291.9270,54.7362,54.9698,55.0412,54.7182,54.8536,36.7728,37.9929,50.9557,54.8638,43.8642,50.0050

8292.9270,54.7146,54.9690,55.0491,54.7238,54.8395,36.7658,37.9584,50.9387,54.8592,43.8522,49.9949

8293.9270,54.7217,54.9513,55.0374,54.7116,54.8356,36.7748,37.9646,50.9258,54.8515,43.8503,49.9904

8294.9270,54.7211,54.9435,55.0223,54.7080,54.8365,36.7640,37.9589,50.9572,54.8463,43.8606,49.9889

8295.9270,54.7312,54.9502,55.0359,54.6958,54.8359,36.7765,37.9710,50.9529,54.8498,43.8647,49.9937

8296.9270,54.7036,54.9351,55.0309,54.6991,54.8305,36.7635,37.9598,50.9594,54.8398,43.8615,49.9852

8297.9270,54.7403,54.9499,55.0204,54.7052,54.8476,36.7605,37.9526,50.9292,54.8527,43.8449,49.9882

8298.9270,54.7286,54.9457,55.0121,54.7010,54.8535,36.7749,37.9539,50.9333,54.8482,43.8541,49.9879

8299.9270,54.7258,54.9283,55.0476,54.6988,54.8384,36.7762,37.9902,50.9383,54.8478,43.8573,49.9930

8300.9270,54.6904,54.9201,55.0021,54.6906,54.8316,36.7595,38.0417,50.9352,54.8270,43.8473,49.9839

8301.9270,54.7180,54.9387,55.0156,54.6815,54.8189,36.7445,38.0808,50.9425,54.8345,43.8435,49.9926

8302.9280,54.7170,54.9284,55.0113,54.6777,54.8192,36.7663,38.1288,50.9336,54.8307,43.8500,49.9978

8303.9270,54.7058,54.9133,55.0151,54.6783,54.8400,36.7490,38.1665,50.9492,54.8305,43.8491,50.0022

8304.9270,54.6729,54.9136,54.9966,54.6777,54.8279,36.7656,38.2148,50.9398,54.8177,43.8527,50.0011

8305.9270,54.7004,54.9130,55.0024,54.6817,54.8296,36.7490,38.2258,50.9401,54.8254,43.8446,50.0053

8306.9270,54.6742,54.9017,55.0026,54.6731,54.8344,36.7487,38.2446,50.9309,54.8172,43.8398,50.0013

8307.9280,54.6859,54.9062,55.0048,54.6703,54.8049,36.7316,38.2546,50.9283,54.8144,43.8300,49.9983

8308.9290,54.7069,54.9049,54.9897,54.6547,54.8072,36.7477,38.2935,50.9489,54.8127,43.8483,50.0067

8309.9270,54.7082,54.9061,55.0005,54.6429,54.8319,36.7462,38.3200,50.9484,54.8179,43.8473,50.0130

8310.9270,54.6893,54.8885,54.9880,54.6654,54.7977,36.7500,38.3490,50.9304,54.8058,43.8402,50.0073

8311.9270,54.6950,54.8864,54.9790,54.6587,54.8191,36.7436,38.3823,50.9357,54.8076,43.8396,50.0125

8312.9270,54.6947,54.8835,54.9854,54.6503,54.8019,36.7648,38.4072,50.9547,54.8032,43.8598,50.0178

8313.9270,54.6715,54.9094,54.9762,54.6606,54.7974,36.7421,38.4387,50.9328,54.8030,43.8375,50.0161

8314.9280,54.6706,54.8844,54.9586,54.6628,54.8065,36.7553,38.4649,50.9426,54.7966,43.8490,50.0182

8315.9270,54.6587,54.8871,54.9830,54.6484,54.7991,36.7563,38.4981,50.9233,54.7953,43.8398,50.0192

8316.9280,54.6746,54.8665,54.9702,54.6338,54.7988,36.7206,38.5655,50.9448,54.7888,43.8327,50.0218

8317.9280,54.6567,54.8732,54.9700,54.6474,54.7930,36.7380,38.6407,50.9384,54.7881,43.8382,50.0322

8318.9270,54.6698,54.8659,54.9544,54.6341,54.7774,36.7376,38.7173,50.9454,54.7803,43.8415,50.0378

8319.9290,54.6572,54.8616,54.9740,54.6409,54.7745,36.7207,38.7661,50.9107,54.7816,43.8157,50.0382

8320.9280,54.6694,54.8654,54.9566,54.6437,54.7654,36.7158,38.7902,50.9072,54.7801,43.8115,50.0392

8321.9270,54.6561,54.8520,54.9745,54.6395,54.7810,36.7191,38.8271,50.9377,54.7806,43.8284,50.0484

8322.9270,54.6453,54.8453,54.9624,54.6154,54.7877,36.7133,38.8590,50.9228,54.7712,43.8180,50.0439

8323.9270,54.6655,54.8439,54.9462,54.6149,54.7669,36.7226,38.8715,50.9347,54.7675,43.8286,50.0458

8324.9280,54.6457,54.8495,54.9551,54.6219,54.7883,36.6960,38.8888,50.9223,54.7721,43.8091,50.0460

8325.9270,54.6575,54.8440,54.9329,54.6329,54.7712,36.7112,38.8644,50.9304,54.7677,43.8208,50.0431

8326.9270,54.6361,54.8277,54.9558,54.6019,54.7590,36.7087,38.8553,50.9270,54.7561,43.8178,50.0339

8327.9270,54.6472,54.8512,54.9475,54.6272,54.7516,36.7195,38.8297,50.9136,54.7650,43.8165,50.0359

8328.9280,54.6412,54.8522,54.9532,54.6144,54.7499,36.7091,38.8185,50.9085,54.7622,43.8088,50.0309

8329.9270,54.6313,54.8325,54.9293,54.6076,54.7735,36.6813,38.8168,50.9281,54.7548,43.8047,50.0250

8330.9270,54.6349,54.8410,54.9193,54.6101,54.7534,36.7070,38.8327,50.9248,54.7517,43.8159,50.0279

8331.9280,54.6288,54.8430,54.9260,54.6034,54.7518,36.6961,38.8494,50.9197,54.7506,43.8079,50.0273

8332.9270,54.6339,54.8256,54.9219,54.5924,54.7541,36.6929,38.8633,50.9072,54.7456,43.8000,50.0239

8333.9270,54.6238,54.8217,54.9217,54.5889,54.7461,36.6808,38.8499,50.9354,54.7404,43.8081,50.0210

8334.9270,54.6191,54.8350,54.9170,54.5958,54.7562,36.6965,38.8022,50.9163,54.7446,43.8064,50.0173

8335.9280,54.6295,54.8223,54.9140,54.5992,54.7421,36.6908,38.7736,50.9060,54.7414,43.7984,50.0097

8336.9280,54.6358,54.8239,54.9308,54.5695,54.7386,36.6821,38.7402,50.9081,54.7397,43.7951,50.0036

8337.9270,54.6008,54.8381,54.9151,54.5925,54.7238,36.6696,38.6498,50.9202,54.7341,43.7949,49.9887

8338.9270,54.6229,54.8197,54.8934,54.6054,54.7492,36.6944,38.5939,50.9276,54.7381,43.8110,49.9883

8339.9280,54.6269,54.7929,54.8961,54.5855,54.7307,36.6788,38.5606,50.9270,54.7264,43.8029,49.9748

8340.9270,54.6013,54.7964,54.9282,54.5825,54.7540,36.6585,38.5291,50.9203,54.7325,43.7894,49.9713

8341.9270,54.6110,54.8027,54.9022,54.5727,54.7363,36.6799,38.5309,50.9124,54.7250,43.7961,49.9685

8342.9280,54.5857,54.7881,54.8969,54.5664,54.7157,36.6688,38.5460,50.9074,54.7106,43.7881,49.9594

8343.9280,54.6033,54.8028,54.8991,54.5751,54.7254,36.6810,38.5935,50.9319,54.7211,43.8064,49.9765

8344.9270,54.6027,54.8067,54.8892,54.5776,54.7228,36.6659,38.6387,50.9050,54.7198,43.7854,49.9761

8345.9290,54.6060,54.7860,54.8847,54.5510,54.7086,36.6319,38.6542,50.9088,54.7073,43.7704,49.9664

8346.9280,54.5904,54.7876,54.9001,54.5775,54.7157,36.6848,38.6655,50.9098,54.7143,43.7973,49.9789

8347.9290,54.6240,54.7887,54.9085,54.5591,54.7255,36.6613,38.6658,50.9226,54.7211,43.7919,49.9819

8348.9270,54.5930,54.7885,54.8820,54.5650,54.6917,36.6692,38.6713,50.8999,54.7040,43.7845,49.9701

8349.9270,54.6186,54.7877,54.8647,54.5702,54.7158,36.6634,38.6725,50.8965,54.7114,43.7799,49.9737

8350.9270,54.6076,54.7696,54.8534,54.5580,54.7156,36.6489,38.6627,50.9260,54.7008,43.7875,49.9677

8351.9270,54.5912,54.7707,54.8587,54.5287,54.6905,36.6547,38.6588,50.9193,54.6879,43.7870,49.9591

8352.9290,54.6078,54.7667,54.8639,54.5372,54.6953,36.6580,38.6704,50.9101,54.6942,43.7840,49.9637

8353.9270,54.5638,54.7795,54.8638,54.5297,54.7035,36.6298,38.6940,50.8947,54.6881,43.7622,49.9573

8354.9280,54.5899,54.7666,54.8500,54.5431,54.7016,36.6347,38.6612,50.9009,54.6902,43.7678,49.9560

8355.9280,54.5802,54.7539,54.8502,54.5488,54.6889,36.6590,38.5987,50.8862,54.6844,43.7726,49.9458

8356.9270,54.5672,54.7565,54.8473,54.5205,54.6924,36.6580,38.5328,50.9018,54.6768,43.7799,49.9346

8357.9280,54.5888,54.7474,54.8414,54.5308,54.6833,36.6364,38.4619,50.8916,54.6784,43.7640,49.9227

8358.9270,54.5549,54.7472,54.8380,54.5310,54.6836,36.6268,38.4163,50.8945,54.6709,43.7606,49.9115

8359.9280,54.5568,54.7467,54.8693,54.5112,54.6928,36.6470,38.3413,50.9075,54.6753,43.7773,49.9091

8360.9270,54.5464,54.7555,54.8541,54.5435,54.6841,36.6416,38.3247,50.8985,54.6767,43.7700,49.9061

8361.9270,54.5451,54.7357,54.8385,54.5209,54.6698,36.6132,38.3150,50.8893,54.6620,43.7513,49.8910

8362.9270,54.5445,54.7413,54.8441,54.5081,54.6777,36.6209,38.3092,50.8767,54.6631,43.7488,49.8903

8363.9270,54.5336,54.7361,54.8246,54.5070,54.6743,36.6290,38.3159,50.8764,54.6551,43.7527,49.8871

8364.9280,54.5534,54.7234,54.8137,54.5104,54.6612,36.6239,38.3033,50.8722,54.6524,43.7481,49.8827

8365.9280,54.5434,54.7161,54.8152,54.5037,54.6770,36.5862,38.3119,50.8890,54.6511,43.7376,49.8803

8366.9270,54.5395,54.7295,54.8355,54.4958,54.6539,36.6028,38.3686,50.8791,54.6508,43.7409,49.8881

8367.9270,54.5289,54.7191,54.8357,54.5089,54.6638,36.5990,38.4409,50.8772,54.6513,43.7381,49.8967

8368.9280,54.5514,54.7124,54.8175,54.5091,54.6492,36.6144,38.5318,50.8864,54.6479,43.7504,49.9090

8369.9270,54.5259,54.7142,54.8147,54.5004,54.6442,36.6129,38.5494,50.8812,54.6399,43.7470,49.9054

8370.9280,54.5318,54.7132,54.8150,54.4947,54.6454,36.5987,38.5954,50.8728,54.6400,43.7357,49.9084

8371.9270,54.5178,54.7224,54.8164,54.4869,54.6330,36.5924,38.6199,50.8624,54.6353,43.7274,49.9064

8372.9270,54.5289,54.6957,54.8114,54.4773,54.6377,36.5794,38.6168,50.8689,54.6302,43.7242,49.9020

8373.9280,54.5073,54.7157,54.7932,54.4881,54.6558,36.5814,38.6336,50.8773,54.6320,43.7294,49.9066

8374.9270,54.5250,54.7009,54.7930,54.4875,54.6391,36.5862,38.6469,50.8614,54.6291,43.7238,49.9050

8375.9270,54.5180,54.6810,54.8036,54.4736,54.6330,36.5781,38.6369,50.8815,54.6218,43.7298,49.9007

8376.9270,54.5069,54.6694,54.8104,54.4739,54.6196,36.5837,38.6495,50.8612,54.6160,43.7225,49.8968

8377.9270,54.5083,54.6979,54.7818,54.4749,54.6380,36.5847,38.6546,50.8760,54.6202,43.7303,49.9020

8378.9270,54.5184,54.6626,54.7870,54.4635,54.6340,36.5735,38.6882,50.8746,54.6131,43.7240,49.9002

8379.9280,54.4951,54.6839,54.7963,54.4732,54.6456,36.5788,38.7276,50.8517,54.6188,43.7153,49.9065

8380.9270,54.4968,54.6695,54.7705,54.4534,54.6479,36.5903,38.7488,50.8626,54.6076,43.7264,49.9050

8381.9270,54.5014,54.6590,54.7535,54.4631,54.6235,36.5614,38.7657,50.8493,54.6001,43.7053,49.8971

8382.9270,54.4960,54.6584,54.7837,54.4634,54.6155,36.5942,38.7584,50.8655,54.6034,43.7299,49.9044

8383.9270,54.4740,54.6602,54.7838,54.4510,54.6072,36.5598,38.7613,50.8343,54.5953,43.6970,49.8915

8384.9270,54.4883,54.6671,54.7454,54.4555,54.6072,36.5691,38.7147,50.8523,54.5927,43.7107,49.8875

8385.9280,54.4960,54.6474,54.7575,54.4547,54.6170,36.5937,38.6343,50.8484,54.5945,43.7211,49.8811

8386.9270,54.4987,54.6650,54.7576,54.4608,54.5958,36.5633,38.5960,50.8562,54.5956,43.7098,49.8742

8387.9280,54.4948,54.6531,54.7508,54.4439,54.6033,36.5640,38.5360,50.8453,54.5892,43.7047,49.8614

8388.9270,54.4991,54.6572,54.7605,54.4558,54.5876,36.5716,38.5287,50.8534,54.5920,43.7125,49.8642

8389.9270,54.4893,54.6430,54.7393,54.4452,54.5858,36.5635,38.5561,50.8592,54.5805,43.7114,49.8602

8390.9270,54.4776,54.6604,54.7632,54.4194,54.5862,36.5723,38.5895,50.8328,54.5814,43.7025,49.8627

8391.9270,54.4775,54.6544,54.7489,54.4101,54.5848,36.5694,38.6095,50.8433,54.5751,43.7063,49.8622

8392.9270,54.4651,54.6276,54.7571,54.4446,54.6073,36.5783,38.6562,50.8433,54.5804,43.7108,49.8724

8393.9280,54.4696,54.6405,54.7409,54.4160,54.5787,36.5469,38.6607,50.8367,54.5691,43.6918,49.8613

8394.9270,54.4636,54.6366,54.7444,54.4255,54.5831,36.5613,38.6910,50.8386,54.5706,43.7000,49.8680

8395.9280,54.4611,54.6382,54.7474,54.4252,54.5833,36.5424,38.6838,50.8485,54.5710,43.6955,49.8663

8396.9270,54.4679,54.6149,54.7246,54.4107,54.5919,36.5704,38.6875,50.8401,54.5620,43.7053,49.8635

8397.9280,54.4555,54.6169,54.7169,54.4155,54.5837,36.5466,38.6917,50.8281,54.5577,43.6874,49.8569

8398.9270,54.4366,54.6101,54.6977,54.4207,54.5742,36.5400,38.7416,50.8383,54.5479,43.6892,49.8574

8399.9270,54.4490,54.6023,54.7322,54.4193,54.5626,36.5381,38.8339,50.8480,54.5531,43.6930,49.8732

8400.9270,54.4430,54.6210,54.7114,54.4072,54.5791,36.5498,38.8973,50.8235,54.5523,43.6866,49.8790

8401.9270,54.4394,54.6126,54.7200,54.4015,54.5707,36.5494,38.9333,50.8319,54.5488,43.6907,49.8823

8402.9270,54.4416,54.6173,54.7270,54.3989,54.5773,36.5676,38.9598,50.8309,54.5524,43.6992,49.8900

8403.9270,54.4392,54.6004,54.7088,54.3939,54.5567,36.5413,39.0086,50.8164,54.5398,43.6788,49.8832

8404.9270,54.4328,54.6043,54.7043,54.3863,54.5573,36.5446,38.9821,50.8114,54.5370,43.6780,49.8778

8405.9270,54.4239,54.6167,54.7172,54.3881,54.5637,36.5281,38.9521,50.8140,54.5419,43.6711,49.8755

8406.9270,54.4337,54.5977,54.7046,54.4004,54.5461,36.5292,38.9154,50.8146,54.5365,43.6719,49.8677

8407.9280,54.4130,54.5937,54.7024,54.3687,54.5268,36.5264,38.8749,50.8031,54.5209,43.6648,49.8511

8408.9270,54.4376,54.6179,54.6884,54.3695,54.5506,36.5266,38.8294,50.8246,54.5328,43.6756,49.8556

8409.9270,54.4272,54.6002,54.7030,54.3877,54.5490,36.5142,38.7167,50.8118,54.5334,43.6630,49.8387

8410.9270,54.4279,54.5934,54.7086,54.3648,54.5478,36.5191,38.6479,50.8088,54.5285,43.6640,49.8273

8411.9280,54.4300,54.5716,54.6910,54.3628,54.5302,36.5250,38.5624,50.8197,54.5171,43.6723,49.8116

8412.9270,54.4055,54.5762,54.6767,54.3960,54.5357,36.5290,38.5049,50.8011,54.5180,43.6651,49.8031

8413.9280,54.4061,54.5754,54.6810,54.3689,54.5187,36.5133,38.4682,50.7953,54.5100,43.6543,49.7909

8414.9270,54.3978,54.5691,54.6645,54.3511,54.5202,36.5110,38.4412,50.8124,54.5006,43.6617,49.7834

8415.9270,54.4012,54.5564,54.6559,54.3508,54.5264,36.5280,38.4949,50.8111,54.4981,43.6696,49.7906

8416.9270,54.4031,54.5515,54.6594,54.3372,54.5193,36.4939,38.5682,50.8033,54.4941,43.6486,49.7920

8417.9280,54.3864,54.5505,54.6625,54.3444,54.5293,36.4961,38.6073,50.8009,54.4946,43.6485,49.7972

8418.9290,54.4066,54.5633,54.6643,54.3499,54.5283,36.4961,38.6502,50.7843,54.5025,43.6402,49.8054

8419.9270,54.3996,54.5603,54.6534,54.3524,54.5211,36.5100,38.6272,50.7920,54.4974,43.6510,49.8020

8420.9270,54.3995,54.5500,54.6597,54.3366,54.4726,36.4842,38.6010,50.7938,54.4837,43.6390,49.7872

8421.9270,54.3644,54.5395,54.6575,54.3385,54.5054,36.4996,38.6046,50.7835,54.4811,43.6415,49.7866

8422.9270,54.3852,54.5246,54.6652,54.3338,54.4965,36.5029,38.5782,50.7822,54.4810,43.6426,49.7836

8423.9270,54.3827,54.5281,54.6304,54.3184,54.4935,36.5060,38.6199,50.7824,54.4706,43.6442,49.7827

8424.9270,54.3761,54.5123,54.6257,54.3260,54.4989,36.4871,38.7028,50.7823,54.4678,43.6347,49.7889

8425.9270,54.3725,54.5333,54.6421,54.3130,54.4872,36.4601,38.7681,50.7648,54.4696,43.6125,49.7927

8426.9270,54.3678,54.5240,54.6309,54.3267,54.4926,36.4862,38.8632,50.7906,54.4684,43.6384,49.8103

8427.9270,54.3718,54.5229,54.6262,54.3095,54.4888,36.4618,38.9437,50.7831,54.4639,43.6224,49.8135

8428.9270,54.3609,54.5157,54.6152,54.3009,54.4806,36.4708,38.9877,50.7394,54.4547,43.6051,49.8089

8429.9270,54.3553,54.5085,54.6311,54.3274,54.4786,36.4590,39.0594,50.7702,54.4602,43.6146,49.8237

8430.9270,54.3553,54.4904,54.6283,54.2987,54.4826,36.4632,39.1173,50.7753,54.4511,43.6193,49.8264

8431.9270,54.3510,54.4992,54.6108,54.2881,54.4780,36.4538,39.1633,50.7697,54.4454,43.6117,49.8267

8432.9270,54.3644,54.5228,54.6196,54.3053,54.4495,36.4458,39.2164,50.7817,54.4523,43.6137,49.8382

8433.9280,54.3603,54.5077,54.6299,54.2939,54.4700,36.4547,39.2053,50.7683,54.4523,43.6115,49.8363

8434.9280,54.3580,54.5048,54.6209,54.3084,54.4490,36.4636,39.1367,50.7586,54.4482,43.6111,49.8250

8435.9280,54.3278,54.5043,54.6075,54.2987,54.4729,36.4592,39.0507,50.7579,54.4422,43.6086,49.8099

8436.9270,54.3265,54.4848,54.5880,54.2912,54.4650,36.4831,38.9669,50.7575,54.4311,43.6203,49.7954

8437.9270,54.3801,54.4866,54.6046,54.2866,54.4401,36.4496,38.8756,50.7503,54.4396,43.5999,49.7842

8438.9270,54.3541,54.4767,54.6297,54.2951,54.4449,36.4443,38.7967,50.7487,54.4401,43.5965,49.7738

8439.9280,54.3496,54.4864,54.5795,54.2951,54.4541,36.4425,38.7306,50.7535,54.4329,43.5980,49.7614

8440.9270,54.3336,54.4894,54.5926,54.2796,54.4516,36.4618,38.6785,50.7522,54.4294,43.6070,49.7549

8441.9270,54.3315,54.4702,54.5896,54.2803,54.4541,36.4289,38.6409,50.7335,54.4251,43.5812,49.7411

8442.9270,54.3473,54.4785,54.5762,54.2858,54.4393,36.4579,38.6046,50.7414,54.4254,43.5996,49.7413

8443.9270,54.3269,54.4685,54.5939,54.2790,54.4422,36.4568,38.5769,50.7496,54.4221,43.6032,49.7367

8444.9270,54.3255,54.4797,54.5802,54.2709,54.4406,36.4110,38.5494,50.7292,54.4194,43.5701,49.7233

8445.9270,54.3229,54.4750,54.5810,54.2740,54.4368,36.4434,38.5631,50.7391,54.4179,43.5913,49.7294

8446.9270,54.3359,54.4824,54.5705,54.2644,54.4363,36.4118,38.6188,50.7536,54.4179,43.5827,49.7342

8447.9270,54.3178,54.4582,54.5651,54.2535,54.4181,36.4369,38.7100,50.7317,54.4025,43.5843,49.7364

8448.9280,54.3103,54.4695,54.5663,54.2828,54.4280,36.4236,38.7653,50.7325,54.4114,43.5781,49.7473

8449.9270,54.3113,54.4466,54.5682,54.2543,54.4286,36.4294,38.8728,50.7373,54.4018,43.5833,49.7561

8450.9270,54.3083,54.4669,54.5623,54.2572,54.4061,36.4035,38.8940,50.7222,54.4002,43.5628,49.7526

8451.9270,54.2996,54.4396,54.5617,54.2234,54.4105,36.4212,38.9192,50.7236,54.3870,43.5724,49.7499

8452.9270,54.3101,54.4567,54.5590,54.2492,54.4184,36.4347,38.9112,50.7171,54.3987,43.5759,49.7571

8453.9280,54.2898,54.4464,54.5340,54.2335,54.4105,36.4276,38.9451,50.7355,54.3828,43.5816,49.7528

8454.9270,54.2802,54.4447,54.5544,54.2405,54.4286,36.4343,38.9345,50.7342,54.3897,43.5843,49.7564

8455.9280,54.2798,54.4136,54.5353,54.2324,54.4021,36.4138,38.9262,50.7324,54.3726,43.5731,49.7419

8456.9270,54.2842,54.4181,54.5048,54.2614,54.3988,36.4140,38.9041,50.7392,54.3735,43.5766,49.7406

8457.9270,54.2890,54.4209,54.5352,54.2342,54.3886,36.4053,38.9229,50.7241,54.3736,43.5647,49.7400

8458.9270,54.2775,54.4304,54.5254,54.2281,54.4134,36.4007,38.9350,50.7343,54.3750,43.5675,49.7431

8459.9280,54.2838,54.4265,54.5201,54.2343,54.3966,36.3963,38.9409,50.7253,54.3723,43.5608,49.7405

8460.9280,54.2862,54.4222,54.5282,54.2064,54.4000,36.4184,38.9192,50.7102,54.3686,43.5643,49.7364

8461.9270,54.2867,54.4055,54.5291,54.2050,54.3765,36.4109,38.9145,50.7088,54.3605,43.5599,49.7296

8462.9270,54.2817,54.4160,54.5294,54.2293,54.3750,36.3854,38.8773,50.7150,54.3663,43.5502,49.7261

8463.9270,54.2685,54.3970,54.5228,54.1960,54.3896,36.4037,38.8830,50.7017,54.3548,43.5527,49.7203

8464.9270,54.2734,54.4094,54.5270,54.2223,54.3841,36.3891,38.8456,50.7071,54.3632,43.5481,49.7197

8465.9270,54.2657,54.4229,54.5012,54.2297,54.3648,36.3887,38.7823,50.6910,54.3569,43.5399,49.7058

8466.9280,54.2662,54.4151,54.4986,54.1957,54.3741,36.3799,38.6611,50.7151,54.3499,43.5475,49.6882

8467.9280,54.2631,54.3806,54.5014,54.1889,54.3687,36.3618,38.6379,50.7102,54.3405,43.5360,49.6766

8468.9270,54.2579,54.4034,54.5020,54.1945,54.3725,36.3635,38.6862,50.7050,54.3461,43.5342,49.6856

8469.9270,54.2716,54.3886,54.4918,54.1788,54.3669,36.3807,38.7183,50.7039,54.3396,43.5423,49.6876

8470.9270,54.2651,54.4036,54.4994,54.2054,54.3579,36.3741,38.8036,50.7131,54.3463,43.5436,49.7028

8471.9270,54.2627,54.3766,54.4923,54.1774,54.3775,36.3563,38.8296,50.6973,54.3373,43.5268,49.6962

8472.9270,54.2437,54.3806,54.5009,54.1967,54.3442,36.3506,38.8799,50.6995,54.3332,43.5251,49.6995

8473.9280,54.2405,54.3759,54.4865,54.1836,54.3547,36.3697,38.9055,50.6926,54.3282,43.5311,49.7011

8474.9270,54.2675,54.3853,54.4886,54.1700,54.3443,36.3574,38.9314,50.6979,54.3311,43.5276,49.7053

8475.9270,54.2339,54.3632,54.4849,54.1821,54.3425,36.3574,38.9553,50.6989,54.3213,43.5282,49.7023

8476.9270,54.2591,54.3710,54.4886,54.1756,54.3300,36.3470,38.9849,50.6904,54.3249,43.5187,49.7058

8477.9270,54.2480,54.3683,54.4739,54.1678,54.3269,36.3469,39.0068,50.6839,54.3170,43.5154,49.7028

8478.9270,54.2423,54.3437,54.4695,54.1823,54.3285,36.3650,39.0491,50.6879,54.3132,43.5265,49.7085

8479.9270,54.2316,54.3693,54.4712,54.1738,54.3260,36.3491,39.0486,50.6888,54.3144,43.5189,49.7073

8480.9270,54.2354,54.3673,54.4733,54.1714,54.3447,36.3323,39.0468,50.6880,54.3184,43.5102,49.7074

8481.9270,54.2336,54.3527,54.4799,54.1609,54.3319,36.3290,39.0543,50.6787,54.3118,43.5039,49.7026

8482.9270,54.2085,54.3584,54.4676,54.1597,54.3229,36.3443,39.0881,50.6795,54.3034,43.5119,49.7036

8483.9270,54.2292,54.3566,54.4580,54.1699,54.3124,36.3475,39.1547,50.6660,54.3052,43.5068,49.7118

8484.9270,54.2158,54.3367,54.4575,54.1487,54.3095,36.3629,39.1687,50.6683,54.2937,43.5156,49.7085

8485.9270,54.2165,54.3389,54.4611,54.1582,54.3168,36.3398,39.1923,50.6639,54.2983,43.5019,49.7109

8486.9270,54.2062,54.3517,54.4739,54.1641,54.3130,36.3443,39.2014,50.6896,54.3018,43.5170,49.7180

8487.9280,54.1978,54.3400,54.4391,54.1477,54.3054,36.3195,39.1832,50.6641,54.2860,43.4918,49.6996

8488.9270,54.2051,54.3436,54.4478,54.1500,54.2961,36.3381,39.1174,50.6461,54.2885,43.4921,49.6930

8489.9280,54.2249,54.3381,54.4630,54.1518,54.3178,36.3207,39.0777,50.6608,54.2991,43.4908,49.6943

8490.9270,54.2055,54.3545,54.4402,54.1336,54.2996,36.3207,39.0356,50.6524,54.2867,43.4865,49.6803

8491.9270,54.1884,54.2944,54.4262,54.1197,54.3050,36.3346,38.9960,50.6602,54.2667,43.4974,49.6656

8492.9270,54.1809,54.3176,54.4287,54.1212,54.2964,36.3158,38.9711,50.6619,54.2690,43.4889,49.6617

8493.9270,54.1927,54.3238,54.4432,54.1210,54.3008,36.3264,38.9882,50.6456,54.2763,43.4860,49.6677

8494.9280,54.1845,54.3377,54.4262,54.1086,54.3183,36.3116,38.9776,50.6351,54.2750,43.4733,49.6624

8495.9270,54.1825,54.3248,54.4174,54.1288,54.2847,36.3110,38.9583,50.6599,54.2676,43.4854,49.6584

8496.9270,54.1934,54.3150,54.4321,54.1399,54.3058,36.3234,38.9694,50.6390,54.2772,43.4812,49.6647

8497.9280,54.1928,54.3170,54.4350,54.1128,54.2972,36.3022,38.9995,50.6402,54.2710,43.4712,49.6621

8498.9270,54.1869,54.3342,54.4134,54.1272,54.2779,36.3055,39.0150,50.6573,54.2679,43.4814,49.6647

8499.9280,54.1827,54.3137,54.4225,54.1261,54.2768,36.3032,39.0751,50.6380,54.2643,43.4706,49.6673

8500.9270,54.1584,54.3070,54.4191,54.1019,54.2679,36.2949,39.0981,50.6380,54.2509,43.4665,49.6607

8501.9280,54.1616,54.3069,54.4157,54.1175,54.2572,36.2827,39.1372,50.6246,54.2518,43.4536,49.6629

8502.9270,54.1863,54.3210,54.4045,54.1191,54.2712,36.2980,39.1231,50.6235,54.2604,43.4608,49.6683

8503.9270,54.1638,54.3126,54.4112,54.1061,54.2642,36.2920,39.0569,50.6217,54.2516,43.4568,49.6535

8504.9270,54.1591,54.2874,54.4312,54.0864,54.2644,36.2867,39.0536,50.6346,54.2457,43.4607,49.6504

8505.9280,54.1583,54.2960,54.4006,54.0987,54.2642,36.2897,38.9852,50.6361,54.2436,43.4629,49.6411

8506.9270,54.1544,54.2886,54.3979,54.0881,54.2785,36.2867,38.9159,50.6424,54.2415,43.4645,49.6316

8507.9270,54.1620,54.2962,54.4174,54.0975,54.2722,36.3023,38.8429,50.6255,54.2491,43.4639,49.6270

8508.9270,54.1701,54.2844,54.3771,54.0867,54.2545,36.3087,38.7411,50.6304,54.2346,43.4695,49.6066

8509.9270,54.1512,54.2719,54.3987,54.0991,54.2540,36.2857,38.7439,50.6179,54.2350,43.4518,49.6028

8510.9270,54.1652,54.2825,54.3913,54.0686,54.2239,36.2892,38.7361,50.6236,54.2263,43.4564,49.5976

8511.9270,54.1447,54.2872,54.3780,54.0770,54.2540,36.2698,38.7610,50.6049,54.2282,43.4373,49.5971

8512.9280,54.1460,54.2835,54.4056,54.0728,54.2452,36.2828,38.7857,50.6206,54.2306,43.4517,49.6053

8513.9280,54.1476,54.2690,54.3677,54.0809,54.2418,36.2775,38.7990,50.6208,54.2214,43.4491,49.6005

8514.9270,54.1295,54.2708,54.3930,54.0846,54.2312,36.2853,38.7858,50.6225,54.2218,43.4539,49.6003

8515.9280,54.1218,54.2785,54.3739,54.0747,54.2449,36.2685,38.7929,50.6235,54.2188,43.4460,49.5973

8516.9280,54.1101,54.2457,54.3821,54.0751,54.2369,36.2698,38.7723,50.6386,54.2100,43.4542,49.5913

8517.9270,54.1484,54.2685,54.3866,54.0699,54.2455,36.2759,38.7620,50.6285,54.2238,43.4522,49.5981

8518.9270,54.1422,54.2612,54.3497,54.0745,54.2423,36.2626,38.7530,50.5973,54.2140,43.4300,49.5853

8519.9280,54.1400,54.2617,54.3511,54.0718,54.2142,36.2487,38.7545,50.6205,54.2078,43.4346,49.5828

8520.9270,54.1328,54.2719,54.3627,54.0773,54.2276,36.2466,38.7332,50.6217,54.2145,43.4341,49.5842

8521.9280,54.1199,54.2487,54.3455,54.0578,54.2132,36.2592,38.7910,50.6041,54.1970,43.4316,49.5799

8522.9270,54.1163,54.2320,54.3616,54.0573,54.2155,36.2545,38.7734,50.5935,54.1965,43.4240,49.5755

8523.9280,54.1028,54.2613,54.3401,54.0630,54.2258,36.2498,38.7947,50.5768,54.1986,43.4133,49.5768

8524.9280,54.1100,54.2391,54.3682,54.0617,54.2069,36.2496,38.8411,50.5872,54.1972,43.4184,49.5830

8525.9270,54.1052,54.2630,54.3598,54.0592,54.2201,36.2406,38.8699,50.5977,54.2015,43.4191,49.5895

8526.9270,54.1159,54.2320,54.3592,54.0277,54.2246,36.2477,38.9022,50.5936,54.1919,43.4206,49.5879

8527.9270,54.1244,54.2375,54.3408,54.0218,54.2195,36.2609,38.9229,50.5896,54.1888,43.4253,49.5897

8528.9270,54.1111,54.2270,54.3565,54.0278,54.1989,36.2432,38.9616,50.5883,54.1843,43.4158,49.5893

8529.9280,54.1010,54.2217,54.3392,54.0294,54.1963,36.2348,38.9855,50.6041,54.1775,43.4195,49.5890

8530.9270,54.0846,54.2198,54.3208,54.0336,54.1963,36.2187,38.9260,50.5895,54.1710,43.4041,49.5737

8531.9270,54.1124,54.2269,54.3196,54.0176,54.1909,36.2310,38.8897,50.5942,54.1735,43.4126,49.5728

8532.9270,54.1105,54.2042,54.3407,54.0189,54.2024,36.2430,38.8314,50.6089,54.1753,43.4260,49.5700

8533.9280,54.0852,54.2333,54.3343,54.0153,54.2015,36.2245,38.7746,50.5762,54.1739,43.4003,49.5556

8534.9270,54.0935,54.2137,54.3174,54.0076,54.1851,36.2296,38.7312,50.5919,54.1634,43.4107,49.5462

8535.9290,54.0922,54.2154,54.3233,54.0135,54.1832,36.2161,38.7056,50.5934,54.1655,43.4047,49.5428

8536.9270,54.0949,54.2204,54.3200,54.0277,54.1725,36.2207,38.7237,50.5873,54.1671,43.4040,49.5459

8537.9270,54.0679,54.1865,54.3156,54.0017,54.1764,36.2153,38.7305,50.5829,54.1496,43.3991,49.5346

8538.9280,54.0822,54.2318,54.3286,54.0170,54.1761,36.2251,38.7431,50.5949,54.1671,43.4100,49.5498

8539.9270,54.0813,54.2029,54.2974,54.0038,54.1554,36.2229,38.7805,50.5687,54.1482,43.3958,49.5391

8540.9270,54.0886,54.2084,54.3015,53.9973,54.1844,36.2134,38.8204,50.5718,54.1560,43.3926,49.5482

8541.9270,54.0749,54.2021,54.3007,54.0259,54.1712,36.2089,38.8957,50.5743,54.1550,43.3916,49.5567

8542.9270,54.0632,54.2052,54.3043,54.0130,54.1485,36.2171,38.9342,50.5681,54.1469,43.3926,49.5567

8543.9270,54.0555,54.2057,54.3025,54.0250,54.1748,36.2037,38.9791,50.5474,54.1527,43.3755,49.5617

8544.9270,54.0610,54.1885,54.3019,53.9962,54.1617,36.2120,39.0406,50.5695,54.1419,43.3908,49.5664

8545.9270,54.0644,54.1878,54.2943,53.9988,54.1634,36.1884,39.0776,50.5614,54.1418,43.3749,49.5670

8546.9280,54.0540,54.1746,54.3060,53.9828,54.1613,36.1975,39.0909,50.5598,54.1358,43.3786,49.5659

8547.9270,54.0538,54.1814,54.2833,53.9910,54.1648,36.1823,39.1051,50.5720,54.1348,43.3771,49.5667

8548.9270,54.0607,54.1757,54.2932,53.9899,54.1503,36.1954,39.1223,50.5757,54.1339,43.3855,49.5704

8549.9270,54.0703,54.1650,54.2775,53.9815,54.1442,36.1920,39.1330,50.5525,54.1277,43.3723,49.5645

8550.9270,54.0477,54.1706,54.2715,53.9843,54.1429,36.1990,39.1292,50.5571,54.1234,43.3781,49.5628

8551.9280,54.0473,54.1748,54.2688,53.9945,54.1425,36.1771,39.0999,50.5655,54.1256,43.3713,49.5588

8552.9270,54.0482,54.1696,54.2917,53.9833,54.1447,36.1958,39.0463,50.5586,54.1275,43.3772,49.5548

8553.9280,54.0462,54.1569,54.2897,53.9605,54.1376,36.1783,39.0359,50.5321,54.1182,43.3552,49.5422

8554.9270,54.0408,54.1583,54.2722,53.9665,54.1293,36.1841,38.9927,50.5549,54.1134,43.3695,49.5374

8555.9270,54.0326,54.1621,54.2626,53.9763,54.1404,36.1954,38.9592,50.5517,54.1148,43.3735,49.5350

8556.9270,54.0342,54.1761,54.2821,53.9894,54.1254,36.1924,38.8960,50.5408,54.1214,43.3666,49.5295

8557.9270,54.0474,54.1687,54.2628,53.9520,54.1208,36.1791,38.8683,50.5439,54.1103,43.3615,49.5179

8558.9270,54.0374,54.1605,54.2614,53.9668,54.1273,36.1853,38.8750,50.5505,54.1107,43.3679,49.5205

8559.9280,54.0462,54.1536,54.2671,53.9642,54.1334,36.1817,38.8862,50.5399,54.1129,43.3608,49.5215

8560.9270,54.0447,54.1557,54.2470,53.9386,54.1105,36.1619,38.9598,50.5200,54.0993,43.3409,49.5173

8561.9280,54.0211,54.1224,54.2589,53.9583,54.1100,36.1637,39.0091,50.5295,54.0941,43.3466,49.5216

8562.9280,54.0267,54.1478,54.2322,53.9510,54.1317,36.1600,39.0894,50.5338,54.0979,43.3469,49.5341

8563.9270,54.0105,54.1369,54.2448,53.9465,54.1226,36.1674,39.1559,50.5388,54.0923,43.3531,49.5404

8564.9270,54.0377,54.1406,54.2512,53.9479,54.1042,36.1716,39.1877,50.5365,54.0963,43.3540,49.5471

8565.9270,54.0187,54.1435,54.2537,53.9430,54.0946,36.1551,39.2071,50.5557,54.0907,43.3554,49.5464

8566.9270,54.0204,54.1536,54.2573,53.9457,54.1126,36.1569,39.2210,50.5316,54.0979,43.3442,49.5499

8567.9280,54.0329,54.1427,54.2570,53.9324,54.1122,36.1574,39.1865,50.5215,54.0955,43.3394,49.5428

8568.9270,54.0073,54.1261,54.2386,53.9288,54.0920,36.1487,39.1518,50.5194,54.0786,43.3341,49.5266

8569.9270,53.9953,54.1525,54.2198,53.9399,54.1055,36.1534,39.0968,50.5333,54.0826,43.3434,49.5246

8570.9270,54.0171,54.1292,54.2399,53.9176,54.0877,36.1283,39.0135,50.5182,54.0783,43.3233,49.5065

8571.9290,54.0097,54.1075,54.2274,53.9190,54.0946,36.1377,38.8769,50.5223,54.0716,43.3300,49.4869

8572.9270,53.9906,54.1259,54.2241,53.9365,54.0914,36.1145,38.7861,50.5225,54.0737,43.3185,49.4739

8573.9270,54.0050,54.1124,54.2193,53.9197,54.0852,36.1296,38.7252,50.5143,54.0683,43.3219,49.4638

8574.9280,54.0015,54.1268,54.2458,53.9064,54.1028,36.1166,38.6722,50.5154,54.0767,43.3160,49.4609

8575.9270,54.0015,54.0970,54.2422,53.9255,54.0906,36.1186,38.6680,50.5062,54.0714,43.3124,49.4562

8576.9270,53.9899,54.1031,54.2276,53.9348,54.0787,36.1283,38.7108,50.5265,54.0668,43.3274,49.4625

8577.9270,54.0028,54.0981,54.2037,53.9045,54.0843,36.1100,38.7388,50.5163,54.0586,43.3131,49.4573

8578.9270,53.9853,54.0840,54.2016,53.9314,54.0766,36.1189,38.7066,50.4992,54.0558,43.3091,49.4505

8579.9270,53.9929,54.1079,54.2144,53.9096,54.0774,36.1140,38.6611,50.5012,54.0604,43.3076,49.4473

8580.9270,53.9885,54.0889,54.2152,53.9086,54.0672,36.0960,38.7005,50.5093,54.0537,43.3027,49.4468

8581.9270,53.9676,54.0899,54.2157,53.8962,54.0714,36.1015,38.7204,50.4990,54.0482,43.3003,49.4452

8582.9270,53.9743,54.0919,54.2183,53.9006,54.0633,36.1186,38.7244,50.4961,54.0497,43.3073,49.4484

8583.9280,53.9877,54.0726,54.2067,53.8794,54.0749,36.0980,38.6992,50.4877,54.0442,43.2928,49.4383

8584.9270,53.9879,54.0876,54.2074,53.8976,54.0576,36.0958,38.6631,50.4912,54.0476,43.2935,49.4360

8585.9280,53.9953,54.0890,54.2061,53.8967,54.0724,36.1080,38.6514,50.4954,54.0519,43.3017,49.4393

8586.9270,53.9697,54.0923,54.1969,53.8853,54.0443,36.1111,38.6410,50.4929,54.0377,43.3020,49.4292

8587.9280,53.9878,54.0805,54.2041,53.8989,54.0399,36.1070,38.6472,50.4976,54.0422,43.3023,49.4329

8588.9270,53.9866,54.0730,54.1984,53.8780,54.0361,36.0903,38.6907,50.5014,54.0344,43.2959,49.4318

8589.9270,53.9531,54.0850,54.1758,53.8798,54.0509,36.0928,38.6876,50.4836,54.0289,43.2882,49.4261

8590.9290,53.9580,54.0584,54.1944,53.9049,54.0483,36.0833,38.7238,50.4728,54.0328,43.2780,49.4305

8591.9270,53.9669,54.0744,54.1813,53.8664,54.0416,36.0905,38.7291,50.4955,54.0261,43.2930,49.4307

8592.9280,53.9636,54.0677,54.1728,53.8768,54.0515,36.1026,38.7187,50.4752,54.0265,43.2889,49.4286

8593.9280,53.9645,54.0781,54.1597,53.8526,54.0458,36.0932,38.7336,50.4728,54.0201,43.2830,49.4250

8594.9270,53.9580,54.0667,54.1571,53.8777,54.0441,36.0688,38.7312,50.4741,54.0207,43.2715,49.4222

8595.9270,53.9511,54.0665,54.1688,53.8701,54.0268,36.0805,38.7275,50.4829,54.0167,43.2817,49.4218

8596.9270,53.9481,54.0673,54.1692,53.8723,54.0286,36.0761,38.7296,50.4767,54.0171,43.2764,49.4210

8597.9270,53.9472,54.0586,54.1655,53.8760,54.0272,36.0850,38.7432,50.4754,54.0149,43.2802,49.4223

8598.9270,53.9560,54.0629,54.1846,53.8720,54.0205,36.0912,38.7111,50.4680,54.0192,43.2796,49.4208

8599.9270,53.9635,54.0672,54.1728,53.8560,54.0335,36.0735,38.6916,50.4603,54.0186,43.2669,49.4148

8600.9270,53.9434,54.0494,54.1651,53.8521,54.0296,36.0639,38.7142,50.4545,54.0079,43.2592,49.4090

8601.9270,53.9536,54.0466,54.1540,53.8686,54.0231,36.0602,38.7236,50.4555,54.0092,43.2578,49.4106

8602.9270,53.9256,54.0520,54.1641,53.8542,54.0211,36.0734,38.7670,50.4449,54.0034,43.2591,49.4128

8603.9270,53.9466,54.0434,54.1693,53.8617,54.0148,36.0914,38.7831,50.4544,54.0072,43.2729,49.4206

8604.9280,53.9302,54.0480,54.1642,53.8433,54.0134,36.0537,38.7992,50.4490,53.9998,43.2514,49.4126

8605.9270,53.9224,54.0397,54.1536,53.8590,54.0277,36.0847,38.8161,50.4270,54.0005,43.2558,49.4163

8606.9280,53.9306,54.0449,54.1431,53.8337,54.0126,36.0462,38.8616,50.4481,53.9930,43.2472,49.4151

8607.9270,53.9263,54.0393,54.1569,53.8489,54.0264,36.0661,38.8489,50.4465,53.9996,43.2563,49.4199

8608.9270,53.9466,54.0436,54.1496,53.8434,53.9799,36.0755,38.8372,50.4452,53.9926,43.2603,49.4151

8609.9270,53.9048,54.0400,54.1571,53.8390,53.9939,36.0574,38.8029,50.4458,53.9870,43.2516,49.4051

8610.9270,53.8974,54.0394,54.1372,53.8356,54.0201,36.0635,38.8136,50.4283,53.9860,43.2459,49.4044

8611.9270,53.9078,54.0206,54.1441,53.8398,54.0044,36.0787,38.8004,50.4410,53.9833,43.2599,49.4046

8612.9270,53.8939,54.0084,54.1177,53.8521,54.0001,36.0497,38.8549,50.4497,53.9744,43.2497,49.4033

8613.9270,53.9201,54.0328,54.1518,53.8309,53.9807,36.0402,38.8888,50.4560,53.9833,43.2481,49.4127

8614.9270,53.9275,54.0287,54.1213,53.8258,53.9618,36.0313,38.9182,50.4394,53.9730,43.2354,49.4068

8615.9270,53.9016,53.9966,54.1359,53.8329,53.9980,36.0420,38.8990,50.4472,53.9730,43.2446,49.4066

8616.9270,53.8995,53.9997,54.1306,53.8079,53.9896,36.0306,38.8680,50.4590,53.9655,43.2448,49.3981

8617.9270,53.8969,54.0306,54.1168,53.8301,53.9942,36.0424,38.8798,50.4282,53.9737,43.2353,49.4024

8618.9280,53.8875,54.0138,54.1037,53.8285,53.9991,36.0333,38.8773,50.4234,53.9665,43.2284,49.3958

8619.9280,53.8945,54.0153,54.1112,53.7995,53.9918,36.0301,38.8997,50.4447,53.9625,43.2374,49.3984

8620.9270,53.8858,54.0106,54.1121,53.8137,54.0134,36.0115,38.9348,50.4231,53.9671,43.2173,49.4006

8621.9280,53.9004,54.0243,54.1202,53.8122,53.9648,36.0254,38.9360,50.4215,53.9644,43.2235,49.4006

8622.9270,53.8946,53.9860,54.1266,53.8135,53.9749,36.0115,38.9287,50.4346,53.9591,43.2231,49.3963

8623.9270,53.8843,53.9956,54.1007,53.8033,53.9523,36.0240,38.9696,50.4142,53.9472,43.2191,49.3930

8624.9270,53.8930,53.9933,54.1210,53.7969,53.9652,36.0324,38.9859,50.4123,53.9539,43.2224,49.4000

8625.9280,53.8708,53.9940,54.1277,53.8133,53.9608,36.0080,39.0520,50.4076,53.9533,43.2078,49.4043

8626.9270,53.8740,53.9989,54.1119,53.7956,53.9611,36.0042,39.1582,50.4297,53.9483,43.2169,49.4167

8627.9270,53.8758,53.9870,54.1166,53.7860,53.9635,36.0117,39.2044,50.4348,53.9458,43.2233,49.4225

8628.9270,53.8819,53.9897,54.0819,53.8030,53.9621,36.0244,39.2796,50.4183,53.9437,43.2214,49.4301

8629.9270,53.8666,53.9720,54.1130,53.7788,53.9752,36.0093,39.2883,50.4181,53.9411,43.2137,49.4277

8630.9280,53.8628,53.9981,54.1060,53.8017,53.9474,36.0177,39.2733,50.4005,53.9432,43.2091,49.4260

8631.9280,53.8688,53.9749,54.0864,53.7849,53.9537,36.0312,39.2583,50.4148,53.9337,43.2230,49.4216

8632.9280,53.8622,53.9855,54.0980,53.7858,53.9426,36.0087,39.3077,50.4036,53.9348,43.2061,49.4242

8633.9270,53.8770,53.9861,54.1018,53.7717,53.9418,36.0022,39.3376,50.4083,53.9357,43.2052,49.4283

8634.9280,53.8664,53.9783,54.0899,53.7902,53.9423,36.0138,39.3757,50.4142,53.9334,43.2140,49.4338

8635.9270,53.8531,53.9662,54.0866,53.7882,53.9436,35.9915,39.4108,50.4074,53.9276,43.1995,49.4309

8636.9270,53.8668,53.9606,54.0689,53.7743,53.9315,36.0025,39.4218,50.3929,53.9204,43.1977,49.4274

8637.9270,53.8545,53.9756,54.0779,53.7635,53.9355,36.0097,39.4542,50.3940,53.9214,43.2019,49.4331

8638.9270,53.8683,53.9752,54.0771,53.7801,53.9258,35.9989,39.4397,50.3783,53.9253,43.1886,49.4304

8639.9270,53.8624,53.9737,54.0659,53.7699,53.9511,35.9906,39.4612,50.3830,53.9246,43.1868,49.4322

8640.9270,53.8395,53.9535,54.0540,53.7557,53.9360,35.9749,39.4577,50.3924,53.9077,43.1836,49.4205

8641.9270,53.8425,53.9463,54.0625,53.7669,53.9191,35.9881,39.4494,50.3801,53.9074,43.1841,49.4194

8642.9270,53.8379,53.9520,54.0479,53.7745,53.9045,35.9924,39.4518,50.3903,53.9033,43.1913,49.4189

8643.9270,53.8407,53.9462,54.0522,53.7613,53.9222,36.0004,39.4542,50.3876,53.9045,43.1940,49.4206

8644.9280,53.8381,53.9411,54.0624,53.7632,53.9167,35.9893,39.4655,50.3563,53.9043,43.1728,49.4166

8645.9280,53.8595,53.9356,54.0523,53.7636,53.9213,35.9966,39.4653,50.3796,53.9065,43.1881,49.4217

8646.9270,53.8327,53.9494,54.0573,53.7447,53.8946,35.9764,39.4503,50.3855,53.8957,43.1809,49.4114

8647.9270,53.8357,53.9349,54.0266,53.7500,53.9266,35.9584,39.4398,50.3761,53.8948,43.1673,49.4060

8648.9270,53.8320,53.9583,54.0431,53.7752,53.9080,35.9687,39.4422,50.3724,53.9033,43.1706,49.4125

8649.9280,53.8195,53.9498,54.0507,53.7418,53.9023,35.9598,39.4239,50.3770,53.8928,43.1684,49.4031

8650.9270,53.8409,53.9261,54.0349,53.7495,53.9049,35.9407,39.4203,50.3711,53.8913,43.1559,49.3985

8651.9270,53.8318,53.9164,54.0538,53.7472,53.9159,35.9535,39.4498,50.3722,53.8930,43.1628,49.4051

8652.9270,53.8131,53.9355,54.0337,53.7709,53.9106,35.9444,39.4450,50.3660,53.8928,43.1552,49.4024

8653.9280,53.8216,53.9170,54.0553,53.7367,53.9124,35.9426,39.4045,50.3716,53.8886,43.1571,49.3952

8654.9280,53.8317,53.9340,54.0543,53.7375,53.8966,35.9374,39.3416,50.3563,53.8908,43.1469,49.3862

8655.9270,53.8247,53.9353,54.0294,53.7292,53.8795,35.9467,39.3820,50.3715,53.8796,43.1591,49.3873

8656.9270,53.8308,53.9260,54.0136,53.7314,53.8850,35.9497,39.4041,50.3592,53.8773,43.1544,49.3875

8657.9270,53.8143,53.9280,54.0068,53.7371,53.8777,35.9418,39.4261,50.3588,53.8728,43.1503,49.3863

8658.9270,53.8242,53.9239,54.0271,53.7233,53.8985,35.9546,39.4230,50.3511,53.8794,43.1529,49.3907

8659.9270,53.7860,53.9166,54.0370,53.7493,53.8696,35.9500,39.4618,50.3628,53.8717,43.1564,49.3916

8660.9270,53.8040,53.9108,54.0108,53.7162,53.8817,35.9417,39.4022,50.3439,53.8647,43.1428,49.3764

8661.9270,53.7903,53.8987,54.0195,53.7165,53.8756,35.9310,39.3692,50.3592,53.8601,43.1451,49.3700

8662.9270,53.8084,53.9167,54.0006,53.7337,53.8729,35.9279,39.2971,50.3400,53.8665,43.1340,49.3622

8663.9270,53.7957,53.9137,53.9994,53.7260,53.8975,35.9276,39.2637,50.3517,53.8665,43.1397,49.3594

8664.9270,53.7867,53.8962,53.9971,53.7191,53.8892,35.9358,39.2024,50.3404,53.8577,43.1381,49.3459

8665.9270,53.7950,53.9281,54.0230,53.7113,53.8561,35.9190,39.0771,50.3506,53.8627,43.1348,49.3325

8666.9270,53.7982,53.9035,53.9989,53.6983,53.8805,35.9208,38.9664,50.3352,53.8559,43.1280,49.3127

8667.9270,53.7880,53.9005,53.9863,53.7045,53.8775,35.9240,38.9165,50.3209,53.8513,43.1224,49.3023

8668.9270,53.7900,53.8914,54.0011,53.7023,53.8499,35.9335,38.8421,50.3423,53.8469,43.1379,49.2941

8669.9270,53.7792,53.9060,54.0061,53.6967,53.8627,35.9222,38.8205,50.3371,53.8502,43.1296,49.2913

8670.9270,53.7898,53.9011,54.0104,53.6991,53.8388,35.9376,38.8158,50.3384,53.8479,43.1380,49.2914

8671.9270,53.7745,53.8877,53.9841,53.6945,53.8656,35.9188,38.8642,50.3245,53.8413,43.1216,49.2892

8672.9280,53.7857,53.8877,53.9905,53.6917,53.8430,35.8899,38.8760,50.3413,53.8397,43.1156,49.2882

8673.9270,53.7654,53.8983,53.9679,53.7010,53.8425,35.9161,38.8937,50.3153,53.8350,43.1157,49.2875

8674.9270,53.7822,53.8679,53.9768,53.6923,53.8555,35.9079,38.9135,50.3285,53.8349,43.1182,49.2906

8675.9270,53.7557,53.8759,53.9819,53.6840,53.8630,35.9077,38.8955,50.3274,53.8321,43.1175,49.2864

8676.9270,53.7680,53.8913,53.9812,53.6746,53.8309,35.8972,38.9233,50.3165,53.8292,43.1068,49.2854

8677.9270,53.7702,53.8726,53.9630,53.6859,53.8436,35.8840,38.8990,50.3090,53.8270,43.0965,49.2784

8678.9270,53.7760,53.8584,53.9672,53.6615,53.8408,35.8782,38.8773,50.3204,53.8208,43.0993,49.2725

8679.9270,53.7619,53.8763,53.9672,53.6647,53.8417,35.8972,38.8603,50.3142,53.8224,43.1057,49.2729

8680.9270,53.7710,53.8759,53.9612,53.6698,53.8611,35.8918,38.8382,50.3025,53.8278,43.0971,49.2714

8681.9270,53.7747,53.8536,53.9712,53.6692,53.8536,35.9031,38.8317,50.2974,53.8245,43.1002,49.2693

8682.9290,53.7603,53.8766,53.9609,53.6580,53.8291,35.9030,38.8428,50.2918,53.8170,43.0974,49.2653

8683.9280,53.7438,53.8507,53.9692,53.6561,53.8447,35.8764,38.8411,50.3016,53.8129,43.0890,49.2604

8684.9270,53.7250,53.8464,53.9520,53.6740,53.8335,35.8859,38.8444,50.3044,53.8062,43.0952,49.2582

8685.9270,53.7355,53.8557,53.9521,53.6597,53.8257,35.9021,38.8672,50.2882,53.8057,43.0952,49.2608

8686.9280,53.7426,53.8418,53.9543,53.6541,53.8229,35.8925,38.9051,50.3128,53.8032,43.1026,49.2658

8687.9270,53.7338,53.8413,53.9700,53.6583,53.8132,35.8682,38.9009,50.3031,53.8033,43.0856,49.2611

8688.9270,53.7341,53.8294,53.9516,53.6528,53.8119,35.8713,38.9320,50.2983,53.7959,43.0848,49.2602

8689.9270,53.7307,53.8442,53.9636,53.6417,53.8137,35.8687,38.9593,50.2972,53.7988,43.0830,49.2649

8690.9270,53.7149,53.8372,53.9428,53.6588,53.7985,35.8705,39.0161,50.2809,53.7904,43.0757,49.2649

8691.9280,53.7393,53.8331,53.9424,53.6440,53.8183,35.8751,39.0734,50.2675,53.7954,43.0713,49.2741

8692.9270,53.7266,53.8436,53.9335,53.6352,53.8039,35.8641,39.0838,50.2751,53.7886,43.0696,49.2707

8693.9270,53.7407,53.8247,53.9413,53.6301,53.8025,35.8728,39.0790,50.2864,53.7879,43.0796,49.2722

8694.9270,53.7356,53.8327,53.9180,53.6390,53.7917,35.8667,39.1247,50.2878,53.7834,43.0773,49.2745

8695.9280,53.7395,53.8125,53.9273,53.6216,53.7890,35.8660,39.1664,50.2709,53.7780,43.0685,49.2742

8696.9270,53.7202,53.8309,53.9328,53.6349,53.7788,35.8604,39.1948,50.2682,53.7795,43.0643,49.2776

8697.9270,53.7217,53.8327,53.9387,53.6385,53.7852,35.8667,39.2715,50.2771,53.7834,43.0719,49.2915

8698.9280,53.7060,53.8170,53.9276,53.6390,53.7999,35.8577,39.2952,50.2849,53.7779,43.0713,49.2909

8699.9270,53.6935,53.8243,53.9160,53.6172,53.7828,35.8488,39.3152,50.2785,53.7668,43.0637,49.2845

8700.9270,53.7025,53.8078,53.9373,53.6284,53.7801,35.8551,39.3727,50.2731,53.7712,43.0641,49.2946

8701.9270,53.7027,53.8281,53.8936,53.6317,53.7922,35.8516,39.4149,50.2604,53.7697,43.0560,49.2969

8702.9280,53.7060,53.8128,53.8981,53.6192,53.7746,35.8596,39.4164,50.2623,53.7622,43.0610,49.2936

8703.9270,53.6933,53.8130,53.9057,53.6073,53.7738,35.8402,39.4655,50.2602,53.7586,43.0502,49.2949

8704.9280,53.7216,53.7913,53.8914,53.6055,53.7540,35.8339,39.4951,50.2646,53.7528,43.0492,49.2947

8705.9270,53.7098,53.8086,53.9289,53.6070,53.7671,35.8414,39.5194,50.2439,53.7643,43.0427,49.3033

8706.9270,53.6888,53.8015,53.9089,53.6272,53.7637,35.8473,39.5355,50.2538,53.7580,43.0505,49.3033

8707.9270,53.6967,53.7966,53.8994,53.6103,53.7767,35.8390,39.6055,50.2631,53.7559,43.0510,49.3109

8708.9270,53.6899,53.7942,53.9100,53.6199,53.7785,35.8199,39.6466,50.2526,53.7585,43.0362,49.3139

8709.9270,53.6952,53.7936,53.9075,53.6013,53.7581,35.8552,39.6996,50.2626,53.7512,43.0589,49.3216

8710.9270,53.6979,53.7825,53.9158,53.5967,53.7586,35.8294,39.7833,50.2431,53.7503,43.0362,49.3259

8711.9280,53.6804,53.7771,53.9011,53.5931,53.7632,35.8443,39.7982,50.2389,53.7430,43.0416,49.3245

8712.9270,53.7032,53.7744,53.8961,53.6005,53.7453,35.8250,39.7570,50.2530,53.7439,43.0390,49.3193

8713.9270,53.6955,53.7748,53.8817,53.5857,53.7411,35.8106,39.6965,50.2531,53.7358,43.0319,49.3049

8714.9270,53.6990,53.7797,53.8719,53.6045,53.7539,35.8329,39.6288,50.2585,53.7418,43.0457,49.3037

8715.9270,53.6945,53.7901,53.8805,53.6010,53.7523,35.8223,39.5661,50.2527,53.7437,43.0375,49.2949

8716.9270,53.6779,53.7742,53.8927,53.5893,53.7503,35.8059,39.5385,50.2309,53.7369,43.0184,49.2825

8717.9280,53.6863,53.7720,53.8785,53.5940,53.7379,35.8354,39.5153,50.2259,53.7337,43.0306,49.2806

8718.9270,53.6692,53.7783,53.8922,53.5916,53.7285,35.8256,39.4939,50.2388,53.7320,43.0322,49.2773

8719.9270,53.6749,53.7697,53.8688,53.5631,53.7475,35.8173,39.4651,50.2440,53.7248,43.0306,49.2688

8720.9280,53.6736,53.7729,53.8661,53.5696,53.7374,35.8014,39.4190,50.2344,53.7239,43.0179,49.2593

8721.9270,53.6620,53.7550,53.8865,53.5840,53.7338,35.8243,39.3644,50.2195,53.7243,43.0219,49.2537

8722.9270,53.6431,53.7814,53.8625,53.5757,53.7367,35.8094,39.2974,50.2164,53.7199,43.0129,49.2403

8723.9270,53.6678,53.7788,53.8696,53.5680,53.7340,35.7914,39.2803,50.2221,53.7236,43.0067,49.2390

8724.9270,53.6615,53.7511,53.8779,53.5647,53.7123,35.8047,39.2628,50.2177,53.7135,43.0112,49.2316

8725.9270,53.6330,53.7559,53.8495,53.5645,53.7379,35.7973,39.2456,50.2330,53.7081,43.0152,49.2271

8726.9280,53.6386,53.7546,53.8380,53.5558,53.7251,35.7987,39.1897,50.2247,53.7024,43.0117,49.2157

8727.9270,53.6727,53.7496,53.8464,53.5596,53.7403,35.8142,39.1655,50.2128,53.7137,43.0135,49.2201

8728.9270,53.6461,53.7445,53.8565,53.5688,53.7413,35.8016,39.1455,50.2290,53.7114,43.0153,49.2167

8729.9270,53.6506,53.7371,53.8640,53.5564,53.7113,35.7908,39.1697,50.2146,53.7039,43.0027,49.2118

8730.9280,53.6640,53.7388,53.8430,53.5594,53.7130,35.8123,39.1823,50.1947,53.7036,43.0035,49.2134

8731.9270,53.6402,53.7352,53.8329,53.5512,53.7061,35.7821,39.2603,50.2134,53.6931,42.9977,49.2152

8732.9270,53.6399,53.7255,53.8380,53.5443,53.7149,35.7874,39.2643,50.2118,53.6925,42.9996,49.2158

8733.9280,53.6329,53.7215,53.8658,53.5228,53.6989,35.7794,39.3010,50.2056,53.6884,42.9925,49.2160

8734.9280,53.6534,53.7055,53.8503,53.5478,53.7124,35.7694,39.3483,50.2166,53.6939,42.9930,49.2255

8735.9280,53.6358,53.7384,53.8334,53.5470,53.6840,35.7889,39.3556,50.1956,53.6877,42.9922,49.2223

8736.9270,53.6488,53.7331,53.8401,53.5404,53.6990,35.7843,39.3772,50.1952,53.6923,42.9898,49.2273

8737.9270,53.6174,53.7331,53.8341,53.5261,53.6967,35.7683,39.4168,50.2021,53.6815,42.9852,49.2243

8738.9270,53.6362,53.7447,53.8379,53.5266,53.7065,35.7748,39.4539,50.2039,53.6904,42.9893,49.2355

8739.9270,53.6344,53.7271,53.8272,53.5302,53.6783,35.7767,39.4973,50.1933,53.6794,42.9850,49.2330

8740.9270,53.6183,53.7115,53.8249,53.5307,53.6649,35.7641,39.5421,50.1901,53.6700,42.9771,49.2308

8741.9270,53.6243,53.7033,53.8319,53.5170,53.6913,35.7898,39.5407,50.1910,53.6735,42.9904,49.2362

8742.9270,53.5992,53.7038,53.8067,53.5300,53.6794,35.7546,39.5797,50.1848,53.6638,42.9697,49.2298

8743.9270,53.6060,53.6994,53.8225,53.5408,53.6754,35.7625,39.5708,50.1935,53.6688,42.9780,49.2339

8744.9270,53.6167,53.7210,53.8086,53.5305,53.6887,35.7471,39.5401,50.1539,53.6731,42.9505,49.2258

8745.9280,53.6129,53.7165,53.8216,53.5237,53.6731,35.7680,39.4896,50.1949,53.6696,42.9815,49.2251

8746.9270,53.6181,53.6976,53.8060,53.5007,53.6755,35.7602,39.4427,50.1812,53.6596,42.9707,49.2103

8747.9270,53.6088,53.7120,53.8139,53.5225,53.6650,35.7629,39.4402,50.1963,53.6644,42.9796,49.2152

8748.9280,53.5955,53.7074,53.8190,53.5008,53.6493,35.7854,39.4058,50.1811,53.6544,42.9832,49.2055

8749.9270,53.6189,53.6979,53.7984,53.5083,53.6831,35.7391,39.3610,50.1653,53.6613,42.9522,49.1965

8750.9270,53.6118,53.6773,53.8174,53.5140,53.6768,35.7487,39.3291,50.1813,53.6595,42.9650,49.1946

8751.9270,53.5873,53.6961,53.8257,53.5085,53.6523,35.7500,39.2037,50.1591,53.6540,42.9546,49.1728

8752.9270,53.6000,53.6910,53.7943,53.4954,53.6412,35.7432,39.0943,50.1666,53.6444,42.9549,49.1532

8753.9280,53.5977,53.6943,53.8035,53.4909,53.6574,35.7460,39.0547,50.1593,53.6487,42.9526,49.1505

8754.9280,53.5827,53.7027,53.7857,53.5099,53.6515,35.7294,39.0638,50.1701,53.6465,42.9498,49.1495

8755.9270,53.5998,53.6834,53.7858,53.5026,53.6640,35.7107,39.0740,50.1517,53.6471,42.9312,49.1465

8756.9280,53.5866,53.6941,53.7891,53.5157,53.6526,35.7231,39.1045,50.1657,53.6476,42.9444,49.1539

8757.9270,53.5816,53.6738,53.7803,53.5087,53.6346,35.7358,39.1378,50.1621,53.6358,42.9490,49.1519

8758.9270,53.5757,53.6904,53.7858,53.4925,53.6452,35.7335,39.2087,50.1451,53.6379,42.9393,49.1596

8759.9270,53.5693,53.6840,53.7772,53.4940,53.6531,35.7200,39.2805,50.1415,53.6355,42.9307,49.1650

8760.9270,53.5896,53.6728,53.7890,53.4907,53.6511,35.7159,39.3319,50.1669,53.6387,42.9414,49.1760

8761.9270,53.6029,53.6737,53.7812,53.5045,53.6645,35.7003,39.3704,50.1589,53.6453,42.9296,49.1820

8762.9270,53.5717,53.6801,53.7834,53.5044,53.6349,35.7229,39.4330,50.1471,53.6349,42.9350,49.1847

8763.9270,53.5804,53.6893,53.7802,53.5035,53.6354,35.6962,39.4591,50.1447,53.6377,42.9205,49.1861

8764.9270,53.5604,53.6501,53.7690,53.4817,53.6261,35.7101,39.4664,50.1524,53.6175,42.9313,49.1770

8765.9270,53.5712,53.6652,53.7717,53.4780,53.6357,35.7009,39.4652,50.1438,53.6243,42.9224,49.1790

8766.9270,53.5697,53.6636,53.7734,53.4805,53.6456,35.6840,39.4021,50.1396,53.6266,42.9118,49.1698

8767.9270,53.5680,53.6751,53.7590,53.4685,53.6147,35.6804,39.3342,50.1346,53.6170,42.9075,49.1543

8768.9270,53.5478,53.6468,53.7672,53.4669,53.6422,35.6945,39.2616,50.1449,53.6142,42.9197,49.1465

8769.9280,53.5593,53.6384,53.7675,53.4618,53.6273,35.7000,39.2140,50.1448,53.6108,42.9224,49.1391

8770.9280,53.5518,53.6669,53.7619,53.4769,53.6249,35.6976,39.1644,50.1419,53.6165,42.9197,49.1358

8771.9280,53.5546,53.6551,53.7566,53.4582,53.6478,35.6977,39.1310,50.1231,53.6145,42.9104,49.1280

8772.9270,53.5449,53.6495,53.7643,53.4682,53.6236,35.6907,39.0858,50.1318,53.6101,42.9113,49.1199

8773.9270,53.5572,53.6599,53.7572,53.4732,53.6290,35.6811,39.0091,50.1187,53.6153,42.8999,49.1107

8774.9270,53.5519,53.6531,53.7550,53.4672,53.6282,35.6566,38.8606,50.1235,53.6110,42.8900,49.0870

8775.9270,53.5570,53.6592,53.7694,53.4512,53.6204,35.6659,38.7687,50.1305,53.6114,42.8982,49.0778

8776.9270,53.5240,53.6474,53.7337,53.4671,53.6216,35.6559,38.7219,50.1243,53.5988,42.8901,49.0620

8777.9280,53.5248,53.6498,53.7508,53.4801,53.6125,35.6614,38.7264,50.1293,53.6036,42.8953,49.0669

8778.9270,53.5497,53.6363,53.7576,53.4449,53.5897,35.6427,38.6751,50.1283,53.5957,42.8855,49.0531

8779.9270,53.5354,53.6325,53.7321,53.4531,53.5961,35.6393,38.6723,50.1283,53.5898,42.8838,49.0486

8780.9290,53.5509,53.6315,53.7487,53.4452,53.6214,35.6387,38.6861,50.1147,53.5995,42.8767,49.0546

8781.9270,53.5320,53.6489,53.7555,53.4502,53.5941,35.6298,38.7145,50.1105,53.5961,42.8702,49.0544

8782.9280,53.5424,53.6462,53.7532,53.4549,53.5881,35.6367,38.7307,50.1006,53.5970,42.8686,49.0566

8783.9270,53.5324,53.6175,53.7268,53.4506,53.6116,35.6368,38.7210,50.1035,53.5878,42.8702,49.0500

8784.9270,53.5262,53.6300,53.7268,53.4496,53.5972,35.6506,38.6975,50.1177,53.5860,42.8842,49.0495

8785.9270,53.5117,53.6386,53.7341,53.4375,53.5897,35.6084,38.7234,50.1013,53.5823,42.8548,49.0431

8786.9270,53.5266,53.6522,53.7412,53.4244,53.5867,35.6122,38.7660,50.0941,53.5862,42.8531,49.0504

8787.9270,53.5129,53.6346,53.7222,53.4150,53.5931,35.6049,38.8062,50.0845,53.5755,42.8447,49.0467

8788.9270,53.5218,53.6242,53.7137,53.4356,53.5892,35.6410,38.8586,50.0999,53.5769,42.8704,49.0605

8789.9280,53.5381,53.6333,53.7200,53.4322,53.5650,35.6402,38.8699,50.0991,53.5777,42.8697,49.0622

8790.9270,53.4972,53.6265,53.7210,53.4143,53.5891,35.6240,38.8691,50.1048,53.5696,42.8644,49.0557

8791.9270,53.5182,53.6255,53.7274,53.4184,53.5932,35.6140,38.8522,50.0806,53.5766,42.8473,49.0537

8792.9270,53.4997,53.6304,53.7300,53.4146,53.5695,35.5971,38.8605,50.1027,53.5688,42.8499,49.0506

8793.9270,53.4867,53.6158,53.7242,53.4092,53.5702,35.6040,38.8847,50.1049,53.5612,42.8545,49.0500

8794.9290,53.5143,53.6256,53.7211,53.4199,53.5680,35.6030,38.8990,50.0808,53.5698,42.8419,49.0540

8795.9270,53.4876,53.6131,53.7071,53.4226,53.5679,35.6148,38.9252,50.0735,53.5597,42.8441,49.0515

8796.9270,53.4914,53.6269,53.7113,53.4115,53.5868,35.5868,38.9487,50.0745,53.5656,42.8307,49.0548

8797.9270,53.4938,53.6243,53.7146,53.4246,53.5800,35.6093,38.9897,50.0755,53.5674,42.8424,49.0640

8798.9270,53.5025,53.6072,53.6994,53.4177,53.5680,35.6196,39.0410,50.0746,53.5590,42.8471,49.0663

8799.9280,53.5044,53.6148,53.7066,53.4202,53.5784,35.5972,39.0644,50.0838,53.5649,42.8405,49.0712

8800.9270,53.5104,53.6109,53.7054,53.4135,53.5800,35.6112,39.1021,50.0755,53.5640,42.8433,49.0761

8801.9270,53.4994,53.5944,53.7130,53.4173,53.5479,35.5767,39.1577,50.0811,53.5544,42.8289,49.0734

8802.9270,53.4869,53.5962,53.7184,53.4099,53.5602,35.5607,39.2024,50.0885,53.5543,42.8246,49.0779

8803.9270,53.4910,53.5937,53.7016,53.3852,53.5503,35.5705,39.2145,50.0834,53.5444,42.8269,49.0738

8804.9280,53.5030,53.6138,53.6955,53.4063,53.5613,35.5766,39.2876,50.0635,53.5560,42.8200,49.0884

8805.9280,53.4844,53.5957,53.6875,53.3956,53.5676,35.5521,39.3331,50.0693,53.5461,42.8107,49.0857

8806.9270,53.4983,53.5757,53.6873,53.3894,53.5462,35.5611,39.4171,50.0380,53.5394,42.7995,49.0891

8807.9270,53.4559,53.6158,53.6849,53.3944,53.5420,35.5695,39.4083,50.0532,53.5386,42.8113,49.0905

8808.9270,53.4676,53.6076,53.6970,53.3977,53.5448,35.5467,39.4732,50.0423,53.5429,42.7945,49.0971

8809.9270,53.4746,53.5982,53.6821,53.3870,53.5516,35.5482,39.5087,50.0424,53.5387,42.7953,49.0991

8810.9270,53.4907,53.6014,53.6697,53.3939,53.5410,35.5580,39.5828,50.0475,53.5393,42.8028,49.1106

8811.9270,53.4750,53.5623,53.7062,53.3862,53.5324,35.5552,39.6196,50.0289,53.5324,42.7921,49.1082

8812.9280,53.4905,53.6053,53.6713,53.3950,53.5555,35.5466,39.7019,50.0541,53.5435,42.8003,49.1275

8813.9270,53.4686,53.5862,53.6904,53.3519,53.5262,35.5277,39.7581,50.0323,53.5247,42.7800,49.1177

8814.9270,53.4686,53.5825,53.6719,53.3809,53.5128,35.5628,39.7753,50.0674,53.5233,42.8151,49.1278

8815.9270,53.4805,53.5981,53.6765,53.3639,53.5308,35.5379,39.7892,50.0405,53.5300,42.7892,49.1272

8816.9280,53.4634,53.5767,53.6735,53.3673,53.5315,35.5602,39.7546,50.0325,53.5225,42.7964,49.1200

8817.9270,53.4621,53.5714,53.6710,53.3629,53.5229,35.5360,39.7254,50.0326,53.5180,42.7843,49.1105

8818.9270,53.4492,53.5711,53.6716,53.3635,53.5323,35.5585,39.6895,50.0178,53.5175,42.7881,49.1067

8819.9270,53.4600,53.5767,53.6689,53.3733,53.5135,35.5456,39.6441,50.0481,53.5185,42.7969,49.1038

8820.9270,53.4293,53.5563,53.6541,53.3667,53.5139,35.5322,39.6391,50.0266,53.5040,42.7794,49.0898

8821.9270,53.4483,53.5632,53.6619,53.3713,53.5240,35.5230,39.6243,50.0193,53.5137,42.7711,49.0919

8822.9270,53.4417,53.5499,53.6583,53.3710,53.5195,35.5463,39.5963,50.0229,53.5081,42.7846,49.0882

8823.9270,53.4379,53.5696,53.6512,53.3869,53.4981,35.5381,39.6017,50.0379,53.5087,42.7880,49.0902

8824.9280,53.4436,53.5561,53.6506,53.3647,53.5265,35.5331,39.5576,50.0081,53.5083,42.7706,49.0800

8825.9280,53.4431,53.5560,53.6533,53.3563,53.5182,35.5411,39.5496,50.0349,53.5054,42.7880,49.0815

8826.9270,53.4553,53.5578,53.6574,53.3706,53.5094,35.5244,39.5298,50.0411,53.5101,42.7828,49.0807

8827.9280,53.4299,53.5593,53.6368,53.3716,53.5072,35.5436,39.5070,50.0258,53.5010,42.7847,49.0727

8828.9270,53.4424,53.5374,53.6495,53.3589,53.5134,35.5352,39.4776,50.0203,53.5003,42.7778,49.0669

8829.9270,53.4334,53.5400,53.6446,53.3407,53.5040,35.5177,39.4466,50.0104,53.4925,42.7640,49.0547

8830.9270,53.4258,53.5472,53.6510,53.3530,53.4923,35.5362,39.4371,50.0208,53.4939,42.7785,49.0579

8831.9270,53.4150,53.5500,53.6279,53.3443,53.4928,35.5313,39.4322,50.0076,53.4860,42.7695,49.0501

8832.9270,53.4250,53.5444,53.6450,53.3424,53.5034,35.5447,39.4181,50.0315,53.4920,42.7881,49.0568

8833.9270,53.4308,53.5318,53.6360,53.3408,53.5046,35.5286,39.4542,50.0013,53.4888,42.7649,49.0535

8834.9270,53.4241,53.5429,53.6383,53.3427,53.4834,35.5513,39.4973,50.0195,53.4863,42.7854,49.0624

8835.9270,53.4021,53.5567,53.6226,53.3422,53.4866,35.5294,39.5496,50.0122,53.4820,42.7708,49.0627

8836.9270,53.4465,53.5398,53.6255,53.3272,53.5144,35.5296,39.5890,49.9981,53.4907,42.7638,49.0713

8837.9270,53.4186,53.5394,53.6215,53.3328,53.4951,35.5218,39.6628,50.0001,53.4815,42.7610,49.0740

8838.9280,53.4123,53.5476,53.6394,53.3239,53.4950,35.5229,39.7110,50.0114,53.4836,42.7672,49.0829

8839.9280,53.4123,53.5219,53.6266,53.3106,53.4937,35.5099,39.7580,49.9989,53.4730,42.7544,49.0790

8840.9280,53.4071,53.5165,53.6217,53.3150,53.4824,35.5424,39.8031,49.9854,53.4685,42.7639,49.0842

8841.9270,53.4146,53.5059,53.6217,53.3237,53.4902,35.5309,39.8256,49.9878,53.4712,42.7594,49.0876

8842.9270,53.4138,53.5108,53.6178,53.3171,53.4961,35.5147,39.8742,49.9870,53.4711,42.7508,49.0914

8843.9270,53.4157,53.5214,53.6233,53.3152,53.4831,35.5240,39.9156,49.9875,53.4718,42.7557,49.0982

8844.9280,53.4015,53.5141,53.6096,53.3116,53.4495,35.5261,39.9498,49.9826,53.4573,42.7543,49.0931

8845.9280,53.4114,53.5103,53.5988,53.3087,53.4646,35.5295,39.9281,49.9814,53.4588,42.7555,49.0916

8846.9280,53.4132,53.5235,53.5987,53.3091,53.4774,35.5084,39.9169,49.9725,53.4644,42.7405,49.0900

8847.9270,53.4063,53.5233,53.5833,53.3107,53.4583,35.5136,39.8433,49.9910,53.4564,42.7523,49.0787

8848.9270,53.4032,53.5137,53.6230,53.3150,53.4732,35.5236,39.7200,49.9653,53.4656,42.7444,49.0671

8849.9270,53.3995,53.5092,53.6139,53.3188,53.4585,35.5053,39.5802,49.9616,53.4600,42.7335,49.0434

8850.9270,53.3718,53.5179,53.5926,53.3173,53.4529,35.5278,39.4655,49.9898,53.4505,42.7588,49.0295

8851.9270,53.3851,53.5057,53.6155,53.2977,53.4578,35.5183,39.4286,49.9860,53.4524,42.7522,49.0243

8852.9270,53.3754,53.5167,53.5942,53.2783,53.4600,35.5084,39.4066,49.9707,53.4449,42.7395,49.0138

8853.9270,53.3924,53.5031,53.5944,53.3094,53.4537,35.5060,39.4373,49.9817,53.4506,42.7439,49.0223

8854.9270,53.3975,53.5061,53.6264,53.2990,53.4369,35.4949,39.4379,49.9707,53.4532,42.7328,49.0212

8855.9280,53.3878,53.5104,53.5906,53.3111,53.4661,35.5275,39.4392,49.9711,53.4532,42.7493,49.0255

8856.9280,53.3850,53.4905,53.5822,53.2931,53.4453,35.5009,39.4616,49.9623,53.4392,42.7316,49.0151

8857.9270,53.3919,53.5008,53.5686,53.2753,53.4335,35.4788,39.4769,49.9567,53.4340,42.7178,49.0103

8858.9270,53.3569,53.4904,53.5859,53.2884,53.4327,35.4967,39.4793,49.9753,53.4309,42.7360,49.0132

8859.9270,53.3730,53.4799,53.5878,53.2963,53.4412,35.5154,39.4615,49.9646,53.4356,42.7400,49.0150

8860.9270,53.3772,53.4893,53.6023,53.2864,53.4132,35.4790,39.4341,49.9541,53.4337,42.7165,49.0045

8861.9280,53.3580,53.4660,53.5721,53.2866,53.4305,35.4941,39.4278,49.9750,53.4226,42.7346,49.0013

8862.9270,53.3733,53.4508,53.5836,53.2875,53.4112,35.5044,39.4828,49.9390,53.4213,42.7217,49.0041

8863.9270,53.3714,53.4902,53.5852,53.2836,53.4340,35.5082,39.5285,49.9593,53.4329,42.7337,49.0201

8864.9270,53.3717,53.4802,53.5715,53.2717,53.4286,35.4696,39.5455,49.9458,53.4247,42.7077,49.0106

8865.9270,53.3603,53.4808,53.5874,53.2723,53.4278,35.4861,39.5652,49.9283,53.4257,42.7072,49.0135

8866.9270,53.3749,53.4721,53.5736,53.2706,53.4103,35.4939,39.5926,49.9272,53.4203,42.7106,49.0144

8867.9280,53.3722,53.4760,53.5557,53.2698,53.4197,35.4968,39.5796,49.9347,53.4187,42.7157,49.0131

8868.9280,53.3630,53.4690,53.5672,53.2623,53.4109,35.4884,39.5959,49.9481,53.4145,42.7183,49.0131

8869.9270,53.3615,53.4620,53.5589,53.2619,53.4012,35.4789,39.6242,49.9425,53.4091,42.7107,49.0114

8870.9270,53.3383,53.4506,53.5548,53.2583,53.4188,35.4811,39.6823,49.9409,53.4042,42.7110,49.0156

8871.9280,53.3655,53.4454,53.5635,53.2720,53.4219,35.4820,39.7252,49.9354,53.4137,42.7087,49.0264

8872.9270,53.3505,53.4710,53.5577,53.2658,53.4166,35.5000,39.7375,49.9185,53.4123,42.7093,49.0272

8873.9280,53.3551,53.4531,53.5610,53.2635,53.3848,35.4790,39.7543,49.9333,53.4035,42.7062,49.0230

8874.9270,53.3399,53.4676,53.5585,53.2600,53.4141,35.4668,39.7720,49.9300,53.4080,42.6984,49.0261

8875.9270,53.3422,53.4583,53.5311,53.2544,53.4071,35.4734,39.7758,49.9379,53.3986,42.7057,49.0225

8876.9270,53.3451,53.4595,53.5467,53.2321,53.4120,35.4707,39.7893,49.9315,53.3991,42.7011,49.0234

8877.9280,53.3367,53.4573,53.5560,53.2700,53.3936,35.4870,39.8247,49.9315,53.4027,42.7093,49.0321

8878.9270,53.3173,53.4530,53.5540,53.2492,53.3912,35.4509,39.8088,49.9176,53.3929,42.6843,49.0178

8879.9270,53.3246,53.4372,53.5548,53.2619,53.3980,35.4761,39.8008,49.9046,53.3953,42.6903,49.0198

8880.9270,53.3274,53.4278,53.5436,53.2558,53.3937,35.4435,39.8256,49.9250,53.3897,42.6842,49.0178

8881.9270,53.3042,53.4521,53.5425,53.2455,53.3889,35.4816,39.8599,49.9276,53.3866,42.7046,49.0253

8882.9270,53.3281,53.4355,53.5438,53.2445,53.3990,35.4483,39.8020,49.9090,53.3902,42.6786,49.0138

8883.9270,53.3384,53.4470,53.5240,53.2242,53.3722,35.4677,39.7579,49.9008,53.3812,42.6842,49.0040

8884.9270,53.3173,53.4305,53.5297,53.2391,53.3890,35.4570,39.7347,49.9065,53.3811,42.6817,49.0005

8885.9270,53.3311,53.4284,53.5280,53.2388,53.3707,35.4649,39.7352,49.9088,53.3794,42.6869,49.0007

8886.9270,53.3397,53.4222,53.5218,53.2147,53.3992,35.4493,39.6884,49.9002,53.3795,42.6748,48.9919

8887.9270,53.3226,53.4301,53.5325,53.2234,53.3743,35.4577,39.6185,49.9030,53.3766,42.6803,48.9827

8888.9270,53.3227,53.4239,53.5037,53.2178,53.3829,35.4569,39.5441,49.8810,53.3702,42.6689,48.9666

8889.9270,53.3182,53.4301,53.5361,53.2211,53.3839,35.4369,39.4491,49.8898,53.3779,42.6634,48.9582

8890.9270,53.3113,53.4038,53.5232,53.2253,53.3756,35.4159,39.3540,49.9000,53.3678,42.6579,48.9386

8891.9280,53.3080,53.4018,53.5171,53.2275,53.3640,35.4480,39.2956,49.8860,53.3637,42.6670,48.9310

8892.9290,53.3028,53.4073,53.5051,53.2219,53.3713,35.4390,39.2321,49.9123,53.3617,42.6757,48.9240

8893.9270,53.3012,53.4090,53.5201,53.2222,53.3601,35.4449,39.1811,49.9038,53.3625,42.6744,48.9178

8894.9280,53.3114,53.4102,53.5052,53.2022,53.3586,35.4361,39.1257,49.8830,53.3575,42.6596,48.9041

8895.9270,53.2989,53.4266,53.5032,53.2038,53.3643,35.4299,39.0883,49.8853,53.3594,42.6576,48.9000

8896.9270,53.3037,53.3968,53.4946,53.2225,53.3585,35.4436,39.0880,49.8715,53.3552,42.6576,48.8974

8897.9270,53.2816,53.3997,53.4997,53.2299,53.3669,35.4348,39.1244,49.9016,53.3556,42.6682,48.9048

8898.9270,53.2785,53.4175,53.4991,53.2099,53.3525,35.4354,39.0975,49.8814,53.3515,42.6584,48.8965

8899.9270,53.2790,53.3976,53.5115,53.2181,53.3478,35.4167,39.0537,49.8713,53.3508,42.6440,48.8870

8900.9270,53.2941,53.4058,53.5133,53.2116,53.3643,35.4316,39.0168,49.9132,53.3578,42.6724,48.8938

8901.9270,53.3043,53.4028,53.5029,53.1971,53.3705,35.4363,39.0210,49.8699,53.3555,42.6531,48.8881

8902.9280,53.2750,53.3951,53.4970,53.2000,53.3499,35.4206,39.0525,49.8899,53.3434,42.6553,48.8850

8903.9280,53.2628,53.4043,53.4974,53.1870,53.3392,35.4167,39.0882,49.8653,53.3381,42.6410,48.8826

8904.9280,53.2691,53.3914,53.5044,53.2064,53.3499,35.4109,39.1151,49.8711,53.3442,42.6410,48.8898

8905.9270,53.2950,53.4006,53.5012,53.1972,53.3402,35.4148,39.1982,49.8708,53.3469,42.6428,48.9023

8906.9270,53.2709,53.4002,53.4745,53.1940,53.3384,35.4123,39.2890,49.8605,53.3356,42.6364,48.9050

8907.9270,53.2812,53.3756,53.5168,53.1699,53.3452,35.4069,39.3987,49.8874,53.3377,42.6472,48.9227

8908.9270,53.2621,53.4005,53.4973,53.1726,53.3498,35.4113,39.4422,49.8756,53.3365,42.6435,48.9264

8909.9270,53.2727,53.4020,53.4735,53.1954,53.3458,35.4062,39.4809,49.8544,53.3379,42.6303,48.9289

8910.9280,53.2729,53.3964,53.4697,53.1745,53.3337,35.4106,39.5128,49.8680,53.3295,42.6393,48.9299

8911.9280,53.2692,53.3811,53.4701,53.1934,53.3295,35.4134,39.5413,49.8625,53.3287,42.6379,48.9326

8912.9270,53.2914,53.3802,53.4779,53.1509,53.3433,35.3868,39.5311,49.8630,53.3287,42.6249,48.9281

8913.9270,53.2581,53.3635,53.4761,53.1721,53.3202,35.4035,39.5258,49.8587,53.3180,42.6311,48.9222

8914.9270,53.2609,53.3754,53.4668,53.1559,53.3298,35.3965,39.5212,49.8532,53.3178,42.6249,48.9200

8915.9270,53.2557,53.3669,53.4624,53.1912,53.3245,35.3987,39.5453,49.8382,53.3202,42.6185,48.9229

8916.9270,53.2605,53.3710,53.4757,53.1704,53.3318,35.4032,39.5758,49.8478,53.3219,42.6255,48.9295

8917.9270,53.2563,53.3748,53.4841,53.1889,53.3236,35.4021,39.5883,49.8684,53.3255,42.6353,48.9358

8918.9280,53.2527,53.3596,53.4776,53.1944,53.3153,35.4004,39.6239,49.8450,53.3199,42.6227,48.9336

8919.9270,53.2500,53.3743,53.4656,53.1865,53.3143,35.3823,39.6095,49.8580,53.3181,42.6202,48.9301

8920.9280,53.2623,53.3404,53.4608,53.1716,53.3289,35.3956,39.5221,49.8412,53.3128,42.6184,48.9153

8921.9270,53.2571,53.3675,53.4510,53.1706,53.2923,35.3946,39.4302,49.8388,53.3077,42.6167,48.9003

8922.9270,53.2282,53.3634,53.4524,53.1507,53.3279,35.3942,39.3832,49.8412,53.3045,42.6177,48.8926

8923.9270,53.2464,53.3696,53.4591,53.1551,53.3009,35.3809,39.3159,49.8437,53.3062,42.6123,48.8840

8924.9280,53.2432,53.3585,53.4604,53.1647,53.3146,35.3800,39.3094,49.8332,53.3083,42.6066,48.8830

8925.9280,53.2427,53.3760,53.4608,53.1536,53.3100,35.3799,39.2404,49.8594,53.3086,42.6197,48.8779

8926.9270,53.2227,53.3433,53.4522,53.1547,53.3050,35.3826,39.1428,49.8288,53.2956,42.6057,48.8540

8927.9270,53.2538,53.3634,53.4635,53.1614,53.3044,35.3936,39.0334,49.8350,53.3093,42.6143,48.8511

8928.9270,53.2414,53.3586,53.4494,53.1533,53.3014,35.3829,39.0083,49.8332,53.3008,42.6081,48.8411

8929.9270,53.2294,53.3581,53.4513,53.1436,53.2908,35.3894,39.0917,49.8276,53.2946,42.6085,48.8477

8930.9280,53.2364,53.3399,53.4492,53.1596,53.2901,35.3773,39.2210,49.8314,53.2951,42.6044,48.8631

8931.9270,53.2225,53.3607,53.4502,53.1324,53.2933,35.3581,39.3570,49.8194,53.2918,42.5887,48.8742

8932.9280,53.2254,53.3570,53.4326,53.1480,53.3109,35.3718,39.4858,49.8500,53.2948,42.6109,48.8977

8933.9270,53.2213,53.3537,53.4331,53.1171,53.2984,35.3742,39.6122,49.8542,53.2847,42.6142,48.9080

8934.9270,53.2256,53.3430,53.4510,53.1405,53.2969,35.3673,39.7153,49.8386,53.2914,42.6030,48.9223

8935.9270,53.2245,53.3339,53.4529,53.1402,53.2841,35.3573,39.7813,49.8278,53.2871,42.5926,48.9252

8936.9270,53.2061,53.3485,53.4445,53.1382,53.2858,35.3573,39.8139,49.8287,53.2846,42.5930,48.9279

8937.9270,53.2296,53.3450,53.4280,53.1374,53.2684,35.3718,39.8069,49.8223,53.2817,42.5971,48.9262

8938.9270,53.2038,53.3256,53.4308,53.1259,53.2961,35.3648,39.7678,49.8191,53.2764,42.5919,48.9167

8939.9270,53.2106,53.3405,53.4147,53.1135,53.2851,35.3623,39.7294,49.8388,53.2729,42.6006,48.9119

8940.9270,53.2124,53.3324,53.4200,53.1271,53.2687,35.3548,39.7168,49.8069,53.2721,42.5809,48.9049

8941.9280,53.2178,53.3374,53.4282,53.1266,53.2589,35.3538,39.7163,49.8202,53.2738,42.5870,48.9074

8942.9270,53.2052,53.3320,53.4339,53.1350,53.2840,35.3531,39.7403,49.8186,53.2780,42.5859,48.9128

8943.9270,53.2039,53.3209,53.4381,53.1318,53.2720,35.3602,39.7637,49.8344,53.2733,42.5973,48.9156

8944.9270,53.1982,53.3241,53.4242,53.1225,53.2544,35.3587,39.7743,49.8176,53.2647,42.5882,48.9093

8945.9270,53.1876,53.3226,53.4305,53.1210,53.2474,35.3582,39.7794,49.8232,53.2618,42.5907,48.9087

8946.9270,53.2017,53.3151,53.4027,53.1177,53.2741,35.3645,39.7656,49.8022,53.2622,42.5833,48.9054

8947.9270,53.1898,53.3289,53.4000,53.1071,53.2598,35.3389,39.7741,49.7916,53.2571,42.5653,48.8988

8948.9270,53.2040,53.3151,53.4235,53.1122,53.2685,35.3468,39.8048,49.7865,53.2647,42.5667,48.9077

8949.9270,53.1967,53.3167,53.4426,53.1086,53.2604,35.3398,39.8701,49.8050,53.2650,42.5724,48.9175

8950.9280,53.1965,53.3001,53.3937,53.1128,53.2752,35.3331,39.9314,49.7956,53.2556,42.5643,48.9173

8951.9270,53.2211,53.3163,53.4191,53.1022,53.2701,35.3547,39.9832,49.7883,53.2658,42.5715,48.9319

8952.9280,53.2079,53.3141,53.3995,53.1121,53.2426,35.3273,40.0482,49.7968,53.2552,42.5621,48.9311

8953.9270,53.1895,53.3235,53.4198,53.0997,53.2616,35.3386,40.0916,49.7895,53.2588,42.5641,48.9392

8954.9270,53.2081,53.2889,53.3946,53.1049,53.2447,35.3322,40.0624,49.7822,53.2482,42.5572,48.9272

8955.9270,53.1807,53.3048,53.4150,53.1064,53.2554,35.3353,40.0193,49.8052,53.2524,42.5702,48.9278

8956.9270,53.1768,53.2876,53.4159,53.0976,53.2581,35.3005,39.9870,49.7592,53.2472,42.5298,48.9103

8957.9280,53.1745,53.2914,53.3892,53.1125,53.2495,35.3272,39.9619,49.7971,53.2434,42.5622,48.9129

8958.9270,53.1877,53.2829,53.3853,53.1076,53.2326,35.3078,39.9263,49.7808,53.2392,42.5443,48.9014

8959.9270,53.1782,53.2876,53.3863,53.1040,53.2294,35.3262,39.8873,49.8105,53.2371,42.5684,48.9012

8960.9270,53.1810,53.2957,53.3930,53.1066,53.2431,35.3047,39.8752,49.7722,53.2439,42.5385,48.8964

8961.9270,53.1804,53.2699,53.3852,53.0817,53.2275,35.3037,39.8499,49.7568,53.2289,42.5302,48.8819

8962.9270,53.1592,53.2955,53.3790,53.0897,53.2332,35.3005,39.8574,49.7804,53.2313,42.5404,48.8869

8963.9270,53.1695,53.2846,53.3764,53.1116,53.2274,35.3057,39.8464,49.7810,53.2339,42.5434,48.8878

8964.9270,53.1720,53.2870,53.3793,53.1025,53.2174,35.3124,39.8582,49.7701,53.2316,42.5412,48.8873

8965.9270,53.1689,53.2779,53.3812,53.0837,53.2304,35.2920,39.9050,49.7619,53.2284,42.5270,48.8876

8966.9270,53.1676,53.2849,53.3711,53.0902,53.2291,35.2790,39.9307,49.7648,53.2286,42.5219,48.8897

8967.9270,53.1571,53.2744,53.3772,53.0852,53.2379,35.2875,39.9261,49.7713,53.2264,42.5294,48.8896

8968.9270,53.1553,53.2739,53.3735,53.0714,53.2250,35.2871,39.9317,49.7566,53.2198,42.5219,48.8843

8969.9270,53.1599,53.2844,53.3854,53.0749,53.2115,35.2684,39.9336,49.7830,53.2232,42.5257,48.8876

8970.9280,53.1620,53.2809,53.3657,53.0664,53.2343,35.2873,39.9450,49.7494,53.2218,42.5184,48.8864

8971.9280,53.1601,53.2613,53.3443,53.0491,53.2304,35.2779,39.9361,49.7402,53.2091,42.5090,48.8749

8972.9270,53.1551,53.2676,53.3603,53.0789,53.2095,35.2864,39.9455,49.7610,53.2143,42.5237,48.8831

8973.9280,53.1403,53.2580,53.3609,53.0721,53.2133,35.2785,39.9376,49.7707,53.2089,42.5246,48.8789

8974.9270,53.1574,53.2524,53.3704,53.0688,53.2076,35.2667,39.9692,49.7508,53.2113,42.5088,48.8804

8975.9270,53.1531,53.2589,53.3590,53.0693,53.2220,35.2695,40.0045,49.7558,53.2125,42.5126,48.8865

8976.9270,53.1437,53.2606,53.3570,53.0494,53.2099,35.2599,39.9983,49.7464,53.2041,42.5031,48.8781

8977.9270,53.1565,53.2438,53.3499,53.0574,53.2161,35.2743,39.9963,49.7569,53.2048,42.5156,48.8814

8978.9280,53.1322,53.2514,53.3663,53.0498,53.2002,35.2688,39.9559,49.7288,53.2000,42.4988,48.8692

8979.9270,53.1378,53.2613,53.3466,53.0570,53.1976,35.2764,39.9830,49.7409,53.2001,42.5086,48.8751

8980.9270,53.1286,53.2317,53.3364,53.0398,53.1943,35.2637,39.9886,49.7418,53.1861,42.5028,48.8656

8981.9270,53.1334,53.2525,53.3530,53.0453,53.1930,35.2649,39.9791,49.7324,53.1954,42.4987,48.8692

8982.9270,53.1259,53.2304,53.3324,53.0473,53.1967,35.2741,39.9463,49.7475,53.1865,42.5108,48.8626

8983.9270,53.1456,53.2692,53.3462,53.0298,53.2060,35.2600,39.9150,49.7256,53.1994,42.4928,48.8622

8984.9270,53.1374,53.2322,53.3512,53.0255,53.1865,35.2554,39.8596,49.7355,53.1866,42.4954,48.8479

8985.9270,53.1391,53.2500,53.3335,53.0369,53.1933,35.2463,39.8133,49.7297,53.1905,42.4880,48.8427

8986.9270,53.1034,53.2520,53.3148,53.0398,53.1879,35.2672,39.8449,49.7240,53.1796,42.4956,48.8418

8987.9270,53.1127,53.2412,53.3348,53.0262,53.1872,35.2542,39.8687,49.7297,53.1804,42.4919,48.8443

8988.9270,53.1247,53.2255,53.3168,53.0391,53.1775,35.2542,39.8659,49.7297,53.1767,42.4919,48.8417

8989.9270,53.1092,53.2234,53.3405,53.0246,53.1897,35.2600,39.8260,49.7187,53.1775,42.4894,48.8365

8990.9280,53.1176,53.2365,53.3182,53.0276,53.1613,35.2311,39.7702,49.7309,53.1723,42.4810,48.8242

8991.9280,53.1173,53.2331,53.3282,53.0279,53.1893,35.2327,39.6842,49.7218,53.1792,42.4772,48.8168

8992.9270,53.1186,53.2275,53.3060,53.0186,53.1630,35.2386,39.5950,49.6939,53.1667,42.4662,48.7951

8993.9280,53.1172,53.2239,53.3259,53.0150,53.1640,35.2428,39.5438,49.7230,53.1692,42.4829,48.7944

8994.9270,53.0938,53.2135,53.3210,53.0188,53.1743,35.2467,39.5094,49.7218,53.1643,42.4842,48.7874

8995.9270,53.1056,53.2003,53.3304,53.0278,53.1796,35.2442,39.4794,49.7049,53.1687,42.4745,48.7840

8996.9280,53.1033,53.2179,53.3203,53.0108,53.1663,35.2484,39.4421,49.7110,53.1637,42.4797,48.7775

8997.9280,53.0970,53.2191,53.3284,53.0272,53.1771,35.2476,39.4651,49.7139,53.1697,42.4807,48.7844

8998.9270,53.0959,53.2070,53.3080,53.0105,53.1789,35.2381,39.4445,49.7189,53.1601,42.4785,48.7752

8999.9280,53.0857,53.1912,53.3070,53.0095,53.1672,35.2264,39.4165,49.6915,53.1521,42.4590,48.7619

9000.9280,53.0812,53.1986,53.3043,53.0095,53.1599,35.2134,39.4366,49.6972,53.1507,42.4553,48.7626

9001.9270,53.0939,53.2131,53.3271,53.0194,53.1661,35.2318,39.4442,49.6862,53.1639,42.4590,48.7727

9002.9270,53.0807,53.1780,53.2957,53.0060,53.1453,35.2251,39.4762,49.6708,53.1411,42.4479,48.7597

9003.9280,53.0978,53.1912,53.3120,53.0021,53.1538,35.2381,39.5405,49.6943,53.1514,42.4662,48.7787

9004.9270,53.0864,53.2229,53.3045,53.0056,53.1311,35.2444,39.5439,49.6895,53.1501,42.4669,48.7785

9005.9270,53.0701,53.1941,53.3029,53.0160,53.1281,35.2311,39.5922,49.6999,53.1422,42.4655,48.7793

9006.9270,53.0794,53.1885,53.2955,52.9795,53.1433,35.2241,39.6015,49.6800,53.1372,42.4521,48.7740

9007.9270,53.0816,53.1928,53.2841,53.0050,53.1347,35.2133,39.6225,49.6860,53.1397,42.4497,48.7775

9008.9280,53.0911,53.1953,53.2802,52.9743,53.1418,35.2258,39.6764,49.6720,53.1365,42.4489,48.7821

9009.9270,53.0705,53.1919,53.2773,52.9991,53.1426,35.2119,39.7114,49.6860,53.1363,42.4489,48.7863

9010.9280,53.0785,53.1923,53.2841,52.9852,53.1337,35.2246,39.7717,49.6731,53.1348,42.4489,48.7929

9011.9280,53.0549,53.1823,53.2796,52.9839,53.1357,35.2110,39.7684,49.6777,53.1273,42.4444,48.7867

9012.9270,53.0619,53.1820,53.2696,52.9841,53.1303,35.2233,39.8197,49.6621,53.1256,42.4427,48.7916

9013.9270,53.0490,53.1777,53.2764,52.9747,53.1394,35.2120,39.8346,49.6718,53.1234,42.4419,48.7920

9014.9270,53.0701,53.1738,53.2698,52.9787,53.1323,35.2180,39.8005,49.6717,53.1249,42.4449,48.7894

9015.9270,53.0695,53.1776,53.2929,52.9612,53.1439,35.2146,39.6806,49.6729,53.1290,42.4438,48.7766

9016.9270,53.0638,53.1702,53.2560,52.9824,53.1337,35.2341,39.6553,49.6793,53.1212,42.4567,48.7719

9017.9270,53.0532,53.1864,53.2791,52.9705,53.1232,35.2103,39.6423,49.6802,53.1225,42.4452,48.7681

9018.9270,53.0656,53.1708,53.2829,52.9900,53.1196,35.2046,39.6562,49.6672,53.1258,42.4359,48.7696

9019.9280,53.0706,53.1588,53.2607,52.9807,53.1034,35.1937,39.6696,49.6546,53.1148,42.4242,48.7615

9020.9280,53.0308,53.1706,53.2637,52.9939,53.1069,35.2025,39.7063,49.6628,53.1132,42.4326,48.7672

9021.9270,53.0457,53.1892,53.2718,52.9627,53.1067,35.1980,39.7284,49.6713,53.1152,42.4347,48.7717

9022.9270,53.0411,53.1648,53.2663,52.9655,53.1320,35.2134,39.7442,49.6680,53.1139,42.4407,48.7744

9023.9270,53.0336,53.1540,53.2398,52.9662,53.1125,35.2240,39.7496,49.6693,53.1012,42.4466,48.7686

9024.9280,53.0361,53.1804,53.2440,52.9474,53.1186,35.1976,39.7820,49.6335,53.1053,42.4155,48.7674

9025.9280,53.0469,53.1698,53.2589,52.9641,53.0919,35.1944,39.7891,49.6678,53.1063,42.4311,48.7729

9026.9270,53.0336,53.1573,53.2602,52.9654,53.1080,35.1973,39.7813,49.6614,53.1049,42.4294,48.7706

9027.9270,53.0484,53.1664,53.2291,52.9583,53.1018,35.1721,39.7869,49.6568,53.1008,42.4145,48.7650

9028.9270,53.0522,53.1608,53.2508,52.9735,53.1013,35.1863,39.8025,49.6441,53.1077,42.4152,48.7714

9029.9270,53.0375,53.1739,53.2385,52.9358,53.1033,35.1919,39.8505,49.6399,53.0978,42.4159,48.7714

9030.9280,53.0415,53.1321,53.2498,52.9467,53.0809,35.1802,39.8886,49.6537,53.0902,42.4169,48.7717

9031.9270,53.0259,53.1487,53.2460,52.9397,53.1099,35.1731,39.9249,49.6509,53.0940,42.4120,48.7774

9032.9270,53.0253,53.1519,53.2331,52.9508,53.1063,35.1787,39.9151,49.6402,53.0935,42.4094,48.7752

9033.9280,53.0392,53.1520,53.2387,52.9310,53.0920,35.1670,39.8773,49.6268,53.0906,42.3969,48.7655

9034.9270,53.0299,53.1551,53.2474,52.9438,53.0974,35.1697,39.8251,49.6485,53.0947,42.4091,48.7646

9035.9280,53.0397,53.1479,53.2447,52.9523,53.0939,35.1741,39.7982,49.6495,53.0957,42.4118,48.7625

9036.9280,53.0173,53.1518,53.2362,52.9649,53.0766,35.1762,39.7728,49.6405,53.0894,42.4084,48.7545

9037.9270,53.0075,53.1405,53.2253,52.9444,53.0851,35.1886,39.8775,49.6344,53.0805,42.4115,48.7629

9038.9270,53.0227,53.1244,53.2425,52.9418,53.0663,35.1789,39.9931,49.6390,53.0796,42.4089,48.7761

9039.9270,53.0089,53.1446,53.2304,52.9366,53.0837,35.1859,40.0201,49.6062,53.0808,42.3961,48.7771

9040.9280,53.0100,53.1354,53.2424,52.9177,53.0810,35.1734,40.0566,49.6406,53.0773,42.4070,48.7821

9041.9270,53.0152,53.1283,53.2188,52.9300,53.0928,35.1811,40.0479,49.6153,53.0770,42.3982,48.7787

9042.9280,53.0215,53.1410,53.2106,52.9251,53.0782,35.1668,40.0183,49.6206,53.0753,42.3937,48.7728

9043.9270,53.0108,53.1332,53.2024,52.9303,53.0664,35.1434,39.9614,49.6220,53.0686,42.3827,48.7587

9044.9280,53.0238,53.1076,53.2192,52.9245,53.0633,35.1706,39.9401,49.6230,53.0677,42.3968,48.7590

9045.9270,52.9995,53.1196,53.2132,52.9143,53.0642,35.1389,39.9123,49.6162,53.0621,42.3776,48.7473

9046.9270,53.0154,53.1312,53.2128,52.9383,53.0564,35.1621,39.9121,49.6308,53.0708,42.3964,48.7574

9047.9270,52.9749,53.1258,53.2153,52.9219,53.0658,35.1589,39.8898,49.6235,53.0607,42.3912,48.7470

9048.9270,52.9852,53.1128,53.2014,52.9352,53.0556,35.1314,39.8950,49.6152,53.0580,42.3733,48.7415

9049.9270,53.0021,53.1106,53.2356,52.9238,53.0733,35.1322,39.9839,49.6100,53.0691,42.3711,48.7590

9050.9280,53.0091,53.1232,53.2154,52.9128,53.0618,35.1529,40.0273,49.6092,53.0645,42.3810,48.7639

9051.9270,53.0026,53.1093,53.2066,52.9294,53.0609,35.1187,40.0929,49.6249,53.0618,42.3718,48.7682

9052.9280,52.9994,53.1234,53.1976,52.9273,53.0537,35.1406,40.1371,49.5966,53.0603,42.3686,48.7720

9053.9290,52.9845,53.1100,53.2005,52.9052,53.0667,35.1420,40.1245,49.6118,53.0534,42.3769,48.7682

9054.9270,52.9825,53.0954,53.1928,52.9026,53.0484,35.1554,40.0456,49.5959,53.0443,42.3756,48.7523

9055.9270,52.9774,53.1220,53.2004,52.9130,53.0381,35.1455,39.9850,49.5977,53.0502,42.3716,48.7474

9056.9270,52.9824,53.1135,53.1952,52.9046,53.0633,35.1295,39.9835,49.5769,53.0518,42.3532,48.7436

9057.9280,52.9981,53.0934,53.1930,52.8936,53.0362,35.1412,39.9034,49.5819,53.0429,42.3616,48.7301

9058.9280,52.9906,53.1143,53.1914,52.8975,53.0438,35.1369,39.9070,49.5915,53.0475,42.3642,48.7341

9059.9270,52.9908,53.1211,53.1880,52.9061,53.0524,35.1207,39.8830,49.5908,53.0517,42.3557,48.7316

9060.9270,52.9642,53.0883,53.2115,52.9075,53.0468,35.1246,39.8217,49.6095,53.0437,42.3671,48.7218

9061.9270,52.9638,53.0974,53.1841,52.8963,53.0656,35.1205,39.7989,49.5924,53.0414,42.3564,48.7149

