Elapsed Time (s),Heat Exchanger Flow (GPM),Flow Raw Voltage (V), Main Loop Flow (GPM), Flow Signal Amplitude (V)
1.2170,0.0005,0.0399,0.0000,0.0000

1.6200,-0.0020,0.0347,0.0000,0.0000

2.6190,-0.0012,0.0399,0.0000,0.3478

3.6190,0.3285,1.4033,60.6757,0.3433

4.6190,0.4727,1.1255,60.4328,0.3310

5.6190,0.5704,1.1358,60.5608,0.3287

6.6190,0.6402,1.1358,60.7769,0.3429

7.6190,0.6926,1.1358,60.5058,0.2757

8.6200,0.7306,1.1100,60.5284,0.3401

9.6190,0.7639,1.1409,60.6415,0.3455

10.6190,0.8673,1.1100,60.5203,0.3425

11.6190,0.9737,1.1358,60.6242,0.3331

12.6190,1.0770,1.1100,60.7017,0.3442

13.6190,1.0487,1.1100,60.5902,0.3369

14.6190,1.0497,1.1358,60.6374,0.3240

15.6200,1.0492,1.1306,60.6880,0.3391

16.6190,1.0487,1.1306,60.8351,0.2443

17.6190,1.0472,1.1203,60.2831,0.2776

18.6190,1.0502,1.1409,60.6702,0.3343

19.6190,1.0482,1.1203,60.7000,0.2507

20.6190,1.0497,1.1255,60.4287,0.3375

21.6200,1.0487,1.1255,60.7765,0.3463

22.6190,1.0482,1.1049,60.5140,0.3124

23.6190,1.0492,1.1203,60.7976,0.3292

24.6190,1.0452,1.0946,60.6710,0.3393

25.6190,1.0562,1.2438,60.4931,0.3386

26.6190,1.0706,1.2798,60.8418,0.3425

27.6200,1.0939,1.3621,60.5228,0.3354

28.6190,1.1133,1.3416,60.1638,0.2555

29.6190,1.1337,1.3313,60.5190,0.3410

30.6190,1.1516,1.3107,60.5869,0.3192

31.6190,1.1695,1.3107,60.4655,0.2826

32.6190,1.1918,1.3364,60.5535,0.3422

33.6200,1.2048,1.2541,60.4764,0.3404

34.6190,1.2286,1.3416,60.5440,0.3440

35.6190,1.2381,1.3416,60.5932,0.3301

36.6190,1.2445,1.3467,60.6011,0.3362

37.6200,1.2450,1.3673,60.5355,0.3283

38.6190,1.2435,1.3261,60.6171,0.3146

39.6210,1.2455,1.3519,60.6575,0.3355

40.6190,1.2500,1.3570,60.4199,0.3362

41.6190,1.2535,1.3467,60.6496,0.3353

42.6190,1.2545,1.3467,60.4305,0.3054

43.6190,1.2649,1.3621,60.6593,0.3340

44.6200,1.2664,1.3570,60.5109,0.3460

45.6190,1.2694,1.3724,60.6032,0.3092

46.6190,1.2684,1.3364,60.4087,0.3297

47.6190,1.2679,1.3621,60.5153,0.3294

48.6190,1.2709,1.3570,60.7349,0.3384

49.6190,1.2729,1.3724,60.6860,0.3368

50.6190,1.2729,1.3570,60.4874,0.2620

51.6190,1.2744,1.3621,60.3614,0.2545

52.6190,1.2753,1.3570,60.7655,0.3472

53.6190,1.2659,1.2644,60.5832,0.3377

54.6190,1.2654,1.3519,60.5604,0.3337

55.6190,1.2634,1.3519,60.4348,0.3202

56.6200,1.2664,1.3673,60.5231,0.3235

57.6190,1.2694,1.3930,60.5984,0.3432

58.6190,1.2704,1.3673,60.8448,0.3428

59.6190,1.2719,1.3879,60.6648,0.3410

60.6190,1.2744,1.3827,60.3052,0.3420

61.6190,1.2729,1.3467,60.6106,0.3301

62.6200,1.2724,1.3519,60.6267,0.3394

63.6190,1.2838,1.3827,60.6685,0.3283

64.6190,1.2808,1.3210,60.5689,0.3415

65.6190,1.2833,1.3776,60.6789,0.3402

66.6190,1.2838,1.3724,60.5176,0.3299

67.6190,1.2823,1.3776,60.5289,0.3274

68.6190,1.2838,1.3827,60.7579,0.3434

69.6190,1.2843,1.3930,60.5991,0.3446

70.6190,1.2828,1.3673,60.7301,0.3405

71.6190,1.2868,1.3879,60.3009,0.3191

72.6190,1.2898,1.3827,60.6839,0.3409

73.6200,1.2893,1.3776,60.3848,0.3380

74.6190,1.2883,1.3107,60.3817,0.3271

75.6190,1.2903,1.3982,60.6211,0.2930

76.6190,1.2913,1.3827,60.7589,0.3442

77.6190,1.2888,1.3519,60.3968,0.3049

78.6190,1.2883,1.3776,60.6381,0.3370

79.6200,1.2883,1.3930,60.5224,0.3254

80.6190,1.2893,1.3776,60.4770,0.2914

81.6190,1.2898,1.3930,60.6644,0.3084

82.6190,1.2898,1.3827,60.5699,0.3455

83.6200,1.2922,1.4033,60.4611,0.2983

84.6190,1.2992,1.3827,60.5326,0.3251

85.6190,1.2992,1.3982,60.6108,0.2972

86.6200,1.2992,1.3827,60.6345,0.3460

87.6190,1.3022,1.3827,60.6067,0.2959

88.6190,1.3017,1.3724,60.4042,0.3005

89.6190,1.2992,1.3673,60.3745,0.2960

90.6190,1.3017,1.4033,60.6521,0.3406

91.6190,1.3012,1.3879,60.5928,0.3388

92.6190,1.3002,1.3724,60.5911,0.3180

93.6210,1.2967,1.3673,60.6556,0.3056

94.6190,1.2957,1.3724,60.5494,0.3372

95.6190,1.2957,1.3982,60.6190,0.3419

96.6190,1.2987,1.4136,60.7440,0.3392

97.6190,1.3007,1.4033,60.5538,0.3040

98.6190,1.3032,1.3982,60.4164,0.3147

99.6190,1.3062,1.3982,60.5225,0.2842

100.6200,1.3052,1.3930,60.5926,0.3082

101.6190,1.3062,1.3982,60.4611,0.2698

102.6190,1.3091,1.4033,60.5709,0.3339

103.6190,1.3151,1.4290,60.7451,0.3479

104.6190,1.3181,1.4033,60.6782,0.3025

105.6190,1.3191,1.4085,60.3617,0.3278

106.6190,1.3201,1.4239,60.4325,0.3216

107.6190,1.3211,1.4136,60.4439,0.3376

108.6190,1.3211,1.3982,60.6572,0.3362

109.6190,1.3226,1.4136,60.5124,0.3217

110.6190,1.3226,1.3930,60.4095,0.3260

111.6190,1.3211,1.3827,60.5342,0.3368

112.6190,1.3221,1.4136,60.5017,0.3236

113.6190,1.3156,1.3621,60.4092,0.2975

114.6200,1.3121,1.3673,60.6394,0.3126

115.6190,1.3146,1.4342,60.5724,0.3408

116.6190,1.3121,1.3982,60.5842,0.3381

117.6190,1.3136,1.4290,60.4527,0.3212

118.6190,1.3116,1.3776,60.5935,0.3355

119.6190,1.3106,1.4033,60.5237,0.3257

120.6190,1.3121,1.4085,60.6976,0.3439

121.6190,1.3136,1.3982,60.5686,0.3358

122.6190,1.3131,1.4085,60.5117,0.2672

123.6190,1.3161,1.3930,60.3999,0.3190

124.6200,1.3191,1.3982,60.3801,0.3253

125.6200,1.3161,1.4033,60.4987,0.3451

126.6200,1.3171,1.4085,60.5826,0.3347

127.6190,1.3141,1.3982,60.4015,0.3175

128.6190,1.3171,1.4085,60.6756,0.3422

129.6190,1.3176,1.4085,60.5646,0.3324

130.6200,1.3176,1.4085,60.4734,0.3274

131.6190,1.3196,1.4187,60.6962,0.3368

132.6190,1.3176,1.3879,60.5879,0.3462

133.6190,1.3176,1.3930,60.5625,0.2957

134.6190,1.3171,1.3930,60.3010,0.3316

135.6200,1.3171,1.4033,60.4322,0.3364

136.6200,1.3161,1.3982,60.5122,0.3258

137.6190,1.3171,1.4085,60.5276,0.3285

138.6190,1.3156,1.3930,60.7331,0.3289

139.6190,1.3156,1.4085,60.7733,0.3093

140.6190,1.3156,1.4085,60.7210,0.2984

141.6190,1.3131,1.3930,60.8290,0.3182

142.6190,1.3156,1.4136,60.5934,0.3354

143.6200,1.3171,1.4085,60.3315,0.3413

144.6190,1.3191,1.4136,60.5493,0.2572

145.6190,1.3171,1.3827,60.7061,0.3422

146.6190,1.3181,1.4085,60.8003,0.3320

147.6190,1.3186,1.4136,60.6603,0.3246

148.6190,1.3201,1.4085,60.4384,0.3385

149.6190,1.3206,1.4136,60.7700,0.3368

150.6190,1.3216,1.4187,60.6822,0.3399

151.6200,1.3231,1.4085,60.4830,0.3261

152.6190,1.3236,1.4187,60.4855,0.3366

153.6190,1.3231,1.4033,60.7250,0.3160

154.6190,1.3236,1.4187,60.5347,0.3247

155.6190,1.3270,1.4187,60.5938,0.3344

156.6200,1.3290,1.4290,60.7362,0.3174

157.6190,1.3320,1.4445,60.6269,0.2307

158.6200,1.3350,1.4393,60.7070,0.3044

159.6200,1.3405,1.4702,60.4227,0.2584

160.6200,1.3454,1.4702,60.5952,0.3303

161.6200,1.3539,1.4959,60.4568,0.3323

162.6200,1.3603,1.4856,60.4558,0.3225

163.6210,1.3743,1.5474,60.5040,0.3396

164.6190,1.3792,1.4702,60.5738,0.3339

165.6200,1.3857,1.4856,60.4533,0.2625

166.6200,1.3936,1.5114,60.6645,0.3245

167.6190,1.3986,1.4959,60.7146,0.3221

168.6190,1.4036,1.4908,60.5241,0.3196

169.6190,1.4061,1.4959,60.5430,0.3394

170.6190,1.4090,1.5011,60.7318,0.3359

171.6200,1.4095,1.5011,60.6462,0.3365

172.6190,1.4125,1.5165,60.7329,0.3399

173.6210,1.4076,1.4959,60.6411,0.3264

174.6200,1.4081,1.4753,60.5465,0.3103

175.6190,1.4085,1.4908,60.4640,0.3335

176.6200,1.4061,1.4856,60.4581,0.2871

177.6200,1.4066,1.5011,60.5534,0.3103

178.6200,1.4071,1.4959,60.6636,0.3424

179.6190,1.4085,1.5114,60.6147,0.3229

180.6190,1.4066,1.4805,60.5067,0.3081

181.6190,1.4066,1.5011,60.7334,0.3357

182.6190,1.4051,1.5011,60.4724,0.3428

183.6210,1.4071,1.5165,60.5237,0.2784

184.6200,1.4081,1.4856,60.6384,0.3396

185.6190,1.4066,1.4753,60.4203,0.3037

186.6190,1.4085,1.5062,60.5713,0.3378

187.6190,1.4081,1.4959,60.6806,0.3154

188.6200,1.4066,1.4805,60.5962,0.3205

189.6190,1.4026,1.4702,60.7053,0.3163

190.6200,1.4036,1.4908,60.7638,0.3376

191.6190,1.4031,1.4959,60.4040,0.2705

192.6190,1.4016,1.4856,60.6757,0.3421

193.6190,1.3996,1.4959,60.4574,0.3079

194.6190,1.4021,1.5114,60.4872,0.3305

195.6190,1.4031,1.4856,60.5518,0.3417

196.6190,1.4478,1.9693,60.5878,0.3281

197.6210,1.4891,1.9230,60.5961,0.3387

198.6200,1.5363,1.9693,60.5920,0.3419

199.6200,1.5835,1.9590,60.6977,0.2915

200.6190,1.6297,1.9693,60.5466,0.3275

201.6190,1.6749,1.9641,60.6188,0.3367

202.6190,1.7217,1.9693,60.3646,0.3111

203.6190,1.7669,1.9641,60.5898,0.3207

204.6190,1.8096,1.9538,60.5793,0.3313

205.6200,1.8554,1.9590,60.6460,0.3150

206.6190,1.8529,1.9435,60.4948,0.3248

207.6190,1.8534,1.9281,60.6317,0.2887

208.6190,1.8529,1.9641,60.5337,0.2788

209.6190,1.8539,1.9693,60.8161,0.3441

210.6190,1.8539,1.9693,60.6976,0.3464

211.6190,1.8514,1.9384,60.5637,0.3358

212.6190,1.8509,1.9641,60.4042,0.3263

213.6200,1.8524,1.9796,60.6247,0.3333

214.6200,1.8519,1.9487,60.4832,0.3021

215.6190,1.8524,1.9641,60.3833,0.3191

216.6190,1.8539,1.9590,60.4299,0.3249

217.6200,1.8583,1.9744,60.4709,0.3231

218.6190,1.8598,1.9796,60.4822,0.2708

219.6200,1.8593,1.9641,60.7617,0.2742

220.6200,1.8579,1.9538,60.5968,0.3164

221.6190,1.8608,1.9693,60.4073,0.3331

222.6190,1.8608,1.9641,60.5342,0.3073

223.6190,1.8593,1.9641,60.5026,0.3041

224.6190,1.8618,1.9744,60.6322,0.2660

225.6190,1.8608,1.9538,60.6984,0.2909

226.6200,1.8608,1.9590,60.6056,0.3389

227.6190,1.8613,1.9796,60.7675,0.3249

228.6190,1.8583,1.9487,60.6061,0.3318

229.6200,1.8583,1.9641,60.2870,0.3236

230.6190,1.8583,1.9538,60.5678,0.3333

231.6190,1.8603,1.9898,60.5154,0.3322

232.6190,1.8608,1.9693,60.8173,0.3414

233.6190,1.8598,1.9538,60.5262,0.3397

234.6190,1.8593,1.9693,60.4979,0.2719

235.6200,1.8613,1.9744,60.5217,0.2962

236.6190,1.8613,1.9590,60.6352,0.3260

237.6190,1.8588,1.9538,60.6097,0.3230

238.6200,1.8608,1.9693,60.5361,0.3399

239.6190,1.8603,1.9590,60.5919,0.3326

240.6190,1.8618,1.9693,60.7807,0.3460

241.6190,1.8583,1.9538,60.6062,0.3407

242.6210,1.8569,1.9538,60.6482,0.3251

243.6190,1.8559,1.9435,60.4964,0.3061

244.6190,1.8549,1.9590,60.4337,0.3075

245.6190,1.8529,1.9538,60.4029,0.3282

246.6200,1.8529,1.9590,60.4893,0.3095

247.6200,1.8539,1.9641,60.4662,0.2982

248.6190,1.8534,1.9641,60.6139,0.3379

249.6190,1.8519,1.9435,60.4254,0.3336

250.6190,1.8499,1.9487,60.6163,0.3345

251.6190,1.8504,1.9590,60.5667,0.3061

252.6190,1.8499,1.9487,60.5357,0.3420

253.6190,1.8509,1.9538,60.6412,0.3275

254.6190,1.8474,1.9230,60.2097,0.2950

255.6210,1.8489,1.9693,60.4739,0.3200

256.6190,1.8489,1.9590,60.5197,0.3186

257.6200,1.8489,1.9641,60.4755,0.3292

258.6190,1.8494,1.9693,60.4682,0.3340

259.6190,1.8603,2.0567,60.4170,0.3365

260.6190,1.8608,1.9538,60.6809,0.3420

261.6190,1.8618,1.9693,60.6400,0.3337

262.6190,1.8643,1.9744,60.4354,0.3414

263.6200,1.8643,1.9538,60.5535,0.3427

264.6190,1.8713,1.9950,60.5508,0.3345

265.6190,1.8708,1.9641,60.6062,0.3347

266.6190,1.8708,1.9590,60.6143,0.3295

267.6200,1.8698,1.9538,60.4833,0.3350

268.6190,1.8693,1.9641,60.5646,0.3465

269.6190,1.8588,1.9487,60.5126,0.3451

270.6190,1.8569,1.9333,60.3582,0.2937

271.6190,1.8549,1.9487,60.4727,0.3364

272.6190,1.8534,1.9590,60.4809,0.2982

273.6190,1.8534,1.9538,60.6178,0.3356

274.6190,1.8499,1.9590,60.4723,0.3298

275.6200,1.8499,1.9641,60.3597,0.3282

276.6190,1.8494,1.9538,60.5461,0.3103

277.6190,1.8509,1.9693,60.7018,0.3408

278.6190,1.8504,1.9590,60.4494,0.2911

279.6190,1.8549,1.9950,60.4789,0.3012

280.6190,1.8603,1.9898,60.4292,0.3094

281.6200,1.8618,1.9641,60.5320,0.3416

282.6200,1.8603,1.9435,60.6326,0.3027

283.6190,1.8613,1.9641,60.5466,0.3379

284.6200,1.8643,1.9898,60.5183,0.3279

285.6190,1.8638,1.9590,60.4750,0.3408

286.6190,1.8683,2.0001,60.5157,0.3272

287.6190,1.8673,1.9590,60.4362,0.3330

288.6190,1.8668,1.9538,60.2795,0.2455

289.6190,1.8623,1.9487,60.6214,0.3419

290.6190,1.8593,1.9590,60.5134,0.3244

291.6190,1.8583,1.9538,60.8097,0.3403

292.6190,1.8613,1.9744,60.5645,0.3444

293.6190,1.8633,1.9847,60.3803,0.3179

294.6190,1.8608,1.9641,60.6594,0.3396

295.6190,1.8598,1.9487,60.5869,0.3234

296.6190,1.8544,1.9435,60.2039,0.2899

297.6190,1.8554,1.9693,60.4842,0.3263

298.6200,1.8554,1.9538,60.6225,0.3330

299.6200,1.8564,1.9590,60.4924,0.3444

300.6190,1.8569,1.9641,60.4516,0.3234

301.6190,1.8559,1.9435,60.6970,0.3094

302.6190,1.8529,1.9435,60.5371,0.3050

303.6190,1.8514,1.9693,60.3522,0.2533

304.6190,1.8519,1.9693,60.3849,0.3321

305.6190,1.8534,1.9641,60.4756,0.3274

306.6190,1.8574,1.9847,60.5057,0.3246

307.6190,1.8583,1.9796,60.4609,0.3375

308.6190,1.8579,1.9487,60.4033,0.3297

309.6200,1.8579,1.9590,60.4890,0.3357

310.6200,1.8554,1.9384,60.4071,0.2905

311.6200,1.8569,1.9590,60.5987,0.3077

312.6190,1.8569,1.9435,60.5329,0.3447

313.6210,1.8593,1.9950,60.6810,0.3304

314.6190,1.8643,2.0207,60.7420,0.2978

315.6190,1.8678,2.0001,60.5740,0.2846

316.6190,1.8643,1.9487,60.5428,0.3391

317.6190,1.8628,1.9641,60.4167,0.3365

318.6190,1.8638,1.9590,60.2633,0.2903

319.6190,1.8643,1.9641,60.5603,0.3246

320.6190,1.8638,1.9333,60.5859,0.3448

321.6200,1.8648,1.9693,60.5479,0.3289

322.6190,1.8673,1.9693,60.6525,0.3384

323.6190,1.8643,1.9641,60.7290,0.3369

324.6190,1.8593,1.9693,60.5703,0.3010

325.6190,1.8583,1.9898,60.3575,0.3231

326.6200,1.8569,1.9333,60.4655,0.2979

327.6190,1.8544,1.9384,60.3770,0.3318

328.6190,1.8648,2.0670,60.5941,0.3413

329.6190,1.8648,1.9641,60.4734,0.3359

330.6190,1.8633,1.9178,60.4580,0.3227

331.6190,1.8633,1.9693,60.3747,0.3351

332.6190,1.8623,1.9590,60.4525,0.3027

333.6190,1.8613,1.9538,60.5715,0.3120

334.6190,1.8588,1.9435,60.2534,0.3059

335.6190,1.8559,1.9590,60.6095,0.3131

336.6200,1.8549,1.9230,60.4585,0.3467

337.6200,1.8564,1.9538,60.6331,0.3108

338.6190,1.8459,1.9590,60.6582,0.2935

339.6190,1.8449,1.9538,60.3908,0.3464

340.6190,1.8464,1.9333,60.2943,0.3405

341.6190,1.8464,1.9693,60.4512,0.2890

342.6190,1.8459,1.9538,60.6852,0.2522

343.6190,1.8474,1.9693,60.4770,0.3466

344.6190,1.8469,1.9384,60.2969,0.2869

345.6200,1.8464,1.9538,60.2861,0.3274

346.6190,1.8514,1.9744,60.5890,0.3433

347.6190,1.8519,1.9590,60.3963,0.3372

348.6190,1.8534,1.9744,60.3361,0.3355

349.6190,1.8549,1.9693,60.4023,0.3044

350.6190,1.8579,1.9641,60.3933,0.3341

351.6200,1.8549,1.9384,60.5169,0.3456

352.6190,1.8554,1.9590,60.7053,0.2547

353.6190,1.8539,1.9538,60.5408,0.3142

354.6190,1.8579,1.9796,60.6904,0.3304

355.6190,1.8588,1.9641,60.4897,0.3162

356.6190,1.8579,1.9641,60.6775,0.3388

357.6190,1.8574,1.9538,60.3331,0.2995

358.6190,1.8549,1.9487,60.4523,0.3182

359.6200,1.8554,1.9744,60.4878,0.3363

360.6200,1.8554,1.9641,60.5926,0.3411

361.6190,1.8574,1.9590,60.5927,0.3216

362.6190,1.8574,1.9590,60.4072,0.3318

363.6190,1.8583,1.9641,60.3522,0.3156

364.6190,1.8559,1.9538,60.5518,0.3142

365.6190,1.8489,1.8921,60.6369,0.3483

366.6200,1.8474,1.9487,60.5052,0.3067

367.6190,1.8479,1.9590,60.6137,0.3470

368.6200,1.8509,1.9796,60.6257,0.3065

369.6190,1.8499,1.9641,60.5825,0.3430

370.6200,1.8509,1.9744,60.5060,0.2900

371.6200,1.8514,1.9641,60.5611,0.3167

372.6190,1.8524,1.9693,60.2960,0.2839

373.6200,1.8504,1.9435,60.5485,0.2884

374.6190,1.8529,1.9796,60.3553,0.3431

375.6190,1.8579,1.9435,60.3942,0.3163

376.6200,1.8603,1.9744,60.5265,0.3447

377.6200,1.8608,1.9641,60.5098,0.3386

378.6190,1.8598,1.9693,60.4642,0.3209

379.6200,1.8579,1.9435,60.3745,0.3307

380.6190,1.8579,1.9744,60.7757,0.3412

381.6190,1.8583,1.9693,60.4447,0.3278

382.6200,1.8598,1.9847,60.2404,0.3308

383.6190,1.8598,1.9435,60.4266,0.3357

384.6190,1.8579,1.9590,60.5725,0.3440

385.6200,1.8598,1.9641,60.6672,0.2527

386.6200,1.8569,1.9435,60.7158,0.2767

387.6190,1.8559,1.9538,60.5810,0.3409

388.6190,1.8534,1.9435,60.3730,0.3102

389.6190,1.8554,1.9641,60.6137,0.3429

390.6200,1.8544,1.9641,60.4178,0.3318

391.6190,1.8544,1.9693,60.4133,0.3205

392.6190,1.8529,1.9693,60.6933,0.3417

393.6190,1.8569,1.9847,60.3510,0.3217

394.6190,1.8593,1.9847,60.7883,0.3315

395.6200,1.8628,2.0001,60.5893,0.3316

396.6190,1.8648,1.9641,60.5537,0.2663

397.6210,1.8638,1.9435,60.4055,0.3157

398.6200,1.8648,1.9538,60.5838,0.3191

399.6210,1.8643,1.9590,60.4255,0.3186

400.6190,1.8648,1.9693,60.3078,0.3239

401.6200,1.8648,1.9693,60.4764,0.3428

402.6190,1.8643,1.9641,60.5626,0.3317

403.6190,1.8648,1.9898,60.5024,0.3330

404.6190,1.8618,1.9538,60.4039,0.3407

405.6190,1.8574,1.9538,60.5379,0.3462

406.6190,1.8559,1.9487,60.5129,0.3194

407.6190,1.8564,1.9487,60.4156,0.3384

408.6190,1.8579,1.9693,60.6580,0.3463

409.6190,1.8579,1.9590,60.5718,0.3358

410.6190,1.8579,1.9693,60.3720,0.2855

411.6190,1.8569,1.9590,60.5479,0.3372

412.6190,1.8559,1.9538,60.4521,0.3243

413.6190,1.8509,1.9384,60.6718,0.3438

414.6190,1.8519,1.9641,60.5939,0.3306

415.6200,1.8529,1.9641,60.3124,0.3369

416.6190,1.8549,1.9693,60.8327,0.3284

417.6190,1.8549,1.9487,60.3839,0.3227

418.6190,1.8544,1.9641,60.2660,0.3248

419.6190,1.8489,1.9024,60.4675,0.3247

420.6190,1.8469,1.9487,60.7624,0.3083

421.6190,1.8479,1.9693,60.3981,0.3356

422.6200,1.8479,1.9538,60.4375,0.3232

423.6190,1.8489,1.9487,60.4850,0.2944

424.6190,1.8494,1.9693,60.6742,0.3315

425.6200,1.8469,1.9384,60.2713,0.3252

426.6190,1.8439,1.9384,60.7813,0.3416

427.6190,1.8459,1.9693,60.2728,0.2887

428.6190,1.8449,1.9538,60.4051,0.3344

429.6190,1.8504,1.9590,60.3612,0.3326

430.6210,1.8509,1.9538,60.5668,0.3358

431.6190,1.8489,1.9487,60.5785,0.3397

432.6190,1.8504,1.9693,60.4132,0.2955

433.6190,1.8504,1.9487,60.6469,0.3119

434.6190,1.8494,1.9590,60.6177,0.3455

435.6190,1.8514,1.9590,60.1963,0.3155

436.6190,1.8524,1.9487,60.5146,0.3417

437.6200,1.8514,1.9590,60.5010,0.3373

438.6190,1.8529,1.9693,60.4417,0.3068

439.6190,1.8519,1.9487,60.5728,0.3142

440.6190,1.8534,1.9693,60.6487,0.3450

441.6190,1.8539,1.9538,60.5635,0.3440

442.6200,1.8534,1.9641,60.4807,0.3401

443.6200,1.8544,1.9590,60.1649,0.2841

444.6200,1.8539,1.9538,60.5981,0.3167

445.6190,1.8544,1.9641,60.4807,0.3409

446.6190,1.8559,1.9641,60.5449,0.3408

447.6190,1.8569,1.9693,60.4488,0.3311

448.6200,1.8549,1.9487,60.3743,0.3031

449.6190,1.8574,1.9744,60.5579,0.3227

450.6200,1.8544,1.9384,60.3970,0.3046

451.6200,1.8559,1.9693,60.5148,0.3371

452.6200,1.8564,1.9693,60.6631,0.3380

453.6190,1.8593,1.9898,60.5596,0.3405

454.6190,1.8588,1.9487,60.5659,0.3371

455.6190,1.8583,1.9590,60.5511,0.3439

456.6190,1.8569,1.9487,60.5106,0.3170

457.6200,1.8554,1.9538,60.6323,0.2793

458.6190,1.8569,1.9641,60.3248,0.3040

459.6210,1.8549,1.9538,60.3794,0.3163

460.6200,1.8579,1.9693,60.7146,0.3430

461.6190,1.8579,1.9693,60.5757,0.3440

462.6190,1.8574,1.9641,60.5723,0.3067

463.6200,1.8534,1.9487,60.5286,0.2950

464.6190,1.8559,1.9744,60.6218,0.3293

465.6190,1.8564,1.9641,60.4089,0.3296

466.6190,1.8579,1.9641,60.4117,0.3397

467.6190,1.8574,1.9487,60.5777,0.3140

468.6200,1.8554,1.9435,60.3943,0.3425

469.6200,1.8574,1.9744,60.5795,0.3386

470.6190,1.8559,1.9538,60.3234,0.2909

471.6190,1.8544,1.9538,60.6684,0.3402

472.6200,1.8514,1.9333,60.5702,0.3472

473.6190,1.8494,1.9281,60.6007,0.3426

474.6190,1.8489,1.9693,60.5796,0.3003

475.6190,1.8474,1.9487,60.4973,0.2819

476.6190,1.8464,1.9538,60.4255,0.3417

477.6190,1.8474,1.9590,60.6201,0.3318

478.6190,1.8484,1.9538,60.6660,0.2870

479.6190,1.8454,1.9435,60.4494,0.3370

480.6190,1.8464,1.9641,60.6824,0.3234

481.6200,1.8479,1.9693,60.6755,0.3122

482.6190,1.8504,1.9590,60.3153,0.3034

483.6190,1.8549,1.9744,60.5773,0.3344

484.6190,1.8549,1.9693,60.5663,0.3404

485.6190,1.8539,1.9384,60.3622,0.3325

486.6190,1.8554,1.9693,60.5348,0.3249

487.6200,1.8559,1.9641,60.5307,0.3413

488.6190,1.8564,1.9590,60.7021,0.3387

489.6190,1.8583,1.9641,60.5352,0.3206

490.6190,1.8574,1.9538,60.2690,0.3174

491.6190,1.8574,1.9693,60.5208,0.3448

492.6190,1.8598,1.9847,60.5373,0.3352

493.6200,1.8574,1.9487,60.5087,0.3152

494.6190,1.8554,1.9487,60.3452,0.3398

495.6190,1.8549,1.9333,60.5267,0.3358

496.6190,1.8539,1.9590,60.5565,0.2952

497.6190,1.8539,1.9641,60.5868,0.3333

498.6190,1.8529,1.9487,60.5848,0.3378

499.6190,1.8479,1.9127,60.5273,0.3262

500.6210,1.8484,1.9590,60.6582,0.3385

501.6190,1.8484,1.9693,60.3827,0.3122

502.6190,1.8454,1.9538,60.5639,0.3416

503.6190,1.8474,1.9693,60.4882,0.3356

504.6190,1.8479,1.9538,60.5853,0.3209

505.6190,1.8494,1.9487,60.5967,0.3403

506.6190,1.8474,1.9384,60.5069,0.3418

507.6190,1.8474,1.9641,60.3821,0.3421

508.6190,1.8479,1.9538,60.5094,0.3147

509.6190,1.8514,1.9487,60.4038,0.3189

510.6190,1.8509,1.9538,60.4535,0.3256

511.6190,1.8494,1.9538,60.5118,0.3371

512.6190,1.8484,1.9435,60.4604,0.3149

513.6190,1.8474,1.9590,60.3454,0.3269

514.6190,1.8469,1.9487,60.4804,0.3141

515.6190,1.8489,1.9693,60.6229,0.2748

516.6190,1.8509,1.9590,60.5374,0.3396

517.6190,1.8524,1.9796,60.5109,0.3379

518.6190,1.8539,1.9693,60.6355,0.3367

519.6190,1.8544,1.9538,60.5727,0.2889

520.6200,1.8554,1.9641,60.4109,0.3189

521.6190,1.8564,1.9641,60.3597,0.3382

522.6190,1.8583,1.9641,60.4303,0.3339

523.6190,1.8574,1.9487,60.7996,0.2303

524.6190,1.8579,1.9538,60.5273,0.3324

525.6190,1.8608,2.0001,60.5671,0.3399

526.6190,1.8613,1.9641,60.5394,0.3226

527.6190,1.8574,1.9384,60.2922,0.3036

528.6200,1.8534,1.9281,60.4908,0.3456

529.6190,1.8534,1.9538,60.4114,0.3194

530.6190,1.8534,1.9641,60.6044,0.3349

531.6190,1.8539,1.9693,60.5612,0.3069

532.6190,1.8524,1.9487,60.4546,0.3277

533.6200,1.8544,1.9693,60.3575,0.3183

534.6200,1.8564,1.9744,60.3262,0.3285

535.6190,1.8514,1.9487,60.5097,0.3197

536.6200,1.8514,1.9641,60.5500,0.3188

537.6190,1.8529,1.9538,60.3888,0.3406

538.6190,1.8588,1.9898,60.7167,0.3464

539.6190,1.8593,1.9590,60.5605,0.2504

540.6200,1.8598,1.9693,60.6610,0.3399

541.6190,1.8583,1.9538,60.2150,0.2663

542.6190,1.8633,2.0001,60.5307,0.3457

543.6190,1.8613,1.9487,60.3644,0.3337

544.6190,1.8618,1.9796,60.3107,0.3358

545.6190,1.8693,2.0259,60.7267,0.3464

546.6190,1.8767,2.0413,60.2165,0.3051

547.6210,1.8767,1.9538,60.5775,0.2932

548.6190,1.8752,1.9744,60.3474,0.3358

549.6200,1.8792,2.0001,60.3722,0.2988

550.6190,1.8802,1.9796,60.3112,0.3327

551.6190,1.8802,1.9538,60.4336,0.3412

552.6190,1.8762,1.9590,60.3178,0.2858

553.6190,1.8762,1.9487,60.4137,0.3143

554.6190,1.8747,1.9641,60.5880,0.3282

555.6190,1.8678,1.9538,60.3428,0.3121

556.6190,1.8583,1.9435,60.5834,0.2942

557.6190,1.8588,1.9590,60.4259,0.3362

558.6210,1.8583,1.9693,60.3726,0.3425

559.6200,1.8544,1.9590,60.5659,0.3356

560.6190,1.8524,1.9590,60.6871,0.3449

561.6200,1.8544,1.9744,60.6083,0.3324

562.6190,1.8534,1.9487,60.3332,0.3081

563.6190,1.8539,1.9538,60.3693,0.3412

564.6200,1.8549,1.9744,60.3290,0.3318

565.6190,1.8554,1.9590,60.5618,0.3016

566.6190,1.8554,1.9435,60.5263,0.3417

567.6190,1.8554,1.9590,60.4946,0.3212

568.6200,1.8524,1.9384,60.3999,0.2714

569.6190,1.8534,1.9693,60.4692,0.3425

570.6190,1.8519,1.9435,60.4602,0.3369

571.6190,1.8494,1.9487,60.5103,0.3424

572.6200,1.8509,1.9641,60.6569,0.3401

573.6190,1.8504,1.9487,60.6419,0.3191

574.6190,1.8489,1.9590,60.8651,0.3121

575.6200,1.8459,1.9281,60.6282,0.3460

576.6200,1.8474,1.9590,60.6115,0.3303

577.6190,1.8484,1.9693,60.6223,0.3313

578.6190,1.8514,1.9693,60.4272,0.3318

579.6190,1.8489,1.9435,60.1163,0.3182

580.6190,1.8524,1.9796,60.4701,0.3442

581.6190,1.8539,1.9641,60.6907,0.3335

582.6190,1.8544,1.9693,60.7095,0.3167

583.6190,1.8549,1.9538,60.3108,0.3419

584.6190,1.8539,1.9487,60.5081,0.3369

585.6190,1.8554,1.9435,60.6384,0.3358

586.6190,1.8544,1.9487,60.2684,0.3120

587.6190,1.8539,1.9641,60.6343,0.3414

588.6190,1.8534,1.9641,60.4162,0.3298

589.6190,1.8574,1.9847,60.6140,0.3474

590.6190,1.8564,1.9693,60.5360,0.3220

591.6190,1.8544,1.9435,60.0787,0.2227

592.6190,1.8539,1.9641,60.5882,0.3411

593.6200,1.8549,1.9641,60.3432,0.3368

594.6190,1.8559,1.9590,60.5124,0.3436

595.6190,1.8539,1.9230,60.3480,0.3455

596.6190,1.8549,1.9590,60.4204,0.3218

597.6190,1.8544,1.9590,60.6377,0.2672

598.6190,1.8509,1.9281,60.8067,0.3384

599.6200,1.8484,1.9590,60.3016,0.3093

600.6190,1.8489,1.9744,60.3957,0.3403

601.6190,1.8499,1.9538,60.5414,0.3155

602.6200,1.8494,1.9590,60.5650,0.3105

603.6190,1.8479,1.9487,60.7004,0.3441

604.6200,1.8479,1.9590,60.4879,0.3304

605.6190,1.8524,1.9693,60.5472,0.2102

606.6200,1.8504,1.9384,23.0470,0.0298

607.6190,1.8524,1.9796,4.1377,0.0096

608.6190,1.8544,1.9487,0.0000,0.0024

609.6190,1.8608,2.0259,0.0000,0.0000

610.6190,1.8598,1.9641,0.0000,0.0000

611.6190,1.8613,1.9693,0.0000,0.0000

612.6190,1.8638,1.9847,0.0000,0.0000

613.6190,1.8663,1.9744,0.0000,0.0000

614.6190,1.8678,1.9744,0.0000,0.0000

615.6190,1.8658,1.9487,0.0000,0.0000

616.6190,1.8693,1.9744,0.0000,0.0000

617.6190,1.8713,2.0001,0.0000,0.0000

618.6190,1.8738,1.9744,0.0000,0.0000

619.6190,1.8688,1.9744,0.0000,0.0000

620.6200,1.8693,1.9693,0.0000,0.0000

621.6190,1.8663,1.9384,0.0000,0.0000

622.6190,1.8658,1.9796,0.0000,0.0000

623.6190,1.8653,1.9693,0.0000,0.0000

624.6190,1.8643,1.9641,0.0000,0.0000

625.6190,1.8663,1.9693,0.0000,0.0000

626.6200,1.8658,1.9693,0.0000,0.0000

627.6200,1.8608,1.9487,0.0000,0.0000

628.6190,1.8583,1.9487,0.0000,0.0000

629.6190,1.9061,2.4683,0.0000,0.0000

630.6190,1.9453,2.3757,0.0000,0.0000

631.6190,1.9911,2.4117,0.0000,0.0000

632.6190,2.0010,2.0825,0.0000,0.0000

633.6190,2.0060,2.0207,0.0000,0.0000

634.6190,2.0109,2.0156,0.0000,0.0000

635.6190,2.0169,2.0310,0.0000,0.0000

636.6190,2.0234,2.0362,0.0000,0.0000

637.6190,2.0313,2.0310,0.0000,0.0000

638.6190,2.0383,2.0207,0.0000,0.0000

639.6190,1.9950,2.0207,0.0000,0.0000

640.6190,1.9597,2.0104,0.0000,0.0000

641.6190,1.9215,2.0156,0.0000,0.0000

642.6200,1.9125,1.9898,0.0000,0.0000

643.6190,1.9130,2.0259,0.0000,0.0000

644.6200,1.9135,2.0207,0.0000,0.0000

645.6190,1.9135,2.0310,0.0000,0.0000

646.6190,1.9110,2.0104,0.0000,0.0000

647.6190,1.9105,2.0259,0.0000,0.0000

648.6190,1.9095,2.0104,0.0000,0.0000

649.6200,1.9120,2.0464,0.0000,0.0000

650.6200,1.9140,2.0310,0.0000,0.0000

651.6190,1.9150,2.0259,0.0000,0.0000

652.6190,1.9185,2.0259,0.0000,0.0000

653.6190,1.9185,2.0259,0.0000,0.0000

654.6190,1.9225,2.0619,0.0000,0.0000

655.6190,1.9210,2.0156,0.0000,0.0000

656.6190,1.9215,2.0156,0.0000,0.0000

657.6190,1.9195,2.0053,0.0000,0.0000

658.6200,1.9235,2.0516,0.0000,0.0000

659.6200,1.9210,2.0207,0.0000,0.0000

660.6190,1.9200,2.0207,0.0000,0.0000

661.6200,1.9185,2.0104,0.0000,0.0000

662.6190,1.9180,2.0207,0.0000,0.0000

663.6190,1.9180,2.0259,0.0000,0.0000

664.6190,1.9135,2.0156,0.0000,0.0000

665.6190,1.9185,2.0670,0.0000,0.0000

666.6210,1.9195,2.0259,0.0000,0.0000

667.6190,1.9200,2.0104,0.0000,0.0000

668.6190,1.9190,2.0413,0.0000,0.0000

669.6190,1.9170,2.0001,0.0000,0.0000

670.6190,1.9180,2.0310,0.0000,0.0000

671.6190,1.9195,2.0259,0.0000,0.0000

672.6200,1.9195,2.0207,0.0000,0.0000

673.6190,1.9165,1.9950,0.0000,0.0000

674.6200,1.9175,2.0259,0.0000,0.0000

675.6190,1.9140,2.0310,0.0000,0.0000

676.6190,1.9145,2.0310,0.0000,0.0000

677.6190,1.9195,2.0619,0.0000,0.0000

678.6190,1.9200,2.0464,0.0000,0.0000

679.6190,1.9230,2.0310,0.0000,0.0000

680.6200,1.9245,2.0464,0.0000,0.0000

681.6190,1.9220,2.0001,0.0000,0.0000

682.6190,1.9230,2.0310,0.0000,0.0000

683.6190,1.9249,2.0156,0.0000,0.0000

684.6190,1.9230,2.0053,0.0000,0.0000

685.6200,1.9210,2.0104,0.0000,0.0000

686.6190,1.9195,2.0156,0.0000,0.0000

687.6190,1.9160,2.0259,0.0000,0.0000

688.6190,1.9140,2.0259,0.0000,0.0000

689.6190,1.9140,2.0310,0.0000,0.0000

690.6190,1.9120,2.0259,0.0000,0.0000

691.6190,1.9160,2.0413,0.0000,0.0000

692.6190,1.9105,1.9744,0.0000,0.0000

693.6190,1.9100,2.0104,0.0000,0.0000

694.6190,1.9185,2.0927,0.0000,0.0000

695.6190,1.9235,2.0619,0.0000,0.0000

696.6190,1.9230,2.0104,0.0000,0.0000

697.6190,1.9230,2.0259,0.0000,0.0000

698.6190,1.9220,2.0156,0.0000,0.0000

699.6190,1.9200,2.0104,0.0000,0.0000

700.6190,1.9195,2.0207,0.0000,0.0000

701.6190,1.9170,2.0156,0.0000,0.0000

702.6200,1.9210,2.0156,0.0000,0.0000

703.6190,1.9230,2.0310,0.0000,0.0000

704.6190,1.9140,2.0001,0.0000,0.0000

705.6190,1.9145,2.0670,0.0000,0.0000

706.6200,1.9150,2.0156,0.0000,0.0000

707.6200,1.9140,2.0156,0.0000,0.0000

708.6190,1.9130,2.0053,0.0000,0.0000

709.6190,1.9135,2.0156,0.0000,0.0000

710.6190,1.9125,2.0104,0.0000,0.0000

711.6190,1.9120,2.0104,0.0000,0.0000

712.6190,1.9125,2.0207,0.0000,0.0000

713.6200,1.9120,2.0259,0.0000,0.0000

714.6190,1.9140,2.0207,0.0000,0.0000

715.6190,1.9105,2.0310,0.0000,0.0000

716.6190,1.9110,2.0207,0.0000,0.0000

717.6190,1.9110,2.0156,0.0000,0.0000

718.6190,1.9135,2.0310,0.0000,0.0000

719.6190,1.9125,2.0053,0.0000,0.0000

720.6190,1.9140,2.0259,0.0000,0.0000

721.6190,1.9155,2.0259,0.0000,0.0000

722.6190,1.9135,2.0001,0.0000,0.0000

723.6190,1.9160,2.0516,0.0000,0.0000

724.6200,1.9160,2.0207,0.0000,0.0000

725.6190,1.9160,2.0310,0.0000,0.0000

726.6190,1.9170,2.0310,0.0000,0.0000

727.6200,1.9180,2.0259,0.0000,0.0000

728.6190,1.9165,2.0156,0.0000,0.0001

729.6200,1.9190,2.0310,0.0000,0.0000

730.6200,1.9175,2.0104,0.0000,0.0000

731.6190,1.9190,2.0413,0.0000,0.0000

732.6190,1.9225,2.0362,0.0000,0.0000

733.6190,1.9180,2.0053,0.0000,0.0000

734.6190,1.9185,2.0259,0.0000,0.0000

735.6190,1.9190,2.0362,0.0000,0.0000

736.6190,1.9165,2.0053,0.0000,0.0000

737.6200,1.9165,2.0259,0.0000,0.0000

738.6190,1.9215,2.0670,0.0000,0.0000

739.6190,1.9200,2.0156,0.0000,0.0000

740.6190,1.9210,2.0207,0.0000,0.0000

741.6190,1.9200,2.0310,0.0000,0.0000

742.6190,1.9195,2.0310,0.0000,0.0000

743.6190,1.9210,2.0207,0.0000,0.0000

744.6200,1.9200,2.0156,0.0000,0.0000

745.6190,1.9190,2.0259,0.0000,0.0000

746.6190,1.9210,2.0259,0.0000,0.0001

747.6190,1.9220,2.0362,0.0000,0.0000

748.6190,1.9165,2.0104,0.0000,0.0000

749.6190,1.9165,2.0156,0.0000,0.0000

750.6190,1.9170,2.0259,0.0000,0.0000

751.6190,1.9150,2.0104,0.0000,0.0000

752.6190,1.9160,2.0413,0.0000,0.0000

753.6190,1.9175,2.0362,0.0000,0.0000

754.6200,1.9195,2.0362,0.0000,0.0000

755.6200,1.9195,2.0259,0.0000,0.0000

756.6190,1.9180,2.0104,0.0000,0.0000

757.6190,1.9170,2.0259,0.0000,0.0000

758.6200,1.9180,2.0207,0.0000,0.0000

759.6190,1.9170,2.0053,0.0000,0.0000

760.6190,1.9170,2.0259,0.0000,0.0000

761.6190,1.9195,2.0362,0.0000,0.0000

762.6190,1.9180,2.0259,0.0000,0.0000

763.6190,1.9145,2.0001,0.0000,0.0000

764.6200,1.9140,2.0310,0.0000,0.0000

765.6190,1.9140,2.0259,0.0000,0.0000

766.6190,1.9160,2.0310,0.0000,0.0000

767.6200,1.9125,1.9898,0.0000,0.0000

768.6190,1.9145,2.0413,0.0000,0.0000

769.6190,1.9155,2.0156,0.0000,0.0000

770.6190,1.9175,2.0464,0.0000,0.0000

771.6190,1.9165,2.0259,0.0000,0.0000

772.6190,1.9150,2.0104,0.0000,0.0000

773.6190,1.9170,2.0207,0.0000,0.0000

774.6190,1.9170,2.0310,0.0000,0.0001

775.6190,1.9165,2.0207,0.0000,0.0000

776.6190,1.9150,2.0156,0.0000,0.0000

777.6190,1.9210,2.0516,0.0000,0.0000

778.6190,1.9170,2.0001,0.0000,0.0000

779.6190,1.9170,2.0156,0.0000,0.0000

780.6190,1.9120,1.9950,0.0000,0.0000

781.6190,1.9120,2.0259,0.0000,0.0000

782.6190,1.9140,2.0310,0.0000,0.0000

783.6190,1.9145,2.0259,0.0000,0.0000

784.6190,1.9145,2.0310,0.0000,0.0000

785.6190,1.9135,2.0104,0.0000,0.0000

786.6190,1.9125,2.0053,0.0000,0.0000

787.6190,1.9085,2.0104,0.0000,0.0000

788.6200,1.9115,2.0310,0.0000,0.0000

789.6190,1.9115,2.0156,0.0000,0.0000

790.6190,1.9155,2.0362,0.0000,0.0000

791.6190,1.9175,2.0464,0.0000,0.0000

792.6190,1.9170,2.0259,0.0000,0.0000

793.6190,1.9160,2.0156,0.0000,0.0000

794.6190,1.9160,2.0310,0.0000,0.0000

795.6190,1.9175,2.0259,0.0000,0.0000

796.6200,1.9200,2.0310,0.0000,0.0000

797.6190,1.9210,2.0207,0.0000,0.0000

798.6190,1.9205,2.0259,0.0000,0.0000

799.6200,1.9205,2.0156,0.0000,0.0000

800.6190,1.9190,2.0207,0.0000,0.0000

801.6190,1.9170,2.0259,0.0000,0.0000

802.6190,1.9145,2.0001,0.0000,0.0000

803.6190,1.9160,2.0310,0.0000,0.0000

804.6190,1.9150,2.0207,0.0000,0.0000

805.6190,1.9150,2.0259,0.0000,0.0000

806.6190,1.9150,2.0310,0.0000,0.0000

807.6190,1.9155,2.0259,0.0000,0.0000

808.6190,1.9145,2.0156,0.0000,0.0000

809.6190,1.9150,2.0207,0.0000,0.0000

810.6200,1.9160,2.0310,0.0000,0.0000

811.6190,1.9165,2.0310,0.0000,0.0000

812.6190,1.9200,2.0362,0.0000,0.0000

813.6190,1.9195,2.0259,0.0000,0.0000

814.6190,1.9200,2.0259,0.0000,0.0000

815.6190,1.9195,2.0207,0.0000,0.0000

816.6190,1.9185,2.0207,0.0000,0.0000

817.6200,1.9200,2.0413,0.0000,0.0000

818.6200,1.9215,2.0310,0.0000,0.0000

819.6190,1.9200,2.0053,0.0000,0.0000

820.6190,1.9200,2.0310,0.0000,0.0000

821.6190,1.9175,2.0053,0.0000,0.0000

822.6190,1.9140,2.0001,0.0000,0.0000

823.6190,1.9125,2.0104,0.0000,0.0000

824.6190,1.9125,2.0259,0.0000,0.0000

825.6190,1.9130,2.0259,0.0000,0.0000

826.6190,1.9140,2.0310,0.0000,0.0000

827.6190,1.9135,2.0362,0.0000,0.0000

828.6190,1.9130,2.0259,0.0000,0.0000

829.6190,1.9140,2.0156,0.0000,0.0000

830.6190,1.9145,2.0362,0.0000,0.0000

831.6190,1.9160,2.0207,0.0000,0.0000

832.6190,1.9185,2.0259,0.0000,0.0000

833.6200,1.9220,2.0464,0.0000,0.0000

834.6190,1.9230,2.0362,0.0000,0.0000

835.6190,1.9240,2.0362,0.0000,0.0000

836.6190,1.9249,2.0413,0.0000,0.0000

837.6190,1.9235,2.0207,0.0000,0.0000

838.6190,1.9249,2.0413,0.0000,0.0000

839.6200,1.9245,2.0104,0.0000,0.0000

840.6190,1.9235,2.0259,0.0000,0.0000

841.6210,1.9235,2.0207,0.0000,0.0000

842.6190,1.9195,1.9847,0.0000,0.0000

843.6200,1.9170,2.0207,0.0000,0.0000

844.6200,1.9155,2.0207,0.0000,0.0000

845.6200,1.9135,2.0156,0.0000,0.0000

846.6190,1.9120,2.0259,0.0000,0.0000

847.6190,1.9145,2.0464,0.0000,0.0000

848.6190,1.9105,2.0001,0.0000,0.0000

849.6190,1.9110,2.0156,0.0000,0.0000

850.6200,1.9100,2.0156,0.0000,0.0000

851.6190,1.9095,2.0156,0.0000,0.0000

852.6190,1.9130,2.0207,0.0000,0.0000

853.6200,1.9135,2.0259,0.0000,0.0000

854.6190,1.9135,2.0207,0.0000,0.0000

855.6190,1.9150,2.0310,0.0000,0.0000

856.6190,1.9160,2.0362,0.0000,0.0000

857.6200,1.9160,2.0464,0.0000,0.0000

858.6190,1.9185,2.0259,0.0000,0.0000

859.6190,1.9220,2.0516,0.0000,0.0000

860.6190,1.9230,2.0259,0.0000,0.0000

861.6200,1.9240,2.0259,0.0000,0.0000

862.6190,1.9235,2.0156,0.0000,0.0000

863.6210,1.9240,2.0310,0.0000,0.0000

864.6190,1.9249,2.0310,0.0000,0.0000

865.6190,1.9254,2.0362,0.0000,0.0000

866.6190,1.9235,2.0156,0.0000,0.0000

867.6190,1.9210,2.0207,0.0000,0.0000

868.6190,1.9225,2.0413,0.0000,0.0000

869.6190,1.9195,2.0207,0.0000,0.0000

870.6190,1.9195,2.0259,0.0000,0.0000

871.6190,1.9180,2.0104,0.0000,0.0000

872.6190,1.9180,2.0156,0.0000,0.0000

873.6190,1.9135,1.9847,0.0000,0.0000

874.6190,1.9110,2.0053,0.0000,0.0000

875.6190,1.9100,2.0259,0.0000,0.0000

876.6200,1.9105,2.0207,0.0000,0.0000

877.6190,1.9115,2.0310,0.0000,0.0000

878.6190,1.9085,2.0104,0.0000,0.0000

879.6190,1.9085,2.0207,0.0000,0.0000

880.6200,1.9085,2.0259,0.0000,0.0000

881.6190,1.9100,2.0259,0.0000,0.0000

882.6200,1.9095,2.0104,0.0000,0.0000

883.6190,1.9120,2.0104,0.0000,0.0000

884.6200,1.9125,2.0104,0.0000,0.0000

885.6190,1.9110,2.0104,0.0000,0.0000

886.6190,1.9105,2.0156,0.0000,0.0000

887.6200,1.9110,2.0362,0.0000,0.0000

888.6190,1.9125,2.0259,0.0000,0.0000

889.6190,1.9145,2.0413,0.0000,0.0000

890.6190,1.9130,2.0104,0.0000,0.0000

891.6190,1.9145,2.0413,0.0000,0.0001

892.6190,1.9160,2.0259,0.0000,0.0000

893.6190,1.9140,1.9898,0.0000,0.0000

894.6190,1.9170,2.0413,0.0000,0.0000

895.6190,1.9175,2.0156,0.0000,0.0000

896.6190,1.9190,2.0310,0.0000,0.0000

897.6190,1.9170,2.0156,0.0000,0.0000

898.6190,1.9160,2.0156,0.0000,0.0000

899.6190,1.9135,2.0156,0.0000,0.0000

900.6190,1.9160,2.0362,0.0000,0.0000

901.6190,1.9135,2.0156,0.0000,0.0000

902.6190,1.9145,2.0362,0.0000,0.0000

903.6190,1.9160,2.0053,0.0000,0.0000

904.6200,1.9205,2.0876,0.0000,0.0000

905.6200,1.9220,2.0310,0.0000,0.0000

906.6190,1.9195,2.0053,0.0000,0.0000

907.6190,1.9205,2.0259,0.0000,0.0000

908.6200,1.9210,2.0207,0.0000,0.0000

909.6190,1.9200,2.0053,0.0000,0.0000

910.6200,1.9225,2.0619,0.0000,0.0000

911.6190,1.9240,2.0310,0.0000,0.0000

912.6190,1.9240,2.0362,0.0000,0.0000

913.6190,1.9264,2.0310,0.0000,0.0000

914.6190,1.9215,2.0362,0.0000,0.0000

915.6190,1.9220,2.0362,0.0000,0.0000

916.6200,1.9249,2.0362,0.0000,0.0000

917.6190,1.9259,2.0362,0.0000,0.0000

918.6190,1.9254,2.0156,0.0000,0.0000

919.6190,1.9269,2.0207,0.0000,0.0000

920.6190,1.9235,2.0259,0.0000,0.0000

921.6190,1.9220,2.0156,0.0000,0.0000

922.6190,1.9210,2.0259,0.0000,0.0000

923.6190,1.9190,2.0104,0.0000,0.0000

924.6200,1.9160,2.0053,0.0000,0.0000

925.6200,1.9051,1.9230,0.0000,0.0000

926.6200,1.9031,2.0156,0.0000,0.0000

927.6190,1.9031,2.0362,0.0000,0.0000

928.6190,1.9026,2.0104,0.0000,0.0000

929.6190,1.9046,2.0413,0.0000,0.0000

930.6190,1.9046,2.0259,0.0000,0.0000

931.6190,1.9041,2.0104,0.0000,0.0000

932.6200,1.9031,2.0156,0.0000,0.0000

933.6190,1.9031,2.0104,0.0000,0.0000

934.6190,1.9061,2.0362,0.0000,0.0000

935.6200,1.9165,2.0310,0.0000,0.0000

936.6200,1.9160,2.0104,0.0000,0.0000

937.6200,1.9135,2.0104,0.0000,0.0000

938.6200,1.9135,2.0104,0.0000,0.0000

939.6190,1.9120,2.0259,0.0000,0.0000

940.6200,1.9090,1.9950,0.0000,0.0000

941.6190,1.9100,2.0207,0.0000,0.0000

942.6190,1.9115,2.0310,0.0000,0.0000

943.6190,1.9125,2.0207,0.0000,0.0000

944.6190,1.9105,2.0156,0.0000,0.0000

945.6190,1.9095,2.0207,0.0000,0.0000

946.6190,1.9110,2.0259,0.0000,0.0000

947.6190,1.9125,2.0259,0.0000,0.0000

948.6190,1.9115,2.0001,0.0000,0.0000

949.6190,1.9170,2.0825,0.0000,0.0000

950.6190,1.9210,2.0362,0.0000,0.0000

951.6190,1.9215,2.0259,0.0000,0.0000

952.6190,1.9195,2.0104,0.0000,0.0000

953.6190,1.9200,2.0259,0.0000,0.0000

954.6190,1.9240,2.0567,0.0000,0.0000

955.6200,1.9245,2.0259,0.0000,0.0000

956.6200,1.9240,2.0207,0.0000,0.0000

957.6190,1.9230,2.0156,0.0000,0.0000

958.6200,1.9245,2.0156,0.0000,0.0000

959.6190,1.9180,2.0156,0.0000,0.0000

960.6190,1.9175,2.0310,0.0000,0.0000

961.6190,1.9170,2.0207,0.0000,0.0000

962.6190,1.9180,2.0207,0.0000,0.0000

963.6190,1.9175,2.0207,0.0000,0.0000

964.6190,1.9150,2.0310,0.0000,0.0000

965.6190,1.9130,2.0053,0.0000,0.0000

966.6190,1.9155,2.0464,0.0000,0.0000

967.6190,1.9155,2.0156,0.0000,0.0000

968.6190,1.9150,2.0104,0.0000,0.0000

969.6190,1.9160,2.0259,0.0000,0.0000

970.6190,1.9160,2.0310,0.0000,0.0000

971.6190,1.9170,2.0310,0.0000,0.0000

972.6190,1.9170,2.0207,0.0000,0.0000

973.6190,1.9190,2.0413,0.0000,0.0000

974.6190,1.9185,2.0259,0.0000,0.0000

975.6210,1.9185,2.0053,0.0000,0.0000

976.6190,1.9150,2.0104,0.0000,0.0000

977.6190,1.9160,2.0259,0.0000,0.0000

978.6190,1.9170,2.0207,0.0000,0.0000

979.6200,1.9145,2.0001,0.0000,0.0000

980.6200,1.9125,2.0104,0.0000,0.0000

981.6190,1.9125,2.0310,0.0000,0.0000

982.6190,1.9125,2.0207,0.0000,0.0000

983.6190,1.9120,2.0362,0.0000,0.0000

984.6190,1.9105,2.0104,0.0000,0.0000

985.6190,1.9140,2.0413,0.0000,0.0000

986.6190,1.9160,2.0310,0.0000,0.0000

987.6200,1.9150,2.0156,0.0000,0.0000

988.6200,1.9140,2.0104,0.0000,0.0000

989.6200,1.9155,2.0156,0.0000,0.0000

990.6190,1.9185,2.0413,0.0000,0.0000

991.6200,1.9170,2.0156,0.0000,0.0000

992.6200,1.9170,2.0207,0.0000,0.0000

993.6200,1.9115,1.9796,0.0000,0.0000

994.6190,1.9110,2.0053,0.0000,0.0000

995.6190,1.9110,2.0413,0.0000,0.0000

996.6190,1.9080,2.0001,0.0000,0.0000

997.6200,1.9090,2.0259,0.0000,0.0000

998.6190,1.9105,2.0259,0.0000,0.0000

999.6190,1.9105,2.0156,0.0000,0.0000

1000.6190,1.9071,2.0053,0.0000,0.0000

1001.6190,1.9066,2.0104,0.0000,0.0000

1002.6190,1.9080,2.0362,0.0000,0.0000

1003.6200,1.9120,2.0207,0.0000,0.0000

1004.6190,1.9145,2.0310,0.0000,0.0000

1005.6190,1.9120,2.0156,0.0000,0.0000

1006.6190,1.9155,2.0362,0.0000,0.0000

1007.6190,1.9165,2.0362,0.0000,0.0000

1008.6190,1.9210,2.0722,0.0000,0.0000

1009.6200,1.9230,2.0362,0.0000,0.0000

1010.6200,1.9190,1.9641,0.0000,0.0000

1011.6190,1.9205,2.0259,0.0000,0.0000

1012.6200,1.9210,2.0413,0.0000,0.0000

1013.6190,1.9225,2.0362,0.0000,0.0000

1014.6190,1.9215,2.0207,0.0000,0.0000

1015.6200,1.9210,2.0104,0.0000,0.0000

1016.6190,1.9205,2.0310,0.0000,0.0000

1017.6190,1.9180,2.0104,0.0000,0.0000

1018.6190,1.9130,2.0207,0.0000,0.0000

1019.6190,1.9165,2.0722,0.0000,0.0000

1020.6190,1.9215,2.0156,0.0000,0.0000

1021.6200,1.9205,2.0156,0.0000,0.0000

1022.6190,1.9190,2.0259,0.0000,0.0000

1023.6190,1.9160,2.0053,0.0000,0.0000

1024.6190,1.9165,2.0259,0.0000,0.0000

1025.6190,1.9180,2.0259,0.0000,0.0000

1026.6190,1.9175,2.0259,0.0000,0.0000

1027.6200,1.9180,2.0156,0.0000,0.0000

1028.6190,1.9190,2.0310,0.0000,0.0000

1029.6190,1.9165,2.0464,0.0000,0.0000

1030.6200,1.9165,2.0156,0.0000,0.0000

1031.6190,1.9175,2.0259,0.0000,0.0000

1032.6190,1.9200,2.0516,0.0000,0.0000

1033.6190,1.9215,2.0207,0.0000,0.0000

1034.6190,1.9210,2.0207,0.0000,0.0000

1035.6190,1.9269,2.0876,0.0000,0.0000

1036.6190,1.9279,2.0362,0.0000,0.0000

1037.6190,1.9294,2.0310,0.0000,0.0000

1038.6190,1.9299,2.0362,0.0000,0.0000

1039.6190,1.9259,2.0053,0.0000,0.0000

1040.6200,1.9279,2.0362,0.0000,0.0000

1041.6190,1.9284,2.0310,0.0000,0.0001

1042.6190,1.9235,2.0001,0.0000,0.0000

1043.6190,1.9230,2.0156,0.0000,0.0000

1044.6200,1.9215,2.0053,0.0000,0.0000

1045.6190,1.9130,2.0001,0.0000,0.0000

1046.6190,1.9120,2.0259,0.0000,0.0000

1047.6190,1.9076,1.9847,0.0000,0.0000

1048.6190,1.9066,2.0259,0.0000,0.0000

1049.6190,1.9105,2.0464,0.0000,0.0000

1050.6190,1.9100,2.0310,0.0000,0.0000

1051.6190,1.9080,2.0104,0.0000,0.0000

1052.6190,1.9100,2.0207,0.0000,0.0000

1053.6190,1.9125,2.0413,0.0000,0.0000

1054.6190,1.9135,2.0156,0.0000,0.0000

1055.6190,1.9155,2.0207,0.0000,0.0000

1056.6190,1.9175,2.0464,0.0000,0.0000

1057.6190,1.9195,2.0053,0.0000,0.0000

1058.6200,1.9190,2.0207,0.0000,0.0000

1059.6190,1.9170,2.0259,0.0000,0.0000

1060.6200,1.9160,2.0207,0.0000,0.0000

1061.6190,1.9190,2.0413,0.0000,0.0000

1062.6190,1.9205,2.0362,0.0000,0.0000

1063.6190,1.9195,2.0310,0.0000,0.0000

1064.6190,1.9205,2.0259,0.0000,0.0000

1065.6190,1.9235,2.0516,0.0000,0.0000

1066.6190,1.9215,2.0259,0.0000,0.0000

1067.6190,1.9245,2.0362,0.0000,0.0000

1068.6190,1.9249,2.0259,0.0000,0.0000

1069.6200,1.9279,2.0567,0.0000,0.0000

1070.6190,1.9299,2.0413,0.0000,0.0000

1071.6200,1.9264,2.0053,0.0000,0.0000

1072.6200,1.9264,2.0362,0.0000,0.0000

1073.6190,1.9249,2.0156,0.0000,0.0000

1074.6200,1.9245,2.0207,0.0000,0.0000

1075.6190,1.9215,2.0207,0.0000,0.0000

1076.6190,1.9215,2.0259,0.0000,0.0000

1077.6190,1.9240,2.0619,0.0000,0.0000

1078.6190,1.9245,2.0310,0.0000,0.0000

1079.6190,1.9225,2.0362,0.0000,0.0000

1080.6190,1.9210,2.0259,0.0000,0.0000

1081.6190,1.9230,2.0259,0.0000,0.0000

1082.6190,1.9225,2.0310,0.0000,0.0000

1083.6190,1.9240,2.0310,0.0000,0.0000

1084.6190,1.9225,2.0053,0.0000,0.0000

1085.6190,1.9329,2.1288,0.0000,0.0000

1086.6190,1.9314,2.0104,0.0000,0.0000

1087.6200,1.9284,2.0310,0.0000,0.0000

1088.6190,1.9314,2.0619,0.0000,0.0000

1089.6190,1.9304,2.0259,0.0000,0.0000

1090.6200,1.9304,2.0259,0.0000,0.0000

1091.6190,1.9284,2.0053,0.0000,0.0000

1092.6200,1.9269,2.0156,0.0000,0.0000

1093.6190,1.9249,2.0104,0.0000,0.0000

1094.6190,1.9274,2.0310,0.0000,0.0000

1095.6190,1.9170,2.0207,0.0000,0.0000

1096.6190,1.9175,2.0156,0.0000,0.0000

1097.6190,1.9165,2.0207,0.0000,0.0000

1098.6190,1.9150,2.0464,0.0000,0.0000

1099.6190,1.9170,2.0464,0.0000,0.0000

1100.6190,1.9150,2.0053,0.0000,0.0000

1101.6190,1.9180,2.0362,0.0000,0.0000

1102.6190,1.9190,2.0259,0.0000,0.0000

1103.6190,1.9205,2.0259,0.0000,0.0000

1104.6190,1.9200,2.0259,0.0000,0.0000

1105.6190,1.9180,2.0001,0.0000,0.0000

1106.6190,1.9195,2.0310,0.0000,0.0000

1107.6190,1.9220,2.0464,0.0000,0.0000

1108.6200,1.9205,2.0310,0.0000,0.0000

1109.6190,1.9220,2.0619,0.0000,0.0000

1110.6190,1.9299,2.0876,0.0000,0.0000

1111.6190,1.9299,2.0362,0.0000,0.0001

1112.6190,1.9299,2.0259,0.0000,0.0000

1113.6190,1.9309,2.0362,0.0000,0.0000

1114.6190,1.9299,2.0156,0.0000,0.0000

1115.6200,1.9344,2.0464,0.0000,0.0000

1116.6190,1.9359,2.0464,0.0000,0.0000

1117.6190,1.9339,2.0259,0.0000,0.0000

1118.6190,1.9349,2.0413,0.0000,0.0000

1119.6190,1.9319,2.0310,0.0000,0.0000

1120.6200,1.9269,2.0362,0.0000,0.0000

1121.6190,1.9259,2.0259,0.0000,0.0000

1122.6190,1.9259,2.0259,0.0000,0.0000

1123.6200,1.9205,1.9796,0.0000,0.0000

1124.6190,1.9215,2.0259,0.0000,0.0000

1125.6190,1.9180,2.0104,0.0000,0.0000

1126.6200,1.9160,2.0259,0.0000,0.0000

1127.6200,1.9185,2.0516,0.0000,0.0000

1128.6200,1.9155,2.0104,0.0000,0.0000

1129.6200,1.9155,2.0310,0.0000,0.0000

1130.6190,1.9135,2.0156,0.0000,0.0000

1131.6190,1.9125,2.0156,0.0000,0.0000

1132.6190,1.9100,2.0001,0.0000,0.0000

1133.6190,1.9115,1.9950,0.0000,0.0000

1134.6190,1.9090,2.0001,0.0000,0.0000

1135.6190,1.9095,2.0156,0.0000,0.0000

1136.6190,1.9095,2.0259,0.0000,0.0000

1137.6200,1.9051,2.0053,0.0000,0.0000

1138.6200,1.9051,2.0104,0.0000,0.0000

1139.6190,1.9051,2.0310,0.0000,0.0000

1140.6190,1.9056,2.0207,0.0000,0.0000

1141.6190,1.9041,2.0001,0.0000,0.0000

1142.6200,1.9071,2.0310,0.0000,0.0000

1143.6190,1.9095,2.0207,0.0000,0.0000

1144.6190,1.9135,2.0413,0.0000,0.0000

1145.6200,1.9160,2.0413,0.0000,0.0000

1146.6190,1.9160,2.0259,0.0000,0.0000

1147.6190,1.9175,2.0207,0.0000,0.0000

1148.6200,1.9180,2.0156,0.0000,0.0000

1149.6200,1.9160,2.0104,0.0000,0.0000

1150.6200,1.9160,2.0207,0.0000,0.0000

1151.6190,1.9180,2.0207,0.0000,0.0000

1152.6190,1.9170,2.0207,0.0000,0.0000

1153.6200,1.9180,2.0310,0.0000,0.0000

1154.6200,1.9160,2.0207,0.0000,0.0000

1155.6190,1.9145,2.0259,0.0000,0.0000

1156.6190,1.9160,2.0413,0.0000,0.0000

1157.6190,1.9165,2.0259,0.0000,0.0001

1158.6190,1.9160,2.0104,0.0000,0.0000

1159.6190,1.9180,2.0310,0.0000,0.0000

1160.6190,1.9170,2.0104,0.0000,0.0000

1161.6190,1.9180,2.0310,0.0000,0.0000

1162.6200,1.9180,2.0207,0.0000,0.0000

1163.6200,1.9180,2.0310,0.0000,0.0000

1164.6190,1.9195,2.0362,0.0000,0.0000

1165.6190,1.9210,2.0413,0.0000,0.0000

1166.6200,1.9210,2.0413,0.0000,0.0000

1167.6190,1.9185,2.0001,0.0000,0.0000

1168.6190,1.9200,2.0259,0.0000,0.0000

1169.6190,1.9185,2.0156,0.0000,0.0000

1170.6190,1.9220,2.0464,0.0000,0.0000

1171.6190,1.9170,1.9796,0.0000,0.0000

1172.6190,1.9165,2.0156,0.0000,0.0000

1173.6190,1.9240,2.1082,0.0000,0.0000

1174.6190,1.9225,2.0207,0.0000,0.0000

1175.6190,1.9190,2.0053,0.0000,0.0000

1176.6190,1.9155,2.0053,0.0000,0.0000

1177.6190,1.9180,2.0259,0.0000,0.0000

1178.6190,1.9180,2.0259,0.0000,0.0000

1179.6190,1.9195,2.0310,0.0000,0.0000

1180.6190,1.9175,2.0259,0.0000,0.0000

1181.6190,1.9205,2.0104,0.0000,0.0000

1182.6190,1.9215,2.0259,0.0000,0.0000

1183.6200,1.9140,2.0310,0.0000,0.0000

1184.6190,1.9145,2.0259,0.0000,0.0000

1185.6190,1.9170,2.0310,0.0000,0.0000

1186.6200,1.9185,2.0207,0.0000,0.0000

1187.6190,1.9155,1.9950,0.0000,0.0000

1188.6190,1.9160,2.0310,0.0000,0.0000

1189.6190,1.9190,2.0619,0.0000,0.0000

1190.6190,1.9180,2.0156,0.0000,0.0000

1191.6190,1.9205,2.0362,0.0000,0.0000

1192.6190,1.9180,2.0001,0.0000,0.0000

1193.6200,1.9175,2.0259,0.0000,0.0000

1194.6190,1.9160,2.0104,0.0000,0.0000

1195.6190,1.9135,2.0053,0.0000,0.0000

1196.6190,1.9135,2.0207,0.0000,0.0000

1197.6200,1.9170,2.0310,0.0000,0.0000

1198.6190,1.9170,2.0310,0.0000,0.0000

1199.6200,1.9130,2.0207,0.0000,0.0000

1200.6200,1.9140,2.0259,0.0000,0.0000

1201.6200,1.9145,2.0413,0.0000,0.0000

1202.6200,1.9190,2.0464,0.0000,0.0000

1203.6190,1.9185,2.0207,0.0000,0.0000

1204.6190,1.9205,2.0310,0.0000,0.0000

1205.6190,1.9215,2.0156,0.0000,0.0000

1206.6200,1.9200,2.0053,0.0000,0.0000

1207.6190,1.9205,2.0362,0.0000,0.0000

1208.6190,1.9180,2.0053,0.0000,0.0000

1209.6190,1.9165,2.0053,0.0000,0.0000

1210.6200,1.9165,2.0259,0.0000,0.0000

1211.6190,1.9150,2.0259,0.0000,0.0000

1212.6200,1.9125,2.0207,0.0000,0.0000

1213.6190,1.9125,2.0207,0.0000,0.0000

1214.6190,1.9105,2.0104,0.0000,0.0000

1215.6190,1.9115,2.0259,0.0000,0.0000

1216.6190,1.9150,2.0413,0.0000,0.0000

1217.6190,1.9105,1.9898,0.0000,0.0000

1218.6190,1.9130,2.0310,0.0000,0.0000

1219.6200,1.9150,2.0259,0.0000,0.0000

1220.6190,1.9130,2.0053,0.0000,0.0000

1221.6190,1.9095,1.9898,0.0000,0.0000

1222.6190,1.9100,2.0259,0.0000,0.0000

1223.6190,1.9120,2.0413,0.0000,0.0000

1224.6190,1.9150,2.0413,0.0000,0.0000

1225.6190,1.9155,2.0310,0.0000,0.0000

1226.6190,1.9130,2.0156,0.0000,0.0000

1227.6190,1.9155,2.0156,0.0000,0.0000

1228.6200,1.9140,2.0156,0.0000,0.0000

1229.6190,1.9145,2.0310,0.0000,0.0000

1230.6190,1.9175,2.0362,0.0000,0.0000

1231.6190,1.9210,2.0259,0.0000,0.0000

1232.6200,1.9210,2.0259,0.0000,0.0000

1233.6190,1.9180,2.0104,0.0000,0.0000

1234.6190,1.9155,2.0156,0.0000,0.0000

1235.6190,1.9105,1.9796,0.0000,0.0000

1236.6190,1.9105,2.0156,0.0000,0.0000

1237.6190,1.9125,2.0362,0.0000,0.0000

1238.6190,1.9140,2.0310,0.0000,0.0000

1239.6190,1.9155,2.0464,0.0000,0.0000

1240.6190,1.9135,2.0156,0.0000,0.0000

1241.6190,1.9125,2.0156,0.0000,0.0000

1242.6190,1.9110,2.0104,0.0000,0.0000

1243.6200,1.9115,2.0156,0.0000,0.0000

1244.6190,1.9125,2.0259,0.0000,0.0000

1245.6200,1.9160,2.0156,0.0000,0.0000

1246.6190,1.9145,2.0001,0.0000,0.0000

1247.6190,1.9135,2.0259,0.0000,0.0000

1248.6190,1.9125,2.0207,0.0000,0.0000

1249.6190,1.9105,2.0259,0.0000,0.0000

1250.6190,1.9115,2.0259,0.0000,0.0000

1251.6190,1.9130,2.0310,0.0000,0.0000

1252.6190,1.9115,1.9950,0.0000,0.0000

1253.6200,1.9140,2.0413,0.0000,0.0000

1254.6190,1.9150,2.0362,0.0000,0.0000

1255.6190,1.9135,2.0001,0.0000,0.0000

1256.6190,1.9160,2.0259,0.0000,0.0000

1257.6200,1.9170,2.0362,0.0000,0.0000

1258.6190,1.9185,2.0362,0.0000,0.0000

1259.6190,1.9200,2.0413,0.0000,0.0000

1260.6190,1.9195,2.0207,0.0000,0.0000

1261.6190,1.7233,0.0000,0.0000,0.0000

1262.6190,1.5306,0.0000,0.0000,0.0000

1263.6200,1.3334,0.0000,0.0000,0.0000

1264.6200,1.1367,0.0000,0.0000,0.0000

1265.6190,0.9435,0.0000,0.0000,0.0000

1266.6190,0.7478,0.0000,0.0000,0.0000

1267.6190,0.5511,0.0000,0.0000,0.0000

1268.6190,0.3544,0.0000,0.0000,0.0000

1269.6190,0.1572,0.0000,0.0000,0.0000

1270.6200,-0.0380,0.0000,0.0000,0.0000

1271.6190,-0.0380,0.0000,0.0000,0.0000

1272.6190,-0.0380,0.0000,0.0000,0.0000

1273.6190,-0.0380,0.0000,0.0000,0.0000

1274.6190,-0.0380,0.0000,0.0000,0.0000

1275.6190,-0.0380,0.0000,0.0000,0.0000

1276.6190,-0.0380,0.0000,0.0000,0.0000

1277.6190,-0.0380,0.0000,0.0000,0.0000

1278.6190,-0.0380,0.0000,0.0000,0.0000

1279.6190,-0.0380,0.0000,0.0000,0.0000

1280.6200,-0.0380,0.0000,0.0000,0.0000

1281.6200,-0.0380,0.0000,0.0000,0.0000

1282.6190,-0.0380,0.0000,0.0000,0.0000

1283.6200,-0.0380,0.0000,0.0000,0.0000

1284.6190,-0.0380,0.0000,0.0000,0.0000

1285.6190,-0.0380,0.0000,0.0000,0.0000

1286.6200,-0.0380,0.0000,0.0000,0.0000

1287.6190,-0.0380,0.0000,0.0000,0.0000

1288.6190,-0.0380,0.0000,0.0000,0.0000

1289.6190,-0.0380,0.0000,0.0000,0.0000

1290.6200,-0.0380,0.0000,0.0000,0.0000

1291.6190,-0.0380,0.0000,0.0000,0.0000

1292.6190,-0.0380,0.0000,0.0000,0.0000

1293.6200,-0.0380,0.0000,0.0000,0.0000

1294.6190,-0.0380,0.0000,0.0000,0.0000

1295.6190,-0.0380,0.0000,0.0000,0.0000

1296.6190,-0.0380,0.0000,0.0000,0.0000

1297.6190,-0.0380,0.0000,0.0000,0.0000

1298.6200,-0.0380,0.0000,0.0000,0.0000

1299.6190,-0.0380,0.0000,0.0000,0.0000

1300.6190,-0.0380,0.0000,0.0000,0.0000

1301.6190,-0.0380,0.0000,0.0000,0.0000

1302.6190,-0.0380,0.0000,0.0000,0.0000

1303.6190,-0.0380,0.0000,0.0000,0.0000

1304.6190,-0.0380,0.0000,0.0000,0.0000

1305.6190,-0.0380,0.0000,0.0000,0.0000

1306.6190,-0.0380,0.0000,0.0000,0.0000

1307.6190,-0.0380,0.0000,0.0000,0.0000

1308.6190,-0.0380,0.0000,0.0000,0.0000

1309.6190,-0.0380,0.0000,0.0000,0.0000

1310.6190,-0.0380,0.0000,0.0000,0.0000

1311.6190,-0.0380,0.0000,0.0000,0.0000

1312.6190,-0.0380,0.0000,0.0000,0.0000

1313.6190,-0.0380,0.0000,0.0000,0.0000

1314.6190,-0.0380,0.0000,0.0000,0.0000

1315.6200,-0.0380,0.0000,0.0000,0.0000

1316.6200,-0.0380,0.0000,0.0000,0.0000

1317.6200,-0.0380,0.0000,0.0000,0.0000

1318.6190,-0.0380,0.0000,0.0000,0.0000

1319.6190,-0.0380,0.0000,0.0000,0.0000

1320.6190,-0.0380,0.0000,0.0000,0.0000

1321.6190,-0.0380,0.0000,0.0000,0.0000

1322.6190,-0.0380,0.0000,0.0000,0.0000

1323.6190,-0.0380,0.0000,0.0000,0.0000

1324.6200,-0.0380,0.0000,0.0000,0.0000

1325.6210,-0.0380,0.0000,0.0000,0.0000

1326.6190,-0.0380,0.0000,0.0000,0.0000

1327.6190,-0.0380,0.0000,0.0000,0.0000

1328.6190,-0.0380,0.0000,0.0000,0.0000

1329.6190,-0.0380,0.0000,0.0000,0.0000

1330.6190,-0.0380,0.0000,0.0000,0.0000

1331.6190,-0.0380,0.0000,0.0000,0.0000

1332.6190,-0.0380,0.0000,0.0000,0.0000

1333.6190,-0.0380,0.0000,0.0000,0.0000

1334.6190,-0.0380,0.0000,0.0000,0.0000

1335.6190,-0.0380,0.0000,0.0000,0.0000

1336.6190,-0.0380,0.0000,0.0000,0.0000

1337.6190,-0.0380,0.0000,0.0000,0.0000

1338.6190,-0.0380,0.0000,0.0000,0.0000

1339.6190,-0.0380,0.0000,0.0000,0.0000

1340.6190,-0.0380,0.0000,0.0000,0.0000

1341.6190,-0.0380,0.0000,0.0000,0.0000

1342.6190,-0.0380,0.0000,0.0000,0.0000

1343.6190,-0.0380,0.0000,0.0000,0.0000

1344.6190,-0.0380,0.0000,0.0000,0.0000

1345.6190,-0.0380,0.0000,0.0000,0.0000

1346.6190,-0.0380,0.0000,0.0000,0.0000

1347.6190,-0.0380,0.0000,0.0000,0.0000

1348.6200,-0.0380,0.0000,0.0000,0.0000

1349.6190,-0.0380,0.0000,0.0000,0.0000

1350.6190,-0.0380,0.0000,0.0000,0.0000

1351.6190,-0.0380,0.0000,0.0000,0.0000

1352.6190,-0.0380,0.0000,0.0000,0.0000

1353.6190,-0.0380,0.0000,0.0000,0.0000

1354.6190,-0.0380,0.0000,0.0000,0.0000

1355.6190,-0.0380,0.0000,0.0000,0.0000

1356.6190,-0.0380,0.0000,0.0000,0.0000

1357.6190,-0.0380,0.0000,0.0000,0.0000

1358.6190,-0.0380,0.0000,0.0000,0.0000

1359.6190,-0.0380,0.0000,0.0000,0.0000

1360.6200,-0.0380,0.0000,0.0000,0.0000

1361.6190,-0.0380,0.0000,0.0000,0.0000

1362.6200,-0.0380,0.0000,0.0000,0.0000

1363.6190,-0.0380,0.0000,0.0000,0.0000

1364.6190,-0.0380,0.0000,0.0000,0.0000

1365.6190,-0.0380,0.0000,0.0000,0.0000

1366.6190,-0.0380,0.0000,0.0000,0.0000

1367.6200,-0.0380,0.0000,0.0000,0.0000

1368.6200,-0.0380,0.0000,0.0000,0.0000

1369.6190,-0.0380,0.0000,0.0000,0.0000

1370.6190,-0.0380,0.0000,0.0000,0.0000

1371.6190,-0.0380,0.0000,0.0000,0.0000

1372.6190,-0.0380,0.0000,0.0000,0.0000

1373.6190,-0.0380,0.0000,0.0000,0.0000

1374.6190,-0.0380,0.0000,0.0000,0.0000

1375.6190,-0.0380,0.0000,0.0000,0.0000

1376.6190,-0.0380,0.0000,0.0000,0.0000

1377.6190,-0.0380,0.0000,0.0000,0.0000

1378.6190,-0.0380,0.0000,0.0000,0.0000

1379.6190,-0.0380,0.0000,0.0000,0.0000

1380.6190,-0.0380,0.0000,0.0000,0.0000

1381.6190,-0.0380,0.0000,0.0000,0.0000

1382.6190,-0.0380,0.0000,0.0000,0.0000

1383.6190,-0.0380,0.0000,0.0000,0.0000

1384.6190,-0.0380,0.0000,0.0000,0.0000

1385.6190,-0.0380,0.0000,0.0000,0.0000

1386.6190,-0.0380,0.0000,0.0000,0.0000

1387.6190,-0.0380,0.0000,0.0000,0.0000

1388.6190,-0.0380,0.0000,0.0000,0.0000

1389.6200,-0.0380,0.0000,0.0000,0.0000

1390.6200,-0.0380,0.0000,0.0000,0.0000

1391.6190,-0.0380,0.0000,0.0000,0.0000

1392.6200,-0.0380,0.0000,0.0000,0.0000

1393.6190,-0.0380,0.0000,0.0000,0.0000

1394.6190,-0.0380,0.0000,0.0000,0.0000

1395.6200,-0.0380,0.0000,0.0000,0.0000

1396.6190,-0.0380,0.0000,0.0000,0.0000

1397.6190,-0.0380,0.0000,0.0000,0.0000

1398.6200,-0.0380,0.0000,0.0000,0.0000

1399.6190,-0.0380,0.0000,0.0000,0.0000

1400.6190,-0.0380,0.0000,0.0000,0.0000

1401.6190,-0.0380,0.0000,0.0000,0.0000

1402.6190,-0.0380,0.0000,0.0000,0.0000

1403.6210,-0.0380,0.0000,0.0000,0.0000

1404.6190,-0.0380,0.0000,0.0000,0.0000

1405.6190,-0.0380,0.0000,0.0000,0.0000

1406.6190,-0.0380,0.0000,0.0000,0.0000

1407.6190,-0.0380,0.0000,0.0000,0.0000

1408.6190,-0.0380,0.0000,0.0000,0.0000

1409.6190,-0.0380,0.0000,0.0000,0.0000

1410.6190,-0.0380,0.0000,0.0000,0.0000

1411.6190,-0.0380,0.0000,0.0000,0.0000

1412.6190,-0.0380,0.0000,0.0000,0.0000

1413.6190,-0.0380,0.0000,0.0000,0.0000

1414.6190,-0.0380,0.0000,0.0000,0.0000

1415.6190,-0.0380,0.0000,0.0000,0.0000

1416.6190,-0.0380,0.0000,0.0000,0.0000

1417.6190,-0.0380,0.0000,0.0000,0.0000

1418.6190,-0.0380,0.0000,0.0000,0.0000

1419.6190,-0.0380,0.0000,0.0000,0.0000

1420.6190,-0.0380,0.0000,0.0000,0.0000

1421.6190,-0.0380,0.0000,0.0000,0.0000

1422.6190,-0.0380,0.0000,0.0000,0.0000

1423.6190,-0.0380,0.0000,0.0000,0.0000

1424.6190,-0.0380,0.0000,0.0000,0.0000

1425.6200,-0.0380,0.0000,0.0000,0.0000

1426.6190,-0.0380,0.0000,0.0000,0.0000

1427.6200,-0.0380,0.0000,0.0000,0.0000

1428.6190,-0.0380,0.0000,0.0000,0.0000

1429.6190,-0.0380,0.0000,0.0000,0.0000

1430.6190,-0.0380,0.0000,0.0000,0.0000

1431.6190,-0.0380,0.0000,0.0000,0.0000

1432.6190,-0.0380,0.0000,0.0000,0.0000

1433.6200,-0.0380,0.0000,0.0000,0.0000

1434.6190,-0.0380,0.0000,0.0000,0.0000

1435.6190,-0.0380,0.0000,0.0000,0.0000

1436.6190,-0.0380,0.0000,0.0000,0.0000

1437.6190,-0.0380,0.0000,0.0000,0.0000

1438.6190,-0.0380,0.0000,0.0000,0.0000

1439.6200,-0.0380,0.0000,0.0000,0.0000

1440.6200,-0.0380,0.0000,0.0000,0.0000

1441.6200,-0.0380,0.0000,0.0000,0.0000

1442.6200,-0.0380,0.0000,0.0000,0.0000

1443.6200,-0.0380,0.0000,0.0000,0.0000

1444.6190,-0.0380,0.0000,0.0000,0.0000

1445.6190,-0.0380,0.0000,0.0000,0.0000

1446.6200,-0.0380,0.0000,0.0000,0.0000

1447.6190,-0.0380,0.0000,0.0000,0.0000

1448.6210,-0.0380,0.0000,0.0000,0.0000

1449.6190,-0.0380,0.0000,0.0000,0.0000

1450.6200,-0.0380,0.0000,0.0000,0.0000

1451.6190,-0.0380,0.0000,0.0000,0.0000

1452.6190,-0.0380,0.0000,0.0000,0.0000

1453.6190,-0.0380,0.0000,0.0000,0.0000

1454.6200,-0.0380,0.0000,0.0000,0.0000

1455.6190,-0.0380,0.0000,0.0000,0.0000

1456.6190,-0.0380,0.0000,0.0000,0.0000

1457.6190,-0.0380,0.0000,0.0000,0.0000

1458.6190,-0.0380,0.0000,0.0000,0.0000

1459.6190,-0.0380,0.0000,0.0000,0.0000

1460.6190,-0.0380,0.0000,0.0000,0.0000

1461.6190,-0.0380,0.0000,0.0000,0.0000

1462.6190,-0.0380,0.0000,0.0000,0.0000

1463.6190,-0.0380,0.0000,0.0000,0.0000

1464.6190,-0.0380,0.0000,0.0000,0.0000

1465.6190,-0.0380,0.0000,0.0000,0.0000

1466.6190,-0.0380,0.0000,0.0000,0.0000

1467.6200,-0.0380,0.0000,0.0000,0.0000

1468.6200,-0.0380,0.0000,0.0000,0.0000

1469.6190,-0.0380,0.0000,0.0000,0.0000

1470.6190,-0.0380,0.0000,0.0000,0.0000

1471.6190,-0.0380,0.0000,0.0000,0.0000

1472.6200,-0.0380,0.0000,0.0000,0.0000

1473.6190,-0.0380,0.0000,0.0000,0.0000

1474.6190,-0.0380,0.0000,0.0000,0.0000

1475.6190,-0.0380,0.0000,0.0000,0.0000

1476.6190,-0.0380,0.0000,0.0000,0.0000

1477.6190,-0.0380,0.0000,0.0000,0.0000

1478.6190,-0.0380,0.0000,0.0000,0.0000

1479.6190,-0.0380,0.0000,0.0000,0.0000

1480.6200,-0.0380,0.0000,0.0000,0.0000

1481.6200,-0.0380,0.0000,0.0000,0.0000

1482.6200,-0.0380,0.0000,0.0000,0.0000

1483.6200,-0.0380,0.0000,0.0000,0.0000

1484.6190,-0.0380,0.0000,0.0000,0.0000

1485.6190,-0.0380,0.0000,0.0000,0.0000

1486.6190,-0.0380,0.0000,0.0000,0.0000

1487.6190,-0.0380,0.0000,0.0000,0.0000

1488.6190,-0.0380,0.0000,0.0000,0.0000

1489.6190,-0.0380,0.0000,0.0000,0.0000

1490.6190,-0.0380,0.0000,0.0000,0.0000

1491.6190,-0.0380,0.0000,0.0000,0.0000

1492.6190,-0.0380,0.0000,0.0000,0.0000

1493.6200,-0.0380,0.0000,0.0000,0.0000

1494.6200,-0.0380,0.0000,0.0000,0.0000

1495.6200,-0.0380,0.0000,0.0000,0.0000

1496.6190,-0.0380,0.0000,0.0000,0.0000

1497.6190,-0.0380,0.0000,0.0000,0.0000

1498.6200,-0.0380,0.0000,0.0000,0.0000

1499.6190,-0.0380,0.0000,0.0000,0.0000

1500.6190,-0.0380,0.0000,0.0000,0.0000

1501.6210,-0.0380,0.0000,0.0000,0.0000

1502.6190,-0.0380,0.0000,0.0000,0.0000

1503.6200,-0.0380,0.0000,0.0000,0.0000

1504.6190,-0.0380,0.0000,0.0000,0.0000

1505.6200,-0.0380,0.0000,0.0000,0.0000

1506.6190,-0.0380,0.0000,0.0000,0.0000

1507.6190,-0.0380,0.0000,0.0000,0.0000

1508.6190,-0.0380,0.0000,0.0000,0.0000

1509.6190,-0.0380,0.0000,0.0000,0.0000

1510.6190,-0.0380,0.0000,0.0000,0.0000

1511.6190,-0.0380,0.0000,0.0000,0.0000

1512.6190,-0.0380,0.0000,0.0000,0.0000

1513.6190,-0.0380,0.0000,0.0000,0.0000

1514.6200,-0.0380,0.0000,0.0000,0.0000

1515.6190,-0.0380,0.0000,0.0000,0.0000

1516.6200,-0.0380,0.0000,0.0000,0.0000

1517.6190,-0.0380,0.0000,0.0000,0.0000

1518.6190,-0.0380,0.0000,0.0000,0.0000

1519.6190,-0.0380,0.0000,0.0000,0.0000

1520.6200,-0.0380,0.0000,0.0000,0.0000

1521.6190,-0.0380,0.0000,0.0000,0.0000

1522.6200,-0.0380,0.0000,0.0000,0.0000

1523.6190,-0.0380,0.0000,0.0000,0.0000

1524.6190,-0.0380,0.0000,0.0000,0.0000

1525.6190,-0.0380,0.0000,0.0000,0.0000

1526.6190,-0.0380,0.0000,0.0000,0.0000

1527.6190,-0.0380,0.0000,0.0000,0.0000

1528.6210,-0.0380,0.0000,0.0000,0.0000

1529.6190,-0.0380,0.0000,0.0000,0.0000

1530.6190,-0.0380,0.0000,0.0000,0.0000

1531.6190,-0.0380,0.0000,0.0000,0.0000

1532.6190,-0.0380,0.0000,0.0000,0.0000

1533.6190,-0.0380,0.0000,0.0000,0.0000

1534.6190,-0.0380,0.0000,0.0000,0.0000

1535.6190,-0.0380,0.0000,0.0000,0.0000

1536.6200,-0.0380,0.0000,0.0000,0.0000

1537.6190,-0.0380,0.0000,0.0000,0.0000

1538.6190,-0.0380,0.0000,0.0000,0.0000

1539.6190,-0.0380,0.0000,0.0000,0.0000

1540.6190,-0.0380,0.0000,0.0000,0.0000

1541.6190,-0.0380,0.0000,0.0000,0.0000

1542.6190,-0.0380,0.0000,0.0000,0.0000

1543.6190,-0.0380,0.0000,0.0000,0.0000

1544.6200,-0.0380,0.0000,0.0000,0.0000

1545.6190,-0.0380,0.0000,0.0000,0.0000

1546.6190,-0.0380,0.0000,0.0000,0.0000

1547.6190,-0.0380,0.0000,0.0000,0.0000

1548.6200,-0.0380,0.0000,0.0000,0.0000

1549.6190,-0.0380,0.0000,0.0000,0.0000

1550.6190,-0.0380,0.0000,0.0000,0.0000

1551.6190,-0.0380,0.0000,0.0000,0.0000

1552.6190,-0.0380,0.0000,0.0000,0.0000

1553.6190,-0.0380,0.0000,0.0000,0.0000

1554.6190,-0.0380,0.0000,0.0000,0.0000

1555.6190,-0.0380,0.0000,0.0000,0.0000

1556.6190,-0.0380,0.0000,0.0000,0.0000

1557.6190,-0.0380,0.0000,0.0000,0.0000

1558.6190,-0.0380,0.0000,0.0000,0.0000

1559.6200,-0.0380,0.0000,0.0000,0.0000

1560.6190,-0.0380,0.0000,0.0000,0.0000

1561.6190,-0.0380,0.0000,0.0000,0.0000

1562.6190,-0.0380,0.0000,0.0000,0.0000

1563.6190,-0.0380,0.0000,0.0000,0.0000

1564.6190,-0.0380,0.0000,0.0000,0.0000

1565.6190,-0.0380,0.0000,0.0000,0.0000

1566.6200,-0.0380,0.0000,0.0000,0.0000

1567.6190,-0.0380,0.0000,0.0000,0.0000

1568.6190,-0.0380,0.0000,0.0000,0.0000

1569.6200,-0.0380,0.0000,0.0000,0.0000

1570.6190,-0.0380,0.0000,0.0000,0.0000

1571.6190,-0.0380,0.0000,0.0000,0.0000

1572.6200,-0.0380,0.0000,0.0000,0.0000

1573.6200,-0.0380,0.0000,0.0000,0.0000

1574.6190,-0.0380,0.0000,0.0000,0.0000

1575.6190,-0.0380,0.0000,0.0000,0.0000

1576.6190,-0.0380,0.0000,0.0000,0.0000

1577.6190,-0.0380,0.0000,0.0000,0.0000

1578.6190,-0.0380,0.0000,0.0000,0.0000

1579.6190,-0.0380,0.0000,0.0000,0.0000

1580.6190,-0.0380,0.0000,0.0000,0.0000

1581.6190,-0.0380,0.0000,0.0000,0.0000

1582.6210,-0.0380,0.0000,0.0000,0.0000

1583.6190,-0.0380,0.0000,0.0000,0.0000

1584.6190,-0.0380,0.0000,0.0000,0.0000

1585.6190,-0.0380,0.0000,0.0000,0.0000

1586.6190,-0.0380,0.0000,0.0000,0.0000

1587.6190,-0.0380,0.0000,0.0000,0.0000

1588.6190,-0.0380,0.0000,0.0000,0.0000

1589.6190,-0.0380,0.0000,0.0000,0.0000

1590.6200,-0.0380,0.0000,0.0000,0.0000

1591.6190,-0.0380,0.0000,0.0000,0.0000

1592.6190,-0.0380,0.0000,0.0000,0.0000

1593.6200,-0.0380,0.0000,0.0000,0.0000

1594.6190,-0.0380,0.0000,0.0000,0.0000

1595.6190,-0.0380,0.0000,0.0000,0.0000

1596.6190,-0.0380,0.0000,0.0000,0.0000

1597.6190,-0.0380,0.0000,0.0000,0.0000

1598.6200,-0.0380,0.0000,0.0000,0.0000

1599.6190,-0.0380,0.0000,0.0000,0.0000

1600.6190,-0.0380,0.0000,0.0000,0.0000

1601.6190,-0.0380,0.0000,0.0000,0.0000

1602.6190,-0.0380,0.0000,0.0000,0.0000

1603.6190,-0.0380,0.0000,0.0000,0.0000

1604.6190,-0.0380,0.0000,0.0000,0.0000

1605.6190,-0.0380,0.0000,0.0000,0.0000

1606.6190,-0.0380,0.0000,0.0000,0.0000

1607.6200,-0.0380,0.0000,0.0000,0.0000

1608.6190,-0.0380,0.0000,0.0000,0.0000

1609.6190,-0.0380,0.0000,0.0000,0.0000

1610.6190,-0.0380,0.0000,0.0000,0.0000

1611.6190,-0.0380,0.0000,0.0000,0.0000

1612.6190,-0.0380,0.0000,0.0000,0.0000

1613.6200,-0.0380,0.0000,0.0000,0.0000

1614.6190,-0.0380,0.0000,0.0000,0.0000

1615.6190,-0.0380,0.0000,0.0000,0.0000

1616.6190,-0.0380,0.0000,0.0000,0.0000

1617.6190,-0.0380,0.0000,0.0000,0.0000

1618.6190,-0.0380,0.0000,0.0000,0.0000

1619.6190,-0.0380,0.0000,0.0000,0.0000

1620.6190,-0.0380,0.0000,0.0000,0.0000

1621.6190,-0.0380,0.0000,0.0000,0.0000

1622.6190,-0.0380,0.0000,0.0000,0.0000

1623.6190,-0.0380,0.0000,0.0000,0.0000

1624.6200,-0.0380,0.0000,0.0000,0.0000

1625.6190,-0.0380,0.0000,0.0000,0.0000

1626.6190,-0.0380,0.0000,0.0000,0.0000

1627.6190,-0.0380,0.0000,0.0000,0.0000

1628.6200,-0.0380,0.0000,0.0000,0.0000

1629.6190,-0.0380,0.0000,0.0000,0.0000

1630.6210,-0.0380,0.0000,0.0000,0.0000

1631.6190,-0.0380,0.0000,0.0000,0.0000

1632.6190,-0.0380,0.0000,0.0000,0.0000

1633.6190,-0.0380,0.0000,0.0000,0.0000

1634.6190,-0.0380,0.0000,0.0000,0.0000

1635.6190,-0.0380,0.0000,0.0000,0.0000

1636.6190,-0.0380,0.0000,0.0000,0.0000

1637.6200,-0.0380,0.0000,0.0000,0.0000

1638.6190,-0.0380,0.0000,0.0000,0.0000

1639.6190,-0.0380,0.0000,0.0000,0.0000

1640.6190,-0.0380,0.0000,0.0000,0.0000

1641.6190,-0.0380,0.0000,0.0000,0.0000

1642.6190,-0.0380,0.0000,0.0000,0.0000

1643.6200,-0.0380,0.0000,0.0000,0.0000

1644.6190,-0.0380,0.0000,0.0000,0.0000

1645.6190,-0.0380,0.0000,0.0000,0.0000

1646.6190,-0.0380,0.0000,0.0000,0.0000

1647.6200,-0.0380,0.0000,0.0000,0.0000

1648.6190,-0.0380,0.0000,0.0000,0.0000

1649.6190,-0.0380,0.0000,0.0000,0.0000

1650.6190,-0.0380,0.0000,0.0000,0.0000

1651.6190,-0.0380,0.0000,0.0000,0.0000

1652.6190,-0.0380,0.0000,0.0000,0.0000

1653.6190,-0.0380,0.0000,0.0000,0.0000

1654.6190,-0.0380,0.0000,0.0000,0.0000

1655.6190,-0.0380,0.0000,0.0000,0.0000

1656.6190,-0.0380,0.0000,0.0000,0.0000

1657.6200,-0.0380,0.0000,0.0000,0.0000

1658.6200,-0.0380,0.0000,0.0000,0.0000

1659.6190,-0.0380,0.0000,0.0000,0.0000

1660.6200,-0.0380,0.0000,0.0000,0.0000

1661.6190,-0.0380,0.0000,0.0000,0.0000

1662.6190,-0.0380,0.0000,0.0000,0.0000

1663.6190,-0.0380,0.0000,0.0000,0.0000

1664.6190,-0.0380,0.0000,0.0000,0.0000

1665.6190,-0.0380,0.0000,0.0000,0.0000

1666.6200,-0.0380,0.0000,0.0000,0.0000

1667.6190,-0.0380,0.0000,0.0000,0.0000

1668.6190,-0.0380,0.0000,0.0000,0.0000

1669.6190,-0.0380,0.0000,0.0000,0.0000

1670.6190,-0.0380,0.0000,0.0000,0.0000

1671.6190,-0.0380,0.0000,0.0000,0.0000

1672.6200,-0.0380,0.0000,0.0000,0.0000

1673.6190,-0.0380,0.0000,0.0000,0.0000

1674.6190,-0.0380,0.0000,0.0000,0.0000

1675.6190,-0.0380,0.0000,0.0000,0.0000

1676.6200,-0.0380,0.0000,0.0000,0.0000

1677.6190,-0.0380,0.0000,0.0000,0.0000

1678.6190,-0.0380,0.0000,0.0000,0.0000

1679.6190,-0.0380,0.0000,0.0000,0.0000

1680.6200,-0.0380,0.0000,0.0000,0.0000

1681.6190,-0.0380,0.0000,0.0000,0.0000

1682.6200,-0.0380,0.0000,0.0000,0.0000

1683.6200,-0.0380,0.0000,0.0000,0.0000

1684.6200,-0.0380,0.0000,0.0000,0.0000

1685.6190,-0.0380,0.0000,0.0000,0.0000

1686.6190,-0.0380,0.0000,0.0000,0.0000

1687.6200,-0.0380,0.0000,0.0000,0.0000

1688.6190,-0.0380,0.0000,0.0000,0.0000

1689.6190,-0.0380,0.0000,0.0000,0.0000

1690.6200,-0.0380,0.0000,0.0000,0.0000

1691.6190,-0.0380,0.0000,0.0000,0.0000

1692.6190,-0.0380,0.0000,0.0000,0.0000

1693.6190,-0.0380,0.0000,0.0000,0.0000

1694.6200,-0.0380,0.0000,0.0000,0.0000

1695.6190,-0.0380,0.0000,0.0000,0.0000

1696.6190,-0.0380,0.0000,0.0000,0.0000

1697.6190,-0.0380,0.0000,0.0000,0.0000

1698.6190,-0.0380,0.0000,0.0000,0.0000

1699.6190,-0.0380,0.0000,0.0000,0.0000

1700.6200,-0.0380,0.0000,0.0000,0.0000

1701.6190,-0.0380,0.0000,0.0000,0.0000

1702.6190,-0.0380,0.0000,0.0000,0.0000

1703.6190,-0.0380,0.0000,0.0000,0.0000

1704.6190,-0.0380,0.0000,0.0000,0.0000

1705.6200,-0.0380,0.0000,0.0000,0.0000

1706.6190,-0.0380,0.0000,0.0000,0.0000

1707.6190,-0.0380,0.0000,0.0000,0.0000

1708.6190,-0.0380,0.0000,0.0000,0.0000

1709.6190,-0.0380,0.0000,0.0000,0.0000

1710.6190,-0.0380,0.0000,0.0000,0.0000

1711.6190,-0.0380,0.0000,0.0000,0.0000

1712.6190,-0.0380,0.0000,0.0000,0.0000

1713.6190,-0.0380,0.0000,0.0000,0.0000

1714.6190,-0.0380,0.0000,0.0000,0.0000

1715.6210,-0.0380,0.0000,0.0000,0.0000

1716.6190,-0.0380,0.0000,0.0000,0.0000

1717.6200,-0.0380,0.0000,0.0000,0.0000

1718.6190,-0.0380,0.0000,0.0000,0.0000

1719.6190,-0.0380,0.0000,0.0000,0.0000

1720.6200,-0.0380,0.0000,0.0000,0.0000

1721.6190,-0.0380,0.0000,0.0000,0.0000

1722.6190,-0.0380,0.0000,0.0000,0.0000

1723.6190,-0.0380,0.0000,0.0000,0.0000

1724.6190,-0.0380,0.0000,0.0000,0.0000

1725.6190,-0.0380,0.0000,0.0000,0.0000

1726.6200,-0.0380,0.0000,0.0000,0.0000

1727.6190,-0.0380,0.0000,0.0000,0.0000

1728.6200,-0.0380,0.0000,0.0000,0.0000

1729.6190,-0.0380,0.0000,0.0000,0.0000

1730.6190,-0.0380,0.0000,0.0000,0.0000

1731.6190,-0.0380,0.0000,0.0000,0.0000

1732.6190,-0.0380,0.0000,0.0000,0.0000

1733.6200,-0.0380,0.0000,0.0000,0.0000

1734.6190,-0.0380,0.0000,0.0000,0.0000

1735.6190,-0.0380,0.0000,0.0000,0.0000

1736.6190,-0.0380,0.0000,0.0000,0.0000

1737.6190,-0.0380,0.0000,0.0000,0.0000

1738.6190,-0.0380,0.0000,0.0000,0.0000

1739.6200,-0.0380,0.0000,0.0000,0.0000

1740.6190,-0.0380,0.0000,0.0000,0.0000

1741.6190,-0.0380,0.0000,0.0000,0.0000

1742.6190,-0.0380,0.0000,0.0000,0.0000

1743.6190,-0.0380,0.0000,0.0000,0.0000

1744.6190,-0.0380,0.0000,0.0000,0.0000

1745.6200,-0.0380,0.0000,0.0000,0.0000

1746.6200,-0.0380,0.0000,0.0000,0.0000

1747.6200,-0.0380,0.0000,0.0000,0.0000

1748.6190,-0.0380,0.0000,0.0000,0.0000

1749.6190,-0.0380,0.0000,0.0000,0.0000

1750.6190,-0.0380,0.0000,0.0000,0.0000

1751.6190,-0.0380,0.0000,0.0000,0.0000

1752.6190,-0.0380,0.0000,0.0000,0.0000

1753.6190,-0.0380,0.0000,0.0000,0.0000

1754.6190,-0.0380,0.0000,0.0000,0.0000

1755.6190,-0.0380,0.0000,0.0000,0.0000

1756.6190,-0.0380,0.0000,0.0000,0.0000

1757.6200,-0.0380,0.0000,0.0000,0.0000

1758.6190,-0.0380,0.0000,0.0000,0.0000

1759.6190,-0.0380,0.0000,0.0000,0.0000

1760.6190,-0.0380,0.0000,0.0000,0.0000

1761.6190,-0.0380,0.0000,0.0000,0.0000

1762.6190,-0.0380,0.0000,0.0000,0.0000

1763.6190,-0.0380,0.0000,0.0000,0.0000

1764.6200,-0.0380,0.0000,0.0000,0.0000

1765.6190,-0.0380,0.0000,0.0000,0.0000

1766.6200,-0.0380,0.0000,0.0000,0.0000

1767.6200,-0.0380,0.0000,0.0000,0.0000

1768.6190,-0.0380,0.0000,0.0000,0.0000

1769.6190,-0.0380,0.0000,0.0000,0.0000

1770.6190,-0.0380,0.0000,0.0000,0.0000

1771.6190,-0.0380,0.0000,0.0000,0.0000

1772.6190,-0.0380,0.0000,0.0000,0.0000

1773.6200,-0.0380,0.0000,0.0000,0.0000

1774.6190,-0.0380,0.0000,0.0000,0.0000

1775.6190,-0.0380,0.0000,0.0000,0.0000

1776.6190,-0.0380,0.0000,0.0000,0.0000

1777.6190,-0.0380,0.0000,0.0000,0.0000

1778.6200,-0.0380,0.0000,0.0000,0.0000

1779.6190,-0.0380,0.0000,0.0000,0.0000

1780.6190,-0.0380,0.0000,0.0000,0.0000

1781.6190,-0.0380,0.0000,0.0000,0.0000

1782.6190,-0.0380,0.0000,0.0000,0.0000

1783.6190,-0.0380,0.0000,0.0000,0.0000

1784.6200,-0.0380,0.0000,0.0000,0.0000

1785.6190,-0.0380,0.0000,0.0000,0.0000

1786.6190,-0.0380,0.0000,0.0000,0.0000

1787.6190,-0.0380,0.0000,0.0000,0.0000

1788.6190,-0.0380,0.0000,0.0000,0.0000

1789.6200,-0.0380,0.0000,0.0000,0.0000

1790.6190,-0.0380,0.0000,0.0000,0.0000

1791.6190,-0.0380,0.0000,0.0000,0.0000

1792.6190,-0.0380,0.0000,0.0000,0.0000

1793.6190,-0.0380,0.0000,0.0000,0.0000

1794.6190,-0.0380,0.0000,0.0000,0.0000

1795.6200,-0.0380,0.0000,0.0000,0.0000

1796.6190,-0.0380,0.0000,0.0000,0.0000

1797.6190,-0.0380,0.0000,0.0000,0.0000

1798.6190,-0.0380,0.0000,0.0000,0.0000

1799.6200,-0.0380,0.0000,0.0000,0.0000

1800.6190,-0.0380,0.0000,0.0000,0.0000

1801.6190,-0.0380,0.0000,0.0000,0.0000

1802.6190,-0.0380,0.0000,0.0000,0.0000

1803.6190,-0.0380,0.0000,0.0000,0.0000

1804.6190,-0.0380,0.0000,0.0000,0.0000

1805.6190,-0.0380,0.0000,0.0000,0.0000

1806.6190,-0.0380,0.0000,0.0000,0.0000

1807.6190,-0.0380,0.0000,0.0000,0.0000

1808.6190,-0.0380,0.0000,0.0000,0.0000

1809.6190,-0.0380,0.0000,0.0000,0.0000

1810.6190,-0.0380,0.0000,0.0000,0.0000

1811.6190,-0.0380,0.0000,0.0000,0.0000

1812.6190,-0.0380,0.0000,0.0000,0.0000

1813.6190,-0.0380,0.0000,0.0000,0.0000

1814.6210,-0.0380,0.0000,0.0000,0.0000

1815.6200,-0.0380,0.0000,0.0000,0.0000

1816.6190,-0.0380,0.0000,0.0000,0.0000

1817.6190,-0.0380,0.0000,0.0000,0.0000

1818.6190,-0.0380,0.0000,0.0000,0.0000

1819.6190,-0.0380,0.0000,0.0000,0.0000

1820.6190,-0.0380,0.0000,0.0000,0.0000

1821.6190,-0.0380,0.0000,0.0000,0.0000

1822.6190,-0.0380,0.0000,0.0000,0.0000

1823.6190,-0.0380,0.0000,0.0000,0.0000

1824.6190,-0.0380,0.0000,0.0000,0.0000

1825.6200,-0.0380,0.0000,0.0000,0.0000

1826.6190,-0.0380,0.0000,0.0000,0.0000

1827.6190,-0.0380,0.0000,0.0000,0.0000

1828.6200,-0.0380,0.0000,0.0000,0.0000

1829.6200,-0.0380,0.0000,0.0000,0.0000

1830.6190,-0.0380,0.0000,0.0000,0.0000

1831.6200,-0.0380,0.0000,0.0000,0.0000

1832.6190,-0.0380,0.0000,0.0000,0.0000

1833.6190,-0.0380,0.0000,0.0000,0.0000

1834.6190,-0.0380,0.0000,0.0000,0.0000

1835.6190,-0.0380,0.0000,0.0000,0.0000

1836.6190,-0.0380,0.0000,0.0000,0.0000

1837.6190,-0.0380,0.0000,0.0000,0.0000

1838.6190,-0.0380,0.0000,0.0000,0.0000

1839.6190,-0.0380,0.0000,0.0000,0.0000

1840.6200,-0.0380,0.0000,0.0000,0.0000

1841.6190,-0.0380,0.0000,0.0000,0.0000

1842.6200,-0.0380,0.0000,0.0000,0.0000

1843.6200,-0.0380,0.0000,0.0000,0.0000

1844.6190,-0.0380,0.0000,0.0000,0.0000

1845.6190,-0.0380,0.0000,0.0000,0.0000

1846.6190,-0.0380,0.0000,0.0000,0.0000

1847.6190,-0.0380,0.0000,0.0000,0.0000

1848.6200,-0.0380,0.0000,0.0000,0.0000

1849.6200,-0.0380,0.0000,0.0000,0.0000

1850.6190,-0.0380,0.0000,0.0000,0.0000

1851.6190,-0.0380,0.0000,0.0000,0.0000

1852.6200,-0.0380,0.0000,0.0000,0.0000

1853.6200,-0.0380,0.0000,0.0000,0.0000

1854.6190,-0.0380,0.0000,0.0000,0.0000

1855.6190,-0.0380,0.0000,0.0000,0.0000

1856.6190,-0.0380,0.0000,0.0000,0.0000

1857.6190,-0.0380,0.0000,0.0000,0.0000

1858.6190,-0.0380,0.0000,0.0000,0.0000

1859.6190,-0.0380,0.0000,0.0000,0.0000

1860.6190,-0.0380,0.0000,0.0000,0.0000

1861.6190,-0.0380,0.0000,0.0000,0.0000

1862.6190,-0.0380,0.0000,0.0000,0.0000

1863.6190,-0.0380,0.0000,0.0000,0.0000

1864.6190,-0.0380,0.0000,0.0000,0.0000

1865.6200,-0.0380,0.0000,0.0000,0.0000

1866.6190,-0.0380,0.0000,0.0000,0.0000

1867.6200,-0.0380,0.0000,0.0000,0.0000

1868.6190,-0.0380,0.0000,0.0000,0.0000

1869.6190,-0.0380,0.0000,0.0000,0.0000

1870.6190,-0.0380,0.0000,0.0000,0.0000

1871.6190,-0.0380,0.0000,0.0000,0.0000

1872.6190,-0.0380,0.0000,0.0000,0.0000

1873.6190,-0.0380,0.0000,0.0000,0.0000

1874.6190,-0.0380,0.0000,0.0000,0.0000

1875.6200,-0.0380,0.0000,0.0000,0.0000

1876.6200,-0.0380,0.0000,0.0000,0.0000

1877.6190,-0.0380,0.0000,0.0000,0.0000

1878.6200,-0.0380,0.0000,0.0000,0.0000

1879.6200,-0.0380,0.0000,0.0000,0.0000

1880.6190,-0.0380,0.0000,0.0000,0.0000

1881.6200,-0.0380,0.0000,0.0000,0.0000

1882.6190,-0.0380,0.0000,0.0000,0.0000

1883.6190,-0.0380,0.0000,0.0000,0.0000

1884.6200,-0.0380,0.0000,0.0000,0.0000

1885.6200,-0.0380,0.0000,0.0000,0.0000

1886.6190,-0.0380,0.0000,0.0000,0.0000

1887.6190,-0.0380,0.0000,0.0000,0.0000

1888.6190,-0.0380,0.0000,0.0000,0.0000

1889.6210,-0.0380,0.0000,0.0000,0.0000

1890.6190,-0.0380,0.0000,0.0000,0.0000

1891.6190,-0.0380,0.0000,0.0000,0.0000

1892.6190,-0.0380,0.0000,0.0000,0.0000

1893.6190,-0.0380,0.0000,0.0000,0.0000

1894.6200,-0.0380,0.0000,0.0000,0.0000

1895.6200,-0.0380,0.0000,0.0000,0.0000

1896.6200,-0.0380,0.0000,0.0000,0.0000

1897.6200,-0.0380,0.0000,0.0000,0.0000

1898.6190,-0.0380,0.0000,0.0000,0.0000

1899.6190,-0.0380,0.0000,0.0000,0.0000

1900.6190,-0.0380,0.0000,0.0000,0.0000

1901.6190,-0.0380,0.0000,0.0000,0.0000

1902.6190,-0.0380,0.0000,0.0000,0.0000

1903.6200,-0.0380,0.0000,0.0000,0.0000

1904.6190,-0.0380,0.0000,0.0000,0.0000

1905.6190,-0.0380,0.0000,0.0000,0.0000

1906.6190,-0.0380,0.0000,0.0000,0.0000

1907.6200,-0.0380,0.0000,0.0000,0.0000

1908.6200,-0.0380,0.0000,0.0000,0.0000

1909.6190,-0.0380,0.0000,0.0000,0.0000

1910.6190,-0.0380,0.0000,0.0000,0.0000

1911.6190,-0.0380,0.0000,0.0000,0.0000

1912.6190,-0.0380,0.0000,0.0000,0.0000

1913.6190,-0.0380,0.0000,0.0000,0.0000

1914.6190,-0.0380,0.0000,0.0000,0.0000

1915.6190,-0.0380,0.0000,0.0000,0.0000

1916.6190,-0.0380,0.0000,0.0000,0.0000

1917.6190,-0.0380,0.0000,0.0000,0.0000

1918.6190,-0.0380,0.0000,0.0000,0.0000

1919.6190,-0.0380,0.0000,0.0000,0.0000

1920.6190,-0.0380,0.0000,0.0000,0.0000

1921.6200,-0.0380,0.0000,0.0000,0.0000

1922.6190,-0.0380,0.0000,0.0000,0.0000

1923.6190,-0.0380,0.0000,0.0000,0.0000

1924.6200,-0.0380,0.0000,0.0000,0.0000

1925.6190,-0.0380,0.0000,0.0000,0.0000

1926.6190,-0.0380,0.0000,0.0000,0.0000

1927.6200,-0.0380,0.0000,0.0000,0.0000

1928.6200,-0.0380,0.0000,0.0000,0.0000

1929.6190,-0.0380,0.0000,0.0000,0.0000

1930.6190,-0.0380,0.0000,0.0000,0.0000

1931.6190,-0.0380,0.0000,0.0000,0.0000

1932.6190,-0.0380,0.0000,0.0000,0.0000

1933.6190,-0.0380,0.0000,0.0000,0.0000

1934.6190,-0.0380,0.0000,0.0000,0.0000

1935.6190,-0.0380,0.0000,0.0000,0.0000

1936.6190,-0.0380,0.0000,0.0000,0.0000

1937.6190,-0.0380,0.0000,0.0000,0.0000

1938.6190,-0.0380,0.0000,0.0000,0.0000

1939.6190,-0.0380,0.0000,0.0000,0.0000

1940.6190,-0.0380,0.0000,0.0000,0.0000

1941.6190,-0.0380,0.0000,0.0000,0.0000

1942.6190,-0.0380,0.0000,0.0000,0.0000

1943.6190,-0.0380,0.0000,0.0000,0.0000

1944.6200,-0.0380,0.0000,0.0000,0.0000

1945.6200,-0.0380,0.0000,0.0000,0.0000

1946.6200,-0.0380,0.0000,0.0000,0.0000

1947.6190,-0.0380,0.0000,0.0000,0.0000

1948.6190,-0.0380,0.0000,0.0000,0.0000

1949.6190,-0.0380,0.0000,0.0000,0.0000

1950.6190,-0.0380,0.0000,0.0000,0.0000

1951.6200,-0.0380,0.0000,0.0000,0.0000

1952.6190,-0.0380,0.0000,0.0000,0.0000

1953.6200,-0.0380,0.0000,0.0000,0.0000

1954.6190,-0.0380,0.0000,0.0000,0.0000

1955.6190,-0.0380,0.0000,0.0000,0.0000

1956.6190,-0.0380,0.0000,0.0000,0.0000

1957.6190,-0.0380,0.0000,0.0000,0.0000

1958.6190,-0.0380,0.0000,0.0000,0.0000

1959.6200,-0.0380,0.0000,0.0000,0.0000

1960.6190,-0.0380,0.0000,0.0000,0.0000

1961.6190,-0.0380,0.0000,0.0000,0.0000

1962.6190,-0.0380,0.0000,0.0000,0.0000

1963.6190,-0.0380,0.0000,0.0000,0.0000

1964.6190,-0.0380,0.0000,0.0000,0.0000

1965.6190,-0.0380,0.0000,0.0000,0.0000

1966.6190,-0.0380,0.0000,0.0000,0.0000

1967.6190,-0.0380,0.0000,0.0000,0.0000

1968.6200,-0.0380,0.0000,0.0000,0.0000

1969.6200,-0.0380,0.0000,0.0000,0.0000

1970.6190,-0.0380,0.0000,0.0000,0.0000

1971.6210,-0.0380,0.0000,0.0000,0.0000

1972.6190,-0.0380,0.0000,0.0000,0.0000

1973.6190,-0.0380,0.0000,0.0000,0.0000

1974.6190,-0.0380,0.0000,0.0000,0.0000

1975.6200,-0.0380,0.0000,0.0000,0.0000

1976.6190,-0.0380,0.0000,0.0000,0.0000

1977.6190,-0.0380,0.0000,0.0000,0.0000

1978.6190,-0.0380,0.0000,0.0000,0.0000

1979.6200,-0.0380,0.0000,0.0000,0.0000

1980.6190,-0.0380,0.0000,0.0000,0.0000

1981.6190,-0.0380,0.0000,0.0000,0.0000

1982.6190,-0.0380,0.0000,0.0000,0.0000

1983.6190,-0.0380,0.0000,0.0000,0.0000

1984.6190,-0.0380,0.0000,0.0000,0.0000

1985.6190,-0.0380,0.0000,0.0000,0.0000

1986.6190,-0.0380,0.0000,0.0000,0.0000

1987.6200,-0.0380,0.0000,0.0000,0.0000

1988.6190,-0.0380,0.0000,0.0000,0.0000

1989.6190,-0.0380,0.0000,0.0000,0.0000

1990.6190,-0.0380,0.0000,0.0000,0.0000

1991.6190,-0.0380,0.0000,0.0000,0.0000

1992.6190,-0.0380,0.0000,0.0000,0.0000

1993.6190,-0.0380,0.0000,0.0000,0.0000

1994.6190,-0.0380,0.0000,0.0000,0.0000

1995.6190,-0.0380,0.0000,0.0000,0.0000

1996.6190,-0.0380,0.0000,0.0000,0.0000

1997.6190,-0.0380,0.0000,0.0000,0.0000

1998.6190,-0.0380,0.0000,0.0000,0.0000

1999.6200,-0.0380,0.0000,0.0000,0.0000

2000.6190,-0.0380,0.0000,0.0000,0.0000

2001.6190,-0.0380,0.0000,0.0000,0.0000

2002.6190,-0.0380,0.0000,0.0000,0.0000

2003.6190,-0.0380,0.0000,0.0000,0.0000

2004.6190,-0.0380,0.0000,0.0000,0.0000

2005.6190,-0.0380,0.0000,0.0000,0.0000

2006.6200,-0.0380,0.0000,0.0000,0.0000

2007.6190,-0.0380,0.0000,0.0000,0.0000

2008.6190,-0.0380,0.0000,0.0000,0.0000

2009.6200,-0.0380,0.0000,0.0000,0.0000

2010.6200,-0.0380,0.0000,0.0000,0.0000

2011.6190,-0.0380,0.0000,0.0000,0.0000

2012.6190,-0.0380,0.0000,0.0000,0.0000

2013.6190,-0.0380,0.0000,0.0000,0.0000

2014.6190,-0.0380,0.0000,0.0000,0.0000

2015.6190,-0.0380,0.0000,0.0000,0.0000

2016.6190,-0.0380,0.0000,0.0000,0.0000

2017.6190,-0.0380,0.0000,0.0000,0.0000

2018.6190,-0.0380,0.0000,0.0000,0.0000

2019.6190,-0.0380,0.0000,0.0000,0.0000

2020.6190,-0.0380,0.0000,0.0000,0.0000

2021.6190,-0.0380,0.0000,0.0000,0.0000

2022.6200,-0.0380,0.0000,0.0000,0.0000

2023.6190,-0.0380,0.0000,0.0000,0.0000

2024.6200,-0.0380,0.0000,0.0000,0.0000

2025.6190,-0.0380,0.0000,0.0000,0.0000

2026.6190,-0.0380,0.0000,0.0000,0.0000

2027.6190,-0.0380,0.0000,0.0000,0.0000

2028.6200,-0.0380,0.0000,0.0000,0.0000

2029.6190,-0.0380,0.0000,0.0000,0.0000

2030.6200,-0.0380,0.0000,0.0000,0.0000

2031.6200,-0.0380,0.0000,0.0000,0.0000

2032.6190,-0.0380,0.0000,0.0000,0.0000

2033.6190,-0.0380,0.0000,0.0000,0.0000

2034.6190,-0.0380,0.0000,0.0000,0.0000

2035.6190,-0.0380,0.0000,0.0000,0.0000

2036.6190,-0.0380,0.0000,0.0000,0.0000

2037.6190,-0.0380,0.0000,0.0000,0.0000

2038.6190,-0.0380,0.0000,0.0000,0.0000

2039.6190,-0.0380,0.0000,0.0000,0.0000

2040.6200,-0.0380,0.0000,0.0000,0.0000

2041.6190,-0.0380,0.0000,0.0000,0.0000

2042.6200,-0.0380,0.0000,0.0000,0.0000

2043.6200,-0.0380,0.0000,0.0000,0.0000

2044.6190,-0.0380,0.0000,0.0000,0.0000

2045.6190,-0.0380,0.0000,0.0000,0.0000

2046.6200,-0.0380,0.0000,0.0000,0.0000

2047.6190,-0.0380,0.0000,0.0000,0.0000

2048.6190,-0.0380,0.0000,0.0000,0.0000

2049.6190,-0.0380,0.0000,0.0000,0.0000

2050.6190,-0.0380,0.0000,0.0000,0.0000

2051.6190,-0.0380,0.0000,0.0000,0.0000

2052.6190,-0.0380,0.0000,0.0000,0.0000

2053.6190,-0.0380,0.0000,0.0000,0.0000

2054.6190,-0.0380,0.0000,0.0000,0.0000

2055.6200,-0.0380,0.0000,0.0000,0.0000

2056.6190,-0.0380,0.0000,0.0000,0.0000

2057.6190,-0.0380,0.0000,0.0000,0.0000

2058.6190,-0.0380,0.0000,0.0000,0.0000

2059.6200,-0.0380,0.0000,0.0000,0.0000

2060.6190,-0.0380,0.0000,0.0000,0.0000

2061.6190,-0.0380,0.0000,0.0000,0.0000

2062.6200,-0.0380,0.0000,0.0000,0.0000

2063.6190,-0.0380,0.0000,0.0000,0.0000

2064.6190,-0.0380,0.0000,0.0000,0.0000

2065.6190,-0.0380,0.0000,0.0000,0.0000

2066.6190,-0.0380,0.0000,0.0000,0.0000

2067.6190,-0.0380,0.0000,0.0000,0.0000

2068.6200,-0.0380,0.0000,0.0000,0.0000

2069.6200,-0.0380,0.0000,0.0000,0.0000

2070.6200,-0.0380,0.0000,0.0000,0.0000

2071.6190,-0.0380,0.0000,0.0000,0.0000

2072.6190,-0.0380,0.0000,0.0000,0.0000

2073.6190,-0.0380,0.0000,0.0000,0.0000

2074.6190,-0.0380,0.0000,0.0000,0.0000

2075.6190,-0.0380,0.0000,0.0000,0.0000

2076.6190,-0.0380,0.0000,0.0000,0.0000

2077.6190,-0.0380,0.0000,0.0000,0.0000

2078.6200,-0.0380,0.0000,0.0000,0.0000

2079.6190,-0.0380,0.0000,0.0000,0.0000

2080.6190,-0.0380,0.0000,0.0000,0.0000

2081.6190,-0.0380,0.0000,0.0000,0.0000

2082.6190,-0.0380,0.0000,0.0000,0.0000

2083.6190,-0.0380,0.0000,0.0000,0.0000

2084.6190,-0.0380,0.0000,0.0000,0.0000

2085.6190,-0.0380,0.0000,0.0000,0.0000

2086.6190,-0.0380,0.0000,0.0000,0.0000

2087.6200,-0.0380,0.0000,0.0000,0.0000

2088.6190,-0.0380,0.0000,0.0000,0.0000

2089.6190,-0.0380,0.0000,0.0000,0.0000

2090.6190,-0.0380,0.0000,0.0000,0.0000

2091.6190,-0.0380,0.0000,0.0000,0.0000

2092.6190,-0.0380,0.0000,0.0000,0.0000

2093.6190,-0.0380,0.0000,0.0000,0.0000

2094.6190,-0.0380,0.0000,0.0000,0.0000

2095.6200,-0.0380,0.0000,0.0000,0.0000

2096.6190,-0.0380,0.0000,0.0000,0.0000

2097.6190,-0.0380,0.0000,0.0000,0.0000

2098.6190,-0.0380,0.0000,0.0000,0.0000

2099.6190,-0.0380,0.0000,0.0000,0.0000

2100.6190,-0.0380,0.0000,0.0000,0.0000

2101.6190,-0.0380,0.0000,0.0000,0.0000

2102.6190,-0.0380,0.0000,0.0000,0.0000

2103.6200,-0.0380,0.0000,0.0000,0.0000

2104.6200,-0.0380,0.0000,0.0000,0.0000

2105.6190,-0.0380,0.0000,0.0000,0.0000

2106.6190,-0.0380,0.0000,0.0000,0.0000

2107.6190,-0.0380,0.0000,0.0000,0.0000

2108.6200,-0.0380,0.0000,0.0000,0.0000

2109.6190,-0.0380,0.0000,0.0000,0.0000

2110.6190,-0.0380,0.0000,0.0000,0.0000

2111.6190,-0.0380,0.0000,0.0000,0.0000

2112.6190,-0.0380,0.0000,0.0000,0.0000

2113.6200,-0.0380,0.0000,0.0000,0.0000

2114.6200,-0.0380,0.0000,0.0000,0.0000

2115.6200,-0.0380,0.0000,0.0000,0.0000

2116.6190,-0.0380,0.0000,0.0000,0.0000

2117.6190,-0.0380,0.0000,0.0000,0.0000

2118.6190,-0.0380,0.0000,0.0000,0.0000

2119.6190,-0.0380,0.0000,0.0000,0.0000

2120.6200,-0.0380,0.0000,0.0000,0.0000

2121.6190,-0.0380,0.0000,0.0000,0.0000

2122.6190,-0.0380,0.0000,0.0000,0.0000

2123.6190,-0.0380,0.0000,0.0000,0.0000

2124.6190,-0.0380,0.0000,0.0000,0.0000

2125.6190,-0.0380,0.0000,0.0000,0.0000

2126.6190,-0.0380,0.0000,0.0000,0.0000

2127.6190,-0.0380,0.0000,0.0000,0.0000

2128.6190,-0.0380,0.0000,0.0000,0.0000

2129.6190,-0.0380,0.0000,0.0000,0.0000

2130.6190,-0.0380,0.0000,0.0000,0.0000

2131.6200,-0.0380,0.0000,0.0000,0.0000

2132.6190,-0.0380,0.0000,0.0000,0.0000

2133.6200,-0.0380,0.0000,0.0000,0.0000

2134.6190,-0.0380,0.0000,0.0000,0.0000

2135.6190,-0.0380,0.0000,0.0000,0.0000

2136.6200,-0.0380,0.0000,0.0000,0.0000

2137.6190,-0.0380,0.0000,0.0000,0.0000

2138.6190,-0.0380,0.0000,0.0000,0.0000

2139.6200,-0.0380,0.0000,0.0000,0.0000

2140.6190,-0.0380,0.0000,0.0000,0.0000

2141.6190,-0.0380,0.0000,0.0000,0.0000

2142.6190,-0.0380,0.0000,0.0000,0.0000

2143.6190,-0.0380,0.0000,0.0000,0.0000

2144.6190,-0.0380,0.0000,0.0000,0.0000

2145.6190,-0.0380,0.0000,0.0000,0.0000

2146.6190,-0.0380,0.0000,0.0000,0.0000

2147.6190,-0.0380,0.0000,0.0000,0.0000

2148.6190,-0.0380,0.0000,0.0000,0.0000

2149.6190,-0.0380,0.0000,0.0000,0.0000

2150.6190,-0.0380,0.0000,0.0000,0.0000

2151.6190,-0.0380,0.0000,0.0000,0.0000

2152.6200,-0.0380,0.0000,0.0000,0.0000

2153.6190,-0.0380,0.0000,0.0000,0.0000

2154.6190,-0.0380,0.0000,0.0000,0.0000

2155.6190,-0.0380,0.0000,0.0000,0.0000

2156.6200,-0.0380,0.0000,0.0000,0.0000

2157.6190,-0.0380,0.0000,0.0000,0.0000

2158.6190,-0.0380,0.0000,0.0000,0.0000

2159.6190,-0.0380,0.0000,0.0000,0.0000

2160.6190,-0.0380,0.0000,0.0000,0.0000

2161.6190,-0.0380,0.0000,0.0000,0.0000

2162.6200,-0.0380,0.0000,0.0000,0.0000

2163.6190,-0.0380,0.0000,0.0000,0.0000

2164.6200,-0.0380,0.0000,0.0000,0.0000

2165.6200,-0.0380,0.0000,0.0000,0.0000

2166.6190,-0.0380,0.0000,0.0000,0.0000

2167.6190,-0.0380,0.0000,0.0000,0.0000

2168.6200,-0.0380,0.0000,0.0000,0.0000

2169.6190,-0.0380,0.0000,0.0000,0.0000

2170.6190,-0.0380,0.0000,0.0000,0.0000

2171.6200,-0.0380,0.0000,0.0000,0.0000

2172.6190,-0.0380,0.0000,0.0000,0.0000

2173.6190,-0.0380,0.0000,0.0000,0.0000

2174.6190,-0.0380,0.0000,0.0000,0.0000

2175.6190,-0.0380,0.0000,0.0000,0.0000

2176.6190,-0.0380,0.0000,0.0000,0.0000

2177.6200,-0.0380,0.0000,0.0000,0.0000

2178.6190,-0.0380,0.0000,0.0000,0.0000

2179.6200,-0.0380,0.0000,0.0000,0.0000

2180.6190,-0.0380,0.0000,0.0000,0.0000

2181.6190,-0.0380,0.0000,0.0000,0.0000

2182.6190,-0.0380,0.0000,0.0000,0.0000

2183.6200,-0.0380,0.0000,0.0000,0.0000

2184.6190,-0.0380,0.0000,0.0000,0.0000

2185.6190,-0.0380,0.0000,0.0000,0.0000

2186.6190,-0.0380,0.0000,0.0000,0.0000

2187.6190,-0.0380,0.0000,0.0000,0.0000

2188.6200,-0.0380,0.0000,0.0000,0.0000

2189.6190,-0.0380,0.0000,0.0000,0.0000

2190.6190,-0.0380,0.0000,0.0000,0.0000

2191.6200,-0.0380,0.0000,0.0000,0.0000

2192.6190,-0.0380,0.0000,0.0000,0.0000

2193.6190,-0.0380,0.0000,0.0000,0.0000

2194.6190,-0.0380,0.0000,0.0000,0.0000

2195.6190,-0.0380,0.0000,0.0000,0.0000

2196.6190,-0.0380,0.0000,0.0000,0.0000

2197.6190,-0.0380,0.0000,0.0000,0.0000

2198.6200,-0.0380,0.0000,0.0000,0.0000

2199.6190,-0.0380,0.0000,0.0000,0.0000

2200.6200,-0.0380,0.0000,0.0000,0.0000

2201.6190,-0.0380,0.0000,0.0000,0.0000

2202.6190,-0.0380,0.0000,0.0000,0.0000

2203.6190,-0.0380,0.0000,0.0000,0.0000

2204.6190,-0.0380,0.0000,0.0000,0.0000

2205.6190,-0.0380,0.0000,0.0000,0.0000

2206.6200,-0.0380,0.0000,0.0000,0.0000

2207.6190,-0.0380,0.0000,0.0000,0.0000

2208.6200,-0.0380,0.0000,0.0000,0.0000

2209.6190,-0.0380,0.0000,0.0000,0.0000

2210.6200,-0.0380,0.0000,0.0000,0.0000

2211.6190,-0.0380,0.0000,0.0000,0.0000

2212.6200,-0.0380,0.0000,0.0000,0.0000

2213.6190,-0.0380,0.0000,0.0000,0.0000

2214.6200,-0.0380,0.0000,0.0000,0.0000

2215.6190,-0.0380,0.0000,0.0000,0.0000

2216.6190,-0.0380,0.0000,0.0000,0.0000

2217.6190,-0.0380,0.0000,0.0000,0.0000

2218.6190,-0.0380,0.0000,0.0000,0.0000

2219.6200,-0.0380,0.0000,0.0000,0.0000

2220.6200,-0.0380,0.0000,0.0000,0.0000

2221.6200,-0.0380,0.0000,0.0000,0.0000

2222.6200,-0.0380,0.0000,0.0000,0.0000

2223.6190,-0.0380,0.0000,0.0000,0.0000

2224.6190,-0.0380,0.0000,0.0000,0.0000

2225.6200,-0.0380,0.0000,0.0000,0.0000

2226.6190,-0.0380,0.0000,0.0000,0.0000

2227.6190,-0.0380,0.0000,0.0000,0.0000

2228.6190,-0.0380,0.0000,0.0000,0.0000

2229.6190,-0.0380,0.0000,0.0000,0.0000

2230.6190,-0.0380,0.0000,0.0000,0.0000

2231.6190,-0.0380,0.0000,0.0000,0.0000

2232.6190,-0.0380,0.0000,0.0000,0.0000

2233.6190,-0.0380,0.0000,0.0000,0.0000

2234.6190,-0.0380,0.0000,0.0000,0.0000

2235.6190,-0.0380,0.0000,0.0000,0.0000

2236.6200,-0.0380,0.0000,0.0000,0.0000

2237.6190,-0.0380,0.0000,0.0000,0.0000

2238.6190,-0.0380,0.0000,0.0000,0.0000

2239.6200,-0.0380,0.0000,0.0000,0.0000

2240.6190,-0.0380,0.0000,0.0000,0.0000

2241.6190,-0.0380,0.0000,0.0000,0.0000

2242.6200,-0.0380,0.0000,0.0000,0.0000

2243.6200,-0.0380,0.0000,0.0000,0.0000

2244.6190,-0.0380,0.0000,0.0000,0.0000

2245.6200,-0.0380,0.0000,0.0000,0.0000

2246.6190,-0.0380,0.0000,0.0000,0.0000

2247.6190,-0.0380,0.0000,0.0000,0.0000

2248.6190,-0.0380,0.0000,0.0000,0.0000

2249.6190,-0.0380,0.0000,0.0000,0.0000

2250.6200,-0.0380,0.0000,0.0000,0.0000

2251.6190,-0.0380,0.0000,0.0000,0.0000

2252.6190,-0.0380,0.0000,0.0000,0.0000

2253.6190,-0.0380,0.0000,0.0000,0.0000

2254.6190,-0.0380,0.0000,0.0000,0.0000

2255.6190,-0.0380,0.0000,0.0000,0.0000

2256.6190,-0.0380,0.0000,0.0000,0.0000

2257.6190,-0.0380,0.0000,0.0000,0.0000

2258.6190,-0.0380,0.0000,0.0000,0.0000

2259.6190,-0.0380,0.0000,0.0000,0.0000

2260.6200,-0.0380,0.0000,0.0000,0.0000

2261.6190,-0.0380,0.0000,0.0000,0.0000

2262.6190,-0.0380,0.0000,0.0000,0.0000

2263.6190,-0.0380,0.0000,0.0000,0.0000

2264.6190,-0.0380,0.0000,0.0000,0.0000

2265.6190,-0.0380,0.0000,0.0000,0.0000

2266.6190,-0.0380,0.0000,0.0000,0.0000

2267.6200,-0.0380,0.0000,0.0000,0.0000

2268.6200,-0.0380,0.0000,0.0000,0.0000

2269.6190,-0.0380,0.0000,0.0000,0.0000

2270.6190,-0.0380,0.0000,0.0000,0.0000

2271.6190,-0.0380,0.0000,0.0000,0.0000

2272.6190,-0.0380,0.0000,0.0000,0.0000

2273.6190,-0.0380,0.0000,0.0000,0.0000

2274.6200,-0.0380,0.0000,0.0000,0.0000

2275.6190,-0.0380,0.0000,0.0000,0.0000

2276.6190,-0.0380,0.0000,0.0000,0.0000

2277.6190,-0.0380,0.0000,0.0000,0.0000

2278.6190,-0.0380,0.0000,0.0000,0.0000

2279.6190,-0.0380,0.0000,0.0000,0.0000

2280.6190,-0.0380,0.0000,0.0000,0.0000

2281.6200,-0.0380,0.0000,0.0000,0.0000

2282.6190,-0.0380,0.0000,0.0000,0.0000

2283.6190,-0.0380,0.0000,0.0000,0.0000

2284.6190,-0.0380,0.0000,0.0000,0.0000

2285.6190,-0.0380,0.0000,0.0000,0.0000

2286.6190,-0.0380,0.0000,0.0000,0.0000

2287.6210,-0.0380,0.0000,0.0000,0.0000

2288.6190,-0.0380,0.0000,0.0000,0.0000

2289.6190,-0.0380,0.0000,0.0000,0.0000

2290.6190,-0.0380,0.0000,0.0000,0.0000

2291.6190,-0.0380,0.0000,0.0000,0.0000

2292.6190,-0.0380,0.0000,0.0000,0.0000

2293.6190,-0.0380,0.0000,0.0000,0.0000

2294.6190,-0.0380,0.0000,0.0000,0.0000

2295.6190,-0.0380,0.0000,0.0000,0.0000

2296.6190,-0.0380,0.0000,0.0000,0.0000

2297.6200,-0.0380,0.0000,0.0000,0.0000

2298.6190,-0.0380,0.0000,0.0000,0.0000

2299.6190,-0.0380,0.0000,0.0000,0.0000

2300.6190,-0.0380,0.0000,0.0000,0.0000

2301.6190,-0.0380,0.0000,0.0000,0.0000

2302.6190,-0.0380,0.0000,0.0000,0.0000

2303.6200,-0.0380,0.0000,0.0000,0.0000

2304.6190,-0.0380,0.0000,0.0000,0.0000

2305.6200,-0.0380,0.0000,0.0000,0.0000

2306.6190,-0.0380,0.0000,0.0000,0.0000

2307.6190,-0.0380,0.0000,0.0000,0.0000

2308.6200,-0.0380,0.0000,0.0000,0.0000

2309.6190,-0.0380,0.0000,0.0000,0.0000

2310.6200,-0.0380,0.0000,0.0000,0.0000

2311.6190,-0.0380,0.0000,0.0000,0.0000

2312.6190,-0.0380,0.0000,0.0000,0.0000

2313.6190,-0.0380,0.0000,0.0000,0.0000

2314.6190,-0.0380,0.0000,0.0000,0.0000

2315.6190,-0.0380,0.0000,0.0000,0.0000

2316.6200,-0.0380,0.0000,0.0000,0.0000

2317.6200,-0.0380,0.0000,0.0000,0.0000

2318.6200,-0.0380,0.0000,0.0000,0.0000

2319.6190,-0.0380,0.0000,0.0000,0.0000

2320.6190,-0.0380,0.0000,0.0000,0.0000

2321.6200,-0.0380,0.0000,0.0000,0.0000

2322.6190,-0.0380,0.0000,0.0000,0.0000

2323.6200,-0.0380,0.0000,0.0000,0.0000

2324.6190,-0.0380,0.0000,0.0000,0.0000

2325.6190,-0.0380,0.0000,0.0000,0.0000

2326.6190,-0.0380,0.0000,0.0000,0.0000

2327.6190,-0.0380,0.0000,0.0000,0.0000

2328.6190,-0.0380,0.0000,0.0000,0.0000

2329.6190,-0.0380,0.0000,0.0000,0.0000

2330.6210,-0.0380,0.0000,0.0000,0.0000

2331.6190,-0.0380,0.0000,0.0000,0.0000

2332.6190,-0.0380,0.0000,0.0000,0.0000

2333.6190,-0.0380,0.0000,0.0000,0.0000

2334.6190,-0.0380,0.0000,0.0000,0.0000

2335.6190,-0.0380,0.0000,0.0000,0.0000

2336.6190,-0.0380,0.0000,0.0000,0.0000

2337.6190,-0.0380,0.0000,0.0000,0.0000

2338.6200,-0.0380,0.0000,0.0000,0.0000

2339.6190,-0.0380,0.0000,0.0000,0.0000

2340.6200,-0.0380,0.0000,0.0000,0.0000

2341.6200,-0.0380,0.0000,0.0000,0.0000

2342.6190,-0.0380,0.0000,0.0000,0.0000

2343.6190,-0.0380,0.0000,0.0000,0.0000

2344.6200,-0.0380,0.0000,0.0000,0.0000

2345.6200,-0.0380,0.0000,0.0000,0.0000

2346.6190,-0.0380,0.0000,0.0000,0.0000

2347.6190,-0.0380,0.0000,0.0000,0.0000

2348.6190,-0.0380,0.0000,0.0000,0.0000

2349.6190,-0.0380,0.0000,0.0000,0.0000

2350.6190,-0.0380,0.0000,0.0000,0.0000

2351.6190,-0.0380,0.0000,0.0000,0.0000

2352.6190,-0.0380,0.0000,0.0000,0.0000

2353.6190,-0.0380,0.0000,0.0000,0.0000

2354.6190,-0.0380,0.0000,0.0000,0.0000

2355.6200,-0.0380,0.0000,0.0000,0.0000

2356.6190,-0.0380,0.0000,0.0000,0.0000

2357.6190,-0.0380,0.0000,0.0000,0.0000

2358.6200,-0.0380,0.0000,0.0000,0.0000

2359.6190,-0.0380,0.0000,0.0000,0.0000

2360.6190,-0.0380,0.0000,0.0000,0.0000

2361.6190,-0.0380,0.0000,0.0000,0.0000

2362.6190,-0.0380,0.0000,0.0000,0.0000

2363.6190,-0.0380,0.0000,0.0000,0.0000

2364.6190,-0.0380,0.0000,0.0000,0.0000

2365.6190,-0.0380,0.0000,0.0000,0.0000

2366.6190,-0.0380,0.0000,0.0000,0.0000

2367.6190,-0.0380,0.0000,0.0000,0.0000

2368.6190,-0.0380,0.0000,0.0000,0.0000

2369.6190,-0.0380,0.0000,0.0000,0.0000

2370.6200,-0.0380,0.0000,0.0000,0.0000

2371.6190,-0.0380,0.0000,0.0000,0.0000

2372.6190,-0.0380,0.0000,0.0000,0.0000

2373.6190,-0.0380,0.0000,0.0000,0.0000

2374.6190,-0.0380,0.0000,0.0000,0.0000

2375.6200,-0.0380,0.0000,0.0000,0.0000

2376.6190,-0.0380,0.0000,0.0000,0.0000

2377.6190,-0.0380,0.0000,0.0000,0.0000

2378.6200,-0.0380,0.0000,0.0000,0.0000

2379.6190,-0.0380,0.0000,0.0000,0.0000

2380.6190,-0.0380,0.0000,0.0000,0.0000

2381.6190,-0.0380,0.0000,0.0000,0.0000

2382.6190,-0.0380,0.0000,0.0000,0.0000

2383.6200,-0.0380,0.0000,0.0000,0.0000

2384.6190,-0.0380,0.0000,0.0000,0.0000

2385.6190,-0.0380,0.0000,0.0000,0.0000

2386.6190,-0.0380,0.0000,0.0000,0.0000

2387.6190,-0.0380,0.0000,0.0000,0.0000

2388.6190,-0.0380,0.0000,0.0000,0.0000

2389.6200,-0.0380,0.0000,0.0000,0.0000

2390.6200,-0.0380,0.0000,0.0000,0.0000

2391.6200,-0.0380,0.0000,0.0000,0.0000

2392.6190,-0.0380,0.0000,0.0000,0.0000

2393.6190,-0.0380,0.0000,0.0000,0.0000

2394.6190,-0.0380,0.0000,0.0000,0.0000

2395.6190,-0.0380,0.0000,0.0000,0.0000

2396.6190,-0.0380,0.0000,0.0000,0.0000

2397.6190,-0.0380,0.0000,0.0000,0.0000

2398.6190,-0.0380,0.0000,0.0000,0.0000

2399.6190,-0.0380,0.0000,0.0000,0.0000

2400.6190,-0.0380,0.0000,0.0000,0.0000

2401.6190,-0.0380,0.0000,0.0000,0.0000

2402.6210,-0.0380,0.0000,0.0000,0.0000

2403.6190,-0.0380,0.0000,0.0000,0.0000

2404.6190,-0.0380,0.0000,0.0000,0.0000

2405.6190,-0.0380,0.0000,0.0000,0.0000

2406.6190,-0.0380,0.0000,0.0000,0.0000

2407.6190,-0.0380,0.0000,0.0000,0.0000

2408.6190,-0.0380,0.0000,0.0000,0.0000

2409.6200,-0.0380,0.0000,0.0000,0.0000

2410.6200,-0.0380,0.0000,0.0000,0.0000

2411.6210,-0.0380,0.0000,0.0000,0.0000

2412.6190,-0.0380,0.0000,0.0000,0.0000

2413.6190,-0.0380,0.0000,0.0000,0.0000

2414.6190,-0.0380,0.0000,0.0000,0.0000

2415.6190,-0.0380,0.0000,0.0000,0.0000

2416.6190,-0.0380,0.0000,0.0000,0.0000

2417.6190,-0.0380,0.0000,0.0000,0.0000

2418.6200,-0.0380,0.0000,0.0000,0.0000

2419.6200,-0.0380,0.0000,0.0000,0.0000

2420.6200,-0.0380,0.0000,0.0000,0.0000

2421.6190,-0.0380,0.0000,0.0000,0.0000

2422.6190,-0.0380,0.0000,0.0000,0.0000

2423.6190,-0.0380,0.0000,0.0000,0.0000

2424.6190,-0.0380,0.0000,0.0000,0.0000

2425.6190,-0.0380,0.0000,0.0000,0.0000

2426.6200,-0.0380,0.0000,0.0000,0.0000

2427.6190,-0.0380,0.0000,0.0000,0.0000

2428.6190,-0.0380,0.0000,0.0000,0.0000

2429.6190,-0.0380,0.0000,0.0000,0.0000

2430.6190,-0.0380,0.0000,0.0000,0.0000

2431.6200,-0.0380,0.0000,0.0000,0.0000

2432.6200,-0.0380,0.0000,0.0000,0.0000

2433.6190,-0.0380,0.0000,0.0000,0.0000

2434.6200,-0.0380,0.0000,0.0000,0.0000

2435.6190,-0.0380,0.0000,0.0000,0.0000

2436.6190,-0.0380,0.0000,0.0000,0.0000

2437.6190,-0.0380,0.0000,0.0000,0.0000

2438.6190,-0.0380,0.0000,0.0000,0.0000

2439.6200,-0.0380,0.0000,0.0000,0.0000

2440.6190,-0.0380,0.0000,0.0000,0.0000

2441.6190,-0.0380,0.0000,0.0000,0.0000

2442.6190,-0.0380,0.0000,0.0000,0.0000

2443.6190,-0.0380,0.0000,0.0000,0.0000

2444.6190,-0.0380,0.0000,0.0000,0.0000

2445.6190,-0.0380,0.0000,0.0000,0.0000

2446.6190,-0.0380,0.0000,0.0000,0.0000

2447.6190,-0.0380,0.0000,0.0000,0.0000

2448.6190,-0.0380,0.0000,0.0000,0.0000

2449.6190,-0.0380,0.0000,0.0000,0.0000

2450.6190,-0.0380,0.0000,0.0000,0.0000

2451.6190,-0.0380,0.0000,0.0000,0.0000

2452.6190,-0.0380,0.0000,0.0000,0.0000

2453.6190,-0.0380,0.0000,0.0000,0.0000

2454.6200,-0.0380,0.0000,0.0000,0.0000

2455.6200,-0.0380,0.0000,0.0000,0.0000

2456.6190,-0.0380,0.0000,0.0000,0.0000

2457.6190,-0.0380,0.0000,0.0000,0.0000

2458.6190,-0.0380,0.0000,0.0000,0.0000

2459.6190,-0.0380,0.0000,0.0000,0.0000

2460.6190,-0.0380,0.0000,0.0000,0.0000

2461.6190,-0.0380,0.0000,0.0000,0.0000

2462.6190,-0.0380,0.0000,0.0000,0.0000

2463.6200,-0.0380,0.0000,0.0000,0.0000

2464.6190,-0.0380,0.0000,0.0000,0.0000

2465.6200,-0.0380,0.0000,0.0000,0.0000

2466.6190,-0.0380,0.0000,0.0000,0.0000

2467.6190,-0.0380,0.0000,0.0000,0.0000

2468.6190,-0.0380,0.0000,0.0000,0.0000

2469.6190,-0.0380,0.0000,0.0000,0.0000

2470.6190,-0.0380,0.0000,0.0000,0.0000

2471.6200,-0.0380,0.0000,0.0000,0.0000

2472.6190,-0.0380,0.0000,0.0000,0.0000

2473.6190,-0.0380,0.0000,0.0000,0.0000

2474.6190,-0.0380,0.0000,0.0000,0.0000

2475.6190,-0.0380,0.0000,0.0000,0.0000

2476.6190,-0.0380,0.0000,0.0000,0.0000

2477.6200,-0.0380,0.0000,0.0000,0.0000

2478.6190,-0.0380,0.0000,0.0000,0.0000

2479.6190,-0.0380,0.0000,0.0000,0.0000

2480.6190,-0.0380,0.0000,0.0000,0.0000

2481.6190,-0.0380,0.0000,0.0000,0.0000

2482.6190,-0.0380,0.0000,0.0000,0.0000

2483.6200,-0.0380,0.0000,0.0000,0.0000

2484.6190,-0.0380,0.0000,0.0000,0.0000

2485.6200,-0.0380,0.0000,0.0000,0.0000

2486.6190,-0.0380,0.0000,0.0000,0.0000

2487.6200,-0.0380,0.0000,0.0000,0.0000

2488.6190,-0.0380,0.0000,0.0000,0.0000

2489.6190,-0.0380,0.0000,0.0000,0.0000

2490.6200,-0.0380,0.0000,0.0000,0.0000

2491.6190,-0.0380,0.0000,0.0000,0.0000

2492.6200,-0.0380,0.0000,0.0000,0.0000

2493.6190,-0.0380,0.0000,0.0000,0.0000

2494.6190,-0.0380,0.0000,0.0000,0.0000

2495.6200,-0.0380,0.0000,0.0000,0.0000

2496.6200,-0.0380,0.0000,0.0000,0.0000

2497.6190,-0.0380,0.0000,0.0000,0.0000

2498.6190,-0.0380,0.0000,0.0000,0.0000

2499.6190,-0.0380,0.0000,0.0000,0.0000

2500.6190,-0.0380,0.0000,0.0000,0.0000

2501.6190,-0.0380,0.0000,0.0000,0.0000

2502.6190,-0.0380,0.0000,0.0000,0.0000

2503.6200,-0.0380,0.0000,0.0000,0.0000

2504.6190,-0.0380,0.0000,0.0000,0.0000

2505.6190,-0.0380,0.0000,0.0000,0.0000

2506.6190,-0.0380,0.0000,0.0000,0.0000

2507.6190,-0.0380,0.0000,0.0000,0.0000

2508.6190,-0.0380,0.0000,0.0000,0.0000

2509.6200,-0.0380,0.0000,0.0000,0.0000

2510.6190,-0.0380,0.0000,0.0000,0.0000

2511.6190,-0.0380,0.0000,0.0000,0.0000

2512.6200,-0.0380,0.0000,0.0000,0.0000

2513.6190,-0.0380,0.0000,0.0000,0.0000

2514.6200,-0.0380,0.0000,0.0000,0.0000

2515.6190,-0.0380,0.0000,0.0000,0.0000

2516.6190,-0.0380,0.0000,0.0000,0.0000

2517.6200,-0.0380,0.0000,0.0000,0.0000

2518.6190,-0.0380,0.0000,0.0000,0.0000

2519.6190,-0.0380,0.0000,0.0000,0.0000

2520.6200,-0.0380,0.0000,0.0000,0.0000

2521.6190,-0.0380,0.0000,0.0000,0.0000

2522.6190,-0.0380,0.0000,0.0000,0.0000

2523.6200,-0.0380,0.0000,0.0000,0.0000

2524.6190,-0.0380,0.0000,0.0000,0.0000

2525.6190,-0.0380,0.0000,0.0000,0.0000

2526.6190,-0.0380,0.0000,0.0000,0.0000

2527.6190,-0.0380,0.0000,0.0000,0.0000

2528.6190,-0.0380,0.0000,0.0000,0.0000

2529.6190,-0.0380,0.0000,0.0000,0.0000

2530.6190,-0.0380,0.0000,0.0000,0.0000

2531.6200,-0.0380,0.0000,0.0000,0.0000

2532.6190,-0.0380,0.0000,0.0000,0.0000

2533.6190,-0.0380,0.0000,0.0000,0.0000

2534.6190,-0.0380,0.0000,0.0000,0.0000

2535.6200,-0.0380,0.0000,0.0000,0.0000

2536.6190,-0.0380,0.0000,0.0000,0.0000

2537.6190,-0.0380,0.0000,0.0000,0.0000

2538.6190,-0.0380,0.0000,0.0000,0.0000

2539.6190,-0.0380,0.0000,0.0000,0.0000

2540.6190,-0.0380,0.0000,0.0000,0.0000

2541.6190,-0.0380,0.0000,0.0000,0.0000

2542.6190,-0.0380,0.0000,0.0000,0.0000

2543.6210,-0.0380,0.0000,0.0000,0.0000

2544.6200,-0.0380,0.0000,0.0000,0.0000

2545.6200,-0.0380,0.0000,0.0000,0.0000

2546.6190,-0.0380,0.0000,0.0000,0.0000

2547.6190,-0.0380,0.0000,0.0000,0.0000

2548.6190,-0.0380,0.0000,0.0000,0.0000

2549.6190,-0.0380,0.0000,0.0000,0.0000

2550.6190,-0.0380,0.0000,0.0000,0.0000

2551.6190,-0.0380,0.0000,0.0000,0.0000

2552.6200,-0.0380,0.0000,0.0000,0.0000

2553.6190,-0.0380,0.0000,0.0000,0.0000

2554.6190,-0.0380,0.0000,0.0000,0.0000

2555.6190,-0.0380,0.0000,0.0000,0.0000

2556.6190,-0.0380,0.0000,0.0000,0.0000

2557.6190,-0.0380,0.0000,0.0000,0.0000

2558.6200,-0.0380,0.0000,0.0000,0.0000

2559.6190,-0.0380,0.0000,0.0000,0.0000

2560.6190,-0.0380,0.0000,0.0000,0.0000

2561.6200,-0.0380,0.0000,0.0000,0.0000

2562.6190,-0.0380,0.0000,0.0000,0.0000

2563.6200,-0.0380,0.0000,0.0000,0.0000

2564.6190,-0.0380,0.0000,0.0000,0.0000

2565.6190,-0.0380,0.0000,0.0000,0.0000

2566.6200,-0.0380,0.0000,0.0000,0.0000

2567.6190,-0.0380,0.0000,0.0000,0.0000

2568.6200,-0.0380,0.0000,0.0000,0.0000

2569.6200,-0.0380,0.0000,0.0000,0.0000

2570.6190,-0.0380,0.0000,0.0000,0.0000

2571.6190,-0.0380,0.0000,0.0000,0.0000

2572.6200,-0.0380,0.0000,0.0000,0.0000

2573.6190,-0.0380,0.0000,0.0000,0.0000

2574.6190,-0.0380,0.0000,0.0000,0.0000

2575.6190,-0.0380,0.0000,0.0000,0.0000

2576.6190,-0.0380,0.0000,0.0000,0.0000

2577.6190,-0.0380,0.0000,0.0000,0.0000

2578.6190,-0.0380,0.0000,0.0000,0.0000

2579.6190,-0.0380,0.0000,0.0000,0.0000

2580.6190,-0.0380,0.0000,0.0000,0.0000

2581.6200,-0.0380,0.0000,0.0000,0.0000

2582.6190,-0.0380,0.0000,0.0000,0.0000

2583.6200,-0.0380,0.0000,0.0000,0.0000

2584.6190,-0.0380,0.0000,0.0000,0.0000

2585.6190,-0.0380,0.0000,0.0000,0.0000

2586.6190,-0.0380,0.0000,0.0000,0.0000

2587.6190,-0.0380,0.0000,0.0000,0.0000

2588.6190,-0.0380,0.0000,0.0000,0.0000

2589.6190,-0.0380,0.0000,0.0000,0.0000

2590.6190,-0.0380,0.0000,0.0000,0.0000

2591.6190,-0.0380,0.0000,0.0000,0.0000

2592.6200,-0.0380,0.0000,0.0000,0.0000

2593.6200,-0.0380,0.0000,0.0000,0.0000

2594.6190,-0.0380,0.0000,0.0000,0.0000

2595.6200,-0.0380,0.0000,0.0000,0.0000

2596.6190,-0.0380,0.0000,0.0000,0.0000

2597.6190,-0.0380,0.0000,0.0000,0.0000

2598.6190,-0.0380,0.0000,0.0000,0.0000

2599.6190,-0.0380,0.0000,0.0000,0.0000

2600.6190,-0.0380,0.0000,0.0000,0.0000

2601.6200,-0.0380,0.0000,0.0000,0.0000

2602.6190,-0.0380,0.0000,0.0000,0.0000

2603.6190,-0.0380,0.0000,0.0000,0.0000

2604.6200,-0.0380,0.0000,0.0000,0.0000

2605.6190,-0.0380,0.0000,0.0000,0.0000

2606.6200,-0.0380,0.0000,0.0000,0.0000

2607.6200,-0.0380,0.0000,0.0000,0.0000

2608.6190,-0.0380,0.0000,0.0000,0.0000

2609.6190,-0.0380,0.0000,0.0000,0.0000

2610.6190,-0.0380,0.0000,0.0000,0.0000

2611.6190,-0.0380,0.0000,0.0000,0.0000

2612.6190,-0.0380,0.0000,0.0000,0.0000

2613.6190,-0.0380,0.0000,0.0000,0.0000

2614.6190,-0.0380,0.0000,0.0000,0.0000

2615.6210,-0.0380,0.0000,0.0000,0.0000

2616.6190,-0.0380,0.0000,0.0000,0.0000

2617.6190,-0.0380,0.0000,0.0000,0.0000

2618.6200,-0.0380,0.0000,0.0000,0.0000

2619.6190,-0.0380,0.0000,0.0000,0.0000

2620.6190,-0.0380,0.0000,0.0000,0.0000

2621.6190,-0.0380,0.0000,0.0000,0.0000

2622.6190,-0.0380,0.0000,0.0000,0.0000

2623.6200,-0.0380,0.0000,0.0000,0.0000

2624.6190,-0.0380,0.0000,0.0000,0.0000

2625.6190,-0.0380,0.0000,0.0000,0.0000

2626.6190,-0.0380,0.0000,0.0000,0.0000

2627.6190,-0.0380,0.0000,0.0000,0.0000

2628.6190,-0.0380,0.0000,0.0000,0.0000

2629.6190,-0.0380,0.0000,0.0000,0.0000

2630.6190,-0.0380,0.0000,0.0000,0.0000

2631.6190,-0.0380,0.0000,0.0000,0.0000

2632.6200,-0.0380,0.0000,0.0000,0.0000

2633.6190,-0.0380,0.0000,0.0000,0.0000

2634.6190,-0.0380,0.0000,0.0000,0.0000

2635.6190,-0.0380,0.0000,0.0000,0.0000

2636.6200,-0.0380,0.0000,0.0000,0.0000

2637.6190,-0.0380,0.0000,0.0000,0.0000

2638.6190,-0.0380,0.0000,0.0000,0.0000

2639.6200,-0.0380,0.0000,0.0000,0.0000

2640.6200,-0.0380,0.0000,0.0000,0.0000

2641.6200,-0.0380,0.0000,0.0000,0.0000

2642.6190,-0.0380,0.0000,0.0000,0.0000

2643.6190,-0.0380,0.0000,0.0000,0.0000

2644.6190,-0.0380,0.0000,0.0000,0.0000

2645.6190,-0.0380,0.0000,0.0000,0.0000

2646.6190,-0.0380,0.0000,0.0000,0.0000

2647.6190,-0.0380,0.0000,0.0000,0.0000

2648.6200,-0.0380,0.0000,0.0000,0.0000

2649.6190,-0.0380,0.0000,0.0000,0.0000

2650.6200,-0.0380,0.0000,0.0000,0.0000

2651.6190,-0.0380,0.0000,0.0000,0.0000

2652.6200,-0.0380,0.0000,0.0000,0.0000

2653.6200,-0.0380,0.0000,0.0000,0.0000

2654.6190,-0.0380,0.0000,0.0000,0.0000

2655.6190,-0.0380,0.0000,0.0000,0.0000

2656.6190,-0.0380,0.0000,0.0000,0.0000

2657.6190,-0.0380,0.0000,0.0000,0.0000

2658.6200,-0.0380,0.0000,0.0000,0.0000

2659.6190,-0.0380,0.0000,0.0000,0.0000

2660.6190,-0.0380,0.0000,0.0000,0.0000

2661.6190,-0.0380,0.0000,0.0000,0.0000

2662.6190,-0.0380,0.0000,0.0000,0.0000

2663.6190,-0.0380,0.0000,0.0000,0.0000

2664.6190,-0.0380,0.0000,0.0000,0.0000

2665.6190,-0.0380,0.0000,0.0000,0.0000

2666.6190,-0.0380,0.0000,0.0000,0.0000

2667.6190,-0.0380,0.0000,0.0000,0.0000

2668.6190,-0.0380,0.0000,0.0000,0.0000

2669.6190,-0.0380,0.0000,0.0000,0.0000

2670.6200,-0.0380,0.0000,0.0000,0.0000

2671.6210,-0.0380,0.0000,0.0000,0.0000

2672.6200,-0.0380,0.0000,0.0000,0.0000

2673.6200,-0.0380,0.0000,0.0000,0.0000

2674.6200,-0.0380,0.0000,0.0000,0.0000

2675.6190,-0.0380,0.0000,0.0000,0.0000

2676.6190,-0.0380,0.0000,0.0000,0.0000

2677.6190,-0.0380,0.0000,0.0000,0.0000

2678.6190,-0.0380,0.0000,0.0000,0.0000

2679.6200,-0.0380,0.0000,0.0000,0.0000

2680.6200,-0.0380,0.0000,0.0000,0.0000

2681.6190,-0.0380,0.0000,0.0000,0.0000

2682.6190,-0.0380,0.0000,0.0000,0.0000

2683.6200,-0.0380,0.0000,0.0000,0.0000

2684.6190,-0.0380,0.0000,0.0000,0.0000

2685.6190,-0.0380,0.0000,0.0000,0.0000

2686.6190,-0.0380,0.0000,0.0000,0.0000

2687.6200,-0.0380,0.0000,0.0000,0.0000

2688.6190,-0.0380,0.0000,0.0000,0.0000

2689.6190,-0.0380,0.0000,0.0000,0.0000

2690.6190,-0.0380,0.0000,0.0000,0.0000

2691.6190,-0.0380,0.0000,0.0000,0.0000

2692.6200,-0.0380,0.0000,0.0000,0.0000

2693.6190,-0.0380,0.0000,0.0000,0.0000

2694.6190,-0.0380,0.0000,0.0000,0.0000

2695.6190,-0.0380,0.0000,0.0000,0.0000

2696.6200,-0.0380,0.0000,0.0000,0.0000

2697.6190,-0.0380,0.0000,0.0000,0.0000

2698.6210,-0.0380,0.0000,0.0000,0.0000

2699.6190,-0.0380,0.0000,0.0000,0.0000

2700.6190,-0.0380,0.0000,0.0000,0.0000

2701.6190,-0.0380,0.0000,0.0000,0.0000

2702.6190,-0.0380,0.0000,0.0000,0.0000

2703.6190,-0.0380,0.0000,0.0000,0.0000

2704.6190,-0.0380,0.0000,0.0000,0.0000

2705.6190,-0.0380,0.0000,0.0000,0.0000

2706.6190,-0.0380,0.0000,0.0000,0.0000

2707.6190,-0.0380,0.0000,0.0000,0.0000

2708.6190,-0.0380,0.0000,0.0000,0.0000

2709.6190,-0.0380,0.0000,0.0000,0.0000

2710.6200,-0.0380,0.0000,0.0000,0.0000

2711.6190,-0.0380,0.0000,0.0000,0.0000

2712.6190,-0.0380,0.0000,0.0000,0.0000

2713.6190,-0.0380,0.0000,0.0000,0.0000

2714.6200,-0.0380,0.0000,0.0000,0.0000

2715.6190,-0.0380,0.0000,0.0000,0.0000

2716.6190,-0.0380,0.0000,0.0000,0.0000

2717.6190,-0.0380,0.0000,0.0000,0.0000

2718.6200,-0.0380,0.0000,0.0000,0.0000

2719.6190,-0.0380,0.0000,0.0000,0.0000

2720.6190,-0.0380,0.0000,0.0000,0.0000

2721.6190,-0.0380,0.0000,0.0000,0.0000

2722.6190,-0.0380,0.0000,0.0000,0.0000

2723.6190,-0.0380,0.0000,0.0000,0.0000

2724.6190,-0.0380,0.0000,0.0000,0.0000

2725.6200,-0.0380,0.0000,0.0000,0.0000

2726.6190,-0.0380,0.0000,0.0000,0.0000

2727.6190,-0.0380,0.0000,0.0000,0.0000

2728.6200,-0.0380,0.0000,0.0000,0.0000

2729.6190,-0.0380,0.0000,0.0000,0.0000

2730.6190,-0.0380,0.0000,0.0000,0.0000

2731.6190,-0.0380,0.0000,0.0000,0.0000

2732.6190,-0.0380,0.0000,0.0000,0.0000

2733.6190,-0.0380,0.0000,0.0000,0.0000

2734.6190,-0.0380,0.0000,0.0000,0.0000

2735.6190,-0.0380,0.0000,0.0000,0.0000

2736.6190,-0.0380,0.0000,0.0000,0.0000

2737.6190,-0.0380,0.0000,0.0000,0.0000

2738.6200,-0.0380,0.0000,0.0000,0.0000

2739.6190,-0.0380,0.0000,0.0000,0.0000

2740.6190,-0.0380,0.0000,0.0000,0.0000

2741.6200,-0.0380,0.0000,0.0000,0.0000

2742.6190,-0.0380,0.0000,0.0000,0.0000

2743.6190,-0.0380,0.0000,0.0000,0.0000

2744.6190,-0.0380,0.0000,0.0000,0.0000

2745.6200,-0.0380,0.0000,0.0000,0.0000

2746.6190,-0.0380,0.0000,0.0000,0.0000

2747.6190,-0.0380,0.0000,0.0000,0.0000

2748.6190,-0.0380,0.0000,0.0000,0.0000

2749.6190,-0.0380,0.0000,0.0000,0.0000

2750.6190,-0.0380,0.0000,0.0000,0.0000

2751.6190,-0.0380,0.0000,0.0000,0.0000

2752.6190,-0.0380,0.0000,0.0000,0.0000

2753.6200,-0.0380,0.0000,0.0000,0.0000

2754.6200,-0.0380,0.0000,0.0000,0.0000

2755.6190,-0.0380,0.0000,0.0000,0.0000

2756.6190,-0.0380,0.0000,0.0000,0.0000

2757.6190,-0.0380,0.0000,0.0000,0.0000

2758.6200,-0.0380,0.0000,0.0000,0.0000

2759.6190,-0.0380,0.0000,0.0000,0.0000

2760.6200,-0.0380,0.0000,0.0000,0.0000

2761.6190,-0.0380,0.0000,0.0000,0.0000

2762.6190,-0.0380,0.0000,0.0000,0.0000

2763.6190,-0.0380,0.0000,0.0000,0.0000

2764.6190,-0.0380,0.0000,0.0000,0.0000

2765.6190,-0.0380,0.0000,0.0000,0.0000

2766.6190,-0.0380,0.0000,0.0000,0.0000

2767.6190,-0.0380,0.0000,0.0000,0.0000

2768.6190,-0.0380,0.0000,0.0000,0.0000

2769.6190,-0.0380,0.0000,0.0000,0.0000

2770.6190,-0.0380,0.0000,0.0000,0.0000

2771.6190,-0.0380,0.0000,0.0000,0.0000

2772.6200,-0.0380,0.0000,0.0000,0.0000

2773.6190,-0.0380,0.0000,0.0000,0.0000

2774.6190,-0.0380,0.0000,0.0000,0.0000

2775.6200,-0.0380,0.0000,0.0000,0.0000

2776.6200,-0.0380,0.0000,0.0000,0.0000

2777.6190,-0.0380,0.0000,0.0000,0.0000

2778.6190,-0.0380,0.0000,0.0000,0.0000

2779.6200,-0.0380,0.0000,0.0000,0.0000

2780.6200,-0.0380,0.0000,0.0000,0.0000

2781.6200,-0.0380,0.0000,0.0000,0.0000

2782.6190,-0.0380,0.0000,0.0000,0.0000

2783.6190,-0.0380,0.0000,0.0000,0.0000

2784.6190,-0.0380,0.0000,0.0000,0.0000

2785.6190,-0.0380,0.0000,0.0000,0.0000

2786.6190,-0.0380,0.0000,0.0000,0.0000

2787.6190,-0.0380,0.0000,0.0000,0.0000

2788.6200,-0.0380,0.0000,0.0000,0.0000

2789.6190,-0.0380,0.0000,0.0000,0.0000

2790.6200,-0.0380,0.0000,0.0000,0.0000

2791.6200,-0.0380,0.0000,0.0000,0.0000

2792.6200,-0.0380,0.0000,0.0000,0.0000

2793.6190,-0.0380,0.0000,0.0000,0.0000

2794.6190,-0.0380,0.0000,0.0000,0.0000

2795.6190,-0.0380,0.0000,0.0000,0.0000

2796.6190,-0.0380,0.0000,0.0000,0.0000

2797.6190,-0.0380,0.0000,0.0000,0.0000

2798.6190,-0.0380,0.0000,0.0000,0.0000

2799.6190,-0.0380,0.0000,0.0000,0.0000

2800.6200,-0.0380,0.0000,0.0000,0.0000

2801.6190,-0.0380,0.0000,0.0000,0.0000

2802.6190,-0.0380,0.0000,0.0000,0.0000

2803.6190,-0.0380,0.0000,0.0000,0.0000

2804.6190,-0.0380,0.0000,0.0000,0.0000

2805.6190,-0.0380,0.0000,0.0000,0.0000

2806.6190,-0.0380,0.0000,0.0000,0.0000

2807.6190,-0.0380,0.0000,0.0000,0.0000

2808.6190,-0.0380,0.0000,0.0000,0.0000

2809.6190,-0.0380,0.0000,0.0000,0.0000

2810.6200,-0.0380,0.0000,0.0000,0.0000

2811.6190,-0.0380,0.0000,0.0000,0.0000

2812.6190,-0.0380,0.0000,0.0000,0.0000

2813.6190,-0.0380,0.0000,0.0000,0.0000

2814.6200,-0.0380,0.0000,0.0000,0.0000

2815.6190,-0.0380,0.0000,0.0000,0.0000

2816.6190,-0.0380,0.0000,0.0000,0.0000

2817.6190,-0.0380,0.0000,0.0000,0.0000

2818.6190,-0.0380,0.0000,0.0000,0.0000

2819.6190,-0.0380,0.0000,0.0000,0.0000

2820.6190,-0.0380,0.0000,0.0000,0.0000

2821.6190,-0.0380,0.0000,0.0000,0.0000

2822.6190,-0.0380,0.0000,0.0000,0.0000

2823.6190,-0.0380,0.0000,0.0000,0.0000

2824.6190,-0.0380,0.0000,0.0000,0.0000

2825.6190,-0.0380,0.0000,0.0000,0.0000

2826.6190,-0.0380,0.0000,0.0000,0.0000

2827.6190,-0.0380,0.0000,0.0000,0.0000

2828.6190,-0.0380,0.0000,0.0000,0.0000

2829.6190,-0.0380,0.0000,0.0000,0.0000

2830.6190,-0.0380,0.0000,0.0000,0.0000

2831.6190,-0.0380,0.0000,0.0000,0.0000

2832.6200,-0.0380,0.0000,0.0000,0.0000

2833.6190,-0.0380,0.0000,0.0000,0.0000

2834.6200,-0.0380,0.0000,0.0000,0.0000

2835.6200,-0.0380,0.0000,0.0000,0.0000

2836.6190,-0.0380,0.0000,0.0000,0.0000

2837.6200,-0.0380,0.0000,0.0000,0.0000

2838.6200,-0.0380,0.0000,0.0000,0.0000

2839.6190,-0.0380,0.0000,0.0000,0.0000

2840.6190,-0.0380,0.0000,0.0000,0.0000

2841.6190,-0.0380,0.0000,0.0000,0.0000

2842.6190,-0.0380,0.0000,0.0000,0.0000

2843.6190,-0.0380,0.0000,0.0000,0.0000

2844.6200,-0.0380,0.0000,0.0000,0.0000

2845.6190,-0.0380,0.0000,0.0000,0.0000

2846.6190,-0.0380,0.0000,0.0000,0.0000

2847.6190,-0.0380,0.0000,0.0000,0.0000

2848.6190,-0.0380,0.0000,0.0000,0.0000

2849.6200,-0.0380,0.0000,0.0000,0.0000

2850.6190,-0.0380,0.0000,0.0000,0.0000

2851.6200,-0.0380,0.0000,0.0000,0.0000

2852.6190,-0.0380,0.0000,0.0000,0.0000

2853.6200,-0.0380,0.0000,0.0000,0.0000

2854.6190,-0.0380,0.0000,0.0000,0.0000

2855.6190,-0.0380,0.0000,0.0000,0.0000

2856.6210,-0.0380,0.0000,0.0000,0.0000

2857.6190,-0.0380,0.0000,0.0000,0.0000

2858.6190,-0.0380,0.0000,0.0000,0.0000

2859.6190,-0.0380,0.0000,0.0000,0.0000

2860.6190,-0.0380,0.0000,0.0000,0.0000

2861.6190,-0.0380,0.0000,0.0000,0.0000

2862.6200,-0.0380,0.0000,0.0000,0.0000

2863.6190,-0.0380,0.0000,0.0000,0.0000

2864.6190,-0.0380,0.0000,0.0000,0.0000

2865.6200,-0.0380,0.0000,0.0000,0.0000

2866.6190,-0.0380,0.0000,0.0000,0.0000

2867.6190,-0.0380,0.0000,0.0000,0.0000

2868.6190,-0.0380,0.0000,0.0000,0.0000

2869.6190,-0.0380,0.0000,0.0000,0.0000

2870.6200,-0.0380,0.0000,0.0000,0.0000

2871.6190,-0.0380,0.0000,0.0000,0.0000

2872.6190,-0.0380,0.0000,0.0000,0.0000

2873.6190,-0.0380,0.0000,0.0000,0.0000

2874.6190,-0.0380,0.0000,0.0000,0.0000

2875.6190,-0.0380,0.0000,0.0000,0.0000

2876.6200,-0.0380,0.0000,0.0000,0.0000

2877.6190,-0.0380,0.0000,0.0000,0.0000

2878.6200,-0.0380,0.0000,0.0000,0.0000

2879.6200,-0.0380,0.0000,0.0000,0.0000

2880.6190,-0.0380,0.0000,0.0000,0.0000

2881.6190,-0.0380,0.0000,0.0000,0.0000

2882.6190,-0.0380,0.0000,0.0000,0.0000

2883.6190,-0.0380,0.0000,0.0000,0.0000

2884.6190,-0.0380,0.0000,0.0000,0.0000

2885.6190,-0.0380,0.0000,0.0000,0.0000

2886.6200,-0.0380,0.0000,0.0000,0.0000

2887.6190,-0.0380,0.0000,0.0000,0.0000

2888.6190,-0.0380,0.0000,0.0000,0.0000

2889.6190,-0.0380,0.0000,0.0000,0.0000

2890.6190,-0.0380,0.0000,0.0000,0.0000

2891.6190,-0.0380,0.0000,0.0000,0.0000

2892.6200,-0.0380,0.0000,0.0000,0.0000

2893.6190,-0.0380,0.0000,0.0000,0.0000

2894.6190,-0.0380,0.0000,0.0000,0.0000

2895.6190,-0.0380,0.0000,0.0000,0.0000

2896.6190,-0.0380,0.0000,0.0000,0.0000

2897.6190,-0.0380,0.0000,0.0000,0.0000

2898.6190,-0.0380,0.0000,0.0000,0.0000

2899.6190,-0.0380,0.0000,0.0000,0.0000

2900.6190,-0.0380,0.0000,0.0000,0.0000

2901.6190,-0.0380,0.0000,0.0000,0.0000

2902.6200,-0.0380,0.0000,0.0000,0.0000

2903.6200,-0.0380,0.0000,0.0000,0.0000

2904.6190,-0.0380,0.0000,0.0000,0.0000

2905.6190,-0.0380,0.0000,0.0000,0.0000

2906.6190,-0.0380,0.0000,0.0000,0.0000

2907.6190,-0.0380,0.0000,0.0000,0.0000

2908.6190,-0.0380,0.0000,0.0000,0.0000

2909.6190,-0.0380,0.0000,0.0000,0.0000

2910.6190,-0.0380,0.0000,0.0000,0.0000

2911.6190,-0.0380,0.0000,0.0000,0.0000

2912.6190,-0.0380,0.0000,0.0000,0.0000

2913.6190,-0.0380,0.0000,0.0000,0.0000

2914.6190,-0.0380,0.0000,0.0000,0.0000

2915.6190,-0.0380,0.0000,0.0000,0.0000

2916.6200,-0.0380,0.0000,0.0000,0.0000

2917.6200,-0.0380,0.0000,0.0000,0.0000

2918.6190,-0.0380,0.0000,0.0000,0.0000

2919.6200,-0.0380,0.0000,0.0000,0.0000

2920.6200,-0.0380,0.0000,0.0000,0.0000

2921.6190,-0.0380,0.0000,0.0000,0.0000

2922.6190,-0.0380,0.0000,0.0000,0.0000

2923.6190,-0.0380,0.0000,0.0000,0.0000

2924.6200,-0.0380,0.0000,0.0000,0.0000

2925.6190,-0.0380,0.0000,0.0000,0.0000

2926.6190,-0.0380,0.0000,0.0000,0.0000

2927.6190,-0.0380,0.0000,0.0000,0.0000

2928.6190,-0.0380,0.0000,0.0000,0.0000

2929.6190,-0.0380,0.0000,0.0000,0.0000

2930.6200,-0.0380,0.0000,0.0000,0.0000

2931.6190,-0.0380,0.0000,0.0000,0.0000

2932.6190,-0.0380,0.0000,0.0000,0.0000

2933.6200,-0.0380,0.0000,0.0000,0.0000

2934.6190,-0.0380,0.0000,0.0000,0.0000

2935.6190,-0.0380,0.0000,0.0000,0.0000

2936.6190,-0.0380,0.0000,0.0000,0.0000

2937.6190,-0.0380,0.0000,0.0000,0.0000

2938.6190,-0.0380,0.0000,0.0000,0.0000

2939.6190,-0.0380,0.0000,0.0000,0.0000

2940.6190,-0.0380,0.0000,0.0000,0.0000

2941.6190,-0.0380,0.0000,0.0000,0.0000

2942.6190,-0.0380,0.0000,0.0000,0.0000

2943.6190,-0.0380,0.0000,0.0000,0.0000

2944.6200,-0.0380,0.0000,0.0000,0.0000

2945.6190,-0.0380,0.0000,0.0000,0.0000

2946.6190,-0.0380,0.0000,0.0000,0.0000

2947.6200,-0.0380,0.0000,0.0000,0.0000

2948.6190,-0.0380,0.0000,0.0000,0.0000

2949.6190,-0.0380,0.0000,0.0000,0.0000

2950.6190,-0.0380,0.0000,0.0000,0.0000

2951.6190,-0.0380,0.0000,0.0000,0.0000

2952.6190,-0.0380,0.0000,0.0000,0.0000

2953.6190,-0.0380,0.0000,0.0000,0.0000

2954.6190,-0.0380,0.0000,0.0000,0.0000

2955.6200,-0.0380,0.0000,0.0000,0.0000

2956.6210,-0.0380,0.0000,0.0000,0.0000

2957.6190,-0.0380,0.0000,0.0000,0.0000

2958.6190,-0.0380,0.0000,0.0000,0.0000

2959.6190,-0.0380,0.0000,0.0000,0.0000

2960.6190,-0.0380,0.0000,0.0000,0.0000

2961.6190,-0.0380,0.0000,0.0000,0.0000

2962.6190,-0.0380,0.0000,0.0000,0.0000

2963.6190,-0.0380,0.0000,0.0000,0.0000

2964.6190,-0.0380,0.0000,0.0000,0.0000

2965.6190,-0.0380,0.0000,0.0000,0.0000

2966.6190,-0.0380,0.0000,0.0000,0.0000

2967.6190,-0.0380,0.0000,0.0000,0.0000

2968.6190,-0.0380,0.0000,0.0000,0.0000

2969.6190,-0.0380,0.0000,0.0000,0.0000

2970.6190,-0.0380,0.0000,0.0000,0.0000

2971.6190,-0.0380,0.0000,0.0000,0.0000

2972.6190,-0.0380,0.0000,0.0000,0.0000

2973.6190,-0.0380,0.0000,0.0000,0.0000

2974.6200,-0.0380,0.0000,0.0000,0.0000

2975.6190,-0.0380,0.0000,0.0000,0.0000

2976.6190,-0.0380,0.0000,0.0000,0.0000

2977.6190,-0.0380,0.0000,0.0000,0.0000

2978.6200,-0.0380,0.0000,0.0000,0.0000

2979.6190,-0.0380,0.0000,0.0000,0.0000

2980.6190,-0.0380,0.0000,0.0000,0.0000

2981.6200,-0.0380,0.0000,0.0000,0.0000

2982.6190,-0.0380,0.0000,0.0000,0.0000

2983.6190,-0.0380,0.0000,0.0000,0.0000

2984.6190,-0.0380,0.0000,0.0000,0.0000

2985.6190,-0.0380,0.0000,0.0000,0.0000

2986.6190,-0.0380,0.0000,0.0000,0.0000

2987.6190,-0.0380,0.0000,0.0000,0.0000

2988.6200,-0.0380,0.0000,0.0000,0.0000

2989.6190,-0.0380,0.0000,0.0000,0.0000

2990.6190,-0.0380,0.0000,0.0000,0.0000

2991.6190,-0.0380,0.0000,0.0000,0.0000

2992.6200,-0.0380,0.0000,0.0000,0.0000

2993.6190,-0.0380,0.0000,0.0000,0.0000

2994.6190,-0.0380,0.0000,0.0000,0.0000

2995.6200,-0.0380,0.0000,0.0000,0.0000

2996.6190,-0.0380,0.0000,0.0000,0.0000

2997.6190,-0.0380,0.0000,0.0000,0.0000

2998.6190,-0.0380,0.0000,0.0000,0.0000

2999.6190,-0.0380,0.0000,0.0000,0.0000

3000.6190,-0.0380,0.0000,0.0000,0.0000

3001.6190,-0.0380,0.0000,0.0000,0.0000

3002.6190,-0.0380,0.0000,0.0000,0.0000

3003.6190,-0.0380,0.0000,0.0000,0.0000

3004.6190,-0.0380,0.0000,0.0000,0.0000

3005.6190,-0.0380,0.0000,0.0000,0.0000

3006.6190,-0.0380,0.0000,0.0000,0.0000

3007.6190,-0.0380,0.0000,0.0000,0.0000

3008.6200,-0.0380,0.0000,0.0000,0.0000

3009.6190,-0.0380,0.0000,0.0000,0.0000

3010.6190,-0.0380,0.0000,0.0000,0.0000

3011.6190,-0.0380,0.0000,0.0000,0.0000

3012.6190,-0.0380,0.0000,0.0000,0.0000

3013.6190,-0.0380,0.0000,0.0000,0.0000

3014.6190,-0.0380,0.0000,0.0000,0.0000

3015.6190,-0.0380,0.0000,0.0000,0.0000

3016.6190,-0.0380,0.0000,0.0000,0.0000

3017.6190,-0.0380,0.0000,0.0000,0.0000

3018.6190,-0.0380,0.0000,0.0000,0.0000

3019.6190,-0.0380,0.0000,0.0000,0.0000

3020.6190,-0.0380,0.0000,0.0000,0.0000

3021.6200,-0.0380,0.0000,0.0000,0.0000

3022.6190,-0.0380,0.0000,0.0000,0.0000

3023.6190,-0.0380,0.0000,0.0000,0.0000

3024.6190,-0.0380,0.0000,0.0000,0.0000

3025.6190,-0.0380,0.0000,0.0000,0.0000

3026.6190,-0.0380,0.0000,0.0000,0.0000

3027.6190,-0.0380,0.0000,0.0000,0.0000

3028.6210,-0.0380,0.0000,0.0000,0.0000

3029.6190,-0.0380,0.0000,0.0000,0.0000

3030.6190,-0.0380,0.0000,0.0000,0.0000

3031.6190,-0.0380,0.0000,0.0000,0.0000

3032.6190,-0.0380,0.0000,0.0000,0.0000

3033.6190,-0.0380,0.0000,0.0000,0.0000

3034.6190,-0.0380,0.0000,0.0000,0.0000

3035.6190,-0.0380,0.0000,0.0000,0.0000

3036.6190,-0.0380,0.0000,0.0000,0.0000

3037.6200,-0.0380,0.0000,0.0000,0.0000

3038.6190,-0.0380,0.0000,0.0000,0.0000

3039.6190,-0.0380,0.0000,0.0000,0.0000

3040.6190,-0.0380,0.0000,0.0000,0.0000

3041.6190,-0.0380,0.0000,0.0000,0.0000

3042.6190,-0.0380,0.0000,0.0000,0.0000

3043.6190,-0.0380,0.0000,0.0000,0.0000

3044.6190,-0.0380,0.0000,0.0000,0.0000

3045.6190,-0.0380,0.0000,0.0000,0.0000

3046.6190,-0.0380,0.0000,0.0000,0.0000

3047.6190,-0.0380,0.0000,0.0000,0.0000

3048.6190,-0.0380,0.0000,0.0000,0.0000

3049.6190,-0.0380,0.0000,0.0000,0.0000

3050.6200,-0.0380,0.0000,0.0000,0.0000

3051.6190,-0.0380,0.0000,0.0000,0.0000

3052.6190,-0.0380,0.0000,0.0000,0.0000

3053.6190,-0.0380,0.0000,0.0000,0.0000

3054.6190,-0.0380,0.0000,0.0000,0.0000

3055.6190,-0.0380,0.0000,0.0000,0.0000

3056.6190,-0.0380,0.0000,0.0000,0.0000

3057.6200,-0.0380,0.0000,0.0000,0.0000

3058.6190,-0.0380,0.0000,0.0000,0.0000

3059.6200,-0.0380,0.0000,0.0000,0.0000

3060.6200,-0.0380,0.0000,0.0000,0.0000

3061.6190,-0.0380,0.0000,0.0000,0.0000

3062.6190,-0.0380,0.0000,0.0000,0.0000

3063.6190,-0.0380,0.0000,0.0000,0.0000

3064.6190,-0.0380,0.0000,0.0000,0.0000

3065.6190,-0.0380,0.0000,0.0000,0.0000

3066.6190,-0.0380,0.0000,0.0000,0.0000

3067.6190,-0.0380,0.0000,0.0000,0.0000

3068.6190,-0.0380,0.0000,0.0000,0.0000

3069.6190,-0.0380,0.0000,0.0000,0.0000

3070.6200,-0.0380,0.0000,0.0000,0.0000

3071.6190,-0.0380,0.0000,0.0000,0.0000

3072.6190,-0.0380,0.0000,0.0000,0.0000

3073.6190,-0.0380,0.0000,0.0000,0.0000

3074.6200,-0.0380,0.0000,0.0000,0.0000

3075.6190,-0.0380,0.0000,0.0000,0.0000

3076.6190,-0.0380,0.0000,0.0000,0.0000

3077.6190,-0.0380,0.0000,0.0000,0.0000

3078.6190,-0.0380,0.0000,0.0000,0.0000

3079.6190,-0.0380,0.0000,0.0000,0.0000

3080.6190,-0.0380,0.0000,0.0000,0.0000

3081.6190,-0.0380,0.0000,0.0000,0.0000

3082.6190,-0.0380,0.0000,0.0000,0.0000

3083.6190,-0.0380,0.0000,0.0000,0.0000

3084.6200,-0.0380,0.0000,0.0000,0.0000

3085.6190,-0.0380,0.0000,0.0000,0.0000

3086.6200,-0.0380,0.0000,0.0000,0.0000

3087.6190,-0.0380,0.0000,0.0000,0.0000

3088.6190,-0.0380,0.0000,0.0000,0.0000

3089.6200,-0.0380,0.0000,0.0000,0.0000

3090.6190,-0.0380,0.0000,0.0000,0.0000

3091.6200,-0.0380,0.0000,0.0000,0.0000

3092.6200,-0.0380,0.0000,0.0000,0.0000

3093.6190,-0.0380,0.0000,0.0000,0.0000

3094.6200,-0.0380,0.0000,0.0000,0.0000

3095.6190,-0.0380,0.0000,0.0000,0.0000

3096.6190,-0.0380,0.0000,0.0000,0.0000

3097.6190,-0.0380,0.0000,0.0000,0.0000

3098.6190,-0.0380,0.0000,0.0000,0.0000

3099.6190,-0.0380,0.0000,0.0000,0.0000

3100.6200,-0.0380,0.0000,0.0000,0.0000

3101.6190,-0.0380,0.0000,0.0000,0.0000

3102.6190,-0.0380,0.0000,0.0000,0.0000

3103.6200,-0.0380,0.0000,0.0000,0.0000

3104.6190,-0.0380,0.0000,0.0000,0.0000

3105.6190,-0.0380,0.0000,0.0000,0.0000

3106.6200,-0.0380,0.0000,0.0000,0.0000

3107.6200,-0.0380,0.0000,0.0000,0.0000

3108.6200,-0.0380,0.0000,0.0000,0.0000

3109.6190,-0.0380,0.0000,0.0000,0.0000

3110.6190,-0.0380,0.0000,0.0000,0.0000

3111.6190,-0.0380,0.0000,0.0000,0.0000

3112.6190,-0.0380,0.0000,0.0000,0.0000

3113.6190,-0.0380,0.0000,0.0000,0.0000

3114.6200,-0.0380,0.0000,0.0000,0.0000

3115.6200,-0.0380,0.0000,0.0000,0.0000

3116.6190,-0.0380,0.0000,0.0000,0.0000

3117.6200,-0.0380,0.0000,0.0000,0.0000

3118.6190,-0.0380,0.0000,0.0000,0.0000

3119.6190,-0.0380,0.0000,0.0000,0.0000

3120.6190,-0.0380,0.0000,0.0000,0.0000

3121.6190,-0.0380,0.0000,0.0000,0.0000

3122.6190,-0.0380,0.0000,0.0000,0.0000

3123.6190,-0.0380,0.0000,0.0000,0.0000

3124.6190,-0.0380,0.0000,0.0000,0.0000

3125.6190,-0.0380,0.0000,0.0000,0.0000

3126.6190,-0.0380,0.0000,0.0000,0.0000

3127.6190,-0.0380,0.0000,0.0000,0.0000

3128.6190,-0.0380,0.0000,0.0000,0.0000

3129.6190,-0.0380,0.0000,0.0000,0.0000

3130.6190,-0.0380,0.0000,0.0000,0.0000

3131.6200,-0.0380,0.0000,0.0000,0.0000

3132.6190,-0.0380,0.0000,0.0000,0.0000

3133.6200,-0.0380,0.0000,0.0000,0.0000

3134.6200,-0.0380,0.0000,0.0000,0.0000

3135.6190,-0.0380,0.0000,0.0000,0.0000

3136.6190,-0.0380,0.0000,0.0000,0.0000

3137.6190,-0.0380,0.0000,0.0000,0.0000

3138.6190,-0.0380,0.0000,0.0000,0.0000

3139.6210,-0.0380,0.0000,0.0000,0.0000

3140.6200,-0.0380,0.0000,0.0000,0.0000

3141.6190,-0.0380,0.0000,0.0000,0.0000

3142.6200,-0.0380,0.0000,0.0000,0.0000

3143.6190,-0.0380,0.0000,0.0000,0.0000

3144.6190,-0.0380,0.0000,0.0000,0.0000

3145.6190,-0.0380,0.0000,0.0000,0.0000

3146.6190,-0.0380,0.0000,0.0000,0.0000

3147.6190,-0.0380,0.0000,0.0000,0.0000

3148.6190,-0.0380,0.0000,0.0000,0.0000

3149.6190,-0.0380,0.0000,0.0000,0.0000

3150.6200,-0.0380,0.0000,0.0000,0.0000

3151.6190,-0.0380,0.0000,0.0000,0.0000

3152.6190,-0.0380,0.0000,0.0000,0.0000

3153.6200,-0.0380,0.0000,0.0000,0.0000

3154.6190,-0.0380,0.0000,0.0000,0.0000

3155.6190,-0.0380,0.0000,0.0000,0.0000

3156.6190,-0.0380,0.0000,0.0000,0.0000

3157.6200,-0.0380,0.0000,0.0000,0.0000

3158.6190,-0.0380,0.0000,0.0000,0.0000

3159.6190,-0.0380,0.0000,0.0000,0.0000

3160.6190,-0.0380,0.0000,0.0000,0.0000

3161.6190,-0.0380,0.0000,0.0000,0.0000

3162.6200,-0.0380,0.0000,0.0000,0.0000

3163.6200,-0.0380,0.0000,0.0000,0.0000

3164.6190,-0.0380,0.0000,0.0000,0.0000

3165.6190,-0.0380,0.0000,0.0000,0.0000

3166.6190,-0.0380,0.0000,0.0000,0.0000

3167.6190,-0.0380,0.0000,0.0000,0.0000

3168.6190,-0.0380,0.0000,0.0000,0.0000

3169.6200,-0.0380,0.0000,0.0000,0.0000

3170.6200,-0.0380,0.0000,0.0000,0.0000

3171.6200,-0.0380,0.0000,0.0000,0.0000

3172.6190,-0.0380,0.0000,0.0000,0.0000

3173.6190,-0.0380,0.0000,0.0000,0.0000

3174.6190,-0.0380,0.0000,0.0000,0.0000

3175.6190,-0.0380,0.0000,0.0000,0.0000

3176.6190,-0.0380,0.0000,0.0000,0.0000

3177.6190,-0.0380,0.0000,0.0000,0.0000

3178.6190,-0.0380,0.0000,0.0000,0.0000

3179.6190,-0.0380,0.0000,0.0000,0.0000

3180.6190,-0.0380,0.0000,0.0000,0.0000

3181.6190,-0.0380,0.0000,0.0000,0.0000

3182.6190,-0.0380,0.0000,0.0000,0.0000

3183.6190,-0.0380,0.0000,0.0000,0.0000

3184.6200,-0.0380,0.0000,0.0000,0.0000

3185.6190,-0.0380,0.0000,0.0000,0.0000

3186.6200,-0.0380,0.0000,0.0000,0.0000

3187.6190,-0.0380,0.0000,0.0000,0.0000

3188.6190,-0.0380,0.0000,0.0000,0.0000

3189.6190,-0.0380,0.0000,0.0000,0.0000

3190.6190,-0.0380,0.0000,0.0000,0.0000

3191.6190,-0.0380,0.0000,0.0000,0.0000

3192.6200,-0.0380,0.0000,0.0000,0.0000

3193.6190,-0.0380,0.0000,0.0000,0.0000

3194.6200,-0.0380,0.0000,0.0000,0.0000

3195.6190,-0.0380,0.0000,0.0000,0.0000

3196.6200,-0.0380,0.0000,0.0000,0.0000

3197.6190,-0.0380,0.0000,0.0000,0.0000

3198.6190,-0.0380,0.0000,0.0000,0.0000

3199.6190,-0.0380,0.0000,0.0000,0.0000

3200.6190,-0.0380,0.0000,0.0000,0.0000

3201.6200,-0.0380,0.0000,0.0000,0.0000

3202.6190,-0.0380,0.0000,0.0000,0.0000

3203.6200,-0.0380,0.0000,0.0000,0.0000

3204.6200,-0.0380,0.0000,0.0000,0.0000

3205.6190,-0.0380,0.0000,0.0000,0.0000

3206.6190,-0.0380,0.0000,0.0000,0.0000

3207.6190,-0.0380,0.0000,0.0000,0.0000

3208.6190,-0.0380,0.0000,0.0000,0.0000

3209.6190,-0.0380,0.0000,0.0000,0.0000

3210.6190,-0.0380,0.0000,0.0000,0.0000

3211.6200,-0.0380,0.0000,0.0000,0.0000

3212.6190,-0.0380,0.0000,0.0000,0.0000

3213.6200,-0.0380,0.0000,0.0000,0.0000

3214.6190,-0.0380,0.0000,0.0000,0.0000

3215.6190,-0.0380,0.0000,0.0000,0.0000

3216.6190,-0.0380,0.0000,0.0000,0.0000

3217.6190,-0.0380,0.0000,0.0000,0.0000

3218.6190,-0.0380,0.0000,0.0000,0.0000

3219.6200,-0.0380,0.0000,0.0000,0.0000

3220.6190,-0.0380,0.0000,0.0000,0.0000

3221.6190,-0.0380,0.0000,0.0000,0.0000

3222.6190,-0.0380,0.0000,0.0000,0.0000

3223.6190,-0.0380,0.0000,0.0000,0.0000

3224.6190,-0.0380,0.0000,0.0000,0.0000

3225.6190,-0.0380,0.0000,0.0000,0.0000

3226.6200,-0.0380,0.0000,0.0000,0.0000

3227.6190,-0.0380,0.0000,0.0000,0.0000

3228.6200,-0.0380,0.0000,0.0000,0.0000

3229.6190,-0.0380,0.0000,0.0000,0.0000

3230.6200,-0.0380,0.0000,0.0000,0.0000

3231.6190,-0.0380,0.0000,0.0000,0.0000

3232.6190,-0.0380,0.0000,0.0000,0.0000

3233.6190,-0.0380,0.0000,0.0000,0.0000

3234.6190,-0.0380,0.0000,0.0000,0.0000

3235.6190,-0.0380,0.0000,0.0000,0.0000

3236.6190,-0.0380,0.0000,0.0000,0.0000

3237.6200,-0.0380,0.0000,0.0000,0.0000

3238.6190,-0.0380,0.0000,0.0000,0.0000

3239.6200,-0.0380,0.0000,0.0000,0.0000

3240.6190,-0.0380,0.0000,0.0000,0.0000

3241.6200,-0.0380,0.0000,0.0000,0.0000

3242.6190,-0.0380,0.0000,0.0000,0.0000

3243.6190,-0.0380,0.0000,0.0000,0.0000

3244.6190,-0.0380,0.0000,0.0000,0.0000

3245.6190,-0.0380,0.0000,0.0000,0.0000

3246.6190,-0.0380,0.0000,0.0000,0.0000

3247.6190,-0.0380,0.0000,0.0000,0.0000

3248.6190,-0.0380,0.0000,0.0000,0.0000

3249.6190,-0.0380,0.0000,0.0000,0.0000

3250.6200,-0.0380,0.0000,0.0000,0.0000

3251.6190,-0.0380,0.0000,0.0000,0.0000

3252.6190,-0.0380,0.0000,0.0000,0.0000

3253.6190,-0.0380,0.0000,0.0000,0.0000

3254.6190,-0.0380,0.0000,0.0000,0.0000

3255.6190,-0.0380,0.0000,0.0000,0.0000

3256.6190,-0.0380,0.0000,0.0000,0.0000

3257.6190,-0.0380,0.0000,0.0000,0.0000

3258.6190,-0.0380,0.0000,0.0000,0.0000

3259.6190,-0.0380,0.0000,0.0000,0.0000

3260.6190,-0.0380,0.0000,0.0000,0.0000

3261.6190,-0.0380,0.0000,0.0000,0.0000

3262.6200,-0.0380,0.0000,0.0000,0.0000

3263.6190,-0.0380,0.0000,0.0000,0.0000

3264.6190,-0.0380,0.0000,0.0000,0.0000

3265.6190,-0.0380,0.0000,0.0000,0.0000

3266.6200,-0.0380,0.0000,0.0000,0.0000

3267.6190,-0.0380,0.0000,0.0000,0.0000

3268.6190,-0.0380,0.0000,0.0000,0.0000

3269.6200,-0.0380,0.0000,0.0000,0.0000

3270.6190,-0.0380,0.0000,0.0000,0.0000

3271.6190,-0.0380,0.0000,0.0000,0.0000

3272.6200,-0.0380,0.0000,0.0000,0.0000

3273.6190,-0.0380,0.0000,0.0000,0.0000

3274.6200,-0.0380,0.0000,0.0000,0.0000

3275.6200,-0.0380,0.0000,0.0000,0.0000

3276.6190,-0.0380,0.0000,0.0000,0.0000

3277.6190,-0.0380,0.0000,0.0000,0.0000

3278.6190,-0.0380,0.0000,0.0000,0.0000

3279.6200,-0.0380,0.0000,0.0000,0.0000

3280.6190,-0.0380,0.0000,0.0000,0.0000

3281.6200,-0.0380,0.0000,0.0000,0.0000

3282.6190,-0.0380,0.0000,0.0000,0.0000

3283.6190,-0.0380,0.0000,0.0000,0.0000

3284.6190,-0.0380,0.0000,0.0000,0.0000

3285.6200,-0.0380,0.0000,0.0000,0.0000

3286.6190,-0.0380,0.0000,0.0000,0.0000

3287.6190,-0.0380,0.0000,0.0000,0.0000

3288.6190,-0.0380,0.0000,0.0000,0.0000

3289.6200,-0.0380,0.0000,0.0000,0.0000

3290.6200,-0.0380,0.0000,0.0000,0.0000

3291.6200,-0.0380,0.0000,0.0000,0.0000

3292.6210,-0.0380,0.0000,0.0000,0.0000

3293.6190,-0.0380,0.0000,0.0000,0.0000

3294.6190,-0.0380,0.0000,0.0000,0.0000

3295.6190,-0.0380,0.0000,0.0000,0.0000

3296.6200,-0.0380,0.0000,0.0000,0.0000

3297.6190,-0.0380,0.0000,0.0000,0.0000

3298.6190,-0.0380,0.0000,0.0000,0.0000

3299.6190,-0.0380,0.0000,0.0000,0.0000

3300.6200,-0.0380,0.0000,0.0000,0.0000

3301.6190,-0.0380,0.0000,0.0000,0.0000

3302.6190,-0.0380,0.0000,0.0000,0.0000

3303.6200,-0.0380,0.0000,0.0000,0.0000

3304.6190,-0.0380,0.0000,0.0000,0.0000

3305.6190,-0.0380,0.0000,0.0000,0.0000

3306.6190,-0.0380,0.0000,0.0000,0.0000

3307.6190,-0.0380,0.0000,0.0000,0.0000

3308.6190,-0.0380,0.0000,0.0000,0.0000

3309.6190,-0.0380,0.0000,0.0000,0.0000

3310.6190,-0.0380,0.0000,0.0000,0.0000

3311.6200,-0.0380,0.0000,0.0000,0.0000

3312.6190,-0.0380,0.0000,0.0000,0.0000

3313.6190,-0.0380,0.0000,0.0000,0.0000

3314.6200,-0.0380,0.0000,0.0000,0.0000

3315.6190,-0.0380,0.0000,0.0000,0.0000

3316.6190,-0.0380,0.0000,0.0000,0.0000

3317.6190,-0.0380,0.0000,0.0000,0.0000

3318.6190,-0.0380,0.0000,0.0000,0.0000

3319.6190,-0.0380,0.0000,0.0000,0.0000

3320.6190,-0.0380,0.0000,0.0000,0.0000

3321.6200,-0.0380,0.0000,0.0000,0.0000

3322.6200,-0.0380,0.0000,0.0000,0.0000

3323.6190,-0.0380,0.0000,0.0000,0.0000

3324.6190,-0.0380,0.0000,0.0000,0.0000

3325.6190,-0.0380,0.0000,0.0000,0.0000

3326.6190,-0.0380,0.0000,0.0000,0.0000

3327.6190,-0.0380,0.0000,0.0000,0.0000

3328.6190,-0.0380,0.0000,0.0000,0.0000

3329.6190,-0.0380,0.0000,0.0000,0.0000

3330.6200,-0.0380,0.0000,0.0000,0.0000

3331.6200,-0.0380,0.0000,0.0000,0.0000

3332.6190,-0.0380,0.0000,0.0000,0.0000

3333.6190,-0.0380,0.0000,0.0000,0.0000

3334.6190,-0.0380,0.0000,0.0000,0.0000

3335.6200,-0.0380,0.0000,0.0000,0.0000

3336.6190,-0.0380,0.0000,0.0000,0.0000

3337.6190,-0.0380,0.0000,0.0000,0.0000

3338.6190,-0.0380,0.0000,0.0000,0.0000

3339.6190,-0.0380,0.0000,0.0000,0.0000

3340.6190,-0.0380,0.0000,0.0000,0.0000

3341.6190,-0.0380,0.0000,0.0000,0.0000

3342.6190,-0.0380,0.0000,0.0000,0.0000

3343.6200,-0.0380,0.0000,0.0000,0.0000

3344.6190,-0.0380,0.0000,0.0000,0.0000

3345.6190,-0.0380,0.0000,0.0000,0.0000

3346.6190,-0.0380,0.0000,0.0000,0.0000

3347.6190,-0.0380,0.0000,0.0000,0.0000

3348.6190,-0.0380,0.0000,0.0000,0.0000

3349.6190,-0.0380,0.0000,0.0000,0.0000

3350.6190,-0.0380,0.0000,0.0000,0.0000

3351.6190,-0.0380,0.0000,0.0000,0.0000

3352.6190,-0.0380,0.0000,0.0000,0.0000

3353.6190,-0.0380,0.0000,0.0000,0.0000

3354.6190,-0.0380,0.0000,0.0000,0.0000

3355.6190,-0.0380,0.0000,0.0000,0.0000

3356.6190,-0.0380,0.0000,0.0000,0.0000

3357.6200,-0.0380,0.0000,0.0000,0.0000

3358.6200,-0.0380,0.0000,0.0000,0.0000

3359.6190,-0.0380,0.0000,0.0000,0.0000

3360.6200,-0.0380,0.0000,0.0000,0.0000

3361.6190,-0.0380,0.0000,0.0000,0.0000

3362.6200,-0.0380,0.0000,0.0000,0.0000

3363.6190,-0.0380,0.0000,0.0000,0.0000

3364.6190,-0.0380,0.0000,0.0000,0.0000

3365.6200,-0.0380,0.0000,0.0000,0.0000

3366.6190,-0.0380,0.0000,0.0000,0.0000

3367.6190,-0.0380,0.0000,0.0000,0.0000

3368.6190,-0.0380,0.0000,0.0000,0.0000

3369.6190,-0.0380,0.0000,0.0000,0.0000

3370.6200,-0.0380,0.0000,0.0000,0.0000

3371.6200,-0.0380,0.0000,0.0000,0.0000

3372.6190,-0.0380,0.0000,0.0000,0.0000

3373.6190,-0.0380,0.0000,0.0000,0.0000

3374.6190,-0.0380,0.0000,0.0000,0.0000

3375.6200,-0.0380,0.0000,0.0000,0.0000

3376.6190,-0.0380,0.0000,0.0000,0.0000

3377.6190,-0.0380,0.0000,0.0000,0.0000

3378.6190,-0.0380,0.0000,0.0000,0.0000

3379.6190,-0.0380,0.0000,0.0000,0.0000

3380.6200,-0.0380,0.0000,0.0000,0.0000

3381.6190,-0.0380,0.0000,0.0000,0.0000

3382.6190,-0.0380,0.0000,0.0000,0.0000

3383.6190,-0.0380,0.0000,0.0000,0.0000

3384.6210,-0.0380,0.0000,0.0000,0.0000

3385.6190,-0.0380,0.0000,0.0000,0.0000

3386.6200,-0.0380,0.0000,0.0000,0.0000

3387.6190,-0.0380,0.0000,0.0000,0.0000

3388.6190,-0.0380,0.0000,0.0000,0.0000

3389.6190,-0.0380,0.0000,0.0000,0.0000

3390.6190,-0.0380,0.0000,0.0000,0.0000

3391.6190,-0.0380,0.0000,0.0000,0.0000

3392.6190,-0.0380,0.0000,0.0000,0.0000

3393.6200,-0.0380,0.0000,0.0000,0.0000

3394.6200,-0.0380,0.0000,0.0000,0.0000

3395.6190,-0.0380,0.0000,0.0000,0.0000

3396.6200,-0.0380,0.0000,0.0000,0.0000

3397.6200,-0.0380,0.0000,0.0000,0.0000

3398.6190,-0.0380,0.0000,0.0000,0.0000

3399.6190,-0.0380,0.0000,0.0000,0.0000

3400.6190,-0.0380,0.0000,0.0000,0.0000

3401.6190,-0.0380,0.0000,0.0000,0.0000

3402.6190,-0.0380,0.0000,0.0000,0.0000

3403.6190,-0.0380,0.0000,0.0000,0.0000

3404.6190,-0.0380,0.0000,0.0000,0.0000

3405.6190,-0.0380,0.0000,0.0000,0.0000

3406.6190,-0.0380,0.0000,0.0000,0.0000

3407.6190,-0.0380,0.0000,0.0000,0.0000

3408.6190,-0.0380,0.0000,0.0000,0.0000

3409.6190,-0.0380,0.0000,0.0000,0.0000

3410.6190,-0.0380,0.0000,0.0000,0.0000

3411.6190,-0.0380,0.0000,0.0000,0.0000

3412.6200,-0.0380,0.0000,0.0000,0.0000

3413.6190,-0.0380,0.0000,0.0000,0.0000

3414.6190,-0.0380,0.0000,0.0000,0.0000

3415.6190,-0.0380,0.0000,0.0000,0.0000

3416.6190,-0.0380,0.0000,0.0000,0.0000

3417.6190,-0.0380,0.0000,0.0000,0.0000

3418.6200,-0.0380,0.0000,0.0000,0.0000

3419.6190,-0.0380,0.0000,0.0000,0.0000

3420.6190,-0.0380,0.0000,0.0000,0.0000

3421.6200,-0.0380,0.0000,0.0000,0.0000

3422.6190,-0.0380,0.0000,0.0000,0.0000

3423.6200,-0.0380,0.0000,0.0000,0.0000

3424.6190,-0.0380,0.0000,0.0000,0.0000

3425.6190,-0.0380,0.0000,0.0000,0.0000

3426.6200,-0.0380,0.0000,0.0000,0.0000

3427.6190,-0.0380,0.0000,0.0000,0.0000

3428.6190,-0.0380,0.0000,0.0000,0.0000

3429.6190,-0.0380,0.0000,0.0000,0.0000

3430.6190,-0.0380,0.0000,0.0000,0.0000

3431.6200,-0.0380,0.0000,0.0000,0.0000

3432.6190,-0.0380,0.0000,0.0000,0.0000

3433.6190,-0.0380,0.0000,0.0000,0.0000

3434.6190,-0.0380,0.0000,0.0000,0.0000

3435.6190,-0.0380,0.0000,0.0000,0.0000

3436.6190,-0.0380,0.0000,0.0000,0.0000

3437.6190,-0.0380,0.0000,0.0000,0.0000

3438.6190,-0.0380,0.0000,0.0000,0.0000

3439.6190,-0.0380,0.0000,0.0000,0.0000

3440.6190,-0.0380,0.0000,0.0000,0.0000

3441.6190,-0.0380,0.0000,0.0000,0.0000

3442.6200,-0.0380,0.0000,0.0000,0.0000

3443.6190,-0.0380,0.0000,0.0000,0.0000

3444.6190,-0.0380,0.0000,0.0000,0.0000

3445.6190,-0.0380,0.0000,0.0000,0.0000

3446.6190,-0.0380,0.0000,0.0000,0.0000

3447.6200,-0.0380,0.0000,0.0000,0.0000

3448.6190,-0.0380,0.0000,0.0000,0.0000

3449.6200,-0.0380,0.0000,0.0000,0.0000

3450.6190,-0.0380,0.0000,0.0000,0.0000

3451.6190,-0.0380,0.0000,0.0000,0.0000

3452.6190,-0.0380,0.0000,0.0000,0.0000

3453.6200,-0.0380,0.0000,0.0000,0.0000

3454.6200,-0.0380,0.0000,0.0000,0.0000

3455.6190,-0.0380,0.0000,0.0000,0.0000

3456.6190,-0.0380,0.0000,0.0000,0.0000

3457.6200,-0.0380,0.0000,0.0000,0.0000

3458.6190,-0.0380,0.0000,0.0000,0.0000

3459.6190,-0.0380,0.0000,0.0000,0.0000

3460.6190,-0.0380,0.0000,0.0000,0.0000

3461.6200,-0.0380,0.0000,0.0000,0.0000

3462.6190,-0.0380,0.0000,0.0000,0.0000

3463.6200,-0.0380,0.0000,0.0000,0.0000

3464.6190,-0.0380,0.0000,0.0000,0.0000

3465.6200,-0.0380,0.0000,0.0000,0.0000

3466.6190,-0.0380,0.0000,0.0000,0.0000

3467.6190,-0.0380,0.0000,0.0000,0.0000

3468.6190,-0.0380,0.0000,0.0000,0.0000

3469.6190,-0.0380,0.0000,0.0000,0.0000

3470.6200,-0.0380,0.0000,0.0000,0.0000

3471.6190,-0.0380,0.0000,0.0000,0.0000

3472.6200,-0.0380,0.0000,0.0000,0.0000

3473.6190,-0.0380,0.0000,0.0000,0.0000

3474.6190,-0.0380,0.0000,0.0000,0.0000

3475.6190,-0.0380,0.0000,0.0000,0.0000

3476.6190,-0.0380,0.0000,0.0000,0.0000

3477.6190,-0.0380,0.0000,0.0000,0.0000

3478.6190,-0.0380,0.0000,0.0000,0.0000

3479.6190,-0.0380,0.0000,0.0000,0.0000

3480.6190,-0.0380,0.0000,0.0000,0.0000

3481.6190,-0.0380,0.0000,0.0000,0.0000

3482.6200,-0.0380,0.0000,0.0000,0.0000

3483.6200,-0.0380,0.0000,0.0000,0.0000

3484.6190,-0.0380,0.0000,0.0000,0.0000

3485.6200,-0.0380,0.0000,0.0000,0.0000

3486.6200,-0.0380,0.0000,0.0000,0.0000

3487.6190,-0.0380,0.0000,0.0000,0.0000

3488.6190,-0.0380,0.0000,0.0000,0.0000

3489.6190,-0.0380,0.0000,0.0000,0.0000

3490.6190,-0.0380,0.0000,0.0000,0.0000

3491.6190,-0.0380,0.0000,0.0000,0.0000

3492.6190,-0.0380,0.0000,0.0000,0.0000

3493.6190,-0.0380,0.0000,0.0000,0.0000

3494.6200,-0.0380,0.0000,0.0000,0.0000

3495.6190,-0.0380,0.0000,0.0000,0.0000

3496.6190,-0.0380,0.0000,0.0000,0.0000

3497.6200,-0.0380,0.0000,0.0000,0.0000

3498.6190,-0.0380,0.0000,0.0000,0.0000

3499.6190,-0.0380,0.0000,0.0000,0.0000

3500.6190,-0.0380,0.0000,0.0000,0.0000

3501.6200,-0.0380,0.0000,0.0000,0.0000

3502.6190,-0.0380,0.0000,0.0000,0.0000

3503.6190,-0.0380,0.0000,0.0000,0.0000

3504.6190,-0.0380,0.0000,0.0000,0.0000

3505.6190,-0.0380,0.0000,0.0000,0.0000

3506.6200,-0.0380,0.0000,0.0000,0.0000

3507.6190,-0.0380,0.0000,0.0000,0.0000

3508.6190,-0.0380,0.0000,0.0000,0.0000

3509.6190,-0.0380,0.0000,0.0000,0.0000

3510.6190,-0.0380,0.0000,0.0000,0.0000

3511.6190,-0.0380,0.0000,0.0000,0.0000

3512.6190,-0.0380,0.0000,0.0000,0.0000

3513.6190,-0.0380,0.0000,0.0000,0.0000

3514.6190,-0.0380,0.0000,0.0000,0.0000

3515.6190,-0.0380,0.0000,0.0000,0.0000

3516.6190,-0.0380,0.0000,0.0000,0.0000

3517.6190,-0.0380,0.0000,0.0000,0.0000

3518.6190,-0.0380,0.0000,0.0000,0.0000

3519.6190,-0.0380,0.0000,0.0000,0.0000

3520.6200,-0.0380,0.0000,0.0000,0.0000

3521.6190,-0.0380,0.0000,0.0000,0.0000

3522.6200,-0.0380,0.0000,0.0000,0.0000

3523.6190,-0.0380,0.0000,0.0000,0.0000

3524.6200,-0.0380,0.0000,0.0000,0.0000

3525.6190,-0.0380,0.0000,0.0000,0.0000

3526.6200,-0.0380,0.0000,0.0000,0.0000

3527.6190,-0.0380,0.0000,0.0000,0.0000

3528.6190,-0.0380,0.0000,0.0000,0.0000

3529.6190,-0.0380,0.0000,0.0000,0.0000

3530.6190,-0.0380,0.0000,0.0000,0.0000

3531.6190,-0.0380,0.0000,0.0000,0.0000

3532.6200,-0.0380,0.0000,0.0000,0.0000

3533.6190,-0.0380,0.0000,0.0000,0.0000

3534.6190,-0.0380,0.0000,0.0000,0.0000

3535.6190,-0.0380,0.0000,0.0000,0.0000

3536.6190,-0.0380,0.0000,0.0000,0.0000

3537.6190,-0.0380,0.0000,0.0000,0.0000

3538.6200,-0.0380,0.0000,0.0000,0.0000

3539.6200,-0.0380,0.0000,0.0000,0.0000

3540.6190,-0.0380,0.0000,0.0000,0.0000

3541.6190,-0.0380,0.0000,0.0000,0.0000

3542.6190,-0.0380,0.0000,0.0000,0.0000

3543.6190,-0.0380,0.0000,0.0000,0.0000

3544.6190,-0.0380,0.0000,0.0000,0.0000

3545.6200,-0.0380,0.0000,0.0000,0.0000

3546.6190,-0.0380,0.0000,0.0000,0.0000

3547.6190,-0.0380,0.0000,0.0000,0.0000

3548.6190,-0.0380,0.0000,0.0000,0.0000

3549.6200,-0.0380,0.0000,0.0000,0.0000

3550.6190,-0.0380,0.0000,0.0000,0.0000

3551.6200,-0.0380,0.0000,0.0000,0.0000

3552.6190,-0.0380,0.0000,0.0000,0.0000

3553.6200,-0.0380,0.0000,0.0000,0.0000

3554.6200,-0.0380,0.0000,0.0000,0.0000

3555.6190,-0.0380,0.0000,0.0000,0.0000

3556.6200,-0.0380,0.0000,0.0000,0.0000

3557.6200,-0.0380,0.0000,0.0000,0.0000

3558.6190,-0.0380,0.0000,0.0000,0.0000

3559.6190,-0.0380,0.0000,0.0000,0.0000

3560.6190,-0.0380,0.0000,0.0000,0.0000

3561.6190,-0.0380,0.0000,0.0000,0.0000

3562.6190,-0.0380,0.0000,0.0000,0.0000

3563.6200,-0.0380,0.0000,0.0000,0.0000

3564.6200,-0.0380,0.0000,0.0000,0.0000

3565.6190,-0.0380,0.0000,0.0000,0.0000

3566.6190,-0.0380,0.0000,0.0000,0.0000

3567.6190,-0.0380,0.0000,0.0000,0.0000

3568.6190,-0.0380,0.0000,0.0000,0.0000

3569.6190,-0.0380,0.0000,0.0000,0.0000

3570.6200,-0.0380,0.0000,0.0000,0.0000

3571.6190,-0.0380,0.0000,0.0000,0.0000

3572.6190,-0.0380,0.0000,0.0000,0.0000

3573.6190,-0.0380,0.0000,0.0000,0.0000

3574.6190,-0.0380,0.0000,0.0000,0.0000

3575.6190,-0.0380,0.0000,0.0000,0.0000

3576.6200,-0.0380,0.0000,0.0000,0.0000

3577.6200,-0.0380,0.0000,0.0000,0.0000

3578.6190,-0.0380,0.0000,0.0000,0.0000

3579.6190,-0.0380,0.0000,0.0000,0.0000

3580.6190,-0.0380,0.0000,0.0000,0.0000

3581.6190,-0.0380,0.0000,0.0000,0.0000

3582.6190,-0.0380,0.0000,0.0000,0.0000

3583.6200,-0.0380,0.0000,0.0000,0.0000

3584.6190,-0.0380,0.0000,0.0000,0.0000

3585.6190,-0.0380,0.0000,0.0000,0.0000

3586.6190,-0.0380,0.0000,0.0000,0.0000

3587.6190,-0.0380,0.0000,0.0000,0.0000

3588.6190,-0.0380,0.0000,0.0000,0.0000

3589.6190,-0.0380,0.0000,0.0000,0.0000

3590.6210,-0.0380,0.0000,0.0000,0.0000

3591.6190,-0.0380,0.0000,0.0000,0.0000

3592.6200,-0.0380,0.0000,0.0000,0.0000

3593.6190,-0.0380,0.0000,0.0000,0.0000

3594.6190,-0.0380,0.0000,0.0000,0.0000

3595.6190,-0.0380,0.0000,0.0000,0.0000

3596.6190,-0.0380,0.0000,0.0000,0.0000

3597.6190,-0.0380,0.0000,0.0000,0.0000

3598.6190,-0.0380,0.0000,0.0000,0.0000

3599.6200,-0.0380,0.0000,0.0000,0.0000

3600.6200,-0.0380,0.0000,0.0000,0.0000

3601.6190,-0.0380,0.0000,0.0000,0.0000

3602.6190,-0.0380,0.0000,0.0000,0.0000

3603.6190,-0.0380,0.0000,0.0000,0.0000

3604.6190,-0.0380,0.0000,0.0000,0.0000

3605.6190,-0.0380,0.0000,0.0000,0.0000

3606.6190,-0.0380,0.0000,0.0000,0.0000

3607.6190,-0.0380,0.0000,0.0000,0.0000

3608.6190,-0.0380,0.0000,0.0000,0.0000

3609.6190,-0.0380,0.0000,0.0000,0.0000

3610.6200,-0.0380,0.0000,0.0000,0.0000

3611.6190,-0.0380,0.0000,0.0000,0.0000

3612.6190,-0.0380,0.0000,0.0000,0.0000

3613.6190,-0.0380,0.0000,0.0000,0.0000

3614.6190,-0.0380,0.0000,0.0000,0.0000

3615.6190,-0.0380,0.0000,0.0000,0.0000

3616.6190,-0.0380,0.0000,0.0000,0.0000

3617.6200,-0.0380,0.0000,0.0000,0.0000

3618.6190,-0.0380,0.0000,0.0000,0.0000

3619.6200,-0.0380,0.0000,0.0000,0.0000

3620.6190,-0.0380,0.0000,0.0000,0.0000

3621.6190,-0.0380,0.0000,0.0000,0.0000

3622.6190,-0.0380,0.0000,0.0000,0.0000

3623.6200,-0.0380,0.0000,0.0000,0.0000

3624.6190,-0.0380,0.0000,0.0000,0.0000

3625.6190,-0.0380,0.0000,0.0000,0.0000

3626.6190,-0.0380,0.0000,0.0000,0.0000

3627.6190,-0.0380,0.0000,0.0000,0.0000

3628.6190,-0.0380,0.0000,0.0000,0.0000

3629.6190,-0.0380,0.0000,0.0000,0.0000

3630.6200,-0.0380,0.0000,0.0000,0.0000

3631.6190,-0.0380,0.0000,0.0000,0.0000

3632.6190,-0.0380,0.0000,0.0000,0.0000

3633.6190,-0.0380,0.0000,0.0000,0.0000

3634.6190,-0.0380,0.0000,0.0000,0.0000

3635.6190,-0.0380,0.0000,0.0000,0.0000

3636.6190,-0.0380,0.0000,0.0000,0.0000

3637.6190,-0.0380,0.0000,0.0000,0.0000

3638.6190,-0.0380,0.0000,0.0000,0.0000

3639.6190,-0.0380,0.0000,0.0000,0.0000

3640.6190,-0.0380,0.0000,0.0000,0.0000

3641.6190,-0.0380,0.0000,0.0000,0.0000

3642.6190,-0.0380,0.0000,0.0000,0.0000

3643.6190,-0.0380,0.0000,0.0000,0.0000

3644.6190,-0.0380,0.0000,0.0000,0.0000

3645.6190,-0.0380,0.0000,0.0000,0.0000

3646.6190,-0.0380,0.0000,0.0000,0.0000

3647.6190,-0.0380,0.0000,0.0000,0.0000

3648.6190,-0.0380,0.0000,0.0000,0.0000

3649.6190,-0.0380,0.0000,0.0000,0.0000

3650.6190,-0.0380,0.0000,0.0000,0.0000

3651.6190,-0.0380,0.0000,0.0000,0.0000

3652.6190,-0.0380,0.0000,0.0000,0.0000

3653.6200,-0.0380,0.0000,0.0000,0.0000

3654.6190,-0.0380,0.0000,0.0000,0.0000

3655.6200,-0.0380,0.0000,0.0000,0.0000

3656.6190,-0.0380,0.0000,0.0000,0.0000

3657.6190,-0.0380,0.0000,0.0000,0.0000

3658.6190,-0.0380,0.0000,0.0000,0.0000

3659.6190,-0.0380,0.0000,0.0000,0.0000

3660.6200,-0.0380,0.0000,0.0000,0.0000

3661.6190,-0.0380,0.0000,0.0000,0.0000

3662.6190,-0.0380,0.0000,0.0000,0.0000

3663.6190,-0.0380,0.0000,0.0000,0.0000

3664.6190,-0.0380,0.0000,0.0000,0.0000

3665.6190,-0.0380,0.0000,0.0000,0.0000

3666.6190,-0.0380,0.0000,0.0000,0.0000

3667.6200,-0.0380,0.0000,0.0000,0.0000

3668.6190,-0.0380,0.0000,0.0000,0.0000

3669.6190,-0.0380,0.0000,0.0000,0.0000

3670.6190,-0.0380,0.0000,0.0000,0.0000

3671.6190,-0.0380,0.0000,0.0000,0.0000

3672.6190,-0.0380,0.0000,0.0000,0.0000

3673.6190,-0.0380,0.0000,0.0000,0.0000

3674.6190,-0.0380,0.0000,0.0000,0.0000

3675.6190,-0.0380,0.0000,0.0000,0.0000

3676.6200,-0.0380,0.0000,0.0000,0.0000

3677.6190,-0.0380,0.0000,0.0000,0.0000

3678.6190,-0.0380,0.0000,0.0000,0.0000

3679.6190,-0.0380,0.0000,0.0000,0.0000

3680.6190,-0.0380,0.0000,0.0000,0.0000

3681.6190,-0.0380,0.0000,0.0000,0.0000

3682.6200,-0.0380,0.0000,0.0000,0.0000

3683.6200,-0.0380,0.0000,0.0000,0.0000

3684.6200,-0.0380,0.0000,0.0000,0.0000

3685.6200,-0.0380,0.0000,0.0000,0.0000

3686.6190,-0.0380,0.0000,0.0000,0.0000

3687.6190,-0.0380,0.0000,0.0000,0.0000

3688.6190,-0.0380,0.0000,0.0000,0.0000

3689.6190,-0.0380,0.0000,0.0000,0.0000

3690.6200,-0.0380,0.0000,0.0000,0.0000

3691.6190,-0.0380,0.0000,0.0000,0.0000

3692.6190,-0.0380,0.0000,0.0000,0.0000

3693.6190,-0.0380,0.0000,0.0000,0.0000

3694.6190,-0.0380,0.0000,0.0000,0.0000

3695.6200,-0.0380,0.0000,0.0000,0.0000

3696.6200,-0.0380,0.0000,0.0000,0.0000

3697.6200,-0.0380,0.0000,0.0000,0.0000

3698.6190,-0.0380,0.0000,0.0000,0.0000

3699.6190,-0.0380,0.0000,0.0000,0.0000

3700.6190,-0.0380,0.0000,0.0000,0.0000

3701.6190,-0.0380,0.0000,0.0000,0.0000

3702.6200,-0.0380,0.0000,0.0000,0.0000

3703.6190,-0.0380,0.0000,0.0000,0.0000

3704.6190,-0.0380,0.0000,0.0000,0.0000

3705.6190,-0.0380,0.0000,0.0000,0.0000

3706.6190,-0.0380,0.0000,0.0000,0.0000

3707.6190,-0.0380,0.0000,0.0000,0.0000

3708.6190,-0.0380,0.0000,0.0000,0.0000

3709.6190,-0.0380,0.0000,0.0000,0.0000

3710.6190,-0.0380,0.0000,0.0000,0.0000

3711.6200,-0.0380,0.0000,0.0000,0.0000

3712.6190,-0.0380,0.0000,0.0000,0.0000

3713.6190,-0.0380,0.0000,0.0000,0.0000

3714.6190,-0.0380,0.0000,0.0000,0.0000

3715.6200,-0.0380,0.0000,0.0000,0.0000

3716.6190,-0.0380,0.0000,0.0000,0.0000

3717.6200,-0.0380,0.0000,0.0000,0.0000

3718.6200,-0.0380,0.0000,0.0000,0.0000

3719.6190,-0.0380,0.0000,0.0000,0.0000

3720.6190,-0.0380,0.0000,0.0000,0.0000

3721.6200,-0.0380,0.0000,0.0000,0.0000

3722.6190,-0.0380,0.0000,0.0000,0.0000

3723.6200,-0.0380,0.0000,0.0000,0.0000

3724.6190,-0.0380,0.0000,0.0000,0.0000

3725.6190,-0.0380,0.0000,0.0000,0.0000

3726.6190,-0.0380,0.0000,0.0000,0.0000

3727.6200,-0.0380,0.0000,0.0000,0.0000

3728.6190,-0.0380,0.0000,0.0000,0.0000

3729.6190,-0.0380,0.0000,0.0000,0.0000

3730.6190,-0.0380,0.0000,0.0000,0.0000

3731.6190,-0.0380,0.0000,0.0000,0.0000

3732.6190,-0.0380,0.0000,0.0000,0.0000

3733.6190,-0.0380,0.0000,0.0000,0.0000

3734.6210,-0.0380,0.0000,0.0000,0.0000

3735.6190,-0.0380,0.0000,0.0000,0.0000

3736.6200,-0.0380,0.0000,0.0000,0.0000

3737.6190,-0.0380,0.0000,0.0000,0.0000

3738.6190,-0.0380,0.0000,0.0000,0.0000

3739.6190,-0.0380,0.0000,0.0000,0.0000

3740.6190,-0.0380,0.0000,0.0000,0.0000

3741.6190,-0.0380,0.0000,0.0000,0.0000

3742.6190,-0.0380,0.0000,0.0000,0.0000

3743.6190,-0.0380,0.0000,0.0000,0.0000

3744.6190,-0.0380,0.0000,0.0000,0.0000

3745.6190,-0.0380,0.0000,0.0000,0.0000

3746.6200,-0.0380,0.0000,0.0000,0.0000

3747.6190,-0.0380,0.0000,0.0000,0.0000

3748.6190,-0.0380,0.0000,0.0000,0.0000

3749.6190,-0.0380,0.0000,0.0000,0.0000

3750.6190,-0.0380,0.0000,0.0000,0.0000

3751.6190,-0.0380,0.0000,0.0000,0.0000

3752.6190,-0.0380,0.0000,0.0000,0.0000

3753.6190,-0.0380,0.0000,0.0000,0.0000

3754.6190,-0.0380,0.0000,0.0000,0.0000

3755.6190,-0.0380,0.0000,0.0000,0.0000

3756.6190,-0.0380,0.0000,0.0000,0.0000

3757.6190,-0.0380,0.0000,0.0000,0.0000

3758.6190,-0.0380,0.0000,0.0000,0.0000

3759.6190,-0.0380,0.0000,0.0000,0.0000

3760.6200,-0.0380,0.0000,0.0000,0.0000

3761.6190,-0.0380,0.0000,0.0000,0.0000

3762.6200,-0.0380,0.0000,0.0000,0.0000

3763.6190,-0.0380,0.0000,0.0000,0.0000

3764.6190,-0.0380,0.0000,0.0000,0.0000

3765.6190,-0.0380,0.0000,0.0000,0.0000

3766.6190,-0.0380,0.0000,0.0000,0.0000

3767.6190,-0.0380,0.0000,0.0000,0.0000

3768.6200,-0.0380,0.0000,0.0000,0.0000

3769.6190,-0.0380,0.0000,0.0000,0.0000

3770.6190,-0.0380,0.0000,0.0000,0.0000

3771.6200,-0.0380,0.0000,0.0000,0.0000

3772.6200,-0.0380,0.0000,0.0000,0.0000

3773.6190,-0.0380,0.0000,0.0000,0.0000

3774.6190,-0.0380,0.0000,0.0000,0.0000

3775.6190,-0.0380,0.0000,0.0000,0.0000

3776.6190,-0.0380,0.0000,0.0000,0.0000

3777.6200,-0.0380,0.0000,0.0000,0.0000

3778.6190,-0.0380,0.0000,0.0000,0.0000

3779.6190,-0.0380,0.0000,0.0000,0.0000

3780.6190,-0.0380,0.0000,0.0000,0.0000

3781.6190,-0.0380,0.0000,0.0000,0.0000

3782.6190,-0.0380,0.0000,0.0000,0.0000

3783.6190,-0.0380,0.0000,0.0000,0.0000

3784.6190,-0.0380,0.0000,0.0000,0.0000

3785.6190,-0.0380,0.0000,0.0000,0.0000

3786.6200,-0.0380,0.0000,0.0000,0.0000

3787.6190,-0.0380,0.0000,0.0000,0.0000

3788.6200,-0.0380,0.0000,0.0000,0.0000

3789.6190,-0.0380,0.0000,0.0000,0.0000

3790.6190,-0.0380,0.0000,0.0000,0.0000

3791.6190,-0.0380,0.0000,0.0000,0.0000

3792.6200,-0.0380,0.0000,0.0000,0.0000

3793.6200,-0.0380,0.0000,0.0000,0.0000

3794.6190,-0.0380,0.0000,0.0000,0.0000

3795.6190,-0.0380,0.0000,0.0000,0.0000

3796.6190,-0.0380,0.0000,0.0000,0.0000

3797.6200,-0.0380,0.0000,0.0000,0.0000

3798.6200,-0.0380,0.0000,0.0000,0.0000

3799.6190,-0.0380,0.0000,0.0000,0.0000

3800.6190,-0.0380,0.0000,0.0000,0.0000

3801.6200,-0.0380,0.0000,0.0000,0.0000

3802.6190,-0.0380,0.0000,0.0000,0.0000

3803.6190,-0.0380,0.0000,0.0000,0.0000

3804.6190,-0.0380,0.0000,0.0000,0.0000

3805.6190,-0.0380,0.0000,0.0000,0.0000

3806.6200,-0.0380,0.0000,0.0000,0.0000

3807.6190,-0.0380,0.0000,0.0000,0.0000

3808.6200,-0.0380,0.0000,0.0000,0.0000

3809.6190,-0.0380,0.0000,0.0000,0.0000

3810.6190,-0.0380,0.0000,0.0000,0.0000

3811.6190,-0.0380,0.0000,0.0000,0.0000

3812.6190,-0.0380,0.0000,0.0000,0.0000

3813.6190,-0.0380,0.0000,0.0000,0.0000

3814.6190,-0.0380,0.0000,0.0000,0.0000

3815.6200,-0.0380,0.0000,0.0000,0.0000

3816.6190,-0.0380,0.0000,0.0000,0.0000

3817.6190,-0.0380,0.0000,0.0000,0.0000

3818.6190,-0.0380,0.0000,0.0000,0.0000

3819.6200,-0.0380,0.0000,0.0000,0.0000

3820.6200,-0.0380,0.0000,0.0000,0.0000

3821.6190,-0.0380,0.0000,0.0000,0.0000

3822.6200,-0.0380,0.0000,0.0000,0.0000

3823.6200,-0.0380,0.0000,0.0000,0.0000

3824.6210,-0.0380,0.0000,0.0000,0.0000

3825.6190,-0.0380,0.0000,0.0000,0.0000

3826.6190,-0.0380,0.0000,0.0000,0.0000

3827.6190,-0.0380,0.0000,0.0000,0.0000

3828.6190,-0.0380,0.0000,0.0000,0.0000

3829.6190,-0.0380,0.0000,0.0000,0.0000

3830.6200,-0.0380,0.0000,0.0000,0.0000

3831.6200,-0.0380,0.0000,0.0000,0.0000

3832.6190,-0.0380,0.0000,0.0000,0.0000

3833.6190,-0.0380,0.0000,0.0000,0.0000

3834.6190,-0.0380,0.0000,0.0000,0.0000

3835.6190,-0.0380,0.0000,0.0000,0.0000

3836.6190,-0.0380,0.0000,0.0000,0.0000

3837.6210,-0.0380,0.0000,0.0000,0.0000

3838.6200,-0.0380,0.0000,0.0000,0.0000

3839.6190,-0.0380,0.0000,0.0000,0.0000

3840.6190,-0.0380,0.0000,0.0000,0.0000

3841.6200,-0.0380,0.0000,0.0000,0.0000

3842.6190,-0.0380,0.0000,0.0000,0.0000

3843.6190,-0.0380,0.0000,0.0000,0.0000

3844.6190,-0.0380,0.0000,0.0000,0.0000

3845.6190,-0.0380,0.0000,0.0000,0.0000

3846.6190,-0.0380,0.0000,0.0000,0.0000

3847.6190,-0.0380,0.0000,0.0000,0.0000

3848.6190,-0.0380,0.0000,0.0000,0.0000

3849.6190,-0.0380,0.0000,0.0000,0.0000

3850.6200,-0.0380,0.0000,0.0000,0.0000

3851.6200,-0.0380,0.0000,0.0000,0.0000

3852.6190,-0.0380,0.0000,0.0000,0.0000

3853.6190,-0.0380,0.0000,0.0000,0.0000

3854.6190,-0.0380,0.0000,0.0000,0.0000

3855.6200,-0.0380,0.0000,0.0000,0.0000

3856.6190,-0.0380,0.0000,0.0000,0.0000

3857.6190,-0.0380,0.0000,0.0000,0.0000

3858.6190,-0.0380,0.0000,0.0000,0.0000

3859.6200,-0.0380,0.0000,0.0000,0.0000

3860.6190,-0.0380,0.0000,0.0000,0.0000

3861.6190,-0.0380,0.0000,0.0000,0.0000

3862.6190,-0.0380,0.0000,0.0000,0.0000

3863.6190,-0.0380,0.0000,0.0000,0.0000

3864.6190,-0.0380,0.0000,0.0000,0.0000

3865.6190,-0.0380,0.0000,0.0000,0.0000

3866.6200,-0.0380,0.0000,0.0000,0.0000

3867.6190,-0.0380,0.0000,0.0000,0.0000

3868.6190,-0.0380,0.0000,0.0000,0.0000

3869.6190,-0.0380,0.0000,0.0000,0.0000

3870.6190,-0.0380,0.0000,0.0000,0.0000

3871.6190,-0.0380,0.0000,0.0000,0.0000

3872.6190,-0.0380,0.0000,0.0000,0.0000

3873.6200,-0.0380,0.0000,0.0000,0.0000

3874.6190,-0.0380,0.0000,0.0000,0.0000

3875.6190,-0.0380,0.0000,0.0000,0.0000

3876.6190,-0.0380,0.0000,0.0000,0.0000

3877.6190,-0.0380,0.0000,0.0000,0.0000

3878.6190,-0.0380,0.0000,0.0000,0.0000

3879.6200,-0.0380,0.0000,0.0000,0.0000

3880.6200,-0.0380,0.0000,0.0000,0.0000

3881.6200,-0.0380,0.0000,0.0000,0.0000

3882.6190,-0.0380,0.0000,0.0000,0.0000

3883.6200,-0.0380,0.0000,0.0000,0.0000

3884.6200,-0.0380,0.0000,0.0000,0.0000

3885.6190,-0.0380,0.0000,0.0000,0.0000

3886.6200,-0.0380,0.0000,0.0000,0.0000

3887.6190,-0.0380,0.0000,0.0000,0.0000

3888.6200,-0.0380,0.0000,0.0000,0.0000

3889.6190,-0.0380,0.0000,0.0000,0.0000

3890.6190,-0.0380,0.0000,0.0000,0.0000

3891.6190,-0.0380,0.0000,0.0000,0.0000

3892.6190,-0.0380,0.0000,0.0000,0.0000

3893.6190,-0.0380,0.0000,0.0000,0.0000

3894.6190,-0.0380,0.0000,0.0000,0.0000

3895.6200,-0.0380,0.0000,0.0000,0.0000

3896.6190,-0.0380,0.0000,0.0000,0.0000

3897.6200,-0.0380,0.0000,0.0000,0.0000

3898.6200,-0.0380,0.0000,0.0000,0.0000

3899.6190,-0.0380,0.0000,0.0000,0.0000

3900.6200,-0.0380,0.0000,0.0000,0.0000

3901.6190,-0.0380,0.0000,0.0000,0.0000

3902.6200,-0.0380,0.0000,0.0000,0.0000

3903.6190,-0.0380,0.0000,0.0000,0.0000

3904.6190,-0.0380,0.0000,0.0000,0.0000

3905.6200,-0.0380,0.0000,0.0000,0.0000

3906.6200,-0.0380,0.0000,0.0000,0.0000

3907.6200,-0.0380,0.0000,0.0000,0.0000

3908.6190,-0.0380,0.0000,0.0000,0.0000

3909.6190,-0.0380,0.0000,0.0000,0.0000

3910.6190,-0.0380,0.0000,0.0000,0.0000

3911.6200,-0.0380,0.0000,0.0000,0.0000

3912.6190,-0.0380,0.0000,0.0000,0.0000

3913.6190,-0.0380,0.0000,0.0000,0.0000

3914.6190,-0.0380,0.0000,0.0000,0.0000

3915.6190,-0.0380,0.0000,0.0000,0.0000

3916.6200,-0.0380,0.0000,0.0000,0.0000

3917.6190,-0.0380,0.0000,0.0000,0.0000

3918.6190,-0.0380,0.0000,0.0000,0.0000

3919.6190,-0.0380,0.0000,0.0000,0.0000

3920.6190,-0.0380,0.0000,0.0000,0.0000

3921.6190,-0.0380,0.0000,0.0000,0.0000

3922.6190,-0.0380,0.0000,0.0000,0.0000

3923.6190,-0.0380,0.0000,0.0000,0.0000

3924.6190,-0.0380,0.0000,0.0000,0.0000

3925.6190,-0.0380,0.0000,0.0000,0.0000

3926.6190,-0.0380,0.0000,0.0000,0.0000

3927.6190,-0.0380,0.0000,0.0000,0.0000

3928.6190,-0.0380,0.0000,0.0000,0.0000

3929.6190,-0.0380,0.0000,0.0000,0.0000

3930.6190,-0.0380,0.0000,0.0000,0.0000

3931.6200,-0.0380,0.0000,0.0000,0.0000

3932.6190,-0.0380,0.0000,0.0000,0.0000

3933.6200,-0.0380,0.0000,0.0000,0.0000

3934.6200,-0.0380,0.0000,0.0000,0.0000

3935.6190,-0.0380,0.0000,0.0000,0.0000

3936.6190,-0.0380,0.0000,0.0000,0.0000

3937.6190,-0.0380,0.0000,0.0000,0.0000

3938.6190,-0.0380,0.0000,0.0000,0.0000

3939.6190,-0.0380,0.0000,0.0000,0.0000

3940.6190,-0.0380,0.0000,0.0000,0.0000

3941.6190,-0.0380,0.0000,0.0000,0.0000

3942.6190,-0.0380,0.0000,0.0000,0.0000

3943.6190,-0.0380,0.0000,0.0000,0.0000

3944.6190,-0.0380,0.0000,0.0000,0.0000

3945.6190,-0.0380,0.0000,0.0000,0.0000

3946.6190,-0.0380,0.0000,0.0000,0.0000

3947.6190,-0.0380,0.0000,0.0000,0.0000

3948.6190,-0.0380,0.0000,0.0000,0.0000

3949.6190,-0.0380,0.0000,0.0000,0.0000

3950.6200,-0.0380,0.0000,0.0000,0.0000

3951.6190,-0.0380,0.0000,0.0000,0.0000

3952.6190,-0.0380,0.0000,0.0000,0.0000

3953.6190,-0.0380,0.0000,0.0000,0.0000

3954.6190,-0.0380,0.0000,0.0000,0.0000

3955.6190,-0.0380,0.0000,0.0000,0.0000

3956.6190,-0.0380,0.0000,0.0000,0.0000

3957.6190,-0.0380,0.0000,0.0000,0.0000

3958.6190,-0.0380,0.0000,0.0000,0.0000

3959.6190,-0.0380,0.0000,0.0000,0.0000

3960.6200,-0.0380,0.0000,0.0000,0.0000

3961.6190,-0.0380,0.0000,0.0000,0.0000

3962.6200,-0.0380,0.0000,0.0000,0.0000

3963.6190,-0.0380,0.0000,0.0000,0.0000

3964.6190,-0.0380,0.0000,0.0000,0.0000

3965.6190,-0.0380,0.0000,0.0000,0.0000

3966.6200,-0.0380,0.0000,0.0000,0.0000

3967.6190,-0.0380,0.0000,0.0000,0.0000

3968.6190,-0.0380,0.0000,0.0000,0.0000

3969.6190,-0.0380,0.0000,0.0000,0.0000

3970.6190,-0.0380,0.0000,0.0000,0.0000

3971.6190,-0.0380,0.0000,0.0000,0.0000

3972.6200,-0.0380,0.0000,0.0000,0.0000

3973.6190,-0.0380,0.0000,0.0000,0.0000

3974.6190,-0.0380,0.0000,0.0000,0.0000

3975.6200,-0.0380,0.0000,0.0000,0.0000

3976.6190,-0.0380,0.0000,0.0000,0.0000

3977.6200,-0.0380,0.0000,0.0000,0.0000

3978.6210,-0.0380,0.0000,0.0000,0.0000

3979.6200,-0.0380,0.0000,0.0000,0.0000

3980.6200,-0.0380,0.0000,0.0000,0.0000

3981.6190,-0.0380,0.0000,0.0000,0.0000

3982.6190,-0.0380,0.0000,0.0000,0.0000

3983.6200,-0.0380,0.0000,0.0000,0.0000

3984.6190,-0.0380,0.0000,0.0000,0.0000

3985.6190,-0.0380,0.0000,0.0000,0.0000

3986.6190,-0.0380,0.0000,0.0000,0.0000

3987.6190,-0.0380,0.0000,0.0000,0.0000

3988.6190,-0.0380,0.0000,0.0000,0.0000

3989.6190,-0.0380,0.0000,0.0000,0.0000

3990.6190,-0.0380,0.0000,0.0000,0.0000

3991.6190,-0.0380,0.0000,0.0000,0.0000

3992.6190,-0.0380,0.0000,0.0000,0.0000

3993.6190,-0.0380,0.0000,0.0000,0.0000

3994.6190,-0.0380,0.0000,0.0000,0.0000

3995.6190,-0.0380,0.0000,0.0000,0.0000

3996.6190,-0.0380,0.0000,0.0000,0.0000

3997.6200,-0.0380,0.0000,0.0000,0.0000

3998.6190,-0.0380,0.0000,0.0000,0.0000

3999.6190,-0.0380,0.0000,0.0000,0.0000

4000.6190,-0.0380,0.0000,0.0000,0.0000

4001.6190,-0.0380,0.0000,0.0000,0.0000

4002.6190,-0.0380,0.0000,0.0000,0.0000

4003.6200,-0.0380,0.0000,0.0000,0.0000

4004.6190,-0.0380,0.0000,0.0000,0.0000

4005.6190,-0.0380,0.0000,0.0000,0.0000

4006.6190,-0.0380,0.0000,0.0000,0.0000

4007.6190,-0.0380,0.0000,0.0000,0.0000

4008.6190,-0.0380,0.0000,0.0000,0.0000

4009.6190,-0.0380,0.0000,0.0000,0.0000

4010.6190,-0.0380,0.0000,0.0000,0.0000

4011.6190,-0.0380,0.0000,0.0000,0.0000

4012.6190,-0.0380,0.0000,0.0000,0.0000

4013.6190,-0.0380,0.0000,0.0000,0.0000

4014.6190,-0.0380,0.0000,0.0000,0.0000

4015.6190,-0.0380,0.0000,0.0000,0.0000

4016.6190,-0.0380,0.0000,0.0000,0.0000

4017.6190,-0.0380,0.0000,0.0000,0.0000

4018.6200,-0.0380,0.0000,0.0000,0.0000

4019.6190,-0.0380,0.0000,0.0000,0.0000

4020.6190,-0.0380,0.0000,0.0000,0.0000

4021.6200,-0.0380,0.0000,0.0000,0.0000

4022.6190,-0.0380,0.0000,0.0000,0.0000

4023.6190,-0.0380,0.0000,0.0000,0.0000

4024.6190,-0.0380,0.0000,0.0000,0.0000

4025.6190,-0.0380,0.0000,0.0000,0.0000

4026.6190,-0.0380,0.0000,0.0000,0.0000

4027.6190,-0.0380,0.0000,0.0000,0.0000

4028.6190,-0.0380,0.0000,0.0000,0.0000

4029.6190,-0.0380,0.0000,0.0000,0.0000

4030.6190,-0.0380,0.0000,0.0000,0.0000

4031.6190,-0.0380,0.0000,0.0000,0.0000

4032.6200,-0.0380,0.0000,0.0000,0.0000

4033.6190,-0.0380,0.0000,0.0000,0.0000

4034.6190,-0.0380,0.0000,0.0000,0.0000

4035.6190,-0.0380,0.0000,0.0000,0.0000

4036.6190,-0.0380,0.0000,0.0000,0.0000

4037.6190,-0.0380,0.0000,0.0000,0.0000

4038.6190,-0.0380,0.0000,0.0000,0.0000

4039.6190,-0.0380,0.0000,0.0000,0.0000

4040.6200,-0.0380,0.0000,0.0000,0.0000

4041.6190,-0.0380,0.0000,0.0000,0.0000

4042.6190,-0.0380,0.0000,0.0000,0.0000

4043.6190,-0.0380,0.0000,0.0000,0.0000

4044.6200,-0.0380,0.0000,0.0000,0.0000

4045.6190,-0.0380,0.0000,0.0000,0.0000

4046.6190,-0.0380,0.0000,0.0000,0.0000

4047.6190,-0.0380,0.0000,0.0000,0.0000

4048.6190,-0.0380,0.0000,0.0000,0.0000

4049.6200,-0.0380,0.0000,0.0000,0.0000

4050.6190,-0.0380,0.0000,0.0000,0.0000

4051.6190,-0.0380,0.0000,0.0000,0.0000

4052.6190,-0.0380,0.0000,0.0000,0.0000

4053.6190,-0.0380,0.0000,0.0000,0.0000

4054.6190,-0.0380,0.0000,0.0000,0.0000

4055.6190,-0.0380,0.0000,0.0000,0.0000

4056.6190,-0.0380,0.0000,0.0000,0.0000

4057.6200,-0.0380,0.0000,0.0000,0.0000

4058.6190,-0.0380,0.0000,0.0000,0.0000

4059.6190,-0.0380,0.0000,0.0000,0.0000

4060.6190,-0.0380,0.0000,0.0000,0.0000

4061.6190,-0.0380,0.0000,0.0000,0.0000

4062.6190,-0.0380,0.0000,0.0000,0.0000

4063.6190,-0.0380,0.0000,0.0000,0.0000

4064.6190,-0.0380,0.0000,0.0000,0.0000

4065.6190,-0.0380,0.0000,0.0000,0.0000

4066.6190,-0.0380,0.0000,0.0000,0.0000

4067.6190,-0.0380,0.0000,0.0000,0.0000

4068.6200,-0.0380,0.0000,0.0000,0.0000

4069.6190,-0.0380,0.0000,0.0000,0.0000

4070.6200,-0.0380,0.0000,0.0000,0.0000

4071.6190,-0.0380,0.0000,0.0000,0.0000

4072.6190,-0.0380,0.0000,0.0000,0.0000

4073.6190,-0.0380,0.0000,0.0000,0.0000

4074.6190,-0.0380,0.0000,0.0000,0.0000

4075.6190,-0.0380,0.0000,0.0000,0.0000

4076.6190,-0.0380,0.0000,0.0000,0.0000

4077.6190,-0.0380,0.0000,0.0000,0.0000

4078.6190,-0.0380,0.0000,0.0000,0.0000

4079.6200,-0.0380,0.0000,0.0000,0.0000

4080.6190,-0.0380,0.0000,0.0000,0.0000

4081.6190,-0.0380,0.0000,0.0000,0.0000

4082.6190,-0.0380,0.0000,0.0000,0.0000

4083.6190,-0.0380,0.0000,0.0000,0.0000

4084.6190,-0.0380,0.0000,0.0000,0.0000

4085.6190,-0.0380,0.0000,0.0000,0.0000

4086.6200,-0.0380,0.0000,0.0000,0.0000

4087.6190,-0.0380,0.0000,0.0000,0.0000

4088.6190,-0.0380,0.0000,0.0000,0.0000

4089.6190,-0.0380,0.0000,0.0000,0.0000

4090.6190,-0.0380,0.0000,0.0000,0.0000

4091.6190,-0.0380,0.0000,0.0000,0.0000

4092.6190,-0.0380,0.0000,0.0000,0.0000

4093.6190,-0.0380,0.0000,0.0000,0.0000

4094.6200,-0.0380,0.0000,0.0000,0.0000

4095.6190,-0.0380,0.0000,0.0000,0.0000

4096.6190,-0.0380,0.0000,0.0000,0.0000

4097.6190,-0.0380,0.0000,0.0000,0.0000

4098.6190,-0.0380,0.0000,0.0000,0.0000

4099.6190,-0.0380,0.0000,0.0000,0.0000

4100.6190,-0.0380,0.0000,0.0000,0.0000

4101.6200,-0.0380,0.0000,0.0000,0.0000

4102.6190,-0.0380,0.0000,0.0000,0.0000

4103.6190,-0.0380,0.0000,0.0000,0.0000

4104.6190,-0.0380,0.0000,0.0000,0.0000

4105.6190,-0.0380,0.0000,0.0000,0.0000

4106.6190,-0.0380,0.0000,0.0000,0.0000

4107.6190,-0.0380,0.0000,0.0000,0.0000

4108.6190,-0.0380,0.0000,0.0000,0.0000

4109.6190,-0.0380,0.0000,0.0000,0.0000

4110.6190,-0.0380,0.0000,0.0000,0.0000

4111.6200,-0.0380,0.0000,0.0000,0.0000

4112.6190,-0.0380,0.0000,0.0000,0.0000

4113.6190,-0.0380,0.0000,0.0000,0.0000

4114.6190,-0.0380,0.0000,0.0000,0.0000

4115.6200,-0.0380,0.0000,0.0000,0.0000

4116.6190,-0.0380,0.0000,0.0000,0.0000

4117.6190,-0.0380,0.0000,0.0000,0.0000

4118.6190,-0.0380,0.0000,0.0000,0.0000

4119.6190,-0.0380,0.0000,0.0000,0.0000

4120.6190,-0.0380,0.0000,0.0000,0.0000

4121.6200,-0.0380,0.0000,0.0000,0.0000

4122.6190,-0.0380,0.0000,0.0000,0.0000

4123.6190,-0.0380,0.0000,0.0000,0.0000

4124.6190,-0.0380,0.0000,0.0000,0.0000

4125.6190,-0.0380,0.0000,0.0000,0.0000

4126.6190,-0.0380,0.0000,0.0000,0.0000

4127.6190,-0.0380,0.0000,0.0000,0.0000

4128.6200,-0.0380,0.0000,0.0000,0.0000

4129.6190,-0.0380,0.0000,0.0000,0.0000

4130.6190,-0.0380,0.0000,0.0000,0.0000

4131.6200,-0.0380,0.0000,0.0000,0.0000

4132.6200,-0.0380,0.0000,0.0000,0.0000

4133.6200,-0.0380,0.0000,0.0000,0.0000

4134.6190,-0.0380,0.0000,0.0000,0.0000

4135.6200,-0.0380,0.0000,0.0000,0.0000

4136.6190,-0.0380,0.0000,0.0000,0.0000

4137.6200,-0.0380,0.0000,0.0000,0.0000

4138.6200,-0.0380,0.0000,0.0000,0.0000

4139.6190,-0.0380,0.0000,0.0000,0.0000

4140.6190,-0.0380,0.0000,0.0000,0.0000

4141.6190,-0.0380,0.0000,0.0000,0.0000

4142.6200,-0.0380,0.0000,0.0000,0.0000

4143.6190,-0.0380,0.0000,0.0000,0.0000

4144.6190,-0.0380,0.0000,0.0000,0.0000

4145.6190,-0.0380,0.0000,0.0000,0.0000

4146.6190,-0.0380,0.0000,0.0000,0.0000

4147.6190,-0.0380,0.0000,0.0000,0.0000

4148.6190,-0.0380,0.0000,0.0000,0.0000

4149.6210,-0.0380,0.0000,0.0000,0.0000

4150.6210,-0.0380,0.0000,0.0000,0.0000

4151.6190,-0.0380,0.0000,0.0000,0.0000

4152.6190,-0.0380,0.0000,0.0000,0.0000

4153.6190,-0.0380,0.0000,0.0000,0.0000

4154.6190,-0.0380,0.0000,0.0000,0.0000

4155.6190,-0.0380,0.0000,0.0000,0.0000

4156.6200,-0.0380,0.0000,0.0000,0.0000

4157.6190,-0.0380,0.0000,0.0000,0.0000

4158.6190,-0.0380,0.0000,0.0000,0.0000

4159.6200,-0.0380,0.0000,0.0000,0.0000

4160.6190,-0.0380,0.0000,0.0000,0.0000

4161.6190,-0.0380,0.0000,0.0000,0.0000

4162.6210,-0.0380,0.0000,0.0000,0.0000

4163.6190,-0.0380,0.0000,0.0000,0.0000

4164.6200,-0.0380,0.0000,0.0000,0.0000

4165.6190,-0.0380,0.0000,0.0000,0.0000

4166.6190,-0.0380,0.0000,0.0000,0.0000

4167.6190,-0.0380,0.0000,0.0000,0.0000

4168.6190,-0.0380,0.0000,0.0000,0.0000

4169.6200,-0.0380,0.0000,0.0000,0.0000

4170.6190,-0.0380,0.0000,0.0000,0.0000

4171.6190,-0.0380,0.0000,0.0000,0.0000

4172.6190,-0.0380,0.0000,0.0000,0.0000

4173.6190,-0.0380,0.0000,0.0000,0.0000

4174.6190,-0.0380,0.0000,0.0000,0.0000

4175.6200,-0.0380,0.0000,0.0000,0.0000

4176.6190,-0.0380,0.0000,0.0000,0.0000

4177.6190,-0.0380,0.0000,0.0000,0.0000

4178.6190,-0.0380,0.0000,0.0000,0.0000

4179.6190,-0.0380,0.0000,0.0000,0.0000

4180.6190,-0.0380,0.0000,0.0000,0.0000

4181.6190,-0.0380,0.0000,0.0000,0.0000

4182.6190,-0.0380,0.0000,0.0000,0.0000

4183.6190,-0.0380,0.0000,0.0000,0.0000

4184.6200,-0.0380,0.0000,0.0000,0.0000

4185.6190,-0.0380,0.0000,0.0000,0.0000

4186.6190,-0.0380,0.0000,0.0000,0.0000

4187.6190,-0.0380,0.0000,0.0000,0.0000

4188.6190,-0.0380,0.0000,0.0000,0.0000

4189.6200,-0.0380,0.0000,0.0000,0.0000

4190.6190,-0.0380,0.0000,0.0000,0.0000

4191.6190,-0.0380,0.0000,0.0000,0.0000

4192.6190,-0.0380,0.0000,0.0000,0.0000

4193.6190,-0.0380,0.0000,0.0000,0.0000

4194.6190,-0.0380,0.0000,0.0000,0.0000

4195.6190,-0.0380,0.0000,0.0000,0.0000

4196.6190,-0.0380,0.0000,0.0000,0.0000

4197.6190,-0.0380,0.0000,0.0000,0.0000

4198.6200,-0.0380,0.0000,0.0000,0.0000

4199.6190,-0.0380,0.0000,0.0000,0.0000

4200.6190,-0.0380,0.0000,0.0000,0.0000

4201.6190,-0.0380,0.0000,0.0000,0.0000

4202.6190,-0.0380,0.0000,0.0000,0.0000

4203.6190,-0.0380,0.0000,0.0000,0.0000

4204.6190,-0.0380,0.0000,0.0000,0.0000

4205.6190,-0.0380,0.0000,0.0000,0.0000

4206.6190,-0.0380,0.0000,0.0000,0.0000

4207.6190,-0.0380,0.0000,0.0000,0.0000

4208.6190,-0.0380,0.0000,0.0000,0.0000

4209.6190,-0.0380,0.0000,0.0000,0.0000

4210.6190,-0.0380,0.0000,0.0000,0.0000

4211.6190,-0.0380,0.0000,0.0000,0.0000

4212.6190,-0.0380,0.0000,0.0000,0.0000

4213.6190,-0.0380,0.0000,0.0000,0.0000

4214.6190,-0.0380,0.0000,0.0000,0.0000

4215.6190,-0.0380,0.0000,0.0000,0.0000

4216.6190,-0.0380,0.0000,0.0000,0.0000

4217.6190,-0.0380,0.0000,0.0000,0.0000

4218.6190,-0.0380,0.0000,0.0000,0.0000

4219.6200,-0.0380,0.0000,0.0000,0.0000

4220.6190,-0.0380,0.0000,0.0000,0.0000

4221.6200,-0.0380,0.0000,0.0000,0.0000

4222.6190,-0.0380,0.0000,0.0000,0.0000

4223.6190,-0.0380,0.0000,0.0000,0.0000

4224.6190,-0.0380,0.0000,0.0000,0.0000

4225.6200,-0.0380,0.0000,0.0000,0.0000

4226.6190,-0.0380,0.0000,0.0000,0.0000

4227.6200,-0.0380,0.0000,0.0000,0.0000

4228.6190,-0.0380,0.0000,0.0000,0.0000

4229.6190,-0.0380,0.0000,0.0000,0.0000

4230.6190,-0.0380,0.0000,0.0000,0.0000

4231.6190,-0.0380,0.0000,0.0000,0.0000

4232.6190,-0.0380,0.0000,0.0000,0.0000

4233.6190,-0.0380,0.0000,0.0000,0.0000

4234.6190,-0.0380,0.0000,0.0000,0.0000

4235.6190,-0.0380,0.0000,0.0000,0.0000

4236.6190,-0.0380,0.0000,0.0000,0.0000

4237.6190,-0.0380,0.0000,0.0000,0.0000

4238.6190,-0.0380,0.0000,0.0000,0.0000

4239.6190,-0.0380,0.0000,0.0000,0.0000

4240.6200,-0.0380,0.0000,0.0000,0.0000

4241.6190,-0.0380,0.0000,0.0000,0.0000

4242.6190,-0.0380,0.0000,0.0000,0.0000

4243.6190,-0.0380,0.0000,0.0000,0.0000

4244.6190,-0.0380,0.0000,0.0000,0.0000

4245.6190,-0.0380,0.0000,0.0000,0.0000

4246.6190,-0.0380,0.0000,0.0000,0.0000

4247.6200,-0.0380,0.0000,0.0000,0.0000

4248.6200,-0.0380,0.0000,0.0000,0.0000

4249.6190,-0.0380,0.0000,0.0000,0.0000

4250.6190,-0.0380,0.0000,0.0000,0.0000

4251.6200,-0.0380,0.0000,0.0000,0.0000

4252.6190,-0.0380,0.0000,0.0000,0.0000

4253.6200,-0.0380,0.0000,0.0000,0.0000

4254.6190,-0.0380,0.0000,0.0000,0.0000

4255.6200,-0.0380,0.0000,0.0000,0.0000

4256.6190,-0.0380,0.0000,0.0000,0.0000

4257.6190,-0.0380,0.0000,0.0000,0.0000

4258.6190,-0.0380,0.0000,0.0000,0.0000

4259.6190,-0.0380,0.0000,0.0000,0.0000

4260.6200,-0.0380,0.0000,0.0000,0.0000

4261.6190,-0.0380,0.0000,0.0000,0.0000

4262.6190,-0.0380,0.0000,0.0000,0.0000

4263.6190,-0.0380,0.0000,0.0000,0.0000

4264.6200,-0.0380,0.0000,0.0000,0.0000

4265.6190,-0.0380,0.0000,0.0000,0.0000

4266.6190,-0.0380,0.0000,0.0000,0.0000

4267.6190,-0.0380,0.0000,0.0000,0.0000

4268.6200,-0.0380,0.0000,0.0000,0.0000

4269.6190,-0.0380,0.0000,0.0000,0.0000

4270.6190,-0.0380,0.0000,0.0000,0.0000

4271.6190,-0.0380,0.0000,0.0000,0.0000

4272.6190,-0.0380,0.0000,0.0000,0.0000

4273.6190,-0.0380,0.0000,0.0000,0.0000

4274.6190,-0.0380,0.0000,0.0000,0.0000

4275.6190,-0.0380,0.0000,0.0000,0.0000

4276.6190,-0.0380,0.0000,0.0000,0.0000

4277.6190,-0.0380,0.0000,0.0000,0.0000

4278.6190,-0.0380,0.0000,0.0000,0.0000

4279.6190,-0.0380,0.0000,0.0000,0.0000

4280.6190,-0.0380,0.0000,0.0000,0.0000

4281.6190,-0.0380,0.0000,0.0000,0.0000

4282.6200,-0.0380,0.0000,0.0000,0.0000

4283.6190,-0.0380,0.0000,0.0000,0.0000

4284.6190,-0.0380,0.0000,0.0000,0.0000

4285.6190,-0.0380,0.0000,0.0000,0.0000

4286.6190,-0.0380,0.0000,0.0000,0.0000

4287.6190,-0.0380,0.0000,0.0000,0.0000

4288.6190,-0.0380,0.0000,0.0000,0.0000

4289.6190,-0.0380,0.0000,0.0000,0.0000

4290.6190,-0.0380,0.0000,0.0000,0.0000

4291.6190,-0.0380,0.0000,0.0000,0.0000

4292.6190,-0.0380,0.0000,0.0000,0.0000

4293.6190,-0.0380,0.0000,0.0000,0.0000

4294.6190,-0.0380,0.0000,0.0000,0.0000

4295.6190,-0.0380,0.0000,0.0000,0.0000

4296.6200,-0.0380,0.0000,0.0000,0.0000

4297.6190,-0.0380,0.0000,0.0000,0.0000

4298.6190,-0.0380,0.0000,0.0000,0.0000

4299.6200,-0.0380,0.0000,0.0000,0.0000

4300.6190,-0.0380,0.0000,0.0000,0.0000

4301.6190,-0.0380,0.0000,0.0000,0.0000

4302.6200,-0.0380,0.0000,0.0000,0.0000

4303.6190,-0.0380,0.0000,0.0000,0.0000

4304.6190,-0.0380,0.0000,0.0000,0.0000

4305.6190,-0.0380,0.0000,0.0000,0.0000

4306.6190,-0.0380,0.0000,0.0000,0.0000

4307.6190,-0.0380,0.0000,0.0000,0.0000

4308.6200,-0.0380,0.0000,0.0000,0.0000

4309.6190,-0.0380,0.0000,0.0000,0.0000

4310.6190,-0.0380,0.0000,0.0000,0.0000

4311.6190,-0.0380,0.0000,0.0000,0.0000

4312.6190,-0.0380,0.0000,0.0000,0.0000

4313.6190,-0.0380,0.0000,0.0000,0.0000

4314.6190,-0.0380,0.0000,0.0000,0.0000

4315.6190,-0.0380,0.0000,0.0000,0.0000

4316.6190,-0.0380,0.0000,0.0000,0.0000

4317.6210,-0.0380,0.0000,0.0000,0.0000

4318.6190,-0.0380,0.0000,0.0000,0.0000

4319.6190,-0.0380,0.0000,0.0000,0.0000

4320.6190,-0.0380,0.0000,0.0000,0.0000

4321.6190,-0.0380,0.0000,0.0000,0.0000

4322.6190,-0.0380,0.0000,0.0000,0.0000

4323.6190,-0.0380,0.0000,0.0000,0.0000

4324.6190,-0.0380,0.0000,0.0000,0.0000

4325.6190,-0.0380,0.0000,0.0000,0.0000

4326.6190,-0.0380,0.0000,0.0000,0.0000

4327.6200,-0.0380,0.0000,0.0000,0.0000

4328.6200,-0.0380,0.0000,0.0000,0.0000

4329.6190,-0.0380,0.0000,0.0000,0.0000

4330.6190,-0.0380,0.0000,0.0000,0.0000

4331.6200,-0.0380,0.0000,0.0000,0.0000

4332.6200,-0.0380,0.0000,0.0000,0.0000

4333.6190,-0.0380,0.0000,0.0000,0.0000

4334.6190,-0.0380,0.0000,0.0000,0.0000

4335.6190,-0.0380,0.0000,0.0000,0.0000

4336.6190,-0.0380,0.0000,0.0000,0.0000

4337.6190,-0.0380,0.0000,0.0000,0.0000

4338.6190,-0.0380,0.0000,0.0000,0.0000

4339.6200,-0.0380,0.0000,0.0000,0.0000

4340.6190,-0.0380,0.0000,0.0000,0.0000

4341.6190,-0.0380,0.0000,0.0000,0.0000

4342.6190,-0.0380,0.0000,0.0000,0.0000

4343.6190,-0.0380,0.0000,0.0000,0.0000

4344.6190,-0.0380,0.0000,0.0000,0.0000

4345.6190,-0.0380,0.0000,0.0000,0.0000

4346.6190,-0.0380,0.0000,0.0000,0.0000

4347.6200,-0.0380,0.0000,0.0000,0.0000

4348.6190,-0.0380,0.0000,0.0000,0.0000

4349.6190,-0.0380,0.0000,0.0000,0.0000

4350.6200,-0.0380,0.0000,0.0000,0.0000

4351.6190,-0.0380,0.0000,0.0000,0.0000

4352.6190,-0.0380,0.0000,0.0000,0.0000

4353.6190,-0.0380,0.0000,0.0000,0.0000

4354.6200,-0.0380,0.0000,0.0000,0.0000

4355.6200,-0.0380,0.0000,0.0000,0.0000

4356.6190,-0.0380,0.0000,0.0000,0.0000

4357.6190,-0.0380,0.0000,0.0000,0.0000

4358.6190,-0.0380,0.0000,0.0000,0.0000

4359.6190,-0.0380,0.0000,0.0000,0.0000

4360.6190,-0.0380,0.0000,0.0000,0.0000

4361.6190,-0.0380,0.0000,0.0000,0.0000

4362.6190,-0.0380,0.0000,0.0000,0.0000

4363.6190,-0.0380,0.0000,0.0000,0.0000

4364.6200,-0.0380,0.0000,0.0000,0.0000

4365.6190,-0.0380,0.0000,0.0000,0.0000

4366.6190,-0.0380,0.0000,0.0000,0.0000

4367.6190,-0.0380,0.0000,0.0000,0.0000

4368.6190,-0.0380,0.0000,0.0000,0.0000

4369.6190,-0.0380,0.0000,0.0000,0.0000

4370.6200,-0.0380,0.0000,0.0000,0.0000

4371.6200,-0.0380,0.0000,0.0000,0.0000

4372.6190,-0.0380,0.0000,0.0000,0.0000

4373.6200,-0.0380,0.0000,0.0000,0.0000

4374.6190,-0.0380,0.0000,0.0000,0.0000

4375.6190,-0.0380,0.0000,0.0000,0.0000

4376.6190,-0.0380,0.0000,0.0000,0.0000

4377.6190,-0.0380,0.0000,0.0000,0.0000

4378.6210,-0.0380,0.0000,0.0000,0.0000

4379.6190,-0.0380,0.0000,0.0000,0.0000

4380.6200,-0.0380,0.0000,0.0000,0.0000

4381.6200,-0.0380,0.0000,0.0000,0.0000

4382.6190,-0.0380,0.0000,0.0000,0.0000

4383.6200,-0.0380,0.0000,0.0000,0.0000

4384.6190,-0.0380,0.0000,0.0000,0.0000

4385.6190,-0.0380,0.0000,0.0000,0.0000

4386.6190,-0.0380,0.0000,0.0000,0.0000

4387.6210,-0.0380,0.0000,0.0000,0.0000

4388.6200,-0.0380,0.0000,0.0000,0.0000

4389.6190,-0.0380,0.0000,0.0000,0.0000

4390.6200,-0.0380,0.0000,0.0000,0.0000

4391.6190,-0.0380,0.0000,0.0000,0.0000

4392.6190,-0.0380,0.0000,0.0000,0.0000

4393.6190,-0.0380,0.0000,0.0000,0.0000

4394.6200,-0.0380,0.0000,0.0000,0.0000

4395.6190,-0.0380,0.0000,0.0000,0.0000

4396.6190,-0.0380,0.0000,0.0000,0.0000

4397.6190,-0.0380,0.0000,0.0000,0.0000

4398.6190,-0.0380,0.0000,0.0000,0.0000

4399.6190,-0.0380,0.0000,0.0000,0.0000

4400.6200,-0.0380,0.0000,0.0000,0.0000

4401.6190,-0.0380,0.0000,0.0000,0.0000

4402.6190,-0.0380,0.0000,0.0000,0.0000

4403.6190,-0.0380,0.0000,0.0000,0.0000

4404.6190,-0.0380,0.0000,0.0000,0.0000

4405.6190,-0.0380,0.0000,0.0000,0.0000

4406.6200,-0.0380,0.0000,0.0000,0.0000

4407.6190,-0.0380,0.0000,0.0000,0.0000

4408.6190,-0.0380,0.0000,0.0000,0.0000

4409.6190,-0.0380,0.0000,0.0000,0.0000

4410.6190,-0.0380,0.0000,0.0000,0.0000

4411.6190,-0.0380,0.0000,0.0000,0.0000

4412.6190,-0.0380,0.0000,0.0000,0.0000

4413.6190,-0.0380,0.0000,0.0000,0.0000

4414.6190,-0.0380,0.0000,0.0000,0.0000

4415.6190,-0.0380,0.0000,0.0000,0.0000

4416.6190,-0.0380,0.0000,0.0000,0.0000

4417.6190,-0.0380,0.0000,0.0000,0.0000

4418.6190,-0.0380,0.0000,0.0000,0.0000

4419.6200,-0.0380,0.0000,0.0000,0.0000

4420.6190,-0.0380,0.0000,0.0000,0.0000

4421.6190,-0.0380,0.0000,0.0000,0.0000

4422.6190,-0.0380,0.0000,0.0000,0.0000

4423.6190,-0.0380,0.0000,0.0000,0.0000

4424.6190,-0.0380,0.0000,0.0000,0.0000

4425.6200,-0.0380,0.0000,0.0000,0.0000

4426.6200,-0.0380,0.0000,0.0000,0.0000

4427.6200,-0.0380,0.0000,0.0000,0.0000

4428.6210,-0.0380,0.0000,0.0000,0.0000

4429.6200,-0.0380,0.0000,0.0000,0.0000

4430.6200,-0.0380,0.0000,0.0000,0.0000

4431.6190,-0.0380,0.0000,0.0000,0.0000

4432.6190,-0.0380,0.0000,0.0000,0.0000

4433.6190,-0.0380,0.0000,0.0000,0.0000

4434.6190,-0.0380,0.0000,0.0000,0.0000

4435.6190,-0.0380,0.0000,0.0000,0.0000

4436.6200,-0.0380,0.0000,0.0000,0.0000

4437.6190,-0.0380,0.0000,0.0000,0.0000

4438.6190,-0.0380,0.0000,0.0000,0.0000

4439.6190,-0.0380,0.0000,0.0000,0.0000

4440.6190,-0.0380,0.0000,0.0000,0.0000

4441.6190,-0.0380,0.0000,0.0000,0.0000

4442.6190,-0.0380,0.0000,0.0000,0.0000

4443.6190,-0.0380,0.0000,0.0000,0.0000

4444.6190,-0.0380,0.0000,0.0000,0.0000

4445.6190,-0.0380,0.0000,0.0000,0.0000

4446.6190,-0.0380,0.0000,0.0000,0.0000

4447.6190,-0.0380,0.0000,0.0000,0.0000

4448.6190,-0.0380,0.0000,0.0000,0.0000

4449.6190,-0.0380,0.0000,0.0000,0.0000

4450.6210,-0.0380,0.0000,0.0000,0.0000

4451.6190,-0.0380,0.0000,0.0000,0.0000

4452.6190,-0.0380,0.0000,0.0000,0.0000

4453.6190,-0.0380,0.0000,0.0000,0.0000

4454.6190,-0.0380,0.0000,0.0000,0.0000

4455.6190,-0.0380,0.0000,0.0000,0.0000

4456.6200,-0.0380,0.0000,0.0000,0.0000

4457.6190,-0.0380,0.0000,0.0000,0.0000

4458.6200,-0.0380,0.0000,0.0000,0.0000

4459.6190,-0.0380,0.0000,0.0000,0.0000

4460.6190,-0.0380,0.0000,0.0000,0.0000

4461.6190,-0.0380,0.0000,0.0000,0.0000

4462.6190,-0.0380,0.0000,0.0000,0.0000

4463.6190,-0.0380,0.0000,0.0000,0.0000

4464.6200,-0.0380,0.0000,0.0000,0.0000

4465.6190,-0.0380,0.0000,0.0000,0.0000

4466.6190,-0.0380,0.0000,0.0000,0.0000

4467.6190,-0.0380,0.0000,0.0000,0.0000

4468.6190,-0.0380,0.0000,0.0000,0.0000

4469.6190,-0.0380,0.0000,0.0000,0.0000

4470.6190,-0.0380,0.0000,0.0000,0.0000

4471.6190,-0.0380,0.0000,0.0000,0.0000

4472.6190,-0.0380,0.0000,0.0000,0.0000

4473.6200,-0.0380,0.0000,0.0000,0.0000

4474.6190,-0.0380,0.0000,0.0000,0.0000

4475.6200,-0.0380,0.0000,0.0000,0.0000

4476.6190,-0.0380,0.0000,0.0000,0.0000

4477.6190,-0.0380,0.0000,0.0000,0.0000

4478.6190,-0.0380,0.0000,0.0000,0.0000

4479.6190,-0.0380,0.0000,0.0000,0.0000

4480.6190,-0.0380,0.0000,0.0000,0.0000

4481.6190,-0.0380,0.0000,0.0000,0.0000

4482.6190,-0.0380,0.0000,0.0000,0.0000

4483.6190,-0.0380,0.0000,0.0000,0.0000

4484.6190,-0.0380,0.0000,0.0000,0.0000

4485.6190,-0.0380,0.0000,0.0000,0.0000

4486.6200,-0.0380,0.0000,0.0000,0.0000

4487.6190,-0.0380,0.0000,0.0000,0.0000

4488.6200,-0.0380,0.0000,0.0000,0.0000

4489.6190,-0.0380,0.0000,0.0000,0.0000

4490.6190,-0.0380,0.0000,0.0000,0.0000

4491.6190,-0.0380,0.0000,0.0000,0.0000

4492.6190,-0.0380,0.0000,0.0000,0.0000

4493.6190,-0.0380,0.0000,0.0000,0.0000

4494.6190,-0.0380,0.0000,0.0000,0.0000

4495.6190,-0.0380,0.0000,0.0000,0.0000

4496.6190,-0.0380,0.0000,0.0000,0.0000

4497.6190,-0.0380,0.0000,0.0000,0.0000

4498.6190,-0.0380,0.0000,0.0000,0.0000

4499.6190,-0.0380,0.0000,0.0000,0.0000

4500.6190,-0.0380,0.0000,0.0000,0.0000

4501.6190,-0.0380,0.0000,0.0000,0.0000

4502.6190,-0.0380,0.0000,0.0000,0.0000

4503.6190,-0.0380,0.0000,0.0000,0.0000

4504.6190,-0.0380,0.0000,0.0000,0.0000

4505.6190,-0.0380,0.0000,0.0000,0.0000

4506.6190,-0.0380,0.0000,0.0000,0.0000

4507.6190,-0.0380,0.0000,0.0000,0.0000

4508.6190,-0.0380,0.0000,0.0000,0.0000

4509.6190,-0.0380,0.0000,0.0000,0.0000

4510.6190,-0.0380,0.0000,0.0000,0.0000

4511.6190,-0.0380,0.0000,0.0000,0.0000

4512.6200,-0.0380,0.0000,0.0000,0.0000

4513.6190,-0.0380,0.0000,0.0000,0.0000

4514.6190,-0.0380,0.0000,0.0000,0.0000

4515.6190,-0.0380,0.0000,0.0000,0.0000

4516.6190,-0.0380,0.0000,0.0000,0.0000

4517.6190,-0.0380,0.0000,0.0000,0.0000

4518.6190,-0.0380,0.0000,0.0000,0.0000

4519.6190,-0.0380,0.0000,0.0000,0.0000

4520.6190,-0.0380,0.0000,0.0000,0.0000

4521.6190,-0.0380,0.0000,0.0000,0.0000

4522.6190,-0.0380,0.0000,0.0000,0.0000

4523.6190,-0.0380,0.0000,0.0000,0.0000

4524.6190,-0.0380,0.0000,0.0000,0.0000

4525.6190,-0.0380,0.0000,0.0000,0.0000

4526.6200,-0.0380,0.0000,0.0000,0.0000

4527.6200,-0.0380,0.0000,0.0000,0.0000

4528.6200,-0.0380,0.0000,0.0000,0.0000

4529.6190,-0.0380,0.0000,0.0000,0.0000

4530.6190,-0.0380,0.0000,0.0000,0.0000

4531.6190,-0.0380,0.0000,0.0000,0.0000

4532.6190,-0.0380,0.0000,0.0000,0.0000

4533.6200,-0.0380,0.0000,0.0000,0.0000

4534.6190,-0.0380,0.0000,0.0000,0.0000

4535.6190,-0.0380,0.0000,0.0000,0.0000

4536.6190,-0.0380,0.0000,0.0000,0.0000

4537.6190,-0.0380,0.0000,0.0000,0.0000

4538.6200,-0.0380,0.0000,0.0000,0.0000

4539.6190,-0.0380,0.0000,0.0000,0.0000

4540.6200,-0.0380,0.0000,0.0000,0.0000

4541.6190,-0.0380,0.0000,0.0000,0.0000

4542.6190,-0.0380,0.0000,0.0000,0.0000

4543.6190,-0.0380,0.0000,0.0000,0.0000

4544.6190,-0.0380,0.0000,0.0000,0.0000

4545.6190,-0.0380,0.0000,0.0000,0.0000

4546.6190,-0.0380,0.0000,0.0000,0.0000

4547.6200,-0.0380,0.0000,0.0000,0.0000

4548.6190,-0.0380,0.0000,0.0000,0.0000

4549.6190,-0.0380,0.0000,0.0000,0.0000

4550.6190,-0.0380,0.0000,0.0000,0.0000

4551.6190,-0.0380,0.0000,0.0000,0.0000

4552.6210,-0.0380,0.0000,0.0000,0.0000

4553.6190,-0.0380,0.0000,0.0000,0.0000

4554.6190,-0.0380,0.0000,0.0000,0.0000

4555.6200,-0.0380,0.0000,0.0000,0.0000

4556.6190,-0.0380,0.0000,0.0000,0.0000

4557.6190,-0.0380,0.0000,0.0000,0.0000

4558.6190,-0.0380,0.0000,0.0000,0.0000

4559.6190,-0.0380,0.0000,0.0000,0.0000

4560.6190,-0.0380,0.0000,0.0000,0.0000

4561.6190,-0.0380,0.0000,0.0000,0.0000

4562.6200,-0.0380,0.0000,0.0000,0.0000

4563.6190,-0.0380,0.0000,0.0000,0.0000

4564.6190,-0.0380,0.0000,0.0000,0.0000

4565.6190,-0.0380,0.0000,0.0000,0.0000

4566.6190,-0.0380,0.0000,0.0000,0.0000

4567.6210,-0.0380,0.0000,0.0000,0.0000

4568.6190,-0.0380,0.0000,0.0000,0.0000

4569.6200,-0.0380,0.0000,0.0000,0.0000

4570.6190,-0.0380,0.0000,0.0000,0.0000

4571.6190,-0.0380,0.0000,0.0000,0.0000

4572.6200,-0.0380,0.0000,0.0000,0.0000

4573.6190,-0.0380,0.0000,0.0000,0.0000

4574.6190,-0.0380,0.0000,0.0000,0.0000

4575.6200,-0.0380,0.0000,0.0000,0.0000

4576.6190,-0.0380,0.0000,0.0000,0.0000

4577.6190,-0.0380,0.0000,0.0000,0.0000

4578.6190,-0.0380,0.0000,0.0000,0.0000

4579.6190,-0.0380,0.0000,0.0000,0.0000

4580.6190,-0.0380,0.0000,0.0000,0.0000

4581.6190,-0.0380,0.0000,0.0000,0.0000

4582.6190,-0.0380,0.0000,0.0000,0.0000

4583.6190,-0.0380,0.0000,0.0000,0.0000

4584.6190,-0.0380,0.0000,0.0000,0.0000

4585.6190,-0.0380,0.0000,0.0000,0.0000

4586.6190,-0.0380,0.0000,0.0000,0.0000

4587.6200,-0.0380,0.0000,0.0000,0.0000

4588.6190,-0.0380,0.0000,0.0000,0.0000

4589.6210,-0.0380,0.0000,0.0000,0.0000

4590.6190,-0.0380,0.0000,0.0000,0.0000

4591.6190,-0.0380,0.0000,0.0000,0.0000

4592.6200,-0.0380,0.0000,0.0000,0.0000

4593.6190,-0.0380,0.0000,0.0000,0.0000

4594.6200,-0.0380,0.0000,0.0000,0.0000

4595.6190,-0.0380,0.0000,0.0000,0.0000

4596.6190,-0.0380,0.0000,0.0000,0.0000

4597.6190,-0.0380,0.0000,0.0000,0.0000

4598.6190,-0.0380,0.0000,0.0000,0.0000

4599.6190,-0.0380,0.0000,0.0000,0.0000

4600.6200,-0.0380,0.0000,0.0000,0.0000

4601.6200,-0.0380,0.0000,0.0000,0.0000

4602.6200,-0.0380,0.0000,0.0000,0.0000

4603.6190,-0.0380,0.0000,0.0000,0.0000

4604.6190,-0.0380,0.0000,0.0000,0.0000

4605.6190,-0.0380,0.0000,0.0000,0.0000

4606.6200,-0.0380,0.0000,0.0000,0.0000

4607.6190,-0.0380,0.0000,0.0000,0.0000

4608.6190,-0.0380,0.0000,0.0000,0.0000

4609.6190,-0.0380,0.0000,0.0000,0.0000

4610.6190,-0.0380,0.0000,0.0000,0.0000

4611.6190,-0.0380,0.0000,0.0000,0.0000

4612.6190,-0.0380,0.0000,0.0000,0.0000

4613.6190,-0.0380,0.0000,0.0000,0.0000

4614.6200,-0.0380,0.0000,0.0000,0.0000

4615.6190,-0.0380,0.0000,0.0000,0.0000

4616.6190,-0.0380,0.0000,0.0000,0.0000

4617.6190,-0.0380,0.0000,0.0000,0.0000

4618.6190,-0.0380,0.0000,0.0000,0.0000

4619.6190,-0.0380,0.0000,0.0000,0.0000

4620.6190,-0.0380,0.0000,0.0000,0.0000

4621.6190,-0.0380,0.0000,0.0000,0.0000

4622.6190,-0.0380,0.0000,0.0000,0.0000

4623.6190,-0.0380,0.0000,0.0000,0.0000

4624.6190,-0.0380,0.0000,0.0000,0.0000

4625.6190,-0.0380,0.0000,0.0000,0.0000

4626.6200,-0.0380,0.0000,0.0000,0.0000

4627.6200,-0.0380,0.0000,0.0000,0.0000

4628.6200,-0.0380,0.0000,0.0000,0.0000

4629.6190,-0.0380,0.0000,0.0000,0.0000

4630.6190,-0.0380,0.0000,0.0000,0.0000

4631.6190,-0.0380,0.0000,0.0000,0.0000

4632.6190,-0.0380,0.0000,0.0000,0.0000

4633.6190,-0.0380,0.0000,0.0000,0.0000

4634.6190,-0.0380,0.0000,0.0000,0.0000

4635.6190,-0.0380,0.0000,0.0000,0.0000

4636.6190,-0.0380,0.0000,0.0000,0.0000

4637.6190,-0.0380,0.0000,0.0000,0.0000

4638.6200,-0.0380,0.0000,0.0000,0.0000

4639.6190,-0.0380,0.0000,0.0000,0.0000

4640.6190,-0.0380,0.0000,0.0000,0.0000

4641.6190,-0.0380,0.0000,0.0000,0.0000

4642.6190,-0.0380,0.0000,0.0000,0.0000

4643.6190,-0.0380,0.0000,0.0000,0.0000

4644.6190,-0.0380,0.0000,0.0000,0.0000

4645.6190,-0.0380,0.0000,0.0000,0.0000

4646.6190,-0.0380,0.0000,0.0000,0.0000

4647.6190,-0.0380,0.0000,0.0000,0.0000

4648.6190,-0.0380,0.0000,0.0000,0.0000

4649.6190,-0.0380,0.0000,0.0000,0.0000

4650.6190,-0.0380,0.0000,0.0000,0.0000

4651.6190,-0.0380,0.0000,0.0000,0.0000

4652.6190,-0.0380,0.0000,0.0000,0.0000

4653.6200,-0.0380,0.0000,0.0000,0.0000

4654.6200,-0.0380,0.0000,0.0000,0.0000

4655.6190,-0.0380,0.0000,0.0000,0.0000

4656.6190,-0.0380,0.0000,0.0000,0.0000

4657.6190,-0.0380,0.0000,0.0000,0.0000

4658.6190,-0.0380,0.0000,0.0000,0.0000

4659.6190,-0.0380,0.0000,0.0000,0.0000

4660.6190,-0.0380,0.0000,0.0000,0.0000

4661.6190,-0.0380,0.0000,0.0000,0.0000

4662.6200,-0.0380,0.0000,0.0000,0.0000

4663.6200,-0.0380,0.0000,0.0000,0.0000

4664.6190,-0.0380,0.0000,0.0000,0.0000

4665.6190,-0.0380,0.0000,0.0000,0.0000

4666.6200,-0.0380,0.0000,0.0000,0.0000

4667.6190,-0.0380,0.0000,0.0000,0.0000

4668.6200,-0.0380,0.0000,0.0000,0.0000

4669.6190,-0.0380,0.0000,0.0000,0.0000

4670.6190,-0.0380,0.0000,0.0000,0.0000

4671.6190,-0.0380,0.0000,0.0000,0.0000

4672.6190,-0.0380,0.0000,0.0000,0.0000

4673.6190,-0.0380,0.0000,0.0000,0.0000

4674.6200,-0.0380,0.0000,0.0000,0.0000

4675.6190,-0.0380,0.0000,0.0000,0.0000

4676.6190,-0.0380,0.0000,0.0000,0.0000

4677.6190,-0.0380,0.0000,0.0000,0.0000

4678.6190,-0.0380,0.0000,0.0000,0.0000

4679.6190,-0.0380,0.0000,0.0000,0.0000

4680.6190,-0.0380,0.0000,0.0000,0.0000

4681.6190,-0.0380,0.0000,0.0000,0.0000

4682.6190,-0.0380,0.0000,0.0000,0.0000

4683.6190,-0.0380,0.0000,0.0000,0.0000

4684.6190,-0.0380,0.0000,0.0000,0.0000

4685.6190,-0.0380,0.0000,0.0000,0.0000

4686.6190,-0.0380,0.0000,0.0000,0.0000

4687.6190,-0.0380,0.0000,0.0000,0.0000

4688.6190,-0.0380,0.0000,0.0000,0.0000

4689.6200,-0.0380,0.0000,0.0000,0.0000

4690.6190,-0.0380,0.0000,0.0000,0.0000

4691.6190,-0.0380,0.0000,0.0000,0.0000

4692.6200,-0.0380,0.0000,0.0000,0.0000

4693.6190,-0.0380,0.0000,0.0000,0.0000

4694.6190,-0.0380,0.0000,0.0000,0.0000

4695.6200,-0.0380,0.0000,0.0000,0.0000

4696.6190,-0.0380,0.0000,0.0000,0.0000

4697.6200,-0.0380,0.0000,0.0000,0.0000

4698.6190,-0.0380,0.0000,0.0000,0.0000

4699.6190,-0.0380,0.0000,0.0000,0.0000

4700.6190,-0.0380,0.0000,0.0000,0.0000

4701.6200,-0.0380,0.0000,0.0000,0.0000

4702.6190,-0.0380,0.0000,0.0000,0.0000

4703.6210,-0.0380,0.0000,0.0000,0.0000

4704.6210,-0.0380,0.0000,0.0000,0.0000

4705.6190,-0.0380,0.0000,0.0000,0.0000

4706.6190,-0.0380,0.0000,0.0000,0.0000

4707.6190,-0.0380,0.0000,0.0000,0.0000

4708.6190,-0.0380,0.0000,0.0000,0.0000

4709.6200,-0.0380,0.0000,0.0000,0.0000

4710.6190,-0.0380,0.0000,0.0000,0.0000

4711.6190,-0.0380,0.0000,0.0000,0.0000

4712.6190,-0.0380,0.0000,0.0000,0.0000

4713.6190,-0.0380,0.0000,0.0000,0.0000

4714.6190,-0.0380,0.0000,0.0000,0.0000

4715.6200,-0.0380,0.0000,0.0000,0.0000

4716.6190,-0.0380,0.0000,0.0000,0.0000

4717.6190,-0.0380,0.0000,0.0000,0.0000

4718.6190,-0.0380,0.0000,0.0000,0.0000

4719.6190,-0.0380,0.0000,0.0000,0.0000

4720.6190,-0.0380,0.0000,0.0000,0.0000

4721.6200,-0.0380,0.0000,0.0000,0.0000

4722.6190,-0.0380,0.0000,0.0000,0.0000

4723.6200,-0.0380,0.0000,0.0000,0.0000

4724.6190,-0.0380,0.0000,0.0000,0.0000

4725.6190,-0.0380,0.0000,0.0000,0.0000

4726.6190,-0.0380,0.0000,0.0000,0.0000

4727.6190,-0.0380,0.0000,0.0000,0.0000

4728.6190,-0.0380,0.0000,0.0000,0.0000

4729.6200,-0.0380,0.0000,0.0000,0.0000

4730.6190,-0.0380,0.0000,0.0000,0.0000

4731.6200,-0.0380,0.0000,0.0000,0.0000

4732.6190,-0.0380,0.0000,0.0000,0.0000

4733.6190,-0.0380,0.0000,0.0000,0.0000

4734.6190,-0.0380,0.0000,0.0000,0.0000

4735.6190,-0.0380,0.0000,0.0000,0.0000

4736.6190,-0.0380,0.0000,0.0000,0.0000

4737.6190,-0.0380,0.0000,0.0000,0.0000

4738.6200,-0.0380,0.0000,0.0000,0.0000

4739.6200,-0.0380,0.0000,0.0000,0.0000

4740.6190,-0.0380,0.0000,0.0000,0.0000

4741.6190,-0.0380,0.0000,0.0000,0.0000

4742.6190,-0.0380,0.0000,0.0000,0.0000

4743.6200,-0.0380,0.0000,0.0000,0.0000

4744.6190,-0.0380,0.0000,0.0000,0.0000

4745.6190,-0.0380,0.0000,0.0000,0.0000

4746.6190,-0.0380,0.0000,0.0000,0.0000

4747.6200,-0.0380,0.0000,0.0000,0.0000

4748.6190,-0.0380,0.0000,0.0000,0.0000

4749.6190,-0.0380,0.0000,0.0000,0.0000

4750.6200,-0.0380,0.0000,0.0000,0.0000

4751.6190,-0.0380,0.0000,0.0000,0.0000

4752.6190,-0.0380,0.0000,0.0000,0.0000

4753.6190,-0.0380,0.0000,0.0000,0.0000

4754.6210,-0.0380,0.0000,0.0000,0.0000

4755.6190,-0.0380,0.0000,0.0000,0.0000

4756.6200,-0.0380,0.0000,0.0000,0.0000

4757.6190,-0.0380,0.0000,0.0000,0.0000

4758.6190,-0.0380,0.0000,0.0000,0.0000

4759.6200,-0.0380,0.0000,0.0000,0.0000

4760.6190,-0.0380,0.0000,0.0000,0.0000

4761.6190,-0.0380,0.0000,0.0000,0.0000

4762.6190,-0.0380,0.0000,0.0000,0.0000

4763.6190,-0.0380,0.0000,0.0000,0.0000

4764.6190,-0.0380,0.0000,0.0000,0.0000

4765.6190,-0.0380,0.0000,0.0000,0.0000

4766.6190,-0.0380,0.0000,0.0000,0.0000

4767.6200,-0.0380,0.0000,0.0000,0.0000

4768.6200,-0.0380,0.0000,0.0000,0.0000

4769.6200,-0.0380,0.0000,0.0000,0.0000

4770.6190,-0.0380,0.0000,0.0000,0.0000

4771.6190,-0.0380,0.0000,0.0000,0.0000

4772.6190,-0.0380,0.0000,0.0000,0.0000

4773.6190,-0.0380,0.0000,0.0000,0.0000

4774.6190,-0.0380,0.0000,0.0000,0.0000

4775.6190,-0.0380,0.0000,0.0000,0.0000

4776.6190,-0.0380,0.0000,0.0000,0.0000

4777.6210,-0.0380,0.0000,0.0000,0.0000

4778.6200,-0.0380,0.0000,0.0000,0.0000

4779.6190,-0.0380,0.0000,0.0000,0.0000

4780.6200,-0.0380,0.0000,0.0000,0.0000

4781.6190,-0.0380,0.0000,0.0000,0.0000

4782.6190,-0.0380,0.0000,0.0000,0.0000

4783.6190,-0.0380,0.0000,0.0000,0.0000

4784.6190,-0.0380,0.0000,0.0000,0.0000

4785.6200,-0.0380,0.0000,0.0000,0.0000

4786.6190,-0.0380,0.0000,0.0000,0.0000

4787.6200,-0.0380,0.0000,0.0000,0.0000

4788.6200,-0.0380,0.0000,0.0000,0.0000

4789.6190,-0.0380,0.0000,0.0000,0.0000

4790.6190,-0.0380,0.0000,0.0000,0.0000

4791.6190,-0.0380,0.0000,0.0000,0.0000

4792.6190,-0.0380,0.0000,0.0000,0.0000

4793.6190,-0.0380,0.0000,0.0000,0.0000

4794.6200,-0.0380,0.0000,0.0000,0.0000

4795.6190,-0.0380,0.0000,0.0000,0.0000

4796.6190,-0.0380,0.0000,0.0000,0.0000

4797.6200,-0.0380,0.0000,0.0000,0.0000

4798.6190,-0.0380,0.0000,0.0000,0.0000

4799.6190,-0.0380,0.0000,0.0000,0.0000

4800.6190,-0.0380,0.0000,0.0000,0.0000

4801.6200,-0.0380,0.0000,0.0000,0.0000

4802.6190,-0.0380,0.0000,0.0000,0.0000

4803.6190,-0.0380,0.0000,0.0000,0.0000

4804.6190,-0.0380,0.0000,0.0000,0.0000

4805.6190,-0.0380,0.0000,0.0000,0.0000

4806.6190,-0.0380,0.0000,0.0000,0.0000

4807.6190,-0.0380,0.0000,0.0000,0.0000

4808.6190,-0.0380,0.0000,0.0000,0.0000

4809.6200,-0.0380,0.0000,0.0000,0.0000

4810.6190,-0.0380,0.0000,0.0000,0.0000

4811.6190,-0.0380,0.0000,0.0000,0.0000

4812.6200,-0.0380,0.0000,0.0000,0.0000

4813.6190,-0.0380,0.0000,0.0000,0.0000

4814.6190,-0.0380,0.0000,0.0000,0.0000

4815.6190,-0.0380,0.0000,0.0000,0.0000

4816.6190,-0.0380,0.0000,0.0000,0.0000

4817.6190,-0.0380,0.0000,0.0000,0.0000

4818.6190,-0.0380,0.0000,0.0000,0.0000

4819.6190,-0.0380,0.0000,0.0000,0.0000

4820.6190,-0.0380,0.0000,0.0000,0.0000

4821.6190,-0.0380,0.0000,0.0000,0.0000

4822.6190,-0.0380,0.0000,0.0000,0.0000

4823.6190,-0.0380,0.0000,0.0000,0.0000

4824.6190,-0.0380,0.0000,0.0000,0.0000

4825.6190,-0.0380,0.0000,0.0000,0.0000

4826.6190,-0.0380,0.0000,0.0000,0.0000

4827.6190,-0.0380,0.0000,0.0000,0.0000

4828.6200,-0.0380,0.0000,0.0000,0.0000

4829.6200,-0.0380,0.0000,0.0000,0.0000

4830.6190,-0.0380,0.0000,0.0000,0.0000

4831.6190,-0.0380,0.0000,0.0000,0.0000

4832.6190,-0.0380,0.0000,0.0000,0.0000

4833.6190,-0.0380,0.0000,0.0000,0.0000

4834.6190,-0.0380,0.0000,0.0000,0.0000

4835.6190,-0.0380,0.0000,0.0000,0.0000

4836.6190,-0.0380,0.0000,0.0000,0.0000

4837.6200,-0.0380,0.0000,0.0000,0.0000

4838.6190,-0.0380,0.0000,0.0000,0.0000

4839.6190,-0.0380,0.0000,0.0000,0.0000

4840.6190,-0.0380,0.0000,0.0000,0.0000

4841.6190,-0.0380,0.0000,0.0000,0.0000

4842.6200,-0.0380,0.0000,0.0000,0.0000

4843.6190,-0.0380,0.0000,0.0000,0.0000

4844.6200,-0.0380,0.0000,0.0000,0.0000

4845.6190,-0.0380,0.0000,0.0000,0.0000

4846.6190,-0.0380,0.0000,0.0000,0.0000

4847.6190,-0.0380,0.0000,0.0000,0.0000

4848.6200,-0.0380,0.0000,0.0000,0.0000

4849.6190,-0.0380,0.0000,0.0000,0.0000

4850.6190,-0.0380,0.0000,0.0000,0.0000

4851.6200,-0.0380,0.0000,0.0000,0.0000

4852.6200,-0.0380,0.0000,0.0000,0.0000

4853.6190,-0.0380,0.0000,0.0000,0.0000

4854.6190,-0.0380,0.0000,0.0000,0.0000

4855.6190,-0.0380,0.0000,0.0000,0.0000

4856.6200,-0.0380,0.0000,0.0000,0.0000

4857.6200,-0.0380,0.0000,0.0000,0.0000

4858.6190,-0.0380,0.0000,0.0000,0.0000

4859.6190,-0.0380,0.0000,0.0000,0.0000

4860.6190,-0.0380,0.0000,0.0000,0.0000

4861.6190,-0.0380,0.0000,0.0000,0.0000

4862.6190,-0.0380,0.0000,0.0000,0.0000

4863.6190,-0.0380,0.0000,0.0000,0.0000

4864.6200,-0.0380,0.0000,0.0000,0.0000

4865.6190,-0.0380,0.0000,0.0000,0.0000

4866.6190,-0.0380,0.0000,0.0000,0.0000

4867.6190,-0.0380,0.0000,0.0000,0.0000

4868.6190,-0.0380,0.0000,0.0000,0.0000

4869.6200,-0.0380,0.0000,0.0000,0.0000

4870.6190,-0.0380,0.0000,0.0000,0.0000

4871.6210,-0.0380,0.0000,0.0000,0.0000

4872.6190,-0.0380,0.0000,0.0000,0.0000

4873.6190,-0.0380,0.0000,0.0000,0.0000

4874.6190,-0.0380,0.0000,0.0000,0.0000

4875.6200,-0.0380,0.0000,0.0000,0.0000

4876.6190,-0.0380,0.0000,0.0000,0.0000

4877.6190,-0.0380,0.0000,0.0000,0.0000

4878.6190,-0.0380,0.0000,0.0000,0.0000

4879.6190,-0.0380,0.0000,0.0000,0.0000

4880.6190,-0.0380,0.0000,0.0000,0.0000

4881.6190,-0.0380,0.0000,0.0000,0.0000

4882.6200,-0.0380,0.0000,0.0000,0.0000

4883.6190,-0.0380,0.0000,0.0000,0.0000

4884.6190,-0.0380,0.0000,0.0000,0.0000

4885.6200,-0.0380,0.0000,0.0000,0.0000

4886.6190,-0.0380,0.0000,0.0000,0.0000

4887.6190,-0.0380,0.0000,0.0000,0.0000

4888.6200,-0.0380,0.0000,0.0000,0.0000

4889.6190,-0.0380,0.0000,0.0000,0.0000

4890.6190,-0.0380,0.0000,0.0000,0.0000

4891.6190,-0.0380,0.0000,0.0000,0.0000

4892.6200,-0.0380,0.0000,0.0000,0.0000

4893.6190,-0.0380,0.0000,0.0000,0.0000

4894.6190,-0.0380,0.0000,0.0000,0.0000

4895.6190,-0.0380,0.0000,0.0000,0.0000

4896.6200,-0.0380,0.0000,0.0000,0.0000

4897.6200,-0.0380,0.0000,0.0000,0.0000

4898.6190,-0.0380,0.0000,0.0000,0.0000

4899.6190,-0.0380,0.0000,0.0000,0.0000

4900.6200,-0.0380,0.0000,0.0000,0.0000

4901.6190,-0.0380,0.0000,0.0000,0.0000

4902.6190,-0.0380,0.0000,0.0000,0.0000

4903.6190,-0.0380,0.0000,0.0000,0.0000

4904.6190,-0.0380,0.0000,0.0000,0.0000

4905.6190,-0.0380,0.0000,0.0000,0.0000

4906.6200,-0.0380,0.0000,0.0000,0.0000

4907.6200,-0.0380,0.0000,0.0000,0.0000

4908.6200,-0.0380,0.0000,0.0000,0.0000

4909.6190,-0.0380,0.0000,0.0000,0.0000

4910.6190,-0.0380,0.0000,0.0000,0.0000

4911.6190,-0.0380,0.0000,0.0000,0.0000

4912.6190,-0.0380,0.0000,0.0000,0.0000

4913.6190,-0.0380,0.0000,0.0000,0.0000

4914.6190,-0.0380,0.0000,0.0000,0.0000

4915.6190,-0.0380,0.0000,0.0000,0.0000

4916.6190,-0.0380,0.0000,0.0000,0.0000

4917.6190,-0.0380,0.0000,0.0000,0.0000

4918.6190,-0.0380,0.0000,0.0000,0.0000

4919.6190,-0.0380,0.0000,0.0000,0.0000

4920.6190,-0.0380,0.0000,0.0000,0.0000

4921.6190,-0.0380,0.0000,0.0000,0.0000

4922.6190,-0.0380,0.0000,0.0000,0.0000

4923.6200,-0.0380,0.0000,0.0000,0.0000

4924.6190,-0.0380,0.0000,0.0000,0.0000

4925.6200,-0.0380,0.0000,0.0000,0.0000

4926.6190,-0.0380,0.0000,0.0000,0.0000

4927.6200,-0.0380,0.0000,0.0000,0.0000

4928.6190,-0.0380,0.0000,0.0000,0.0000

4929.6190,-0.0380,0.0000,0.0000,0.0000

4930.6190,-0.0380,0.0000,0.0000,0.0000

4931.6190,-0.0380,0.0000,0.0000,0.0000

4932.6190,-0.0380,0.0000,0.0000,0.0000

4933.6190,-0.0380,0.0000,0.0000,0.0000

4934.6190,-0.0380,0.0000,0.0000,0.0000

4935.6190,-0.0380,0.0000,0.0000,0.0000

4936.6190,-0.0380,0.0000,0.0000,0.0000

4937.6190,-0.0380,0.0000,0.0000,0.0000

4938.6190,-0.0380,0.0000,0.0000,0.0000

4939.6190,-0.0380,0.0000,0.0000,0.0000

4940.6190,-0.0380,0.0000,0.0000,0.0000

4941.6190,-0.0380,0.0000,0.0000,0.0000

4942.6190,-0.0380,0.0000,0.0000,0.0000

4943.6190,-0.0380,0.0000,0.0000,0.0000

4944.6190,-0.0380,0.0000,0.0000,0.0000

4945.6190,-0.0380,0.0000,0.0000,0.0000

4946.6190,-0.0380,0.0000,0.0000,0.0000

4947.6200,-0.0380,0.0000,0.0000,0.0000

4948.6190,-0.0380,0.0000,0.0000,0.0000

4949.6190,-0.0380,0.0000,0.0000,0.0000

4950.6190,-0.0380,0.0000,0.0000,0.0000

4951.6210,-0.0380,0.0000,0.0000,0.0000

4952.6190,-0.0380,0.0000,0.0000,0.0000

4953.6190,-0.0380,0.0000,0.0000,0.0000

4954.6190,-0.0380,0.0000,0.0000,0.0000

4955.6190,-0.0380,0.0000,0.0000,0.0000

4956.6190,-0.0380,0.0000,0.0000,0.0000

4957.6190,-0.0380,0.0000,0.0000,0.0000

4958.6200,-0.0380,0.0000,0.0000,0.0000

4959.6190,-0.0380,0.0000,0.0000,0.0000

4960.6190,-0.0380,0.0000,0.0000,0.0000

4961.6200,-0.0380,0.0000,0.0000,0.0000

4962.6190,-0.0380,0.0000,0.0000,0.0000

4963.6190,-0.0380,0.0000,0.0000,0.0000

4964.6190,-0.0380,0.0000,0.0000,0.0000

4965.6190,-0.0380,0.0000,0.0000,0.0000

4966.6200,-0.0380,0.0000,0.0000,0.0000

4967.6200,-0.0380,0.0000,0.0000,0.0000

4968.6190,-0.0380,0.0000,0.0000,0.0000

4969.6190,-0.0380,0.0000,0.0000,0.0000

4970.6200,-0.0380,0.0000,0.0000,0.0000

4971.6190,-0.0380,0.0000,0.0000,0.0000

4972.6190,-0.0380,0.0000,0.0000,0.0000

4973.6190,-0.0380,0.0000,0.0000,0.0000

4974.6200,-0.0380,0.0000,0.0000,0.0000

4975.6190,-0.0380,0.0000,0.0000,0.0000

4976.6190,-0.0380,0.0000,0.0000,0.0000

4977.6200,-0.0380,0.0000,0.0000,0.0000

4978.6190,-0.0380,0.0000,0.0000,0.0000

4979.6190,-0.0380,0.0000,0.0000,0.0000

4980.6190,-0.0380,0.0000,0.0000,0.0000

4981.6190,-0.0380,0.0000,0.0000,0.0000

4982.6190,-0.0380,0.0000,0.0000,0.0000

4983.6200,-0.0380,0.0000,0.0000,0.0000

4984.6190,-0.0380,0.0000,0.0000,0.0000

4985.6190,-0.0380,0.0000,0.0000,0.0000

4986.6190,-0.0380,0.0000,0.0000,0.0000

4987.6190,-0.0380,0.0000,0.0000,0.0000

4988.6190,-0.0380,0.0000,0.0000,0.0000

4989.6190,-0.0380,0.0000,0.0000,0.0000

4990.6190,-0.0380,0.0000,0.0000,0.0000

4991.6190,-0.0380,0.0000,0.0000,0.0000

4992.6190,-0.0380,0.0000,0.0000,0.0000

4993.6190,-0.0380,0.0000,0.0000,0.0000

4994.6190,-0.0380,0.0000,0.0000,0.0000

4995.6190,-0.0380,0.0000,0.0000,0.0000

4996.6190,-0.0380,0.0000,0.0000,0.0000

4997.6190,-0.0380,0.0000,0.0000,0.0000

4998.6200,-0.0380,0.0000,0.0000,0.0000

4999.6190,-0.0380,0.0000,0.0000,0.0000

5000.6190,-0.0380,0.0000,0.0000,0.0000

5001.6190,-0.0380,0.0000,0.0000,0.0000

5002.6190,-0.0380,0.0000,0.0000,0.0000

5003.6190,-0.0380,0.0000,0.0000,0.0000

5004.6190,-0.0380,0.0000,0.0000,0.0000

5005.6200,-0.0380,0.0000,0.0000,0.0000

5006.6190,-0.0380,0.0000,0.0000,0.0000

5007.6200,-0.0380,0.0000,0.0000,0.0000

5008.6190,-0.0380,0.0000,0.0000,0.0000

5009.6190,-0.0380,0.0000,0.0000,0.0000

5010.6190,-0.0380,0.0000,0.0000,0.0000

5011.6190,-0.0380,0.0000,0.0000,0.0000

5012.6190,-0.0380,0.0000,0.0000,0.0000

5013.6200,-0.0380,0.0000,0.0000,0.0000

5014.6190,-0.0380,0.0000,0.0000,0.0000

5015.6200,-0.0380,0.0000,0.0000,0.0000

5016.6200,-0.0380,0.0000,0.0000,0.0000

5017.6190,-0.0380,0.0000,0.0000,0.0000

5018.6200,-0.0380,0.0000,0.0000,0.0000

5019.6190,-0.0380,0.0000,0.0000,0.0000

5020.6190,-0.0380,0.0000,0.0000,0.0000

5021.6190,-0.0380,0.0000,0.0000,0.0000

5022.6190,-0.0380,0.0000,0.0000,0.0000

5023.6200,-0.0380,0.0000,0.0000,0.0000

5024.6190,-0.0380,0.0000,0.0000,0.0000

5025.6190,-0.0380,0.0000,0.0000,0.0000

5026.6190,-0.0380,0.0000,0.0000,0.0000

5027.6190,-0.0380,0.0000,0.0000,0.0000

5028.6190,-0.0380,0.0000,0.0000,0.0000

5029.6190,-0.0380,0.0000,0.0000,0.0000

5030.6200,-0.0380,0.0000,0.0000,0.0000

5031.6190,-0.0380,0.0000,0.0000,0.0000

5032.6190,-0.0380,0.0000,0.0000,0.0000

5033.6190,-0.0380,0.0000,0.0000,0.0000

5034.6200,-0.0380,0.0000,0.0000,0.0000

5035.6190,-0.0380,0.0000,0.0000,0.0000

5036.6200,-0.0380,0.0000,0.0000,0.0000

5037.6190,-0.0380,0.0000,0.0000,0.0000

5038.6200,-0.0380,0.0000,0.0000,0.0000

5039.6190,-0.0380,0.0000,0.0000,0.0000

5040.6190,-0.0380,0.0000,0.0000,0.0000

5041.6190,-0.0380,0.0000,0.0000,0.0000

5042.6190,-0.0380,0.0000,0.0000,0.0000

5043.6190,-0.0380,0.0000,0.0000,0.0000

5044.6200,-0.0380,0.0000,0.0000,0.0000

5045.6200,-0.0380,0.0000,0.0000,0.0000

5046.6190,-0.0380,0.0000,0.0000,0.0000

5047.6200,-0.0380,0.0000,0.0000,0.0000

5048.6190,-0.0380,0.0000,0.0000,0.0000

5049.6200,-0.0380,0.0000,0.0000,0.0000

5050.6190,-0.0380,0.0000,0.0000,0.0000

5051.6190,-0.0380,0.0000,0.0000,0.0000

5052.6190,-0.0380,0.0000,0.0000,0.0000

5053.6190,-0.0380,0.0000,0.0000,0.0000

5054.6190,-0.0380,0.0000,0.0000,0.0000

5055.6190,-0.0380,0.0000,0.0000,0.0000

5056.6190,-0.0380,0.0000,0.0000,0.0000

5057.6190,-0.0380,0.0000,0.0000,0.0000

5058.6200,-0.0380,0.0000,0.0000,0.0000

5059.6200,-0.0380,0.0000,0.0000,0.0000

5060.6200,-0.0380,0.0000,0.0000,0.0000

5061.6190,-0.0380,0.0000,0.0000,0.0000

5062.6190,-0.0380,0.0000,0.0000,0.0000

5063.6190,-0.0380,0.0000,0.0000,0.0000

5064.6190,-0.0380,0.0000,0.0000,0.0000

5065.6190,-0.0380,0.0000,0.0000,0.0000

5066.6190,-0.0380,0.0000,0.0000,0.0000

5067.6190,-0.0380,0.0000,0.0000,0.0000

5068.6190,-0.0380,0.0000,0.0000,0.0000

5069.6190,-0.0380,0.0000,0.0000,0.0000

5070.6190,-0.0380,0.0000,0.0000,0.0000

5071.6200,-0.0380,0.0000,0.0000,0.0000

5072.6190,-0.0380,0.0000,0.0000,0.0000

5073.6190,-0.0380,0.0000,0.0000,0.0000

5074.6190,-0.0380,0.0000,0.0000,0.0000

5075.6190,-0.0380,0.0000,0.0000,0.0000

5076.6190,-0.0380,0.0000,0.0000,0.0000

5077.6200,-0.0380,0.0000,0.0000,0.0000

5078.6190,-0.0380,0.0000,0.0000,0.0000

5079.6190,-0.0380,0.0000,0.0000,0.0000

5080.6200,-0.0380,0.0000,0.0000,0.0000

5081.6190,-0.0380,0.0000,0.0000,0.0000

5082.6190,-0.0380,0.0000,0.0000,0.0000

5083.6190,-0.0380,0.0000,0.0000,0.0000

5084.6210,-0.0380,0.0000,0.0000,0.0000

5085.6190,-0.0380,0.0000,0.0000,0.0000

5086.6190,-0.0380,0.0000,0.0000,0.0000

5087.6190,-0.0380,0.0000,0.0000,0.0000

5088.6190,-0.0380,0.0000,0.0000,0.0000

5089.6190,-0.0380,0.0000,0.0000,0.0000

5090.6190,-0.0380,0.0000,0.0000,0.0000

5091.6190,-0.0380,0.0000,0.0000,0.0000

5092.6200,-0.0380,0.0000,0.0000,0.0000

5093.6190,-0.0380,0.0000,0.0000,0.0000

5094.6190,-0.0380,0.0000,0.0000,0.0000

5095.6190,-0.0380,0.0000,0.0000,0.0000

5096.6190,-0.0380,0.0000,0.0000,0.0000

5097.6200,-0.0380,0.0000,0.0000,0.0000

5098.6190,-0.0380,0.0000,0.0000,0.0000

5099.6190,-0.0380,0.0000,0.0000,0.0000

5100.6190,-0.0380,0.0000,0.0000,0.0000

5101.6190,-0.0380,0.0000,0.0000,0.0000

5102.6200,-0.0380,0.0000,0.0000,0.0000

5103.6200,-0.0380,0.0000,0.0000,0.0000

5104.6190,-0.0380,0.0000,0.0000,0.0000

5105.6190,-0.0380,0.0000,0.0000,0.0000

5106.6190,-0.0380,0.0000,0.0000,0.0000

5107.6190,-0.0380,0.0000,0.0000,0.0000

5108.6190,-0.0380,0.0000,0.0000,0.0000

5109.6200,-0.0380,0.0000,0.0000,0.0000

5110.6200,-0.0380,0.0000,0.0000,0.0000

5111.6190,-0.0380,0.0000,0.0000,0.0000

5112.6190,-0.0380,0.0000,0.0000,0.0000

5113.6200,-0.0380,0.0000,0.0000,0.0000

5114.6190,-0.0380,0.0000,0.0000,0.0000

5115.6190,-0.0380,0.0000,0.0000,0.0000

5116.6190,-0.0380,0.0000,0.0000,0.0000

5117.6190,-0.0380,0.0000,0.0000,0.0000

5118.6200,-0.0380,0.0000,0.0000,0.0000

5119.6190,-0.0380,0.0000,0.0000,0.0000

5120.6190,-0.0380,0.0000,0.0000,0.0000

5121.6190,-0.0380,0.0000,0.0000,0.0000

5122.6190,-0.0380,0.0000,0.0000,0.0000

5123.6190,-0.0380,0.0000,0.0000,0.0000

5124.6200,-0.0380,0.0000,0.0000,0.0000

5125.6190,-0.0380,0.0000,0.0000,0.0000

5126.6190,-0.0380,0.0000,0.0000,0.0000

5127.6200,-0.0380,0.0000,0.0000,0.0000

5128.6190,-0.0380,0.0000,0.0000,0.0000

5129.6190,-0.0380,0.0000,0.0000,0.0000

5130.6200,-0.0380,0.0000,0.0000,0.0000

5131.6200,-0.0380,0.0000,0.0000,0.0000

5132.6190,-0.0380,0.0000,0.0000,0.0000

5133.6190,-0.0380,0.0000,0.0000,0.0000

5134.6190,-0.0380,0.0000,0.0000,0.0000

5135.6190,-0.0380,0.0000,0.0000,0.0000

5136.6190,-0.0380,0.0000,0.0000,0.0000

5137.6190,-0.0380,0.0000,0.0000,0.0000

5138.6190,-0.0380,0.0000,0.0000,0.0000

5139.6200,-0.0380,0.0000,0.0000,0.0000

5140.6200,-0.0380,0.0000,0.0000,0.0000

5141.6190,-0.0380,0.0000,0.0000,0.0000

5142.6200,-0.0380,0.0000,0.0000,0.0000

5143.6200,-0.0380,0.0000,0.0000,0.0000

5144.6190,-0.0380,0.0000,0.0000,0.0000

5145.6190,-0.0380,0.0000,0.0000,0.0000

5146.6190,-0.0380,0.0000,0.0000,0.0000

5147.6190,-0.0380,0.0000,0.0000,0.0000

5148.6190,-0.0380,0.0000,0.0000,0.0000

5149.6190,-0.0380,0.0000,0.0000,0.0000

5150.6190,-0.0380,0.0000,0.0000,0.0000

5151.6200,-0.0380,0.0000,0.0000,0.0000

5152.6190,-0.0380,0.0000,0.0000,0.0000

5153.6190,-0.0380,0.0000,0.0000,0.0000

5154.6190,-0.0380,0.0000,0.0000,0.0000

5155.6190,-0.0380,0.0000,0.0000,0.0000

5156.6190,-0.0380,0.0000,0.0000,0.0000

5157.6190,-0.0380,0.0000,0.0000,0.0000

5158.6200,-0.0380,0.0000,0.0000,0.0000

5159.6190,-0.0380,0.0000,0.0000,0.0000

5160.6190,-0.0380,0.0000,0.0000,0.0000

5161.6190,-0.0380,0.0000,0.0000,0.0000

5162.6200,-0.0380,0.0000,0.0000,0.0000

5163.6190,-0.0380,0.0000,0.0000,0.0000

5164.6200,-0.0380,0.0000,0.0000,0.0000

5165.6190,-0.0380,0.0000,0.0000,0.0000

5166.6200,-0.0380,0.0000,0.0000,0.0000

5167.6190,-0.0380,0.0000,0.0000,0.0000

5168.6190,-0.0380,0.0000,0.0000,0.0000

5169.6190,-0.0380,0.0000,0.0000,0.0000

5170.6200,-0.0380,0.0000,0.0000,0.0000

5171.6190,-0.0380,0.0000,0.0000,0.0000

5172.6190,-0.0380,0.0000,0.0000,0.0000

5173.6200,-0.0380,0.0000,0.0000,0.0000

5174.6190,-0.0380,0.0000,0.0000,0.0000

5175.6190,-0.0380,0.0000,0.0000,0.0000

5176.6190,-0.0380,0.0000,0.0000,0.0000

5177.6200,-0.0380,0.0000,0.0000,0.0000

5178.6190,-0.0380,0.0000,0.0000,0.0000

5179.6190,-0.0380,0.0000,0.0000,0.0000

5180.6200,-0.0380,0.0000,0.0000,0.0000

5181.6200,-0.0380,0.0000,0.0000,0.0000

5182.6190,-0.0380,0.0000,0.0000,0.0000

5183.6190,-0.0380,0.0000,0.0000,0.0000

5184.6190,-0.0380,0.0000,0.0000,0.0000

5185.6190,-0.0380,0.0000,0.0000,0.0000

5186.6190,-0.0380,0.0000,0.0000,0.0000

5187.6200,-0.0380,0.0000,0.0000,0.0000

5188.6190,-0.0380,0.0000,0.0000,0.0000

5189.6190,-0.0380,0.0000,0.0000,0.0000

5190.6190,-0.0380,0.0000,0.0000,0.0000

5191.6190,-0.0380,0.0000,0.0000,0.0000

5192.6190,-0.0380,0.0000,0.0000,0.0000

5193.6190,-0.0380,0.0000,0.0000,0.0000

5194.6190,-0.0380,0.0000,0.0000,0.0000

5195.6190,-0.0380,0.0000,0.0000,0.0000

5196.6190,-0.0380,0.0000,0.0000,0.0000

5197.6190,-0.0380,0.0000,0.0000,0.0000

5198.6190,-0.0380,0.0000,0.0000,0.0000

5199.6200,-0.0380,0.0000,0.0000,0.0000

5200.6190,-0.0380,0.0000,0.0000,0.0000

5201.6190,-0.0380,0.0000,0.0000,0.0000

5202.6190,-0.0380,0.0000,0.0000,0.0000

5203.6190,-0.0380,0.0000,0.0000,0.0000

5204.6200,-0.0380,0.0000,0.0000,0.0000

5205.6190,-0.0380,0.0000,0.0000,0.0000

5206.6190,-0.0380,0.0000,0.0000,0.0000

5207.6200,-0.0380,0.0000,0.0000,0.0000

5208.6200,-0.0380,0.0000,0.0000,0.0000

5209.6190,-0.0380,0.0000,0.0000,0.0000

5210.6200,-0.0380,0.0000,0.0000,0.0000

5211.6190,-0.0380,0.0000,0.0000,0.0000

5212.6190,-0.0380,0.0000,0.0000,0.0000

5213.6190,-0.0380,0.0000,0.0000,0.0000

5214.6190,-0.0380,0.0000,0.0000,0.0000

5215.6200,-0.0380,0.0000,0.0000,0.0000

5216.6200,-0.0380,0.0000,0.0000,0.0000

5217.6190,-0.0380,0.0000,0.0000,0.0000

5218.6190,-0.0380,0.0000,0.0000,0.0000

5219.6190,-0.0380,0.0000,0.0000,0.0000

5220.6190,-0.0380,0.0000,0.0000,0.0000

5221.6190,-0.0380,0.0000,0.0000,0.0000

5222.6190,-0.0380,0.0000,0.0000,0.0000

5223.6190,-0.0380,0.0000,0.0000,0.0000

5224.6190,-0.0380,0.0000,0.0000,0.0000

5225.6190,-0.0380,0.0000,0.0000,0.0000

5226.6190,-0.0380,0.0000,0.0000,0.0000

5227.6190,-0.0380,0.0000,0.0000,0.0000

5228.6190,-0.0380,0.0000,0.0000,0.0000

5229.6190,-0.0380,0.0000,0.0000,0.0000

5230.6200,-0.0380,0.0000,0.0000,0.0000

5231.6190,-0.0380,0.0000,0.0000,0.0000

5232.6190,-0.0380,0.0000,0.0000,0.0000

5233.6190,-0.0380,0.0000,0.0000,0.0000

5234.6190,-0.0380,0.0000,0.0000,0.0000

5235.6190,-0.0380,0.0000,0.0000,0.0000

5236.6190,-0.0380,0.0000,0.0000,0.0000

5237.6190,-0.0380,0.0000,0.0000,0.0000

5238.6190,-0.0380,0.0000,0.0000,0.0000

5239.6190,-0.0380,0.0000,0.0000,0.0000

5240.6190,-0.0380,0.0000,0.0000,0.0000

5241.6190,-0.0380,0.0000,0.0000,0.0000

5242.6190,-0.0380,0.0000,0.0000,0.0000

5243.6190,-0.0380,0.0000,0.0000,0.0000

5244.6190,-0.0380,0.0000,0.0000,0.0000

5245.6190,-0.0380,0.0000,0.0000,0.0000

5246.6190,-0.0380,0.0000,0.0000,0.0000

5247.6190,-0.0380,0.0000,0.0000,0.0000

5248.6190,-0.0380,0.0000,0.0000,0.0000

5249.6190,-0.0380,0.0000,0.0000,0.0000

5250.6190,-0.0380,0.0000,0.0000,0.0000

5251.6190,-0.0380,0.0000,0.0000,0.0000

5252.6190,-0.0380,0.0000,0.0000,0.0000

5253.6200,-0.0380,0.0000,0.0000,0.0000

5254.6190,-0.0380,0.0000,0.0000,0.0000

5255.6190,-0.0380,0.0000,0.0000,0.0000

5256.6190,-0.0380,0.0000,0.0000,0.0000

5257.6190,-0.0380,0.0000,0.0000,0.0000

5258.6190,-0.0380,0.0000,0.0000,0.0000

5259.6190,-0.0380,0.0000,0.0000,0.0000

5260.6190,-0.0380,0.0000,0.0000,0.0000

5261.6200,-0.0380,0.0000,0.0000,0.0000

5262.6200,-0.0380,0.0000,0.0000,0.0000

5263.6190,-0.0380,0.0000,0.0000,0.0000

5264.6200,-0.0380,0.0000,0.0000,0.0000

5265.6200,-0.0380,0.0000,0.0000,0.0000

5266.6190,-0.0380,0.0000,0.0000,0.0000

5267.6200,-0.0380,0.0000,0.0000,0.0000

5268.6200,-0.0380,0.0000,0.0000,0.0000

5269.6200,-0.0380,0.0000,0.0000,0.0000

5270.6190,-0.0380,0.0000,0.0000,0.0000

5271.6190,-0.0380,0.0000,0.0000,0.0000

5272.6190,-0.0380,0.0000,0.0000,0.0000

5273.6190,-0.0380,0.0000,0.0000,0.0000

5274.6190,-0.0380,0.0000,0.0000,0.0000

5275.6190,-0.0380,0.0000,0.0000,0.0000

5276.6200,-0.0380,0.0000,0.0000,0.0000

5277.6190,-0.0380,0.0000,0.0000,0.0000

5278.6190,-0.0380,0.0000,0.0000,0.0000

5279.6190,-0.0380,0.0000,0.0000,0.0000

5280.6190,-0.0380,0.0000,0.0000,0.0000

5281.6190,-0.0380,0.0000,0.0000,0.0000

5282.6190,-0.0380,0.0000,0.0000,0.0000

5283.6190,-0.0380,0.0000,0.0000,0.0000

5284.6190,-0.0380,0.0000,0.0000,0.0000

5285.6190,-0.0380,0.0000,0.0000,0.0000

5286.6190,-0.0380,0.0000,0.0000,0.0000

5287.6190,-0.0380,0.0000,0.0000,0.0000

5288.6190,-0.0380,0.0000,0.0000,0.0000

5289.6190,-0.0380,0.0000,0.0000,0.0000

5290.6190,-0.0380,0.0000,0.0000,0.0000

5291.6190,-0.0380,0.0000,0.0000,0.0000

5292.6200,-0.0380,0.0000,0.0000,0.0000

5293.6190,-0.0380,0.0000,0.0000,0.0000

5294.6190,-0.0380,0.0000,0.0000,0.0000

5295.6190,-0.0380,0.0000,0.0000,0.0000

5296.6200,-0.0380,0.0000,0.0000,0.0000

5297.6190,-0.0380,0.0000,0.0000,0.0000

5298.6190,-0.0380,0.0000,0.0000,0.0000

5299.6200,-0.0380,0.0000,0.0000,0.0000

5300.6190,-0.0380,0.0000,0.0000,0.0000

5301.6190,-0.0380,0.0000,0.0000,0.0000

5302.6200,-0.0380,0.0000,0.0000,0.0000

5303.6190,-0.0380,0.0000,0.0000,0.0000

5304.6190,-0.0380,0.0000,0.0000,0.0000

5305.6190,-0.0380,0.0000,0.0000,0.0000

5306.6190,-0.0380,0.0000,0.0000,0.0000

5307.6190,-0.0380,0.0000,0.0000,0.0000

5308.6190,-0.0380,0.0000,0.0000,0.0000

5309.6200,-0.0380,0.0000,0.0000,0.0000

5310.6190,-0.0380,0.0000,0.0000,0.0000

5311.6200,-0.0380,0.0000,0.0000,0.0000

5312.6200,-0.0380,0.0000,0.0000,0.0000

5313.6190,-0.0380,0.0000,0.0000,0.0000

5314.6190,-0.0380,0.0000,0.0000,0.0000

5315.6190,-0.0380,0.0000,0.0000,0.0000

5316.6190,-0.0380,0.0000,0.0000,0.0000

5317.6190,-0.0380,0.0000,0.0000,0.0000

5318.6190,-0.0380,0.0000,0.0000,0.0000

5319.6190,-0.0380,0.0000,0.0000,0.0000

5320.6200,-0.0380,0.0000,0.0000,0.0000

5321.6190,-0.0380,0.0000,0.0000,0.0000

5322.6190,-0.0380,0.0000,0.0000,0.0000

5323.6190,-0.0380,0.0000,0.0000,0.0000

5324.6190,-0.0380,0.0000,0.0000,0.0000

5325.6190,-0.0380,0.0000,0.0000,0.0000

5326.6190,-0.0380,0.0000,0.0000,0.0000

5327.6190,-0.0380,0.0000,0.0000,0.0000

5328.6190,-0.0380,0.0000,0.0000,0.0000

5329.6190,-0.0380,0.0000,0.0000,0.0000

5330.6190,-0.0380,0.0000,0.0000,0.0000

5331.6200,-0.0380,0.0000,0.0000,0.0000

5332.6200,-0.0380,0.0000,0.0000,0.0000

5333.6190,-0.0380,0.0000,0.0000,0.0000

5334.6190,-0.0380,0.0000,0.0000,0.0000

5335.6200,-0.0380,0.0000,0.0000,0.0000

5336.6200,-0.0380,0.0000,0.0000,0.0000

5337.6190,-0.0380,0.0000,0.0000,0.0000

5338.6190,-0.0380,0.0000,0.0000,0.0000

5339.6190,-0.0380,0.0000,0.0000,0.0000

5340.6190,-0.0380,0.0000,0.0000,0.0000

5341.6190,-0.0380,0.0000,0.0000,0.0000

5342.6190,-0.0380,0.0000,0.0000,0.0000

5343.6190,-0.0380,0.0000,0.0000,0.0000

5344.6190,-0.0380,0.0000,0.0000,0.0000

5345.6190,-0.0380,0.0000,0.0000,0.0000

5346.6190,-0.0380,0.0000,0.0000,0.0000

5347.6190,-0.0380,0.0000,0.0000,0.0000

5348.6190,-0.0380,0.0000,0.0000,0.0000

5349.6200,-0.0380,0.0000,0.0000,0.0000

5350.6190,-0.0380,0.0000,0.0000,0.0000

5351.6210,-0.0380,0.0000,0.0000,0.0000

5352.6190,-0.0380,0.0000,0.0000,0.0000

5353.6200,-0.0380,0.0000,0.0000,0.0000

5354.6190,-0.0380,0.0000,0.0000,0.0000

5355.6190,-0.0380,0.0000,0.0000,0.0000

5356.6190,-0.0380,0.0000,0.0000,0.0000

5357.6190,-0.0380,0.0000,0.0000,0.0000

5358.6200,-0.0380,0.0000,0.0000,0.0000

5359.6190,-0.0380,0.0000,0.0000,0.0000

5360.6200,-0.0380,0.0000,0.0000,0.0000

5361.6190,-0.0380,0.0000,0.0000,0.0000

5362.6190,-0.0380,0.0000,0.0000,0.0000

5363.6190,-0.0380,0.0000,0.0000,0.0000

5364.6190,-0.0380,0.0000,0.0000,0.0000

5365.6190,-0.0380,0.0000,0.0000,0.0000

5366.6200,-0.0380,0.0000,0.0000,0.0000

5367.6190,-0.0380,0.0000,0.0000,0.0000

5368.6200,-0.0380,0.0000,0.0000,0.0000

5369.6190,-0.0380,0.0000,0.0000,0.0000

5370.6190,-0.0380,0.0000,0.0000,0.0000

5371.6200,-0.0380,0.0000,0.0000,0.0000

5372.6200,-0.0380,0.0000,0.0000,0.0000

5373.6190,-0.0380,0.0000,0.0000,0.0000

5374.6190,-0.0380,0.0000,0.0000,0.0000

5375.6190,-0.0380,0.0000,0.0000,0.0000

5376.6190,-0.0380,0.0000,0.0000,0.0000

5377.6190,-0.0380,0.0000,0.0000,0.0000

5378.6190,-0.0380,0.0000,0.0000,0.0000

5379.6200,-0.0380,0.0000,0.0000,0.0000

5380.6200,-0.0380,0.0000,0.0000,0.0000

5381.6190,-0.0380,0.0000,0.0000,0.0000

5382.6210,-0.0380,0.0000,0.0000,0.0000

5383.6190,-0.0380,0.0000,0.0000,0.0000

5384.6190,-0.0380,0.0000,0.0000,0.0000

5385.6200,-0.0380,0.0000,0.0000,0.0000

5386.6190,-0.0380,0.0000,0.0000,0.0000

5387.6190,-0.0380,0.0000,0.0000,0.0000

5388.6190,-0.0380,0.0000,0.0000,0.0000

5389.6190,-0.0380,0.0000,0.0000,0.0000

5390.6190,-0.0380,0.0000,0.0000,0.0000

5391.6190,-0.0380,0.0000,0.0000,0.0000

5392.6190,-0.0380,0.0000,0.0000,0.0000

5393.6190,-0.0380,0.0000,0.0000,0.0000

5394.6190,-0.0380,0.0000,0.0000,0.0000

5395.6200,-0.0380,0.0000,0.0000,0.0000

5396.6190,-0.0380,0.0000,0.0000,0.0000

5397.6190,-0.0380,0.0000,0.0000,0.0000

5398.6190,-0.0380,0.0000,0.0000,0.0000

5399.6190,-0.0380,0.0000,0.0000,0.0000

5400.6190,-0.0380,0.0000,0.0000,0.0000

5401.6190,-0.0380,0.0000,0.0000,0.0000

5402.6190,-0.0380,0.0000,0.0000,0.0000

5403.6190,-0.0380,0.0000,0.0000,0.0000

5404.6190,-0.0380,0.0000,0.0000,0.0000

5405.6190,-0.0380,0.0000,0.0000,0.0000

5406.6200,-0.0380,0.0000,0.0000,0.0000

5407.6190,-0.0380,0.0000,0.0000,0.0000

5408.6190,-0.0380,0.0000,0.0000,0.0000

5409.6190,-0.0380,0.0000,0.0000,0.0000

5410.6200,-0.0380,0.0000,0.0000,0.0000

5411.6190,-0.0380,0.0000,0.0000,0.0000

5412.6190,-0.0380,0.0000,0.0000,0.0000

5413.6200,-0.0380,0.0000,0.0000,0.0000

5414.6200,-0.0380,0.0000,0.0000,0.0000

5415.6190,-0.0380,0.0000,0.0000,0.0000

5416.6190,-0.0380,0.0000,0.0000,0.0000

5417.6190,-0.0380,0.0000,0.0000,0.0000

5418.6190,-0.0380,0.0000,0.0000,0.0000

5419.6190,-0.0380,0.0000,0.0000,0.0000

5420.6190,-0.0380,0.0000,0.0000,0.0000

5421.6200,-0.0380,0.0000,0.0000,0.0000

5422.6190,-0.0380,0.0000,0.0000,0.0000

5423.6200,-0.0380,0.0000,0.0000,0.0000

5424.6190,-0.0380,0.0000,0.0000,0.0000

5425.6190,-0.0380,0.0000,0.0000,0.0000

5426.6190,-0.0380,0.0000,0.0000,0.0000

5427.6190,-0.0380,0.0000,0.0000,0.0000

5428.6190,-0.0380,0.0000,0.0000,0.0000

5429.6190,-0.0380,0.0000,0.0000,0.0000

5430.6200,-0.0380,0.0000,0.0000,0.0000

5431.6190,-0.0380,0.0000,0.0000,0.0000

5432.6190,-0.0380,0.0000,0.0000,0.0000

5433.6190,-0.0380,0.0000,0.0000,0.0000

5434.6190,-0.0380,0.0000,0.0000,0.0000

5435.6190,-0.0380,0.0000,0.0000,0.0000

5436.6190,-0.0380,0.0000,0.0000,0.0000

5437.6190,-0.0380,0.0000,0.0000,0.0000

5438.6190,-0.0380,0.0000,0.0000,0.0000

5439.6200,-0.0380,0.0000,0.0000,0.0000

5440.6200,-0.0380,0.0000,0.0000,0.0000

5441.6200,-0.0380,0.0000,0.0000,0.0000

5442.6190,-0.0380,0.0000,0.0000,0.0000

5443.6190,-0.0380,0.0000,0.0000,0.0000

5444.6190,-0.0380,0.0000,0.0000,0.0000

5445.6190,-0.0380,0.0000,0.0000,0.0000

5446.6190,-0.0380,0.0000,0.0000,0.0000

5447.6190,-0.0380,0.0000,0.0000,0.0000

5448.6190,-0.0380,0.0000,0.0000,0.0000

5449.6190,-0.0380,0.0000,0.0000,0.0000

5450.6200,-0.0380,0.0000,0.0000,0.0000

5451.6190,-0.0380,0.0000,0.0000,0.0000

5452.6200,-0.0380,0.0000,0.0000,0.0000

5453.6190,-0.0380,0.0000,0.0000,0.0000

5454.6190,-0.0380,0.0000,0.0000,0.0000

5455.6190,-0.0380,0.0000,0.0000,0.0000

5456.6210,-0.0380,0.0000,0.0000,0.0000

5457.6190,-0.0380,0.0000,0.0000,0.0000

5458.6190,-0.0380,0.0000,0.0000,0.0000

5459.6190,-0.0380,0.0000,0.0000,0.0000

5460.6190,-0.0380,0.0000,0.0000,0.0000

5461.6190,-0.0380,0.0000,0.0000,0.0000

5462.6190,-0.0380,0.0000,0.0000,0.0000

5463.6190,-0.0380,0.0000,0.0000,0.0000

5464.6190,-0.0380,0.0000,0.0000,0.0000

5465.6190,-0.0380,0.0000,0.0000,0.0000

5466.6200,-0.0380,0.0000,0.0000,0.0000

5467.6200,-0.0380,0.0000,0.0000,0.0000

5468.6190,-0.0380,0.0000,0.0000,0.0000

5469.6200,-0.0380,0.0000,0.0000,0.0000

5470.6190,-0.0380,0.0000,0.0000,0.0000

5471.6190,-0.0380,0.0000,0.0000,0.0000

5472.6190,-0.0380,0.0000,0.0000,0.0000

5473.6200,-0.0380,0.0000,0.0000,0.0000

5474.6190,-0.0380,0.0000,0.0000,0.0000

5475.6190,-0.0380,0.0000,0.0000,0.0000

5476.6190,-0.0380,0.0000,0.0000,0.0000

5477.6190,-0.0380,0.0000,0.0000,0.0000

5478.6200,-0.0380,0.0000,0.0000,0.0000

5479.6200,-0.0380,0.0000,0.0000,0.0000

5480.6190,-0.0380,0.0000,0.0000,0.0000

5481.6190,-0.0380,0.0000,0.0000,0.0000

5482.6190,-0.0380,0.0000,0.0000,0.0000

5483.6200,-0.0380,0.0000,0.0000,0.0000

5484.6190,-0.0380,0.0000,0.0000,0.0000

5485.6200,-0.0380,0.0000,0.0000,0.0000

5486.6190,-0.0380,0.0000,0.0000,0.0000

5487.6200,-0.0380,0.0000,0.0000,0.0000

5488.6200,-0.0380,0.0000,0.0000,0.0000

5489.6210,-0.0380,0.0000,0.0000,0.0000

5490.6190,-0.0380,0.0000,0.0000,0.0000

5491.6200,-0.0380,0.0000,0.0000,0.0000

5492.6190,-0.0380,0.0000,0.0000,0.0000

5493.6190,-0.0380,0.0000,0.0000,0.0000

5494.6190,-0.0380,0.0000,0.0000,0.0000

5495.6200,-0.0380,0.0000,0.0000,0.0000

5496.6190,-0.0380,0.0000,0.0000,0.0000

5497.6200,-0.0380,0.0000,0.0000,0.0000

5498.6190,-0.0380,0.0000,0.0000,0.0000

5499.6200,-0.0380,0.0000,0.0000,0.0000

5500.6190,-0.0380,0.0000,0.0000,0.0000

5501.6190,-0.0380,0.0000,0.0000,0.0000

5502.6190,-0.0380,0.0000,0.0000,0.0000

5503.6200,-0.0380,0.0000,0.0000,0.0000

5504.6190,-0.0380,0.0000,0.0000,0.0000

5505.6190,-0.0380,0.0000,0.0000,0.0000

5506.6190,-0.0380,0.0000,0.0000,0.0000

5507.6190,-0.0380,0.0000,0.0000,0.0000

5508.6190,-0.0380,0.0000,0.0000,0.0000

5509.6200,-0.0380,0.0000,0.0000,0.0000

5510.6190,-0.0380,0.0000,0.0000,0.0000

5511.6200,-0.0380,0.0000,0.0000,0.0000

5512.6190,-0.0380,0.0000,0.0000,0.0000

5513.6190,-0.0380,0.0000,0.0000,0.0000

5514.6190,-0.0380,0.0000,0.0000,0.0000

5515.6190,-0.0380,0.0000,0.0000,0.0000

5516.6190,-0.0380,0.0000,0.0000,0.0000

5517.6190,-0.0380,0.0000,0.0000,0.0000

5518.6200,-0.0380,0.0000,0.0000,0.0000

5519.6190,-0.0380,0.0000,0.0000,0.0000

5520.6190,-0.0380,0.0000,0.0000,0.0000

5521.6190,-0.0380,0.0000,0.0000,0.0000

5522.6190,-0.0380,0.0000,0.0000,0.0000

5523.6190,-0.0380,0.0000,0.0000,0.0000

5524.6190,-0.0380,0.0000,0.0000,0.0000

5525.6190,-0.0380,0.0000,0.0000,0.0000

5526.6200,-0.0380,0.0000,0.0000,0.0000

5527.6190,-0.0380,0.0000,0.0000,0.0000

5528.6200,-0.0380,0.0000,0.0000,0.0000

5529.6190,-0.0380,0.0000,0.0000,0.0000

5530.6190,-0.0380,0.0000,0.0000,0.0000

5531.6190,-0.0380,0.0000,0.0000,0.0000

5532.6200,-0.0380,0.0000,0.0000,0.0000

5533.6190,-0.0380,0.0000,0.0000,0.0000

5534.6190,-0.0380,0.0000,0.0000,0.0000

5535.6190,-0.0380,0.0000,0.0000,0.0000

5536.6190,-0.0380,0.0000,0.0000,0.0000

5537.6190,-0.0380,0.0000,0.0000,0.0000

5538.6190,-0.0380,0.0000,0.0000,0.0000

5539.6200,-0.0380,0.0000,0.0000,0.0000

5540.6190,-0.0380,0.0000,0.0000,0.0000

5541.6190,-0.0380,0.0000,0.0000,0.0000

5542.6190,-0.0380,0.0000,0.0000,0.0000

5543.6190,-0.0380,0.0000,0.0000,0.0000

5544.6190,-0.0380,0.0000,0.0000,0.0000

5545.6190,-0.0380,0.0000,0.0000,0.0000

5546.6190,-0.0380,0.0000,0.0000,0.0000

5547.6190,-0.0380,0.0000,0.0000,0.0000

5548.6200,-0.0380,0.0000,0.0000,0.0000

5549.6190,-0.0380,0.0000,0.0000,0.0000

5550.6190,-0.0380,0.0000,0.0000,0.0000

5551.6190,-0.0380,0.0000,0.0000,0.0000

5552.6190,-0.0380,0.0000,0.0000,0.0000

5553.6190,-0.0380,0.0000,0.0000,0.0000

5554.6190,-0.0380,0.0000,0.0000,0.0000

5555.6190,-0.0380,0.0000,0.0000,0.0000

5556.6200,-0.0380,0.0000,0.0000,0.0000

5557.6190,-0.0380,0.0000,0.0000,0.0000

5558.6190,-0.0380,0.0000,0.0000,0.0000

5559.6190,-0.0380,0.0000,0.0000,0.0000

5560.6190,-0.0380,0.0000,0.0000,0.0000

5561.6190,-0.0380,0.0000,0.0000,0.0000

5562.6190,-0.0380,0.0000,0.0000,0.0000

5563.6190,-0.0380,0.0000,0.0000,0.0000

5564.6190,-0.0380,0.0000,0.0000,0.0000

5565.6190,-0.0380,0.0000,0.0000,0.0000

5566.6190,-0.0380,0.0000,0.0000,0.0000

5567.6200,-0.0380,0.0000,0.0000,0.0000

5568.6200,-0.0380,0.0000,0.0000,0.0000

5569.6200,-0.0380,0.0000,0.0000,0.0000

5570.6200,-0.0380,0.0000,0.0000,0.0000

5571.6190,-0.0380,0.0000,0.0000,0.0000

5572.6190,-0.0380,0.0000,0.0000,0.0000

5573.6190,-0.0380,0.0000,0.0000,0.0000

5574.6190,-0.0380,0.0000,0.0000,0.0000

5575.6190,-0.0380,0.0000,0.0000,0.0000

5576.6200,-0.0380,0.0000,0.0000,0.0000

5577.6190,-0.0380,0.0000,0.0000,0.0000

5578.6190,-0.0380,0.0000,0.0000,0.0000

5579.6190,-0.0380,0.0000,0.0000,0.0000

5580.6190,-0.0380,0.0000,0.0000,0.0000

5581.6190,-0.0380,0.0000,0.0000,0.0000

5582.6190,-0.0380,0.0000,0.0000,0.0000

5583.6190,-0.0380,0.0000,0.0000,0.0000

5584.6190,-0.0380,0.0000,0.0000,0.0000

5585.6190,-0.0380,0.0000,0.0000,0.0000

5586.6200,-0.0380,0.0000,0.0000,0.0000

5587.6190,-0.0380,0.0000,0.0000,0.0000

5588.6190,-0.0380,0.0000,0.0000,0.0000

5589.6190,-0.0380,0.0000,0.0000,0.0000

5590.6190,-0.0380,0.0000,0.0000,0.0000

5591.6200,-0.0380,0.0000,0.0000,0.0000

5592.6200,-0.0380,0.0000,0.0000,0.0000

5593.6190,-0.0380,0.0000,0.0000,0.0000

5594.6200,-0.0380,0.0000,0.0000,0.0000

5595.6190,-0.0380,0.0000,0.0000,0.0000

5596.6190,-0.0380,0.0000,0.0000,0.0000

5597.6190,-0.0380,0.0000,0.0000,0.0000

5598.6190,-0.0380,0.0000,0.0000,0.0000

5599.6200,-0.0380,0.0000,0.0000,0.0000

5600.6190,-0.0380,0.0000,0.0000,0.0000

5601.6200,-0.0380,0.0000,0.0000,0.0000

5602.6190,-0.0380,0.0000,0.0000,0.0000

5603.6190,-0.0380,0.0000,0.0000,0.0000

5604.6190,-0.0380,0.0000,0.0000,0.0000

5605.6200,-0.0380,0.0000,0.0000,0.0000

5606.6190,-0.0380,0.0000,0.0000,0.0000

5607.6190,-0.0380,0.0000,0.0000,0.0000

5608.6190,-0.0380,0.0000,0.0000,0.0000

5609.6200,-0.0380,0.0000,0.0000,0.0000

5610.6190,-0.0380,0.0000,0.0000,0.0000

5611.6190,-0.0380,0.0000,0.0000,0.0000

5612.6190,-0.0380,0.0000,0.0000,0.0000

5613.6190,-0.0380,0.0000,0.0000,0.0000

5614.6190,-0.0380,0.0000,0.0000,0.0000

5615.6190,-0.0380,0.0000,0.0000,0.0000

5616.6190,-0.0380,0.0000,0.0000,0.0000

5617.6190,-0.0380,0.0000,0.0000,0.0000

5618.6190,-0.0380,0.0000,0.0000,0.0000

5619.6200,-0.0380,0.0000,0.0000,0.0000

5620.6190,-0.0380,0.0000,0.0000,0.0000

5621.6190,-0.0380,0.0000,0.0000,0.0000

5622.6190,-0.0380,0.0000,0.0000,0.0000

5623.6190,-0.0380,0.0000,0.0000,0.0000

5624.6190,-0.0380,0.0000,0.0000,0.0000

5625.6190,-0.0380,0.0000,0.0000,0.0000

5626.6200,-0.0380,0.0000,0.0000,0.0000

5627.6190,-0.0380,0.0000,0.0000,0.0000

5629.3730,-0.0380,0.0000,0.0000,0.0000

5629.9970,-0.0380,0.0000,0.0000,0.0000

5630.6200,-0.0380,0.0000,0.0000,0.0000

5631.6190,-0.0380,0.0000,0.0000,0.0000

5632.6190,-0.0380,0.0000,0.0000,0.0000

5633.6190,-0.0380,0.0000,0.0000,0.0000

5634.6190,-0.0380,0.0000,0.0000,0.0000

5635.6190,-0.0380,0.0000,0.0000,0.0000

5636.6190,-0.0380,0.0000,0.0000,0.0000

5637.6210,-0.0380,0.0000,0.0000,0.0000

5638.6200,-0.0380,0.0000,0.0000,0.0000

5639.6190,-0.0380,0.0000,0.0000,0.0000

5640.6190,-0.0380,0.0000,0.0000,0.0000

5641.6190,-0.0380,0.0000,0.0000,0.0000

5642.6190,-0.0380,0.0000,0.0000,0.0000

5643.6190,-0.0380,0.0000,0.0000,0.0000

5644.6190,-0.0380,0.0000,0.0000,0.0000

5645.6190,-0.0380,0.0000,0.0000,0.0000

5646.6190,-0.0380,0.0000,0.0000,0.0000

5647.6190,-0.0380,0.0000,0.0000,0.0000

5648.6200,-0.0380,0.0000,0.0000,0.0000

5649.6190,-0.0380,0.0000,0.0000,0.0000

5650.6190,-0.0380,0.0000,0.0000,0.0000

5651.6190,-0.0380,0.0000,0.0000,0.0000

5652.6190,-0.0380,0.0000,0.0000,0.0000

5653.6190,-0.0380,0.0000,0.0000,0.0000

5654.6190,-0.0380,0.0000,0.0000,0.0000

5655.6190,-0.0380,0.0000,0.0000,0.0000

5656.6190,-0.0380,0.0000,0.0000,0.0000

5657.6200,-0.0380,0.0000,0.0000,0.0000

5658.6190,-0.0380,0.0000,0.0000,0.0000

5659.6190,-0.0380,0.0000,0.0000,0.0000

5660.6190,-0.0380,0.0000,0.0000,0.0000

5661.6190,-0.0380,0.0000,0.0000,0.0000

5662.6190,-0.0380,0.0000,0.0000,0.0000

5663.6190,-0.0380,0.0000,0.0000,0.0000

5664.6190,-0.0380,0.0000,0.0000,0.0000

5665.6200,-0.0380,0.0000,0.0000,0.0000

5666.6190,-0.0380,0.0000,0.0000,0.0000

5667.6190,-0.0380,0.0000,0.0000,0.0000

5668.6190,-0.0380,0.0000,0.0000,0.0000

5669.6190,-0.0380,0.0000,0.0000,0.0000

5670.6200,-0.0380,0.0000,0.0000,0.0000

5671.6200,-0.0380,0.0000,0.0000,0.0000

5672.6190,-0.0380,0.0000,0.0000,0.0000

5673.6190,-0.0380,0.0000,0.0000,0.0000

5674.6190,-0.0380,0.0000,0.0000,0.0000

5675.6190,-0.0380,0.0000,0.0000,0.0000

5676.6190,-0.0380,0.0000,0.0000,0.0000

5677.6200,-0.0380,0.0000,0.0000,0.0000

5678.6190,-0.0380,0.0000,0.0000,0.0000

5679.6190,-0.0380,0.0000,0.0000,0.0000

5680.6190,-0.0380,0.0000,0.0000,0.0000

5681.6190,-0.0380,0.0000,0.0000,0.0000

5682.6190,-0.0380,0.0000,0.0000,0.0000

5683.6190,-0.0380,0.0000,0.0000,0.0000

5684.6190,-0.0380,0.0000,0.0000,0.0000

5685.6190,-0.0380,0.0000,0.0000,0.0000

5686.6190,-0.0380,0.0000,0.0000,0.0000

5687.6190,-0.0380,0.0000,0.0000,0.0000

5688.6190,-0.0380,0.0000,0.0000,0.0000

5689.6190,-0.0380,0.0000,0.0000,0.0000

5690.7960,-0.0380,0.0000,0.0000,0.0000

5691.6190,-0.0380,0.0000,0.0000,0.0000

5692.6190,-0.0380,0.0000,0.0000,0.0000

5693.6200,-0.0380,0.0000,0.0000,0.0000

5694.6200,-0.0380,0.0000,0.0000,0.0000

5695.6190,-0.0380,0.0000,0.0000,0.0000

5696.6190,-0.0380,0.0000,0.0000,0.0000

5697.6190,-0.0380,0.0000,0.0000,0.0000

5698.6190,-0.0380,0.0000,0.0000,0.0000

5699.6190,-0.0380,0.0000,0.0000,0.0000

5700.6190,-0.0380,0.0000,0.0000,0.0000

5701.6190,-0.0380,0.0000,0.0000,0.0000

5702.6190,-0.0380,0.0000,0.0000,0.0000

5703.6190,-0.0380,0.0000,0.0000,0.0000

5704.6190,-0.0380,0.0000,0.0000,0.0000

5705.6190,-0.0380,0.0000,0.0000,0.0000

5706.6200,-0.0380,0.0000,0.0000,0.0000

5707.6200,-0.0380,0.0000,0.0000,0.0000

5708.6200,-0.0380,0.0000,0.0000,0.0000

5709.6190,-0.0380,0.0000,0.0000,0.0000

5710.6190,-0.0380,0.0000,0.0000,0.0000

5711.6190,-0.0380,0.0000,0.0000,0.0000

5712.6190,-0.0380,0.0000,0.0000,0.0000

5713.6190,-0.0380,0.0000,0.0000,0.0000

5714.6190,-0.0380,0.0000,0.0000,0.0000

5715.6190,-0.0380,0.0000,0.0000,0.0000

5716.6190,-0.0380,0.0000,0.0000,0.0000

5717.6190,-0.0380,0.0000,0.0000,0.0000

5718.6190,-0.0380,0.0000,0.0000,0.0000

5719.6190,-0.0380,0.0000,0.0000,0.0000

5720.6190,-0.0380,0.0000,0.0000,0.0000

5721.6200,-0.0380,0.0000,0.0000,0.0000

5722.6200,-0.0380,0.0000,0.0000,0.0000

5723.6200,-0.0380,0.0000,0.0000,0.0000

5724.6190,-0.0380,0.0000,0.0000,0.0000

5725.6190,-0.0380,0.0000,0.0000,0.0000

5726.6190,-0.0380,0.0000,0.0000,0.0000

5727.6190,-0.0380,0.0000,0.0000,0.0000

5728.6190,-0.0380,0.0000,0.0000,0.0000

5729.6200,-0.0380,0.0000,0.0000,0.0000

5730.6200,-0.0380,0.0000,0.0000,0.0000

5731.6190,-0.0380,0.0000,0.0000,0.0000

5732.6190,-0.0380,0.0000,0.0000,0.0000

5733.6190,-0.0380,0.0000,0.0000,0.0000

5734.6190,-0.0380,0.0000,0.0000,0.0000

5735.6190,-0.0380,0.0000,0.0000,0.0000

5736.6190,-0.0380,0.0000,0.0000,0.0000

5737.6190,-0.0380,0.0000,0.0000,0.0000

5738.6190,-0.0380,0.0000,0.0000,0.0000

5739.6190,-0.0380,0.0000,0.0000,0.0000

5740.6190,-0.0380,0.0000,0.0000,0.0000

5741.6190,-0.0380,0.0000,0.0000,0.0000

5742.6190,-0.0380,0.0000,0.0000,0.0000

5743.6200,-0.0380,0.0000,0.0000,0.0000

5744.6190,-0.0380,0.0000,0.0000,0.0000

5745.6190,-0.0380,0.0000,0.0000,0.0000

5746.6200,-0.0380,0.0000,0.0000,0.0000

5747.6200,-0.0380,0.0000,0.0000,0.0000

5748.6190,-0.0380,0.0000,0.0000,0.0000

5749.6200,-0.0380,0.0000,0.0000,0.0000

5750.6190,-0.0380,0.0000,0.0000,0.0000

5751.6190,-0.0380,0.0000,0.0000,0.0000

5752.6200,-0.0380,0.0000,0.0000,0.0000

5753.6190,-0.0380,0.0000,0.0000,0.0000

5754.6190,-0.0380,0.0000,0.0000,0.0000

5755.6200,-0.0380,0.0000,0.0000,0.0000

5756.6200,-0.0380,0.0000,0.0000,0.0000

5757.6190,-0.0380,0.0000,0.0000,0.0000

5758.6190,-0.0380,0.0000,0.0000,0.0000

5759.6200,-0.0380,0.0000,0.0000,0.0000

5760.6190,-0.0380,0.0000,0.0000,0.0000

5761.6190,-0.0380,0.0000,0.0000,0.0000

5762.6200,-0.0380,0.0000,0.0000,0.0000

5763.6190,-0.0380,0.0000,0.0000,0.0000

5764.6190,-0.0380,0.0000,0.0000,0.0000

5765.6190,-0.0380,0.0000,0.0000,0.0000

5766.6200,-0.0380,0.0000,0.0000,0.0000

5767.6190,-0.0380,0.0000,0.0000,0.0000

5768.6190,-0.0380,0.0000,0.0000,0.0000

5769.6190,-0.0380,0.0000,0.0000,0.0000

5770.6190,-0.0380,0.0000,0.0000,0.0000

5771.6200,-0.0380,0.0000,0.0000,0.0000

5772.6190,-0.0380,0.0000,0.0000,0.0000

5773.6200,-0.0380,0.0000,0.0000,0.0000

5774.6190,-0.0380,0.0000,0.0000,0.0000

5775.6190,-0.0380,0.0000,0.0000,0.0000

5776.6190,-0.0380,0.0000,0.0000,0.0000

5777.6190,-0.0380,0.0000,0.0000,0.0000

5778.6200,-0.0380,0.0000,0.0000,0.0000

5779.6190,-0.0380,0.0000,0.0000,0.0000

5780.6190,-0.0380,0.0000,0.0000,0.0000

5781.6190,-0.0380,0.0000,0.0000,0.0000

5782.6190,-0.0380,0.0000,0.0000,0.0000

5783.6190,-0.0380,0.0000,0.0000,0.0000

5784.6200,-0.0380,0.0000,0.0000,0.0000

5785.6190,-0.0380,0.0000,0.0000,0.0000

5786.6190,-0.0380,0.0000,0.0000,0.0000

5787.6200,-0.0380,0.0000,0.0000,0.0000

5788.6190,-0.0380,0.0000,0.0000,0.0000

5789.6190,-0.0380,0.0000,0.0000,0.0000

5790.6190,-0.0380,0.0000,0.0000,0.0000

5791.6190,-0.0380,0.0000,0.0000,0.0000

5792.6190,-0.0380,0.0000,0.0000,0.0000

5793.6190,-0.0380,0.0000,0.0000,0.0000

5794.6190,-0.0380,0.0000,0.0000,0.0000

5795.6190,-0.0380,0.0000,0.0000,0.0000

5796.6200,-0.0380,0.0000,0.0000,0.0000

5797.6190,-0.0380,0.0000,0.0000,0.0000

5798.6190,-0.0380,0.0000,0.0000,0.0000

5799.6190,-0.0380,0.0000,0.0000,0.0000

5800.6190,-0.0380,0.0000,0.0000,0.0000

5801.6190,-0.0380,0.0000,0.0000,0.0000

5802.6190,-0.0380,0.0000,0.0000,0.0000

5803.6190,-0.0380,0.0000,0.0000,0.0000

5804.6190,-0.0380,0.0000,0.0000,0.0000

5805.6190,-0.0380,0.0000,0.0000,0.0000

5806.6190,-0.0380,0.0000,0.0000,0.0000

5807.6190,-0.0380,0.0000,0.0000,0.0000

5808.6200,-0.0380,0.0000,0.0000,0.0000

5809.6190,-0.0380,0.0000,0.0000,0.0000

5810.6200,-0.0380,0.0000,0.0000,0.0000

5811.6200,-0.0380,0.0000,0.0000,0.0000

5812.6190,-0.0380,0.0000,0.0000,0.0000

5813.6190,-0.0380,0.0000,0.0000,0.0000

5814.6190,-0.0380,0.0000,0.0000,0.0000

5815.6190,-0.0380,0.0000,0.0000,0.0000

5816.6190,-0.0380,0.0000,0.0000,0.0000

5817.6190,-0.0380,0.0000,0.0000,0.0000

5818.6190,-0.0380,0.0000,0.0000,0.0000

5819.6190,-0.0380,0.0000,0.0000,0.0000

5820.6200,-0.0380,0.0000,0.0000,0.0000

5821.6190,-0.0380,0.0000,0.0000,0.0000

5822.6190,-0.0380,0.0000,0.0000,0.0000

5823.6190,-0.0380,0.0000,0.0000,0.0000

5824.6210,-0.0380,0.0000,0.0000,0.0000

5825.6200,-0.0380,0.0000,0.0000,0.0000

5826.6190,-0.0380,0.0000,0.0000,0.0000

5827.6200,-0.0380,0.0000,0.0000,0.0000

5828.6190,-0.0380,0.0000,0.0000,0.0000

5829.6190,-0.0380,0.0000,0.0000,0.0000

5830.6190,-0.0380,0.0000,0.0000,0.0000

5831.6190,-0.0380,0.0000,0.0000,0.0000

5832.6190,-0.0380,0.0000,0.0000,0.0000

5833.6190,-0.0380,0.0000,0.0000,0.0000

5834.6200,-0.0380,0.0000,0.0000,0.0000

5835.6190,-0.0380,0.0000,0.0000,0.0000

5836.6190,-0.0380,0.0000,0.0000,0.0000

5837.6190,-0.0380,0.0000,0.0000,0.0000

5838.6190,-0.0380,0.0000,0.0000,0.0000

5839.6190,-0.0380,0.0000,0.0000,0.0000

5840.6190,-0.0380,0.0000,0.0000,0.0000

5841.6190,-0.0380,0.0000,0.0000,0.0000

5842.6190,-0.0380,0.0000,0.0000,0.0000

5843.6190,-0.0380,0.0000,0.0000,0.0000

5844.6190,-0.0380,0.0000,0.0000,0.0000

5845.6190,-0.0380,0.0000,0.0000,0.0000

5846.6200,-0.0380,0.0000,0.0000,0.0000

5847.6200,-0.0380,0.0000,0.0000,0.0000

5848.6190,-0.0380,0.0000,0.0000,0.0000

5849.6190,-0.0380,0.0000,0.0000,0.0000

5850.6190,-0.0380,0.0000,0.0000,0.0000

5851.6190,-0.0380,0.0000,0.0000,0.0000

5852.6190,-0.0380,0.0000,0.0000,0.0000

5853.6190,-0.0380,0.0000,0.0000,0.0000

5854.6190,-0.0380,0.0000,0.0000,0.0000

5855.6190,-0.0380,0.0000,0.0000,0.0000

5856.6190,-0.0380,0.0000,0.0000,0.0000

5857.6190,-0.0380,0.0000,0.0000,0.0000

5858.6190,-0.0380,0.0000,0.0000,0.0000

5859.6190,-0.0380,0.0000,0.0000,0.0000

5860.6190,-0.0380,0.0000,0.0000,0.0000

5861.6190,-0.0380,0.0000,0.0000,0.0000

5862.6190,-0.0380,0.0000,0.0000,0.0000

5863.6190,-0.0380,0.0000,0.0000,0.0000

5864.6190,-0.0380,0.0000,0.0000,0.0000

5865.6190,-0.0380,0.0000,0.0000,0.0000

5866.6190,-0.0380,0.0000,0.0000,0.0000

5867.6190,-0.0380,0.0000,0.0000,0.0000

5868.6200,-0.0380,0.0000,0.0000,0.0000

5869.6190,-0.0380,0.0000,0.0000,0.0000

5870.6190,-0.0380,0.0000,0.0000,0.0000

5871.6190,-0.0380,0.0000,0.0000,0.0000

5872.6200,-0.0380,0.0000,0.0000,0.0000

5873.6190,-0.0380,0.0000,0.0000,0.0000

5874.6200,-0.0380,0.0000,0.0000,0.0000

5875.6190,-0.0380,0.0000,0.0000,0.0000

5876.6190,-0.0380,0.0000,0.0000,0.0000

5877.6190,-0.0380,0.0000,0.0000,0.0000

5878.6190,-0.0380,0.0000,0.0000,0.0000

5879.6190,-0.0380,0.0000,0.0000,0.0000

5880.6190,-0.0380,0.0000,0.0000,0.0000

5881.6190,-0.0380,0.0000,0.0000,0.0000

5882.6200,-0.0380,0.0000,0.0000,0.0000

5883.6190,-0.0380,0.0000,0.0000,0.0000

5884.6190,-0.0380,0.0000,0.0000,0.0000

5885.6190,-0.0380,0.0000,0.0000,0.0000

5886.6190,-0.0380,0.0000,0.0000,0.0000

5887.6190,-0.0380,0.0000,0.0000,0.0000

5888.6190,-0.0380,0.0000,0.0000,0.0000

5889.6190,-0.0380,0.0000,0.0000,0.0000

5890.6200,-0.0380,0.0000,0.0000,0.0000

5891.6200,-0.0380,0.0000,0.0000,0.0000

5892.6190,-0.0380,0.0000,0.0000,0.0000

5893.6190,-0.0380,0.0000,0.0000,0.0000

5894.6200,-0.0380,0.0000,0.0000,0.0000

5895.6190,-0.0380,0.0000,0.0000,0.0000

5896.6200,-0.0380,0.0000,0.0000,0.0000

5897.6190,-0.0380,0.0000,0.0000,0.0000

5898.6200,-0.0380,0.0000,0.0000,0.0000

5899.6190,-0.0380,0.0000,0.0000,0.0000

5900.6190,-0.0380,0.0000,0.0000,0.0000

5901.6190,-0.0380,0.0000,0.0000,0.0000

5902.6190,-0.0380,0.0000,0.0000,0.0000

5903.6200,-0.0380,0.0000,0.0000,0.0000

5904.6190,-0.0380,0.0000,0.0000,0.0000

5905.6190,-0.0380,0.0000,0.0000,0.0000

5906.6190,-0.0380,0.0000,0.0000,0.0000

5907.6200,-0.0380,0.0000,0.0000,0.0000

5908.6190,-0.0380,0.0000,0.0000,0.0000

5909.6200,-0.0380,0.0000,0.0000,0.0000

5910.6190,-0.0380,0.0000,0.0000,0.0000

5911.6190,-0.0380,0.0000,0.0000,0.0000

5912.6200,-0.0380,0.0000,0.0000,0.0000

5913.6190,-0.0380,0.0000,0.0000,0.0000

5914.6190,-0.0380,0.0000,0.0000,0.0000

5915.6190,-0.0380,0.0000,0.0000,0.0000

5916.6190,-0.0380,0.0000,0.0000,0.0000

5917.6190,-0.0380,0.0000,0.0000,0.0000

5918.6190,-0.0380,0.0000,0.0000,0.0000

5919.6190,-0.0380,0.0000,0.0000,0.0000

5920.6200,-0.0380,0.0000,0.0000,0.0000

5921.6190,-0.0380,0.0000,0.0000,0.0000

5922.6190,-0.0380,0.0000,0.0000,0.0000

5923.6190,-0.0380,0.0000,0.0000,0.0000

5924.6190,-0.0380,0.0000,0.0000,0.0000

5925.6190,-0.0380,0.0000,0.0000,0.0000

5926.6190,-0.0380,0.0000,0.0000,0.0000

5927.6190,-0.0380,0.0000,0.0000,0.0000

5928.6200,-0.0380,0.0000,0.0000,0.0000

5929.6200,-0.0380,0.0000,0.0000,0.0000

5930.6190,-0.0380,0.0000,0.0000,0.0000

5931.6190,-0.0380,0.0000,0.0000,0.0000

5932.6190,-0.0380,0.0000,0.0000,0.0000

5933.6190,-0.0380,0.0000,0.0000,0.0000

5934.6200,-0.0380,0.0000,0.0000,0.0000

5935.6200,-0.0380,0.0000,0.0000,0.0000

5936.6190,-0.0380,0.0000,0.0000,0.0000

5937.6190,-0.0380,0.0000,0.0000,0.0000

5938.6190,-0.0380,0.0000,0.0000,0.0000

5939.6190,-0.0380,0.0000,0.0000,0.0000

5940.6190,-0.0380,0.0000,0.0000,0.0000

5941.6190,-0.0380,0.0000,0.0000,0.0000

5942.6190,-0.0380,0.0000,0.0000,0.0000

5943.6190,-0.0380,0.0000,0.0000,0.0000

5944.6190,-0.0380,0.0000,0.0000,0.0000

5945.6190,-0.0380,0.0000,0.0000,0.0000

5946.6190,-0.0380,0.0000,0.0000,0.0000

5947.6190,-0.0380,0.0000,0.0000,0.0000

5948.6190,-0.0380,0.0000,0.0000,0.0000

5949.6190,-0.0380,0.0000,0.0000,0.0000

5950.6190,-0.0380,0.0000,0.0000,0.0000

5951.6190,-0.0380,0.0000,0.0000,0.0000

5952.6200,-0.0380,0.0000,0.0000,0.0000

5953.6190,-0.0380,0.0000,0.0000,0.0000

5954.6190,-0.0380,0.0000,0.0000,0.0000

5955.6190,-0.0380,0.0000,0.0000,0.0000

5956.6190,-0.0380,0.0000,0.0000,0.0000

5957.6190,-0.0380,0.0000,0.0000,0.0000

5958.6190,-0.0380,0.0000,0.0000,0.0000

5959.6190,-0.0380,0.0000,0.0000,0.0000

5960.6190,-0.0380,0.0000,0.0000,0.0000

5961.6190,-0.0380,0.0000,0.0000,0.0000

5962.6190,-0.0380,0.0000,0.0000,0.0000

5963.6190,-0.0380,0.0000,0.0000,0.0000

5964.6190,-0.0380,0.0000,0.0000,0.0000

5965.6190,-0.0380,0.0000,0.0000,0.0000

5966.6190,-0.0380,0.0000,0.0000,0.0000

5967.6190,-0.0380,0.0000,0.0000,0.0000

5968.6200,-0.0380,0.0000,0.0000,0.0000

5969.6190,-0.0380,0.0000,0.0000,0.0000

5970.6190,-0.0380,0.0000,0.0000,0.0000

5971.6190,-0.0380,0.0000,0.0000,0.0000

5972.6190,-0.0380,0.0000,0.0000,0.0000

5973.6190,-0.0380,0.0000,0.0000,0.0000

5974.6190,-0.0380,0.0000,0.0000,0.0000

5975.6190,-0.0380,0.0000,0.0000,0.0000

5976.6190,-0.0380,0.0000,0.0000,0.0000

5977.6190,-0.0380,0.0000,0.0000,0.0000

5978.6190,-0.0380,0.0000,0.0000,0.0000

5979.6190,-0.0380,0.0000,0.0000,0.0000

5980.6190,-0.0380,0.0000,0.0000,0.0000

5981.6190,-0.0380,0.0000,0.0000,0.0000

5982.6190,-0.0380,0.0000,0.0000,0.0000

5983.6190,-0.0380,0.0000,0.0000,0.0000

5984.6190,-0.0380,0.0000,0.0000,0.0000

5985.6200,-0.0380,0.0000,0.0000,0.0000

5986.6190,-0.0380,0.0000,0.0000,0.0000

5987.6190,-0.0380,0.0000,0.0000,0.0000

5988.6200,-0.0380,0.0000,0.0000,0.0000

5989.6200,-0.0380,0.0000,0.0000,0.0000

5990.6190,-0.0380,0.0000,0.0000,0.0000

5991.6190,-0.0380,0.0000,0.0000,0.0000

5992.6200,-0.0380,0.0000,0.0000,0.0000

5993.6190,-0.0380,0.0000,0.0000,0.0000

5994.6200,-0.0380,0.0000,0.0000,0.0000

5995.6190,-0.0380,0.0000,0.0000,0.0000

5996.6190,-0.0380,0.0000,0.0000,0.0000

5997.6190,-0.0380,0.0000,0.0000,0.0000

5998.6190,-0.0380,0.0000,0.0000,0.0000

5999.6190,-0.0380,0.0000,0.0000,0.0000

6000.6190,-0.0380,0.0000,0.0000,0.0000

6001.6190,-0.0380,0.0000,0.0000,0.0000

6002.6190,-0.0380,0.0000,0.0000,0.0000

6003.6190,-0.0380,0.0000,0.0000,0.0000

6004.6190,-0.0380,0.0000,0.0000,0.0000

6005.6190,-0.0380,0.0000,0.0000,0.0000

6006.6190,-0.0380,0.0000,0.0000,0.0000

6007.6220,-0.0380,0.0000,0.0000,0.0000

6008.6200,-0.0380,0.0000,0.0000,0.0000

6009.6190,-0.0332,0.0501,0.0000,0.0000

6011.4780,-0.0288,0.0450,0.0000,0.0000

6013.2050,-0.0245,0.0450,0.0000,0.0000

6015.1560,0.0813,1.0946,0.0000,0.0000

6016.9030,0.1930,1.1563,0.0000,0.0000

6018.6060,0.3032,1.1409,0.0000,0.0000

6020.3220,0.4134,1.1409,0.0000,0.0000

6021.9550,0.5236,1.1409,0.0000,0.0000

6023.7910,0.6343,1.1461,0.0000,0.0000

6025.5260,0.7435,1.1306,0.0000,0.0000

6027.2750,0.8494,1.1461,0.0000,0.0000

6029.0250,0.9548,1.1358,0.0000,0.0000

6030.7920,1.0611,1.1461,0.0000,0.0000

6032.5250,1.0636,1.1203,0.0000,0.0000

6034.2750,1.0626,1.1461,0.0000,0.0000

6036.0300,1.0611,1.1255,0.0000,0.0000

6037.7330,1.0577,1.1049,0.0000,0.0000

6039.4440,1.0726,1.2953,0.0000,0.0000

6041.1840,1.0919,1.3467,0.0000,0.0000

6042.9510,1.1138,1.3570,0.0000,0.0000

6044.6870,1.1347,1.3621,0.0000,0.0000

6046.4100,1.1595,1.3930,0.0000,0.0000

6048.1530,1.1859,1.4187,0.0000,0.0000

6049.9660,1.2117,1.3879,0.0000,0.0000

6051.7310,1.2366,1.4033,0.0000,0.0000

6053.4850,1.2609,1.3776,0.0000,0.0000

6055.2610,1.2903,1.4085,0.0000,0.0000

6057.0590,1.3017,1.4136,0.0000,0.0000

6058.8820,1.3067,1.3982,0.0000,0.0000

6060.6690,1.3106,1.3982,0.0000,0.0000

6062.3870,1.3151,1.4085,0.0000,0.0000

6064.1530,1.3166,1.4085,0.0000,0.0000

6065.9690,1.3126,1.3776,0.0000,0.0000

6067.7520,1.3136,1.3982,0.0000,0.0000

6069.4820,1.3131,1.3982,0.0000,0.0000

6071.2810,1.3141,1.3879,0.0000,0.0000

6073.0670,1.3146,1.4136,0.0000,0.0000

6074.8640,1.3141,1.4085,0.0000,0.0000

6076.5710,1.3136,1.3930,0.0000,0.0000

6078.3210,1.3141,1.4033,0.0000,0.0000

6080.0630,1.3131,1.3982,0.0000,0.0000

6081.9080,1.3116,1.3930,0.0000,0.0000

6083.6040,1.3146,1.4085,0.0000,0.0000

6085.3720,1.3186,1.4393,0.0000,0.0000

6087.2160,1.3196,1.4085,0.0000,0.0000

6088.9760,1.3231,1.4239,0.0000,0.0000

6090.7420,1.3226,1.4085,0.0000,0.0000

6092.4640,1.3216,1.3982,0.0000,0.0000

6094.2760,1.3226,1.4033,0.0000,0.0000

6096.0400,1.3216,1.3930,0.0000,0.0000

6097.8960,1.3231,1.4136,0.0000,0.0000

6099.6520,1.3236,1.3982,0.0000,0.0000

6101.4940,1.3241,1.4136,0.0000,0.0000

6103.3240,1.3221,1.4187,0.0000,0.0000

6105.0720,1.3221,1.4085,0.0000,0.0000

6106.9520,1.3216,1.4187,0.0000,0.0000

6108.6820,1.3206,1.3982,0.0000,0.0000

6110.4890,1.3216,1.4085,0.0000,0.0000

6112.2180,1.3191,1.3776,0.0000,0.0000

6113.9930,1.3196,1.3982,0.0000,0.0000

6115.7810,1.3201,1.4187,0.0000,0.0000

6117.4860,1.3216,1.4136,0.0000,0.0000

6119.2360,1.3206,1.4033,0.0000,0.0000

6121.0290,1.3191,1.4033,0.0000,0.0000

6122.7800,1.3216,1.4342,0.0000,0.0000

6124.5160,1.3221,1.4239,0.0000,0.0000

6126.2460,1.3221,1.3982,0.0000,0.0000

6127.9830,1.3196,1.3827,0.0000,0.0000

6129.6860,1.3231,1.4136,0.0000,0.0000

6131.4230,1.3250,1.4187,0.0000,0.0000

6133.1260,1.3241,1.4085,0.0000,0.0000

6134.8450,1.3221,1.3930,0.0000,0.0000

6136.6100,1.3231,1.4136,0.0000,0.0000

6138.3560,1.3241,1.4136,0.0000,0.0000

6140.1240,1.3216,1.4085,0.0000,0.0000

6141.8930,1.3206,1.4136,0.0000,0.0000

6143.6060,1.3196,1.3879,0.0000,0.0000

6145.3290,1.3236,1.4239,0.0000,0.0000

6147.0390,1.3221,1.3982,0.0000,0.0000

6148.7560,1.3221,1.4187,0.0000,0.0000

6150.4700,1.3211,1.3982,0.0000,0.0000

6152.2320,1.3231,1.4136,0.0000,0.0000

6153.9610,1.3231,1.4136,0.0000,0.0000

6155.7030,1.3211,1.3930,0.0000,0.0000

6157.4270,1.3221,1.4187,0.0000,0.0000

6159.1350,1.3201,1.3930,0.0000,0.0000

6160.8320,1.3216,1.4033,0.0000,0.0000

6162.5700,1.3206,1.4136,0.0000,0.0000

6164.2840,1.3211,1.4033,0.0000,0.0000

6166.0210,1.3211,1.4187,0.0000,0.0000

6167.7470,1.3221,1.4085,0.0000,0.0000

6169.4550,1.3221,1.4136,0.0000,0.0000

6171.2160,1.3216,1.4085,0.0000,0.0000

6172.9470,1.3236,1.4136,0.0000,0.0000

6174.6700,1.3250,1.4342,0.0000,0.0000

6176.4280,1.3255,1.3982,0.0000,0.0000

6178.1570,1.3255,1.4033,0.0000,0.0000

6179.9360,1.3255,1.4136,0.0000,0.0000

6181.6620,1.3295,1.4445,0.0000,0.0000

6183.3750,1.3285,1.4085,0.0000,0.0000

6185.0860,1.3295,1.4187,0.0000,0.0000

6186.8100,1.3280,1.3982,0.0000,0.0000

6188.5530,1.3295,1.4239,0.0000,0.0000

6190.2650,1.3285,1.4033,0.0000,0.0000

6192.0050,1.3260,1.4085,0.0000,0.0000

6193.7200,1.3285,1.4239,0.0000,0.0000

6195.4720,1.3310,1.4290,0.0000,0.0000

6197.2010,1.3305,1.4085,0.0000,0.0000

6198.9530,1.3260,1.3982,0.0000,0.0000

6200.6820,1.3270,1.4187,0.0000,0.0000

6202.4030,1.3275,1.4239,0.0000,0.0000

6204.1180,1.3280,1.4033,0.0000,0.0000

6205.8370,1.3280,1.4239,0.0000,0.0000

6207.5620,1.3310,1.4342,0.0000,0.0000

6209.3090,1.3310,1.4085,0.0000,0.0000

6211.0440,1.3270,1.3827,0.0000,0.0000

6212.7940,1.3246,1.4033,0.0000,0.0000

6214.5560,1.3250,1.4136,0.0000,0.0000

6216.3190,1.3265,1.4136,0.0000,0.0000

6218.0540,1.3255,1.4085,0.0000,0.0000

6219.7820,1.3236,1.4033,0.0000,0.0000

6221.5120,1.3241,1.4085,0.0000,0.0000

6223.2180,1.3226,1.4085,0.0000,0.0000

6224.9790,1.3201,1.4085,0.0000,0.0000

6226.7000,1.3231,1.4393,0.0000,0.0000

6228.4300,1.3270,1.4239,0.0000,0.0000

6230.1560,1.3285,1.4187,0.0000,0.0000

6231.8740,1.3275,1.4033,0.0000,0.0000

6233.5980,1.3270,1.4085,0.0000,0.0000

6235.3730,1.3275,1.4136,0.0000,0.0000

6237.1490,1.3275,1.4033,0.0000,0.0000

6238.9000,1.3275,1.4085,0.0000,0.0000

6240.6390,1.3275,1.4085,0.0000,0.0000

6242.3690,1.3275,1.4085,0.0000,0.0000

6244.1070,1.3270,1.4342,0.0000,0.0000

6245.8510,1.3246,1.3982,0.0000,0.0000

6247.5720,1.3206,1.3776,0.0000,0.0000

6249.3060,1.3206,1.4033,0.0000,0.0000

6251.0590,1.3206,1.4085,0.0000,0.0000

6252.7580,1.3216,1.4239,0.0000,0.0000

6254.5120,1.3211,1.3982,0.0000,0.0000

6256.2450,1.3211,1.4085,0.0000,0.0000

6257.9930,1.3196,1.3930,0.0000,0.0000

6259.7030,1.3206,1.4187,0.0000,0.0000

6261.4300,1.3181,1.4085,0.0000,0.0000

6263.1940,1.3176,1.3930,0.0000,0.0000

6264.9440,1.3191,1.3930,0.0000,0.0000

6266.6880,1.3206,1.4187,0.0000,0.0000

6268.4140,1.3201,1.4033,0.0000,0.0000

6270.1550,1.3186,1.4085,0.0000,0.0000

6271.9190,1.3181,1.3930,0.0000,0.0000

6273.6650,1.3186,1.4136,0.0000,0.0000

6275.4310,1.3176,1.3827,0.0000,0.0000

6277.2000,1.3201,1.4445,0.0000,0.0000

6278.9790,1.3211,1.4187,0.0000,0.0000

6280.6970,1.3221,1.4033,0.0000,0.0000

6282.4300,1.3221,1.3930,0.0000,0.0000

6284.2020,1.3211,1.4085,0.0000,0.0000

6285.9340,1.3216,1.4085,0.0000,0.0000

6287.6760,1.3236,1.4290,0.0000,0.0000

6289.4220,1.3241,1.3982,0.0000,0.0000

6291.1670,1.3236,1.4085,0.0000,0.0000

6292.9440,1.3280,1.4290,0.0000,0.0000

6294.8800,1.3241,1.4033,0.0000,0.0000

6296.6970,1.3236,1.4136,0.0000,0.0000

6298.4780,1.3246,1.4136,0.0000,0.0000

6300.2130,1.3265,1.4136,0.0000,0.0000

6301.9450,1.3255,1.3982,0.0000,0.0000

6303.7730,1.3260,1.4136,0.0000,0.0000

6305.5120,1.3231,1.3982,0.0000,0.0000

6307.2620,1.3241,1.4085,0.0000,0.0000

6308.9860,1.3255,1.4239,0.0000,0.0000

6310.7120,1.3285,1.4599,0.0000,0.0000

6312.4500,1.3280,1.3982,0.0000,0.0000

6314.2060,1.3305,1.4393,0.0000,0.0000

6315.9950,1.3300,1.4085,0.0000,0.0000

6317.7190,1.3285,1.3982,0.0000,0.0000

6319.4630,1.3305,1.4187,0.0000,0.0000

6321.2220,1.3310,1.4187,0.0000,0.0000

6322.9520,1.3325,1.4136,0.0000,0.0000

6324.7170,1.3320,1.4033,0.0000,0.0000

6326.4680,1.3315,1.4187,0.0000,0.0000

6328.1820,1.3265,1.4085,0.0000,0.0000

6329.9670,1.3260,1.3930,0.0000,0.0000

6331.7140,1.3231,1.4085,0.0000,0.0000

6333.4400,1.3236,1.4136,0.0000,0.0000

6335.1830,1.3241,1.4033,0.0000,0.0000

6336.9460,1.3241,1.4187,0.0000,0.0000

6338.7120,1.3241,1.4187,0.0000,0.0000

6340.4650,1.3241,1.4136,0.0000,0.0000

6342.1920,1.3231,1.3930,0.0000,0.0000

6343.9520,1.3221,1.4085,0.0000,0.0000

6345.7000,1.3221,1.4085,0.0000,0.0000

6347.5120,1.3241,1.4136,0.0000,0.0000

6349.2620,1.3246,1.4136,0.0000,0.0000

6350.9950,1.3226,1.3930,0.0000,0.0000

6352.7640,1.3206,1.3827,0.0000,0.0000

6354.4920,1.3191,1.4033,0.0000,0.0000

6356.2420,1.3191,1.4187,0.0000,0.0000

6358.0130,1.3181,1.4033,0.0000,0.0000

6359.7500,1.3196,1.4085,0.0000,0.0000

6361.4620,1.3196,1.4085,0.0000,0.0000

6363.2040,1.3181,1.3930,0.0000,0.0000

6364.9300,1.3186,1.4187,0.0000,0.0000

6366.6830,1.3191,1.4187,0.0000,0.0000

6368.4190,1.3196,1.3982,0.0000,0.0000

6370.1630,1.3226,1.4136,0.0000,0.0000

6371.8870,1.3226,1.4033,0.0000,0.0000

6373.6280,1.3221,1.4136,0.0000,0.0000

6375.3640,1.3226,1.4085,0.0000,0.0000

6377.0930,1.3226,1.4085,0.0000,0.0000

6378.8800,1.3236,1.4187,0.0000,0.0000

6380.6510,1.3255,1.4136,0.0000,0.0000

6382.4010,1.3236,1.3982,0.0000,0.0000

6384.1490,1.3226,1.4085,0.0000,0.0000

6385.8870,1.3250,1.4239,0.0000,0.0000

6387.6360,1.3241,1.4033,0.0000,0.0000

6389.4200,1.3241,1.4033,0.0000,0.0000

6391.1470,1.3241,1.4136,0.0000,0.0000

6392.9240,1.3255,1.4239,0.0000,0.0000

6394.6570,1.3255,1.4085,0.0000,0.0000

6396.4020,1.3241,1.4033,0.0000,0.0000

6398.1230,1.3236,1.4085,0.0000,0.0000

6399.8590,1.3250,1.4136,0.0000,0.0000

6401.6350,1.3250,1.4085,0.0000,0.0000

6403.3890,1.3241,1.4136,0.0000,0.0000

6405.1210,1.3250,1.4136,0.0000,0.0000

6406.8400,1.3260,1.4136,0.0000,0.0000

6408.5610,1.3255,1.4085,0.0000,0.0000

6410.2920,1.3246,1.4136,0.0000,0.0000

6412.0190,1.3221,1.3827,0.0000,0.0000

6413.7670,1.3221,1.4033,0.0000,0.0000

6415.4800,1.3221,1.4085,0.0000,0.0000

6417.2140,1.3231,1.4239,0.0000,0.0000

6418.9590,1.3241,1.4187,0.0000,0.0000

6420.7000,1.3231,1.4033,0.0000,0.0000

6422.4540,1.3216,1.3982,0.0000,0.0000

6424.1880,1.3191,1.3879,0.0000,0.0000

6425.9320,1.3201,1.4187,0.0000,0.0000

6427.7050,1.3246,1.4599,0.0000,0.0000

6429.4180,1.3330,1.4702,0.0000,0.0000

6431.1570,1.3400,1.4753,0.0000,0.0000

6432.9010,1.3479,1.4908,0.0000,0.0000

6434.6420,1.3544,1.4908,0.0000,0.0000

6436.3850,1.3618,1.4959,0.0000,0.0000

6438.1110,1.3718,1.5062,0.0000,0.0000

6439.8300,1.3822,1.5062,0.0000,0.0000

6441.5590,1.3941,1.5114,0.0000,0.0000

6443.3240,1.4031,1.5114,0.0000,0.0000

6445.0500,1.4061,1.4908,0.0000,0.0000

6446.8160,1.4085,1.4959,0.0000,0.0000

6448.5230,1.4125,1.5165,0.0000,0.0000

6450.2700,1.4180,1.5474,0.0000,0.0000

6451.9870,1.4185,1.4959,0.0000,0.0000

6453.7470,1.4180,1.4908,0.0000,0.0000

6455.5240,1.4145,1.4702,0.0000,0.0000

6457.2490,1.4150,1.5114,0.0000,0.0000

6458.9740,1.4130,1.4908,0.0000,0.0000

6460.6990,1.4120,1.5011,0.0000,0.0000

6462.4340,1.4140,1.5114,0.0000,0.0000

6464.1990,1.4135,1.4908,0.0000,0.0000

6465.9130,1.4110,1.4908,0.0000,0.0000

6467.6470,1.4051,1.4856,0.0000,0.0000

6469.4050,1.4046,1.4908,0.0000,0.0000

6471.1630,1.4031,1.4753,0.0000,0.0000

6472.8800,1.4061,1.5011,0.0000,0.0000

6474.6330,1.4041,1.4908,0.0000,0.0000

6476.4220,1.4061,1.5114,0.0000,0.0000

6478.1370,1.4061,1.5011,0.0000,0.0000

6479.8500,1.4031,1.4805,0.0000,0.0000

6481.5910,1.4026,1.4856,0.0000,0.0000

6483.3280,1.4041,1.5062,0.0000,0.0000

6485.0850,1.4056,1.5011,0.0000,0.0000

6486.8210,1.4066,1.5011,0.0000,0.0000

6488.5570,1.4095,1.5062,0.0000,0.0000

6490.2710,1.4081,1.4856,0.0000,0.0000

6492.0250,1.4076,1.4856,0.0000,0.0000

6493.7390,1.4051,1.4856,0.0000,0.0000

6495.4570,1.4041,1.4908,0.0000,0.0000

6497.1990,1.4056,1.4959,0.0000,0.0000

6498.9590,1.4061,1.4908,0.0000,0.0000

6500.6740,1.4046,1.4908,0.0000,0.0000

6502.4050,1.4051,1.5062,0.0000,0.0000

6504.1440,1.4046,1.4959,0.0000,0.0000

6505.8810,1.4036,1.4959,0.0000,0.0000

6507.6250,1.4051,1.5011,0.0000,0.0000

6509.3530,1.4066,1.5011,0.0000,0.0000

6511.0840,1.4066,1.4856,0.0000,0.0000

6512.8330,1.4066,1.4908,0.0000,0.0000

6514.5790,1.4066,1.4959,0.0000,0.0000

6516.2980,1.4061,1.4856,0.0000,0.0000

6518.0320,1.4085,1.5165,0.0000,0.0000

6519.7440,1.4085,1.5062,0.0000,0.0000

6521.4810,1.4100,1.5114,0.0000,0.0000

6523.2240,1.4100,1.4959,0.0000,0.0000

6524.9660,1.4473,1.8869,0.0000,0.0000

6526.7140,1.4846,1.8869,0.0000,0.0000

6528.4290,1.5224,1.8767,0.0000,0.0000

6530.1700,1.5601,1.8818,0.0000,0.0000

6531.9110,1.5994,1.9024,0.0000,0.0000

6533.6480,1.6397,1.9024,0.0000,0.0000

6535.3700,1.6759,1.8921,0.0000,0.0000

6537.0850,1.7117,1.8767,0.0000,0.0000

6538.8290,1.7500,1.9075,0.0000,0.0000

6540.5610,1.7893,1.9024,0.0000,0.0000

6542.3130,1.7913,1.9075,0.0000,0.0000

6544.0370,1.7932,1.9075,0.0000,0.0000

6545.7670,1.7947,1.8921,0.0000,0.0000

6547.5170,1.7952,1.8869,0.0000,0.0000

6549.2440,1.7917,1.8664,0.0000,0.0000

6550.9640,1.7913,1.8972,0.0000,0.0000

6552.7130,1.7863,1.8406,0.0000,0.0000

6554.4330,1.7868,1.8818,0.0000,0.0000

6556.1680,1.7858,1.8972,0.0000,0.0000

6557.9020,1.7843,1.8869,0.0000,0.0000

6559.6990,1.7838,1.9024,0.0000,0.0000

6561.4330,1.7808,1.8767,0.0000,0.0000

6563.1680,1.7828,1.9127,0.0000,0.0000

6564.9040,1.7828,1.8869,0.0000,0.0000

6566.6320,1.7833,1.8715,0.0000,0.0000

6568.3560,1.7818,1.8818,0.0000,0.0000

6570.1000,1.7863,1.8869,0.0000,0.0000

6571.8500,1.7873,1.8921,0.0000,0.0000

6573.6070,1.7878,1.9024,0.0000,0.0000

6575.3200,1.7893,1.9024,0.0000,0.0000

6577.0550,1.7873,1.8818,0.0000,0.0000

6578.8010,1.7908,1.9127,0.0000,0.0000

6580.5110,1.7888,1.8921,0.0000,0.0000

6582.2440,1.7917,1.9178,0.0000,0.0000

6583.9810,1.7967,1.9230,0.0000,0.0000

6585.7040,1.8022,1.9384,0.0000,0.0000

6587.4350,1.8062,1.9281,0.0000,0.0000

6589.1710,1.8096,1.9281,0.0000,0.0000

6590.9050,1.8126,1.9333,0.0000,0.0000

6592.6230,1.8141,1.9178,0.0000,0.0000

6594.3490,1.8196,1.9384,0.0000,0.0000

6596.1030,1.8211,1.9281,0.0000,0.0000

6597.8570,1.8255,1.9384,0.0000,0.0000

6599.5940,1.8265,1.9281,0.0000,0.0000

6601.3320,1.8250,1.9075,0.0000,0.0000

6603.1090,1.8255,1.9435,0.0000,0.0000

6604.8410,1.8275,1.9487,0.0000,0.0000

6606.5720,1.8270,1.9230,0.0000,0.0000

6608.3080,1.8290,1.9538,0.0000,0.0000

6610.0460,1.8305,1.9333,0.0000,0.0000

6611.7540,1.8305,1.9384,0.0000,0.0000

6613.5140,1.8300,1.9230,0.0000,0.0000

6615.2410,1.8290,1.9281,0.0000,0.0000

6616.9470,1.8295,1.9333,0.0000,0.0000

6618.6780,1.8385,2.0001,0.0000,0.0000

6620.4270,1.8424,1.9847,0.0000,0.0000

6622.1410,1.8459,1.9847,0.0000,0.0000

6623.8720,1.8569,2.0362,0.0000,0.0000

6625.6240,1.8623,2.0104,0.0000,0.0000

6627.3570,1.8713,2.0259,0.0000,0.0000

6629.1220,1.8802,2.0310,0.0000,0.0000

6630.8590,1.8912,2.0362,0.0000,0.0000

6632.6070,1.9001,2.0207,0.0000,0.0000

6634.3520,1.9100,2.0362,0.0000,0.0000

6636.0870,1.9145,2.0464,0.0000,0.0000

6637.7850,1.9195,2.0362,0.0000,0.0000

6639.5020,1.9235,2.0259,0.0000,0.0000

6641.2050,1.9210,2.0104,0.0000,0.0000

6642.9440,1.9195,1.9950,0.0000,0.0000

6644.7160,1.9195,2.0259,0.0000,0.0000

6646.4460,1.9190,2.0259,0.0000,0.0000

6648.1860,1.9180,2.0259,0.0000,0.0000

6649.9160,1.9190,2.0310,0.0000,0.0000

6651.6470,1.9195,2.0413,0.0000,0.0000

6653.3410,1.9175,2.0259,0.0000,0.0000

6655.0720,1.9175,2.0362,0.0000,0.0000

6656.8040,1.9170,2.0207,0.0000,0.0000

6658.5240,1.9185,2.0259,0.0000,0.0000

6660.2880,1.9289,2.1030,0.0000,0.0000

6662.0420,1.9294,2.0310,0.0000,0.0000

6663.7750,1.9284,2.0156,0.0000,0.0000

6665.5550,1.9269,2.0104,0.0000,0.0000

6667.2960,1.9264,2.0259,0.0000,0.0000

6669.0270,1.9269,2.0464,0.0000,0.0000

6670.7790,1.9274,2.0310,0.0000,0.0000

6672.4860,1.9269,2.0310,0.0000,0.0000

6674.2370,1.9254,2.0053,0.0000,0.0000

6675.9730,1.9249,2.0207,0.0000,0.0000

6677.7250,1.9190,2.0413,0.0000,0.0000

6679.4680,1.9190,2.0310,0.0000,0.0000

6681.1920,1.9220,2.0464,0.0000,0.0000

6682.9200,1.9249,2.0413,0.0000,0.0000

6684.7060,1.9240,2.0156,0.0000,0.0000

6686.4470,1.9165,1.9693,0.0000,0.0000

6688.1600,1.9160,2.0259,0.0000,0.0000

6689.9030,1.9150,2.0207,0.0000,0.0000

6691.6320,1.9175,2.0310,0.0000,0.0000

6693.3560,1.9180,2.0259,0.0000,0.0000

6695.0620,1.9160,2.0207,0.0000,0.0000

6696.7960,1.9175,2.0464,0.0000,0.0000

6698.5070,1.9150,2.0207,0.0000,0.0000

6700.2880,1.9145,2.0362,0.0000,0.0000

6702.0390,1.9165,2.0362,0.0000,0.0000

6703.7600,1.9220,2.0259,0.0000,0.0000

6705.5120,1.9235,2.0413,0.0000,0.0000

6707.2320,1.9230,2.0156,0.0000,0.0000

6708.9790,1.9225,2.0259,0.0000,0.0000

6710.7310,1.9215,2.0156,0.0000,0.0000

6712.4830,1.9205,2.0104,0.0000,0.0000

6714.1850,1.9200,2.0413,0.0000,0.0000

6715.9030,1.9170,1.9898,0.0000,0.0000

6717.6200,1.9160,2.0259,0.0000,0.0000

6719.3200,1.9155,2.0310,0.0000,0.0000

6721.0250,1.9155,2.0259,0.0000,0.0000

6722.7160,1.9140,2.0259,0.0000,0.0000

6724.4540,1.9150,2.0259,0.0000,0.0000

6726.1790,1.9155,2.0310,0.0000,0.0000

6727.8730,1.9175,2.0362,0.0000,0.0000

6729.5730,1.9190,2.0259,0.0000,0.0000

6731.2890,1.9190,2.0413,0.0000,0.0000

6733.0110,1.9220,2.0207,0.0000,0.0000

6734.7590,1.9269,2.0773,0.0000,0.0000

6736.4750,1.9264,2.0259,0.0000,0.0000

6738.2330,1.9274,2.0362,0.0000,0.0000

6739.9690,1.9279,2.0310,0.0000,0.0000

6741.7060,1.9309,2.0567,0.0000,0.0000

6743.4380,1.9289,2.0104,0.0000,0.0000

6745.1840,1.9284,2.0310,0.0000,0.0000

6746.9120,1.9309,2.0516,0.0000,0.0000

6748.6700,1.9309,2.0413,0.0000,0.0000

6750.4000,1.9304,2.0156,0.0000,0.0000

6752.1230,1.9264,2.0362,0.0000,0.0000

6753.8730,1.9274,2.0362,0.0000,0.0000

6755.6070,1.9284,2.0464,0.0000,0.0000

6757.3520,1.9304,2.0516,0.0000,0.0000

6759.0840,1.9294,2.0464,0.0000,0.0000

6760.8220,1.9314,2.0310,0.0000,0.0000

6762.5400,1.9314,2.0310,0.0000,0.0000

6764.2780,1.9299,2.0362,0.0000,0.0000

6766.0420,1.9284,2.0259,0.0000,0.0000

6767.7750,1.9284,2.0156,0.0000,0.0000

6769.4940,1.9284,2.0362,0.0000,0.0000

6771.2070,1.9279,2.0310,0.0000,0.0000

6772.9740,1.9269,2.0362,0.0000,0.0000

6774.7670,1.9249,2.0310,0.0000,0.0000

6776.5250,1.9210,2.0053,0.0000,0.0000

6778.3020,1.9220,2.0413,0.0000,0.0000

6780.0570,1.9220,2.0310,0.0000,0.0000

6781.7770,1.9145,1.9590,0.0000,0.0000

6783.4990,1.9145,2.0259,0.0000,0.0000

6785.2120,1.9155,2.0259,0.0000,0.0000

6786.9630,1.9160,2.0413,0.0000,0.0000

6788.7130,1.9170,2.0413,0.0000,0.0000

6790.4330,1.9160,2.0259,0.0000,0.0000

6792.1490,1.9140,2.0104,0.0000,0.0000

6793.8600,1.9160,2.0259,0.0000,0.0000

6795.6120,1.9230,2.1133,0.0000,0.0000

6797.3540,1.9225,2.0259,0.0000,0.0000

6799.0880,1.9274,2.0104,0.0000,0.0000

6800.8230,1.9284,2.0362,0.0000,0.0000

6802.5610,1.9289,2.0310,0.0000,0.0000

6804.3010,1.9279,2.0310,0.0000,0.0000

6806.0340,1.9274,2.0362,0.0000,0.0000

6807.7780,1.9299,2.0516,0.0000,0.0000

6809.5000,1.9314,2.0259,0.0000,0.0000

6811.2330,1.9324,2.0362,0.0000,0.0000

6812.9480,1.9259,2.0464,0.0000,0.0000

6814.6770,1.9264,2.0310,0.0000,0.0000

6816.3850,1.9299,2.0464,0.0000,0.0000

6818.1280,1.9289,2.0259,0.0000,0.0000

6819.8960,1.9329,2.0722,0.0000,0.0000

6821.6190,1.9324,2.0259,0.0000,0.0000

6823.3860,1.9284,1.9950,0.0000,0.0000

6825.1220,1.9254,2.0207,0.0000,0.0000

6826.8470,1.9230,2.0001,0.0000,0.0000

6828.5730,1.9225,2.0310,0.0000,0.0000

6830.2890,1.9200,2.0207,0.0000,0.0000

6832.0430,1.9200,2.0310,0.0000,0.0000

6833.7630,1.9195,2.0413,0.0000,0.0000

6835.4840,1.9175,2.0053,0.0000,0.0000

6837.2010,1.9130,2.0259,0.0000,0.0000

6838.9200,1.9125,2.0207,0.0000,0.0000

6840.6500,1.9150,2.0207,0.0000,0.0001

6842.3880,1.9165,2.0362,0.0000,0.0000

6844.1080,1.9200,2.0362,0.0000,0.0000

6845.8380,1.9205,2.0362,0.0000,0.0000

6847.5750,1.9215,2.0310,0.0000,0.0000

6849.3260,1.9195,2.0104,0.0000,0.0000

6851.0550,1.9190,2.0362,0.0000,0.0000

6852.7790,1.9289,2.1082,0.0000,0.0000

6854.5120,1.9289,2.0259,0.0000,0.0000

6856.2920,1.9279,2.0104,0.0000,0.0000

6858.0100,1.9294,2.0362,0.0000,0.0000

6859.7460,1.9269,2.0104,0.0000,0.0000

6861.4810,1.9274,2.0413,0.0000,0.0000

6863.1900,1.9235,1.9950,0.0000,0.0000

6864.9350,1.9245,2.0413,0.0000,0.0000

6866.6650,1.9249,2.0156,0.0000,0.0000

6868.4070,1.9230,2.0156,0.0000,0.0000

6870.1320,1.9160,2.0362,0.0000,0.0000

6871.8540,1.9150,2.0156,0.0000,0.0000

6873.6500,1.9170,2.0310,0.0000,0.0000

6875.4040,1.9175,2.0413,0.0000,0.0000

6877.1070,1.9185,2.0207,0.0000,0.0000

6878.8190,1.9175,2.0310,0.0000,0.0000

6880.5380,1.9245,2.0670,0.0000,0.0000

6882.2650,1.9230,2.0259,0.0000,0.0000

6884.0230,1.9240,2.0259,0.0000,0.0000

6885.7470,1.9254,2.0310,0.0000,0.0000

6887.4830,1.9220,2.0001,0.0000,0.0000

6889.2030,1.9235,2.0310,0.0000,0.0000

6890.9280,1.9225,2.0207,0.0000,0.0000

6892.6850,1.9235,2.0516,0.0000,0.0000

6894.4170,1.9235,2.0207,0.0000,0.0000

6896.1330,1.9240,2.0362,0.0000,0.0000

6897.9200,1.9225,2.0516,0.0000,0.0000

6899.6420,1.9215,2.0156,0.0000,0.0000

6901.3740,1.9215,2.0259,0.0000,0.0000

6903.0940,1.9240,2.0567,0.0000,0.0000

6904.8540,1.9259,2.0207,0.0000,0.0000

6906.5900,1.9254,2.0259,0.0000,0.0000

6908.3370,1.9264,2.0310,0.0000,0.0000

6910.0800,1.9240,2.0259,0.0000,0.0000

6911.8050,1.9254,2.0362,0.0000,0.0000

6913.5470,1.9235,2.0156,0.0000,0.0000

6915.2910,1.9205,2.0207,0.0000,0.0000

6917.0280,1.9205,2.0156,0.0000,0.0000

6918.7350,1.9200,2.0207,0.0000,0.0000

6920.4400,1.9170,2.0259,0.0000,0.0000

6922.1700,1.9185,2.0362,0.0000,0.0000

6923.9150,1.9190,2.0310,0.0000,0.0000

6925.6620,1.9200,2.0413,0.0000,0.0000

6927.3860,1.9210,2.0362,0.0000,0.0000

6929.1310,1.9200,2.0259,0.0000,0.0000

6930.8560,1.9225,2.0413,0.0000,0.0000

6932.6180,1.9230,2.0259,0.0000,0.0000

6934.3750,1.9245,2.0310,0.0000,0.0000

6936.1080,1.9249,2.0259,0.0000,0.0000

6937.8670,1.9249,2.0259,0.0000,0.0000

6939.6550,1.9245,2.0310,0.0000,0.0000

6941.3860,1.9240,2.0259,0.0000,0.0000

6943.2020,1.9230,2.0310,0.0000,0.0000

6944.9820,1.9215,2.0207,0.0000,0.0000

6946.7410,1.9220,2.0310,0.0000,0.0000

6948.5250,1.9200,2.0207,0.0000,0.0000

6950.3050,1.9205,2.0310,0.0000,0.0000

6952.0190,1.9200,2.0259,0.0000,0.0000

6953.8100,1.9210,2.0362,0.0000,0.0000

6955.5470,1.9205,2.0207,0.0000,0.0000

6957.2530,1.9215,2.0413,0.0000,0.0000

6959.0040,1.9254,2.0670,0.0000,0.0000

6960.7310,1.9205,1.9796,0.0000,0.0001

6962.4680,1.9210,2.0259,0.0000,0.0000

6964.1960,1.9210,2.0310,0.0000,0.0000

6965.9070,1.9210,2.0207,0.0000,0.0000

6967.6240,1.9215,2.0362,0.0000,0.0000

6969.3420,1.9150,1.9590,0.0000,0.0000

6971.0950,1.9140,2.0259,0.0000,0.0000

6972.8360,1.9135,2.0156,0.0000,0.0001

6974.5550,1.9140,2.0464,0.0000,0.0000

6976.2960,1.9110,2.0362,0.0000,0.0000

6978.0290,1.9155,2.0259,0.0000,0.0000

6979.7960,1.9125,1.9950,0.0000,0.0000

6981.5090,1.9135,2.0413,0.0000,0.0000

6983.2750,1.9135,2.0207,0.0000,0.0000

6985.0110,1.9115,2.0156,0.0000,0.0000

6986.7290,1.9210,2.0567,0.0000,0.0000

6988.4710,1.9200,2.0156,0.0000,0.0000

6990.2310,1.9190,2.0053,0.0000,0.0000

6991.9620,1.9140,1.9950,0.0000,0.0000

6993.7170,1.9130,2.0259,0.0000,0.0000

6995.4570,1.9145,2.0413,0.0000,0.0000

6997.1810,1.9170,2.0207,0.0000,0.0000

6998.8950,1.9140,2.0104,0.0000,0.0000

7000.6330,1.9170,2.0516,0.0000,0.0000

7002.3590,1.9165,2.0104,0.0000,0.0000

7004.0790,1.9110,2.0001,0.0000,0.0000

7005.8100,1.9110,2.0156,0.0000,0.0000

7007.5560,1.9125,2.0207,0.0000,0.0000

7009.2740,1.9135,2.0053,0.0000,0.0000

7011.0430,1.9135,2.0259,0.0000,0.0000

7012.7730,1.9125,2.0310,0.0000,0.0000

7014.4960,1.9120,2.0156,0.0000,0.0001

7016.2290,1.9155,2.0464,0.0000,0.0000

7017.9770,1.9140,2.0362,0.0000,0.0000

7019.7060,1.9150,2.0207,0.0000,0.0000

7021.4520,1.9180,2.0310,0.0000,0.0000

7023.1860,1.9264,2.1030,0.0000,0.0000

7024.9170,1.9259,2.0156,0.0000,0.0000

7026.6370,1.9269,2.0156,0.0000,0.0000

7028.3920,1.9269,2.0259,0.0000,0.0000

7030.1360,1.9259,2.0207,0.0000,0.0000

7031.8740,1.9264,2.0207,0.0000,0.0000

7033.6160,1.9249,2.0310,0.0000,0.0000

7035.3510,1.9235,2.0207,0.0000,0.0000

7037.0670,1.9225,2.0104,0.0000,0.0000

7038.8310,1.9215,2.0207,0.0000,0.0000

7040.5890,1.9105,1.9898,0.0000,0.0000

7042.3060,1.9105,2.0156,0.0000,0.0000

7044.0060,1.9115,2.0259,0.0000,0.0000

7045.7290,1.9105,2.0156,0.0000,0.0000

7047.4490,1.9220,2.1391,0.0000,0.0000

7049.1660,1.9210,2.0104,0.0000,0.0000

7050.8900,1.9205,2.0259,0.0000,0.0000

7052.6060,1.9235,2.0516,0.0000,0.0000

7054.3670,1.9259,2.0362,0.0000,0.0000

7056.0920,1.9264,2.0259,0.0000,0.0000

7057.8260,1.9304,2.0310,0.0000,0.0000

7059.5900,1.9344,2.0567,0.0000,0.0000

7061.3420,1.9339,2.0207,0.0000,0.0000

7063.0590,1.9344,2.0207,0.0000,0.0000

7064.7920,1.9220,2.0104,0.0000,0.0000

7066.5110,1.9245,2.0362,0.0000,0.0000

7068.2680,1.9264,2.0464,0.0000,0.0000

7069.9910,1.9249,2.0362,0.0000,0.0000

7071.7230,1.9249,2.0362,0.0000,0.0000

7073.4460,1.9264,2.0413,0.0000,0.0000

7075.2260,1.9254,2.0207,0.0000,0.0000

7076.9670,1.9235,2.0362,0.0000,0.0000

7078.6990,1.9220,2.0053,0.0000,0.0000

7080.4350,1.9230,2.0310,0.0000,0.0000

7082.1860,1.9235,2.0156,0.0000,0.0000

7083.9420,1.9230,2.0310,0.0000,0.0000

7085.6700,1.9215,2.0310,0.0000,0.0000

7087.3940,1.9205,2.0259,0.0000,0.0000

7089.1500,1.9190,2.0207,0.0000,0.0000

7090.9010,1.9180,2.0310,0.0000,0.0000

7092.6270,1.9200,2.0413,0.0000,0.0000

7094.3890,1.9215,2.0516,0.0000,0.0000

7096.1820,1.9235,2.0259,0.0000,0.0000

7097.9050,1.9230,2.0259,0.0000,0.0000

7099.6350,1.9249,2.0362,0.0000,0.0000

7101.3490,1.9230,2.0104,0.0000,0.0000

7103.0760,1.9230,2.0310,0.0000,0.0000

7104.8020,1.9225,2.0207,0.0000,0.0000

7106.5210,1.9235,2.0310,0.0000,0.0000

7108.2690,1.9220,2.0156,0.0000,0.0000

7110.0420,1.9220,2.0413,0.0000,0.0000

7111.7640,1.9195,2.0259,0.0000,0.0000

7113.4850,1.9170,2.0001,0.0000,0.0000

7115.2290,1.9170,2.0259,0.0000,0.0000

7116.9470,1.9175,2.0413,0.0000,0.0000

7118.6660,1.9185,2.0207,0.0000,0.0000

7120.3970,1.9200,2.0464,0.0000,0.0000

7122.1230,1.9205,2.0259,0.0000,0.0000

7123.8330,1.9210,2.0362,0.0000,0.0000

7125.5740,1.9220,2.0259,0.0000,0.0000

7127.3150,1.9220,2.0413,0.0000,0.0000

7129.0740,1.9230,2.0362,0.0000,0.0001

7130.8060,1.9235,2.0053,0.0000,0.0000

7132.5260,1.9240,2.0310,0.0000,0.0000

7134.2430,1.9215,2.0156,0.0000,0.0000

7135.9830,1.9215,2.0207,0.0000,0.0000

7137.7220,1.9200,2.0310,0.0000,0.0000

7139.5170,1.9215,2.0413,0.0000,0.0000

7141.2860,1.9205,2.0259,0.0000,0.0000

7143.0340,1.9210,2.0310,0.0000,0.0000

7144.7310,1.9195,2.0259,0.0000,0.0000

7146.4660,1.9185,2.0259,0.0000,0.0000

7148.1820,1.9215,2.0362,0.0000,0.0000

7149.9200,1.9190,2.0053,0.0000,0.0000

7151.6860,1.9210,2.0362,0.0000,0.0000

7153.4250,1.9210,2.0207,0.0000,0.0000

7155.1520,1.9225,2.0464,0.0000,0.0000

7156.8830,1.9205,2.0207,0.0000,0.0000

7158.6240,1.9210,2.0310,0.0000,0.0000

7160.3540,1.9215,2.0362,0.0000,0.0000

7162.0830,1.9225,2.0362,0.0000,0.0000

7163.8080,1.9230,2.0310,0.0000,0.0000

7165.5430,1.9249,2.0567,0.0000,0.0000

7167.2760,1.9274,2.0310,0.0000,0.0000

7169.0200,1.9334,2.0979,0.0000,0.0000

7170.7520,1.9329,2.0156,0.0000,0.0000

7172.4970,1.9309,2.0259,0.0000,0.0000

7174.2550,1.9344,2.0567,0.0000,0.0000

7176.0070,1.9334,2.0207,0.0000,0.0000

7177.7210,1.9314,2.0156,0.0000,0.0000

7179.4650,1.9309,2.0310,0.0000,0.0000

7181.1840,1.9314,2.0362,0.0000,0.0000

7182.9060,1.9294,2.0362,0.0000,0.0000

7184.6370,1.9304,2.0413,0.0000,0.0000

7186.3830,1.9240,2.0310,0.0000,0.0000

7188.1220,1.9254,2.0310,0.0000,0.0000

7189.8840,1.9314,2.0876,0.0000,0.0000

7191.6200,1.9289,2.0310,0.0000,0.0000

7193.3570,1.9284,2.0156,0.0000,0.0000

7195.0890,1.9299,2.0310,0.0000,0.0000

7196.8220,1.9329,2.0619,0.0000,0.0000

7198.5450,1.9319,2.0259,0.0000,0.0000

7200.2970,1.9324,2.0413,0.0000,0.0000

7202.0130,1.9324,2.0413,0.0000,0.0000

7203.7450,1.9314,2.0207,0.0000,0.0000

7205.4830,1.9294,2.0104,0.0000,0.0000

7207.2020,1.9264,2.0567,0.0000,0.0000

7208.9180,1.9254,2.0207,0.0000,0.0000

7210.6660,1.9294,2.0567,0.0000,0.0000

7212.4000,1.9294,2.0310,0.0000,0.0000

7214.1760,1.9274,2.0413,0.0000,0.0000

7215.9210,1.9289,2.0413,0.0000,0.0000

7217.6350,1.9284,2.0362,0.0000,0.0000

7219.3670,1.9289,2.0464,0.0000,0.0000

7221.1160,1.9324,2.0567,0.0000,0.0000

7222.8180,1.9329,2.0156,0.0000,0.0000

7224.5530,1.9294,2.0207,0.0000,0.0000

7226.2920,1.9304,2.0310,0.0000,0.0000

7228.0240,1.9284,2.0362,0.0000,0.0000

7229.7380,1.9274,2.0207,0.0000,0.0000

7231.4800,1.9269,2.0362,0.0000,0.0000

7233.1940,1.9245,2.0156,0.0000,0.0000

7234.9350,1.9230,2.0207,0.0000,0.0000

7236.6530,1.9215,2.0310,0.0000,0.0000

7238.4040,1.9175,2.0156,0.0000,0.0000

7240.1370,1.9195,2.0362,0.0000,0.0000

7241.9050,1.9215,2.0413,0.0000,0.0000

7243.6490,1.9220,2.0362,0.0000,0.0000

7245.3790,1.9240,2.0567,0.0000,0.1264

7247.1070,1.9249,2.0310,60.8578,0.3175

7248.8440,1.9230,2.0156,60.8396,0.2504

7250.5680,1.9249,2.0362,60.7097,0.3050

7252.2940,1.9245,2.0156,60.9926,0.3376

7254.0420,1.9249,2.0362,60.5751,0.2628

7255.7670,1.9274,2.0413,60.7459,0.3205

7257.5140,1.9259,2.0207,60.5657,0.2618

7259.2570,1.9235,2.0156,60.6507,0.2837

7260.9810,1.9230,2.0310,60.6887,0.3158

7262.6960,1.9210,2.0362,34.7111,0.0160

7264.4030,1.9230,2.0516,2.7125,0.0051

7266.1320,1.9235,2.0207,0.0000,0.0000

7267.8370,1.9225,2.0259,0.0000,0.0000

7269.5610,1.9235,2.0259,0.0000,0.0107

7271.2890,1.9230,2.0310,60.7300,0.2822

7273.0370,1.9210,2.0207,60.9284,0.2888

7274.7440,1.9235,2.0464,60.7732,0.2329

7276.4700,1.9245,2.0259,60.8957,0.3274

7278.2120,1.9245,2.0310,60.8340,0.3360

7279.9220,1.9230,2.0207,60.6770,0.3221

7281.6550,1.9200,2.0207,60.8282,0.2756

7283.3760,1.9215,2.0362,60.5126,0.2820

7285.0960,1.9205,2.0156,60.9672,0.3165

7286.8570,1.9215,2.0362,60.7642,0.3202

7288.5930,1.9200,2.0156,60.4361,0.3153

7290.3310,1.9200,2.0207,60.8495,0.2852

7292.0740,1.9180,2.0259,60.6970,0.3216

7293.7750,1.9165,2.0104,60.6409,0.2763

7295.5030,1.9155,2.0207,60.8978,0.3288

7297.2450,1.9175,2.0413,60.8129,0.3003

7299.0110,1.9175,2.0207,60.6634,0.3261

7300.7550,1.9190,2.0516,60.7093,0.3290

7302.4960,1.9200,2.0259,60.7384,0.3150

7304.2310,1.9185,2.0207,60.6453,0.2185

7305.9530,1.9195,2.0259,60.7656,0.3364

7307.6860,1.9205,2.0310,60.5757,0.2717

7309.4200,1.9195,2.0156,11.1956,0.0090

7311.1510,1.9249,2.0670,0.0000,0.0012

7312.8890,1.9249,2.0207,0.0000,0.0000

7314.6170,1.9259,2.0516,0.0000,0.0000

7316.3550,1.9274,2.0362,0.0000,0.0000

7318.1060,1.9264,2.0413,0.0000,0.0000

7319.8440,1.9269,2.0310,0.0000,0.0000

7321.5910,1.9259,2.0104,0.0000,0.0000

7323.3100,1.9264,2.0310,0.0000,0.0000

7325.0400,1.9279,2.0464,0.0000,0.0000

7326.7750,1.9294,2.0310,0.0000,0.0000

7328.5150,1.9254,2.0259,0.0000,0.0000

7330.2520,1.9254,2.0207,0.0000,0.0000

7331.9830,1.9220,2.0156,0.0000,0.0000

7333.7170,1.9215,2.0310,0.0000,0.0000

7335.4640,1.9200,2.0259,0.0000,0.0000

7337.2150,1.9200,2.0310,0.0000,0.0000

7338.9330,1.9225,2.0362,0.0000,0.0000

7340.6540,1.9205,2.0104,0.0000,0.0000

7342.3850,1.9185,2.0259,0.0000,0.0000

7344.1220,1.9180,2.0259,0.0000,0.0000

7345.9040,1.9155,2.0001,0.0000,0.0000

7347.6630,1.9170,2.0362,0.0000,0.0000

7349.3870,1.9185,2.0310,0.0000,0.0000

7351.1470,1.9185,2.0310,0.0000,0.0000

7352.9160,1.9180,2.0207,0.0000,0.0000

7354.6800,1.9190,2.0413,0.0000,0.0000

7356.4000,1.9185,2.0310,0.0000,0.0000

7358.1450,1.9220,2.0464,0.0000,0.0000

7359.8500,1.9195,2.0001,0.0000,0.0000

7361.5880,1.9190,2.0207,0.0000,0.0000

7363.3250,1.9220,2.0310,0.0000,0.0000

7365.0570,1.9225,2.0413,0.0000,0.0000

7366.7770,1.9235,2.0413,0.0000,0.0000

7368.5190,1.9215,2.0104,0.0000,0.0000

7370.2580,1.9215,2.0207,0.0000,0.0000

7371.9790,1.9185,2.0104,0.0000,0.0000

7373.7000,1.9175,2.0207,0.0000,0.0000

7375.4230,1.9150,2.0207,0.0000,0.0000

7377.1810,1.9150,2.0001,0.0000,0.0000

7378.8990,1.9165,2.0362,0.0000,0.0000

7380.6580,1.9170,2.0362,0.0000,0.0000

7382.4020,1.9155,2.0259,0.0000,0.0000

7384.1520,1.9160,2.0464,0.0000,0.0000

7385.8880,1.9160,2.0104,0.0000,0.0000

7387.6120,1.9165,2.0259,0.0000,0.0000

7389.3410,1.9175,2.0207,0.0000,0.0000

7391.0570,1.9185,2.0310,0.0000,0.0000

7392.8120,1.9190,2.0259,0.0000,0.0000

7394.5700,1.9220,2.0310,0.0000,0.0000

7396.2950,1.9225,2.0413,0.0000,0.0000

7398.0270,1.9210,2.0207,0.0000,0.0000

7399.7650,1.9249,2.0670,0.0000,0.0000

7401.5110,1.9225,2.0207,0.0000,0.0000

7403.2790,1.9230,2.0156,0.0000,0.0000

7404.9980,1.9235,2.0310,0.0000,0.0000

7406.7340,1.9264,2.0516,0.0000,0.0000

7408.4680,1.9254,2.0207,0.0000,0.0000

7410.1980,1.9240,2.0104,0.0000,0.0000

7411.9300,1.9249,2.0413,0.0000,0.0000

7413.6940,1.9240,2.0310,0.0000,0.0000

7415.4950,1.9230,2.0104,0.0000,0.0000

7417.2280,1.9185,2.0207,0.0000,0.0000

7418.9430,1.9185,2.0207,0.0000,0.0000

7420.6650,1.9210,2.0413,0.0000,0.0000

7422.4000,1.9205,2.0259,0.0000,0.0000

7424.1110,1.9205,2.0516,0.0000,0.0000

7425.8660,1.9205,2.0207,0.0000,0.0000

7427.5910,1.9210,2.0156,0.0000,0.0000

7429.3550,1.9215,2.0464,0.0000,0.0000

7431.0750,1.9195,2.0104,0.0000,0.0000

7432.7970,1.9215,2.0310,0.0000,0.0000

7434.5240,1.9195,2.0001,0.0000,0.0000

7436.2540,1.9220,2.0464,0.0000,0.0000

7437.9870,1.9220,2.0413,0.0000,0.0000

7439.7430,1.9200,2.0053,0.0000,0.0000

7441.4920,1.9170,2.0207,0.0000,0.0000

7443.2430,1.9180,2.0310,0.0000,0.0000

7444.9690,1.9180,2.0156,0.0000,0.0000

7446.7100,1.9160,2.0259,0.0000,0.0000

7448.4350,1.9145,1.9950,0.0000,0.0000

7450.1700,1.9150,2.0362,0.0000,0.0000

7451.9120,1.9160,2.0104,0.0000,0.0000

7453.6380,1.9135,2.0207,0.0000,0.0000

7455.3580,1.9115,2.0207,0.0000,0.0000

7457.1210,1.9145,2.0362,0.0000,0.0000

7458.8850,1.9200,2.0773,0.0000,0.0000

7460.6080,1.9205,2.0362,0.0000,0.0000

7462.3350,1.9240,2.0516,0.0000,0.0000

7464.0930,1.9230,2.0156,0.0000,0.0000

7465.8570,1.9269,2.0362,0.0000,0.0000

7467.6320,1.9294,2.0619,0.0000,0.0000

7469.3860,1.9304,2.0207,0.0000,0.0000

7471.1010,1.9339,2.0567,0.0000,0.0000

7472.8550,1.9349,2.0310,0.0000,0.0000

7474.5900,1.9319,2.0053,0.0000,0.0000

7476.3230,1.9279,2.0362,0.0000,0.0000

7478.0980,1.9274,2.0310,0.0000,0.0000

7479.8550,1.9235,2.0104,0.0000,0.0000

7481.5910,1.9245,2.0259,0.0000,0.0000

7483.3430,1.9254,2.0464,0.0000,0.0000

7485.1060,1.9245,2.0516,0.0000,0.0000

7486.8590,1.9245,2.0207,0.0000,0.0000

7488.5880,1.9279,2.0927,0.0000,0.0000

7490.3100,1.9284,2.0362,0.0000,0.0000

7492.0260,1.9319,2.0413,0.0000,0.0000

7493.7370,1.9314,2.0310,0.0000,0.0000

7495.4470,1.9309,2.0259,0.0000,0.0000

7497.1660,1.9334,2.0362,0.0000,0.0000

7498.8830,1.9324,2.0156,0.0000,0.0000

7500.6050,1.9284,2.0053,0.0000,0.0000

7502.3340,1.9279,2.0464,0.0000,0.0000

7504.0950,1.9299,2.0413,0.0000,0.0000

7505.8250,1.9240,2.0310,0.0000,0.0000

7507.5590,1.9225,2.0207,0.0000,0.0000

7509.2850,1.9200,2.0156,0.0000,0.0000

7511.0370,1.9185,2.0156,0.0000,0.0000

7512.7460,1.9180,2.0207,0.0000,0.0000

7514.4600,1.9155,2.0104,0.0000,0.0000

7516.1600,1.9155,2.0156,0.0000,0.0000

7517.9040,1.9200,2.0516,0.0000,0.0000

7519.6390,1.9185,2.0310,0.0000,0.0001

7521.3890,1.9170,2.0259,0.0000,0.0000

7523.1250,1.9195,2.0567,0.0000,0.0000

7524.8880,1.9195,2.0207,0.0000,0.0000

7526.6360,1.9230,2.0516,0.0000,0.0000

7528.3560,1.9220,2.0053,0.0000,0.0000

7530.0980,1.9249,2.0516,0.0000,0.0000

7531.8380,1.9274,2.0362,0.0000,0.0000

7533.6180,1.9294,2.0362,0.0000,0.0000

7535.3660,1.9349,2.1082,0.0000,0.0000

7537.1090,1.9324,2.0053,0.0000,0.0001

7538.8790,1.9304,2.0053,0.0000,0.0000

7540.6350,1.9279,2.0310,0.0000,0.0000

7542.3890,1.9289,2.0310,0.0000,0.0000

7544.1260,1.9254,2.0156,0.0000,0.0000

7545.8560,1.9279,2.0310,0.0000,0.0000

7547.5630,1.9264,2.0362,0.0000,0.0000

7549.2960,1.9254,2.0259,0.0000,0.0000

7550.9950,1.9230,2.0104,0.0000,0.0000

7552.7270,1.9125,2.0001,0.0000,0.0000

7554.4820,1.9155,2.0362,0.0000,0.0000

7556.2280,1.9160,2.0104,0.0000,0.0000

7557.9770,1.9150,2.0207,0.0000,0.0000

7559.6950,1.9155,2.0362,0.0000,0.0000

7561.4480,1.9185,2.0464,0.0000,0.0000

7563.1850,1.9170,2.0156,0.0000,0.0000

7564.9870,1.9140,2.0053,0.0000,0.0000

7566.7440,1.9145,2.0310,0.0000,0.0000

7568.4780,1.9165,2.0310,0.0000,0.0000

7570.2140,1.9190,2.0259,0.0000,0.2013

7571.9350,1.9165,2.0104,60.4756,0.2290

7573.6590,1.9170,2.0156,60.5619,0.2993

7575.3680,1.9160,2.0104,61.0149,0.2935

7577.1050,1.9140,2.0156,60.5073,0.2579

7578.8330,1.9110,2.0156,60.7531,0.3072

7580.5630,1.9110,2.0156,60.7903,0.3172

7582.2950,1.9135,2.0310,60.7027,0.3213

7584.0260,1.9115,2.0104,61.0204,0.3235

7585.7640,1.9085,2.0001,60.7570,0.2666

7587.5120,1.9071,2.0104,60.5554,0.2888

7589.2180,1.9110,2.0516,60.9374,0.2948

7590.9340,1.9110,2.0156,60.8511,0.2633

7592.6800,1.9105,2.0053,60.7901,0.2859

7594.4270,1.9125,2.0362,60.5453,0.3365

7596.1560,1.9140,2.0310,60.6392,0.3221

7597.9260,1.9135,2.0104,60.9453,0.2441

7599.6670,1.9145,2.0413,60.5995,0.2936

7601.3910,1.9165,2.0310,60.6614,0.3009

7603.1540,1.9200,2.0362,60.7988,0.2786

7604.9020,1.9220,2.0310,60.6089,0.3293

7606.6610,1.9195,2.0259,60.6759,0.2883

7608.4030,1.9195,2.0156,60.6717,0.3313

7610.1650,1.9205,2.0156,60.5356,0.3144

7611.8990,1.9225,2.0567,60.6486,0.2862

7613.6730,1.9254,2.0619,60.6647,0.3279

7615.4040,1.9245,2.0001,60.6566,0.2933

7617.1300,1.9225,2.0207,60.8192,0.2341

7618.8570,1.9235,2.0413,60.7020,0.3287

7620.5680,1.9230,2.0310,60.7624,0.3044

7622.2820,1.9215,2.0156,60.8600,0.2586

7624.0290,1.9215,2.0259,60.6432,0.2682

7625.7550,1.9230,2.0310,60.6692,0.3218

7627.4770,1.9245,2.0310,60.6128,0.3318

7629.2110,1.9210,2.0207,60.6098,0.2850

7630.9520,1.9170,2.0207,60.8965,0.3118

7632.6870,1.9200,2.0310,60.7229,0.2921

7634.4330,1.9200,2.0207,60.7298,0.2822

7636.1660,1.9195,2.0362,60.6532,0.3104

7637.8970,1.9175,2.0104,60.5354,0.3264

7639.6190,1.9195,2.0362,60.5690,0.2717

7641.3590,1.9175,2.0053,60.6839,0.3235

7643.0870,1.9170,2.0259,60.7641,0.2813

7644.8270,1.9170,2.0310,60.8260,0.3086

7646.5910,1.9170,2.0207,60.4873,0.2722

7648.3210,1.9160,2.0104,60.8159,0.2450

7650.0560,1.9170,2.0413,60.8506,0.3311

7651.7760,1.9170,2.0207,60.7878,0.2685

7653.4950,1.9165,2.0310,60.7051,0.2840

7655.2620,1.9155,2.0001,60.6300,0.2663

7657.0120,1.9135,2.0156,60.7132,0.2345

7658.7470,1.9155,2.0259,60.5762,0.3310

7660.5290,1.9170,2.0413,60.6132,0.2792

7662.2650,1.9170,2.0310,60.7583,0.3063

7664.0130,1.9190,2.0413,60.4501,0.2932

7665.7480,1.9195,2.0156,60.5538,0.3062

7667.4750,1.9190,2.0362,60.5925,0.3030

7669.1960,1.9185,2.0156,60.7948,0.2905

7670.9370,1.9190,2.0362,60.5446,0.3008

7672.6630,1.9225,2.0362,60.7216,0.3049

7674.3950,1.9235,2.0259,60.4163,0.2424

7676.1230,1.9254,2.0464,60.6624,0.3258

7677.8460,1.9240,2.0259,60.6600,0.3126

7679.5680,1.9289,2.0825,60.6057,0.3398

7681.2690,1.9269,2.0207,60.5681,0.2924

7682.9910,1.9274,2.0207,60.6545,0.2472

7684.7340,1.9294,2.0567,60.5515,0.3091

7686.4620,1.9289,2.0104,60.5116,0.2991

7688.2470,1.9299,2.0464,60.7339,0.2627

7689.9920,1.9294,2.0310,60.4962,0.3017

7691.7020,1.9289,2.0207,60.7682,0.2408

7693.4490,1.9264,2.0207,60.5504,0.2648

7695.1700,1.9269,2.0310,60.5458,0.2609

7696.9200,1.9215,2.0259,60.6527,0.3334

7698.6940,1.9225,2.0310,60.8344,0.2538

7700.4350,1.9220,2.0156,60.7601,0.3204

7702.1520,1.9200,2.0362,60.4123,0.3085

7703.8900,1.9210,2.0207,60.5521,0.2065

7705.6200,1.9180,2.0156,60.7926,0.3406

7707.3360,1.9180,2.0310,60.4376,0.3201

7709.0730,1.9170,2.0104,60.8198,0.3202

7710.7790,1.9185,2.0362,60.4965,0.3009

7712.5130,1.9210,2.0567,60.6532,0.3238

7714.2610,1.9190,2.0053,60.4988,0.3349

7715.9550,1.9185,2.0259,60.6049,0.2783

7717.6880,1.9185,2.0156,60.6609,0.2855

7719.3980,1.9165,2.0156,60.6026,0.3222

7721.1530,1.9185,2.0413,60.5686,0.2795

7722.9110,1.9220,2.0516,11.8619,0.0103

7724.6350,1.9195,2.0053,1.1456,0.0016

7726.3640,1.9220,2.0362,0.0000,0.0000

7728.1050,1.9215,2.0310,0.0000,0.0000

7729.8580,1.9205,2.0464,0.0000,0.0000

7731.6060,1.9215,2.0156,0.0000,0.0000

7733.3310,1.9220,2.0310,0.0000,0.0000

7735.0910,1.9220,2.0156,0.0000,0.0000

7736.8350,1.9220,2.0156,0.0000,0.0000

7738.6160,1.9175,1.9950,0.0000,0.0000

7740.3880,1.9155,2.0310,0.0000,0.0000

7742.1570,1.9175,2.0259,0.0000,0.0000

7743.8850,1.9200,2.0619,0.0000,0.0000

7745.6230,1.9190,2.0207,0.0000,0.0000

7747.3390,1.9130,1.9847,0.0000,0.0000

7749.0730,1.9130,2.0156,0.0000,0.0000

7750.8030,1.9125,2.0259,0.0000,0.0000

7752.5260,1.9155,2.0464,0.0000,0.0000

7754.2480,1.9165,2.0259,0.0000,0.0000

7755.9970,1.9200,2.0310,0.0000,0.0000

7757.7360,1.9200,2.0310,0.0000,0.0000

7759.4450,1.9215,2.0413,0.0000,0.0000

7761.2170,1.9190,2.0362,0.0000,0.0000

7762.9540,1.9180,2.0104,0.0000,0.0000

7764.6550,1.9215,2.0207,0.0000,0.0000

7766.4050,1.9210,2.0104,0.0000,0.0000

7768.1190,1.9220,2.0362,0.0000,0.0000

7769.8360,1.9205,2.0310,0.0000,0.0000

7771.5760,1.9225,2.0464,0.0000,0.0000

7773.3320,1.9245,2.0516,0.0000,0.0000

7775.0590,1.9249,2.0362,0.0000,0.0000

7776.7800,1.9259,2.0516,0.0000,0.0000

7778.4940,1.9249,2.0259,0.0000,0.0000

7780.2100,1.9259,2.0207,0.0000,0.0000

7781.9440,1.9264,2.0259,0.0000,0.0000

7783.7130,1.9279,2.0259,0.0000,0.0000

7785.4820,1.9269,2.0259,0.0000,0.0000

7787.2250,1.9309,2.0722,0.0000,0.0000

7788.9420,1.9274,2.0104,0.0000,0.0000

7790.6800,1.9130,1.9024,0.0000,0.0000

7792.4480,1.9155,2.0619,0.0000,0.0000

7794.1810,1.9130,2.0259,0.0000,0.0000

7795.9230,1.9125,2.0207,0.0000,0.0000

7797.6890,1.9115,2.0104,0.0000,0.0000

7799.4320,1.9140,2.0516,0.0000,0.0000

7801.1720,1.9130,2.0156,0.0000,0.0000

7802.8970,1.9135,2.0310,0.0000,0.0000

7804.6530,1.9095,2.0310,0.0000,0.0000

7806.4480,1.9100,2.0156,0.0000,0.0000

7808.1670,1.9225,2.0310,0.0000,0.0000

7809.9160,1.9190,2.0259,0.0000,0.0000

7811.6660,1.9190,2.0259,0.0000,0.0000

7813.3750,1.9200,2.0310,0.0000,0.0000

7815.1230,1.9210,2.0207,0.0000,0.0000

7816.8680,1.9165,2.0053,0.0000,0.0000

7818.6040,1.9165,2.0156,0.0000,0.0000

7820.3110,1.9160,2.0259,0.0000,0.0000

7822.0460,1.9185,2.0567,0.0000,0.0000

7823.7740,1.9175,2.0053,0.0000,0.0000

7825.5470,1.9185,2.0413,0.0000,0.0000

7827.2750,1.9195,2.0362,0.0000,0.0000

7828.9910,1.9160,1.9898,0.0000,0.0000

7830.7440,1.9145,2.0156,0.0000,0.0000

7832.4980,1.9165,2.0413,0.0000,0.0000

7834.2080,1.9165,2.0053,0.0000,0.0000

7835.9500,1.9205,2.0567,0.0000,0.0000

7837.6870,1.9195,2.0156,0.0000,0.0000

7839.3950,1.9180,2.0413,0.0000,0.0000

7841.1470,1.9190,2.0156,0.0000,0.0000

7842.8860,1.9190,2.0413,0.0000,0.0000

7844.6160,1.9175,2.0207,0.0000,0.0000

7846.3590,1.9205,2.0207,0.0000,0.0000

7848.1170,1.9225,2.0362,0.0000,0.0000

7849.8410,1.9230,2.0464,0.0000,0.0000

7851.5530,1.9240,2.0156,0.0000,0.0000

7853.3220,1.9200,2.0156,0.0000,0.0000

7855.0520,1.9205,2.0207,0.0000,0.0000

7856.7660,1.9185,2.0207,0.0000,0.0000

7858.4970,1.9190,2.0207,0.0000,0.0000

7860.2330,1.9175,2.0259,0.0000,0.0000

7861.9610,1.9155,2.0001,0.0000,0.0000

7863.6850,1.9165,2.0310,0.0000,0.0000

7865.4190,1.9235,2.1082,0.0000,0.0000

7867.1420,1.9205,2.0156,0.0000,0.0000

7868.8920,1.9225,2.0362,0.0000,0.0000

7870.6460,1.9254,2.0464,0.0000,0.0000

7872.3880,1.9264,2.0310,0.0000,0.0000

7874.1120,1.9289,2.0464,0.0000,0.0000

7875.8440,1.9289,2.0207,0.0000,0.0000

7877.5900,1.9289,2.0259,0.0000,0.0000

7879.3280,1.9319,2.0310,0.0000,0.0000

7881.0700,1.9319,2.0310,0.0000,0.0000

7882.8250,1.9245,2.0310,0.0000,0.0000

7884.5460,1.9269,2.0413,0.0000,0.0000

7886.2760,1.9264,2.0310,0.0000,0.0000

7888.0130,1.9240,2.0207,0.0000,0.0000

7889.7600,1.9245,2.0362,0.0000,0.0000

7891.4820,1.9225,2.0259,0.0000,0.0000

7893.2240,1.9235,2.0310,0.0000,0.0000

7894.9610,1.9240,2.0310,0.0000,0.0000

7896.6870,1.9235,2.0259,0.0000,0.0000

7898.4610,1.9245,2.0413,0.0000,0.0000

7900.2000,1.9230,2.0156,0.0000,0.0000

7901.9480,1.9210,2.0207,0.0000,0.0000

7903.6870,1.9195,2.0156,0.0000,0.0000

7905.4010,1.9195,2.0207,0.0000,0.0000

7907.1700,1.9195,2.0362,0.0000,0.0000

7908.8860,1.9175,2.0053,0.0000,0.0000

7910.6460,1.9165,2.0207,0.0000,0.0000

7912.3850,1.9185,2.0516,0.0000,0.0000

7914.1220,1.9190,2.0310,0.0000,0.0000

7915.9330,1.9165,2.0156,0.0000,0.0000

7917.6770,1.9180,2.0310,0.0000,0.0000

7919.4020,1.9185,2.0259,0.0000,0.0000

7921.1110,1.9190,2.0207,0.0000,0.0000

7922.8370,1.9190,2.0207,0.0000,0.0000

7924.5890,1.9185,2.0310,0.0000,0.0000

7926.3380,1.9210,2.0310,0.0000,0.0000

7928.1170,1.9210,2.0207,0.0000,0.0000

7929.8570,1.9190,2.0310,0.0000,0.0000

7931.6280,1.9205,2.0464,0.0000,0.0000

7933.3580,1.9220,2.0310,0.0000,0.0000

7935.0660,1.9200,2.0104,0.0000,0.0000

7936.7870,1.9195,2.0207,0.0000,0.0000

7938.5220,1.9220,2.0464,0.0000,0.0000

7940.2310,1.9185,1.9847,0.0000,0.0000

7941.9560,1.9170,2.0156,0.0000,0.0000

7943.6960,1.9170,2.0310,0.0000,0.0000

7945.4210,1.9175,2.0259,0.0000,0.0000

7947.1670,1.9160,2.0156,0.0000,0.0000

7948.8980,1.9125,2.0104,0.0000,0.0000

7950.6350,1.9110,2.0156,0.0000,0.0000

7952.3500,1.9160,2.0619,0.0000,0.0000

7954.0890,1.9165,2.0259,0.0000,0.0000

7955.8560,1.9140,2.0207,0.0000,0.0000

7957.5910,1.9185,2.0310,0.0000,0.0000

7959.3170,1.9200,2.0310,0.0000,0.0000

7961.0350,1.9210,2.0413,0.0000,0.0000

7962.7540,1.9220,2.0362,0.0000,0.0000

7964.4580,1.9240,2.0362,0.0000,0.0000

7966.1850,1.9269,2.0413,0.0000,0.0000

7967.9020,1.9279,2.0259,0.0000,0.0000

7969.6190,1.9245,2.0259,0.0000,0.0000

7971.3610,1.9249,2.0310,0.0000,0.0000

7973.0740,1.9264,2.0362,0.0000,0.0000

7974.8090,1.9269,2.0362,0.0000,0.0000

7976.5490,1.9284,2.0464,0.0000,0.0000

7978.3150,1.9274,2.0310,0.0000,0.0000

7980.0430,1.9274,2.0362,0.0000,0.0000

7981.7790,1.9264,2.0259,0.0000,0.0000

7983.5450,1.9240,2.0156,0.0000,0.0000

7985.3070,1.9225,2.0104,0.0000,0.0000

7987.0390,1.9230,2.0310,0.0000,0.0000

7988.7630,1.9254,2.0567,0.0000,0.0000

7990.4790,1.9245,2.0259,0.0000,0.0000

7992.1960,1.9230,2.0207,0.0000,0.0000

7993.9470,1.9215,2.0310,0.0000,0.0000

7995.6830,1.9205,2.0207,0.0000,0.0000

7997.4210,1.9205,2.0362,0.0000,0.0000

7999.1510,1.9190,2.0104,0.0000,0.0000

8000.8890,1.9230,2.0567,0.0000,0.0000

8002.6360,1.9279,2.0619,0.0000,0.0000

8004.3650,1.9269,2.0207,0.0000,0.0000

8006.1380,1.9240,2.0259,0.0000,0.0000

8007.8700,1.9240,2.0259,0.0000,0.0000

8009.6060,1.9235,2.0156,0.0000,0.0000

8011.3360,1.9240,2.0362,0.0000,0.0000

8013.0660,1.9249,2.0310,0.0000,0.0000

8014.8050,1.9235,2.0207,0.0000,0.0000

8016.5490,1.9254,2.0310,0.0000,0.0000

8018.3120,1.9264,2.0670,0.0000,0.0000

8020.0450,1.9245,2.0413,0.0000,0.0000

8021.7610,1.9240,2.0156,0.0000,0.0000

8023.5040,1.9240,2.0259,0.0000,0.0000

8025.2110,1.9249,2.0362,0.0000,0.0000

8026.9610,1.9269,2.0362,0.0000,0.0001

8028.7130,1.9269,2.0362,0.0000,0.0000

8030.4540,1.9264,2.0259,0.0000,0.0000

8032.1800,1.9254,2.0104,0.0000,0.0000

8033.9120,1.9259,2.0362,0.0000,0.0000

8035.6480,1.9195,2.0001,0.0000,0.0000

8037.3870,1.9195,2.0413,0.0000,0.0000

8039.1250,1.9200,2.0207,0.0000,0.0000

8040.8740,1.9080,1.9024,0.0000,0.0000

8042.5920,1.9061,2.0156,0.0000,0.0000

8044.3060,1.9066,2.0413,0.0000,0.0000

8046.0570,1.9056,2.0259,0.0000,0.0000

8047.7840,1.9076,2.0464,0.0000,0.0000

8049.5240,1.9110,2.0464,0.0000,0.0000

8051.2610,1.9105,2.0310,0.0000,0.0000

8053.0190,1.9115,2.0104,0.0000,0.0000

8054.7330,1.9120,2.0464,0.0000,0.0000

8056.4950,1.9085,1.9847,0.0000,0.0000

8058.2490,1.9200,2.0207,0.0000,0.0000

8059.9800,1.9210,2.0259,0.0000,0.0000

8061.7150,1.9195,2.0259,0.0000,0.0000

8063.4670,1.9215,2.0464,0.0000,0.0000

8065.2000,1.9279,2.1133,0.0000,0.0000

8066.9160,1.9245,2.0104,0.0000,0.0000

8068.6270,1.9240,2.0259,0.0000,0.0000

8070.3720,1.9259,2.0310,0.0000,0.0000

8072.1000,1.9240,2.0259,0.0000,0.0000

8073.8520,1.9274,2.0207,0.0000,0.0000

8075.5700,1.9274,2.0207,0.0000,0.0000

8077.2930,1.9279,2.0310,0.0000,0.0000

8079.0280,1.9304,2.0516,0.0000,0.0000

8080.7470,1.9269,2.0104,0.0000,0.0000

8082.4630,1.9180,2.0207,0.0000,0.0000

8084.1920,1.9195,2.0259,0.0000,0.0000

8085.9330,1.9200,2.0310,0.0000,0.0000

8087.6660,1.9200,2.0310,0.0000,0.0000

8089.3870,1.9195,2.0207,0.0000,0.0000

8091.0930,1.9190,2.0156,0.0000,0.0000

8092.8220,1.9165,1.9950,0.0000,0.0000

8094.5390,1.9170,2.0362,0.0000,0.0000

8096.3390,1.9155,2.0362,0.0000,0.0000

8098.0880,1.9160,2.0156,0.0000,0.0000

8099.8170,1.9175,2.0362,0.0000,0.0000

8101.5890,1.9205,2.0567,0.0000,0.0000

8103.3250,1.9200,2.0259,0.0000,0.0000

8105.0690,1.9225,2.0567,0.0000,0.0000

8106.7890,1.9240,2.0362,0.0000,0.0000

8108.5250,1.9245,2.0207,0.0000,0.0000

8110.2470,1.9180,1.9281,0.0000,0.0000

8111.9480,1.9170,2.0259,0.0000,0.0000

8113.6840,1.9150,2.0156,0.0000,0.0000

8115.3930,1.9180,2.0464,0.0000,0.0000

8117.1220,1.9150,2.0053,0.0000,0.0000

8118.8970,1.9115,2.0207,0.0000,0.0000

8120.6690,1.9125,2.0362,0.0000,0.0000

8122.4130,1.9105,2.0362,0.0000,0.0000

8124.1690,1.9085,2.0156,0.0000,0.0000

8125.8930,1.9100,2.0362,0.0000,0.0000

8127.6260,1.9210,2.0413,0.0000,0.0000

8129.3860,1.9220,2.0362,0.0000,0.0000

8131.1190,1.9215,2.0104,0.0000,0.0000

8132.8520,1.9155,1.9847,0.0000,0.0000

8134.5920,1.9190,2.0413,0.0000,0.0000

8136.3550,1.9210,2.0413,0.0000,0.0000

8138.1040,1.9215,2.0413,0.0000,0.0000

8139.8560,1.9190,2.0104,0.0000,0.0000

8141.5830,1.9205,2.0310,0.0000,0.0000

8143.3020,1.9200,2.0310,0.0000,0.0000

8145.0310,1.9195,2.0362,0.0000,0.0000

8146.7660,1.9195,2.0362,0.0000,0.0000

8148.5250,1.9190,2.0053,0.0000,0.0000

8150.2580,1.9235,2.0310,0.0000,0.0000

8151.9920,1.9220,2.0259,0.0000,0.0000

8153.7310,1.9235,2.0567,0.0000,0.0000

8155.4550,1.9215,2.0207,0.0000,0.0000

8157.2320,1.9259,2.0567,0.0000,0.0000

8158.9520,1.9264,2.0362,0.0000,0.0000

8160.6680,1.9264,2.0310,0.0000,0.0000

8162.3860,1.9259,2.0310,0.0000,0.0000

8164.1210,1.9259,2.0362,0.0000,0.0000

8165.8770,1.9294,2.0413,0.0000,0.0000

8167.6210,1.9294,2.0310,0.0000,0.0000

8169.3630,1.9314,2.0464,0.0000,0.0000

8171.1190,1.9264,2.0053,0.0000,0.0000

8172.8670,1.9314,2.0722,0.0000,0.0000

8174.5830,1.9299,2.0413,0.0000,0.0000

8176.2960,1.9319,2.0567,0.0000,0.0000

8178.0210,1.9314,2.0259,0.0000,0.0000

8179.7480,1.9319,2.0362,0.0000,0.0000

8181.5180,1.9309,2.0259,0.0000,0.0000

8183.2440,1.9289,2.0207,0.0000,0.0000

8184.9770,1.9284,2.0259,0.0000,0.0000

8186.6990,1.9319,2.0825,0.0000,0.0000

8188.4480,1.9319,2.0053,0.0000,0.0000

8190.1780,1.9289,2.0413,0.0000,0.0000

8191.9000,1.9269,2.0207,0.0000,0.0000

8193.6500,1.9225,2.0104,0.0000,0.0000

8195.3910,1.9235,2.0362,0.0000,0.0000

8197.1110,1.9210,2.0104,0.0000,0.0000

8198.8700,1.9210,2.0259,0.0000,0.0000

8200.5930,1.9205,2.0156,0.0000,0.0000

8202.3340,1.9200,2.0207,0.0000,0.0000

8204.0750,1.9160,2.0413,0.0000,0.0000

8205.7920,1.9185,2.0310,0.0000,0.0000

8207.5060,1.9160,2.0156,0.0000,0.0000

8209.2440,1.9165,2.0259,0.0000,0.0000

8210.9670,1.9150,1.9950,0.0000,0.0000

8212.7130,1.9175,2.0619,0.0000,0.0000

8214.4820,1.9185,2.0207,0.0000,0.0000

8216.2170,1.9150,1.9898,0.0000,0.0000

8217.9230,1.9155,2.0207,0.0000,0.0000

8219.6450,1.9155,2.0207,0.0000,0.0000

8221.3860,1.9130,2.0156,0.0000,0.0000

8223.1000,1.9135,2.0362,0.0000,0.0000

8224.8200,1.9145,2.0259,0.0000,0.0000

8226.5450,1.9145,2.0259,0.0000,0.0000

8228.2780,1.9160,2.0104,0.0000,0.0000

8230.0330,1.9130,2.0310,0.0000,0.0000

8231.7640,1.9125,2.0156,0.0000,0.0000

8233.4990,1.9175,2.0413,0.0000,0.0000

8235.2410,1.9175,2.0207,0.0000,0.0000

8236.9940,1.9180,2.0259,0.0000,0.0000

8238.6960,1.9190,2.0259,0.0000,0.0000

8240.4130,1.9180,2.0259,0.0000,0.0000

8242.1170,1.9170,2.0156,0.0000,0.0000

8243.8590,1.9160,2.0156,0.0000,0.0000

8245.6180,1.9180,2.0310,0.0000,0.0000

8247.4070,1.9170,2.0207,0.0000,0.0000

8249.1200,1.9165,2.0104,0.0000,0.0000

8250.8410,1.9140,2.0156,0.0000,0.0000

8252.5990,1.9145,2.0259,0.0000,0.0000

8254.3290,1.9140,2.0207,0.0000,0.0000

8256.0400,1.9155,2.0413,0.0000,0.0000

8257.7560,1.9145,2.0156,0.0000,0.0000

8259.4940,1.9140,2.0104,0.0000,0.0000

8261.2450,1.9170,2.0464,0.0000,0.0000

8262.9760,1.9155,2.0156,0.0000,0.0000

8264.7070,1.9155,2.0207,0.0000,0.0000

8266.4340,1.9160,2.0156,0.0000,0.0000

8268.1640,1.9200,2.0567,0.0000,0.0000

8269.9030,1.9195,2.0207,0.0000,0.0000

8271.7150,1.9205,2.0310,0.0000,0.0000

8273.4680,1.9190,2.0259,0.0000,0.0000

8275.2060,1.9210,2.0362,0.0000,0.0000

8276.9370,1.9240,2.0413,0.0000,0.0000

8278.7140,1.9220,2.0259,0.0000,0.0000

8280.4480,1.9240,2.0362,0.0000,0.0000

8282.1700,1.9240,2.0207,0.0000,0.0000

8283.9020,1.9259,2.0362,0.0000,0.0000

8285.6350,1.9264,2.0619,0.0000,0.0000

8287.3580,1.9274,2.0310,0.0000,0.0000

8289.1010,1.9274,2.0310,0.0000,0.0000

8290.8390,1.9284,2.0362,0.0000,0.0000

8292.5420,1.9294,2.0464,0.0000,0.0000

8294.3190,1.9289,2.0362,0.0000,0.0000

8296.0390,1.9304,2.0413,0.0000,0.0000

8297.7810,1.9299,2.0310,0.0000,0.0000

8299.5090,1.9319,2.0413,0.0000,0.0000

8301.2460,1.9299,2.0156,0.0000,0.0000

8302.9880,1.9264,2.0259,0.0000,0.0000

8304.7500,1.9284,2.0516,0.0000,0.0000

8306.5440,1.9259,2.0053,0.0000,0.0000

8308.2440,1.9245,2.0207,0.0000,0.0000

8309.9770,1.9225,2.0259,0.0000,0.0000

8311.7190,1.9240,2.0516,0.0000,0.0000

8313.4770,1.9220,2.0207,0.0000,0.0000

8315.2170,1.9245,2.0567,0.0000,0.0000

8316.9300,1.9230,2.0259,0.0000,0.0000

8318.6520,1.9240,2.0259,0.0000,0.0000

8320.3840,1.9230,2.0156,0.0000,0.0000

8322.1170,1.9210,2.0310,0.0000,0.0000

8323.8320,1.9230,2.0259,0.0000,0.0000

8325.5640,1.9259,2.0516,0.0000,0.0000

8327.2810,1.9249,2.0156,0.0000,0.0000

8329.0160,1.9220,2.0207,0.0000,0.0000

8330.7550,1.9210,2.0104,0.0000,0.0000

8332.4790,1.9175,2.0207,0.0000,0.0000

8334.2100,1.9180,2.0310,0.0000,0.0000

8335.9620,1.9175,2.0207,0.0000,0.0000

8337.7040,1.9180,2.0207,0.0000,0.0000

8339.4540,1.9190,2.0413,0.0000,0.0000

8341.1750,1.9220,2.0567,0.0000,0.0000

8342.9700,1.9210,2.0413,0.0000,0.0000

8344.7290,1.9245,2.0516,0.0000,0.0000

8346.4430,1.9240,2.0156,0.0000,0.0000

8348.1850,1.9309,2.0825,0.0000,0.0000

8349.9180,1.9299,2.0104,0.0000,0.0000

8351.6180,1.9299,2.0310,0.0000,0.0000

8353.3780,1.9294,2.0156,0.0000,0.0000

8355.1010,1.9304,2.0310,0.0000,0.0000

8356.8570,1.9299,2.0362,0.0000,0.0000

8358.5930,1.9274,2.0310,0.0000,0.0000

8360.3120,1.9259,2.0259,0.0000,0.0000

8362.0200,1.9240,2.0310,0.0000,0.0000

8363.7470,1.9269,2.0464,0.0000,0.0000

8365.4530,1.9225,2.0362,0.0000,0.0000

8367.1830,1.9240,2.0259,0.0000,0.0000

8368.9250,1.9245,2.0362,0.0000,0.0000

8370.6700,1.9264,2.0362,0.0000,0.0000

8372.3840,1.9264,2.0310,0.0000,0.0000

8374.1090,1.9254,2.0259,0.0000,0.0000

8375.8420,1.9245,2.0207,0.0000,0.0000

8377.6120,1.9249,2.0310,0.0000,0.0000

8379.3260,1.9245,2.0259,0.0000,0.0000

8381.0610,1.9245,2.0464,0.0000,0.0000

8382.8030,1.9245,2.0362,0.0000,0.0000

8384.5280,1.9245,2.0259,0.0000,0.0000

8386.2510,1.9254,2.0464,0.0000,0.0000

8387.9970,1.9264,2.0464,0.0000,0.0000

8389.7290,1.9245,2.0104,0.0000,0.0000

8391.4850,1.9235,2.0156,0.0000,0.0000

8393.2480,1.9254,2.0413,0.0000,0.0000

8394.9960,1.9249,2.0259,0.0000,0.0000

8396.7330,1.9245,2.0207,0.0000,0.0000

8398.4670,1.9215,2.0156,0.0000,0.0000

8400.1990,1.9210,2.0310,0.0000,0.0000

8401.9510,1.9210,2.0259,0.0000,0.0000

8403.6650,1.9170,2.0053,0.0000,0.0000

8405.3860,1.9160,2.0362,0.0000,0.0000

8407.1030,1.9175,2.0259,0.0000,0.0000

8408.8270,1.9190,2.0310,0.0000,0.0000

8410.5520,1.9180,2.0310,0.0000,0.0000

8412.2780,1.9195,2.0413,0.0000,0.0000

8414.0110,1.9210,2.0362,0.0000,0.0000

8415.7470,1.9225,2.0310,0.0000,0.0000

8417.4950,1.9235,2.0413,0.0000,0.0000

8419.2500,1.9235,2.0259,0.0000,0.0000

8420.9650,1.9269,2.0413,0.0000,0.0000

8422.6990,1.9249,2.0156,0.0000,0.0000

8424.4050,1.9259,2.0362,0.0000,0.0000

8426.1070,1.9245,2.0156,0.0000,0.0000

8427.8890,1.9264,2.0516,0.0000,0.0000

8429.6200,1.9259,2.0362,0.0000,0.0000

8431.3430,1.9249,2.0259,0.0000,0.0000

8433.0990,1.9235,2.0156,0.0000,0.0000

8434.8460,1.9225,2.0310,0.0000,0.0000

8436.5670,1.9240,2.0413,0.0000,0.0000

8438.2860,1.9230,2.0310,0.0000,0.0000

8440.0150,1.9235,2.0207,0.0000,0.0000

8441.7450,1.9235,2.0362,0.0000,0.0000

8443.4580,1.9259,2.0413,0.0000,0.0000

8445.1950,1.9240,2.0310,0.0000,0.0000

8446.9230,1.9235,2.0310,0.0000,0.0000

8448.6580,1.9259,2.0516,0.0000,0.0000

8450.4020,1.9269,2.0259,0.0000,0.0000

8452.1560,1.9259,2.0207,0.0000,0.0000

8453.8730,1.9225,2.0053,0.0000,0.0000

8455.6200,1.9269,2.0773,0.0000,0.0000

8457.3470,1.9274,2.0259,0.0000,0.0000

8459.0850,1.9274,2.0362,0.0000,0.0000

8460.8110,1.9254,2.0207,0.0000,0.0000

8462.5510,1.9245,2.0207,0.0000,0.0000

8464.2910,1.9245,2.0310,0.0000,0.0000

8466.0100,1.9210,2.0156,0.0000,0.0000

8467.7230,1.9200,2.0156,0.0000,0.0000

8469.4410,1.9200,2.0207,0.0000,0.0000

8471.1560,1.9205,2.0104,0.0000,0.0000

8472.8710,1.9150,2.0207,0.0000,0.0000

8474.6220,1.9140,2.0156,0.0000,0.0000

8476.3350,1.9135,2.0310,0.0000,0.0000

8478.0710,1.9155,2.0413,0.0000,0.0000

8479.7980,1.9150,2.0156,0.0000,0.0000

8481.5100,1.9170,2.0516,0.0000,0.0000

8483.1510,1.9175,2.0207,0.0000,0.0000

8484.9620,1.9205,2.0464,0.0000,0.0000

8486.6930,1.9225,2.0413,0.0000,0.0000

8488.4180,1.9269,2.0567,0.0000,0.0000

8490.1390,1.9354,2.1082,0.0000,0.0000

8491.8710,1.9359,2.0207,0.0000,0.0000

8493.5900,1.9369,2.0413,0.0000,0.0000

8495.3110,1.9349,2.0207,0.0000,0.0000

8497.0280,1.9369,2.0362,0.0000,0.0000

8498.7600,1.9354,2.0362,0.0000,0.0000

8500.4950,1.9339,2.0053,0.0000,0.0000

8502.2700,1.9299,2.0053,0.0000,0.0000

8503.9880,1.9284,2.0259,0.0000,0.0000

8505.7030,1.9274,2.0464,0.0000,0.0000

8507.4310,1.9185,2.0156,0.0000,0.0000

8509.1490,1.9195,2.0310,0.0000,0.0000

8510.8750,1.9170,2.0156,0.0000,0.0000

8512.6130,1.9170,2.0207,0.0000,0.0000

8514.3360,1.9155,2.0207,0.0000,0.0000

8516.0940,1.9145,2.0259,0.0000,0.0000

8517.8240,1.9150,2.0104,0.0000,0.0000

8519.5560,1.9165,2.0207,0.0000,0.0000

8521.2790,1.9145,2.0053,0.0000,0.0000

8523.0100,1.9150,2.0516,0.0000,0.0000

8524.7790,1.9170,2.0362,0.0000,0.0000

8526.5260,1.9180,2.0413,0.0000,0.0000

8528.2500,1.9185,2.0207,0.0000,0.0000

8529.9830,1.9200,2.0362,0.0000,0.0000

8531.7050,1.9205,2.0259,0.0000,0.0000

8533.4380,1.9205,2.0259,0.0000,0.0000

8535.1650,1.9220,2.0259,0.0000,0.0000

8536.9060,1.9215,2.0156,0.0000,0.0000

8538.6290,1.9210,2.0001,0.0000,0.0000

8540.3710,1.9170,2.0104,0.0000,0.0000

8542.1080,1.9175,2.0413,0.0000,0.0000

8543.8310,1.9160,2.0259,0.0000,0.0000

8545.4660,1.9165,2.0259,0.0000,0.0000

8547.2280,1.9140,2.0104,0.0000,0.0000

8548.9630,1.9125,2.0104,0.0000,0.0000

8550.6980,1.9100,2.0001,0.0000,0.0000

8552.4210,1.9105,2.0310,0.0000,0.0000

8554.1540,1.9135,2.0464,0.0000,0.0000

8555.9060,1.9210,2.0773,0.0000,0.0000

8557.6380,1.9230,2.0310,0.0000,0.0000

8559.3870,1.9205,2.0156,0.0000,0.0001

8561.1030,1.9205,2.0259,0.0000,0.0000

8562.8430,1.9210,2.0310,0.0000,0.0000

8564.6200,1.9220,2.0207,0.0000,0.0000

8566.3430,1.9240,2.0310,0.0000,0.0000

8568.0930,1.9289,2.0516,0.0000,0.0000

8569.8260,1.9294,2.0362,0.0000,0.0000

8571.5570,1.9279,2.0310,0.0000,0.0000

8573.2740,1.9245,2.0413,0.0000,0.0000

8575.0430,1.9230,2.0156,0.0000,0.0000

8576.7740,1.9245,2.0310,0.0000,0.0000

8578.5010,1.9259,2.0413,0.0000,0.0000

8580.2250,1.9259,2.0310,0.0000,0.0000

8581.9780,1.9274,2.0362,0.0000,0.0000

8583.6890,1.9254,2.0104,0.0000,0.0000

8585.4000,1.9220,2.0156,0.0000,0.0000

8587.1330,1.9220,2.0362,0.0000,0.0000

8588.8590,1.9210,2.0207,0.0000,0.0000

8590.5980,1.9205,2.0362,0.0000,0.0000

8592.3280,1.9220,2.0310,0.0000,0.0000

8594.1040,1.9210,2.0207,0.0000,0.0000

8595.8240,1.9190,2.0207,0.0000,0.0000

8597.5570,1.9170,2.0104,0.0000,0.0000

8599.3060,1.9160,2.0259,0.0000,0.0000

8601.0320,1.9175,2.0259,0.0000,0.0000

8602.7650,1.9175,2.0156,0.0000,0.0000

8604.5150,1.9155,2.0156,0.0000,0.0000

8606.2470,1.9150,2.0156,0.0000,0.0000

8607.9610,1.9140,2.0259,0.0000,0.0000

8609.7130,1.9135,2.0259,0.0000,0.0001

8611.4680,1.9205,2.0927,0.0000,0.0000

8613.1850,1.9220,2.0362,0.0000,0.0000

8614.9010,1.9215,2.0053,0.0000,0.0000

8616.6520,1.9205,2.0156,0.0000,0.0000

8618.3840,1.9220,2.0413,0.0000,0.0000

8620.1190,1.9249,2.0464,0.0000,0.0000

8621.8380,1.9259,2.0259,0.0000,0.0000

8623.5680,1.9264,2.0207,0.0000,0.0001

8625.3000,1.9284,2.0464,0.0000,0.0000

8627.0320,1.9309,2.0516,0.0000,0.0000

8628.7790,1.9264,2.0464,0.0000,0.0000

8630.5450,1.9259,2.0310,0.0000,0.0000

8632.2690,1.9279,2.0259,0.0000,0.0000

8634.0130,1.9304,2.0413,0.0000,0.0000

8635.7410,1.9294,2.0310,0.0000,0.0000

8637.4970,1.9274,2.0259,0.0000,0.0000

8639.2470,1.9274,2.0259,0.0000,0.0000

8640.9660,1.9279,2.0259,0.0000,0.0000

8642.6780,1.9269,2.0362,0.0000,0.0000

8644.4360,1.9235,2.0156,0.0000,0.0000

8646.1500,1.9215,2.0259,0.0000,0.0000

8647.9000,1.9210,2.0259,0.0000,0.0000

8649.6270,1.9225,2.0413,0.0000,0.0000

8651.3780,1.9220,2.0362,0.0000,0.0000

8653.1210,1.9220,2.0310,0.0000,0.0000

8654.8430,1.9240,2.0464,0.0000,0.0000

8656.5590,1.9180,1.9641,0.0000,0.0000

8658.2890,1.9180,2.0259,0.0000,0.0000

8660.0220,1.9165,2.0207,0.0000,0.0000

8661.7610,1.9230,2.0825,0.0000,0.0000

8663.4910,1.9235,2.0310,0.0000,0.0000

8665.2440,1.9230,2.0207,0.0000,0.0000

8667.0140,1.9220,2.0310,0.0000,0.0000

8668.7350,1.9235,2.0516,0.0000,0.0000

8670.4820,1.9240,2.0362,0.0000,0.0000

8672.2200,1.9225,2.0310,0.0000,0.0000

8673.9420,1.9284,2.0259,0.0000,0.0000

8675.6660,1.9289,2.0310,0.0000,0.0000

8677.4140,1.9304,2.0362,0.0000,0.0000

8679.1260,1.9249,2.0259,0.0000,0.0000

8680.8550,1.9220,2.0001,0.0000,0.0000

8682.6040,1.9235,2.0362,0.0000,0.0000

8684.3370,1.9225,2.0207,0.0000,0.0000

8686.0750,1.9215,2.0413,0.0000,0.0000

8687.8060,1.9215,2.0362,0.0000,0.0000

8689.5330,1.9185,2.0001,0.0000,0.0000

8691.2670,1.9195,2.0362,0.0000,0.0000

8693.0110,1.9215,2.0516,0.0000,0.0000

8694.7310,1.9220,2.0413,0.0000,0.0000

8696.4520,1.9225,2.0310,0.0000,0.0000

8698.1750,1.9235,2.0104,0.0000,0.0000

8699.8830,1.9205,2.0053,0.0000,0.0000

8701.5990,1.9235,2.0516,0.0000,0.0000

8703.3170,1.9210,2.0156,0.0000,0.0000

8705.0340,1.9200,2.0259,0.0000,0.0000

8706.7700,1.9225,2.0259,0.0000,0.0000

8708.5140,1.9319,2.1339,0.0000,0.0000

8710.2490,1.9334,2.0670,0.0000,0.0000

8711.9810,1.9334,2.0413,0.0000,0.0000

8713.7020,1.9339,2.0362,0.0000,0.0000

8715.4230,1.9364,2.0362,0.0000,0.0000

8717.1380,1.9379,2.0207,0.0000,0.0000

8718.8550,1.9359,2.0310,0.0000,0.0000

8720.5810,1.9374,2.0310,0.0000,0.0000

8722.2980,1.9369,2.0207,0.0000,0.0000

8724.0400,1.9364,2.0207,0.0000,0.0000

8725.7660,1.9264,2.0310,0.0000,0.0000

8727.5030,1.9210,2.0104,0.0000,0.0000

8729.2420,1.9200,2.0310,0.0000,0.0000

8730.9870,1.9175,2.0104,0.0000,0.0000

8732.7740,1.9160,2.0207,0.0000,0.0000

8734.5110,1.9175,2.0362,0.0000,0.0000

8736.2120,1.9165,2.0207,0.0000,0.0000

8737.9490,1.9155,2.0207,0.0000,0.0000

8739.6920,1.9175,2.0413,0.0000,0.0000

8741.4160,1.9185,2.0310,0.0000,0.0000

8743.1540,1.9240,2.0876,0.0000,0.0000

8744.8990,1.9284,2.0567,0.0000,0.0000

8746.6330,1.9289,2.0362,0.0000,0.0000

8748.3670,1.9324,2.0464,0.0000,0.0000

8750.1060,1.9334,2.0310,0.0000,0.0000

8751.8380,1.9319,2.0207,0.0000,0.0000

8753.5580,1.9324,2.0259,0.0000,0.0000

8755.2730,1.9359,2.0567,0.0000,0.0000

8757.0250,1.9349,2.0310,0.0000,0.0000

8758.7600,1.9339,2.0207,0.0000,0.0000

8760.4930,1.9235,1.9796,0.0000,0.0000

8762.2100,1.9215,2.0362,0.0000,0.0000

8763.9200,1.9205,2.0259,0.0000,0.0000

8765.6350,1.9195,2.0362,0.0000,0.0000

8767.3750,1.9125,1.9590,0.0000,0.0000

8769.0990,1.9140,2.0362,0.0000,0.0000

8770.8160,1.9135,2.0207,0.0000,0.0000

8772.5420,1.9120,2.0413,0.0000,0.0000

8774.2760,1.9105,2.0156,0.0000,0.0000

8776.0100,1.9125,2.0413,0.0000,0.0000

8777.7460,1.9185,2.0413,0.0000,0.0000

8779.4700,1.9170,2.0207,0.0000,0.0000

8781.1900,1.9190,2.0464,0.0000,0.0000

8782.9490,1.9180,2.0259,0.0000,0.0000

8784.6680,1.9254,2.0362,0.0000,0.0000

8786.3820,1.9240,2.0207,0.0000,0.0000

8788.1070,1.9259,2.0413,0.0000,0.0000

8789.8450,1.9235,2.0156,0.0000,0.0000

8791.5850,1.9245,2.0259,0.0000,0.0000

8793.3600,1.9230,2.0259,0.0000,0.0000

8795.1040,1.9210,2.0207,0.0000,0.0000

8796.8390,1.9210,2.0207,0.0000,0.0000

8798.5670,1.9195,2.0310,0.0000,0.0000

8800.2910,1.9195,2.0259,0.0000,0.0000

8802.0130,1.9185,2.0259,0.0000,0.0000

8803.7400,1.9185,2.0207,0.0000,0.0000

8805.4390,1.9185,2.0413,0.0000,0.0000

8807.1670,1.9215,2.0464,0.0000,0.0000

8808.8990,1.9230,2.0413,0.0000,0.0000

8810.6880,1.9220,2.0156,0.0000,0.0000

8812.4370,1.9215,2.0156,0.0000,0.0000

8814.1630,1.9220,2.0259,0.0000,0.0000

8815.9010,1.9200,2.0104,0.0000,0.0000

8817.6300,1.9185,2.0104,0.0000,0.0000

8819.3680,1.9170,2.0104,0.0000,0.0000

8821.1220,1.9180,2.0310,0.0000,0.0000

8822.8860,1.9155,2.0156,0.0000,0.0000

8824.5970,1.9150,2.0413,0.0000,0.0000

8826.3050,1.9160,2.0516,0.0000,0.0000

8828.0230,1.9190,2.0464,0.0000,0.0000

8829.7580,1.9210,2.0362,0.0000,0.0000

8831.4850,1.9230,2.0464,0.0000,0.0000

8833.2600,1.9254,2.0362,0.0000,0.0000

8834.9970,1.9284,2.0413,0.0000,0.0000

8836.7160,1.9289,2.0156,0.0000,0.0000

8838.4330,1.9289,2.0310,0.0000,0.0000

8840.1570,1.9304,2.0310,0.0000,0.0000

8841.8800,1.9284,2.0207,0.0000,0.0000

8843.6040,1.9264,2.0310,0.0000,0.0000

8845.3420,1.9220,2.0001,0.0000,0.0000

8847.0650,1.9190,2.0053,0.0000,0.0000

8848.7760,1.9185,2.0413,0.0000,0.0000

8850.4860,1.9145,1.9950,0.0000,0.0000

8852.2290,1.9130,2.0259,0.0000,0.0000

8853.9640,1.9145,2.0310,0.0000,0.0000

8855.6730,1.9130,2.0156,0.0000,0.0000

8857.3870,1.9150,2.0516,0.0000,0.0000

8859.1240,1.9130,2.0001,0.0000,0.0000

8860.8480,1.9125,2.0259,0.0000,0.0000

8862.5550,1.9160,2.0362,0.0000,0.0000

8864.2780,1.9160,2.0053,0.0000,0.0000

8866.0240,1.9160,2.0413,0.0000,0.0000

8867.7430,1.9165,2.0001,0.0000,0.0000

8869.5020,1.9200,2.0619,0.0000,0.0000

8871.2370,1.9180,2.0104,0.0000,0.0000

8872.9760,1.9195,2.0310,0.0000,0.0000

8874.7180,1.9150,2.0053,0.0000,0.0000

8876.4410,1.9170,2.0207,0.0000,0.0000

8878.1740,1.9170,2.0259,0.0000,0.0000

8879.9350,1.9165,2.0310,0.0000,0.0000

8881.6820,1.9190,2.0310,0.0000,0.0000

8883.3850,1.9165,2.0156,0.0000,0.0000

8885.1250,1.9195,2.0310,0.0000,0.0000

8886.8540,1.9180,2.0464,0.0000,0.0000

8888.6220,1.9195,2.0259,0.0000,0.0000

8890.3350,1.9205,2.0413,0.0000,0.0000

8892.0480,1.9215,2.0156,0.0000,0.0000

8893.7780,1.9220,2.0259,0.0000,0.0000

8895.4890,1.9210,2.0156,0.0000,0.0000

8897.2320,1.9155,1.9744,0.0000,0.0000

8898.9420,1.9155,2.0310,0.0000,0.0000

8900.7180,1.9185,2.0464,0.0000,0.0000

8902.5010,1.9190,2.0362,0.0000,0.0000

8904.2340,1.9165,2.0207,0.0000,0.0000

8905.9800,1.9150,2.0104,0.0000,0.0000

8907.6980,1.9155,2.0464,0.0000,0.0000

8909.4170,1.9175,2.0362,0.0000,0.0000

8911.1390,1.9155,2.0053,0.0000,0.0000

8912.8750,1.9170,2.0310,0.0000,0.0000

8914.6260,1.9215,2.0207,0.0000,0.0000

8916.3660,1.9215,2.0310,0.0000,0.0000

8918.1060,1.9180,2.0104,0.0000,0.0000

8919.8530,1.9155,2.0104,0.0000,0.0000

8921.5960,1.9170,2.0362,0.0000,0.0000

8923.3240,1.9200,2.0413,0.0000,0.0000

8925.0720,1.9185,2.0310,0.0000,0.0000

8926.8070,1.9170,2.0207,0.0000,0.0000

8928.5760,1.9200,2.0362,0.0000,0.0000

8930.2940,1.9175,2.0053,0.0000,0.0000

8932.0010,1.9175,2.0207,0.0000,0.0000

8933.7510,1.9155,2.0104,0.0000,0.0000

8935.4690,1.9165,2.0207,0.0000,0.0000

8937.1840,1.9165,2.0104,0.0000,0.0000

8938.9340,1.9160,2.0310,0.0000,0.0000

8940.6720,1.9130,2.0104,0.0000,0.0000

8942.3850,1.9130,2.0310,0.0000,0.0000

8944.1430,1.9140,2.0310,0.0000,0.0000

8945.8860,1.9135,2.0310,0.0000,0.0000

8947.6050,1.9160,2.0310,0.0000,0.0000

8949.3510,1.9195,2.0567,0.0000,0.0000

8951.0740,1.9210,2.0259,0.0000,0.0000

8952.7840,1.9230,2.0413,0.0000,0.0000

8954.4940,1.9240,2.0207,0.0000,0.0000

8956.2740,1.9230,2.0207,0.0000,0.0000

8957.9940,1.9249,2.0310,0.0000,0.0000

8959.7300,1.9240,2.0207,0.0000,0.0000

8961.4800,1.9245,2.0362,0.0000,0.0000

8963.2190,1.9254,2.0413,0.0000,0.0000

8964.9860,1.9249,2.0259,0.0000,0.0000

8966.7140,1.9225,2.0310,0.0000,0.0000

8968.4390,1.9225,2.0259,0.0000,0.0000

8970.1630,1.9205,2.0207,0.0000,0.0000

8971.8830,1.9215,2.0310,0.0000,0.0000

8973.5920,1.9220,2.0259,0.0000,0.0000

8975.3210,1.9240,2.0516,0.0000,0.0000

8977.0740,1.9240,2.0207,0.0000,0.0000

8978.8090,1.9240,2.0362,0.0000,0.0000

8980.5580,1.9249,2.0516,0.0000,0.0000

8982.3190,1.9245,2.0207,0.0000,0.0000

8984.0830,1.9344,2.1339,0.0000,0.0000

8985.8430,1.9344,2.0259,0.0000,0.0000

8987.5750,1.9354,2.0310,0.0000,0.0000

8989.3040,1.9354,2.0310,0.0000,0.0000

8991.0250,1.9344,2.0156,0.0000,0.0000

8992.7530,1.9334,2.0413,0.0000,0.0000

8994.4930,1.9334,2.0207,0.0000,0.0000

8996.2260,1.9334,2.0362,0.0000,0.0000

8997.9720,1.9299,2.0156,0.0000,0.0000

8999.7070,1.9304,2.0259,0.0000,0.0000

9001.4790,1.9200,2.0259,0.0000,0.0000

9003.2140,1.9200,2.0259,0.0000,0.0000

9004.9500,1.9185,2.0156,0.0000,0.0000

9006.6510,1.9170,2.0156,0.0000,0.0000

9008.4150,1.9175,2.0207,0.0000,0.0000

9010.1350,1.9155,2.0207,0.0000,0.0000

9011.8470,1.9165,2.0310,0.0000,0.0000

9013.6050,1.9160,2.0310,0.0000,0.0000

9015.3270,1.9170,2.0259,0.0000,0.0000

9017.0600,1.9190,2.0464,0.0000,0.0000

9018.7950,1.9215,2.0516,0.0000,0.0000

9020.5070,1.9225,2.0362,0.0000,0.0000

9022.2460,1.9249,2.0413,0.0000,0.0000

9023.9700,1.9235,2.0001,0.0000,0.0000

9025.7030,1.9249,2.0362,0.0000,0.0000

9027.4200,1.9269,2.0413,0.0000,0.0000

9029.1750,1.9225,1.9847,0.0000,0.0000

9030.9300,1.9235,2.0413,0.0000,0.0000

9032.6440,1.9245,2.0362,0.0000,0.0000

9034.3470,1.9235,2.0362,0.0000,0.0000

9036.0920,1.9190,2.0053,0.0000,0.0000

9037.8170,1.9180,2.0259,0.0000,0.0000

9039.5420,1.9160,2.0207,0.0000,0.0000

9041.2740,1.9195,2.0362,0.0000,0.0000

9043.0000,1.9195,2.0362,0.0000,0.0000

9044.7650,1.9190,2.0362,0.0000,0.0000

9046.4970,1.9215,2.0104,0.0000,0.0000

9048.2220,1.9185,2.0104,0.0000,0.0000

9049.9500,1.9155,2.0053,0.0000,0.0000

9051.6820,1.9125,2.0053,0.0000,0.0000

9053.4540,1.9140,2.0207,0.0000,0.0000

9055.1800,1.9155,2.0413,0.0000,0.0000

9056.9330,1.9145,2.0104,0.0000,0.0000

9058.6680,1.9130,2.0207,0.0000,0.0000

9060.3990,1.9135,2.0413,0.0000,0.0000

9062.1250,1.9100,2.0001,0.0000,0.0000

9063.8720,1.9110,2.0207,0.0000,0.0000

9065.6140,1.9125,2.0259,0.0000,0.0000

9067.3590,1.9160,2.0413,0.0000,0.0000

9069.1370,1.9195,2.0413,0.0000,0.0000

9070.8840,1.9205,2.0310,0.0000,0.0000

9072.6330,1.9195,2.0310,0.0000,0.0000

9074.3810,1.9215,2.0310,0.0000,0.0000

9076.1070,1.9245,2.0516,0.0000,0.0000

9077.8240,1.9249,2.0464,0.0000,0.0000

9079.5390,1.9264,2.0156,0.0000,0.0000

9081.2650,1.9264,2.0207,0.0000,0.0000

9083.0100,1.9274,2.0362,0.0000,0.0000

9084.7210,1.9314,2.0825,0.0000,0.0000

9086.4470,1.9284,2.0104,0.0000,0.0000

9088.1530,1.9294,2.0413,0.0000,0.0000

9089.9370,1.9314,2.0516,0.0000,0.0000

9091.6630,1.9319,2.0362,0.0000,0.0000

9093.3860,1.9274,2.0053,0.0000,0.0000

9095.1050,1.9274,2.0464,0.0000,0.0000

9096.8230,1.9334,2.0773,0.0000,0.0000

9098.5600,1.9369,2.0567,0.0000,0.0000

9100.2950,1.9344,2.0104,0.0000,0.0000

9102.0530,1.9294,2.0310,0.0000,0.0000

9103.7920,1.9304,2.0207,0.0000,0.0000

9105.5250,1.9289,2.0259,0.0000,0.0000

9107.2900,1.9279,2.0413,0.0000,0.0000

9109.0440,1.9254,2.0104,0.0000,0.0000

9110.7810,1.9274,2.0259,0.0000,0.0000

9112.5170,1.9254,2.0259,0.0000,0.0000

9114.2440,1.9175,1.9950,0.0000,0.0000

9116.0000,1.9150,2.0310,0.0000,0.0000

9117.7200,1.9160,2.0207,0.0000,0.0000

9119.4690,1.9145,2.0156,0.0000,0.0000

9121.2110,1.9160,2.0362,0.0000,0.0000

9122.9350,1.9155,2.0207,0.0000,0.0000

9124.6520,1.9130,2.0156,0.0000,0.0000

9126.3480,1.9165,2.0464,0.0000,0.0000

9128.0620,1.9180,2.0413,0.0000,0.0000

9129.7850,1.9180,2.0259,0.0000,0.0000

9131.5190,1.9205,2.0207,0.0000,0.0000

9133.2780,1.9200,2.0259,0.0000,0.0000

9135.0260,1.9190,2.0104,0.0000,0.0000

9136.7570,1.9200,2.0259,0.0000,0.0000

9138.4750,1.9190,2.0259,0.0000,0.0000

9140.1940,1.9185,2.0156,0.0000,0.0000

9141.9220,1.9200,2.0310,0.0000,0.0000

9143.6640,1.9175,2.0207,0.0000,0.0000

9145.3820,1.9170,2.0362,0.0000,0.0000

9147.1190,1.9170,2.0259,0.0000,0.0000

9148.8610,1.9175,2.0259,0.0000,0.0000

9150.5920,1.9170,2.0207,0.0000,0.0000

9152.3210,1.9190,2.0310,0.0000,0.0000

9154.0320,1.9195,2.0310,0.0000,0.0000

9155.7310,1.9195,2.0259,0.0000,0.0000

9157.4650,1.9225,2.0464,0.0000,0.0000

9159.1860,1.9210,2.0156,0.0000,0.0000

9160.9150,1.9259,2.0722,0.0000,0.0000

9162.6450,1.9264,2.0413,0.0000,0.0000

9164.3600,1.9264,2.0259,0.0000,0.0000

9166.0900,1.9294,2.0567,0.0000,0.0000

9167.8090,1.9309,2.0362,0.0000,0.0000

9169.5380,1.9284,2.0053,0.0000,0.0000

9171.2680,1.9264,2.0104,0.0000,0.0000

9172.9760,1.9259,2.0207,0.0000,0.0000

9174.6960,1.9235,2.0207,0.0000,0.0000

9176.4390,1.9245,2.0259,0.0000,0.0000

9178.2030,1.9215,2.0413,0.0000,0.0000

9179.9500,1.9200,2.0259,0.0000,0.0000

9181.7110,1.9190,2.0156,0.0000,0.0000

9183.4630,1.9190,2.0567,0.0000,0.0000

9185.1980,1.9185,2.0310,0.0000,0.0000

9186.9350,1.9195,2.0156,0.0000,0.0000

9188.6690,1.9210,2.0259,0.0000,0.0000

9190.4060,1.9210,2.0207,0.0000,0.0000

9192.1270,1.9205,2.0156,0.0000,0.0000

9193.8850,1.9220,2.0413,0.0000,0.0000

9195.5950,1.9205,2.0259,0.0000,0.0000

9197.3410,1.9200,2.0207,0.0000,0.0000

9199.0740,1.9210,2.0259,0.0000,0.0000

9200.7900,1.9165,2.0104,0.0000,0.0000

9202.5260,1.9160,2.0259,0.0000,0.0000

9204.2650,1.9155,2.0104,0.0000,0.0000

9206.0130,1.9160,2.0310,0.0000,0.0000

9207.7630,1.9160,2.0207,0.0000,0.0000

9209.4920,1.9170,2.0259,0.0000,0.0000

9211.1880,1.9145,2.0156,0.0000,0.0000

9212.9050,1.9130,2.0104,0.0000,0.0000

9214.6500,1.9130,2.0207,0.0000,0.0000

9216.3870,1.9130,2.0259,0.0000,0.0000

9218.1230,1.9145,2.0259,0.0000,0.0000

9219.8350,1.9150,2.0310,0.0000,0.0000

9221.5920,1.9175,2.0362,0.0000,0.0000

9223.3310,1.9190,2.0464,0.0000,0.0000

9225.0720,1.9185,2.0156,0.0000,0.0000

9226.7890,1.9205,2.0464,0.0000,0.0000

9228.5110,1.9215,2.0259,0.0000,0.0000

9230.2370,1.9230,2.0259,0.0000,0.0000

9231.9670,1.9230,2.0207,0.0000,0.0000

9233.6990,1.9240,2.0362,0.0000,0.0000

9235.4150,1.9249,2.0362,0.0000,0.0000

9237.1520,1.9245,2.0259,0.0000,0.0000

9238.9310,1.9235,2.0259,0.0000,0.0000

9240.6860,1.9195,2.0053,0.0000,0.0000

9242.4420,1.9210,2.0310,0.0000,0.0000

9244.1790,1.9185,2.0207,0.0000,0.0000

9245.9490,1.9190,2.0310,0.0000,0.0000

9247.6780,1.9205,2.0413,0.0000,0.0000

9249.4010,1.9225,2.0413,0.0000,0.0000

9251.1290,1.9215,2.0259,0.0000,0.0000

9252.8460,1.9215,2.0362,0.0000,0.0000

9254.5680,1.9210,2.0207,0.0000,0.0000

9256.3240,1.9220,2.0362,0.0000,0.0000

9258.0630,1.9235,2.0207,0.0000,0.0000

9259.7780,1.9240,2.0362,0.0000,0.0000

9261.5240,1.9235,2.0156,0.0000,0.0000

9263.2500,1.9230,2.0259,0.0000,0.0000

9264.9830,1.9195,2.0053,0.0000,0.0000

9266.7280,1.9235,2.0825,0.0000,0.0000

9268.4620,1.9249,2.0413,0.0000,0.0000

9270.2270,1.9240,2.0259,0.0000,0.0000

9271.9680,1.9230,2.0104,0.0000,0.0000

9273.6910,1.9225,2.0310,0.0000,0.0000

9275.4090,1.9245,2.0413,0.0000,0.0000

9277.1360,1.9240,2.0310,0.0000,0.0000

9278.8450,1.9249,2.0259,0.0000,0.0000

9280.5660,1.9235,2.0104,0.0000,0.0000

9282.2800,1.9259,2.0310,0.0000,0.0000

9284.0220,1.9240,2.0619,0.0000,0.0000

9285.7790,1.9240,2.0413,0.0000,0.0000

9287.5130,1.9245,2.0310,0.0000,0.0000

9289.2260,1.9254,2.0207,0.0000,0.0000

9290.9370,1.9274,2.0516,0.0000,0.0000

9292.6490,1.9254,2.0207,0.0000,0.0000

9294.3720,1.9249,2.0259,0.0000,0.0000

9296.0960,1.9269,2.0464,0.0000,0.0000

9297.8190,1.9274,2.0156,0.0000,0.0000

9299.5230,1.9269,2.0259,0.0000,0.0000

9301.2490,1.9225,2.0156,0.0000,0.0000

9302.9800,1.9220,2.0362,0.0000,0.0000

9304.7110,1.9225,2.0362,0.0000,0.0000

9306.4130,1.9180,1.9744,0.0000,0.0000

9308.1330,1.9130,2.0001,0.0000,0.0000

9309.8730,1.9135,2.0259,0.0000,0.0000

9311.6010,1.9135,2.0259,0.0000,0.0000

9313.3440,1.9100,2.0104,0.0000,0.0000

9315.0760,1.9105,2.0207,0.0000,0.0000

9316.7920,1.9105,2.0259,0.0000,0.0000

9318.4830,1.9110,2.0207,0.0000,0.0000

9320.2100,1.9110,2.0362,0.0000,0.0000

9321.9570,1.9225,2.1545,0.0000,0.0000

9323.7320,1.9289,2.0413,0.0000,0.0000

9325.4770,1.9319,2.0310,0.0000,0.0000

9327.2050,1.9329,2.0362,0.0000,0.0000

9328.9690,1.9314,2.0104,0.0000,0.0000

9330.6820,1.9334,2.0310,0.0000,0.0000

9332.4380,1.9349,2.0362,0.0000,0.0000

9334.1830,1.9319,1.9950,0.0000,0.0000

9335.8970,1.9329,2.0310,0.0000,0.0000

9337.6320,1.9324,2.0310,0.0000,0.0000

9339.3400,1.9210,2.0362,0.0000,0.0000

9341.0530,1.9205,2.0362,0.0000,0.0000

9342.7590,1.9195,2.0207,0.0000,0.0000

9344.4940,1.9185,2.0259,0.0000,0.0000

9346.2050,1.9279,2.1082,0.0000,0.0000

9347.9100,1.9299,2.0516,0.0000,0.0000

9349.6220,1.9289,2.0259,0.0000,0.0000

9351.3350,1.9324,2.0310,0.0000,0.0000

9353.0530,1.9284,1.9898,0.0000,0.0000

9354.7780,1.9294,2.0413,0.0000,0.0000

9356.5280,1.9289,2.0310,0.0000,0.0000

9358.2380,1.9284,2.0310,0.0000,0.0000

9359.9610,1.9294,2.0310,0.0000,0.0001

9361.6790,1.9354,2.0876,0.0000,0.0000

9363.4100,1.9264,2.0156,0.0000,0.0000

9365.1370,1.9235,2.0207,0.0000,0.0000

9366.8760,1.9220,2.0104,0.0000,0.0000

9368.5860,1.9210,2.0207,0.0000,0.0001

9370.3370,1.9235,2.0156,0.0000,0.0000

9372.0650,1.9215,2.0207,0.0000,0.0000

9373.7790,1.9344,2.1648,0.0000,0.0000

9375.5100,1.9344,2.0310,0.0000,0.0000

9377.2460,1.9354,2.0413,0.0000,0.0000

9378.9680,1.9289,2.0207,0.0000,0.0000

9380.7310,1.9284,2.0104,0.0000,0.0000

9382.4740,1.9299,2.0362,0.0000,0.0000

9384.1950,1.9389,2.1030,0.0000,0.0000

9385.9170,1.9399,2.0310,0.0000,0.0000

9387.6300,1.9394,2.0104,0.0000,0.0000

9389.3640,1.9413,2.0413,0.0000,0.0000

9391.0690,1.9319,2.0670,0.0000,0.0000

9392.8230,1.9304,2.0156,0.0000,0.0000

9394.5540,1.9279,2.0156,0.0000,0.0000

9396.3550,1.9294,2.0362,0.0000,0.0000

9398.0880,1.9304,2.0207,0.0000,0.0000

9399.7980,1.9309,2.0413,0.0000,0.0000

9401.5270,1.9240,2.0310,0.0000,0.0000

9403.2600,1.9240,2.0310,0.0000,0.0000

9404.9960,1.9240,2.0104,0.0000,0.0000

9406.7250,1.9215,2.0156,0.0000,0.0000

9408.4430,1.9180,2.0310,0.0000,0.0000

9410.1580,1.9185,2.0207,0.0000,0.0000

9411.8870,1.9205,2.0362,0.0000,0.0000

9413.5940,1.9205,2.0362,0.0000,0.0000

9415.3350,1.9220,2.0362,0.0000,0.0000

9417.0740,1.9230,2.0516,0.0000,0.0000

9418.7960,1.9235,2.0362,0.0000,0.0000

9420.5250,1.9225,2.0207,0.0000,0.0000

9422.2440,1.9259,2.0464,0.0000,0.0000

9424.0110,1.9269,2.0259,0.0000,0.0000

9425.7610,1.9259,2.0207,0.0000,0.0000

9427.4880,1.9249,2.0104,0.0000,0.0000

9429.2430,1.9249,2.0362,0.0000,0.0000

9430.9510,1.9245,2.0310,0.0000,0.0000

9432.6700,1.9249,2.0413,0.0000,0.0000

9434.4220,1.9225,2.0259,0.0000,0.0000

9436.1380,1.9220,2.0310,0.0000,0.0000

9437.8570,1.9225,2.0259,0.0000,0.0000

9439.5740,1.9225,2.0464,0.0000,0.0000

9441.2790,1.9245,2.0464,0.0000,0.0000

9443.0000,1.9254,2.0310,0.0000,0.0000

9444.7470,1.9289,2.0464,0.0000,0.0000

9446.4960,1.9259,2.0053,0.0000,0.0000

9448.2270,1.9294,2.0670,0.0000,0.0000

9449.9480,1.9299,2.0464,0.0000,0.0000

9451.6560,1.9264,1.9898,0.0000,0.0000

9453.3880,1.9249,2.0156,0.0000,0.0000

9455.1390,1.9245,2.0207,0.0000,0.0000

9456.8760,1.9240,2.0413,0.0000,0.0000

9458.6050,1.9240,2.0464,0.0000,0.0000

9460.3500,1.9225,2.0156,0.0000,0.0000

9462.0660,1.9215,2.0362,0.0000,0.0000

9463.7790,1.9220,2.0104,0.0000,0.0000

9465.5030,1.9190,2.0362,0.0000,0.0000

9467.2250,1.9175,2.0310,0.0000,0.0000

9468.9610,1.9205,2.0207,0.0000,0.0000

9470.6980,1.9220,2.0310,0.0000,0.0000

9472.4200,1.9240,2.0413,0.0000,0.0000

9474.1500,1.9225,2.0259,0.0000,0.0000

9475.8900,1.9220,2.0413,0.0000,0.0000

9477.6080,1.9235,2.0310,0.0000,0.0000

9479.3070,1.9210,2.0104,0.0000,0.0000

9481.0260,1.9264,2.0670,0.0000,0.0000

9482.7370,1.9259,2.0310,0.0000,0.0000

9484.4660,1.9269,2.0413,0.0000,0.0000

9486.1820,1.9289,2.0413,0.0000,0.0000

9487.9290,1.9289,2.0310,0.0000,0.0000

9489.6800,1.9279,2.0310,0.0000,0.0000

9491.4160,1.9274,2.0207,0.0000,0.0000

9493.1560,1.9279,2.0464,0.0000,0.0000

9494.9180,1.9215,1.9641,0.0000,0.0000

9496.6510,1.9235,2.0310,0.0000,0.0000

9498.3570,1.9200,2.0310,0.0000,0.0000

9500.0760,1.9205,2.0362,0.0000,0.0000

9501.7960,1.9185,2.0207,0.0000,0.0000

9503.5180,1.9175,2.0310,0.0000,0.0000

9505.2610,1.9110,1.9641,0.0000,0.0000

9506.9890,1.9095,2.0156,0.0000,0.0000

9508.6890,1.9195,2.1236,0.0000,0.0000

9510.4190,1.9195,2.0464,0.0000,0.0000

9512.1800,1.9259,2.0310,0.0000,0.0000

9513.8960,1.9279,2.0516,0.0000,0.0000

9515.6120,1.9279,2.0310,0.0000,0.0000

9517.3560,1.9294,2.0516,0.0000,0.0000

9519.0980,1.9294,2.0207,0.0000,0.0000

9520.8280,1.9289,2.0259,0.0000,0.0000

9522.5390,1.9359,2.0362,0.0000,0.0000

9524.2610,1.9359,2.0156,0.0000,0.0000

9525.9990,1.9269,2.0310,0.0000,0.0000

9527.7360,1.9259,2.0362,0.0000,0.0000

9529.4550,1.9254,2.0259,0.0000,0.0000

9531.1830,1.9200,1.9950,0.0000,0.0000

9532.9210,1.9210,2.0413,0.0000,0.0000

9534.6570,1.9185,2.0259,0.0000,0.0000

9536.4010,1.9185,2.0207,0.0000,0.0000

9538.1500,1.9195,2.0362,0.0000,0.0000

9539.8710,1.9195,2.0362,0.0000,0.0000

9541.6040,1.9205,2.0259,0.0000,0.0000

9543.3290,1.9200,2.0259,0.0000,0.0000

9545.0600,1.9190,2.0259,0.0000,0.0000

9546.7790,1.9205,2.0413,0.0000,0.0000

9548.5150,1.9235,2.0259,0.0000,0.0000

9550.2480,1.9210,2.0156,0.0000,0.0000

9551.9780,1.9200,2.0156,0.0000,0.0000

9553.7110,1.9205,2.0259,0.0000,0.0000

9555.4330,1.9195,2.0259,0.0000,0.0000

9557.1560,1.9190,2.0310,0.0000,0.0000

9558.9010,1.9190,2.0259,0.0000,0.0000

9560.6120,1.9210,2.0464,0.0000,0.0000

9562.3220,1.9220,2.0362,0.0000,0.0000

9564.0900,1.9215,2.0362,0.0000,0.0000

9565.8370,1.9210,2.0207,0.0000,0.0000

9567.6180,1.9245,2.0516,0.0000,0.0000

9569.3390,1.9324,2.0979,0.0000,0.0000

9571.0780,1.9334,2.0362,0.0000,0.0000

9572.8060,1.9339,2.0310,0.0000,0.0000

9574.5380,1.9304,1.9950,0.0000,0.0000

9576.2650,1.9329,2.0516,0.0000,0.0000

9577.9960,1.9314,2.0310,0.0000,0.0000

9579.7570,1.9329,2.0516,0.0000,0.0000

9581.4830,1.9314,2.0207,0.0000,0.0000

9583.2080,1.9324,2.0310,0.0000,0.0000

9584.9670,1.9299,2.0259,0.0000,0.0000

9586.6980,1.9245,2.0413,0.0000,0.0000

9588.4740,1.9195,1.9847,0.0000,0.0000

9590.1950,1.9175,2.0104,0.0000,0.0000

9591.9150,1.9210,2.0310,0.0000,0.0000

9593.6540,1.9205,2.0464,0.0000,0.0000

9595.4400,1.9205,2.0310,0.0000,0.0000

9597.1850,1.9190,2.0362,0.0000,0.0000

9598.8980,1.9215,2.0464,0.0000,0.0000

9600.6370,1.9215,2.0310,0.0000,0.0000

9602.3530,1.9215,2.0259,0.0000,0.0000

9604.0580,1.9200,2.0259,0.0000,0.0000

9605.8280,1.9254,2.0413,0.0000,0.0000

9607.5450,1.9269,2.0259,0.0000,0.0000

9609.2450,1.9274,2.0362,0.0000,0.0000

9610.9640,1.9249,2.0207,0.0000,0.0000

9612.7150,1.9264,2.0464,0.0000,0.0000

9614.4430,1.9254,2.0259,0.0000,0.0000

9616.1950,1.9235,2.0259,0.0000,0.0000

9617.9310,1.9215,2.0104,0.0000,0.0000

9619.6660,1.9220,2.0310,0.0000,0.0000

9621.4150,1.9200,2.0053,0.0000,0.0000

9623.1690,1.9195,2.0362,0.0000,0.0000

9624.9480,1.9210,2.0413,0.0000,0.0000

9626.6860,1.9205,2.0310,0.0000,0.0000

9628.3810,1.9215,2.0310,0.0000,0.0000

9630.0980,1.9180,2.0104,0.0000,0.0000

9631.8830,1.9175,2.0207,0.0000,0.0000

9633.6200,1.9210,2.0619,0.0000,0.0000

9635.3550,1.9210,2.0104,0.0000,0.0000

9637.1040,1.9200,2.0207,0.0000,0.0000

9638.8410,1.9235,2.0413,0.0000,0.0000

9640.5570,1.9215,2.0156,0.0000,0.0000

9642.2920,1.9200,2.0259,0.0000,0.0000

9643.9970,1.9195,2.0259,0.0000,0.0000

9645.7070,1.9200,2.0362,0.0000,0.0000

9647.4490,1.9205,2.0156,0.0000,0.0000

9649.1710,1.9230,2.0464,0.0000,0.0000

9650.9000,1.9185,2.0156,0.0000,0.0000

9652.6180,1.9200,2.0259,0.0000,0.0000

9654.3220,1.9220,2.0413,0.0000,0.0000

9656.0280,1.9205,2.0259,0.0000,0.0000

9657.7740,1.9225,2.0362,0.0000,0.0000

9659.5030,1.9240,2.0413,0.0000,0.0000

9661.2400,1.9215,2.0001,0.0000,0.0000

9662.9520,1.9200,2.0207,0.0000,0.0000

9664.6720,1.9215,2.0310,0.0000,0.0000

9666.4480,1.9195,2.0259,0.0000,0.0000

9668.1610,1.9225,2.0464,0.0000,0.0000

9669.9250,1.9225,2.0259,0.0000,0.0000

9671.6350,1.9210,2.0259,0.0000,0.0000

9673.3590,1.9269,2.0876,0.0000,0.0000

9675.1320,1.9274,2.0413,0.0000,0.0000

9676.8930,1.9264,2.0310,0.0000,0.0000

9678.6770,1.9294,2.0310,0.0000,0.0000

9680.4340,1.9299,2.0259,0.0000,0.0000

9682.2030,1.9279,2.0104,0.0000,0.0000

9683.9330,1.9289,2.0362,0.0000,0.0000

9685.7010,1.9269,2.0259,0.0000,0.0000

9687.4650,1.9284,2.0413,0.0000,0.0000

9689.2010,1.9254,1.9950,0.0000,0.0000

9690.8850,1.9190,2.0207,0.0000,0.0000

9692.6080,1.9185,2.0362,0.0000,0.0000

9694.3160,1.9170,2.0156,0.0000,0.0000

9696.0390,1.9175,2.0362,0.0000,0.0000

9697.7610,1.9190,2.0413,0.0000,0.0000

9699.4620,1.9200,2.0207,0.0000,0.0000

9701.1990,1.9200,2.0362,0.0000,0.0000

9702.9500,1.9200,2.0259,0.0000,0.0000

9704.6640,1.9190,2.0310,0.0000,0.0000

9706.4060,1.9230,2.0362,0.0000,0.0000

9708.1410,1.9225,2.0156,0.0000,0.0000

9709.8260,1.9180,1.9898,0.0000,0.0000

9711.6060,1.9190,2.0259,0.0000,0.0000

9713.3300,1.9175,2.0207,0.0000,0.0000

9715.0770,1.9170,2.0362,0.0000,0.0000

9716.7810,1.9170,2.0207,0.0000,0.0000

9718.5090,1.9175,2.0413,0.0000,0.0000

9720.2020,1.9190,2.0413,0.0000,0.0000

9721.9300,1.9210,2.0516,0.0000,0.0000

9723.6830,1.9195,2.0207,0.0000,0.0000

9725.3950,1.9210,2.0310,0.0000,0.0000

9727.1160,1.9254,2.0362,0.0000,0.0000

9728.8420,1.9264,2.0362,0.0000,0.0000

9730.5450,1.9319,2.0773,0.0000,0.0000

9732.2580,1.9309,2.0259,0.0000,0.0000

9733.9970,1.9279,1.9898,0.0000,0.0000

9735.7220,1.9259,2.0207,0.0000,0.0000

9737.5110,1.9254,2.0362,0.0000,0.0000

9739.2650,1.9220,2.0156,0.0000,0.0000

9740.9960,1.9245,2.0464,0.0000,0.0000

9742.7120,1.9230,2.0156,0.0000,0.0000

9744.4280,1.9230,2.0362,0.0000,0.0000

9746.1540,1.9200,2.0053,0.0000,0.0000

9747.9050,1.9155,2.0310,0.0000,0.0000

9749.6270,1.9155,2.0259,0.0000,0.0000

9751.3750,1.9200,2.0362,0.0000,0.0000

9753.1190,1.9195,2.0156,0.0000,0.0000

9754.8400,1.9180,2.0207,0.0000,0.0000

9756.5520,1.9180,2.0156,0.0000,0.0000

9758.2740,1.9170,2.0362,0.0000,0.0000

9760.0080,1.9175,2.0207,0.0000,0.0000

9761.7630,1.9170,2.0310,0.0000,0.0000

9763.5090,1.9170,2.0053,0.0000,0.0000

9765.2530,1.9160,2.0207,0.0000,0.0000

9766.9880,1.9170,2.0362,0.0000,0.0000

9768.7200,1.9175,2.0413,0.0000,0.0000

9770.4320,1.9195,2.0362,0.0000,0.0000

9772.1500,1.9200,2.0259,0.0000,0.0000

9773.8860,1.9215,2.0310,0.0000,0.0000

9775.6160,1.9220,2.0413,0.0000,0.0000

9777.3370,1.9225,2.0259,0.0000,0.0000

9779.0770,1.9225,2.0310,0.0000,0.0000

9780.7920,1.9240,2.0207,0.0000,0.0000

9782.5070,1.9235,2.0156,0.0000,0.0000

9784.2400,1.9249,2.0516,0.0000,0.0000

9785.9960,1.9235,2.0259,0.0000,0.0000

9787.7360,1.9215,2.0156,0.0000,0.0000

9789.4730,1.9215,2.0259,0.0000,0.0000

9791.2000,1.9205,2.0207,0.0000,0.0000

9792.9230,1.9185,2.0207,0.0000,0.0000

9794.6600,1.9210,2.0516,0.0000,0.0000

9796.3860,1.9225,2.0464,0.0000,0.0000

9798.1250,1.9225,2.0207,0.0000,0.0000

9799.8680,1.9240,2.0310,0.0000,0.0000

9801.6540,1.9225,2.0362,0.0000,0.0000

9803.3940,1.9254,2.0567,0.0000,0.0000

9805.1270,1.9259,2.0207,0.0000,0.0000

9806.8490,1.9309,2.0773,0.0000,0.0000

9808.5740,1.9319,2.0310,0.0000,0.0000

9810.3010,1.9339,2.0413,0.0000,0.0000

9812.0200,1.9319,2.0310,0.0000,0.0000

9813.7830,1.9309,2.0362,0.0000,0.0000

9815.5450,1.9304,2.0156,0.0000,0.0000

9817.2520,1.9289,2.0156,0.0000,0.0000

9819.0120,1.9274,2.0207,0.0000,0.0000

9820.7470,1.9249,2.0310,0.0000,0.0000

9822.4760,1.9259,2.0310,0.0000,0.0000

9824.1970,1.9210,2.0259,0.0000,0.0000

9825.9320,1.9215,2.0362,0.0000,0.0000

9827.6410,1.9190,2.0156,0.0000,0.0000

9829.3510,1.9170,2.0104,0.0000,0.0000

9831.0920,1.9140,2.0053,0.0000,0.0000

9832.8300,1.9145,2.0207,0.0000,0.0000

9834.5550,1.9165,2.0362,0.0000,0.0000

9836.2860,1.9150,2.0053,0.0000,0.0000

9838.0120,1.9150,2.0310,0.0000,0.0000

9839.7880,1.9155,2.0362,0.0000,0.0000

9841.5080,1.9155,2.0259,0.0000,0.0000

9843.2140,1.9160,2.0413,0.0000,0.0000

9844.9360,1.9175,2.0310,0.0000,0.0000

9846.6680,1.9205,2.0413,0.0000,0.0000

9848.3990,1.9210,2.0104,0.0000,0.0000

9850.1280,1.9220,2.0310,0.0000,0.0000

9851.8760,1.9215,2.0310,0.0000,0.0000

9853.6190,1.9240,2.0310,0.0000,0.0000

9855.3620,1.9220,2.0104,0.0000,0.0001

9857.0850,1.9220,2.0362,0.0000,0.0000

9858.8040,1.9225,2.0310,0.0000,0.0000

9860.5480,1.9195,2.0104,0.0000,0.0000

9862.2610,1.9145,1.9796,0.0000,0.0000

9864.0320,1.9145,2.0413,0.0000,0.0000

9865.7800,1.9165,2.0310,0.0000,0.0000

9867.5420,1.9180,2.0464,0.0000,0.0000

9869.2600,1.9150,2.0001,0.0000,0.0000

9871.0500,1.9160,2.0413,0.0000,0.0000

9872.8010,1.9175,2.0259,0.0000,0.0000

9874.5530,1.9170,2.0310,0.0000,0.0000

9876.2920,1.9160,2.0207,0.0000,0.0000

9878.0450,1.9155,2.0053,0.0000,0.0000

9879.7580,1.9185,2.0104,0.0000,0.0000

9881.4760,1.9200,2.0567,0.0000,0.0000

9883.2170,1.9180,2.0104,0.0000,0.0000

9884.9380,1.9165,2.0310,0.0000,0.0000

9886.6730,1.9195,2.0310,0.0000,0.0000

9888.4320,1.9195,2.0413,0.0000,0.0000

