Elapsed Time (s), Rod voltage (V)
1.2170,NaN

1.6200,3.3466

2.6190,3.3443

3.6190,3.3394

4.6190,3.3343

5.6190,3.3309

6.6190,3.3267

7.6190,3.3217

8.6200,3.3175

9.6190,3.3143

10.6190,3.3117

11.6190,3.3078

12.6190,3.3055

13.6190,3.3045

14.6190,3.3030

15.6200,3.3014

16.6190,3.2994

17.6190,3.2981

18.6190,3.2979

19.6190,3.2974

20.6190,3.2960

21.6200,3.2941

22.6190,3.2921

23.6190,3.2908

24.6190,3.2908

25.6190,3.2907

26.6190,3.2905

27.6200,3.2913

28.6190,3.2933

29.6190,3.2958

30.6190,3.2983

31.6190,3.3004

32.6190,3.3044

33.6200,3.3110

34.6190,3.3173

35.6190,3.3221

36.6190,3.3253

37.6200,3.3292

38.6190,3.3334

39.6210,3.3399

40.6190,3.3460

41.6190,3.3497

42.6190,3.3535

43.6190,3.3577

44.6200,3.3624

45.6190,3.3677

46.6190,3.3743

47.6190,3.3794

48.6190,3.3854

49.6190,3.3907

50.6190,3.3955

51.6190,3.3985

52.6190,3.4013

53.6190,3.4040

54.6190,3.4082

55.6190,3.4112

56.6200,3.4151

57.6190,3.4169

58.6190,3.4192

59.6190,3.4223

60.6190,3.4254

61.6190,3.4289

62.6200,3.4339

63.6190,3.4373

64.6190,3.4427

65.6190,3.4470

66.6190,3.4527

67.6190,3.4568

68.6190,3.4614

69.6190,3.4656

70.6190,3.4691

71.6190,3.4720

72.6190,3.4774

73.6200,3.4845

74.6190,3.4881

75.6190,3.4925

76.6190,3.4990

77.6190,3.5058

78.6190,3.5126

79.6200,3.5195

80.6190,3.5250

81.6190,3.5300

82.6190,3.5351

83.6200,3.5410

84.6190,3.5457

85.6190,3.5532

86.6200,3.5569

87.6190,3.5569

88.6190,3.5608

89.6190,3.5615

90.6190,3.5663

91.6190,3.5671

92.6190,3.5692

93.6210,3.5744

94.6190,3.5770

95.6190,3.5802

96.6190,3.5853

97.6190,3.5853

98.6190,3.5876

99.6190,3.5936

100.6200,3.5916

101.6190,3.5933

102.6190,3.5950

103.6190,3.6001

104.6190,3.6007

105.6190,3.5980

106.6190,3.5997

107.6190,3.6021

108.6190,3.6020

109.6190,3.6076

110.6190,3.6064

111.6190,3.6072

112.6190,3.6113

113.6190,3.6108

114.6200,3.6103

115.6190,3.6146

116.6190,3.6180

117.6190,3.6176

118.6190,3.6226

119.6190,3.6197

120.6190,3.6226

121.6190,3.6239

122.6190,3.6292

123.6190,3.6269

124.6200,3.6296

125.6200,3.6385

126.6200,3.6366

127.6190,3.6341

128.6190,3.6396

129.6190,3.6382

130.6200,3.6386

131.6190,3.6444

132.6190,3.6459

133.6190,3.6444

134.6190,3.6437

135.6200,3.6493

136.6200,3.6517

137.6190,3.6479

138.6190,3.6498

139.6190,3.6481

140.6190,3.6590

141.6190,3.6504

142.6190,3.6531

143.6200,3.6528

144.6190,3.6619

145.6190,3.6575

146.6190,3.6557

147.6190,3.6566

148.6190,3.6655

149.6190,3.6591

150.6190,3.6686

151.6200,3.6738

152.6190,3.6656

153.6190,3.6691

154.6190,3.6672

155.6190,3.6757

156.6200,3.6786

157.6190,3.6730

158.6200,3.6752

159.6200,3.6782

160.6200,3.6795

161.6200,3.6850

162.6200,3.6801

163.6210,3.6898

164.6190,3.6891

165.6200,3.6840

166.6200,3.6866

167.6190,3.6844

168.6190,3.6852

169.6190,3.6881

170.6190,3.6823

171.6200,3.7035

172.6190,3.6873

173.6210,3.6887

174.6200,3.6852

175.6190,3.7032

176.6200,3.7009

177.6200,3.6907

178.6200,3.6914

179.6190,3.6921

180.6190,3.6975

181.6190,3.6903

182.6190,3.7080

183.6210,3.6934

184.6200,3.7025

185.6190,3.7108

186.6190,3.7047

187.6190,3.7032

188.6200,3.7039

189.6190,3.7230

190.6200,3.7075

191.6190,3.7084

192.6190,3.7087

193.6190,3.7189

194.6190,3.7185

195.6190,3.7169

196.6190,3.7261

197.6210,3.7142

198.6200,3.7214

199.6200,3.7211

200.6190,3.7434

201.6190,3.7430

202.6190,3.7433

203.6190,3.7431

204.6190,3.7338

205.6200,3.7357

206.6190,3.7450

207.6190,3.7525

208.6190,3.7604

209.6190,3.7632

210.6190,3.7658

211.6190,3.7662

212.6190,3.7623

213.6200,3.7746

214.6200,3.7782

215.6190,3.7763

216.6190,3.7692

217.6200,3.7833

218.6190,3.7784

219.6200,3.7810

220.6200,3.7795

221.6190,3.7789

222.6190,3.7874

223.6190,3.7789

224.6190,3.7898

225.6190,3.8022

226.6200,3.7863

227.6190,3.7828

228.6190,3.7976

229.6200,3.7937

230.6190,3.7870

231.6190,3.7828

232.6190,3.7728

233.6190,3.7805

234.6190,3.8214

235.6200,3.7869

236.6190,3.7737

237.6190,3.7815

238.6200,3.7740

239.6190,3.7721

240.6190,3.8002

241.6190,3.7867

242.6210,3.8071

243.6190,3.8029

244.6190,3.7894

245.6190,3.7980

246.6200,3.7940

247.6200,3.8065

248.6190,3.8045

249.6190,3.7894

250.6190,3.8041

251.6190,3.8070

252.6190,3.7922

253.6190,3.7878

254.6190,3.8314

255.6210,3.8038

256.6190,3.8011

257.6200,3.7986

258.6190,3.7864

259.6190,3.7990

260.6190,3.7785

261.6190,3.8300

262.6190,3.8062

263.6200,3.7918

264.6190,3.8031

265.6190,3.7852

266.6190,3.7794

267.6200,3.8333

268.6190,3.8009

269.6190,3.7797

270.6190,3.7920

271.6190,3.7810

272.6190,3.7984

273.6190,3.8115

274.6190,3.8149

275.6200,3.7850

276.6190,3.7853

277.6190,3.8070

278.6190,3.7825

279.6190,3.7835

280.6190,3.8407

281.6200,3.8184

282.6200,3.7788

283.6190,3.7793

284.6200,3.8046

285.6190,3.8423

286.6190,3.8064

287.6190,3.7925

288.6190,3.7863

289.6190,3.7819

290.6190,3.8177

291.6190,3.8210

292.6190,3.7912

293.6190,3.8093

294.6190,3.8098

295.6190,3.8243

296.6190,3.8248

297.6190,3.7982

298.6200,3.7777

299.6200,3.7787

300.6190,3.8070

301.6190,3.7911

302.6190,3.7968

303.6190,3.8282

304.6190,3.8687

305.6190,3.8383

306.6190,3.7932

307.6190,3.7904

308.6190,3.7940

309.6200,3.7947

310.6200,3.7867

311.6200,3.7859

312.6190,3.7911

313.6210,3.8683

314.6190,3.8254

315.6190,3.7808

316.6190,3.7984

317.6190,3.8013

318.6190,3.8255

319.6190,3.8420

320.6190,3.8484

321.6200,3.7906

322.6190,3.7928

323.6190,3.7851

324.6190,3.8252

325.6190,3.8155

326.6200,3.8234

327.6190,3.7972

328.6190,3.7930

329.6190,3.7797

330.6190,3.7844

331.6190,3.7765

332.6190,3.7841

333.6190,3.8494

334.6190,3.8377

335.6190,3.8411

336.6200,3.8198

337.6200,3.8027

338.6190,3.8256

339.6190,3.7939

340.6190,3.7766

341.6190,3.7844

342.6190,3.7868

343.6190,3.7933

344.6190,3.8595

345.6200,3.8381

346.6190,3.7888

347.6190,3.7859

348.6190,3.7854

349.6190,3.7765

350.6190,3.8011

351.6200,3.8358

352.6190,3.8351

353.6190,3.8617

354.6190,3.8482

355.6190,3.8063

356.6190,3.7821

357.6190,3.8288

358.6190,3.8165

359.6200,3.7949

360.6200,3.8607

361.6190,3.8586

362.6190,3.8641

363.6190,3.8086

364.6190,3.8030

365.6190,3.7908

366.6200,3.7807

367.6190,3.7977

368.6200,3.7911

369.6190,3.8371

370.6200,3.8798

371.6200,3.8445

372.6190,3.7922

373.6200,3.7822

374.6190,3.7972

375.6190,3.8302

376.6200,3.8599

377.6200,3.8123

378.6190,3.7924

379.6200,3.7781

380.6190,3.7909

381.6190,3.7803

382.6200,3.7862

383.6190,3.8514

384.6190,3.8566

385.6200,3.8063

386.6200,3.7987

387.6190,3.7756

388.6190,3.7749

389.6190,3.7707

390.6200,3.7693

391.6190,3.7652

392.6190,3.8005

393.6190,3.9057

394.6190,3.8582

395.6200,3.8089

396.6190,3.7643

397.6210,3.7622

398.6200,3.7593

399.6210,3.7491

400.6190,3.7535

401.6200,3.8506

402.6190,3.8542

403.6190,3.8751

404.6190,3.8666

405.6190,3.8263

406.6190,3.8501

407.6190,3.8297

408.6190,3.7937

409.6190,3.7711

410.6190,3.7539

411.6190,3.7426

412.6190,3.7435

413.6190,3.7405

414.6190,3.7404

415.6200,3.7459

416.6190,3.7342

417.6190,3.7924

418.6190,3.8170

419.6190,3.7396

420.6190,3.7331

421.6190,3.8278

422.6200,3.7788

423.6190,3.7502

424.6190,3.7394

425.6200,3.7343

426.6190,3.7308

427.6190,3.7369

428.6190,3.7310

429.6190,3.8667

430.6210,3.8092

431.6190,3.7428

432.6190,3.7302

433.6190,3.7238

434.6190,3.7923

435.6190,3.8566

436.6190,3.8401

437.6200,3.8445

438.6190,3.7623

439.6190,3.7376

440.6190,3.7189

441.6190,3.7213

442.6200,3.8025

443.6200,3.7696

444.6200,3.7178

445.6190,3.7033

446.6190,3.7070

447.6190,3.7130

448.6200,3.7201

449.6190,3.7275

450.6200,3.7318

451.6200,3.7531

452.6200,3.8706

453.6190,3.8616

454.6190,3.7694

455.6190,3.8296

456.6190,3.8104

457.6200,3.7554

458.6190,3.7370

459.6210,3.7377

460.6200,3.7388

461.6190,3.7299

462.6190,3.7443

463.6200,3.7261

464.6190,3.7273

465.6190,3.8122

466.6190,3.7839

467.6190,3.8725

468.6200,3.7888

469.6200,3.7462

470.6190,3.7316

471.6190,3.7274

472.6200,3.7409

473.6190,3.7177

474.6190,3.7323

475.6190,3.7246

476.6190,3.7328

477.6190,3.7540

478.6190,3.7927

479.6190,3.8768

480.6190,3.8036

481.6200,3.7474

482.6190,3.7397

483.6190,3.7507

484.6190,3.7978

485.6190,3.8909

486.6190,3.8840

487.6200,3.8331

488.6190,3.7775

489.6190,3.7565

490.6190,3.7434

491.6190,3.7565

492.6190,3.7772

493.6200,3.8893

494.6190,3.7905

495.6190,3.7511

496.6190,3.7449

497.6190,3.7480

498.6190,3.7506

499.6190,3.7385

500.6210,3.7225

501.6190,3.8521

502.6190,3.8830

503.6190,3.8881

504.6190,3.8044

505.6190,3.7466

506.6190,3.7193

507.6190,3.7106

508.6190,3.7076

509.6190,3.6991

510.6190,3.7284

511.6190,3.8538

512.6190,3.7425

513.6190,3.7039

514.6190,3.7081

515.6190,3.6967

516.6190,3.6932

517.6190,3.7365

518.6190,3.6979

519.6190,3.6936

520.6200,3.6912

521.6190,3.7069

522.6190,3.6916

523.6190,3.6933

524.6190,3.8538

525.6190,3.7739

526.6190,3.7104

527.6190,3.7102

528.6200,3.6895

529.6190,3.6844

530.6190,3.6939

531.6190,3.6776

532.6190,3.9046

533.6200,3.8083

534.6200,3.7300

535.6190,3.7004

536.6200,3.6846

537.6190,3.6862

538.6190,3.6881

539.6190,3.6722

540.6200,3.6801

541.6190,3.6752

542.6190,3.7169

543.6190,3.8085

544.6190,3.7112

545.6190,3.6736

546.6190,3.6611

547.6210,3.6718

548.6190,3.6724

549.6200,3.6761

550.6190,3.6815

551.6190,3.6790

552.6190,3.6672

553.6190,3.6707

554.6190,3.6763

555.6190,3.6567

556.6190,3.7931

557.6190,3.6716

558.6210,3.7879

559.6200,3.8872

560.6190,3.7855

561.6200,3.7080

562.6190,3.7072

563.6190,3.6759

564.6200,3.6999

565.6190,3.8975

566.6190,3.8838

567.6190,3.8584

568.6200,3.7629

569.6190,3.7092

570.6190,3.6945

571.6190,3.6813

572.6200,3.6797

573.6190,3.6696

574.6190,3.6904

575.6200,3.6743

576.6200,3.6727

577.6190,3.6797

578.6190,3.7010

579.6190,3.6711

580.6190,3.6746

581.6190,3.6707

582.6190,3.6961

583.6190,3.7331

584.6190,3.8906

585.6190,3.9481

586.6190,3.9375

587.6190,3.8087

588.6190,3.7356

589.6190,3.6941

590.6190,3.6782

591.6190,3.6700

592.6190,3.6687

593.6200,3.6737

594.6190,3.6644

595.6190,3.6630

596.6190,3.6821

597.6190,3.6597

598.6190,3.6476

599.6200,3.6919

600.6190,3.6578

601.6190,3.6534

602.6200,1.5840

603.6190,0.4263

604.6200,0.4461

605.6190,0.4553

606.6200,0.4538

607.6190,0.4521

608.6190,0.4497

609.6190,0.4472

610.6190,0.4439

611.6190,0.4403

612.6190,0.4374

613.6190,0.4342

614.6190,0.4311

615.6190,0.4283

616.6190,0.4250

617.6190,0.4217

618.6190,0.4186

619.6190,0.4156

620.6200,0.4127

621.6190,0.4099

622.6190,0.4072

623.6190,0.4047

624.6190,0.4017

625.6190,0.3989

626.6200,0.3964

627.6200,0.3938

628.6190,0.3911

629.6190,0.3886

630.6190,0.3858

631.6190,0.3832

632.6190,0.3805

633.6190,0.3774

634.6190,0.3745

635.6190,0.3713

636.6190,0.3682

637.6190,0.3650

638.6190,0.3620

639.6190,0.3587

640.6190,0.3553

641.6190,0.3527

642.6200,0.3498

643.6190,0.3465

644.6200,0.3435

645.6190,0.3409

646.6190,0.3381

647.6190,0.3353

648.6190,0.3326

649.6200,0.3303

650.6200,0.3297

651.6190,0.3272

652.6190,0.3248

653.6190,0.3218

654.6190,0.3193

655.6190,0.3165

656.6190,0.3139

657.6190,0.3113

658.6200,0.3088

659.6200,0.3066

660.6190,0.3046

661.6200,0.3030

662.6190,0.2999

663.6190,0.2974

664.6190,0.2948

665.6190,0.2926

666.6210,0.2899

667.6190,0.2874

668.6190,0.2854

669.6190,0.2834

670.6190,0.2812

671.6190,0.2791

672.6200,0.2767

673.6190,0.2742

674.6200,0.2721

675.6190,0.2694

676.6190,0.2675

677.6190,0.2650

678.6190,0.2628

679.6190,0.2607

680.6200,0.2582

681.6190,0.2565

682.6190,0.2544

683.6190,0.2523

684.6190,0.2502

685.6200,0.2479

686.6190,0.2454

687.6190,0.2433

688.6190,0.2428

689.6190,0.2393

690.6190,0.2369

691.6190,0.2345

692.6190,0.2323

693.6190,0.2305

694.6190,0.2285

695.6190,0.2263

696.6190,0.2271

697.6190,0.2233

698.6190,0.2207

699.6190,0.2186

700.6190,0.2168

701.6190,0.2163

702.6200,0.2131

703.6190,0.2109

704.6190,0.2089

705.6190,0.2102

706.6200,0.2062

707.6200,0.2040

708.6190,0.2020

709.6190,0.1998

710.6190,0.1978

711.6190,0.1963

712.6190,0.1957

713.6200,0.1974

714.6190,0.1925

715.6190,0.1930

716.6190,0.1891

717.6190,0.1871

718.6190,0.1871

719.6190,0.1860

720.6190,0.1830

721.6190,0.1808

722.6190,0.1792

723.6190,0.1775

724.6200,0.1759

725.6190,0.1788

726.6190,0.1738

727.6200,0.1717

728.6190,0.1699

729.6200,0.1688

730.6200,0.1673

731.6190,0.1683

732.6190,0.1669

733.6190,0.1637

734.6190,0.1620

735.6190,0.1606

736.6190,0.1591

737.6200,0.1577

738.6190,0.1565

739.6190,0.1583

740.6190,0.1550

741.6190,0.1527

742.6190,0.1510

743.6190,0.1496

744.6200,0.1486

745.6190,0.1492

746.6190,0.1479

747.6190,0.1453

748.6190,0.1439

749.6190,0.1428

750.6190,0.1414

751.6190,0.1413

752.6190,0.1395

753.6190,0.1379

754.6200,0.1419

755.6200,0.1376

756.6190,0.1353

757.6190,0.1342

758.6200,0.1329

759.6190,0.1316

760.6190,0.1303

761.6190,0.1293

762.6190,0.1298

763.6190,0.1281

764.6200,0.1263

765.6190,0.1252

766.6190,0.1243

767.6200,0.1231

768.6190,0.1221

769.6190,0.1214

770.6190,0.1265

771.6190,0.1230

772.6190,0.1208

773.6190,0.1191

774.6190,0.1178

775.6190,0.1166

776.6190,0.1157

777.6190,0.1150

778.6190,0.1141

779.6190,0.1134

780.6190,0.1128

781.6190,0.1116

782.6190,0.1105

783.6190,0.1101

784.6190,0.1097

785.6190,0.1085

786.6190,0.1078

787.6190,0.1068

788.6200,0.1092

789.6190,0.1065

790.6190,0.1051

791.6190,0.1040

792.6190,0.1032

793.6190,0.1028

794.6190,0.1020

795.6190,0.1011

796.6200,0.1004

797.6190,0.1000

798.6190,0.0992

799.6200,0.0986

800.6190,0.0979

801.6190,0.0992

802.6190,0.0985

803.6190,0.0973

804.6190,0.0961

805.6190,0.0954

806.6190,0.0947

807.6190,0.0938

808.6190,0.0933

809.6190,0.0926

810.6200,0.0920

811.6190,0.0914

812.6190,0.0910

813.6190,0.0907

814.6190,0.0901

815.6190,0.0894

816.6190,0.0888

817.6200,0.0885

818.6200,0.0906

819.6190,0.0884

820.6190,0.0873

821.6190,0.0869

822.6190,0.0861

823.6190,0.0856

824.6190,0.0851

825.6190,0.0847

826.6190,0.0886

827.6190,0.0855

828.6190,0.0842

829.6190,0.0834

830.6190,0.0825

831.6190,0.0820

832.6190,0.0814

833.6200,0.0809

834.6190,0.0805

835.6190,0.0800

836.6190,0.0797

837.6190,0.0794

838.6190,0.0790

839.6200,0.0785

840.6190,0.0780

841.6210,0.0780

842.6190,0.0774

843.6200,0.0773

844.6200,0.0766

845.6200,0.0759

846.6190,0.0752

847.6190,0.0749

848.6190,0.0746

849.6190,0.0741

850.6200,0.0737

851.6190,0.0733

852.6190,0.0731

853.6200,0.0729

854.6190,0.0722

855.6190,0.0720

856.6190,0.0715

857.6200,0.0711

858.6190,0.0708

859.6190,0.0703

860.6190,0.0700

861.6200,0.0696

862.6190,0.0693

863.6210,0.0690

864.6190,0.0686

865.6190,0.0685

866.6190,0.0679

867.6190,0.0676

868.6190,0.0672

869.6190,0.0671

870.6190,0.0671

871.6190,0.0666

872.6190,0.0662

873.6190,0.0658

874.6190,0.0656

875.6190,0.0653

876.6200,0.0649

877.6190,0.0646

878.6190,0.0643

879.6190,0.0641

880.6200,0.0639

881.6190,0.0635

882.6200,0.0632

883.6190,0.0628

884.6200,0.0624

885.6190,0.0622

886.6190,0.0618

887.6200,0.0614

888.6190,0.0612

889.6190,0.0609

890.6190,0.0606

891.6190,0.0604

892.6190,0.0602

893.6190,0.0599

894.6190,0.0595

895.6190,0.0593

896.6190,0.0590

897.6190,0.0587

898.6190,0.0584

899.6190,0.0581

900.6190,0.0580

901.6190,0.0577

902.6190,0.0575

903.6190,0.0574

904.6200,0.0573

905.6200,0.0569

906.6190,0.0566

907.6190,0.0563

908.6200,0.0561

909.6190,0.0560

910.6200,0.0557

911.6190,0.0554

912.6190,0.0553

913.6190,0.0550

914.6190,0.0548

915.6190,0.0544

916.6200,0.0542

917.6190,0.0540

918.6190,0.0538

919.6190,0.0534

920.6190,0.0533

921.6190,0.0531

922.6190,0.0529

923.6190,0.0528

924.6200,0.0524

925.6200,0.0521

926.6200,0.0521

927.6190,0.0519

928.6190,0.0517

929.6190,0.0514

930.6190,0.0511

931.6190,0.0511

932.6200,0.0508

933.6190,0.0505

934.6190,0.0504

935.6200,0.0502

936.6200,0.0499

937.6200,0.0499

938.6200,0.0496

939.6190,0.0496

940.6200,0.0493

941.6190,0.0490

942.6190,0.0489

943.6190,0.0486

944.6190,0.0484

945.6190,0.0483

946.6190,0.0480

947.6190,0.0478

948.6190,0.0477

949.6190,0.0476

950.6190,0.0475

951.6190,0.0474

952.6190,0.0474

953.6190,0.0470

954.6190,0.0470

955.6200,0.0468

956.6200,0.0467

957.6190,0.0465

958.6200,0.0462

959.6190,0.0461

960.6190,0.0458

961.6190,0.0458

962.6190,0.0455

963.6190,0.0454

964.6190,0.0453

965.6190,0.0451

966.6190,0.0450

967.6190,0.0449

968.6190,0.0446

969.6190,0.0445

970.6190,0.0444

971.6190,0.0441

972.6190,0.0441

973.6190,0.0440

974.6190,0.0438

975.6210,0.0436

976.6190,0.0435

977.6190,0.0433

978.6190,0.0431

979.6200,0.0430

980.6200,0.0428

981.6190,0.0427

982.6190,0.0425

983.6190,0.0424

984.6190,0.0421

985.6190,0.0420

986.6190,0.0418

987.6200,0.0417

988.6200,0.0416

989.6200,0.0415

990.6190,0.0414

991.6200,0.0413

992.6200,0.0412

993.6200,0.0411

994.6190,0.0411

995.6190,0.0409

996.6190,0.0407

997.6200,0.0407

998.6190,0.0407

999.6190,0.0407

1000.6190,0.0404

1001.6190,0.0403

1002.6190,0.0403

1003.6200,0.0401

1004.6190,0.0401

1005.6190,0.0401

1006.6190,0.0398

1007.6190,0.0398

1008.6190,0.0398

1009.6200,0.0397

1010.6200,0.0394

1011.6190,0.0394

1012.6200,0.0394

1013.6190,0.0391

1014.6190,0.0393

1015.6200,0.0391

1016.6190,0.0390

1017.6190,0.0390

1018.6190,0.0388

1019.6190,0.0389

1020.6190,0.0388

1021.6200,0.0387

1022.6190,0.0385

1023.6190,0.0385

1024.6190,0.0383

1025.6190,0.0383

1026.6190,0.0382

1027.6200,0.0381

1028.6190,0.0381

1029.6190,0.0379

1030.6200,0.0377

1031.6190,0.0376

1032.6190,0.0374

1033.6190,0.0373

1034.6190,0.0373

1035.6190,0.0371

1036.6190,0.0369

1037.6190,0.0369

1038.6190,0.0367

1039.6190,0.0368

1040.6200,0.0367

1041.6190,0.0366

1042.6190,0.0366

1043.6190,0.0364

1044.6200,0.0364

1045.6190,0.0364

1046.6190,0.0362

1047.6190,0.0361

1048.6190,0.0362

1049.6190,0.0361

1050.6190,0.0361

1051.6190,0.0358

1052.6190,0.0359

1053.6190,0.0358

1054.6190,0.0357

1055.6190,0.0358

1056.6190,0.0356

1057.6190,0.0357

1058.6200,0.0355

1059.6190,0.0356

1060.6200,0.0354

1061.6190,0.0354

1062.6190,0.0353

1063.6190,0.0353

1064.6190,0.0352

1065.6190,0.0352

1066.6190,0.0352

1067.6190,0.0352

1068.6190,0.0350

1069.6200,0.0350

1070.6190,0.0351

1071.6200,0.0349

1072.6200,0.0349

1073.6190,0.0348

1074.6200,0.0348

1075.6190,0.0349

1076.6190,0.0346

1077.6190,0.0347

1078.6190,0.0347

1079.6190,0.0346

1080.6190,0.0346

1081.6190,0.0345

1082.6190,0.0344

1083.6190,0.0345

1084.6190,0.0344

1085.6190,0.0345

1086.6190,0.0344

1087.6200,0.0344

1088.6190,0.0343

1089.6190,0.0343

1090.6200,0.0342

1091.6190,0.0342

1092.6200,0.0341

1093.6190,0.0342

1094.6190,0.0341

1095.6190,0.0341

1096.6190,0.0341

1097.6190,0.0341

1098.6190,0.0340

1099.6190,0.0341

1100.6190,0.0340

1101.6190,0.0340

1102.6190,0.0339

1103.6190,0.0340

1104.6190,0.0340

1105.6190,0.0339

1106.6190,0.0339

1107.6190,0.0338

1108.6200,0.0337

1109.6190,0.0336

1110.6190,0.0337

1111.6190,0.0336

1112.6190,0.0335

1113.6190,0.0335

1114.6190,0.0335

1115.6200,0.0335

1116.6190,0.0334

1117.6190,0.0335

1118.6190,0.0334

1119.6190,0.0334

1120.6200,0.0334

1121.6190,0.0334

1122.6190,0.0333

1123.6200,0.0333

1124.6190,0.0332

1125.6190,0.0334

1126.6200,0.0331

1127.6200,0.0332

1128.6200,0.0332

1129.6200,0.0331

1130.6190,0.0332

1131.6190,0.0331

1132.6190,0.0330

1133.6190,0.0330

1134.6190,0.0331

1135.6190,0.0330

1136.6190,0.0330

1137.6200,0.0329

1138.6200,0.0329

1139.6190,0.0329

1140.6190,0.0329

1141.6190,0.0328

1142.6200,0.0327

1143.6190,0.0327

1144.6190,0.0326

1145.6200,0.0326

1146.6190,0.0325

1147.6190,0.0327

1148.6200,0.0326

1149.6200,0.0325

1150.6200,0.0325

1151.6190,0.0325

1152.6190,0.0326

1153.6200,0.0325

1154.6200,0.0325

1155.6190,0.0326

1156.6190,0.0325

1157.6190,0.0325

1158.6190,0.0325

1159.6190,0.0325

1160.6190,0.0325

1161.6190,0.0325

1162.6200,0.0325

1163.6200,0.0325

1164.6190,0.0325

1165.6190,0.0324

1166.6200,0.0324

1167.6190,0.0325

1168.6190,0.0322

1169.6190,0.0324

1170.6190,0.0323

1171.6190,0.0323

1172.6190,0.0322

1173.6190,0.0323

1174.6190,0.0322

1175.6190,0.0322

1176.6190,0.0322

1177.6190,0.0322

1178.6190,0.0322

1179.6190,0.0322

1180.6190,0.0323

1181.6190,0.0322

1182.6190,0.0323

1183.6200,0.0324

1184.6190,0.0325

1185.6190,0.0325

1186.6200,0.0326

1187.6190,0.0327

1188.6190,0.0328

1189.6190,0.0329

1190.6190,0.0330

1191.6190,0.0331

1192.6190,0.0332

1193.6200,0.0333

1194.6190,0.0333

1195.6190,0.0334

1196.6190,0.0334

1197.6200,0.0335

1198.6190,0.0336

1199.6200,0.0336

1200.6200,0.0336

1201.6200,0.0337

1202.6200,0.0336

1203.6190,0.0337

1204.6190,0.0337

1205.6190,0.0337

1206.6200,0.0337

1207.6190,0.0338

1208.6190,0.0338

1209.6190,0.0338

1210.6200,0.0337

1211.6190,0.0337

1212.6200,0.0337

1213.6190,0.0336

1214.6190,0.0336

1215.6190,0.0336

1216.6190,0.0336

1217.6190,0.0335

1218.6190,0.0335

1219.6200,0.0335

1220.6190,0.0334

1221.6190,0.0334

1222.6190,0.0333

1223.6190,0.0333

1224.6190,0.0333

1225.6190,0.0333

1226.6190,0.0332

1227.6190,0.0332

1228.6200,0.0332

1229.6190,0.0334

1230.6190,0.0332

1231.6190,0.0332

1232.6200,0.0333

1233.6190,0.0333

1234.6190,0.0333

1235.6190,0.0333

1236.6190,0.0334

1237.6190,0.0334

1238.6190,0.0333

1239.6190,0.0334

1240.6190,0.0334

1241.6190,0.0334

1242.6190,0.0334

1243.6200,0.0334

1244.6190,0.0335

1245.6200,0.0335

1246.6190,0.0335

1247.6190,0.0336

1248.6190,0.0337

1249.6190,0.0337

1250.6190,0.0338

1251.6190,0.0339

1252.6190,0.0340

1253.6200,0.0340

1254.6190,0.0340

1255.6190,0.0341

1256.6190,0.0341

1257.6200,0.0341

1258.6190,0.0340

1259.6190,0.0342

1260.6190,0.0341

1261.6190,NaN

1262.6190,NaN

1263.6200,NaN

1264.6200,NaN

1265.6190,NaN

1266.6190,NaN

1267.6190,NaN

1268.6190,NaN

1269.6190,NaN

1270.6200,NaN

1271.6190,NaN

1272.6190,NaN

1273.6190,NaN

1274.6190,NaN

1275.6190,NaN

1276.6190,NaN

1277.6190,NaN

1278.6190,NaN

1279.6190,NaN

1280.6200,NaN

1281.6200,NaN

1282.6190,NaN

1283.6200,NaN

1284.6190,NaN

1285.6190,NaN

1286.6200,NaN

1287.6190,NaN

1288.6190,NaN

1289.6190,NaN

1290.6200,NaN

1291.6190,NaN

1292.6190,NaN

1293.6200,NaN

1294.6190,NaN

1295.6190,NaN

1296.6190,NaN

1297.6190,NaN

1298.6200,NaN

1299.6190,NaN

1300.6190,NaN

1301.6190,NaN

1302.6190,NaN

1303.6190,NaN

1304.6190,NaN

1305.6190,NaN

1306.6190,NaN

1307.6190,NaN

1308.6190,NaN

1309.6190,NaN

1310.6190,NaN

1311.6190,NaN

1312.6190,NaN

1313.6190,NaN

1314.6190,NaN

1315.6200,NaN

1316.6200,NaN

1317.6200,NaN

1318.6190,NaN

1319.6190,NaN

1320.6190,NaN

1321.6190,NaN

1322.6190,NaN

1323.6190,NaN

1324.6200,NaN

1325.6210,NaN

1326.6190,NaN

1327.6190,NaN

1328.6190,NaN

1329.6190,NaN

1330.6190,NaN

1331.6190,NaN

1332.6190,NaN

1333.6190,NaN

1334.6190,NaN

1335.6190,NaN

1336.6190,NaN

1337.6190,NaN

1338.6190,NaN

1339.6190,NaN

1340.6190,NaN

1341.6190,NaN

1342.6190,NaN

1343.6190,NaN

1344.6190,NaN

1345.6190,NaN

1346.6190,NaN

1347.6190,NaN

1348.6200,NaN

1349.6190,NaN

1350.6190,NaN

1351.6190,NaN

1352.6190,NaN

1353.6190,NaN

1354.6190,NaN

1355.6190,NaN

1356.6190,NaN

1357.6190,NaN

1358.6190,NaN

1359.6190,NaN

1360.6200,NaN

1361.6190,NaN

1362.6200,NaN

1363.6190,NaN

1364.6190,NaN

1365.6190,NaN

1366.6190,NaN

1367.6200,NaN

1368.6200,NaN

1369.6190,NaN

1370.6190,NaN

1371.6190,NaN

1372.6190,NaN

1373.6190,NaN

1374.6190,NaN

1375.6190,NaN

1376.6190,NaN

1377.6190,NaN

1378.6190,NaN

1379.6190,NaN

1380.6190,NaN

1381.6190,NaN

1382.6190,NaN

1383.6190,NaN

1384.6190,NaN

1385.6190,NaN

1386.6190,NaN

1387.6190,NaN

1388.6190,NaN

1389.6200,NaN

1390.6200,NaN

1391.6190,NaN

1392.6200,NaN

1393.6190,NaN

1394.6190,NaN

1395.6200,NaN

1396.6190,NaN

1397.6190,NaN

1398.6200,NaN

1399.6190,NaN

1400.6190,NaN

1401.6190,NaN

1402.6190,NaN

1403.6210,NaN

1404.6190,NaN

1405.6190,NaN

1406.6190,NaN

1407.6190,NaN

1408.6190,NaN

1409.6190,NaN

1410.6190,NaN

1411.6190,NaN

1412.6190,NaN

1413.6190,NaN

1414.6190,NaN

1415.6190,NaN

1416.6190,NaN

1417.6190,NaN

1418.6190,NaN

1419.6190,NaN

1420.6190,NaN

1421.6190,NaN

1422.6190,NaN

1423.6190,NaN

1424.6190,NaN

1425.6200,NaN

1426.6190,NaN

1427.6200,NaN

1428.6190,NaN

1429.6190,NaN

1430.6190,NaN

1431.6190,NaN

1432.6190,NaN

1433.6200,NaN

1434.6190,NaN

1435.6190,NaN

1436.6190,NaN

1437.6190,NaN

1438.6190,NaN

1439.6200,NaN

1440.6200,NaN

1441.6200,NaN

1442.6200,NaN

1443.6200,NaN

1444.6190,NaN

1445.6190,NaN

1446.6200,NaN

1447.6190,NaN

1448.6210,NaN

1449.6190,NaN

1450.6200,NaN

1451.6190,NaN

1452.6190,NaN

1453.6190,NaN

1454.6200,NaN

1455.6190,NaN

1456.6190,NaN

1457.6190,NaN

1458.6190,NaN

1459.6190,NaN

1460.6190,NaN

1461.6190,NaN

1462.6190,NaN

1463.6190,NaN

1464.6190,NaN

1465.6190,NaN

1466.6190,NaN

1467.6200,NaN

1468.6200,NaN

1469.6190,NaN

1470.6190,NaN

1471.6190,NaN

1472.6200,NaN

1473.6190,NaN

1474.6190,NaN

1475.6190,NaN

1476.6190,NaN

1477.6190,NaN

1478.6190,NaN

1479.6190,NaN

1480.6200,NaN

1481.6200,NaN

1482.6200,NaN

1483.6200,NaN

1484.6190,NaN

1485.6190,NaN

1486.6190,NaN

1487.6190,NaN

1488.6190,NaN

1489.6190,NaN

1490.6190,NaN

1491.6190,NaN

1492.6190,NaN

1493.6200,NaN

1494.6200,NaN

1495.6200,NaN

1496.6190,NaN

1497.6190,NaN

1498.6200,NaN

1499.6190,NaN

1500.6190,NaN

1501.6210,NaN

1502.6190,NaN

1503.6200,NaN

1504.6190,NaN

1505.6200,NaN

1506.6190,NaN

1507.6190,NaN

1508.6190,NaN

1509.6190,NaN

1510.6190,NaN

1511.6190,NaN

1512.6190,NaN

1513.6190,NaN

1514.6200,NaN

1515.6190,NaN

1516.6200,NaN

1517.6190,NaN

1518.6190,NaN

1519.6190,NaN

1520.6200,NaN

1521.6190,NaN

1522.6200,NaN

1523.6190,NaN

1524.6190,NaN

1525.6190,NaN

1526.6190,NaN

1527.6190,NaN

1528.6210,NaN

1529.6190,NaN

1530.6190,NaN

1531.6190,NaN

1532.6190,NaN

1533.6190,NaN

1534.6190,NaN

1535.6190,NaN

1536.6200,NaN

1537.6190,NaN

1538.6190,NaN

1539.6190,NaN

1540.6190,NaN

1541.6190,NaN

1542.6190,NaN

1543.6190,NaN

1544.6200,NaN

1545.6190,NaN

1546.6190,NaN

1547.6190,NaN

1548.6200,NaN

1549.6190,NaN

1550.6190,NaN

1551.6190,NaN

1552.6190,NaN

1553.6190,NaN

1554.6190,NaN

1555.6190,NaN

1556.6190,NaN

1557.6190,NaN

1558.6190,NaN

1559.6200,NaN

1560.6190,NaN

1561.6190,NaN

1562.6190,NaN

1563.6190,NaN

1564.6190,NaN

1565.6190,NaN

1566.6200,NaN

1567.6190,NaN

1568.6190,NaN

1569.6200,NaN

1570.6190,NaN

1571.6190,NaN

1572.6200,NaN

1573.6200,NaN

1574.6190,NaN

1575.6190,NaN

1576.6190,NaN

1577.6190,NaN

1578.6190,NaN

1579.6190,NaN

1580.6190,NaN

1581.6190,NaN

1582.6210,NaN

1583.6190,NaN

1584.6190,NaN

1585.6190,NaN

1586.6190,NaN

1587.6190,NaN

1588.6190,NaN

1589.6190,NaN

1590.6200,NaN

1591.6190,NaN

1592.6190,NaN

1593.6200,NaN

1594.6190,NaN

1595.6190,NaN

1596.6190,NaN

1597.6190,NaN

1598.6200,NaN

1599.6190,NaN

1600.6190,NaN

1601.6190,NaN

1602.6190,NaN

1603.6190,NaN

1604.6190,NaN

1605.6190,NaN

1606.6190,NaN

1607.6200,NaN

1608.6190,NaN

1609.6190,NaN

1610.6190,NaN

1611.6190,NaN

1612.6190,NaN

1613.6200,NaN

1614.6190,NaN

1615.6190,NaN

1616.6190,NaN

1617.6190,NaN

1618.6190,NaN

1619.6190,NaN

1620.6190,NaN

1621.6190,NaN

1622.6190,NaN

1623.6190,NaN

1624.6200,NaN

1625.6190,NaN

1626.6190,NaN

1627.6190,NaN

1628.6200,NaN

1629.6190,NaN

1630.6210,NaN

1631.6190,NaN

1632.6190,NaN

1633.6190,NaN

1634.6190,NaN

1635.6190,NaN

1636.6190,NaN

1637.6200,NaN

1638.6190,NaN

1639.6190,NaN

1640.6190,NaN

1641.6190,NaN

1642.6190,NaN

1643.6200,NaN

1644.6190,NaN

1645.6190,NaN

1646.6190,NaN

1647.6200,NaN

1648.6190,NaN

1649.6190,NaN

1650.6190,NaN

1651.6190,NaN

1652.6190,NaN

1653.6190,NaN

1654.6190,NaN

1655.6190,NaN

1656.6190,NaN

1657.6200,NaN

1658.6200,NaN

1659.6190,NaN

1660.6200,NaN

1661.6190,NaN

1662.6190,NaN

1663.6190,NaN

1664.6190,NaN

1665.6190,NaN

1666.6200,NaN

1667.6190,NaN

1668.6190,NaN

1669.6190,NaN

1670.6190,NaN

1671.6190,NaN

1672.6200,NaN

1673.6190,NaN

1674.6190,NaN

1675.6190,NaN

1676.6200,NaN

1677.6190,NaN

1678.6190,NaN

1679.6190,NaN

1680.6200,NaN

1681.6190,NaN

1682.6200,NaN

1683.6200,NaN

1684.6200,NaN

1685.6190,NaN

1686.6190,NaN

1687.6200,NaN

1688.6190,NaN

1689.6190,NaN

1690.6200,NaN

1691.6190,NaN

1692.6190,NaN

1693.6190,NaN

1694.6200,NaN

1695.6190,NaN

1696.6190,NaN

1697.6190,NaN

1698.6190,NaN

1699.6190,NaN

1700.6200,NaN

1701.6190,NaN

1702.6190,NaN

1703.6190,NaN

1704.6190,NaN

1705.6200,NaN

1706.6190,NaN

1707.6190,NaN

1708.6190,NaN

1709.6190,NaN

1710.6190,NaN

1711.6190,NaN

1712.6190,NaN

1713.6190,NaN

1714.6190,NaN

1715.6210,NaN

1716.6190,NaN

1717.6200,NaN

1718.6190,NaN

1719.6190,NaN

1720.6200,NaN

1721.6190,NaN

1722.6190,NaN

1723.6190,NaN

1724.6190,NaN

1725.6190,NaN

1726.6200,NaN

1727.6190,NaN

1728.6200,NaN

1729.6190,NaN

1730.6190,NaN

1731.6190,NaN

1732.6190,NaN

1733.6200,NaN

1734.6190,NaN

1735.6190,NaN

1736.6190,NaN

1737.6190,NaN

1738.6190,NaN

1739.6200,NaN

1740.6190,NaN

1741.6190,NaN

1742.6190,NaN

1743.6190,NaN

1744.6190,NaN

1745.6200,NaN

1746.6200,NaN

1747.6200,NaN

1748.6190,NaN

1749.6190,NaN

1750.6190,NaN

1751.6190,NaN

1752.6190,NaN

1753.6190,NaN

1754.6190,NaN

1755.6190,NaN

1756.6190,NaN

1757.6200,NaN

1758.6190,NaN

1759.6190,NaN

1760.6190,NaN

1761.6190,NaN

1762.6190,NaN

1763.6190,NaN

1764.6200,NaN

1765.6190,NaN

1766.6200,NaN

1767.6200,NaN

1768.6190,NaN

1769.6190,NaN

1770.6190,NaN

1771.6190,NaN

1772.6190,NaN

1773.6200,NaN

1774.6190,NaN

1775.6190,NaN

1776.6190,NaN

1777.6190,NaN

1778.6200,NaN

1779.6190,NaN

1780.6190,NaN

1781.6190,NaN

1782.6190,NaN

1783.6190,NaN

1784.6200,NaN

1785.6190,NaN

1786.6190,NaN

1787.6190,NaN

1788.6190,NaN

1789.6200,NaN

1790.6190,NaN

1791.6190,NaN

1792.6190,NaN

1793.6190,NaN

1794.6190,NaN

1795.6200,NaN

1796.6190,NaN

1797.6190,NaN

1798.6190,NaN

1799.6200,NaN

1800.6190,NaN

1801.6190,NaN

1802.6190,NaN

1803.6190,NaN

1804.6190,NaN

1805.6190,NaN

1806.6190,NaN

1807.6190,NaN

1808.6190,NaN

1809.6190,NaN

1810.6190,NaN

1811.6190,NaN

1812.6190,NaN

1813.6190,NaN

1814.6210,NaN

1815.6200,NaN

1816.6190,NaN

1817.6190,NaN

1818.6190,NaN

1819.6190,NaN

1820.6190,NaN

1821.6190,NaN

1822.6190,NaN

1823.6190,NaN

1824.6190,NaN

1825.6200,NaN

1826.6190,NaN

1827.6190,NaN

1828.6200,NaN

1829.6200,NaN

1830.6190,NaN

1831.6200,NaN

1832.6190,NaN

1833.6190,NaN

1834.6190,NaN

1835.6190,NaN

1836.6190,NaN

1837.6190,NaN

1838.6190,NaN

1839.6190,NaN

1840.6200,NaN

1841.6190,NaN

1842.6200,NaN

1843.6200,NaN

1844.6190,NaN

1845.6190,NaN

1846.6190,NaN

1847.6190,NaN

1848.6200,NaN

1849.6200,NaN

1850.6190,NaN

1851.6190,NaN

1852.6200,NaN

1853.6200,NaN

1854.6190,NaN

1855.6190,NaN

1856.6190,NaN

1857.6190,NaN

1858.6190,NaN

1859.6190,NaN

1860.6190,NaN

1861.6190,NaN

1862.6190,NaN

1863.6190,NaN

1864.6190,NaN

1865.6200,NaN

1866.6190,NaN

1867.6200,NaN

1868.6190,NaN

1869.6190,NaN

1870.6190,NaN

1871.6190,NaN

1872.6190,NaN

1873.6190,NaN

1874.6190,NaN

1875.6200,NaN

1876.6200,NaN

1877.6190,NaN

1878.6200,NaN

1879.6200,NaN

1880.6190,NaN

1881.6200,NaN

1882.6190,NaN

1883.6190,NaN

1884.6200,NaN

1885.6200,NaN

1886.6190,NaN

1887.6190,NaN

1888.6190,NaN

1889.6210,NaN

1890.6190,NaN

1891.6190,NaN

1892.6190,NaN

1893.6190,NaN

1894.6200,NaN

1895.6200,NaN

1896.6200,NaN

1897.6200,NaN

1898.6190,NaN

1899.6190,NaN

1900.6190,NaN

1901.6190,NaN

1902.6190,NaN

1903.6200,NaN

1904.6190,NaN

1905.6190,NaN

1906.6190,NaN

1907.6200,NaN

1908.6200,NaN

1909.6190,NaN

1910.6190,NaN

1911.6190,NaN

1912.6190,NaN

1913.6190,NaN

1914.6190,NaN

1915.6190,NaN

1916.6190,NaN

1917.6190,NaN

1918.6190,NaN

1919.6190,NaN

1920.6190,NaN

1921.6200,NaN

1922.6190,NaN

1923.6190,NaN

1924.6200,NaN

1925.6190,NaN

1926.6190,NaN

1927.6200,NaN

1928.6200,NaN

1929.6190,NaN

1930.6190,NaN

1931.6190,NaN

1932.6190,NaN

1933.6190,NaN

1934.6190,NaN

1935.6190,NaN

1936.6190,NaN

1937.6190,NaN

1938.6190,NaN

1939.6190,NaN

1940.6190,NaN

1941.6190,NaN

1942.6190,NaN

1943.6190,NaN

1944.6200,NaN

1945.6200,NaN

1946.6200,NaN

1947.6190,NaN

1948.6190,NaN

1949.6190,NaN

1950.6190,NaN

1951.6200,NaN

1952.6190,NaN

1953.6200,NaN

1954.6190,NaN

1955.6190,NaN

1956.6190,NaN

1957.6190,NaN

1958.6190,NaN

1959.6200,NaN

1960.6190,NaN

1961.6190,NaN

1962.6190,NaN

1963.6190,NaN

1964.6190,NaN

1965.6190,NaN

1966.6190,NaN

1967.6190,NaN

1968.6200,NaN

1969.6200,NaN

1970.6190,NaN

1971.6210,NaN

1972.6190,NaN

1973.6190,NaN

1974.6190,NaN

1975.6200,NaN

1976.6190,NaN

1977.6190,NaN

1978.6190,NaN

1979.6200,NaN

1980.6190,NaN

1981.6190,NaN

1982.6190,NaN

1983.6190,NaN

1984.6190,NaN

1985.6190,NaN

1986.6190,NaN

1987.6200,NaN

1988.6190,NaN

1989.6190,NaN

1990.6190,NaN

1991.6190,NaN

1992.6190,NaN

1993.6190,NaN

1994.6190,NaN

1995.6190,NaN

1996.6190,NaN

1997.6190,NaN

1998.6190,NaN

1999.6200,NaN

2000.6190,NaN

2001.6190,NaN

2002.6190,NaN

2003.6190,NaN

2004.6190,NaN

2005.6190,NaN

2006.6200,NaN

2007.6190,NaN

2008.6190,NaN

2009.6200,NaN

2010.6200,NaN

2011.6190,NaN

2012.6190,NaN

2013.6190,NaN

2014.6190,NaN

2015.6190,NaN

2016.6190,NaN

2017.6190,NaN

2018.6190,NaN

2019.6190,NaN

2020.6190,NaN

2021.6190,NaN

2022.6200,NaN

2023.6190,NaN

2024.6200,NaN

2025.6190,NaN

2026.6190,NaN

2027.6190,NaN

2028.6200,NaN

2029.6190,NaN

2030.6200,NaN

2031.6200,NaN

2032.6190,NaN

2033.6190,NaN

2034.6190,NaN

2035.6190,NaN

2036.6190,NaN

2037.6190,NaN

2038.6190,NaN

2039.6190,NaN

2040.6200,NaN

2041.6190,NaN

2042.6200,NaN

2043.6200,NaN

2044.6190,NaN

2045.6190,NaN

2046.6200,NaN

2047.6190,NaN

2048.6190,NaN

2049.6190,NaN

2050.6190,NaN

2051.6190,NaN

2052.6190,NaN

2053.6190,NaN

2054.6190,NaN

2055.6200,NaN

2056.6190,NaN

2057.6190,NaN

2058.6190,NaN

2059.6200,NaN

2060.6190,NaN

2061.6190,NaN

2062.6200,NaN

2063.6190,NaN

2064.6190,NaN

2065.6190,NaN

2066.6190,NaN

2067.6190,NaN

2068.6200,NaN

2069.6200,NaN

2070.6200,NaN

2071.6190,NaN

2072.6190,NaN

2073.6190,NaN

2074.6190,NaN

2075.6190,NaN

2076.6190,NaN

2077.6190,NaN

2078.6200,NaN

2079.6190,NaN

2080.6190,NaN

2081.6190,NaN

2082.6190,NaN

2083.6190,NaN

2084.6190,NaN

2085.6190,NaN

2086.6190,NaN

2087.6200,NaN

2088.6190,NaN

2089.6190,NaN

2090.6190,NaN

2091.6190,NaN

2092.6190,NaN

2093.6190,NaN

2094.6190,NaN

2095.6200,NaN

2096.6190,NaN

2097.6190,NaN

2098.6190,NaN

2099.6190,NaN

2100.6190,NaN

2101.6190,NaN

2102.6190,NaN

2103.6200,NaN

2104.6200,NaN

2105.6190,NaN

2106.6190,NaN

2107.6190,NaN

2108.6200,NaN

2109.6190,NaN

2110.6190,NaN

2111.6190,NaN

2112.6190,NaN

2113.6200,NaN

2114.6200,NaN

2115.6200,NaN

2116.6190,NaN

2117.6190,NaN

2118.6190,NaN

2119.6190,NaN

2120.6200,NaN

2121.6190,NaN

2122.6190,NaN

2123.6190,NaN

2124.6190,NaN

2125.6190,NaN

2126.6190,NaN

2127.6190,NaN

2128.6190,NaN

2129.6190,NaN

2130.6190,NaN

2131.6200,NaN

2132.6190,NaN

2133.6200,NaN

2134.6190,NaN

2135.6190,NaN

2136.6200,NaN

2137.6190,NaN

2138.6190,NaN

2139.6200,NaN

2140.6190,NaN

2141.6190,NaN

2142.6190,NaN

2143.6190,NaN

2144.6190,NaN

2145.6190,NaN

2146.6190,NaN

2147.6190,NaN

2148.6190,NaN

2149.6190,NaN

2150.6190,NaN

2151.6190,NaN

2152.6200,NaN

2153.6190,NaN

2154.6190,NaN

2155.6190,NaN

2156.6200,NaN

2157.6190,NaN

2158.6190,NaN

2159.6190,NaN

2160.6190,NaN

2161.6190,NaN

2162.6200,NaN

2163.6190,NaN

2164.6200,NaN

2165.6200,NaN

2166.6190,NaN

2167.6190,NaN

2168.6200,NaN

2169.6190,NaN

2170.6190,NaN

2171.6200,NaN

2172.6190,NaN

2173.6190,NaN

2174.6190,NaN

2175.6190,NaN

2176.6190,NaN

2177.6200,NaN

2178.6190,NaN

2179.6200,NaN

2180.6190,NaN

2181.6190,NaN

2182.6190,NaN

2183.6200,NaN

2184.6190,NaN

2185.6190,NaN

2186.6190,NaN

2187.6190,NaN

2188.6200,NaN

2189.6190,NaN

2190.6190,NaN

2191.6200,NaN

2192.6190,NaN

2193.6190,NaN

2194.6190,NaN

2195.6190,NaN

2196.6190,NaN

2197.6190,NaN

2198.6200,NaN

2199.6190,NaN

2200.6200,NaN

2201.6190,NaN

2202.6190,NaN

2203.6190,NaN

2204.6190,NaN

2205.6190,NaN

2206.6200,NaN

2207.6190,NaN

2208.6200,NaN

2209.6190,NaN

2210.6200,NaN

2211.6190,NaN

2212.6200,NaN

2213.6190,NaN

2214.6200,NaN

2215.6190,NaN

2216.6190,NaN

2217.6190,NaN

2218.6190,NaN

2219.6200,NaN

2220.6200,NaN

2221.6200,NaN

2222.6200,NaN

2223.6190,NaN

2224.6190,NaN

2225.6200,NaN

2226.6190,NaN

2227.6190,NaN

2228.6190,NaN

2229.6190,NaN

2230.6190,NaN

2231.6190,NaN

2232.6190,NaN

2233.6190,NaN

2234.6190,NaN

2235.6190,NaN

2236.6200,NaN

2237.6190,NaN

2238.6190,NaN

2239.6200,NaN

2240.6190,NaN

2241.6190,NaN

2242.6200,NaN

2243.6200,NaN

2244.6190,NaN

2245.6200,NaN

2246.6190,NaN

2247.6190,NaN

2248.6190,NaN

2249.6190,NaN

2250.6200,NaN

2251.6190,NaN

2252.6190,NaN

2253.6190,NaN

2254.6190,NaN

2255.6190,NaN

2256.6190,NaN

2257.6190,NaN

2258.6190,NaN

2259.6190,NaN

2260.6200,NaN

2261.6190,NaN

2262.6190,NaN

2263.6190,NaN

2264.6190,NaN

2265.6190,NaN

2266.6190,NaN

2267.6200,NaN

2268.6200,NaN

2269.6190,NaN

2270.6190,NaN

2271.6190,NaN

2272.6190,NaN

2273.6190,NaN

2274.6200,NaN

2275.6190,NaN

2276.6190,NaN

2277.6190,NaN

2278.6190,NaN

2279.6190,NaN

2280.6190,NaN

2281.6200,NaN

2282.6190,NaN

2283.6190,NaN

2284.6190,NaN

2285.6190,NaN

2286.6190,NaN

2287.6210,NaN

2288.6190,NaN

2289.6190,NaN

2290.6190,NaN

2291.6190,NaN

2292.6190,NaN

2293.6190,NaN

2294.6190,NaN

2295.6190,NaN

2296.6190,NaN

2297.6200,NaN

2298.6190,NaN

2299.6190,NaN

2300.6190,NaN

2301.6190,NaN

2302.6190,NaN

2303.6200,NaN

2304.6190,NaN

2305.6200,NaN

2306.6190,NaN

2307.6190,NaN

2308.6200,NaN

2309.6190,NaN

2310.6200,NaN

2311.6190,NaN

2312.6190,NaN

2313.6190,NaN

2314.6190,NaN

2315.6190,NaN

2316.6200,NaN

2317.6200,NaN

2318.6200,NaN

2319.6190,NaN

2320.6190,NaN

2321.6200,NaN

2322.6190,NaN

2323.6200,NaN

2324.6190,NaN

2325.6190,NaN

2326.6190,NaN

2327.6190,NaN

2328.6190,NaN

2329.6190,NaN

2330.6210,NaN

2331.6190,NaN

2332.6190,NaN

2333.6190,NaN

2334.6190,NaN

2335.6190,NaN

2336.6190,NaN

2337.6190,NaN

2338.6200,NaN

2339.6190,NaN

2340.6200,NaN

2341.6200,NaN

2342.6190,NaN

2343.6190,NaN

2344.6200,NaN

2345.6200,NaN

2346.6190,NaN

2347.6190,NaN

2348.6190,NaN

2349.6190,NaN

2350.6190,NaN

2351.6190,NaN

2352.6190,NaN

2353.6190,NaN

2354.6190,NaN

2355.6200,NaN

2356.6190,NaN

2357.6190,NaN

2358.6200,NaN

2359.6190,NaN

2360.6190,NaN

2361.6190,NaN

2362.6190,NaN

2363.6190,NaN

2364.6190,NaN

2365.6190,NaN

2366.6190,NaN

2367.6190,NaN

2368.6190,NaN

2369.6190,NaN

2370.6200,NaN

2371.6190,NaN

2372.6190,NaN

2373.6190,NaN

2374.6190,NaN

2375.6200,NaN

2376.6190,NaN

2377.6190,NaN

2378.6200,NaN

2379.6190,NaN

2380.6190,NaN

2381.6190,NaN

2382.6190,NaN

2383.6200,NaN

2384.6190,NaN

2385.6190,NaN

2386.6190,NaN

2387.6190,NaN

2388.6190,NaN

2389.6200,NaN

2390.6200,NaN

2391.6200,NaN

2392.6190,NaN

2393.6190,NaN

2394.6190,NaN

2395.6190,NaN

2396.6190,NaN

2397.6190,NaN

2398.6190,NaN

2399.6190,NaN

2400.6190,NaN

2401.6190,NaN

2402.6210,NaN

2403.6190,NaN

2404.6190,NaN

2405.6190,NaN

2406.6190,NaN

2407.6190,NaN

2408.6190,NaN

2409.6200,NaN

2410.6200,NaN

2411.6210,NaN

2412.6190,NaN

2413.6190,NaN

2414.6190,NaN

2415.6190,NaN

2416.6190,NaN

2417.6190,NaN

2418.6200,NaN

2419.6200,NaN

2420.6200,NaN

2421.6190,NaN

2422.6190,NaN

2423.6190,NaN

2424.6190,NaN

2425.6190,NaN

2426.6200,NaN

2427.6190,NaN

2428.6190,NaN

2429.6190,NaN

2430.6190,NaN

2431.6200,NaN

2432.6200,NaN

2433.6190,NaN

2434.6200,NaN

2435.6190,NaN

2436.6190,NaN

2437.6190,NaN

2438.6190,NaN

2439.6200,NaN

2440.6190,NaN

2441.6190,NaN

2442.6190,NaN

2443.6190,NaN

2444.6190,NaN

2445.6190,NaN

2446.6190,NaN

2447.6190,NaN

2448.6190,NaN

2449.6190,NaN

2450.6190,NaN

2451.6190,NaN

2452.6190,NaN

2453.6190,NaN

2454.6200,NaN

2455.6200,NaN

2456.6190,NaN

2457.6190,NaN

2458.6190,NaN

2459.6190,NaN

2460.6190,NaN

2461.6190,NaN

2462.6190,NaN

2463.6200,NaN

2464.6190,NaN

2465.6200,NaN

2466.6190,NaN

2467.6190,NaN

2468.6190,NaN

2469.6190,NaN

2470.6190,NaN

2471.6200,NaN

2472.6190,NaN

2473.6190,NaN

2474.6190,NaN

2475.6190,NaN

2476.6190,NaN

2477.6200,NaN

2478.6190,NaN

2479.6190,NaN

2480.6190,NaN

2481.6190,NaN

2482.6190,NaN

2483.6200,NaN

2484.6190,NaN

2485.6200,NaN

2486.6190,NaN

2487.6200,NaN

2488.6190,NaN

2489.6190,NaN

2490.6200,NaN

2491.6190,NaN

2492.6200,NaN

2493.6190,NaN

2494.6190,NaN

2495.6200,NaN

2496.6200,NaN

2497.6190,NaN

2498.6190,NaN

2499.6190,NaN

2500.6190,NaN

2501.6190,NaN

2502.6190,NaN

2503.6200,NaN

2504.6190,NaN

2505.6190,NaN

2506.6190,NaN

2507.6190,NaN

2508.6190,NaN

2509.6200,NaN

2510.6190,NaN

2511.6190,NaN

2512.6200,NaN

2513.6190,NaN

2514.6200,NaN

2515.6190,NaN

2516.6190,NaN

2517.6200,NaN

2518.6190,NaN

2519.6190,NaN

2520.6200,NaN

2521.6190,NaN

2522.6190,NaN

2523.6200,NaN

2524.6190,NaN

2525.6190,NaN

2526.6190,NaN

2527.6190,NaN

2528.6190,NaN

2529.6190,NaN

2530.6190,NaN

2531.6200,NaN

2532.6190,NaN

2533.6190,NaN

2534.6190,NaN

2535.6200,NaN

2536.6190,NaN

2537.6190,NaN

2538.6190,NaN

2539.6190,NaN

2540.6190,NaN

2541.6190,NaN

2542.6190,NaN

2543.6210,NaN

2544.6200,NaN

2545.6200,NaN

2546.6190,NaN

2547.6190,NaN

2548.6190,NaN

2549.6190,NaN

2550.6190,NaN

2551.6190,NaN

2552.6200,NaN

2553.6190,NaN

2554.6190,NaN

2555.6190,NaN

2556.6190,NaN

2557.6190,NaN

2558.6200,NaN

2559.6190,NaN

2560.6190,NaN

2561.6200,NaN

2562.6190,NaN

2563.6200,NaN

2564.6190,NaN

2565.6190,NaN

2566.6200,NaN

2567.6190,NaN

2568.6200,NaN

2569.6200,NaN

2570.6190,NaN

2571.6190,NaN

2572.6200,NaN

2573.6190,NaN

2574.6190,NaN

2575.6190,NaN

2576.6190,NaN

2577.6190,NaN

2578.6190,NaN

2579.6190,NaN

2580.6190,NaN

2581.6200,NaN

2582.6190,NaN

2583.6200,NaN

2584.6190,NaN

2585.6190,NaN

2586.6190,NaN

2587.6190,NaN

2588.6190,NaN

2589.6190,NaN

2590.6190,NaN

2591.6190,NaN

2592.6200,NaN

2593.6200,NaN

2594.6190,NaN

2595.6200,NaN

2596.6190,NaN

2597.6190,NaN

2598.6190,NaN

2599.6190,NaN

2600.6190,NaN

2601.6200,NaN

2602.6190,NaN

2603.6190,NaN

2604.6200,NaN

2605.6190,NaN

2606.6200,NaN

2607.6200,NaN

2608.6190,NaN

2609.6190,NaN

2610.6190,NaN

2611.6190,NaN

2612.6190,NaN

2613.6190,NaN

2614.6190,NaN

2615.6210,NaN

2616.6190,NaN

2617.6190,NaN

2618.6200,NaN

2619.6190,NaN

2620.6190,NaN

2621.6190,NaN

2622.6190,NaN

2623.6200,NaN

2624.6190,NaN

2625.6190,NaN

2626.6190,NaN

2627.6190,NaN

2628.6190,NaN

2629.6190,NaN

2630.6190,NaN

2631.6190,NaN

2632.6200,NaN

2633.6190,NaN

2634.6190,NaN

2635.6190,NaN

2636.6200,NaN

2637.6190,NaN

2638.6190,NaN

2639.6200,NaN

2640.6200,NaN

2641.6200,NaN

2642.6190,NaN

2643.6190,NaN

2644.6190,NaN

2645.6190,NaN

2646.6190,NaN

2647.6190,NaN

2648.6200,NaN

2649.6190,NaN

2650.6200,NaN

2651.6190,NaN

2652.6200,NaN

2653.6200,NaN

2654.6190,NaN

2655.6190,NaN

2656.6190,NaN

2657.6190,NaN

2658.6200,NaN

2659.6190,NaN

2660.6190,NaN

2661.6190,NaN

2662.6190,NaN

2663.6190,NaN

2664.6190,NaN

2665.6190,NaN

2666.6190,NaN

2667.6190,NaN

2668.6190,NaN

2669.6190,NaN

2670.6200,NaN

2671.6210,NaN

2672.6200,NaN

2673.6200,NaN

2674.6200,NaN

2675.6190,NaN

2676.6190,NaN

2677.6190,NaN

2678.6190,NaN

2679.6200,NaN

2680.6200,NaN

2681.6190,NaN

2682.6190,NaN

2683.6200,NaN

2684.6190,NaN

2685.6190,NaN

2686.6190,NaN

2687.6200,NaN

2688.6190,NaN

2689.6190,NaN

2690.6190,NaN

2691.6190,NaN

2692.6200,NaN

2693.6190,NaN

2694.6190,NaN

2695.6190,NaN

2696.6200,NaN

2697.6190,NaN

2698.6210,NaN

2699.6190,NaN

2700.6190,NaN

2701.6190,NaN

2702.6190,NaN

2703.6190,NaN

2704.6190,NaN

2705.6190,NaN

2706.6190,NaN

2707.6190,NaN

2708.6190,NaN

2709.6190,NaN

2710.6200,NaN

2711.6190,NaN

2712.6190,NaN

2713.6190,NaN

2714.6200,NaN

2715.6190,NaN

2716.6190,NaN

2717.6190,NaN

2718.6200,NaN

2719.6190,NaN

2720.6190,NaN

2721.6190,NaN

2722.6190,NaN

2723.6190,NaN

2724.6190,NaN

2725.6200,NaN

2726.6190,NaN

2727.6190,NaN

2728.6200,NaN

2729.6190,NaN

2730.6190,NaN

2731.6190,NaN

2732.6190,NaN

2733.6190,NaN

2734.6190,NaN

2735.6190,NaN

2736.6190,NaN

2737.6190,NaN

2738.6200,NaN

2739.6190,NaN

2740.6190,NaN

2741.6200,NaN

2742.6190,NaN

2743.6190,NaN

2744.6190,NaN

2745.6200,NaN

2746.6190,NaN

2747.6190,NaN

2748.6190,NaN

2749.6190,NaN

2750.6190,NaN

2751.6190,NaN

2752.6190,NaN

2753.6200,NaN

2754.6200,NaN

2755.6190,NaN

2756.6190,NaN

2757.6190,NaN

2758.6200,NaN

2759.6190,NaN

2760.6200,NaN

2761.6190,NaN

2762.6190,NaN

2763.6190,NaN

2764.6190,NaN

2765.6190,NaN

2766.6190,NaN

2767.6190,NaN

2768.6190,NaN

2769.6190,NaN

2770.6190,NaN

2771.6190,NaN

2772.6200,NaN

2773.6190,NaN

2774.6190,NaN

2775.6200,NaN

2776.6200,NaN

2777.6190,NaN

2778.6190,NaN

2779.6200,NaN

2780.6200,NaN

2781.6200,NaN

2782.6190,NaN

2783.6190,NaN

2784.6190,NaN

2785.6190,NaN

2786.6190,NaN

2787.6190,NaN

2788.6200,NaN

2789.6190,NaN

2790.6200,NaN

2791.6200,NaN

2792.6200,NaN

2793.6190,NaN

2794.6190,NaN

2795.6190,NaN

2796.6190,NaN

2797.6190,NaN

2798.6190,NaN

2799.6190,NaN

2800.6200,NaN

2801.6190,NaN

2802.6190,NaN

2803.6190,NaN

2804.6190,NaN

2805.6190,NaN

2806.6190,NaN

2807.6190,NaN

2808.6190,NaN

2809.6190,NaN

2810.6200,NaN

2811.6190,NaN

2812.6190,NaN

2813.6190,NaN

2814.6200,NaN

2815.6190,NaN

2816.6190,NaN

2817.6190,NaN

2818.6190,NaN

2819.6190,NaN

2820.6190,NaN

2821.6190,NaN

2822.6190,NaN

2823.6190,NaN

2824.6190,NaN

2825.6190,NaN

2826.6190,NaN

2827.6190,NaN

2828.6190,NaN

2829.6190,NaN

2830.6190,NaN

2831.6190,NaN

2832.6200,NaN

2833.6190,NaN

2834.6200,NaN

2835.6200,NaN

2836.6190,NaN

2837.6200,NaN

2838.6200,NaN

2839.6190,NaN

2840.6190,NaN

2841.6190,NaN

2842.6190,NaN

2843.6190,NaN

2844.6200,NaN

2845.6190,NaN

2846.6190,NaN

2847.6190,NaN

2848.6190,NaN

2849.6200,NaN

2850.6190,NaN

2851.6200,NaN

2852.6190,NaN

2853.6200,NaN

2854.6190,NaN

2855.6190,NaN

2856.6210,NaN

2857.6190,NaN

2858.6190,NaN

2859.6190,NaN

2860.6190,NaN

2861.6190,NaN

2862.6200,NaN

2863.6190,NaN

2864.6190,NaN

2865.6200,NaN

2866.6190,NaN

2867.6190,NaN

2868.6190,NaN

2869.6190,NaN

2870.6200,NaN

2871.6190,NaN

2872.6190,NaN

2873.6190,NaN

2874.6190,NaN

2875.6190,NaN

2876.6200,NaN

2877.6190,NaN

2878.6200,NaN

2879.6200,NaN

2880.6190,NaN

2881.6190,NaN

2882.6190,NaN

2883.6190,NaN

2884.6190,NaN

2885.6190,NaN

2886.6200,NaN

2887.6190,NaN

2888.6190,NaN

2889.6190,NaN

2890.6190,NaN

2891.6190,NaN

2892.6200,NaN

2893.6190,NaN

2894.6190,NaN

2895.6190,NaN

2896.6190,NaN

2897.6190,NaN

2898.6190,NaN

2899.6190,NaN

2900.6190,NaN

2901.6190,NaN

2902.6200,NaN

2903.6200,NaN

2904.6190,NaN

2905.6190,NaN

2906.6190,NaN

2907.6190,NaN

2908.6190,NaN

2909.6190,NaN

2910.6190,NaN

2911.6190,NaN

2912.6190,NaN

2913.6190,NaN

2914.6190,NaN

2915.6190,NaN

2916.6200,NaN

2917.6200,NaN

2918.6190,NaN

2919.6200,NaN

2920.6200,NaN

2921.6190,NaN

2922.6190,NaN

2923.6190,NaN

2924.6200,NaN

2925.6190,NaN

2926.6190,NaN

2927.6190,NaN

2928.6190,NaN

2929.6190,NaN

2930.6200,NaN

2931.6190,NaN

2932.6190,NaN

2933.6200,NaN

2934.6190,NaN

2935.6190,NaN

2936.6190,NaN

2937.6190,NaN

2938.6190,NaN

2939.6190,NaN

2940.6190,NaN

2941.6190,NaN

2942.6190,NaN

2943.6190,NaN

2944.6200,NaN

2945.6190,NaN

2946.6190,NaN

2947.6200,NaN

2948.6190,NaN

2949.6190,NaN

2950.6190,NaN

2951.6190,NaN

2952.6190,NaN

2953.6190,NaN

2954.6190,NaN

2955.6200,NaN

2956.6210,NaN

2957.6190,NaN

2958.6190,NaN

2959.6190,NaN

2960.6190,NaN

2961.6190,NaN

2962.6190,NaN

2963.6190,NaN

2964.6190,NaN

2965.6190,NaN

2966.6190,NaN

2967.6190,NaN

2968.6190,NaN

2969.6190,NaN

2970.6190,NaN

2971.6190,NaN

2972.6190,NaN

2973.6190,NaN

2974.6200,NaN

2975.6190,NaN

2976.6190,NaN

2977.6190,NaN

2978.6200,NaN

2979.6190,NaN

2980.6190,NaN

2981.6200,NaN

2982.6190,NaN

2983.6190,NaN

2984.6190,NaN

2985.6190,NaN

2986.6190,NaN

2987.6190,NaN

2988.6200,NaN

2989.6190,NaN

2990.6190,NaN

2991.6190,NaN

2992.6200,NaN

2993.6190,NaN

2994.6190,NaN

2995.6200,NaN

2996.6190,NaN

2997.6190,NaN

2998.6190,NaN

2999.6190,NaN

3000.6190,NaN

3001.6190,NaN

3002.6190,NaN

3003.6190,NaN

3004.6190,NaN

3005.6190,NaN

3006.6190,NaN

3007.6190,NaN

3008.6200,NaN

3009.6190,NaN

3010.6190,NaN

3011.6190,NaN

3012.6190,NaN

3013.6190,NaN

3014.6190,NaN

3015.6190,NaN

3016.6190,NaN

3017.6190,NaN

3018.6190,NaN

3019.6190,NaN

3020.6190,NaN

3021.6200,NaN

3022.6190,NaN

3023.6190,NaN

3024.6190,NaN

3025.6190,NaN

3026.6190,NaN

3027.6190,NaN

3028.6210,NaN

3029.6190,NaN

3030.6190,NaN

3031.6190,NaN

3032.6190,NaN

3033.6190,NaN

3034.6190,NaN

3035.6190,NaN

3036.6190,NaN

3037.6200,NaN

3038.6190,NaN

3039.6190,NaN

3040.6190,NaN

3041.6190,NaN

3042.6190,NaN

3043.6190,NaN

3044.6190,NaN

3045.6190,NaN

3046.6190,NaN

3047.6190,NaN

3048.6190,NaN

3049.6190,NaN

3050.6200,NaN

3051.6190,NaN

3052.6190,NaN

3053.6190,NaN

3054.6190,NaN

3055.6190,NaN

3056.6190,NaN

3057.6200,NaN

3058.6190,NaN

3059.6200,NaN

3060.6200,NaN

3061.6190,NaN

3062.6190,NaN

3063.6190,NaN

3064.6190,NaN

3065.6190,NaN

3066.6190,NaN

3067.6190,NaN

3068.6190,NaN

3069.6190,NaN

3070.6200,NaN

3071.6190,NaN

3072.6190,NaN

3073.6190,NaN

3074.6200,NaN

3075.6190,NaN

3076.6190,NaN

3077.6190,NaN

3078.6190,NaN

3079.6190,NaN

3080.6190,NaN

3081.6190,NaN

3082.6190,NaN

3083.6190,NaN

3084.6200,NaN

3085.6190,NaN

3086.6200,NaN

3087.6190,NaN

3088.6190,NaN

3089.6200,NaN

3090.6190,NaN

3091.6200,NaN

3092.6200,NaN

3093.6190,NaN

3094.6200,NaN

3095.6190,NaN

3096.6190,NaN

3097.6190,NaN

3098.6190,NaN

3099.6190,NaN

3100.6200,NaN

3101.6190,NaN

3102.6190,NaN

3103.6200,NaN

3104.6190,NaN

3105.6190,NaN

3106.6200,NaN

3107.6200,NaN

3108.6200,NaN

3109.6190,NaN

3110.6190,NaN

3111.6190,NaN

3112.6190,NaN

3113.6190,NaN

3114.6200,NaN

3115.6200,NaN

3116.6190,NaN

3117.6200,NaN

3118.6190,NaN

3119.6190,NaN

3120.6190,NaN

3121.6190,NaN

3122.6190,NaN

3123.6190,NaN

3124.6190,NaN

3125.6190,NaN

3126.6190,NaN

3127.6190,NaN

3128.6190,NaN

3129.6190,NaN

3130.6190,NaN

3131.6200,NaN

3132.6190,NaN

3133.6200,NaN

3134.6200,NaN

3135.6190,NaN

3136.6190,NaN

3137.6190,NaN

3138.6190,NaN

3139.6210,NaN

3140.6200,NaN

3141.6190,NaN

3142.6200,NaN

3143.6190,NaN

3144.6190,NaN

3145.6190,NaN

3146.6190,NaN

3147.6190,NaN

3148.6190,NaN

3149.6190,NaN

3150.6200,NaN

3151.6190,NaN

3152.6190,NaN

3153.6200,NaN

3154.6190,NaN

3155.6190,NaN

3156.6190,NaN

3157.6200,NaN

3158.6190,NaN

3159.6190,NaN

3160.6190,NaN

3161.6190,NaN

3162.6200,NaN

3163.6200,NaN

3164.6190,NaN

3165.6190,NaN

3166.6190,NaN

3167.6190,NaN

3168.6190,NaN

3169.6200,NaN

3170.6200,NaN

3171.6200,NaN

3172.6190,NaN

3173.6190,NaN

3174.6190,NaN

3175.6190,NaN

3176.6190,NaN

3177.6190,NaN

3178.6190,NaN

3179.6190,NaN

3180.6190,NaN

3181.6190,NaN

3182.6190,NaN

3183.6190,NaN

3184.6200,NaN

3185.6190,NaN

3186.6200,NaN

3187.6190,NaN

3188.6190,NaN

3189.6190,NaN

3190.6190,NaN

3191.6190,NaN

3192.6200,NaN

3193.6190,NaN

3194.6200,NaN

3195.6190,NaN

3196.6200,NaN

3197.6190,NaN

3198.6190,NaN

3199.6190,NaN

3200.6190,NaN

3201.6200,NaN

3202.6190,NaN

3203.6200,NaN

3204.6200,NaN

3205.6190,NaN

3206.6190,NaN

3207.6190,NaN

3208.6190,NaN

3209.6190,NaN

3210.6190,NaN

3211.6200,NaN

3212.6190,NaN

3213.6200,NaN

3214.6190,NaN

3215.6190,NaN

3216.6190,NaN

3217.6190,NaN

3218.6190,NaN

3219.6200,NaN

3220.6190,NaN

3221.6190,NaN

3222.6190,NaN

3223.6190,NaN

3224.6190,NaN

3225.6190,NaN

3226.6200,NaN

3227.6190,NaN

3228.6200,NaN

3229.6190,NaN

3230.6200,NaN

3231.6190,NaN

3232.6190,NaN

3233.6190,NaN

3234.6190,NaN

3235.6190,NaN

3236.6190,NaN

3237.6200,NaN

3238.6190,NaN

3239.6200,NaN

3240.6190,NaN

3241.6200,NaN

3242.6190,NaN

3243.6190,NaN

3244.6190,NaN

3245.6190,NaN

3246.6190,NaN

3247.6190,NaN

3248.6190,NaN

3249.6190,NaN

3250.6200,NaN

3251.6190,NaN

3252.6190,NaN

3253.6190,NaN

3254.6190,NaN

3255.6190,NaN

3256.6190,NaN

3257.6190,NaN

3258.6190,NaN

3259.6190,NaN

3260.6190,NaN

3261.6190,NaN

3262.6200,NaN

3263.6190,NaN

3264.6190,NaN

3265.6190,NaN

3266.6200,NaN

3267.6190,NaN

3268.6190,NaN

3269.6200,NaN

3270.6190,NaN

3271.6190,NaN

3272.6200,NaN

3273.6190,NaN

3274.6200,NaN

3275.6200,NaN

3276.6190,NaN

3277.6190,NaN

3278.6190,NaN

3279.6200,NaN

3280.6190,NaN

3281.6200,NaN

3282.6190,NaN

3283.6190,NaN

3284.6190,NaN

3285.6200,NaN

3286.6190,NaN

3287.6190,NaN

3288.6190,NaN

3289.6200,NaN

3290.6200,NaN

3291.6200,NaN

3292.6210,NaN

3293.6190,NaN

3294.6190,NaN

3295.6190,NaN

3296.6200,NaN

3297.6190,NaN

3298.6190,NaN

3299.6190,NaN

3300.6200,NaN

3301.6190,NaN

3302.6190,NaN

3303.6200,NaN

3304.6190,NaN

3305.6190,NaN

3306.6190,NaN

3307.6190,NaN

3308.6190,NaN

3309.6190,NaN

3310.6190,NaN

3311.6200,NaN

3312.6190,NaN

3313.6190,NaN

3314.6200,NaN

3315.6190,NaN

3316.6190,NaN

3317.6190,NaN

3318.6190,NaN

3319.6190,NaN

3320.6190,NaN

3321.6200,NaN

3322.6200,NaN

3323.6190,NaN

3324.6190,NaN

3325.6190,NaN

3326.6190,NaN

3327.6190,NaN

3328.6190,NaN

3329.6190,NaN

3330.6200,NaN

3331.6200,NaN

3332.6190,NaN

3333.6190,NaN

3334.6190,NaN

3335.6200,NaN

3336.6190,NaN

3337.6190,NaN

3338.6190,NaN

3339.6190,NaN

3340.6190,NaN

3341.6190,NaN

3342.6190,NaN

3343.6200,NaN

3344.6190,NaN

3345.6190,NaN

3346.6190,NaN

3347.6190,NaN

3348.6190,NaN

3349.6190,NaN

3350.6190,NaN

3351.6190,NaN

3352.6190,NaN

3353.6190,NaN

3354.6190,NaN

3355.6190,NaN

3356.6190,NaN

3357.6200,NaN

3358.6200,NaN

3359.6190,NaN

3360.6200,NaN

3361.6190,NaN

3362.6200,NaN

3363.6190,NaN

3364.6190,NaN

3365.6200,NaN

3366.6190,NaN

3367.6190,NaN

3368.6190,NaN

3369.6190,NaN

3370.6200,NaN

3371.6200,NaN

3372.6190,NaN

3373.6190,NaN

3374.6190,NaN

3375.6200,NaN

3376.6190,NaN

3377.6190,NaN

3378.6190,NaN

3379.6190,NaN

3380.6200,NaN

3381.6190,NaN

3382.6190,NaN

3383.6190,NaN

3384.6210,NaN

3385.6190,NaN

3386.6200,NaN

3387.6190,NaN

3388.6190,NaN

3389.6190,NaN

3390.6190,NaN

3391.6190,NaN

3392.6190,NaN

3393.6200,NaN

3394.6200,NaN

3395.6190,NaN

3396.6200,NaN

3397.6200,NaN

3398.6190,NaN

3399.6190,NaN

3400.6190,NaN

3401.6190,NaN

3402.6190,NaN

3403.6190,NaN

3404.6190,NaN

3405.6190,NaN

3406.6190,NaN

3407.6190,NaN

3408.6190,NaN

3409.6190,NaN

3410.6190,NaN

3411.6190,NaN

3412.6200,NaN

3413.6190,NaN

3414.6190,NaN

3415.6190,NaN

3416.6190,NaN

3417.6190,NaN

3418.6200,NaN

3419.6190,NaN

3420.6190,NaN

3421.6200,NaN

3422.6190,NaN

3423.6200,NaN

3424.6190,NaN

3425.6190,NaN

3426.6200,NaN

3427.6190,NaN

3428.6190,NaN

3429.6190,NaN

3430.6190,NaN

3431.6200,NaN

3432.6190,NaN

3433.6190,NaN

3434.6190,NaN

3435.6190,NaN

3436.6190,NaN

3437.6190,NaN

3438.6190,NaN

3439.6190,NaN

3440.6190,NaN

3441.6190,NaN

3442.6200,NaN

3443.6190,NaN

3444.6190,NaN

3445.6190,NaN

3446.6190,NaN

3447.6200,NaN

3448.6190,NaN

3449.6200,NaN

3450.6190,NaN

3451.6190,NaN

3452.6190,NaN

3453.6200,NaN

3454.6200,NaN

3455.6190,NaN

3456.6190,NaN

3457.6200,NaN

3458.6190,NaN

3459.6190,NaN

3460.6190,NaN

3461.6200,NaN

3462.6190,NaN

3463.6200,NaN

3464.6190,NaN

3465.6200,NaN

3466.6190,NaN

3467.6190,NaN

3468.6190,NaN

3469.6190,NaN

3470.6200,NaN

3471.6190,NaN

3472.6200,NaN

3473.6190,NaN

3474.6190,NaN

3475.6190,NaN

3476.6190,NaN

3477.6190,NaN

3478.6190,NaN

3479.6190,NaN

3480.6190,NaN

3481.6190,NaN

3482.6200,NaN

3483.6200,NaN

3484.6190,NaN

3485.6200,NaN

3486.6200,NaN

3487.6190,NaN

3488.6190,NaN

3489.6190,NaN

3490.6190,NaN

3491.6190,NaN

3492.6190,NaN

3493.6190,NaN

3494.6200,NaN

3495.6190,NaN

3496.6190,NaN

3497.6200,NaN

3498.6190,NaN

3499.6190,NaN

3500.6190,NaN

3501.6200,NaN

3502.6190,NaN

3503.6190,NaN

3504.6190,NaN

3505.6190,NaN

3506.6200,NaN

3507.6190,NaN

3508.6190,NaN

3509.6190,NaN

3510.6190,NaN

3511.6190,NaN

3512.6190,NaN

3513.6190,NaN

3514.6190,NaN

3515.6190,NaN

3516.6190,NaN

3517.6190,NaN

3518.6190,NaN

3519.6190,NaN

3520.6200,NaN

3521.6190,NaN

3522.6200,NaN

3523.6190,NaN

3524.6200,NaN

3525.6190,NaN

3526.6200,NaN

3527.6190,NaN

3528.6190,NaN

3529.6190,NaN

3530.6190,NaN

3531.6190,NaN

3532.6200,NaN

3533.6190,NaN

3534.6190,NaN

3535.6190,NaN

3536.6190,NaN

3537.6190,NaN

3538.6200,NaN

3539.6200,NaN

3540.6190,NaN

3541.6190,NaN

3542.6190,NaN

3543.6190,NaN

3544.6190,NaN

3545.6200,NaN

3546.6190,NaN

3547.6190,NaN

3548.6190,NaN

3549.6200,NaN

3550.6190,NaN

3551.6200,NaN

3552.6190,NaN

3553.6200,NaN

3554.6200,NaN

3555.6190,NaN

3556.6200,NaN

3557.6200,NaN

3558.6190,NaN

3559.6190,NaN

3560.6190,NaN

3561.6190,NaN

3562.6190,NaN

3563.6200,NaN

3564.6200,NaN

3565.6190,NaN

3566.6190,NaN

3567.6190,NaN

3568.6190,NaN

3569.6190,NaN

3570.6200,NaN

3571.6190,NaN

3572.6190,NaN

3573.6190,NaN

3574.6190,NaN

3575.6190,NaN

3576.6200,NaN

3577.6200,NaN

3578.6190,NaN

3579.6190,NaN

3580.6190,NaN

3581.6190,NaN

3582.6190,NaN

3583.6200,NaN

3584.6190,NaN

3585.6190,NaN

3586.6190,NaN

3587.6190,NaN

3588.6190,NaN

3589.6190,NaN

3590.6210,NaN

3591.6190,NaN

3592.6200,NaN

3593.6190,NaN

3594.6190,NaN

3595.6190,NaN

3596.6190,NaN

3597.6190,NaN

3598.6190,NaN

3599.6200,NaN

3600.6200,NaN

3601.6190,NaN

3602.6190,NaN

3603.6190,NaN

3604.6190,NaN

3605.6190,NaN

3606.6190,NaN

3607.6190,NaN

3608.6190,NaN

3609.6190,NaN

3610.6200,NaN

3611.6190,NaN

3612.6190,NaN

3613.6190,NaN

3614.6190,NaN

3615.6190,NaN

3616.6190,NaN

3617.6200,NaN

3618.6190,NaN

3619.6200,NaN

3620.6190,NaN

3621.6190,NaN

3622.6190,NaN

3623.6200,NaN

3624.6190,NaN

3625.6190,NaN

3626.6190,NaN

3627.6190,NaN

3628.6190,NaN

3629.6190,NaN

3630.6200,NaN

3631.6190,NaN

3632.6190,NaN

3633.6190,NaN

3634.6190,NaN

3635.6190,NaN

3636.6190,NaN

3637.6190,NaN

3638.6190,NaN

3639.6190,NaN

3640.6190,NaN

3641.6190,NaN

3642.6190,NaN

3643.6190,NaN

3644.6190,NaN

3645.6190,NaN

3646.6190,NaN

3647.6190,NaN

3648.6190,NaN

3649.6190,NaN

3650.6190,NaN

3651.6190,NaN

3652.6190,NaN

3653.6200,NaN

3654.6190,NaN

3655.6200,NaN

3656.6190,NaN

3657.6190,NaN

3658.6190,NaN

3659.6190,NaN

3660.6200,NaN

3661.6190,NaN

3662.6190,NaN

3663.6190,NaN

3664.6190,NaN

3665.6190,NaN

3666.6190,NaN

3667.6200,NaN

3668.6190,NaN

3669.6190,NaN

3670.6190,NaN

3671.6190,NaN

3672.6190,NaN

3673.6190,NaN

3674.6190,NaN

3675.6190,NaN

3676.6200,NaN

3677.6190,NaN

3678.6190,NaN

3679.6190,NaN

3680.6190,NaN

3681.6190,NaN

3682.6200,NaN

3683.6200,NaN

3684.6200,NaN

3685.6200,NaN

3686.6190,NaN

3687.6190,NaN

3688.6190,NaN

3689.6190,NaN

3690.6200,NaN

3691.6190,NaN

3692.6190,NaN

3693.6190,NaN

3694.6190,NaN

3695.6200,NaN

3696.6200,NaN

3697.6200,NaN

3698.6190,NaN

3699.6190,NaN

3700.6190,NaN

3701.6190,NaN

3702.6200,NaN

3703.6190,NaN

3704.6190,NaN

3705.6190,NaN

3706.6190,NaN

3707.6190,NaN

3708.6190,NaN

3709.6190,NaN

3710.6190,NaN

3711.6200,NaN

3712.6190,NaN

3713.6190,NaN

3714.6190,NaN

3715.6200,NaN

3716.6190,NaN

3717.6200,NaN

3718.6200,NaN

3719.6190,NaN

3720.6190,NaN

3721.6200,NaN

3722.6190,NaN

3723.6200,NaN

3724.6190,NaN

3725.6190,NaN

3726.6190,NaN

3727.6200,NaN

3728.6190,NaN

3729.6190,NaN

3730.6190,NaN

3731.6190,NaN

3732.6190,NaN

3733.6190,NaN

3734.6210,NaN

3735.6190,NaN

3736.6200,NaN

3737.6190,NaN

3738.6190,NaN

3739.6190,NaN

3740.6190,NaN

3741.6190,NaN

3742.6190,NaN

3743.6190,NaN

3744.6190,NaN

3745.6190,NaN

3746.6200,NaN

3747.6190,NaN

3748.6190,NaN

3749.6190,NaN

3750.6190,NaN

3751.6190,NaN

3752.6190,NaN

3753.6190,NaN

3754.6190,NaN

3755.6190,NaN

3756.6190,NaN

3757.6190,NaN

3758.6190,NaN

3759.6190,NaN

3760.6200,NaN

3761.6190,NaN

3762.6200,NaN

3763.6190,NaN

3764.6190,NaN

3765.6190,NaN

3766.6190,NaN

3767.6190,NaN

3768.6200,NaN

3769.6190,NaN

3770.6190,NaN

3771.6200,NaN

3772.6200,NaN

3773.6190,NaN

3774.6190,NaN

3775.6190,NaN

3776.6190,NaN

3777.6200,NaN

3778.6190,NaN

3779.6190,NaN

3780.6190,NaN

3781.6190,NaN

3782.6190,NaN

3783.6190,NaN

3784.6190,NaN

3785.6190,NaN

3786.6200,NaN

3787.6190,NaN

3788.6200,NaN

3789.6190,NaN

3790.6190,NaN

3791.6190,NaN

3792.6200,NaN

3793.6200,NaN

3794.6190,NaN

3795.6190,NaN

3796.6190,NaN

3797.6200,NaN

3798.6200,NaN

3799.6190,NaN

3800.6190,NaN

3801.6200,NaN

3802.6190,NaN

3803.6190,NaN

3804.6190,NaN

3805.6190,NaN

3806.6200,NaN

3807.6190,NaN

3808.6200,NaN

3809.6190,NaN

3810.6190,NaN

3811.6190,NaN

3812.6190,NaN

3813.6190,NaN

3814.6190,NaN

3815.6200,NaN

3816.6190,NaN

3817.6190,NaN

3818.6190,NaN

3819.6200,NaN

3820.6200,NaN

3821.6190,NaN

3822.6200,NaN

3823.6200,NaN

3824.6210,NaN

3825.6190,NaN

3826.6190,NaN

3827.6190,NaN

3828.6190,NaN

3829.6190,NaN

3830.6200,NaN

3831.6200,NaN

3832.6190,NaN

3833.6190,NaN

3834.6190,NaN

3835.6190,NaN

3836.6190,NaN

3837.6210,NaN

3838.6200,NaN

3839.6190,NaN

3840.6190,NaN

3841.6200,NaN

3842.6190,NaN

3843.6190,NaN

3844.6190,NaN

3845.6190,NaN

3846.6190,NaN

3847.6190,NaN

3848.6190,NaN

3849.6190,NaN

3850.6200,NaN

3851.6200,NaN

3852.6190,NaN

3853.6190,NaN

3854.6190,NaN

3855.6200,NaN

3856.6190,NaN

3857.6190,NaN

3858.6190,NaN

3859.6200,NaN

3860.6190,NaN

3861.6190,NaN

3862.6190,NaN

3863.6190,NaN

3864.6190,NaN

3865.6190,NaN

3866.6200,NaN

3867.6190,NaN

3868.6190,NaN

3869.6190,NaN

3870.6190,NaN

3871.6190,NaN

3872.6190,NaN

3873.6200,NaN

3874.6190,NaN

3875.6190,NaN

3876.6190,NaN

3877.6190,NaN

3878.6190,NaN

3879.6200,NaN

3880.6200,NaN

3881.6200,NaN

3882.6190,NaN

3883.6200,NaN

3884.6200,NaN

3885.6190,NaN

3886.6200,NaN

3887.6190,NaN

3888.6200,NaN

3889.6190,NaN

3890.6190,NaN

3891.6190,NaN

3892.6190,NaN

3893.6190,NaN

3894.6190,NaN

3895.6200,NaN

3896.6190,NaN

3897.6200,NaN

3898.6200,NaN

3899.6190,NaN

3900.6200,NaN

3901.6190,NaN

3902.6200,NaN

3903.6190,NaN

3904.6190,NaN

3905.6200,NaN

3906.6200,NaN

3907.6200,NaN

3908.6190,NaN

3909.6190,NaN

3910.6190,NaN

3911.6200,NaN

3912.6190,NaN

3913.6190,NaN

3914.6190,NaN

3915.6190,NaN

3916.6200,NaN

3917.6190,NaN

3918.6190,NaN

3919.6190,NaN

3920.6190,NaN

3921.6190,NaN

3922.6190,NaN

3923.6190,NaN

3924.6190,NaN

3925.6190,NaN

3926.6190,NaN

3927.6190,NaN

3928.6190,NaN

3929.6190,NaN

3930.6190,NaN

3931.6200,NaN

3932.6190,NaN

3933.6200,NaN

3934.6200,NaN

3935.6190,NaN

3936.6190,NaN

3937.6190,NaN

3938.6190,NaN

3939.6190,NaN

3940.6190,NaN

3941.6190,NaN

3942.6190,NaN

3943.6190,NaN

3944.6190,NaN

3945.6190,NaN

3946.6190,NaN

3947.6190,NaN

3948.6190,NaN

3949.6190,NaN

3950.6200,NaN

3951.6190,NaN

3952.6190,NaN

3953.6190,NaN

3954.6190,NaN

3955.6190,NaN

3956.6190,NaN

3957.6190,NaN

3958.6190,NaN

3959.6190,NaN

3960.6200,NaN

3961.6190,NaN

3962.6200,NaN

3963.6190,NaN

3964.6190,NaN

3965.6190,NaN

3966.6200,NaN

3967.6190,NaN

3968.6190,NaN

3969.6190,NaN

3970.6190,NaN

3971.6190,NaN

3972.6200,NaN

3973.6190,NaN

3974.6190,NaN

3975.6200,NaN

3976.6190,NaN

3977.6200,NaN

3978.6210,NaN

3979.6200,NaN

3980.6200,NaN

3981.6190,NaN

3982.6190,NaN

3983.6200,NaN

3984.6190,NaN

3985.6190,NaN

3986.6190,NaN

3987.6190,NaN

3988.6190,NaN

3989.6190,NaN

3990.6190,NaN

3991.6190,NaN

3992.6190,NaN

3993.6190,NaN

3994.6190,NaN

3995.6190,NaN

3996.6190,NaN

3997.6200,NaN

3998.6190,NaN

3999.6190,NaN

4000.6190,NaN

4001.6190,NaN

4002.6190,NaN

4003.6200,NaN

4004.6190,NaN

4005.6190,NaN

4006.6190,NaN

4007.6190,NaN

4008.6190,NaN

4009.6190,NaN

4010.6190,NaN

4011.6190,NaN

4012.6190,NaN

4013.6190,NaN

4014.6190,NaN

4015.6190,NaN

4016.6190,NaN

4017.6190,NaN

4018.6200,NaN

4019.6190,NaN

4020.6190,NaN

4021.6200,NaN

4022.6190,NaN

4023.6190,NaN

4024.6190,NaN

4025.6190,NaN

4026.6190,NaN

4027.6190,NaN

4028.6190,NaN

4029.6190,NaN

4030.6190,NaN

4031.6190,NaN

4032.6200,NaN

4033.6190,NaN

4034.6190,NaN

4035.6190,NaN

4036.6190,NaN

4037.6190,NaN

4038.6190,NaN

4039.6190,NaN

4040.6200,NaN

4041.6190,NaN

4042.6190,NaN

4043.6190,NaN

4044.6200,NaN

4045.6190,NaN

4046.6190,NaN

4047.6190,NaN

4048.6190,NaN

4049.6200,NaN

4050.6190,NaN

4051.6190,NaN

4052.6190,NaN

4053.6190,NaN

4054.6190,NaN

4055.6190,NaN

4056.6190,NaN

4057.6200,NaN

4058.6190,NaN

4059.6190,NaN

4060.6190,NaN

4061.6190,NaN

4062.6190,NaN

4063.6190,NaN

4064.6190,NaN

4065.6190,NaN

4066.6190,NaN

4067.6190,NaN

4068.6200,NaN

4069.6190,NaN

4070.6200,NaN

4071.6190,NaN

4072.6190,NaN

4073.6190,NaN

4074.6190,NaN

4075.6190,NaN

4076.6190,NaN

4077.6190,NaN

4078.6190,NaN

4079.6200,NaN

4080.6190,NaN

4081.6190,NaN

4082.6190,NaN

4083.6190,NaN

4084.6190,NaN

4085.6190,NaN

4086.6200,NaN

4087.6190,NaN

4088.6190,NaN

4089.6190,NaN

4090.6190,NaN

4091.6190,NaN

4092.6190,NaN

4093.6190,NaN

4094.6200,NaN

4095.6190,NaN

4096.6190,NaN

4097.6190,NaN

4098.6190,NaN

4099.6190,NaN

4100.6190,NaN

4101.6200,NaN

4102.6190,NaN

4103.6190,NaN

4104.6190,NaN

4105.6190,NaN

4106.6190,NaN

4107.6190,NaN

4108.6190,NaN

4109.6190,NaN

4110.6190,NaN

4111.6200,NaN

4112.6190,NaN

4113.6190,NaN

4114.6190,NaN

4115.6200,NaN

4116.6190,NaN

4117.6190,NaN

4118.6190,NaN

4119.6190,NaN

4120.6190,NaN

4121.6200,NaN

4122.6190,NaN

4123.6190,NaN

4124.6190,NaN

4125.6190,NaN

4126.6190,NaN

4127.6190,NaN

4128.6200,NaN

4129.6190,NaN

4130.6190,NaN

4131.6200,NaN

4132.6200,NaN

4133.6200,NaN

4134.6190,NaN

4135.6200,NaN

4136.6190,NaN

4137.6200,NaN

4138.6200,NaN

4139.6190,NaN

4140.6190,NaN

4141.6190,NaN

4142.6200,NaN

4143.6190,NaN

4144.6190,NaN

4145.6190,NaN

4146.6190,NaN

4147.6190,NaN

4148.6190,NaN

4149.6210,NaN

4150.6210,NaN

4151.6190,NaN

4152.6190,NaN

4153.6190,NaN

4154.6190,NaN

4155.6190,NaN

4156.6200,NaN

4157.6190,NaN

4158.6190,NaN

4159.6200,NaN

4160.6190,NaN

4161.6190,NaN

4162.6210,NaN

4163.6190,NaN

4164.6200,NaN

4165.6190,NaN

4166.6190,NaN

4167.6190,NaN

4168.6190,NaN

4169.6200,NaN

4170.6190,NaN

4171.6190,NaN

4172.6190,NaN

4173.6190,NaN

4174.6190,NaN

4175.6200,NaN

4176.6190,NaN

4177.6190,NaN

4178.6190,NaN

4179.6190,NaN

4180.6190,NaN

4181.6190,NaN

4182.6190,NaN

4183.6190,NaN

4184.6200,NaN

4185.6190,NaN

4186.6190,NaN

4187.6190,NaN

4188.6190,NaN

4189.6200,NaN

4190.6190,NaN

4191.6190,NaN

4192.6190,NaN

4193.6190,NaN

4194.6190,NaN

4195.6190,NaN

4196.6190,NaN

4197.6190,NaN

4198.6200,NaN

4199.6190,NaN

4200.6190,NaN

4201.6190,NaN

4202.6190,NaN

4203.6190,NaN

4204.6190,NaN

4205.6190,NaN

4206.6190,NaN

4207.6190,NaN

4208.6190,NaN

4209.6190,NaN

4210.6190,NaN

4211.6190,NaN

4212.6190,NaN

4213.6190,NaN

4214.6190,NaN

4215.6190,NaN

4216.6190,NaN

4217.6190,NaN

4218.6190,NaN

4219.6200,NaN

4220.6190,NaN

4221.6200,NaN

4222.6190,NaN

4223.6190,NaN

4224.6190,NaN

4225.6200,NaN

4226.6190,NaN

4227.6200,NaN

4228.6190,NaN

4229.6190,NaN

4230.6190,NaN

4231.6190,NaN

4232.6190,NaN

4233.6190,NaN

4234.6190,NaN

4235.6190,NaN

4236.6190,NaN

4237.6190,NaN

4238.6190,NaN

4239.6190,NaN

4240.6200,NaN

4241.6190,NaN

4242.6190,NaN

4243.6190,NaN

4244.6190,NaN

4245.6190,NaN

4246.6190,NaN

4247.6200,NaN

4248.6200,NaN

4249.6190,NaN

4250.6190,NaN

4251.6200,NaN

4252.6190,NaN

4253.6200,NaN

4254.6190,NaN

4255.6200,NaN

4256.6190,NaN

4257.6190,NaN

4258.6190,NaN

4259.6190,NaN

4260.6200,NaN

4261.6190,NaN

4262.6190,NaN

4263.6190,NaN

4264.6200,NaN

4265.6190,NaN

4266.6190,NaN

4267.6190,NaN

4268.6200,NaN

4269.6190,NaN

4270.6190,NaN

4271.6190,NaN

4272.6190,NaN

4273.6190,NaN

4274.6190,NaN

4275.6190,NaN

4276.6190,NaN

4277.6190,NaN

4278.6190,NaN

4279.6190,NaN

4280.6190,NaN

4281.6190,NaN

4282.6200,NaN

4283.6190,NaN

4284.6190,NaN

4285.6190,NaN

4286.6190,NaN

4287.6190,NaN

4288.6190,NaN

4289.6190,NaN

4290.6190,NaN

4291.6190,NaN

4292.6190,NaN

4293.6190,NaN

4294.6190,NaN

4295.6190,NaN

4296.6200,NaN

4297.6190,NaN

4298.6190,NaN

4299.6200,NaN

4300.6190,NaN

4301.6190,NaN

4302.6200,NaN

4303.6190,NaN

4304.6190,NaN

4305.6190,NaN

4306.6190,NaN

4307.6190,NaN

4308.6200,NaN

4309.6190,NaN

4310.6190,NaN

4311.6190,NaN

4312.6190,NaN

4313.6190,NaN

4314.6190,NaN

4315.6190,NaN

4316.6190,NaN

4317.6210,NaN

4318.6190,NaN

4319.6190,NaN

4320.6190,NaN

4321.6190,NaN

4322.6190,NaN

4323.6190,NaN

4324.6190,NaN

4325.6190,NaN

4326.6190,NaN

4327.6200,NaN

4328.6200,NaN

4329.6190,NaN

4330.6190,NaN

4331.6200,NaN

4332.6200,NaN

4333.6190,NaN

4334.6190,NaN

4335.6190,NaN

4336.6190,NaN

4337.6190,NaN

4338.6190,NaN

4339.6200,NaN

4340.6190,NaN

4341.6190,NaN

4342.6190,NaN

4343.6190,NaN

4344.6190,NaN

4345.6190,NaN

4346.6190,NaN

4347.6200,NaN

4348.6190,NaN

4349.6190,NaN

4350.6200,NaN

4351.6190,NaN

4352.6190,NaN

4353.6190,NaN

4354.6200,NaN

4355.6200,NaN

4356.6190,NaN

4357.6190,NaN

4358.6190,NaN

4359.6190,NaN

4360.6190,NaN

4361.6190,NaN

4362.6190,NaN

4363.6190,NaN

4364.6200,NaN

4365.6190,NaN

4366.6190,NaN

4367.6190,NaN

4368.6190,NaN

4369.6190,NaN

4370.6200,NaN

4371.6200,NaN

4372.6190,NaN

4373.6200,NaN

4374.6190,NaN

4375.6190,NaN

4376.6190,NaN

4377.6190,NaN

4378.6210,NaN

4379.6190,NaN

4380.6200,NaN

4381.6200,NaN

4382.6190,NaN

4383.6200,NaN

4384.6190,NaN

4385.6190,NaN

4386.6190,NaN

4387.6210,NaN

4388.6200,NaN

4389.6190,NaN

4390.6200,NaN

4391.6190,NaN

4392.6190,NaN

4393.6190,NaN

4394.6200,NaN

4395.6190,NaN

4396.6190,NaN

4397.6190,NaN

4398.6190,NaN

4399.6190,NaN

4400.6200,NaN

4401.6190,NaN

4402.6190,NaN

4403.6190,NaN

4404.6190,NaN

4405.6190,NaN

4406.6200,NaN

4407.6190,NaN

4408.6190,NaN

4409.6190,NaN

4410.6190,NaN

4411.6190,NaN

4412.6190,NaN

4413.6190,NaN

4414.6190,NaN

4415.6190,NaN

4416.6190,NaN

4417.6190,NaN

4418.6190,NaN

4419.6200,NaN

4420.6190,NaN

4421.6190,NaN

4422.6190,NaN

4423.6190,NaN

4424.6190,NaN

4425.6200,NaN

4426.6200,NaN

4427.6200,NaN

4428.6210,NaN

4429.6200,NaN

4430.6200,NaN

4431.6190,NaN

4432.6190,NaN

4433.6190,NaN

4434.6190,NaN

4435.6190,NaN

4436.6200,NaN

4437.6190,NaN

4438.6190,NaN

4439.6190,NaN

4440.6190,NaN

4441.6190,NaN

4442.6190,NaN

4443.6190,NaN

4444.6190,NaN

4445.6190,NaN

4446.6190,NaN

4447.6190,NaN

4448.6190,NaN

4449.6190,NaN

4450.6210,NaN

4451.6190,NaN

4452.6190,NaN

4453.6190,NaN

4454.6190,NaN

4455.6190,NaN

4456.6200,NaN

4457.6190,NaN

4458.6200,NaN

4459.6190,NaN

4460.6190,NaN

4461.6190,NaN

4462.6190,NaN

4463.6190,NaN

4464.6200,NaN

4465.6190,NaN

4466.6190,NaN

4467.6190,NaN

4468.6190,NaN

4469.6190,NaN

4470.6190,NaN

4471.6190,NaN

4472.6190,NaN

4473.6200,NaN

4474.6190,NaN

4475.6200,NaN

4476.6190,NaN

4477.6190,NaN

4478.6190,NaN

4479.6190,NaN

4480.6190,NaN

4481.6190,NaN

4482.6190,NaN

4483.6190,NaN

4484.6190,NaN

4485.6190,NaN

4486.6200,NaN

4487.6190,NaN

4488.6200,NaN

4489.6190,NaN

4490.6190,NaN

4491.6190,NaN

4492.6190,NaN

4493.6190,NaN

4494.6190,NaN

4495.6190,NaN

4496.6190,NaN

4497.6190,NaN

4498.6190,NaN

4499.6190,NaN

4500.6190,NaN

4501.6190,NaN

4502.6190,NaN

4503.6190,NaN

4504.6190,NaN

4505.6190,NaN

4506.6190,NaN

4507.6190,NaN

4508.6190,NaN

4509.6190,NaN

4510.6190,NaN

4511.6190,NaN

4512.6200,NaN

4513.6190,NaN

4514.6190,NaN

4515.6190,NaN

4516.6190,NaN

4517.6190,NaN

4518.6190,NaN

4519.6190,NaN

4520.6190,NaN

4521.6190,NaN

4522.6190,NaN

4523.6190,NaN

4524.6190,NaN

4525.6190,NaN

4526.6200,NaN

4527.6200,NaN

4528.6200,NaN

4529.6190,NaN

4530.6190,NaN

4531.6190,NaN

4532.6190,NaN

4533.6200,NaN

4534.6190,NaN

4535.6190,NaN

4536.6190,NaN

4537.6190,NaN

4538.6200,NaN

4539.6190,NaN

4540.6200,NaN

4541.6190,NaN

4542.6190,NaN

4543.6190,NaN

4544.6190,NaN

4545.6190,NaN

4546.6190,NaN

4547.6200,NaN

4548.6190,NaN

4549.6190,NaN

4550.6190,NaN

4551.6190,NaN

4552.6210,NaN

4553.6190,NaN

4554.6190,NaN

4555.6200,NaN

4556.6190,NaN

4557.6190,NaN

4558.6190,NaN

4559.6190,NaN

4560.6190,NaN

4561.6190,NaN

4562.6200,NaN

4563.6190,NaN

4564.6190,NaN

4565.6190,NaN

4566.6190,NaN

4567.6210,NaN

4568.6190,NaN

4569.6200,NaN

4570.6190,NaN

4571.6190,NaN

4572.6200,NaN

4573.6190,NaN

4574.6190,NaN

4575.6200,NaN

4576.6190,NaN

4577.6190,NaN

4578.6190,NaN

4579.6190,NaN

4580.6190,NaN

4581.6190,NaN

4582.6190,NaN

4583.6190,NaN

4584.6190,NaN

4585.6190,NaN

4586.6190,NaN

4587.6200,NaN

4588.6190,NaN

4589.6210,NaN

4590.6190,NaN

4591.6190,NaN

4592.6200,NaN

4593.6190,NaN

4594.6200,NaN

4595.6190,NaN

4596.6190,NaN

4597.6190,NaN

4598.6190,NaN

4599.6190,NaN

4600.6200,NaN

4601.6200,NaN

4602.6200,NaN

4603.6190,NaN

4604.6190,NaN

4605.6190,NaN

4606.6200,NaN

4607.6190,NaN

4608.6190,NaN

4609.6190,NaN

4610.6190,NaN

4611.6190,NaN

4612.6190,NaN

4613.6190,NaN

4614.6200,NaN

4615.6190,NaN

4616.6190,NaN

4617.6190,NaN

4618.6190,NaN

4619.6190,NaN

4620.6190,NaN

4621.6190,NaN

4622.6190,NaN

4623.6190,NaN

4624.6190,NaN

4625.6190,NaN

4626.6200,NaN

4627.6200,NaN

4628.6200,NaN

4629.6190,NaN

4630.6190,NaN

4631.6190,NaN

4632.6190,NaN

4633.6190,NaN

4634.6190,NaN

4635.6190,NaN

4636.6190,NaN

4637.6190,NaN

4638.6200,NaN

4639.6190,NaN

4640.6190,NaN

4641.6190,NaN

4642.6190,NaN

4643.6190,NaN

4644.6190,NaN

4645.6190,NaN

4646.6190,NaN

4647.6190,NaN

4648.6190,NaN

4649.6190,NaN

4650.6190,NaN

4651.6190,NaN

4652.6190,NaN

4653.6200,NaN

4654.6200,NaN

4655.6190,NaN

4656.6190,NaN

4657.6190,NaN

4658.6190,NaN

4659.6190,NaN

4660.6190,NaN

4661.6190,NaN

4662.6200,NaN

4663.6200,NaN

4664.6190,NaN

4665.6190,NaN

4666.6200,NaN

4667.6190,NaN

4668.6200,NaN

4669.6190,NaN

4670.6190,NaN

4671.6190,NaN

4672.6190,NaN

4673.6190,NaN

4674.6200,NaN

4675.6190,NaN

4676.6190,NaN

4677.6190,NaN

4678.6190,NaN

4679.6190,NaN

4680.6190,NaN

4681.6190,NaN

4682.6190,NaN

4683.6190,NaN

4684.6190,NaN

4685.6190,NaN

4686.6190,NaN

4687.6190,NaN

4688.6190,NaN

4689.6200,NaN

4690.6190,NaN

4691.6190,NaN

4692.6200,NaN

4693.6190,NaN

4694.6190,NaN

4695.6200,NaN

4696.6190,NaN

4697.6200,NaN

4698.6190,NaN

4699.6190,NaN

4700.6190,NaN

4701.6200,NaN

4702.6190,NaN

4703.6210,NaN

4704.6210,NaN

4705.6190,NaN

4706.6190,NaN

4707.6190,NaN

4708.6190,NaN

4709.6200,NaN

4710.6190,NaN

4711.6190,NaN

4712.6190,NaN

4713.6190,NaN

4714.6190,NaN

4715.6200,NaN

4716.6190,NaN

4717.6190,NaN

4718.6190,NaN

4719.6190,NaN

4720.6190,NaN

4721.6200,NaN

4722.6190,NaN

4723.6200,NaN

4724.6190,NaN

4725.6190,NaN

4726.6190,NaN

4727.6190,NaN

4728.6190,NaN

4729.6200,NaN

4730.6190,NaN

4731.6200,NaN

4732.6190,NaN

4733.6190,NaN

4734.6190,NaN

4735.6190,NaN

4736.6190,NaN

4737.6190,NaN

4738.6200,NaN

4739.6200,NaN

4740.6190,NaN

4741.6190,NaN

4742.6190,NaN

4743.6200,NaN

4744.6190,NaN

4745.6190,NaN

4746.6190,NaN

4747.6200,NaN

4748.6190,NaN

4749.6190,NaN

4750.6200,NaN

4751.6190,NaN

4752.6190,NaN

4753.6190,NaN

4754.6210,NaN

4755.6190,NaN

4756.6200,NaN

4757.6190,NaN

4758.6190,NaN

4759.6200,NaN

4760.6190,NaN

4761.6190,NaN

4762.6190,NaN

4763.6190,NaN

4764.6190,NaN

4765.6190,NaN

4766.6190,NaN

4767.6200,NaN

4768.6200,NaN

4769.6200,NaN

4770.6190,NaN

4771.6190,NaN

4772.6190,NaN

4773.6190,NaN

4774.6190,NaN

4775.6190,NaN

4776.6190,NaN

4777.6210,NaN

4778.6200,NaN

4779.6190,NaN

4780.6200,NaN

4781.6190,NaN

4782.6190,NaN

4783.6190,NaN

4784.6190,NaN

4785.6200,NaN

4786.6190,NaN

4787.6200,NaN

4788.6200,NaN

4789.6190,NaN

4790.6190,NaN

4791.6190,NaN

4792.6190,NaN

4793.6190,NaN

4794.6200,NaN

4795.6190,NaN

4796.6190,NaN

4797.6200,NaN

4798.6190,NaN

4799.6190,NaN

4800.6190,NaN

4801.6200,NaN

4802.6190,NaN

4803.6190,NaN

4804.6190,NaN

4805.6190,NaN

4806.6190,NaN

4807.6190,NaN

4808.6190,NaN

4809.6200,NaN

4810.6190,NaN

4811.6190,NaN

4812.6200,NaN

4813.6190,NaN

4814.6190,NaN

4815.6190,NaN

4816.6190,NaN

4817.6190,NaN

4818.6190,NaN

4819.6190,NaN

4820.6190,NaN

4821.6190,NaN

4822.6190,NaN

4823.6190,NaN

4824.6190,NaN

4825.6190,NaN

4826.6190,NaN

4827.6190,NaN

4828.6200,NaN

4829.6200,NaN

4830.6190,NaN

4831.6190,NaN

4832.6190,NaN

4833.6190,NaN

4834.6190,NaN

4835.6190,NaN

4836.6190,NaN

4837.6200,NaN

4838.6190,NaN

4839.6190,NaN

4840.6190,NaN

4841.6190,NaN

4842.6200,NaN

4843.6190,NaN

4844.6200,NaN

4845.6190,NaN

4846.6190,NaN

4847.6190,NaN

4848.6200,NaN

4849.6190,NaN

4850.6190,NaN

4851.6200,NaN

4852.6200,NaN

4853.6190,NaN

4854.6190,NaN

4855.6190,NaN

4856.6200,NaN

4857.6200,NaN

4858.6190,NaN

4859.6190,NaN

4860.6190,NaN

4861.6190,NaN

4862.6190,NaN

4863.6190,NaN

4864.6200,NaN

4865.6190,NaN

4866.6190,NaN

4867.6190,NaN

4868.6190,NaN

4869.6200,NaN

4870.6190,NaN

4871.6210,NaN

4872.6190,NaN

4873.6190,NaN

4874.6190,NaN

4875.6200,NaN

4876.6190,NaN

4877.6190,NaN

4878.6190,NaN

4879.6190,NaN

4880.6190,NaN

4881.6190,NaN

4882.6200,NaN

4883.6190,NaN

4884.6190,NaN

4885.6200,NaN

4886.6190,NaN

4887.6190,NaN

4888.6200,NaN

4889.6190,NaN

4890.6190,NaN

4891.6190,NaN

4892.6200,NaN

4893.6190,NaN

4894.6190,NaN

4895.6190,NaN

4896.6200,NaN

4897.6200,NaN

4898.6190,NaN

4899.6190,NaN

4900.6200,NaN

4901.6190,NaN

4902.6190,NaN

4903.6190,NaN

4904.6190,NaN

4905.6190,NaN

4906.6200,NaN

4907.6200,NaN

4908.6200,NaN

4909.6190,NaN

4910.6190,NaN

4911.6190,NaN

4912.6190,NaN

4913.6190,NaN

4914.6190,NaN

4915.6190,NaN

4916.6190,NaN

4917.6190,NaN

4918.6190,NaN

4919.6190,NaN

4920.6190,NaN

4921.6190,NaN

4922.6190,NaN

4923.6200,NaN

4924.6190,NaN

4925.6200,NaN

4926.6190,NaN

4927.6200,NaN

4928.6190,NaN

4929.6190,NaN

4930.6190,NaN

4931.6190,NaN

4932.6190,NaN

4933.6190,NaN

4934.6190,NaN

4935.6190,NaN

4936.6190,NaN

4937.6190,NaN

4938.6190,NaN

4939.6190,NaN

4940.6190,NaN

4941.6190,NaN

4942.6190,NaN

4943.6190,NaN

4944.6190,NaN

4945.6190,NaN

4946.6190,NaN

4947.6200,NaN

4948.6190,NaN

4949.6190,NaN

4950.6190,NaN

4951.6210,NaN

4952.6190,NaN

4953.6190,NaN

4954.6190,NaN

4955.6190,NaN

4956.6190,NaN

4957.6190,NaN

4958.6200,NaN

4959.6190,NaN

4960.6190,NaN

4961.6200,NaN

4962.6190,NaN

4963.6190,NaN

4964.6190,NaN

4965.6190,NaN

4966.6200,NaN

4967.6200,NaN

4968.6190,NaN

4969.6190,NaN

4970.6200,NaN

4971.6190,NaN

4972.6190,NaN

4973.6190,NaN

4974.6200,NaN

4975.6190,NaN

4976.6190,NaN

4977.6200,NaN

4978.6190,NaN

4979.6190,NaN

4980.6190,NaN

4981.6190,NaN

4982.6190,NaN

4983.6200,NaN

4984.6190,NaN

4985.6190,NaN

4986.6190,NaN

4987.6190,NaN

4988.6190,NaN

4989.6190,NaN

4990.6190,NaN

4991.6190,NaN

4992.6190,NaN

4993.6190,NaN

4994.6190,NaN

4995.6190,NaN

4996.6190,NaN

4997.6190,NaN

4998.6200,NaN

4999.6190,NaN

5000.6190,NaN

5001.6190,NaN

5002.6190,NaN

5003.6190,NaN

5004.6190,NaN

5005.6200,NaN

5006.6190,NaN

5007.6200,NaN

5008.6190,NaN

5009.6190,NaN

5010.6190,NaN

5011.6190,NaN

5012.6190,NaN

5013.6200,NaN

5014.6190,NaN

5015.6200,NaN

5016.6200,NaN

5017.6190,NaN

5018.6200,NaN

5019.6190,NaN

5020.6190,NaN

5021.6190,NaN

5022.6190,NaN

5023.6200,NaN

5024.6190,NaN

5025.6190,NaN

5026.6190,NaN

5027.6190,NaN

5028.6190,NaN

5029.6190,NaN

5030.6200,NaN

5031.6190,NaN

5032.6190,NaN

5033.6190,NaN

5034.6200,NaN

5035.6190,NaN

5036.6200,NaN

5037.6190,NaN

5038.6200,NaN

5039.6190,NaN

5040.6190,NaN

5041.6190,NaN

5042.6190,NaN

5043.6190,NaN

5044.6200,NaN

5045.6200,NaN

5046.6190,NaN

5047.6200,NaN

5048.6190,NaN

5049.6200,NaN

5050.6190,NaN

5051.6190,NaN

5052.6190,NaN

5053.6190,NaN

5054.6190,NaN

5055.6190,NaN

5056.6190,NaN

5057.6190,NaN

5058.6200,NaN

5059.6200,NaN

5060.6200,NaN

5061.6190,NaN

5062.6190,NaN

5063.6190,NaN

5064.6190,NaN

5065.6190,NaN

5066.6190,NaN

5067.6190,NaN

5068.6190,NaN

5069.6190,NaN

5070.6190,NaN

5071.6200,NaN

5072.6190,NaN

5073.6190,NaN

5074.6190,NaN

5075.6190,NaN

5076.6190,NaN

5077.6200,NaN

5078.6190,NaN

5079.6190,NaN

5080.6200,NaN

5081.6190,NaN

5082.6190,NaN

5083.6190,NaN

5084.6210,NaN

5085.6190,NaN

5086.6190,NaN

5087.6190,NaN

5088.6190,NaN

5089.6190,NaN

5090.6190,NaN

5091.6190,NaN

5092.6200,NaN

5093.6190,NaN

5094.6190,NaN

5095.6190,NaN

5096.6190,NaN

5097.6200,NaN

5098.6190,NaN

5099.6190,NaN

5100.6190,NaN

5101.6190,NaN

5102.6200,NaN

5103.6200,NaN

5104.6190,NaN

5105.6190,NaN

5106.6190,NaN

5107.6190,NaN

5108.6190,NaN

5109.6200,NaN

5110.6200,NaN

5111.6190,NaN

5112.6190,NaN

5113.6200,NaN

5114.6190,NaN

5115.6190,NaN

5116.6190,NaN

5117.6190,NaN

5118.6200,NaN

5119.6190,NaN

5120.6190,NaN

5121.6190,NaN

5122.6190,NaN

5123.6190,NaN

5124.6200,NaN

5125.6190,NaN

5126.6190,NaN

5127.6200,NaN

5128.6190,NaN

5129.6190,NaN

5130.6200,NaN

5131.6200,NaN

5132.6190,NaN

5133.6190,NaN

5134.6190,NaN

5135.6190,NaN

5136.6190,NaN

5137.6190,NaN

5138.6190,NaN

5139.6200,NaN

5140.6200,NaN

5141.6190,NaN

5142.6200,NaN

5143.6200,NaN

5144.6190,NaN

5145.6190,NaN

5146.6190,NaN

5147.6190,NaN

5148.6190,NaN

5149.6190,NaN

5150.6190,NaN

5151.6200,NaN

5152.6190,NaN

5153.6190,NaN

5154.6190,NaN

5155.6190,NaN

5156.6190,NaN

5157.6190,NaN

5158.6200,NaN

5159.6190,NaN

5160.6190,NaN

5161.6190,NaN

5162.6200,NaN

5163.6190,NaN

5164.6200,NaN

5165.6190,NaN

5166.6200,NaN

5167.6190,NaN

5168.6190,NaN

5169.6190,NaN

5170.6200,NaN

5171.6190,NaN

5172.6190,NaN

5173.6200,NaN

5174.6190,NaN

5175.6190,NaN

5176.6190,NaN

5177.6200,NaN

5178.6190,NaN

5179.6190,NaN

5180.6200,NaN

5181.6200,NaN

5182.6190,NaN

5183.6190,NaN

5184.6190,NaN

5185.6190,NaN

5186.6190,NaN

5187.6200,NaN

5188.6190,NaN

5189.6190,NaN

5190.6190,NaN

5191.6190,NaN

5192.6190,NaN

5193.6190,NaN

5194.6190,NaN

5195.6190,NaN

5196.6190,NaN

5197.6190,NaN

5198.6190,NaN

5199.6200,NaN

5200.6190,NaN

5201.6190,NaN

5202.6190,NaN

5203.6190,NaN

5204.6200,NaN

5205.6190,NaN

5206.6190,NaN

5207.6200,NaN

5208.6200,NaN

5209.6190,NaN

5210.6200,NaN

5211.6190,NaN

5212.6190,NaN

5213.6190,NaN

5214.6190,NaN

5215.6200,NaN

5216.6200,NaN

5217.6190,NaN

5218.6190,NaN

5219.6190,NaN

5220.6190,NaN

5221.6190,NaN

5222.6190,NaN

5223.6190,NaN

5224.6190,NaN

5225.6190,NaN

5226.6190,NaN

5227.6190,NaN

5228.6190,NaN

5229.6190,NaN

5230.6200,NaN

5231.6190,NaN

5232.6190,NaN

5233.6190,NaN

5234.6190,NaN

5235.6190,NaN

5236.6190,NaN

5237.6190,NaN

5238.6190,NaN

5239.6190,NaN

5240.6190,NaN

5241.6190,NaN

5242.6190,NaN

5243.6190,NaN

5244.6190,NaN

5245.6190,NaN

5246.6190,NaN

5247.6190,NaN

5248.6190,NaN

5249.6190,NaN

5250.6190,NaN

5251.6190,NaN

5252.6190,NaN

5253.6200,NaN

5254.6190,NaN

5255.6190,NaN

5256.6190,NaN

5257.6190,NaN

5258.6190,NaN

5259.6190,NaN

5260.6190,NaN

5261.6200,NaN

5262.6200,NaN

5263.6190,NaN

5264.6200,NaN

5265.6200,NaN

5266.6190,NaN

5267.6200,NaN

5268.6200,NaN

5269.6200,NaN

5270.6190,NaN

5271.6190,NaN

5272.6190,NaN

5273.6190,NaN

5274.6190,NaN

5275.6190,NaN

5276.6200,NaN

5277.6190,NaN

5278.6190,NaN

5279.6190,NaN

5280.6190,NaN

5281.6190,NaN

5282.6190,NaN

5283.6190,NaN

5284.6190,NaN

5285.6190,NaN

5286.6190,NaN

5287.6190,NaN

5288.6190,NaN

5289.6190,NaN

5290.6190,NaN

5291.6190,NaN

5292.6200,NaN

5293.6190,NaN

5294.6190,NaN

5295.6190,NaN

5296.6200,NaN

5297.6190,NaN

5298.6190,NaN

5299.6200,NaN

5300.6190,NaN

5301.6190,NaN

5302.6200,NaN

5303.6190,NaN

5304.6190,NaN

5305.6190,NaN

5306.6190,NaN

5307.6190,NaN

5308.6190,NaN

5309.6200,NaN

5310.6190,NaN

5311.6200,NaN

5312.6200,NaN

5313.6190,NaN

5314.6190,NaN

5315.6190,NaN

5316.6190,NaN

5317.6190,NaN

5318.6190,NaN

5319.6190,NaN

5320.6200,NaN

5321.6190,NaN

5322.6190,NaN

5323.6190,NaN

5324.6190,NaN

5325.6190,NaN

5326.6190,NaN

5327.6190,NaN

5328.6190,NaN

5329.6190,NaN

5330.6190,NaN

5331.6200,NaN

5332.6200,NaN

5333.6190,NaN

5334.6190,NaN

5335.6200,NaN

5336.6200,NaN

5337.6190,NaN

5338.6190,NaN

5339.6190,NaN

5340.6190,NaN

5341.6190,NaN

5342.6190,NaN

5343.6190,NaN

5344.6190,NaN

5345.6190,NaN

5346.6190,NaN

5347.6190,NaN

5348.6190,NaN

5349.6200,NaN

5350.6190,NaN

5351.6210,NaN

5352.6190,NaN

5353.6200,NaN

5354.6190,NaN

5355.6190,NaN

5356.6190,NaN

5357.6190,NaN

5358.6200,NaN

5359.6190,NaN

5360.6200,NaN

5361.6190,NaN

5362.6190,NaN

5363.6190,NaN

5364.6190,NaN

5365.6190,NaN

5366.6200,NaN

5367.6190,NaN

5368.6200,NaN

5369.6190,NaN

5370.6190,NaN

5371.6200,NaN

5372.6200,NaN

5373.6190,NaN

5374.6190,NaN

5375.6190,NaN

5376.6190,NaN

5377.6190,NaN

5378.6190,NaN

5379.6200,NaN

5380.6200,NaN

5381.6190,NaN

5382.6210,NaN

5383.6190,NaN

5384.6190,NaN

5385.6200,NaN

5386.6190,NaN

5387.6190,NaN

5388.6190,NaN

5389.6190,NaN

5390.6190,NaN

5391.6190,NaN

5392.6190,NaN

5393.6190,NaN

5394.6190,NaN

5395.6200,NaN

5396.6190,NaN

5397.6190,NaN

5398.6190,NaN

5399.6190,NaN

5400.6190,NaN

5401.6190,NaN

5402.6190,NaN

5403.6190,NaN

5404.6190,NaN

5405.6190,NaN

5406.6200,NaN

5407.6190,NaN

5408.6190,NaN

5409.6190,NaN

5410.6200,NaN

5411.6190,NaN

5412.6190,NaN

5413.6200,NaN

5414.6200,NaN

5415.6190,NaN

5416.6190,NaN

5417.6190,NaN

5418.6190,NaN

5419.6190,NaN

5420.6190,NaN

5421.6200,NaN

5422.6190,NaN

5423.6200,NaN

5424.6190,NaN

5425.6190,NaN

5426.6190,NaN

5427.6190,NaN

5428.6190,NaN

5429.6190,NaN

5430.6200,NaN

5431.6190,NaN

5432.6190,NaN

5433.6190,NaN

5434.6190,NaN

5435.6190,NaN

5436.6190,NaN

5437.6190,NaN

5438.6190,NaN

5439.6200,NaN

5440.6200,NaN

5441.6200,NaN

5442.6190,NaN

5443.6190,NaN

5444.6190,NaN

5445.6190,NaN

5446.6190,NaN

5447.6190,NaN

5448.6190,NaN

5449.6190,NaN

5450.6200,NaN

5451.6190,NaN

5452.6200,NaN

5453.6190,NaN

5454.6190,NaN

5455.6190,NaN

5456.6210,NaN

5457.6190,NaN

5458.6190,NaN

5459.6190,NaN

5460.6190,NaN

5461.6190,NaN

5462.6190,NaN

5463.6190,NaN

5464.6190,NaN

5465.6190,NaN

5466.6200,NaN

5467.6200,NaN

5468.6190,NaN

5469.6200,NaN

5470.6190,NaN

5471.6190,NaN

5472.6190,NaN

5473.6200,NaN

5474.6190,NaN

5475.6190,NaN

5476.6190,NaN

5477.6190,NaN

5478.6200,NaN

5479.6200,NaN

5480.6190,NaN

5481.6190,NaN

5482.6190,NaN

5483.6200,NaN

5484.6190,NaN

5485.6200,NaN

5486.6190,NaN

5487.6200,NaN

5488.6200,NaN

5489.6210,NaN

5490.6190,NaN

5491.6200,NaN

5492.6190,NaN

5493.6190,NaN

5494.6190,NaN

5495.6200,NaN

5496.6190,NaN

5497.6200,NaN

5498.6190,NaN

5499.6200,NaN

5500.6190,NaN

5501.6190,NaN

5502.6190,NaN

5503.6200,NaN

5504.6190,NaN

5505.6190,NaN

5506.6190,NaN

5507.6190,NaN

5508.6190,NaN

5509.6200,NaN

5510.6190,NaN

5511.6200,NaN

5512.6190,NaN

5513.6190,NaN

5514.6190,NaN

5515.6190,NaN

5516.6190,NaN

5517.6190,NaN

5518.6200,NaN

5519.6190,NaN

5520.6190,NaN

5521.6190,NaN

5522.6190,NaN

5523.6190,NaN

5524.6190,NaN

5525.6190,NaN

5526.6200,NaN

5527.6190,NaN

5528.6200,NaN

5529.6190,NaN

5530.6190,NaN

5531.6190,NaN

5532.6200,NaN

5533.6190,NaN

5534.6190,NaN

5535.6190,NaN

5536.6190,NaN

5537.6190,NaN

5538.6190,NaN

5539.6200,NaN

5540.6190,NaN

5541.6190,NaN

5542.6190,NaN

5543.6190,NaN

5544.6190,NaN

5545.6190,NaN

5546.6190,NaN

5547.6190,NaN

5548.6200,NaN

5549.6190,NaN

5550.6190,NaN

5551.6190,NaN

5552.6190,NaN

5553.6190,NaN

5554.6190,NaN

5555.6190,NaN

5556.6200,NaN

5557.6190,NaN

5558.6190,NaN

5559.6190,NaN

5560.6190,NaN

5561.6190,NaN

5562.6190,NaN

5563.6190,NaN

5564.6190,NaN

5565.6190,NaN

5566.6190,NaN

5567.6200,NaN

5568.6200,NaN

5569.6200,NaN

5570.6200,NaN

5571.6190,NaN

5572.6190,NaN

5573.6190,NaN

5574.6190,NaN

5575.6190,NaN

5576.6200,NaN

5577.6190,NaN

5578.6190,NaN

5579.6190,NaN

5580.6190,NaN

5581.6190,NaN

5582.6190,NaN

5583.6190,NaN

5584.6190,NaN

5585.6190,NaN

5586.6200,NaN

5587.6190,NaN

5588.6190,NaN

5589.6190,NaN

5590.6190,NaN

5591.6200,NaN

5592.6200,NaN

5593.6190,NaN

5594.6200,NaN

5595.6190,NaN

5596.6190,NaN

5597.6190,NaN

5598.6190,NaN

5599.6200,NaN

5600.6190,NaN

5601.6200,NaN

5602.6190,NaN

5603.6190,NaN

5604.6190,NaN

5605.6200,NaN

5606.6190,NaN

5607.6190,NaN

5608.6190,NaN

5609.6200,NaN

5610.6190,NaN

5611.6190,NaN

5612.6190,NaN

5613.6190,NaN

5614.6190,NaN

5615.6190,NaN

5616.6190,NaN

5617.6190,NaN

5618.6190,NaN

5619.6200,NaN

5620.6190,NaN

5621.6190,NaN

5622.6190,NaN

5623.6190,NaN

5624.6190,NaN

5625.6190,NaN

5626.6200,NaN

5627.6190,NaN

5629.3730,NaN

5629.9970,NaN

5630.6200,NaN

5631.6190,NaN

5632.6190,NaN

5633.6190,NaN

5634.6190,NaN

5635.6190,NaN

5636.6190,NaN

5637.6210,NaN

5638.6200,NaN

5639.6190,NaN

5640.6190,NaN

5641.6190,NaN

5642.6190,NaN

5643.6190,NaN

5644.6190,NaN

5645.6190,NaN

5646.6190,NaN

5647.6190,NaN

5648.6200,NaN

5649.6190,NaN

5650.6190,NaN

5651.6190,NaN

5652.6190,NaN

5653.6190,NaN

5654.6190,NaN

5655.6190,NaN

5656.6190,NaN

5657.6200,NaN

5658.6190,NaN

5659.6190,NaN

5660.6190,NaN

5661.6190,NaN

5662.6190,NaN

5663.6190,NaN

5664.6190,NaN

5665.6200,NaN

5666.6190,NaN

5667.6190,NaN

5668.6190,NaN

5669.6190,NaN

5670.6200,NaN

5671.6200,NaN

5672.6190,NaN

5673.6190,NaN

5674.6190,NaN

5675.6190,NaN

5676.6190,NaN

5677.6200,NaN

5678.6190,NaN

5679.6190,NaN

5680.6190,NaN

5681.6190,NaN

5682.6190,NaN

5683.6190,NaN

5684.6190,NaN

5685.6190,NaN

5686.6190,NaN

5687.6190,NaN

5688.6190,NaN

5689.6190,NaN

5690.7960,NaN

5691.6190,NaN

5692.6190,NaN

5693.6200,NaN

5694.6200,NaN

5695.6190,NaN

5696.6190,NaN

5697.6190,NaN

5698.6190,NaN

5699.6190,NaN

5700.6190,NaN

5701.6190,NaN

5702.6190,NaN

5703.6190,NaN

5704.6190,NaN

5705.6190,NaN

5706.6200,NaN

5707.6200,NaN

5708.6200,NaN

5709.6190,NaN

5710.6190,NaN

5711.6190,NaN

5712.6190,NaN

5713.6190,NaN

5714.6190,NaN

5715.6190,NaN

5716.6190,NaN

5717.6190,NaN

5718.6190,NaN

5719.6190,NaN

5720.6190,NaN

5721.6200,NaN

5722.6200,NaN

5723.6200,NaN

5724.6190,NaN

5725.6190,NaN

5726.6190,NaN

5727.6190,NaN

5728.6190,NaN

5729.6200,NaN

5730.6200,NaN

5731.6190,NaN

5732.6190,NaN

5733.6190,NaN

5734.6190,NaN

5735.6190,NaN

5736.6190,NaN

5737.6190,NaN

5738.6190,NaN

5739.6190,NaN

5740.6190,NaN

5741.6190,NaN

5742.6190,NaN

5743.6200,NaN

5744.6190,NaN

5745.6190,NaN

5746.6200,NaN

5747.6200,NaN

5748.6190,NaN

5749.6200,NaN

5750.6190,NaN

5751.6190,NaN

5752.6200,NaN

5753.6190,NaN

5754.6190,NaN

5755.6200,NaN

5756.6200,NaN

5757.6190,NaN

5758.6190,NaN

5759.6200,NaN

5760.6190,NaN

5761.6190,NaN

5762.6200,NaN

5763.6190,NaN

5764.6190,NaN

5765.6190,NaN

5766.6200,NaN

5767.6190,NaN

5768.6190,NaN

5769.6190,NaN

5770.6190,NaN

5771.6200,NaN

5772.6190,NaN

5773.6200,NaN

5774.6190,NaN

5775.6190,NaN

5776.6190,NaN

5777.6190,NaN

5778.6200,NaN

5779.6190,NaN

5780.6190,NaN

5781.6190,NaN

5782.6190,NaN

5783.6190,NaN

5784.6200,NaN

5785.6190,NaN

5786.6190,NaN

5787.6200,NaN

5788.6190,NaN

5789.6190,NaN

5790.6190,NaN

5791.6190,NaN

5792.6190,NaN

5793.6190,NaN

5794.6190,NaN

5795.6190,NaN

5796.6200,NaN

5797.6190,NaN

5798.6190,NaN

5799.6190,NaN

5800.6190,NaN

5801.6190,NaN

5802.6190,NaN

5803.6190,NaN

5804.6190,NaN

5805.6190,NaN

5806.6190,NaN

5807.6190,NaN

5808.6200,NaN

5809.6190,NaN

5810.6200,NaN

5811.6200,NaN

5812.6190,NaN

5813.6190,NaN

5814.6190,NaN

5815.6190,NaN

5816.6190,NaN

5817.6190,NaN

5818.6190,NaN

5819.6190,NaN

5820.6200,NaN

5821.6190,NaN

5822.6190,NaN

5823.6190,NaN

5824.6210,NaN

5825.6200,NaN

5826.6190,NaN

5827.6200,NaN

5828.6190,NaN

5829.6190,NaN

5830.6190,NaN

5831.6190,NaN

5832.6190,NaN

5833.6190,NaN

5834.6200,NaN

5835.6190,NaN

5836.6190,NaN

5837.6190,NaN

5838.6190,NaN

5839.6190,NaN

5840.6190,NaN

5841.6190,NaN

5842.6190,NaN

5843.6190,NaN

5844.6190,NaN

5845.6190,NaN

5846.6200,NaN

5847.6200,NaN

5848.6190,NaN

5849.6190,NaN

5850.6190,NaN

5851.6190,NaN

5852.6190,NaN

5853.6190,NaN

5854.6190,NaN

5855.6190,NaN

5856.6190,NaN

5857.6190,NaN

5858.6190,NaN

5859.6190,NaN

5860.6190,NaN

5861.6190,NaN

5862.6190,NaN

5863.6190,NaN

5864.6190,NaN

5865.6190,NaN

5866.6190,NaN

5867.6190,NaN

5868.6200,NaN

5869.6190,NaN

5870.6190,NaN

5871.6190,NaN

5872.6200,NaN

5873.6190,NaN

5874.6200,NaN

5875.6190,NaN

5876.6190,NaN

5877.6190,NaN

5878.6190,NaN

5879.6190,NaN

5880.6190,NaN

5881.6190,NaN

5882.6200,NaN

5883.6190,NaN

5884.6190,NaN

5885.6190,NaN

5886.6190,NaN

5887.6190,NaN

5888.6190,NaN

5889.6190,NaN

5890.6200,NaN

5891.6200,NaN

5892.6190,NaN

5893.6190,NaN

5894.6200,NaN

5895.6190,NaN

5896.6200,NaN

5897.6190,NaN

5898.6200,NaN

5899.6190,NaN

5900.6190,NaN

5901.6190,NaN

5902.6190,NaN

5903.6200,NaN

5904.6190,NaN

5905.6190,NaN

5906.6190,NaN

5907.6200,NaN

5908.6190,NaN

5909.6200,NaN

5910.6190,NaN

5911.6190,NaN

5912.6200,NaN

5913.6190,NaN

5914.6190,NaN

5915.6190,NaN

5916.6190,NaN

5917.6190,NaN

5918.6190,NaN

5919.6190,NaN

5920.6200,NaN

5921.6190,NaN

5922.6190,NaN

5923.6190,NaN

5924.6190,NaN

5925.6190,NaN

5926.6190,NaN

5927.6190,NaN

5928.6200,NaN

5929.6200,NaN

5930.6190,NaN

5931.6190,NaN

5932.6190,NaN

5933.6190,NaN

5934.6200,NaN

5935.6200,NaN

5936.6190,NaN

5937.6190,NaN

5938.6190,NaN

5939.6190,NaN

5940.6190,NaN

5941.6190,NaN

5942.6190,NaN

5943.6190,NaN

5944.6190,NaN

5945.6190,NaN

5946.6190,NaN

5947.6190,NaN

5948.6190,NaN

5949.6190,NaN

5950.6190,NaN

5951.6190,NaN

5952.6200,NaN

5953.6190,NaN

5954.6190,NaN

5955.6190,NaN

5956.6190,NaN

5957.6190,NaN

5958.6190,NaN

5959.6190,NaN

5960.6190,NaN

5961.6190,NaN

5962.6190,NaN

5963.6190,NaN

5964.6190,NaN

5965.6190,NaN

5966.6190,NaN

5967.6190,NaN

5968.6200,NaN

5969.6190,NaN

5970.6190,NaN

5971.6190,NaN

5972.6190,NaN

5973.6190,NaN

5974.6190,NaN

5975.6190,NaN

5976.6190,NaN

5977.6190,NaN

5978.6190,NaN

5979.6190,NaN

5980.6190,NaN

5981.6190,NaN

5982.6190,NaN

5983.6190,NaN

5984.6190,NaN

5985.6200,NaN

5986.6190,NaN

5987.6190,NaN

5988.6200,NaN

5989.6200,NaN

5990.6190,NaN

5991.6190,NaN

5992.6200,NaN

5993.6190,NaN

5994.6200,NaN

5995.6190,NaN

5996.6190,NaN

5997.6190,NaN

5998.6190,NaN

5999.6190,NaN

6000.6190,NaN

6001.6190,NaN

6002.6190,NaN

6003.6190,NaN

6004.6190,NaN

6005.6190,NaN

6006.6190,NaN

6007.6220,NaN

6008.6200,NaN

6009.6190,NaN

6011.4780,NaN

6013.2050,NaN

6015.1560,NaN

6016.9030,0.2397

6018.6060,0.2397

6020.3220,0.2396

6021.9550,0.2396

6023.7910,0.2396

6025.5260,0.2396

6027.2750,0.2396

6029.0250,0.2396

6030.7920,0.2396

6032.5250,0.2396

6034.2750,0.2395

6036.0300,0.2395

6037.7330,0.2395

6039.4440,0.2395

6041.1840,0.2396

6042.9510,0.2396

6044.6870,0.2396

6046.4100,0.2396

6048.1530,0.2396

6049.9660,0.2396

6051.7310,0.2396

6053.4850,0.2396

6055.2610,0.2395

6057.0590,0.2395

6058.8820,0.2395

6060.6690,0.2395

6062.3870,0.2395

6064.1530,0.2394

6065.9690,0.2394

6067.7520,0.2394

6069.4820,0.2394

6071.2810,0.2394

6073.0670,0.2394

6074.8640,0.2394

6076.5710,0.2394

6078.3210,0.2394

6080.0630,0.2394

6081.9080,0.2394

6083.6040,0.2394

6085.3720,0.2394

6087.2160,0.2393

6088.9760,0.2393

6090.7420,0.2393

6092.4640,0.2394

6094.2760,0.2394

6096.0400,0.2394

6097.8960,0.2394

6099.6520,0.2394

6101.4940,0.2394

6103.3240,0.2392

6105.0720,0.2391

6106.9520,0.2392

6108.6820,0.2392

6110.4890,0.2393

6112.2180,0.2392

6113.9930,0.2393

6115.7810,0.2392

6117.4860,0.2393

6119.2360,0.2393

6121.0290,0.2393

6122.7800,0.2393

6124.5160,0.2393

6126.2460,0.2393

6127.9830,0.2393

6129.6860,0.2393

6131.4230,0.2393

6133.1260,0.2392

6134.8450,0.2393

6136.6100,0.2393

6138.3560,0.2393

6140.1240,0.2393

6141.8930,0.2393

6143.6060,0.2393

6145.3290,0.2393

6147.0390,0.2392

6148.7560,0.2392

6150.4700,0.2392

6152.2320,0.2392

6153.9610,0.2392

6155.7030,0.2393

6157.4270,0.2393

6159.1350,0.2393

6160.8320,0.2393

6162.5700,0.2393

6164.2840,0.2392

6166.0210,0.2392

6167.7470,0.2392

6169.4550,0.2392

6171.2160,0.2392

6172.9470,0.2392

6174.6700,0.2392

6176.4280,0.2392

6178.1570,0.2392

6179.9360,0.2392

6181.6620,0.2392

6183.3750,0.2393

6185.0860,0.2392

6186.8100,0.2392

6188.5530,0.2392

6190.2650,0.2392

6192.0050,0.2392

6193.7200,0.2392

6195.4720,0.2392

6197.2010,0.2392

6198.9530,0.2392

6200.6820,0.2392

6202.4030,0.2393

6204.1180,0.2393

6205.8370,0.2393

6207.5620,0.2393

6209.3090,0.2393

6211.0440,0.2392

6212.7940,0.2393

6214.5560,0.2392

6216.3190,0.2392

6218.0540,0.2392

6219.7820,0.2392

6221.5120,0.2393

6223.2180,0.2392

6224.9790,0.2393

6226.7000,0.2393

6228.4300,0.2393

6230.1560,0.2393

6231.8740,0.2392

6233.5980,0.2392

6235.3730,0.2392

6237.1490,0.2392

6238.9000,0.2392

6240.6390,0.2392

6242.3690,0.2392

6244.1070,0.2392

6245.8510,0.2392

6247.5720,0.2392

6249.3060,0.2392

6251.0590,0.2393

6252.7580,0.2392

6254.5120,0.2392

6256.2450,0.2392

6257.9930,0.2392

6259.7030,0.2392

6261.4300,0.2393

6263.1940,0.2392

6264.9440,0.2392

6266.6880,0.2392

6268.4140,0.2392

6270.1550,0.2392

6271.9190,0.2393

6273.6650,0.2393

6275.4310,0.2392

6277.2000,0.2392

6278.9790,0.2393

6280.6970,0.2392

6282.4300,0.2393

6284.2020,0.2393

6285.9340,0.2393

6287.6760,0.2393

6289.4220,0.2393

6291.1670,0.2393

6292.9440,0.2393

6294.8800,0.2392

6296.6970,0.2392

6298.4780,0.2392

6300.2130,0.2392

6301.9450,0.2392

6303.7730,0.2392

6305.5120,0.2392

6307.2620,0.2392

6308.9860,0.2392

6310.7120,0.2392

6312.4500,0.2392

6314.2060,0.2392

6315.9950,0.2392

6317.7190,0.2392

6319.4630,0.2392

6321.2220,0.2392

6322.9520,0.2392

6324.7170,0.2392

6326.4680,0.2392

6328.1820,0.2392

6329.9670,0.2392

6331.7140,0.2392

6333.4400,0.2392

6335.1830,0.2392

6336.9460,0.2392

6338.7120,0.2392

6340.4650,0.2392

6342.1920,0.2392

6343.9520,0.2392

6345.7000,0.2392

6347.5120,0.2392

6349.2620,0.2392

6350.9950,0.2391

6352.7640,0.2391

6354.4920,0.2392

6356.2420,0.2392

6358.0130,0.2391

6359.7500,0.2391

6361.4620,0.2391

6363.2040,0.2391

6364.9300,0.2391

6366.6830,0.2391

6368.4190,0.2391

6370.1630,0.2391

6371.8870,0.2391

6373.6280,0.2391

6375.3640,0.2391

6377.0930,0.2391

6378.8800,0.2391

6380.6510,0.2391

6382.4010,0.2391

6384.1490,0.2391

6385.8870,0.2391

6387.6360,0.2391

6389.4200,0.2391

6391.1470,0.2391

6392.9240,0.2391

6394.6570,0.2391

6396.4020,0.2391

6398.1230,0.2391

6399.8590,0.2391

6401.6350,0.2391

6403.3890,0.2391

6405.1210,0.2391

6406.8400,0.2390

6408.5610,0.2391

6410.2920,0.2391

6412.0190,0.2390

6413.7670,0.2390

6415.4800,0.2390

6417.2140,0.2390

6418.9590,0.2390

6420.7000,0.2390

6422.4540,0.2390

6424.1880,0.2390

6425.9320,0.2390

6427.7050,0.2390

6429.4180,0.2390

6431.1570,0.2390

6432.9010,0.2390

6434.6420,0.2390

6436.3850,0.2390

6438.1110,0.2390

6439.8300,0.2390

6441.5590,0.2390

6443.3240,0.2390

6445.0500,0.2391

6446.8160,0.2390

6448.5230,0.2390

6450.2700,0.2390

6451.9870,0.2390

6453.7470,0.2390

6455.5240,0.2391

6457.2490,0.2391

6458.9740,0.2390

6460.6990,0.2390

6462.4340,0.2390

6464.1990,0.2391

6465.9130,0.2390

6467.6470,0.2391

6469.4050,0.2390

6471.1630,0.2391

6472.8800,0.2390

6474.6330,0.2390

6476.4220,0.2390

6478.1370,0.2390

6479.8500,0.2390

6481.5910,0.2390

6483.3280,0.2390

6485.0850,0.2390

6486.8210,0.2390

6488.5570,0.2390

6490.2710,0.2390

6492.0250,0.2390

6493.7390,0.2390

6495.4570,0.2390

6497.1990,0.2390

6498.9590,0.2390

6500.6740,0.2390

6502.4050,0.2390

6504.1440,0.2389

6505.8810,0.2390

6507.6250,0.2390

6509.3530,0.2390

6511.0840,0.2390

6512.8330,0.2389

6514.5790,0.2389

6516.2980,0.2390

6518.0320,0.2390

6519.7440,0.2389

6521.4810,0.2390

6523.2240,0.2390

6524.9660,0.2390

6526.7140,0.2390

6528.4290,0.2389

6530.1700,0.2389

6531.9110,0.2389

6533.6480,0.2389

6535.3700,0.2389

6537.0850,0.2389

6538.8290,0.2389

6540.5610,0.2390

6542.3130,0.2389

6544.0370,0.2389

6545.7670,0.2389

6547.5170,0.2389

6549.2440,0.2389

6550.9640,0.2389

6552.7130,0.2389

6554.4330,0.2389

6556.1680,0.2389

6557.9020,0.2389

6559.6990,0.2389

6561.4330,0.2389

6563.1680,0.2389

6564.9040,0.2389

6566.6320,0.2389

6568.3560,0.2389

6570.1000,0.2389

6571.8500,0.2389

6573.6070,0.2389

6575.3200,0.2389

6577.0550,0.2389

6578.8010,0.2389

6580.5110,0.2389

6582.2440,0.2389

6583.9810,0.2389

6585.7040,0.2389

6587.4350,0.2389

6589.1710,0.2389

6590.9050,0.2389

6592.6230,0.2389

6594.3490,0.2389

6596.1030,0.2389

6597.8570,0.2389

6599.5940,0.2389

6601.3320,0.2388

6603.1090,0.2389

6604.8410,0.2389

6606.5720,0.2389

6608.3080,0.2389

6610.0460,0.2389

6611.7540,0.2389

6613.5140,0.2389

6615.2410,0.2389

6616.9470,0.2389

6618.6780,0.2390

6620.4270,0.2390

6622.1410,0.2390

6623.8720,0.2390

6625.6240,0.2390

6627.3570,0.2390

6629.1220,0.2390

6630.8590,0.2390

6632.6070,0.2390

6634.3520,0.2390

6636.0870,0.2389

6637.7850,0.2390

6639.5020,0.2390

6641.2050,0.2389

6642.9440,0.2389

6644.7160,0.2390

6646.4460,0.2390

6648.1860,0.2390

6649.9160,0.2390

6651.6470,0.2389

6653.3410,0.2389

6655.0720,0.2389

6656.8040,0.2389

6658.5240,0.2389

6660.2880,0.2389

6662.0420,0.2389

6663.7750,0.2389

6665.5550,0.2389

6667.2960,0.2389

6669.0270,0.2389

6670.7790,0.2389

6672.4860,0.2389

6674.2370,0.2389

6675.9730,0.2389

6677.7250,0.2389

6679.4680,0.2389

6681.1920,0.2389

6682.9200,0.2389

6684.7060,0.2389

6686.4470,0.2389

6688.1600,0.2389

6689.9030,0.2389

6691.6320,0.2389

6693.3560,0.2389

6695.0620,0.2389

6696.7960,0.2389

6698.5070,0.2389

6700.2880,0.2389

6702.0390,0.2389

6703.7600,0.2389

6705.5120,0.2389

6707.2320,0.2389

6708.9790,0.2389

6710.7310,0.2389

6712.4830,0.2389

6714.1850,0.2389

6715.9030,0.2389

6717.6200,0.2389

6719.3200,0.2389

6721.0250,0.2389

6722.7160,0.2389

6724.4540,0.2389

6726.1790,0.2389

6727.8730,0.2389

6729.5730,0.2389

6731.2890,0.2389

6733.0110,0.2389

6734.7590,0.2389

6736.4750,0.2389

6738.2330,0.2389

6739.9690,0.2389

6741.7060,0.2389

6743.4380,0.2389

6745.1840,0.2389

6746.9120,0.2389

6748.6700,0.2389

6750.4000,0.2389

6752.1230,0.2389

6753.8730,0.2389

6755.6070,0.2389

6757.3520,0.2389

6759.0840,0.2389

6760.8220,0.2389

6762.5400,0.2389

6764.2780,0.2389

6766.0420,0.2389

6767.7750,0.2388

6769.4940,0.2388

6771.2070,0.2388

6772.9740,0.2388

6774.7670,0.2389

6776.5250,0.2388

6778.3020,0.2389

6780.0570,0.2389

6781.7770,0.2389

6783.4990,0.2388

6785.2120,0.2389

6786.9630,0.2388

6788.7130,0.2388

6790.4330,0.2388

6792.1490,0.2388

6793.8600,0.2388

6795.6120,0.2388

6797.3540,0.2388

6799.0880,0.2389

6800.8230,0.2388

6802.5610,0.2388

6804.3010,0.2388

6806.0340,0.2388

6807.7780,0.2388

6809.5000,0.2388

6811.2330,0.2389

6812.9480,0.2389

6814.6770,0.2388

6816.3850,0.2388

6818.1280,0.2389

6819.8960,0.2389

6821.6190,0.2389

6823.3860,0.2388

6825.1220,0.2388

6826.8470,0.2388

6828.5730,0.2388

6830.2890,0.2388

6832.0430,0.2388

6833.7630,0.2388

6835.4840,0.2388

6837.2010,0.2388

6838.9200,0.2388

6840.6500,0.2388

6842.3880,0.2388

6844.1080,0.2389

6845.8380,0.2389

6847.5750,0.2388

6849.3260,0.2389

6851.0550,0.2389

6852.7790,0.2388

6854.5120,0.2388

6856.2920,0.2388

6858.0100,0.2388

6859.7460,0.2388

6861.4810,0.2388

6863.1900,0.2388

6864.9350,0.2388

6866.6650,0.2388

6868.4070,0.2388

6870.1320,0.2388

6871.8540,0.2388

6873.6500,0.2388

6875.4040,0.2388

6877.1070,0.2388

6878.8190,0.2388

6880.5380,0.2388

6882.2650,0.2388

6884.0230,0.2388

6885.7470,0.2388

6887.4830,0.2388

6889.2030,0.2388

6890.9280,0.2388

6892.6850,0.2388

6894.4170,0.2388

6896.1330,0.2388

6897.9200,0.2387

6899.6420,0.2388

6901.3740,0.2388

6903.0940,0.2388

6904.8540,0.2388

6906.5900,0.2388

6908.3370,0.2387

6910.0800,0.2387

6911.8050,0.2387

6913.5470,0.2387

6915.2910,0.2387

6917.0280,0.2387

6918.7350,0.2387

6920.4400,0.2387

6922.1700,0.2387

6923.9150,0.2387

6925.6620,0.2387

6927.3860,0.2387

6929.1310,0.2387

6930.8560,0.2387

6932.6180,0.2388

6934.3750,0.2387

6936.1080,0.2388

6937.8670,0.2388

6939.6550,0.2388

6941.3860,0.2388

6943.2020,0.2387

6944.9820,0.2387

6946.7410,0.2387

6948.5250,0.2387

6950.3050,0.2388

6952.0190,0.2388

6953.8100,0.2388

6955.5470,0.2387

6957.2530,0.2388

6959.0040,0.2387

6960.7310,0.2388

6962.4680,0.2387

6964.1960,0.2388

6965.9070,0.2388

6967.6240,0.2388

6969.3420,0.2387

6971.0950,0.2387

6972.8360,0.2387

6974.5550,0.2387

6976.2960,0.2388

6978.0290,0.2388

6979.7960,0.2388

6981.5090,0.2387

6983.2750,0.2388

6985.0110,0.2388

6986.7290,0.2388

6988.4710,0.2388

6990.2310,0.2388

6991.9620,0.2388

6993.7170,0.2388

6995.4570,0.2388

6997.1810,0.2388

6998.8950,0.2388

7000.6330,0.2388

7002.3590,0.2388

7004.0790,0.2388

7005.8100,0.2388

7007.5560,0.2388

7009.2740,0.2388

7011.0430,0.2388

7012.7730,0.2388

7014.4960,0.2388

7016.2290,0.2388

7017.9770,0.2388

7019.7060,0.2388

7021.4520,0.2388

7023.1860,0.2388

7024.9170,0.2388

7026.6370,0.2388

7028.3920,0.2388

7030.1360,0.2388

7031.8740,0.2388

7033.6160,0.2388

7035.3510,0.2388

7037.0670,0.2388

7038.8310,0.2388

7040.5890,0.2388

7042.3060,0.2388

7044.0060,0.2388

7045.7290,0.2388

7047.4490,0.2388

7049.1660,0.2388

7050.8900,0.2388

7052.6060,0.2388

7054.3670,0.2389

7056.0920,0.2388

7057.8260,0.2388

7059.5900,0.2388

7061.3420,0.2389

7063.0590,0.2388

7064.7920,0.2388

7066.5110,0.2388

7068.2680,0.2388

7069.9910,0.2389

7071.7230,0.2388

7073.4460,0.2388

7075.2260,0.2388

7076.9670,0.2388

7078.6990,0.2388

7080.4350,0.2388

7082.1860,0.2388

7083.9420,0.2389

7085.6700,0.2388

7087.3940,0.2389

7089.1500,0.2389

7090.9010,0.2389

7092.6270,0.2389

7094.3890,0.2389

7096.1820,0.2389

7097.9050,0.2389

7099.6350,0.2389

7101.3490,0.2389

7103.0760,0.2389

7104.8020,0.2389

7106.5210,0.2389

7108.2690,0.2389

7110.0420,0.2389

7111.7640,0.2389

7113.4850,0.2389

7115.2290,0.2389

7116.9470,0.2389

7118.6660,0.2389

7120.3970,0.2389

7122.1230,0.2389

7123.8330,0.2389

7125.5740,0.2389

7127.3150,0.2389

7129.0740,0.2388

7130.8060,0.2388

7132.5260,0.2388

7134.2430,0.2389

7135.9830,0.2389

7137.7220,0.2389

7139.5170,0.2389

7141.2860,0.2389

7143.0340,0.2389

7144.7310,0.2389

7146.4660,0.2389

7148.1820,0.2389

7149.9200,0.2389

7151.6860,0.2389

7153.4250,0.2389

7155.1520,0.2389

7156.8830,0.2389

7158.6240,0.2389

7160.3540,0.2389

7162.0830,0.2389

7163.8080,0.2389

7165.5430,0.2389

7167.2760,0.2389

7169.0200,0.2389

7170.7520,0.2389

7172.4970,0.2389

7174.2550,0.2389

7176.0070,0.2389

7177.7210,0.2389

7179.4650,0.2389

7181.1840,0.2389

7182.9060,0.2389

7184.6370,0.2389

7186.3830,0.2389

7188.1220,0.2389

7189.8840,0.2388

7191.6200,0.2389

7193.3570,0.2389

7195.0890,0.2389

7196.8220,0.2388

7198.5450,0.2388

7200.2970,0.2388

7202.0130,0.2388

7203.7450,0.2388

7205.4830,0.2388

7207.2020,0.2388

7208.9180,0.2388

7210.6660,0.2388

7212.4000,0.2389

7214.1760,0.2388

7215.9210,0.2388

7217.6350,0.2388

7219.3670,0.2388

7221.1160,0.2388

7222.8180,0.2388

7224.5530,0.2388

7226.2920,0.2389

7228.0240,0.2388

7229.7380,0.2388

7231.4800,0.2388

7233.1940,0.2388

7234.9350,0.2388

7236.6530,0.2388

7238.4040,0.2388

7240.1370,0.2388

7241.9050,0.2388

7243.6490,0.2388

7245.3790,0.2388

7247.1070,0.2388

7248.8440,0.2388

7250.5680,0.2388

7252.2940,0.2388

7254.0420,0.2388

7255.7670,0.2387

7257.5140,0.2387

7259.2570,0.2387

7260.9810,0.2388

7262.6960,0.2387

7264.4030,0.2387

7266.1320,0.2387

7267.8370,0.2388

7269.5610,0.2388

7271.2890,0.2388

7273.0370,0.2388

7274.7440,0.2388

7276.4700,0.2388

7278.2120,0.2388

7279.9220,0.2388

7281.6550,0.2388

7283.3760,0.2388

7285.0960,0.2388

7286.8570,0.2388

7288.5930,0.2388

7290.3310,0.2388

7292.0740,0.2388

7293.7750,0.2388

7295.5030,0.2388

7297.2450,0.2387

7299.0110,0.2388

7300.7550,0.2388

7302.4960,0.2388

7304.2310,0.2388

7305.9530,0.2388

7307.6860,0.2388

7309.4200,0.2388

7311.1510,0.2388

7312.8890,0.2386

7314.6170,0.2387

7316.3550,0.2387

7318.1060,0.2387

7319.8440,0.2387

7321.5910,0.2388

7323.3100,0.2388

7325.0400,0.2388

7326.7750,0.2388

7328.5150,0.2388

7330.2520,0.2388

7331.9830,0.2388

7333.7170,0.2388

7335.4640,0.2388

7337.2150,0.2388

7338.9330,0.2388

7340.6540,0.2388

7342.3850,0.2388

7344.1220,0.2388

7345.9040,0.2388

7347.6630,0.2389

7349.3870,0.2388

7351.1470,0.2388

7352.9160,0.2388

7354.6800,0.2388

7356.4000,0.2389

7358.1450,0.2388

7359.8500,0.2388

7361.5880,0.2388

7363.3250,0.2388

7365.0570,0.2388

7366.7770,0.2388

7368.5190,0.2388

7370.2580,0.2388

7371.9790,0.2388

7373.7000,0.2389

7375.4230,0.2388

7377.1810,0.2388

7378.8990,0.2388

7380.6580,0.2388

7382.4020,0.2388

7384.1520,0.2388

7385.8880,0.2388

7387.6120,0.2388

7389.3410,0.2389

7391.0570,0.2389

7392.8120,0.2389

7394.5700,0.2389

7396.2950,0.2389

7398.0270,0.2389

7399.7650,0.2389

7401.5110,0.2389

7403.2790,0.2389

7404.9980,0.2389

7406.7340,0.2389

7408.4680,0.2389

7410.1980,0.2389

7411.9300,0.2389

7413.6940,0.2389

7415.4950,0.2390

7417.2280,0.2389

7418.9430,0.2389

7420.6650,0.2389

7422.4000,0.2389

7424.1110,0.2390

7425.8660,0.2390

7427.5910,0.2389

7429.3550,0.2390

7431.0750,0.2389

7432.7970,0.2389

7434.5240,0.2389

7436.2540,0.2389

7437.9870,0.2389

7439.7430,0.2389

7441.4920,0.2389

7443.2430,0.2389

7444.9690,0.2389

7446.7100,0.2389

7448.4350,0.2389

7450.1700,0.2389

7451.9120,0.2389

7453.6380,0.2389

7455.3580,0.2390

7457.1210,0.2389

7458.8850,0.2390

7460.6080,0.2389

7462.3350,0.2389

7464.0930,0.2389

7465.8570,0.2389

7467.6320,0.2389

7469.3860,0.2389

7471.1010,0.2389

7472.8550,0.2389

7474.5900,0.2390

7476.3230,0.2389

7478.0980,0.2389

7479.8550,0.2389

7481.5910,0.2389

7483.3430,0.2389

7485.1060,0.2389

7486.8590,0.2390

7488.5880,0.2390

7490.3100,0.2390

7492.0260,0.2390

7493.7370,0.2390

7495.4470,0.2390

7497.1660,0.2390

7498.8830,0.2390

7500.6050,0.2390

7502.3340,0.2391

7504.0950,0.2390

7505.8250,0.2390

7507.5590,0.2390

7509.2850,0.2390

7511.0370,0.2390

7512.7460,0.2390

7514.4600,0.2390

7516.1600,0.2390

7517.9040,0.2390

7519.6390,0.2390

7521.3890,0.2389

7523.1250,0.2389

7524.8880,0.2390

7526.6360,0.2389

7528.3560,0.2389

7530.0980,0.2389

7531.8380,0.2389

7533.6180,0.2389

7535.3660,0.2389

7537.1090,0.2389

7538.8790,0.2389

7540.6350,0.2389

7542.3890,0.2389

7544.1260,0.2389

7545.8560,0.2389

7547.5630,0.2389

7549.2960,0.2389

7550.9950,0.2389

7552.7270,0.2389

7554.4820,0.2389

7556.2280,0.2389

7557.9770,0.2389

7559.6950,0.2389

7561.4480,0.2389

7563.1850,0.2389

7564.9870,0.2389

7566.7440,0.2390

7568.4780,0.2389

7570.2140,0.2389

7571.9350,0.2389

7573.6590,0.2390

7575.3680,0.2390

7577.1050,0.2390

7578.8330,0.2390

7580.5630,0.2390

7582.2950,0.2390

7584.0260,0.2390

7585.7640,0.2390

7587.5120,0.2390

7589.2180,0.2390

7590.9340,0.2390

7592.6800,0.2390

7594.4270,0.2389

7596.1560,0.2390

7597.9260,0.2389

7599.6670,0.2389

7601.3910,0.2389

7603.1540,0.2388

7604.9020,0.2388

7606.6610,0.2387

7608.4030,0.2387

7610.1650,0.2387

7611.8990,0.2387

7613.6730,0.2387

7615.4040,0.2387

7617.1300,0.2387

7618.8570,0.2387

7620.5680,0.2387

7622.2820,0.2388

7624.0290,0.2388

7625.7550,0.2388

7627.4770,0.2388

7629.2110,0.2388

7630.9520,0.2388

7632.6870,0.2388

7634.4330,0.2387

7636.1660,0.2387

7637.8970,0.2387

7639.6190,0.2387

7641.3590,0.2387

7643.0870,0.2387

7644.8270,0.2387

7646.5910,0.2388

7648.3210,0.2388

7650.0560,0.2388

7651.7760,0.2388

7653.4950,0.2388

7655.2620,0.2388

7657.0120,0.2387

7658.7470,0.2387

7660.5290,0.2387

7662.2650,0.2388

7664.0130,0.2388

7665.7480,0.2388

7667.4750,0.2388

7669.1960,0.2388

7670.9370,0.2388

7672.6630,0.2388

7674.3950,0.2388

7676.1230,0.2388

7677.8460,0.2388

7679.5680,0.2388

7681.2690,0.2388

7682.9910,0.2388

7684.7340,0.2388

7686.4620,0.2388

7688.2470,0.2388

7689.9920,0.2388

7691.7020,0.2388

7693.4490,0.2389

7695.1700,0.2389

7696.9200,0.2389

7698.6940,0.2389

7700.4350,0.2389

7702.1520,0.2389

7703.8900,0.2389

7705.6200,0.2389

7707.3360,0.2389

7709.0730,0.2389

7710.7790,0.2389

7712.5130,0.2389

7714.2610,0.2389

7715.9550,0.2389

7717.6880,0.2389

7719.3980,0.2389

7721.1530,0.2389

7722.9110,0.2390

7724.6350,0.2389

7726.3640,0.2389

7728.1050,0.2389

7729.8580,0.2389

7731.6060,0.2390

7733.3310,0.2390

7735.0910,0.2389

7736.8350,0.2390

7738.6160,0.2390

7740.3880,0.2390

7742.1570,0.2389

7743.8850,0.2389

7745.6230,0.2390

7747.3390,0.2390

7749.0730,0.2390

7750.8030,0.2390

7752.5260,0.2390

7754.2480,0.2390

7755.9970,0.2389

7757.7360,0.2389

7759.4450,0.2389

7761.2170,0.2389

7762.9540,0.2389

7764.6550,0.2389

7766.4050,0.2390

7768.1190,0.2389

7769.8360,0.2390

7771.5760,0.2389

7773.3320,0.2389

7775.0590,0.2389

7776.7800,0.2389

7778.4940,0.2389

7780.2100,0.2389

7781.9440,0.2390

7783.7130,0.2390

7785.4820,0.2390

7787.2250,0.2390

7788.9420,0.2390

7790.6800,0.2390

7792.4480,0.2390

7794.1810,0.2390

7795.9230,0.2390

7797.6890,0.2390

7799.4320,0.2390

7801.1720,0.2390

7802.8970,0.2390

7804.6530,0.2390

7806.4480,0.2390

7808.1670,0.2390

7809.9160,0.2390

7811.6660,0.2390

7813.3750,0.2390

7815.1230,0.2390

7816.8680,0.2390

7818.6040,0.2390

7820.3110,0.2390

7822.0460,0.2390

7823.7740,0.2390

7825.5470,0.2390

7827.2750,0.2390

7828.9910,0.2390

7830.7440,0.2391

7832.4980,0.2390

7834.2080,0.2390

7835.9500,0.2390

7837.6870,0.2390

7839.3950,0.2390

7841.1470,0.2390

7842.8860,0.2390

7844.6160,0.2390

7846.3590,0.2390

7848.1170,0.2390

7849.8410,0.2390

7851.5530,0.2391

7853.3220,0.2390

7855.0520,0.2391

7856.7660,0.2391

7858.4970,0.2390

7860.2330,0.2390

7861.9610,0.2391

7863.6850,0.2391

7865.4190,0.2391

7867.1420,0.2390

7868.8920,0.2390

7870.6460,0.2391

7872.3880,0.2390

7874.1120,0.2390

7875.8440,0.2390

7877.5900,0.2390

7879.3280,0.2390

7881.0700,0.2390

7882.8250,0.2390

7884.5460,0.2390

7886.2760,0.2390

7888.0130,0.2390

7889.7600,0.2390

7891.4820,0.2390

7893.2240,0.2390

7894.9610,0.2390

7896.6870,0.2390

7898.4610,0.2390

7900.2000,0.2391

7901.9480,0.2391

7903.6870,0.2390

7905.4010,0.2390

7907.1700,0.2390

7908.8860,0.2390

7910.6460,0.2390

7912.3850,0.2391

7914.1220,0.2391

7915.9330,0.2390

7917.6770,0.2390

7919.4020,0.2390

7921.1110,0.2390

7922.8370,0.2390

7924.5890,0.2390

7926.3380,0.2391

7928.1170,0.2391

7929.8570,0.2391

7931.6280,0.2390

7933.3580,0.2391

7935.0660,0.2391

7936.7870,0.2391

7938.5220,0.2391

7940.2310,0.2390

7941.9560,0.2390

7943.6960,0.2390

7945.4210,0.2390

7947.1670,0.2391

7948.8980,0.2390

7950.6350,0.2391

7952.3500,0.2390

7954.0890,0.2390

7955.8560,0.2390

7957.5910,0.2391

7959.3170,0.2391

7961.0350,0.2390

7962.7540,0.2390

7964.4580,0.2390

7966.1850,0.2390

7967.9020,0.2390

7969.6190,0.2390

7971.3610,0.2390

7973.0740,0.2390

7974.8090,0.2390

7976.5490,0.2390

7978.3150,0.2390

7980.0430,0.2389

7981.7790,0.2390

7983.5450,0.2390

7985.3070,0.2390

7987.0390,0.2390

7988.7630,0.2389

7990.4790,0.2390

7992.1960,0.2390

7993.9470,0.2390

7995.6830,0.2390

7997.4210,0.2390

7999.1510,0.2390

8000.8890,0.2390

8002.6360,0.2390

8004.3650,0.2390

8006.1380,0.2390

8007.8700,0.2390

8009.6060,0.2390

8011.3360,0.2390

8013.0660,0.2390

8014.8050,0.2390

8016.5490,0.2390

8018.3120,0.2390

8020.0450,0.2390

8021.7610,0.2390

8023.5040,0.2390

8025.2110,0.2390

8026.9610,0.2390

8028.7130,0.2390

8030.4540,0.2390

8032.1800,0.2390

8033.9120,0.2390

8035.6480,0.2390

8037.3870,0.2390

8039.1250,0.2390

8040.8740,0.2390

8042.5920,0.2390

8044.3060,0.2390

8046.0570,0.2390

8047.7840,0.2390

8049.5240,0.2389

8051.2610,0.2390

8053.0190,0.2390

8054.7330,0.2389

8056.4950,0.2390

8058.2490,0.2390

8059.9800,0.2390

8061.7150,0.2390

8063.4670,0.2390

8065.2000,0.2390

8066.9160,0.2390

8068.6270,0.2390

8070.3720,0.2390

8072.1000,0.2390

8073.8520,0.2390

8075.5700,0.2390

8077.2930,0.2390

8079.0280,0.2390

8080.7470,0.2389

8082.4630,0.2390

8084.1920,0.2390

8085.9330,0.2390

8087.6660,0.2390

8089.3870,0.2389

8091.0930,0.2390

8092.8220,0.2390

8094.5390,0.2390

8096.3390,0.2390

8098.0880,0.2390

8099.8170,0.2389

8101.5890,0.2389

8103.3250,0.2389

8105.0690,0.2389

8106.7890,0.2389

8108.5250,0.2389

8110.2470,0.2389

8111.9480,0.2389

8113.6840,0.2389

8115.3930,0.2389

8117.1220,0.2389

8118.8970,0.2389

8120.6690,0.2390

8122.4130,0.2390

8124.1690,0.2389

8125.8930,0.2389

8127.6260,0.2389

8129.3860,0.2389

8131.1190,0.2390

8132.8520,0.2390

8134.5920,0.2390

8136.3550,0.2390

8138.1040,0.2390

8139.8560,0.2390

8141.5830,0.2389

8143.3020,0.2389

8145.0310,0.2389

8146.7660,0.2389

8148.5250,0.2389

8150.2580,0.2389

8151.9920,0.2389

8153.7310,0.2389

8155.4550,0.2390

8157.2320,0.2389

8158.9520,0.2389

8160.6680,0.2389

8162.3860,0.2389

8164.1210,0.2389

8165.8770,0.2389

8167.6210,0.2389

8169.3630,0.2390

8171.1190,0.2389

8172.8670,0.2390

8174.5830,0.2390

8176.2960,0.2390

8178.0210,0.2390

8179.7480,0.2390

8181.5180,0.2390

8183.2440,0.2390

8184.9770,0.2390

8186.6990,0.2390

8188.4480,0.2390

8190.1780,0.2390

8191.9000,0.2390

8193.6500,0.2390

8195.3910,0.2390

8197.1110,0.2390

8198.8700,0.2390

8200.5930,0.2390

8202.3340,0.2390

8204.0750,0.2390

8205.7920,0.2390

8207.5060,0.2390

8209.2440,0.2390

8210.9670,0.2390

8212.7130,0.2390

8214.4820,0.2390

8216.2170,0.2390

8217.9230,0.2390

8219.6450,0.2390

8221.3860,0.2390

8223.1000,0.2390

8224.8200,0.2390

8226.5450,0.2390

8228.2780,0.2390

8230.0330,0.2390

8231.7640,0.2390

8233.4990,0.2390

8235.2410,0.2390

8236.9940,0.2390

8238.6960,0.2390

8240.4130,0.2390

8242.1170,0.2390

8243.8590,0.2390

8245.6180,0.2390

8247.4070,0.2390

8249.1200,0.2390

8250.8410,0.2390

8252.5990,0.2390

8254.3290,0.2390

8256.0400,0.2389

8257.7560,0.2389

8259.4940,0.2389

8261.2450,0.2389

8262.9760,0.2389

8264.7070,0.2389

8266.4340,0.2389

8268.1640,0.2389

8269.9030,0.2389

8271.7150,0.2390

8273.4680,0.2389

8275.2060,0.2389

8276.9370,0.2390

8278.7140,0.2390

8280.4480,0.2390

8282.1700,0.2390

8283.9020,0.2390

8285.6350,0.2390

8287.3580,0.2390

8289.1010,0.2390

8290.8390,0.2389

8292.5420,0.2389

8294.3190,0.2389

8296.0390,0.2390

8297.7810,0.2390

8299.5090,0.2390

8301.2460,0.2390

8302.9880,0.2390

8304.7500,0.2390

8306.5440,0.2390

8308.2440,0.2390

8309.9770,0.2390

8311.7190,0.2390

8313.4770,0.2390

8315.2170,0.2390

8316.9300,0.2390

8318.6520,0.2390

8320.3840,0.2390

8322.1170,0.2390

8323.8320,0.2390

8325.5640,0.2390

8327.2810,0.2390

8329.0160,0.2390

8330.7550,0.2390

8332.4790,0.2390

8334.2100,0.2390

8335.9620,0.2390

8337.7040,0.2390

8339.4540,0.2390

8341.1750,0.2390

8342.9700,0.2389

8344.7290,0.2389

8346.4430,0.2388

8348.1850,0.2387

8349.9180,0.2387

8351.6180,0.2387

8353.3780,0.2388

8355.1010,0.2388

8356.8570,0.2388

8358.5930,0.2388

8360.3120,0.2388

8362.0200,0.2388

8363.7470,0.2389

8365.4530,0.2389

8367.1830,0.2389

8368.9250,0.2389

8370.6700,0.2388

8372.3840,0.2388

8374.1090,0.2389

8375.8420,0.2389

8377.6120,0.2389

8379.3260,0.2389

8381.0610,0.2389

8382.8030,0.2389

8384.5280,0.2389

8386.2510,0.2389

8387.9970,0.2389

8389.7290,0.2389

8391.4850,0.2389

8393.2480,0.2389

8394.9960,0.2389

8396.7330,0.2389

8398.4670,0.2388

8400.1990,0.2388

8401.9510,0.2388

8403.6650,0.2388

8405.3860,0.2388

8407.1030,0.2388

8408.8270,0.2388

8410.5520,0.2388

8412.2780,0.2388

8414.0110,0.2388

8415.7470,0.2388

8417.4950,0.2388

8419.2500,0.2388

8420.9650,0.2388

8422.6990,0.2388

8424.4050,0.2388

8426.1070,0.2389

8427.8890,0.2388

8429.6200,0.2389

8431.3430,0.2389

8433.0990,0.2389

8434.8460,0.2389

8436.5670,0.2389

8438.2860,0.2389

8440.0150,0.2388

8441.7450,0.2388

8443.4580,0.2389

8445.1950,0.2389

8446.9230,0.2389

8448.6580,0.2388

8450.4020,0.2388

8452.1560,0.2388

8453.8730,0.2388

8455.6200,0.2388

8457.3470,0.2388

8459.0850,0.2389

8460.8110,0.2388

8462.5510,0.2389

8464.2910,0.2389

8466.0100,0.2389

8467.7230,0.2390

8469.4410,0.2389

8471.1560,0.2389

8472.8710,0.2389

8474.6220,0.2389

8476.3350,0.2389

8478.0710,0.2389

8479.7980,0.2389

8481.5100,0.2389

8483.1510,0.2389

8484.9620,0.2389

8486.6930,0.2389

8488.4180,0.2389

8490.1390,0.2390

8491.8710,0.2389

8493.5900,0.2389

8495.3110,0.2389

8497.0280,0.2389

8498.7600,0.2389

8500.4950,0.2389

8502.2700,0.2389

8503.9880,0.2389

8505.7030,0.2390

8507.4310,0.2389

8509.1490,0.2389

8510.8750,0.2389

8512.6130,0.2389

8514.3360,0.2389

8516.0940,0.2389

8517.8240,0.2390

8519.5560,0.2389

8521.2790,0.2389

8523.0100,0.2389

8524.7790,0.2389

8526.5260,0.2389

8528.2500,0.2389

8529.9830,0.2389

8531.7050,0.2389

8533.4380,0.2389

8535.1650,0.2389

8536.9060,0.2389

8538.6290,0.2389

8540.3710,0.2389

8542.1080,0.2389

8543.8310,0.2389

8545.4660,0.2389

8547.2280,0.2389

8548.9630,0.2389

8550.6980,0.2389

8552.4210,0.2389

8554.1540,0.2389

8555.9060,0.2389

8557.6380,0.2389

8559.3870,0.2389

8561.1030,0.2389

8562.8430,0.2389

8564.6200,0.2389

8566.3430,0.2388

8568.0930,0.2388

8569.8260,0.2388

8571.5570,0.2388

8573.2740,0.2388

8575.0430,0.2388

8576.7740,0.2389

8578.5010,0.2389

8580.2250,0.2389

8581.9780,0.2389

8583.6890,0.2389

8585.4000,0.2389

8587.1330,0.2389

8588.8590,0.2389

8590.5980,0.2389

8592.3280,0.2389

8594.1040,0.2389

8595.8240,0.2389

8597.5570,0.2389

8599.3060,0.2389

8601.0320,0.2389

8602.7650,0.2389

8604.5150,0.2389

8606.2470,0.2389

8607.9610,0.2389

8609.7130,0.2389

8611.4680,0.2389

8613.1850,0.2389

8614.9010,0.2389

8616.6520,0.2389

8618.3840,0.2389

8620.1190,0.2389

8621.8380,0.2389

8623.5680,0.2389

8625.3000,0.2389

8627.0320,0.2389

8628.7790,0.2389

8630.5450,0.2389

8632.2690,0.2389

8634.0130,0.2389

8635.7410,0.2389

8637.4970,0.2389

8639.2470,0.2389

8640.9660,0.2389

8642.6780,0.2389

8644.4360,0.2390

8646.1500,0.2389

8647.9000,0.2389

8649.6270,0.2389

8651.3780,0.2389

8653.1210,0.2389

8654.8430,0.2389

8656.5590,0.2389

8658.2890,0.2389

8660.0220,0.2389

8661.7610,0.2389

8663.4910,0.2389

8665.2440,0.2389

8667.0140,0.2389

8668.7350,0.2390

8670.4820,0.2390

8672.2200,0.2390

8673.9420,0.2389

8675.6660,0.2389

8677.4140,0.2390

8679.1260,0.2389

8680.8550,0.2389

8682.6040,0.2389

8684.3370,0.2389

8686.0750,0.2389

8687.8060,0.2390

8689.5330,0.2389

8691.2670,0.2390

8693.0110,0.2390

8694.7310,0.2390

8696.4520,0.2390

8698.1750,0.2390

8699.8830,0.2390

8701.5990,0.2390

8703.3170,0.2389

8705.0340,0.2389

8706.7700,0.2390

8708.5140,0.2390

8710.2490,0.2389

8711.9810,0.2390

8713.7020,0.2389

8715.4230,0.2389

8717.1380,0.2389

8718.8550,0.2389

8720.5810,0.2390

8722.2980,0.2390

8724.0400,0.2390

8725.7660,0.2390

8727.5030,0.2390

8729.2420,0.2390

8730.9870,0.2390

8732.7740,0.2390

8734.5110,0.2390

8736.2120,0.2390

8737.9490,0.2390

8739.6920,0.2390

8741.4160,0.2390

8743.1540,0.2390

8744.8990,0.2390

8746.6330,0.2390

8748.3670,0.2390

8750.1060,0.2389

8751.8380,0.2390

8753.5580,0.2390

8755.2730,0.2390

8757.0250,0.2390

8758.7600,0.2390

8760.4930,0.2390

8762.2100,0.2390

8763.9200,0.2391

8765.6350,0.2391

8767.3750,0.2390

8769.0990,0.2390

8770.8160,0.2390

8772.5420,0.2390

8774.2760,0.2390

8776.0100,0.2391

8777.7460,0.2391

8779.4700,0.2391

8781.1900,0.2391

8782.9490,0.2390

8784.6680,0.2390

8786.3820,0.2390

8788.1070,0.2390

8789.8450,0.2390

8791.5850,0.2390

8793.3600,0.2390

8795.1040,0.2390

8796.8390,0.2390

8798.5670,0.2390

8800.2910,0.2391

8802.0130,0.2390

8803.7400,0.2390

8805.4390,0.2390

8807.1670,0.2390

8808.8990,0.2391

8810.6880,0.2390

8812.4370,0.2391

8814.1630,0.2391

8815.9010,0.2391

8817.6300,0.2391

8819.3680,0.2390

8821.1220,0.2390

8822.8860,0.2390

8824.5970,0.2390

8826.3050,0.2390

8828.0230,0.2390

8829.7580,0.2390

8831.4850,0.2391

8833.2600,0.2391

8834.9970,0.2390

8836.7160,0.2391

8838.4330,0.2391

8840.1570,0.2391

8841.8800,0.2391

8843.6040,0.2391

8845.3420,0.2391

8847.0650,0.2391

8848.7760,0.2391

8850.4860,0.2391

8852.2290,0.2391

8853.9640,0.2392

8855.6730,0.2391

8857.3870,0.2391

8859.1240,0.2391

8860.8480,0.2391

8862.5550,0.2391

8864.2780,0.2391

8866.0240,0.2391

8867.7430,0.2391

8869.5020,0.2391

8871.2370,0.2391

8872.9760,0.2391

8874.7180,0.2391

8876.4410,0.2391

8878.1740,0.2391

8879.9350,0.2391

8881.6820,0.2391

8883.3850,0.2391

8885.1250,0.2391

8886.8540,0.2391

8888.6220,0.2391

8890.3350,0.2391

8892.0480,0.2391

8893.7780,0.2391

8895.4890,0.2391

8897.2320,0.2391

8898.9420,0.2391

8900.7180,0.2391

8902.5010,0.2390

8904.2340,0.2390

8905.9800,0.2390

8907.6980,0.2391

8909.4170,0.2390

8911.1390,0.2390

8912.8750,0.2390

8914.6260,0.2390

8916.3660,0.2390

8918.1060,0.2391

8919.8530,0.2391

8921.5960,0.2391

8923.3240,0.2391

8925.0720,0.2391

8926.8070,0.2391

8928.5760,0.2391

8930.2940,0.2391

8932.0010,0.2391

8933.7510,0.2391

8935.4690,0.2391

8937.1840,0.2391

8938.9340,0.2391

8940.6720,0.2391

8942.3850,0.2391

8944.1430,0.2391

8945.8860,0.2391

8947.6050,0.2391

8949.3510,0.2391

8951.0740,0.2391

8952.7840,0.2391

8954.4940,0.2391

8956.2740,0.2391

8957.9940,0.2392

8959.7300,0.2392

8961.4800,0.2391

8963.2190,0.2392

8964.9860,0.2392

8966.7140,0.2392

8968.4390,0.2391

8970.1630,0.2391

8971.8830,0.2391

8973.5920,0.2392

8975.3210,0.2392

8977.0740,0.2392

8978.8090,0.2391

8980.5580,0.2391

8982.3190,0.2391

8984.0830,0.2392

8985.8430,0.2391

8987.5750,0.2391

8989.3040,0.2392

8991.0250,0.2392

8992.7530,0.2392

8994.4930,0.2392

8996.2260,0.2392

8997.9720,0.2392

8999.7070,0.2392

9001.4790,0.2391

9003.2140,0.2391

9004.9500,0.2392

9006.6510,0.2392

9008.4150,0.2392

9010.1350,0.2392

9011.8470,0.2392

9013.6050,0.2392

9015.3270,0.2392

9017.0600,0.2392

9018.7950,0.2392

9020.5070,0.2392

9022.2460,0.2392

9023.9700,0.2392

9025.7030,0.2392

9027.4200,0.2392

9029.1750,0.2392

9030.9300,0.2392

9032.6440,0.2392

9034.3470,0.2392

9036.0920,0.2392

9037.8170,0.2392

9039.5420,0.2392

9041.2740,0.2392

9043.0000,0.2392

9044.7650,0.2392

9046.4970,0.2392

9048.2220,0.2392

9049.9500,0.2392

9051.6820,0.2392

9053.4540,0.2392

9055.1800,0.2392

9056.9330,0.2392

9058.6680,0.2392

9060.3990,0.2393

9062.1250,0.2393

9063.8720,0.2393

9065.6140,0.2392

9067.3590,0.2393

9069.1370,0.2393

9070.8840,0.2393

9072.6330,0.2392

9074.3810,0.2393

9076.1070,0.2392

9077.8240,0.2393

9079.5390,0.2393

9081.2650,0.2392

9083.0100,0.2393

9084.7210,0.2393

9086.4470,0.2393

9088.1530,0.2393

9089.9370,0.2393

9091.6630,0.2393

9093.3860,0.2393

9095.1050,0.2393

9096.8230,0.2393

9098.5600,0.2393

9100.2950,0.2393

9102.0530,0.2393

9103.7920,0.2393

9105.5250,0.2393

9107.2900,0.2394

9109.0440,0.2394

9110.7810,0.2393

9112.5170,0.2393

9114.2440,0.2393

9116.0000,0.2393

9117.7200,0.2393

9119.4690,0.2393

9121.2110,0.2394

9122.9350,0.2394

9124.6520,0.2394

9126.3480,0.2393

9128.0620,0.2394

9129.7850,0.2394

9131.5190,0.2394

9133.2780,0.2394

9135.0260,0.2394

9136.7570,0.2394

9138.4750,0.2394

9140.1940,0.2394

9141.9220,0.2394

9143.6640,0.2394

9145.3820,0.2394

9147.1190,0.2394

9148.8610,0.2394

9150.5920,0.2394

9152.3210,0.2393

9154.0320,0.2393

9155.7310,0.2393

9157.4650,0.2393

9159.1860,0.2393

9160.9150,0.2393

9162.6450,0.2393

9164.3600,0.2393

9166.0900,0.2393

9167.8090,0.2393

9169.5380,0.2393

9171.2680,0.2393

9172.9760,0.2393

9174.6960,0.2393

9176.4390,0.2393

9178.2030,0.2392

9179.9500,0.2393

9181.7110,0.2393

9183.4630,0.2393

9185.1980,0.2393

9186.9350,0.2393

9188.6690,0.2393

9190.4060,0.2393

9192.1270,0.2392

9193.8850,0.2392

9195.5950,0.2393

9197.3410,0.2393

9199.0740,0.2393

9200.7900,0.2393

9202.5260,0.2393

9204.2650,0.2393

9206.0130,0.2393

9207.7630,0.2393

9209.4920,0.2393

9211.1880,0.2393

9212.9050,0.2394

9214.6500,0.2393

9216.3870,0.2394

9218.1230,0.2393

9219.8350,0.2393

9221.5920,0.2394

9223.3310,0.2393

9225.0720,0.2393

9226.7890,0.2393

9228.5110,0.2393

9230.2370,0.2393

9231.9670,0.2393

9233.6990,0.2393

9235.4150,0.2393

9237.1520,0.2393

9238.9310,0.2393

9240.6860,0.2394

9242.4420,0.2393

9244.1790,0.2394

9245.9490,0.2394

9247.6780,0.2393

9249.4010,0.2394

9251.1290,0.2394

9252.8460,0.2394

9254.5680,0.2394

9256.3240,0.2394

9258.0630,0.2394

9259.7780,0.2394

9261.5240,0.2394

9263.2500,0.2394

9264.9830,0.2394

9266.7280,0.2394

9268.4620,0.2394

9270.2270,0.2394

9271.9680,0.2394

9273.6910,0.2394

9275.4090,0.2394

9277.1360,0.2394

9278.8450,0.2394

9280.5660,0.2394

9282.2800,0.2394

9284.0220,0.2394

9285.7790,0.2393

9287.5130,0.2392

9289.2260,0.2392

9290.9370,0.2393

9292.6490,0.2393

9294.3720,0.2393

9296.0960,0.2393

9297.8190,0.2393

9299.5230,0.2393

9301.2490,0.2393

9302.9800,0.2393

9304.7110,0.2393

9306.4130,0.2394

9308.1330,0.2393

9309.8730,0.2394

9311.6010,0.2394

9313.3440,0.2394

9315.0760,0.2394

9316.7920,0.2394

9318.4830,0.2394

9320.2100,0.2394

9321.9570,0.2393

9323.7320,0.2393

9325.4770,0.2393

9327.2050,0.2393

9328.9690,0.2393

9330.6820,0.2393

9332.4380,0.2393

9334.1830,0.2393

9335.8970,0.2393

9337.6320,0.2393

9339.3400,0.2393

9341.0530,0.2393

9342.7590,0.2393

9344.4940,0.2393

9346.2050,0.2393

9347.9100,0.2394

9349.6220,0.2394

9351.3350,0.2392

9353.0530,0.2393

9354.7780,0.2393

9356.5280,0.2394

9358.2380,0.2394

9359.9610,0.2394

9361.6790,0.2394

9363.4100,0.2394

9365.1370,0.2393

9366.8760,0.2393

9368.5860,0.2393

9370.3370,0.2393

9372.0650,0.2393

9373.7790,0.2393

9375.5100,0.2394

9377.2460,0.2394

9378.9680,0.2393

9380.7310,0.2393

9382.4740,0.2393

9384.1950,0.2393

9385.9170,0.2393

9387.6300,0.2394

9389.3640,0.2393

9391.0690,0.2393

9392.8230,0.2393

9394.5540,0.2393

9396.3550,0.2393

9398.0880,0.2393

9399.7980,0.2394

9401.5270,0.2394

9403.2600,0.2394

9404.9960,0.2393

9406.7250,0.2393

9408.4430,0.2393

9410.1580,0.2394

9411.8870,0.2393

9413.5940,0.2393

9415.3350,0.2394

9417.0740,0.2393

9418.7960,0.2393

9420.5250,0.2394

9422.2440,0.2394

9424.0110,0.2394

9425.7610,0.2394

9427.4880,0.2394

9429.2430,0.2394

9430.9510,0.2394

9432.6700,0.2394

9434.4220,0.2394

9436.1380,0.2394

9437.8570,0.2394

9439.5740,0.2394

9441.2790,0.2394

9443.0000,0.2394

9444.7470,0.2394

9446.4960,0.2394

9448.2270,0.2394

9449.9480,0.2393

9451.6560,0.2392

9453.3880,0.2393

9455.1390,0.2393

9456.8760,0.2393

9458.6050,0.2393

9460.3500,0.2393

9462.0660,0.2393

9463.7790,0.2393

9465.5030,0.2393

9467.2250,0.2394

9468.9610,0.2393

9470.6980,0.2394

9472.4200,0.2394

9474.1500,0.2394

9475.8900,0.2394

9477.6080,0.2394

9479.3070,0.2394

9481.0260,0.2394

9482.7370,0.2394

9484.4660,0.2394

9486.1820,0.2394

9487.9290,0.2394

9489.6800,0.2394

9491.4160,0.2394

9493.1560,0.2394

9494.9180,0.2394

9496.6510,0.2394

9498.3570,0.2393

9500.0760,0.2393

9501.7960,0.2394

9503.5180,0.2393

9505.2610,0.2393

9506.9890,0.2394

9508.6890,0.2394

9510.4190,0.2394

9512.1800,0.2394

9513.8960,0.2394

9515.6120,0.2394

9517.3560,0.2394

9519.0980,0.2394

9520.8280,0.2394

9522.5390,0.2394

9524.2610,0.2394

9525.9990,0.2394

9527.7360,0.2394

9529.4550,0.2394

9531.1830,0.2394

9532.9210,0.2394

9534.6570,0.2394

9536.4010,0.2394

9538.1500,0.2394

9539.8710,0.2394

9541.6040,0.2394

9543.3290,0.2394

9545.0600,0.2394

9546.7790,0.2394

9548.5150,0.2394

9550.2480,0.2394

9551.9780,0.2393

9553.7110,0.2393

9555.4330,0.2394

9557.1560,0.2393

9558.9010,0.2394

9560.6120,0.2394

9562.3220,0.2394

9564.0900,0.2394

9565.8370,0.2394

9567.6180,0.2394

9569.3390,0.2394

9571.0780,0.2394

9572.8060,0.2394

9574.5380,0.2394

9576.2650,0.2394

9577.9960,0.2391

9579.7570,0.2393

9581.4830,0.2393

9583.2080,0.2397

9584.9670,0.2361

9586.6980,0.2318

9588.4740,0.1739

9590.1950,0.0008

9591.9150,0.0009

9593.6540,0.0008

9595.4400,0.0007

9597.1850,0.0009

9598.8980,0.0008

9600.6370,0.0008

9602.3530,0.0008

9604.0580,0.0007

9605.8280,0.0009

9607.5450,0.0008

9609.2450,0.0008

9610.9640,0.0009

9612.7150,0.0008

9614.4430,0.0007

9616.1950,0.0009

9617.9310,0.0009

9619.6660,0.0009

9621.4150,0.0008

9623.1690,0.0008

9624.9480,0.0009

9626.6860,0.0008

9628.3810,0.0009

9630.0980,0.0008

9631.8830,0.0008

9633.6200,0.0008

9635.3550,0.0008

9637.1040,0.0008

9638.8410,0.0009

9640.5570,0.0008

9642.2920,0.0009

9643.9970,0.0008

9645.7070,0.0008

9647.4490,0.0007

9649.1710,0.0009

9650.9000,0.0007

9652.6180,0.0008

9654.3220,0.0009

9656.0280,0.0008

9657.7740,0.0009

9659.5030,0.0008

9661.2400,0.0009

9662.9520,0.0008

9664.6720,0.0009

9666.4480,0.0007

9668.1610,0.0008

9669.9250,0.0008

9671.6350,0.0009

9673.3590,0.0007

9675.1320,0.0010

9676.8930,0.0007

9678.6770,0.0008

9680.4340,0.0009

9682.2030,0.0007

9683.9330,0.0009

9685.7010,0.0007

9687.4650,0.0009

9689.2010,0.0007

9690.8850,0.0008

9692.6080,0.0010

9694.3160,0.0007

9696.0390,0.0010

9697.7610,0.0007

9699.4620,0.0008

9701.1990,0.0008

9702.9500,0.0009

9704.6640,0.0008

9706.4060,0.0008

9708.1410,0.0008

9709.8260,0.0008

9711.6060,0.0008

9713.3300,0.0009

9715.0770,0.0008

9716.7810,0.0009

9718.5090,0.0007

9720.2020,0.0008

9721.9300,0.0009

9723.6830,0.0007

9725.3950,0.0009

9727.1160,0.0007

9728.8420,0.0009

9730.5450,0.0007

9732.2580,0.0008

9733.9970,0.0007

9735.7220,0.0009

9737.5110,0.0007

9739.2650,0.0008

9740.9960,0.0008

9742.7120,0.0008

9744.4280,0.0008

9746.1540,0.0008

9747.9050,0.0009

9749.6270,0.0008

9751.3750,0.0007

9753.1190,0.0008

9754.8400,0.0008

9756.5520,0.0008

9758.2740,0.0009

9760.0080,0.0008

9761.7630,0.0008

9763.5090,0.0008

9765.2530,0.0007

9766.9880,0.0009

9768.7200,0.0008

9770.4320,0.0008

9772.1500,0.0008

9773.8860,0.0009

9775.6160,0.0008

9777.3370,0.0009

9779.0770,0.0008

9780.7920,0.0008

9782.5070,0.0009

9784.2400,0.0008

9785.9960,0.0008

9787.7360,0.0009

9789.4730,0.0007

9791.2000,0.0009

9792.9230,0.0007

9794.6600,0.0008

9796.3860,0.0008

9798.1250,0.0008

9799.8680,0.0008

9801.6540,0.0007

9803.3940,0.0009

9805.1270,0.0008

9806.8490,0.0007

9808.5740,0.0009

9810.3010,0.0007

9812.0200,0.0009

9813.7830,0.0008

9815.5450,0.0008

9817.2520,0.0009

9819.0120,0.0007

9820.7470,0.0008

9822.4760,0.0008

9824.1970,0.0009

9825.9320,0.0009

9827.6410,0.0006

9829.3510,0.0009

9831.0920,0.0007

9832.8300,0.0009

9834.5550,0.0007

9836.2860,0.0009

9838.0120,0.0008

9839.7880,0.0006

9841.5080,0.0009

9843.2140,0.0008

9844.9360,0.0007

9846.6680,0.0008

9848.3990,0.0008

9850.1280,0.0009

9851.8760,0.0008

9853.6190,0.0007

9855.3620,0.0007

9857.0850,0.0007

9858.8040,0.0009

9860.5480,0.0007

9862.2610,0.0008

9864.0320,0.0008

9865.7800,0.0007

9867.5420,0.0008

9869.2600,0.0008

9871.0500,0.0009

9872.8010,0.0008

9874.5530,0.0008

9876.2920,0.0007

9878.0450,0.0009

9879.7580,0.0007

9881.4760,0.0008

9883.2170,0.0009

9884.9380,0.0006

9886.6730,0.0008

9888.4320,0.0009

