Elapsed Time (s),P1 (psi),P2 (psi),P3 (psi),P4 (psi),P5 (psi),P6 (psi),P7 (psi),Main Loop Avg Pressure (psi),HX Pressure (psi),Overall Avg Pressure (psi)
1.1760,0.3411,0.8473,3.3173,3.4383,3.1939,-0.3247,3.4356,2.4289,-0.3247,2.0355

1.9540,0.5983,0.9090,3.2556,3.6956,3.0704,0.1692,1.8921,2.2368,0.1692,1.9414

2.9540,1.1127,0.8473,3.3173,3.6956,3.1321,0.1074,1.6349,2.2900,0.1074,1.9782

3.9550,0.3411,0.9090,3.2556,3.1811,2.8852,-0.1395,1.8921,2.0773,-0.1395,1.7607

4.9540,0.3411,0.9090,3.1938,3.6956,3.2556,0.3544,2.1494,2.2574,0.3544,1.9856

5.9540,0.3411,0.9708,3.4408,3.9528,3.2556,-0.0160,2.1494,2.3517,-0.0160,2.0135

6.9540,0.5983,0.7856,3.2556,3.4383,3.2556,-0.1395,1.8921,2.2042,-0.1395,1.8694

7.9540,0.8555,0.9708,3.2556,3.1811,3.2556,0.1074,1.3776,2.1494,0.1074,1.8577

8.9540,0.3411,1.0942,3.3173,3.4383,3.0704,0.1074,1.8921,2.1922,0.1074,1.8944

9.9550,0.5983,0.9090,3.3791,4.2100,3.1939,0.2309,2.1494,2.4066,0.2309,2.0958

10.9550,0.5983,0.9708,3.3791,3.9528,3.0087,-0.0778,2.1494,2.3432,-0.0778,1.9973

11.9540,0.5983,0.9090,3.3791,3.4383,3.2556,0.0457,2.1494,2.2883,0.0457,1.9679

12.9540,0.5983,0.8473,3.3173,2.4094,3.1939,0.0457,1.6349,2.0002,0.0457,1.7210

13.9540,0.5983,0.9090,3.0704,3.1811,3.1321,-0.0778,1.6349,2.0876,-0.0778,1.7783

14.9550,1.1127,0.7238,3.2556,3.6956,3.1939,0.0457,1.8921,2.3123,0.0457,1.9885

15.9540,1.3699,1.0325,3.2556,3.4383,3.1939,0.0457,1.6349,2.3208,0.0457,1.9958

16.9550,0.0839,0.9090,3.2556,3.4383,3.0704,-0.0160,1.8921,2.1082,-0.0160,1.8048

17.9540,0.5983,1.0325,3.3173,3.6956,3.0704,-0.0778,1.6349,2.2248,-0.0778,1.8959

18.9540,0.5983,0.9090,3.3173,4.2100,3.0704,0.0457,2.1494,2.3757,0.0457,2.0429

19.9550,1.1127,0.7238,3.1938,3.4383,3.1939,-0.2630,1.6349,2.2162,-0.2630,1.8621

20.9540,0.8555,0.9090,3.4408,3.4383,3.2556,-0.0160,2.4066,2.3843,-0.0160,2.0414

21.9550,0.8555,0.6621,3.1321,3.4383,3.1321,-0.1395,1.6349,2.1425,-0.1395,1.8165

22.9540,0.8555,1.0325,3.3173,3.9528,3.1321,-0.0160,1.6349,2.3208,-0.0160,1.9870

23.9540,0.8555,0.7238,3.1938,3.4383,3.0087,0.1692,1.8921,2.1854,0.1692,1.8973

24.9540,0.0839,0.7856,3.2556,3.1811,3.0704,-0.0160,1.6349,2.0019,-0.0160,1.7136

25.9540,0.8555,0.7856,3.2556,3.9528,3.0704,0.1074,1.6349,2.2591,0.1074,1.9517

26.9540,0.5983,0.9090,2.9469,4.4672,2.8234,0.0457,1.8921,2.2728,0.0457,1.9547

27.9540,0.5983,0.6621,3.1938,3.4383,3.1939,-0.0160,1.8921,2.1631,-0.0160,1.8518

28.9540,1.1127,0.8473,3.3791,3.1811,3.6261,-0.3865,2.4066,2.4255,-0.3865,2.0238

29.9540,0.5983,0.7856,3.3173,3.4383,3.1321,-0.0778,2.1494,2.2368,-0.0778,1.9062

30.9540,0.8555,1.0942,3.5025,3.1811,3.1939,-0.1395,1.8921,2.2866,-0.1395,1.9400

31.9540,-0.6877,1.0942,3.1321,3.9528,3.0087,0.0457,2.1494,2.1082,0.0457,1.8136

32.9550,0.5983,1.0325,3.1938,3.6956,2.8852,-0.1395,1.6349,2.1734,-0.1395,1.8430

33.9540,0.3411,0.7856,3.3791,3.4383,3.1939,-0.2013,2.1494,2.2145,-0.2013,1.8694

34.9540,-0.4305,1.8351,5.0460,5.7534,0.0450,-0.2013,3.4356,2.6141,-0.2013,2.2119

35.9540,0.5983,1.5264,3.6878,5.4962,-0.1402,-0.2630,2.1494,2.2196,-0.2630,1.8650

36.9540,-0.6877,1.2177,4.1199,4.7245,-0.0167,-0.1395,2.4066,1.9607,-0.1395,1.6607

37.9540,0.0839,1.1560,3.6878,3.4383,-0.0167,-0.1395,2.9211,1.8784,-0.1395,1.5901

38.9540,0.5983,1.4029,4.1199,3.9528,0.0450,-0.0160,2.4066,2.0876,-0.0160,1.7871

39.9540,0.0839,1.3412,3.8730,4.2100,-0.0167,-0.1395,1.3776,1.8115,-0.1395,1.5328

40.9540,-0.1733,1.5264,3.9347,3.9528,0.0450,-0.0160,2.1494,1.9058,-0.0160,1.6313

41.9540,0.0839,1.7733,3.9347,4.9817,0.0450,-0.0160,2.1494,2.1613,-0.0160,1.8503

42.9540,0.3411,1.3412,4.1199,4.4672,0.0450,-0.2630,2.4066,2.1202,-0.2630,1.7797

43.9540,0.0839,1.4029,4.0582,1.3805,0.4772,-0.2630,2.6639,1.6778,-0.2630,1.4005

44.9540,0.0839,1.5264,4.3052,4.2100,0.0450,0.0457,1.6349,1.9676,0.0457,1.6930

45.9540,0.0839,1.2794,4.1817,4.4672,-0.0167,0.1692,2.4066,2.0670,0.1692,1.7959

46.9540,-0.1733,1.5264,4.3052,4.4672,0.0450,-0.0160,3.1784,2.2248,-0.0160,1.9047

47.9540,0.5983,1.5264,4.0582,4.2100,0.4772,0.3544,1.6349,2.0842,0.3544,1.8370

48.9540,0.3411,1.5264,4.1817,4.4672,-0.0167,-0.0778,3.1784,2.2797,-0.0778,1.9429

49.9540,-0.4305,1.7733,4.1817,3.1811,-0.0167,-0.0778,1.1204,1.6349,-0.0778,1.3902

50.9540,0.3411,1.5881,3.9965,4.4672,-0.9429,0.1692,1.8921,1.8904,0.1692,1.6445

51.9540,-0.1733,1.4647,4.1817,4.4672,-0.1402,-0.0778,2.4066,2.0344,-0.0778,1.7327

52.9540,-0.6877,1.3412,3.9965,4.7245,0.0450,0.0457,2.6639,2.0139,0.0457,1.7327

53.9540,0.3411,1.5881,4.1817,4.2100,0.1067,-0.0160,2.4066,2.1390,-0.0160,1.8312

54.9540,-0.1733,1.3412,3.9965,4.9817,0.1067,0.2309,1.8921,2.0241,0.2309,1.7680

55.9540,-0.1733,1.5881,4.1199,4.2100,0.1067,-0.0160,2.9211,2.1288,-0.0160,1.8224

56.9540,0.3411,1.5881,4.2434,4.2100,0.0450,-0.0160,2.1494,2.0962,-0.0160,1.7944

57.9540,0.3411,1.5881,3.9347,4.7245,0.0450,0.1074,2.1494,2.1305,0.1074,1.8415

58.9540,0.0839,1.6499,4.1199,3.6956,0.0450,-0.0160,3.1784,2.1288,-0.0160,1.8224

59.9540,0.0839,1.4029,3.8730,4.9817,0.1067,0.3544,3.9501,2.3997,0.3544,2.1075

60.9550,0.5983,1.6499,4.3052,0.8661,-0.1402,0.2309,2.6639,1.6572,0.2309,1.4534

61.9550,0.0839,1.7116,4.1817,3.6956,0.1685,0.0457,2.6639,2.0842,0.0457,1.7930

62.9540,0.0839,1.3412,4.1817,3.6956,-0.0167,0.0457,2.6639,1.9916,0.0457,1.7136

63.9550,0.0839,1.3412,3.9965,3.9528,0.1685,0.1074,2.6639,2.0344,0.1074,1.7592

64.9540,0.0839,1.4029,4.1817,4.4672,0.0450,-0.0160,2.4066,2.0979,-0.0160,1.7959

65.9550,-1.4593,1.4029,4.1199,4.2100,0.0450,-0.0778,2.1494,1.7447,-0.0778,1.4843

66.9550,0.0839,1.4029,4.1817,3.9528,0.1685,0.2309,1.8921,1.9470,0.2309,1.7018

67.9550,0.0839,1.8351,4.6139,4.7245,0.1067,0.1074,4.2074,2.5952,0.1074,2.2398

68.9540,0.5983,1.3412,3.9347,4.2100,0.0450,-0.2013,1.8921,2.0036,-0.2013,1.6886

69.9540,0.0839,1.4647,4.1199,4.7245,-0.0167,0.1074,2.1494,2.0876,0.1074,1.8047

70.9540,0.0839,2.3907,3.9347,4.7245,0.0450,-0.0160,3.1784,2.3929,-0.0160,2.0487

71.9550,-0.4305,1.2177,4.0582,4.2100,-0.1402,0.1074,2.1494,1.8441,0.1074,1.5960

72.9540,-1.7165,1.8968,3.9347,4.7245,-0.2020,-0.0778,2.6639,1.8836,-0.0778,1.6034

73.9550,0.3411,1.3412,4.1817,3.9528,-0.0167,0.1074,2.6639,2.0773,0.1074,1.7959

74.9540,0.5983,1.4647,4.1817,4.7245,0.1685,-0.0778,2.9211,2.3431,-0.0778,1.9973

75.9540,0.0839,1.5881,4.0582,4.9817,0.0450,0.0457,2.1494,2.1510,0.0457,1.8503

76.9540,0.0839,1.2794,4.1817,5.2389,-0.1402,0.0457,2.1494,2.1322,0.0457,1.8341

77.9550,0.0839,1.7116,4.2434,4.7245,0.0450,0.2309,2.4066,2.2025,0.2309,1.9208

78.9540,0.0839,1.6499,4.0582,4.7245,-0.0785,-0.0778,2.1494,2.0979,-0.0778,1.7871

79.9540,0.3411,1.4029,4.0582,4.4672,0.0450,0.1074,2.1494,2.0773,0.1074,1.7959

80.9550,0.5983,1.6499,4.3669,4.2100,0.1067,0.0457,2.6639,2.2659,0.0457,1.9488

81.9550,-0.1733,1.5264,3.8730,4.2100,-0.0167,0.0457,2.6639,2.0139,0.0457,1.7327

82.9540,0.0839,1.7733,3.9965,4.7245,-0.0167,0.0457,2.6639,2.2042,0.0457,1.8959

83.9550,0.0839,1.7733,4.1199,4.7245,0.0450,0.0457,2.4066,2.1922,0.0457,1.8856

84.9540,0.0839,1.3412,3.9965,4.7245,0.0450,-0.3247,2.9211,2.1854,-0.3247,1.8268

85.9540,0.0839,1.4647,3.9965,4.2100,0.1067,0.0457,3.1784,2.1734,0.0457,1.8694

86.9550,0.0839,1.6499,4.3669,4.7245,0.0450,0.0457,2.4066,2.2128,0.0457,1.9032

87.9540,0.5983,1.4647,4.1817,3.6956,0.0450,-0.2013,3.9501,2.3226,-0.2013,1.9620

88.9540,0.3411,1.5264,4.0582,4.7245,0.1067,0.4778,1.3776,2.0224,0.4778,1.8018

89.9540,0.3411,1.3412,4.1199,4.2100,0.0450,-0.2013,2.6639,2.1202,-0.2013,1.7885

90.9550,-0.1733,1.5881,4.1817,3.1811,-0.0167,0.1074,2.4066,1.8612,0.1074,1.6107

91.9540,-0.1733,1.4647,4.2434,4.4672,0.1067,0.0457,2.6639,2.1288,0.0457,1.8312

92.9540,0.5983,1.3412,3.9347,4.4672,0.1067,0.8483,0.6059,1.8423,0.8483,1.7003

93.9540,-0.1733,1.4029,4.1199,3.9528,-0.0785,-0.0160,2.4066,1.9384,-0.0160,1.6592

94.9540,0.3411,1.4029,4.1199,4.2100,0.0450,0.1074,2.4066,2.0876,0.1074,1.8047

95.9540,0.5983,1.7733,4.1199,4.4672,0.1067,-0.0160,2.9211,2.3311,-0.0160,1.9958

96.9550,0.0839,0.9090,4.3669,3.9528,0.1067,0.1074,2.9211,2.0567,0.1074,1.7783

97.9550,0.0839,1.4647,4.1817,4.2100,0.1685,-0.0160,2.4066,2.0859,-0.0160,1.7856

98.9540,-1.2021,1.7733,4.1199,4.2100,0.1067,-0.0778,1.6349,1.7738,-0.0778,1.5093

99.9540,0.0839,1.7116,4.1199,3.9528,0.0450,-0.0160,1.8921,1.9676,-0.0160,1.6842

100.9540,0.3411,1.5264,4.1199,3.4383,-0.0167,-0.0160,2.6639,2.0121,-0.0160,1.7224

101.9540,0.0839,1.3412,4.3052,4.4672,-0.0167,0.1692,2.4066,2.0979,0.1692,1.8224

102.9540,0.0839,1.6499,3.9347,4.7245,0.3537,0.4161,2.1494,2.1493,0.4161,1.9017

103.9550,0.0839,1.3412,4.1199,4.2100,-0.0785,0.0457,2.4066,2.0139,0.0457,1.7327

104.9550,0.5983,1.5881,4.4286,4.7245,0.1685,0.0457,2.9211,2.4049,0.0457,2.0678

105.9540,0.0839,1.7116,4.3052,5.2389,0.1067,0.2309,2.1494,2.2659,0.2309,1.9752

106.9540,-0.4305,1.5264,4.3052,3.6956,0.2302,-0.0160,2.4066,1.9556,-0.0160,1.6739

107.9550,0.0839,1.3412,4.0582,4.4672,0.0450,0.1692,2.4066,2.0670,0.1692,1.7959

108.9550,0.3411,1.4647,3.8730,3.6956,0.0450,0.1074,2.4066,1.9710,0.1074,1.7048

109.9550,0.5983,1.6499,4.0582,3.9528,0.0450,0.0457,2.6639,2.1613,0.0457,1.8591

110.9540,-0.1733,1.7116,4.1817,4.7245,-0.2020,0.9100,4.2074,2.4083,0.9100,2.1943

111.9540,-0.1733,1.7116,4.4286,4.2100,-0.0167,0.1074,2.6639,2.1373,0.1074,1.8474

112.9550,-0.1733,1.7733,4.3669,4.4672,0.1067,0.2309,2.6639,2.2008,0.2309,1.9194

113.9540,0.0839,1.7733,4.3052,4.4672,0.1067,0.0457,2.4066,2.1905,0.0457,1.8841

114.9540,0.0839,1.7116,4.3052,4.4672,-0.0167,0.2926,1.8921,2.0739,0.2926,1.8194

115.9550,0.8555,1.3412,4.1199,3.6956,0.1067,0.1074,2.6639,2.1305,0.1074,1.8415

116.9550,-0.1733,1.7116,4.4904,4.7245,0.1067,0.0457,2.9211,2.2968,0.0457,1.9752

117.9540,0.0839,1.6499,4.0582,4.9817,0.0450,0.2309,2.9211,2.2900,0.2309,1.9958

118.9540,-0.4305,1.7116,4.1817,4.4672,0.1067,-0.0160,3.1784,2.2025,-0.0160,1.8856

119.9540,0.5983,1.5881,4.2434,4.4672,0.0450,0.2309,2.6639,2.2677,0.2309,1.9767

120.9540,0.3411,1.6499,4.6139,4.4672,0.0450,0.1692,2.6639,2.2968,0.1692,1.9929

121.9550,0.3411,1.5264,4.4904,4.4672,0.1067,-0.0160,2.9211,2.3088,-0.0160,1.9767

122.9540,0.3411,1.7116,4.3052,4.4672,0.1685,-0.0160,2.9211,2.3191,-0.0160,1.9855

123.9550,-0.1733,1.6499,4.2434,4.4672,-0.0167,-0.0778,2.4066,2.0962,-0.0778,1.7856

124.9540,0.3411,1.4029,3.8730,5.2389,-0.1402,0.1692,2.6639,2.2299,0.1692,1.9355

125.9540,0.0839,1.6499,4.3052,4.7245,-0.0167,0.2926,2.6639,2.2351,0.2926,1.9576

126.9540,0.3411,1.9585,4.7373,4.7245,0.0450,-0.0160,3.4356,2.5403,-0.0160,2.1751

127.9540,0.3411,1.8968,4.2434,4.9817,0.1067,0.1074,2.6639,2.3723,0.1074,2.0487

128.9540,0.5983,1.4647,3.9347,6.2678,-0.2020,0.1074,1.6349,2.2831,0.1074,1.9723

129.9540,0.3411,1.7733,4.1817,4.4672,0.1685,-0.0160,2.9211,2.3088,-0.0160,1.9767

130.9540,-0.4305,1.6499,4.4904,4.4672,-0.2637,-0.3247,2.9211,2.1391,-0.3247,1.7871

131.9540,0.5983,1.6499,3.9965,4.4672,0.1067,0.0457,2.6639,2.2471,0.0457,1.9326

132.9550,0.0839,1.4647,4.1817,4.7245,0.0450,0.0457,2.1494,2.1082,0.0457,1.8135

133.9540,0.3411,1.5264,4.3052,3.9528,-0.0785,-0.0778,2.4066,2.0756,-0.0778,1.7680

134.9550,0.3411,1.6499,4.1199,4.2100,0.0450,-0.0160,1.8921,2.0430,-0.0160,1.7489

135.9540,1.6271,1.5881,4.3669,4.9817,0.0450,0.0457,1.8921,2.4168,0.0457,2.0781

136.9540,0.5983,1.4647,4.0582,5.7534,-0.0167,-0.0160,2.6639,2.4203,-0.0160,2.0722

137.9540,0.0839,1.8351,4.2434,4.4672,0.1067,0.1074,2.6639,2.2334,0.1074,1.9297

138.9550,0.3411,1.5881,4.3669,3.9528,0.1067,-0.1395,2.6639,2.1699,-0.1395,1.8400

139.9540,0.3411,1.8351,4.3052,4.9817,-0.0167,-0.0778,1.8921,2.2231,-0.0778,1.8944

140.9550,0.8555,1.5881,4.2434,4.2100,0.4772,-0.3247,3.4356,2.4683,-0.3247,2.0693

141.9540,0.0839,1.4647,4.3669,4.2100,0.0450,-0.0778,3.1784,2.2248,-0.0778,1.8959

142.9540,0.0839,1.6499,4.1199,3.6956,-0.0785,-0.1395,2.6639,2.0224,-0.1395,1.7136

143.9540,0.8555,1.4647,3.8730,4.2100,-0.0167,-0.0778,2.9211,2.2179,-0.0778,1.8900

144.9540,0.0839,1.7733,4.3052,4.7245,-0.0167,-0.0778,1.1204,1.9984,-0.0778,1.7018

145.9540,0.0839,1.7116,3.9347,4.4672,0.0450,-0.1395,2.6639,2.1511,-0.1395,1.8238

146.9550,0.0839,1.5881,4.3052,5.2389,0.0450,-0.0778,2.4066,2.2780,-0.0778,1.9414

147.9550,0.3411,1.5264,3.9965,4.2100,0.0450,-0.2013,2.1494,2.0447,-0.2013,1.7239

148.9540,0.3411,1.4647,4.0582,4.4672,0.0450,-0.0160,2.6639,2.1733,-0.0160,1.8606

149.9540,0.3411,1.4029,4.1199,4.2100,0.1067,-0.0778,2.9211,2.1836,-0.0778,1.8606

150.9550,-0.4305,1.8351,4.0582,4.2100,-0.0167,0.0457,2.6639,2.0533,0.0457,1.7665

151.9540,0.5983,1.5264,4.1199,4.2100,0.0450,-0.3247,2.1494,2.1082,-0.3247,1.7606

152.9540,0.0839,1.1560,4.0582,4.7245,0.0450,-0.2013,2.4066,2.0790,-0.2013,1.7533

153.9540,0.3411,1.5264,4.2434,4.4672,0.1067,-0.1395,2.9211,2.2677,-0.1395,1.9238

154.9550,0.0839,1.4647,4.3052,4.7245,0.0450,0.0457,2.9211,2.2574,0.0457,1.9414

155.9540,0.0839,1.6499,3.8730,3.6956,0.1067,-0.0778,2.4066,1.9693,-0.0778,1.6768

156.9550,0.0839,1.7116,4.0582,4.7245,0.0450,-0.0160,2.6639,2.2145,-0.0160,1.8959

157.9550,0.3411,1.8968,4.2434,4.7245,0.1067,0.1074,2.6639,2.3294,0.1074,2.0120

158.9540,0.3411,1.4647,4.1199,4.7245,-0.0167,-0.0778,2.9211,2.2591,-0.0778,1.9252

159.9540,0.3411,1.7733,4.4286,3.4383,0.1067,0.0457,2.6639,2.1253,0.0457,1.8282

160.9550,-0.4305,1.7733,4.4904,4.4672,-0.1402,-0.0778,2.6639,2.1373,-0.0778,1.8209

161.9540,0.3411,1.5881,4.4904,4.4672,0.0450,0.0457,2.6639,2.2660,0.0457,1.9488

162.9540,0.3411,1.7116,4.4904,4.4672,-0.0785,-0.0778,2.9211,2.3088,-0.0778,1.9679

163.9540,0.5983,1.6499,4.1817,3.6956,-0.0785,-0.0160,2.6639,2.1185,-0.0160,1.8135

164.9540,0.3411,1.5881,4.2434,3.9528,0.4772,-0.4482,3.1784,2.2968,-0.4482,1.9047

165.9540,-0.1733,1.5264,4.4286,4.4672,0.1067,-0.0778,2.4066,2.1271,-0.0778,1.8121

166.9550,-0.1733,1.7116,4.5521,4.9817,0.1685,-0.0778,2.6639,2.3174,-0.0778,1.9752

167.9540,0.5983,1.7116,4.0582,4.7245,0.1067,0.1074,2.6639,2.3105,0.1074,1.9958

168.9540,0.0839,1.7733,4.3052,4.7245,0.0450,-0.0160,2.6639,2.2660,-0.0160,1.9400

169.9540,-0.1733,1.6499,4.1199,4.7245,-0.1402,0.2309,2.4066,2.0979,0.2309,1.8312

170.9540,0.8555,1.8968,5.3548,3.4383,0.2302,-0.1395,3.1784,2.4923,-0.1395,2.1164

171.9540,-0.1733,1.6499,4.4286,4.9817,0.1067,-0.0160,2.9211,2.3191,-0.0160,1.9855

172.9540,0.3411,1.7116,4.0582,4.9817,0.0450,-0.0160,2.4066,2.2574,-0.0160,1.9326

173.9550,0.8555,1.5264,4.3052,4.7245,0.1067,-0.0778,2.6639,2.3637,-0.0778,2.0149

174.9540,0.5983,1.5881,4.4286,4.7245,0.0450,-0.0160,0.8631,2.0413,-0.0160,1.7474

175.9550,1.1127,1.4647,4.1817,4.2100,-0.0167,-0.0778,3.1784,2.3551,-0.0778,2.0076

176.9550,0.0839,1.8351,4.4286,4.9817,-0.1402,-0.0778,2.9211,2.3517,-0.0778,2.0046

177.9550,0.3411,1.6499,4.4286,4.7245,0.0450,-0.0778,2.9211,2.3517,-0.0778,2.0046

178.9540,0.5983,1.3412,4.6139,3.9528,0.2302,-0.2630,2.6639,2.2334,-0.2630,1.8767

179.9550,0.5983,1.8351,4.4286,4.9817,-0.1402,-0.0778,2.6639,2.3946,-0.0778,2.0414

180.9540,0.5983,1.6499,4.1199,4.7245,0.0450,0.0457,2.6639,2.3002,0.0457,1.9782

181.9540,0.3411,1.7733,4.3052,4.7245,0.0450,0.0457,2.1494,2.2231,0.0457,1.9120

182.9540,-0.6877,1.8351,4.6756,4.2100,0.0450,-0.1395,2.9211,2.1665,-0.1395,1.8371

183.9540,0.5983,1.7733,4.0582,5.7534,-0.1402,-0.0160,1.8921,2.3225,-0.0160,1.9884

184.9540,0.0839,1.7116,4.3669,4.9817,0.1685,-0.0160,3.1784,2.4152,-0.0160,2.0678

185.9540,1.1127,1.5264,4.3052,4.7245,0.1685,-0.0778,2.1494,2.3311,-0.0778,1.9870

186.9550,0.5983,1.5264,4.0582,3.9528,-0.0167,-0.0778,2.9211,2.1733,-0.0778,1.8518

187.9540,0.8555,1.6499,4.3052,4.4672,0.0450,-0.0778,2.9211,2.3740,-0.0778,2.0237

188.9540,0.5983,1.5881,4.5521,4.4672,0.1685,-0.1395,2.1494,2.2539,-0.1395,1.9120

189.9550,-1.2021,0.9708,4.2434,3.9528,0.0450,-0.1395,2.6639,1.7790,-0.1395,1.5049

190.9540,0.3411,1.8968,4.2434,4.4672,0.0450,0.1074,2.6639,2.2762,0.1074,1.9664

191.9540,0.3411,1.7116,4.4286,4.7245,0.0450,0.0457,1.8921,2.1905,0.0457,1.8841

192.9540,0.3411,1.2177,4.4904,3.6956,0.1685,-0.2013,1.6349,1.9247,-0.2013,1.6210

193.9540,0.3411,1.6499,3.9965,4.2100,0.0450,0.0457,2.6639,2.1510,0.0457,1.8503

194.9540,0.3411,1.9585,4.3052,4.7245,-0.0167,-0.0160,2.6639,2.3294,-0.0160,1.9943

195.9550,0.5983,1.8968,4.3669,5.2389,-0.0167,0.0457,2.9211,2.5009,0.0457,2.1501

196.9540,0.0839,1.3412,4.1817,4.9817,-0.1402,-0.0778,2.9211,2.2282,-0.0778,1.8988

197.9540,0.3411,1.7733,4.5521,3.9528,-0.0167,-0.0160,2.9211,2.2540,-0.0160,1.9297

198.9540,0.5983,1.4029,4.4904,4.7245,0.0450,0.1074,2.6639,2.3208,0.1074,2.0046

199.9550,0.8555,1.5881,4.1817,4.2100,0.1685,0.0457,2.9211,2.3208,0.0457,1.9958

200.9540,0.8555,1.8968,4.4904,3.9528,-0.0167,-0.1395,3.1784,2.3928,-0.1395,2.0311

201.9550,0.0839,1.7733,4.1199,4.2100,0.0450,0.0457,1.6349,1.9778,0.0457,1.7018

202.9540,-0.1733,1.5881,4.5521,4.9817,-0.0167,0.0457,2.6639,2.2660,0.0457,1.9488

203.9540,-0.6877,1.7116,4.0582,4.7245,-0.0785,-0.0160,3.1784,2.1511,-0.0160,1.8415

204.9540,0.3411,1.7116,4.3052,4.7245,0.0450,-0.0160,2.6639,2.2985,-0.0160,1.9679

205.9540,0.8555,1.7733,4.3669,4.2100,0.1685,-0.0778,2.9211,2.3826,-0.0778,2.0311

206.9540,0.5983,1.7733,4.4904,4.7245,0.0450,0.1074,2.4066,2.3397,0.1074,2.0208

207.9540,0.3411,1.7733,4.1817,4.4672,0.1067,0.0457,2.4066,2.2128,0.0457,1.9032

208.9540,0.0839,1.8968,4.3052,4.9817,-0.0167,0.0457,4.4647,2.6192,0.0457,2.2516

209.9540,0.3411,1.7116,3.9965,4.4672,-0.0167,0.2309,3.4356,2.3225,0.2309,2.0237

210.9540,0.3411,1.8351,4.4286,4.4672,0.0450,0.1692,2.4066,2.2539,0.1692,1.9561

211.9540,0.5983,1.8968,4.4904,4.7245,-0.0167,-0.0778,2.1494,2.3071,-0.0778,1.9664

212.9540,0.5983,1.4647,4.0582,4.4672,0.0450,0.2926,2.6639,2.2162,0.2926,1.9414

213.9540,1.1127,1.7116,4.4286,4.2100,0.0450,-0.0160,2.6639,2.3620,-0.0160,2.0223

214.9550,0.8555,1.7733,4.3669,4.4672,0.1067,0.0457,3.1784,2.4580,0.0457,2.1134

215.9540,0.5983,1.5264,4.3052,4.4672,-0.3872,0.7248,2.6639,2.1956,0.7248,1.9855

216.9540,0.3411,1.8968,4.4904,4.7245,0.0450,0.1692,2.1494,2.2745,0.1692,1.9738

217.9540,0.3411,2.0203,4.5521,4.9817,-0.0167,0.1692,2.6639,2.4237,0.1692,2.1016

218.9550,0.0839,2.0203,4.6756,4.4672,0.1067,0.2309,3.1784,2.4220,0.2309,2.1090

219.9540,0.5983,1.7116,4.5521,4.9817,0.1067,0.2309,2.6639,2.4357,0.2309,2.1207

220.9550,0.5983,1.8968,4.2434,4.4672,-0.0167,-0.0160,2.9211,2.3517,-0.0160,2.0134

221.9540,0.3411,1.8968,4.5521,4.7245,-0.2020,-0.0778,2.9211,2.3723,-0.0778,2.0223

222.9540,0.5983,1.7733,4.3052,4.2100,0.0450,-0.0778,2.6639,2.2659,-0.0778,1.9311

223.9550,0.8555,1.9585,4.4904,4.7245,0.0450,0.0457,1.8921,2.3277,0.0457,2.0017

224.9550,0.5983,2.0820,4.3669,6.7823,-0.1402,0.1692,1.8921,2.5969,0.1692,2.2501

225.9540,-0.4305,1.8968,4.3669,4.9817,0.0450,-0.1395,2.6639,2.2540,-0.1395,1.9120

226.9540,1.3699,1.7733,4.0582,4.2100,0.0450,0.1074,2.9211,2.3963,0.1074,2.0693

227.9540,0.5983,1.7116,4.6756,4.2100,0.0450,0.0457,2.9211,2.3603,0.0457,2.0296

228.9540,-1.2021,1.5881,4.8608,4.2100,0.1067,-0.0778,2.9211,2.0808,-0.0778,1.7724

229.9540,0.3411,1.7116,4.3052,-0.9345,0.2920,-0.0778,3.1784,1.4823,-0.0778,1.2594

230.9550,0.0839,1.7733,4.2434,4.4672,0.0450,0.1074,3.6929,2.3843,0.1074,2.0590

231.9540,0.5983,1.8968,4.5521,4.4672,0.1067,-0.0160,3.1784,2.4666,-0.0160,2.1119

232.9540,0.3411,1.5881,4.5521,5.2389,-0.0785,0.0457,2.4066,2.3414,0.0457,2.0134

233.9540,0.3411,1.9585,4.5521,3.9528,0.0450,0.3544,4.2074,2.5095,0.3544,2.2016

234.9540,0.0839,1.7733,4.2434,5.2389,0.0450,-0.0160,3.1784,2.4272,-0.0160,2.0781

235.9550,-0.1733,1.7733,4.3052,4.7245,0.1067,-0.3247,2.1494,2.1476,-0.3247,1.7944

236.9540,2.3987,1.8351,4.6756,4.4672,0.1067,-0.0778,3.1784,2.7770,-0.0778,2.3691

237.9550,0.5983,1.6499,4.3052,4.7245,0.0450,0.1074,2.9211,2.3740,0.1074,2.0502

238.9540,0.5983,1.6499,4.3052,4.7245,0.1067,-0.2013,1.1204,2.0841,-0.2013,1.7577

239.9540,0.8555,1.8968,4.4286,4.7245,-0.0167,0.1074,4.4647,2.7255,0.1074,2.3515

240.9550,0.5983,1.7116,4.3669,4.7245,0.0450,-0.1395,3.6929,2.5232,-0.1395,2.1428

241.9540,0.8555,1.5881,4.2434,4.4672,0.1685,-0.1395,2.6639,2.3311,-0.1395,1.9782

242.9540,0.5983,1.8968,4.7373,4.2100,0.0450,-0.1395,3.4356,2.4872,-0.1395,2.1119

243.9540,0.5983,1.7733,4.5521,4.7245,0.1067,-0.2013,2.9211,2.4460,-0.2013,2.0678

244.9550,-0.6877,1.8351,4.6139,4.9817,0.1067,-0.1395,3.1784,2.3380,-0.1395,1.9841

245.9550,0.8555,1.3412,4.2434,4.7245,0.0450,-0.2013,2.4066,2.2694,-0.2013,1.9164

246.9540,1.1127,1.9585,4.5521,5.2389,0.0450,-0.1395,3.4356,2.7238,-0.1395,2.3148

247.9550,0.3411,1.7733,4.6756,4.7245,0.0450,-0.0778,3.1784,2.4563,-0.0778,2.0943

248.9540,1.3699,1.5264,4.3052,4.4672,0.1067,-0.2013,2.9211,2.4494,-0.2013,2.0708

249.9540,0.3411,1.6499,4.3052,5.2389,-0.0167,-0.1395,2.4066,2.3208,-0.1395,1.9693

250.9540,0.8555,1.7733,4.6139,4.7245,0.0450,-0.2013,3.4356,2.5746,-0.2013,2.1781

251.9550,0.3411,1.8351,4.3669,6.7823,0.2302,0.0457,2.4066,2.6604,0.0457,2.2868

252.9540,1.6271,1.6499,4.6139,4.2100,0.0450,-0.1395,2.9211,2.5112,-0.1395,2.1325

253.9540,0.0839,1.8351,4.3052,5.4962,-0.0785,-0.0778,2.6639,2.3843,-0.0778,2.0326

254.9540,0.8555,1.9585,4.4904,4.4672,0.0450,-0.0160,3.1784,2.4992,-0.0160,2.1399

255.9540,0.5983,1.7733,4.4904,4.4672,0.1067,-0.0778,4.4647,2.6501,-0.0778,2.2604

256.9540,0.3411,1.4029,4.5521,4.9817,0.1067,-0.0778,3.1784,2.4272,-0.0778,2.0693

257.9540,0.3411,1.7116,4.0582,4.7245,0.1067,0.0457,1.6349,2.0962,0.0457,1.8032

258.9540,0.3411,1.7116,4.3052,4.9817,-0.1402,-0.0778,2.4066,2.2677,-0.0778,1.9326

259.9540,0.3411,2.0203,4.5521,5.2389,0.0450,-0.0160,2.9211,2.5198,-0.0160,2.1575

260.9540,0.3411,1.6499,3.9347,4.4672,0.0450,-0.0160,3.1784,2.2694,-0.0160,1.9429

261.9540,0.5983,1.7733,3.9965,4.2100,0.0450,0.0457,2.4066,2.1716,0.0457,1.8679

262.9540,0.8555,1.8351,4.3052,6.2678,-0.5724,-0.2013,2.1494,2.4734,-0.2013,2.0913

263.9540,-2.7453,1.0325,4.5521,4.4672,0.1067,0.1074,2.9211,1.7224,0.1074,1.4917

264.9540,0.5983,1.8351,4.6139,4.7245,0.1685,-0.0160,3.1784,2.5198,-0.0160,2.1575

265.9540,0.8555,1.8351,4.9226,4.9817,0.1067,-0.0160,3.4356,2.6895,-0.0160,2.3030

266.9550,0.3411,1.9585,4.6139,4.4672,0.2302,-0.0160,2.9211,2.4220,-0.0160,2.0737

267.9540,0.0839,1.6499,4.3669,4.9817,-0.1402,-0.3247,3.1784,2.3534,-0.3247,1.9708

268.9540,-0.6877,2.0820,4.3669,4.7245,-0.0167,0.0457,3.1784,2.2746,0.0457,1.9561

269.9540,0.8555,1.9585,4.6756,4.7245,0.1685,0.9100,3.4356,2.6364,0.9100,2.3897

270.9540,1.1127,2.0820,4.1817,4.4672,0.1067,-0.1395,2.6639,2.4357,-0.1395,2.0678

271.9540,0.5983,1.7733,4.4904,6.5251,-0.3255,0.2926,2.6639,2.6209,0.2926,2.2883

272.9550,0.3411,1.9585,4.6756,4.7245,0.0450,0.1074,2.9211,2.4443,0.1074,2.1105

273.9550,0.3411,1.9585,4.1817,3.6956,0.0450,-0.0160,2.6639,2.1476,-0.0160,1.8385

274.9540,0.5983,1.7116,4.3669,2.9239,0.2302,-0.0778,2.9211,2.1253,-0.0778,1.8106

275.9540,0.5983,1.7116,4.7373,4.7245,0.0450,-0.0778,3.4356,2.5421,-0.0778,2.1678

276.9550,0.3411,1.8968,4.9843,3.1811,0.1685,-0.1395,3.4356,2.3346,-0.1395,1.9811

277.9550,1.1127,1.8351,4.6139,6.2678,-0.0167,-0.0778,2.6639,2.7461,-0.0778,2.3427

278.9540,0.5983,1.7733,4.3052,4.4672,0.1067,-0.2013,3.4356,2.4477,-0.2013,2.0693

279.9540,0.3411,1.7116,4.1817,4.9817,0.0450,-0.2013,3.1784,2.4066,-0.2013,2.0340

280.9540,0.8555,2.0820,4.4286,5.2389,0.0450,-0.3865,2.9211,2.5952,-0.3865,2.1692

281.9540,0.0839,1.8968,4.9226,6.2678,-0.2637,-0.2013,2.9211,2.6381,-0.2013,2.2325

282.9540,1.1127,1.8351,4.4904,4.7245,0.0450,-0.3865,2.4066,2.4357,-0.3865,2.0325

283.9540,0.3411,1.8351,4.7373,4.7245,0.0450,-0.2630,3.6929,2.5626,-0.2630,2.1590

284.9550,0.3411,1.8968,4.6139,4.7245,0.2302,-0.1395,3.1784,2.4975,-0.1395,2.1208

285.9540,0.3411,1.8968,4.7373,4.2100,-0.0167,-0.0778,3.1784,2.3911,-0.0778,2.0384

286.9540,0.5983,1.7733,4.7991,4.9817,0.1067,-0.0778,3.1784,2.5729,-0.0778,2.1942

287.9540,0.8555,1.8968,4.4904,3.6956,-0.0785,-0.2013,3.6929,2.4254,-0.2013,2.0502

288.9540,1.1127,2.0820,4.6139,4.7245,0.1067,-0.0778,3.6929,2.7221,-0.0778,2.3221

289.9540,0.5983,1.9585,4.7373,5.2389,0.1067,-0.2013,2.9211,2.5935,-0.2013,2.1942

290.9540,0.0839,1.8968,4.6139,4.9817,0.1067,-0.0778,2.9211,2.4340,-0.0778,2.0752

291.9540,-0.1733,1.8351,4.6756,4.4672,0.1067,-0.0160,3.1784,2.3483,-0.0160,2.0105

292.9540,1.1127,2.0820,4.9226,4.9817,0.0450,-0.0778,3.4356,2.7633,-0.0778,2.3574

293.9550,0.3411,2.0203,4.6139,4.9817,0.0450,-0.0778,2.9211,2.4872,-0.0778,2.1208

294.9550,-0.1733,1.7733,4.6756,4.7245,0.0450,-0.0778,3.1784,2.3706,-0.0778,2.0208

295.9540,0.5983,1.9585,4.7373,4.7245,0.0450,-0.0778,3.1784,2.5403,-0.0778,2.1663

296.9540,0.5983,2.0203,4.6756,4.7245,-2.5482,0.5396,1.8921,1.8938,0.5396,1.7003

297.9550,0.3411,2.0820,4.5521,4.9817,0.0450,-0.0778,3.9501,2.6587,-0.0778,2.2678

298.9540,1.1127,1.8351,4.5521,4.7245,0.0450,-0.0160,3.4356,2.6175,-0.0160,2.2413

299.9540,-0.1733,1.2177,4.7373,4.7245,-0.0785,-0.0160,2.6639,2.1819,-0.0160,1.8679

300.9540,1.1127,1.7116,4.3052,4.9817,0.1067,-0.0160,3.4356,2.6089,-0.0160,2.2339

301.9550,0.5983,1.6499,4.1817,4.4672,0.0450,0.0457,2.6639,2.2677,0.0457,1.9502

302.9550,0.3411,1.8351,4.6139,4.7245,-0.3255,0.0457,2.9211,2.3517,0.0457,2.0223

303.9540,0.8555,2.0820,4.8608,4.9817,0.0450,-0.3865,5.4937,3.0531,-0.3865,2.5617

304.9540,0.3411,2.0203,4.6756,4.7245,-0.0167,-0.0160,2.9211,2.4443,-0.0160,2.0928

305.9540,0.8555,2.0203,4.4904,4.9817,-0.0167,0.1074,2.9211,2.5420,0.1074,2.1942

306.9540,1.1127,2.0820,4.7373,4.9817,0.1067,-0.0160,3.9501,2.8284,-0.0160,2.4221

307.9540,0.5983,2.2055,4.6756,5.4962,0.0450,-0.4482,3.4356,2.7427,-0.4482,2.2869

308.9550,0.3411,1.8968,4.4904,4.7245,0.0450,-0.0778,1.8921,2.2316,-0.0778,1.9017

309.9550,0.5983,1.7733,4.4904,4.9817,0.0450,-0.0778,2.9211,2.4683,-0.0778,2.1046

310.9540,0.5983,1.9585,4.3669,4.4672,0.0450,-0.0160,2.1494,2.2642,-0.0160,1.9385

311.9550,0.8555,2.0820,4.7373,6.0106,-0.0167,-0.2013,2.9211,2.7650,-0.2013,2.3412

312.9540,0.8555,1.7733,4.4286,6.2678,-0.2020,0.1692,2.9211,2.6741,0.1692,2.3162

313.9540,1.1127,2.0820,4.9226,4.7245,-0.0167,-0.0778,3.1784,2.6672,-0.0778,2.2751

314.9540,0.8555,1.8351,4.7373,5.2389,0.0450,-0.1395,3.1784,2.6484,-0.1395,2.2501

315.9550,0.3411,1.8351,4.5521,4.7245,0.1067,0.0457,3.4356,2.4992,0.0457,2.1487

316.9540,0.3411,1.9585,4.6756,4.7245,-0.2020,-0.0778,2.6639,2.3603,-0.0778,2.0120

317.9550,-0.1733,2.5142,4.6139,4.4672,-0.0167,-0.0160,2.9211,2.3877,-0.0160,2.0443

318.9540,0.3411,1.8968,4.6756,4.7245,0.0450,0.1692,2.9211,2.4340,0.1692,2.1105

319.9540,-0.1733,2.0203,4.7373,5.2389,-0.0785,0.1074,3.1784,2.4872,0.1074,2.1472

320.9540,1.6271,1.8351,4.7373,4.2100,-0.0167,0.1074,3.6929,2.6809,0.1074,2.3133

321.9540,0.8555,2.0820,4.9843,4.7245,0.0450,0.0457,3.6929,2.7307,0.0457,2.3471

322.9540,0.5983,2.0203,4.7373,4.7245,0.5389,-0.2013,3.9501,2.7616,-0.2013,2.3383

323.9540,0.5983,2.2672,4.7991,9.6118,0.4155,0.0457,3.1784,3.4784,0.0457,2.9880

324.9540,0.3411,2.2055,4.7373,5.4962,-0.0167,0.0457,2.4066,2.5283,0.0457,2.1737

325.9550,0.5983,2.0203,4.6756,4.4672,0.4155,0.0457,3.4356,2.6021,0.0457,2.2369

326.9550,0.5983,2.0203,4.9226,5.4962,0.0450,-0.2630,2.9211,2.6672,-0.2630,2.2486

327.9540,1.1127,1.9585,4.3669,4.4672,0.0450,0.0457,2.9211,2.4786,0.0457,2.1310

328.9540,0.8555,2.0203,4.8608,4.9817,0.0450,-0.0160,2.9211,2.6141,-0.0160,2.2383

329.9540,1.1127,1.8968,4.9226,4.9817,0.0450,0.1074,2.6639,2.6038,0.1074,2.2471

330.9540,1.3699,2.1438,4.5521,5.2389,0.1685,0.1074,3.4356,2.8181,0.1074,2.4309

331.9540,0.8555,2.2055,5.1078,4.7245,0.0450,0.1074,3.6929,2.7719,0.1074,2.3912

332.9550,1.1127,2.0203,4.6756,4.9817,0.1685,-0.0160,3.4356,2.7324,-0.0160,2.3398

333.9540,0.8555,1.8968,4.6139,4.9817,0.0450,0.1074,3.1784,2.5952,0.1074,2.2398

334.9540,-0.1733,2.1438,4.9226,5.2389,-0.0785,0.1074,3.4356,2.5815,0.1074,2.2281

335.9550,1.1127,2.1438,4.8608,4.7245,0.3537,-0.1395,3.6929,2.8147,-0.1395,2.3927

336.9550,1.3699,2.0203,4.8608,5.2389,0.1067,-0.0160,3.1784,2.7958,-0.0160,2.3941

337.9550,1.1127,2.2055,4.9226,4.7245,0.1685,0.0457,3.4356,2.7616,0.0457,2.3736

338.9550,0.8555,2.0203,4.6139,4.9817,-0.0167,-0.0160,2.4066,2.4769,-0.0160,2.1207

339.9540,-1.2021,2.2055,4.7991,4.9817,0.2302,0.0457,3.4356,2.4083,0.0457,2.0708

340.9550,0.5983,2.0203,5.9104,4.9817,-0.0167,0.1074,3.4356,2.8216,0.1074,2.4339

341.9540,0.8555,2.0820,4.6756,4.9817,0.0450,0.1692,2.9211,2.5935,0.1692,2.2472

342.9540,1.3699,2.1438,4.6756,1.6377,-0.0167,0.2926,3.4356,2.2076,0.2926,1.9341

343.9540,0.8555,2.0203,4.9226,4.7245,0.0450,0.1074,3.1784,2.6244,0.1074,2.2648

344.9540,0.8555,1.8351,4.7373,5.4962,0.0450,0.0457,5.7509,3.1200,0.0457,2.6808

345.9540,1.3699,1.9585,4.5521,4.7245,0.1067,-0.0160,3.1784,2.6484,-0.0160,2.2677

346.9550,0.8555,2.2055,4.9843,4.7245,0.1685,0.1692,3.4356,2.7290,0.1692,2.3633

347.9540,-0.1733,2.0203,4.7991,4.9817,0.1067,0.0457,3.1784,2.4855,0.0457,2.1369

348.9540,0.3411,2.1438,4.7991,5.2389,-0.1402,-0.0778,2.9211,2.5506,-0.0778,2.1751

349.9550,0.3411,2.2672,4.7991,4.7245,0.0450,0.1074,2.6639,2.4735,0.1074,2.1355

350.9540,0.0839,2.0203,4.7373,5.2389,-0.7577,-0.1395,4.2074,2.5884,-0.1395,2.1987

351.9550,0.3411,2.2672,4.8608,4.7245,0.0450,0.1692,2.6639,2.4837,0.1692,2.1531

352.9540,1.3699,2.0820,4.6139,4.9817,0.1067,-0.0778,3.1784,2.7221,-0.0778,2.3221

353.9550,0.5983,1.9585,4.6139,4.7245,0.0450,0.1692,2.9211,2.4769,0.1692,2.1472

354.9550,0.8555,2.1438,4.9843,5.2389,0.0450,-0.1395,2.9211,2.6981,-0.1395,2.2927

355.9550,0.3411,2.1438,4.6756,4.9817,-0.0785,0.1074,2.9211,2.4975,0.1074,2.1560

356.9540,0.0839,2.2672,4.7373,5.2389,0.1067,-0.0160,3.1784,2.6021,-0.0160,2.2281

357.9540,0.8555,2.3290,4.7991,5.2389,0.0450,-0.0778,2.9211,2.6981,-0.0778,2.3015

358.9540,2.6559,1.8968,4.6139,4.7245,0.0450,0.1074,3.1784,2.8524,0.1074,2.4603

359.9550,1.1127,1.7733,4.6756,4.9817,0.1067,0.0457,2.6639,2.5523,0.0457,2.1942

360.9550,0.8555,1.8351,4.7373,4.9817,-0.0167,-0.3247,2.9211,2.5523,-0.3247,2.1413

361.9540,-0.1733,1.8968,4.3669,4.7245,0.0450,-0.0778,2.9211,2.2968,-0.0778,1.9576

362.9540,0.8555,2.2672,4.6139,5.2389,0.1067,0.1074,3.1784,2.7101,0.1074,2.3383

363.9540,0.5983,2.0203,4.8608,5.4962,-0.0167,-0.0160,3.9501,2.8182,-0.0160,2.4133

364.9550,1.3699,2.0820,4.8608,4.9817,0.1685,-0.0160,3.6929,2.8593,-0.0160,2.4485

365.9540,0.3411,2.0820,4.7373,4.9817,-0.2020,-0.0778,3.4356,2.5626,-0.0778,2.1854

366.9540,0.0839,1.8968,4.6756,4.9817,-0.0785,-0.0778,3.1784,2.4563,-0.0778,2.0943

367.9550,0.3411,1.9585,4.7991,5.7534,-0.0785,-0.0778,3.1784,2.6587,-0.0778,2.2677

368.9540,0.3411,1.8968,4.8608,3.1811,0.4155,-0.2013,3.4356,2.3552,-0.2013,1.9900

369.9540,0.5983,2.2055,4.7373,5.2389,0.1067,-0.0160,3.1784,2.6775,-0.0160,2.2927

370.9540,0.5983,2.3290,4.6756,5.2389,0.0450,0.1074,3.1784,2.6775,0.1074,2.3104

371.9540,0.8555,2.3907,5.2313,4.9817,0.0450,-0.0160,3.6929,2.8662,-0.0160,2.4544

372.9540,0.3411,2.0203,4.7373,4.4672,-0.0785,-0.0160,3.1784,2.4443,-0.0160,2.0928

373.9540,0.5983,1.8351,4.5521,4.9817,-0.0167,0.1074,2.4066,2.3928,0.1074,2.0664

374.9550,0.8555,2.0820,4.6756,5.2389,0.1067,-0.0160,3.6929,2.7753,-0.0160,2.3765

375.9540,0.3411,2.0820,4.9226,5.4962,-0.2020,-0.0778,3.1784,2.6364,-0.0778,2.2486

376.9540,-0.6877,2.3290,4.6756,4.7245,0.1685,-0.0160,3.1784,2.3980,-0.0160,2.0532

377.9540,-0.1733,2.2055,5.0460,4.7245,-0.0785,-0.0160,3.4356,2.5266,-0.0160,2.1634

378.9550,0.0839,2.0820,4.6756,4.9817,-0.0785,-0.0778,3.1784,2.4872,-0.0778,2.1208

379.9540,0.5983,2.0820,4.9226,5.2389,0.0450,0.0457,3.1784,2.6775,0.0457,2.3016

380.9550,0.3411,2.1438,4.7373,5.7534,0.0450,-0.0160,3.1784,2.6998,-0.0160,2.3118

381.9540,0.5983,2.0820,4.6756,5.2389,0.0450,-0.0160,3.4356,2.6792,-0.0160,2.2942

382.9540,0.8555,2.2055,4.9226,6.0106,0.0450,-0.0160,3.1784,2.8696,-0.0160,2.4574

383.9540,0.3411,2.0203,4.3669,4.9817,-0.0167,-0.0160,3.1784,2.4786,-0.0160,2.1222

384.9540,0.5983,1.9585,4.5521,4.4672,0.1067,-0.1395,3.1784,2.4769,-0.1395,2.1031

385.9540,0.3411,2.3290,4.7991,5.2389,-0.0785,-0.1395,3.1784,2.6347,-0.1395,2.2383

386.9540,0.5983,2.3290,4.7991,5.7534,0.0450,-0.1395,2.9211,2.7410,-0.1395,2.3295

387.9540,0.5983,2.0820,4.7991,4.9817,0.0450,-0.8186,4.7219,2.8713,-0.8186,2.3442

388.9550,1.1127,2.2055,4.7373,5.2389,0.1685,-0.1395,3.6929,2.8593,-0.1395,2.4309

389.9550,0.5983,2.2055,5.1695,5.2389,0.0450,-0.1395,3.9501,2.8679,-0.1395,2.4383

390.9540,1.1127,1.9585,4.3669,6.0106,0.0450,-0.2013,3.6929,2.8644,-0.2013,2.4265

391.9540,0.3411,2.0203,4.6139,4.7245,-0.0167,0.4161,2.1494,2.3054,0.4161,2.0355

392.9540,0.8555,2.0203,4.7991,4.2100,-0.0785,-0.2013,3.6929,2.5832,-0.2013,2.1854

393.9540,0.8555,2.1438,4.8608,4.7245,0.1067,-0.2013,3.1784,2.6449,-0.2013,2.2383

394.9540,0.5983,2.2672,4.9226,5.2389,-0.0167,-0.0778,2.4066,2.5695,-0.0778,2.1913

395.9540,0.5983,2.2672,4.5521,4.7245,0.1067,-0.0160,2.9211,2.5283,-0.0160,2.1648

396.9540,1.6271,1.7733,4.6139,5.4962,0.1067,-0.1395,3.6929,2.8850,-0.1395,2.4529

397.9550,0.8555,2.2055,5.0460,6.0106,0.0450,-0.0778,3.9501,3.0188,-0.0778,2.5764

398.9540,0.8555,2.0820,4.6756,4.9817,0.0450,-0.0160,2.4066,2.5077,-0.0160,2.1472

399.9540,1.3699,2.3290,5.1695,7.8112,-0.0785,0.0457,3.4356,3.3395,0.0457,2.8689

400.9550,0.5983,2.1438,5.1078,5.2389,-0.0167,-0.0778,4.4647,2.9228,-0.0778,2.4941

401.9540,1.3699,2.1438,4.9226,5.2389,0.1067,-0.0160,3.1784,2.8267,-0.0160,2.4206

402.9540,0.0839,2.2055,4.6756,5.2389,0.1067,0.0457,3.1784,2.5815,0.0457,2.2192

403.9540,1.3699,2.1438,4.8608,4.9817,-0.0167,-0.0778,3.1784,2.7530,-0.0778,2.3486

404.9540,0.3411,2.1438,4.9843,5.4962,-0.0785,-0.1395,3.4356,2.7204,-0.1395,2.3118

405.9540,0.5983,2.2055,4.7373,5.7534,0.0450,0.0457,2.6639,2.6672,0.0457,2.2927

406.9540,0.5983,2.0820,5.1078,4.7245,-0.0167,0.0457,3.4356,2.6552,0.0457,2.2824

407.9550,1.6271,1.2177,5.3548,4.2100,0.2302,0.0457,3.1784,2.6364,0.0457,2.2663

408.9540,0.8555,2.1438,4.9843,5.7534,0.1685,0.2926,3.4356,2.8902,0.2926,2.5191

409.9550,0.8555,2.2055,4.9843,4.9817,0.1067,-0.2630,2.6639,2.6329,-0.2630,2.2192

410.9540,0.5983,2.5142,4.7991,5.7534,0.0450,0.0457,2.4066,2.6861,0.0457,2.3089

411.9540,0.5983,2.2672,5.0460,4.4672,-0.0785,0.1692,2.9211,2.5369,0.1692,2.1987

412.9540,1.1127,2.0203,4.8608,5.4962,0.1067,0.1074,3.1784,2.7958,0.1074,2.4118

413.9540,0.8555,2.2672,4.6139,4.9817,-0.0167,0.2926,3.4356,2.6895,0.2926,2.3471

414.9550,1.1127,2.2055,4.9843,5.2389,0.1067,-0.0778,2.9211,2.7615,-0.0778,2.3559

415.9540,1.6271,2.2055,4.9843,4.9817,0.0450,0.2309,2.1494,2.6655,0.2309,2.3177

416.9540,0.8555,2.5142,5.1078,4.9817,0.1067,0.0457,4.2074,2.9622,0.0457,2.5456

417.9540,0.8555,2.1438,4.9843,5.2389,0.1067,0.1074,3.6929,2.8370,0.1074,2.4471

418.9540,1.1127,2.2672,5.2313,4.9817,0.1067,-0.0778,2.9211,2.7701,-0.0778,2.3633

419.9550,0.8555,2.3907,4.9226,5.4962,-0.0785,0.1692,2.9211,2.7513,0.1692,2.3824

420.9550,0.5983,2.3907,4.9226,5.4962,0.0450,0.4778,3.1784,2.7718,0.4778,2.4441

421.9540,0.5983,2.3290,5.0460,5.4962,-0.2020,0.0457,3.6929,2.8267,0.0457,2.4294

422.9540,0.8555,2.2055,5.0460,4.9817,0.0450,-0.0778,3.6929,2.8044,-0.0778,2.3927

423.9550,1.1127,1.8968,4.5521,4.9817,-0.0167,0.0457,2.9211,2.5746,0.0457,2.2133

424.9550,0.8555,2.0820,4.9226,5.2389,0.0450,0.1074,-0.1659,2.1630,0.1074,1.8694

425.9550,1.1127,2.3290,5.0460,5.7534,0.0450,0.1692,1.6349,2.6535,0.1692,2.2986

426.9540,1.1127,2.1438,4.9843,5.4962,0.2302,0.0457,3.4356,2.9005,0.0457,2.4926

427.9540,0.5983,2.0820,4.9226,6.2678,-0.0785,0.0457,3.4356,2.8713,0.0457,2.4676

428.9550,1.1127,2.2055,4.9843,5.2389,0.0450,-0.0160,3.1784,2.7941,-0.0160,2.3927

429.9550,0.8555,2.4524,4.7991,5.4962,0.6007,-0.2630,3.6929,2.9828,-0.2630,2.5191

430.9540,1.6271,2.0820,4.9226,5.2389,0.1067,-0.2630,2.6639,2.7735,-0.2630,2.3397

431.9540,1.1127,2.1438,4.9226,5.2389,-0.0167,-0.2013,6.7799,3.3635,-0.2013,2.8543

432.9540,0.5983,2.3290,4.9226,4.9817,-0.1402,-0.0778,3.4356,2.6878,-0.0778,2.2927

433.9550,0.8555,2.4524,5.1078,5.7534,0.0450,-0.0778,3.1784,2.8987,-0.0778,2.4735

434.9540,0.8555,2.1438,4.7373,5.7534,0.0450,-0.0778,2.4066,2.6569,-0.0778,2.2663

435.9540,0.8555,2.3290,4.9843,5.7534,-0.0167,0.0457,2.9211,2.8044,0.0457,2.4103

436.9540,0.8555,2.2672,4.9843,5.4962,0.0450,0.1074,3.4356,2.8473,0.1074,2.4559

437.9540,1.3699,1.3412,4.4904,4.9817,0.2302,-0.1395,3.4356,2.6415,-0.1395,2.2442

438.9540,0.3411,2.0203,4.4286,4.7245,-0.0785,-0.0778,3.1784,2.4357,-0.0778,2.0767

439.9540,0.5983,2.2055,4.9843,4.9817,-0.0167,-0.0160,3.4356,2.6981,-0.0160,2.3104

440.9540,0.8555,2.2672,4.9843,5.7534,0.1067,-0.0160,3.4356,2.9005,-0.0160,2.4838

441.9540,1.3699,2.2672,5.0460,4.9817,0.1067,-0.0778,3.9501,2.9536,-0.0778,2.5206

442.9550,1.3699,2.0820,4.9843,5.4962,0.1067,-0.0778,3.6929,2.9553,-0.0778,2.5220

443.9540,0.8555,1.5881,5.4782,4.9817,0.2302,-0.2013,3.6929,2.8044,-0.2013,2.3751

444.9550,1.3699,2.4524,5.0460,5.4962,0.1067,-0.0160,3.6929,3.0274,-0.0160,2.5926

445.9540,0.3411,2.3290,4.7991,5.2389,0.0450,-0.0160,3.4356,2.6981,-0.0160,2.3104

446.9550,1.1127,2.3290,5.0460,4.7245,0.1067,-0.0160,3.9501,2.8782,-0.0160,2.4647

447.9550,0.8555,2.3907,5.0460,5.2389,0.1067,-0.0778,3.6929,2.8885,-0.0778,2.4647

448.9550,0.8555,2.2055,4.9226,5.7534,0.0450,-0.0160,3.1784,2.8267,-0.0160,2.4206

449.9540,1.6271,2.2055,4.9843,4.2100,-0.0785,-0.0160,3.4356,2.7307,-0.0160,2.3383

450.9540,0.8555,2.2672,4.7991,4.9817,0.0450,-0.0778,3.6929,2.7736,-0.0778,2.3662

451.9540,1.1127,2.3290,5.0460,4.4672,-0.0167,-0.0160,3.6929,2.7718,-0.0160,2.3736

452.9540,0.8555,2.2672,4.6139,4.9817,0.0450,0.0457,2.1494,2.4854,0.0457,2.1369

453.9550,0.8555,2.2672,4.9226,4.9817,0.0450,0.1074,3.6929,2.7941,0.1074,2.4103

454.9540,0.8555,2.2055,5.2313,5.4962,0.0450,-0.0778,3.6929,2.9210,-0.0778,2.4926

455.9540,1.1127,2.2672,5.0460,4.9817,-0.0167,0.0457,3.6929,2.8473,0.0457,2.4471

456.9540,0.5983,2.1438,4.7991,5.4962,-0.2020,-0.0160,3.4356,2.7118,-0.0160,2.3221

457.9540,1.1127,2.3290,5.0460,4.4672,-0.0167,0.1692,3.1784,2.6861,0.1692,2.3265

458.9540,0.5983,2.3907,4.8608,5.7534,0.0450,0.1074,2.6639,2.7187,0.1074,2.3456

459.9540,2.1415,2.1438,5.1695,5.2389,0.0450,0.1692,3.1784,2.9862,0.1692,2.5837

460.9540,1.1127,2.3290,4.9226,5.4962,-0.0167,0.1074,3.4356,2.8799,0.1074,2.4838

461.9540,0.8555,2.5759,5.1078,5.4962,0.0450,0.1692,3.1784,2.8765,0.1692,2.4897

462.9540,0.5983,2.4524,5.0460,6.2678,0.0450,-0.0160,4.7219,3.1886,-0.0160,2.7308

463.9540,1.1127,2.3290,4.8608,5.2389,0.0450,0.9717,2.1494,2.6226,0.9717,2.3868

464.9540,1.6271,2.3907,5.1078,5.4962,-0.0167,-0.2013,2.9211,2.9210,-0.2013,2.4750

465.9540,1.3699,2.3290,5.1695,5.4962,0.1067,-0.2013,2.9211,2.8987,-0.2013,2.4559

466.9540,1.3699,2.4524,5.2313,5.4962,0.1685,-0.0778,3.4356,3.0256,-0.0778,2.5823

467.9550,0.3411,2.5142,4.9843,6.0106,-0.0167,-0.0778,3.4356,2.8782,-0.0778,2.4559

468.9540,2.3987,2.2055,4.9226,4.9817,0.0450,-0.0778,3.6929,3.0411,-0.0778,2.5955

469.9540,0.3411,2.2672,4.7373,4.9817,0.0450,-0.0778,2.4066,2.4632,-0.0778,2.1002

470.9540,0.5983,2.3907,5.4165,4.4672,-0.2637,0.0457,3.4356,2.6741,0.0457,2.2986

471.9560,0.3411,2.1438,5.1078,4.9817,0.0450,-0.1395,3.4356,2.6758,-0.1395,2.2736

472.9540,1.1127,2.4524,5.1078,5.4962,0.0450,-0.1395,3.1784,2.8987,-0.1395,2.4647

473.9540,1.1127,2.0820,4.5521,5.7534,0.1067,-0.0160,3.4356,2.8404,-0.0160,2.4324

474.9540,0.8555,2.2055,4.8608,5.4962,-0.0167,-0.0778,3.1784,2.7633,-0.0778,2.3574

475.9550,-3.5169,2.5142,4.7373,5.7534,-0.0785,-0.0160,3.4356,2.1409,-0.0160,1.8327

476.9550,1.1127,2.2672,5.0460,5.7534,0.1067,0.6630,1.8921,2.6964,0.6630,2.4059

477.9540,-0.6877,2.4524,4.9226,5.2389,-0.1402,-0.1395,3.1784,2.4941,-0.1395,2.1178

478.9550,0.5983,2.2055,4.9226,5.4962,-0.0167,-0.0778,3.4356,2.7736,-0.0778,2.3662

479.9540,0.5983,2.2055,4.9843,4.7245,-0.2020,-0.0778,3.4356,2.6244,-0.0778,2.2383

480.9540,0.5983,2.3290,4.6756,4.7245,-0.0785,-0.0778,3.4356,2.6141,-0.0778,2.2295

481.9540,0.8555,2.0203,4.8608,5.2389,-0.0167,-0.0160,3.4356,2.7324,-0.0160,2.3398

482.9540,1.6271,2.2672,4.9843,8.8401,-0.2020,-0.0778,3.1784,3.4492,-0.0778,2.9453

483.9540,0.3411,2.0820,5.0460,5.4962,-0.0785,-0.0778,3.1784,2.6775,-0.0778,2.2839

484.9540,1.3699,2.0203,4.8608,5.2389,0.0450,-0.2013,1.1204,2.4425,-0.2013,2.0649

485.9540,1.1127,2.4524,5.2313,5.4962,0.1685,-0.0160,3.4356,2.9828,-0.0160,2.5544

486.9540,0.5983,2.2672,4.8608,5.4962,-0.0167,0.0457,3.6929,2.8164,0.0457,2.4206

487.9540,1.1127,2.2672,4.7373,5.7534,0.1685,-0.4482,3.9501,2.9982,-0.4482,2.5059

488.9540,0.8555,2.1438,5.1078,5.4962,-0.0167,-0.0160,3.4356,2.8370,-0.0160,2.4294

489.9540,1.1127,2.0820,4.9843,5.4962,-0.0167,-0.0778,2.9211,2.7633,-0.0778,2.3574

490.9540,1.1127,2.1438,4.9226,5.2389,0.0450,0.2309,2.9211,2.7307,0.2309,2.3736

491.9540,1.3699,2.2055,5.0460,5.4962,0.0450,0.1692,3.6929,2.9759,0.1692,2.5749

492.9540,0.5983,2.2672,4.7373,5.4962,0.0450,0.2309,3.1784,2.7204,0.2309,2.3648

493.9550,1.1127,2.3907,4.9226,3.6956,0.2302,0.1692,3.4356,2.6312,0.1692,2.2795

494.9540,0.3411,2.6376,5.1078,5.4962,0.0450,0.1692,3.4356,2.8439,0.1692,2.4618

495.9540,0.5983,2.4524,4.9226,5.7534,1.1564,0.6630,2.4066,2.8816,0.6630,2.5647

496.9540,1.1127,2.3290,4.9843,5.7534,0.1067,-0.0160,2.9211,2.8679,-0.0160,2.4559

497.9550,0.5983,2.4524,4.6756,5.2389,-0.0167,0.0457,3.1784,2.6878,0.0457,2.3104

498.9540,1.1127,2.2672,5.1078,5.2389,0.1685,0.0457,3.6929,2.9313,0.0457,2.5191

499.9540,0.8555,2.2672,5.0460,5.4962,0.1685,0.0457,3.6929,2.9210,0.0457,2.5103

500.9540,0.5983,2.2672,4.8608,3.6956,0.3537,-0.2013,3.6929,2.5781,-0.2013,2.1810

501.9540,1.6271,2.2055,4.9843,5.7534,-0.0167,-0.0160,3.1784,2.9553,-0.0160,2.5308

502.9540,1.3699,2.2672,4.9843,5.2389,0.0450,-0.1395,3.4356,2.8902,-0.1395,2.4573

503.9540,1.8843,2.2672,5.0460,5.2389,0.1685,-0.0778,3.6929,3.0496,-0.0778,2.6029

504.9540,1.6271,2.2672,4.9843,4.9817,0.0450,-0.0778,3.4356,2.8902,-0.0778,2.4662

505.9550,1.1127,2.2055,4.9226,5.4962,0.0450,-0.3247,2.9211,2.7838,-0.3247,2.3398

506.9540,0.5983,2.0820,4.7991,5.2389,0.1067,-0.2013,3.6929,2.7530,-0.2013,2.3310

507.9540,1.6271,2.1438,5.0460,5.2389,0.1067,-0.1395,2.9211,2.8473,-0.1395,2.4206

508.9550,1.3699,2.1438,5.0460,5.4962,-1.3133,0.0457,2.4066,2.5249,0.0457,2.1707

509.9540,0.8555,2.3907,4.6139,4.9817,-0.0167,-0.2013,3.6929,2.7530,-0.2013,2.3309

510.9550,1.1127,2.1438,5.0460,5.7534,0.2302,-0.1395,3.4356,2.9536,-0.1395,2.5117

511.9550,0.3411,2.3907,5.0460,5.7534,0.0450,-0.0778,3.6929,2.8782,-0.0778,2.4559

512.9540,0.8555,2.2672,4.9843,5.2389,0.0450,0.0457,3.9501,2.8902,0.0457,2.4838

513.9540,1.1127,2.2055,5.1078,5.2389,-0.0167,-0.2013,3.6929,2.8902,-0.2013,2.4485

514.9540,1.1127,2.5759,5.0460,5.7534,0.0450,0.0457,2.9211,2.9090,0.0457,2.5000

515.9540,2.3987,1.9585,5.2930,4.4672,0.2302,-0.1395,3.9501,3.0496,-0.1395,2.5940

516.9540,0.8555,2.1438,5.1078,4.4672,-0.0785,-0.0160,3.4356,2.6552,-0.0160,2.2736

517.9540,1.6271,2.2055,4.9843,5.4962,0.0450,-0.0778,3.6929,3.0085,-0.0778,2.5676

518.9540,0.3411,2.2672,4.9843,5.4962,0.1067,-0.0778,3.4356,2.7719,-0.0778,2.3648

519.9540,1.1127,2.2055,5.2930,4.9817,0.1067,-0.0160,3.6929,2.8987,-0.0160,2.4824

520.9540,1.1127,2.2055,5.1695,4.7245,-0.0167,-0.0778,3.6929,2.8147,-0.0778,2.4015

521.9540,1.3699,2.2672,4.9226,4.7245,0.1067,0.0457,3.4356,2.8044,0.0457,2.4103

522.9540,0.0839,2.3907,5.0460,5.4962,-0.0785,-0.0160,3.4356,2.7290,-0.0160,2.3368

523.9550,0.8555,2.5759,5.4165,5.2389,0.1685,0.1074,3.9501,3.0342,0.1074,2.6161

524.9540,-1.7165,2.4524,4.8608,5.7534,-0.2020,-0.1395,3.4356,2.4306,-0.1395,2.0635

525.9540,1.3699,2.2672,4.7991,9.6118,0.1067,-0.1395,3.4356,3.5984,-0.1395,3.0644

526.9550,1.6271,2.3907,5.1695,4.9817,-0.0167,0.1692,3.6929,2.9742,0.1692,2.5735

527.9540,1.3699,2.0203,4.7991,4.9817,0.0450,-0.2013,3.1784,2.7324,-0.2013,2.3133

528.9550,1.8843,2.4524,5.3548,5.2389,-0.0167,0.1074,3.4356,3.0582,0.1074,2.6367

529.9540,1.3699,1.9585,5.1078,5.4962,0.1067,0.1074,3.4356,2.9125,0.1074,2.5117

530.9540,1.1127,2.3907,5.1695,5.7534,-0.0167,0.2309,3.6929,3.0171,0.2309,2.6190

531.9540,1.3699,2.5142,4.9226,5.4962,-0.0167,0.0457,3.1784,2.9107,0.0457,2.5014

532.9550,1.1127,2.3907,5.0460,4.9817,-0.0167,-0.0160,3.6929,2.8679,-0.0160,2.4559

533.9540,0.8555,2.4524,5.2930,4.9817,0.1067,0.1074,3.9501,2.9399,0.1074,2.5353

534.9540,0.3411,2.6994,5.4165,5.4962,-0.1402,-0.0160,3.6929,2.9176,-0.0160,2.4985

535.9550,1.1127,2.3290,5.1695,6.0106,0.0450,0.0457,3.4356,3.0171,0.0457,2.5926

536.9550,0.8555,2.3907,5.2313,6.0106,0.0450,-0.0160,3.9501,3.0805,-0.0160,2.6382

537.9540,1.3699,2.3290,5.2930,5.2389,0.1067,0.0457,3.6929,3.0051,0.0457,2.5823

538.9540,1.1127,2.4524,4.9843,4.9817,0.0450,0.0457,3.6929,2.8782,0.0457,2.4735

539.9540,1.1127,2.2672,4.9226,6.0106,-0.0785,-0.0160,3.6929,2.9879,-0.0160,2.5588

540.9540,0.8555,2.2672,5.1695,5.4962,0.1067,0.2926,2.1494,2.6741,0.2926,2.3339

541.9550,1.6271,2.0203,5.0460,5.7534,0.0450,-0.2013,3.4356,2.9879,-0.2013,2.5323

542.9540,0.8555,2.2672,5.0460,5.4962,-0.1402,-0.2630,3.6929,2.8696,-0.2630,2.4221

543.9540,0.8555,2.3290,4.9843,5.4962,0.0450,-0.0160,3.6929,2.9005,-0.0160,2.4838

544.9540,1.3699,2.4524,5.0460,5.7534,-0.0167,-0.2013,2.9211,2.9210,-0.2013,2.4750

545.9550,1.6271,1.7733,5.2930,5.2389,0.0450,-0.1395,4.2074,3.0308,-0.1395,2.5779

546.9540,0.5983,2.2672,5.1078,4.9817,-0.0167,-0.2013,3.1784,2.6861,-0.2013,2.2736

547.9550,1.3699,2.2672,4.6756,5.4962,0.0450,-0.1395,3.6929,2.9245,-0.1395,2.4867

548.9540,1.3699,2.0203,4.9226,5.4962,0.0450,-0.0160,3.6929,2.9245,-0.0160,2.5044

549.9540,1.1127,2.3907,4.9843,5.2389,0.2920,-0.2013,3.9501,2.9948,-0.2013,2.5382

550.9540,1.1127,2.3907,4.6756,4.9817,-0.2020,0.2926,3.6929,2.7753,0.2926,2.4206

551.9540,0.8555,2.5142,4.9843,5.2389,-0.0167,-0.0160,2.9211,2.7495,-0.0160,2.3545

552.9540,0.3411,2.4524,5.0460,5.4962,0.1685,-0.0160,3.4356,2.8233,-0.0160,2.4177

553.9540,1.3699,2.3290,5.1695,5.2389,0.1067,-0.2013,3.4356,2.9416,-0.2013,2.4926

554.9540,0.5983,2.3907,5.2313,5.7534,-0.0167,-0.0778,3.6929,2.9416,-0.0778,2.5103

555.9550,0.8555,2.4524,5.1078,5.4962,0.0450,0.1074,3.4356,2.8987,0.1074,2.5000

556.9540,1.3699,2.4524,4.6139,5.2389,0.1067,-0.0160,2.4066,2.6981,-0.0160,2.3103

557.9540,1.3699,2.2672,4.7373,5.4962,0.0450,-0.0160,3.1784,2.8490,-0.0160,2.4397

558.9540,0.8555,2.5759,4.9226,5.7534,0.0450,0.1074,3.4356,2.9313,0.1074,2.5279

559.9550,1.3699,2.5142,5.2930,5.4962,0.1685,-0.2013,3.4356,3.0462,-0.2013,2.5823

560.9540,1.1127,2.5759,5.2930,5.4962,-0.0167,-0.0160,3.4356,2.9828,-0.0160,2.5544

561.9540,0.8555,2.8228,5.0460,5.2389,0.0450,-0.0160,3.4356,2.9073,-0.0160,2.4897

562.9540,1.1127,2.5759,5.0460,5.2389,-0.1402,-0.1395,3.6929,2.9210,-0.1395,2.4838

563.9550,1.3699,2.5142,5.0460,5.7534,0.1685,0.1074,3.4356,3.0479,0.1074,2.6279

564.9550,1.1127,2.1438,4.9226,5.4962,0.0450,-0.1395,3.4356,2.8593,-0.1395,2.4309

565.9540,1.6271,2.2672,5.1695,5.2389,0.1067,-0.0778,4.2074,3.1028,-0.0778,2.6484

566.9550,1.3699,2.3907,5.1695,5.4962,0.1067,0.1074,4.2074,3.1234,0.1074,2.6925

567.9540,1.1127,2.7611,5.2930,7.2968,-0.4489,0.3544,2.9211,3.1560,0.3544,2.7557

568.9540,1.1127,2.3907,5.0460,6.0106,-0.0167,0.9717,2.6639,2.8679,0.9717,2.5970

569.9540,0.8555,2.5142,5.2313,4.4672,-0.0785,0.0457,3.1784,2.6947,0.0457,2.3162

570.9550,0.8555,2.5759,5.2313,5.2389,0.0450,-0.0160,4.2074,3.0257,-0.0160,2.5911

571.9540,1.3699,2.4524,5.0460,5.2389,0.3537,-0.0160,3.1784,2.9399,-0.0160,2.5176

572.9540,1.6271,2.5759,5.1078,5.4962,0.1685,0.1074,4.2074,3.1971,0.1074,2.7557

573.9550,1.3699,2.3290,6.0339,6.2678,-0.0167,-0.1395,3.1784,3.1937,-0.1395,2.7175

574.9540,1.6271,2.3290,4.8608,5.4962,-0.0167,0.1074,3.6929,2.9982,0.1074,2.5852

575.9550,0.3411,2.4524,5.1695,5.4962,0.0450,-0.0160,3.4356,2.8233,-0.0160,2.4177

576.9550,1.1127,2.3907,4.8608,4.9817,0.0450,-0.0778,3.1784,2.7615,-0.0778,2.3559

577.9540,0.3411,2.6376,5.1078,5.4962,0.1067,-0.0778,4.2074,2.9828,-0.0778,2.5456

578.9540,1.1127,2.4524,5.2313,5.4962,0.0450,0.2309,3.4356,2.9622,0.2309,2.5720

579.9540,1.1127,2.2672,5.1695,5.2389,0.1067,-0.0160,3.4356,2.8885,-0.0160,2.4735

580.9550,0.8555,2.4524,4.9226,5.4962,0.0450,0.0457,2.1494,2.6535,0.0457,2.2810

581.9550,1.3699,2.6376,3.9347,7.2968,-0.2020,0.1074,3.4356,3.0788,0.1074,2.6543

582.9540,0.8555,2.5759,5.3548,5.7534,0.1067,0.0457,3.6929,3.0565,0.0457,2.6264

583.9540,1.3699,2.0820,5.0460,5.2389,0.0450,-0.0778,3.4356,2.8696,-0.0778,2.4485

584.9540,1.6271,2.5759,5.1695,5.4962,0.0450,0.1074,3.1784,3.0153,0.1074,2.5999

585.9550,1.1127,2.3907,5.2313,5.2389,-0.0785,-0.0778,2.4066,2.7170,-0.0778,2.3177

586.9550,4.4562,2.6994,5.2313,5.7534,-0.2637,-0.0778,3.4356,3.5520,-0.0778,3.0335

587.9540,1.1127,2.4524,5.2930,4.7245,-0.0167,-0.0778,3.4356,2.8336,-0.0778,2.4177

588.9550,1.3699,2.4524,4.9843,4.9817,0.1067,-0.2013,3.4356,2.8884,-0.2013,2.4471

589.9540,1.1127,2.2672,5.2313,6.0106,-0.0167,-0.6951,2.9211,2.9210,-0.6951,2.4044

590.9550,1.3699,2.4524,5.2930,5.4962,0.1685,-0.2630,4.9792,3.2932,-0.2630,2.7852

591.9540,1.3699,2.3907,5.2313,3.9528,0.2302,-0.0778,3.6929,2.8113,-0.0778,2.3986

592.9540,1.8843,2.3907,5.2313,5.4962,0.1067,0.0457,4.2074,3.2194,0.0457,2.7660

593.9540,0.8555,2.5142,5.1695,4.7245,0.1067,-0.0160,4.2074,2.9296,-0.0160,2.5088

594.9550,1.3699,2.3907,4.9226,5.2389,0.0450,-0.3865,3.4356,2.9004,-0.3865,2.4309

595.9540,1.1127,2.3907,4.9843,5.2389,0.0450,-0.0778,2.9211,2.7821,-0.0778,2.3736

596.9540,1.1127,2.8228,4.6756,6.2678,-0.0785,-0.0778,4.4647,3.2109,-0.0778,2.7410

597.9540,1.3699,2.2672,4.9226,5.7534,0.1067,-0.3865,3.4356,2.9759,-0.3865,2.4956

598.9540,1.6271,2.5759,5.2313,5.4962,0.1067,-0.0778,4.2074,3.2074,-0.0778,2.7381

599.9540,1.3699,2.6994,4.8608,5.2389,-0.0167,-0.0160,3.4356,2.9313,-0.0160,2.5103

600.9540,0.3411,2.2672,5.1078,5.4962,-0.0167,-0.0778,3.4356,2.7719,-0.0778,2.3648

601.9550,2.1415,2.2672,5.3548,5.2389,0.2302,-0.2013,3.9501,3.1971,-0.2013,2.7116

602.9550,1.1127,2.5142,5.1695,5.4962,0.1685,-0.2013,3.9501,3.0685,-0.2013,2.6014

603.9540,1.3699,2.5142,5.4165,4.2100,0.2302,-0.1395,3.9501,2.9485,-0.1395,2.5073

604.9540,1.3699,2.4524,5.1078,5.2389,0.1685,-0.0778,3.4356,2.9622,-0.0778,2.5279

605.9550,1.1127,2.4524,5.1078,5.7534,0.0450,-0.1395,3.9501,3.0702,-0.1395,2.6117

606.9550,1.1127,2.2055,5.1695,6.0106,0.0450,-0.0778,3.6929,3.0394,-0.0778,2.5941

607.9540,1.3699,2.5142,5.1695,5.7534,0.0450,0.0457,3.9501,3.1337,0.0457,2.6925

608.9550,1.6271,2.4524,5.3548,6.0106,0.0450,-0.0778,3.1784,3.1114,-0.0778,2.6558

609.9540,1.3699,2.5142,5.0460,5.7534,-0.0167,-0.3247,2.4066,2.8456,-0.3247,2.3927

610.9540,0.8555,2.4524,5.2313,5.7534,-0.1402,-0.2013,3.9501,3.0171,-0.2013,2.5573

611.9550,0.5983,2.2055,4.9843,5.7534,-0.2020,-0.2013,3.6929,2.8387,-0.2013,2.4044

612.9540,1.3699,2.3907,5.2313,5.4962,0.0450,-0.3247,3.4356,2.9948,-0.3247,2.5206

613.9540,1.1127,2.5142,4.8608,5.4962,0.1067,-0.0160,2.9211,2.8353,-0.0160,2.4279

614.9540,1.3699,2.5142,5.2313,5.7534,0.0450,-0.0160,3.4356,3.0582,-0.0160,2.6190

615.9540,1.3699,2.3907,5.1695,5.4962,0.0450,-0.0778,4.2074,3.1131,-0.0778,2.6573

616.9540,0.3411,2.6994,5.4165,6.2678,0.0450,0.0457,3.4356,3.0342,0.0457,2.6073

617.9540,1.3699,2.6376,5.1078,6.0106,0.0450,0.0457,3.4356,3.1011,0.0457,2.6646

618.9550,0.8555,2.8228,5.1078,5.4962,0.0450,-0.0160,3.6929,3.0034,-0.0160,2.5720

619.9540,0.5983,2.6376,5.3548,4.9817,0.5389,-0.2630,4.2074,3.0531,-0.2630,2.5794

620.9540,0.8555,2.5142,5.1695,5.4962,0.0450,-0.0160,3.4356,2.9193,-0.0160,2.5000

621.9540,1.1127,2.4524,5.1695,5.2389,0.7859,-0.3247,4.4647,3.2040,-0.3247,2.6999

622.9540,0.8555,2.4524,5.1695,5.4962,-0.1402,-0.0778,3.4356,2.8782,-0.0778,2.4559

623.9550,0.8555,2.6994,5.6017,5.4962,0.0450,-0.0778,3.9501,3.1080,-0.0778,2.6529

624.9540,1.1127,2.4524,5.4165,5.4962,-0.0167,0.0457,3.6929,3.0256,0.0457,2.5999

625.9540,1.3699,2.6994,5.4165,5.4962,0.0450,-0.0160,3.6929,3.1200,-0.0160,2.6720

626.9540,1.1127,2.6376,5.4165,5.4962,0.1067,0.0457,3.9501,3.1200,0.0457,2.6808

627.9540,1.1127,2.6994,5.5400,4.7245,-0.0167,0.1074,3.9501,3.0016,0.1074,2.5882

628.9550,1.8843,2.4524,5.2930,5.7534,0.1067,-0.1395,3.6929,3.1971,-0.1395,2.7205

629.9550,0.8555,2.7611,5.3548,5.2389,-0.0785,0.1074,3.9501,3.0137,0.1074,2.5985

630.9540,1.1127,2.5759,5.1078,5.4962,-0.1402,-0.0778,-0.1659,2.3311,-0.0778,1.9869

631.9540,1.3699,2.3290,5.0460,5.7534,0.0450,-0.2013,3.6929,3.0394,-0.2013,2.5764

632.9550,1.3699,2.4524,5.1078,4.4672,-0.0785,-0.0160,3.4356,2.7924,-0.0160,2.3912

633.9540,1.1127,2.8846,5.2930,5.4962,-0.0167,0.0457,3.4356,3.0342,0.0457,2.6073

634.9540,1.1127,2.5759,5.0460,5.2389,-0.0785,-0.0778,4.2074,3.0171,-0.0778,2.5750

635.9550,1.1127,2.6994,5.2930,4.7245,-0.0785,-0.0160,3.9501,2.9502,-0.0160,2.5264

636.9550,0.8555,2.4524,5.2313,4.9817,-0.0167,-0.0778,-1.9667,1.9229,-0.0778,1.6371

637.9540,1.1127,2.3907,5.3548,4.9817,0.1685,0.0457,3.6929,2.9502,0.0457,2.5353

638.9540,1.1127,2.5142,5.0460,5.2389,0.0450,0.0457,3.6929,2.9416,0.0457,2.5279

639.9540,1.3699,2.6376,5.2313,5.7534,-0.0167,0.0457,3.4356,3.0685,0.0457,2.6367

640.9540,1.1127,2.6994,5.2313,4.7245,-0.1402,-0.0160,4.2074,2.9725,-0.0160,2.5456

641.9540,1.1127,2.3907,4.8608,3.6956,0.3537,-0.2630,4.4647,2.8130,-0.2630,2.3736

642.9540,1.1127,2.5142,4.8608,7.5540,-0.3872,0.1074,3.4356,3.1817,0.1074,2.7425

643.9540,1.8843,2.6376,5.2930,2.1522,-0.2020,-0.0160,3.1784,2.4906,-0.0160,2.1325

644.9540,1.6271,2.3290,4.7991,5.4962,0.1067,-0.0160,-1.4522,2.1510,-0.0160,1.8414

645.9540,0.5983,2.3290,5.1695,5.4962,-0.0785,-0.1395,3.9501,2.9108,-0.1395,2.4750

646.9550,1.3699,2.4524,5.1078,5.4962,-0.0785,-0.0160,3.1784,2.9210,-0.0160,2.5014

647.9540,1.6271,2.5142,5.3548,6.2678,-0.0167,-0.2013,4.2074,3.3257,-0.2013,2.8219

648.9540,1.6271,2.3290,5.0460,5.7534,-0.0167,-0.0778,3.4356,3.0291,-0.0778,2.5852

649.9550,1.6271,2.3290,5.2930,5.4962,0.1067,-0.2630,3.4356,3.0479,-0.2630,2.5749

650.9550,0.8555,2.3290,5.1695,5.4962,0.1067,-0.0160,3.6929,2.9416,-0.0160,2.5191

651.9540,1.1127,2.4524,4.9843,3.4383,0.3537,-0.2630,3.9501,2.7153,-0.2630,2.2898

652.9540,1.1127,2.5759,5.2930,5.7534,-0.2637,0.1074,3.4356,2.9845,0.1074,2.5735

653.9540,1.3699,2.3907,5.1078,5.4962,0.0450,-0.3865,3.4356,2.9742,-0.3865,2.4941

654.9540,1.8843,2.2672,5.2313,5.4962,0.1067,-0.3865,3.6929,3.1131,-0.3865,2.6132

655.9550,0.5983,2.6376,5.3548,6.0106,-0.2020,-0.2630,4.2074,3.1011,-0.2630,2.6205

656.9550,1.3699,2.3907,4.9226,4.9817,0.0450,-0.1395,3.6929,2.9005,-0.1395,2.4662

657.9550,1.1127,2.5142,5.1695,5.7534,0.0450,-0.0778,4.2074,3.1337,-0.0778,2.6749

658.9550,1.6271,2.6376,5.6635,5.7534,0.1685,-0.0778,3.9501,3.3000,-0.0778,2.8175

659.9550,1.3699,2.6994,5.1695,6.0106,0.1067,-0.0778,3.1784,3.0891,-0.0778,2.6367

660.9540,1.6271,2.3907,5.1078,4.7245,-0.0167,-0.0160,3.9501,2.9639,-0.0160,2.5382

661.9540,1.6271,2.2672,5.1078,5.4962,0.1685,-0.0160,5.4937,3.3601,-0.0160,2.8778

662.9540,1.3699,2.5142,5.5400,5.7534,0.0450,-0.0160,3.9501,3.1954,-0.0160,2.7366

663.9540,1.3699,2.8228,5.0460,5.7534,-0.0167,0.1074,3.4356,3.0685,0.1074,2.6455

664.9540,1.1127,2.7611,5.4782,4.7245,-0.0167,0.0457,3.6929,2.9588,0.0457,2.5426

665.9540,1.1127,2.4524,5.4165,6.7823,0.4155,-0.2013,4.2074,3.3978,-0.2013,2.8836

666.9540,1.6271,2.7611,5.4782,5.7534,0.1067,-0.0778,3.9501,3.2794,-0.0778,2.7998

667.9550,0.5983,2.6994,5.4165,5.4962,-0.2020,-0.0778,3.9501,2.9931,-0.0778,2.5544

668.9540,1.1127,2.7611,5.3548,6.0106,0.0450,0.1074,3.4356,3.1200,0.1074,2.6896

669.9540,0.8555,2.6376,5.4782,6.2678,-0.3872,0.2309,3.6929,3.0908,0.2309,2.6823

670.9540,1.3699,2.9463,5.2313,5.7534,0.0450,0.1692,3.4356,3.1302,0.1692,2.7072

671.9540,1.1127,2.8228,5.1695,5.7534,0.0450,0.1074,3.6929,3.0994,0.1074,2.6720

672.9540,1.3699,2.4524,5.6635,4.4672,0.2920,0.0457,4.2074,3.0754,0.0457,2.6426

673.9540,1.1127,2.5142,4.9226,5.4962,-0.1402,-0.0160,3.9501,2.9759,-0.0160,2.5485

674.9540,4.4562,3.1315,5.2930,6.0106,0.0450,0.0457,3.9501,3.8144,0.0457,3.2760

675.9540,1.1127,2.5759,4.9226,4.9817,0.0450,0.1074,3.6929,2.8885,0.1074,2.4912

676.9540,1.3699,2.5759,5.4165,4.9817,-0.0167,-0.0778,3.6929,3.0034,-0.0778,2.5632

677.9540,1.3699,2.6376,5.4782,5.7534,0.0450,-0.2630,3.6929,3.1628,-0.2630,2.6734

678.9550,0.5983,2.9463,5.3548,5.4962,0.1067,-0.0778,4.4647,3.1611,-0.0778,2.6984

679.9540,1.6271,2.4524,5.1695,5.7534,0.1685,-0.1395,4.2074,3.2297,-0.1395,2.7484

680.9540,1.3699,2.4524,5.1078,5.4962,-0.0167,0.0457,2.9211,2.8884,0.0457,2.4823

681.9540,1.3699,2.5759,5.6017,6.0106,0.1067,-0.0778,4.2074,3.3120,-0.0778,2.8278

682.9540,1.3699,2.4524,5.3548,5.2389,-0.4489,0.2309,3.4356,2.9004,0.2309,2.5191

683.9550,1.1127,2.6994,5.2930,5.4962,-0.0167,0.0457,3.1784,2.9605,0.0457,2.5441

684.9540,1.8843,2.8846,5.2313,5.7534,0.1067,-0.2013,3.4356,3.2160,-0.2013,2.7278

685.9550,1.3699,2.6376,5.1695,5.7534,0.1067,-0.0160,3.6929,3.1217,-0.0160,2.6734

686.9540,1.3699,2.8846,5.2313,5.7534,-0.0167,-0.0160,2.9211,3.0239,-0.0160,2.5896

687.9540,4.7134,3.3167,4.6139,6.2678,-0.0785,-0.0160,3.1784,3.6686,-0.0160,3.1422

688.9540,1.1127,2.8846,5.3548,5.7534,0.0450,0.0457,3.4356,3.0977,0.0457,2.6617

689.9540,1.1127,2.6994,5.4165,4.7245,-0.0167,-0.0160,3.9501,2.9811,-0.0160,2.5529

690.9540,1.6271,2.6994,5.1695,5.4962,0.1685,-0.1395,4.2074,3.2280,-0.1395,2.7469

691.9540,0.8555,2.6376,4.9843,5.2389,-0.4489,0.1074,2.9211,2.6981,0.1074,2.3280

692.9540,1.6271,2.6376,4.9226,6.0106,0.0450,-0.0160,2.6639,2.9845,-0.0160,2.5558

693.9540,1.8843,2.5759,5.3548,6.0106,0.1685,-0.0160,3.9501,3.3240,-0.0160,2.8469

694.9540,1.8843,2.6376,5.4165,5.2389,-0.0785,0.0457,3.6929,3.1320,0.0457,2.6911

695.9550,1.1127,2.5759,5.1695,2.9239,-0.0785,0.0457,3.4356,2.5232,0.0457,2.1693

696.9540,1.6271,2.6994,5.2313,6.0106,0.1685,-0.0778,3.9501,3.2812,-0.0778,2.8013

697.9540,1.6271,2.1438,5.2930,4.7245,0.1067,-0.2013,3.9501,2.9742,-0.2013,2.5206

698.9540,2.9131,2.4524,5.4782,5.7534,0.1685,-0.0778,4.2074,3.4955,-0.0778,2.9850

699.9540,1.6271,2.5759,5.2313,5.7534,-0.0167,-0.2630,3.6929,3.1440,-0.2630,2.6573

700.9540,1.6271,2.4524,5.2930,5.7534,0.1685,-0.1395,3.9501,3.2074,-0.1395,2.7293

701.9540,1.3699,2.7611,5.1078,5.2389,0.0450,-0.0778,3.4356,2.9931,-0.0778,2.5544

702.9540,1.8843,2.3290,5.1078,5.2389,0.0450,-0.2013,4.2074,3.1354,-0.2013,2.6587

703.9550,1.1127,2.5142,5.2930,5.7534,-0.0785,-0.0778,3.9501,3.0908,-0.0778,2.6382

704.9550,1.3699,2.3907,5.2313,5.2389,0.1685,-0.0778,3.6929,3.0154,-0.0778,2.5735

705.9540,1.8843,2.5142,5.2930,5.2389,-0.0167,-0.1395,3.4356,3.0582,-0.1395,2.6014

706.9540,1.8843,2.4524,5.1078,5.4962,0.1685,-0.2013,4.2074,3.2194,-0.2013,2.7308

707.9550,1.3699,2.6376,5.2313,5.7534,0.0450,-0.2013,4.2074,3.2074,-0.2013,2.7205

708.9540,1.3699,2.8846,5.4165,6.0106,-0.0785,-0.2630,4.2074,3.3017,-0.2630,2.7925

709.9540,-1.2021,2.4524,5.1695,5.7534,-0.0167,-0.0160,3.6929,2.6416,-0.0160,2.2619

710.9540,1.1127,2.8228,5.2313,6.2678,0.1067,-0.0160,3.9501,3.2486,-0.0160,2.7822

711.9550,0.8555,2.6376,4.9843,4.9817,0.0450,-0.1395,3.9501,2.9090,-0.1395,2.4735

712.9540,1.3699,2.6994,5.6017,5.4962,0.1067,-0.0778,4.2074,3.2469,-0.0778,2.7719

713.9550,1.8843,2.4524,5.1078,3.9528,0.1067,-0.2013,3.9501,2.9090,-0.2013,2.4647

714.9540,1.6271,2.6994,5.3548,6.0106,-0.0167,-0.0160,3.9501,3.2709,-0.0160,2.8013

715.9540,1.1127,3.6872,5.5400,5.4962,-0.0167,-0.0778,3.6929,3.2520,-0.0778,2.7763

716.9550,1.6271,2.6376,5.2930,5.7534,-0.0785,-0.0778,3.9501,3.1971,-0.0778,2.7293

717.9540,1.3699,2.6994,5.4782,5.7534,0.1067,-0.2630,3.6929,3.1834,-0.2630,2.6911

718.9540,0.3411,2.6376,5.4165,6.0106,-0.0785,-0.0160,3.9501,3.0462,-0.0160,2.6088

719.9540,2.1415,2.7611,5.6017,5.7534,0.1685,-0.0160,4.2074,3.4389,-0.0160,2.9454

720.9550,1.3699,2.6376,5.6017,6.2678,0.0450,0.0457,3.9501,3.3120,0.0457,2.8454

721.9550,1.1127,2.6994,5.4165,7.2968,-0.1402,0.3544,3.9501,3.3892,0.3544,2.9557

722.9540,1.3699,2.6994,5.1695,5.7534,0.0450,0.1692,3.9501,3.1646,0.1692,2.7366

723.9540,1.1127,2.8846,5.6017,6.2678,0.0450,0.1074,3.9501,3.3103,0.1074,2.8528

724.9540,1.1127,2.6994,5.2313,5.4962,-0.0167,0.0457,3.6929,3.0359,0.0457,2.6088

725.9550,1.8843,2.7611,5.1695,5.2389,-0.0167,0.1074,3.9501,3.1645,0.1074,2.7278

726.9540,0.8555,2.5759,5.2930,5.7534,-0.0167,0.1074,3.9501,3.0685,0.1074,2.6455

727.9540,0.8555,2.5142,5.3548,6.2678,0.0450,0.7248,3.4356,3.0788,0.7248,2.7425

728.9550,1.3699,2.4524,5.3548,5.7534,0.1067,-0.6951,2.6639,2.9502,-0.6951,2.4294

729.9540,1.3699,2.9463,5.3548,6.2678,0.0450,0.0457,3.4356,3.2366,0.0457,2.7807

730.9550,1.3699,2.5759,5.5400,5.4962,0.1067,0.1074,3.9501,3.1731,0.1074,2.7352

731.9550,1.3699,2.6994,5.4782,6.2678,0.0450,0.1074,2.1494,3.0016,0.1074,2.5882

732.9540,1.1127,3.1315,5.2313,6.0106,-0.0167,-0.0778,3.1784,3.1080,-0.0778,2.6528

733.9550,0.8555,2.5759,5.1695,6.0106,0.1685,-0.0778,3.9501,3.1217,-0.0778,2.6646

734.9540,1.1127,2.6994,5.9104,5.2389,0.1067,-0.1395,4.4647,3.2555,-0.1395,2.7705

735.9540,1.3699,2.5759,5.4165,5.4962,-0.0167,-0.0778,4.2074,3.1748,-0.0778,2.7102

736.9540,0.5983,2.6994,5.3548,5.7534,-0.0785,-0.0778,4.2074,3.0891,-0.0778,2.6367

737.9540,1.6271,2.6994,5.4165,5.4962,0.0450,-0.2013,3.4356,3.1200,-0.2013,2.6455

738.9550,2.1415,2.5142,5.7869,4.9817,-0.0167,-0.1395,4.2074,3.2692,-0.1395,2.7822

739.9540,1.1127,2.5759,5.2930,6.2678,-0.0785,-0.0160,4.2074,3.2297,-0.0160,2.7660

740.9540,1.1127,2.4524,5.2313,5.4962,0.0450,-0.0778,3.4356,2.9622,-0.0778,2.5279

741.9540,1.3699,2.8228,5.0460,4.9817,-0.0167,0.0457,3.9501,3.0256,0.0457,2.5999

742.9540,1.1127,2.7611,5.6635,5.7534,0.1067,-0.2630,3.6929,3.1817,-0.2630,2.6896

743.9540,0.8555,2.6994,5.3548,5.4962,-0.0167,-0.0160,3.9501,3.0565,-0.0160,2.6176

744.9540,1.1127,2.5759,5.4165,5.7534,0.0450,-0.0778,4.2074,3.1851,-0.0778,2.7190

745.9540,1.1127,2.5759,5.1078,6.2678,0.0450,0.1074,3.4356,3.0908,0.1074,2.6646

746.9550,1.3699,3.0698,5.3548,5.2389,-0.0785,-0.0160,4.4647,3.2366,-0.0160,2.7719

747.9540,1.8843,2.7611,5.4782,5.7534,0.1685,-0.0778,4.2074,3.3755,-0.0778,2.8822

748.9540,1.1127,2.5759,5.1078,6.0106,-0.0167,-0.0160,3.9501,3.1234,-0.0160,2.6749

749.9540,1.3699,2.5142,5.2313,5.7534,0.1067,0.0457,3.6929,3.1114,0.0457,2.6734

750.9540,1.1127,2.8846,5.1078,5.2389,0.4772,-0.1395,3.9501,3.1286,-0.1395,2.6617

751.9540,1.1127,2.7611,5.2930,6.5251,-0.0167,0.1074,3.9501,3.2709,0.1074,2.8190

752.9540,1.1127,2.5142,5.3548,6.0106,-0.1402,-0.0160,3.9501,3.1337,-0.0160,2.6837

753.9550,1.3699,2.8846,5.6017,5.2389,-0.0785,0.0457,3.9501,3.1611,0.0457,2.7161

754.9540,1.8843,2.6994,5.3548,5.7534,-0.0167,0.1074,3.4356,3.1851,0.1074,2.7454

755.9540,1.3699,2.6994,5.1695,5.4962,0.2302,-0.0160,3.9501,3.1526,-0.0160,2.6999

756.9540,1.3699,2.6376,5.5400,6.0106,0.0450,0.1074,4.2074,3.3017,0.1074,2.8454

757.9540,1.8843,2.9463,5.2930,6.2678,-0.0785,0.0457,3.6929,3.3343,0.0457,2.8645

758.9540,0.3411,2.7611,5.4165,3.9528,0.2920,-0.2630,4.2074,2.8285,-0.2630,2.3868

759.9550,2.1415,2.7611,5.1695,6.2678,-0.0785,0.0457,3.9501,3.3686,0.0457,2.8939

760.9540,1.3699,2.6376,5.4165,5.7534,-0.0167,0.1074,3.9501,3.1851,0.1074,2.7455

761.9540,0.5983,2.5759,5.3548,6.7823,-0.0167,-0.0160,3.6929,3.1646,-0.0160,2.7102

762.9540,1.8843,2.6994,5.4165,5.4962,0.0450,-0.0160,4.2074,3.2914,-0.0160,2.8189

763.9540,1.6271,2.7611,4.9843,7.2968,-0.0785,-0.0160,4.2074,3.4664,-0.0160,2.9689

764.9550,1.3699,2.8228,5.6017,4.7245,-0.0785,-0.0778,3.9501,3.0651,-0.0778,2.6161

765.9540,1.6271,2.7611,5.0460,5.4962,0.0450,-0.0778,3.4356,3.0685,-0.0778,2.6190

766.9540,1.8843,2.5759,5.1695,5.4962,0.1067,-0.1395,3.9501,3.1971,-0.1395,2.7205

767.9540,-0.6877,2.7611,5.3548,6.0106,-0.1402,-0.0778,3.9501,2.8748,-0.0778,2.4530

768.9540,1.6271,2.6376,5.3548,5.7534,0.0450,-0.0160,4.2074,3.2709,-0.0160,2.8013

769.9540,1.6271,2.6376,5.5400,6.0106,0.1067,-0.0778,4.2074,3.3549,-0.0778,2.8645

770.9540,0.8555,2.6376,5.4165,5.2389,-0.0167,-0.0160,3.9501,3.0137,-0.0160,2.5808

771.9540,1.8843,2.3907,5.2930,5.7534,0.0450,0.0457,3.6929,3.1765,0.0457,2.7293

772.9540,1.6271,2.8846,5.6635,6.0106,-0.0785,-0.0160,3.4356,3.2571,-0.0160,2.7895

773.9540,1.3699,2.6376,5.5400,6.0106,-0.0167,-0.0160,3.9501,3.2486,-0.0160,2.7822

774.9540,3.1703,2.5142,5.2313,5.4962,0.0450,-0.2630,3.1784,3.2725,-0.2630,2.7675

775.9540,1.1127,2.6376,5.2313,6.0106,0.0450,-0.0160,3.6929,3.1217,-0.0160,2.6734

776.9540,1.6271,2.6994,5.6635,5.7534,0.0450,-0.2013,3.6929,3.2469,-0.2013,2.7543

777.9540,1.8843,3.1933,5.2930,6.0106,-0.0167,-0.0778,3.9501,3.3858,-0.0778,2.8910

778.9540,1.3699,2.5142,5.6017,6.2678,-0.0167,-0.0160,3.6929,3.2383,-0.0160,2.7734

779.9550,1.3699,2.7611,5.4165,6.2678,0.0450,0.0457,3.6929,3.2589,0.0457,2.7998

780.9540,1.8843,2.6994,5.4782,5.7534,0.1067,-0.1395,3.9501,3.3120,-0.1395,2.8189

781.9540,1.3699,2.7611,5.4782,5.7534,0.1067,0.0457,2.1494,2.9365,0.0457,2.5235

782.9550,0.5983,2.6376,5.4782,5.7534,-0.0785,-0.0778,3.6929,3.0137,-0.0778,2.5720

783.9540,1.6271,2.8228,5.6017,5.4962,0.1067,0.0457,4.4647,3.3532,0.0457,2.8807

784.9540,1.8843,2.8228,5.9722,6.0106,0.0450,-0.1395,3.9501,3.4475,-0.1395,2.9351

785.9540,1.6271,2.6994,5.5400,6.5251,0.0450,0.0457,3.6929,3.3549,0.0457,2.8822

786.9550,1.3699,2.6994,5.6635,4.9817,0.1685,0.1074,3.9501,3.1388,0.1074,2.7058

787.9540,1.1127,3.0698,5.2930,6.2678,0.0450,-0.1395,3.9501,3.2897,-0.1395,2.7998

788.9540,1.6271,2.6376,5.5400,6.0106,0.0450,0.0457,3.9501,3.3017,0.0457,2.8366

789.9540,0.5983,2.5142,5.3548,5.7534,0.1067,-0.0778,3.9501,3.0462,-0.0778,2.6000

790.9540,1.6271,2.6376,5.2930,6.2678,-0.1402,-0.0160,3.4356,3.1868,-0.0160,2.7293

791.9540,1.8843,2.8228,5.4165,6.2678,-0.3255,0.4161,3.1784,3.2074,0.4161,2.8086

792.9550,1.3699,2.8228,5.6017,6.0106,0.1685,0.0457,3.9501,3.3206,0.0457,2.8528

793.9550,1.3699,3.0081,5.6017,5.4962,0.0450,0.0457,4.4647,3.3309,0.0457,2.8616

794.9540,1.3699,3.0081,5.6017,5.7534,0.0450,1.4039,3.1784,3.1594,1.4039,2.9086

795.9550,1.6271,2.9463,5.7252,6.2678,0.1067,0.1692,4.4647,3.5230,0.1692,3.0439

796.9540,1.6271,2.6994,6.3426,4.9817,0.1685,-0.2013,3.4356,3.2091,-0.2013,2.7219

797.9550,1.3699,2.9463,5.6017,5.7534,0.0450,0.1692,3.9501,3.2777,0.1692,2.8337

798.9540,1.1127,2.8228,5.4165,5.7534,0.0450,0.2309,3.9501,3.1834,0.2309,2.7616

799.9540,0.3411,2.8228,5.4782,5.7534,0.0450,0.1074,4.2074,3.1080,0.1074,2.6793

800.9550,1.6271,2.8846,5.6017,5.7534,-0.0167,0.1074,3.9501,3.3000,0.1074,2.8439

801.9540,1.6271,2.9463,5.5400,6.2678,0.0450,0.2926,4.2074,3.4389,0.2926,2.9895

802.9540,2.3987,2.7611,5.3548,5.7534,0.0450,0.1692,4.2074,3.4201,0.1692,2.9556

803.9540,1.1127,2.7611,4.8608,6.2678,-0.1402,0.1692,4.4647,3.2211,0.1692,2.7851

804.9540,1.1127,2.6994,5.2930,5.7534,0.0450,0.1692,3.9501,3.1423,0.1692,2.7175

805.9540,1.6271,2.6994,5.5400,6.2678,0.1067,-0.1395,3.6929,3.3223,-0.1395,2.8278

806.9540,1.1127,2.8228,5.5400,6.2678,-0.0167,0.1692,4.2074,3.3223,0.1692,2.8719

807.9540,1.3699,2.6994,5.3548,6.2678,0.0450,0.1692,3.9501,3.2812,0.1692,2.8366

808.9540,-0.1733,2.6376,5.2930,6.0106,-0.0785,0.1074,3.9501,2.9399,0.1074,2.5353

809.9540,0.8555,2.6994,5.5400,5.7534,0.0450,0.1074,3.9501,3.1406,0.1074,2.7073

810.9540,1.6271,2.6376,5.2930,7.2968,-0.0785,-0.0778,3.9501,3.4544,-0.0778,2.9498

811.9550,0.8555,2.7611,5.7252,6.2678,0.1067,0.1692,4.2074,3.3206,0.1692,2.8704

812.9540,2.1415,2.8228,5.0460,6.2678,0.0450,0.0457,3.1784,3.2503,0.0457,2.7925

813.9540,1.6271,2.8228,5.4165,8.3257,-0.5724,0.3544,3.6929,3.5521,0.3544,3.0953

814.9550,1.8843,2.8846,5.4782,6.0106,0.0450,-0.1395,3.6929,3.3326,-0.1395,2.8366

815.9540,1.3699,2.9463,5.4165,6.0106,0.0450,0.1692,3.9501,3.2897,0.1692,2.8439

816.9540,1.1127,3.1315,5.5400,6.5251,-0.0167,0.1074,4.2074,3.4166,0.1074,2.9439

817.9550,1.3699,2.8228,5.6635,6.0106,-0.0785,-0.0160,3.9501,3.2897,-0.0160,2.8175

818.9540,1.8843,2.6376,5.2930,5.7534,0.1685,0.1692,4.2074,3.3240,0.1692,2.8733

819.9550,1.6271,2.8846,5.7869,5.7534,0.0450,0.0457,4.7219,3.4698,0.0457,2.9807

820.9550,1.6271,2.8846,5.2930,5.7534,0.1685,0.0457,2.9211,3.1079,0.0457,2.6705

821.9540,1.8843,2.7611,5.4782,6.2678,0.1067,0.1074,4.2074,3.4509,0.1074,2.9733

822.9540,1.6271,2.7611,5.4782,5.7534,-0.0167,0.0457,4.2074,3.3017,0.0457,2.8366

823.9540,1.3699,2.8846,5.6635,6.2678,0.0450,0.1692,3.9501,3.3635,0.1692,2.9072

824.9540,1.3699,2.9463,5.6017,6.2678,-0.1402,0.0457,4.2074,3.3755,0.0457,2.8998

825.9540,1.6271,2.7611,5.4782,6.0106,-0.0785,0.1074,3.9501,3.2914,0.1074,2.8366

826.9540,1.6271,2.9463,5.8487,6.2678,-0.0167,0.0457,3.6929,3.3943,0.0457,2.9160

827.9550,1.6271,2.6994,5.4782,6.0106,0.1685,-0.0778,4.2074,3.3652,-0.0778,2.8733

828.9540,1.8843,3.0081,5.7252,5.4962,-0.0167,0.0457,4.4647,3.4269,0.0457,2.9439

829.9550,1.8843,2.7611,5.2313,6.2678,0.1067,0.0457,3.4356,3.2811,0.0457,2.8189

830.9540,0.5983,2.7611,5.3548,5.4962,0.1067,-0.0778,3.6929,3.0017,-0.0778,2.5617

831.9550,1.8843,2.8846,5.4165,5.4962,0.0450,-0.2013,3.6929,3.2366,-0.2013,2.7454

832.9540,1.6271,2.6994,5.1695,5.4962,0.0450,-0.0778,4.4647,3.2503,-0.0778,2.7749

833.9540,2.1415,2.8846,5.5400,6.0106,0.1067,-0.0160,4.4647,3.5247,-0.0160,3.0189

834.9540,1.6271,2.8228,5.6017,2.9239,0.3537,-0.2630,3.6929,2.8370,-0.2630,2.3942

835.9540,1.8843,2.9463,5.6635,6.0106,0.1067,-0.0778,4.4647,3.5127,-0.0778,2.9998

836.9550,1.3699,2.7611,5.2930,6.0106,-0.0167,0.3544,3.1784,3.0994,0.3544,2.7072

837.9540,1.8843,2.6376,5.7252,6.0106,0.1067,-0.0160,4.4647,3.4715,-0.0160,2.9733

838.9540,1.6271,2.8228,5.2930,6.2678,-0.1402,-0.1395,4.2074,3.3463,-0.1395,2.8483

839.9540,1.3699,2.7611,5.2313,5.4962,-0.0167,-0.0778,4.2074,3.1748,-0.0778,2.7102

840.9550,1.6271,2.6376,5.4165,5.7534,0.0450,-0.0778,4.4647,3.3240,-0.0778,2.8381

841.9550,1.3699,2.9463,5.4165,6.2678,-0.0167,-0.2013,4.2074,3.3652,-0.2013,2.8557

842.9550,1.1127,2.9463,5.6635,3.4383,-0.1402,-0.1395,4.4647,2.9142,-0.1395,2.4780

843.9540,1.8843,2.8228,5.2930,6.5251,0.0450,-0.1395,3.6929,3.3772,-0.1395,2.8748

844.9540,1.3699,2.6376,5.2930,6.0106,0.1685,-0.2630,4.2074,3.2812,-0.2630,2.7749

845.9540,1.6271,2.8846,5.2930,5.7534,0.0450,-0.2013,4.4647,3.3446,-0.2013,2.8381

846.9540,1.3699,2.6994,5.4165,6.5251,-0.0167,0.0457,4.2074,3.3669,0.0457,2.8924

847.9550,2.3987,2.6994,5.0460,6.0106,0.0450,0.0457,3.9501,3.3583,0.0457,2.8851

848.9550,1.8843,2.9463,5.2930,5.7534,0.0450,-0.0160,7.2944,3.8694,-0.0160,3.3143

849.9540,1.6271,2.7611,5.4782,6.0106,-0.0167,0.0457,3.6929,3.2589,0.0457,2.7998

850.9550,1.6271,2.7611,5.7869,4.9817,0.1685,-0.0160,4.2074,3.2554,-0.0160,2.7881

851.9550,1.1127,2.7611,5.4165,7.5540,-0.0785,0.0457,3.9501,3.4527,0.0457,2.9659

852.9540,1.6271,2.6376,5.3548,5.4962,0.1067,0.1692,4.2074,3.2383,0.1692,2.7998

853.9540,1.3699,2.6376,5.5400,5.4962,0.0450,0.0457,3.9501,3.1731,0.0457,2.7264

854.9540,1.6271,2.8228,5.3548,6.0106,0.0450,0.0457,3.9501,3.3017,0.0457,2.8366

855.9540,1.6271,2.5759,5.2930,5.7534,0.0450,0.0457,3.9501,3.2074,0.0457,2.7557

856.9550,1.6271,3.0081,5.4782,5.7534,0.1685,-0.0778,3.9501,3.3309,-0.0778,2.8439

857.9550,1.8843,2.7611,5.4165,5.7534,0.1067,-0.0778,4.4647,3.3978,-0.0778,2.9013

858.9550,1.8843,2.8228,4.4286,8.3257,-0.3255,0.2309,2.6639,3.3000,0.2309,2.8615

859.9540,1.3699,2.7611,5.4165,6.0106,-0.0167,-0.0778,3.6929,3.2057,-0.0778,2.7366

860.9540,1.6271,2.7611,5.5400,6.0106,-0.0785,0.4161,3.4356,3.2160,0.4161,2.8160

861.9540,1.6271,2.7611,5.4165,6.0106,0.0450,0.1074,3.9501,3.3017,0.1074,2.8454

862.9540,1.6271,2.7611,5.6635,6.0106,0.1067,-0.0160,4.2074,3.3961,-0.0160,2.9086

863.9540,1.8843,2.6994,5.7252,5.7534,-0.6959,-0.3865,4.2074,3.2623,-0.3865,2.7410

864.9540,1.3699,2.9463,5.5400,6.2678,0.0450,0.1074,3.9501,3.3532,0.1074,2.8895

865.9540,2.1415,2.9463,6.3426,6.7823,0.0450,-0.0778,4.2074,3.7442,-0.0778,3.1982

866.9540,1.6271,2.8228,5.6017,6.0106,0.0450,-0.2630,3.9501,3.3429,-0.2630,2.8278

867.9540,1.8843,3.0698,5.8487,6.0106,0.0450,-0.1395,3.6929,3.4252,-0.1395,2.9160

868.9550,1.8843,2.8228,5.5400,6.0106,-0.0167,-0.1395,3.6929,3.3223,-0.1395,2.8278

869.9540,1.3699,2.8228,5.2930,6.2678,-0.0167,0.0457,3.6929,3.2383,0.0457,2.7822

870.9550,1.3699,2.6994,5.2930,7.0395,0.0450,0.2309,3.9501,3.3995,0.2309,2.9468

871.9540,2.3987,2.7611,5.6017,5.7534,0.1685,0.1074,4.4647,3.5247,0.1074,3.0365

872.9540,1.8843,2.6994,5.5400,5.7534,-0.0167,0.4778,3.1784,3.1731,0.4778,2.7881

873.9550,-1.4593,3.3785,5.7869,5.7534,-0.0167,-0.0160,4.2074,2.9417,-0.0160,2.5192

874.9540,1.3699,2.8228,5.5400,5.7534,0.0450,0.2309,4.7219,3.3755,0.2309,2.9263

875.9540,1.6271,2.8228,5.4165,6.0106,0.1067,0.1074,4.4647,3.4081,0.1074,2.9365

876.9540,1.3699,3.2550,5.7252,7.5540,-0.2637,0.2926,4.2074,3.6413,0.2926,3.1629

877.9540,1.3699,3.1933,5.6635,3.4383,-0.0785,0.2309,3.6929,2.8799,0.2309,2.5015

878.9540,2.1415,2.6376,5.4165,5.7534,0.1067,0.0457,3.6929,3.2914,0.0457,2.8278

879.9550,1.3699,2.8846,5.6635,5.2389,-0.0785,-0.0160,4.2074,3.2143,-0.0160,2.7528

880.9540,1.3699,3.1315,5.7869,6.2678,0.1067,0.1074,4.4647,3.5213,0.1074,3.0336

881.9550,1.3699,3.0698,5.4165,6.5251,-0.0785,0.0457,3.6929,3.3326,0.0457,2.8630

882.9540,1.6271,2.9463,5.4165,5.4962,0.1067,0.0457,3.4356,3.1714,0.0457,2.7249

883.9540,1.6271,3.0081,5.8487,6.2678,0.1067,0.1074,-1.9667,2.4820,0.1074,2.1427

884.9540,1.8843,2.9463,5.8487,5.4962,-0.0785,-0.0160,4.4647,3.4269,-0.0160,2.9351

885.9540,1.6271,2.6994,5.8487,6.2678,0.1067,-0.2630,5.7509,3.7168,-0.2630,3.1482

886.9540,-0.9449,3.4402,5.2930,6.7823,-0.2020,-0.0778,4.2074,3.0960,-0.0778,2.6426

887.9540,1.8843,3.0081,5.7869,5.7534,0.0450,0.0457,4.2074,3.4475,0.0457,2.9615

888.9550,2.3987,2.6994,5.4782,6.5251,0.0450,0.0457,4.2074,3.5590,0.0457,3.0571

889.9540,1.3699,2.6376,5.6635,6.0106,0.0450,-0.2630,4.2074,3.3223,-0.2630,2.8101

890.9540,1.8843,3.0698,5.8487,6.2678,0.1067,-0.4482,5.7509,3.8214,-0.4482,3.2114

891.9540,1.6271,2.8228,5.7252,6.0106,0.0450,-0.1395,4.4647,3.4492,-0.1395,2.9366

892.9550,2.1415,2.8228,5.7252,6.0106,0.0450,-0.2630,4.2074,3.4921,-0.2630,2.9556

893.9540,1.6271,2.6994,5.5400,6.5251,0.2302,-0.1395,4.4647,3.5144,-0.1395,2.9924

894.9540,1.1127,2.7611,5.6017,6.2678,0.0450,-0.0160,4.2074,3.3326,-0.0160,2.8542

895.9540,1.6271,2.7611,5.2930,6.0106,0.0450,-0.0778,2.4066,3.0239,-0.0778,2.5808

896.9540,1.6271,2.8228,5.6635,6.7823,0.1067,-0.1395,3.6929,3.4492,-0.1395,2.9365

897.9540,1.3699,2.8846,5.7252,6.0106,0.1067,-0.1395,4.7219,3.4698,-0.1395,2.9542

898.9540,2.1415,2.6994,5.4165,6.0106,0.1067,-0.1395,3.4356,3.3017,-0.1395,2.8101

899.9540,1.3699,2.8846,5.6017,6.0106,0.1685,-0.2630,4.2074,3.3738,-0.2630,2.8542

900.9550,1.3699,2.9463,6.0339,7.0395,-0.1402,-0.1395,4.4647,3.6190,-0.1395,3.0821

901.9540,1.6271,2.8846,5.1078,7.0395,-0.0167,-0.0778,4.2074,3.4749,-0.0778,2.9674

902.9550,1.6271,2.7611,5.2930,6.2678,-0.2020,0.1692,4.2074,3.3257,0.1692,2.8748

903.9540,1.6271,2.6994,5.4782,6.5251,0.0450,-0.0778,4.2074,3.4304,-0.0778,2.9292

904.9540,1.6271,2.5759,5.4782,6.2678,-0.0167,-0.1395,4.2074,3.3566,-0.1395,2.8572

905.9540,2.1415,2.7611,5.2313,6.0106,-0.0167,-0.0778,2.9211,3.1748,-0.0778,2.7102

906.9550,1.8843,3.0081,5.6017,6.5251,-0.0167,-0.0778,4.4647,3.5778,-0.0778,3.0556

907.9550,1.8843,2.8228,5.6017,6.2678,0.1067,-0.0160,4.4647,3.5247,-0.0160,3.0189

908.9540,1.3699,2.8846,5.6635,6.5251,-0.0167,-0.0160,4.2074,3.4389,-0.0160,2.9454

909.9540,1.3699,2.6376,5.7252,7.5540,-0.0785,0.1074,3.9501,3.5264,0.1074,3.0380

910.9540,1.6271,2.8228,5.6017,6.2678,0.0450,-0.0160,3.9501,3.3858,-0.0160,2.8998

911.9540,1.3699,3.0081,5.6017,5.2389,-0.0785,-0.1395,3.9501,3.1817,-0.1395,2.7072

912.9540,1.6271,2.8228,5.8487,5.7534,0.1067,-0.0160,4.4647,3.4372,-0.0160,2.9439

913.9540,1.1127,2.8228,5.4782,6.0106,0.7859,0.1074,4.4647,3.4458,0.1074,2.9689

914.9540,1.6271,3.0698,5.6635,6.2678,0.0450,0.1074,3.9501,3.4372,0.1074,2.9615

915.9540,2.1415,2.6994,5.7869,6.0106,0.1067,0.1074,3.9501,3.4492,0.1074,2.9718

916.9540,0.8555,3.1933,5.6017,5.7534,-0.0167,-0.0160,4.2074,3.2657,-0.0160,2.7969

917.9540,1.6271,2.6994,5.2313,6.0106,0.0450,-0.0778,3.9501,3.2606,-0.0778,2.7837

918.9540,1.8843,2.8228,5.6017,6.2678,0.0450,0.1074,4.2074,3.4715,0.1074,2.9909

919.9540,1.6271,2.7611,5.6635,6.0106,0.1067,-0.0160,4.7219,3.4818,-0.0160,2.9821

920.9540,1.6271,3.0698,5.6635,6.2678,0.1067,0.0457,4.4647,3.5333,0.0457,3.0350

921.9540,1.6271,2.7611,5.8487,6.0106,0.1067,-0.0160,4.7219,3.5127,-0.0160,3.0086

922.9540,1.8843,2.8228,5.7869,8.3257,-0.2020,0.1692,3.9501,3.7613,0.1692,3.2481

923.9540,2.1415,2.7611,5.6635,5.7534,0.1067,-0.1395,3.6929,3.3532,-0.1395,2.8542

924.9550,1.6271,2.9463,5.4165,5.7534,0.0450,-0.0778,3.6929,3.2469,-0.0778,2.7719

925.9540,1.1127,3.1315,5.6635,6.2678,-0.1402,0.0457,3.9501,3.3309,0.0457,2.8616

926.9540,1.6271,2.9463,5.2313,5.4962,-0.0167,0.0457,3.9501,3.2057,0.0457,2.7543

927.9540,1.6271,3.0698,5.7252,5.7534,-0.0167,0.1692,4.7219,3.4801,0.1692,3.0071

928.9540,1.8843,2.9463,5.5400,6.0106,-0.1402,0.1074,4.2074,3.4081,0.1074,2.9365

929.9540,1.6271,3.0698,5.6017,6.2678,0.0450,0.1692,4.4647,3.5127,0.1692,3.0350

930.9540,1.8843,2.7611,5.6017,6.2678,-0.0167,0.1074,4.2074,3.4509,0.1074,2.9733

931.9540,1.6271,2.8846,5.7869,5.4962,0.0450,0.1074,4.4647,3.3841,0.1074,2.9160

932.9550,1.3699,3.0081,5.6017,5.4962,-0.0167,-0.0778,4.2074,3.2777,-0.0778,2.7984

933.9550,2.1415,3.0081,5.7252,6.0106,0.1067,-0.1395,4.2074,3.5332,-0.1395,3.0086

934.9540,1.6271,3.1315,5.6635,6.0106,0.0450,0.1692,4.2074,3.4475,0.1692,2.9792

935.9550,1.6271,2.8846,5.7252,6.2678,0.1067,-0.1395,3.9501,3.4269,-0.1395,2.9174

936.9540,2.3987,2.8228,5.6017,5.7534,0.0450,-0.1395,3.9501,3.4286,-0.1395,2.9189

937.9540,2.1415,3.0698,5.7869,5.7534,0.1067,-0.0160,4.4647,3.5538,-0.0160,3.0438

938.9540,1.8843,2.9463,5.7252,5.7534,0.1685,-0.2013,4.9792,3.5761,-0.2013,3.0365

939.9540,1.3699,3.0698,5.8487,6.2678,-0.0785,-0.0778,3.9501,3.4046,-0.0778,2.9072

940.9540,2.1415,2.7611,5.7252,5.7534,0.1685,-0.2013,1.6349,3.0308,-0.2013,2.5690

941.9550,1.8843,2.8846,5.3548,5.4962,-0.0167,-0.0778,4.2074,3.3017,-0.0778,2.8189

942.9540,1.6271,3.1933,5.6017,6.5251,-0.0167,-0.0160,4.2074,3.5230,-0.0160,3.0174

943.9540,2.1415,3.0698,5.6635,6.2678,0.1685,-0.0778,4.7219,3.6722,-0.0778,3.1365

944.9550,1.8843,2.7611,5.1695,5.4962,-0.0167,-0.0778,4.4647,3.2932,-0.0778,2.8116

945.9550,1.8843,2.8846,5.8487,6.5251,0.1067,-0.3247,3.9501,3.5332,-0.3247,2.9821

946.9540,1.3699,2.6994,5.6017,7.0395,-0.2020,-0.1395,4.2074,3.4527,-0.1395,2.9395

947.9550,1.6271,2.9463,5.7252,6.7823,0.0450,-0.0778,3.9501,3.5127,-0.0778,2.9997

948.9550,1.8843,2.6994,5.4165,6.2678,-0.0167,-0.1395,4.4647,3.4526,-0.1395,2.9395

949.9540,2.1415,3.0081,5.2930,6.2678,-0.1402,-0.0778,4.4647,3.5058,-0.0778,2.9939

950.9540,1.6271,3.0698,5.6635,6.2678,-0.0167,0.0457,4.4647,3.5127,0.0457,3.0174

951.9540,1.8843,2.7611,5.3548,6.2678,-0.1402,-0.2013,4.2074,3.3892,-0.2013,2.8763

952.9550,2.3987,2.8228,5.7252,6.5251,0.1685,-0.2630,4.7219,3.7270,-0.2630,3.1570

953.9550,1.3699,2.8846,5.4782,6.0106,0.0450,-0.1395,4.2074,3.3326,-0.1395,2.8366

954.9540,1.6271,3.0698,5.4782,6.2678,-0.3255,-0.0778,4.4647,3.4304,-0.0778,2.9292

955.9540,2.6559,2.8228,5.6635,6.2678,-0.0167,-0.0160,4.2074,3.6001,-0.0160,3.0835

956.9540,1.8843,2.6994,5.2313,5.7534,0.0450,-0.0778,3.9501,3.2606,-0.0778,2.7837

957.9540,1.3699,2.9463,5.7252,6.0106,0.1685,-0.1395,4.7219,3.4904,-0.1395,2.9718

958.9540,0.8555,2.7611,5.6635,5.7534,0.1067,-0.1395,4.4647,3.2675,-0.1395,2.7808

959.9540,1.8843,2.6994,5.7252,6.2678,0.2302,0.1074,5.2364,3.6739,0.1074,3.1644

960.9540,1.6271,2.9463,5.6017,6.0106,0.0450,0.7865,4.9792,3.5350,0.7865,3.1423

961.9550,1.6271,3.0081,5.5400,6.2678,-0.0785,-0.2013,4.2074,3.4286,-0.2013,2.9101

962.9540,1.6271,2.7611,5.5400,5.7534,0.1067,-0.0160,4.9792,3.4612,-0.0160,2.9645

963.9540,1.8843,2.8846,5.6017,6.2678,0.0450,-0.0160,4.7219,3.5676,-0.0160,3.0556

964.9550,1.6271,2.8846,5.4165,6.2678,0.0450,-0.0160,3.6929,3.3223,-0.0160,2.8454

965.9550,1.8843,2.8846,5.5400,5.7534,0.0450,-0.0160,3.1784,3.2143,-0.0160,2.7528

966.9540,5.2278,2.5142,5.8487,5.7534,0.2302,-0.0778,4.4647,4.0065,-0.0778,3.4230

967.9540,1.6271,2.9463,5.7252,6.7823,-0.0167,0.0457,4.4647,3.5881,0.0457,3.0821

968.9540,1.3699,2.8228,5.3548,6.2678,-0.0167,-0.0778,3.9501,3.2915,-0.0778,2.8101

969.9550,1.8843,2.5759,5.6635,6.5251,0.1067,0.0457,3.9501,3.4509,0.0457,2.9645

970.9550,4.1990,2.5142,5.9722,4.7245,-0.0785,-0.0778,4.2074,3.5898,-0.0778,3.0659

971.9550,2.6559,2.7611,6.0956,6.0106,0.0450,-0.0778,4.4647,3.6721,-0.0778,3.1364

972.9540,1.8843,3.0081,5.7869,5.7534,0.1067,-0.0160,4.2074,3.4578,-0.0160,2.9615

973.9550,2.1415,3.0081,5.2930,6.0106,-0.1402,-0.1395,3.9501,3.3772,-0.1395,2.8748

974.9540,-0.1733,3.1933,5.6017,6.2678,0.1685,-0.1395,4.4647,3.2538,-0.1395,2.7690

975.9550,1.3699,2.8228,5.5400,6.2678,0.1685,-0.0778,3.9501,3.3532,-0.0778,2.8631

976.9550,1.8843,3.0081,5.3548,6.5251,0.0450,0.0457,3.6929,3.4183,0.0457,2.9365

977.9550,1.3699,3.0698,5.4165,6.2678,-0.0167,0.0457,4.4647,3.4287,0.0457,2.9454

978.9540,1.6271,3.1315,5.7252,5.7534,0.1067,0.0457,4.2074,3.4252,0.0457,2.9424

979.9540,0.8555,2.8846,5.6017,6.0106,0.0450,-0.0160,4.2074,3.2675,-0.0160,2.7984

980.9540,1.8843,2.8846,5.7869,6.2678,0.1067,0.0457,4.7219,3.6087,0.0457,3.0997

981.9540,1.6271,2.9463,5.8487,6.5251,-0.0167,0.0457,4.2074,3.5230,0.0457,3.0262

982.9540,2.1415,2.8846,5.7252,4.2100,0.5389,-0.2013,4.2074,3.2846,-0.2013,2.7866

983.9540,0.8555,2.7611,5.4782,6.0106,-0.0167,-0.0778,4.2074,3.2160,-0.0778,2.7455

984.9550,1.3699,3.1933,5.7869,6.2678,0.0450,0.2309,4.4647,3.5213,0.2309,3.0512

985.9540,1.3699,3.0698,5.8487,5.4962,-0.0167,0.1074,4.2074,3.3292,0.1074,2.8689

986.9540,1.6271,3.0081,5.7869,6.5251,0.1067,0.1692,4.9792,3.6722,0.1692,3.1717

987.9540,0.8555,3.0081,5.5400,6.0106,0.1067,0.1074,4.4647,3.3309,0.1074,2.8704

988.9540,1.8843,2.9463,5.7869,6.2678,0.1067,0.2309,3.6929,3.4475,0.2309,2.9880

989.9550,1.1127,3.0698,5.7252,5.7534,-0.0785,-0.0160,4.2074,3.2983,-0.0160,2.8248

990.9540,2.1415,3.1933,5.8487,6.0106,0.0450,0.0457,4.2074,3.5744,0.0457,3.0703

991.9540,1.3699,3.0698,5.7252,5.7534,-0.0785,0.1074,4.4647,3.3841,0.1074,2.9160

992.9550,1.8843,3.1933,5.7252,5.4962,0.0450,-0.0778,4.2074,3.4252,-0.0778,2.9248

993.9550,1.8843,3.1315,5.6635,6.5251,-0.0167,0.0457,4.4647,3.6087,0.0457,3.0997

994.9540,2.1415,3.0081,5.6635,6.7823,0.0450,0.1074,4.4647,3.6842,0.1074,3.1732

995.9540,1.8843,3.0081,5.7869,6.2678,-0.1402,-0.0778,4.4647,3.5453,-0.0778,3.0277

996.9540,1.1127,3.0698,5.7869,5.7534,0.0450,0.0457,4.2074,3.3292,0.0457,2.8601

997.9540,1.8843,2.8228,6.0339,6.0106,0.1067,0.3544,5.4937,3.7253,0.3544,3.2438

998.9540,0.8555,3.3785,5.7869,5.7534,-0.0785,-0.0160,4.2074,3.3172,-0.0160,2.8410

999.9540,0.8555,3.1933,5.7869,6.5251,0.0450,-0.0160,4.2074,3.4355,-0.0160,2.9424

1000.9550,1.8843,2.7611,5.5400,6.0106,0.1067,-0.1395,4.2074,3.4184,-0.1395,2.9101

1001.9550,1.8843,3.0081,5.6017,6.2678,0.1685,-0.1395,4.4647,3.5658,-0.1395,3.0365

1002.9540,1.6271,3.0698,5.4782,5.7534,0.1067,-0.0160,4.7219,3.4595,-0.0160,2.9630

1003.9540,2.3987,2.9463,5.6017,6.0106,0.1685,-0.0778,4.4647,3.5984,-0.0778,3.0732

1004.9540,1.3699,2.8846,5.6017,6.0106,0.0450,-0.0160,4.2074,3.3532,-0.0160,2.8719

1005.9550,1.3699,1.9585,5.9104,5.4962,0.1685,-0.2013,4.4647,3.2280,-0.2013,2.7381

1006.9540,1.8843,3.1933,5.8487,6.5251,0.0450,-0.0160,4.4647,3.6602,-0.0160,3.1350

1007.9550,1.6271,3.1933,5.8487,6.5251,0.0450,-0.0778,4.4647,3.6173,-0.0778,3.0894

1008.9540,1.6271,3.0081,5.7252,4.9817,-0.0167,-0.0778,4.4647,3.2983,-0.0778,2.8160

1009.9550,1.6271,2.8846,5.5400,7.8112,-0.1402,-0.0160,3.6929,3.5692,-0.0160,3.0571

1010.9540,1.3699,2.9463,5.8487,4.7245,0.0450,-0.1395,4.2074,3.1903,-0.1395,2.7146

1011.9540,2.1415,2.8228,5.6017,6.2678,0.0450,-0.2630,3.6929,3.4286,-0.2630,2.9013

1012.9540,2.1415,2.9463,5.6635,6.0106,0.0450,-0.3247,4.2074,3.5024,-0.3247,2.9556

1013.9540,2.1415,3.0698,6.0339,5.7534,0.1685,-0.1395,4.7219,3.6482,-0.1395,3.1071

1014.9540,2.1415,2.8228,5.8487,6.0106,0.5389,-0.2630,4.4647,3.6379,-0.2630,3.0806

1015.9550,2.6559,2.5759,5.6635,6.2678,0.0450,-0.0160,4.2074,3.5692,-0.0160,3.0571

1016.9540,1.8843,2.9463,5.6017,6.2678,0.1067,0.0457,4.4647,3.5453,0.0457,3.0453

1017.9550,1.8843,2.9463,5.6635,5.2389,-0.0167,-0.0160,4.2074,3.3206,-0.0160,2.8439

1018.9540,1.3699,3.0081,5.7869,6.0106,0.0450,-0.0778,4.4647,3.4475,-0.0778,2.9439

1019.9540,0.5983,2.7611,5.6635,5.7534,0.1067,-0.1395,3.6929,3.0960,-0.1395,2.6338

1020.9540,1.8843,2.5759,5.4165,6.0106,0.1067,-0.0778,4.2074,3.3669,-0.0778,2.8748

1021.9540,1.1127,3.0081,5.8487,6.5251,-0.2020,0.7248,6.5227,3.8025,0.7248,3.3629

1022.9540,1.3699,3.1315,5.6017,6.7823,-0.0167,-0.0160,4.4647,3.5556,-0.0160,3.0453

1023.9540,1.3699,3.0698,5.6017,6.2678,-0.2020,-0.0778,4.2074,3.3858,-0.0778,2.8910

1024.9540,1.8843,2.9463,5.7869,6.5251,0.0450,-0.0160,4.2074,3.5658,-0.0160,3.0541

1025.9550,2.1415,2.9463,5.7252,6.0106,0.0450,0.1692,4.4647,3.5555,0.1692,3.0718

1026.9540,1.1127,3.0698,5.1695,6.7823,-0.0785,-0.2013,4.2074,3.3772,-0.2013,2.8660

1027.9550,2.1415,3.0081,5.6635,6.5251,-0.0167,0.0457,4.2074,3.5881,0.0457,3.0821

1028.9540,1.6271,3.0698,5.5400,6.2678,-0.0167,0.0457,4.2074,3.4492,0.0457,2.9630

1029.9540,1.6271,2.9463,5.7869,6.2678,-0.1402,-0.1395,3.6929,3.3635,-0.1395,2.8630

1030.9540,1.8843,3.0698,5.7869,5.4962,-0.0167,-0.0160,4.2074,3.4046,-0.0160,2.9160

1031.9550,1.6271,3.0081,5.5400,6.0106,0.1067,-0.0778,4.2074,3.4166,-0.0778,2.9174

1032.9540,1.3699,2.8228,4.9843,4.2100,0.2920,-0.1395,4.9792,3.1097,-0.1395,2.6455

1033.9550,5.7422,2.5142,5.6635,5.4962,0.1067,-0.1395,3.6929,3.8693,-0.1395,3.2966

1034.9540,1.6271,2.9463,5.6017,6.0106,0.0450,0.0457,4.9792,3.5350,0.0457,3.0365

1035.9540,2.3987,2.8846,5.7252,6.2678,0.1067,-0.0778,4.4647,3.6413,-0.0778,3.1100

1036.9540,1.8843,3.0081,5.6635,6.0106,0.0450,0.0457,3.9501,3.4269,0.0457,2.9439

1037.9550,1.1127,3.1315,5.6635,6.2678,0.0450,0.0457,4.4647,3.4475,0.0457,2.9615

1038.9550,2.3987,2.8846,5.8487,5.7534,-0.0785,-0.0160,4.4647,3.5452,-0.0160,3.0365

1039.9550,1.8843,2.9463,5.7252,6.0106,-0.0167,0.1074,4.7219,3.5453,0.1074,3.0541

1040.9540,2.1415,2.9463,5.6635,6.0106,-0.0167,0.2309,3.6929,3.4063,0.2309,2.9527

1041.9550,1.6271,2.9463,5.6017,6.2678,0.0450,0.0457,3.4356,3.3206,0.0457,2.8528

1042.9540,1.6271,2.6994,5.2313,6.0106,0.0450,0.1074,4.7219,3.3892,0.1074,2.9204

1043.9550,1.8843,2.8846,5.6635,5.7534,-0.0785,-0.1395,3.9501,3.3429,-0.1395,2.8454

1044.9540,1.6271,3.0081,5.7869,6.7823,-0.0167,0.1692,4.4647,3.6087,0.1692,3.1173

1045.9540,1.8843,2.9463,5.9722,5.7534,0.1685,0.0457,4.4647,3.5315,0.0457,3.0336

1046.9540,1.6271,3.2550,5.7869,6.2678,0.0450,-0.0778,6.5227,3.9174,-0.0778,3.3467

1047.9550,1.1127,2.8846,5.6635,6.0106,0.0450,-0.0160,4.2074,3.3206,-0.0160,2.8440

1048.9540,1.3699,3.3167,5.9104,6.0106,-0.0167,0.0457,4.2074,3.4664,0.0457,2.9777

1049.9550,2.1415,3.1315,5.7252,6.5251,0.1067,0.0457,4.2074,3.6396,0.0457,3.1262

1050.9540,1.6271,3.0698,5.6017,6.5251,0.0450,0.4778,3.9501,3.4698,0.4778,3.0424

1051.9540,1.6271,3.9958,5.8487,6.0106,0.0450,0.1692,4.2074,3.6224,0.1692,3.1291

1052.9540,1.8843,3.1315,5.9722,5.2389,-0.0785,-0.0778,4.4647,3.4355,-0.0778,2.9336

1053.9540,1.6271,3.1933,5.6635,6.2678,0.0450,-0.0160,3.6929,3.4149,-0.0160,2.9248

1054.9550,1.6271,3.0081,5.7252,6.5251,0.0450,-0.0160,3.9501,3.4801,-0.0160,2.9806

1055.9540,1.8843,3.9341,5.2313,6.5251,-0.0785,0.0457,3.9501,3.5744,0.0457,3.0703

1056.9550,1.6271,3.1315,5.6635,6.0106,-0.0167,0.1074,4.4647,3.4801,0.1074,2.9983

1057.9540,2.6559,3.0081,5.7252,6.0106,0.1067,-0.0778,4.4647,3.6619,-0.0778,3.1276

1058.9550,1.8843,3.1933,6.0339,6.5251,0.0450,-0.3247,4.2074,3.6481,-0.3247,3.0806

1059.9550,1.8843,2.9463,5.8487,5.7534,-0.2020,-0.2013,4.2074,3.4063,-0.2013,2.8910

1060.9540,2.1415,2.9463,5.6635,6.7823,-0.0167,-0.1395,4.4647,3.6636,-0.1395,3.1203

1061.9540,2.1415,3.1315,5.5400,6.0106,0.1067,-0.0778,5.2364,3.6945,-0.0778,3.1556

1062.9540,1.3699,2.9463,5.8487,6.7823,-0.0785,-0.0778,4.4647,3.5556,-0.0778,3.0365

1063.9540,1.8843,2.8846,5.8487,6.0106,0.1067,-0.2013,3.9501,3.4475,-0.2013,2.9263

1064.9540,2.1415,2.9463,5.7252,6.2678,0.1685,-0.1395,4.2074,3.5761,-0.1395,3.0453

1065.9540,1.8843,3.1315,5.4782,6.2678,0.1067,-0.2630,3.9501,3.4698,-0.2630,2.9365

1066.9540,1.8843,3.0698,5.7869,6.2678,0.1067,-0.0778,3.9501,3.5110,-0.0778,2.9983

1067.9540,0.0839,3.3167,5.7869,6.5251,0.0450,-0.0778,4.4647,3.3704,-0.0778,2.8778

1068.9550,1.8843,3.1315,5.7869,5.2389,-0.0785,0.3544,3.6929,3.2760,0.3544,2.8586

1069.9540,1.8843,3.0698,5.6017,6.5251,0.0450,-0.1395,3.6929,3.4698,-0.1395,2.9542

1070.9540,2.1415,2.9463,5.7252,5.4962,-0.0785,-0.1395,4.4647,3.4492,-0.1395,2.9365

1071.9540,1.8843,3.0081,5.6017,5.7534,0.0450,-0.0778,4.2074,3.4166,-0.0778,2.9174

1072.9540,1.1127,2.9463,5.7252,6.2678,0.2920,-0.3865,4.2074,3.4252,-0.3865,2.8807

1073.9540,1.1127,3.0081,5.6635,6.2678,0.1067,-0.1395,4.7219,3.4801,-0.1395,2.9630

1074.9540,1.8843,3.0698,5.6017,6.0106,0.0450,-0.1395,4.9792,3.5984,-0.1395,3.0644

1075.9540,2.6559,3.0698,5.7252,6.2678,0.0450,-0.1395,3.4356,3.5332,-0.1395,3.0085

1076.9550,2.1415,3.0081,5.4782,6.2678,0.0450,-0.0778,4.4647,3.5675,-0.0778,3.0468

1077.9540,1.8843,3.0698,5.7252,6.5251,-0.1402,-0.2630,5.4937,3.7596,-0.2630,3.1850

1078.9540,1.8843,3.0698,5.1695,5.4962,0.1685,-0.0160,4.4647,3.3755,-0.0160,2.8910

1079.9540,2.3987,2.7611,5.8487,5.2389,-0.0167,-0.0778,4.2074,3.4063,-0.0778,2.9086

1080.9540,2.1415,3.0081,5.7252,6.2678,0.1685,-0.0778,4.7219,3.6722,-0.0778,3.1365

1081.9540,1.8843,3.1315,5.7252,6.0106,0.0450,0.0457,4.7219,3.5864,0.0457,3.0806

1082.9540,2.6559,2.8846,5.4782,6.2678,0.2302,-0.0160,4.7219,3.7064,-0.0160,3.1747

1083.9540,2.3987,3.0081,5.6017,6.5251,0.0450,0.0457,4.4647,3.6739,0.0457,3.1555

1084.9540,1.8843,3.0081,5.6017,6.7823,-0.0167,-0.0778,5.4937,3.7922,-0.0778,3.2394

1085.9540,2.3987,3.0081,5.7869,6.5251,0.0450,-0.1395,3.6929,3.5761,-0.1395,3.0453

1086.9540,2.1415,2.6994,6.0339,5.4962,0.0450,-0.0778,4.4647,3.4801,-0.0778,2.9718

1087.9540,2.6559,3.1315,5.7869,7.2968,0.0450,0.0457,4.2074,3.8539,0.0457,3.3099

1088.9540,-0.4305,3.3785,5.4782,6.7823,0.0450,-0.0160,3.6929,3.1577,-0.0160,2.7043

1089.9540,1.6271,3.3785,5.7252,6.5251,0.0450,0.1074,4.4647,3.6276,0.1074,3.1247

1090.9540,2.1415,3.1933,5.6635,6.2678,0.0450,-0.7569,3.1784,3.4149,-0.7569,2.8189

1091.9540,2.1415,3.1933,5.7252,5.4962,0.4155,-0.0778,3.9501,3.4869,-0.0778,2.9777

1092.9540,2.3987,2.9463,5.6017,6.2678,0.1685,-0.0160,4.7219,3.6842,-0.0160,3.1556

1093.9540,1.8843,3.0081,5.8487,6.2678,0.1067,-0.0778,4.9792,3.6825,-0.0778,3.1453

1094.9540,2.3987,2.8846,5.6635,6.5251,-0.0167,-0.0160,4.7219,3.6962,-0.0160,3.1658

1095.9540,2.1415,3.3167,5.7252,7.0395,0.0450,-0.0160,4.2074,3.7459,-0.0160,3.2085

1096.9550,1.8843,3.2550,6.3426,7.0395,0.0450,-0.0778,4.2074,3.7956,-0.0778,3.2423

1097.9540,1.3699,3.0081,5.6635,8.0684,-0.4489,0.0457,3.9501,3.6018,0.0457,3.0938

1098.9540,1.3699,3.0081,5.7252,6.2678,-0.2020,-0.0778,4.4647,3.4389,-0.0778,2.9366

1099.9550,2.1415,2.4524,5.7869,5.7534,0.1685,-0.1395,4.7219,3.5041,-0.1395,2.9836

1100.9540,1.3699,3.3785,5.7869,6.2678,0.1067,-0.0160,4.2074,3.5195,-0.0160,3.0145

1101.9540,1.3699,3.1315,5.7869,6.0106,-0.1402,-0.0778,4.7219,3.4801,-0.0778,2.9718

1102.9540,1.8843,3.1933,5.7869,5.7534,0.0450,-0.0160,4.9792,3.6070,-0.0160,3.0894

1103.9540,1.8843,3.1933,5.6635,6.0106,0.0450,-0.0160,4.9792,3.6293,-0.0160,3.1085

1104.9540,1.8843,3.1933,5.9722,6.5251,-0.0167,0.0457,4.2074,3.6276,0.0457,3.1159

1105.9550,2.1415,3.0698,5.5400,6.5251,0.0450,0.0457,4.2074,3.5881,0.0457,3.0821

1106.9540,1.8843,3.3167,5.5400,6.5251,-0.0167,0.0457,4.2074,3.5761,0.0457,3.0718

1107.9540,1.6271,3.0698,5.7252,5.7534,-0.0785,-0.0160,3.9501,3.3412,-0.0160,2.8616

1108.9540,2.1415,3.0081,5.6017,6.2678,0.1067,-0.0160,3.9501,3.5127,-0.0160,3.0086

1109.9540,1.6271,3.1315,5.7252,6.2678,0.2920,-0.0778,4.4647,3.5847,-0.0778,3.0615

1110.9540,2.1415,3.0081,5.6635,6.0106,0.1067,-0.0160,4.7219,3.6087,-0.0160,3.0909

1111.9540,1.8843,2.9463,5.6635,6.2678,0.0450,-0.0160,4.9792,3.6310,-0.0160,3.1100

1112.9540,1.8843,3.1933,5.6017,6.2678,-0.0167,-0.0160,4.9792,3.6516,-0.0160,3.1276

1113.9540,2.1415,3.0698,5.9104,6.0106,0.0450,-0.2013,3.9501,3.5212,-0.2013,2.9895

1114.9540,1.3699,3.1933,5.7869,6.0106,0.0450,-0.0160,4.4647,3.4784,-0.0160,2.9792

1115.9540,2.1415,3.1933,5.2313,8.0684,-0.2020,0.1074,3.9501,3.7304,0.1074,3.2129

1116.9540,1.6271,3.1315,5.8487,6.2678,-0.1402,-0.0778,4.2074,3.4904,-0.0778,2.9806

1117.9540,1.8843,3.1933,5.8487,6.0106,-0.2637,0.2309,4.2074,3.4801,0.2309,3.0159

1118.9540,1.6271,3.0698,5.6635,5.2389,-0.0785,-0.0778,4.4647,3.3309,-0.0778,2.8439

1119.9540,2.1415,3.0081,5.7252,5.7534,0.0450,-0.3247,2.4066,3.1800,-0.3247,2.6793

1120.9540,2.6559,3.0698,5.6635,5.4962,-0.0167,-0.0778,4.2074,3.5127,-0.0778,2.9997

1121.9540,4.4562,3.1315,5.5400,6.2678,-0.1402,-0.0778,4.2074,3.9105,-0.0778,3.3407

1122.9540,2.3987,3.1315,5.7252,5.4962,0.3537,-0.2630,5.2364,3.7236,-0.2630,3.1541

1123.9540,1.8843,3.2550,5.7869,6.5251,0.0450,-0.0778,4.7219,3.7030,-0.0778,3.1629

1124.9540,2.1415,3.1315,5.7869,7.0395,0.0450,-0.0778,4.2074,3.7253,-0.0778,3.1820

1125.9540,1.8843,3.1315,5.8487,6.2678,0.2302,0.1074,4.2074,3.5950,0.1074,3.0968

1126.9540,1.3699,3.2550,5.7252,6.2678,-0.2020,-0.6951,4.9792,3.5658,-0.6951,2.9571

1127.9550,2.1415,2.9463,5.8487,6.0106,-0.0167,-0.2630,4.2074,3.5230,-0.2630,2.9821

1128.9540,2.1415,3.0081,5.9104,6.2678,-0.0167,-0.1395,4.7219,3.6722,-0.1395,3.1276

1129.9540,2.3987,2.9463,5.6635,7.0395,0.0450,-0.2013,4.2074,3.7167,-0.2013,3.1570

1130.9540,2.1415,2.9463,5.7869,6.2678,0.1685,-0.1395,4.7219,3.6722,-0.1395,3.1276

1131.9540,2.1415,2.6376,5.4165,6.2678,0.0450,-0.0778,4.2074,3.4526,-0.0778,2.9483

1132.9540,1.8843,3.0698,5.8487,6.5251,0.1685,-0.2013,4.4647,3.6602,-0.2013,3.1085

1133.9550,1.6271,3.0698,5.7252,6.5251,0.0450,-0.1395,4.7219,3.6190,-0.1395,3.0821

1134.9540,2.1415,3.1933,5.6635,6.5251,-0.0167,-0.2013,4.7219,3.7047,-0.2013,3.1467

1135.9550,1.8843,2.9463,5.7869,6.2678,0.0450,-0.0778,4.4647,3.5658,-0.0778,3.0453

1136.9550,1.8843,3.0698,5.7252,6.5251,-0.0167,-0.1395,4.4647,3.6087,-0.1395,3.0732

1137.9540,1.1127,3.1933,5.7252,6.5251,-0.0167,-0.0778,4.4647,3.5007,-0.0778,2.9895

1138.9550,1.8843,3.3785,5.7252,6.5251,-0.0167,-0.2013,4.4647,3.6602,-0.2013,3.1085

1139.9550,1.6271,3.1933,5.8487,6.2678,0.7242,0.1074,4.2074,3.6447,0.1074,3.1394

1140.9540,2.1415,3.1933,5.7869,6.0106,0.0450,0.0457,4.2074,3.5641,0.0457,3.0615

1141.9540,1.3699,3.0081,5.7252,6.5251,-0.2020,-0.1395,4.7219,3.5247,-0.1395,3.0012

1142.9540,1.6271,3.1315,5.7869,6.5251,-0.2020,-0.2013,4.2074,3.5127,-0.2013,2.9821

1143.9540,1.8843,3.0698,5.7252,5.4962,-0.0167,-0.2013,4.7219,3.4801,-0.2013,2.9542

1144.9540,1.8843,3.1933,6.0339,7.0395,-0.0167,-0.2013,4.9792,3.8522,-0.2013,3.2732

1145.9540,1.8843,3.1315,5.8487,6.7823,0.0450,-0.0160,4.4647,3.6927,-0.0160,3.1629

1146.9550,1.8843,3.0698,5.5400,6.2678,0.0450,-0.2013,4.7219,3.5881,-0.2013,3.0468

1147.9540,1.8843,3.0698,5.7252,6.2678,0.0450,-0.0778,4.9792,3.6619,-0.0778,3.1276

1148.9540,1.6271,3.0081,5.7869,6.7823,0.1067,-0.1395,4.4647,3.6293,-0.1395,3.0909

1149.9540,2.1415,3.3167,5.9722,6.7823,0.0450,-0.0160,4.4647,3.7871,-0.0160,3.2438

1150.9540,1.8843,3.1933,5.7869,6.7823,0.0450,-0.0778,3.4356,3.5212,-0.0778,3.0071

1151.9550,2.3987,3.1933,5.8487,6.0106,-0.0167,-0.0778,4.4647,3.6499,-0.0778,3.1173

1152.9540,1.3699,3.0698,5.7252,6.2678,0.0450,-0.2013,4.2074,3.4475,-0.2013,2.9263

1153.9550,1.8843,2.9463,5.8487,6.2678,0.0450,-0.1395,4.2074,3.5332,-0.1395,3.0086

1154.9550,1.8843,3.0081,5.6017,6.7823,-0.0167,-0.1395,4.2074,3.5778,-0.1395,3.0468

1155.9540,1.8843,3.0698,5.9104,6.0106,0.0450,-0.1395,4.7219,3.6070,-0.1395,3.0718

1156.9540,3.6847,3.0081,5.7869,6.0106,-0.0785,-0.3247,4.2074,3.7699,-0.3247,3.1849

1157.9550,1.8843,3.0698,5.9104,6.2678,0.0450,-0.0778,4.7219,3.6499,-0.0778,3.1173

1158.9540,1.6271,3.1933,5.9104,6.5251,0.0450,-0.0778,4.7219,3.6705,-0.0778,3.1350

1159.9550,2.1415,2.8846,5.6017,6.7823,0.0450,-0.2630,4.4647,3.6533,-0.2630,3.0938

1160.9540,1.3699,3.2550,5.9104,5.7534,0.0450,-0.2630,4.4647,3.4664,-0.2630,2.9336

1161.9540,1.6271,3.0081,5.5400,6.0106,-0.0167,0.0457,5.4937,3.6104,0.0457,3.1012

1162.9540,4.1990,3.0698,6.0339,5.7534,0.1067,-0.2013,4.7219,3.9808,-0.2013,3.3834

1163.9550,2.1415,3.2550,5.7869,6.7823,0.0450,0.0457,4.4647,3.7459,0.0457,3.2173

1164.9540,0.8555,3.0698,5.7869,6.2678,0.1067,-0.0778,4.2074,3.3824,-0.0778,2.8881

1165.9540,0.8555,3.1315,5.6635,6.2678,0.1067,-0.0160,4.9792,3.5007,-0.0160,2.9983

1166.9540,1.8843,3.0081,5.7252,5.7534,-0.0167,-0.0160,4.4647,3.4698,-0.0160,2.9718

1167.9550,1.1127,3.0698,5.6017,6.2678,-0.0785,-0.0160,4.7219,3.4492,-0.0160,2.9542

1168.9550,1.8843,3.9958,6.0339,6.0106,0.0450,-0.0778,4.4647,3.7390,-0.0778,3.1938

1169.9540,2.1415,3.1933,5.8487,6.7823,0.1067,-0.0160,8.0662,4.3564,-0.0160,3.7318

1170.9550,2.3987,2.8846,5.6017,6.0106,0.1685,-0.0778,3.9501,3.5024,-0.0778,2.9909

1171.9540,1.8843,3.1315,5.9104,5.7534,0.1067,-0.0778,4.7219,3.5847,-0.0778,3.0615

1172.9540,2.1415,3.2550,5.7869,6.7823,0.1067,0.0457,4.4647,3.7562,0.0457,3.2261

1173.9540,1.8843,3.1933,5.7869,6.2678,0.1685,-0.0778,4.4647,3.6276,-0.0778,3.0982

1174.9540,1.8843,3.0698,5.7869,6.2678,0.1067,-0.2013,4.2074,3.5538,-0.2013,3.0174

1175.9540,2.1415,3.0698,5.7869,6.0106,0.0450,-0.0160,4.4647,3.5864,-0.0160,3.0718

1176.9550,1.8843,3.0081,6.0339,6.7823,0.1067,-0.0778,4.7219,3.7562,-0.0778,3.2085

1177.9540,1.8843,3.1933,5.4782,6.2678,-0.0167,-0.0778,4.7219,3.5881,-0.0778,3.0644

1178.9540,1.8843,3.0698,7.2687,8.0684,-0.2637,0.2309,4.7219,4.1249,0.2309,3.5686

1179.9540,1.6271,3.0698,7.0217,6.2678,-0.0167,-0.0160,4.7219,3.7819,-0.0160,3.2394

1180.9540,1.8843,3.2550,5.8487,6.2678,-0.1402,-0.0160,4.4647,3.5967,-0.0160,3.0806

1181.9540,2.1415,3.0698,5.7252,6.2678,0.0450,0.0457,4.7219,3.6619,0.0457,3.1453

1182.9550,1.8843,3.3785,5.8487,6.0106,0.0450,-0.0778,3.6929,3.4767,-0.0778,2.9689

1183.9540,1.3699,3.1315,5.7869,6.2678,0.0450,-0.0778,4.4647,3.5110,-0.0778,2.9983

1184.9540,1.8843,3.3785,5.9722,6.2678,0.1067,0.1074,4.9792,3.7648,0.1074,3.2423

1185.9540,1.8843,3.3167,5.9722,8.8401,-0.3255,0.2309,4.7219,4.0683,0.2309,3.5201

1186.9540,2.3987,3.2550,5.9722,5.7534,0.0450,0.1692,4.7219,3.6910,0.1692,3.1879

1187.9540,1.3699,3.2550,5.9104,6.7823,0.0450,0.2309,4.4647,3.6379,0.2309,3.1512

1188.9540,2.1415,3.2550,5.6635,6.5251,0.0450,0.1692,4.2074,3.6396,0.1692,3.1438

1189.9550,1.6271,3.0698,5.6017,6.2678,0.1067,-0.0778,4.2074,3.4801,-0.0778,2.9718

1190.9540,1.8843,3.1933,5.9722,6.5251,0.0450,0.0457,4.4647,3.6807,0.0457,3.1614

1191.9540,2.1415,3.5019,5.8487,8.0684,-0.0785,0.3544,4.2074,3.9482,0.3544,3.4348

1192.9540,2.1415,3.6254,5.8487,6.2678,-0.0167,0.0457,3.9501,3.6361,0.0457,3.1232

1193.9540,2.3987,3.2550,6.0339,6.5251,0.0450,-0.2013,4.2074,3.7442,-0.2013,3.1805

1194.9540,2.6559,3.3167,5.9722,6.5251,0.1685,-0.0778,8.8380,4.5794,-0.0778,3.9141

1195.9550,1.8843,3.1933,6.0339,5.4962,-0.0785,-0.0160,4.4647,3.4990,-0.0160,2.9968

1196.9550,1.8843,3.2550,5.7869,7.0395,0.0450,-0.0160,4.4647,3.7459,-0.0160,3.2085

1197.9540,1.6271,3.0698,5.5400,6.5251,0.0450,-0.0160,5.2364,3.6739,-0.0160,3.1468

1198.9540,2.1415,3.2550,5.8487,6.2678,0.0450,0.1074,4.2074,3.6276,0.1074,3.1247

1199.9540,1.8843,3.2550,5.6017,6.2678,0.0450,-0.1395,5.2364,3.7150,-0.1395,3.1644

1200.9550,1.1127,3.1315,5.8487,6.5251,-0.1402,-0.2013,4.2074,3.4475,-0.2013,2.9263

1201.9540,1.8843,3.0081,5.7252,7.0395,-0.0167,-0.0778,4.7219,3.7270,-0.0778,3.1835

1202.9540,2.1415,3.1315,5.8487,6.5251,0.1067,-0.0778,3.9501,3.6173,-0.0778,3.0894

1203.9550,0.8555,3.1315,5.7252,6.2678,0.1067,-0.0778,4.7219,3.4681,-0.0778,2.9616

1204.9540,1.8843,3.1315,5.4782,6.0106,-0.0167,-0.1395,3.9501,3.4063,-0.1395,2.8998

1205.9540,2.1415,3.1315,5.7869,6.2678,-0.0167,-0.0160,4.4647,3.6293,-0.0160,3.1085

1206.9540,1.8843,3.1933,5.8487,6.0106,-0.0167,-0.0778,4.2074,3.5212,-0.0778,3.0071

1207.9550,1.8843,3.1933,5.7869,6.5251,-0.2020,-0.0778,4.4647,3.6087,-0.0778,3.0821

1208.9540,1.8843,3.0698,5.8487,6.5251,0.0450,0.1074,4.2074,3.5967,0.1074,3.0982

1209.9540,2.1415,3.0081,5.9104,6.5251,0.2302,-0.0778,4.7219,3.7562,-0.0778,3.2085

1210.9550,1.6271,3.1315,5.6635,7.0395,0.0450,-0.0778,4.4647,3.6619,-0.0778,3.1276

1211.9540,1.8843,3.3167,5.8487,6.2678,0.0450,-0.0778,4.2074,3.5950,-0.0778,3.0703

1212.9540,1.3699,3.1933,5.9722,6.2678,-0.0785,-0.0778,4.7219,3.5744,-0.0778,3.0527

1213.9540,2.6559,3.3167,6.0339,6.5251,0.1067,-0.1395,4.2074,3.8076,-0.1395,3.2437

1214.9550,2.9131,3.1933,5.5400,6.2678,0.0450,0.0457,3.4356,3.5658,0.0457,3.0629

1215.9540,1.6271,3.4402,5.9104,6.7823,-0.0167,0.0457,4.4647,3.7013,0.0457,3.1791

1216.9550,2.1415,3.2550,6.0339,6.5251,0.1067,-0.0778,4.7219,3.7973,-0.0778,3.2438

1217.9540,1.8843,3.0698,5.7252,6.2678,0.0450,-0.2013,2.9211,3.3189,-0.2013,2.8160

1218.9540,1.8843,3.1933,5.2313,6.0106,0.0450,-0.1395,4.4647,3.4715,-0.1395,2.9556

1219.9550,2.1415,3.1933,5.8487,5.7534,0.0450,0.0457,4.2074,3.5315,0.0457,3.0336

1220.9550,2.1415,3.2550,5.9104,5.7534,1.2181,0.2309,4.2074,3.7476,0.2309,3.2452

1221.9550,1.8843,3.3785,5.9104,6.2678,-0.0785,-0.0778,4.7219,3.6807,-0.0778,3.1438

1222.9540,1.6271,3.1933,5.9104,6.7823,0.0450,0.1074,4.7219,3.7133,0.1074,3.1982

1223.9540,2.1415,3.8106,5.4165,6.7823,-0.0167,0.1692,5.2364,3.8951,0.1692,3.3628

1224.9540,1.6271,3.3167,6.0956,5.2389,-0.0785,-0.0160,4.7219,3.4870,-0.0160,2.9865

1225.9540,1.8843,3.3167,6.2809,6.7823,0.1067,0.1074,7.2944,4.2776,0.1074,3.6818

1226.9540,2.3987,3.1933,6.2809,6.0106,0.1067,0.1074,4.4647,3.7425,0.1074,3.2232

1227.9540,1.8843,2.9463,5.6635,6.5251,0.1067,-0.0778,4.2074,3.5555,-0.0778,3.0365

1228.9540,2.3987,3.2550,5.9722,6.2678,-0.0785,0.1074,4.4647,3.7133,0.1074,3.1982

1229.9550,0.8555,3.7489,5.9104,6.7823,0.0450,-0.0160,4.9792,3.7202,-0.0160,3.1865

1230.9540,1.8843,3.3167,5.9104,6.0106,0.1067,0.0457,4.7219,3.6584,0.0457,3.1423

1231.9540,2.1415,3.1933,5.9104,6.5251,0.1067,-0.0778,4.2074,3.6807,-0.0778,3.1438

1232.9540,1.8843,3.2550,5.7869,6.2678,0.2302,-0.0160,4.9792,3.7339,-0.0160,3.1982

1233.9550,1.8843,3.1933,5.4782,6.0106,0.0450,-0.0778,4.7219,3.5555,-0.0778,3.0365

1234.9550,1.6271,3.2550,5.7252,6.5251,0.0450,-0.0160,5.2364,3.7356,-0.0160,3.1997

1235.9540,2.3987,2.9463,5.8487,6.2678,0.0450,-0.2630,4.4647,3.6619,-0.2630,3.1012

1236.9550,2.3987,2.9463,5.8487,6.2678,0.0450,-0.0160,4.4647,3.6619,-0.0160,3.1364

1237.9540,1.6271,3.1933,5.9722,6.0106,-0.0167,-0.0160,4.4647,3.5418,-0.0160,3.0336

1238.9540,1.6271,3.2550,5.7869,6.0106,-0.2020,-0.1395,4.7219,3.5333,-0.1395,3.0086

1239.9540,1.3699,3.4402,6.0956,6.5251,-0.0167,-0.2630,4.7219,3.6893,-0.2630,3.1247

1240.9540,2.1415,3.0081,5.7869,6.7823,0.1067,-0.1395,4.7219,3.7579,-0.1395,3.2011

1241.9540,2.3987,2.9463,5.7869,6.0106,0.0450,-0.1395,4.7219,3.6516,-0.1395,3.1100

1242.9540,2.6559,3.1933,5.7869,6.0106,-0.0167,-0.2013,7.0372,4.1112,-0.2013,3.4951

1243.9540,2.6559,3.1933,5.7252,6.2678,0.1685,-0.2630,5.2364,3.8745,-0.2630,3.2834

1244.9540,1.8843,3.0698,5.7252,7.0395,-0.5107,-0.1395,3.9501,3.5264,-0.1395,3.0027

1245.9540,1.8843,3.1933,5.7869,6.7823,0.0450,-0.2013,2.1494,3.3069,-0.2013,2.8057

1246.9550,1.8843,3.1315,5.7252,6.2678,0.1067,-0.0160,4.9792,3.6825,-0.0160,3.1541

1247.9540,2.6559,3.0698,5.8487,6.0106,0.1067,-0.0778,4.9792,3.7785,-0.0778,3.2276

1248.9540,1.6271,3.0081,5.7252,6.2678,0.1067,-0.0778,4.7219,3.5761,-0.0778,3.0541

1249.9540,2.1415,3.3785,6.0339,6.2678,0.1067,-0.0160,3.9501,3.6464,-0.0160,3.1232

1250.9540,2.3987,3.0081,5.7869,6.5251,-0.4489,0.2309,4.2074,3.5795,0.2309,3.1012

1251.9540,2.1415,3.2550,6.0339,6.0106,0.0450,-0.0778,4.9792,3.7442,-0.0778,3.1982

1252.9540,1.6271,3.1315,5.8487,7.0395,-0.0167,0.0457,5.7509,3.8968,0.0457,3.3467

1253.9550,3.4275,3.2550,5.4782,6.7823,-0.0785,0.1074,4.4647,3.8882,0.1074,3.3481

1254.9540,1.8843,3.1315,5.6017,6.2678,0.0450,-0.0160,4.9792,3.6516,-0.0160,3.1276

1255.9540,2.3987,3.1933,5.9722,5.7534,-0.0785,-0.0778,4.7219,3.6601,-0.0778,3.1262

1256.9540,2.1415,3.1315,5.6635,6.0106,0.0450,-0.0778,5.4937,3.7476,-0.0778,3.2011

1257.9540,2.1415,3.0698,5.8487,6.0106,0.0450,0.0457,4.7219,3.6396,0.0457,3.1262

1258.9540,1.3699,3.1315,5.9104,6.5251,0.0450,0.1074,4.2074,3.5315,0.1074,3.0424

1259.9540,2.1415,3.5019,6.0956,6.7823,0.0450,0.0457,4.4647,3.8385,0.0457,3.2967

1260.9540,1.8843,3.3167,5.7869,6.0106,0.0450,-0.0778,4.7219,3.6276,-0.0778,3.0982

1261.9540,1.6271,3.1933,5.6635,6.2678,-0.0167,-0.0778,4.2074,3.4904,-0.0778,2.9806

1262.9540,2.1415,3.3167,5.7252,6.2678,0.0450,-0.0778,4.2074,3.6173,-0.0778,3.0894

1263.9540,1.8843,3.1933,5.7869,6.0106,0.1067,0.1074,5.4937,3.7459,0.1074,3.2261

1264.9540,-0.4305,3.1933,5.8487,6.5251,0.0450,0.1074,4.2074,3.2315,0.1074,2.7852

1265.9540,2.1415,3.2550,5.9722,6.7823,0.0450,-0.0778,3.9501,3.6910,-0.0778,3.1526

1266.9540,2.1415,2.9463,5.7869,6.5251,-0.0167,0.1692,4.4647,3.6413,0.1692,3.1453

1267.9540,1.6271,3.2550,6.0956,6.5251,0.1067,0.1074,4.7219,3.7219,0.1074,3.2055

1268.9540,2.1415,3.3167,5.7252,6.2678,0.0450,0.2309,4.4647,3.6601,0.2309,3.1703

1269.9540,1.8843,3.1933,5.9104,6.2678,-0.1402,-0.0160,4.4647,3.5967,-0.0160,3.0806

1270.9540,3.1703,3.0698,5.7252,6.2678,0.0450,-0.2013,4.2074,3.7476,-0.2013,3.1835

1271.9540,0.8555,3.3167,5.8487,6.7823,0.0450,0.2309,4.7219,3.5950,0.2309,3.1144

1272.9550,1.1127,3.0698,5.9104,6.0106,-0.0167,-0.0160,4.4647,3.4252,-0.0160,2.9336

1273.9540,2.1415,3.5019,5.9722,6.5251,0.0450,0.1692,4.7219,3.8179,0.1692,3.2967

1274.9540,2.9131,3.3167,5.7869,6.7823,-0.0785,0.1692,4.7219,3.9071,0.1692,3.3731

1275.9540,2.1415,3.5019,5.7252,6.0106,-0.0167,-0.0160,4.9792,3.7236,-0.0160,3.1894

1276.9550,2.1415,3.3785,6.0339,6.5251,0.0450,-0.2630,4.4647,3.7648,-0.2630,3.1894

1277.9540,2.3987,3.3167,5.9104,6.5251,0.0450,0.0457,4.9792,3.8625,0.0457,3.3172

1278.9540,1.8843,3.5019,6.0956,6.2678,0.1067,-0.0160,4.9792,3.8059,-0.0160,3.2599

1279.9540,2.3987,2.9463,5.9722,6.7823,0.1067,0.0457,4.2074,3.7356,0.0457,3.2085

1280.9540,1.3699,3.1315,5.9722,6.5251,0.1067,-0.0160,4.7219,3.6379,-0.0160,3.1159

1281.9540,2.1415,3.1315,5.9722,6.7823,0.0450,0.0457,4.4647,3.7562,0.0457,3.2261

1282.9540,1.8843,3.1933,6.0956,6.5251,0.0450,0.0457,4.4647,3.7013,0.0457,3.1791

1283.9540,2.1415,3.3785,5.9722,11.9269,0.5389,-0.0778,4.7219,4.7800,-0.0778,4.0860

1284.9540,1.8843,3.1933,5.9722,6.5251,-0.0785,0.0457,4.4647,3.6602,0.0457,3.1438

1285.9540,1.1127,3.6254,5.6635,6.5251,-0.0167,0.0457,4.9792,3.6482,0.0457,3.1335

1286.9540,1.6271,3.1933,5.9104,6.7823,-0.0167,-0.0778,4.7219,3.7030,-0.0778,3.1629

1287.9540,2.9131,2.8228,5.9722,6.2678,-0.0785,0.0457,4.2074,3.6841,0.0457,3.1644

1288.9540,2.1415,3.4402,5.9104,6.2678,0.1067,-0.0160,4.7219,3.7648,-0.0160,3.2246

1289.9550,2.1415,3.1933,6.0339,6.2678,0.1067,0.0457,4.9792,3.7871,0.0457,3.2526

1290.9540,-0.9449,3.6254,5.8487,6.5251,0.0450,-0.0160,4.9792,3.3464,-0.0160,2.8661

1291.9540,1.3699,3.5637,5.7869,6.2678,0.0450,-0.1395,3.9501,3.4972,-0.1395,2.9777

1292.9540,5.7422,3.6254,5.4782,6.5251,0.0450,-0.0778,4.9792,4.3992,-0.0778,3.7596

1293.9540,1.8843,3.3167,5.8487,6.5251,-0.1402,-0.0778,4.4647,3.6499,-0.0778,3.1173

1294.9540,1.6271,3.5637,5.9104,6.2678,0.0450,0.0457,4.4647,3.6464,0.0457,3.1320

1295.9540,1.3699,3.3167,5.8487,6.5251,-0.2020,-0.0778,4.2074,3.5110,-0.0778,2.9983

1296.9540,2.1415,3.3785,5.8487,6.2678,0.0450,-0.0778,4.9792,3.7768,-0.0778,3.2261

1297.9540,2.1415,3.3167,5.7869,8.5829,0.0450,-0.0778,3.9501,3.9705,-0.0778,3.3922

1298.9540,2.1415,3.1933,5.9104,6.2678,0.1067,-0.0160,4.7219,3.7236,-0.0160,3.1894

1299.9550,2.1415,3.3785,5.9722,6.7823,0.0450,-0.0160,4.2074,3.7545,-0.0160,3.2158

1300.9540,2.1415,3.0698,6.0339,6.5251,0.1067,-0.1395,4.4647,3.7236,-0.1395,3.1717

1301.9540,2.3987,3.1933,5.7252,5.2389,0.2302,-0.0778,4.9792,3.6276,-0.0778,3.0982

1302.9550,2.1415,3.2550,6.0339,6.5251,0.0450,0.3544,3.1784,3.5298,0.3544,3.0762

1303.9550,2.1415,3.3167,5.7869,6.0106,0.0450,0.0457,3.6929,3.4989,0.0457,3.0056

1304.9550,1.6271,3.3167,6.0339,7.0395,-0.0167,-0.0160,4.4647,3.7442,-0.0160,3.2070

1305.9550,2.9131,3.4402,5.7869,6.7823,0.0450,0.0457,4.4647,3.9054,0.0457,3.3540

1306.9540,2.1415,3.0698,5.9104,5.7534,0.1067,0.0457,5.4937,3.7459,0.0457,3.2173

1307.9540,1.6271,3.2550,6.2809,7.2968,-0.0167,-0.0160,4.9792,3.9037,-0.0160,3.3437

1308.9550,2.9131,3.1315,5.7252,7.8112,-0.0167,0.0457,4.9792,4.0906,0.0457,3.5127

1309.9540,0.8555,3.4402,5.9104,6.0106,-0.0785,0.0457,4.7219,3.4767,0.0457,2.9865

1310.9550,1.8843,3.4402,5.9104,7.0395,0.0450,0.0457,4.4647,3.7973,0.0457,3.2614

1311.9540,1.8843,3.5637,5.9722,6.2678,0.1067,0.0457,4.4647,3.7099,0.0457,3.1864

1312.9540,2.3987,3.5019,5.8487,6.7823,0.0450,0.2309,2.9211,3.5830,0.2309,3.1041

1313.9550,2.1415,3.1315,5.9104,6.2678,0.0450,0.1692,4.4647,3.6601,0.1692,3.1614

1314.9540,1.1127,3.4402,6.0956,6.5251,0.1685,-0.0160,4.7219,3.6773,-0.0160,3.1497

1315.9540,2.1415,3.2550,6.1574,6.5251,0.1067,-0.3247,6.0082,4.0323,-0.3247,3.4099

1316.9540,1.1127,3.0698,6.1574,6.5251,0.0450,-0.0160,4.7219,3.6053,-0.0160,3.0880

1317.9540,1.3699,3.1315,6.0956,6.7823,0.1067,-0.0160,4.9792,3.7442,-0.0160,3.2070

1318.9550,2.1415,3.4402,6.0956,-2.7351,0.7859,-0.3247,5.7509,2.5798,-0.3247,2.1649

1319.9540,1.3699,3.5637,5.3548,7.5540,-0.2020,0.1692,4.7219,3.7270,0.1692,3.2188

1320.9540,1.3699,3.1933,5.9722,6.2678,-0.1402,0.0457,4.7219,3.5641,0.0457,3.0615

1321.9550,1.8843,3.3785,6.0339,6.2678,0.1067,0.1692,4.7219,3.7322,0.1692,3.2232

1322.9540,2.1415,3.5019,6.0339,6.0106,-0.0167,0.0457,4.7219,3.7322,0.0457,3.2055

1323.9540,2.6559,3.3785,5.9104,6.5251,0.0450,0.1692,4.7219,3.8728,0.1692,3.3437

1324.9540,2.1415,3.3785,6.2191,6.2678,0.0450,0.1074,4.7219,3.7956,0.1074,3.2687

1325.9540,0.8555,3.3167,5.7869,7.5540,-0.0167,0.1692,4.9792,3.7459,0.1692,3.2350

1326.9540,1.6271,3.0698,6.0339,5.7534,0.1067,0.1074,4.9792,3.5950,0.1074,3.0968

1327.9540,2.1415,3.3785,6.2191,6.5251,0.1067,-0.0778,4.4647,3.8059,-0.0778,3.2511

1328.9540,1.8843,3.1933,5.8487,7.2968,-0.0167,0.1074,4.4647,3.7785,0.1074,3.2540

1329.9540,1.8843,3.5019,5.9104,6.0106,0.0450,0.0457,4.7219,3.6790,0.0457,3.1600

1330.9550,1.8843,3.2550,6.1574,6.5251,0.1067,-0.0778,4.7219,3.7751,-0.0778,3.2247

1331.9550,2.1415,3.4402,6.2191,6.5251,0.1067,-0.0160,4.7219,3.8591,-0.0160,3.3055

1332.9540,2.3987,3.2550,6.1574,6.2678,0.0450,-0.0160,4.9792,3.8505,-0.0160,3.2981

1333.9550,2.1415,3.2550,5.9722,5.7534,0.1685,-0.0160,4.7219,3.6687,-0.0160,3.1423

1334.9540,1.6271,3.1933,5.7252,6.7823,0.1067,0.0457,4.2074,3.6070,0.0457,3.0982

1335.9540,2.1415,3.1933,5.9104,7.5540,-0.0785,0.1692,4.2074,3.8213,0.1692,3.2996

1336.9550,2.9131,3.3167,5.9104,6.7823,0.1067,-0.0160,5.2364,4.0443,-0.0160,3.4642

1337.9540,2.3987,3.2550,5.8487,6.5251,0.0450,-0.0778,4.7219,3.7991,-0.0778,3.2452

1338.9540,2.3987,3.3785,6.1574,6.5251,0.1685,-0.0778,4.4647,3.8488,-0.0778,3.2878

1339.9540,2.1415,3.1933,5.7869,6.5251,0.0450,-0.2630,6.0082,3.9500,-0.2630,3.3481

1340.9540,1.8843,3.3785,5.9722,6.7823,-0.0167,0.1074,4.7219,3.7871,0.1074,3.2614

1341.9540,2.1415,3.4402,5.7252,6.5251,-0.0167,-0.0160,0.3486,3.0273,-0.0160,2.5925

1342.9540,2.1415,3.4402,5.9722,6.5251,0.0450,-0.0160,5.2364,3.8934,-0.0160,3.3349

1343.9540,2.6559,3.1315,6.0339,6.5251,0.1685,-0.1395,4.9792,3.9157,-0.1395,3.3364

1344.9540,2.3987,3.1933,5.8487,6.7823,0.0450,-0.1395,4.9792,3.8745,-0.1395,3.3011

1345.9540,1.8843,3.5637,6.0956,7.0395,-0.0167,-0.1395,4.7219,3.8814,-0.1395,3.3070

1346.9540,2.3987,3.1933,5.7869,7.5540,-0.0785,-0.2013,4.2074,3.8436,-0.2013,3.2658

1347.9540,2.1415,3.1933,5.7252,7.0395,-0.0167,-0.0160,4.7219,3.8008,-0.0160,3.2555

1348.9540,1.6271,3.1933,5.9104,6.2678,0.0450,-0.5099,5.7509,3.7991,-0.5099,3.1835

1349.9550,2.1415,3.1315,5.8487,5.7534,-0.0167,-0.1395,4.7219,3.5967,-0.1395,3.0630

1350.9550,2.1415,3.3167,5.9722,6.5251,0.0450,-0.0778,4.7219,3.7871,-0.0778,3.2349

1351.9550,1.8843,3.2550,6.0956,6.5251,0.1067,-0.0778,5.2364,3.8505,-0.0778,3.2893

1352.9550,0.0839,3.2550,5.6017,7.2968,0.0450,-0.0160,4.9792,3.5436,-0.0160,3.0351

1353.9540,2.6559,3.2550,5.6017,6.5251,0.0450,0.1074,4.4647,3.7579,0.1074,3.2364

1354.9550,1.6271,3.3785,6.0956,6.7823,0.1067,0.0457,4.9792,3.8282,0.0457,3.2879

1355.9540,0.8555,3.3167,5.9722,7.0395,0.0450,0.0457,4.4647,3.6156,0.0457,3.1056

1356.9550,1.8843,3.1315,5.8487,6.5251,-0.1402,-0.1395,4.4647,3.6190,-0.1395,3.0821

1357.9540,2.3987,3.1933,5.9104,6.2678,-0.0785,-0.3865,5.4937,3.8642,-0.3865,3.2570

1358.9540,2.9131,3.1315,6.0339,6.5251,0.0450,-0.0778,4.4647,3.8522,-0.0778,3.2908

1359.9540,-0.4305,3.5019,5.7252,6.5251,-0.0167,0.0457,4.4647,3.2949,0.0457,2.8308

1360.9540,2.1415,3.1315,6.0956,6.2678,0.0450,-0.1395,4.2074,3.6481,-0.1395,3.1071

1361.9540,2.1415,3.3167,5.6017,6.0106,0.1067,-0.0778,4.4647,3.6070,-0.0778,3.0806

1362.9540,0.5983,3.5637,5.7869,7.0395,-0.0167,0.1074,4.7219,3.6156,0.1074,3.1144

1363.9540,2.1415,3.1933,6.4661,6.2678,0.1685,-0.1395,4.2074,3.7408,-0.1395,3.1864

1364.9540,2.1415,3.2550,5.9722,6.5251,-0.1402,-0.0778,4.7219,3.7459,-0.0778,3.1997

1365.9540,2.6559,3.3167,5.2313,7.0395,-0.2637,0.1074,4.4647,3.7407,0.1074,3.2217

1366.9550,1.6271,3.1933,5.7869,7.0395,0.1067,-0.0160,4.7219,3.7459,-0.0160,3.2085

1367.9550,2.3987,3.3167,5.7252,7.5540,-0.0785,0.2309,3.9501,3.8110,0.2309,3.2996

1368.9540,2.1415,3.0698,5.8487,6.2678,0.1067,0.1074,4.9792,3.7356,0.1074,3.2173

1369.9540,1.8843,3.2550,6.0339,6.7823,-0.0167,0.2309,4.7219,3.7768,0.2309,3.2702

1370.9540,1.8843,3.5019,5.9722,3.1811,0.5389,0.0457,4.4647,3.2572,0.0457,2.7984

1371.9540,2.1415,3.4402,6.1574,6.7823,0.4772,-0.0778,4.9792,3.9963,-0.0778,3.4143

1372.9540,2.3987,3.2550,5.9104,6.0106,0.1067,0.1692,4.4647,3.6910,0.1692,3.1879

1373.9550,2.1415,2.3290,6.0956,6.0106,0.0450,-0.0778,4.9792,3.6001,-0.0778,3.0747

1374.9550,2.3987,3.3167,5.8487,6.0106,0.1067,-0.0160,4.9792,3.7768,-0.0160,3.2349

1375.9540,2.1415,3.4402,6.0339,6.7823,-0.0785,-0.0778,4.7219,3.8402,-0.0778,3.2805

1376.9550,1.8843,3.1315,5.9722,7.0395,0.0450,0.0457,4.7219,3.7991,0.0457,3.2629

1377.9540,2.6559,3.3167,5.8487,6.5251,0.1685,-0.0160,4.7219,3.8728,-0.0160,3.3172

1378.9540,2.1415,3.4402,5.7252,6.2678,0.0450,-0.6951,4.4647,3.6807,-0.6951,3.0556

1379.9550,2.3987,3.3167,5.9104,6.7823,-0.0167,0.0457,3.9501,3.7236,0.0457,3.1982

1380.9550,2.3987,3.1315,5.7869,5.7534,-0.0785,-0.1395,4.7219,3.6190,-0.1395,3.0821

1381.9550,1.3699,3.5019,6.1574,6.5251,0.1685,-0.2013,4.7219,3.7408,-0.2013,3.1776

1382.9540,1.6271,3.3785,6.0339,5.2389,-0.0785,-0.0160,4.4647,3.4441,-0.0160,2.9498

1383.9550,2.1415,3.0698,5.9104,6.7823,0.1067,-0.0778,4.4647,3.7459,-0.0778,3.1997

1384.9540,2.6559,3.3167,5.9104,6.7823,-0.1402,-0.0778,4.7219,3.8745,-0.0778,3.3099

1385.9540,2.3987,3.1933,5.9104,7.0395,0.0450,-0.2630,4.2074,3.7990,-0.2630,3.2188

1386.9550,1.6271,3.3167,6.0339,6.5251,-0.0785,-0.2013,5.2364,3.7768,-0.2013,3.2085

1387.9550,1.8843,3.5019,5.8487,6.7823,-0.4489,-0.3865,5.2364,3.8008,-0.3865,3.2026

1388.9550,1.8843,3.2550,5.8487,7.8112,-0.5724,0.2926,3.9501,3.6961,0.2926,3.2099

1389.9540,1.8843,3.3167,5.8487,6.2678,0.3537,-0.1395,5.2364,3.8179,-0.1395,3.2526

1390.9550,1.6271,3.1933,5.9104,6.7823,-0.1402,-0.0778,4.2074,3.5967,-0.0778,3.0718

1391.9540,2.1415,3.1933,6.0339,6.5251,0.1067,-0.0778,4.7219,3.7871,-0.0778,3.2349

1392.9550,2.3987,3.3167,6.0339,6.5251,0.1685,-0.0778,4.9792,3.9037,-0.0778,3.3349

1393.9540,2.1415,3.2550,5.7869,6.5251,-0.2020,-0.3247,4.7219,3.7047,-0.3247,3.1291

1394.9540,2.1415,3.1315,5.7252,6.5251,0.0450,-0.1395,4.4647,3.6722,-0.1395,3.1276

1395.9540,2.3987,3.2550,5.9722,6.7823,0.0450,-0.2630,4.4647,3.8196,-0.2630,3.2364

1396.9540,2.1415,3.3785,5.8487,6.2678,0.0450,-0.0778,5.2364,3.8196,-0.0778,3.2629

1397.9540,2.1415,3.1933,6.6513,4.9817,0.1067,-0.1395,4.9792,3.6756,-0.1395,3.1306

1398.9540,1.3699,3.1933,5.9104,6.5251,0.1685,-0.0160,4.4647,3.6053,-0.0160,3.0880

1399.9540,1.8843,3.3167,6.0339,5.7534,0.0450,-0.0778,4.7219,3.6259,-0.0778,3.0968

1400.9540,2.1415,3.4402,5.2930,6.0106,0.0450,0.0457,4.7219,3.6087,0.0457,3.0997

1401.9550,1.6271,3.3167,5.8487,6.7823,-0.1402,-0.1395,4.7219,3.6927,-0.1395,3.1453

1402.9550,1.6271,3.3167,6.0339,6.7823,0.0450,0.1074,4.7219,3.7545,0.1074,3.2335

1403.9550,1.6271,3.3785,6.0339,7.2968,-0.0167,0.0457,4.7219,3.8402,0.0457,3.2981

1404.9550,2.1415,3.1933,5.8487,6.2678,0.1685,0.1692,4.7219,3.7236,0.1692,3.2158

1405.9540,2.6559,3.2550,6.0956,6.5251,0.1067,-0.0160,4.4647,3.8505,-0.0160,3.2981

1406.9540,2.3987,3.4402,6.0339,6.2678,-0.0167,0.2309,3.9501,3.6790,0.2309,3.1864

1407.9540,1.6271,3.3167,6.0956,6.5251,0.0450,0.1692,4.9792,3.7648,0.1692,3.2511

1408.9540,2.3987,3.2550,6.0956,6.7823,0.1067,0.1074,4.9792,3.9362,0.1074,3.3893

1409.9540,2.1415,3.6254,6.0339,6.7823,0.0450,0.1692,4.9792,3.9345,0.1692,3.3966

1410.9540,2.1415,3.3785,6.1574,7.2968,0.0450,0.1692,4.7219,3.9568,0.1692,3.4157

1411.9550,2.1415,3.5019,5.8487,6.0106,0.0450,-0.0160,4.7219,3.7116,-0.0160,3.1791

1412.9540,2.1415,3.3785,5.9722,6.5251,0.0450,-0.0160,4.2074,3.7116,-0.0160,3.1791

1413.9550,2.1415,3.2550,5.7869,6.7823,-0.0167,0.0457,4.7219,3.7785,0.0457,3.2452

1414.9540,2.1415,3.5019,5.9722,6.5251,0.1067,0.1074,4.7219,3.8282,0.1074,3.2967

1415.9540,2.1415,3.3167,6.0956,6.5251,0.0450,-0.0778,4.9792,3.8505,-0.0778,3.2893

1416.9550,2.9131,3.1933,5.8487,6.7823,0.1067,-0.0778,5.2364,4.0134,-0.0778,3.4290

1417.9540,2.1415,3.5019,6.0956,6.7823,0.0450,-0.0160,4.7219,3.8814,-0.0160,3.3246

1418.9540,1.8843,3.3785,6.0339,7.0395,-0.0167,-0.0160,4.7219,3.8402,-0.0160,3.2893

1419.9540,2.6559,3.2550,6.0956,6.2678,0.0450,-0.0778,4.7219,3.8402,-0.0778,3.2805

1420.9540,2.9131,3.3167,6.0339,6.5251,0.3537,-0.2013,5.4937,4.1060,-0.2013,3.4907

1421.9540,2.1415,3.2550,6.0339,6.2678,0.1067,-0.0160,4.7219,3.7545,-0.0160,3.2158

1422.9540,2.9131,3.4402,6.2191,7.2968,0.1067,-0.0160,4.2074,4.0305,-0.0160,3.4525

1423.9540,2.1415,3.2550,6.1574,6.7823,0.1685,-0.0778,4.4647,3.8282,-0.0778,3.2702

1424.9550,2.1415,3.3785,5.9104,6.5251,-0.0167,-0.0160,4.9792,3.8196,-0.0160,3.2717

1425.9540,1.8843,3.2550,5.9722,7.0395,0.0450,-0.1395,4.9792,3.8625,-0.1395,3.2908

1426.9540,2.1415,3.3785,6.0339,7.0395,-0.0167,-0.0778,4.7219,3.8831,-0.0778,3.3172

1427.9540,1.6271,3.2550,6.0339,6.5251,0.0450,-0.1395,4.4647,3.6584,-0.1395,3.1159

1428.9540,1.6271,3.1315,5.9722,7.0395,-0.1402,-0.2630,4.7219,3.7253,-0.2630,3.1556

1429.9540,2.6559,3.2550,5.9104,6.7823,0.0450,-0.3247,4.7219,3.8951,-0.3247,3.2923

1430.9540,2.1415,3.1315,5.9104,6.2678,0.0450,-0.1395,4.9792,3.7459,-0.1395,3.1908

1431.9550,2.6559,3.1933,5.7869,6.2678,0.1067,-0.0778,5.2364,3.8745,-0.0778,3.3099

1432.9540,3.1703,3.1315,6.0339,7.0395,-0.0167,-0.1395,4.7219,4.0134,-0.1395,3.4201

1433.9540,1.6271,3.2550,5.9104,6.5251,0.1067,-0.0160,4.7219,3.6910,-0.0160,3.1615

1434.9550,1.6271,3.1933,6.0956,6.7823,0.0450,-0.0160,4.7219,3.7442,-0.0160,3.2070

1435.9540,1.6271,3.2550,5.9104,2.6666,-0.5107,0.2309,4.9792,2.9879,0.2309,2.5941

1436.9550,1.8843,3.3167,5.7869,6.7823,-0.2020,-0.1395,4.4647,3.6722,-0.1395,3.1276

1437.9540,1.6271,3.4402,5.9104,6.7823,0.1067,-0.0778,5.2364,3.8505,-0.0778,3.2893

1438.9540,2.6559,3.3167,6.1574,6.5251,0.0450,-0.2013,4.2074,3.8179,-0.2013,3.2437

1439.9540,1.3699,3.1315,5.9104,6.7823,0.0450,-0.1395,4.7219,3.6602,-0.1395,3.1174

1440.9540,2.3987,3.2550,6.3426,5.4962,0.0450,-0.0778,4.9792,3.7528,-0.0778,3.2055

1441.9550,0.8555,3.5637,5.9722,6.7823,-0.0167,-0.0160,5.4937,3.7751,-0.0160,3.2335

1442.9540,2.1415,3.3785,6.1574,6.2678,0.0450,0.0457,5.2364,3.8711,0.0457,3.3246

1443.9540,1.6271,3.2550,6.1574,6.7823,0.1067,-0.1395,4.7219,3.7751,-0.1395,3.2158

1444.9540,1.8843,3.1315,5.8487,6.7823,0.0450,-0.0160,4.4647,3.6927,-0.0160,3.1629

1445.9540,1.6271,3.5637,5.9104,7.0395,0.0450,0.0457,4.2074,3.7322,0.0457,3.2055

1446.9540,1.8843,3.5019,5.9104,6.2678,-0.0167,-0.0160,5.2364,3.7974,-0.0160,3.2526

1447.9540,2.1415,3.3167,6.4661,6.5251,0.1067,-0.0160,4.9792,3.9225,-0.0160,3.3599

1448.9540,2.1415,3.4402,6.0956,6.2678,-0.0167,-0.0160,4.9792,3.8179,-0.0160,3.2702

1449.9550,2.3987,3.3785,6.1574,6.7823,0.1067,-0.0160,5.2364,4.0100,-0.0160,3.4348

1450.9540,1.6271,3.3167,5.9104,6.2678,0.0450,-0.0778,4.9792,3.6910,-0.0778,3.1526

1451.9540,2.3987,3.3167,5.6635,6.2678,-0.0167,-0.0160,3.9501,3.5967,-0.0160,3.0806

1452.9550,2.1415,3.3785,6.0339,6.7823,0.0450,-0.2630,4.7219,3.8505,-0.2630,3.2629

1453.9540,2.1415,3.3785,6.1574,6.0106,-0.0785,-0.0778,4.9792,3.7648,-0.0778,3.2158

1454.9550,0.3411,3.6872,6.0339,6.2678,-0.0785,-0.0160,4.7219,3.4956,-0.0160,2.9939

1455.9540,2.6559,3.3785,6.1574,7.0395,0.1685,-0.0778,5.4937,4.1489,-0.0778,3.5451

1456.9540,2.6559,3.3785,5.9722,5.7534,0.0450,-0.0778,4.4647,3.7116,-0.0778,3.1702

1457.9550,2.1415,3.2550,6.0339,6.5251,-0.0167,0.0457,4.7219,3.7768,0.0457,3.2438

1458.9540,2.1415,2.7611,6.1574,5.7534,0.2302,-0.3247,4.7219,3.6276,-0.3247,3.0630

1459.9540,2.1415,3.2550,5.8487,6.2678,-0.0167,0.0457,4.9792,3.7459,0.0457,3.2173

1460.9550,2.1415,3.4402,6.2191,6.7823,0.1067,-0.0160,5.4937,4.0306,-0.0160,3.4525

1461.9540,1.3699,3.1933,5.8487,7.5540,-0.4489,0.3544,4.4647,3.6636,0.3544,3.1908

1462.9540,2.1415,3.3785,5.8487,6.7823,0.1067,0.2309,3.9501,3.7013,0.2309,3.2055

1463.9550,2.1415,3.5019,6.0956,6.5251,0.0450,0.0457,3.9501,3.7099,0.0457,3.1864

1464.9540,2.6559,3.5637,5.9104,6.7823,0.0450,0.1074,5.2364,4.0323,0.1074,3.4716

1465.9550,2.1415,3.4402,5.8487,7.0395,-0.3872,0.5396,4.2074,3.7150,0.5396,3.2614

1466.9550,2.9131,3.4402,6.3426,6.2678,0.1685,0.0457,4.9792,4.0186,0.0457,3.4510

1467.9540,3.1703,3.3785,6.0956,6.7823,0.0450,0.1692,4.4647,3.9894,0.1692,3.4436

1468.9550,3.6847,3.1933,5.9722,6.7823,0.1067,0.0457,4.9792,4.1197,0.0457,3.5377

1469.9550,2.3987,3.3167,6.0956,7.2968,0.0450,0.1692,4.4647,3.9362,0.1692,3.3981

1470.9540,2.1415,3.7489,6.3426,7.0395,0.1067,-0.0160,4.4647,3.9740,-0.0160,3.4040

1471.9550,2.1415,3.4402,6.0339,7.0395,-0.0167,0.1074,4.4647,3.8505,0.1074,3.3158

1472.9540,1.8843,3.4402,6.2809,7.0395,-0.0785,0.0457,4.4647,3.8385,0.0457,3.2967

1473.9540,1.8843,3.1315,6.1574,6.7823,0.8477,-0.3865,5.4937,4.0495,-0.3865,3.4158

1474.9540,1.8843,3.4402,6.1574,6.7823,0.0450,0.0457,4.7219,3.8385,0.0457,3.2967

1475.9540,1.8843,3.6254,6.6513,5.2389,-0.0167,-0.0160,4.4647,3.6413,-0.0160,3.1188

1476.9550,1.8843,3.2550,6.0339,6.7823,0.2302,-0.0778,4.7219,3.8179,-0.0778,3.2614

1477.9550,2.3987,3.5637,6.3426,6.2678,0.1067,-0.1395,4.7219,3.9002,-0.1395,3.3231

1478.9540,2.3987,3.4402,6.0956,7.2968,0.0450,0.1074,4.2074,3.9139,0.1074,3.3702

1479.9540,2.1415,3.4402,6.1574,6.7823,0.1067,-0.0160,5.2364,3.9774,-0.0160,3.4069

1480.9540,2.3987,3.4402,6.0339,7.0395,-0.0167,-0.0778,4.9792,3.9791,-0.0778,3.3996

1481.9540,2.3987,3.4402,6.0339,6.2678,0.1067,-0.2013,4.4647,3.7853,-0.2013,3.2158

1482.9550,1.6271,3.1933,5.7869,6.5251,-0.0785,-0.2630,4.7219,3.6293,-0.2630,3.0733

1483.9540,2.1415,3.4402,5.8487,6.2678,0.0450,-0.0778,4.2074,3.6584,-0.0778,3.1247

1484.9540,2.6559,3.2550,6.4043,6.5251,0.1067,-0.3247,4.4647,3.9019,-0.3247,3.2981

1485.9540,2.1415,3.3785,6.1574,7.0395,-0.0167,-0.0778,4.7219,3.9037,-0.0778,3.3349

1486.9540,2.1415,3.4402,5.9722,6.2678,-0.0167,-0.1395,3.9501,3.6258,-0.1395,3.0879

1487.9540,2.9131,3.3785,6.0956,6.7823,0.1067,-0.6951,5.7509,4.1712,-0.6951,3.4760

1488.9540,2.1415,3.1315,5.8487,6.2678,0.0450,0.0457,4.9792,3.7356,0.0457,3.2085

1489.9540,2.1415,3.5019,6.0956,6.7823,-0.0167,-0.0778,5.4937,3.9997,-0.0778,3.4172

1490.9550,2.3987,3.1933,6.2809,6.2678,0.0450,-0.0778,4.7219,3.8179,-0.0778,3.2614

1491.9540,1.8843,3.2550,5.9722,6.7823,0.2302,-0.0778,5.2364,3.8934,-0.0778,3.3261

1492.9540,2.1415,3.5019,5.9104,6.5251,0.0450,0.1074,4.4647,3.7648,0.1074,3.2423

1493.9540,1.3699,3.3785,5.9104,7.0395,0.1067,-0.0778,8.0662,4.3119,-0.0778,3.6848

1494.9540,2.1415,3.3785,5.9104,6.2678,0.0450,-0.0160,4.9792,3.7871,-0.0160,3.2438

1495.9540,1.8843,3.2550,6.8983,6.0106,0.1685,-0.0778,4.7219,3.8231,-0.0778,3.2658

1496.9540,2.3987,3.5019,5.9104,6.7823,0.0450,0.1074,4.4647,3.8505,0.1074,3.3158

1497.9540,2.1415,3.5637,5.9722,7.0395,-0.1402,-0.0778,4.4647,3.8402,-0.0778,3.2805

1498.9550,2.1415,3.4402,6.0339,6.7823,0.0450,-0.0778,5.2364,3.9465,-0.0778,3.3716

1499.9540,2.3987,3.3167,5.9104,6.7823,0.0450,-0.0160,3.9501,3.7339,-0.0160,3.1982

1500.9540,2.1415,3.3167,6.3426,7.2968,-0.2020,-0.0778,4.4647,3.8934,-0.0778,3.3261

1501.9540,2.1415,3.4402,5.9722,7.0395,0.0450,0.0457,4.4647,3.8505,0.0457,3.3070

1502.9540,2.3987,3.3167,5.8487,6.5251,0.0450,0.0457,3.9501,3.6807,0.0457,3.1614

1503.9550,2.6559,3.4402,6.0956,6.5251,-0.0167,0.1074,3.9501,3.7750,0.1074,3.2511

1504.9540,1.8843,3.3785,6.0339,6.7823,0.1067,-0.0778,4.7219,3.8179,-0.0778,3.2614

1505.9540,1.6271,3.3785,6.0339,6.7823,-0.0167,-0.0160,4.7219,3.7545,-0.0160,3.2158

1506.9540,2.3987,3.5637,5.9104,7.0395,0.0450,0.1074,4.4647,3.9037,0.1074,3.3613

1507.9540,2.3987,3.3785,5.9104,6.5251,0.2302,-0.0778,6.2654,4.1180,-0.0778,3.5186

1508.9540,2.6559,3.3167,6.1574,6.5251,0.1685,0.1074,5.2364,4.0100,0.1074,3.4525

1509.9540,2.6559,3.5019,6.3426,6.7823,0.1067,-0.0160,4.9792,4.0614,-0.0160,3.4789

1510.9550,2.3987,3.3785,6.0339,6.7823,-0.0167,0.0457,4.7219,3.8831,0.0457,3.3349

1511.9550,1.6271,3.5019,5.9722,6.2678,-0.0167,0.0457,4.7219,3.6790,0.0457,3.1600

1512.9550,2.3987,3.6872,6.4043,6.7823,0.1685,-0.0160,5.4937,4.1558,-0.0160,3.5598

1513.9540,2.3987,3.6872,6.1574,6.7823,0.0450,0.1692,4.7219,3.9654,0.1692,3.4231

1514.9540,2.1415,3.3785,6.2191,6.5251,0.1685,-0.1395,3.1784,3.6018,-0.1395,3.0674

1515.9540,2.1415,3.5637,6.1574,6.5251,-0.1402,-0.0160,4.7219,3.8282,-0.0160,3.2790

1516.9540,2.3987,3.4402,6.3426,6.7823,0.1067,-0.0160,4.9792,4.0083,-0.0160,3.4334

1517.9540,2.3987,3.4402,6.0339,7.2968,0.1067,-0.0160,4.9792,4.0426,-0.0160,3.4628

1518.9540,2.3987,3.2550,5.8487,7.2968,0.0450,0.0457,4.7219,3.9277,0.0457,3.3731

1519.9550,2.1415,3.7489,6.2191,7.0395,0.0450,-0.0160,4.7219,3.9860,-0.0160,3.4143

1520.9550,2.3987,3.5019,6.0956,4.9817,0.2302,-0.2013,5.2364,3.7408,-0.2013,3.1776

1521.9540,2.1415,3.6254,6.2191,6.7823,-0.0167,-0.0160,4.9792,3.9551,-0.0160,3.3878

1522.9540,1.8843,3.4402,5.9722,6.2678,0.0450,-0.0160,4.7219,3.7219,-0.0160,3.1879

1523.9540,2.6559,3.3167,6.2191,6.0106,-0.0785,-0.0778,4.7219,3.8076,-0.0778,3.2526

1524.9540,2.1415,3.5637,5.9104,6.5251,0.0450,-0.0160,4.7219,3.8179,-0.0160,3.2702

1525.9540,1.8843,3.4402,5.8487,6.7823,0.1067,-0.2013,4.7219,3.7973,-0.2013,3.2261

1526.9540,2.1415,3.4402,6.2191,7.0395,0.0450,-0.1395,3.4356,3.7202,-0.1395,3.1688

1527.9540,2.6559,3.3167,5.9722,7.0395,0.1685,-0.2013,5.2364,4.0649,-0.2013,3.4554

1528.9540,2.1415,3.2550,5.6635,6.2678,0.0450,-0.2013,4.9792,3.7253,-0.2013,3.1644

1529.9540,2.3987,3.2550,6.0339,6.5251,0.1067,-0.0778,5.2364,3.9260,-0.0778,3.3540

1530.9540,2.9131,3.2550,6.3426,7.2968,-0.0167,-0.1395,4.7219,4.0854,-0.1395,3.4819

1531.9540,1.8843,3.3167,5.9722,7.2968,-0.0167,-0.1395,4.7219,3.8625,-0.1395,3.2908

1532.9540,2.9131,3.1315,5.9104,6.5251,0.1067,-0.2013,4.7219,3.8848,-0.2013,3.3011

1533.9540,2.6559,3.3167,5.9722,6.2678,0.1067,-0.0160,5.2364,3.9260,-0.0160,3.3628

1534.9540,1.8843,3.5019,5.9722,7.0395,-0.0167,0.2309,6.0082,4.0649,0.2309,3.5172

1535.9560,2.1415,3.3167,6.1574,6.5251,0.1067,-0.0160,4.9792,3.8711,-0.0160,3.3158

1536.9540,2.6559,3.4402,5.8487,7.2968,-0.0785,0.4778,4.4647,3.9379,0.4778,3.4436

1537.9540,2.6559,3.5019,6.0956,6.2678,-0.0167,-0.0160,4.7219,3.8711,-0.0160,3.3158

1538.9540,2.1415,3.5019,6.2191,6.2678,-0.0167,-0.0778,4.7219,3.8059,-0.0778,3.2511

1539.9540,2.6559,3.4402,6.1574,6.0106,-0.0785,-0.0160,4.7219,3.8179,-0.0160,3.2702

1540.9540,2.1415,3.3167,6.0339,6.7823,0.0450,0.0457,4.7219,3.8402,0.0457,3.2981

1541.9550,2.6559,3.4402,6.1574,6.5251,0.1067,-0.5717,5.7509,4.1060,-0.5717,3.4378

1542.9540,2.3987,3.5019,5.9722,6.2678,0.1067,-0.0778,5.2364,3.9140,-0.0778,3.3437

1543.9540,2.1415,3.4402,6.1574,7.0395,-0.0167,0.0457,4.9792,3.9568,0.0457,3.3981

1544.9550,2.9131,3.2550,5.9722,8.8401,-0.2637,-0.0160,4.4647,4.1969,-0.0160,3.5950

1545.9550,2.3987,3.4402,6.1574,6.2678,0.0450,0.0457,5.2364,3.9242,0.0457,3.3702

1546.9540,2.3987,3.9958,6.1574,7.2968,-0.0167,0.0457,5.2364,4.1780,0.0457,3.5877

1547.9540,2.6559,3.3785,5.7252,6.2678,-0.0167,0.0457,3.6929,3.6173,0.0457,3.1070

1548.9540,2.3987,3.1933,6.1574,6.7823,0.0450,-0.0160,4.7219,3.8831,-0.0160,3.3261

1549.9540,1.6271,3.9341,5.6635,6.7823,-0.0785,0.0457,4.4647,3.7322,0.0457,3.2055

1550.9540,2.6559,3.4402,6.1574,6.2678,0.0450,0.1074,4.9792,3.9242,0.1074,3.3790

1551.9540,2.3987,3.5637,6.0339,6.5251,0.1067,0.0457,4.7219,3.8917,0.0457,3.3422

1552.9540,2.1415,3.4402,6.0339,6.7823,0.1067,0.1074,4.4647,3.8282,0.1074,3.2967

1553.9540,2.1415,3.5019,5.9722,6.7823,-0.0167,0.2309,4.9792,3.8934,0.2309,3.3702

1554.9550,2.3987,3.8724,6.4043,7.0395,-0.0167,1.0952,4.9792,4.1129,1.0952,3.6818

1555.9550,2.3987,3.6872,6.0956,6.2678,0.1067,0.1074,4.9792,3.9225,0.1074,3.3775

1556.9540,1.8843,3.3785,6.0339,6.7823,-0.0785,0.1074,4.7219,3.7871,0.1074,3.2614

1557.9550,2.6559,3.5637,6.2191,6.0106,0.0450,0.0457,4.7219,3.8694,0.0457,3.3231

1558.9550,2.1415,3.7489,6.4043,7.2968,0.0450,0.0457,4.7219,4.0597,0.0457,3.4863

1559.9550,2.1415,3.5019,5.9722,5.2389,0.0450,-0.0778,4.7219,3.6036,-0.0778,3.0777

1560.9550,2.6559,3.6254,6.2809,6.7823,0.1067,-0.0160,5.4937,4.1575,-0.0160,3.5613

1561.9550,1.8843,3.6872,6.3426,7.0395,-0.0167,-0.0160,5.4937,4.0717,-0.0160,3.4878

1562.9540,2.1415,3.6872,6.0956,6.7823,0.0450,0.0457,4.9792,3.9551,0.0457,3.3966

1563.9540,2.3987,3.4402,5.9722,6.7823,0.1067,0.0457,4.2074,3.8179,0.0457,3.2790

1564.9540,2.1415,3.3167,6.0339,7.2968,0.0450,0.1074,4.9792,3.9688,0.1074,3.4172

1565.9550,2.3987,3.5019,5.8487,6.7823,0.0450,-0.0778,4.7219,3.8831,-0.0778,3.3172

1566.9540,2.3987,3.6254,6.1574,6.5251,0.0450,-0.0778,5.2364,3.9980,-0.0778,3.4157

1567.9540,2.6559,3.2550,6.0339,7.0395,-0.0785,-0.2013,4.4647,3.8951,-0.2013,3.3099

1568.9540,5.4850,3.8106,6.2191,6.7823,0.1685,-0.0778,5.4937,4.6599,-0.0778,3.9831

1569.9540,2.3987,3.4402,5.8487,6.7823,0.0450,-0.2013,4.9792,3.9157,-0.2013,3.3275

1570.9540,2.3987,3.5019,6.1574,6.5251,0.1067,-0.2013,5.4937,4.0306,-0.2013,3.4260

1571.9540,2.3987,3.3167,6.0339,6.5251,0.1685,-0.0778,5.2364,3.9465,-0.0778,3.3716

1572.9550,2.3987,3.6872,6.0339,7.0395,-0.0167,-0.0778,5.2364,4.0632,-0.0778,3.4716

1573.9540,2.1415,3.6254,6.0956,7.0395,-0.1402,-0.1395,4.7219,3.9140,-0.1395,3.3349

1574.9540,2.3987,3.3785,5.9104,6.5251,-0.2020,-0.0778,4.4647,3.7459,-0.0778,3.1996

1575.9540,2.1415,3.6254,6.0339,6.7823,0.1067,0.1074,4.9792,3.9448,0.1074,3.3966

1576.9550,2.6559,3.5019,6.0956,6.5251,-0.0785,-0.0778,4.7219,3.9037,-0.0778,3.3349

1577.9540,2.6559,3.5019,6.0956,7.2968,0.1067,0.1074,4.4647,4.0203,0.1074,3.4613

1578.9540,2.6559,3.6872,6.0956,7.2968,0.0450,-0.0160,4.2074,3.9980,-0.0160,3.4245

1579.9540,2.6559,3.3785,6.4661,6.7823,0.1067,-0.2630,4.4647,3.9757,-0.2630,3.3702

1580.9540,2.6559,3.3167,6.1574,6.7823,0.1067,0.0457,4.9792,3.9997,0.0457,3.4348

1581.9550,2.3987,3.3167,6.1574,6.2678,-0.0167,-0.2013,3.9501,3.6790,-0.2013,3.1247

1582.9540,1.8843,3.5637,6.0956,7.0395,0.0450,-0.0160,4.9792,3.9345,-0.0160,3.3702

1583.9540,2.6559,3.5637,5.9104,6.5251,-0.0167,-0.3865,5.7509,4.0649,-0.3865,3.4290

1584.9550,2.3987,3.5637,5.9722,7.2968,0.0450,0.0457,2.9211,3.6996,0.0457,3.1776

1585.9540,2.1415,3.6254,6.2191,6.5251,0.1067,0.0457,5.2364,3.9757,0.0457,3.4143

1586.9540,2.1415,3.5019,5.9722,6.5251,-0.1402,-0.1395,4.7219,3.7871,-0.1395,3.2261

1587.9540,2.3987,3.6254,6.0956,6.7823,0.0450,0.1074,4.7219,3.9448,0.1074,3.3966

1588.9540,2.3987,3.3167,6.2809,6.7823,0.1067,-0.0778,4.4647,3.8917,-0.0778,3.3246

1589.9540,2.1415,3.6872,6.1574,6.7823,-0.0785,0.0457,4.9792,3.9448,0.0457,3.3878

1590.9540,2.1415,3.6254,6.2191,7.2968,-0.1402,0.1074,4.9792,4.0203,0.1074,3.4613

1591.9550,2.1415,3.5637,6.4661,7.5540,-0.0167,0.1692,4.9792,4.1146,0.1692,3.5510

1592.9550,2.1415,3.6254,6.1574,7.0395,0.0450,0.0457,4.7219,3.9551,0.0457,3.3966

1593.9540,2.3987,3.5637,6.2191,6.5251,0.1067,0.0457,4.9792,3.9654,0.0457,3.4054

1594.9540,2.3987,3.3785,6.0339,6.7823,-0.0167,-0.2013,4.4647,3.8402,-0.2013,3.2629

1595.9540,2.3987,3.6254,6.1574,3.1811,-0.0785,0.2309,4.9792,3.3772,0.2309,2.9277

1596.9550,1.8843,3.5637,6.0339,6.7823,-0.0785,-0.1395,4.7219,3.8179,-0.1395,3.2526

1597.9540,1.8843,3.3785,6.0956,7.0395,-0.0167,0.2309,4.4647,3.8076,0.2309,3.2967

1598.9550,2.1415,3.4402,6.0956,6.0106,-0.0785,-0.0778,4.9792,3.7648,-0.0778,3.2158

1599.9550,1.6271,3.3785,6.0956,6.7823,0.1685,-0.1395,3.6929,3.6241,-0.1395,3.0865

1600.9540,1.8843,3.5637,6.2809,7.0395,-0.0167,-0.0778,4.9792,3.9551,-0.0778,3.3790

1601.9540,2.9131,3.3785,6.2191,7.0395,0.0450,-0.0778,4.2074,3.9671,-0.0778,3.3893

1602.9550,2.3987,3.5637,5.8487,6.2678,0.0450,-0.1395,5.2364,3.8934,-0.1395,3.3173

1603.9540,2.3987,3.3785,5.9104,7.0395,0.1685,-0.2013,4.9792,3.9791,-0.2013,3.3819

1604.9540,2.9131,3.3785,6.0339,6.2678,0.2302,-0.2013,4.7219,3.9242,-0.2013,3.3349

1605.9540,1.8843,3.4402,5.9104,5.7534,-0.0167,-0.0160,4.4647,3.5727,-0.0160,3.0600

1606.9540,2.1415,3.5019,5.9722,7.0395,0.0450,-0.1395,4.7219,3.9037,-0.1395,3.3261

1607.9540,2.3987,3.3785,6.2191,6.5251,0.1067,-0.0160,4.7219,3.8917,-0.0160,3.3334

1608.9550,2.3987,3.5637,6.0956,6.7823,0.0450,-0.0160,5.4937,4.0632,-0.0160,3.4804

1609.9540,2.3987,3.4402,6.0339,6.5251,0.0450,0.6013,1.8921,3.3892,0.6013,2.9909

1610.9550,2.3987,3.4402,6.1574,5.7534,-0.0167,-0.0160,4.7219,3.7425,-0.0160,3.2055

1611.9540,2.6559,3.2550,5.9104,7.0395,-0.5107,0.2926,3.9501,3.7167,0.2926,3.2276

1612.9550,1.8843,3.5637,6.0956,7.0395,0.0450,-0.0160,4.9792,3.9345,-0.0160,3.3702

1613.9550,2.1415,3.5019,6.1574,6.2678,0.2920,-0.2630,5.2364,3.9328,-0.2630,3.3334

1614.9540,2.3987,3.5637,5.9722,6.7823,0.1067,-0.0160,4.9792,3.9671,-0.0160,3.3981

1615.9540,2.6559,3.4402,6.0956,6.7823,0.9711,0.1074,4.2074,4.0254,0.1074,3.4657

1616.9540,2.3987,3.5637,6.1574,6.5251,-0.0167,-0.0778,5.4937,4.0203,-0.0778,3.4348

1617.9540,2.6559,3.4402,6.0339,6.0106,-0.0785,-0.0778,4.9792,3.8402,-0.0778,3.2805

1618.9540,1.6271,3.3785,6.0956,6.7823,-0.0785,-0.0160,4.9792,3.7974,-0.0160,3.2526

1619.9550,2.6559,3.5637,6.1574,6.5251,0.0450,0.7865,4.2074,3.8591,0.7865,3.4201

1620.9540,2.3987,3.5019,5.9722,6.2678,-0.0785,0.1692,5.7509,3.9688,0.1692,3.4260

1621.9550,2.3987,3.5019,6.5278,4.9817,0.1067,0.0457,4.7219,3.7065,0.0457,3.1835

1622.9540,1.8843,3.6872,6.2191,7.0395,-0.1402,-0.0160,4.9792,3.9448,-0.0160,3.3790

1623.9540,2.3987,3.6254,5.9722,7.0395,-0.0785,0.1074,4.9792,3.9894,0.1074,3.4348

1624.9550,2.1415,3.6872,6.3426,6.7823,-0.0167,0.0457,5.2364,4.0289,0.0457,3.4598

1625.9540,1.6271,3.5019,6.2809,7.0395,-0.0167,-0.0160,5.2364,3.9448,-0.0160,3.3790

1626.9550,2.6559,3.6254,5.9722,6.2678,0.3537,-0.0778,4.7219,3.9328,-0.0778,3.3599

1627.9540,2.3987,3.4402,6.2191,6.7823,0.1685,-0.0778,4.9792,3.9980,-0.0778,3.4157

1628.9550,2.3987,3.6872,6.1574,6.5251,-0.0167,-0.0160,3.9501,3.7836,-0.0160,3.2408

1629.9550,2.6559,3.5019,6.3426,6.5251,-0.0167,-0.2013,5.4937,4.0837,-0.2013,3.4716

1630.9540,2.3987,3.5019,6.2809,7.2968,0.0450,0.0457,5.2364,4.1266,0.0457,3.5436

1631.9550,2.1415,3.5019,6.0956,7.2968,0.0450,-0.0778,4.2074,3.8814,-0.0778,3.3158

1632.9540,2.9131,3.4402,6.2809,6.7823,0.1067,-0.2013,4.7219,4.0408,-0.2013,3.4348

1633.9550,2.3987,3.4402,6.2809,7.0395,0.1067,-0.2013,6.0082,4.2124,-0.2013,3.5818

1634.9540,2.3987,3.3167,6.0956,6.7823,0.0450,0.4778,4.2074,3.8076,0.4778,3.3319

1635.9540,2.6559,3.5019,6.1574,7.0395,0.1685,-0.1395,4.9792,4.0837,-0.1395,3.4804

1636.9540,1.6271,3.4402,6.2809,6.0106,0.2920,-0.2630,5.2364,3.8145,-0.2630,3.2320

1637.9540,2.1415,3.4402,6.0339,6.7823,0.1067,-0.1395,5.2364,3.9568,-0.1395,3.3716

1638.9540,1.8843,3.5637,7.3304,8.3257,-0.0167,-0.0778,4.9792,4.3444,-0.0778,3.7127

1639.9540,2.1415,3.4402,6.2191,6.5251,0.0450,-0.2013,4.9792,3.8917,-0.2013,3.3070

1640.9540,2.1415,3.5019,5.9722,7.0395,-0.0167,-0.0778,4.9792,3.9363,-0.0778,3.3628

1641.9540,2.6559,3.3167,6.1574,6.7823,0.0450,-0.0778,4.9792,3.9894,-0.0778,3.4084

1642.9540,2.1415,3.5637,6.3426,6.7823,0.0450,-0.0778,5.7509,4.1043,-0.0778,3.5069

1643.9540,0.5983,3.7489,6.0339,7.5540,-0.0167,0.1074,4.9792,3.8162,0.1074,3.2864

1644.9540,2.6559,3.4402,6.1574,7.0395,0.1067,0.2926,4.9792,4.0631,0.2926,3.5245

1645.9540,2.3987,3.6254,6.2809,7.0395,-0.0167,0.0457,8.5807,4.6514,0.0457,3.9934

1646.9540,2.6559,3.5637,6.0956,6.7823,-0.0167,-0.2013,4.4647,3.9242,-0.2013,3.3349

1647.9540,2.6559,3.4402,6.0956,6.5251,0.1067,-0.3247,4.7219,3.9242,-0.3247,3.3172

1648.9540,2.1415,3.6254,6.0339,6.5251,0.0450,-0.0160,4.7219,3.8488,-0.0160,3.2967

1649.9540,1.6271,3.3785,6.0339,6.7823,-0.0785,-0.0778,5.2364,3.8299,-0.0778,3.2717

1650.9550,2.1415,3.6254,6.3426,7.2968,0.0450,0.0457,4.9792,4.0717,0.0457,3.4966

1651.9550,2.6559,3.6254,6.0956,6.7823,0.0450,0.1074,5.4937,4.1163,0.1074,3.5436

1652.9540,2.3987,3.2550,5.9722,7.0395,0.1067,-0.0160,4.7219,3.9157,-0.0160,3.3540

1653.9540,2.6559,3.5019,6.1574,6.0106,-0.0167,-0.0160,5.2364,3.9242,-0.0160,3.3613

1654.9550,2.1415,3.3167,5.8487,6.2678,-0.0167,-0.0160,4.7219,3.7133,-0.0160,3.1805

1655.9550,2.6559,3.6872,6.3426,6.5251,0.1685,0.0457,4.9792,4.0597,0.0457,3.4863

1656.9540,2.3987,3.4402,6.1574,7.2968,0.0450,0.1692,6.5227,4.3101,0.1692,3.7185

1657.9540,1.3699,3.5637,6.0956,7.0395,-0.2020,0.0457,4.9792,3.8076,0.0457,3.2702

1658.9550,2.3987,3.4402,6.2809,6.5251,0.0450,0.1692,5.2364,3.9877,0.1692,3.4422

1659.9540,2.1415,3.6254,6.2191,7.2968,-0.1402,0.1074,4.9792,4.0203,0.1074,3.4613

1660.9550,2.1415,3.4402,5.9722,7.0395,0.0450,0.0457,4.7219,3.8934,0.0457,3.3437

1661.9540,2.6559,3.7489,5.9722,6.5251,0.0450,0.1074,3.9501,3.8162,0.1074,3.2864

1662.9540,2.9131,3.0698,6.5896,6.2678,0.1067,-0.0778,4.7219,3.9448,-0.0778,3.3702

1663.9540,2.1415,3.6872,6.2809,6.2678,-0.0167,0.0457,4.7219,3.8471,0.0457,3.3040

1664.9550,3.1703,3.3785,6.0339,7.2968,0.0450,0.1692,4.9792,4.1506,0.1692,3.5818

1665.9540,2.6559,3.3167,6.2809,6.7823,0.0450,0.1074,4.9792,4.0100,0.1074,3.4525

1666.9540,1.8843,3.5637,6.2809,7.2968,0.1067,0.1074,4.9792,4.0186,0.1074,3.4598

1667.9540,1.8843,3.3785,6.0956,7.0395,0.1067,-0.0160,4.9792,3.9140,-0.0160,3.3525

1668.9540,2.1415,3.4402,6.0339,6.7823,-0.2020,-0.0160,4.9792,3.8625,-0.0160,3.3084

1669.9550,2.6559,3.4402,6.0339,6.5251,0.0450,-0.0160,4.4647,3.8608,-0.0160,3.3069

1670.9540,1.8843,3.9958,5.8487,6.2678,-0.0167,-0.0778,4.9792,3.8265,-0.0778,3.2688

1671.9540,2.3987,3.6872,6.2809,6.5251,0.1067,0.0457,5.2364,4.0391,0.0457,3.4687

1672.9540,2.1415,3.6254,6.0339,7.0395,-0.0785,-0.0160,2.4066,3.5281,-0.0160,3.0218

1673.9540,2.1415,3.5637,5.9722,7.0395,-0.2020,-0.1395,4.7219,3.8728,-0.1395,3.2996

1674.9540,2.3987,3.5637,6.0339,7.0395,0.1067,0.0457,5.7509,4.1489,0.0457,3.5627

1675.9540,2.3987,3.5637,6.2809,6.5251,0.0450,0.1692,4.9792,3.9654,0.1692,3.4231

1676.9550,2.1415,3.6254,6.0956,7.2968,0.0450,-0.0160,5.2364,4.0734,-0.0160,3.4892

1677.9540,2.6559,3.8724,6.1574,6.7823,0.1067,-0.0778,4.9792,4.0923,-0.0778,3.4966

1678.9540,2.6559,3.5637,6.0956,7.2968,-0.1402,-0.2013,4.7219,4.0323,-0.2013,3.4275

1679.9540,2.1415,3.5019,6.2191,7.2968,0.0450,-0.0778,4.9792,4.0306,-0.0778,3.4437

1680.9540,2.9131,3.4402,6.0339,6.7823,0.2302,-0.1395,5.2364,4.1060,-0.1395,3.4995

1681.9540,2.3987,3.5019,6.2809,7.2968,-0.0167,-0.2013,4.9792,4.0734,-0.2013,3.4628

1682.9550,2.3987,3.5637,6.0956,6.5251,0.0450,-0.6334,4.2074,3.8059,-0.6334,3.1717

1683.9540,2.6559,3.3167,6.0956,7.8112,-0.0167,-0.2013,4.9792,4.1403,-0.2013,3.5201

1684.9540,2.6559,3.5019,6.2191,7.0395,0.0450,-0.0778,5.2364,4.1163,-0.0778,3.5172

1685.9540,2.9131,3.3785,6.1574,6.5251,-0.0167,-0.0160,4.9792,3.9894,-0.0160,3.4172

1686.9550,2.3987,2.8228,5.6017,7.0395,-0.2020,0.1074,4.9792,3.7733,0.1074,3.2496

1687.9540,2.3987,3.4402,6.0956,6.7823,0.0450,-0.0778,5.2364,3.9997,-0.0778,3.4172

1688.9540,1.1127,3.6254,6.0956,6.7823,0.0450,-0.2013,5.2364,3.8162,-0.2013,3.2423

1689.9540,1.3699,3.5637,6.0956,6.7823,-0.0167,-0.0160,5.4937,3.8814,-0.0160,3.3246

1690.9540,2.3987,3.4402,5.9104,6.7823,0.1067,-0.0160,4.7219,3.8934,-0.0160,3.3349

1691.9540,2.1415,3.4402,6.0339,6.2678,-0.0785,-0.0778,4.9792,3.7973,-0.0778,3.2438

1692.9540,2.6559,3.6872,6.1574,6.2678,-0.0167,0.1074,4.4647,3.8694,0.1074,3.3319

1693.9540,2.6559,3.5637,5.9104,6.0106,-0.5107,0.0457,4.7219,3.7253,0.0457,3.1996

1694.9540,2.6559,3.5019,6.0956,7.0395,0.1067,-0.2013,4.9792,4.0631,-0.2013,3.4539

1695.9550,1.3699,4.2428,6.0956,7.5540,-0.0167,0.1692,5.2364,4.0803,0.1692,3.5216

1696.9550,2.3987,3.2550,6.2191,7.8112,-0.0785,0.1074,4.9792,4.0974,0.1074,3.5274

1697.9540,2.3987,3.6872,6.2809,6.7823,-0.0167,0.1074,4.9792,4.0186,0.1074,3.4598

1698.9540,2.3987,3.5019,6.4043,7.0395,0.1067,-0.0778,5.4937,4.1575,-0.0778,3.5524

1699.9550,2.6559,3.5019,6.2191,6.7823,0.1067,-0.2013,4.7219,3.9980,-0.2013,3.3981

1700.9540,3.1703,3.6254,6.3426,6.7823,0.1067,-0.1395,4.9792,4.1677,-0.1395,3.5524

1701.9540,2.1415,3.4402,6.1574,7.0395,0.1067,-0.0160,4.9792,3.9774,-0.0160,3.4069

1702.9540,2.3987,3.6872,6.4043,6.7823,0.1067,-0.0160,4.4647,3.9740,-0.0160,3.4040

1703.9550,2.6559,3.6254,6.0956,6.2678,-0.0785,-0.0160,4.9792,3.9242,-0.0160,3.3613

1704.9540,2.3987,3.6254,6.2191,6.7823,0.1685,-0.0160,2.1494,3.5572,-0.0160,3.0468

1705.9540,2.6559,3.5637,6.1574,7.0395,0.0450,-0.0160,4.4647,3.9877,-0.0160,3.4157

1706.9540,2.6559,4.3045,5.7252,7.2968,-0.0785,-0.2013,4.7219,4.1043,-0.2013,3.4892

1707.9540,5.7422,3.5019,6.2191,7.2968,0.0450,-0.0160,5.2364,4.6736,-0.0160,4.0036

1708.9540,2.6559,3.3167,6.0339,6.7823,0.0450,-0.0778,4.7219,3.9259,-0.0778,3.3540

1709.9540,2.6559,3.5637,6.0339,7.0395,0.0450,-0.0160,3.9501,3.8814,-0.0160,3.3246

1710.9540,2.3987,3.6254,6.2809,6.5251,0.0450,-0.6334,4.9792,3.9757,-0.6334,3.3173

1711.9540,3.6847,3.6254,6.2191,6.5251,0.1067,0.0457,3.9501,4.0185,0.0457,3.4510

1712.9540,2.1415,3.5637,6.0956,6.7823,0.0450,0.0457,4.7219,3.8917,0.0457,3.3422

1713.9540,2.3987,3.5637,6.1574,6.7823,-0.0167,-0.0778,5.4937,4.0632,-0.0778,3.4716

1714.9540,2.3987,3.6254,6.0956,6.7823,0.1685,-0.0160,4.7219,3.9654,-0.0160,3.3966

1715.9540,2.6559,3.6254,5.9722,7.0395,0.1067,0.1074,4.9792,4.0631,0.1074,3.4980

1716.9540,2.1415,3.5019,6.2809,6.2678,-0.0167,-0.0778,4.9792,3.8591,-0.0778,3.2967

1717.9540,6.5138,3.2550,6.2191,5.2389,0.0450,-0.0160,5.2364,4.4180,-0.0160,3.7846

1718.9540,2.1415,3.6872,6.4043,6.5251,-0.0167,-0.0160,5.4937,4.0392,-0.0160,3.4598

1719.9550,1.6271,3.6254,6.0956,7.0395,-0.0785,-0.0778,5.2364,3.9243,-0.0778,3.3525

1720.9540,-1.2021,4.1810,5.9722,7.5540,-0.0785,-0.0778,4.9792,3.5676,-0.0778,3.0469

1721.9540,2.3987,3.3167,6.1574,7.0395,0.0450,-0.0160,4.9792,3.9894,-0.0160,3.4172

1722.9550,1.8843,3.6872,6.1574,6.0106,-0.0785,0.0457,4.9792,3.7733,0.0457,3.2408

1723.9550,2.1415,4.0576,5.9722,6.5251,0.0450,-0.0160,4.7219,3.9105,-0.0160,3.3496

1724.9540,2.1415,3.6254,6.0339,7.0395,-0.0167,0.6013,4.4647,3.8814,0.6013,3.4128

1725.9540,7.0282,3.1933,6.0339,6.7823,0.0450,-0.2013,4.9792,4.6770,-0.2013,3.9801

1726.9540,2.1415,3.6254,6.1574,6.5251,-0.0167,-0.0778,5.2364,3.9448,-0.0778,3.3702

1727.9540,2.1415,3.6872,5.9104,6.5251,0.0450,-0.0160,4.7219,3.8385,-0.0160,3.2879

1728.9540,2.6559,3.6872,5.9722,7.2968,0.0450,0.0457,4.9792,4.1060,0.0457,3.5260

1729.9550,2.3987,3.5637,6.2191,6.7823,0.1067,-0.0160,4.7219,3.9654,-0.0160,3.3966

1730.9550,2.3987,3.7489,6.2809,7.2968,0.0450,-0.0160,4.2074,3.9963,-0.0160,3.4231

1731.9540,1.6271,3.4402,6.2191,6.7823,0.1685,-0.1395,4.7219,3.8265,-0.1395,3.2599

1732.9550,2.3987,3.6254,6.0956,7.5540,-0.0167,-0.0160,4.9792,4.1060,-0.0160,3.5172

1733.9550,1.8843,3.5637,6.3426,6.7823,0.1685,-0.0778,4.9792,3.9534,-0.0778,3.3775

1734.9540,2.3987,3.6254,6.2191,5.7534,0.1067,-0.2013,5.7509,3.9757,-0.2013,3.3790

1735.9540,2.3987,3.3785,6.0956,7.0395,0.0450,-0.0778,4.7219,3.9465,-0.0778,3.3716

1736.9540,2.6559,3.6254,6.1574,7.0395,0.0450,-0.2013,5.4937,4.1695,-0.2013,3.5451

1737.9540,2.1415,3.5019,6.3426,7.0395,-0.0167,-0.0160,5.4937,4.0837,-0.0160,3.4981

1738.9540,2.6559,3.6254,6.5896,6.7823,0.1067,-0.2630,5.7509,4.2518,-0.2630,3.6068

1739.9540,2.1415,3.6254,5.6017,8.0684,-0.0785,-0.0778,5.4937,4.1420,-0.0778,3.5392

1740.9550,2.1415,3.6872,6.2809,7.0395,-0.0167,-0.0778,5.4937,4.1043,-0.0778,3.5069

1741.9550,2.3987,3.5637,6.2191,7.2968,0.0450,-0.0160,4.9792,4.0837,-0.0160,3.4980

1742.9550,2.1415,3.5637,6.3426,6.7823,0.1067,-0.0778,5.2364,4.0289,-0.0778,3.4422

1743.9540,2.6559,3.6254,6.0956,7.0395,-0.0167,-1.3742,7.0372,4.4061,-1.3742,3.5804

1744.9540,2.6559,3.4402,6.1574,7.2968,0.0450,-0.3865,4.7219,4.0529,-0.3865,3.4187

1745.9540,1.6271,3.4402,6.2809,6.7823,0.1067,-0.1395,5.2364,3.9123,-0.1395,3.3334

1746.9550,3.1703,3.4402,6.1574,6.7823,0.0450,-0.4482,5.2364,4.1386,-0.4482,3.4833

1747.9540,2.1415,3.6872,6.0339,7.2968,0.0450,-0.2013,4.9792,4.0306,-0.2013,3.4260

1748.9550,3.1703,3.3785,6.0956,7.0395,0.1067,-0.0778,5.2364,4.1712,-0.0778,3.5642

1749.9550,2.3987,3.5019,6.0339,7.2968,0.0450,-0.0778,4.2074,3.9139,-0.0778,3.3437

1750.9540,2.1415,3.3785,6.1574,7.8112,0.0450,-0.0778,4.7219,4.0426,-0.0778,3.4539

1751.9540,2.1415,3.5637,6.2191,7.2968,-0.0167,-0.1395,5.2364,4.0734,-0.1395,3.4716

1752.9550,2.6559,3.5019,6.2191,7.0395,0.0450,-0.0778,4.9792,4.0734,-0.0778,3.4804

1753.9540,2.6559,3.7489,6.5278,7.0395,0.0450,-0.0778,5.7509,4.2947,-0.0778,3.6700

1754.9540,2.6559,3.6872,6.2191,7.2968,-0.0167,-0.0160,4.9792,4.1369,-0.0160,3.5436

1755.9540,2.9131,3.5637,6.2191,7.2968,0.1067,-0.1395,4.9792,4.1798,-0.1395,3.5627

1756.9540,2.3987,3.6254,5.9722,6.2678,-0.0785,-0.0778,4.9792,3.8608,-0.0778,3.2981

1757.9540,2.1415,3.5637,6.1574,6.7823,0.1067,-0.0778,5.2364,3.9980,-0.0778,3.4157

1758.9540,2.6559,3.5019,6.1574,6.7823,0.1067,-0.1395,4.9792,4.0306,-0.1395,3.4348

1759.9550,3.1703,3.6254,6.3426,7.0395,0.1067,-0.1395,5.4937,4.2964,-0.1395,3.6627

1760.9540,2.3987,3.6254,6.1574,7.8112,-0.0167,0.0457,4.9792,4.1592,0.0457,3.5715

1761.9550,2.3987,3.6872,5.9722,7.2968,0.0450,-0.0778,2.6639,3.6773,-0.0778,3.1408

1762.9540,2.3987,3.4402,6.2809,7.0395,-0.0167,0.1074,4.7219,3.9774,0.1074,3.4245

1763.9540,2.6559,3.6872,6.4043,6.7823,-0.0167,-0.0778,5.2364,4.1249,-0.0778,3.5245

1764.9560,2.9131,3.7489,6.2809,7.0395,-0.0167,-0.0160,5.2364,4.2003,-0.0160,3.5980

1765.9540,2.6559,3.8724,6.2809,6.0106,0.1685,-0.1395,4.2074,3.8659,-0.1395,3.2937

1766.9550,2.6559,3.4402,6.1574,7.0395,0.0450,-0.0160,5.4937,4.1386,-0.0160,3.5451

1767.9540,1.6271,3.6254,6.4661,7.0395,0.1067,-0.0778,4.7219,3.9311,-0.0778,3.3584

1768.9540,2.3987,3.6254,6.3426,7.0395,-0.1402,-0.1395,5.2364,4.0837,-0.1395,3.4804

1769.9540,1.8843,4.1810,6.2191,7.2968,-0.0167,0.0457,5.2364,4.1335,0.0457,3.5495

1770.9540,1.6271,3.7489,6.4661,6.5251,0.2302,-0.0778,5.7509,4.0580,-0.0778,3.4672

1771.9540,2.6559,3.6254,6.0339,7.0395,0.1067,-0.0160,4.9792,4.0734,-0.0160,3.4892

1772.9540,2.6559,3.9341,5.4782,5.7534,0.2302,-0.0160,5.2364,3.8814,-0.0160,3.3246

1773.9560,2.3987,3.5637,6.0956,6.7823,0.1067,-0.0778,5.4937,4.0734,-0.0778,3.4804

1774.9540,2.6559,3.6254,6.1574,7.2968,-0.0785,-0.0160,4.9792,4.1060,-0.0160,3.5171

1775.9540,2.6559,3.6872,6.0956,7.0395,0.0450,0.0457,4.7219,4.0408,0.0457,3.4701

1776.9540,2.6559,3.6872,6.4043,6.7823,-0.0167,0.0457,4.2074,3.9534,0.0457,3.3951

1777.9540,2.6559,3.5019,6.2809,7.0395,0.0450,0.0457,5.4937,4.1695,0.0457,3.5804

1778.9550,2.3987,3.6254,6.1574,6.2678,-0.0167,-0.0160,4.9792,3.9020,-0.0160,3.3422

1779.9550,1.6271,3.6254,6.1574,6.7823,0.0450,-0.5717,5.4937,3.9551,-0.5717,3.3085

1780.9540,2.6559,3.3167,6.0956,6.7823,0.0450,-0.0160,4.9792,3.9791,-0.0160,3.4084

1781.9550,2.1415,3.6872,6.3426,6.7823,0.1685,-0.0160,5.4937,4.1026,-0.0160,3.5142

1782.9540,2.3987,3.8106,6.2191,6.7823,0.0450,-0.0160,4.7219,3.9963,-0.0160,3.4231

1783.9550,1.1127,3.8106,6.2191,7.2968,-0.0785,-0.0160,5.4937,3.9757,-0.0160,3.4055

1784.9540,2.1415,3.7489,6.2809,7.2968,-0.0167,-0.0160,4.9792,4.0717,-0.0160,3.4878

1785.9540,2.6559,3.5637,6.4043,7.0395,-0.0167,-0.0160,5.2364,4.1472,-0.0160,3.5524

1786.9540,2.6559,3.5019,6.4043,6.7823,0.1685,-0.0778,5.2364,4.1249,-0.0778,3.5245

1787.9540,3.1703,3.6254,6.4043,7.2968,0.1685,-0.0778,5.2364,4.3169,-0.0778,3.6891

1788.9550,2.9131,3.6872,6.1574,7.0395,0.0450,-0.2013,4.9792,4.1369,-0.2013,3.5171

1789.9540,2.6559,3.7489,6.2191,6.7823,-0.0167,0.1074,4.7219,4.0186,0.1074,3.4598

1790.9540,1.6271,3.6254,6.4043,6.7823,-0.0785,-0.1395,5.4937,3.9757,-0.1395,3.3878

1791.9540,2.9131,3.6254,6.1574,6.7823,-0.0167,-0.0778,5.2364,4.1163,-0.0778,3.5171

1792.9540,2.6559,3.6872,6.0956,6.5251,-0.0167,-0.0778,5.4937,4.0734,-0.0778,3.4804

1793.9540,2.6559,3.4402,5.9722,6.7823,0.0450,-0.0778,4.9792,3.9791,-0.0778,3.3996

1794.9540,2.3987,3.6872,6.3426,7.5540,-0.0167,-0.0778,4.9792,4.1575,-0.0778,3.5524

1795.9550,3.6847,3.5637,6.2809,6.5251,-0.0785,-0.2013,4.9792,4.1592,-0.2013,3.5362

1796.9540,2.6559,3.7489,6.4043,7.0395,0.1067,-0.2630,4.9792,4.1558,-0.2630,3.5245

1797.9550,2.3987,3.6872,6.5278,6.7823,0.0450,-0.1395,5.2364,4.1129,-0.1395,3.5054

1798.9540,2.6559,3.4402,6.0956,7.0395,0.0450,-0.1395,5.7509,4.1712,-0.1395,3.5554

1799.9550,2.6559,2.6376,6.7748,6.2678,0.1067,-0.3865,4.7219,3.8608,-0.3865,3.2540

1800.9540,2.9131,3.5019,6.2809,7.0395,0.1067,-0.0778,5.2364,4.1798,-0.0778,3.5715

1801.9540,2.3987,3.5637,6.0956,6.5251,0.0450,-0.2013,5.4937,4.0203,-0.2013,3.4172

1802.9540,1.8843,3.9958,6.0339,7.2968,0.0450,-0.0778,4.9792,4.0392,-0.0778,3.4510

1803.9550,1.3699,3.6872,6.0339,7.0395,-0.0167,0.0457,5.2364,3.8917,0.0457,3.3423

1804.9540,2.1415,3.5637,5.9104,7.2968,0.0450,-0.1395,4.9792,3.9894,-0.1395,3.3996

1805.9540,2.1415,3.8106,6.1574,6.7823,-0.0167,-0.1395,4.9792,3.9757,-0.1395,3.3878

1806.9540,2.3987,3.6254,6.4043,7.8112,0.0450,-0.0160,5.2364,4.2535,-0.0160,3.6436

1807.9550,2.9131,3.6872,6.2809,6.7823,0.0450,-0.0778,4.9792,4.1146,-0.0778,3.5157

1808.9550,3.1703,3.6254,6.1574,7.0395,0.1067,-0.0160,5.4937,4.2655,-0.0160,3.6538

1809.9540,2.1415,3.5637,6.0956,6.7823,-0.0167,-0.0778,5.2364,3.9671,-0.0778,3.3893

1810.9540,2.3987,3.6872,5.9104,6.5251,0.1067,-0.0160,4.4647,3.8488,-0.0160,3.2967

1811.9540,2.9131,3.5637,5.9104,6.7823,0.1067,-0.0160,5.2364,4.0854,-0.0160,3.4995

1812.9540,2.3987,3.7489,6.3426,7.0395,0.1067,-0.3247,6.0082,4.2741,-0.3247,3.6171

1813.9550,2.6559,4.3045,5.8487,8.5829,-0.1402,-0.0160,4.9792,4.3718,-0.0160,3.7450

1814.9540,2.6559,3.2550,6.4043,7.0395,-0.0167,-0.0778,5.2364,4.0957,-0.0778,3.4995

1815.9540,2.9131,3.5637,6.4043,7.0395,0.1067,-0.0160,4.9792,4.1678,-0.0160,3.5701

1816.9550,2.1415,3.6254,6.3426,7.2968,0.1067,-0.0160,4.9792,4.0820,-0.0160,3.4966

1817.9540,2.3987,3.6872,6.1574,7.0395,0.0450,0.0457,4.4647,3.9654,0.0457,3.4054

1818.9540,0.5983,3.5637,6.4661,6.2678,-0.0167,-0.0778,5.2364,3.6859,-0.0778,3.1483

1819.9540,2.3987,3.7489,6.2191,7.2968,-0.0167,-0.0160,4.9792,4.1043,-0.0160,3.5157

1820.9550,2.1415,3.4402,6.2809,7.2968,-0.2020,-0.0160,5.2364,4.0323,-0.0160,3.4540

1821.9540,2.6559,3.5019,6.4043,7.2968,-0.7577,0.2309,4.9792,4.0134,0.2309,3.4730

1822.9550,2.9131,3.5019,6.2191,6.7823,0.0450,-0.0160,4.9792,4.0734,-0.0160,3.4892

1823.9540,4.9706,3.2550,6.4043,6.2678,0.1067,-0.0160,4.7219,4.2877,-0.0160,3.6729

1824.9540,2.6559,3.3167,6.0956,6.7823,-0.0167,-0.0160,4.9792,3.9688,-0.0160,3.3996

1825.9540,2.3987,3.6254,6.3426,6.2678,-0.0785,0.0457,5.2364,3.9654,0.0457,3.4054

1826.9550,2.1415,3.5637,6.3426,7.0395,-0.0167,-0.0160,5.4937,4.0940,-0.0160,3.5069

1827.9550,2.3987,3.7489,6.0956,6.5251,-0.0167,-0.0778,4.2074,3.8265,-0.0778,3.2687

1828.9540,4.1990,3.5019,6.5896,7.0395,0.2302,-0.0778,5.7509,4.5519,-0.0778,3.8905

1829.9540,-0.4305,3.7489,6.2809,7.0395,0.0450,-0.0160,5.2364,3.6534,-0.0160,3.1292

1830.9540,2.6559,3.8106,6.3426,7.0395,-0.0167,0.0457,5.4937,4.2209,0.0457,3.6245

1831.9540,2.3987,3.6254,6.4043,7.0395,0.0450,0.0457,5.4937,4.1678,0.0457,3.5789

1832.9540,1.6271,3.6254,6.2809,6.5251,0.2302,0.0457,5.4937,3.9637,0.0457,3.4040

1833.9540,2.6559,3.7489,6.2191,7.2968,0.0450,-0.0160,4.2074,4.0288,-0.0160,3.4510

1834.9540,3.1703,3.7489,6.4043,7.5540,-0.0167,0.0457,4.7219,4.2638,0.0457,3.6612

1835.9540,1.8843,3.5637,5.9104,7.5540,-0.0167,-0.0778,4.7219,3.9363,-0.0778,3.3628

1836.9540,2.1415,3.7489,6.2809,6.7823,0.0450,-0.0778,4.7219,3.9534,-0.0778,3.3775

1837.9550,2.3987,3.7489,6.3426,7.0395,-0.0785,0.8483,4.7219,4.0288,0.8483,3.5745

1838.9540,2.3987,3.8106,6.4661,7.5540,0.0450,0.1074,2.9211,3.8659,0.1074,3.3290

1839.9540,2.1415,3.6254,6.2809,7.0395,-0.2020,0.1692,6.0082,4.1489,0.1692,3.5804

1840.9550,2.3987,3.6254,6.5278,7.0395,0.1067,0.1692,5.2364,4.1558,0.1692,3.5862

1841.9540,2.3987,3.8724,6.4661,7.0395,0.0450,0.1692,5.4937,4.2192,0.1692,3.6406

1842.9540,2.6559,3.6872,6.4661,7.2968,0.1685,0.1074,5.4937,4.2947,0.1074,3.6965

1843.9540,2.6559,3.8724,6.4043,6.7823,0.0450,0.1692,4.9792,4.1232,0.1692,3.5583

1844.9540,2.6559,3.7489,6.2809,7.0395,-0.0167,0.1692,5.2364,4.1575,0.1692,3.5877

1845.9540,2.3987,3.8106,6.3426,7.5540,0.0450,0.2309,5.2364,4.2312,0.2309,3.6597

1846.9550,2.9131,3.7489,6.3426,6.7823,0.0450,-0.1395,4.7219,4.0923,-0.1395,3.4877

1847.9540,2.6559,3.8724,6.5896,6.7823,0.0450,-0.0160,5.4937,4.2398,-0.0160,3.6318

1848.9540,2.1415,3.5637,6.4661,6.7823,0.0450,-0.0778,3.9501,3.8248,-0.0778,3.2673

1849.9540,2.9131,3.9341,6.5278,5.2389,0.0450,0.1074,5.2364,3.9826,0.1074,3.4290

1850.9550,2.1415,3.9341,6.6513,6.5251,-0.0785,-0.0778,4.9792,4.0254,-0.0778,3.4393

1851.9550,2.3987,3.7489,6.4043,6.0106,-0.0785,-0.0160,5.2364,3.9534,-0.0160,3.3863

1852.9540,3.1703,3.6872,6.2809,7.2968,0.1067,0.0457,5.2364,4.2964,0.0457,3.6891

1853.9540,2.6559,3.9341,6.2809,6.2678,-0.0167,0.0457,4.9792,4.0168,0.0457,3.4495

1854.9550,2.9131,3.8106,6.4043,7.2968,0.0450,0.0457,5.2364,4.2844,0.0457,3.6788

1855.9550,2.3987,3.7489,6.3426,5.7534,-0.0167,-0.0778,4.9792,3.8677,-0.0778,3.3040

1856.9540,2.9131,3.8724,6.6513,7.0395,-0.0167,-0.0160,5.2364,4.2827,-0.0160,3.6686

1857.9540,2.9131,3.5637,6.4661,6.7823,0.0450,-0.0778,5.4937,4.2106,-0.0778,3.5980

1858.9550,2.3987,3.7489,6.4043,7.0395,-0.0167,0.0457,4.9792,4.0923,0.0457,3.5142

1859.9550,2.6559,3.8106,6.4661,6.7823,0.2302,-0.1395,5.7509,4.2827,-0.1395,3.6509

1860.9540,2.1415,3.6254,6.3426,7.0395,-0.0785,-0.1395,7.0372,4.3513,-0.1395,3.7097

1861.9540,1.8843,3.5019,6.2191,7.0395,0.0450,-0.0778,5.2364,3.9877,-0.0778,3.4069

1862.9550,2.3987,3.5019,6.2809,7.5540,0.0450,-0.0778,4.7219,4.0837,-0.0778,3.4892

1863.9540,3.1703,3.7489,6.2191,6.5251,0.1067,-0.0778,4.9792,4.1249,-0.0778,3.5245

1864.9550,1.8843,3.5019,5.9722,7.0395,0.0450,-0.1395,5.2364,3.9466,-0.1395,3.3628

1865.9540,2.6559,3.6254,6.5896,7.2968,0.0450,0.0457,5.2364,4.2415,0.0457,3.6421

1866.9540,2.3987,3.8724,6.3426,7.2968,0.0450,-0.0778,5.4937,4.2415,-0.0778,3.6245

1867.9540,2.9131,3.5637,6.0339,6.2678,0.1067,-0.1395,5.4937,4.0631,-0.1395,3.4628

1868.9550,2.9131,3.6872,6.2191,6.7823,0.1067,-0.1395,5.2364,4.1575,-0.1395,3.5436

1869.9540,2.6559,3.5637,6.4661,7.0395,0.1067,-0.1395,5.7509,4.2638,-0.1395,3.6348

1870.9540,2.1415,3.5637,6.5278,7.2968,0.1067,-0.0778,5.2364,4.1455,-0.0778,3.5422

1871.9540,1.6271,3.5637,6.3426,7.0395,0.1685,-0.0160,4.9792,3.9534,-0.0160,3.3864

1872.9550,2.3987,3.6872,6.4043,7.0395,0.0450,-0.5717,6.2654,4.3067,-0.5717,3.6098

1874.1030,2.9131,3.5637,6.1574,7.2968,0.0450,-0.1395,4.9792,4.1592,-0.1395,3.5451

1874.9540,3.1703,3.6872,6.3426,7.0395,0.2302,0.0457,5.2364,4.2844,0.0457,3.6788

1875.9550,2.6559,3.6872,6.2191,7.0395,-0.0167,-0.0160,5.2364,4.1369,-0.0160,3.5436

1876.9540,3.4275,3.6872,5.6635,6.7823,-0.0785,-0.0160,5.2364,4.1197,-0.0160,3.5289

1877.9540,3.1703,3.7489,6.5896,7.0395,0.0450,0.0457,4.9792,4.2621,0.0457,3.6597

1878.9540,2.9131,3.6872,6.2191,7.0395,0.0450,-0.1395,4.9792,4.1472,-0.1395,3.5348

1879.9540,2.9131,3.8106,6.4043,6.5251,-0.0785,-0.0160,5.4937,4.1780,-0.0160,3.5789

1880.9540,2.6559,3.8106,6.7130,6.0106,0.1067,-0.0160,5.2364,4.0889,-0.0160,3.5025

1881.9540,2.9131,3.6254,6.4043,6.7823,0.0450,-0.3247,3.9501,3.9534,-0.3247,3.3422

1882.9550,2.9131,3.6872,5.9104,6.7823,-0.0785,0.0457,4.9792,4.0323,0.0457,3.4628

1883.9540,1.1127,4.1810,6.0956,7.8112,-0.0785,-0.1395,5.2364,4.0597,-0.1395,3.4599

1884.9540,2.9131,3.6254,6.0339,6.7823,0.0450,-0.0160,4.7219,4.0203,-0.0160,3.4436

1885.9550,2.6559,3.5019,6.0956,6.7823,-0.0167,-0.3865,5.7509,4.1283,-0.3865,3.4834

1886.9540,2.3987,3.7489,6.2191,7.5540,0.0450,-0.0160,5.4937,4.2432,-0.0160,3.6348

1887.9540,2.6559,3.7489,6.2809,7.0395,0.1067,-0.0160,4.4647,4.0494,-0.0160,3.4686

1888.9540,2.3987,3.6872,6.2809,6.7823,0.0450,-0.0778,5.7509,4.1575,-0.0778,3.5524

1889.9540,2.6559,3.8106,6.4043,7.0395,0.1067,-0.0160,5.2364,4.2089,-0.0160,3.6054

1890.9540,2.1415,3.8106,6.5278,5.7534,-0.0785,-0.0160,4.9792,3.8557,-0.0160,3.3026

1891.9540,2.6559,3.9341,6.6513,7.0395,0.1067,-0.0160,5.4937,4.3135,-0.0160,3.6950

1892.9540,2.3987,3.8106,6.5896,6.5251,0.1067,0.1074,4.7219,4.0254,0.1074,3.4657

1893.9540,2.3987,3.8106,6.4661,6.7823,0.0450,0.1074,5.7509,4.2089,0.1074,3.6230

1894.9540,2.9131,3.5637,6.4661,7.0395,0.0450,-0.0160,5.4937,4.2535,-0.0160,3.6436

1895.9540,2.3987,3.8724,6.4661,7.5540,0.0450,0.1692,4.4647,4.1335,0.1692,3.5671

1896.9540,2.3987,3.9341,6.4661,6.5251,0.0450,-0.2013,5.7509,4.1866,-0.2013,3.5598

1897.9550,2.9131,3.6872,6.5278,7.2968,0.0450,-0.0778,5.2364,4.2844,-0.0778,3.6612

1898.9540,2.9131,3.7489,6.5278,7.0395,0.0450,0.1692,4.9792,4.2089,0.1692,3.6318

1899.9540,2.6559,3.9958,6.5278,6.7823,0.1067,-0.1395,5.7509,4.3032,-0.1395,3.6686

1900.9540,2.3987,3.8724,6.7748,7.5540,0.0450,0.1074,4.9792,4.2707,0.1074,3.6759

1901.9540,2.3987,3.8724,6.2809,7.2968,-0.0167,0.0457,5.2364,4.1781,0.0457,3.5877

1902.9540,2.6559,3.6872,6.4661,7.0395,0.0450,-0.2630,4.7219,4.1026,-0.2630,3.4789

1903.9540,1.1127,3.8724,6.2809,6.7823,0.0450,-0.0778,4.9792,3.8454,-0.0778,3.2849

1904.9540,2.9131,3.8106,6.4043,6.2678,-0.0785,-0.3247,6.0082,4.2209,-0.3247,3.5715

1905.9540,2.6559,3.6872,6.2191,7.2968,-0.3255,0.2309,4.9792,4.0854,0.2309,3.5348

1906.9540,2.3987,3.7489,5.8487,7.2968,0.1067,0.0457,4.9792,4.0631,0.0457,3.4892

1907.9540,2.9131,3.8106,6.5896,6.7823,0.1685,-0.0778,5.4937,4.2929,-0.0778,3.6686

1908.9540,2.3987,4.1810,6.3426,7.0395,0.0450,-0.0160,5.2364,4.2072,-0.0160,3.6039

1909.9550,2.6559,3.8724,6.0956,7.0395,0.0450,-0.2013,4.4647,4.0288,-0.2013,3.4245

1910.9550,2.3987,3.6254,6.5896,7.2968,0.0450,-0.0778,5.2364,4.1986,-0.0778,3.5877

1911.9540,2.6559,3.8106,6.4661,7.5540,-0.0167,-0.1395,5.4937,4.3272,-0.1395,3.6891

1912.9540,2.1415,3.8106,6.4043,6.2678,-0.0167,-0.1395,5.2364,3.9740,-0.1395,3.3863

1913.9550,2.6559,3.6254,6.1574,9.3546,0.0450,0.0457,4.4647,4.3838,0.0457,3.7641

1914.9550,2.6559,3.5637,6.1574,7.2968,-0.1402,-0.0778,5.4937,4.1712,-0.0778,3.5642

1915.9550,3.4275,3.6254,6.4043,7.2968,0.1067,0.8483,7.0372,4.6496,0.8483,4.1066

1916.9550,2.9131,3.5019,6.4661,6.7823,-0.0167,-0.0160,4.9792,4.1043,-0.0160,3.5157

1917.9540,0.0839,3.4402,6.2191,7.0395,0.1685,-0.0778,5.2364,3.6979,-0.0778,3.1585

1918.9550,2.6559,3.8106,6.4661,7.0395,0.1067,-0.0160,6.0082,4.3478,-0.0160,3.7244

1919.9540,0.3411,3.7489,6.1574,7.2968,-0.1402,-0.0160,5.4937,3.8163,-0.0160,3.2688

1920.9540,1.8843,3.6872,6.3426,6.2678,0.0450,-0.0778,5.2364,3.9105,-0.0778,3.3408

1921.9540,2.9131,3.6872,6.4043,6.7823,0.0450,-0.0160,5.4937,4.2209,-0.0160,3.6156

1922.9540,2.6559,3.5019,6.4043,6.5251,0.1067,0.0457,4.9792,4.0289,0.0457,3.4598

1923.9540,2.3987,3.9341,6.4661,6.7823,0.0450,0.1074,4.9792,4.1009,0.1074,3.5304

1924.9540,2.3987,3.6254,6.2191,7.0395,-0.2020,-0.0778,5.4937,4.0957,-0.0778,3.4995

1925.9550,2.3987,3.7489,5.9722,6.7823,-0.0167,-0.0778,4.7219,3.9345,-0.0778,3.3613

1926.9540,2.6559,3.8106,6.3426,6.7823,0.1067,-0.0778,5.4937,4.1986,-0.0778,3.5877

1927.9540,2.6559,3.6872,6.5278,7.0395,0.1685,0.0457,5.2364,4.2192,0.0457,3.6230

1928.9540,2.9131,3.5019,6.1574,7.2968,-0.0167,-0.1395,4.9792,4.1386,-0.1395,3.5274

1929.9540,1.6271,3.6254,6.4043,7.2968,0.1685,-0.0160,5.4937,4.1026,-0.0160,3.5142

1930.9540,2.1415,3.8724,6.2809,6.5251,-0.0785,0.1074,4.9792,3.9534,0.1074,3.4040

1931.9550,2.3987,3.8106,6.4043,7.0395,-0.0167,-0.2630,6.0082,4.2741,-0.2630,3.6259

1932.9540,2.6559,3.8106,6.5896,7.2968,0.1685,0.1074,5.2364,4.2929,0.1074,3.6950

1933.9550,2.3987,3.8106,6.3426,7.2968,-0.1402,-0.0160,5.2364,4.1575,-0.0160,3.5613

1934.9550,2.9131,2.5759,6.7748,6.2678,0.1685,-0.2013,4.9792,3.9465,-0.2013,3.3540

1935.9550,2.9131,4.0576,6.5278,7.2968,-0.0167,0.1074,4.9792,4.2929,0.1074,3.6950

1936.9540,1.8843,3.5637,6.4043,7.2968,0.1067,0.1074,5.2364,4.0820,0.1074,3.5142

1937.9550,2.9131,3.9958,6.4043,7.0395,-0.0785,-0.1395,4.9792,4.2089,-0.1395,3.5877

1938.9540,2.9131,3.8724,6.2809,7.2968,-0.0167,0.0457,4.9792,4.2209,0.0457,3.6244

1939.9540,2.6559,3.8106,6.3426,6.0106,0.2920,-0.0778,5.2364,4.0580,-0.0778,3.4672

1940.9550,3.1703,3.7489,6.1574,7.0395,0.1067,-0.1395,5.2364,4.2432,-0.1395,3.6171

1941.9540,2.9131,3.6872,6.0339,7.0395,0.0450,0.1692,5.2364,4.1592,0.1692,3.5892

1942.9550,2.9131,3.6872,6.2809,6.5251,0.0450,-0.0778,5.7509,4.2003,-0.0778,3.5892

1943.9540,2.6559,3.7489,6.5896,7.0395,-0.1402,-0.2013,4.9792,4.1455,-0.2013,3.5245

1944.9550,2.6559,3.6872,6.3426,7.2968,-0.2637,-0.0160,5.2364,4.1592,-0.0160,3.5627

1945.9550,0.8555,3.9341,6.2809,7.2968,0.1067,-0.3247,5.2364,3.9517,-0.3247,3.3408

1946.9540,1.6271,3.6254,6.4043,7.0395,0.1685,-0.2013,5.2364,4.0169,-0.2013,3.4143

1947.9550,2.6559,3.6872,6.1574,7.2968,0.0450,0.1074,5.2364,4.1798,0.1074,3.5980

1948.9540,2.9131,3.5019,6.2191,7.0395,0.0450,-0.1395,5.2364,4.1592,-0.1395,3.5451

1949.9550,2.3987,3.6872,6.1574,6.5251,-0.0167,-0.2013,3.4356,3.6979,-0.2013,3.1408

1950.9540,4.4562,3.6254,6.1574,7.0395,0.1067,-0.0778,5.2364,4.4370,-0.0778,3.7920

1951.9550,2.6559,3.8106,6.3426,6.7823,0.0450,-0.0160,6.0082,4.2741,-0.0160,3.6612

1952.9540,2.9131,3.6872,6.4661,7.2968,0.1067,-0.1395,4.7219,4.1986,-0.1395,3.5789

1953.9540,1.8843,3.9341,6.1574,7.8112,-0.0167,0.0457,5.2364,4.1678,0.0457,3.5789

1954.9550,2.6559,3.8724,6.5278,7.2968,0.0450,0.0457,5.7509,4.3581,0.0457,3.7421

1955.9540,1.8843,3.8106,6.2191,7.0395,-0.0167,-0.0160,5.4937,4.0717,-0.0160,3.4878

1956.9540,2.3987,3.8724,6.5896,6.5251,-0.0167,-0.0160,5.4937,4.1438,-0.0160,3.5495

1957.9540,2.9131,3.8724,6.2809,7.0395,0.0450,-0.0160,4.2074,4.0597,-0.0160,3.4775

1958.9540,2.3987,3.7489,6.4661,7.5540,-0.0167,0.0457,5.7509,4.3170,0.0457,3.7068

1959.9540,2.9131,3.3785,6.5278,6.5251,0.0450,0.1074,5.2364,4.1043,0.1074,3.5333

1960.9540,3.4275,3.7489,6.4661,6.7823,0.1067,-0.1395,4.7219,4.2089,-0.1395,3.5877

1961.9540,2.6559,3.7489,6.3426,6.5251,-0.0167,-0.0160,5.2364,4.0820,-0.0160,3.4966

1962.9540,4.1990,3.6872,6.5896,7.2968,0.0450,0.1074,4.9792,4.4661,0.1074,3.8434

1963.9550,2.9131,4.1810,6.5278,6.2678,-0.1402,-0.0778,5.2364,4.1643,-0.0778,3.5583

1964.9550,2.1415,3.8724,6.5896,7.2968,-0.0167,0.1692,5.2364,4.1866,0.1692,3.6127

1965.9550,2.3987,3.8724,6.5278,7.2968,0.0450,0.1692,5.4937,4.2724,0.1692,3.6862

1966.9540,1.8843,3.8106,6.2809,7.2968,-0.1402,0.1074,5.2364,4.0614,0.1074,3.4966

1967.9550,2.6559,3.8724,6.4043,6.7823,0.0450,0.1074,5.7509,4.2518,0.1074,3.6597

1968.9540,2.1415,3.6872,6.2191,7.0395,-0.0785,0.0457,5.2364,4.0409,0.0457,3.4701

1969.9550,2.6559,3.5637,6.3426,7.2968,0.0450,0.0457,4.9792,4.1472,0.0457,3.5612

1970.9540,1.8843,3.8724,6.5896,7.0395,0.4772,-0.1395,5.7509,4.2690,-0.1395,3.6392

1971.9550,2.6559,3.8724,6.9600,7.0395,0.1685,0.0457,5.2364,4.3221,0.0457,3.7112

1972.9540,2.6559,3.9341,6.4043,7.2968,-0.0167,0.1074,5.4937,4.2947,0.1074,3.6965

1973.9540,4.9706,3.5019,6.6513,7.0395,-0.0167,-0.1395,4.9792,4.5210,-0.1395,3.8552

1974.9540,2.1415,3.7489,6.3426,6.7823,0.0450,-0.0160,5.2364,4.0494,-0.0160,3.4687

1975.9550,2.9131,3.8724,6.3426,6.7823,0.0450,-0.0160,4.7219,4.1129,-0.0160,3.5230

1976.9540,2.1415,3.9341,6.5278,7.2968,-0.0785,-0.0778,5.4937,4.2192,-0.0778,3.6054

1977.9550,2.6559,3.7489,6.5278,7.0395,0.0450,-0.0778,6.0082,4.3375,-0.0778,3.7068

1978.9540,2.9131,3.8724,6.5278,7.2968,0.1685,-0.0160,5.4937,4.3787,-0.0160,3.7509

1979.9540,2.6559,3.7489,6.2809,7.8112,0.0450,-0.0778,5.7509,4.3821,-0.0778,3.7450

1980.9540,2.6559,3.8724,6.2191,7.2968,0.0450,-0.0778,5.2364,4.2209,-0.0778,3.6068

1981.9540,2.9131,3.9958,6.5278,7.2968,0.1067,-0.0778,5.2364,4.3461,-0.0778,3.7141

1982.9540,2.6559,3.9341,6.5278,7.8112,-0.0167,-0.0778,5.2364,4.3581,-0.0778,3.7244

1983.9550,2.6559,3.5637,6.4043,7.2968,0.1685,-0.1395,5.2364,4.2209,-0.1395,3.5980

1984.9540,2.9131,3.6254,6.5278,7.2968,-0.0167,-0.0778,5.4937,4.3067,-0.0778,3.6803

1985.9540,2.6559,3.5637,5.9104,6.7823,0.0450,-0.2013,6.0082,4.1609,-0.2013,3.5377

1986.9540,2.9131,3.5019,6.3426,7.0395,0.1067,-0.3247,4.9792,4.1472,-0.3247,3.5083

1987.9540,2.6559,3.6872,6.5278,7.5540,-0.0167,0.0457,5.4937,4.3170,0.0457,3.7068

1988.9540,3.4275,3.6872,6.4043,7.2968,0.0450,-0.3865,6.0082,4.4781,-0.3865,3.7832

1989.9540,2.6559,3.6254,6.3426,7.0395,-0.0785,-0.0778,5.2364,4.1369,-0.0778,3.5348

1990.9540,2.9131,3.7489,6.3426,7.0395,0.1685,-0.0160,5.4937,4.2844,-0.0160,3.6700

1991.9540,2.6559,3.8724,6.4661,6.7823,0.0450,-0.0160,5.7509,4.2621,-0.0160,3.6509

1992.9540,2.6559,3.8106,6.2809,7.2968,-0.8811,0.1692,4.4647,3.9379,0.1692,3.3995

1993.9540,2.6559,3.6254,6.4043,7.2968,0.0450,-0.1395,4.9792,4.1678,-0.1395,3.5524

1994.9540,2.6559,3.8106,6.3426,7.0395,0.0450,-0.0160,5.4937,4.2312,-0.0160,3.6245

1995.9540,3.6847,3.7489,6.4043,6.7823,-0.0167,-0.0778,4.7219,4.2209,-0.0778,3.6068

1996.9540,2.6559,3.7489,6.4661,6.5251,-0.0167,-0.0160,4.9792,4.0597,-0.0160,3.4775

1997.9540,2.6559,3.4402,6.1574,6.7823,0.0450,-0.0160,4.9792,4.0100,-0.0160,3.4348

1998.9540,2.6559,3.6872,6.4043,7.2968,0.0450,0.0457,5.4937,4.2638,0.0457,3.6612

1999.9550,2.6559,3.9341,6.5278,7.2968,-0.0167,0.1692,5.4937,4.3152,0.1692,3.7229

2000.9540,2.1415,3.6254,6.4043,7.2968,-0.1402,-0.0160,5.4937,4.1369,-0.0160,3.5436

2001.9540,3.1703,3.8724,6.4043,6.5251,-0.1402,0.2309,4.7219,4.0923,0.2309,3.5407

2002.9540,2.6559,3.8106,6.1574,6.7823,0.0450,0.0457,5.7509,4.2003,0.0457,3.6068

2003.9550,3.1703,4.9219,6.4661,6.7823,0.1067,0.1074,5.2364,4.4473,0.1074,3.8273

2004.9550,2.3987,3.9341,6.5278,7.0395,-0.0167,0.1074,4.4647,4.0580,0.1074,3.4936

2005.9540,2.6559,3.8106,6.4043,7.2968,0.0450,0.1074,5.7509,4.3272,0.1074,3.7244

2006.9550,3.1703,3.9341,6.8365,7.0395,0.0450,-0.0160,5.4937,4.4198,-0.0160,3.7861

2007.9540,3.1703,3.8106,6.6513,6.7823,0.0450,0.1074,4.7219,4.1969,0.1074,3.6127

2008.9540,2.3987,3.8106,6.4661,7.5540,0.0450,0.0457,5.2364,4.2518,0.0457,3.6509

2009.9540,2.6559,3.8106,6.1574,6.7823,0.0450,0.0457,5.2364,4.1146,0.0457,3.5333

2010.9540,2.3987,3.9958,6.7130,11.6696,0.4155,-0.2013,5.2364,5.0715,-0.2013,4.3183

2011.9540,2.6559,3.7489,6.5896,7.0395,0.0450,0.6013,6.7799,4.4765,0.6013,3.9229

2012.9550,3.1703,3.8106,6.5278,7.0395,0.1685,1.1569,6.0082,4.4541,1.1569,3.9831

2013.9540,2.6559,3.5019,6.4043,7.2968,0.0450,-0.0160,5.2364,4.1901,-0.0160,3.5892

2014.9550,2.9131,3.8106,6.4661,6.2678,-0.2637,0.1074,5.2364,4.0717,0.1074,3.5054

2015.9540,2.9131,3.8106,6.5896,7.2968,0.1067,0.0457,5.7509,4.4113,0.0457,3.7876

2016.9540,2.6559,3.8724,6.4661,6.5251,-0.0785,-0.0778,5.4937,4.1558,-0.0778,3.5510

2017.9540,2.9131,3.8724,6.5278,7.5540,0.0450,0.0457,4.9792,4.3152,0.0457,3.7053

2018.9550,2.9131,3.8106,6.4043,7.8112,0.2302,-0.2630,5.4937,4.4439,-0.2630,3.7714

2019.9550,2.6559,3.8106,6.0339,7.0395,0.0450,-0.1395,5.4937,4.1798,-0.1395,3.5627

2020.9540,2.9131,3.7489,6.5278,7.2968,-0.6342,0.0457,4.7219,4.0957,0.0457,3.5171

2021.9540,2.9131,3.8106,6.4043,6.2678,-0.0785,-0.0778,5.2364,4.0923,-0.0778,3.4966

2022.9540,1.8843,3.6254,6.2191,7.0395,0.1067,-0.1395,4.9792,3.9757,-0.1395,3.3878

2023.9540,2.6559,3.9341,6.3426,6.7823,0.0450,-0.0778,4.4647,4.0374,-0.0778,3.4495

2024.9550,2.6559,3.9341,6.6513,7.0395,0.1067,-0.1395,5.7509,4.3564,-0.1395,3.7141

2025.9550,2.1415,3.6872,6.2809,7.2968,0.1067,-0.3247,5.2364,4.1249,-0.3247,3.4892

2026.9540,3.1703,3.5637,6.5896,6.2678,-0.0167,-0.1395,5.4937,4.1780,-0.1395,3.5612

2027.9540,2.1415,3.7489,6.1574,7.0395,0.1067,-0.0778,5.4937,4.1146,-0.0778,3.5157

2028.9550,3.1703,3.6872,6.3426,7.0395,0.1685,-0.1395,5.7509,4.3598,-0.1395,3.7171

2029.9540,2.6559,3.5637,6.4043,7.2968,0.0450,-0.0778,5.2364,4.2003,-0.0778,3.5892

2030.9540,2.3987,3.9958,6.4661,7.5540,0.0450,-0.0778,4.9792,4.2398,-0.0778,3.6230

2031.9540,2.1415,3.8724,6.2191,7.5540,-0.0167,-0.2630,5.2364,4.1678,-0.2630,3.5348

2032.9540,3.4275,3.8106,6.4043,6.5251,-0.0167,-0.1395,5.4937,4.2741,-0.1395,3.6436

2033.9540,2.9131,3.7489,6.2809,7.0395,0.1067,-0.0160,4.9792,4.1780,-0.0160,3.5789

2034.9540,2.3987,4.6749,6.2191,8.0684,-0.1402,-0.1395,5.4937,4.4524,-0.1395,3.7964

2035.9540,2.9131,3.8106,6.4043,7.5540,0.1685,-0.0160,5.7509,4.4336,-0.0160,3.7979

2036.9540,3.4275,3.8724,6.5278,7.2968,-0.1402,-0.0778,5.2364,4.3701,-0.0778,3.7347

2037.9540,3.1703,3.7489,6.4661,3.4383,0.0450,-0.0160,5.4937,3.7270,-0.0160,3.1923

2038.9540,2.9131,3.7489,6.2809,6.7823,0.0450,0.0457,5.4937,4.2106,0.0457,3.6156

2039.9550,7.2854,3.8724,6.5278,7.2968,0.0450,-0.0160,4.7219,4.9582,-0.0160,4.2476

2040.9540,2.6559,3.8724,6.6513,7.2968,0.1067,0.0457,6.0082,4.4319,0.0457,3.8053

2041.9550,2.6559,3.5637,6.4043,7.5540,0.1067,0.0457,4.9792,4.2106,0.0457,3.6156

2042.9550,2.3987,3.9341,6.3426,7.8112,0.0450,0.1692,5.2364,4.2947,0.1692,3.7053

2043.9540,3.1703,3.7489,6.2809,6.7823,0.1067,-0.0160,5.7509,4.3067,-0.0160,3.6891

2044.9560,2.6559,3.8106,6.4661,6.2678,-0.0167,-0.0160,5.4937,4.1129,-0.0160,3.5230

2045.9540,4.7134,3.7489,6.5896,6.7823,-0.0167,-0.0160,5.4937,4.5519,-0.0160,3.8993

2046.9540,2.9131,3.9341,6.5278,4.7245,0.2920,-0.1395,5.4937,3.9808,-0.1395,3.3922

2047.9540,3.1703,3.8724,6.4661,7.2968,0.1685,0.0457,5.4937,4.4113,0.0457,3.7876

2048.9540,3.1703,3.8724,6.4661,7.0395,0.1067,-0.0778,5.4937,4.3581,-0.0778,3.7244

2049.9540,2.6559,3.9341,6.4043,6.2678,-0.0785,-0.0160,4.9792,4.0271,-0.0160,3.4495

2050.9540,2.9131,3.9341,6.7748,6.7823,-0.0167,-0.0778,5.7509,4.3564,-0.0778,3.7229

2051.9540,3.6847,3.6872,7.0835,7.0395,0.0450,0.0457,5.4937,4.5056,0.0457,3.8685

2052.9550,2.6559,3.8106,6.2809,6.7823,-0.0167,-0.0160,4.9792,4.0820,-0.0160,3.4966

2053.9550,2.6559,3.7489,6.4043,7.2968,0.1067,-0.1395,6.2654,4.4130,-0.1395,3.7626

2054.9540,2.1415,3.5637,6.3426,7.0395,0.0450,-0.0160,5.2364,4.0614,-0.0160,3.4789

2055.9540,2.6559,3.9341,6.5278,7.2968,0.1685,-0.0778,6.0082,4.4319,-0.0778,3.7876

2056.9540,2.6559,3.9341,6.5896,7.8112,0.0450,0.1692,4.7219,4.2929,0.1692,3.7038

2057.9540,2.6559,3.6872,6.2809,7.0395,-0.0167,-0.0160,5.7509,4.2329,-0.0160,3.6259

2058.9540,2.6559,3.8724,6.4043,7.2968,0.0450,-0.0160,5.2364,4.2518,-0.0160,3.6421

2059.9550,2.9131,3.8724,6.7748,7.0395,0.1067,0.0457,5.7509,4.4096,0.0457,3.7862

2060.9540,2.6559,3.8724,6.4661,6.0106,-0.0167,0.0457,5.4937,4.0803,0.0457,3.5039

2061.9540,3.6847,3.8106,6.7130,7.2968,0.1067,0.0457,6.0082,4.6033,0.0457,3.9522

2062.9540,3.4275,3.6872,6.5896,7.0395,0.1067,-0.0160,6.0082,4.4764,-0.0160,3.8347

2063.9540,2.9131,3.8724,6.5896,7.8112,0.0450,0.2926,5.4937,4.4541,0.2926,3.8596

2064.9550,2.3987,3.8106,6.5896,7.0395,-0.0785,0.0457,6.0082,4.2947,0.0457,3.6877

2065.9540,2.6559,3.8724,6.2809,7.0395,0.1067,0.1074,6.0082,4.3273,0.1074,3.7244

2066.9550,2.6559,4.1193,6.7130,7.0395,-0.1402,-0.0160,5.7509,4.3564,-0.0160,3.7318

2067.9540,2.9131,4.1193,6.4043,7.2968,0.0450,0.1074,6.5227,4.5502,0.1074,3.9155

2068.9550,2.9131,3.8106,6.4043,7.0395,0.1067,0.1692,5.7509,4.3375,0.1692,3.7421

2069.9540,2.6559,3.9958,6.5278,7.5540,-0.0167,0.2309,5.4937,4.3684,0.2309,3.7773

2070.9540,2.6559,3.7489,7.5774,8.5829,-0.0167,0.0457,5.4937,4.6737,0.0457,4.0125

2071.9550,2.9131,3.9958,6.5278,8.3257,-0.2637,0.3544,4.2074,4.2843,0.3544,3.7229

2072.9540,1.8843,3.8724,6.7130,7.2968,0.0450,0.4161,6.5227,4.3890,0.4161,3.8215

2073.9540,2.9131,3.6254,6.2809,7.0395,0.0450,0.2309,5.2364,4.1900,0.2309,3.6245

2074.9540,2.6559,3.9341,6.5278,7.2968,0.0450,0.2309,3.1784,3.9397,0.2309,3.4098

2075.9540,1.8843,3.9958,6.7130,7.5540,-0.0785,0.2926,5.4937,4.2604,0.2926,3.6936

2076.9540,2.6559,3.9958,6.5896,7.2968,-0.1402,-0.0160,5.4937,4.3152,-0.0160,3.6965

2077.9550,2.3987,4.0576,6.5278,7.2968,-0.0785,-0.0778,5.4937,4.2827,-0.0778,3.6597

2078.9540,0.8555,4.1810,6.5278,7.2968,-0.0167,0.1692,4.9792,3.9706,0.1692,3.4275

2079.9540,2.6559,4.1810,6.7748,7.8112,-0.1402,-0.0160,6.5227,4.6342,-0.0160,3.9699

2080.9540,3.1703,3.8724,6.4043,3.4383,-0.1402,0.2926,5.2364,3.6636,0.2926,3.1820

2081.9540,2.9131,4.0576,6.7130,4.2100,0.4772,-0.3247,5.2364,3.9345,-0.3247,3.3261

2082.9550,2.6559,3.9958,6.4661,7.5540,0.1067,-0.0160,5.2364,4.3358,-0.0160,3.7141

2083.9540,2.9131,4.0576,6.6513,7.5540,-0.0167,0.0457,5.4937,4.4421,0.0457,3.8141

2084.9540,3.4275,3.9958,6.5278,7.0395,-0.0167,-0.0160,4.9792,4.3255,-0.0160,3.7053

2085.9540,2.9131,3.9341,6.5896,8.3257,-0.1402,0.1692,5.4937,4.5193,0.1692,3.8979

2086.9540,3.1703,3.8106,6.4661,6.7823,0.0450,-0.0778,5.4937,4.2947,-0.0778,3.6700

2087.9540,3.6847,3.8724,6.4043,7.0395,0.0450,0.0457,5.4937,4.4233,0.0457,3.7979

2088.9550,3.1703,3.8106,6.4661,7.2968,0.1685,-0.0160,6.0082,4.4867,-0.0160,3.8435

2089.9540,2.9131,4.0576,6.3426,7.2968,-0.0167,-0.0160,4.9792,4.2621,-0.0160,3.6509

2090.9550,2.6559,3.9958,6.5278,7.2968,-0.0167,0.2309,3.6929,4.0254,0.2309,3.4833

2091.9550,2.6559,3.7489,6.4661,7.0395,0.0450,-0.0160,5.2364,4.1986,-0.0160,3.5965

2092.9550,2.6559,3.9341,6.5278,7.2968,0.1685,-0.2013,5.4937,4.3461,-0.2013,3.6965

2093.9540,2.6559,3.8724,6.5278,6.5251,-0.0167,-0.1395,5.2364,4.1335,-0.1395,3.5230

2094.9540,2.9131,3.9341,6.7130,7.2968,0.0450,-0.1395,6.0082,4.4850,-0.1395,3.8244

2095.9540,3.1703,3.6254,6.4661,7.2968,-0.0167,-0.2630,5.2364,4.2964,-0.2630,3.6450

2096.9540,2.6559,3.8724,6.4043,6.7823,-0.0785,-0.1395,5.4937,4.1883,-0.1395,3.5701

2097.9550,3.1703,3.8106,6.6513,7.0395,0.1067,-0.0778,5.2364,4.3358,-0.0778,3.7053

2098.9540,2.9131,3.5019,6.5896,7.0395,0.0450,0.0457,4.7219,4.1352,0.0457,3.5510

2099.9550,3.4275,3.8106,6.5896,7.0395,0.1067,0.0457,5.2364,4.3684,0.0457,3.7509

2100.9540,2.9131,3.9958,6.4661,7.2968,0.1067,0.0457,5.4937,4.3787,0.0457,3.7597

2101.9540,2.6559,3.9958,6.4661,7.5540,0.0450,0.0457,5.2364,4.3255,0.0457,3.7141

2102.9540,2.6559,3.9958,6.5896,7.5540,-0.0785,-0.0160,5.4937,4.3684,-0.0160,3.7421

2103.9540,2.6559,3.6872,6.4661,7.2968,-0.0167,0.0457,5.2364,4.2209,0.0457,3.6245

2104.9540,2.6559,3.6872,6.3426,7.5540,0.0450,-0.2013,4.7219,4.1677,-0.2013,3.5436

2105.9540,2.1415,4.0576,6.5896,7.0395,-0.0167,0.1074,5.7509,4.2604,0.1074,3.6671

2106.9540,4.7134,3.7489,6.7130,7.0395,0.1067,0.0457,5.7509,4.6788,0.0457,4.0169

2107.9540,2.6559,3.8724,6.5278,7.0395,0.0450,0.0457,6.0082,4.3581,0.0457,3.7421

2108.9540,3.4275,3.7489,6.2191,7.2968,0.0450,0.0457,5.2364,4.3289,0.0457,3.7170

2109.9540,2.3987,3.7489,6.4043,7.0395,-0.1402,-0.1395,5.4937,4.1575,-0.1395,3.5436

2110.9550,2.1415,3.8106,6.4661,7.2968,-0.1402,-0.0778,5.2364,4.1352,-0.0778,3.5333

2111.9540,2.6559,3.9341,6.6513,7.5540,-0.0785,-0.0778,5.4937,4.3684,-0.0778,3.7332

2112.9550,2.9131,3.9958,6.7130,4.4672,0.2302,0.1074,5.7509,4.0117,0.1074,3.4540

2113.9540,3.6847,3.8106,6.4043,7.2968,0.1067,0.0457,5.4937,4.4661,0.0457,3.8346

2114.9540,3.1703,4.1193,6.7130,6.7823,-0.0785,0.1074,5.4937,4.3667,0.1074,3.7582

2115.9540,2.9131,3.6872,6.4043,7.2968,0.0450,0.0457,4.9792,4.2209,0.0457,3.6245

2116.9540,1.8843,3.9341,6.5896,7.0395,0.1067,-0.0160,5.2364,4.1318,-0.0160,3.5392

2117.9540,2.9131,3.9958,6.7130,8.0684,0.1067,0.0457,5.4937,4.5485,0.0457,3.9052

2118.9540,2.9131,4.1810,6.4043,7.0395,0.0450,0.1074,4.9792,4.2604,0.1074,3.6671

2119.9540,2.9131,3.7489,6.4043,11.9269,0.1685,-0.3865,5.2364,5.0663,-0.3865,4.2874

2120.9540,2.9131,4.1193,6.7130,11.4124,0.3537,0.0457,5.7509,5.2104,0.0457,4.4726

2121.9550,2.6559,4.0576,6.7130,7.2968,-0.0785,-0.0160,5.2364,4.3135,-0.0160,3.6950

2122.9540,3.1703,4.0576,6.6513,7.5540,0.0450,-0.0778,5.7509,4.5382,-0.0778,3.8787

2123.9540,2.6559,3.8724,6.6513,7.2968,0.1685,-0.0160,6.2654,4.4850,-0.0160,3.8420

2124.9540,2.3987,3.9958,6.8365,7.0395,0.0450,-0.0778,5.4937,4.3015,-0.0778,3.6759

2125.9540,3.1703,3.9958,6.5896,7.2968,0.1685,-0.0160,5.7509,4.4953,-0.0160,3.8508

2126.9550,3.1703,3.5019,6.2809,7.0395,0.0450,0.0457,5.4937,4.2552,0.0457,3.6538

2127.9550,3.1703,4.0576,7.0217,6.5251,-0.0785,-0.1395,5.4937,4.3650,-0.1395,3.7215

2128.9550,2.6559,3.8724,6.7130,7.2968,0.0450,-0.0160,5.4937,4.3461,-0.0160,3.7229

2129.9550,3.1703,3.8724,6.5896,7.0395,0.1067,-0.3247,3.9501,4.1214,-0.3247,3.4863

2130.9540,2.1415,3.8106,6.5896,6.2678,-0.0167,-0.0778,5.4937,4.0477,-0.0778,3.4584

2131.9540,2.6559,3.8724,6.2809,7.2968,-0.0167,-0.0778,6.0082,4.3495,-0.0778,3.7171

2132.9540,3.1703,3.4402,6.5278,6.7823,0.1685,-0.0778,5.7509,4.3067,-0.0778,3.6803

2133.9540,2.6559,4.0576,6.6513,7.0395,0.0450,-0.0778,5.2364,4.2809,-0.0778,3.6583

2134.9540,2.9131,3.8724,6.2809,7.2968,0.0450,-0.3865,5.2364,4.2741,-0.3865,3.6083

2135.9550,3.1703,4.0576,6.4661,7.2968,0.1067,-0.0778,5.2364,4.3890,-0.0778,3.7509

2136.9550,2.9131,3.8724,6.5896,7.0395,0.1067,-0.0778,5.7509,4.3787,-0.0778,3.7421

2137.9540,3.1703,3.8724,6.4661,7.2968,0.1685,-0.0778,5.4937,4.4113,-0.0778,3.7700

2138.9550,2.6559,3.8106,6.4661,7.2968,0.1067,0.0457,4.4647,4.1335,0.0457,3.5495

2139.9540,2.6559,3.8106,6.3426,7.5540,-0.0167,-0.0778,4.9792,4.2209,-0.0778,3.6068

2140.9550,2.9131,3.9341,6.3426,7.0395,0.6007,0.8483,3.9501,4.1300,0.8483,3.6612

2141.9540,2.9131,3.8724,6.4661,7.0395,0.0450,0.0457,5.4937,4.3049,0.0457,3.6965

2142.9550,3.1703,3.9958,6.4661,6.5251,-0.0167,-0.0778,5.4937,4.2724,-0.0778,3.6509

2143.9550,2.6559,4.1193,6.5896,7.0395,-0.0167,-0.0160,1.1204,3.5846,-0.0160,3.0703

2144.9540,2.6559,3.8106,6.5896,6.5251,-0.0785,-0.0778,5.4937,4.1660,-0.0778,3.5598

2145.9540,2.9131,4.0576,6.6513,7.2968,0.0450,-0.0160,4.7219,4.2809,-0.0160,3.6671

2146.9540,2.1415,3.8724,6.4661,7.5540,0.0450,0.1074,5.4937,4.2621,0.1074,3.6686

2147.9550,2.6559,4.1193,6.6513,7.5540,-0.0167,-0.0160,4.7219,4.2809,-0.0160,3.6671

2148.9540,3.1703,3.8724,6.7748,7.0395,0.0450,0.0457,5.7509,4.4421,0.0457,3.8141

2149.9540,-0.9449,3.7489,6.8983,7.2968,0.0450,-0.0160,4.9792,3.6705,-0.0160,3.1439

2150.9540,2.6559,3.8106,6.5278,7.5540,-0.0785,-0.0160,5.4937,4.3272,-0.0160,3.7068

2151.9540,3.1703,3.6254,6.7130,7.0395,0.1067,-0.0160,5.7509,4.4010,-0.0160,3.7700

2152.9540,3.4275,3.9341,6.6513,7.0395,0.1685,-0.0778,5.2364,4.4095,-0.0778,3.7685

2153.9550,2.6559,4.2428,6.5896,7.2968,-0.0785,0.9717,4.2074,4.1523,0.9717,3.6979

2154.9540,2.6559,4.1193,6.8365,7.5540,0.1067,0.0457,6.0082,4.5468,0.0457,3.9038

2155.9540,2.6559,4.0576,6.4661,7.8112,0.0450,0.1692,5.4937,4.4216,0.1692,3.8141

2156.9550,1.6271,3.9341,6.5278,4.4672,0.1067,0.0457,5.7509,3.7356,0.0457,3.2085

2157.9550,2.9131,4.0576,6.8365,7.8112,0.1067,0.1074,5.4937,4.5365,0.1074,3.9037

2158.9540,2.3987,4.1193,6.4661,8.0684,0.0450,0.1074,5.4937,4.4319,0.1074,3.8141

2159.9540,3.1703,3.9958,6.7748,7.2968,0.0450,0.1074,4.9792,4.3770,0.1074,3.7670

2160.9540,3.4275,3.8724,6.5278,7.0395,-0.0167,0.2309,5.7509,4.4336,0.2309,3.8332

2161.9540,2.6559,3.8724,6.7130,6.5251,0.1685,-0.0778,5.7509,4.2810,-0.0778,3.6583

2162.9540,2.9131,3.9341,6.6513,7.2968,-0.0785,-0.0778,5.2364,4.3255,-0.0778,3.6965

2163.9540,2.3987,4.0576,6.4661,7.2968,0.0450,-0.0778,6.0082,4.3787,-0.0778,3.7421

2164.9540,2.6559,3.8724,6.4661,7.0395,0.0450,-0.2013,4.9792,4.1763,-0.2013,3.5510

2165.9540,2.9131,3.9958,6.5896,7.5540,-0.0167,0.1074,5.4937,4.4216,0.1074,3.8053

2166.9540,2.6559,3.8724,6.6513,7.2968,0.0450,0.1074,5.2364,4.2929,0.1074,3.6950

2167.9540,2.1415,3.8106,6.3426,7.2968,-0.1402,-0.0160,5.7509,4.2004,-0.0160,3.5980

2168.9540,3.4275,3.9958,6.6513,7.0395,0.1067,-0.0778,5.7509,4.4953,-0.0778,3.8420

2169.9550,5.2278,3.6872,6.6513,6.2678,-0.0167,-0.1395,5.4937,4.5518,-0.1395,3.8816

2170.9540,2.9131,3.8724,6.5896,7.2968,0.0450,-0.0778,5.7509,4.4113,-0.0778,3.7700

2171.9550,3.4275,3.8724,6.8365,7.2968,0.0450,-0.3247,5.2364,4.4524,-0.3247,3.7700

2172.9540,2.1415,3.8724,6.5278,7.0395,-0.0167,-0.1395,5.7509,4.2192,-0.1395,3.5965

2173.9550,2.1415,3.6872,6.4661,7.2968,0.0450,0.5396,5.2364,4.1455,0.5396,3.6303

2174.9540,3.4275,3.9958,6.7130,7.5540,0.0450,-0.0160,5.7509,4.5810,-0.0160,3.9243

2175.9550,2.6559,4.0576,6.5896,7.8112,-0.4489,-0.0160,4.9792,4.2741,-0.0160,3.6612

2176.9540,2.1415,3.8724,6.4043,7.5540,0.0450,-0.2013,5.4937,4.2518,-0.2013,3.6157

2177.9540,1.8843,3.9958,6.6513,7.5540,0.1685,-0.0160,5.4937,4.2913,-0.0160,3.6759

2178.9550,3.1703,3.8724,6.5278,7.0395,0.1067,-0.0778,5.4937,4.3684,-0.0778,3.7332

2179.9550,1.8843,3.9341,6.6513,7.5540,0.0450,-0.0778,5.2364,4.2175,-0.0778,3.6039

2180.9550,3.6847,3.9341,6.7748,7.2968,0.0450,0.0457,5.4937,4.5382,0.0457,3.8964

2181.9550,2.9131,4.0576,6.5278,7.2968,0.0450,0.0457,4.7219,4.2604,0.0457,3.6583

2182.9540,2.6559,4.1810,6.4661,7.2968,-0.0785,-0.0778,5.4937,4.3358,-0.0778,3.7053

2183.9540,2.9131,4.0576,6.4661,7.8112,0.0450,-0.0160,5.4937,4.4644,-0.0160,3.8244

2184.9540,2.6559,3.9341,6.4661,7.5540,-0.2020,-0.3865,3.1784,3.9311,-0.3865,3.3143

2185.9540,3.1703,4.0576,6.3426,7.0395,-0.0167,-0.0778,5.4937,4.3478,-0.0778,3.7156

2186.9550,2.6559,4.1193,6.8365,7.5540,0.0450,-0.0160,5.4937,4.4507,-0.0160,3.8126

2187.9540,9.3430,4.1193,6.5278,7.5540,0.1067,-0.0160,4.9792,5.4383,-0.0160,4.6591

2188.9540,3.1703,3.8724,6.8365,7.2968,0.0450,-0.2013,5.2364,4.4096,-0.2013,3.7509

2189.9540,3.1703,3.6254,6.5896,7.2968,0.1067,-0.0778,5.4937,4.3804,-0.0778,3.7435

2190.9550,2.6559,3.9958,6.5896,7.0395,0.1067,0.0457,5.4937,4.3135,0.0457,3.7038

2191.9540,2.6559,3.8724,6.7748,7.0395,0.1067,-0.0778,5.2364,4.2809,-0.0778,3.6583

2192.9540,2.6559,3.8724,6.4043,7.0395,-0.0167,-0.3247,6.5227,4.4130,-0.3247,3.7362

2193.9540,3.4275,3.9341,6.5896,6.7823,-0.0785,0.0457,5.4937,4.3581,0.0457,3.7420

2194.9540,2.9131,4.0576,6.5896,7.5540,-0.6342,-0.0778,5.4937,4.3289,-0.0778,3.6994

2195.9540,2.6559,4.1193,6.5278,7.8112,-0.0167,-0.0160,5.2364,4.3890,-0.0160,3.7597

2196.9540,2.9131,3.9958,6.4043,7.0395,-1.7456,0.2926,3.9501,3.7596,0.2926,3.2643

2197.9540,2.6559,3.9341,6.5278,7.2968,0.0450,0.0457,6.2654,4.4542,0.0457,3.8244

2198.9540,2.9131,3.9341,6.1574,7.2968,-0.0785,-0.0778,4.9792,4.2003,-0.0778,3.5892

2199.9550,3.4275,4.0576,6.8983,7.2968,0.1685,-0.2630,6.7799,4.7714,-0.2630,4.0522

2200.9540,3.1703,4.1193,6.6513,7.0395,0.0450,-0.0160,7.0372,4.6771,-0.0160,4.0066

2201.9540,2.9131,4.0576,6.7748,7.2968,0.0450,0.1692,5.4937,4.4301,0.1692,3.8214

2202.9540,2.3987,3.8724,6.8365,6.7823,-0.0167,0.2309,5.4937,4.2278,0.2309,3.6568

2203.9540,3.1703,3.9958,6.7130,7.5540,-0.0167,0.2309,5.2364,4.4421,0.2309,3.8405

2204.9540,2.9131,4.1193,6.4661,7.2968,0.0450,-0.0160,4.9792,4.3032,-0.0160,3.6862

2205.9540,2.6559,3.9958,6.4661,7.5540,0.1067,0.1074,5.4937,4.3787,0.1074,3.7685

2206.9550,2.9131,4.0576,6.6513,7.2968,0.1685,-0.0778,5.7509,4.4730,-0.0778,3.8229

2207.9550,2.6559,3.9958,6.5896,7.5540,0.1685,-0.2630,4.9792,4.3238,-0.2630,3.6686

2208.9550,2.6559,3.9958,6.4661,7.2968,-0.0167,-0.0160,5.4937,4.3152,-0.0160,3.6965

2209.9540,2.9131,3.9958,6.7130,7.2968,-0.5107,-0.3865,5.2364,4.2741,-0.3865,3.6083

2210.9540,0.8555,4.1810,6.6513,8.0684,0.1067,-0.2630,4.9792,4.1404,-0.2630,3.5113

2211.9540,3.1703,4.0576,6.6513,7.5540,0.0450,-0.0778,3.9501,4.2380,-0.0778,3.6215

2212.9540,2.9131,4.0576,6.6513,7.2968,0.1685,-0.0778,5.7509,4.4730,-0.0778,3.8229

2213.9540,2.9131,4.1193,6.7130,7.8112,0.0450,-0.0160,5.2364,4.4730,-0.0160,3.8317

2214.9540,6.2566,4.3045,6.7130,7.2968,0.1685,-0.1395,5.7509,5.0817,-0.1395,4.3358

2215.9540,2.6559,3.8724,6.8983,7.2968,-0.1402,-0.0778,5.2364,4.3032,-0.0778,3.6774

2216.9540,3.1703,4.2428,7.7009,6.5251,-0.0785,-0.0778,5.7509,4.5519,-0.0778,3.8905

2217.9540,2.9131,3.8724,6.5278,7.2968,0.1067,-0.2013,5.4937,4.3684,-0.2013,3.7156

2218.9550,3.1703,3.8724,6.7130,7.0395,0.1067,-0.5099,5.7509,4.4421,-0.5099,3.7347

2219.9540,2.6559,3.9958,6.4661,7.0395,-0.0167,-0.1395,6.0082,4.3581,-0.1395,3.7156

2220.9550,3.1703,3.8106,6.3426,6.5251,-0.0167,-0.1395,5.4937,4.2209,-0.1395,3.5980

2221.9550,2.6559,3.8724,6.4043,6.7823,0.0450,-0.2013,5.2364,4.1660,-0.2013,3.5421

2222.9540,3.6847,4.0576,6.6513,6.7823,0.1067,-0.1395,5.7509,4.5056,-0.1395,3.8420

2223.9540,2.9131,3.8106,6.4043,7.2968,0.0450,-0.0160,5.4937,4.3272,-0.0160,3.7068

2224.9550,2.9131,4.0576,6.3426,7.0395,-0.0167,-0.0160,5.7509,4.3478,-0.0160,3.7244

2225.9550,2.6559,3.5637,6.4043,7.0395,0.0450,0.0457,5.2364,4.1575,0.0457,3.5701

2226.9550,2.9131,3.8724,6.6513,7.5540,-0.0167,-0.2630,5.7509,4.4541,-0.2630,3.7803

2227.9550,2.9131,3.8106,6.5896,7.2968,0.1685,-0.0778,5.7509,4.4216,-0.0778,3.7788

2228.9550,2.9131,3.6254,6.4661,6.7823,-0.0167,-0.2013,5.4937,4.2106,-0.2013,3.5804

2229.9550,2.6559,4.0576,6.7748,8.0684,0.0450,-0.0160,5.4937,4.5159,-0.0160,3.8685

2230.9540,2.6559,3.9958,6.8365,6.7823,-0.0167,-0.0160,5.4937,4.2912,-0.0160,3.6759

2231.9540,2.9131,3.9341,6.7130,7.0395,-0.0167,-0.0778,6.0082,4.4319,-0.0778,3.7876

2232.9540,3.4275,4.0576,6.8365,10.1263,0.4772,-0.3247,6.5227,5.2413,-0.3247,4.4461

2233.9540,2.3987,4.1810,6.5896,7.0395,0.0450,-0.0778,6.0082,4.3770,-0.0778,3.7406

2234.9540,2.9131,3.9341,6.7130,7.5540,0.1067,-0.0160,5.7509,4.4953,-0.0160,3.8508

2235.9550,2.3987,4.0576,6.5896,7.2968,-0.0167,0.0457,5.2364,4.2604,0.0457,3.6583

2236.9550,2.9131,3.9341,6.5896,7.2968,0.0450,-0.0160,5.4937,4.3787,-0.0160,3.7509

2237.9550,3.1703,3.9958,6.8365,7.2968,0.0450,0.0457,6.2654,4.6016,0.0457,3.9508

2238.9540,4.7134,3.5019,6.5278,7.0395,0.0450,-0.0160,5.2364,4.5107,-0.0160,3.8640

2239.9540,3.1703,3.9958,6.7748,7.0395,-0.0785,-0.0778,5.4937,4.3993,-0.0778,3.7597

2240.9540,3.1703,3.9341,6.6513,7.2968,0.1685,-0.0160,5.7509,4.4953,-0.0160,3.8508

2241.9550,2.9131,3.9341,6.5896,7.0395,-0.0167,0.1074,5.4937,4.3255,0.1074,3.7229

2242.9550,2.6559,4.1810,6.8983,7.5540,0.1067,0.0457,5.7509,4.5245,0.0457,3.8846

2243.9550,2.6559,4.1193,6.7130,7.2968,-0.0167,-0.0160,10.8960,5.2774,-0.0160,4.5212

2244.9540,1.6271,4.7367,6.4661,8.3257,-0.0785,0.1692,5.4937,4.4284,0.1692,3.8200

2245.9540,1.6271,4.2428,6.6513,7.0395,0.1067,-0.0778,5.2364,4.1506,-0.0778,3.5466

2246.9540,1.8843,4.1193,6.4661,7.5540,0.0450,0.0457,5.2364,4.2175,0.0457,3.6215

2247.9540,2.6559,3.8724,6.7130,7.0395,0.1067,-0.0160,5.4937,4.3135,-0.0160,3.6950

2248.9540,3.1703,4.0576,6.5278,7.2968,-0.0167,0.0457,5.7509,4.4644,0.0457,3.8332

2249.9540,2.9131,4.1810,6.8365,7.0395,0.1067,0.0457,4.4647,4.2569,0.0457,3.6553

2250.9540,3.1703,4.6132,6.4043,7.5540,0.0450,-0.0778,5.4937,4.5467,-0.0778,3.8861

2251.9540,2.9131,3.9341,7.5157,6.0106,0.2302,-0.1395,6.0082,4.4353,-0.1395,3.7818

2252.9540,3.9418,4.1193,6.5278,6.5251,-0.0785,-0.0778,5.4937,4.4215,-0.0778,3.7788

2253.9550,4.4562,3.9341,6.4661,6.7823,0.1067,-0.0160,4.7219,4.4112,-0.0160,3.7788

2254.9540,2.6559,3.9341,6.5896,8.0684,0.0450,0.1692,5.4937,4.4644,0.1692,3.8508

2255.9540,3.1703,4.3045,6.7748,8.0684,0.0450,0.0457,5.4937,4.6428,0.0457,3.9860

2256.9540,2.9131,3.9958,6.8983,7.2968,0.0450,0.0457,5.7509,4.4833,0.0457,3.8494

2257.9540,3.4275,4.0576,6.7748,7.2968,0.1067,0.1074,5.4937,4.5262,0.1074,3.8949

2258.9550,2.9131,4.2428,6.5896,8.0684,0.0450,0.1074,5.7509,4.6016,0.1074,3.9596

2259.9540,2.9131,3.7489,6.7130,7.2968,0.0450,0.1692,5.4937,4.3684,0.1692,3.7685

2260.9540,2.9131,4.1193,6.6513,7.8112,-0.0167,-0.4482,4.7219,4.3667,-0.4482,3.6788

2261.9550,2.9131,4.2428,6.6513,7.5540,0.1685,0.0457,5.7509,4.5468,0.0457,3.9037

2262.9540,2.9131,4.0576,6.8365,7.0395,0.1067,0.2309,7.2944,4.7080,0.2309,4.0684

2263.9540,2.9131,4.4280,7.2070,6.7823,0.2302,-0.0160,6.0082,4.5948,-0.0160,3.9361

2264.9540,2.1415,4.1193,6.6513,7.5540,0.1067,-0.0778,4.9792,4.2587,-0.0778,3.6392

2265.9550,2.6559,4.1193,6.8365,7.5540,-0.0167,0.2309,6.0082,4.5262,0.2309,3.9126

2266.9550,2.9131,4.1810,6.6513,7.2968,-0.0167,0.0457,5.7509,4.4627,0.0457,3.8317

2267.9550,2.9131,4.1810,6.7130,4.2100,-0.1402,-0.0160,5.4937,3.8951,-0.0160,3.3364

2268.9550,2.9131,4.1810,6.8983,7.5540,-0.0167,-0.3865,6.5227,4.6754,-0.3865,3.9523

2269.9550,2.9131,4.1810,6.8983,7.8112,-0.0167,0.0457,5.7509,4.5896,0.0457,3.9405

2270.9540,3.1703,4.1810,6.8983,7.2968,0.0450,-0.0778,4.9792,4.4284,-0.0778,3.7847

2271.9540,3.4275,4.1193,7.1452,7.5540,0.5389,-0.4482,6.2654,4.8417,-0.4482,4.0860

2272.9550,2.6559,4.3045,6.7130,8.0684,0.0450,0.1074,5.2364,4.5039,0.1074,3.8758

2273.9540,1.6271,3.9958,6.8365,7.2968,0.1067,-0.0160,5.4937,4.2261,-0.0160,3.6201

2274.9540,2.9131,4.1810,6.8983,8.0684,0.1067,0.2309,5.4937,4.6102,0.2309,3.9846

2275.9540,2.1415,3.9341,6.8365,7.8112,-0.0167,-0.0160,5.4937,4.3667,-0.0160,3.7406

2276.9540,3.4275,5.4775,6.8983,7.2968,0.0450,-0.0778,5.2364,4.7302,-0.0778,4.0434

2277.9540,2.9131,4.1193,6.7130,7.8112,0.5389,0.1074,6.2654,4.7268,0.1074,4.0669

2278.9540,3.1703,3.8724,6.8365,7.5540,0.0450,-0.0160,5.7509,4.5382,-0.0160,3.8876

2279.9550,2.9131,4.1193,6.7748,7.2968,-0.1402,-0.0160,5.4937,4.4096,-0.0160,3.7773

2280.9550,2.9131,4.2428,6.7130,7.5540,-0.0167,-0.0160,5.2364,4.4404,-0.0160,3.8038

2281.9540,3.1703,4.0576,6.9600,7.2968,0.1685,0.8483,3.9501,4.2672,0.8483,3.7788

2282.9540,2.9131,4.1810,6.7748,7.5540,0.0450,0.1074,5.2364,4.4507,0.1074,3.8302

2283.9540,2.6559,3.9958,6.8983,7.5540,0.9711,-0.2630,5.7509,4.6377,-0.2630,3.9376

2284.9540,2.9131,3.9958,6.8365,7.2968,0.0450,0.1074,5.4937,4.4301,0.1074,3.8126

2285.9550,2.9131,3.5637,6.9600,6.7823,0.0450,-0.2013,5.2364,4.2501,-0.2013,3.6142

2286.9540,2.9131,4.2428,6.7748,7.2968,0.1067,0.0457,4.4647,4.2998,0.0457,3.6921

2287.9550,2.9131,3.9341,6.6513,6.2678,-0.0785,-0.0160,5.4937,4.1969,-0.0160,3.5951

2288.9540,2.9131,3.9958,6.7130,7.2968,-0.0167,-0.1395,5.2364,4.3564,-0.1395,3.7141

2289.9540,2.9131,3.9958,6.8983,7.5540,0.0450,0.0457,6.0082,4.5691,0.0457,3.9229

2290.9550,2.6559,3.9958,6.6513,7.5540,-0.0167,-0.0160,5.7509,4.4319,-0.0160,3.7964

2291.9540,3.1703,3.9958,6.7130,7.5540,-0.0167,0.7865,4.2074,4.2706,0.7865,3.7729

2292.9540,3.4275,3.8724,6.6513,8.3257,-0.1402,0.2309,5.2364,4.5622,0.2309,3.9434

2293.9550,3.1703,3.9341,6.5278,7.5540,-0.0785,-0.0778,4.9792,4.3478,-0.0778,3.7156

2294.9540,2.9131,3.9958,6.7130,7.0395,0.0450,-0.0160,5.4937,4.3667,-0.0160,3.7406

2295.9550,2.9131,4.1193,6.7130,7.0395,0.0450,-0.0778,5.7509,4.4301,-0.0778,3.7862

2296.9540,3.4275,4.0576,6.7748,7.2968,0.0450,-0.2630,4.9792,4.4301,-0.2630,3.7597

2297.9540,3.9418,3.9958,6.6513,7.5540,0.0450,0.1074,4.9792,4.5279,0.1074,3.8964

2298.9540,3.1703,3.9958,6.4661,7.2968,-0.0167,-0.1395,6.2654,4.5296,-0.1395,3.8626

2299.9540,2.3987,3.9958,6.7748,7.2968,-0.0785,-0.1395,5.7509,4.3564,-0.1395,3.7141

2300.9540,3.1703,3.9341,6.5278,7.5540,0.0450,-0.2630,5.4937,4.4541,-0.2630,3.7803

2301.9540,2.9131,3.9958,6.7130,7.5540,0.1685,-0.1395,5.4937,4.4730,-0.1395,3.8141

2302.9540,3.4275,3.9958,6.5896,7.2968,0.1067,-0.1395,5.7509,4.5279,-0.1395,3.8611

2303.9540,3.1703,4.0576,6.5896,7.0395,0.1067,-0.0778,5.4937,4.4096,-0.0778,3.7685

2304.9540,2.9131,4.1810,6.7748,7.2968,0.0450,-0.2630,5.7509,4.4936,-0.2630,3.8141

2305.9550,2.9131,4.1810,6.6513,7.5540,0.1067,-0.1395,5.4937,4.4833,-0.1395,3.8229

2306.9550,2.6559,3.9958,6.5896,7.2968,0.0450,-0.2013,5.4937,4.3461,-0.2013,3.6965

2307.9550,2.6559,4.0576,6.4043,7.5540,-0.0785,-0.1395,6.2654,4.4764,-0.1395,3.8170

2308.9540,2.6559,3.9958,6.6513,7.5540,-0.1402,-0.2630,5.2364,4.3255,-0.2630,3.6700

2309.9550,2.9131,3.9341,6.7130,7.2968,0.0450,-0.0778,6.0082,4.4850,-0.0778,3.8332

2310.9540,3.4275,4.0576,6.5278,7.8112,0.0450,-0.1395,5.2364,4.5176,-0.1395,3.8523

2311.9540,2.9131,4.0576,6.7748,7.5540,0.0450,-0.1395,5.7509,4.5159,-0.1395,3.8508

2312.9540,2.9131,3.9958,6.6513,7.0395,0.1067,-0.1395,6.2654,4.4953,-0.1395,3.8332

2313.9540,2.9131,4.1193,6.7130,8.0684,0.0450,-0.1395,5.4937,4.5588,-0.1395,3.8876

2314.9540,2.6559,4.0576,6.7130,7.2968,0.1067,-0.2013,5.7509,4.4301,-0.2013,3.7685

2315.9540,2.9131,3.9341,6.5278,7.2968,-0.0167,0.0457,5.4937,4.3581,0.0457,3.7420

2316.9550,2.6559,4.1193,6.0956,8.0684,-0.1402,-0.0160,4.7219,4.2535,-0.0160,3.6436

2317.9540,2.1415,4.1193,6.7748,7.5540,0.1067,0.0457,5.7509,4.4079,0.0457,3.7847

2318.9540,3.1703,4.0576,6.5278,7.5540,0.0450,-0.1395,5.2364,4.4318,-0.1395,3.7788

2319.9540,2.6559,3.8106,6.8365,7.2968,0.1685,0.0457,5.4937,4.3770,0.0457,3.7582

2320.9540,2.9131,3.9341,7.0217,6.5251,0.0450,-0.0778,5.2364,4.2792,-0.0778,3.6568

2321.9540,2.1415,3.9341,6.8365,7.2968,0.1067,-0.0778,9.3525,4.9447,-0.0778,4.2272

2322.9540,3.1703,4.1810,6.7748,7.5540,0.1067,0.0457,5.4937,4.5467,0.0457,3.9037

2323.9540,3.4275,3.8724,6.4661,7.0395,0.0450,-0.0160,4.9792,4.3049,-0.0160,3.6876

2324.9550,2.9131,4.0576,6.6513,7.2968,0.0450,-0.0160,6.0082,4.4953,-0.0160,3.8508

2325.9540,4.7134,4.1193,6.7130,6.7823,-0.0167,0.0457,5.4937,4.6342,0.0457,3.9787

2326.9550,3.4275,3.9341,6.8365,7.5540,0.1067,-0.0778,5.4937,4.5587,-0.0778,3.8964

2327.9540,3.1703,3.9958,6.7130,7.5540,-0.0167,0.0457,5.4937,4.4850,0.0457,3.8508

2328.9540,3.1703,4.1193,6.8365,7.8112,0.0450,-0.0160,5.4937,4.5793,-0.0160,3.9228

2329.9540,2.1415,3.9341,6.7748,7.2968,0.0450,-0.0778,5.4937,4.2810,-0.0778,3.6583

2330.9540,2.6559,4.1810,6.7748,7.0395,-0.0167,-0.2630,6.5227,4.5262,-0.2630,3.8420

2331.9540,2.6559,4.1193,6.7130,7.2968,0.0450,-0.0160,5.7509,4.4301,-0.0160,3.7950

2332.9540,2.6559,4.1193,6.5278,12.6985,0.4155,-0.2630,6.0082,5.4042,-0.2630,4.5946

2333.9540,2.6559,4.1810,6.7748,6.7823,-0.0167,-0.0160,5.7509,4.3547,-0.0160,3.7303

2334.9550,-4.2885,4.5515,6.3426,8.0684,-0.1402,-0.0778,5.4937,3.3379,-0.0778,2.8500

2335.9540,0.0839,4.4280,6.4661,7.8112,-0.0167,0.1074,5.4937,4.0443,0.1074,3.4819

2336.9550,2.9131,4.0576,6.5896,7.5540,-0.0167,0.0457,5.4937,4.4318,0.0457,3.8053

2337.9550,2.9131,4.1193,6.5278,7.2968,-0.1402,0.4778,4.9792,4.2826,0.4778,3.7391

2338.9540,2.3987,4.1193,6.5278,7.5540,-0.0167,-0.0160,5.4937,4.3461,-0.0160,3.7229

2339.9540,2.6559,4.1810,6.7748,7.8112,-0.0167,0.1074,5.4937,4.4833,0.1074,3.8582

2340.9550,2.6559,4.0576,6.8983,7.2968,0.1067,-0.1395,6.0082,4.5039,-0.1395,3.8405

2341.9550,2.9131,4.0576,6.6513,7.8112,0.1067,0.1074,5.4937,4.5056,0.1074,3.8773

2342.9540,2.9131,3.9958,6.8983,7.8112,0.0450,-0.0160,5.2364,4.4833,-0.0160,3.8405

2343.9540,2.9131,4.1810,6.7748,7.0395,0.4155,-0.0778,6.0082,4.5553,-0.0778,3.8935

2344.9540,3.1703,4.0576,7.3304,6.2678,0.2920,-0.0778,6.2654,4.5639,-0.0778,3.9008

2345.9550,2.3987,3.8724,6.7130,7.5540,0.1685,-0.1395,5.7509,4.4096,-0.1395,3.7597

2346.9540,2.9131,4.1810,6.8983,8.0684,0.1067,0.0457,5.7509,4.6531,0.0457,3.9949

2347.9540,2.1415,4.1810,6.5278,7.5540,-0.0785,0.0457,5.2364,4.2604,0.0457,3.6583

2348.9540,2.9131,3.9958,6.5896,6.2678,-0.0167,0.0457,5.4937,4.2072,0.0457,3.6127

2349.9540,3.4275,4.0576,6.9600,7.0395,0.1685,-0.1395,5.4937,4.5245,-0.1395,3.8582

2350.9550,2.9131,4.2428,6.8983,7.8112,-0.1402,-0.0778,5.7509,4.5793,-0.0778,3.9140

2351.9540,2.9131,4.1810,6.8365,8.0684,-0.0167,-0.0160,4.9792,4.4936,-0.0160,3.8493

2352.9540,2.9131,3.9958,6.5278,7.8112,-0.0785,-0.0160,5.7509,4.4867,-0.0160,3.8435

2353.9550,3.1703,4.0576,6.6513,7.5540,0.0450,-0.1395,5.7509,4.5382,-0.1395,3.8699

2354.9540,3.1703,3.9958,6.7748,7.0395,0.0450,-0.0160,5.7509,4.4627,-0.0160,3.8229

2355.9540,3.1703,3.9958,6.7130,7.5540,0.0450,0.1074,5.4937,4.4953,0.1074,3.8685

2356.9540,2.6559,2.1438,7.2070,6.7823,-0.0785,-0.1395,5.4937,4.0340,-0.1395,3.4378

2357.9550,2.9131,4.1193,6.8983,7.5540,0.1067,0.0457,5.7509,4.5570,0.0457,3.9126

2358.9540,2.6559,4.1193,6.7130,7.5540,0.0450,-0.0160,5.4937,4.4301,-0.0160,3.7950

2359.9540,2.6559,4.1810,6.8365,8.0684,-0.0167,-0.0160,5.4937,4.5365,-0.0160,3.8861

2360.9540,2.6559,4.1810,6.8365,7.8112,0.0450,-0.0160,5.7509,4.5468,-0.0160,3.8949

2361.9550,2.9131,4.1810,6.2191,6.2678,0.1685,-0.0160,6.0082,4.2930,-0.0160,3.6774

2362.9550,6.5138,4.4897,6.7130,7.5540,0.1685,0.1074,5.7509,5.1983,0.1074,4.4711

2363.9540,3.6847,4.1193,6.6513,7.2968,0.1067,-0.0778,5.7509,4.6016,-0.0778,3.9331

2364.9540,2.6559,4.1193,6.6513,7.5540,0.2302,-0.0778,5.4937,4.4507,-0.0778,3.8038

2365.9540,2.9131,4.1193,6.6513,7.2968,0.0450,-0.0160,5.2364,4.3770,-0.0160,3.7494

2366.9550,3.1703,4.1810,6.7748,7.5540,0.0450,0.1692,5.7509,4.5793,0.1692,3.9493

2367.9540,2.9131,4.0576,6.7130,7.2968,0.1067,0.1074,5.7509,4.4730,0.1074,3.8494

2368.9550,3.1703,4.1193,6.9600,7.5540,0.1067,0.1692,6.0082,4.6531,0.1692,4.0125

2369.9550,5.7422,4.1810,6.8983,7.2968,0.1067,0.1074,5.2364,4.9102,0.1074,4.2241

2370.9540,3.1703,4.3045,6.6513,7.5540,0.1067,0.1692,5.7509,4.5896,0.1692,3.9581

2371.9550,2.9131,4.2428,6.9600,7.5540,0.1067,0.1074,5.4937,4.5450,0.1074,3.9111

2372.9550,3.1703,4.1193,6.9600,7.0395,0.1067,0.1692,6.0082,4.5673,0.1692,3.9390

2373.9540,3.6847,4.2428,6.8365,7.2968,0.0450,0.1692,4.9792,4.5141,0.1692,3.8934

2374.9540,2.6559,4.1810,7.0217,8.0684,0.1067,0.1692,5.7509,4.6308,0.1692,3.9934

2375.9540,2.9131,4.0576,6.7130,7.5540,0.1067,0.1692,5.2364,4.4301,0.1692,3.8214

2376.9540,3.1703,4.0576,6.7748,7.2968,-0.0167,0.1074,6.0082,4.5485,0.1074,3.9140

2377.9540,3.1703,4.1810,6.9600,7.2968,-0.0167,0.0457,5.4937,4.5142,0.0457,3.8758

2378.9540,2.9131,4.1810,6.8983,8.8401,-0.0167,0.1074,5.2364,4.6754,0.1074,4.0228

2379.9540,3.1703,4.1810,6.8983,7.2968,0.1067,0.0457,4.9792,4.4387,0.0457,3.8111

2380.9540,2.1415,4.7367,6.5278,8.5829,-0.0785,0.1692,6.0082,4.6531,0.1692,4.0125

2381.9550,3.1703,4.0576,6.6513,7.5540,0.0450,-0.0778,5.4937,4.4953,-0.0778,3.8420

2382.9540,3.4275,4.0576,7.0217,6.7823,0.0450,-0.0160,5.7509,4.5142,-0.0160,3.8670

2383.9550,3.1703,4.1193,6.5896,7.2968,-0.0167,-0.0778,5.4937,4.4421,-0.0778,3.7964

2384.9540,3.6847,4.2428,6.8365,7.2968,-0.1402,-0.2013,5.7509,4.6119,-0.2013,3.9243

2385.9540,6.2566,4.0576,6.7748,7.8112,-0.0167,-0.2013,5.7509,5.1057,-0.2013,4.3476

2386.9550,3.9418,3.8106,6.7748,7.2968,0.1685,-0.1395,6.0082,4.6668,-0.1395,3.9802

2387.9540,2.6559,4.1193,6.5896,7.8112,-0.2020,-0.2013,5.4937,4.4113,-0.2013,3.7523

2388.9540,3.1703,4.0576,6.7748,7.2968,0.2302,-0.1395,5.4937,4.5039,-0.1395,3.8405

2389.9540,2.6559,4.1193,6.7130,7.2968,0.0450,-0.0778,5.4937,4.3873,-0.0778,3.7494

2390.9550,3.4275,3.9958,6.5896,7.0395,-0.0167,-0.0778,5.4937,4.4215,-0.0778,3.7788

2391.9550,3.1703,3.8106,6.7130,7.8112,-0.0167,-0.1395,6.7799,4.7114,-0.1395,4.0184

2392.9550,3.4275,4.1810,7.0217,7.0395,0.0450,-0.2013,5.2364,4.4919,-0.2013,3.8214

2393.9540,3.4275,3.8724,6.7748,7.0395,0.0450,-0.0778,6.0082,4.5279,-0.0778,3.8699

2394.9540,2.9131,4.2428,6.8365,7.2968,0.1067,-0.0160,6.0082,4.5673,-0.0160,3.9126

2395.9540,3.1703,4.1810,6.7130,6.2678,0.1685,-0.0160,5.7509,4.3753,-0.0160,3.7479

2396.9540,3.4275,4.1810,6.8983,7.5540,0.1067,-0.0160,6.0082,4.6959,-0.0160,4.0228

2397.9540,-1.4593,3.6254,7.1452,7.0395,0.1067,-0.0778,5.7509,3.7014,-0.0778,3.1615

2398.9540,3.1703,3.9958,6.7130,7.2968,0.1067,-0.0778,5.4937,4.4627,-0.0778,3.8141

2399.9540,3.1703,4.0576,6.4661,7.0395,0.0450,-0.0160,5.7509,4.4216,-0.0160,3.7876

2400.9540,2.9131,4.0576,6.6513,7.5540,-0.0167,0.0457,5.4937,4.4421,0.0457,3.8141

2401.9540,2.6559,4.1193,6.5896,7.2968,0.1067,0.0457,5.4937,4.3770,0.0457,3.7582

2402.9540,3.1703,4.1193,6.4661,7.5540,0.0450,-0.0160,4.4647,4.3032,-0.0160,3.6862

2403.9540,2.3987,3.9958,6.4661,7.2968,0.1685,-0.1395,5.4937,4.3032,-0.1395,3.6686

2404.9550,2.6559,3.9958,6.8365,7.2968,-0.0785,-0.0160,5.7509,4.4096,-0.0160,3.7773

2405.9550,3.6847,3.9958,6.6513,7.2968,0.2302,-0.0778,6.0082,4.6445,-0.0778,3.9699

2406.9540,3.4275,3.8724,6.5896,7.8112,0.1067,0.1074,5.2364,4.5073,0.1074,3.8787

2407.9540,3.6847,4.1810,6.7748,6.7823,-0.0167,-0.0778,5.7509,4.5262,-0.0778,3.8685

2408.9540,2.6559,4.1810,6.9600,7.2968,0.0450,-0.2013,6.0082,4.5245,-0.2013,3.8494

2409.9540,3.1703,4.3663,6.7748,7.5540,0.0450,-0.0160,5.7509,4.6102,-0.0160,3.9493

2410.9540,3.1703,4.0576,6.7748,7.0395,-0.0785,-0.0160,5.4937,4.4096,-0.0160,3.7773

2411.9540,3.1703,4.2428,6.8365,7.5540,-0.0167,-0.0778,5.4937,4.5467,-0.0778,3.8861

2412.9540,3.1703,4.7367,6.7130,7.5540,-0.0167,0.1074,4.4647,4.4370,0.1074,3.8185

2413.9550,2.3987,4.1193,6.7130,7.2968,0.2302,-0.2630,3.9501,4.1180,-0.2630,3.4922

2414.9550,2.9131,3.9958,7.0835,8.0684,-0.0167,-0.5099,7.2944,4.8898,-0.5099,4.1184

2415.9540,3.1703,4.3045,6.6513,7.5540,0.0450,-0.0778,6.0082,4.6222,-0.0778,3.9508

2416.9550,3.6847,4.1810,6.8365,7.2968,0.0450,-0.0160,5.7509,4.6325,-0.0160,3.9684

2417.9540,2.9131,4.2428,6.8365,6.7823,-0.0167,-0.0778,5.4937,4.3753,-0.0778,3.7391

2418.9540,3.1703,4.1810,6.9600,7.5540,-0.0785,-0.0778,6.0082,4.6325,-0.0778,3.9596

2419.9540,3.1703,4.2428,6.7130,7.8112,-0.0167,-0.5099,3.1784,4.1832,-0.5099,3.5127

2420.9540,2.3987,3.9341,6.5896,7.5540,0.1067,-0.0778,5.4937,4.3461,-0.0778,3.7141

2421.9550,3.4275,3.9341,6.5896,4.2100,0.1685,0.0457,5.7509,4.0134,0.0457,3.4466

2422.9540,3.1703,3.9958,6.7748,7.5540,0.5389,-0.2013,6.5227,4.7594,-0.2013,4.0507

2423.9550,3.1703,4.0576,6.9600,6.5251,-0.0785,-0.0160,6.0082,4.4404,-0.0160,3.8038

2424.9540,3.1703,4.2428,6.2191,7.5540,0.0450,-0.0778,6.0082,4.5399,-0.0778,3.8802

2425.9540,3.1703,4.3045,6.9600,7.8112,0.0450,0.0457,5.2364,4.5879,0.0457,3.9390

2426.9540,2.9131,4.1193,6.5278,6.2678,0.1067,-0.3865,5.7509,4.2809,-0.3865,3.6142

2427.9540,3.4275,4.2428,6.8983,7.5540,0.1067,-0.0160,5.7509,4.6634,-0.0160,3.9949

2428.9550,3.4275,4.2428,6.2809,7.8112,0.0450,-0.0160,6.0082,4.6359,-0.0160,3.9713

2429.9550,2.6559,4.1810,6.7130,7.2968,-0.2020,-0.2630,7.2944,4.6565,-0.2630,3.9537

2430.9540,3.4275,4.1810,6.8983,7.2968,0.0450,0.0457,5.4937,4.5570,0.0457,3.9126

2431.9540,3.4275,4.3045,6.7130,8.0684,-0.0167,0.0457,5.4937,4.6651,0.0457,4.0052

2432.9550,2.9131,4.1810,6.7130,7.5540,-0.0167,-0.0778,5.4937,4.4730,-0.0778,3.8229

2433.9540,3.6847,4.2428,6.8983,8.0684,0.1685,0.1692,3.9501,4.5021,0.1692,3.8831

2434.9550,3.1703,3.9958,6.7130,7.2968,-0.0167,-0.0778,5.7509,4.4850,-0.0778,3.8332

2435.9540,2.9131,4.1193,6.5278,7.2968,0.0450,-0.2013,6.2654,4.5279,-0.2013,3.8523

2436.9550,3.9418,4.0576,6.7748,7.5540,0.1685,-0.0778,6.0082,4.7508,-0.0778,4.0610

2437.9540,2.9131,3.9958,6.8983,7.2968,0.1685,-0.3865,5.4937,4.4610,-0.3865,3.7685

2438.9540,2.6559,4.1193,6.7130,7.8112,0.1685,-0.1395,5.4937,4.4936,-0.1395,3.8317

2439.9550,3.4275,3.9958,6.6513,8.3257,-0.0167,-0.0778,6.0082,4.7319,-0.0778,4.0448

2440.9550,3.1703,4.0576,7.0835,7.2968,0.1067,-0.0778,5.7509,4.5776,-0.0778,3.9126

2441.9540,3.6847,4.2428,6.5278,7.8112,0.1685,-0.0778,6.0082,4.7405,-0.0778,4.0522

2442.9540,2.6559,4.0576,6.9600,7.5540,0.0450,-0.1395,5.4937,4.4610,-0.1395,3.8038

2443.9550,3.4275,3.9958,6.6513,7.8112,0.1067,-0.2630,5.7509,4.6239,-0.2630,3.9258

2444.9540,3.4275,4.1810,6.6513,7.8112,0.0450,-0.0778,5.4937,4.6016,-0.0778,3.9331

2445.9550,3.4275,3.9341,6.7748,7.5540,0.1067,-0.1395,5.7509,4.5913,-0.1395,3.9155

2446.9540,2.9131,3.9341,7.0217,7.5540,0.0450,-0.0778,5.7509,4.5365,-0.0778,3.8773

2447.9540,2.3987,4.1193,6.8365,7.2968,-0.0785,-0.2013,5.7509,4.3873,-0.2013,3.7318

2448.9540,3.1703,3.9341,6.7748,7.2968,0.7859,0.2309,5.2364,4.5330,0.2309,3.9184

2449.9540,3.4275,4.4280,6.7748,7.5540,0.0450,-0.0778,5.7509,4.6634,-0.0778,3.9860

2450.9540,3.1703,4.0576,6.8365,7.5540,-0.3872,0.0457,5.4937,4.4541,0.0457,3.8244

2451.9540,3.1703,4.1193,6.8365,7.8112,-0.0785,-0.2630,5.7509,4.6016,-0.2630,3.9067

2452.9540,3.1703,4.0576,6.8983,7.5540,0.0450,-0.0160,6.0082,4.6222,-0.0160,3.9596

2453.9540,2.9131,4.2428,6.6513,7.5540,0.0450,-0.0778,5.4937,4.4833,-0.0778,3.8317

2454.9540,1.8843,4.1810,6.6513,7.2968,0.1685,-0.0778,5.7509,4.3221,-0.0778,3.6936

2455.9550,2.9131,4.1810,6.9600,8.3257,-0.0167,-0.1395,5.4937,4.6428,-0.1395,3.9596

2456.9540,3.1703,4.0576,7.0835,7.2968,-0.0167,-0.0778,5.7509,4.5570,-0.0778,3.8949

2457.9540,2.3987,4.1193,6.6513,7.2968,-0.0785,-0.2013,7.2944,4.6137,-0.2013,3.9258

2458.9540,2.9131,4.2428,6.8365,7.8112,0.2302,-0.1395,6.2654,4.7165,-0.1395,4.0228

2459.9540,3.6847,4.1193,6.6513,7.5540,0.2302,-0.1395,6.2654,4.7508,-0.1395,4.0522

2460.9540,2.9131,4.0576,6.4661,7.5540,-0.0167,-0.2013,5.7509,4.4541,-0.2013,3.7891

2461.9550,3.1703,4.3045,6.8983,7.8112,0.0450,0.0457,5.7509,4.6634,0.0457,4.0037

2462.9540,0.5983,3.9958,6.5278,7.2968,0.1685,-0.1395,6.0082,4.0992,-0.1395,3.4937

2463.9550,2.6559,4.0576,6.7130,7.2968,-0.0167,-0.0778,5.4937,4.3667,-0.0778,3.7318

2464.9540,3.1703,3.8724,6.5896,7.2968,0.0450,-0.1395,5.4937,4.4113,-0.1395,3.7612

2465.9540,3.4275,4.3045,6.7748,9.0974,-0.0167,-0.0778,5.4937,4.8468,-0.0778,4.1433

2466.9540,3.1703,4.0576,6.7130,7.2968,-0.0167,0.0457,5.4937,4.4524,0.0457,3.8229

2467.9550,2.9131,4.3045,6.8365,8.0684,0.0450,-0.0778,6.0082,4.6960,-0.0778,4.0140

2468.9540,3.6847,4.1193,6.7748,7.5540,0.1685,-0.0778,6.0082,4.7182,-0.0778,4.0331

2469.9540,1.3699,4.6132,6.5896,8.0684,0.0450,-0.0160,4.9792,4.2775,-0.0160,3.6642

2470.9550,2.1415,4.4280,7.0835,7.2968,-0.0167,0.0457,5.7509,4.4473,0.0457,3.8185

2471.9550,3.1703,4.2428,6.5896,7.5540,0.0450,0.1692,5.4937,4.5159,0.1692,3.8949

2472.9550,3.9418,4.3045,7.2070,7.5540,0.0450,-0.0778,6.0082,4.8434,-0.0778,4.1404

2473.9550,3.4275,3.7489,6.8365,7.2968,0.0450,0.0457,5.7509,4.5176,0.0457,3.8787

2474.9540,3.1703,4.0576,6.4661,7.2968,0.0450,0.0457,5.2364,4.3787,0.0457,3.7597

2475.9540,4.1990,4.1193,6.9600,7.2968,0.1685,-0.0160,5.7509,4.7491,-0.0160,4.0684

2476.9540,3.6847,4.0576,6.7748,7.5540,0.0450,-0.3247,4.4647,4.4301,-0.3247,3.7508

2477.9540,5.2278,4.1193,6.9600,7.5540,0.1685,-0.0160,6.0082,5.0063,-0.0160,4.2888

2478.9540,2.1415,4.2428,6.7748,7.5540,0.2920,-0.0778,6.5227,4.5879,-0.0778,3.9214

2479.9550,2.9131,4.3663,6.8983,7.5540,0.0450,-0.0778,5.7509,4.5879,-0.0778,3.9214

2480.9540,2.9131,4.1193,6.7130,7.0395,0.0450,-0.0160,5.7509,4.4301,-0.0160,3.7950

2481.9540,3.1703,4.3045,7.2687,9.0974,-0.3255,0.1692,4.4647,4.6633,0.1692,4.0213

2482.9540,3.1703,4.2428,6.6513,10.6407,-0.3255,0.0457,5.4937,4.9789,0.0457,4.2741

2483.9550,3.1703,4.3045,7.0217,7.8112,0.1685,-0.3247,5.4937,4.6616,-0.3247,3.9493

2484.9540,3.1703,4.3663,6.0956,8.3257,-0.0785,0.0457,5.2364,4.5193,0.0457,3.8802

2485.9540,3.1703,4.3045,6.8365,7.2968,0.0450,-0.0778,5.2364,4.4816,-0.0778,3.8302

2486.9540,5.4850,3.9958,7.0217,7.2968,0.1067,-0.0160,5.4937,4.9000,-0.0160,4.1977

2487.9540,3.4275,3.9958,6.7130,7.2968,0.0450,-0.1395,5.4937,4.4953,-0.1395,3.8332

2488.9540,2.9131,4.2428,6.8983,7.2968,-0.0167,0.0457,6.0082,4.5570,0.0457,3.9126

2489.9540,2.9131,4.3045,6.4661,7.2968,-0.0167,-0.0160,5.4937,4.4096,-0.0160,3.7773

2490.9540,3.4275,4.3663,7.0217,7.2968,0.1067,-0.0778,5.7509,4.6616,-0.0778,3.9846

2491.9550,3.4275,4.1193,6.7130,5.7534,0.1685,0.0457,6.0082,4.3650,0.0457,3.7479

2492.9540,3.4275,4.1810,6.8365,7.8112,0.0450,-0.2013,5.4937,4.6325,-0.2013,3.9419

2493.9550,3.4275,4.3663,7.1452,7.8112,0.0450,0.1074,5.7509,4.7577,0.1074,4.0934

2494.9550,2.3987,4.4280,6.9600,7.8112,0.0450,0.1074,6.2654,4.6514,0.1074,4.0022

2495.9540,2.9131,4.2428,6.8983,7.0395,0.2302,0.0457,6.2654,4.5982,0.0457,3.9479

2496.9540,3.6847,4.1193,6.7130,7.2968,-0.0167,0.1692,6.0082,4.6342,0.1692,3.9963

2497.9550,2.9131,4.2428,6.9600,8.3257,0.0450,0.1074,5.7509,4.7062,0.1074,4.0493

2498.9540,3.9418,4.1193,6.6513,7.5540,0.1685,0.1692,6.0082,4.7405,0.1692,4.0875

2499.9550,2.3987,4.3045,6.8365,7.2968,0.2302,-0.0160,5.7509,4.4696,-0.0160,3.8288

2500.9540,3.1703,4.3045,6.8365,7.5540,-0.1402,0.0457,5.4937,4.5365,0.0457,3.8949

2501.9540,2.9131,4.1810,6.8365,8.3257,0.0450,0.1074,6.0082,4.7182,0.1074,4.0596

2502.9540,2.9131,4.2428,7.0835,8.0684,-0.0167,0.0457,5.7509,4.6737,0.0457,4.0125

2503.9540,3.6847,4.1810,6.9600,7.5540,0.1685,0.0457,6.0082,4.7594,0.0457,4.0860

2504.9540,3.4275,5.0454,6.4661,8.0684,-0.0167,-0.0778,5.4937,4.7474,-0.0778,4.0581

2505.9540,2.9131,4.1810,5.9722,6.2678,0.2302,0.1074,6.2654,4.3050,0.1074,3.7053

2506.9540,3.4275,4.1810,7.0217,7.2968,-0.0785,0.0457,3.9501,4.2998,0.0457,3.6920

2507.9550,3.4275,4.3045,6.9600,7.5540,0.1067,0.0457,6.0082,4.7268,0.0457,4.0581

2508.9540,3.1703,4.3663,6.9600,7.5540,0.1067,0.0457,6.2654,4.7371,0.0457,4.0669

2509.9540,3.1703,4.1810,6.8365,7.2968,0.1067,-0.2013,5.4937,4.5142,-0.2013,3.8405

2510.9540,3.4275,4.4897,7.0835,7.2968,0.0450,0.1074,4.7219,4.5107,0.1074,3.8817

2511.9540,3.4275,4.4897,7.0217,7.5540,0.0450,0.7865,5.2364,4.6291,0.7865,4.0801

2512.9550,3.4275,3.9958,6.7748,7.2968,0.1685,0.1074,5.4937,4.5262,0.1074,3.8949

2513.9540,2.3987,4.3045,7.1452,7.5540,0.1067,-0.0160,6.0082,4.5862,-0.0160,3.9288

2514.9550,1.1127,4.6132,7.0835,7.5540,-0.1402,-0.0778,6.0082,4.3719,-0.0778,3.7362

2515.9540,1.8843,4.6132,6.8365,7.2968,-0.0785,-0.0160,6.0082,4.4267,-0.0160,3.7921

2516.9540,3.1703,4.4280,7.0835,7.8112,-0.1402,-0.0778,5.4937,4.6411,-0.0778,3.9669

2517.9540,3.1703,4.1193,6.7130,7.2968,0.0450,-0.0160,5.2364,4.4301,-0.0160,3.7950

2518.9540,3.1703,4.4280,6.8365,7.0395,-0.0167,0.0457,5.7509,4.5347,0.0457,3.8935

2519.9540,2.9131,4.2428,6.8983,8.0684,0.1067,0.0457,5.4937,4.6205,0.0457,3.9669

2520.9540,3.1703,4.1193,6.7130,7.2968,0.1067,-0.0160,6.2654,4.6119,-0.0160,3.9508

2521.9540,3.1703,4.3663,6.7130,7.2968,-0.0167,-0.0778,6.2654,4.6325,-0.0778,3.9596

2522.9540,3.4275,4.3045,6.7748,7.5540,-0.0167,-0.0778,5.4937,4.5896,-0.0778,3.9228

2523.9550,3.9418,4.3045,6.8365,6.7823,0.1067,-0.0778,6.0082,4.6634,-0.0778,3.9860

2524.9550,3.4275,3.9958,6.5896,7.5540,-0.6959,-0.3865,6.2654,4.5227,-0.3865,3.8214

2525.9540,3.9418,4.1810,6.7748,7.5540,0.1067,-0.0778,6.0082,4.7611,-0.0778,4.0698

2526.9550,2.9131,4.4280,7.0835,9.3546,-0.2020,0.1074,5.7509,4.8880,0.1074,4.2051

2527.9540,2.6559,4.4897,6.5896,7.2968,0.1067,-0.1395,6.0082,4.5245,-0.1395,3.8582

2529.3850,3.1703,4.3663,6.7748,7.2968,-0.0167,0.1074,5.2364,4.4713,0.1074,3.8479

2529.9750,3.4275,4.3663,6.9600,7.5540,0.1067,-0.0160,5.2364,4.6085,-0.0160,3.9478

2530.9560,3.1703,4.1193,6.6513,7.2968,0.0450,0.1074,5.7509,4.5056,0.1074,3.8773

2531.9550,3.1703,4.1193,6.6513,7.0395,0.1067,-0.1395,4.7219,4.3015,-0.1395,3.6671

2532.9540,3.4275,4.1810,6.9600,7.2968,0.0450,-0.0778,6.0082,4.6531,-0.0778,3.9772

2533.9540,3.1703,4.0576,6.8983,7.5540,-0.2020,-0.2630,5.7509,4.5382,-0.2630,3.8523

2534.9550,4.1990,4.1810,6.7748,8.0684,0.0450,-0.1395,5.4937,4.7937,-0.1395,4.0889

2535.9540,3.9418,4.1810,6.7748,7.5540,-0.0785,-0.1395,6.0082,4.7302,-0.1395,4.0345

2536.9550,3.4275,4.1193,6.8983,7.2968,0.0450,-0.0778,6.0082,4.6325,-0.0778,3.9596

2537.9540,3.4275,3.8106,6.6513,7.5540,0.1067,-0.1395,5.7509,4.5502,-0.1395,3.8802

2538.9550,3.1703,4.3045,6.8983,7.5540,-0.0785,-0.0778,5.7509,4.5999,-0.0778,3.9317

2539.9550,3.1703,4.0576,6.8983,7.2968,0.0450,0.0457,6.5227,4.6651,0.0457,4.0052

2540.9550,3.4275,4.3045,6.8365,7.5540,0.1685,-0.0778,6.0082,4.7165,-0.0778,4.0316

2541.9550,3.4275,3.9341,7.0217,7.8112,0.0450,-0.0778,6.0082,4.7079,-0.0778,4.0243

2542.9540,3.1703,4.2428,6.6513,7.2968,-0.0167,-0.1395,5.2364,4.4301,-0.1395,3.7773

2543.9540,3.1703,4.0576,6.8365,7.5540,-0.8194,-0.4482,6.5227,4.5536,-0.4482,3.8391

2544.9550,3.4275,4.2428,7.0217,9.8690,-0.2020,-0.0778,6.0082,5.0612,-0.0778,4.3271

2545.9540,3.1703,4.1810,6.7748,8.0684,-0.0167,-0.1395,5.4937,4.6119,-0.1395,3.9331

2546.9540,3.1703,4.1810,6.5278,7.2968,-0.0785,-0.2013,5.2364,4.3890,-0.2013,3.7332

2547.9540,3.1703,4.0576,6.7130,7.8112,0.1685,-0.1395,6.0082,4.6548,-0.1395,3.9699

2548.9540,3.6847,4.1810,6.8365,7.5540,0.1685,-0.2013,6.0082,4.7388,-0.2013,4.0331

2549.9550,3.4275,4.3663,6.8983,7.0395,0.0450,-0.2013,5.4937,4.5450,-0.2013,3.8670

2550.9550,3.1703,4.3045,6.8365,8.0684,0.0450,0.0457,6.0082,4.7388,0.0457,4.0684

2551.9540,2.9131,4.3045,6.8365,7.5540,0.1067,-0.1395,6.0082,4.6205,-0.1395,3.9405

2552.9550,3.1703,4.2428,6.9600,7.5540,0.1067,-0.0778,5.7509,4.6308,-0.0778,3.9581

2553.9550,2.9131,4.1810,7.0835,8.3257,0.0450,0.0457,5.7509,4.7165,0.0457,4.0493

2554.9540,3.4275,3.9958,6.7748,7.2968,0.0450,-0.1395,5.4937,4.5056,-0.1395,3.8420

2555.9540,3.6847,4.2428,6.8983,7.8112,0.1685,-0.0778,6.0082,4.8023,-0.0778,4.1051

2556.9540,2.6559,4.0576,6.8365,7.5540,0.2302,-0.0778,6.0082,4.5571,-0.0778,3.8949

2557.9540,3.1703,4.3045,6.6513,7.5540,0.0450,-0.1395,5.4937,4.5365,-0.1395,3.8685

2558.9540,2.9131,4.4897,6.7130,7.5540,0.1067,-0.0778,5.4937,4.5450,-0.0778,3.8846

2559.9540,2.1415,4.4280,7.0217,8.0684,0.1067,0.0457,6.2654,4.6720,0.0457,4.0111

2560.9550,2.3987,4.4897,6.9600,7.8112,0.1067,-0.1395,5.2364,4.5005,-0.1395,3.8376

2561.9550,3.4275,4.1810,6.8983,7.2968,0.0450,-0.0160,5.2364,4.5142,-0.0160,3.8670

2562.9550,2.9131,4.0576,6.7748,7.5540,-0.0167,-0.0778,5.2364,4.4198,-0.0778,3.7773

2563.9550,2.1415,4.2428,6.7130,7.8112,0.1685,-0.0160,6.0082,4.5142,-0.0160,3.8670

2564.9550,2.3987,4.1193,6.9600,7.8112,0.1067,-0.0160,6.2654,4.6102,-0.0160,3.9493

2565.9540,6.2566,4.3663,6.7748,7.5540,0.1067,-0.0778,5.7509,5.1349,-0.0778,4.3902

2566.9540,3.1703,4.2428,6.7748,7.5540,-0.0167,-0.1395,5.7509,4.5793,-0.1395,3.9052

2567.9540,3.4275,4.3045,6.8365,7.5540,0.0450,-0.2013,6.5227,4.7817,-0.2013,4.0698

2568.9540,2.6559,4.1810,6.8983,7.8112,0.1685,-0.2013,5.7509,4.5776,-0.2013,3.8949

2569.9540,3.4275,4.3045,6.7748,8.8401,-0.2020,0.1074,5.2364,4.7302,0.1074,4.0698

2570.9550,2.1415,4.1810,6.8365,7.8112,0.1067,-0.0160,6.0082,4.5142,-0.0160,3.8670

2571.9540,3.9418,4.2428,6.8365,8.0684,0.1685,-0.2013,6.2654,4.9206,-0.2013,4.1889

2572.9540,2.9131,4.3045,6.8365,7.2968,0.1067,-0.3865,5.2364,4.4490,-0.3865,3.7582

2573.9540,3.4275,4.2428,6.8365,7.5540,0.1067,-0.2013,6.0082,4.6959,-0.2013,3.9963

2574.9540,3.1703,4.3045,6.7748,7.8112,0.0450,-0.0778,5.7509,4.6428,-0.0778,3.9684

2575.9540,3.4275,4.3663,6.7748,7.0395,0.0450,-0.0778,4.9792,4.4387,-0.0778,3.7935

2576.9540,3.1703,4.1193,6.7748,7.5540,0.1067,-0.1395,6.2654,4.6651,-0.1395,3.9787

2577.9540,3.1703,4.1810,6.7748,7.8112,-0.0167,-0.0778,5.7509,4.6119,-0.0778,3.9420

2578.9550,3.4275,4.0576,6.7130,7.5540,0.0450,-0.4482,5.4937,4.5485,-0.4482,3.8346

2579.9550,3.1703,4.3045,6.8983,6.5251,0.2302,-0.2013,6.2654,4.5656,-0.2013,3.8846

2580.9540,3.1703,4.3045,6.8983,8.0684,0.0450,0.0457,5.4937,4.6634,0.0457,4.0037

2581.9550,3.1703,4.2428,6.8365,7.2968,0.1685,-0.1395,6.0082,4.6205,-0.1395,3.9405

2582.9540,3.1703,4.3045,6.8983,7.5540,-0.0785,-0.0160,5.4937,4.5570,-0.0160,3.9037

2583.9550,3.4275,4.4897,6.5896,7.5540,-0.0167,-0.0778,5.4937,4.5896,-0.0778,3.9228

2584.9550,2.9131,4.3045,6.8365,8.0684,0.0450,0.0457,5.7509,4.6531,0.0457,3.9949

2585.9540,3.6847,4.3663,6.7748,7.5540,-0.0167,-0.0160,5.7509,4.6856,-0.0160,4.0140

2586.9540,3.6847,4.1193,7.0217,7.2968,0.0450,-0.3247,5.7509,4.6531,-0.3247,3.9420

2587.9550,3.4275,4.5515,7.0835,7.5540,-0.0167,-0.1395,6.0082,4.7680,-0.1395,4.0669

2588.9550,3.1703,4.6132,6.9600,8.3257,0.0450,0.6630,4.9792,4.6822,0.6630,4.1080

2589.9540,2.9131,4.4897,7.0217,9.3546,-0.3255,0.0457,5.4937,4.8246,0.0457,4.1419

2590.9550,2.9131,4.3663,6.8983,7.5540,-0.0167,-0.0160,6.0082,4.6205,-0.0160,3.9581

2591.9550,3.1703,4.1193,6.7748,7.8112,-0.0167,0.0457,8.0662,4.9875,0.0457,4.2815

2592.9540,3.1703,4.2428,6.9600,7.8112,0.8477,-0.2630,6.5227,4.9258,-0.2630,4.1845

2593.9540,3.1703,4.4897,6.8365,7.8112,-0.0167,0.0457,5.7509,4.6736,0.0457,4.0125

2594.9550,3.1703,4.3045,7.0217,8.0684,0.0450,-0.0778,5.7509,4.7268,-0.0778,4.0404

2595.9540,3.4275,4.3663,7.1452,8.0684,0.0450,0.1074,6.0082,4.8434,0.1074,4.1669

2596.9540,4.4562,4.1810,7.2070,7.8112,0.1067,-0.0160,5.4937,4.8760,-0.0160,4.1771

2597.9540,3.4275,4.3663,7.0217,7.2968,0.1067,0.0457,6.2654,4.7474,0.0457,4.0757

2598.9540,3.6847,4.4897,6.8365,7.0395,0.1067,-0.2013,5.4937,4.6085,-0.2013,3.9214

2599.9540,3.6847,4.3045,7.0217,7.2968,-0.0167,0.1074,6.0082,4.7165,0.1074,4.0581

2600.9550,3.1703,4.4280,7.2070,7.8112,0.0450,0.0457,5.7509,4.7354,0.0457,4.0654

2601.9540,3.9418,4.4897,7.2070,7.8112,0.0450,-0.0778,5.7509,4.8743,-0.0778,4.1668

2602.9540,3.4275,4.4280,6.8983,7.5540,-0.2637,0.1074,5.7509,4.6325,0.1074,3.9860

2603.9540,3.9418,4.1193,7.2070,7.5540,0.1685,0.1692,6.2654,4.8760,0.1692,4.2036

2604.9540,2.9131,4.3045,7.0835,8.3257,0.0450,0.1692,5.7509,4.7371,0.1692,4.0845

2605.9540,3.4275,4.3663,7.1452,7.8112,0.1067,0.0457,5.7509,4.7680,0.0457,4.0934

2606.9550,3.4275,4.4280,7.1452,8.3257,0.0450,0.2309,5.7509,4.8537,0.2309,4.1933

2607.9540,2.6559,4.4280,6.7130,7.5540,0.1685,0.0457,5.7509,4.5450,0.0457,3.9023

2608.9540,3.6847,4.1810,7.0835,7.8112,0.1067,-0.0160,6.0082,4.8126,-0.0160,4.1228

2609.9540,2.9131,4.4280,7.0217,7.2968,-0.0167,-0.0160,6.0082,4.6085,-0.0160,3.9478

2610.9540,3.1703,4.2428,6.9600,7.8112,0.0450,0.1074,5.7509,4.6634,0.1074,4.0125

2611.9540,3.4275,4.6132,6.9600,7.2968,0.0450,-0.0778,6.0082,4.7251,-0.0778,4.0390

2612.9540,2.3987,4.4280,6.6513,7.5540,0.0450,-0.3247,5.4937,4.4284,-0.3247,3.7494

2613.9540,3.4275,4.3663,6.7748,6.5251,0.0450,-0.1395,5.4937,4.4387,-0.1395,3.7847

2614.9550,2.1415,4.3045,6.8983,7.5540,-0.0167,-0.0778,5.7509,4.4387,-0.0778,3.7935

2615.9550,6.2566,3.8106,6.8983,7.2968,0.1067,-0.1395,6.0082,5.0629,-0.1395,4.3197

2616.9550,3.9418,4.2428,7.0217,7.2968,0.0450,-0.1395,5.2364,4.6308,-0.1395,3.9493

2617.9540,3.6847,4.3663,7.1452,7.5540,0.1067,-0.0778,5.7509,4.7680,-0.0778,4.0757

2618.9540,2.9131,4.3045,7.0217,7.5540,0.1685,-0.0778,6.0082,4.6617,-0.0778,3.9846

2619.9550,3.1703,4.2428,6.7130,4.4672,0.0450,-0.1395,5.4937,4.0220,-0.1395,3.4275

2620.9540,3.1703,4.3045,6.6513,7.2968,0.0450,-0.0160,6.0082,4.5793,-0.0160,3.9229

2621.9540,3.1703,4.5515,7.2070,8.0684,-0.0785,-0.0778,6.0082,4.8211,-0.0778,4.1213

2622.9540,3.1703,4.5515,7.0835,7.8112,0.0450,0.0457,6.0082,4.7783,0.0457,4.1022

2623.9540,2.9131,4.3663,6.7130,7.5540,0.0450,-0.0160,5.7509,4.5570,-0.0160,3.9037

2624.9550,3.4275,4.4280,6.7748,7.2968,0.0450,-0.0160,6.7799,4.7920,-0.0160,4.1051

2625.9550,3.4275,4.4280,6.8983,7.8112,-0.0785,-0.0778,6.0082,4.7491,-0.0778,4.0595

2626.9540,2.9131,4.1193,6.9600,7.8112,0.1685,-0.1395,6.0082,4.6634,-0.1395,3.9772

2627.9540,3.6847,4.2428,6.8983,7.2968,0.4772,-0.1395,6.0082,4.7680,-0.1395,4.0669

2628.9540,3.6847,4.3045,7.0835,7.2968,-0.0785,-0.0778,6.2654,4.7594,-0.0778,4.0684

2629.9540,3.9418,4.2428,6.7130,7.2968,0.6624,-0.2013,6.5227,4.8966,-0.2013,4.1683

2630.9540,3.6847,4.3663,6.9600,8.0684,0.0450,0.0457,5.2364,4.7268,0.0457,4.0581

2631.9540,3.6847,4.2428,6.8983,7.5540,0.1067,-0.2013,5.7509,4.7062,-0.2013,4.0052

2632.9540,2.6559,4.3045,6.6513,8.0684,-0.0167,0.0457,4.9792,4.4404,0.0457,3.8126

2633.9540,3.1703,4.3045,6.9600,7.5540,0.1067,-0.1395,6.0082,4.6839,-0.1395,3.9949

2634.9540,3.4275,4.1193,7.7009,8.8401,-0.0167,-0.0160,5.7509,4.9703,-0.0160,4.2580

2635.9540,3.4275,4.3663,6.8983,7.5540,0.0450,-0.0778,5.7509,4.6736,-0.0778,3.9949

2636.9550,3.4275,4.3663,6.8983,7.2968,-0.0167,-0.1395,4.9792,4.4919,-0.1395,3.8302

2637.9540,3.1703,4.3663,6.8983,7.8112,0.0450,-0.0778,6.2654,4.7594,-0.0778,4.0684

2638.9550,3.9418,4.2428,7.0217,7.5540,0.1685,-0.2630,6.2654,4.8657,-0.2630,4.1330

2639.9550,3.9418,4.1810,7.0217,7.8112,0.1067,-0.2013,6.2654,4.8880,-0.2013,4.1610

2640.9540,3.4275,4.4280,7.0217,7.8112,0.0450,-0.0778,5.7509,4.7474,-0.0778,4.0581

2641.9540,4.7134,4.1193,7.1452,7.8112,-0.0167,-0.1395,6.2654,5.0063,-0.1395,4.2712

2642.9540,3.4275,4.3663,6.7130,7.2968,0.0450,-0.0778,5.7509,4.5999,-0.0778,3.9317

2643.9540,3.1703,4.3663,6.8983,8.0684,0.0450,-0.1395,5.4937,4.6736,-0.1395,3.9861

2644.9540,2.9131,4.3663,7.1452,6.0106,0.2920,-0.2630,6.0082,4.4559,-0.2630,3.7818

2645.9550,3.4275,4.3045,6.6513,7.2968,-0.0167,-0.2013,4.9792,4.4404,-0.2013,3.7773

2646.9540,3.4275,4.3045,6.7748,7.2968,0.0450,-0.0778,5.7509,4.5999,-0.0778,3.9317

2647.9540,4.4562,4.2428,6.9600,7.5540,-0.1402,-0.1395,5.7509,4.8040,-0.1395,4.0977

2648.9550,3.6847,4.4280,6.7748,8.0684,-0.1402,-0.1395,5.7509,4.7611,-0.1395,4.0610

2649.9540,3.4275,4.3045,7.3304,7.8112,0.1067,-0.0160,6.2654,4.8743,-0.0160,4.1757

2650.9540,3.1703,4.4280,6.7748,8.3257,-0.0167,-0.0778,5.7509,4.7388,-0.0778,4.0507

2651.9540,3.6847,4.3045,6.7748,7.2968,0.0450,-0.0160,6.2654,4.7285,-0.0160,4.0507

2652.9550,3.4275,4.3663,7.0217,7.2968,0.1685,-0.1395,6.0082,4.7148,-0.1395,4.0213

2653.9540,3.6847,4.3663,6.8983,7.2968,-0.0167,-0.0160,6.0082,4.7062,-0.0160,4.0316

2654.9540,3.4275,4.3663,7.1452,7.8112,0.0450,-0.0160,6.5227,4.8863,-0.0160,4.1860

2655.9540,9.3430,4.6132,6.7748,8.0684,0.0450,0.1074,5.7509,5.7659,0.1074,4.9575

2656.9540,3.1703,4.6749,6.8983,8.0684,-0.0167,0.0457,5.7509,4.7577,0.0457,4.0845

2657.9540,3.4275,4.3663,6.8365,7.5540,0.0450,0.0457,6.5227,4.7920,0.0457,4.1139

2658.9550,3.9418,4.3663,7.0835,7.2968,0.0450,-0.0778,5.7509,4.7474,-0.0778,4.0581

2659.9540,2.9131,4.5515,7.3304,6.7823,0.1067,-0.0160,6.0082,4.6154,-0.0160,3.9537

2660.9550,2.3987,4.2428,6.8983,7.5540,-0.0167,-0.1395,4.7219,4.2998,-0.1395,3.6656

2661.9540,3.4275,4.4897,6.9600,7.8112,-0.0167,0.1074,4.9792,4.6085,0.1074,3.9655

2662.9550,3.4275,4.4897,7.0217,8.0684,-0.0167,-0.0778,5.4937,4.7474,-0.0778,4.0581

2663.9540,1.8843,4.3045,7.0835,7.8112,0.1067,0.0457,6.0082,4.5331,0.0457,3.8920

2664.9540,5.9994,4.1193,7.1452,7.2968,0.1067,0.0457,6.0082,5.1126,0.0457,4.3888

2665.9540,3.4275,4.3045,7.0835,6.7823,-0.0785,0.0457,5.7509,4.5450,0.0457,3.9023

2666.9540,2.3987,4.3045,6.8983,7.8112,0.4155,-0.0160,6.0082,4.6394,-0.0160,3.9743

2667.9540,3.4275,4.4280,7.0835,6.7823,-0.0167,0.0457,6.7799,4.7474,0.0457,4.0757

2668.9540,3.1703,4.5515,6.8983,7.5540,0.0450,0.1692,6.0082,4.7045,0.1692,4.0566

2669.9540,3.9418,4.4897,7.2070,7.2968,-0.0167,0.1692,6.0082,4.8211,0.1692,4.1566

2670.9540,3.9418,4.5515,7.2687,7.8112,0.0450,0.1074,6.0082,4.9377,0.1074,4.2477

2671.9550,2.9131,4.4280,7.2687,7.8112,-0.1402,-0.0778,6.0082,4.7148,-0.0778,4.0302

2672.9540,3.6847,4.6132,7.2687,7.2968,0.0450,0.1692,6.0082,4.8194,0.1692,4.1551

2673.9540,3.1703,4.4280,7.2070,6.7823,-0.0785,0.0457,6.0082,4.5862,0.0457,3.9376

2674.9540,3.1703,4.5515,6.8983,7.2968,0.0450,0.1074,6.2654,4.7045,0.1074,4.0478

2675.9540,3.1703,4.3663,7.0217,7.5540,0.3537,-0.1395,6.2654,4.7886,-0.1395,4.0846

2676.9550,3.6847,4.2428,7.0835,7.2968,0.0450,0.1074,6.2654,4.7697,0.1074,4.1036

2677.9550,3.4275,4.5515,7.2687,8.5829,0.0450,0.1074,6.0082,4.9806,0.1074,4.2844

2678.9550,3.6847,4.3045,7.0835,7.2968,0.0450,0.1074,6.0082,4.7371,0.1074,4.0757

2679.9550,3.1703,4.4897,7.1452,7.0395,-0.0167,-0.0778,7.2944,4.8537,-0.0778,4.1492

2680.9540,2.3987,4.5515,7.0835,7.8112,-0.0167,0.2926,5.7509,4.5965,0.2926,3.9817

2681.9540,3.1703,4.1193,6.8983,8.8401,-0.0167,0.1074,5.7509,4.7937,0.1074,4.1242

2682.9540,3.6847,4.4897,7.0217,7.8112,0.1685,0.1692,6.5227,4.9497,0.1692,4.2668

2683.9550,2.9131,4.5515,7.2687,8.0684,-0.0167,0.1692,5.7509,4.7560,0.1692,4.1007

2684.9540,3.4275,4.1810,7.2687,8.0684,0.1067,0.1074,5.7509,4.8006,0.1074,4.1301

2685.9540,3.1703,5.1688,6.5278,8.0684,-0.0167,0.2309,5.4937,4.7354,0.2309,4.0919

2686.9540,3.4275,4.3045,7.0217,7.8112,-0.0167,0.1692,5.7509,4.7165,0.1692,4.0669

2687.9540,3.1703,4.4897,6.7748,7.8112,-0.0167,0.0457,5.7509,4.6634,0.0457,4.0037

2688.9540,3.6847,4.2428,7.0835,7.0395,-0.0167,0.1692,6.0082,4.6736,0.1692,4.0301

2689.9540,2.9131,4.4897,7.0217,7.8112,-0.0167,0.1074,5.7509,4.6617,0.1074,4.0110

2690.9540,3.9418,4.4897,7.1452,7.2968,-1.0046,0.6630,5.4937,4.5604,0.6630,4.0037

2691.9540,3.1703,4.8601,6.7748,8.3257,-0.0167,0.1692,6.2654,4.8966,0.1692,4.2212

2692.9550,3.6847,4.3663,7.0835,11.4124,0.5389,0.0457,6.2654,5.5585,0.0457,4.7710

2693.9550,2.9131,4.4897,7.0217,7.8112,-0.1402,-0.0160,5.7509,4.6411,-0.0160,3.9758

2694.9550,3.1703,4.4280,7.2687,8.5829,0.1067,0.2309,6.0082,4.9275,0.2309,4.2565

2695.9550,3.1703,4.4897,7.2070,8.0684,0.0450,0.1692,6.0082,4.8314,0.1692,4.1654

2696.9540,3.4275,4.2428,6.9600,6.5251,-0.3255,0.3544,5.7509,4.4301,0.3544,3.8479

2697.9540,3.4275,4.4280,7.0217,6.5251,-0.0785,0.0457,6.0082,4.5553,0.0457,3.9111

2698.9540,3.4275,4.4897,6.8983,7.5540,0.0450,0.0457,5.2364,4.6085,0.0457,3.9566

2699.9550,3.4275,4.6132,7.0217,7.8112,-0.0785,0.0457,5.4937,4.7148,0.0457,4.0478

2700.9550,2.3987,4.4897,6.9600,7.5540,0.1685,0.1074,5.7509,4.5536,0.1074,3.9185

2701.9540,3.4275,4.2428,6.8983,7.0395,-0.0167,0.0457,6.0082,4.5999,0.0457,3.9493

2702.9540,3.1703,4.3045,7.0217,7.8112,0.1067,0.1692,6.0082,4.7371,0.1692,4.0845

2703.9540,3.9418,4.4280,7.0217,7.5540,0.0450,0.2309,6.0082,4.8331,0.2309,4.1757

2704.9540,3.4275,4.3663,6.8983,7.5540,0.0450,0.1692,6.5227,4.8023,0.1692,4.1404

2705.9540,3.9418,4.4897,6.9600,13.9847,0.2302,-0.0160,6.0082,5.9358,-0.0160,5.0855

2706.9540,3.4275,4.1193,7.4539,7.2968,0.2302,0.0457,6.0082,4.7560,0.0457,4.0831

2707.9540,3.6847,4.3045,7.0217,8.0684,0.0450,0.1692,6.2654,4.8983,0.1692,4.2227

2708.9540,3.6847,4.3045,7.0217,7.8112,0.0450,-0.0160,5.7509,4.7697,-0.0160,4.0860

2709.9550,2.9131,4.4897,7.3304,8.0684,0.0450,0.1692,6.0082,4.8091,0.1692,4.1463

2710.9540,3.1703,4.6749,7.1452,8.0684,-0.9429,-0.0778,6.5227,4.7731,-0.0778,4.0801

2711.9540,3.6847,4.6132,6.8983,7.2968,0.2302,0.1692,5.4937,4.7028,0.1692,4.0551

2712.9540,3.1703,4.3663,7.2070,7.8112,0.0450,0.1692,6.0082,4.7680,0.1692,4.1110

2713.9540,3.6847,4.3663,7.0835,6.7823,-0.0785,0.0457,5.7509,4.5982,0.0457,3.9478

2714.9550,2.6559,4.6132,7.1452,7.5540,-0.0167,0.0457,6.2654,4.7028,0.0457,4.0375

2715.9540,3.9418,4.4280,7.2070,7.2968,0.2302,0.1074,6.7799,4.9806,0.1074,4.2844

2716.9540,2.9131,4.3045,7.0835,8.0684,-0.0785,0.5396,5.7509,4.6737,0.5396,4.0831

2717.9540,3.6847,4.2428,6.8365,7.8112,0.1067,-0.0778,5.4937,4.6959,-0.0778,4.0140

2718.9550,2.9131,4.4280,6.8365,9.6118,-0.0785,0.2926,5.4937,4.8674,0.2926,4.2139

2719.9540,3.4275,4.4897,6.8983,6.5251,-0.3255,0.2926,6.0082,4.5039,0.2926,3.9023

2720.9540,3.4275,4.4280,7.0835,7.5540,0.0450,-0.1395,5.4937,4.6719,-0.1395,3.9846

2721.9540,3.1703,4.5515,6.8365,8.0684,0.1067,0.0457,6.0082,4.7903,0.0457,4.1125

2722.9540,3.4275,4.3663,6.9600,8.0684,-0.0167,0.1074,6.2654,4.8451,0.1074,4.1683

2723.9540,2.6559,4.7984,7.0835,7.8112,0.1685,0.0457,6.2654,4.7971,0.0457,4.1184

2724.9540,3.6847,4.4280,6.8983,8.0684,-0.0785,0.1074,6.0082,4.8348,0.1074,4.1595

2725.9540,2.6559,4.4280,7.0217,8.3257,0.1685,0.1074,6.2654,4.8109,0.1074,4.1389

2726.9540,3.1703,4.4897,7.0835,8.5829,-0.0167,-0.0778,6.0082,4.8863,-0.0778,4.1771

2727.9540,3.4275,4.3663,6.7748,9.6118,-0.0167,0.0457,6.0082,5.0286,0.0457,4.3168

2728.9540,3.4275,4.4897,6.9600,7.5540,0.0450,-0.0778,6.2654,4.7903,-0.0778,4.0948

2729.9540,3.4275,4.4897,7.2070,7.5540,0.1067,0.0457,5.7509,4.7560,0.0457,4.0831

2730.9540,3.4275,4.4280,7.2070,7.8112,0.0450,-0.0778,6.0082,4.8211,-0.0778,4.1213

2731.9550,3.1703,4.4897,7.2687,7.8112,0.1685,0.3544,6.0082,4.8194,0.3544,4.1816

2732.9540,3.4275,4.4897,7.0835,7.8112,-0.0167,-0.0778,3.6929,4.4147,-0.0778,3.7729

2733.9540,3.6847,4.3663,6.8983,3.9528,-0.2020,0.2309,6.0082,4.1180,0.2309,3.5627

2734.9550,4.1990,4.1193,7.3304,7.8112,0.1685,-0.0778,6.2654,4.9823,-0.0778,4.2594

2735.9540,3.4275,4.5515,7.0835,7.5540,0.0450,-0.2013,5.2364,4.6496,-0.2013,3.9566

2736.9540,3.1703,4.4897,7.0217,7.0395,-0.0167,-0.0778,6.2654,4.6617,-0.0778,3.9846

2737.9540,2.6559,4.3663,6.8983,7.5540,-0.3872,-0.5099,7.0372,4.6874,-0.5099,3.9449

2738.9540,3.4275,4.3045,7.2687,7.8112,0.0450,-0.0160,6.2654,4.8537,-0.0160,4.1580

2739.9550,3.1703,4.3045,7.0217,8.5829,-0.0167,-0.0160,6.0082,4.8451,-0.0160,4.1507

2740.9540,3.4275,4.3663,7.2070,7.5540,0.0450,-0.0160,6.0082,4.7680,-0.0160,4.0845

2741.9550,3.4275,4.3663,6.9600,7.8112,0.0450,0.0457,4.9792,4.5982,0.0457,3.9478

2742.9550,6.2566,3.6254,7.0835,7.5540,0.1685,-0.0778,5.7509,5.0732,-0.0778,4.3373

2743.9540,3.4275,4.3045,6.9600,7.8112,-0.0785,-0.1395,5.7509,4.6959,-0.1395,4.0052

2744.9550,3.6847,4.5515,7.1452,5.4962,0.2920,-0.2630,5.7509,4.4867,-0.2630,3.8082

2745.9540,2.9131,4.6749,6.2809,8.0684,-0.0785,0.0457,5.4937,4.5587,0.0457,3.9140

2746.9550,3.4275,4.3663,6.9600,8.3257,-0.0167,-0.0160,5.2364,4.7165,-0.0160,4.0404

2747.9540,3.4275,4.5515,7.1452,7.8112,0.1067,-0.0160,6.5227,4.9275,-0.0160,4.2212

2748.9540,3.4275,4.4280,7.1452,7.2968,0.1067,0.4778,4.7219,4.5210,0.4778,3.9434

2749.9540,3.4275,4.3663,6.9600,7.5540,0.0450,0.9100,3.6929,4.3409,0.9100,3.8508

2750.9540,3.6847,4.0576,7.3922,7.5540,0.1685,-0.2013,5.4937,4.7251,-0.2013,4.0213

2751.9540,4.9706,4.3045,7.2687,7.8112,-0.0167,-0.0778,6.5227,5.1435,-0.0778,4.3976

2752.9550,3.6847,4.4280,7.0835,7.5540,0.0450,-0.2013,5.7509,4.7577,-0.2013,4.0493

2753.9540,3.1703,4.2428,7.0217,6.7823,-0.0785,-0.1395,6.0082,4.5245,-0.1395,3.8582

2754.9540,4.1990,4.4280,7.0835,8.0684,0.1067,0.1074,5.7509,4.9394,0.1074,4.2491

2755.9540,2.9131,4.4280,7.1452,7.5540,-0.0167,-0.2013,6.0082,4.6719,-0.2013,3.9758

2756.9540,3.6847,4.5515,7.0217,7.2968,-0.0785,-0.1395,6.0082,4.7474,-0.1395,4.0493

2757.9550,2.3987,4.3663,6.7130,7.8112,0.1067,-0.2013,6.0082,4.5673,-0.2013,3.8861

2758.9550,3.1703,4.2428,6.8983,7.8112,-0.0785,-0.1395,6.5227,4.7611,-0.1395,4.0610

2759.9540,3.4275,4.4897,7.0835,8.5829,-0.0785,-0.0778,6.2654,4.9617,-0.0778,4.2418

2760.9540,3.1703,4.5515,7.1452,8.0684,-0.1402,-0.1395,6.2654,4.8434,-0.1395,4.1316

2761.9540,3.4275,4.4897,6.8365,7.2968,0.1067,-0.0778,5.2364,4.5656,-0.0778,3.9023

2762.9540,3.1703,4.6132,7.0835,7.8112,0.1685,-0.0778,6.7799,4.9378,-0.0778,4.2213

2763.9540,3.4275,4.5515,7.2070,7.5540,0.1067,-0.0778,6.2654,4.8520,-0.0778,4.1478

2764.9540,3.4275,4.4897,6.8365,7.5540,0.0450,0.0457,6.2654,4.7697,0.0457,4.0948

2765.9540,3.6847,4.4897,7.0217,7.5540,0.1685,-0.0160,6.2654,4.8640,-0.0160,4.1669

2766.9540,3.4275,4.4897,7.2070,7.5540,-0.0167,-0.0160,5.2364,4.6496,-0.0160,3.9831

2767.9540,3.1703,4.5515,7.1452,8.0684,0.1067,0.0457,6.0082,4.8417,0.0457,4.1566

2768.9540,3.6847,4.4897,7.0835,7.5540,0.1685,-0.0160,6.2654,4.8743,-0.0160,4.1757

2769.9540,2.9131,4.6132,7.3304,7.2968,-0.0167,-0.3247,4.7219,4.4764,-0.3247,3.7906

2770.9540,2.9131,4.4897,7.3922,7.5540,-0.0785,0.0457,6.2654,4.7560,0.0457,4.0831

2771.9540,3.1703,4.6132,7.1452,7.2968,0.0450,0.0457,5.7509,4.6702,0.0457,4.0096

2772.9540,3.6847,4.4897,7.0217,7.5540,0.1067,0.1074,6.0082,4.8108,0.1074,4.1389

2773.9540,3.4275,4.5515,7.3922,8.3257,-0.0167,-0.0160,6.7799,5.0767,-0.0160,4.3491

2774.9540,1.8843,4.6132,7.0835,7.8112,0.0450,0.2309,5.2364,4.4456,0.2309,3.8435

2775.9540,2.6559,4.3045,7.1452,7.8112,0.0450,0.1074,5.7509,4.6188,0.1074,3.9743

2776.9540,3.6847,4.4897,7.0835,7.5540,0.1685,0.0457,6.0082,4.8314,0.0457,4.1477

2777.9540,3.6847,4.3045,6.9600,7.2968,0.0450,-0.0778,6.0082,4.7165,-0.0778,4.0316

2778.9540,3.4275,4.2428,7.0835,7.8112,0.0450,-0.0160,5.7509,4.7268,-0.0160,4.0493

2779.9540,2.6559,4.3045,7.2070,7.8112,0.0450,-0.0778,5.4937,4.5862,-0.0778,3.9199

2780.9550,3.1703,4.3045,6.9600,8.5829,0.0450,0.0457,6.0082,4.8451,0.0457,4.1595

2781.9540,1.8843,4.6132,6.9600,8.0684,0.0450,0.0457,6.2654,4.6394,0.0457,3.9831

2782.9540,3.4275,4.4897,7.5157,6.0106,0.2302,-0.1395,6.2654,4.6565,-0.1395,3.9714

2783.9560,3.6847,4.4897,7.1452,7.5540,-0.0167,0.0457,5.4937,4.7251,0.0457,4.0566

2784.9540,3.4275,4.4280,6.8365,7.2968,-0.0167,-0.0778,3.1784,4.1917,-0.0778,3.5818

2785.9540,3.9418,4.4897,7.1452,8.0684,0.1685,-0.0778,6.0082,4.9703,-0.0778,4.2492

2786.9540,3.1703,4.5515,7.0835,7.8112,-0.0167,-0.0160,5.7509,4.7251,-0.0160,4.0478

2787.9540,3.9418,4.4280,7.2687,7.5540,0.1067,-0.0778,5.7509,4.8417,-0.0778,4.1389

2788.9540,3.6847,4.4280,6.8365,7.5540,0.0450,-0.0160,6.0082,4.7594,-0.0160,4.0772

2789.9540,3.4275,4.3045,7.2687,7.8112,0.2302,0.0457,6.0082,4.8417,0.0457,4.1566

2790.9540,3.1703,4.5515,7.0217,7.8112,-0.0167,-0.0160,5.2364,4.6291,-0.0160,3.9655

2791.9550,4.1990,4.4897,7.3304,7.5540,0.2302,-0.0778,6.0082,4.9686,-0.0778,4.2477

2792.9540,3.1703,4.3663,7.2687,7.8112,0.0450,-0.0778,6.2654,4.8211,-0.0778,4.1213

2793.9550,3.4275,4.4897,7.2687,7.8112,-0.0167,0.0457,7.2944,5.0458,0.0457,4.3315

2794.9540,2.9131,4.3045,6.9600,7.5540,-0.0167,-0.2013,6.2654,4.6634,-0.2013,3.9684

2795.9550,3.6847,4.3663,7.0835,7.8112,0.1067,-0.1395,6.0082,4.8434,-0.1395,4.1316

2796.9540,3.4275,4.3663,6.8365,7.5540,0.0450,-0.1395,6.0082,4.7062,-0.1395,4.0140

2797.9550,3.1703,4.1810,7.1452,7.5540,0.0450,-0.2013,6.0082,4.6839,-0.2013,3.9861

2798.9540,3.4275,4.4280,7.2687,8.0684,-0.0785,-0.0778,6.0082,4.8537,-0.0778,4.1492

2799.9540,3.6847,4.4897,7.2070,7.5540,0.0450,-0.0160,5.7509,4.7885,-0.0160,4.1022

2800.9540,3.9418,4.3045,7.0835,7.8112,0.3537,-0.0778,5.2364,4.7885,-0.0778,4.0933

2801.9540,3.1703,4.3663,7.2070,8.0684,-0.0167,-0.0778,6.0082,4.8006,-0.0778,4.1037

2802.9540,3.4275,4.4897,6.8365,7.2968,-0.0167,-0.0778,4.9792,4.5021,-0.0778,3.8479

2803.9540,4.7134,4.3045,7.3922,6.7823,0.0450,-0.0778,6.0082,4.8743,-0.0778,4.1668

2804.9550,3.4275,4.3045,7.0835,7.8112,-0.0167,-0.0778,5.7509,4.7268,-0.0778,4.0404

2805.9540,3.6847,4.6749,7.0835,7.8112,-0.1402,-0.0778,5.7509,4.8108,-0.0778,4.1125

2806.9540,3.1703,4.4897,7.0835,8.3257,0.0450,-0.0160,6.0082,4.8537,-0.0160,4.1580

2807.9550,3.6847,4.3045,7.0835,7.5540,0.1067,-0.2013,5.7509,4.7474,-0.2013,4.0404

2808.9550,3.4275,4.3663,7.0835,9.0974,-0.2637,0.0457,5.7509,4.9103,0.0457,4.2153

2809.9540,3.9418,4.4280,7.1452,7.8112,-0.0167,0.0457,5.7509,4.8434,0.0457,4.1580

2810.9540,3.1703,4.6132,7.2070,7.8112,0.1067,0.1074,6.0082,4.8194,0.1074,4.1463

2811.9540,3.4275,4.4897,7.0835,7.5540,-0.1402,-0.0160,6.7799,4.8657,-0.0160,4.1683

2812.9540,3.4275,4.5515,7.0835,7.8112,-0.0167,0.0457,4.9792,4.6393,0.0457,3.9831

2813.9550,2.1415,4.5515,7.2687,8.0684,0.1067,-0.0778,6.2654,4.7337,-0.0778,4.0464

2814.9550,3.6847,4.3663,7.2070,7.2968,0.0450,0.0457,6.0082,4.7680,0.0457,4.0934

2815.9540,4.4562,4.3663,7.3922,7.8112,0.1067,0.1074,5.2364,4.8948,0.1074,4.2109

2816.9550,2.9131,4.7367,6.8983,7.8112,0.0450,-0.0160,6.0082,4.7354,-0.0160,4.0566

2817.9550,3.1703,4.5515,7.2687,8.0684,0.2302,0.0457,6.0082,4.8829,0.0457,4.1919

2818.9540,3.1703,4.2428,7.5157,7.2968,0.0450,0.1074,6.2654,4.7560,0.1074,4.0919

2819.9550,3.4275,4.6749,7.2070,7.8112,0.0450,0.2926,5.7509,4.8194,0.2926,4.1727

2820.9540,3.4275,4.3045,7.2687,7.8112,0.0450,0.1692,6.0082,4.8108,0.1692,4.1477

2821.9540,3.6847,4.5515,7.0835,7.5540,0.0450,0.0457,6.2654,4.8640,0.0457,4.1757

2822.9550,3.6847,4.7984,7.2070,8.3257,-0.2020,0.1692,5.7509,4.9274,0.1692,4.2477

2823.9550,3.6847,4.5515,7.4539,7.8112,0.1067,0.2309,6.0082,4.9360,0.2309,4.2639

2824.9540,3.6847,4.6132,7.4539,7.5540,0.1685,-0.3247,6.0082,4.9137,-0.3247,4.1654

2825.9540,4.1990,4.4280,6.9600,7.8112,-0.0167,0.1692,5.7509,4.8554,0.1692,4.1859

2826.9540,2.6559,4.3045,7.1452,8.0684,-0.0167,-0.0778,5.7509,4.6514,-0.0778,3.9758

2827.9540,2.9131,4.4897,7.2070,7.5540,0.1685,-0.0778,6.0082,4.7234,-0.0778,4.0375

2828.9550,4.1990,4.4280,6.8365,7.5540,0.0450,-0.0778,6.5227,4.9309,-0.0778,4.2153

2829.9540,0.3411,4.6132,7.1452,8.3257,0.0450,0.1692,5.7509,4.3702,0.1692,3.7700

2830.9540,3.1703,4.6132,7.4539,8.3257,-0.0785,0.0457,6.0082,4.9155,0.0457,4.2198

2831.9540,3.6847,4.4897,7.1452,8.3257,0.1685,-0.1395,6.5227,5.0561,-0.1395,4.3138

2832.9540,4.1990,4.4280,6.9600,7.8112,-0.0785,-0.0778,5.7509,4.8451,-0.0778,4.1418

2833.9540,3.9418,4.3663,6.9600,8.5829,-0.1402,-0.0778,5.4937,4.8674,-0.0778,4.1610

2834.9550,3.1703,4.4897,7.2070,7.2968,0.5389,-0.2630,6.5227,4.8709,-0.2630,4.1375

2835.9540,2.6559,4.6132,7.3922,8.0684,-0.0167,0.1074,6.0082,4.7869,0.1074,4.1184

2836.9540,0.5983,4.6132,6.7748,8.0684,-0.0167,0.1692,5.7509,4.2981,0.1692,3.7083

2837.9550,3.6847,4.5515,6.9600,7.8112,-0.0167,0.0457,6.0082,4.8331,0.0457,4.1492

2838.9540,3.1703,4.6132,6.8983,8.0684,0.0450,0.0457,5.7509,4.7577,0.0457,4.0845

2839.9540,3.1703,4.4897,7.2687,7.5540,0.0450,0.0457,6.5227,4.8417,0.0457,4.1566

2840.9550,3.4275,4.4897,7.1452,7.5540,0.0450,0.1074,6.0082,4.7783,0.1074,4.1110

2841.9550,3.1703,4.6749,7.1452,8.3257,-0.0785,0.0457,5.7509,4.8314,0.0457,4.1477

2842.9540,3.1703,4.4897,7.2687,8.3257,0.0450,-0.0160,5.7509,4.8417,-0.0160,4.1477

2843.9540,3.1703,4.5515,7.2070,8.3257,0.0450,0.1074,6.2654,4.9275,0.1074,4.2389

2844.9550,3.6847,4.5515,6.9600,7.5540,0.0450,-0.0160,6.7799,4.9292,-0.0160,4.2227

2845.9540,3.1703,4.4897,7.0835,7.5540,0.1067,0.0457,3.6929,4.3495,0.0457,3.7347

2846.9550,3.6847,4.6132,7.0835,8.0684,-0.0167,-0.0778,4.9792,4.7354,-0.0778,4.0478

2847.9550,3.1703,4.6749,7.2070,6.5251,-0.0167,-0.0778,6.0082,4.5948,-0.0778,3.9273

2848.9540,1.6271,3.8724,7.5774,7.0395,0.1685,-0.0778,6.2654,4.4250,-0.0778,3.7818

2849.9540,2.6559,4.4897,7.2687,8.0684,0.1685,-0.0778,6.2654,4.8194,-0.0778,4.1198

2850.9540,2.6559,4.5515,6.9600,8.0684,0.0450,0.1074,6.2654,4.7577,0.1074,4.0934

2851.9540,3.4275,4.5515,7.0217,8.0684,0.0450,0.0457,5.4937,4.7680,0.0457,4.0934

2852.9540,3.4275,4.4897,7.0217,8.3257,0.0450,-0.1395,6.0082,4.8863,-0.1395,4.1683

2853.9550,5.2278,4.1810,6.8983,7.8112,0.0450,-0.2630,5.7509,4.9857,-0.2630,4.2359

2854.9540,3.4275,4.4280,7.0835,8.0684,0.1685,-0.1395,6.0082,4.8640,-0.1395,4.1492

2855.9540,3.6847,4.3663,6.8983,8.0684,0.1685,-0.3865,7.2944,5.0801,-0.3865,4.2992

2856.9540,3.1703,4.4897,7.0835,7.2968,0.0450,-0.0778,6.0082,4.6822,-0.0778,4.0022

2857.9540,3.6847,4.4897,7.0835,8.0684,-0.0167,-0.2013,5.7509,4.8434,-0.2013,4.1227

2858.9540,3.4275,4.6132,7.0835,8.3257,0.1067,-0.1395,5.2364,4.7988,-0.1395,4.0933

2859.9540,3.1703,4.4280,7.0217,7.8112,0.0450,-0.0778,6.0082,4.7474,-0.0778,4.0581

2860.9540,4.7134,4.2428,7.0217,7.8112,0.0450,-0.5099,5.7509,4.9308,-0.5099,4.1536

2861.9540,4.4562,4.4897,7.3922,7.5540,0.0450,-0.2630,5.7509,4.9480,-0.2630,4.2036

2862.9550,3.4275,4.4280,7.0835,7.5540,-0.0785,-0.2013,6.2654,4.7800,-0.2013,4.0684

2863.9540,3.4275,4.5515,7.3922,7.8112,0.0450,-0.0778,6.5227,4.9583,-0.0778,4.2389

2864.9540,2.6559,4.6749,6.8365,7.8112,0.1685,-0.1395,6.5227,4.7783,-0.1395,4.0757

2865.9550,3.4275,4.6132,7.0835,7.8112,0.1067,-0.2013,6.2654,4.8846,-0.2013,4.1580

2866.9540,2.6559,4.5515,7.1452,7.8112,-0.1402,0.2309,4.4647,4.4147,0.2309,3.8170

2867.9550,3.9418,4.4280,7.0217,7.8112,0.1067,-0.2013,6.5227,4.9720,-0.2013,4.2330

2868.9540,3.1703,4.4897,7.0217,7.8112,-0.0167,-0.0778,6.7799,4.8760,-0.0778,4.1683

2869.9550,3.4275,4.1810,7.3304,7.2968,0.1067,-0.0778,6.0082,4.7251,-0.0778,4.0390

2870.9540,3.4275,4.3663,7.2687,7.8112,0.0450,-0.2013,6.0082,4.8211,-0.2013,4.1036

2871.9550,3.6847,4.4897,6.7748,7.8112,0.0450,-0.0778,6.5227,4.8880,-0.0778,4.1786

2872.9550,3.4275,4.4280,7.1452,7.8112,0.1067,-0.1395,6.5227,4.9069,-0.1395,4.1860

2873.9550,3.6847,4.4897,7.1452,4.7245,-0.3255,-0.0160,6.2654,4.3307,-0.0160,3.7097

2874.9540,-0.4305,4.9219,7.0217,8.0684,0.1067,-0.0778,6.0082,4.2827,-0.0778,3.6598

2875.9550,3.6847,4.6132,7.2070,8.3257,-0.0167,0.1074,6.0082,4.9703,0.1074,4.2756

2876.9550,3.6847,4.4897,7.2070,5.7534,0.2302,-0.0778,6.7799,4.6908,-0.0778,4.0096

2877.9540,3.4275,4.5515,7.1452,8.3257,0.0450,-0.2630,3.6929,4.5313,-0.2630,3.8464

2878.9540,3.4275,4.6749,7.3922,9.0974,-0.0785,0.0457,6.7799,5.2156,0.0457,4.4770

2879.9550,3.6847,4.7367,7.2687,7.5540,0.0450,-0.0160,5.2364,4.7542,-0.0160,4.0728

2880.9540,3.4275,3.5637,7.2687,7.5540,0.1685,-0.0778,6.2654,4.7080,-0.0778,4.0243

2881.9540,3.9418,4.2428,6.9600,7.8112,0.6007,-0.3247,6.5227,5.0132,-0.3247,4.2506

2882.9540,2.9131,4.3663,7.0217,7.8112,-0.0167,-0.2013,5.7509,4.6411,-0.2013,3.9493

2883.9540,3.1703,4.5515,7.1452,8.3257,0.0450,0.0457,6.0082,4.8743,0.0457,4.1845

2884.9540,4.9706,4.3045,7.2070,7.8112,0.1685,-0.0778,6.7799,5.2070,-0.0778,4.4520

2885.9540,3.4275,4.6132,7.2070,7.8112,-0.0785,-0.0778,6.0082,4.8314,-0.0778,4.1301

2886.9540,3.9418,4.4897,7.0217,7.5540,0.0450,-0.2013,6.2654,4.8863,-0.2013,4.1595

2887.9540,3.6847,4.6132,7.1452,7.0395,0.0450,0.0457,6.0082,4.7560,0.0457,4.0831

2888.9540,3.6847,4.3663,7.1452,7.8112,0.1067,-0.0778,5.7509,4.8108,-0.0778,4.1125

2889.9540,3.9418,4.4897,7.2070,7.5540,-0.0785,-0.0778,6.0082,4.8537,-0.0778,4.1492

2890.9540,3.4275,4.5515,7.0835,7.8112,0.1067,-0.2630,6.0082,4.8314,-0.2630,4.1036

2891.9550,3.1703,4.7367,7.2687,8.5829,-0.2020,-0.1395,6.0082,4.9275,-0.1395,4.2036

2892.9540,3.4275,4.5515,7.1452,8.0684,-0.2637,0.0457,5.7509,4.7800,0.0457,4.1036

2893.9540,3.6847,4.4897,7.2687,8.0684,0.2302,-0.0778,6.2654,5.0012,-0.0778,4.2756

2894.9540,3.1703,4.4897,7.1452,7.5540,0.0450,-0.0778,6.2654,4.7783,-0.0778,4.0845

2896.0000,3.9418,4.5515,7.3304,8.0684,0.1067,-0.0160,6.0082,5.0012,-0.0160,4.2844

2896.9550,3.1703,4.4897,7.0835,8.0684,-0.0167,-0.0778,6.2654,4.8434,-0.0778,4.1404

2897.9540,3.4275,4.4897,7.0835,7.8112,-0.0167,-0.1395,6.5227,4.8863,-0.1395,4.1683

2898.9550,3.4275,4.4280,7.1452,8.3257,-0.0167,0.1074,6.0082,4.8863,0.1074,4.2036

2899.9550,3.4275,4.5515,6.6513,8.3257,-0.1402,0.0457,6.0082,4.8040,0.0457,4.1242

2900.9540,3.4275,4.4280,6.8983,8.5829,0.0450,0.0457,6.2654,4.9412,0.0457,4.2418

2901.9540,3.6847,4.4280,7.1452,8.0684,0.1067,0.1074,6.2654,4.9497,0.1074,4.2580

2902.9550,3.6847,4.5515,7.1452,8.3257,0.0450,-0.3865,4.9792,4.7885,-0.3865,4.0492

2903.9540,3.4275,4.8601,7.3922,7.2968,-0.0167,-0.2013,6.0082,4.8280,-0.2013,4.1095

2904.9540,3.6847,4.4897,7.1452,6.7823,-0.0167,-0.0778,6.0082,4.6822,-0.0778,4.0022

2905.9540,3.4275,4.3045,7.7009,7.0395,0.1685,-0.0160,6.0082,4.7748,-0.0160,4.0904

2906.9540,0.0839,4.5515,6.9600,8.0684,0.0450,-0.0778,6.0082,4.2862,-0.0778,3.6627

2907.9540,3.1703,4.6132,7.2687,8.0684,-0.0167,0.1074,6.2654,4.8949,0.1074,4.2110

2908.9540,4.1990,4.4897,7.2687,8.0684,0.0450,-0.0778,5.7509,4.9703,-0.0778,4.2492

2909.9540,3.4275,4.4280,7.0217,8.0684,0.1067,0.1074,4.7219,4.6290,0.1074,3.9831

2910.9540,3.9418,4.3663,7.0217,7.0395,-0.0167,0.0457,6.0082,4.7268,0.0457,4.0581

2911.9550,3.1703,4.5515,6.8983,7.5540,0.1067,-0.0778,6.5227,4.8006,-0.0778,4.1037

2912.9540,4.9706,4.5515,7.3304,7.0395,0.0450,-0.0778,5.7509,4.9480,-0.0778,4.2300

2913.9540,3.9418,4.5515,7.0835,7.8112,0.0450,-0.0778,6.0082,4.9069,-0.0778,4.1948

2914.9540,3.4275,4.6132,7.2070,8.3257,0.0450,0.0457,6.2654,4.9806,0.0457,4.2756

2915.9540,3.6847,4.6749,7.2687,8.0684,0.0450,-0.0160,4.9792,4.7868,-0.0160,4.1007

2916.9540,3.6847,4.5515,7.0835,7.8112,-0.0167,0.0457,5.7509,4.8108,0.0457,4.1301

2917.9540,3.9418,4.4897,7.2687,8.0684,0.1685,0.1074,6.5227,5.0766,0.1074,4.3668

2918.9540,3.6847,4.3663,7.0217,7.5540,-0.0167,0.0457,5.7509,4.7268,0.0457,4.0581

2919.9550,3.6847,4.6749,7.2070,8.3257,0.0450,0.1074,5.7509,4.9480,0.1074,4.2565

2920.9540,3.4275,4.6749,7.2687,8.5829,-0.0167,0.1074,6.2654,5.0338,0.1074,4.3300

2921.9540,3.1703,4.6749,7.3304,7.8112,0.1685,0.1692,6.2654,4.9035,0.1692,4.2271

2922.9560,3.6847,4.5515,6.9600,7.2968,0.1067,-0.0160,5.4937,4.6822,-0.0160,4.0110

2923.9550,3.6847,4.7984,7.7626,7.2968,0.0450,-0.0160,6.0082,4.9326,-0.0160,4.2257

2924.9550,3.6847,4.4280,7.0217,7.5540,0.1685,0.0457,6.2654,4.8537,0.0457,4.1669

2925.9540,3.6847,4.6749,7.0217,8.0684,0.0450,0.1074,5.7509,4.8743,0.1074,4.1933

2926.9550,2.6559,4.6132,7.0835,8.0684,-0.1402,-0.0160,6.2654,4.7577,-0.0160,4.0757

2927.9550,3.4275,4.6132,7.2687,6.5251,0.2920,-0.2013,6.7799,4.8177,-0.2013,4.1007

2928.9540,3.6847,4.5515,7.3304,7.8112,0.1067,-0.0160,6.2654,4.9583,-0.0160,4.2477

2929.9540,3.9418,4.6749,7.2070,8.3257,0.1067,0.0457,6.2654,5.0869,0.0457,4.3668

2930.9540,3.6847,4.2428,7.7009,8.0684,0.1067,0.0457,6.2654,5.0115,0.0457,4.3021

2931.9540,3.6847,4.4897,7.2070,8.0684,0.0450,0.1074,6.2654,4.9600,0.1074,4.2668

2932.9540,3.4275,4.7984,7.0835,8.5829,-0.1402,-0.2013,6.2654,5.0029,-0.2013,4.2595

2933.9540,3.4275,4.7367,7.2687,6.2678,0.2920,-0.2013,5.4937,4.5811,-0.2013,3.8979

2934.9540,3.4275,4.4897,7.3304,7.8112,-0.2020,-0.2013,6.0082,4.8108,-0.2013,4.0948

2935.9540,3.6847,4.4280,7.2070,8.3257,-0.0785,-0.2630,5.4937,4.8434,-0.2630,4.1139

2936.9540,3.1703,4.6749,7.0835,7.8112,0.1067,-0.2013,6.2654,4.8520,-0.2013,4.1301

2937.9550,4.9706,4.4280,7.0217,7.8112,0.1067,-0.0160,6.2654,5.1006,-0.0160,4.3697

2938.9540,3.9418,4.5515,7.2070,7.8112,0.1067,-0.3247,5.7509,4.8949,-0.3247,4.1492

2939.9550,3.4275,4.4280,7.3922,7.8112,0.0450,-0.2013,5.7509,4.8091,-0.2013,4.0934

2940.9540,3.6847,4.4897,6.9600,7.8112,0.0450,0.0457,6.2654,4.8760,0.0457,4.1860

2941.9540,3.6847,4.3663,6.9600,7.5540,0.0450,0.6630,3.9501,4.4267,0.6630,3.8890

2942.9540,3.6847,4.4897,7.2687,8.0684,-0.0167,0.0457,6.7799,5.0458,0.0457,4.3315

2943.9550,3.9418,4.6132,7.0217,7.2968,-0.0785,-0.1395,6.2654,4.8434,-0.1395,4.1316

2944.9540,3.9418,4.6132,7.0835,7.5540,0.0450,-0.1395,6.0082,4.8743,-0.1395,4.1580

2945.9540,3.4275,4.5515,7.3922,8.3257,-0.0785,0.0457,6.2654,4.9806,0.0457,4.2756

2946.9540,3.4275,4.6132,7.0217,7.2968,-0.0167,-0.0778,6.0082,4.7251,-0.0778,4.0390

2947.9540,2.6559,4.7984,7.5774,7.0395,0.0450,-0.0778,6.2654,4.7303,-0.0778,4.0434

2948.9550,3.4275,4.7367,7.3304,7.8112,0.1067,-0.0160,6.2654,4.9463,-0.0160,4.2374

2949.9540,3.4275,4.6132,7.0835,7.8112,0.0450,0.1074,6.0082,4.8314,0.1074,4.1566

2950.9540,3.4275,4.6749,7.2687,7.8112,-0.1402,-0.0778,6.2654,4.8846,-0.0778,4.1757

2951.9550,3.1703,4.4897,7.1452,8.3257,-0.1402,-0.1395,6.0082,4.8331,-0.1395,4.1228

2952.9540,3.4275,4.7367,7.1452,7.8112,-0.2020,-0.3865,7.8089,5.1213,-0.3865,4.3344

2953.9540,3.4275,4.7984,7.2687,8.3257,-0.0167,0.0457,6.0082,4.9686,0.0457,4.2653

2954.9540,3.4275,4.6749,7.0835,8.8401,0.0450,0.1074,6.0082,5.0132,0.1074,4.3124

2955.9540,3.6847,4.2428,7.7009,7.2968,0.2302,-0.0778,6.5227,4.9463,-0.0778,4.2286

2956.9540,2.9131,4.4280,6.9600,7.5540,0.0450,-0.0778,4.2074,4.3512,-0.0778,3.7185

2957.9540,3.6847,4.6749,7.2687,8.0684,0.1067,0.0457,5.7509,4.9257,0.0457,4.2286

2958.9540,3.4275,5.2923,7.2687,8.3257,-0.0785,-0.0160,6.2654,5.0835,-0.0160,4.3550

2959.9780,3.4275,4.3663,7.3304,8.0684,-0.0167,-0.2013,6.0082,4.8640,-0.2013,4.1404

2960.9540,3.4275,4.6132,7.2070,7.2968,-0.0167,-0.0160,6.0082,4.7560,-0.0160,4.0743

2961.9540,3.4275,4.7367,7.2687,7.8112,-0.0785,-0.0778,6.2654,4.9052,-0.0778,4.1933

2962.9540,3.4275,4.6132,7.1452,8.3257,-0.1402,-0.2013,6.0082,4.8966,-0.2013,4.1683

2963.9540,3.4275,4.6749,7.2687,8.0684,0.0450,0.0457,3.4356,4.4867,0.0457,3.8523

2964.9540,3.6847,4.7984,7.1452,7.8112,0.0450,-0.0160,5.4937,4.8297,-0.0160,4.1374

2965.9540,3.4275,4.4897,7.2687,7.8112,0.1067,-0.0778,6.0082,4.8520,-0.0778,4.1477

2966.9550,3.4275,4.4897,7.1452,7.8112,0.0450,0.1074,6.2654,4.8640,0.1074,4.1845

2967.9540,3.4275,4.8601,7.3304,8.0684,0.0450,0.0457,6.2654,4.9995,0.0457,4.2918

2968.9540,4.1990,4.5515,7.2070,7.8112,0.1067,0.2309,6.0082,4.9806,0.2309,4.3021

2969.9540,3.4275,4.6749,7.3304,8.3257,0.1067,0.0457,5.7509,4.9360,0.0457,4.2374

2970.9540,3.1703,4.4897,7.3304,8.0684,-0.2020,-0.0160,7.5517,5.0681,-0.0160,4.3418

2971.9540,3.4275,4.5515,7.5157,8.0684,0.0450,0.0457,6.5227,5.0218,0.0457,4.3109

2972.9540,5.9994,4.2428,7.0835,7.8112,0.1067,0.0457,6.0082,5.2086,0.0457,4.4711

2973.9540,4.9706,4.4280,7.3304,8.0684,-0.0167,0.1074,6.2654,5.1744,0.1074,4.4505

2974.9540,3.9418,4.7367,7.2070,7.8112,-0.0167,0.1074,5.2364,4.8194,0.1074,4.1463

2975.9540,3.6847,4.3663,6.1574,9.6118,-0.2637,0.2926,5.7509,4.8845,0.2926,4.2286

2976.9540,2.9131,4.6749,7.2687,8.0684,0.0450,0.1692,6.0082,4.8297,0.1692,4.1639

2977.9540,3.6847,4.7984,7.1452,8.3257,-0.0167,0.2309,5.7509,4.9480,0.2309,4.2741

2978.9540,3.6847,4.7984,7.2070,7.8112,0.1067,0.2309,5.7509,4.8931,0.2309,4.2271

2979.9550,3.4275,4.7984,7.5774,8.0684,-0.0167,0.0457,6.0082,4.9772,0.0457,4.2727

2980.9540,2.3987,4.4897,7.6391,5.7534,0.1685,-0.0160,6.0082,4.4096,-0.0160,3.7774

2981.9540,2.6559,4.6749,7.3304,8.5829,0.3537,-0.0778,6.5227,5.0201,-0.0778,4.2918

2982.9550,2.6559,4.8601,7.1452,7.8112,-0.1402,-0.0160,6.5227,4.8091,-0.0160,4.1198

2983.9540,3.1703,4.7367,7.3922,7.2968,-0.0785,0.0457,6.2654,4.7971,0.0457,4.1184

2984.9540,2.9131,4.9219,7.1452,8.0684,0.1067,0.1692,6.2654,4.9035,0.1692,4.2271

2985.9540,3.6847,4.4280,7.2687,8.0684,0.1067,-0.0160,5.7509,4.8846,-0.0160,4.1845

2986.9540,2.9131,4.6132,7.0835,8.0684,-0.0167,-0.0160,6.0082,4.7783,-0.0160,4.0934

2987.9550,3.9418,4.6749,7.2687,7.5540,0.1067,-0.2630,5.7509,4.8829,-0.2630,4.1477

2988.9540,3.6847,4.7984,7.3304,8.0684,0.0450,-0.0160,5.2364,4.8606,-0.0160,4.1639

2989.9540,3.4275,4.6132,7.3304,7.5540,-0.0167,0.0457,6.2654,4.8623,0.0457,4.1742

2990.9550,4.4562,4.5515,7.2070,7.8112,0.0450,-0.0160,6.2654,5.0561,-0.0160,4.3315

2991.9550,3.4275,4.5515,7.7009,6.5251,0.1067,-0.1395,6.5227,4.8057,-0.1395,4.0993

2992.9540,3.1703,4.6132,7.2687,8.0684,0.2920,-0.0160,6.2654,4.9463,-0.0160,4.2374

2993.9540,2.9131,4.6132,7.4539,8.0684,0.1067,-0.0160,6.2654,4.9035,-0.0160,4.2007

2994.9550,3.9418,4.6132,7.3922,8.5829,0.0450,0.0457,6.0082,5.0972,0.0457,4.3756

2995.9540,3.4275,4.6749,7.5157,7.5540,0.1067,0.1074,7.2944,5.0955,0.1074,4.3829

2996.9540,3.1703,4.7367,7.4539,8.0684,0.0450,-0.0160,6.5227,4.9995,-0.0160,4.2830

2997.9540,3.1703,4.6132,7.1452,7.8112,-0.0167,-0.0160,6.0082,4.7886,-0.0160,4.1022

2998.9540,3.4275,4.7984,7.2687,8.3257,-0.0167,-0.0160,5.7509,4.9257,-0.0160,4.2198

2999.9540,3.6847,4.7984,7.3922,8.3257,-0.0167,0.0457,6.0082,5.0321,0.0457,4.3197

3000.9550,4.1990,4.4897,7.2070,8.0684,0.1067,-0.2013,6.0082,5.0132,-0.2013,4.2683

3001.9540,3.6847,4.7984,7.1452,8.3257,0.2920,-0.3865,7.2944,5.2567,-0.3865,4.4506

3002.9540,5.7422,4.3663,7.5157,7.5540,-0.1402,-0.1395,6.2654,5.2172,-0.1395,4.4520

3003.9550,3.1703,4.6132,7.1452,8.3257,0.0450,-0.0160,6.0082,4.8846,-0.0160,4.1845

3004.9540,3.4275,4.4280,7.0835,8.3257,0.1685,-0.3865,7.0372,5.0784,-0.3865,4.2977

3005.9550,4.1990,4.6132,7.1452,8.0684,0.1067,-0.2013,6.0082,5.0235,-0.2013,4.2771

3006.9540,3.4275,4.7367,7.0217,7.5540,0.0450,-0.0160,9.0952,5.3133,-0.0160,4.5520

3007.9540,3.4275,4.6132,7.3304,7.2968,-0.0167,-0.0160,5.4937,4.6908,-0.0160,4.0184

3008.9540,3.4275,4.7367,7.5774,8.3257,0.1067,0.0457,6.5227,5.1161,0.0457,4.3918

3009.9540,1.8843,5.0454,7.0835,8.5829,-0.0167,-0.0778,5.7509,4.7217,-0.0778,4.0361

3010.9540,3.4275,4.6749,7.2687,8.3257,-0.0785,0.0457,6.2654,4.9806,0.0457,4.2756

3011.9540,3.1703,4.5515,7.2687,7.5540,0.1685,-0.0160,6.2654,4.8297,-0.0160,4.1375

3012.9540,3.9418,4.4897,7.2687,7.5540,0.1067,-0.0778,5.7509,4.8520,-0.0778,4.1477

3013.9550,3.4275,4.4897,7.0835,8.5829,0.0450,0.1074,6.2654,4.9823,0.1074,4.2859

3014.9540,3.4275,4.4897,7.3922,7.5540,-0.3872,0.3544,5.7509,4.7045,0.3544,4.0831

3015.9550,3.6847,4.7367,7.2070,8.0684,0.1067,0.0457,6.2654,5.0115,0.0457,4.3021

3016.9540,3.4275,4.8601,7.2070,8.3257,0.0450,0.1074,6.0082,4.9789,0.1074,4.2830

3017.9550,3.4275,4.6132,7.2070,8.5829,-0.0167,-0.0160,6.2654,5.0132,-0.0160,4.2947

3018.9550,4.7134,4.5515,7.5157,8.0684,0.1067,-0.2630,5.7509,5.1178,-0.2630,4.3491

3019.9540,3.1703,4.7367,7.1452,8.0684,0.0450,-0.0160,6.2654,4.9052,-0.0160,4.2021

3020.9540,3.6847,4.7367,7.4539,8.3257,-0.0785,-0.0160,6.2654,5.0646,-0.0160,4.3388

3021.9540,3.1703,5.0454,7.4539,8.0684,0.1067,0.0457,6.5227,5.0612,0.0457,4.3447

3022.9540,3.9418,4.8601,7.4539,8.0684,0.0450,0.1074,6.5227,5.1487,0.1074,4.4285

3023.9540,3.4275,4.6749,7.2070,8.5829,-0.0167,0.6013,6.2654,5.0235,0.6013,4.3917

3024.9550,4.4562,4.6749,7.3922,8.3257,0.0450,0.0457,6.0082,5.1504,0.0457,4.4211

3025.9540,3.6847,4.7984,6.9600,8.8401,-0.0167,-0.0778,5.7509,5.0029,-0.0778,4.2771

3026.9540,3.4275,4.9219,7.3922,8.0684,0.1067,0.1074,5.7509,4.9446,0.1074,4.2536

3027.9550,4.1990,4.6749,7.3922,8.3257,0.0450,-0.4482,8.3234,5.4934,-0.4482,4.6446

3028.9540,3.9418,4.8601,7.1452,8.0684,0.0450,0.2309,6.0082,5.0115,0.2309,4.3285

3029.9540,6.5138,5.1688,7.3304,8.8401,0.0450,0.1074,6.0082,5.6511,0.1074,4.8591

3030.9540,3.6847,4.6749,7.5157,8.0684,0.0450,0.0457,6.2654,5.0424,0.0457,4.3285

3031.9540,2.6559,4.7984,7.2687,8.3257,0.1685,-0.0160,6.2654,4.9138,-0.0160,4.2095

3032.9540,3.1703,4.6749,7.2687,7.8112,-0.0167,0.0457,6.0082,4.8194,0.0457,4.1375

3033.9540,3.9418,4.6749,7.3304,8.0684,0.1067,-0.0160,5.7509,4.9789,-0.0160,4.2653

3034.9550,3.6847,4.7984,7.2070,7.8112,0.0450,0.1074,7.0372,5.0972,0.1074,4.3844

3035.9550,3.9418,4.7367,7.4539,8.0684,0.1067,-0.0778,7.5517,5.3099,-0.0778,4.5402

3036.9540,3.9418,4.7984,7.3304,7.8112,0.1067,0.1692,6.2654,5.0423,0.1692,4.3462

3037.9540,3.6847,4.4897,6.9600,7.8112,-0.0167,-0.0160,6.0082,4.8228,-0.0160,4.1316

3038.9540,3.6847,4.6749,7.1452,8.0684,0.0450,-0.0160,6.7799,5.0664,-0.0160,4.3403

3039.9540,2.9131,4.7984,7.2687,8.3257,0.0450,-0.0160,6.0082,4.8932,-0.0160,4.1919

3040.9550,3.9418,4.4280,7.2687,6.7823,0.2920,0.1074,6.2654,4.8297,0.1074,4.1551

3041.9540,3.1703,4.6132,7.2687,7.8112,0.0450,-0.0160,6.0082,4.8194,-0.0160,4.1286

3042.9540,3.6847,4.6749,7.2687,7.2968,-0.0785,0.5396,5.7509,4.7662,0.5396,4.1624

3043.9540,3.6847,4.7984,7.3304,8.0684,-0.0785,-0.0778,7.0372,5.1401,-0.0778,4.3947

3044.9550,3.9418,5.5392,7.6391,8.0684,0.0450,-0.1395,6.0082,5.2070,-0.1395,4.4432

3045.9550,3.4275,4.7367,7.3304,8.3257,0.0450,0.0457,6.0082,4.9789,0.0457,4.2742

3046.9540,3.4275,4.4897,7.3304,8.0684,0.2920,-0.0778,6.0082,4.9360,-0.0778,4.2198

3047.9550,2.9131,4.5515,7.4539,7.8112,0.1685,-0.0160,6.0082,4.8177,-0.0160,4.1272

3048.9540,3.6847,4.4897,7.0217,9.3546,-0.2637,0.1074,6.0082,5.0492,0.1074,4.3432

3049.9550,3.9418,4.5515,7.2070,7.5540,0.0450,-0.5099,6.0082,4.8846,-0.5099,4.1139

3050.9550,3.9418,4.6132,7.0835,8.3257,0.1067,-0.2630,6.0082,5.0132,-0.2630,4.2594

3051.9550,3.4275,4.7367,7.3304,8.0684,-0.1402,-0.0160,0.3486,3.9619,-0.0160,3.3936

3052.9540,2.6559,4.6132,7.0217,8.3257,0.0450,-0.0160,6.0082,4.7783,-0.0160,4.0934

3053.9540,3.6847,4.6749,7.0217,8.0684,0.1067,0.0457,5.4937,4.8417,0.0457,4.1566

3054.9550,3.1703,4.7367,7.3304,8.3257,0.1067,-0.0160,6.2654,4.9892,-0.0160,4.2742

3055.9550,3.4275,4.1810,7.4539,7.5540,-0.0785,-0.0778,6.2654,4.8006,-0.0778,4.1037

3056.9540,3.4275,4.6132,7.0217,7.5540,0.0450,-0.0778,6.0082,4.7783,-0.0778,4.0845

3057.9540,3.1703,4.6749,7.3304,8.0684,-0.0785,-0.0778,6.5227,4.9480,-0.0778,4.2301

3058.9550,4.4562,4.4897,7.1452,7.8112,0.0450,-0.0778,6.2654,5.0355,-0.0778,4.3050

3059.9540,3.4275,4.5515,7.2687,8.5829,0.0450,-0.0778,6.0082,4.9806,-0.0778,4.2580

3060.9540,3.1703,4.5515,7.0217,8.5829,0.1067,-0.0778,6.2654,4.9498,-0.0778,4.2315

3061.9540,3.4275,4.4280,7.1452,8.3257,0.0450,-0.1395,6.0082,4.8966,-0.1395,4.1771

3062.9540,3.4275,4.6132,6.7130,7.2968,0.0450,-0.2013,6.5227,4.7697,-0.2013,4.0596

3063.9550,4.7134,4.6132,7.3922,7.8112,0.0450,-0.2013,6.0082,5.0972,-0.2013,4.3403

3064.9540,3.4275,4.5515,7.1452,8.3257,0.1067,-0.1395,5.4937,4.8417,-0.1395,4.1301

3065.9540,4.1990,4.4280,7.0835,8.3257,0.1685,-0.1395,6.2654,5.0783,-0.1395,4.3329

3066.9550,3.9418,4.6132,7.1452,8.5829,0.1067,-0.0160,6.7799,5.1950,-0.0160,4.4505

3067.9540,3.6847,4.6749,7.5774,7.8112,0.1067,-0.0778,6.2654,5.0201,-0.0778,4.2918

3068.9540,4.1990,4.6749,7.3304,8.0684,0.1067,-0.1395,5.7509,5.0218,-0.1395,4.2844

3069.9540,3.9418,4.6749,7.5157,8.0684,0.1685,-0.1395,6.5227,5.1487,-0.1395,4.3932

3070.9540,3.4275,4.7367,7.0835,8.0684,0.1067,-0.0160,5.4937,4.8194,-0.0160,4.1286

3071.9540,3.9418,4.6132,7.3922,8.0684,0.0450,0.0457,6.5227,5.0972,0.0457,4.3756

3072.9540,3.6847,4.6749,7.2070,7.8112,-0.0167,0.0457,6.0082,4.8949,0.0457,4.2021

3073.9540,3.4275,4.6132,7.1452,8.0684,-0.0785,-0.0778,6.0082,4.8640,-0.0778,4.1580

3074.9550,2.9131,4.7984,7.2070,8.5829,-0.2020,-0.0778,6.2654,4.9275,-0.0778,4.2124

3075.9550,4.1990,4.7367,7.3922,7.8112,-0.0167,-0.1395,6.7799,5.1504,-0.1395,4.3947

3076.9550,3.4275,4.4897,7.2070,6.2678,0.4155,-0.1395,6.5227,4.7217,-0.1395,4.0272

3077.9550,3.9418,4.7367,7.1452,8.0684,0.0450,0.0457,5.2364,4.8623,0.0457,4.1742

3078.9540,3.9418,4.9836,7.3922,8.3257,0.1067,-0.0160,5.7509,5.0835,-0.0160,4.3550

3079.9540,3.1703,4.6749,7.2687,8.5829,-0.0167,0.0457,6.2654,4.9909,0.0457,4.2845

3080.9540,4.1990,4.7367,7.4539,7.2968,-0.0785,0.0457,6.2654,4.9789,0.0457,4.2741

3081.9540,3.4275,4.5515,7.0835,7.8112,0.1685,-0.0160,6.5227,4.9275,-0.0160,4.2212

3082.9540,3.6847,4.6749,7.1452,7.8112,0.0450,0.0457,6.7799,5.0235,0.0457,4.3124

3083.9540,2.1415,4.9219,7.3304,8.3257,-0.0167,0.1074,6.0082,4.7851,0.1074,4.1169

3084.9540,3.9418,4.6749,7.4539,8.0684,0.1685,0.0457,6.2654,5.0955,0.0457,4.3741

3085.9540,3.9418,4.7367,7.2687,7.5540,-0.0785,0.1692,6.5227,4.9909,0.1692,4.3021

3086.9550,3.6847,4.8601,7.4539,8.3257,-0.0167,-0.0160,6.0082,5.0526,-0.0160,4.3285

3087.9540,3.4275,4.7367,7.2687,8.0684,0.1685,-0.0160,6.5227,5.0321,-0.0160,4.3109

3088.9550,2.6559,4.9219,7.3304,7.5540,0.0450,0.1074,6.2654,4.7954,0.1074,4.1257

3089.9550,3.9418,4.6132,7.5157,7.5540,0.0450,0.1074,6.2654,4.9892,0.1074,4.2918

3090.9540,2.1415,4.6132,7.3304,8.3257,0.1685,0.1074,6.0082,4.7646,0.1074,4.0993

3091.9540,3.4275,4.6749,7.2070,8.0684,-0.0167,0.1074,6.5227,4.9806,0.1074,4.2845

3092.9540,3.6847,4.5515,7.5157,8.0684,0.1067,-0.0778,6.5227,5.0749,-0.0778,4.3388

3093.9540,3.1703,4.8601,7.2070,8.0684,0.0450,-0.0778,6.0082,4.8932,-0.0778,4.1830

3094.9540,4.9706,4.4897,7.7009,8.3257,-0.0167,0.0457,6.0082,5.2464,0.0457,4.5034

3095.9540,2.9131,3.9958,7.5157,7.2968,-0.0785,-0.1395,6.2654,4.6514,-0.1395,3.9670

3096.9540,3.6847,4.6749,7.4539,7.0395,-0.0785,-0.0778,6.2654,4.8400,-0.0778,4.1375

3097.9550,3.6847,4.7367,7.2687,8.5829,-0.0167,-0.0778,5.7509,5.0012,-0.0778,4.2756

3098.9550,3.4275,4.7367,7.2687,8.5829,0.0450,0.0457,6.5227,5.0972,0.0457,4.3756

3099.9540,3.6847,4.7367,7.5157,8.0684,0.1067,-0.0160,6.7799,5.1487,-0.0160,4.4109

3100.9550,3.9418,4.6132,7.3304,8.3257,0.8477,-0.3865,6.7799,5.3065,-0.3865,4.4932

3101.9540,3.4275,4.6132,7.2070,8.8401,0.0450,0.1074,5.2364,4.8949,0.1074,4.2109

3102.9550,3.9418,4.4280,7.0835,7.8112,0.1067,-0.0160,6.2654,4.9395,-0.0160,4.2315

3103.9550,3.6847,4.6749,7.6391,8.0684,0.0450,-0.0778,6.7799,5.1487,-0.0778,4.4020

3104.9540,3.4275,5.6627,7.7626,6.7823,0.1685,-0.2013,6.7799,5.0973,-0.2013,4.3403

3105.9540,3.9418,4.8601,7.0835,7.5540,-0.0167,-0.0160,6.5227,4.9909,-0.0160,4.2756

3106.9550,3.9418,4.7984,7.5157,8.0684,-0.0167,-0.2013,7.0372,5.2241,-0.2013,4.4491

3107.9540,3.9418,4.7367,7.4539,7.5540,-0.0167,-0.0778,6.2654,4.9892,-0.0778,4.2653

3108.9540,3.6847,4.7367,7.5157,8.0684,-0.6342,0.2309,6.0082,4.8966,0.2309,4.2300

3109.9550,3.6847,4.7984,7.1452,8.3257,1.0946,-0.2013,6.0082,5.1761,-0.2013,4.4079

3110.9540,3.6847,4.7367,8.5653,9.3546,-0.1402,0.0457,6.0082,5.3682,0.0457,4.6078

3111.9550,3.9418,4.6132,7.2070,8.5829,-0.0167,-0.0160,6.2654,5.0989,-0.0160,4.3682

3112.9540,3.4275,4.6749,7.2687,8.5829,-0.0785,0.0457,6.2654,5.0235,0.0457,4.3124

3113.9540,3.4275,4.7984,7.0835,7.5540,0.1067,-0.0160,6.2654,4.8726,-0.0160,4.1742

3114.9540,3.9418,4.7367,7.3304,7.8112,0.1067,0.1074,5.4937,4.9034,0.1074,4.2183

3115.9540,4.4562,4.7367,7.3922,7.8112,0.1067,0.0457,7.8089,5.3853,0.0457,4.6225

3116.9550,3.6847,4.7984,7.5157,8.0684,-0.0167,-0.0160,6.7799,5.1384,-0.0160,4.4020

3117.9550,3.9418,4.7367,7.2687,7.5540,-0.0785,0.0457,5.4937,4.8194,0.0457,4.1374

3118.9540,3.6847,4.8601,7.4539,7.8112,0.1067,-0.0160,6.5227,5.0732,-0.0160,4.3462

3119.9550,3.4275,4.6132,7.2687,8.3257,-0.0167,-0.0160,6.0082,4.9377,-0.0160,4.2301

3120.9540,3.6847,4.7984,7.2687,8.0684,0.0450,-0.2630,6.5227,5.0646,-0.2630,4.3036

3121.9540,3.9418,4.6749,7.4539,8.3257,0.2302,-0.0778,6.2654,5.1487,-0.0778,4.4020

3122.9540,4.1990,4.5515,7.2070,8.3257,0.1067,-0.2630,6.0082,5.0663,-0.2630,4.3050

3123.9550,3.9418,4.7984,7.3922,8.3257,0.0450,-0.1395,5.4937,4.9995,-0.1395,4.2653

3124.9540,3.6847,4.6132,6.9600,6.5251,0.4155,-0.3247,6.7799,4.8297,-0.3247,4.0934

3125.9540,3.4275,4.7984,7.2687,7.8112,-0.0167,-0.1395,5.4937,4.7971,-0.1395,4.0919

3126.9540,3.6847,4.6132,7.2687,8.0684,0.0450,-0.0160,7.2944,5.1624,-0.0160,4.4226

3127.9540,3.9418,4.7984,7.3922,8.8401,-0.0167,-0.0778,6.5227,5.2464,-0.0778,4.4858

3128.9540,3.6847,4.6132,7.2687,8.3257,0.0450,0.0457,7.8089,5.2910,0.0457,4.5417

3129.9540,1.1127,4.9836,7.0835,7.8112,-0.0167,-0.0160,6.2654,4.5399,-0.0160,3.8891

3130.9540,4.1990,4.6749,7.3304,7.2968,-0.0167,-0.0160,6.5227,5.0012,-0.0160,4.2844

3131.9540,3.4275,4.8601,7.3304,8.3257,-0.0167,-0.0160,5.2364,4.8606,-0.0160,4.1639

3132.9540,3.9418,4.6749,7.4539,7.8112,0.1067,-0.0778,6.5227,5.0852,-0.0778,4.3477

3133.9540,3.6847,4.5515,7.3304,7.5540,-0.0167,0.0457,6.5227,4.9377,0.0457,4.2389

3134.9540,4.1990,4.6749,7.4539,8.8401,-0.2020,0.2926,6.5227,5.2481,0.2926,4.5402

3135.9540,2.6559,4.9219,7.3304,7.8112,0.1067,0.1074,6.0082,4.8057,0.1074,4.1345

3136.9550,3.1703,4.6749,7.4539,7.5540,-0.0167,0.0457,6.5227,4.8932,0.0457,4.2007

3137.9540,3.6847,4.6749,7.5157,8.3257,-0.0167,0.2309,6.5227,5.1178,0.2309,4.4197

3138.9540,3.9418,4.8601,7.4539,8.3257,-0.0785,0.0457,6.2654,5.1281,0.0457,4.4020

3139.9550,3.9418,4.6749,7.3922,8.3257,0.1067,0.9100,6.0082,5.0749,0.9100,4.4799

3140.9540,2.9131,4.7984,7.5157,8.3257,0.0450,-0.0160,6.0082,4.9343,-0.0160,4.2271

3141.9550,2.9131,4.6749,7.3922,8.3257,0.1067,0.0457,6.2654,4.9463,0.0457,4.2462

3142.9550,3.4275,4.7367,7.3304,7.8112,0.0450,0.0457,6.5227,4.9789,0.0457,4.2742

3143.9550,3.6847,4.7984,7.6391,8.0684,0.1067,-0.0778,5.7509,5.0081,-0.0778,4.2815

3144.9540,3.4275,4.7984,7.2687,8.3257,0.0450,-0.0778,5.7509,4.9360,-0.0778,4.2198

3145.9540,3.6847,4.6749,7.3922,7.0395,-0.0167,-0.0778,6.2654,4.8400,-0.0778,4.1375

3146.9540,3.6847,4.8601,7.2687,8.3257,0.0450,0.0457,6.0082,5.0321,0.0457,4.3197

3147.9550,3.9418,4.9219,7.5157,9.0974,0.1067,-0.0160,6.7799,5.3939,-0.0160,4.6211

3148.9540,3.4275,5.5392,7.3922,7.5540,-0.1402,-0.0160,6.2654,5.0063,-0.0160,4.2889

3149.9550,3.6847,4.7984,7.4539,7.2968,-0.0785,0.2926,6.2654,4.9034,0.2926,4.2448

3150.9540,3.9418,4.6132,7.4539,8.0684,0.0450,-0.0778,6.2654,5.0646,-0.0778,4.3300

3151.9540,2.6559,4.9836,7.1452,8.0684,-0.0167,-0.0160,6.2654,4.8503,-0.0160,4.1551

3152.9540,3.9418,4.8601,7.0217,8.0684,0.0450,0.0457,5.2364,4.8623,0.0457,4.1742

3153.9540,3.6847,4.8601,7.5774,8.3257,-0.0785,0.0457,6.5227,5.1487,0.0457,4.4197

3154.9540,3.9418,4.5515,7.3922,7.8112,0.0450,-0.2013,6.0082,4.9583,-0.2013,4.2212

3155.9540,3.6847,4.7984,7.2070,7.8112,0.0450,-0.0160,6.0082,4.9257,-0.0160,4.2198

3156.9540,3.4275,4.4897,7.4539,8.0684,0.0450,-0.0160,6.5227,5.0012,-0.0160,4.2845

3157.9540,1.8843,5.0454,7.2687,8.5829,0.0450,-0.0160,6.7799,4.9344,-0.0160,4.2272

3158.9550,3.9418,4.6749,7.2687,8.0684,0.1685,-0.0160,6.5227,5.1075,-0.0160,4.3756

3159.9540,3.9418,4.6132,7.2687,7.8112,0.1685,-0.0160,6.5227,5.0544,-0.0160,4.3300

3160.9540,3.6847,4.6749,7.3304,7.8112,-0.2020,-0.1395,6.0082,4.8846,-0.1395,4.1668

3161.9560,3.6847,4.6132,7.5157,8.5829,0.1067,-0.3865,8.3234,5.4711,-0.3865,4.6343

3162.9550,3.4275,4.6749,7.2687,7.8112,-0.0167,-0.0160,6.5227,4.9480,-0.0160,4.2389

3163.9540,3.4275,4.5515,7.4539,8.0684,0.1067,-0.0778,6.5227,5.0218,-0.0778,4.2933

3164.9540,3.6847,4.7367,7.5774,9.3546,-0.2020,0.1074,6.5227,5.2790,0.1074,4.5402

3165.9540,1.3699,4.1810,7.7009,7.8112,-0.0785,-0.1395,6.2654,4.5417,-0.1395,3.8729

3166.9540,7.0282,4.4280,7.7009,8.0684,0.1067,-0.2013,6.0082,5.5567,-0.2013,4.7342

3167.9540,4.1990,4.6749,7.3304,7.8112,0.1067,0.4778,3.9501,4.6788,0.4778,4.0786

3168.9550,3.9418,4.7984,7.2070,7.8112,0.1685,-0.0778,6.7799,5.1178,-0.0778,4.3756

3169.9540,4.1990,4.6749,7.3304,12.6985,0.4155,-0.3247,7.0372,6.0593,-0.3247,5.1473

3170.9540,10.1146,4.9219,6.9600,8.8401,-0.1402,-0.0778,6.2654,6.1603,-0.0778,5.2691

3171.9540,3.6847,4.7367,7.3922,8.3257,0.0450,-0.3247,4.9792,4.8606,-0.3247,4.1198

3172.9540,3.6847,4.9219,7.0217,8.0684,0.0450,-0.0160,6.5227,5.0441,-0.0160,4.3212

3173.9540,3.4275,4.7367,7.1452,7.8112,-0.0167,-0.0160,6.2654,4.8949,-0.0160,4.1933

3174.9550,3.6847,4.6132,7.3922,7.8112,-0.5107,-0.2630,6.2654,4.8760,-0.2630,4.1419

3175.9540,4.1990,4.6132,7.3922,8.3257,0.0450,-0.1395,6.2654,5.1401,-0.1395,4.3859

3176.9540,3.9418,4.7367,7.7009,8.3257,-0.2637,-0.1395,5.7509,5.0320,-0.1395,4.2933

3177.9550,2.9131,4.6132,7.3304,8.3257,-0.0167,-0.0778,6.5227,4.9481,-0.0778,4.2301

3178.9540,3.6847,4.7367,7.2687,8.3257,0.1067,-0.0160,6.5227,5.1075,-0.0160,4.3756

3179.9550,3.6847,4.8601,7.3922,8.3257,-0.0167,-0.1395,5.4937,4.9566,-0.1395,4.2286

3180.9540,4.1990,4.6132,7.3304,8.3257,0.1067,-0.2013,6.2654,5.1401,-0.2013,4.3770

3181.9540,3.9418,4.7367,7.5774,8.0684,0.0450,-0.2013,7.8089,5.3631,-0.2013,4.5682

3182.9540,3.9418,4.5515,7.2687,8.8401,0.1067,-0.2013,6.2654,5.1624,-0.2013,4.3962

3183.9540,3.6847,4.6749,7.2687,8.5829,0.0450,-0.0778,6.0082,5.0441,-0.0778,4.3124

3184.9540,3.9418,4.7984,7.5774,8.3257,0.0450,-0.0778,8.5807,5.5448,-0.0778,4.7416

3185.9540,3.4275,4.6749,7.3304,8.5829,0.0450,-0.0778,6.5227,5.0972,-0.0778,4.3579

3186.9550,3.6847,4.7367,7.4539,8.0684,0.6007,-0.2630,7.0372,5.2636,-0.2630,4.4741

3187.9540,3.9418,4.7984,7.3922,8.3257,-0.0785,-0.1395,6.5227,5.1504,-0.1395,4.3947

3188.9540,3.9418,4.7984,7.4539,7.8112,0.0450,-0.0778,6.7799,5.1384,-0.0778,4.3932

3189.9550,3.9418,4.7367,7.1452,8.0684,0.0450,-0.0778,6.5227,5.0766,-0.0778,4.3403

3190.9540,3.4275,4.4897,7.2687,8.3257,0.0450,0.1074,6.0082,4.9275,0.1074,4.2389

3191.9550,3.4275,4.7984,7.4539,8.0684,-0.1402,-0.0778,6.2654,4.9789,-0.0778,4.2565

3192.9540,3.6847,4.9836,7.5157,8.0684,0.0450,0.0457,6.0082,5.0509,0.0457,4.3359

3193.9540,3.6847,4.9836,7.2687,7.8112,0.1067,0.1074,6.0082,4.9772,0.1074,4.2815

3194.9540,3.6847,4.8601,7.0835,7.8112,0.1067,0.0457,6.5227,5.0115,0.0457,4.3021

3195.9540,3.6847,4.9219,7.6391,7.8112,0.2920,0.1692,6.2654,5.1024,0.1692,4.3976

3196.9550,4.1990,4.6749,7.4539,8.0684,0.1067,0.0457,6.5227,5.1710,0.0457,4.4388

3197.9540,3.6847,4.8601,7.4539,7.8112,-0.0167,0.2309,7.0372,5.1384,0.2309,4.4373

3198.9540,3.9418,4.7984,7.2687,8.3257,-0.0167,0.1692,5.2364,4.9257,0.1692,4.2462

3199.9540,4.1990,4.7984,7.4539,8.5829,0.1067,0.1074,6.5227,5.2773,0.1074,4.5387

3200.9540,4.1990,4.7367,7.5157,7.8112,0.1067,-0.0160,6.0082,5.0629,-0.0160,4.3374

3201.9550,3.6847,4.9219,7.2687,7.8112,-0.0167,0.2309,6.7799,5.0749,0.2309,4.3829

3202.9540,3.6847,4.7367,7.7009,8.0684,0.1067,0.0457,6.5227,5.1367,0.0457,4.4094

3203.9540,4.1990,5.0454,7.3922,8.0684,0.0450,-0.0778,6.0082,5.1264,-0.0778,4.3829

3204.9540,3.1703,4.6749,7.2070,8.3257,0.0450,-0.0160,6.2654,4.9480,-0.0160,4.2389

3205.9540,4.4562,4.8601,7.3304,6.0106,0.1685,-0.1395,6.5227,4.8914,-0.1395,4.1727

3206.9540,2.9131,4.6132,7.4539,7.8112,0.1685,-0.0778,6.7799,4.9566,-0.0778,4.2374

3207.9540,3.6847,4.9219,7.5774,8.5829,-0.0167,0.0457,6.2654,5.1693,0.0457,4.4373

3208.9540,3.6847,4.8601,7.2687,8.0684,0.0450,0.1074,6.2654,5.0321,0.1074,4.3285

3209.9550,3.9418,5.2306,7.7009,8.0684,-0.0167,0.0457,6.0082,5.1555,0.0457,4.4256

3210.9540,8.0570,4.4280,7.1452,7.8112,0.0450,-0.0778,6.2654,5.6253,-0.0778,4.8106

3211.9540,4.1990,4.8601,7.4539,8.0684,0.1067,-0.0160,6.5227,5.2018,-0.0160,4.4564

3212.9550,3.6847,4.6749,7.3922,8.0684,0.0450,0.0457,6.2654,5.0218,0.0457,4.3109

3213.9540,3.9418,4.7367,7.4539,7.5540,-0.0167,-0.0160,9.3525,5.5037,-0.0160,4.7152

3214.9540,3.6847,5.0454,7.3304,8.3257,0.0450,0.0457,6.0082,5.0732,0.0457,4.3550

3215.9540,3.9418,4.6132,7.3304,8.3257,0.0450,0.0457,5.4937,4.9583,0.0457,4.2565

3216.9540,3.9418,4.6749,7.4539,7.5540,-0.0785,-0.1395,6.5227,5.0115,-0.1395,4.2756

3217.9550,3.6847,4.7367,7.2687,8.3257,-0.0167,-0.0778,6.2654,5.0441,-0.0778,4.3124

3218.9550,3.6847,4.7367,7.2687,8.0684,0.1067,0.1074,6.2654,5.0218,0.1074,4.3197

3219.9540,3.9418,4.7367,7.2070,7.2968,-0.0785,-0.1395,6.2654,4.8949,-0.1395,4.1757

3220.9540,3.9418,4.5515,6.8983,8.5829,-0.0167,-0.1395,6.2654,5.0372,-0.1395,4.2977

3221.9540,2.9131,4.7984,7.2687,8.3257,0.2302,-0.1395,6.5227,5.0098,-0.1395,4.2742

3222.9550,3.4275,4.7367,7.3922,8.3257,0.0450,-0.1395,6.5227,5.0749,-0.1395,4.3300

3223.9540,3.9418,4.7367,7.3304,6.7823,0.0450,-0.0160,6.7799,4.9360,-0.0160,4.2286

3224.9540,3.6847,4.9836,7.4539,8.3257,0.0450,-0.2013,7.5517,5.3408,-0.2013,4.5490

3225.9550,4.1990,4.6749,7.6391,8.3257,0.0450,-0.3247,6.0082,5.1487,-0.3247,4.3667

3226.9550,3.4275,4.9219,7.5157,7.8112,-0.2020,-0.0778,8.0662,5.2567,-0.0778,4.4947

3227.9540,3.6847,4.7984,7.4539,8.0684,-0.0167,-0.0778,6.5227,5.0852,-0.0778,4.3477

3228.9550,3.6847,4.7984,7.3922,8.0684,0.1067,-0.2013,6.2654,5.0526,-0.2013,4.3021

3229.9540,3.4275,4.6749,7.4539,7.8112,-0.0167,-0.0160,6.5227,4.9789,-0.0160,4.2653

3230.9540,3.9418,4.9836,7.7009,8.3257,-0.0785,0.1074,6.5227,5.2327,0.1074,4.5005

3231.9550,3.6847,5.0454,7.3922,8.3257,0.0450,0.1074,6.0082,5.0835,0.1074,4.3726

3232.9540,1.6271,5.0454,7.3304,8.5829,-0.0785,0.0457,6.0082,4.7526,0.0457,4.0802

3233.9550,3.6847,4.9836,7.5774,6.7823,-0.0167,-0.0160,6.7799,4.9652,-0.0160,4.2536

3234.9540,3.6847,4.8601,7.3922,7.5540,0.0450,0.0457,6.2654,4.9669,0.0457,4.2639

3235.9550,3.9418,4.8601,7.4539,8.0684,0.2302,0.0457,6.7799,5.2224,0.0457,4.4829

3236.9540,3.6847,5.0454,7.6391,8.0684,0.0450,0.1074,5.2364,4.9532,0.1074,4.2609

3237.9550,3.4275,4.9219,7.2070,7.5540,-0.0167,0.1074,6.0082,4.8503,0.1074,4.1727

3238.9550,3.4275,5.0454,7.7009,8.8401,-0.0167,0.0457,6.0082,5.1675,0.0457,4.4358

3239.9540,5.7422,4.6132,7.5774,8.3257,0.0450,0.2309,6.2654,5.4282,0.2309,4.6857

3240.9540,3.6847,4.7984,7.5774,9.0974,-0.0167,-0.0160,6.5227,5.2773,-0.0160,4.5211

3241.9540,3.6847,4.7984,7.7009,8.0684,0.1067,0.1692,7.0372,5.2327,0.1692,4.5094

3242.9550,2.9131,4.6132,7.8244,8.0684,0.1685,0.1692,6.0082,4.9326,0.1692,4.2521

3243.9540,3.6847,5.0454,7.5774,8.5829,-0.0785,-0.0778,6.7799,5.2653,-0.0778,4.5020

3244.9550,3.9418,4.7367,7.3922,7.2968,-0.0167,-0.0160,6.0082,4.8931,-0.0160,4.1918

3245.9540,4.1990,4.7984,7.3922,8.0684,0.1685,-0.0778,6.7799,5.2344,-0.0778,4.4755

3246.9540,3.9418,4.9836,7.3304,8.3257,-0.0167,0.0457,5.4937,5.0098,0.0457,4.3006

3247.9550,3.6847,4.6749,7.3922,8.0684,0.0450,-0.1395,6.2654,5.0218,-0.1395,4.2844

3248.9540,10.1146,5.1071,6.9600,8.8401,-0.0785,-0.0160,6.5227,6.2443,-0.0160,5.3500

3249.9540,3.6847,4.9219,7.4539,8.3257,0.0450,0.0457,5.2364,4.9446,0.0457,4.2447

3250.9540,4.7134,4.7367,7.2687,8.3257,-0.2637,-0.0160,6.0082,5.1315,-0.0160,4.3961

3251.9540,1.8843,4.9836,7.4539,8.5829,0.2302,-0.0160,6.5227,4.9429,-0.0160,4.2345

3252.9540,2.9131,5.1071,7.3922,8.0684,-0.0167,-0.0160,6.7799,5.0407,-0.0160,4.3183

3253.9550,3.4275,4.6132,7.2687,8.0684,0.0450,-0.0778,6.5227,4.9909,-0.0778,4.2668

3254.9550,3.9418,4.6132,7.2687,8.3257,-0.0167,-0.7569,7.5517,5.2807,-0.7569,4.4182

3255.9540,3.9418,4.7984,7.4539,8.0684,-0.0167,-0.0778,6.7799,5.1710,-0.0778,4.4211

3256.9550,5.7422,4.3663,7.2687,8.0684,0.0450,-0.2013,5.7509,5.2069,-0.2013,4.4343

3257.9540,4.1990,4.6749,7.5774,8.0684,0.1685,-0.0160,6.5227,5.2018,-0.0160,4.4564

3258.9540,3.9418,4.9219,7.6391,8.0684,0.1685,-0.0778,6.7799,5.2533,-0.0778,4.4917

3259.9540,3.9418,4.5515,7.3304,8.5829,0.0450,-0.2630,6.0082,5.0766,-0.2630,4.3138

3260.9540,3.1703,5.2923,7.3922,8.8401,-0.0167,-0.1395,6.5227,5.2001,-0.1395,4.4373

3261.9540,3.4275,4.7984,7.3304,8.8401,-0.0785,1.4656,8.3234,5.4402,1.4656,4.8724

3262.9550,3.9418,4.7367,7.3304,8.0684,0.0450,0.0457,5.4937,4.9360,0.0457,4.2374

3263.9540,4.1990,4.6132,7.5157,8.0684,0.0450,-0.2013,6.7799,5.2035,-0.2013,4.4314

3264.9540,3.9418,4.7984,7.3304,8.0684,-0.0167,-0.0778,5.2364,4.8931,-0.0778,4.1830

3265.9550,4.9706,4.5515,7.7009,7.8112,0.1067,-0.1395,6.7799,5.3201,-0.1395,4.5402

3266.9550,5.2278,4.6749,7.4539,7.2968,-0.0167,0.0457,6.5227,5.1932,0.0457,4.4579

3267.9540,3.9418,4.6749,7.3304,7.2968,0.0450,-0.2630,6.5227,4.9686,-0.2630,4.2212

3268.9540,3.1703,4.9836,7.4539,8.8401,-0.0167,-0.2013,6.5227,5.1590,-0.2013,4.3932

3269.9540,3.4275,4.6749,7.4539,8.3257,0.1685,0.2309,6.2654,5.0526,0.2309,4.3638

3270.9540,4.1990,4.6749,7.5774,8.3257,0.1067,-0.3865,6.0082,5.1487,-0.3865,4.3579

3271.9540,3.6847,4.6132,7.3304,8.0684,0.0450,-0.1395,5.2364,4.8297,-0.1395,4.1198

3272.9540,3.4275,4.7367,7.1452,7.8112,0.0450,-0.1395,6.2654,4.9052,-0.1395,4.1845

3273.9540,3.4275,4.7984,7.3304,8.5829,0.1685,-0.1395,6.5227,5.1384,-0.1395,4.3844

3274.9540,4.4562,4.7367,7.3922,8.0684,0.1067,-0.2630,6.0082,5.1281,-0.2630,4.3579

3275.9550,3.4275,4.6749,7.3922,8.0684,-0.0167,-0.1395,6.2654,4.9686,-0.1395,4.2389

3276.9540,3.9418,4.8601,7.5157,8.8401,-0.0167,-0.0778,6.2654,5.2344,-0.0778,4.4755

3277.9540,3.9418,4.9219,7.4539,8.5829,-0.0167,-0.0160,6.5227,5.2344,-0.0160,4.4843

3278.9550,4.4562,4.9219,7.4539,8.0684,0.1067,-0.2013,6.7799,5.2979,-0.2013,4.5123

3279.9540,4.1990,4.9219,7.4539,8.3257,0.1067,-0.2630,5.7509,5.1264,-0.2630,4.3565

3280.9550,2.9131,4.7367,7.5157,7.8112,-0.0785,-0.2013,6.2654,4.8606,-0.2013,4.1375

3281.9540,3.1703,4.8601,7.4539,7.8112,0.1067,-0.2013,6.5227,4.9875,-0.2013,4.2462

3282.9540,3.6847,4.8601,7.2687,7.8112,0.0450,-0.0778,6.0082,4.9463,-0.0778,4.2286

3283.9550,3.1703,4.9219,7.4539,8.5829,-0.0167,-0.1395,6.5227,5.1058,-0.1395,4.3565

3284.9540,3.6847,4.8601,7.5774,8.8401,-0.0167,-0.0160,6.5227,5.2447,-0.0160,4.4932

3285.9540,3.6847,4.8601,7.5774,8.3257,-0.1402,-0.0778,6.7799,5.1813,-0.0778,4.4300

3286.9540,4.1990,4.9219,7.5774,8.3257,0.1685,0.5396,6.0082,5.2001,0.5396,4.5343

3287.9540,3.6847,4.9219,7.3922,8.3257,-0.0785,-0.0778,6.5227,5.1281,-0.0778,4.3844

3288.9550,3.6847,4.8601,7.3304,8.0684,-0.0167,-0.0778,6.2654,5.0321,-0.0778,4.3021

3289.9550,4.1990,5.2923,7.0835,8.5829,0.0450,0.0457,5.4937,5.1161,0.0457,4.3917

3290.9550,3.4275,4.8601,7.1452,7.8112,0.1685,0.0457,6.7799,5.0321,0.0457,4.3197

3291.9550,3.6847,4.7367,7.5157,7.8112,0.5389,-0.1395,7.2944,5.2636,-0.1395,4.4917

3292.9550,3.4275,5.2923,7.0217,8.0684,-0.0167,-0.0160,6.7799,5.0955,-0.0160,4.3653

3293.9540,3.9418,4.7984,7.4539,8.0684,0.0450,-0.2013,6.2654,5.0955,-0.2013,4.3388

3294.9550,3.9418,4.7984,7.2687,8.0684,0.0450,-0.0160,5.2364,4.8931,-0.0160,4.1918

3295.9550,3.9418,4.9219,7.6391,8.0684,0.1067,-0.1395,6.0082,5.1144,-0.1395,4.3638

3296.9550,4.7134,4.9836,7.7009,7.8112,-0.0167,-0.0160,6.5227,5.2858,-0.0160,4.5284

3297.9540,5.7422,4.6749,7.5774,8.3257,-0.0167,0.0457,6.0082,5.3853,0.0457,4.6225

3298.9540,3.6847,4.8601,7.4539,7.8112,0.1067,0.0457,6.7799,5.1161,0.0457,4.3918

3299.9550,3.4275,4.7984,7.4539,7.8112,-0.1402,-0.0778,6.2654,4.9360,-0.0778,4.2198

3300.9550,3.4275,4.9219,7.5157,8.3257,0.0450,-0.0778,6.5227,5.1264,-0.0778,4.3829

3301.9540,3.6847,4.8601,7.6391,4.7245,-0.2637,0.3544,6.2654,4.4850,0.3544,3.8949

3302.9540,3.6847,5.0454,7.5774,8.3257,0.1685,-0.0778,6.5227,5.2207,-0.0778,4.4638

3303.9540,3.9418,4.9836,7.5157,8.3257,0.1685,0.1692,6.7799,5.2859,0.1692,4.5549

3304.9550,3.9418,4.9219,7.4539,8.3257,0.0450,0.1074,6.2654,5.1590,0.1074,4.4373

3305.9550,3.4275,4.9836,7.5774,8.3257,-0.2020,0.0457,6.0082,5.0201,0.0457,4.3094

3306.9540,3.4275,4.8601,7.3304,7.8112,-0.0167,0.1692,5.7509,4.8606,0.1692,4.1904

3307.9550,3.6847,4.8601,7.3922,8.3257,0.9711,0.6630,6.0082,5.2070,0.6630,4.5579

3308.9540,4.1990,4.6749,7.5157,7.8112,0.2302,0.1074,7.2944,5.2876,0.1074,4.5476

3309.9540,3.9418,4.9219,7.5157,8.5829,-0.0167,0.2309,6.0082,5.1590,0.2309,4.4549

3310.9540,3.9418,4.7984,7.5157,7.2968,-0.0167,-0.0160,6.5227,5.0098,-0.0160,4.2918

3311.9550,3.9418,4.9219,7.2687,8.0684,-0.0167,0.0457,5.4937,4.9463,0.0457,4.2462

3312.9540,3.9418,4.6749,7.4539,7.8112,0.0450,0.1074,6.2654,5.0321,0.1074,4.3285

3313.9550,3.9418,4.7984,7.5157,7.8112,0.0450,-0.0160,6.0082,5.0201,-0.0160,4.3006

3314.9550,3.9418,4.7984,7.4539,7.0395,-0.0785,0.0457,6.0082,4.8606,0.0457,4.1727

3315.9550,3.6847,5.1688,7.5774,8.5829,-0.1402,-0.0778,6.5227,5.2327,-0.0778,4.4741

3316.9550,3.6847,4.7984,7.2687,8.0684,-0.1402,-0.0778,6.5227,5.0338,-0.0778,4.3036

3317.9540,3.9418,4.7984,7.5774,6.7823,-0.0167,0.0457,6.5227,4.9343,0.0457,4.2359

3318.9550,5.7422,4.6749,7.6391,8.5829,-0.2020,-0.1395,6.7799,5.5362,-0.1395,4.7254

3319.9540,4.1990,4.7984,7.0835,9.8690,-0.0785,-0.1395,5.7509,5.2704,-0.1395,4.4976

3320.9540,3.4275,5.0454,7.8244,8.8401,-0.0167,0.0457,6.7799,5.3167,0.0457,4.5637

3321.9550,3.4275,4.9219,7.6391,8.5829,-0.0167,-0.0778,6.5227,5.1796,-0.0778,4.4285

3322.9540,3.6847,4.9836,8.3183,6.5251,0.2920,-0.0778,6.5227,5.0544,-0.0778,4.3212

3323.9540,3.6847,4.9219,7.6391,8.5829,-0.1402,-0.0778,6.5227,5.2018,-0.0778,4.4476

3324.9540,3.9418,4.9219,7.4539,7.8112,0.1067,-0.3247,7.8089,5.3408,-0.3247,4.5314

3325.9540,3.4275,4.9836,7.8244,7.8112,0.1067,-0.0778,6.2654,5.0698,-0.0778,4.3344

3326.9540,2.9131,4.9219,7.5157,8.0684,0.0450,-0.0160,6.2654,4.9549,-0.0160,4.2448

3327.9540,3.9418,4.7367,7.5157,9.0974,-0.3255,-0.1395,5.7509,5.1195,-0.1395,4.3682

3328.9540,6.5138,4.9219,7.3922,8.0684,0.0450,-0.2630,6.2654,5.5345,-0.2630,4.7063

3329.9540,3.6847,4.9836,7.7626,8.0684,0.1067,-0.0778,6.7799,5.2310,-0.0778,4.4726

3330.9540,4.9706,4.6132,7.5157,8.0684,0.1067,-0.2013,6.2654,5.2567,-0.2013,4.4770

3331.9550,3.9418,4.8601,7.5157,8.0684,0.1067,0.0457,6.2654,5.1264,0.0457,4.4006

3332.9550,3.4275,4.9219,7.2070,7.8112,1.1564,0.2926,6.0082,5.0887,0.2926,4.4035

3333.9540,3.9418,4.7984,7.5157,8.5829,0.0450,-0.0778,6.5227,5.2344,-0.0778,4.4755

3334.9540,4.1990,5.0454,7.5774,8.3257,-0.0167,0.0457,6.5227,5.2756,0.0457,4.5284

3335.9540,4.1990,4.9219,7.3304,7.8112,0.0450,0.0457,6.0082,5.0526,0.0457,4.3373

3336.9540,4.1990,4.9219,7.6391,8.0684,0.0450,-0.0778,6.2654,5.1898,-0.0778,4.4373

3337.9540,3.9418,5.1071,7.5157,8.3257,0.0450,0.0457,6.2654,5.2001,0.0457,4.4638

3338.9540,3.9418,4.9836,7.5774,8.3257,-0.2020,-0.0160,6.7799,5.2344,-0.0160,4.4844

3339.9550,3.1703,4.7984,7.3922,7.8112,0.4155,-0.2630,7.0372,5.1041,-0.2630,4.3374

3340.9550,3.9418,4.8601,7.5157,8.0684,0.0450,0.0457,5.4937,4.9875,0.0457,4.2815

3341.9540,3.6847,4.9219,7.5157,8.5829,-0.0167,-0.0160,5.7509,5.0732,-0.0160,4.3462

3342.9540,4.1990,4.7367,7.4539,7.8112,-0.0167,0.0457,6.7799,5.1607,0.0457,4.4300

3343.9540,3.4275,4.7984,7.6391,8.5829,-0.0167,0.0457,6.7799,5.2018,0.0457,4.4653

3344.9540,4.1990,5.0454,7.5774,8.5829,0.1067,-0.0160,6.0082,5.2533,-0.0160,4.5005

3345.9540,1.6271,5.1071,7.3922,9.0974,-0.0785,0.0457,6.5227,4.9446,0.0457,4.2448

3346.9540,3.4275,5.0454,7.4539,10.6407,-0.3255,0.1692,6.2654,5.4179,0.1692,4.6681

3347.9540,3.9418,4.9219,7.3922,8.0684,0.0450,0.0457,6.2654,5.1058,0.0457,4.3829

3348.9540,3.4275,5.0454,7.5157,8.5829,0.0450,-0.0160,7.0372,5.2756,-0.0160,4.5196

3349.9540,3.4275,5.0454,7.5774,8.5829,0.0450,0.1074,6.2654,5.1573,0.1074,4.4359

3350.9540,3.9418,4.6132,7.5774,8.0684,0.2302,-0.0778,6.2654,5.1161,-0.0778,4.3741

3351.9540,3.9418,5.0454,7.3922,8.5829,-0.0167,-0.0778,6.5227,5.2447,-0.0778,4.4843

3352.9540,3.6847,4.9219,7.5774,8.3257,0.0450,-0.0160,6.2654,5.1367,-0.0160,4.4006

3353.9540,2.6559,5.2306,7.3922,8.0684,0.0450,-0.0778,5.7509,4.8572,-0.0778,4.1522

3354.9550,3.9418,4.9219,7.3304,8.3257,0.0450,0.0457,5.7509,5.0526,0.0457,4.3374

3355.9550,3.4275,4.8601,7.7626,7.5540,0.1685,-0.0160,6.2654,5.0064,-0.0160,4.2889

3356.9540,3.9418,4.7984,7.5774,8.0684,0.1067,-0.2630,5.4937,4.9978,-0.2630,4.2462

3357.9540,4.4562,4.7367,7.5157,8.3257,0.1685,0.5396,6.2654,5.2447,0.5396,4.5725

3358.9540,3.6847,4.7984,7.4539,7.2968,-0.0167,-0.0778,6.0082,4.8709,-0.0778,4.1639

3359.9540,3.6847,4.8601,7.5774,8.3257,-0.0167,-0.0160,6.2654,5.1161,-0.0160,4.3829

3360.9540,4.4562,4.8601,7.5157,8.0684,-0.0167,0.1074,6.5227,5.2344,0.1074,4.5020

3361.9540,3.6847,4.9219,7.3922,8.3257,0.0450,-0.0160,5.4937,4.9772,-0.0160,4.2639

3362.9540,3.4275,4.7984,7.2687,8.8401,0.0450,-0.5099,7.8089,5.3648,-0.5099,4.5255

3363.9550,3.6847,4.8601,7.3922,8.5829,0.0450,0.0457,6.5227,5.1813,0.0457,4.4476

3364.9540,3.1703,4.6749,7.3304,7.8112,0.1067,-0.0778,6.5227,4.9360,-0.0778,4.2198

3365.9540,3.1703,4.8601,7.3922,6.0106,0.2920,-0.2013,7.0372,4.7937,-0.2013,4.0802

3366.9540,3.9418,4.7984,7.5774,8.0684,0.1067,-0.0778,6.7799,5.2121,-0.0778,4.4564

3367.9550,3.6847,5.8479,7.3922,8.8401,-0.0167,-0.0160,7.0372,5.4642,-0.0160,4.6813

3368.9550,4.4562,4.7984,7.3922,8.0684,0.0450,-0.2630,5.7509,5.0852,-0.2630,4.3212

3369.9540,3.6847,4.7367,7.7626,7.8112,0.0450,-0.0778,6.5227,5.0938,-0.0778,4.3550

3370.9540,3.9418,4.9219,7.2070,7.5540,0.0450,-0.0160,6.0082,4.9463,-0.0160,4.2374

3371.9540,3.6847,4.7984,7.3304,9.0974,0.0450,0.0457,6.5227,5.2464,0.0457,4.5035

3372.9540,4.4562,4.8601,7.5157,8.3257,0.1067,-0.0160,6.7799,5.3407,-0.0160,4.5755

3373.9540,3.9418,4.6749,7.3922,8.0684,0.0450,-0.0160,7.0372,5.1933,-0.0160,4.4491

3374.9550,4.4562,4.8601,7.4539,8.3257,0.1685,-0.0778,7.0372,5.3836,-0.0778,4.6034

3375.9540,4.1990,4.7984,7.4539,8.3257,-0.0167,0.5396,6.5227,5.2138,0.5396,4.5461

3376.9550,4.1990,4.7984,7.3922,8.5829,0.0450,-0.2630,6.0082,5.1710,-0.2630,4.3947

3377.9540,3.4275,4.9836,7.5157,8.5829,-0.0167,-0.0160,6.0082,5.0835,-0.0160,4.3550

3378.9550,4.1990,4.9219,7.2687,7.8112,-0.0167,0.2309,5.4937,4.9463,0.2309,4.2727

3379.9540,3.9418,4.9219,7.5774,8.3257,0.0450,-0.0160,6.7799,5.2653,-0.0160,4.5108

3380.9540,3.9418,4.9219,7.3922,8.0684,-0.0167,-0.0160,6.7799,5.1813,-0.0160,4.4388

3381.9550,3.9418,4.8601,7.6391,8.0684,0.1067,-0.0160,6.2654,5.1470,-0.0160,4.4094

3382.9540,3.4275,4.9836,7.4539,8.8401,0.0450,0.1074,6.5227,5.2121,0.1074,4.4829

3383.9540,3.9418,4.7984,7.3922,7.2968,-0.0167,-0.2630,6.7799,5.0321,-0.2630,4.2756

3384.9550,4.1990,4.9219,7.5774,8.5829,-0.0167,-0.0778,6.7799,5.3407,-0.0778,4.5667

3385.9540,3.6847,4.9836,7.7009,8.8401,-0.0785,0.1074,6.7799,5.3185,0.1074,4.5740

3386.9540,3.9418,4.8601,7.5774,8.5829,-0.0167,-0.0160,6.5227,5.2447,-0.0160,4.4932

3387.9550,3.6847,4.7367,7.2687,8.3257,0.4772,-0.0778,6.2654,5.1264,-0.0778,4.3829

3388.9540,3.9418,4.9836,7.3922,8.3257,-0.1402,-0.0778,6.2654,5.1281,-0.0778,4.3844

3389.9540,3.9418,4.8601,7.7009,8.5829,0.1067,-0.2013,6.0082,5.2001,-0.2013,4.4285

3390.9550,3.1703,4.7984,7.5157,8.0684,0.0450,-0.0160,6.2654,4.9772,-0.0160,4.2639

3391.9540,4.1990,4.7367,7.3304,8.0684,-0.0167,-0.0778,6.7799,5.1830,-0.0778,4.4314

3392.9540,4.1990,4.9219,7.7009,8.3257,0.0450,-0.0778,6.2654,5.2430,-0.0778,4.4829

3393.9540,3.6847,4.9219,7.6391,8.5829,0.1067,0.1692,6.7799,5.2859,0.1692,4.5549

3394.9540,4.4562,5.1071,8.1331,7.2968,0.4155,0.0457,6.0082,5.2361,0.0457,4.4946

3395.9540,3.9418,5.0454,7.3922,8.0684,0.0450,0.1074,7.0372,5.2550,0.1074,4.5196

3396.9540,3.9418,5.0454,7.5157,8.0684,0.0450,0.0457,4.7219,4.8897,0.0457,4.1977

3397.9540,3.9418,5.0454,7.8244,7.5540,-0.0167,0.1692,6.2654,5.1024,0.1692,4.3976

3398.9540,3.9418,5.1071,7.7009,8.5829,0.2920,0.0457,6.2654,5.3150,0.0457,4.5623

3399.9540,4.4562,5.0454,7.7009,8.3257,0.2302,0.0457,6.2654,5.3373,0.0457,4.5814

3400.9540,3.9418,4.9219,7.8244,8.5829,0.0450,-0.1395,6.5227,5.3064,-0.1395,4.5285

3401.9550,3.6847,4.7984,7.2687,8.5829,0.1067,0.0457,6.2654,5.1178,0.0457,4.3932

3402.9540,3.4275,4.9836,7.5774,8.0684,0.0450,-0.0160,6.5227,5.1041,-0.0160,4.3726

3403.9540,4.1990,4.8601,7.6391,8.5829,-0.0167,0.0457,6.2654,5.2550,0.0457,4.5108

3404.9540,4.1990,4.6749,7.5157,8.3257,0.0450,0.0457,6.2654,5.1710,0.0457,4.4388

3405.9540,4.4562,4.9836,7.3922,7.8112,0.1067,-0.0778,6.0082,5.1264,-0.0778,4.3829

3406.9540,4.1990,4.9219,7.6391,8.0684,0.1685,-0.0160,7.0372,5.3390,-0.0160,4.5740

3407.9540,-0.6877,4.7984,7.8244,8.0684,0.2302,-0.0778,6.7799,4.5023,-0.0778,3.8480

3408.9540,4.1990,4.9836,7.6391,5.7534,0.1067,0.0457,7.0372,4.9532,0.0457,4.2521

3409.9550,3.9418,5.0454,7.5774,8.0684,0.0450,-0.0778,6.5227,5.2001,-0.0778,4.4461

3410.9550,3.9418,4.9836,7.5157,8.3257,0.0450,-0.0778,6.5227,5.2224,-0.0778,4.4652

3411.9540,3.9418,5.0454,7.7009,8.3257,-0.1402,-0.1395,6.2654,5.1898,-0.1395,4.4285

3412.9550,4.1990,4.9219,7.5774,8.8401,-0.0167,-0.0778,5.4937,5.1692,-0.0778,4.4197

3413.9540,3.9418,5.1071,7.8244,8.0684,0.1067,-0.1395,6.7799,5.3047,-0.1395,4.5270

3414.9540,3.6847,4.9836,7.4539,8.3257,-0.0167,-0.2013,6.5227,5.1590,-0.2013,4.3932

3415.9540,3.9418,4.7984,7.2687,8.3257,0.1067,-0.0160,6.2654,5.1178,-0.0160,4.3844

3416.9550,4.1990,4.7367,7.7009,8.3257,0.1067,-0.4482,6.0082,5.1795,-0.4482,4.3756

3417.9540,3.9418,5.1071,7.3922,8.3257,-0.2020,-0.2630,6.2654,5.1384,-0.2630,4.3668

3418.9550,3.9418,4.9219,7.6391,8.5829,0.1685,-0.2013,6.7799,5.3390,-0.2013,4.5476

3419.9550,3.6847,4.8601,7.2687,8.3257,-0.0167,-0.1395,5.4937,4.9360,-0.1395,4.2109

3420.9550,3.6847,4.7367,6.9600,8.5829,-0.0167,-0.1395,6.5227,5.0784,-0.1395,4.3329

3421.9550,3.6847,4.8601,7.3304,8.0684,0.0450,-0.0778,7.0372,5.1710,-0.0778,4.4212

3422.9540,3.9418,4.9836,7.6391,8.5829,-0.0167,-0.0778,6.2654,5.2327,-0.0778,4.4741

3423.9540,3.4275,4.7367,7.6391,8.3257,0.2302,-0.1395,6.2654,5.1041,-0.1395,4.3550

3424.9540,3.4275,5.0454,7.4539,7.5540,-0.0167,-0.2013,6.5227,4.9978,-0.2013,4.2551

3425.9540,2.9131,4.9836,7.3922,8.3257,-0.0167,-0.1395,6.5227,5.0201,-0.1395,4.2830

3426.9540,3.9418,4.9836,7.2687,8.3257,0.1067,-0.1395,6.2654,5.1487,-0.1395,4.3932

3427.9550,3.9418,4.8601,7.4539,8.0684,0.0450,-0.3865,6.0082,5.0629,-0.3865,4.2844

3428.9540,4.1990,4.8601,7.4539,7.5540,-0.0167,-0.2630,7.2944,5.2241,-0.2630,4.4403

3429.9540,3.6847,4.8601,7.6391,8.3257,0.0450,-0.0160,6.2654,5.1367,-0.0160,4.4006

3430.9550,3.6847,4.9836,7.5157,8.0684,0.1067,0.0457,5.4937,4.9755,0.0457,4.2712

3431.9550,3.9418,4.6749,7.8244,7.2968,0.2920,-0.0778,5.4937,4.9206,-0.0778,4.2065

3432.9540,3.6847,4.9219,7.5774,8.8401,-0.0785,0.1074,6.5227,5.2447,0.1074,4.5108

3433.9540,4.1990,3.5019,8.0096,6.7823,0.1067,-0.0778,6.5227,4.8537,-0.0778,4.1492

3434.9550,3.6847,5.0454,7.2687,7.8112,0.2920,0.0457,6.0082,5.0183,0.0457,4.3080

3435.9540,4.1990,4.9219,7.5157,8.8401,0.1067,-0.0160,6.5227,5.3510,-0.0160,4.5843

3436.9550,3.6847,4.9836,7.4539,8.3257,-0.2020,-0.0778,6.2654,5.0852,-0.0778,4.3476

3437.9540,4.1990,4.8601,7.4539,8.0684,0.0450,-0.0160,6.0082,5.1058,-0.0160,4.3741

3438.9550,3.4275,4.9836,7.3922,7.8112,-0.0785,-0.0160,6.5227,5.0098,-0.0160,4.2918

3439.9540,3.6847,4.9836,7.7009,7.2968,0.1685,-0.0778,6.7799,5.1024,-0.0778,4.3624

3440.9540,3.9418,4.9219,7.7626,7.5540,0.3537,-0.2013,6.2654,5.1332,-0.2013,4.3712

3441.9540,3.9418,4.9219,7.6391,8.3257,0.0450,0.0457,7.2944,5.3613,0.0457,4.6020

3442.9540,3.6847,5.1071,7.5774,8.3257,0.0450,0.0457,6.5227,5.2104,0.0457,4.4726

3443.9550,3.9418,4.7984,7.6391,10.3835,-0.1402,0.1692,6.2654,5.4813,0.1692,4.7225

3444.9540,3.9418,5.0454,7.5774,8.5829,0.0450,-0.0160,6.0082,5.2001,-0.0160,4.4549

3445.9550,3.9418,4.7367,7.5774,8.3257,-0.0167,0.1074,6.2654,5.1384,0.1074,4.4197

3446.9550,3.9418,4.9836,7.5774,8.5829,-0.1402,-0.0160,6.5227,5.2447,-0.0160,4.4932

3447.9540,3.9418,4.9219,7.6391,8.0684,-0.0167,-0.0778,6.5227,5.1795,-0.0778,4.4285

3448.9540,3.6847,5.0454,7.7009,8.5829,0.0450,0.2309,6.2654,5.2207,0.2309,4.5079

3449.9540,4.1990,4.9219,7.6391,8.0684,0.2302,0.6630,6.2654,5.2207,0.6630,4.5696

3450.9540,4.1990,5.0454,7.6391,8.0684,0.1067,0.1692,6.5227,5.2636,0.1692,4.5358

3451.9540,3.6847,4.6749,7.7009,8.5829,0.0450,0.1692,6.5227,5.2018,0.1692,4.4829

3452.9540,3.9418,4.9219,7.5774,8.3257,0.1067,0.1074,6.2654,5.1898,0.1074,4.4638

3453.9540,3.9418,5.0454,7.8861,8.0684,0.0450,0.0457,6.7799,5.2944,0.0457,4.5446

3454.9540,3.9418,5.2306,7.7009,8.5829,0.0450,0.1074,5.2364,5.1229,0.1074,4.4064

3455.9540,4.1990,5.2923,7.7009,8.5829,0.0450,0.0457,5.2364,5.1761,0.0457,4.4432

3456.9540,3.9418,5.2306,7.6391,8.8401,0.1685,0.0457,6.7799,5.4333,0.0457,4.6637

3457.9540,2.6559,4.8601,7.4539,8.0684,0.0450,0.0457,6.2654,4.8915,0.0457,4.1992

3458.9540,3.6847,4.9219,7.3304,8.3257,0.5389,0.1074,6.0082,5.1350,0.1074,4.4167

3459.9540,4.1990,4.9836,7.7009,8.3257,0.1685,-0.1395,6.5227,5.3167,-0.1395,4.5373

3460.9540,3.4275,4.9219,7.8244,7.5540,0.1067,-0.0160,6.5227,5.0595,-0.0160,4.3344

3461.9540,5.9994,4.2428,7.6391,7.5540,0.0450,-0.0778,6.2654,5.2910,-0.0778,4.5240

3462.9540,3.9418,4.9836,7.4539,8.3257,0.2920,0.2309,6.0082,5.1675,0.2309,4.4623

3463.9550,3.9418,4.7984,7.5774,8.8401,0.1685,0.1074,6.5227,5.3082,0.1074,4.5652

3464.9540,3.9418,4.9836,7.3922,8.3257,0.0450,0.0457,6.5227,5.2018,0.0457,4.4652

3465.9550,3.9418,4.9836,7.3304,8.0684,0.1067,-0.0778,4.9792,4.9017,-0.0778,4.1904

3466.9540,3.9418,5.0454,7.5774,8.8401,0.0450,0.0457,6.2654,5.2859,0.0457,4.5373

3467.9540,4.1990,5.5392,7.4539,8.5829,0.3537,0.1692,6.2654,5.3990,0.1692,4.6519

3468.9540,4.7134,4.9219,7.7009,8.0684,0.1685,-0.0160,6.5227,5.3493,-0.0160,4.5828

3469.9540,3.4275,4.6132,7.7626,7.8112,-0.0785,-0.1395,6.5227,5.0098,-0.1395,4.2742

3470.9540,3.9418,4.8601,7.5157,8.5829,-0.0785,-0.1395,6.2654,5.1812,-0.1395,4.4211

3471.9540,3.9418,5.1071,7.6391,8.5829,0.1067,-0.2013,5.2364,5.1024,-0.2013,4.3447

3472.9540,3.9418,4.7984,7.4539,8.3257,0.2302,-0.3865,6.2654,5.1693,-0.3865,4.3756

3473.9540,4.1990,4.9836,7.6391,7.2968,0.5389,-0.2630,6.5227,5.1967,-0.2630,4.4167

3474.9550,3.6847,4.9219,7.4539,7.8112,0.3537,0.0457,6.5227,5.1247,0.0457,4.3991

3475.9540,3.6847,4.8601,7.2687,7.5540,0.0450,-0.2013,6.7799,5.0321,-0.2013,4.2845

3476.9540,4.4562,4.6132,7.4539,8.3257,0.1685,-0.2630,6.2654,5.2138,-0.2630,4.4314

3477.9540,3.6847,4.9219,7.5774,7.2968,0.0450,-0.0160,6.5227,5.0081,-0.0160,4.2903

3478.9540,4.4562,4.9219,7.5774,8.5829,0.0450,-0.2013,6.2654,5.3081,-0.2013,4.5211

3479.9550,4.1990,4.9219,7.4539,7.0395,0.3537,-0.1395,7.2944,5.2104,-0.1395,4.4461

3480.9540,8.5714,5.1688,7.5774,7.8112,0.1067,-0.0778,6.5227,5.9597,-0.0778,5.0972

3481.9540,3.9418,4.8601,7.5157,8.0684,0.1685,-0.0160,6.5227,5.1795,-0.0160,4.4373

3482.9540,3.6847,4.9836,7.5157,8.0684,-0.0167,-0.0160,6.5227,5.1264,-0.0160,4.3918

3483.9550,3.9418,5.0454,7.3922,8.0684,0.0450,0.0457,7.0372,5.2550,0.0457,4.5108

3484.9540,3.9418,4.9836,7.3304,7.8112,0.0450,-0.0778,6.7799,5.1487,-0.0778,4.4020

3485.9540,3.6847,4.8601,7.5774,8.3257,0.1067,-0.0160,6.5227,5.1795,-0.0160,4.4373

3486.9540,4.1990,4.9836,7.5157,6.7823,0.2302,-0.1395,7.0372,5.1247,-0.1395,4.3726

3487.9540,3.9418,5.0454,7.3304,7.5540,0.1067,-0.0160,6.5227,5.0835,-0.0160,4.3550

3488.9540,4.1990,4.9836,7.5157,9.3546,-0.0167,0.0457,6.5227,5.4265,0.0457,4.6578

3489.9540,3.9418,4.9219,7.5157,8.3257,-0.2020,-0.0160,6.5227,5.1710,-0.0160,4.4300

3490.9540,4.4562,5.0454,7.2687,8.3257,0.4155,-0.0778,6.2654,5.2961,-0.0778,4.5284

3491.9540,3.1703,4.9836,7.6391,8.5829,0.1067,-0.0160,6.7799,5.2104,-0.0160,4.4638

3492.9540,3.9418,4.9836,7.5774,8.0684,0.0450,-0.0778,7.0372,5.2756,-0.0778,4.5108

3493.9540,3.6847,5.0454,7.7626,8.5829,0.1685,-0.0160,6.7799,5.3373,-0.0160,4.5726

3494.9550,3.4275,4.9836,7.5157,8.0684,-0.0167,-0.5717,7.5517,5.2550,-0.5717,4.4226

3495.9540,4.1990,5.1071,7.7626,9.3546,-0.0785,-0.0160,6.7799,5.5208,-0.0160,4.7298

3496.9540,3.6847,5.0454,7.5774,8.5829,-0.8194,0.2309,5.4937,4.9274,0.2309,4.2565

3497.9540,4.1990,5.0454,7.6391,8.0684,0.1067,-0.0778,6.5227,5.2636,-0.0778,4.5005

3498.9540,4.4562,4.9836,7.8861,8.3257,0.1685,-0.0160,7.0372,5.4762,-0.0160,4.6916

3499.9540,4.1990,4.8601,7.6391,7.8112,0.7859,-0.2013,7.0372,5.3888,-0.2013,4.5902

3500.9540,4.1990,5.0454,7.6391,8.3257,0.1067,0.2309,7.0372,5.3922,0.2309,4.6549

3501.9540,3.9418,5.0454,7.8244,7.8112,-0.0167,-0.0160,6.7799,5.2310,-0.0160,4.4814

3502.9550,4.4562,4.9836,7.5774,8.3257,0.0450,-0.0778,6.2654,5.2756,-0.0778,4.5108

3503.9540,3.6847,4.8601,7.5774,11.9269,0.0450,0.0457,6.2654,5.7266,0.0457,4.9150

3504.9540,3.6847,5.1688,7.6391,8.5829,-0.2020,0.3544,6.5227,5.2327,0.3544,4.5358

3505.9550,3.6847,5.1071,7.8244,8.3257,0.1685,0.1074,6.2654,5.2293,0.1074,4.4976

3506.9540,3.9418,5.2306,7.7009,8.3257,0.3537,0.0457,7.0372,5.4316,0.0457,4.6622

3507.9540,3.9418,5.2306,7.7009,8.8401,-0.0167,0.1692,6.2654,5.3270,0.1692,4.5902

3508.9540,3.6847,4.8601,7.6391,8.0684,0.0450,0.1074,6.2654,5.0938,0.1074,4.3815

3509.9540,4.1990,5.0454,7.7626,8.0684,-0.0785,0.0457,6.5227,5.2533,0.0457,4.5093

3510.9540,4.1990,4.9219,7.4539,8.0684,0.1685,0.1692,6.0082,5.1367,0.1692,4.4270

3511.9540,3.9418,5.0454,7.4539,8.0684,0.1067,-0.0160,7.0372,5.2756,-0.0160,4.5196

3512.9550,3.4275,4.9219,7.5774,8.5829,-0.0167,0.0457,6.5227,5.1693,0.0457,4.4373

3513.9540,3.9418,5.0454,7.6391,7.8112,0.1067,0.1074,5.7509,5.0492,0.1074,4.3432

3514.9540,3.9418,5.2306,7.5157,8.0684,0.5389,0.2309,6.2654,5.2601,0.2309,4.5417

3515.9540,4.4562,5.1071,7.7626,10.3835,-0.2020,0.1692,6.0082,5.5859,0.1692,4.8121

3516.9540,3.9418,5.1071,7.7626,9.0974,0.1685,0.0457,6.2654,5.3905,0.0457,4.6269

3517.9540,4.1990,5.1071,7.7626,8.8401,0.0450,0.1692,5.4937,5.2413,0.1692,4.5167

3518.9540,4.1990,4.9836,7.9478,8.3257,0.4155,0.0457,6.7799,5.4419,0.0457,4.6710

3519.9540,4.1990,5.1688,7.4539,8.3257,0.2302,0.0457,6.5227,5.3167,0.0457,4.5637

3520.9540,3.9418,4.8601,7.5774,8.3257,0.2920,0.0457,6.2654,5.2104,0.0457,4.4726

3521.9540,3.1703,5.0454,7.7009,8.0684,0.2302,-0.0778,6.5227,5.1230,-0.0778,4.3800

3522.9550,3.9418,4.9836,7.6391,8.8401,0.0450,0.1074,6.5227,5.3287,0.1074,4.5828

3523.9540,3.9418,4.8601,7.4539,8.3257,0.3537,-0.0160,6.2654,5.2001,-0.0160,4.4550

3524.9540,4.1990,5.6010,8.2566,7.0395,0.2920,-0.0778,7.0372,5.4042,-0.0778,4.6211

3525.9540,4.1990,4.9836,7.5157,8.5829,0.1067,-0.0160,5.7509,5.1898,-0.0160,4.4461

3526.9540,4.1990,5.1688,7.6391,8.3257,0.2302,-0.0160,6.0082,5.2618,-0.0160,4.5079

3527.9540,2.1415,5.2923,7.6391,8.3257,0.0450,-0.0160,6.0082,4.9086,-0.0160,4.2051

3528.9540,2.1415,5.0454,7.3922,7.5540,0.3537,0.0457,6.5227,4.8349,0.0457,4.1507

3529.9550,2.9131,4.9836,7.7009,8.3257,0.5389,-0.1395,6.5227,5.1641,-0.1395,4.4065

3530.9550,4.1990,4.7367,8.0713,7.8112,-0.0167,-0.0778,6.2654,5.1778,-0.0778,4.4270

3531.9550,4.1990,5.0454,7.7009,7.5540,-0.0167,-0.0778,6.2654,5.1247,-0.0778,4.3815

3532.9550,4.1990,4.9219,7.5157,8.3257,-0.4489,-0.3247,5.7509,5.0440,-0.3247,4.2771

3533.9540,3.6847,5.1071,7.5774,8.5829,0.0450,-0.0160,6.2654,5.2104,-0.0160,4.4638

3534.9550,4.1990,5.1071,7.5157,8.5829,-0.2637,-0.3247,6.0082,5.1915,-0.3247,4.4035

3535.9540,4.1990,4.9219,7.7626,8.5829,0.2302,-0.1395,6.2654,5.3270,-0.1395,4.5461

3536.9540,3.4275,5.1688,7.7009,8.3257,0.2302,0.0457,6.5227,5.2293,0.0457,4.4888

3537.9540,4.1990,4.9836,7.5157,8.8401,0.4772,-0.0778,6.0082,5.3373,-0.0778,4.5637

3538.9540,3.9418,4.8601,7.6391,8.5829,0.0450,-0.1395,6.5227,5.2653,-0.1395,4.4932

3539.9540,3.6847,5.1688,7.3922,7.2968,0.1685,-0.1395,5.7509,4.9103,-0.1395,4.1889

3540.9540,3.6847,5.0454,7.8861,8.5829,0.1067,0.1074,6.5227,5.3047,0.1074,4.5623

3541.9550,3.9418,5.1071,7.5774,8.5829,0.1685,-0.1395,6.0082,5.2310,-0.1395,4.4638

3542.9540,2.9131,5.0454,7.6391,7.8112,-0.0167,-0.1395,6.5227,4.9858,-0.1395,4.2536

3543.9540,3.9418,5.0454,7.7009,8.5829,0.1067,-0.1395,7.0372,5.4025,-0.1395,4.6108

3544.9540,1.8843,5.3540,7.5774,8.5829,0.0450,-0.1395,6.0082,4.9086,-0.1395,4.1875

3545.9550,3.9418,4.9219,7.7626,8.3257,0.1067,-0.1395,6.5227,5.2636,-0.1395,4.4917

3546.9550,3.9418,4.9836,7.7009,10.3835,-0.0167,-0.0778,6.5227,5.5860,-0.0778,4.7769

3547.9550,4.4562,4.7984,7.6391,8.0684,0.1685,-0.1395,6.7799,5.3184,-0.1395,4.5387

3548.9540,3.9418,4.8601,7.5157,7.8112,0.0450,-0.1395,6.0082,5.0303,-0.1395,4.2918

3549.9540,3.9418,4.9219,7.7009,8.3257,0.1067,-0.0778,6.7799,5.2962,-0.0778,4.5285

3550.9540,3.6847,4.8601,7.6391,8.8401,0.0450,-0.0778,6.5227,5.2653,-0.0778,4.5020

3551.9540,3.4275,5.1071,7.6391,8.3257,0.0450,-0.0778,6.7799,5.2207,-0.0778,4.4638

3552.9540,4.1990,5.0454,7.6391,8.3257,0.1685,-0.2013,6.7799,5.3596,-0.2013,4.5652

3553.9540,3.9418,4.9836,7.8244,8.5829,0.1067,-0.1395,8.5807,5.6700,-0.1395,4.8401

3554.9540,3.6847,4.9836,7.6391,8.8401,0.1067,-0.2013,6.2654,5.2533,-0.2013,4.4741

3555.9550,4.1990,4.9836,7.5157,8.5829,0.1067,-0.1395,6.5227,5.3184,-0.1395,4.5387

3556.9540,3.6847,5.2306,7.5157,8.5829,0.0450,-0.1395,6.7799,5.3065,-0.1395,4.5285

3557.9540,4.1990,4.8601,7.7626,8.3257,0.1067,-0.1395,6.7799,5.3390,-0.1395,4.5564

3558.9540,3.9418,5.0454,7.3922,7.8112,0.1067,-0.1395,6.5227,5.1367,-0.1395,4.3829

3559.9540,3.6847,4.9836,7.6391,8.5829,-0.0785,-0.2013,6.7799,5.2653,-0.2013,4.4844

3560.9540,3.9418,5.1071,7.7009,8.3257,0.0450,-0.1395,7.0372,5.3596,-0.1395,4.5740

3561.9550,3.6847,4.9836,7.7626,7.8112,0.0450,-0.2013,6.7799,5.1778,-0.2013,4.4094

3562.9540,3.6847,4.9836,7.5774,7.5540,-0.0167,-0.2630,5.7509,4.9223,-0.2630,4.1815

3563.9540,3.6847,4.9836,7.8244,8.3257,0.2302,-0.2013,7.0372,5.3476,-0.2013,4.5549

3564.9540,3.6847,5.0454,7.7009,8.3257,-0.0167,-0.2630,6.2654,5.1675,-0.2630,4.3918

3565.9540,3.1703,4.9219,7.4539,8.3257,0.1067,-0.1395,6.2654,5.0406,-0.1395,4.3006

3566.9540,4.4562,4.9836,7.8244,8.0684,0.2302,-0.1395,6.5227,5.3476,-0.1395,4.5637

3567.9550,3.9418,4.9836,7.3922,8.0684,0.1067,-0.1395,6.2654,5.1264,-0.1395,4.3741

3568.9540,2.1415,4.9219,7.7626,8.3257,0.4155,0.0457,6.2654,4.9721,0.0457,4.2683

3569.9550,3.6847,4.8601,7.5157,8.3257,-0.2020,-0.2013,6.7799,5.1607,-0.2013,4.3947

3570.9550,4.1990,4.9836,7.5774,8.8401,0.1067,-0.2013,6.5227,5.3716,-0.2013,4.5755

3571.9540,3.9418,4.5515,7.8861,7.8112,0.1067,-0.1395,6.2654,5.0938,-0.1395,4.3462

3572.9550,3.9418,4.9836,7.5774,8.3257,0.2302,-0.2013,6.7799,5.3065,-0.2013,4.5196

3573.9540,3.9418,5.1071,7.3922,8.3257,0.1067,-0.2013,7.2944,5.3613,-0.2013,4.5667

3574.9540,3.9418,5.1688,7.3922,8.0684,0.1067,-0.0160,6.7799,5.2430,-0.0160,4.4917

3575.9540,3.1703,5.0454,7.5774,8.5829,-0.0785,0.0457,6.5227,5.1367,0.0457,4.4094

3576.9550,4.1990,5.1688,7.7009,9.0974,0.0450,-0.1395,6.7799,5.4985,-0.1395,4.6931

3577.9550,3.4275,5.0454,7.7626,8.3257,0.1067,-0.2013,6.2654,5.1555,-0.2013,4.3903

3578.9540,4.1990,5.0454,7.4539,8.3257,0.1067,0.0457,6.2654,5.2327,0.0457,4.4917

3579.9550,3.9418,5.1071,7.5774,8.8401,-0.0167,-0.0778,7.0372,5.4145,-0.0778,4.6299

3580.9550,3.9418,4.9836,7.5157,8.3257,0.0450,-0.0778,6.5227,5.2224,-0.0778,4.4652

3581.9550,3.9418,5.0454,7.5774,8.3257,0.1067,-0.0778,6.2654,5.2104,-0.0778,4.4550

3582.9550,2.9131,5.2923,7.7626,8.3257,0.5389,-0.0778,7.0372,5.3116,-0.0778,4.5417

3583.9550,3.9418,5.4158,7.7626,8.5829,0.1067,-0.0778,7.0372,5.4745,-0.0778,4.6813

3584.9540,3.9418,5.2923,7.8244,8.8401,-0.0167,-0.0778,6.2654,5.3579,-0.0778,4.5814

3585.9550,3.9418,4.9219,7.7009,8.3257,0.0450,-0.0160,6.7799,5.2859,-0.0160,4.5285

3586.9540,3.6847,5.0454,7.8244,8.8401,0.2920,-0.8186,7.8089,5.5826,-0.8186,4.6681

3587.9540,3.4275,5.1071,7.5157,7.2968,0.2920,-0.1395,6.5227,5.0269,-0.1395,4.2889

3588.9550,3.9418,5.1071,7.7626,8.3257,0.5389,-0.0778,7.0372,5.4522,-0.0778,4.6622

3589.9550,2.9131,4.9836,7.8244,8.3257,0.2302,-0.1395,6.7799,5.1761,-0.1395,4.4168

3590.9540,3.9418,4.8601,7.4539,8.5829,0.2920,-0.0778,6.5227,5.2756,-0.0778,4.5108

3591.9550,3.4275,5.0454,7.6391,8.5829,0.0450,-0.0778,6.7799,5.2533,-0.0778,4.4917

3592.9540,3.9418,5.2306,7.7626,8.5829,0.1685,0.0457,6.7799,5.4111,0.0457,4.6446

3593.9550,4.1990,5.0454,7.5774,8.3257,0.2920,-0.0778,6.0082,5.2413,-0.0778,4.4814

3594.9550,3.9418,4.8601,7.5774,8.3257,0.1067,-0.2630,6.2654,5.1795,-0.2630,4.4020

3595.9540,4.1990,4.9836,7.5774,8.3257,0.1067,-0.2013,6.2654,5.2430,-0.2013,4.4652

3596.9550,3.9418,5.2923,7.3922,7.5540,0.5389,-0.1395,6.2654,5.1641,-0.1395,4.4065

3597.9540,4.1990,5.1688,7.7009,8.5829,0.1067,0.0457,6.2654,5.3373,0.0457,4.5814

3598.9540,4.4562,4.9836,7.8244,7.8112,-0.0785,-0.0778,6.2654,5.2104,-0.0778,4.4549

3599.9540,4.4562,5.1071,7.9478,8.0684,0.1685,-0.0778,6.5227,5.3785,-0.0778,4.5990

3600.9540,4.1990,4.9219,7.8244,8.3257,0.0450,0.1074,6.5227,5.3064,0.1074,4.5637

3601.9540,5.2278,4.8601,7.7626,8.3257,0.0450,-0.0160,6.7799,5.5002,-0.0160,4.7122

3602.9550,3.9418,5.0454,7.8244,7.8112,0.3537,-0.0778,5.4937,5.0784,-0.0778,4.3418

3603.9540,4.1990,5.0454,8.0096,8.3257,-0.0785,-0.0778,6.7799,5.3802,-0.0778,4.6005

3604.9540,4.1990,5.1071,7.4539,8.0684,0.3537,-0.0778,7.0372,5.3699,-0.0778,4.5917

3605.9540,3.1703,4.9219,7.6391,8.3257,0.4772,-0.2013,6.5227,5.1761,-0.2013,4.4079

3606.9540,3.4275,5.1688,7.3304,8.5829,0.1685,-0.1395,6.7799,5.2430,-0.1395,4.4741

3607.9540,3.9418,5.1071,7.7626,9.0974,-0.0167,-0.3247,7.2944,5.5311,-0.3247,4.6946

3608.9540,4.1990,5.1688,7.8861,8.3257,0.2920,-0.0778,6.7799,5.4419,-0.0778,4.6534

3609.9550,4.7134,4.9836,7.7009,8.0684,0.2302,-0.2013,6.0082,5.2841,-0.2013,4.5005

3610.9550,4.1990,5.1071,7.5774,8.5829,0.0450,-0.0778,6.2654,5.2961,-0.0778,4.5284

3611.9540,3.6847,5.1688,7.7626,8.8401,0.2302,-0.0160,6.5227,5.3682,-0.0160,4.5990

3612.9540,3.9418,5.0454,7.9478,8.5829,0.2920,-0.0778,6.7799,5.4316,-0.0778,4.6446

3613.9540,4.1990,5.4775,7.4539,8.8401,-0.0167,-0.0778,7.0372,5.4985,-0.0778,4.7019

3615.0390,3.9418,5.0454,7.7009,8.8401,0.2302,-0.1395,6.5227,5.3802,-0.1395,4.5917

3615.9540,4.1990,5.3540,7.8244,8.8401,0.0450,-0.0778,5.7509,5.3356,-0.0778,4.5622

3616.9540,3.6847,4.9836,7.6391,8.8401,0.2302,-0.0160,7.0372,5.4025,-0.0160,4.6284

3617.9540,3.9418,5.2306,7.7009,9.0974,0.1067,0.0457,6.5227,5.4333,0.0457,4.6637

3618.9540,4.1990,5.0454,7.7009,7.8112,-0.0785,-0.1395,6.5227,5.2001,-0.1395,4.4373

3619.9540,3.9418,5.0454,7.7009,8.3257,0.1685,0.0457,6.5227,5.2842,0.0457,4.5358

3620.9550,3.9418,4.9836,7.7626,8.8401,0.1685,-0.0778,6.7799,5.4128,-0.0778,4.6284

3621.9550,4.1990,5.0454,7.7009,8.3257,0.2920,-0.1395,6.7799,5.3905,-0.1395,4.6005

3622.9540,4.4562,5.0454,7.7626,8.3257,0.1067,-0.2630,6.2654,5.3270,-0.2630,4.5284

3623.9550,3.9418,5.1688,7.7009,9.0974,0.2920,-0.0778,6.2654,5.4111,-0.0778,4.6269

3624.9550,3.9418,5.1071,7.3922,8.3257,0.2302,-0.2013,7.2944,5.3819,-0.2013,4.5843

3625.9540,4.1990,4.9219,8.0096,7.8112,0.1685,-0.0778,7.0372,5.3579,-0.0778,4.5814

3626.9540,3.4275,4.9219,7.6391,8.5829,0.3537,-0.0778,6.7799,5.2842,-0.0778,4.5182

3627.9540,3.9418,5.1071,7.7626,8.3257,0.4155,0.0457,6.7799,5.3888,0.0457,4.6255

3628.9550,4.7134,5.1071,7.7009,8.5829,0.1067,-0.0778,6.7799,5.4985,-0.0778,4.7019

3629.9550,3.6847,5.1071,7.6391,8.5829,0.1685,-0.0778,6.7799,5.3270,-0.0778,4.5549

3630.9550,4.1990,5.2306,7.7626,8.0684,-0.1402,-0.0778,8.5807,5.6169,-0.0778,4.8033

3631.9550,3.4275,5.2923,7.6391,8.3257,0.2920,-0.0778,6.5227,5.2499,-0.0778,4.4888

3632.9540,4.1990,5.1071,7.7009,8.5829,0.0450,-0.0160,6.5227,5.3596,-0.0160,4.5917

3633.9540,4.4562,5.2306,7.8244,8.3257,0.2302,-0.0778,6.5227,5.4316,-0.0778,4.6446

3634.9540,3.9418,5.0454,7.7009,8.3257,0.1685,0.0457,6.5227,5.2842,0.0457,4.5358

3635.9540,4.1990,5.0454,7.9478,8.3257,0.1067,0.0457,6.5227,5.3579,0.0457,4.5990

3636.9550,3.9418,4.9836,7.7009,8.5829,0.0450,0.1074,6.5227,5.2962,0.1074,4.5549

3637.9540,3.6847,5.2923,7.8244,7.5540,0.1685,-0.0160,6.7799,5.2173,-0.0160,4.4697

3638.9540,3.9418,5.2306,7.6391,8.5829,0.4772,0.1074,6.7799,5.4419,0.1074,4.6799

3639.9550,3.6847,5.1688,7.7626,8.3257,-0.0167,0.1074,6.2654,5.1984,0.1074,4.4711

3640.9540,4.4562,5.1688,8.0713,8.5829,0.3537,0.0457,6.5227,5.5259,0.0457,4.7431

3641.9550,4.1990,5.2306,6.4661,8.8401,0.2302,0.1074,6.2654,5.2052,0.1074,4.4770

3642.9540,3.6847,5.0454,7.5774,8.3257,0.3537,0.0457,6.2654,5.2087,0.0457,4.4711

3643.9540,3.9418,5.0454,4.0582,8.5829,-0.1402,0.1074,10.8960,5.3973,0.1074,4.6416

3644.9540,3.6847,5.1688,7.0217,8.5829,-0.0785,0.2309,6.5227,5.1504,0.2309,4.4476

3645.9540,4.4562,5.0454,7.7009,8.3257,0.2920,0.1074,6.7799,5.4333,0.1074,4.6725

3646.9550,3.6847,5.1688,7.4539,9.0974,0.1685,0.1074,6.7799,5.3922,0.1074,4.6372

3647.9540,3.4275,4.9836,7.0217,8.5829,-0.0785,0.1692,6.5227,5.0766,0.1692,4.3756

3648.9540,3.9418,5.3540,3.9965,8.5829,0.1067,0.0457,6.5227,4.7508,0.0457,4.0786

3649.9540,3.9418,5.2306,7.5774,8.8401,-0.0785,-0.0778,6.7799,5.3819,-0.0778,4.6019

3650.9540,4.1990,5.0454,7.8244,8.5829,0.4772,-0.0778,6.5227,5.4419,-0.0778,4.6534

3651.9540,4.1990,5.1071,6.6513,8.0684,-0.0167,-0.3865,4.2074,4.7028,-0.3865,3.9757

3652.9540,3.1703,4.6132,4.9226,8.0684,0.0450,-0.0778,6.7799,4.5999,-0.0778,3.9317

3653.9540,4.1990,4.7984,6.1574,8.0684,0.1685,0.0457,6.2654,4.9429,0.0457,4.2433

3654.9540,3.9418,5.0454,7.6391,8.5829,0.2920,-0.0778,6.5227,5.3373,-0.0778,4.5637

3655.9540,4.1990,5.1071,7.5774,8.0684,0.2920,0.1074,6.5227,5.2944,0.1074,4.5534

3656.9540,4.1990,5.1071,7.5774,8.3257,-0.0167,-0.2013,7.5517,5.4574,-0.2013,4.6490

3657.9540,3.9418,5.1688,7.6391,8.5829,0.0450,-0.0160,6.2654,5.2739,-0.0160,4.5182

3658.9540,3.6847,5.0454,7.6391,8.5829,0.1685,-0.0778,6.7799,5.3167,-0.0778,4.5461

3659.9540,3.9418,5.1071,7.5774,8.3257,0.0450,1.0335,7.5517,5.4248,1.0335,4.7975

3660.9540,4.4562,5.0454,7.4539,8.5829,0.2920,-0.0778,7.0372,5.4779,-0.0778,4.6843

3661.9540,3.6847,6.0949,7.4539,8.8401,-0.0785,-0.0160,6.5227,5.4196,-0.0160,4.6431

3662.9540,4.4562,4.9836,7.5157,8.3257,0.1067,-0.2630,6.2654,5.2756,-0.2630,4.4843

3663.9550,4.1990,4.9836,7.5157,8.3257,0.0450,-0.2013,6.7799,5.3082,-0.2013,4.5211

3664.9550,4.1990,5.0454,7.8244,8.0684,0.1685,0.0457,6.7799,5.3476,0.0457,4.5902

3665.9550,5.7422,4.7367,7.8244,8.0684,0.1067,-0.2013,6.2654,5.4573,-0.2013,4.6489

3666.9540,4.4562,4.9219,7.5157,8.5829,0.5389,-0.3865,7.8089,5.6374,-0.3865,4.7769

3667.9550,4.7134,4.9219,7.5774,8.0684,0.1067,-0.0778,6.2654,5.2756,-0.0778,4.5108

3668.9550,3.9418,5.1688,7.5774,8.5829,0.1685,0.0457,6.5227,5.3270,0.0457,4.5725

3669.9550,4.4562,5.0454,7.4539,8.5829,-0.0167,-0.0778,6.0082,5.2550,-0.0778,4.4932

3670.9540,4.1990,5.0454,7.5157,8.3257,0.0450,-0.0778,6.5227,5.2756,-0.0778,4.5108

3671.9540,3.9418,4.9219,7.5774,8.3257,-0.2020,0.0457,6.5227,5.1813,0.0457,4.4476

3672.9550,3.1703,4.9836,7.8244,8.5829,0.1685,-0.2013,6.5227,5.2087,-0.2013,4.4359

3673.9540,3.4275,5.0454,7.8244,8.5829,0.1067,-0.2013,6.2654,5.2087,-0.2013,4.4359

3674.9540,4.1990,4.9836,7.5774,9.6118,0.2920,-0.0778,5.4937,5.3596,-0.0778,4.5828

3675.9550,3.6847,5.0454,7.8244,9.3546,0.4772,-0.1395,7.0372,5.5706,-0.1395,4.7548

3676.9540,3.6847,5.2923,7.6391,8.5829,0.6624,0.1074,6.5227,5.3973,0.1074,4.6416

3677.9550,3.9418,5.1688,7.7626,8.0684,0.1067,-0.1395,7.0372,5.3476,-0.1395,4.5637

3678.9540,4.1990,5.1071,7.7009,7.5540,0.1685,0.1692,6.5227,5.2087,0.1692,4.4888

3679.9550,3.9418,5.2923,7.6391,8.3257,0.3537,-0.0160,6.2654,5.3030,-0.0160,4.5432

3680.9550,4.1990,4.8601,7.6391,8.0684,0.0450,-0.2630,6.0082,5.1367,-0.2630,4.3653

3681.9540,4.4562,5.2306,7.8244,8.5829,0.1067,-0.0778,6.7799,5.4968,-0.0778,4.7004

3682.9540,4.1990,5.1071,7.3304,9.3546,0.3537,-0.0160,7.0372,5.5637,-0.0160,4.7666

3683.9550,4.1990,4.9219,7.5774,8.5829,0.1067,-0.2013,6.5227,5.3184,-0.2013,4.5299

3684.9540,3.9418,5.2306,7.7626,9.0974,0.1067,0.1074,6.0082,5.3579,0.1074,4.6078

3685.9550,4.1990,5.2923,8.0096,8.8401,0.2302,0.0457,7.0372,5.6014,0.0457,4.8077

3686.9550,4.9706,4.9836,7.8861,8.5829,0.3537,0.0457,6.7799,5.5928,0.0457,4.8004

3687.9540,3.6847,5.2923,7.8861,9.0974,0.2302,0.2926,7.0372,5.5380,0.2926,4.7886

