Elapsed Time (s),P1 (psi),P2 (psi),P3 (psi),P4 (psi),P5 (psi),P6 (psi),P7 (psi),Main Loop Avg Pressure (psi),HX Pressure (psi),Overall Avg Pressure (psi)
1.1920,-1.4593,-0.0170,1.6503,1.8950,1.5268,-0.2630,0.6059,0.7003,-0.2630,0.5627

1.5470,-0.9449,0.1682,1.7738,1.6377,1.7738,-0.0160,-0.1659,0.7071,-0.0160,0.6038

2.4840,-0.9449,0.0447,1.8355,2.1522,1.8355,0.0457,0.6059,0.9215,0.0457,0.7964

3.4840,-0.9449,0.0447,1.7738,3.1811,1.5268,0.0457,0.8631,1.0741,0.0457,0.9272

4.4840,-0.1733,-0.0170,1.7121,1.8950,1.9590,1.2804,1.3776,1.1256,1.2804,1.1477

5.4840,0.0839,0.1682,1.5268,2.1522,1.5886,0.0457,0.6059,1.0209,0.0457,0.8816

6.4840,-0.6877,-0.0170,1.8973,2.1522,1.5886,-0.3247,0.8631,0.9661,-0.3247,0.7817

7.4840,-1.2021,0.1065,1.7738,1.8950,1.6503,-0.0160,0.8631,0.8478,-0.0160,0.7244

8.4840,0.0839,-0.0788,1.7121,2.4094,1.9590,-0.0778,0.0913,1.0295,-0.0778,0.8713

9.4850,0.3411,0.0447,1.6503,2.4094,1.4651,0.0457,0.0913,1.0003,0.0457,0.8640

10.4840,-1.4593,-0.1405,2.1442,1.6377,1.8355,-0.0778,-0.1659,0.6420,-0.0778,0.5391

11.4840,-0.9449,0.0447,1.7738,2.1522,1.4033,0.0457,-0.4232,0.6677,0.0457,0.5788

12.4850,-0.4305,-0.0170,2.0208,1.6377,1.2799,0.1074,0.6059,0.8494,0.1074,0.7434

13.4840,-0.9449,-0.2022,1.2181,1.3805,1.6503,-0.0160,0.8631,0.6608,-0.0160,0.5641

14.4840,-0.6877,0.0447,1.8973,1.3805,1.6503,-0.1395,0.3486,0.7723,-0.1395,0.6420

15.4840,-0.9449,-0.5109,2.1442,1.8950,1.6503,0.0457,-0.6804,0.5922,0.0457,0.5141

16.4840,-1.4593,-0.0788,2.0825,1.6377,1.7121,-0.3865,0.8631,0.7929,-0.3865,0.6244

17.4850,0.0839,-0.5109,1.8355,1.6377,1.7121,-0.1395,-0.1659,0.7654,-0.1395,0.6361

18.4850,-0.6877,0.1065,1.8355,1.6377,1.7738,-0.0778,1.3776,1.0072,-0.0778,0.8522

19.4840,0.0839,0.0447,1.9590,1.8950,1.5886,0.1074,0.0913,0.9438,0.1074,0.8243

20.4840,-0.9449,0.0447,1.8355,1.6377,1.6503,-0.3247,-1.1949,0.5047,-0.3247,0.3863

21.4840,-1.2021,0.1682,1.5886,2.6666,1.4033,-0.0778,-0.1659,0.7431,-0.0778,0.6259

22.4840,-1.2021,0.2299,1.5268,2.6666,1.4651,-0.1395,0.0913,0.7963,-0.1395,0.6626

23.4850,-0.9449,-0.2022,1.6503,0.8661,1.7738,-0.5717,4.2074,1.2251,-0.5717,0.9684

24.4840,-0.9449,0.2917,1.5268,2.1522,1.2799,-0.2630,0.6059,0.8186,-0.2630,0.6641

25.4840,-0.6877,0.0447,1.8973,1.8950,1.7121,-0.5717,0.6059,0.9112,-0.5717,0.6994

26.4850,-0.6877,-0.0170,1.7121,1.8950,1.7738,-0.6334,0.8631,0.9232,-0.6334,0.7008

27.4850,-0.6877,-0.0788,1.5886,2.6666,1.5886,-0.9421,0.6059,0.9472,-0.9421,0.6773

28.4850,-0.6877,0.1682,1.8973,2.1522,1.4651,-0.3865,0.3486,0.8906,-0.3865,0.7082

29.4840,-1.2021,0.1065,1.6503,2.4094,1.5886,-0.0778,-0.1659,0.7311,-0.0778,0.6156

30.4840,-0.9449,0.0447,1.6503,1.8950,1.6503,-0.4482,0.6059,0.8169,-0.4482,0.6362

31.4840,-0.6877,0.0447,1.7738,1.8950,1.7121,-0.3865,0.6059,0.8906,-0.3865,0.7082

32.4840,-0.6877,0.0447,1.6503,2.6666,1.5268,-0.0778,-0.4232,0.7963,-0.0778,0.6714

33.4840,-1.2021,0.1065,1.6503,2.1522,1.5886,-0.4482,1.8921,1.0313,-0.4482,0.8199

34.4840,-0.4305,0.1682,1.8355,2.6666,1.3416,0.0457,0.0913,0.9455,0.0457,0.8169

35.4860,0.0839,0.0447,1.7121,2.4094,1.5886,-0.2630,0.6059,1.0741,-0.2630,0.8831

36.4840,-0.9449,0.0447,1.7121,1.6377,1.5886,-0.2630,1.1204,0.8598,-0.2630,0.6994

37.4840,-2.4881,0.0447,4.3669,7.8112,-0.0785,-0.0160,5.7509,2.5679,-0.0160,2.1987

38.4850,-2.2309,-0.1405,2.8851,4.9817,-0.5107,-0.3247,3.9501,1.4891,-0.3247,1.2300

39.4840,-2.7453,0.0447,3.1321,6.7823,-0.2020,-0.0778,4.2074,1.8699,-0.0778,1.5916

40.4840,-3.0025,0.1682,3.0086,5.2389,0.0450,0.0457,3.4356,1.4823,0.0457,1.2771

41.4850,-2.4881,0.3534,3.3791,6.0106,0.2302,0.0457,4.9792,2.0774,0.0457,1.7871

42.4840,-3.2597,0.1065,3.0086,5.4962,0.2302,0.1074,4.4647,1.6744,0.1074,1.4505

43.4840,-1.4593,-0.0170,3.5025,6.0106,0.0450,0.1074,3.6929,1.9625,0.1074,1.6974

44.4840,-2.7453,-1.0048,3.3791,4.7245,-0.0785,0.2309,3.6929,1.3280,0.2309,1.1712

45.4840,-2.4881,0.1065,3.5643,6.0106,-0.0167,0.1074,3.6929,1.8116,0.1074,1.5681

46.4840,-2.4881,0.1065,3.2556,6.0106,0.0450,0.1692,5.2364,2.0277,0.1692,1.7622

47.4840,-1.4593,-0.0170,3.2556,4.2100,0.1067,1.2804,4.7219,1.8030,1.2804,1.7283

48.4850,-2.4881,-0.1405,3.5643,10.1263,-0.3872,0.0457,3.4356,2.3517,0.0457,2.0223

49.4850,-1.4593,-0.0170,3.1321,4.7245,0.0450,0.2926,3.9501,1.7292,0.2926,1.5240

50.4840,-1.2021,-0.0170,3.1938,5.4962,-0.0785,0.2926,3.6929,1.8475,0.2926,1.6254

51.4840,-2.7453,0.0447,3.4408,5.7534,-0.0167,0.1692,4.4647,1.8236,0.1692,1.5872

52.4840,-2.4881,0.1065,3.3173,5.7534,0.1067,0.2309,4.2074,1.8339,0.2309,1.6049

53.4840,-2.7453,0.0447,3.5025,5.7534,-0.0785,0.2926,4.4647,1.8236,0.2926,1.6049

54.4840,-1.4593,-0.1405,3.2556,4.9817,0.1067,0.4161,3.4356,1.6966,0.4161,1.5137

55.4840,-2.4881,0.0447,3.5025,5.7534,0.0450,0.4161,3.9501,1.8013,0.4161,1.6034

56.4850,-0.6877,0.1065,3.5025,5.7534,0.1685,0.4161,3.9501,2.1322,0.4161,1.8871

57.4850,-2.2309,0.0447,3.3791,5.2389,-0.0785,0.3544,4.2074,1.7601,0.3544,1.5593

58.4840,-2.2309,0.1065,3.2556,6.0106,-0.0167,0.4778,3.4356,1.7601,0.4778,1.5769

59.4840,-1.7165,0.0447,3.2556,4.9817,0.1067,0.2926,4.2074,1.8133,0.2926,1.5960

60.4840,-3.5169,0.1682,3.0704,6.0106,-0.0167,0.3544,3.6929,1.5681,0.3544,1.3947

61.4840,-2.4881,-0.1405,3.2556,4.9817,0.1067,0.4778,3.4356,1.5252,0.4778,1.3756

62.4850,-1.7165,0.1065,3.1321,4.4672,0.2302,0.4778,3.4356,1.6092,0.4778,1.4476

63.4840,-2.7453,0.1065,3.0704,4.2100,0.1067,0.1074,3.9501,1.4497,0.1074,1.2580

64.4840,-2.2309,-0.0788,3.1938,5.4962,0.1067,0.3544,4.2074,1.7824,0.3544,1.5784

65.4840,-2.2309,-0.2022,3.2556,6.2678,0.0450,0.3544,3.6929,1.8047,0.3544,1.5975

66.4840,-2.4881,0.0447,3.2556,5.2389,-0.2637,-0.0160,3.9501,1.6229,-0.0160,1.3888

67.4850,-2.4881,0.1065,2.8851,5.7534,0.0450,0.2926,4.9792,1.8802,0.2926,1.6534

68.4840,-2.7453,-0.0788,3.3791,7.0395,-0.0167,0.2926,3.6929,1.8784,0.2926,1.6519

69.4840,-3.0025,0.1065,2.9469,6.2678,0.1067,-0.0160,3.9501,1.7293,-0.0160,1.4799

70.4840,-2.2309,0.0447,3.1938,5.4962,0.0450,-0.2013,3.9501,1.7498,-0.2013,1.4711

71.4840,-1.4593,0.1682,3.0086,5.2389,-0.0785,-0.0160,4.4647,1.8904,-0.0160,1.6181

72.4840,-2.7453,0.1065,2.2677,5.7534,-0.1402,-0.0160,3.1784,1.4034,-0.0160,1.2006

73.4840,-1.9737,-0.0170,2.9469,6.0106,0.0450,-0.0160,4.9792,1.9985,-0.0160,1.7107

74.4850,-1.9737,-0.0788,3.0086,3.9528,-0.0167,-0.0778,4.2074,1.5166,-0.0778,1.2888

75.4840,-2.2309,-0.2022,3.5025,6.2678,0.0450,-0.1395,4.2074,1.9316,-0.1395,1.6357

76.4840,-2.4881,0.0447,3.1938,5.7534,0.0450,-0.2630,4.2074,1.7927,-0.2630,1.4990

77.4840,-2.7453,-0.0788,2.8851,6.2678,0.1067,0.0457,3.1784,1.6023,0.0457,1.3800

78.4840,-2.2309,0.0447,3.0704,5.2389,0.0450,-0.2013,5.7509,1.9865,-0.2013,1.6740

79.4840,-3.0025,0.0447,3.0086,5.7534,0.0450,-0.1395,3.6929,1.5903,-0.1395,1.3432

80.4840,-3.5169,0.4769,3.0704,6.5251,0.1067,-0.0778,3.1784,1.6401,-0.0778,1.3947

81.4840,-1.7165,-1.0665,2.9469,4.2100,-0.0167,-0.1395,4.4647,1.4703,-0.1395,1.2403

82.4840,-2.2309,-0.0788,3.1938,5.2389,-0.0167,-0.0160,4.2074,1.7190,-0.0160,1.4711

83.4840,1.8843,-0.0170,3.3791,5.2389,0.0450,-0.2630,3.9501,2.4134,-0.2630,2.0311

84.4850,-1.7165,-0.0788,3.0086,6.0106,0.1067,-0.0778,4.2074,1.9230,-0.0778,1.6372

85.4840,-1.7165,-0.0788,3.1321,5.2389,-0.9429,-0.3865,3.9501,1.5972,-0.3865,1.3138

86.4840,-1.9737,0.0447,2.7617,6.0106,0.1067,-0.0778,4.4647,1.9024,-0.0778,1.6196

87.4840,-1.4593,-0.2022,3.6260,6.0106,0.1685,-0.1395,3.9501,2.0156,-0.1395,1.7077

88.4840,-2.4881,-0.0170,2.8851,6.0106,-0.2020,-0.3247,3.4356,1.6040,-0.3247,1.3285

89.4840,-2.7453,0.1065,2.9469,5.7534,-0.1402,-0.2630,5.2364,1.8596,-0.2630,1.5564

90.4840,-2.4881,-0.0788,3.1321,5.7534,0.0450,-0.5099,3.6929,1.6761,-0.5099,1.3638

91.4840,-1.9737,-0.0170,3.2556,5.2389,0.1685,-0.2013,3.6929,1.7275,-0.2013,1.4520

92.4840,-1.7165,-0.0170,3.2556,4.9817,0.0450,-0.2013,4.2074,1.7927,-0.2013,1.5078

93.4840,-2.7453,0.3534,3.0704,5.7534,0.1067,-0.2013,4.4647,1.8339,-0.2013,1.5431

94.4840,-3.0025,-0.0170,2.7617,5.4962,-0.0785,-0.0778,3.6929,1.4754,-0.0778,1.2536

95.4840,-2.4881,-0.0170,2.8234,6.0106,-0.1402,0.3544,1.3776,1.2610,0.3544,1.1315

96.4840,-1.9737,0.1682,3.1938,5.7534,0.1067,0.4161,3.6929,1.8236,0.4161,1.6225

97.4840,-2.7453,0.2299,3.1938,4.9817,0.1067,0.1074,4.2074,1.6624,0.1074,1.4402

98.4840,-2.4881,-0.0170,2.9469,6.0106,-0.0167,0.4778,3.4356,1.6452,0.4778,1.4784

99.4850,-1.9737,-0.0788,3.0704,5.2389,0.2920,0.2309,3.4356,1.6641,0.2309,1.4593

100.4840,-2.7453,0.2299,2.8851,6.0106,0.0450,0.0457,4.2074,1.7721,0.0457,1.5255

101.4850,-2.7453,0.1682,2.8851,5.7534,-0.0785,0.1692,3.1784,1.5269,0.1692,1.3329

102.4850,-2.2309,-0.0788,3.3173,5.4962,-0.0785,0.1074,4.7219,1.8579,0.1074,1.6078

103.4840,1.6271,-0.5109,3.5643,4.7245,0.1067,-0.0778,4.4647,2.3294,-0.0778,1.9855

104.4840,-2.4881,0.0447,3.0086,5.4962,-0.0167,-0.1395,4.2074,1.7087,-0.1395,1.4446

105.4850,-3.2597,0.1065,3.1938,5.7534,-0.0167,-0.0778,3.6929,1.5784,-0.0778,1.3418

106.4860,-2.2309,0.0447,3.2556,4.7245,0.1067,0.0457,3.9501,1.6418,0.0457,1.4138

107.4840,-1.9737,0.0447,3.3173,5.7534,0.4155,-0.2013,4.9792,2.0894,-0.2013,1.7622

108.4840,-2.2309,-0.0788,3.1321,5.7534,-0.1402,-0.0160,2.6639,1.5166,-0.0160,1.2976

109.4840,-2.2309,-0.1405,3.1321,5.2389,-0.8811,0.7865,2.9211,1.3399,0.7865,1.2609

110.4840,-2.7453,-0.0788,3.1321,4.9817,0.1067,-0.3247,3.9501,1.5578,-0.3247,1.2888

111.4840,-0.9449,0.1065,3.0086,4.9817,0.0450,-0.5717,3.9501,1.8578,-0.5717,1.5108

112.4850,-1.7165,-0.0170,3.7495,7.2968,-0.3872,0.2309,2.9211,1.9744,0.2309,1.7254

113.4840,-1.9737,-0.0788,3.0704,5.4962,-0.2020,-0.3247,3.9501,1.7104,-0.3247,1.4196

114.4850,-2.7453,0.0447,3.3173,5.7534,-0.2020,-0.3247,3.6929,1.6435,-0.3247,1.3623

115.4840,-2.4881,-0.0170,3.1321,4.9817,0.0450,-0.2630,4.4647,1.6864,-0.2630,1.4079

116.4850,-2.2309,0.0447,2.8234,4.9817,-0.0167,-0.2013,3.6929,1.5492,-0.2013,1.2991

117.4840,-2.4881,-0.0170,3.0086,5.4962,-0.0785,-0.0778,3.6929,1.6023,-0.0778,1.3623

118.4840,-2.4881,-0.3874,2.8234,5.4962,0.1685,-0.0160,3.6929,1.5509,-0.0160,1.3270

119.4840,-2.2309,0.1065,3.1321,5.7534,-0.0785,0.1074,3.1784,1.6435,0.1074,1.4240

120.4840,-2.2309,0.1065,3.1938,4.9817,0.0450,0.4161,3.1784,1.5457,0.4161,1.3844

121.4840,-2.4881,0.0447,3.2556,5.7534,0.1067,0.1692,3.9501,1.7704,0.1692,1.5417

122.4840,-2.7453,-0.0170,3.3791,4.9817,0.1685,0.4161,4.2074,1.6624,0.4161,1.4843

123.4840,-2.7453,-0.0788,3.3173,5.4962,-0.0785,0.5396,3.6929,1.6006,0.5396,1.4491

124.4840,-1.4593,-0.0170,3.1938,6.2678,-0.0167,0.2926,4.2074,2.0293,0.2926,1.7812

125.4840,-2.4881,0.1682,3.3791,5.4962,0.0450,0.4161,4.7219,1.8870,0.4161,1.6769

126.4840,-1.9737,0.2917,3.1321,5.4962,0.0450,0.5396,3.9501,1.8236,0.5396,1.6401

127.4840,-4.5457,0.2299,2.8234,6.0106,-0.0785,0.2926,3.9501,1.3983,0.2926,1.2404

128.4840,-2.2309,0.0447,3.3173,5.2389,0.2302,-0.0778,3.1784,1.6298,-0.0778,1.3858

129.4850,-1.9737,-0.0170,3.1321,5.7534,0.0450,0.1074,4.4647,1.9007,0.1074,1.6445

130.4840,-2.7453,0.0447,3.1321,5.7534,-0.0167,0.2309,3.4356,1.6006,0.2309,1.4050

131.4840,-2.2309,-0.0788,2.9469,4.9817,-0.0785,-0.3865,2.9211,1.4103,-0.3865,1.1536

132.4840,-2.2309,-0.0170,3.2556,4.7245,0.0450,-0.0160,3.6929,1.5783,-0.0160,1.3506

133.4850,-2.2309,-0.0170,3.1938,5.2389,0.0450,-0.1395,3.9501,1.6967,-0.1395,1.4344

134.4840,-6.0889,-0.3257,3.3791,5.4962,0.1685,-0.0778,4.2074,1.1394,-0.0778,0.9655

135.4840,-1.9737,-0.0170,3.2556,5.7534,0.5389,-0.1395,2.4066,1.6606,-0.1395,1.4035

136.4840,0.0839,0.5386,2.8234,6.5251,-0.0167,-0.2630,4.4647,2.4031,-0.2630,2.0223

137.4840,1.6271,0.0447,3.1938,4.7245,0.1685,-0.0778,3.6929,2.2419,-0.0778,1.9105

138.4840,-2.2309,0.2299,3.1321,5.2389,-0.0167,0.1074,3.6929,1.6744,0.1074,1.4505

139.4840,-2.2309,-0.1405,3.3791,5.4962,-0.0167,-0.6334,3.6929,1.6967,-0.6334,1.3638

140.4840,-1.9737,0.1065,3.1938,4.9817,-0.3872,-0.0160,2.9211,1.4737,-0.0160,1.2609

141.4840,-2.7453,0.0447,3.0086,5.4962,0.0450,-0.2630,4.2074,1.6761,-0.2630,1.3991

142.4850,-3.0025,0.2299,2.9469,6.0106,-0.0785,0.1074,3.6929,1.6332,0.1074,1.4152

143.4840,-1.4593,-0.1405,3.1938,6.5251,0.1685,-0.0778,3.9501,2.0396,-0.0778,1.7371

144.4840,-1.9737,0.1065,3.4408,5.2389,0.0450,-0.0778,4.2074,1.8441,-0.0778,1.5696

145.4840,-1.7165,0.7856,2.5764,6.2678,0.2302,-0.0160,4.2074,2.0585,-0.0160,1.7621

146.4840,-1.2021,-0.0788,3.2556,4.7245,-0.0785,-0.2013,5.7509,2.0619,-0.2013,1.7386

147.4840,-2.2309,0.1682,2.5147,5.7534,-0.0167,-0.0778,4.4647,1.7755,-0.0778,1.5108

148.4840,-3.0025,-0.0788,2.8851,5.4962,-0.1402,0.1692,3.4356,1.4326,0.1692,1.2521

149.4840,-0.9449,-0.0170,3.6260,5.4962,0.1685,0.2926,3.6929,2.0036,0.2926,1.7592

150.4840,-2.4881,-0.0170,3.4408,5.4962,-0.2020,-0.2013,4.7219,1.8253,-0.2013,1.5358

151.4850,-2.4881,-0.0788,3.3791,5.2389,-0.0167,-0.0160,2.9211,1.4926,-0.0160,1.2771

152.4840,-1.9737,-0.0788,3.0704,4.9817,0.0450,0.1074,3.6929,1.6229,0.1074,1.4064

153.4840,-2.4881,-0.0170,2.8851,7.0395,-0.2020,0.1692,4.7219,1.9899,0.1692,1.7298

154.4840,-2.4881,0.0447,3.0086,5.7534,-0.0167,0.1074,3.4356,1.6229,0.1074,1.4064

155.4840,-2.7453,0.2299,2.9469,6.0106,-0.0785,-0.1395,3.4356,1.6332,-0.1395,1.3800

156.4840,-2.2309,-0.2640,2.8851,5.4962,0.1685,-0.0778,4.4647,1.7533,-0.0778,1.4917

157.4840,-1.9737,0.5386,3.3173,5.4962,-0.2637,0.0457,4.4647,1.9299,0.0457,1.6607

158.4840,-1.9737,-1.6222,2.5764,6.0106,0.1685,-0.3865,3.9501,1.5183,-0.3865,1.2462

159.4840,-3.0025,0.1065,2.8234,5.2389,-0.0785,-0.0160,2.9211,1.3348,-0.0160,1.1418

160.4840,-2.2309,0.0447,3.2556,5.2389,-0.0785,0.0457,3.6929,1.6538,0.0457,1.4241

161.4840,-2.4881,-0.0170,3.1321,5.7534,0.0450,-0.0778,3.9501,1.7292,-0.0778,1.4711

162.4840,-2.2309,-0.0788,3.0704,6.0106,0.1067,-0.1395,4.7219,1.9333,-0.1395,1.6372

163.4850,-2.2309,-0.0170,3.1938,5.2389,0.1685,-0.0778,3.9501,1.7172,-0.0778,1.4608

164.4840,-3.0025,0.2299,3.2556,5.4962,-0.0785,-0.0160,3.9501,1.6418,-0.0160,1.4050

165.4840,-1.2021,-0.0788,3.5025,6.0106,-0.8811,-0.0160,3.9501,1.8835,-0.0160,1.6122

166.4850,-2.2309,0.1682,3.0086,6.0106,-0.1402,0.1692,3.1784,1.6658,0.1692,1.4520

167.4840,-2.4881,0.1682,3.0704,6.5251,-0.1402,0.1692,4.4647,1.9333,0.1692,1.6813

168.4840,-1.9737,0.2917,2.4529,7.8112,-0.1402,0.0457,4.4647,2.1511,0.0457,1.8503

169.4840,-2.4881,0.1065,3.1321,7.5540,-0.2020,0.0457,3.1784,1.8801,0.0457,1.6181

170.4840,-2.4881,-2.7334,4.3669,4.2100,0.4772,-0.0778,3.9501,1.2971,-0.0778,1.1007

171.4840,-1.7165,-0.1405,3.3173,4.9817,-0.0167,-0.1395,3.1784,1.6006,-0.1395,1.3520

172.4840,-2.2309,0.1065,3.1321,5.7534,-0.0785,0.1692,3.4356,1.6864,0.1692,1.4696

173.4850,-0.9449,0.0447,3.1938,6.2678,-0.0167,0.0457,3.4356,1.9967,0.0457,1.7180

174.4840,-2.4881,0.1065,2.9469,5.7534,-0.0785,-0.4482,4.4647,1.7841,-0.4482,1.4652

175.4850,-2.2309,0.0447,3.3791,6.0106,0.1685,-0.1395,4.4647,1.9728,-0.1395,1.6710

176.4840,-2.2309,0.2299,3.1321,5.2389,0.1685,-0.2013,3.9501,1.7481,-0.2013,1.4696

177.4840,-1.9737,-0.2022,2.7617,5.4962,-1.6838,0.5396,2.6639,1.1770,0.5396,1.0859

178.4840,-1.4593,0.1065,3.2556,5.7534,-0.0785,0.0457,3.6929,1.8784,0.0457,1.6166

179.4840,-2.4881,0.1065,2.8851,5.7534,-0.0785,0.1074,3.4356,1.6023,0.1074,1.3888

180.4840,-2.2309,0.1065,2.9469,5.7534,0.0450,0.1692,3.6929,1.7189,0.1692,1.4976

181.4840,-2.2309,-0.0170,3.2556,6.0106,-0.0785,0.2309,3.6929,1.7721,0.2309,1.5519

182.4840,-1.7165,-0.1405,3.3173,5.2389,0.3537,-0.0160,4.4647,1.9196,-0.0160,1.6431

183.4840,-3.0025,0.3534,2.8851,6.7823,-0.0167,0.1692,4.2074,1.8682,0.1692,1.6254

184.4850,-2.7453,0.1065,3.3791,4.7245,0.1685,-0.1395,4.2074,1.6401,-0.1395,1.3859

185.4840,-2.4881,0.1065,3.0704,7.2968,0.0450,0.1692,2.6639,1.7824,0.1692,1.5519

186.4850,-1.9737,0.3534,3.0704,4.7245,0.0450,0.0457,2.1494,1.3948,0.0457,1.2021

187.4840,-1.7165,0.1065,3.1321,5.7534,0.2920,-0.0160,4.2074,1.9625,-0.0160,1.6798

188.4840,-2.4881,-0.0788,3.4408,6.0106,-0.1402,-0.0778,3.4356,1.6967,-0.0778,1.4432

189.4840,-1.9737,0.0447,2.8234,5.4962,0.8477,-0.1395,3.9501,1.8647,-0.1395,1.5784

190.4850,-1.2021,0.1682,3.0704,5.4962,0.2920,0.0457,3.4356,1.8767,0.0457,1.6151

191.4840,-1.7165,-0.2640,3.0086,6.5251,-0.2020,0.0457,4.2074,1.9264,0.0457,1.6578

192.4840,-2.2309,-0.1405,3.1321,5.2389,0.6007,-0.4482,4.2074,1.8013,-0.4482,1.4799

193.4860,-2.2309,-0.1405,3.1321,5.2389,0.1067,0.1074,3.9501,1.6761,0.1074,1.4520

194.4840,-3.7741,0.2299,3.0086,5.2389,0.1067,-0.4482,3.4356,1.3743,-0.4482,1.1139

195.4850,-2.2309,0.2299,2.8851,5.7534,0.0450,-0.0160,3.4356,1.6864,-0.0160,1.4432

196.4840,-2.2309,0.1065,2.9469,5.4962,-0.0167,-0.0778,3.9501,1.7087,-0.0778,1.4535

197.4840,-0.6877,0.1065,3.1938,5.4962,-0.1402,-0.3247,3.9501,1.9864,-0.3247,1.6563

198.4840,-2.4881,0.2299,3.1321,3.6956,0.2302,0.0457,3.9501,1.4583,0.0457,1.2565

199.4840,-2.4881,0.1682,2.9469,5.4962,0.1685,-0.3865,3.1784,1.5783,-0.3865,1.2976

200.4850,-2.2309,0.2917,3.0704,5.7534,0.1685,-0.0160,3.1784,1.7052,-0.0160,1.4593

201.4840,-2.4881,-0.2640,3.0086,6.2678,0.0450,-0.4482,3.9501,1.7533,-0.4482,1.4388

202.4840,-2.2309,0.1682,2.8851,5.7534,-0.1402,-0.0778,4.4647,1.8167,-0.0778,1.5461

203.4840,-2.2309,0.1065,2.6999,6.2678,-0.0785,-0.1395,3.6929,1.7429,-0.1395,1.4740

204.4850,-2.2309,0.1065,2.8234,6.0106,-0.1402,-0.0778,3.6929,1.7104,-0.0778,1.4549

205.4840,-2.7453,0.0447,3.8730,7.0395,-0.0167,-0.5717,4.7219,2.1528,-0.5717,1.7636

206.4840,-1.7165,0.1065,3.0704,6.0106,-0.2020,-0.1395,3.6929,1.8270,-0.1395,1.5460

207.4840,-3.5169,0.1682,2.6382,5.4962,-0.0167,-0.3865,3.6929,1.4103,-0.3865,1.1536

208.4840,-2.4881,0.0447,3.3173,4.2100,0.0450,-0.4482,3.4356,1.4274,-0.4482,1.1595

209.4840,-3.0025,0.1065,2.8234,5.2389,-0.0785,-0.5099,3.1784,1.3777,-0.5099,1.1080

210.4850,-2.2309,0.1065,3.2556,4.9817,0.1067,-0.2013,4.2074,1.7378,-0.2013,1.4608

211.4840,-2.7453,-0.0170,3.0704,5.4962,0.1067,-0.5717,4.9792,1.8150,-0.5717,1.4741

212.4840,-1.7165,-0.0788,3.3173,5.2389,0.0450,-0.5099,3.9501,1.7927,-0.5099,1.4637

213.4840,-2.7453,0.2299,2.8851,6.0106,-0.2637,-0.4482,3.9501,1.6778,-0.4482,1.3741

214.4840,-2.2309,0.1682,3.0704,6.0106,-0.0785,-0.3865,2.6639,1.6006,-0.3865,1.3167

215.4850,-1.7165,0.0447,3.3791,4.9817,0.1067,-0.4482,4.4647,1.8767,-0.4482,1.5446

216.4840,-2.2309,-0.0788,2.8851,5.2389,0.1067,-0.5099,4.2074,1.6881,-0.5099,1.3741

217.4840,-2.7453,0.2917,2.8234,6.0106,0.1067,-0.6334,3.9501,1.7395,-0.6334,1.4005

218.4850,-1.9737,0.0447,3.8112,4.2100,0.0450,-0.2630,2.9211,1.5097,-0.2630,1.2565

219.4840,-1.7165,-0.0788,2.8851,5.2389,0.0450,-0.3247,3.9501,1.7207,-0.3247,1.4285

220.4840,-2.4881,0.1065,2.8851,5.7534,-0.0167,-0.5099,3.4356,1.6126,-0.5099,1.3094

221.4840,-2.2309,0.2917,3.1321,6.5251,-0.0167,-0.4482,1.6349,1.5560,-0.4482,1.2697

222.4850,-2.2309,0.0447,3.3173,6.5251,-0.0167,-0.1395,3.1784,1.8030,-0.1395,1.5255

223.4850,-1.7165,-0.1405,3.1321,5.4962,0.3537,0.1074,3.6929,1.8030,0.1074,1.5608

224.4840,-2.4881,-0.0170,2.9469,5.7534,-0.0167,-0.5099,3.4356,1.6023,-0.5099,1.3006

225.4840,-1.4593,-0.0788,3.1321,4.9817,0.1685,-0.3247,3.9501,1.7824,-0.3247,1.4814

226.4840,-1.7165,0.1682,3.0086,5.2389,-0.0167,-0.1395,3.9501,1.7721,-0.1395,1.4990

227.4840,-2.7453,-0.0170,3.2556,4.9817,-0.2637,-0.5099,3.4356,1.4411,-0.5099,1.1624

228.4840,-1.4593,-0.0170,3.2556,3.4383,0.2302,-0.4482,3.9501,1.5663,-0.4482,1.2785

229.4840,-2.2309,-0.0170,3.5643,5.7534,-0.0785,-0.4482,3.6929,1.7807,-0.4482,1.4623

230.4840,-2.2309,-0.0170,2.8851,5.2389,0.0450,-0.2630,3.4356,1.5595,-0.2630,1.2991

231.4840,-2.4881,0.1065,3.1321,5.4962,-0.8811,0.2309,3.9501,1.5526,0.2309,1.3638

232.4850,-3.0025,0.1682,2.7617,5.2389,0.1067,0.2309,3.4356,1.4514,0.2309,1.2771

233.4840,-2.2309,0.0447,3.2556,5.2389,0.0450,-0.0778,4.2074,1.7601,-0.0778,1.4976

234.4840,-2.7453,0.0447,3.1938,6.0106,-0.0785,-0.1395,3.9501,1.7293,-0.1395,1.4623

235.4840,-2.4881,-0.0170,3.2556,6.0106,-0.0785,-0.0160,3.9501,1.7721,-0.0160,1.5167

236.4840,-1.7165,0.0447,2.5147,4.9817,0.1685,-0.0778,4.2074,1.7001,-0.0778,1.4461

237.4840,-2.2309,0.2917,3.0086,6.5251,-0.0785,-0.1395,3.4356,1.8253,-0.1395,1.5446

238.4840,-2.4881,0.1065,3.0704,7.0395,0.0450,0.0457,4.7219,2.0825,0.0457,1.7915

239.4840,-2.2309,0.1065,2.9469,6.0106,0.9711,0.4778,1.6349,1.5732,0.4778,1.4167

240.4840,-2.2309,-0.0788,3.2556,4.9817,0.1067,-0.5717,5.4937,1.9213,-0.5717,1.5652

241.4840,-1.9737,0.2299,3.3173,5.4962,0.0450,0.0457,3.6929,1.8013,0.0457,1.5505

242.4840,-2.2309,-0.0170,3.5025,7.2968,-0.3872,0.2926,3.1784,1.8904,0.2926,1.6622

243.4840,-1.4593,0.1065,3.0704,6.0106,0.2302,-0.1395,3.4356,1.8990,-0.1395,1.6078

244.4840,-2.7453,0.1682,2.9469,6.2678,-0.4489,-0.0778,3.6929,1.6469,-0.0778,1.4005

245.4840,-1.9737,-0.1405,3.1321,5.4962,0.0450,0.1692,4.2074,1.7944,0.1692,1.5622

246.4840,-2.7453,0.1065,3.1321,6.5251,0.4155,-0.2630,3.6929,1.8544,-0.2630,1.5520

247.4840,-2.2309,-0.0788,3.0704,5.2389,0.6624,-0.1395,4.2074,1.8116,-0.1395,1.5328

248.4840,-3.2597,-0.0170,3.4408,5.4962,0.0450,-0.0160,4.4647,1.6950,-0.0160,1.4505

249.4840,-2.2309,-0.0788,3.4408,5.7534,0.2302,-0.2013,4.2074,1.8870,-0.2013,1.5887

250.4840,-2.7453,-0.0170,2.6999,7.2968,-0.0785,-0.0160,3.6929,1.8081,-0.0160,1.5475

251.4840,-0.9449,0.0447,3.1938,6.0106,-0.0785,0.0457,3.9501,2.0293,0.0457,1.7459

252.4840,-3.0025,0.1065,3.0086,6.2678,0.0450,-0.0778,5.2364,1.9436,-0.0778,1.6549

253.4850,-3.7741,-0.0788,4.3669,5.7534,0.0450,-0.0778,4.7219,1.8391,-0.0778,1.5652

254.4850,-2.7453,0.0447,3.1938,4.9817,-0.0785,-0.0160,3.9501,1.5578,-0.0160,1.3329

255.4840,-3.7741,0.2299,3.3173,6.2678,0.0450,0.1074,3.1784,1.5441,0.1074,1.3388

256.4840,-2.2309,0.2299,3.1321,5.7534,0.2302,-0.2013,7.0372,2.3587,-0.2013,1.9930

257.4840,-2.2309,-0.0170,3.0086,6.2678,-0.0785,-0.2630,3.4356,1.7309,-0.2630,1.4461

258.4840,-1.9737,-0.0170,3.3173,5.4962,0.1067,-0.4482,3.6929,1.7704,-0.4482,1.4535

259.4840,-0.6877,-0.1405,3.1321,5.7534,-0.1402,-0.6334,2.9211,1.8064,-0.6334,1.4578

260.4840,-1.9737,0.0447,3.1321,5.7534,-0.1402,-0.3865,3.6929,1.7515,-0.3865,1.4461

261.4840,-1.9737,-0.2022,3.0704,5.4962,0.9711,-0.2630,5.2364,2.0997,-0.2630,1.7622

262.4840,-1.4593,-0.0788,3.2556,5.7534,0.0450,-0.4482,3.9501,1.9110,-0.4482,1.5740

263.4850,-3.2597,0.0447,3.3791,6.7823,0.1685,-0.0778,3.9501,1.8442,-0.0778,1.5696

264.4840,-1.9737,0.7238,2.9469,5.7534,-0.0785,-0.5717,3.6929,1.8441,-0.5717,1.4990

265.4840,-4.2885,-0.0170,3.1938,5.7534,0.0450,-0.5717,4.7219,1.5681,-0.5717,1.2624

266.4840,-3.0025,-0.3874,3.4408,5.7534,-0.2020,-0.2013,3.6929,1.5492,-0.2013,1.2991

267.4850,-1.9737,-0.0170,2.9469,6.5251,0.0450,1.1569,6.2654,2.2986,1.1569,2.1355

268.4840,-1.9737,-0.0788,3.2556,5.4962,0.0450,-0.4482,4.2074,1.8253,-0.4482,1.5005

269.4850,-2.2309,-0.0788,4.1199,3.4383,0.1685,-0.2013,4.4647,1.6470,-0.2013,1.3829

270.4850,2.3987,-1.0665,3.5025,4.9817,0.2920,-0.1395,4.9792,2.5146,-0.1395,2.1354

271.4840,-1.9737,0.0447,3.2556,4.9817,0.0450,-0.0778,4.4647,1.8030,-0.0778,1.5343

272.4840,-3.5169,0.3534,2.6382,5.7534,-0.5724,0.0457,4.2074,1.4772,0.0457,1.2727

273.4840,-2.4881,0.1065,3.0704,6.0106,-0.1402,-0.2013,3.6929,1.7087,-0.2013,1.4358

274.4840,-1.9737,0.1065,3.0086,6.0106,-0.0167,-0.0778,4.4647,1.9333,-0.0778,1.6460

275.4840,-1.9737,0.0447,3.0704,5.7534,-0.0167,-0.3865,3.9501,1.8047,-0.3865,1.4917

276.4840,-1.9737,0.1682,3.4408,5.7534,-0.0785,-0.3247,4.4647,1.9625,-0.3247,1.6357

277.4840,-1.9737,0.0447,3.0086,5.4962,-0.0167,-0.0778,5.2364,1.9659,-0.0778,1.6740

278.4850,-1.4593,-0.1405,3.1321,3.4383,0.0450,-0.0778,4.7219,1.6229,-0.0778,1.3800

279.4840,-1.9737,-0.0788,3.3791,5.2389,-0.0167,0.1074,3.4356,1.6641,0.1074,1.4417

280.4850,-1.4593,-0.0170,3.5025,6.2678,0.1067,-0.0160,6.0082,2.4015,-0.0160,2.0561

281.4840,-1.7165,-0.0788,3.3173,5.4962,0.1067,-0.1395,4.2074,1.8887,-0.1395,1.5990

282.4840,-1.4593,-0.2022,3.1938,5.4962,0.0450,-0.9421,4.9792,2.0088,-0.9421,1.5872

283.4840,-2.2309,0.1065,3.1938,6.2678,-0.0167,-0.0778,3.6929,1.8356,-0.0778,1.5622

284.4840,-1.9737,0.0447,3.3173,6.2678,0.1067,-0.1395,3.9501,1.9522,-0.1395,1.6534

285.4850,-2.2309,0.1065,3.0704,6.2678,-0.0167,0.1074,3.4356,1.7721,0.1074,1.5343

286.4840,-2.7453,0.1682,3.1321,5.7534,-0.0167,-0.0160,4.4647,1.7927,-0.0160,1.5343

287.4850,-2.7453,-0.0170,3.1938,5.2389,0.1067,-0.0778,4.2074,1.6641,-0.0778,1.4153

288.4840,-1.9737,-0.0170,3.1321,5.7534,-0.0167,0.1074,2.9211,1.6332,0.1074,1.4152

289.4850,-1.7165,-0.1405,3.0086,5.4962,0.1067,-0.0778,4.2074,1.8270,-0.0778,1.5549

290.4840,-1.9737,0.1065,3.0704,5.4962,-0.2020,0.1692,2.6639,1.5269,0.1692,1.3329

291.4840,-2.4881,-0.3257,2.4529,8.0684,-0.0785,0.2309,3.9501,1.9299,0.2309,1.6872

292.4840,-2.4881,0.2917,3.1321,6.7823,-0.0785,0.2309,3.4356,1.8458,0.2309,1.6151

293.4840,-2.7453,0.3534,3.1938,5.7534,0.1067,-0.0778,4.4647,1.8545,-0.0778,1.5784

294.4840,-2.2309,0.0447,3.1938,5.4962,0.1067,-0.2013,4.4647,1.8459,-0.2013,1.5534

295.4840,-2.7453,-0.0788,3.7495,6.0106,0.0450,-0.0778,3.9501,1.8219,-0.0778,1.5505

296.4840,-2.2309,0.1065,3.1938,5.2389,0.1685,-0.1395,4.2074,1.7807,-0.1395,1.5064

297.4850,-2.4881,0.1682,3.0704,5.7534,-0.0785,0.0457,3.6929,1.6864,0.0457,1.4520

298.4840,-2.7453,0.1065,2.9469,6.0106,-0.0167,-0.1395,3.9501,1.7087,-0.1395,1.4446

299.4840,-1.7165,0.1682,3.1321,6.7823,-0.1402,0.0457,3.6929,1.9865,0.0457,1.7092

300.4840,-1.9737,-0.0170,2.7617,5.4962,0.9094,0.0457,4.7219,1.9831,0.0457,1.7063

301.4850,-2.7453,0.0447,3.3791,5.7534,-0.2020,-0.0160,4.4647,1.7824,-0.0160,1.5255

302.4840,-2.2309,0.0447,3.0704,6.5251,-0.0785,0.1692,3.6929,1.8373,0.1692,1.5990

303.4840,-0.9449,0.0447,3.6260,5.7534,1.2799,0.6013,3.4356,2.1991,0.6013,1.9709

304.4840,-2.2309,0.1682,2.8851,6.0106,0.1067,-0.0778,3.4356,1.7292,-0.0778,1.4711

305.4850,-1.7165,-0.0170,3.1938,5.7534,0.0450,-0.1395,3.9501,1.8681,-0.1395,1.5813

306.4850,-2.2309,0.0447,3.0086,6.2678,-0.2020,-0.0160,3.4356,1.7207,-0.0160,1.4726

307.4840,-1.9737,-0.0788,3.3173,4.9817,-0.0167,-0.0160,3.9501,1.6967,-0.0160,1.4520

308.4840,-2.4881,-0.1405,3.3791,6.0106,-0.0785,0.0457,3.9501,1.7721,0.0457,1.5255

309.4850,-2.2309,-0.0170,3.3791,5.4962,-0.0167,0.2309,2.9211,1.5886,0.2309,1.3947

310.4840,-3.0025,0.0447,3.3791,6.0106,-0.2637,-0.0160,4.2074,1.7293,-0.0160,1.4799

311.4840,-1.9737,-0.0170,3.2556,7.8112,-0.0785,0.0457,3.4356,2.0722,0.0457,1.7827

312.4840,-2.4881,0.1065,3.0704,6.2678,-0.0167,-0.1395,4.4647,1.9007,-0.1395,1.6093

313.4840,-1.4593,-0.3257,3.5025,6.2678,0.0450,-0.0778,3.9501,1.9968,-0.0778,1.7004

314.4840,-2.2309,-0.0788,3.3173,6.2678,0.1067,0.2309,3.9501,1.8887,0.2309,1.6519

315.4850,-2.2309,0.0447,3.3173,5.7534,-0.0785,0.0457,3.9501,1.7927,0.0457,1.5431

316.4840,-1.7165,0.0447,2.8234,5.2389,0.1067,-0.0778,4.4647,1.8270,-0.0778,1.5549

317.4850,-1.9737,-0.0788,2.8851,5.7534,0.0450,-0.0160,4.7219,1.8922,-0.0160,1.6196

318.4840,-2.4881,0.0447,3.3791,6.2678,-0.1402,-0.0160,4.2074,1.8784,-0.0160,1.6078

319.4850,-1.9737,0.1682,3.0086,6.7823,0.2302,0.2926,1.8921,1.6846,0.2926,1.4858

320.4840,-1.7165,-0.0170,3.2556,5.7534,0.0450,-0.0778,4.2074,1.9213,-0.0778,1.6357

321.4850,-2.2309,0.1682,3.0704,5.7534,-0.1402,0.2926,3.9501,1.7618,0.2926,1.5519

322.4840,-1.7165,0.1065,2.8851,5.7534,-0.0167,0.1692,3.6929,1.7841,0.1692,1.5534

323.4840,-2.7453,-0.0788,3.1938,5.7534,0.1067,-0.0778,3.6929,1.6538,-0.0778,1.4064

324.4840,-2.2309,-0.0788,3.5025,6.2678,0.1685,-0.2013,3.9501,1.9299,-0.2013,1.6254

325.4840,-1.7165,0.1682,3.0086,6.2678,-0.0785,-0.0778,3.6929,1.8904,-0.0778,1.6093

326.4840,-1.9737,0.1065,3.2556,5.7534,0.0450,-0.3247,4.7219,1.9848,-0.3247,1.6548

327.4840,-2.7453,0.1065,3.2556,5.7534,-0.1402,0.2309,3.6929,1.6538,0.2309,1.4505

328.4850,-2.2309,-0.1405,3.3173,4.7245,0.6007,0.4161,4.4647,1.7893,0.4161,1.5931

329.4840,-1.9737,-0.0788,3.5025,5.2389,0.2920,-0.0160,4.2074,1.8647,-0.0160,1.5960

330.4840,-3.2597,-0.0170,3.3173,6.5251,-0.0167,0.5396,3.9501,1.7498,0.5396,1.5769

331.4840,-2.4881,0.1682,3.2556,8.0684,0.0450,0.1074,3.9501,2.1665,0.1074,1.8724

332.4850,-2.4881,0.0447,3.0704,5.7534,-0.0167,0.5396,3.9501,1.7190,0.5396,1.5505

333.4840,-2.7453,0.1065,3.0704,5.7534,0.1067,0.2309,4.4647,1.7927,0.2309,1.5696

334.4840,-2.7453,0.1682,2.9469,8.8401,0.0450,0.2926,3.9501,2.2008,0.2926,1.9282

335.4850,-1.7165,0.0447,3.1321,5.7534,0.1067,0.2926,3.6929,1.8356,0.2926,1.6151

336.4840,-2.2309,0.1682,3.2556,5.7534,-0.0785,0.4778,3.4356,1.7172,0.4778,1.5402

337.4850,-1.4593,0.2299,3.5643,5.7534,-0.0785,0.3544,4.2074,2.0362,0.3544,1.7959

338.4840,-1.7165,0.0447,3.2556,5.4962,0.0450,0.4161,3.6929,1.8030,0.4161,1.6048

339.4840,-1.7165,1.1560,2.9469,6.7823,-0.0167,0.6630,3.6929,2.1408,0.6630,1.9297

340.4840,-1.7165,0.1065,3.3173,5.4962,0.1067,0.4778,4.2074,1.9196,0.4778,1.7136

341.4840,-1.4593,0.0447,3.1938,7.0395,-0.0785,0.5396,3.9501,2.1151,0.5396,1.8900

342.4840,-3.0025,0.6621,3.3791,6.2678,-0.0167,0.5396,3.4356,1.7876,0.5396,1.6093

343.4840,-1.7165,-0.0170,3.3173,5.4962,-0.3872,0.7248,4.2074,1.8167,0.7248,1.6607

344.4840,-2.4881,0.1065,3.6878,5.7534,0.1067,0.2926,5.2364,2.0671,0.2926,1.8136

345.4850,-0.6877,-0.2640,3.5643,6.0106,-0.0167,0.2309,3.6929,2.0499,0.2309,1.7900

346.4840,-1.7165,-0.2640,3.0704,5.7534,0.0450,0.5396,4.2074,1.8493,0.5396,1.6622

347.4840,-3.5169,0.2299,3.3791,6.2678,0.1067,0.4161,4.7219,1.8648,0.4161,1.6578

348.4840,-1.7165,0.1682,3.1938,8.5829,-0.2020,0.4161,3.9501,2.3294,0.4161,2.0561

349.4840,-2.2309,0.1065,3.1938,5.2389,-0.0167,0.4778,6.7799,2.1786,0.4778,1.9356

350.4840,-2.2309,0.1682,3.3173,6.0106,-0.1402,0.3544,4.7219,1.9745,0.3544,1.7430

351.4850,-1.9737,-0.0788,3.1321,4.7245,0.3537,0.3544,3.4356,1.5989,0.3544,1.4211

352.4840,-2.2309,0.2299,3.4408,5.7534,-0.0167,0.2309,3.9501,1.8544,0.2309,1.6225

353.4840,-1.7165,0.1065,3.0704,6.2678,-0.0785,0.4778,4.4647,2.0190,0.4778,1.7989

354.4840,-1.9737,-0.0788,3.2556,6.0106,0.0450,0.3544,4.2074,1.9110,0.3544,1.6886

355.4840,-2.2309,0.0447,3.2556,6.0106,0.1067,0.3544,4.9792,2.0276,0.3544,1.7886

356.4840,-1.7165,-0.0788,3.3173,5.2389,0.0450,0.6013,3.9501,1.7927,0.6013,1.6225

357.4850,-2.4881,0.1065,3.5643,5.2389,0.0450,0.1692,4.4647,1.8219,0.1692,1.5858

358.4840,-1.7165,-0.0788,3.1321,5.4962,0.0450,0.2926,4.4647,1.8904,0.2926,1.6622

359.4840,-0.9449,0.1065,3.3791,5.7534,0.9094,0.6630,4.2074,2.2351,0.6630,2.0105

360.4840,-1.7165,-0.0788,3.3791,5.2389,0.0450,0.2309,3.9501,1.8030,0.2309,1.5784

361.4840,-1.7165,-0.0170,3.4408,5.4962,0.1685,0.2309,4.4647,1.9728,0.2309,1.7239

362.4850,-2.2309,-0.3257,3.3791,5.4962,0.1685,0.2309,4.9792,1.9110,0.2309,1.6710

363.4840,-1.9737,-0.1405,3.6878,4.9817,0.7859,0.5396,4.4647,1.9676,0.5396,1.7636

364.4850,-1.4593,-0.0170,3.1938,5.7534,-0.0785,0.7248,3.4356,1.8047,0.7248,1.6504

365.4850,0.0839,0.1065,3.3791,5.4962,0.0450,0.1074,3.9501,2.1768,0.1074,1.8812

366.4850,-2.4881,0.2299,3.1938,6.2678,-0.0785,0.2926,3.6929,1.8030,0.2926,1.5872

367.4840,-1.7165,1.2177,3.1938,6.0106,0.0450,0.2926,4.2074,2.1597,0.2926,1.8930

368.4840,-2.7453,0.1065,3.0704,5.4962,-0.1402,0.9717,4.2074,1.6658,0.9717,1.5667

369.4840,-2.2309,0.1682,3.5643,6.7823,-0.0167,0.3544,3.6929,1.9933,0.3544,1.7592

370.4850,-2.4881,0.2917,3.1938,6.5251,-0.0167,0.3544,4.4647,1.9951,0.3544,1.7607

371.4840,-2.2309,0.2299,3.2556,6.2678,0.1067,0.1692,3.6929,1.8870,0.1692,1.6416

372.4840,-1.9737,-0.0788,3.5025,5.2389,0.1067,0.1692,3.9501,1.7910,0.1692,1.5593

373.4840,-1.9737,0.1682,3.1321,6.0106,-0.1402,0.4161,3.6929,1.8150,0.4161,1.6151

374.4860,-2.2309,0.0447,2.9469,6.2678,-0.0167,-0.0160,4.9792,1.9985,-0.0160,1.7107

375.4840,-2.4881,0.1065,3.5025,5.7534,0.0450,0.1692,4.2074,1.8544,0.1692,1.6137

376.4840,-2.7453,-0.0170,3.1938,5.7534,-0.0167,-0.0160,3.9501,1.6864,-0.0160,1.4432

377.4840,-2.4881,-0.0170,3.2556,5.7534,-0.0785,0.1074,4.4647,1.8150,0.1074,1.5711

378.4840,-1.7165,0.1065,3.3791,6.0106,-0.0167,0.3544,3.6929,1.9093,0.3544,1.6872

379.4840,-1.9737,0.0447,3.4408,7.0395,0.0450,-0.0160,4.7219,2.2197,-0.0160,1.9003

380.4840,-2.4881,0.0447,3.3173,6.7823,-0.0785,-0.0778,4.9792,2.0928,-0.0778,1.7827

381.4850,-2.4881,0.1065,3.2556,6.5251,0.1067,-0.0778,3.9501,1.9093,-0.0778,1.6254

382.4840,-2.2309,-0.0170,3.1321,5.4962,0.1067,0.2309,4.7219,1.8682,0.2309,1.6343

383.4850,-0.9449,0.0447,3.8112,4.9817,0.1685,0.0457,3.6929,1.9590,0.0457,1.6857

384.4840,-2.7453,0.0447,3.2556,5.2389,-0.0785,0.2309,3.6929,1.5681,0.2309,1.3770

385.4840,-1.4593,-0.0170,3.5025,4.7245,0.2302,0.0457,3.9501,1.8218,0.0457,1.5681

386.4840,-2.2309,-0.0170,3.3173,6.0106,-0.0785,-0.0778,4.2074,1.8682,-0.0778,1.5902

387.4840,-2.2309,0.0447,3.4408,5.4962,-0.0785,0.1074,6.5227,2.1992,0.1074,1.9003

388.4840,-3.0025,0.2917,3.3173,12.9558,0.4772,-0.1395,3.4356,2.9125,-0.1395,2.4765

389.4840,-2.7453,0.4151,2.8851,7.0395,0.0450,-0.0778,3.6929,1.8887,-0.0778,1.6078

390.4850,-1.4593,0.0447,3.4408,5.7534,0.0450,0.0457,3.9501,1.9625,0.0457,1.6886

391.4840,-0.6877,-0.2640,3.0086,5.7534,-0.0785,0.2309,4.4647,2.0327,0.2309,1.7753

392.4840,-2.2309,0.0447,3.3791,6.0106,0.0450,-0.2013,4.2074,1.9093,-0.2013,1.6078

393.4840,-2.4881,0.1065,3.3173,5.7534,-0.0167,-0.2630,4.4647,1.8562,-0.2630,1.5534

394.4840,-2.7453,0.1682,3.2556,5.7534,-0.0167,-0.3865,4.4647,1.8133,-0.3865,1.4990

395.4840,-1.7165,-0.0170,3.0704,5.7534,0.1067,-0.3247,4.2074,1.9007,-0.3247,1.5828

396.4840,-1.9737,-0.0788,3.3173,6.0106,0.0450,-0.2630,3.6929,1.8356,-0.2630,1.5358

397.4850,-1.7165,-0.0788,3.1938,5.4962,-0.0167,-0.2630,3.9501,1.8047,-0.2630,1.5093

398.4840,-2.4881,0.1065,3.0704,7.0395,-0.2020,-0.3865,3.6929,1.8699,-0.3865,1.5475

399.4840,-2.2309,-0.1405,3.2556,6.0106,-0.0785,-0.2630,3.9501,1.7944,-0.2630,1.5005

400.4840,-2.7453,0.1065,3.1938,6.7823,-0.0167,-0.5717,3.4356,1.7927,-0.5717,1.4549

401.4840,-2.2309,0.2299,3.1321,5.7534,0.4772,-0.6334,4.2074,1.9282,-0.6334,1.5622

402.4840,-2.4881,0.1065,3.1938,6.7823,-0.3255,-0.3247,3.6929,1.8270,-0.3247,1.5196

403.4840,-1.4593,0.1065,2.8234,6.2678,-0.3255,-0.3865,3.6929,1.8510,-0.3865,1.5313

404.4840,-3.2597,-0.2640,3.3173,5.4962,0.0450,-0.2013,3.6929,1.5046,-0.2013,1.2609

405.4840,-2.4881,0.2299,3.0704,6.2678,-0.0167,-0.0160,3.4356,1.7498,-0.0160,1.4976

406.4850,-2.4881,-0.4492,3.6878,4.4672,0.1067,0.0457,3.9501,1.5458,0.0457,1.3315

407.4840,-2.2309,0.1682,3.2556,6.0106,-0.3872,0.0457,3.6929,1.7515,0.0457,1.5078

408.4850,-2.7453,-0.0788,3.3173,5.4962,0.1067,-0.4482,6.2654,2.0603,-0.4482,1.7019

409.4850,-1.2021,-0.0788,3.3791,5.4962,0.1067,0.1074,3.6929,1.8990,0.1074,1.6431

410.4840,-2.4881,-0.0170,3.1938,5.7534,-0.0785,0.0457,3.6929,1.6761,0.0457,1.4432

411.4840,-1.9737,0.1065,3.3173,5.2389,0.1067,-0.1395,4.2074,1.8339,-0.1395,1.5519

412.4840,-1.9737,0.1065,3.1938,6.2678,-0.0167,0.1692,4.9792,2.0928,0.1692,1.8180

413.4840,-2.4881,0.0447,2.9469,6.0106,-0.1402,-0.0778,3.6929,1.6778,-0.0778,1.4270

414.4840,-2.2309,0.2917,3.0704,6.2678,-0.2637,-0.0778,3.6929,1.8047,-0.0778,1.5358

415.4840,-1.9737,-0.0788,3.0086,6.5251,-0.0785,-0.1395,3.6929,1.8493,-0.1395,1.5652

416.4840,-3.0025,0.1682,3.1321,6.2678,-0.1402,-0.0160,3.9501,1.7293,-0.0160,1.4799

417.4840,-1.9737,0.0447,3.6260,5.7534,0.1685,-0.2013,4.9792,2.0997,-0.2013,1.7710

418.4840,-3.0025,0.1065,3.0704,6.0106,-0.0167,-0.0778,3.9501,1.6864,-0.0778,1.4344

419.4840,-1.7165,-0.0788,3.0704,5.2389,0.0450,-0.1395,4.7219,1.8802,-0.1395,1.5916

420.4840,-1.9737,-0.0170,3.6878,4.4672,0.1685,0.0457,4.2074,1.7567,0.0457,1.5123

421.4840,-1.9737,-0.0170,3.5025,5.7534,0.2302,0.1692,4.2074,1.9505,0.1692,1.6960

422.4840,-2.2309,0.1682,3.1938,5.7534,-0.0167,0.2926,3.1784,1.6744,0.2926,1.4770

423.4840,-2.2309,-0.2022,3.5025,5.4962,0.1067,0.4161,3.9501,1.7704,0.4161,1.5769

424.4860,-2.7453,-0.0170,3.3791,6.2678,-0.0785,-0.0778,3.9501,1.7927,-0.0778,1.5255

425.4840,-1.9737,-0.2022,3.5025,5.7534,0.0450,0.2926,3.4356,1.7601,0.2926,1.5505

426.4840,-0.9449,-0.0170,3.6878,6.0106,-0.0167,0.3544,3.6929,2.0688,0.3544,1.8239

427.4840,-3.0025,0.1682,3.0086,5.4962,0.0450,0.1692,3.6929,1.5681,0.1692,1.3682

428.4860,-2.2309,-0.0170,3.3173,6.0106,0.0450,-0.2013,3.9501,1.8459,-0.2013,1.5534

429.4840,-1.9737,-0.0788,3.1938,6.2678,0.0450,0.0457,3.9501,1.9007,0.0457,1.6357

430.4840,-1.7165,0.1682,3.3791,5.4962,0.0450,0.1692,4.2074,1.9299,0.1692,1.6783

431.4840,-1.9737,0.0447,3.0086,5.7534,0.0450,-0.1395,4.2074,1.8476,-0.1395,1.5637

432.4840,-2.2309,0.2917,3.3173,6.2678,0.1685,-0.1395,4.4647,2.0465,-0.1395,1.7342

433.4850,-1.9737,0.0447,3.4408,6.0106,-0.0167,-0.3247,4.9792,2.0808,-0.3247,1.7372

434.4850,-2.7453,0.2299,3.0704,5.7534,-0.0785,-0.5099,3.6929,1.6538,-0.5099,1.3447

435.4840,-1.4593,-0.1405,3.3791,5.7534,-0.0167,-0.5717,3.9501,1.9110,-0.5717,1.5563

436.4840,-1.9737,0.2299,4.1199,5.4962,0.1067,-0.5099,4.2074,2.0311,-0.5099,1.6681

437.4850,-2.2309,-0.0788,3.5643,5.4962,0.0450,-0.2013,7.0372,2.3055,-0.2013,1.9474

438.4840,-0.6877,-0.1405,3.3173,4.9817,-0.0785,-0.0778,4.4647,1.9762,-0.0778,1.6827

439.4840,-2.4881,0.1065,3.2556,5.7534,0.1067,-0.2013,4.9792,1.9522,-0.2013,1.6446

440.4840,-1.9737,-0.0170,3.5643,6.2678,-0.0167,0.1074,3.4356,1.8767,0.1074,1.6240

441.4840,-1.4593,0.2299,3.5025,4.9817,-0.0167,0.0457,3.4356,1.7790,0.0457,1.5313

442.4840,-2.2309,0.0447,3.5025,5.7534,0.0450,-0.0778,4.4647,1.9299,-0.0778,1.6431

443.4850,-1.7165,0.1065,2.9469,6.7823,-0.0785,0.1074,4.9792,2.1700,0.1074,1.8753

444.4850,-1.9737,0.1682,3.1938,6.0106,0.1685,-0.1395,4.2074,1.9625,-0.1395,1.6622

445.4840,-1.2021,-0.0170,3.5025,6.0106,0.0450,0.1692,3.6929,2.0053,0.1692,1.7430

446.4840,-1.9737,-0.0788,3.5025,5.2389,0.2302,-0.1395,3.9501,1.8116,-0.1395,1.5328

447.4840,-2.2309,0.0447,3.3791,6.0106,0.0450,-0.0778,4.9792,2.0379,-0.0778,1.7357

448.4840,-2.2309,0.1682,3.1321,6.2678,-0.0785,-0.0778,3.9501,1.8681,-0.0778,1.5902

449.4840,-2.4881,0.1065,3.1938,5.7534,0.1685,-0.0778,4.2074,1.8236,-0.0778,1.5520

450.4840,-2.4881,0.0447,3.1938,4.9817,-0.0785,0.2926,3.4356,1.5149,0.2926,1.3403

451.4840,-0.1733,0.1682,3.3173,6.2678,0.1067,-0.1395,4.2074,2.3157,-0.1395,1.9649

452.4860,-3.7741,0.1682,3.4408,6.0106,0.1067,0.1692,4.4647,1.7361,0.1692,1.5123

453.4840,-1.2021,-0.0170,3.8112,5.7534,-0.4489,0.6013,4.2074,2.0173,0.6013,1.8150

454.4840,-2.2309,0.1682,3.3791,6.7823,0.1067,0.2309,3.6929,1.9830,0.2309,1.7327

455.4850,-2.7453,0.0447,3.1938,6.5251,-0.0785,0.2926,4.9792,1.9865,0.2926,1.7445

456.4850,-1.4593,-0.0788,3.1938,6.2678,0.1067,0.0457,3.1784,1.8681,0.0457,1.6078

457.4840,-1.4593,0.0447,3.0704,6.0106,-0.2020,0.1692,5.2364,2.1168,0.1692,1.8386

458.4840,-1.9737,-0.0788,3.4408,5.2389,0.3537,0.1692,6.7799,2.2935,0.1692,1.9900

459.4840,-2.2309,0.2299,3.2556,6.0106,-0.0167,-0.0160,4.2074,1.9093,-0.0160,1.6343

460.4840,-1.4593,0.0447,3.2556,5.4962,0.1067,-0.2013,3.9501,1.8990,-0.2013,1.5990

461.4840,0.0839,-0.0170,3.3791,6.5251,0.0450,-0.0160,3.9501,2.3277,-0.0160,1.9929

462.4840,-2.4881,-0.0788,3.7495,6.2678,0.0450,-0.2630,4.2074,1.9505,-0.2630,1.6343

463.4860,-3.5169,0.2299,3.1321,6.0106,0.0450,-0.3247,3.9501,1.6418,-0.3247,1.3609

464.4850,-5.0601,-0.2022,3.3173,6.0106,0.1067,-0.3865,3.6929,1.3109,-0.3865,1.0684

465.4840,-2.4881,0.0447,2.9469,6.0106,0.0450,-0.3865,4.4647,1.8373,-0.3865,1.5196

466.4840,-2.2309,0.0447,2.8851,6.2678,0.1685,0.1692,3.9501,1.8476,0.1692,1.6078

467.4840,-1.2021,-0.0170,3.4408,6.2678,0.0450,-0.1395,4.2074,2.1236,-0.1395,1.8003

468.4850,-1.4593,0.3534,3.2556,0.0944,0.1685,-0.0778,4.9792,1.2319,-0.0778,1.0448

469.4850,-2.4881,0.0447,3.7495,7.0395,0.0450,0.1074,4.2074,2.0997,0.1074,1.8151

470.4840,-0.1733,-0.0788,3.3173,6.2678,-0.0785,0.0457,3.4356,2.1150,0.0457,1.8194

471.4850,1.1127,-0.0170,3.0704,9.6118,0.0450,0.0457,3.6929,2.9193,0.0457,2.5088

472.4840,-0.6877,-0.0170,3.1321,6.2678,0.1067,-1.0038,3.9501,2.1253,-1.0038,1.6783

473.4840,-1.7165,0.1065,3.3791,6.0106,-0.0785,0.3544,4.7219,2.0705,0.3544,1.8253

474.4840,-1.7165,-0.1405,3.5025,4.9817,0.0450,0.1074,5.4937,2.0276,0.1074,1.7533

475.4840,-3.0025,-0.0788,3.1321,6.0106,-0.0167,-0.0778,4.4647,1.7516,-0.0778,1.4902

476.4840,-1.7165,-0.0170,3.1321,6.2678,0.0450,-0.0160,4.2074,1.9865,-0.0160,1.7004

477.4840,0.8555,-0.6961,3.8112,5.2389,0.1067,-0.1395,4.4647,2.2968,-0.1395,1.9488

478.4840,-2.2309,0.1682,3.3173,6.5251,0.1067,-0.1395,4.2074,2.0156,-0.1395,1.7078

479.4850,-1.9737,0.0447,3.2556,6.5251,0.2302,0.0457,4.4647,2.0911,0.0457,1.7989

480.4840,-1.9737,0.1065,2.9469,6.2678,-0.0167,0.1692,4.4647,1.9659,0.1692,1.7092

481.4840,-1.4593,-0.0788,3.2556,5.4962,0.0450,-0.0160,3.9501,1.8681,-0.0160,1.5990

482.4840,-5.0601,0.1682,2.7617,6.5251,0.0450,0.4161,4.7219,1.5270,0.4161,1.3683

483.4850,-3.0025,-0.0170,3.2556,5.4962,0.1067,0.2309,3.9501,1.6315,0.2309,1.4314

484.4840,-1.7165,0.2299,3.2556,6.0106,-0.2020,0.4161,3.9501,1.9213,0.4161,1.7063

485.4840,-1.9737,0.0447,3.2556,6.0106,0.1067,0.3544,3.9501,1.8990,0.3544,1.6784

486.4840,-2.2309,-0.0170,3.1321,6.0106,0.1685,0.3544,4.4647,1.9213,0.3544,1.6975

487.4840,-1.9737,-0.1405,3.3791,6.2678,-0.1402,0.3544,4.4647,1.9762,0.3544,1.7445

488.4840,-2.4881,0.1065,3.1938,6.0106,0.0450,0.4161,3.9501,1.8030,0.4161,1.6049

489.4840,-3.2597,-0.0170,3.3173,7.0395,0.1685,-0.0160,3.9501,1.8665,-0.0160,1.5975

490.4840,-1.9737,-0.0788,3.2556,5.4962,0.2920,-0.0778,4.9792,1.9951,-0.0778,1.6989

491.4840,-1.9737,0.1065,3.6260,6.2678,0.1067,-0.0778,3.6929,1.9710,-0.0778,1.6784

492.4850,-1.2021,-0.1405,3.3173,6.0106,0.1067,-0.2630,2.4066,1.7498,-0.2630,1.4622

493.4840,-2.2309,-0.0170,2.8851,5.2389,-0.2020,-0.5717,4.7219,1.7327,-0.5717,1.4035

494.4840,-1.7165,-0.0170,3.1321,5.7534,0.1067,-0.3865,4.9792,2.0396,-0.3865,1.6931

495.4840,-2.2309,-0.0788,3.1321,6.2678,-0.0167,-0.0778,4.2074,1.8802,-0.0778,1.6004

496.4840,-2.2309,0.8473,3.2556,6.2678,-0.0167,-0.2630,3.9501,2.0122,-0.2630,1.6872

497.4850,-1.2021,-0.1405,3.6878,5.7534,0.4155,0.0457,4.7219,2.2060,0.0457,1.8974

498.4840,-2.2309,0.2299,3.3791,5.2389,0.1067,-0.6334,4.2074,1.8219,-0.6334,1.4711

499.4850,-1.9737,0.1065,3.1938,6.2678,-0.0785,0.4161,8.5807,2.6828,0.4161,2.3590

500.4850,-3.0025,0.1682,3.0704,7.0395,-0.0167,0.2309,4.2074,1.9110,0.2309,1.6710

501.4840,-2.4881,0.1682,3.2556,5.7534,-0.0167,-0.5717,4.4647,1.8562,-0.5717,1.5093

502.4840,-2.2309,0.1682,3.1938,6.5251,0.0450,0.0457,3.6929,1.8990,0.0457,1.6343

503.4840,-1.4593,-0.0788,3.3791,5.7534,0.0450,-0.0778,4.7219,2.0602,-0.0778,1.7548

504.4840,-2.4881,0.1682,3.1321,5.2389,-0.0167,0.0457,3.6929,1.6212,0.0457,1.3961

505.4840,-2.7453,0.2299,3.1938,7.0395,-0.1402,-0.0778,4.2074,1.9642,-0.0778,1.6725

506.4840,-2.2309,0.4151,3.3173,6.5251,-0.0167,-0.2630,5.2364,2.2077,-0.2630,1.8548

507.4850,-2.2309,-0.0788,2.8234,7.2968,-0.2020,0.0457,3.6929,1.8836,0.0457,1.6210

508.4840,-1.4593,-0.0170,3.3791,5.7534,0.1685,-0.3865,3.9501,1.9625,-0.3865,1.6269

509.4850,-2.2309,0.1065,3.3173,5.7534,-0.3872,-0.0778,4.7219,1.8802,-0.0778,1.6005

510.4850,-3.0025,0.1065,3.1321,6.0106,-0.1402,0.1074,3.9501,1.6761,0.1074,1.4520

511.4840,-1.9737,-0.0788,3.3791,5.7534,0.0450,-0.1395,4.4647,1.9316,-0.1395,1.6357

512.4840,-1.7165,-0.4492,3.0086,6.0106,0.2302,-0.1395,4.7219,1.9676,-0.1395,1.6666

513.4840,-2.2309,0.2299,3.0704,5.7534,-0.0785,-0.0778,4.9792,1.9539,-0.0778,1.6637

514.4840,-1.9737,0.1065,3.3173,6.5251,0.1067,0.1692,3.9501,2.0053,0.1692,1.7430

515.4850,-0.9449,0.1065,3.3173,7.0395,0.1067,0.4161,4.2074,2.3054,0.4161,2.0355

516.4850,-1.7165,0.2299,3.3791,6.2678,0.0450,0.4161,3.9501,2.0259,0.4161,1.7959

517.4840,-2.4881,0.0447,3.3173,6.5251,-0.0167,0.3544,4.4647,1.9745,0.3544,1.7430

518.4840,-1.4593,-0.0788,3.5643,5.7534,0.0450,0.4161,4.7219,2.0911,0.4161,1.8518

519.4840,-1.7165,0.0447,3.8112,5.7534,0.0450,0.1692,5.2364,2.1957,0.1692,1.9062

520.4840,-1.2021,0.0447,3.6260,5.7534,0.1685,0.1074,3.9501,2.0568,0.1074,1.7783

521.4840,-2.7453,0.1682,3.5025,5.7534,0.1685,-0.0778,4.7219,1.9282,-0.0778,1.6416

522.4840,-1.2021,-0.0170,3.5643,5.4962,0.2920,0.1074,4.2074,2.0568,0.1074,1.7783

523.4850,-1.4593,-0.1405,3.5643,6.2678,-0.0785,-0.0778,4.2074,2.0602,-0.0778,1.7548

524.4840,-1.9737,0.0447,3.3791,6.0106,-0.0167,-0.0160,4.2074,1.9419,-0.0160,1.6622

525.4840,-2.7453,0.1682,3.3791,5.7534,0.1067,0.1692,4.7219,1.8973,0.1692,1.6504

526.4850,-2.7453,-0.0170,3.3791,6.0106,0.0450,-0.2630,4.7219,1.8990,-0.2630,1.5902

527.4840,-1.9737,0.1065,3.3791,5.7534,-0.0785,-0.1395,4.4647,1.9419,-0.1395,1.6445

528.4840,-1.9737,-0.0788,3.3173,6.2678,0.1067,-0.0778,3.9501,1.9316,-0.0778,1.6445

529.4840,-1.9737,-0.0788,3.1321,6.2678,0.7859,0.2309,4.2074,2.0568,0.2309,1.7960

530.4840,-1.9737,0.1065,3.2556,5.7534,0.1067,-0.1395,4.4647,1.9522,-0.1395,1.6534

531.4840,-1.9737,-0.0788,3.4408,5.7534,0.0450,0.1692,4.2074,1.8990,0.1692,1.6519

532.4850,-2.2309,-0.1405,3.5025,6.0106,0.1685,-0.4482,6.0082,2.2197,-0.4482,1.8386

533.4840,-2.2309,-0.0788,3.4408,5.7534,0.1067,-0.1395,3.9501,1.8236,-0.1395,1.5431

534.4850,-2.2309,0.1682,3.1938,5.7534,0.1067,-0.5717,4.2074,1.8664,-0.5717,1.5181

535.4850,-1.9737,-0.0170,3.2556,5.4962,0.2920,-0.8803,4.7219,1.9625,-0.8803,1.5564

536.4840,-1.2021,0.1065,3.3173,6.0106,0.2302,-0.0778,4.7219,2.1974,-0.0778,1.8724

537.4840,-2.2309,0.1682,3.0704,6.2678,0.0450,-0.3865,3.9501,1.8784,-0.3865,1.5549

538.4840,-1.7165,0.2299,3.1938,6.2678,0.1067,-0.2013,4.7219,2.1340,-0.2013,1.8004

539.4840,-1.7165,-0.0788,2.8851,6.7823,-0.0785,-0.3247,4.4647,2.0431,-0.3247,1.7048

540.4840,-2.2309,-0.1405,3.4408,6.2678,-0.2020,-0.3865,4.4647,1.9333,-0.3865,1.6019

541.4840,-1.4593,-0.1405,3.5025,6.7823,-0.1402,-0.5099,4.4647,2.1682,-0.5099,1.7856

542.4840,-1.7165,-0.0170,3.3173,7.0395,0.1067,-0.5099,3.9501,2.1134,-0.5099,1.7386

543.4840,-1.4593,-0.1405,3.3173,6.5251,-0.0785,-0.4482,4.4647,2.1048,-0.4482,1.7401

544.4840,-2.2309,0.2299,3.0704,4.9817,-0.0167,-0.2013,3.6929,1.6212,-0.2013,1.3609

545.4840,-1.9737,0.1682,3.2556,5.7534,0.2920,-0.0778,3.4356,1.8218,-0.0778,1.5505

546.4840,-1.4593,-0.1405,3.6260,6.5251,0.1067,-0.3865,4.2074,2.1442,-0.3865,1.7827

547.4840,-1.2021,-0.0788,3.1321,6.7823,-0.0785,-0.6334,3.1784,1.9556,-0.6334,1.5857

548.4840,-2.2309,0.2299,2.8234,4.4672,-0.1402,0.0457,2.9211,1.3451,0.0457,1.1595

549.4840,-2.2309,-0.0788,3.1321,6.0106,0.0450,-0.3247,4.2074,1.8476,-0.3247,1.5372

550.4840,-2.2309,0.0447,3.3173,4.9817,0.0450,-0.2630,4.2074,1.7275,-0.2630,1.4432

551.4840,-2.4881,0.3534,3.2556,4.7245,0.1067,-0.5099,2.9211,1.4789,-0.5099,1.1948

552.4840,-2.4881,-0.0170,3.2556,6.2678,-0.0167,-0.3865,3.9501,1.8253,-0.3865,1.5093

553.4840,-2.7453,0.1065,3.1938,6.2678,0.3537,-0.4482,3.9501,1.8544,-0.4482,1.5255

554.4840,-1.9737,0.0447,2.9469,6.2678,-0.1402,-0.4482,3.9501,1.8493,-0.4482,1.5211

555.4840,-2.2309,-0.0170,3.3173,4.4672,0.5389,-0.6334,4.4647,1.7567,-0.6334,1.4153

556.4850,-1.7165,-0.2022,3.3173,5.4962,-0.0167,0.9100,2.9211,1.6332,0.9100,1.5299

557.4850,-1.7165,0.2917,3.3173,6.0106,0.1067,-0.4482,4.2074,2.0362,-0.4482,1.6813

558.4860,1.1127,-0.6344,3.5025,4.9817,0.2920,0.0457,4.2074,2.2436,0.0457,1.9297

559.4840,-1.9737,0.0447,2.9469,5.2389,0.0450,-0.6334,3.9501,1.7087,-0.6334,1.3741

560.4840,-2.2309,-0.0170,3.1321,5.7534,0.0450,-0.0778,7.0372,2.2866,-0.0778,1.9489

561.4840,-2.4881,0.1065,3.1321,5.4962,0.1067,-0.0160,3.4356,1.6315,-0.0160,1.3961

562.4840,-1.9737,-0.1405,3.1938,5.7534,-0.0785,0.0457,3.4356,1.6984,0.0457,1.4623

563.4840,-2.2309,-0.0170,3.1938,6.2678,0.2302,-0.1395,3.9501,1.8990,-0.1395,1.6078

564.4860,-1.9737,0.0447,3.4408,6.2678,-0.0167,0.0457,3.9501,1.9522,0.0457,1.6798

565.4840,-1.7165,-0.0788,1.8973,8.3257,-0.2637,0.3544,4.2074,2.0619,0.3544,1.8180

566.4840,-2.2309,-0.0788,3.5025,5.7534,-0.1402,0.5396,3.1784,1.6641,0.5396,1.5034

567.4840,-1.9737,0.2917,3.0704,6.0106,0.1685,0.2309,3.9501,1.9196,0.2309,1.6783

568.4840,-4.2885,0.9090,2.9469,6.0106,0.1067,0.2926,3.6929,1.5629,0.2926,1.3815

569.4840,0.3411,-0.2640,3.2556,5.2389,0.1685,0.1074,3.4356,2.0293,0.1074,1.7547

570.4840,-2.2309,0.2917,3.1938,5.7534,-0.0167,-0.0778,4.2074,1.8664,-0.0778,1.5887

571.4840,-2.2309,-0.1405,3.3173,7.0395,0.1067,-0.0160,4.4647,2.0928,-0.0160,1.7915

572.4840,-2.4881,0.4151,2.9469,6.0106,-0.0785,-0.0778,4.4647,1.8784,-0.0778,1.5990

573.4850,-1.7165,0.1065,3.3173,5.7534,-0.0167,0.1074,4.2074,1.9419,0.1074,1.6798

574.4840,-2.2309,0.0447,3.4408,6.2678,-0.2020,-0.0778,4.4647,1.9642,-0.0778,1.6725

575.4840,-4.0313,0.0447,3.2556,6.5251,-0.0167,-0.0778,3.9501,1.6212,-0.0778,1.3785

576.4840,-2.4881,0.1065,3.2556,5.7534,-0.0785,0.1692,3.9501,1.7498,0.1692,1.5240

577.4850,-1.4593,-0.0170,3.1938,6.2678,0.0450,0.5396,7.0372,2.5113,0.5396,2.2296

578.4840,-2.7453,0.0447,3.5025,6.5251,0.1067,-0.0778,4.2074,1.9402,-0.0778,1.6519

579.4840,-1.9737,-0.0170,3.6260,7.2968,-0.0167,0.3544,4.2074,2.1871,0.3544,1.9253

580.4840,-1.9737,0.1065,3.6260,5.4962,-0.0167,0.5396,4.7219,1.9933,0.5396,1.7857

581.4840,-1.2021,-0.0170,3.2556,7.2968,0.0450,0.2926,4.2074,2.2643,0.2926,1.9826

582.4840,-1.4593,0.2299,3.3791,5.7534,0.0450,0.1692,3.9501,1.9830,0.1692,1.7239

583.4840,-1.9737,0.0447,3.5643,6.2678,-0.1402,0.2926,4.9792,2.1237,0.2926,1.8621

584.4840,-2.2309,-0.0788,3.2556,5.7534,-0.0785,0.1074,4.2074,1.8047,0.1074,1.5622

585.4840,-1.2021,0.1065,3.2556,5.7534,-0.0785,0.2926,4.2074,2.0070,0.2926,1.7621

586.4840,-3.7741,0.0447,3.3791,6.2678,0.2302,0.1074,3.9501,1.6830,0.1074,1.4579

587.4840,-1.9737,0.0447,3.6260,6.5251,-0.0785,0.4161,5.7509,2.3158,0.4161,2.0444

588.4840,-1.7165,0.2299,3.3791,6.0106,0.1685,-0.1395,4.2074,2.0465,-0.1395,1.7342

589.4840,-1.9737,0.0447,3.4408,5.2389,0.1067,0.1074,3.9501,1.8013,0.1074,1.5593

590.4840,-1.9737,0.5386,2.8851,4.9817,0.1067,-0.0160,4.4647,1.8339,-0.0160,1.5696

591.4840,-2.4881,0.0447,3.1321,5.4962,-0.0167,0.1074,3.6929,1.6435,0.1074,1.4241

592.4840,-2.2309,0.2299,2.1442,7.2968,-0.5107,0.2309,4.2074,1.8561,0.2309,1.6239

593.4840,-1.7165,0.0447,3.2556,6.7823,0.0450,-0.0778,5.7509,2.3603,-0.0778,2.0120

594.4850,-1.7165,0.1065,3.1321,5.4962,0.0450,-0.0160,4.2074,1.8784,-0.0160,1.6078

595.4850,-1.4593,0.0447,3.4408,6.5251,0.0450,-0.3865,4.9792,2.2626,-0.3865,1.8841

596.4860,-1.7165,0.0447,3.9347,7.0395,0.0450,-0.2630,4.2074,2.2591,-0.2630,1.8988

597.4850,-2.2309,0.2299,3.1321,5.4962,0.2302,0.4778,2.9211,1.6298,0.4778,1.4652

598.4840,-2.7453,-0.0170,3.3791,5.7534,-0.1402,-0.2013,4.7219,1.8253,-0.2013,1.5358

599.4850,-1.9737,0.1065,2.9469,6.2678,0.2302,-0.5717,4.2074,1.9642,-0.5717,1.6019

600.4850,-2.7453,-0.0170,3.8112,6.5251,-0.2020,-0.3247,6.2654,2.2729,-0.3247,1.9018

601.4840,-2.4881,-0.0170,3.3791,5.4962,0.0450,-0.3247,3.9501,1.7275,-0.3247,1.4344

602.4840,-2.4881,-0.0788,3.1321,5.4962,0.1067,-0.4482,3.9501,1.6864,-0.4482,1.3814

603.4840,-3.5169,0.1065,3.0704,5.7534,0.0450,-0.3865,3.1784,1.4394,-0.3865,1.1786

604.4840,-3.0025,-0.0788,3.5025,5.2389,-0.2020,-0.2013,4.7219,1.6967,-0.2013,1.4256

605.4850,-1.2021,-0.0170,3.1938,6.5251,-0.0785,-0.1395,4.4647,2.1477,-0.1395,1.8209

606.4840,-2.4881,0.1065,3.5643,5.2389,-0.2020,0.0457,6.2654,2.0808,0.0457,1.7901

607.4840,-2.7453,-0.5726,3.6878,4.9817,0.0450,0.1692,3.6929,1.5149,0.1692,1.3227

608.4840,-0.9449,-0.0788,2.7617,6.2678,0.2302,-0.1395,3.6929,1.9882,-0.1395,1.6842

609.4840,-3.0025,0.0447,3.5025,4.9817,0.0450,0.1074,3.9501,1.5869,0.1074,1.3756

610.4850,-2.2309,-0.1405,3.6260,4.9817,0.1685,-0.2013,2.9211,1.5543,-0.2013,1.3035

611.4850,-3.0025,0.1065,3.5025,5.7534,0.1067,-0.0778,3.9501,1.7361,-0.0778,1.4770

612.4840,-2.2309,0.1682,3.7495,5.7534,-0.1402,-0.0160,5.2364,2.0894,-0.0160,1.7886

613.4840,-3.0025,0.2917,4.1817,5.4962,-0.0785,0.2309,4.2074,1.8493,0.2309,1.6181

614.4840,-1.7165,0.0447,3.3791,6.5251,-0.0167,-0.1395,4.7219,2.1562,-0.1395,1.8283

615.4840,-1.9737,-0.2640,3.5643,6.7823,-0.1402,-0.2013,4.9792,2.1580,-0.2013,1.8209

616.4850,-2.4881,0.4769,3.5025,6.0106,-0.0785,-0.1395,4.7219,2.0242,-0.1395,1.7151

617.4850,-1.4593,-0.0170,3.3173,5.7534,-0.1402,0.2309,4.7219,2.0293,0.2309,1.7724

618.4840,-1.2021,-0.1405,3.1938,7.0395,-0.0785,-0.2013,5.2364,2.3414,-0.2013,1.9782

619.4840,-1.9737,0.0447,3.2556,6.5251,-0.0785,-0.2013,4.9792,2.1254,-0.2013,1.7930

620.4840,-1.9737,0.0447,3.3791,5.7534,0.1067,0.2926,5.2364,2.0911,0.2926,1.8342

621.4840,-2.4881,-0.0170,3.4408,5.7534,-0.0167,0.2926,3.4356,1.6847,0.2926,1.4858

622.4840,-0.9449,-0.0170,3.1321,6.0106,-0.0785,0.2926,4.7219,2.1374,0.2926,1.8738

623.4840,-1.7165,0.2299,3.1938,6.0106,0.2920,0.2309,4.2074,2.0362,0.2309,1.7783

624.4840,-1.9737,-0.2022,3.3173,6.0106,-0.0785,0.4161,4.2074,1.8801,0.4161,1.6710

625.4840,-2.4881,0.0447,3.5643,5.4962,0.0450,0.1692,4.7219,1.8973,0.1692,1.6504

626.4840,-1.9737,-0.0788,3.4408,6.2678,0.0450,0.6013,3.9501,1.9419,0.6013,1.7504

627.4850,-1.9737,-0.0170,3.1938,5.7534,0.0450,0.1074,4.2074,1.8681,0.1074,1.6166

628.4840,-3.2597,0.1065,3.4408,5.2389,0.0450,0.1074,3.9501,1.5869,0.1074,1.3756

629.4840,-1.9737,-0.2022,3.1938,6.2678,-0.0167,-0.0778,4.7219,1.9985,-0.0778,1.7019

630.4840,-1.7165,0.0447,3.5025,6.2678,-0.0785,0.2309,4.7219,2.1237,0.2309,1.8533

631.4840,-1.2021,0.1682,3.1938,6.2678,-0.0167,-0.1395,4.9792,2.2317,-0.1395,1.8929

632.4840,-1.9737,-0.1405,3.6260,5.7534,-0.0167,-0.2013,3.9501,1.8664,-0.2013,1.5710

633.4850,-1.9737,0.2299,3.3791,5.7534,0.1685,0.0457,4.2074,1.9608,0.0457,1.6872

634.4840,-4.0313,0.1065,3.2556,6.2678,-0.0785,-0.0778,2.9211,1.4069,-0.0778,1.1948

635.4840,-0.9449,-0.0170,3.1938,5.7534,-0.1402,-0.0160,4.7219,2.0945,-0.0160,1.7930

636.4840,-2.2309,0.1065,3.4408,5.7534,0.0450,-0.0778,4.2074,1.8870,-0.0778,1.6063

637.4840,-1.7165,-0.0788,3.5025,6.5251,-0.0785,-0.1395,4.2074,2.0602,-0.1395,1.7460

638.4840,-3.5169,-0.3257,3.2556,6.0106,-0.0167,-0.2013,4.7219,1.6881,-0.2013,1.4182

639.4840,-1.7165,0.0447,3.2556,5.2389,0.0450,-0.0778,3.9501,1.8030,-0.0778,1.5343

640.4840,-1.9737,-0.0170,3.3791,5.4962,0.1685,-0.3247,4.4647,1.9196,-0.3247,1.5990

641.4840,-1.4593,0.1065,3.1321,6.2678,-0.0785,-0.3247,3.9501,1.9865,-0.3247,1.6563

642.4850,-1.2021,-0.0788,3.1321,6.0106,-0.1402,-0.4482,5.4937,2.2025,-0.4482,1.8239

643.4840,-0.6877,0.1065,3.0086,6.0106,0.1685,-0.2013,4.4647,2.1785,-0.2013,1.8385

644.4840,-1.7165,0.0447,3.0086,6.0106,0.0450,-0.5099,4.4647,1.9762,-0.5099,1.6210

645.4840,-1.9737,0.0447,3.1938,6.0106,-0.3255,-0.3247,3.9501,1.8167,-0.3247,1.5108

646.4840,-1.2021,-0.1405,3.0086,6.0106,-0.0167,-0.4482,4.4647,2.0208,-0.4482,1.6680

647.4850,-1.9737,-0.0170,3.4408,3.6956,0.3537,-0.3865,4.7219,1.7035,-0.3865,1.4050

648.4840,-1.4593,-0.0170,3.3173,7.2968,0.2302,-0.0160,3.9501,2.2197,-0.0160,1.9003

649.4840,-1.2021,0.1065,3.0704,4.7245,0.2302,-0.1395,4.4647,1.8990,-0.1395,1.6078

650.4840,-1.7165,0.0447,3.1321,5.4962,0.2302,-0.0160,3.9501,1.8561,-0.0160,1.5887

651.4840,-1.9737,0.0447,3.3791,6.5251,-0.0785,-0.0160,6.0082,2.3175,-0.0160,1.9841

652.4840,-1.7165,-0.0170,2.8851,6.0106,0.1067,-0.1395,4.2074,1.9127,-0.1395,1.6195

653.4840,-1.4593,0.1682,3.3791,6.2678,0.2920,0.0457,3.9501,2.0996,0.0457,1.8062

654.4840,-1.2021,-0.0788,3.3173,6.0106,0.6007,-0.3247,4.9792,2.2711,-0.3247,1.9003

655.4850,-1.9737,-0.2640,3.2556,7.2968,-0.0785,-0.1395,4.4647,2.1168,-0.1395,1.7945

656.4840,-1.7165,0.2299,3.5643,5.7534,0.0450,0.0457,4.9792,2.1425,0.0457,1.8430

657.4840,-1.9737,-0.0170,3.6878,5.7534,0.0450,-0.0160,3.9501,1.9076,-0.0160,1.6328

658.4840,-1.4593,0.1682,2.9469,5.4962,0.1685,0.1692,3.6929,1.8355,0.1692,1.5975

659.4840,-2.7453,-0.1405,3.3791,5.4962,0.0450,0.1692,4.4647,1.7498,0.1692,1.5240

660.4840,-2.4881,0.0447,3.0086,7.0395,-0.0167,-0.0778,3.1784,1.7944,-0.0778,1.5269

661.4840,-2.7453,1.2177,4.2434,8.8401,-0.2020,-0.0778,4.7219,2.6793,-0.0778,2.2854

662.4850,-2.2309,-0.1405,2.7617,6.5251,-0.2020,0.3544,4.9792,1.9488,0.3544,1.7210

663.4840,-1.9737,-0.0788,3.5025,6.0106,-0.0167,0.1074,5.2364,2.1134,0.1074,1.8268

664.4840,-1.4593,0.1682,3.1938,6.0106,0.0450,-0.0160,6.2654,2.3706,-0.0160,2.0297

665.4850,-1.4593,0.0447,3.6260,6.0106,-0.1402,-0.2630,4.7219,2.1340,-0.2630,1.7915

666.4840,-1.7165,0.0447,3.1321,6.0106,0.4772,-0.2013,4.2074,2.0259,-0.2013,1.7078

667.4850,-1.9737,-0.0170,3.1321,6.0106,0.2920,-0.0160,3.4356,1.8133,-0.0160,1.5519

668.4840,-2.7453,-0.0788,3.8730,6.5251,-0.0785,-0.1395,10.1242,2.9366,-0.1395,2.4972

669.4840,-1.9737,0.0447,3.0086,6.5251,0.1685,-0.3247,2.9211,1.7824,-0.3247,1.4814

670.4840,-2.4881,-0.0788,3.5025,6.2678,-0.1402,-0.2013,5.2364,2.0499,-0.2013,1.7283

671.4840,0.3411,-0.3257,3.4408,6.5251,0.1685,-0.0778,3.9501,2.3500,-0.0778,2.0032

672.4840,-1.4593,0.1065,3.2556,6.2678,0.1685,-0.0778,4.4647,2.1339,-0.0778,1.8180

673.4850,-0.9449,-0.2640,2.8851,4.7245,0.2920,-0.0778,3.9501,1.7738,-0.0778,1.5093

674.4840,-1.7165,-0.1405,3.0086,6.5251,0.8477,-0.3247,3.6929,2.0362,-0.3247,1.6989

675.4840,-0.4305,0.2299,3.3791,5.2389,0.2302,0.0457,3.9501,2.0996,0.0457,1.8062

676.4840,-0.9449,-0.0788,2.4529,6.5251,-0.2637,0.1074,3.9501,1.9401,0.1074,1.6783

677.4840,-0.6877,-0.1405,3.1938,6.0106,-0.2020,0.1074,5.2364,2.2351,0.1074,1.9312

678.4840,-2.2309,0.4769,3.3173,5.2389,-0.0167,0.0457,2.9211,1.6178,0.0457,1.3932

679.4840,-1.9737,0.2299,3.2556,5.2389,0.2302,0.1692,3.9501,1.8218,0.1692,1.5858

680.4840,-1.2021,-0.0788,3.2556,6.0106,-0.0785,0.0457,4.7219,2.1048,0.0457,1.8106

681.4840,-1.7165,0.4151,3.5025,5.2389,0.1067,0.1074,4.4647,2.0019,0.1074,1.7313

682.4840,-2.4881,0.1065,3.6260,5.4962,-0.0785,0.0457,4.4647,1.8544,0.0457,1.5961

683.4850,-1.7165,-0.2022,3.1938,7.0395,0.0450,0.2309,3.9501,2.0516,0.2309,1.7915

684.4840,-2.4881,-0.1405,3.3791,6.5251,-0.2020,-0.5717,6.2654,2.2232,-0.5717,1.8239

685.4840,-1.7165,-0.0788,3.4408,5.7534,-0.0785,0.0457,4.9792,2.0499,0.0457,1.7636

686.4840,-2.2309,-0.2022,3.5643,4.7245,-0.2020,0.2926,3.9501,1.6006,0.2926,1.4138

687.4840,-4.5457,-0.3874,3.3791,6.5251,-0.1402,0.3544,4.2074,1.5064,0.3544,1.3418

688.4840,-2.2309,-0.0788,3.6260,5.7534,0.1067,0.0457,3.6929,1.8116,0.0457,1.5593

689.4840,-1.4593,0.2917,3.5643,6.5251,-0.2020,0.1692,4.2074,2.1545,0.1692,1.8709

690.4840,-1.4593,0.0447,3.4408,5.2389,-0.0785,0.1692,4.2074,1.8990,0.1692,1.6519

691.4840,-1.9737,0.0447,3.0704,7.0395,-0.0167,-0.0778,4.2074,2.0619,-0.0778,1.7563

692.4840,-1.4593,0.2299,3.2556,5.7534,-0.0785,0.1692,4.2074,1.9847,0.1692,1.7254

693.4840,-2.4881,0.0447,3.5643,6.5251,0.1067,-0.0778,4.4647,2.0362,-0.0778,1.7342

694.4840,-2.2309,0.2299,3.0704,6.2678,0.1067,-0.2013,4.2074,1.9419,-0.2013,1.6357

695.4850,-2.7453,0.0447,3.5025,6.5251,-0.0167,0.3544,4.9792,2.0482,0.3544,1.8063

696.4860,-1.7165,0.2299,3.3791,6.2678,0.0450,0.3544,4.4647,2.1117,0.3544,1.8606

697.4840,-2.2309,0.1065,3.2556,5.7534,0.1685,-0.0160,3.4356,1.7481,-0.0160,1.4961

698.4840,-1.9737,0.1065,3.2556,6.2678,-0.0167,0.0457,3.6929,1.8887,0.0457,1.6254

699.4850,-2.4881,0.1065,3.3173,5.7534,-0.0785,0.0457,4.2074,1.8030,0.0457,1.5519

700.4850,-1.9737,-0.0788,3.3791,6.5251,0.2302,-0.2013,3.1784,1.8767,-0.2013,1.5799

701.4840,-1.2021,-0.0170,3.2556,6.0106,-0.0167,0.1074,4.2074,2.0396,0.1074,1.7636

702.4840,-2.4881,0.0447,3.5643,5.7534,0.1067,-0.0160,4.2074,1.8647,-0.0160,1.5961

703.4840,-2.2309,0.1682,3.3173,6.2678,-0.0167,-0.0160,3.9501,1.9093,-0.0160,1.6343

704.4840,-1.7165,-0.0788,3.4408,5.7534,0.0450,0.1074,3.9501,1.8990,0.1074,1.6431

705.4840,-1.9737,0.0447,3.4408,7.0395,0.0450,-0.2013,3.9501,2.0911,-0.2013,1.7636

706.4840,-2.2309,-0.0170,3.6878,6.7823,0.6624,-0.3247,6.0082,2.4821,-0.3247,2.0811

707.4840,-2.4881,0.0447,3.6878,6.2678,-0.0167,0.0457,3.6929,1.8647,0.0457,1.6049

708.4850,-3.2597,0.0447,3.4408,5.7534,0.1685,-0.2013,4.9792,1.8545,-0.2013,1.5608

709.4840,-1.7165,0.0447,3.5025,5.4962,-0.0167,-0.0160,3.9501,1.8767,-0.0160,1.6063

710.4840,-1.7165,-0.0788,3.5643,6.7823,-0.0167,-0.0778,4.4647,2.1665,-0.0778,1.8459

711.4840,-1.9737,0.2299,3.5025,5.2389,-0.8811,0.2309,3.6929,1.6349,0.2309,1.4343

712.4840,-1.7165,-0.0788,3.0704,5.7534,0.1067,-0.2013,4.7219,1.9762,-0.2013,1.6651

713.4850,-1.9737,0.1065,3.3791,6.5251,-0.5107,0.1692,3.6929,1.8698,0.1692,1.6269

714.4840,-2.2309,0.0447,3.1321,6.2678,-0.2020,-0.0160,4.2074,1.8699,-0.0160,1.6004

715.4840,-4.2885,0.2299,3.0704,6.0106,-0.0167,-0.0778,4.7219,1.6213,-0.0778,1.3785

716.4860,-1.7165,-0.2640,3.5025,6.2678,0.1685,-0.2013,4.7219,2.1134,-0.2013,1.7827

717.4840,-2.2309,-0.0170,3.5643,6.5251,-0.0167,-0.6951,4.7219,2.0911,-0.6951,1.6931

718.4840,-1.9737,0.1065,3.2556,6.5251,-0.0167,-0.5717,4.2074,2.0173,-0.5717,1.6475

719.4840,-3.0025,0.1065,3.5025,5.2389,0.1685,-0.0778,4.2074,1.7035,-0.0778,1.4491

720.4850,-2.7453,0.2299,3.1321,5.7534,0.2920,0.0457,3.1784,1.6401,0.0457,1.4123

721.4840,-1.9737,-0.0788,3.0086,6.0106,0.0450,-0.4482,3.6929,1.7841,-0.4482,1.4652

722.4850,-2.4881,0.0447,3.0704,6.0106,0.0450,-0.5717,3.4356,1.6864,-0.5717,1.3638

723.4840,-1.7165,0.1065,3.3791,6.0106,0.1685,-0.9421,5.4937,2.2403,-0.9421,1.7857

724.4840,-2.2309,0.0447,3.1938,5.7534,-0.0785,-0.3865,3.9501,1.7721,-0.3865,1.4637

725.4840,-1.7165,-0.0170,3.5025,6.0106,-0.0785,-0.3247,4.7219,2.0705,-0.3247,1.7283

726.4840,-1.9737,0.4151,2.9469,5.4962,0.1067,-0.2013,3.9501,1.8236,-0.2013,1.5343

727.4840,-1.9737,0.0447,3.1938,6.0106,0.1685,-0.3247,3.6929,1.8561,-0.3247,1.5446

728.4840,-1.7165,-0.0788,3.3791,6.2678,-0.0167,-0.4482,4.2074,2.0070,-0.4482,1.6563

729.4850,-0.6877,0.1682,3.0086,5.7534,0.1067,-0.5717,4.7219,2.1785,-0.5717,1.7856

730.4840,-1.7165,-0.2022,3.6878,5.4962,0.1067,-0.1395,4.2074,1.9299,-0.1395,1.6343

731.4840,-1.9737,-0.0170,3.0704,4.9817,0.2920,-0.3247,4.4647,1.8030,-0.3247,1.4990

732.4850,-1.9737,-0.0170,3.5025,5.7534,-0.2020,-0.7569,5.7509,2.1357,-0.7569,1.7225

733.4840,-1.7165,0.8473,2.9469,6.2678,-0.0785,0.4161,3.6929,1.9933,0.4161,1.7680

734.4840,-1.2021,0.0447,3.2556,7.2968,0.1067,-0.0778,4.4647,2.3277,-0.0778,1.9841

735.4840,-2.4881,-0.5109,3.5025,6.2678,-0.1402,0.2309,4.9792,1.9350,0.2309,1.6916

736.4840,-1.9737,-0.1405,3.3791,7.0395,0.2302,-0.2013,3.9501,2.0808,-0.2013,1.7548

737.4840,-3.2597,0.1682,3.8112,5.4962,-0.0785,0.1692,4.2074,1.7241,0.1692,1.5020

738.4850,-4.5457,-0.2022,3.3791,6.2678,-0.0167,-0.0778,5.7509,1.7722,-0.0778,1.5079

739.4840,-3.0025,-0.5109,3.5643,5.2389,-0.0167,0.3544,4.4647,1.6229,0.3544,1.4417

740.4840,-1.4593,0.2299,3.0086,5.4962,0.2302,0.0457,3.4356,1.8235,0.0457,1.5696

741.4840,-1.9737,-0.2022,3.5025,6.7823,-0.2020,-0.0778,5.2364,2.1906,-0.0778,1.8665

742.4840,-3.0025,-0.0788,3.9347,5.7534,-0.0785,0.4161,4.9792,1.9179,0.4161,1.7034

743.4840,-1.7165,0.1065,3.2556,7.2968,-0.0167,0.2926,4.4647,2.2317,0.2926,1.9547

744.4840,-2.2309,-0.0170,3.6878,4.9817,-0.0167,0.6630,4.7219,1.8544,0.6630,1.6842

745.4840,-1.4593,0.0447,3.2556,6.2678,0.1685,0.2309,4.2074,2.0808,0.2309,1.8165

746.4840,-0.4305,0.1682,2.8234,6.0106,0.2302,0.7865,3.4356,2.0396,0.7865,1.8606

747.4850,-3.7741,0.2299,3.6260,5.2389,-0.0167,0.6630,4.7219,1.6710,0.6630,1.5270

748.4840,-2.4881,0.1682,3.3173,5.4962,0.1067,0.0457,3.4356,1.6727,0.0457,1.4402

749.4850,-2.2309,-0.0788,3.5025,7.8112,-0.1402,-0.3865,4.7219,2.2643,-0.3865,1.8856

750.4850,-1.9737,0.1065,3.2556,6.0106,-0.0167,0.1074,4.4647,1.9745,0.1074,1.7078

751.4840,-2.7453,0.0447,3.3791,6.5251,-0.2020,-0.1395,4.9792,1.9968,-0.1395,1.6916

752.4840,-1.9737,0.2299,3.3173,6.0106,0.1067,0.0457,3.4356,1.8544,0.0457,1.5960

753.4840,-2.2309,-0.1405,3.5643,6.2678,-0.2020,-0.0160,4.9792,2.0397,-0.0160,1.7460

754.4840,-3.0025,0.1682,4.0582,5.4962,-0.0167,-0.0160,3.9501,1.7756,-0.0160,1.5196

755.4840,-1.7165,-0.0170,3.2556,6.2678,-0.0167,1.7126,4.4647,2.0396,1.7126,1.9929

756.4850,-2.2309,0.1065,3.3173,6.5251,-0.0167,-0.0160,3.6929,1.8990,-0.0160,1.6254

757.4840,-1.2021,0.1065,2.9469,7.2968,0.1685,-0.4482,4.7219,2.3397,-0.4482,1.9415

758.4840,-0.4305,1.8351,3.3791,5.2389,-0.0167,-0.0160,4.9792,2.4975,-0.0160,2.1384

759.4840,-1.9737,0.2917,3.1321,6.0106,0.2302,-0.1395,3.1784,1.8115,-0.1395,1.5328

760.4840,-1.9737,0.1065,3.4408,4.9817,0.1067,-0.0160,4.7219,1.8973,-0.0160,1.6240

761.4840,-0.6877,-0.0788,3.1938,5.7534,-0.2020,-0.2013,4.7219,2.1168,-0.2013,1.7856

762.4840,-2.2309,-0.0170,3.1321,7.2968,-0.0785,-0.0778,4.9792,2.1803,-0.0778,1.8577

763.4840,-2.2309,-0.1405,3.4408,5.4962,0.2920,-0.2630,4.9792,1.9728,-0.2630,1.6534

764.4840,-1.9737,0.0447,3.1321,7.0395,0.1067,-0.2630,3.9501,2.0499,-0.2630,1.7195

765.4840,-2.2309,0.1065,3.0704,6.2678,0.0450,-0.2013,4.2074,1.9110,-0.2013,1.6093

766.4840,-2.2309,-0.0788,3.4408,5.4962,-0.2020,-0.3865,4.2074,1.7721,-0.3865,1.4638

767.4840,-1.4593,0.0447,3.2556,6.5251,0.1067,-0.6334,5.2364,2.2849,-0.6334,1.8680

768.4840,-2.2309,0.1065,3.1938,6.2678,0.2920,-0.0160,3.9501,1.9299,-0.0160,1.6519

769.4840,-1.4593,-0.1405,3.1938,7.0395,-0.1402,-0.5099,4.2074,2.1168,-0.5099,1.7415

770.4840,-1.7165,0.0447,3.0704,4.9817,0.2302,-0.8803,5.7509,2.0602,-0.8803,1.6402

771.4850,-2.7453,0.1065,3.3173,6.0106,-0.0167,-0.3865,4.4647,1.8562,-0.3865,1.5358

772.4840,-2.2309,0.0447,2.8851,5.7534,0.1067,-0.3247,3.9501,1.7515,-0.3247,1.4549

773.4840,-2.2309,0.1682,3.1938,5.7534,-0.0167,-0.3247,4.4647,1.8887,-0.3247,1.5725

774.4840,-3.2597,0.1065,3.3791,6.2678,-0.2637,-0.0160,4.4647,1.7824,-0.0160,1.5255

775.4840,-3.2597,-0.0170,3.3791,5.2389,-0.0167,0.1074,4.2074,1.5887,0.1074,1.3770

776.4840,-1.2021,0.0447,3.1938,4.7245,0.0450,0.0457,3.9501,1.7927,0.0457,1.5431

777.4840,-2.4881,-0.0170,3.3791,5.7534,0.4772,-0.0778,4.2074,1.8853,-0.0778,1.6049

778.4840,-2.4881,0.7856,3.2556,6.5251,0.2302,0.3544,4.2074,2.0860,0.3544,1.8386

779.4850,-1.9737,-0.0170,3.6878,5.7534,0.2302,0.0457,3.9501,1.9385,0.0457,1.6681

780.4840,-1.9737,0.1065,3.3791,6.2678,0.1067,0.3544,4.9792,2.1443,0.3544,1.8886

781.4850,-1.4593,0.1682,3.5025,6.0106,0.1067,0.1692,4.7219,2.1751,0.1692,1.8885

782.4840,-2.4881,0.0447,3.3173,6.0106,-0.0167,0.3544,3.1784,1.6744,0.3544,1.4858

783.4840,-2.2309,0.0447,3.3791,5.7534,-0.0785,0.2926,3.6929,1.7601,0.2926,1.5505

784.4840,-2.2309,0.1065,3.4408,6.7823,-0.0167,-0.0778,5.2364,2.2197,-0.0778,1.8915

785.4840,-1.7165,-0.0170,3.1321,5.7534,0.1685,0.1692,4.4647,1.9642,0.1692,1.7077

786.4850,-2.7453,0.1065,3.3791,5.2389,-0.1402,0.6630,3.1784,1.5029,0.6630,1.3829

787.4840,-3.0025,0.1682,3.2556,6.2678,0.1067,-0.0778,4.2074,1.8339,-0.0778,1.5608

788.4840,-1.9737,0.0447,3.6260,6.0106,0.2920,-0.0778,4.4647,2.0774,-0.0778,1.7695

789.4840,-1.7165,0.0447,3.4408,5.4962,0.1067,-0.0778,2.9211,1.7155,-0.0778,1.4593

790.4840,-1.7165,-0.4492,3.3173,5.7534,-0.0785,-0.0778,4.2074,1.8390,-0.0778,1.5652

791.4840,-2.7453,0.0447,3.5643,5.7534,-0.2020,0.1074,4.4647,1.8133,0.1074,1.5696

792.4840,-1.9737,-0.1405,3.3173,6.0106,-0.1402,-0.0778,4.2074,1.8801,-0.0778,1.6004

793.4840,0.5983,0.2299,3.3791,6.2678,-0.2637,0.2309,4.9792,2.5318,0.2309,2.2031

794.4840,-2.2309,0.0447,3.3791,5.2389,0.2302,-0.0778,3.9501,1.7687,-0.0778,1.5049

795.4850,-2.2309,0.0447,3.4408,5.7534,-0.2020,-0.0160,4.9792,1.9642,-0.0160,1.6813

796.4840,-2.2309,0.0447,3.3791,4.7245,0.1067,0.1074,4.2074,1.7052,0.1074,1.4770

797.4840,-2.4881,0.0447,3.3173,5.4962,-0.0167,0.2926,4.7219,1.8459,0.2926,1.6240

798.4840,-1.7165,0.0447,3.1321,6.2678,-0.3255,-0.4482,4.2074,1.9350,-0.4482,1.5946

799.4850,-1.4593,0.1065,3.1938,6.5251,0.2302,-0.5099,3.9501,2.0911,-0.5099,1.7195

800.4840,-1.4593,0.2299,3.5025,6.0106,0.1067,-0.3865,4.2074,2.0997,-0.3865,1.7445

801.4840,-3.0025,0.2299,3.2556,5.4962,-0.0785,-0.3247,3.4356,1.5561,-0.3247,1.2874

802.4840,-2.2309,0.1065,3.0704,5.2389,0.0450,-0.1395,4.4647,1.7824,-0.1395,1.5079

803.4840,-2.2309,-0.1405,3.5025,5.7534,-0.0785,-0.0160,4.9792,1.9642,-0.0160,1.6813

804.4840,-2.7453,0.0447,3.5643,6.0106,-0.1402,-0.1395,4.7219,1.9093,-0.1395,1.6166

805.4840,-1.7165,-0.0788,3.2556,7.0395,-0.2020,-0.2013,4.9792,2.2128,-0.2013,1.8680

806.4840,-2.2309,0.2299,2.8851,4.9817,0.1067,0.1074,3.9501,1.6538,0.1074,1.4329

807.4840,-1.9737,0.2299,3.2556,6.0106,0.2302,-0.1395,4.2074,1.9933,-0.1395,1.6886

808.4840,-0.9449,0.2299,2.9469,5.7534,0.1685,-0.0778,4.2074,2.0602,-0.0778,1.7548

809.4840,-2.2309,0.2917,3.0086,3.9528,0.6007,0.1692,2.9211,1.4240,0.1692,1.2447

810.4840,-1.7165,0.2917,3.2556,4.9817,0.1685,0.4161,4.4647,1.9076,0.4161,1.6945

811.4850,-2.2309,0.0447,3.2556,6.7823,-0.2637,0.3544,3.4356,1.8373,0.3544,1.6254

812.4850,-2.7453,-0.3874,3.6878,6.0106,-0.2020,0.1692,4.7219,1.8476,0.1692,1.6078

813.4840,-3.2597,-0.2022,3.3791,7.0395,0.0450,0.2309,4.4647,1.9110,0.2309,1.6710

814.4840,-1.7165,0.1682,3.8730,4.9817,0.0450,0.6013,4.4647,1.9693,0.6013,1.7739

815.4840,-1.2021,0.0447,3.6260,6.7823,-0.0785,0.3544,5.2364,2.4015,0.3544,2.1090

816.4840,-1.2021,-0.2022,3.5025,7.0395,-0.2020,0.2926,4.9792,2.3192,0.2926,2.0296

817.4840,-1.9737,0.2299,3.3173,6.2678,0.1067,0.6013,3.1784,1.8544,0.6013,1.6754

818.4840,-1.9737,0.1065,3.4408,6.2678,0.0450,-0.1395,5.4937,2.2300,-0.1395,1.8915

819.4840,-1.9737,-0.3257,3.4408,3.9528,0.1685,-0.0160,4.2074,1.5783,-0.0160,1.3506

820.4840,-2.4881,0.1682,3.0704,6.0106,1.2799,0.2309,3.9501,1.9985,0.2309,1.7460

821.4840,-3.0025,2.0203,3.8112,4.4672,0.1685,0.1692,3.4356,1.8167,0.1692,1.5814

822.4850,-1.2021,-0.0788,3.3791,6.2678,-0.0785,0.0457,4.2074,2.0825,0.0457,1.7915

823.4840,-1.9737,-0.0170,3.1938,6.0106,0.0450,-0.0778,3.9501,1.8681,-0.0778,1.5902

824.4840,-2.4881,0.4151,3.3173,5.4962,0.2920,0.1074,2.9211,1.6589,0.1074,1.4373

825.4850,-1.9737,0.1682,2.8234,5.4962,0.0450,0.1074,4.7219,1.8802,0.1074,1.6269

826.4840,-2.4881,-0.0170,3.6260,6.2678,-0.1402,0.1692,3.6929,1.8236,0.1692,1.5872

827.4840,-2.4881,0.0447,3.8112,5.4962,-0.0167,-0.2013,4.2074,1.8424,-0.2013,1.5505

828.4840,-3.7741,0.4151,3.0704,6.5251,0.0450,-0.1395,4.9792,1.8768,-0.1395,1.5887

829.4840,-1.4593,0.2299,3.1938,6.5251,-0.0785,0.1074,3.9501,2.0602,0.1074,1.7812

830.4840,-3.0025,-0.0788,3.6260,4.9817,-0.0167,0.2309,4.2074,1.6195,0.2309,1.4211

831.4850,-2.2309,0.1682,3.6878,6.2678,0.9094,-0.0778,5.4937,2.3827,-0.0778,2.0312

832.4840,-1.4593,-0.2022,3.2556,7.0395,-0.0167,-0.0778,4.4647,2.1802,-0.0778,1.8577

833.4840,-2.2309,-0.0170,3.4408,5.7534,-0.3872,0.1692,3.9501,1.7515,0.1692,1.5255

834.4840,-1.9737,0.1065,3.1938,6.2678,0.1067,-0.0778,4.9792,2.1134,-0.0778,1.8004

835.4840,-2.4881,0.1682,2.5764,7.0395,-0.0785,0.0457,3.6929,1.8184,0.0457,1.5652

836.4850,-1.7165,0.1065,3.5643,5.2389,-0.0167,0.1074,4.2074,1.8973,0.1074,1.6416

837.4840,-1.7165,-0.0170,3.1321,5.7534,-0.0785,-0.0778,5.7509,2.1374,-0.0778,1.8209

838.4850,-2.2309,-0.3874,3.1321,6.0106,0.0450,-0.2013,3.9501,1.7533,-0.2013,1.4740

839.4840,-1.9737,0.1682,3.5025,5.4962,-0.0167,-0.9421,5.2364,2.0688,-0.9421,1.6387

840.4840,-1.9737,0.1065,3.4408,6.5251,-0.0167,-0.5099,3.9501,2.0053,-0.5099,1.6460

841.4840,-2.2309,0.1065,3.0086,4.2100,0.2302,-0.4482,4.2074,1.5886,-0.4482,1.2977

842.4840,-2.4881,0.0447,3.0086,6.0106,0.2920,-0.3865,4.2074,1.8459,-0.3865,1.5270

843.4840,-3.0025,0.0447,3.5643,6.2678,-0.0167,-0.5099,4.9792,1.9728,-0.5099,1.6181

844.4840,-1.9737,0.1682,3.0704,5.7534,-0.2020,-0.2630,3.9501,1.7944,-0.2630,1.5005

845.4840,-2.2309,0.1065,3.0704,6.0106,0.1067,-0.2013,3.9501,1.8356,-0.2013,1.5446

846.4840,-1.4593,-0.4492,3.6878,5.4962,0.1067,-0.3247,4.2074,1.9316,-0.3247,1.6093

847.4840,-1.9737,-0.0788,3.5643,5.7534,0.1067,0.1074,4.4647,1.9728,0.1074,1.7063

848.4850,-2.2309,0.1682,3.3173,5.7534,0.1685,-0.3247,4.2074,1.8973,-0.3247,1.5799

849.4850,-2.7453,0.0447,3.3173,6.0106,0.1067,-0.3865,3.9501,1.7807,-0.3865,1.4711

850.4840,-2.4881,0.2917,3.3791,6.2678,0.1067,-0.0778,4.2074,1.9608,-0.0778,1.6695

851.4840,-1.4593,0.1682,3.2556,6.2678,-0.0785,-0.2013,4.4647,2.1031,-0.2013,1.7739

852.4840,-1.4593,0.0447,3.1321,6.5251,0.0450,-0.0160,3.1784,1.9110,-0.0160,1.6357

853.4840,-1.4593,0.0447,3.5643,6.0106,0.0450,-0.2013,4.4647,2.1117,-0.2013,1.7812

854.4850,-1.7165,0.1065,3.3173,6.2678,0.0450,-0.0160,3.9501,1.9950,-0.0160,1.7077

855.4850,-1.9737,0.1065,3.3173,5.7534,0.1067,-0.0778,4.2074,1.9196,-0.0778,1.6343

856.4840,-1.9737,-0.0170,3.5025,6.5251,-0.0785,-0.1395,5.4937,2.2420,-0.1395,1.9018

857.4840,-2.2309,-0.1405,3.6878,6.0106,-0.0167,0.1692,4.7219,2.0054,0.1692,1.7430

858.4840,-1.2021,-0.0788,3.6260,5.7534,-0.0167,-0.2630,4.9792,2.1768,-0.2630,1.8283

859.4840,-1.7165,0.1682,3.3791,5.7534,-0.2637,-0.0160,3.9501,1.8784,-0.0160,1.6078

860.4850,-2.2309,0.2299,2.9469,5.2389,0.1685,0.1074,3.9501,1.7172,0.1074,1.4873

861.4840,-1.9737,0.0447,3.3791,6.0106,0.1685,-0.0778,3.9501,1.9299,-0.0778,1.6431

862.4840,-1.2021,-0.0788,3.7495,6.2678,-0.2637,-0.1395,5.2364,2.2849,-0.1395,1.9385

863.4840,-1.4593,0.2299,3.2556,6.0106,-0.0167,-0.2013,6.2654,2.3809,-0.2013,2.0120

864.4840,-0.4305,-0.2022,3.1938,5.7534,0.0450,0.0457,4.2074,2.0945,0.0457,1.8018

865.4840,-2.2309,0.1682,3.5643,7.0395,0.1067,0.7865,3.4356,2.0139,0.7865,1.8386

866.4840,-1.2021,0.0447,3.2556,5.7534,0.1067,0.0457,4.2074,2.0276,0.0457,1.7445

867.4840,-1.4593,-0.1405,3.5025,6.0106,0.0450,-0.2630,4.9792,2.1562,-0.2630,1.8106

868.4840,-2.7453,0.0447,3.8730,5.2389,0.1067,-0.0160,4.4647,1.8305,-0.0160,1.5667

869.4840,-2.2309,0.4151,3.3791,5.4962,0.0450,0.2926,4.7219,1.9711,0.2926,1.7313

870.4840,-1.4593,0.0447,3.3173,5.7534,0.0450,-0.0778,4.2074,1.9847,-0.0778,1.6901

871.4840,-3.0025,0.3534,4.1817,4.9817,0.4155,-0.3247,3.9501,1.8133,-0.3247,1.5079

872.4840,-1.4593,0.2299,3.1938,6.0106,0.0450,-0.2013,4.4647,2.0808,-0.2013,1.7548

873.4850,-1.9737,0.2917,2.7617,5.7534,0.2302,0.3544,3.4356,1.7498,0.3544,1.5505

874.4840,-1.9737,0.1682,3.5643,5.7534,-0.1402,0.2926,4.7219,2.0156,0.2926,1.7695

875.4840,-1.7165,0.0447,2.8851,6.0106,0.1685,-0.0778,3.4356,1.8047,-0.0778,1.5358

876.4840,-2.4881,0.0447,3.3791,5.7534,-0.0167,0.2926,2.6639,1.5560,0.2926,1.3755

877.4840,-1.4593,-0.0170,2.9469,7.0395,-0.1402,-0.2013,4.9792,2.2248,-0.2013,1.8782

878.4840,-2.2309,-0.0788,3.8112,6.5251,-0.2020,-0.1395,4.9792,2.1340,-0.1395,1.8092

879.4840,-1.9737,-0.2640,3.4408,4.4672,-0.3255,-0.0778,5.7509,1.8493,-0.0778,1.5740

880.4840,-1.4593,-0.1405,3.4408,7.0395,-0.0785,-0.1395,5.2364,2.3397,-0.1395,1.9856

881.4840,-1.4593,0.4769,3.3173,5.2389,-0.0785,0.1074,4.4647,1.9933,0.1074,1.7239

882.4840,1.3699,0.2299,3.3791,6.0106,0.0450,-0.2013,4.4647,2.5832,-0.2013,2.1854

883.4840,-1.7165,-0.0170,3.2556,7.2968,-0.0785,-0.1395,3.6929,2.0722,-0.1395,1.7562

884.4840,-1.4593,-0.1405,3.5643,6.7823,-0.0167,-0.2630,4.7219,2.2420,-0.2630,1.8841

885.4840,-2.7453,-0.0170,3.7495,7.8112,-0.2020,-0.0778,4.9792,2.2626,-0.0778,1.9283

886.4840,-1.2021,-0.0788,3.3173,7.2968,-0.0785,-0.3247,4.4647,2.2866,-0.3247,1.9135

887.4850,-2.7453,0.1682,3.1938,6.2678,-0.2020,-0.3247,4.4647,1.8579,-0.3247,1.5461

888.4840,-0.4305,-0.0788,3.3173,7.0395,0.1685,0.1692,3.1784,2.1991,0.1692,1.9091

889.4840,-2.2309,0.1065,3.2556,6.0106,0.1067,-0.2013,4.2074,1.9093,-0.2013,1.6078

890.4840,-2.4881,0.2299,3.2556,6.2678,0.2302,-0.1395,3.4356,1.8218,-0.1395,1.5417

891.4850,-2.4881,-0.0170,3.5643,4.4672,0.1685,-0.5717,3.9501,1.6075,-0.5717,1.2962

892.4840,-2.2309,-0.0788,3.2556,5.7534,-0.0785,-0.2630,4.2074,1.8047,-0.2630,1.5093

893.4840,-1.2021,0.1682,3.0086,5.4962,0.1685,-0.1395,3.1784,1.8030,-0.1395,1.5255

894.4840,-1.4593,0.7856,3.0704,6.5251,0.1685,-0.3865,6.5227,2.6021,-0.3865,2.1752

895.4840,-2.4881,-0.2022,3.6878,8.8401,-0.0785,-0.3865,4.4647,2.3706,-0.3865,1.9768

896.4840,-2.2309,0.3534,2.9469,6.2678,0.1685,-0.5099,3.1784,1.7807,-0.5099,1.4534

897.4840,-1.9737,0.1682,3.3173,5.2389,0.1685,-0.2630,4.9792,1.9831,-0.2630,1.6622

898.4840,-2.2309,-0.0788,3.3791,7.0395,-0.1402,0.2309,6.0082,2.3295,0.2309,2.0297

899.4840,-1.9737,0.6621,3.1321,8.3257,0.1067,0.1074,4.2074,2.4100,0.1074,2.0811

900.4840,0.3411,-0.2640,3.0086,6.5251,0.1067,-0.0160,4.2074,2.3208,-0.0160,1.9870

901.4850,-1.2021,0.0447,2.7617,5.7534,0.0450,-0.0160,4.9792,2.0636,-0.0160,1.7665

902.4850,-2.7453,0.1065,5.1695,8.5829,-0.3255,0.0457,4.2074,2.4993,0.0457,2.1487

903.4850,-1.9737,0.1065,3.5025,6.0106,0.1685,-0.0160,3.4356,1.8750,-0.0160,1.6049

904.4850,-2.2309,0.1065,3.0704,6.0106,0.0450,-0.0160,4.4647,1.9110,-0.0160,1.6357

905.4840,-2.2309,-0.0170,4.0582,4.7245,0.2920,-0.1395,4.7219,1.9248,-0.1395,1.6299

906.4840,-1.7165,-0.1405,3.2556,8.3257,-0.8194,0.1692,3.9501,2.1425,0.1692,1.8606

907.4850,-2.2309,0.1682,3.0086,5.7534,-0.0167,-0.0160,4.4647,1.8579,-0.0160,1.5902

908.4840,-0.9449,0.1065,3.3173,6.0106,0.1067,-0.0160,4.2074,2.1339,-0.0160,1.8268

909.4850,-2.2309,0.1065,3.6260,6.5251,-0.3872,0.1074,5.2364,2.1460,0.1074,1.8548

910.4840,-2.2309,-0.0788,3.5025,6.2678,0.3537,-0.0160,3.1784,1.8321,-0.0160,1.5681

911.4840,-1.2021,-0.0170,3.1321,6.0106,0.1685,-0.1395,6.2654,2.3929,-0.1395,2.0311

912.4840,-1.4593,-0.0788,3.3791,6.0106,-0.0167,-0.0778,1.8921,1.6212,-0.0778,1.3785

913.4840,-1.7165,0.2917,3.3173,6.0106,0.8477,-0.0778,4.2074,2.1597,-0.0778,1.8401

914.4840,-1.7165,-0.0170,3.6260,6.2678,0.1067,0.3544,4.4647,2.1220,0.3544,1.8694

915.4840,-1.4593,0.2299,3.4408,6.0106,0.0450,0.2926,4.4647,2.1219,0.2926,1.8606

916.4840,-2.2309,0.1065,3.6878,6.7823,-0.0167,0.6013,5.2364,2.2609,0.6013,2.0238

917.4840,-1.9737,-0.0170,3.6878,6.2678,1.0329,0.4778,4.4647,2.2437,0.4778,1.9915

918.4860,-2.2309,-0.0170,3.6260,6.5251,-0.2020,0.2309,4.4647,2.0276,0.2309,1.7710

919.4840,-1.7165,-0.0788,3.4408,6.0106,0.1067,0.4778,4.7219,2.0808,0.4778,1.8518

920.4840,-1.9737,-0.1405,3.6260,6.5251,-0.0167,0.1692,4.4647,2.0808,0.1692,1.8077

921.4840,-1.4593,-0.0170,3.3791,4.7245,-0.0167,0.2926,4.4647,1.8459,0.2926,1.6240

922.4840,-1.9737,0.2299,3.4408,5.7534,0.1067,0.3544,4.4647,2.0036,0.3544,1.7680

923.4840,-1.9737,-0.0788,3.6260,6.2678,0.2302,0.1692,4.7219,2.1323,0.1692,1.8518

924.4840,-1.4593,-0.0788,3.7495,6.5251,0.0450,0.1074,8.3234,2.8508,0.1074,2.4589

925.4840,-1.9737,0.2299,3.6878,6.2678,-0.0167,0.2309,4.2074,2.0671,0.2309,1.8048

926.4840,-1.9737,-0.1405,3.5643,6.0106,0.2302,0.2309,3.9501,1.9402,0.2309,1.6960

927.4840,-2.2309,0.0447,3.1938,6.7823,-0.0167,0.1074,6.0082,2.2969,0.1074,1.9841

928.4840,-0.6877,-0.2640,3.7495,7.2968,-0.2637,-0.0160,4.9792,2.4683,-0.0160,2.1134

929.4840,-1.9737,-0.0170,3.4408,5.4962,0.1685,0.0457,4.4647,1.9299,0.0457,1.6607

930.4850,-1.7165,0.0447,3.1938,6.2678,-0.0167,-0.2013,4.4647,2.0396,-0.2013,1.7195

931.4840,-1.4593,-0.0170,3.4408,7.0395,0.0450,0.1074,3.4356,2.0808,0.1074,1.7989

932.4840,-2.2309,0.1682,3.6260,6.5251,-0.0167,-0.1395,4.9792,2.1751,-0.1395,1.8445

933.4840,-0.9449,-0.0170,3.3173,6.0106,-0.0167,-0.0778,4.4647,2.1356,-0.0778,1.8194

934.4840,-1.7165,-0.2022,3.4408,7.0395,-0.1402,0.7248,4.4647,2.1477,0.7248,1.9444

935.4840,-1.4593,0.1065,3.7495,5.4962,0.1067,-0.0778,3.9501,1.9916,-0.0778,1.6960

936.4840,-1.7165,-0.2022,3.5643,6.2678,-0.2020,-0.0778,3.9501,1.9436,-0.0778,1.6548

937.4850,-0.9449,-0.1405,3.2556,6.7823,-0.2020,-0.3247,4.4647,2.2025,-0.3247,1.8415

938.4840,-1.7165,0.0447,3.3173,6.7823,0.0450,-0.3865,4.9792,2.2420,-0.3865,1.8665

939.4850,-1.4593,-0.0788,3.5025,6.7823,0.1067,-0.5099,4.2074,2.1768,-0.5099,1.7930

940.4840,-1.2021,-0.1405,3.5025,6.0106,-0.2020,-0.1395,5.4937,2.2437,-0.1395,1.9032

941.4840,-1.2021,-0.0788,3.3791,5.4962,0.1067,-0.2630,4.2074,1.9847,-0.2630,1.6636

942.4840,-2.2309,-0.0788,3.4408,5.7534,0.1067,-0.2013,4.2074,1.8664,-0.2013,1.5711

943.4840,-1.4593,0.1065,3.5643,6.5251,0.1067,-0.1395,3.9501,2.1322,-0.1395,1.8077

944.4840,-2.4881,0.3534,2.6382,4.7245,0.0450,-0.6334,4.2074,1.5801,-0.6334,1.2638

945.4840,-1.4593,0.0447,3.4408,6.0106,0.1685,-0.6951,4.7219,2.1545,-0.6951,1.7474

946.4850,-2.2309,0.1065,3.5643,6.2678,-0.0785,-0.3247,4.7219,2.0585,-0.3247,1.7181

947.4840,-2.2309,-0.0788,3.8112,6.7823,-0.1402,-0.4482,4.4647,2.1014,-0.4482,1.7372

948.4840,-1.7165,0.1682,3.4408,6.2678,0.1685,-0.4482,3.4356,1.9607,-0.4482,1.6166

949.4840,-0.6877,-0.0788,3.3173,6.0106,0.0450,-0.3865,4.4647,2.1785,-0.3865,1.8121

950.4840,-1.9737,0.2299,3.5025,5.7534,0.0450,-0.3247,4.2074,1.9608,-0.3247,1.6343

951.4840,-1.7165,-0.0170,3.5643,6.2678,0.0450,-0.5717,4.4647,2.1014,-0.5717,1.7195

952.4840,-1.9737,0.0447,3.6260,6.7823,0.1067,-0.5717,3.9501,2.0894,-0.5717,1.7092

953.4840,-1.9737,-0.2640,3.7495,7.2968,-0.0785,-0.3865,4.7219,2.2420,-0.3865,1.8665

954.4840,-1.7165,0.1682,3.0704,6.2678,0.1685,-0.0778,4.4647,2.0705,-0.0778,1.7636

955.4850,-1.9737,-0.0788,3.6260,5.7534,-0.2637,0.1692,7.2944,2.3929,0.1692,2.0753

956.4860,-1.2021,-0.0170,4.0582,6.2678,-0.0785,0.0457,5.2364,2.3775,0.0457,2.0444

957.4840,-0.6877,0.1682,3.5643,8.8401,-0.3255,-0.0160,3.9501,2.5849,-0.0160,2.2134

958.4840,-1.2021,-0.2640,3.5643,7.0395,0.0450,-0.1395,5.2364,2.4032,-0.1395,2.0399

959.4840,-1.2021,0.1065,3.4408,6.5251,-0.2020,-0.0778,5.7509,2.4032,-0.0778,2.0488

960.4840,1.3699,-0.0788,3.6260,8.5829,-0.0785,-0.0778,5.2364,3.1097,-0.0778,2.6543

961.4840,-1.9737,0.1682,3.9347,6.0106,-0.0785,0.1692,4.4647,2.0877,0.1692,1.8136

962.4840,1.6271,-0.5726,3.9965,7.2968,-0.0167,-0.0160,3.9501,2.7135,-0.0160,2.3236

963.4840,-1.7165,0.2299,3.8112,5.7534,0.2920,-0.0778,4.7219,2.1820,-0.0778,1.8592

964.4850,-1.2021,-0.0170,3.4408,5.4962,0.1067,-0.0160,4.2074,2.0053,-0.0160,1.7166

965.4840,-1.7165,-0.0170,3.7495,6.0106,0.1067,-0.0778,4.4647,2.0997,-0.0778,1.7886

966.4840,-0.1733,0.1065,3.3791,6.7823,0.3537,-0.2630,5.7509,2.6999,-0.2630,2.2766

967.4850,-1.4593,-0.0170,3.8730,6.0106,0.0450,0.0457,4.7219,2.1957,0.0457,1.8886

968.4840,-2.4881,-0.1405,3.8730,6.7823,-0.2637,0.1692,4.7219,2.0808,0.1692,1.8077

969.4840,-2.2309,-0.0788,3.5643,6.0106,-0.0167,0.0457,4.4647,1.9522,0.0457,1.6798

970.4840,-1.7165,0.4151,3.9347,5.4962,-0.2637,0.2926,4.9792,2.1408,0.2926,1.8768

971.4840,-1.4593,0.4151,3.5643,6.0106,0.0450,-0.2013,6.0082,2.4306,-0.2013,2.0547

972.4840,-0.6877,0.1065,3.3173,6.7823,0.0450,0.1692,4.2074,2.2951,0.1692,1.9914

973.4850,-0.9449,0.1065,3.8112,6.5251,0.2920,0.0457,4.2074,2.3329,0.0457,2.0061

974.4840,-1.2021,-0.0170,3.6878,6.5251,-0.0167,-0.2013,4.2074,2.1974,-0.2013,1.8547

975.4840,-1.4593,0.1065,3.5025,6.5251,0.1067,0.4778,3.4356,2.0362,0.4778,1.8136

976.4840,-2.7453,0.4151,3.8730,6.0106,0.0450,-0.0160,5.2364,2.1391,-0.0160,1.8313

977.4840,-1.7165,-0.3257,3.8730,6.5251,0.0450,-0.2630,4.4647,2.1442,-0.2630,1.8004

978.4840,-1.9737,-0.0788,3.8730,5.7534,-0.5724,-0.0160,3.4356,1.7395,-0.0160,1.4887

979.4840,-1.4593,-0.0170,4.1817,6.0106,-0.0167,0.1074,5.2364,2.3226,0.1074,2.0062

980.4840,3.9418,-0.2022,3.8112,6.0106,-0.0167,0.0457,4.4647,3.0016,0.0457,2.5793

981.4840,-1.9737,0.1065,3.5643,4.9817,0.1685,-0.0778,4.7219,1.9282,-0.0778,1.6416

982.4840,-1.2021,0.3534,4.0582,6.0106,0.0450,0.1074,5.2364,2.4169,0.1074,2.0870

983.4840,-1.4593,0.1682,3.8112,6.5251,-0.0785,0.2926,4.9792,2.3243,0.2926,2.0341

984.4840,-1.7165,-0.0788,3.9347,6.5251,-0.0167,0.4161,4.7219,2.2283,0.4161,1.9694

985.4840,-1.7165,0.0447,4.5521,4.4672,0.3537,0.3544,4.2074,1.9848,0.3544,1.7519

986.4840,-1.4593,0.1065,3.7495,6.7823,-0.0785,0.4778,6.7799,2.6467,0.4778,2.3369

987.4840,-1.2021,0.4769,3.8730,6.2678,0.1067,0.9100,4.2074,2.2883,0.9100,2.0914

988.4840,-2.4881,0.1065,3.9965,7.2968,0.0450,0.2309,4.4647,2.2369,0.2309,1.9503

989.4840,-1.2021,0.1065,3.6878,6.5251,0.2920,0.3544,3.9501,2.2265,0.3544,1.9591

990.4850,-1.2021,0.1682,3.8112,6.2678,0.1685,-0.0160,4.7219,2.3226,-0.0160,1.9885

991.4840,-1.4593,0.1682,4.0582,6.5251,0.1067,0.2309,5.7509,2.5250,0.2309,2.1972

992.4840,-1.7165,-0.0788,3.8112,6.2678,-0.0785,0.3544,0.8631,1.5114,0.3544,1.3461

993.4840,-1.7165,-0.0170,3.6878,6.2678,0.6624,-0.0778,5.4937,2.3964,-0.0778,2.0429

994.4840,-1.2021,-0.0788,3.6878,7.0395,-0.0785,-0.0778,4.9792,2.3912,-0.0778,2.0385

995.4850,0.0839,0.0447,3.8730,6.5251,0.1685,-0.0778,4.7219,2.5695,-0.0778,2.1913

996.4840,-1.2021,0.1682,3.4408,6.2678,-0.2020,0.1074,3.9501,2.0705,0.1074,1.7900

997.4840,-0.9449,-0.0788,3.6878,6.5251,0.1685,0.1074,4.4647,2.3037,0.1074,1.9900

998.4840,-3.0025,0.1682,3.6260,6.7823,-0.0167,0.2926,4.7219,2.0465,0.2926,1.7960

999.4840,-1.7165,-0.2640,3.5025,6.7823,0.0450,0.2309,4.4647,2.1357,0.2309,1.8636

1000.4840,-1.2021,0.0447,3.8112,7.5540,0.0450,-0.1395,3.4356,2.2814,-0.1395,1.9356

1001.4840,-2.2309,0.0447,3.9965,6.7823,-0.0167,-0.0778,4.2074,2.1305,-0.0778,1.8151

1002.4840,-1.4593,-0.1405,3.8730,6.5251,0.0450,-0.0160,4.9792,2.3037,-0.0160,1.9723

1003.4840,-2.2309,-0.0170,3.6878,6.5251,0.0450,0.0457,4.4647,2.0791,0.0457,1.7886

1004.4840,-2.4881,0.0447,3.7495,6.0106,0.1067,-0.0160,4.4647,1.9814,-0.0160,1.6960

1005.4850,-0.9449,0.1682,3.7495,6.5251,0.1685,-0.5099,4.7219,2.3980,-0.5099,1.9826

1006.4840,-1.4593,-0.0170,3.8730,6.5251,0.1067,-0.0778,4.7219,2.2917,-0.0778,1.9532

1007.4840,-1.9737,-0.0170,3.6260,5.7534,-0.0167,-0.0778,4.4647,1.9728,-0.0778,1.6798

1008.4840,-1.7165,-0.4492,3.8730,5.7534,0.1067,-0.0778,3.6929,1.8767,-0.0778,1.5975

1009.4840,-1.2021,-0.0170,3.7495,6.5251,0.0450,-0.4482,4.7219,2.3037,-0.4482,1.9106

1010.4840,-1.2021,0.2917,3.5643,6.0106,0.1067,-0.2630,3.6929,2.0773,-0.2630,1.7430

1011.4850,-0.1733,-0.0170,3.6260,5.7534,0.1067,-0.5099,4.4647,2.2934,-0.5099,1.8929

1012.4850,-1.7165,0.1682,3.4408,6.0106,-0.2020,-0.6334,5.2364,2.1563,-0.6334,1.7577

1013.4840,-1.9737,-0.1405,3.6878,6.5251,-0.1402,-0.4482,4.2074,2.0276,-0.4482,1.6739

1014.4850,-2.2309,0.1682,3.7495,6.0106,-0.0785,-0.3247,3.9501,1.9282,-0.3247,1.6063

1015.4840,-1.7165,0.6621,4.3669,7.2968,-0.0167,-0.5099,4.4647,2.5095,-0.5099,2.0782

1016.4840,-2.2309,0.1065,3.6260,6.0106,-0.0167,-0.3865,4.4647,1.9933,-0.3865,1.6534

1017.4850,-1.2021,-0.0170,3.6260,6.0106,-0.0167,-0.2013,4.9792,2.2300,-0.2013,1.8827

1018.4840,-1.4593,-0.2640,3.7495,6.7823,-0.0785,-0.4482,7.0372,2.6279,-0.4482,2.1884

1019.4840,-0.9449,-0.0788,3.9347,6.5251,-0.0167,-0.3247,7.2944,2.7856,-0.3247,2.3413

1020.4840,-1.9737,0.1065,3.7495,6.0106,-0.0167,-0.3865,4.2074,2.0139,-0.3865,1.6710

1021.4840,-1.7165,0.1065,3.7495,6.2678,-0.1402,-0.4482,5.2364,2.2506,-0.4482,1.8650

1022.4850,-1.2021,-0.2022,3.6878,6.5251,-0.0785,-0.5099,4.7219,2.2420,-0.5099,1.8489

1023.4840,-1.7165,0.0447,3.8730,5.7534,-0.0167,-0.3247,3.4356,1.8956,-0.3247,1.5784

1024.4840,-0.9449,0.0447,3.5643,6.2678,-0.0167,-0.4482,4.2074,2.1871,-0.4482,1.8106

1025.4840,-1.7165,0.1065,3.7495,6.5251,0.1067,-0.1395,5.2364,2.3346,-0.1395,1.9812

1026.4840,-1.2021,-0.0788,3.5643,7.0395,0.1685,-0.6334,4.7219,2.3689,-0.6334,1.9400

1027.4840,-1.7165,-0.0170,3.9965,6.2678,-0.0785,-0.0778,6.0082,2.4101,-0.0778,2.0547

1028.4840,-1.9737,0.1682,3.8730,5.4962,-0.0785,-0.4482,5.7509,2.2060,-0.4482,1.8268

1029.4840,-0.9449,-0.2640,3.6260,7.8112,-0.0167,-0.4482,4.4647,2.4460,-0.4482,2.0326

1030.4850,-2.7453,0.0447,3.8112,6.2678,0.1685,-0.0160,4.4647,2.0019,-0.0160,1.7137

1031.4840,-2.4881,0.0447,3.8112,6.2678,0.0450,-0.2013,3.9501,1.9385,-0.2013,1.6328

1032.4840,-1.4593,-0.1405,4.0582,5.4962,-0.3255,-0.0778,6.0082,2.2729,-0.0778,1.9371

1033.4840,-2.2309,0.3534,3.8112,7.2968,0.2302,0.0457,4.9792,2.4066,0.0457,2.0694

1034.4840,-8.6609,0.6621,3.5643,7.0395,-0.0785,0.0457,3.6929,1.0366,0.0457,0.8950

1035.4840,-1.4593,-0.0170,3.7495,6.5251,0.1067,-0.2013,4.7219,2.2711,-0.2013,1.9179

1036.4840,-0.9449,-0.5109,3.8112,6.0106,-0.7577,-0.3247,5.2364,2.1408,-0.3247,1.7886

1037.4840,-2.2309,0.1682,4.5521,3.4383,0.3537,-0.1395,3.9501,1.7053,-0.1395,1.4417

1038.4840,-1.7165,0.1065,3.5025,4.4672,0.1067,-0.0778,3.6929,1.6932,-0.0778,1.4402

1039.4840,-1.2021,0.1065,3.6260,7.2968,-0.0167,-0.1395,4.9792,2.4649,-0.1395,2.0929

1040.4840,-1.9737,0.4769,3.8112,6.7823,-0.0785,-0.0160,4.4647,2.2471,-0.0160,1.9238

1041.4840,-1.9737,0.0447,4.1199,6.7823,0.2302,0.1074,4.7219,2.3209,0.1074,2.0047

1042.4840,-1.7165,-0.1405,3.9347,6.7823,0.2920,-0.6334,5.7509,2.4838,-0.6334,2.0385

1043.4840,-2.7453,0.2299,3.8730,6.5251,0.1067,-0.0778,4.7219,2.1186,-0.0778,1.8048

1044.4840,-1.7165,-0.0170,3.9347,6.7823,0.2302,-0.5099,6.0082,2.5370,-0.5099,2.1017

1045.4840,-0.9449,-0.1405,3.6878,6.0106,-1.0046,-0.3865,5.4937,2.1837,-0.3865,1.8165

1046.4840,-4.8029,0.1065,3.7495,7.0395,-0.2020,-0.2630,5.2364,1.8545,-0.2630,1.5520

1047.4840,-1.2021,-0.0788,3.9965,6.0106,0.1685,0.1692,4.2074,2.1837,0.1692,1.8959

1048.4840,-1.2021,-0.2640,4.0582,6.0106,-0.1402,-0.0778,4.7219,2.1974,-0.0778,1.8724

1049.4840,-0.9449,0.0447,3.6260,6.7823,0.1067,-0.1395,4.9792,2.4323,-0.1395,2.0649

1050.4840,-0.4305,0.1065,3.8730,6.5251,-1.3751,0.6013,2.9211,1.9367,0.6013,1.7459

1051.4840,-1.2021,0.1065,3.6260,6.2678,-0.0167,-0.1395,4.2074,2.1648,-0.1395,1.8356

1052.4840,-1.4593,0.0447,3.7495,7.0395,-0.1402,-0.0778,4.7219,2.3260,-0.0778,1.9826

1053.4840,-1.2021,0.1682,3.6260,7.0395,-0.0785,-0.0160,5.4937,2.5078,-0.0160,2.1472

1054.4840,-1.2021,0.1682,4.2434,6.2678,0.0450,-0.0160,5.2364,2.4598,-0.0160,2.1061

1055.4840,-1.2021,0.1065,3.7495,6.0106,0.1685,-0.0160,2.4066,1.8733,-0.0160,1.6034

1056.4840,-0.9449,-0.0170,3.6878,6.7823,0.1067,0.0457,4.9792,2.4323,0.0457,2.0914

1057.4840,-1.7165,-0.2022,3.8730,6.2678,0.1685,-0.2013,4.9792,2.2283,-0.2013,1.8812

1058.4840,1.6271,0.1065,4.0582,6.5251,0.0450,-0.4482,5.4937,2.9759,-0.4482,2.4868

1059.4840,-1.7165,0.0447,3.7495,7.0395,0.0450,-0.0160,5.7509,2.4855,-0.0160,2.1282

1060.4840,-1.9737,-0.0170,4.0582,6.5251,0.0450,-0.0778,4.4647,2.1837,-0.0778,1.8606

1061.4840,-1.7165,0.2299,3.9347,6.7823,0.0450,-0.0778,5.4937,2.4615,-0.0778,2.0988

1062.4840,-0.6877,0.0447,3.9347,6.2678,-0.0167,-0.0778,4.9792,2.4203,-0.0778,2.0635

1063.4850,2.3987,-0.2022,4.1199,5.7534,0.3537,-0.0778,4.7219,2.8576,-0.0778,2.4382

1064.4850,-1.7165,-0.0788,3.8112,6.5251,-0.0785,0.2926,6.0082,2.4118,0.2926,2.1091

1065.4850,-1.7165,0.0447,4.1199,5.7534,0.0450,-0.0160,6.0082,2.3758,-0.0160,2.0341

1066.4840,-1.7165,0.2299,4.1199,6.2678,-0.0167,0.1074,4.7219,2.2677,0.1074,1.9591

1067.4840,-0.9449,-0.1405,4.0582,6.5251,-0.3255,-0.3865,5.2364,2.4015,-0.3865,2.0032

1068.4840,-1.4593,0.0447,4.2434,6.7823,-0.1402,-0.2630,4.4647,2.3226,-0.2630,1.9532

1069.4840,-0.1733,-0.0788,3.9347,6.7823,-0.1402,-0.0778,4.2074,2.4220,-0.0778,2.0649

1070.4850,-0.1733,0.1065,3.5643,6.2678,0.2920,-0.0160,5.2364,2.5489,-0.0160,2.1825

1071.4860,-0.9449,-0.1405,4.2434,6.5251,-0.1402,0.1074,5.7509,2.5490,0.1074,2.2002

1072.4840,-0.6877,0.1682,3.8730,6.7823,0.0450,-0.4482,4.4647,2.4409,-0.4482,2.0282

1073.4840,-1.2021,-0.2640,3.5025,7.0395,-0.0167,-0.1395,5.7509,2.4684,-0.1395,2.0958

1074.4840,-1.4593,-0.0170,3.9347,6.2678,-0.0167,-0.4482,4.9792,2.2814,-0.4482,1.8915

1075.4840,-1.2021,0.5386,3.8730,6.7823,-0.0167,-0.3865,4.2074,2.3637,-0.3865,1.9709

1076.4840,-1.4593,0.0447,3.9965,5.7534,-0.0167,-0.3247,4.7219,2.1734,-0.3247,1.8165

1077.4840,-1.4593,0.1682,3.8112,6.2678,0.1067,-0.3247,4.9792,2.3123,-0.3247,1.9356

1078.4840,-0.6877,-0.2022,3.9347,7.0395,-0.1402,-0.4482,5.7509,2.6158,-0.4482,2.1781

1079.4840,-1.9737,0.0447,4.1817,6.7823,-0.2020,-0.4482,5.2364,2.3449,-0.4482,1.9459

1080.4850,-1.4593,1.4647,4.7373,6.2678,-0.0167,-0.4482,5.2364,2.7050,-0.4482,2.2546

1081.4840,-2.2309,0.1065,3.9965,6.5251,-0.1402,-0.3247,5.7509,2.3346,-0.3247,1.9547

1082.4840,-0.9449,-0.2022,3.8112,7.2968,0.1067,-0.5099,4.7219,2.4649,-0.5099,2.0399

1083.4840,-1.4593,0.1065,3.9965,6.2678,0.1067,-0.4482,5.7509,2.4615,-0.4482,2.0458

1084.4840,-1.7165,-0.0788,3.6878,6.7823,0.1685,-0.3247,4.2074,2.1751,-0.3247,1.8180

1085.4840,-0.6877,0.1065,3.9965,7.0395,0.0450,-0.3247,4.2074,2.4512,-0.3247,2.0546

1086.4850,-0.9449,0.2299,3.9347,6.0106,0.2302,-0.2630,4.4647,2.3209,-0.2630,1.9517

1087.4840,-1.7165,0.2917,4.4286,5.7534,0.1067,-0.0778,4.2074,2.1786,-0.0778,1.8562

1088.4850,-0.9449,-0.0788,3.8112,6.5251,0.1067,-0.6334,4.9792,2.3998,-0.6334,1.9664

1089.4840,-1.2021,-0.1405,3.9965,7.2968,-0.1402,-0.2630,4.9792,2.4649,-0.2630,2.0752

1090.4840,-1.7165,0.1065,2.2060,8.8401,0.1067,0.1692,4.2074,2.2917,0.1692,1.9885

1091.4840,-0.9449,-0.0788,4.1199,7.0395,-0.1402,-0.3247,5.4937,2.5815,-0.3247,2.1664

1092.4840,-0.9449,-0.1405,3.9347,6.7823,-0.1402,-0.2013,6.2654,2.6261,-0.2013,2.2222

1093.4840,-1.2021,0.1682,3.9347,6.5251,0.1067,-0.2013,4.7219,2.3758,-0.2013,2.0076

1094.4850,-2.2309,-0.0170,4.0582,6.5251,-0.0785,-0.3247,4.7219,2.1631,-0.3247,1.8077

1095.4850,-1.7165,0.1682,4.1817,6.0106,-0.0167,-0.2630,4.9792,2.2677,-0.2630,1.9062

1096.4840,-0.1733,-0.2022,4.1199,7.2968,-0.0785,-0.1395,5.7509,2.7856,-0.1395,2.3677

1097.4840,-1.4593,0.1682,4.0582,6.5251,0.2920,-0.1395,4.7219,2.3843,-0.1395,2.0238

1098.4850,-1.4593,0.0447,3.4408,6.5251,-0.0785,-0.1395,4.9792,2.2420,-0.1395,1.9018

1099.4840,-0.9449,0.1065,3.6878,7.2968,0.2920,-0.0778,4.2074,2.4409,-0.0778,2.0811

1100.4840,-1.2021,0.1682,3.8730,6.2678,0.2920,0.4778,3.9501,2.2248,0.4778,1.9753

1101.4840,-1.2021,-0.2640,4.4286,6.7823,-0.2020,0.1692,5.2364,2.4632,0.1692,2.1355

1102.4850,-1.4593,0.1065,4.3669,6.2678,-0.1402,0.1074,5.4937,2.4392,0.1074,2.1061

1103.4860,-0.9449,0.0447,4.1199,6.2678,0.1067,-0.0778,4.7219,2.3860,-0.0778,2.0341

1104.4840,-0.9449,-0.0788,3.8112,7.2968,0.0450,0.4161,4.7219,2.4752,0.4161,2.1810

1105.4840,-1.7165,0.0447,4.0582,7.0395,-0.0785,0.4778,4.9792,2.3878,0.4778,2.1149

1106.4850,-1.4593,0.2299,4.2434,6.5251,-0.1402,0.1692,4.7219,2.3535,0.1692,2.0414

1107.4850,-1.2021,-0.0170,4.3669,7.0395,0.1685,0.1692,4.7219,2.5129,0.1692,2.1781

1108.4840,-1.7165,0.1682,4.0582,6.7823,0.1067,0.2309,4.7219,2.3535,0.2309,2.0502

1109.4840,-0.9449,-0.1405,4.3052,7.2968,0.0450,0.6630,4.7219,2.5472,0.6630,2.2781

1110.4840,-0.9449,-0.0170,4.0582,6.7823,-0.0167,0.6013,5.7509,2.6021,0.6013,2.3163

1111.4840,0.8555,0.0447,4.0582,6.5251,0.0450,0.4778,5.2364,2.7941,0.4778,2.4632

1112.4840,-1.2021,0.1065,4.0582,6.5251,0.0450,0.4161,6.2654,2.6330,0.4161,2.3163

1113.4840,-1.2021,0.1065,4.0582,6.5251,0.0450,0.1692,6.0082,2.5901,0.1692,2.2443

1114.4850,-1.7165,0.1065,4.0582,6.5251,-0.0167,0.4778,5.4937,2.4084,0.4778,2.1326

1115.4840,-1.2021,-0.0788,4.0582,6.5251,0.0450,-0.0778,4.4647,2.3020,-0.0778,1.9620

1116.4840,-1.4593,0.1065,4.1199,7.0395,0.0450,-0.0778,4.4647,2.3860,-0.0778,2.0341

1117.4840,-1.7165,0.1065,3.8112,6.7823,0.0450,-0.0778,4.4647,2.2489,-0.0778,1.9165

1118.4840,-1.2021,-0.2022,4.1199,6.5251,-0.0785,-0.1395,4.7219,2.3140,-0.1395,1.9635

1119.4840,-0.9449,0.2299,3.9347,6.2678,0.1685,-0.0160,5.2364,2.4821,-0.0160,2.1252

1120.4840,-1.2021,-0.0788,4.1817,6.7823,-0.0785,-0.4482,5.2364,2.4735,-0.4482,2.0561

1121.4840,-1.4593,0.1065,4.0582,7.0395,-0.0167,-0.2013,4.9792,2.4512,-0.2013,2.0723

1122.4850,-2.7453,0.1682,3.8112,7.2968,0.1685,-0.0160,7.2944,2.6656,-0.0160,2.2825

1123.4840,-1.2021,-0.0788,3.8730,6.0106,-0.9429,-0.3865,6.0082,2.2780,-0.3865,1.8974

1124.4840,-1.7165,0.1065,4.3052,5.4962,0.0450,-0.0160,5.7509,2.3312,-0.0160,1.9959

1125.4840,-1.9737,0.2299,3.9965,7.0395,-0.1402,-0.0778,4.9792,2.3552,-0.0778,2.0076

1126.4850,-1.7165,0.1682,4.3052,6.5251,0.0450,0.1074,5.2364,2.4272,0.1074,2.0958

1127.4840,-1.9737,0.0447,4.2434,7.2968,-0.1402,-0.0160,2.9211,2.0653,-0.0160,1.7680

1128.4840,-1.4593,0.4151,3.9965,5.7534,0.1067,0.1692,5.4937,2.3843,0.1692,2.0679

1129.4840,-1.2021,-0.0788,4.1817,6.7823,0.1685,-0.3247,4.9792,2.4718,-0.3247,2.0723

1130.4850,-0.1733,0.5386,3.6260,6.7823,0.2302,-0.0778,3.9501,2.4923,-0.0778,2.1252

1131.4850,-0.4305,0.0447,3.9965,7.2968,-0.1402,-0.2630,5.7509,2.7530,-0.2630,2.3222

1132.4840,-1.2021,-0.1405,3.8730,7.0395,0.1685,-0.2630,4.7219,2.4100,-0.2630,2.0282

1133.4840,-1.2021,-0.1405,4.1817,6.2678,0.0450,0.0457,10.8960,3.3413,0.0457,2.8705

1134.4850,-1.9737,0.0447,4.3052,6.0106,-0.0167,0.3544,5.2364,2.2677,0.3544,1.9944

1135.4840,-2.2309,0.1682,4.3669,6.2678,-0.0785,0.1074,4.4647,2.1597,0.1074,1.8665

1136.4840,-1.4593,-0.0170,4.1817,6.5251,0.0450,-0.1395,5.2364,2.4186,-0.1395,2.0532

1137.4840,-0.6877,-0.0170,3.9965,6.2678,0.1685,0.0457,4.4647,2.3654,0.0457,2.0341

1138.4840,-2.7453,-0.0170,4.3052,6.5251,0.1685,-0.2630,5.2364,2.2455,-0.2630,1.8871

1139.4850,-2.7453,0.4151,3.9965,6.2678,0.1685,-0.2013,4.9792,2.1803,-0.2013,1.8401

1140.4840,-1.7165,-0.3874,4.4286,6.2678,0.0450,0.0457,5.2364,2.3123,0.0457,1.9885

1141.4840,0.0839,0.2299,3.9347,6.2678,0.1685,-0.0778,4.7219,2.5678,-0.0778,2.1899

1142.4850,-0.9449,-0.6344,4.4286,6.0106,0.3537,-0.2013,5.4937,2.4512,-0.2013,2.0723

1143.4840,-0.9449,-0.3874,3.6878,7.2968,0.1067,-0.2013,5.7509,2.5850,-0.2013,2.1869

1144.4840,-3.5169,0.0447,3.8112,7.8112,-0.0785,-0.0778,5.7509,2.3038,-0.0778,1.9636

1145.4840,-0.9449,-0.6961,4.6756,4.9817,0.0450,-0.0160,4.7219,2.1305,-0.0160,1.8239

1146.4840,-0.9449,-0.2640,3.9965,7.8112,0.0450,-0.0778,6.5227,2.8611,-0.0778,2.4412

1147.4840,-0.9449,0.3534,4.3669,4.9817,0.1685,0.1692,4.7219,2.2746,0.1692,1.9738

1148.4840,0.0839,-0.0170,3.7495,7.2968,0.1685,-0.0778,5.2364,2.7530,-0.0778,2.3486

1149.4850,-0.9449,0.0447,3.7495,7.0395,-0.0167,-0.1395,5.7509,2.6038,-0.1395,2.2119

1150.4850,-1.4593,0.0447,3.8730,6.7823,0.3537,-0.2013,4.7219,2.3860,-0.2013,2.0164

1151.4840,-3.2597,0.4769,3.6878,7.0395,0.1685,-0.0778,5.4937,2.2678,-0.0778,1.9327

1152.4840,-0.9449,-0.0788,3.9965,6.7823,0.2302,-0.2630,4.7219,2.4512,-0.2630,2.0635

1153.4850,-1.9737,0.1682,4.8608,5.7534,-0.0167,0.2309,5.2364,2.3381,0.2309,2.0370

1154.4890,-1.9737,0.2299,3.8730,5.7534,0.1685,0.1692,4.7219,2.1288,0.1692,1.8489

1155.4840,-0.6877,0.2299,3.8112,6.5251,0.1067,-0.6334,6.0082,2.6656,-0.6334,2.1943

1156.4860,-4.5457,0.0447,3.7495,7.2968,0.1067,0.0457,4.2074,1.8099,0.0457,1.5579

1157.4840,-1.9737,-0.0170,3.8112,4.7245,-0.2020,0.0457,5.2364,1.9299,0.0457,1.6607

1158.4840,-1.2021,0.1682,4.2434,6.7823,0.2302,-0.1395,4.2074,2.4049,-0.1395,2.0414

1159.4840,-0.9449,-0.1405,4.6139,6.5251,-0.3255,0.1074,6.0082,2.6227,0.1074,2.2634

1160.4840,-1.7165,-0.1405,4.0582,9.6118,-0.2020,-0.5717,5.2364,2.8079,-0.5717,2.3251

1161.4840,-1.7165,0.2299,4.3669,6.0106,-0.0167,-0.3865,3.9501,2.1374,-0.3865,1.7768

1162.4840,-2.7453,0.2299,4.3052,6.5251,0.0450,-0.4482,5.2364,2.2660,-0.4482,1.8783

1163.4840,-0.9449,-0.0788,3.9347,7.8112,0.0450,-0.6334,5.2364,2.6673,-0.6334,2.1958

1164.4840,-1.9737,0.1682,4.2434,6.0106,0.1685,-0.3865,3.9501,2.0945,-0.3865,1.7401

1165.4840,-1.7165,0.1065,4.3669,6.5251,-0.0785,-0.3247,5.2364,2.4066,-0.3247,2.0164

1166.4840,-1.9737,0.3534,4.3052,6.0106,0.2920,-0.3865,3.6929,2.1134,-0.3865,1.7563

1167.4850,-0.9449,-0.0170,4.1199,6.5251,0.1067,-0.0778,4.4647,2.3757,-0.0778,2.0252

1168.4840,-1.4593,0.0447,4.1199,6.5251,0.0450,-0.6334,5.4937,2.4615,-0.6334,2.0194

1169.4840,-1.2021,0.1682,4.1817,6.7823,0.2920,-0.3247,4.2074,2.4049,-0.3247,2.0150

1170.4840,-1.7165,-0.6344,4.3669,6.7823,0.1685,-0.5099,5.2364,2.3672,-0.5099,1.9562

1171.4840,-1.7165,0.0447,3.9347,6.7823,-0.0785,-0.5717,4.9792,2.3243,-0.5717,1.9106

1172.4840,-1.2021,0.0447,4.3052,7.2968,-0.2020,-0.5099,4.4647,2.4512,-0.5099,2.0282

1173.4840,-0.9449,-0.0170,4.1817,6.7823,-0.0167,-0.5099,4.9792,2.4941,-0.5099,2.0649

1174.4850,-0.1733,-0.0788,4.1199,7.0395,-0.0167,-0.2630,4.9792,2.6450,-0.2630,2.2295

1175.4850,-0.9449,0.1065,4.0582,6.2678,-0.0785,-0.0160,4.7219,2.3552,-0.0160,2.0164

1176.4840,-0.9449,0.9708,4.3669,6.0106,-0.0167,-0.3247,4.4647,2.4752,-0.3247,2.0752

1177.4840,-1.2021,-0.0170,3.6260,7.2968,0.0450,-0.4482,4.9792,2.4546,-0.4482,2.0399

1178.4840,-1.9737,0.3534,4.1817,6.0106,0.1685,-0.3865,4.4647,2.2009,-0.3865,1.8312

1179.4840,-1.4593,0.0447,4.0582,7.2968,-0.0785,-0.2630,5.4937,2.5593,-0.2630,2.1561

1180.4850,-1.9737,0.1065,3.8730,6.7823,0.0450,-0.0778,5.4937,2.3878,-0.0778,2.0356

1181.4840,-1.7165,0.1682,4.3669,6.2678,-0.0785,-0.4482,4.9792,2.3312,-0.4482,1.9341

1182.4840,0.3411,0.0447,4.0582,7.0395,-0.0167,-0.3247,4.9792,2.7410,-0.3247,2.3030

1183.4840,-1.2021,0.1682,4.0582,6.5251,-0.2020,-0.5099,5.4937,2.4735,-0.5099,2.0473

1184.4840,-1.4593,-0.0170,4.3052,7.2968,0.0450,-0.0160,4.9792,2.5250,-0.0160,2.1620

1185.4840,-1.2021,0.1065,4.1199,6.7823,0.1067,-0.4482,3.9501,2.3106,-0.4482,1.9165

1186.4840,-0.9449,0.0447,4.1817,6.7823,-0.0785,-0.3247,6.0082,2.6656,-0.3247,2.2384

1187.4840,-1.2021,0.1682,3.9347,7.8112,0.0450,-0.5099,4.9792,2.6227,-0.5099,2.1752

1188.4840,-0.6877,0.1065,3.6878,6.7823,-0.0167,-0.2630,4.4647,2.3894,-0.2630,2.0105

1189.4840,-0.9449,0.1065,3.9965,6.5251,-0.0785,-0.2630,4.7219,2.3877,-0.2630,2.0091

1190.4840,-0.6877,0.1065,4.2434,7.0395,-0.0167,-0.3865,4.7219,2.5678,-0.3865,2.1458

1191.4840,-1.4593,0.1682,3.9347,5.7534,-0.0167,-0.2630,4.7219,2.1837,-0.2630,1.8342

1192.4840,-0.9449,0.1065,4.1817,6.2678,0.1685,0.0457,4.7219,2.4169,0.0457,2.0782

1193.4840,-1.9737,0.1065,4.1817,7.0395,0.1067,0.0457,4.9792,2.4066,0.0457,2.0694

1194.4840,1.8843,-0.5109,4.2434,7.0395,0.1067,-0.0778,4.9792,2.9570,-0.0778,2.5235

1195.4840,-1.7165,0.1065,4.1199,8.0684,-0.1402,-0.5717,4.9792,2.5695,-0.5717,2.1208

1196.4840,-1.7165,-0.0170,4.4286,6.5251,-0.1402,-0.2013,5.2364,2.3861,-0.2013,2.0164

1197.4840,-1.7165,0.1065,4.2434,7.2968,-0.2020,0.0457,5.2364,2.4941,0.0457,2.1443

1198.4840,-0.9449,0.3534,4.3669,6.5251,0.0450,-0.0778,5.2364,2.5970,-0.0778,2.2149

1199.4840,-1.2021,-0.2022,3.8730,6.7823,-0.0785,0.1074,4.9792,2.3586,0.1074,2.0370

1200.4840,-0.6877,0.1065,4.1817,7.2968,-0.0167,0.4161,4.7219,2.6004,0.4161,2.2883

1201.4840,1.3699,-0.3257,4.2434,7.2968,-0.0167,-0.2630,5.4937,3.0102,-0.2630,2.5426

1202.4840,-0.1733,-0.0788,4.0582,6.5251,0.1685,-0.0160,5.7509,2.7084,-0.0160,2.3192

1203.4840,-0.1733,0.3534,4.2434,6.2678,0.0450,-0.0160,4.9792,2.6192,-0.0160,2.2428

1204.4840,-0.9449,0.1065,4.2434,6.2678,0.0450,-0.0778,3.6929,2.2351,-0.0778,1.9047

1205.4840,-1.2021,-0.0170,4.1199,7.5540,-0.0785,-0.0778,5.2364,2.6021,-0.0778,2.2193

1206.4840,-1.2021,-0.0788,4.2434,6.0106,-0.0167,0.0457,5.4937,2.4083,0.0457,2.0708

1207.4840,-1.2021,0.0447,4.4286,6.2678,0.1685,-0.1395,3.9501,2.2763,-0.1395,1.9312

1208.4840,-0.9449,0.0447,4.1817,6.2678,-0.0785,0.1074,6.5227,2.6656,0.1074,2.3001

1209.4840,-1.4593,0.1065,4.1199,7.0395,0.0450,-0.2013,4.9792,2.4718,-0.2013,2.0899

1210.4840,-0.9449,0.1065,4.2434,6.7823,0.3537,-0.0778,4.4647,2.5009,-0.0778,2.1325

1211.4840,-0.9449,-0.1405,3.9347,7.2968,-0.3255,0.6013,3.9501,2.2951,0.6013,2.0532

1212.4840,-1.2021,-0.0788,4.4286,8.0684,-0.2020,-0.1395,5.7509,2.7942,-0.1395,2.3751

1213.4840,-0.6877,-0.2640,4.3052,6.2678,-0.3255,0.0457,6.5227,2.6364,0.0457,2.2663

1214.4850,1.1127,-0.0170,3.8112,7.2968,-0.2020,-0.0160,6.2654,3.0445,-0.0160,2.6073

1215.4840,-0.1733,-0.1405,4.0582,7.2968,-0.0785,-0.1395,6.5227,2.9142,-0.1395,2.4780

1216.4850,-1.2021,-0.0170,4.0582,7.0395,-0.0785,0.1074,4.2074,2.3346,0.1074,2.0164

1217.4850,-1.2021,-0.3257,4.4904,6.7823,-0.0785,-0.2630,6.2654,2.6553,-0.2630,2.2384

1218.4840,-0.4305,-0.2640,4.1817,7.2968,-0.1402,0.1692,7.2944,2.9897,0.1692,2.5868

1219.4840,-1.4593,0.2299,3.8730,6.7823,0.4155,0.2309,4.7219,2.4272,0.2309,2.1134

1220.4840,-1.4593,0.2299,3.9965,6.7823,0.4155,-0.0778,4.7219,2.4478,-0.0778,2.0870

1221.4840,-1.4593,0.2917,4.1199,6.0106,0.2920,0.8483,10.3815,3.2727,0.8483,2.9264

1222.4840,-1.9737,0.1682,4.4904,6.5251,-0.1402,0.4778,4.9792,2.3415,0.4778,2.0752

1223.4840,-0.6877,-0.1405,4.1199,7.0395,-0.0167,-0.3865,6.0082,2.7204,-0.3865,2.2766

1224.4840,-0.9449,0.1065,4.1199,7.0395,-0.0785,0.2926,8.8380,3.1801,0.2926,2.7676

1225.4840,-1.4593,-0.0788,4.3669,7.5540,-0.1402,-0.2013,7.2944,2.9228,-0.2013,2.4765

1226.4840,0.0839,-0.0170,4.3052,7.0395,0.1067,-0.2630,3.4356,2.4923,-0.2630,2.0987

1227.4850,-0.9449,-0.0170,4.4904,7.0395,-0.0167,-0.0160,4.7219,2.5455,-0.0160,2.1796

1228.4840,-0.9449,-0.6344,4.4904,8.0684,-0.0167,-0.0778,5.7509,2.7856,-0.0778,2.3766

1229.4850,-0.4305,-0.0788,3.9347,7.0395,-0.0785,-0.0160,5.2364,2.6038,-0.0160,2.2295

1230.4840,-1.7165,0.7856,3.7495,5.7534,-0.0167,0.0457,4.7219,2.2128,0.0457,1.9033

1231.4840,-0.1733,-0.1405,4.4286,7.5540,-0.1402,0.2309,5.4937,2.8370,0.2309,2.4647

1232.4850,-1.2021,-0.0170,4.4904,7.0395,-0.0167,-0.0778,5.2364,2.5884,-0.0778,2.2075

1233.4840,-2.2309,0.2299,4.0582,6.7823,0.4155,0.2309,4.4647,2.2866,0.2309,1.9929

1234.4840,-1.2021,-0.0170,3.9965,7.2968,0.0450,-0.5099,5.4937,2.6021,-0.5099,2.1575

1235.4850,-1.2021,0.1065,4.3669,7.2968,0.0450,0.1074,4.9792,2.5987,0.1074,2.2428

1236.4840,-0.1733,-0.1405,4.6139,6.5251,-0.0785,-0.0778,4.4647,2.5352,-0.0778,2.1619

1237.4840,-0.1733,-0.0170,4.1199,6.2678,0.1067,0.0457,4.9792,2.5472,0.0457,2.1899

1238.4840,-0.9449,-0.1405,4.3669,6.7823,-0.2020,0.0457,6.5227,2.7307,0.0457,2.3472

1239.4840,-0.9449,0.0447,4.3669,7.0395,-0.0167,0.1074,4.4647,2.4924,0.1074,2.1517

1240.4840,-0.6877,0.2917,4.6756,6.7823,0.0450,0.1074,5.7509,2.8096,0.1074,2.4236

1241.4860,-0.9449,0.6003,3.8730,7.5540,-0.0785,-0.1395,4.7219,2.6210,-0.1395,2.2266

1242.4840,-0.6877,-0.0170,4.1199,7.5540,0.1067,-0.0778,4.7219,2.6330,-0.0778,2.2457

1243.4840,-1.4593,0.2299,4.6756,6.5251,0.1685,0.1074,5.4937,2.6056,0.1074,2.2487

1244.4840,-1.2021,0.9708,4.4904,6.0106,0.1067,0.0457,3.9501,2.3878,0.0457,2.0532

1245.4840,0.0839,0.0447,4.3669,7.2968,0.0450,-0.0778,5.4937,2.8885,-0.0778,2.4647

1246.4840,-0.9449,0.1065,4.1199,7.8112,-0.0785,-0.0160,6.0082,2.8371,-0.0160,2.4295

1247.4840,-2.4881,-0.5726,4.4286,5.7534,0.0450,-0.0160,4.7219,1.9814,-0.0160,1.6960

1248.4840,-0.9449,-0.0788,3.9965,7.2968,0.3537,-0.0778,4.9792,2.6004,-0.0778,2.2178

1249.4840,-1.4593,-0.0170,4.4286,6.7823,0.0450,0.1074,5.2364,2.5027,0.1074,2.1605

1250.4850,-1.2021,0.1065,3.9965,6.2678,-0.1402,-0.2013,5.7509,2.4632,-0.2013,2.0826

1251.4850,-0.4305,0.0447,4.4904,6.5251,0.1685,-0.2013,5.4937,2.7153,-0.2013,2.2986

1252.4840,-1.4593,0.0447,4.1817,6.7823,-0.0785,0.0457,4.7219,2.3655,0.0457,2.0341

1253.4840,-2.7453,0.4769,4.3052,6.7823,0.3537,-0.0160,4.9792,2.3586,-0.0160,2.0194

1254.4840,-0.1733,0.0447,4.4286,7.5540,0.1685,-0.5099,7.0372,3.1766,-0.5099,2.6500

1255.4840,-0.9449,-0.2640,4.1199,7.0395,-0.0785,-0.1395,4.7219,2.4323,-0.1395,2.0649

1256.4840,-1.2021,-0.0788,4.3669,6.2678,0.1685,-0.2630,6.2654,2.6313,-0.2630,2.2178

1257.4840,-0.9449,0.0447,4.0582,6.2678,0.0450,-0.0778,4.7219,2.3655,-0.0778,2.0164

1258.4850,-1.2021,0.2917,4.1199,6.5251,0.2302,0.1692,4.4647,2.4049,0.1692,2.0855

1259.4840,-1.9737,0.2299,4.0582,7.8112,0.1067,-0.2630,5.7509,2.6639,-0.2630,2.2458

1260.4840,-0.9449,0.0447,4.4286,7.0395,-0.0785,-0.0160,4.2074,2.4495,-0.0160,2.0973

1261.4840,-0.6877,-0.2022,4.3669,7.0395,-0.2637,0.2309,5.2364,2.5815,0.2309,2.2457

1262.4840,-0.9449,0.0447,4.4286,7.0395,0.2302,-0.2013,6.5227,2.8868,-0.2013,2.4457

1263.4840,-1.9737,-0.0170,4.4904,6.7823,-0.1402,0.0457,4.9792,2.3535,0.0457,2.0238

1264.4840,-1.4593,0.2299,4.1817,7.0395,0.2302,-0.0778,5.2364,2.5764,-0.0778,2.1972

1265.4840,-0.6877,-0.0170,4.3052,7.0395,-0.0785,-0.2013,6.0082,2.7616,-0.2013,2.3383

1266.4850,-0.6877,-0.0788,4.4904,7.0395,-0.2020,-0.1395,5.4937,2.6759,-0.1395,2.2737

1267.4840,-1.4593,0.2299,3.7495,6.7823,-0.1402,-0.0778,4.4647,2.2711,-0.0778,1.9356

1268.4840,-0.1733,0.0447,4.1199,8.0684,-0.0167,-0.0778,6.0082,3.0085,-0.0778,2.5676

1269.4840,-1.4593,0.3534,3.9347,8.0684,0.1067,-0.2013,6.5227,2.9211,-0.2013,2.4751

1270.4840,-1.7165,0.2299,4.3052,7.0395,-0.2020,0.6013,3.6929,2.2248,0.6013,1.9929

1271.4840,-0.1733,0.3534,4.1817,8.3257,0.0450,-0.2013,5.7509,3.0806,-0.2013,2.6117

1272.4840,-0.9449,-0.0788,4.6139,7.2968,0.1067,0.1074,5.2364,2.7050,0.1074,2.3339

1273.4840,-0.1733,-0.0788,4.6139,8.0684,-0.0785,0.1074,4.7219,2.8456,0.1074,2.4544

1274.4840,-0.9449,0.0447,4.4904,5.7534,0.4155,-0.0778,4.9792,2.4564,-0.0778,2.0943

1275.4850,-1.4593,-0.0788,4.2434,7.2968,-0.0167,0.1074,5.2364,2.5370,0.1074,2.1899

1276.4850,-0.1733,-0.0170,4.4286,7.0395,0.1067,-0.0778,4.9792,2.7273,-0.0778,2.3266

1277.4840,-0.6877,-0.0170,4.9226,6.0106,0.1685,-0.1395,5.2364,2.6056,-0.1395,2.2134

1278.4840,-1.9737,0.2917,4.1817,6.2678,-0.0167,-0.2013,4.2074,2.1597,-0.2013,1.8224

1279.4850,-0.9449,0.1682,4.3669,6.5251,-0.0167,0.1074,4.4647,2.4272,0.1074,2.0958

1280.4850,-0.9449,0.1065,4.1817,7.5540,-0.0167,-0.1395,5.4937,2.7290,-0.1395,2.3192

1281.4850,-0.9449,-0.0170,4.3669,7.2968,-0.0167,-0.0160,5.2364,2.6536,-0.0160,2.2722

1282.4840,-0.1733,-0.1405,4.6756,6.5251,-0.0785,-0.1395,5.4937,2.7170,-0.1395,2.3089

1283.4840,-1.4593,-0.0170,3.9965,7.2968,0.3537,-0.0778,4.9792,2.5250,-0.0778,2.1531

1284.4840,-1.2021,-0.0170,4.2434,5.4962,0.1685,-0.1395,4.7219,2.2351,-0.1395,1.8959

1285.4840,-1.7165,0.3534,5.0460,7.0395,-0.0785,0.1074,4.4647,2.5181,0.1074,2.1737

1286.4850,-1.2021,0.2299,4.3669,6.5251,0.0450,0.1074,5.2364,2.5335,0.1074,2.1869

1287.4840,-1.7165,0.1065,4.5521,4.9817,-0.0167,-0.0160,7.2944,2.5336,-0.0160,2.1693

1288.4840,-1.2021,0.0447,3.8730,5.4962,-0.0785,0.0457,4.9792,2.1854,0.0457,1.8797

1289.4840,-0.1733,0.1682,4.4904,4.2100,0.2920,-0.0778,5.4937,2.4135,-0.0778,2.0576

1290.4850,-1.4593,-0.0788,4.7373,7.0395,0.0450,-0.1395,4.9792,2.5438,-0.1395,2.1605

1291.4840,-1.2021,0.1065,4.1817,7.0395,0.1067,-0.0778,5.4937,2.6210,-0.0778,2.2355

1292.4840,-0.9449,0.1065,4.1199,7.0395,0.1067,0.0457,5.2364,2.6107,0.0457,2.2443

1293.4840,-0.9449,0.0447,4.3669,7.0395,-0.0785,-0.0160,7.0372,2.9108,-0.0160,2.4927

1294.4840,-0.9449,0.0447,4.3052,7.0395,-0.0167,0.1074,4.9792,2.5678,0.1074,2.2163

1295.4840,-0.4305,0.0447,4.3052,8.0684,0.2920,-0.1395,5.2364,2.9194,-0.1395,2.4824

1296.4840,-0.9449,0.2299,4.2434,7.2968,0.0450,0.0457,5.2364,2.6844,0.0457,2.3075

1297.4840,-0.9449,0.0447,4.4286,7.2968,-0.5724,0.1692,4.4647,2.4529,0.1692,2.1267

1298.4840,-0.6877,-0.1405,4.9226,7.0395,0.1067,-0.3247,6.7799,3.0034,-0.3247,2.5280

1299.4850,-1.2021,-0.1405,4.3669,7.0395,-0.0167,-0.0160,2.4066,2.0756,-0.0160,1.7768

1300.4840,-0.9449,0.1065,4.5521,7.2968,-0.0167,-0.0778,4.7219,2.6193,-0.0778,2.2340

1301.4840,-0.1733,-0.0170,4.2434,8.3257,0.0450,-0.0778,4.9792,2.9005,-0.0778,2.4750

1302.4840,-1.7165,0.0447,3.6260,7.2968,-0.1402,1.0952,7.2944,2.7342,1.0952,2.5001

1303.4840,-1.2021,-0.1405,4.4904,7.0395,-0.1402,0.0457,5.2364,2.5472,0.0457,2.1899

1304.4840,-0.9449,0.2299,4.1817,7.2968,0.2302,0.1692,4.9792,2.6621,0.1692,2.3060

1305.4840,0.0839,-0.1405,4.3052,6.7823,-0.0785,0.1074,4.4647,2.5695,0.1074,2.2178

1306.4840,-1.4593,0.3534,4.4904,6.2678,0.1685,0.1074,4.2074,2.3380,0.1074,2.0194

1307.4840,0.8555,-0.0170,4.1199,8.0684,0.2302,-0.3865,5.4937,3.1251,-0.3865,2.6235

1308.4860,-0.9449,0.0447,4.2434,6.2678,-0.2020,-0.2630,6.0082,2.5695,-0.2630,2.1649

1309.4840,-1.2021,0.1682,4.6756,6.2678,0.2920,0.0457,4.9792,2.5301,0.0457,2.1752

1310.4840,-1.2021,-0.0170,4.1199,6.7823,0.1685,0.3544,4.7219,2.4289,0.3544,2.1326

1311.4850,-0.6877,-0.2022,4.3052,6.2678,-0.1402,-0.0160,4.7219,2.3775,-0.0160,2.0355

1312.4840,0.0839,0.1065,4.2434,7.2968,-0.2637,-0.0778,4.7219,2.6981,-0.0778,2.3016

1313.4860,-0.6877,-0.0170,3.9347,7.2968,0.0450,-0.0778,4.7219,2.5489,-0.0778,2.1737

1314.4840,-0.4305,-0.0788,4.5521,7.8112,-0.0785,-0.2630,4.9792,2.7925,-0.2630,2.3560

1315.4840,-0.9449,-0.0170,4.4286,6.7823,0.0450,0.3544,6.2654,2.7599,0.3544,2.4163

1316.4840,-0.9449,0.1682,3.9965,7.0395,0.1685,-0.6951,6.0082,2.7393,-0.6951,2.2487

1317.4850,-0.6877,0.0447,4.3052,7.0395,-0.0167,-0.0778,4.4647,2.5249,-0.0778,2.1531

1318.4840,-0.9449,0.1065,4.4286,6.0106,0.1685,-0.4482,4.9792,2.4581,-0.4482,2.0429

1319.4840,-2.2309,-0.1405,4.1817,6.7823,-0.0167,-0.2013,4.7219,2.2163,-0.2013,1.8709

1320.4840,-0.9449,-0.0170,4.3052,7.0395,0.0450,-0.3247,5.7509,2.6964,-0.3247,2.2648

1321.4840,-1.4593,0.2917,4.2434,7.0395,0.2302,-0.2630,4.7219,2.5112,-0.2630,2.1149

1322.4840,-1.4593,-0.0788,4.1199,6.0106,0.1067,-0.0160,4.9792,2.2797,-0.0160,1.9518

1323.4840,-0.9449,0.0447,4.2434,7.0395,0.2302,-0.3247,4.2074,2.4701,-0.3247,2.0708

1324.4850,-0.1733,0.1065,4.3669,6.5251,-0.0167,-0.3865,5.7509,2.7599,-0.3865,2.3104

1325.4840,-0.1733,0.1065,4.4904,7.2968,0.1685,-0.0778,5.4937,2.8971,-0.0778,2.4721

1326.4850,-0.6877,0.1065,4.6756,7.2968,-0.0167,-0.2630,5.7509,2.8542,-0.2630,2.4089

1327.4840,-0.6877,-0.0170,4.4904,7.2968,-0.0167,-0.0160,5.4937,2.7599,-0.0160,2.3633

1328.4840,-1.2021,-0.0788,4.6756,7.2968,0.1685,-0.1395,4.9792,2.6399,-0.1395,2.2428

1329.4850,-0.6877,-0.1405,3.6878,6.7823,0.2302,0.0457,4.9792,2.4752,0.0457,2.1281

1330.4840,-1.9737,0.1065,4.3669,6.7823,-0.0167,0.1692,4.9792,2.3741,0.1692,2.0591

1331.4840,-0.6877,0.0447,4.4904,6.2678,0.0450,-0.0160,6.0082,2.6947,-0.0160,2.3075

1332.4840,-1.4593,0.1065,5.1695,7.0395,0.1685,-0.0778,4.9792,2.6673,-0.0778,2.2752

1333.4840,-0.9449,-0.0788,4.6756,7.2968,-0.0785,-0.0778,5.4937,2.7273,-0.0778,2.3266

1334.4840,-0.9449,0.0447,4.1817,8.0684,-0.0167,0.0457,6.2654,2.9331,0.0457,2.5206

1335.4850,-0.4305,0.0447,4.1199,7.2968,-0.4489,-0.5099,5.4937,2.6793,-0.5099,2.2237

1336.4840,-1.4593,0.1682,4.7373,6.5251,0.1067,0.3544,5.4937,2.5953,0.3544,2.2752

1337.4840,-1.2021,-0.0170,4.7373,7.5540,-0.2020,0.1074,6.5227,2.8988,0.1074,2.5000

1338.4850,-0.6877,-0.0788,4.3052,7.5540,0.1685,0.0457,5.7509,2.8353,0.0457,2.4368

1339.4840,-1.4593,0.1682,4.6756,6.7823,0.0450,0.2926,5.4937,2.6176,0.2926,2.2854

1340.4840,-0.1733,-0.0788,4.6139,6.7823,0.0450,0.3544,6.0082,2.8662,0.3544,2.5074

1341.4840,-0.6877,0.1065,4.4904,3.1811,-0.1402,0.6013,5.4937,2.0739,0.6013,1.8636

1342.4840,-0.9449,0.1682,5.2930,7.2968,-0.0167,0.6013,6.2654,3.0103,0.6013,2.6661

1343.4850,0.8555,0.4151,4.1817,7.0395,-0.0785,0.3544,4.7219,2.8559,0.3544,2.4985

1344.4850,-0.9449,0.0447,4.3052,7.2968,-0.1402,0.3544,6.0082,2.7616,0.3544,2.4177

1345.4850,-1.9737,-0.1405,4.6139,6.7823,0.1067,0.4778,4.7219,2.3518,0.4778,2.0841

1346.4840,-1.4593,0.1682,4.3669,7.0395,0.1685,-0.3865,3.6929,2.3294,-0.3865,1.9415

1347.4840,-0.9449,-0.0788,4.7991,6.0106,0.1067,-0.0778,5.4937,2.5644,-0.0778,2.1870

1348.4840,0.3411,0.1065,4.0582,7.2968,-0.1402,-0.1395,6.0082,2.9451,-0.1395,2.5044

1349.4840,-1.4593,0.2917,4.3052,6.7823,0.1067,0.1074,5.2364,2.5438,0.1074,2.1958

1350.4840,-1.2021,0.4151,4.3052,6.5251,0.1685,-0.1395,6.2654,2.7462,-0.1395,2.3339

1351.4840,1.1127,-0.3874,4.3669,7.5540,-0.0785,0.0457,6.5227,3.1817,0.0457,2.7337

1352.4850,-0.9449,-0.1405,4.7373,7.0395,-0.0167,0.1074,9.0952,3.2950,0.1074,2.8396

1353.4840,0.3411,-0.0170,4.2434,7.5540,-0.1402,-0.0160,6.0082,2.9982,-0.0160,2.5676

1354.4840,-0.9449,-0.1405,4.4286,6.2678,-0.0167,1.0335,2.4066,2.0002,1.0335,1.8621

1355.4840,-0.1733,0.0447,4.4904,8.0684,-0.1402,0.0457,4.9792,2.8782,0.0457,2.4735

1356.4840,-0.9449,0.2299,4.7373,7.2968,0.1685,0.2309,4.2074,2.6158,0.2309,2.2751

1357.4840,-1.9737,0.2299,4.6139,6.2678,0.2302,0.1692,3.6929,2.1768,0.1692,1.8900

1358.4840,-1.4593,0.1065,4.7991,6.7823,0.3537,0.2926,4.2074,2.4649,0.2926,2.1546

1359.4840,-0.6877,0.2299,4.1199,8.0684,0.1067,-1.0656,6.0082,2.9742,-1.0656,2.3971

1360.4840,-0.9449,0.1682,4.2434,6.5251,-0.0167,0.0457,4.9792,2.4924,0.0457,2.1428

1361.4850,-1.7165,0.1065,4.7373,6.7823,-0.0785,-0.0778,5.7509,2.5970,-0.0778,2.2149

1362.4850,-0.6877,0.1065,4.2434,7.0395,0.1067,0.2309,7.8089,3.1029,0.2309,2.6926

1363.4840,1.3699,-0.5109,4.6139,6.7823,-0.0167,0.7248,5.2364,2.9125,0.7248,2.5999

1364.4840,0.8555,0.0447,4.4904,7.5540,-0.0785,-0.0778,6.7799,3.2743,-0.0778,2.7955

1365.4840,-1.9737,0.1065,3.9347,7.0395,0.1067,0.1692,5.2364,2.4084,0.1692,2.0885

1366.4840,-0.6877,-0.0170,4.4904,6.5251,0.1067,-0.0778,6.2654,2.7805,-0.0778,2.3722

1367.4850,-0.9449,-0.0170,4.6139,7.5540,-0.0167,0.0457,5.2364,2.7376,0.0457,2.3530

1368.4850,-0.9449,0.1682,4.1817,6.5251,0.1067,0.0457,5.2364,2.5455,0.0457,2.1884

1369.4840,-0.9449,0.1065,4.3669,7.8112,0.0450,-0.0160,4.9792,2.7273,-0.0160,2.3354

1370.4840,-0.9449,0.4151,4.2434,6.2678,-0.0167,0.1074,5.2364,2.5335,0.1074,2.1869

1371.4840,-1.4593,0.1682,4.3669,7.0395,0.0450,-0.2630,5.2364,2.5661,-0.2630,2.1620

1372.4840,-0.9449,-0.2022,4.4904,7.2968,-0.1402,-0.2630,5.7509,2.7084,-0.2630,2.2840

1373.4840,0.0839,-0.1405,4.4286,7.0395,0.0450,-0.5717,5.7509,2.8679,-0.5717,2.3765

1374.4850,-0.9449,-0.0788,4.4904,6.7823,0.0450,-0.2630,5.2364,2.5884,-0.2630,2.1811

1375.4840,-1.9737,0.1065,4.3052,7.2968,-0.0785,-0.4482,5.2364,2.4821,-0.4482,2.0635

1376.4850,-0.6877,0.3534,3.9347,6.7823,0.1067,-0.2630,5.4937,2.6639,-0.2630,2.2457

1377.4840,-0.9449,-0.2640,4.4286,6.5251,0.1067,-0.3247,5.2364,2.5147,-0.3247,2.1090

1378.4840,-0.9449,-0.0170,4.5521,8.3257,-0.2020,-0.3247,6.2654,2.9966,-0.3247,2.5221

1379.4840,-0.6877,-0.2022,4.4904,6.2678,0.1067,-0.2013,4.9792,2.4924,-0.2013,2.1076

1380.4840,-0.9449,0.2299,4.7373,6.2678,0.0450,-0.2013,5.2364,2.5953,-0.2013,2.1958

1381.4840,-0.9449,0.0447,4.5521,7.2968,0.1067,-0.4482,5.4937,2.7582,-0.4482,2.3001

1382.4840,0.3411,-0.1405,4.6139,6.7823,0.0450,-0.2013,6.0082,2.9417,-0.2013,2.4927

1383.4840,-0.6877,0.1065,4.5521,7.2968,0.0450,-0.1395,4.9792,2.7153,-0.1395,2.3075

1384.4840,-0.9449,-0.0170,4.3052,7.2968,-0.3255,-0.2013,5.2364,2.5918,-0.2013,2.1928

1385.4840,-0.9449,0.1682,4.4904,7.0395,-0.0785,-0.1395,5.7509,2.7376,-0.1395,2.3266

1386.4840,-1.4593,0.1682,4.5521,7.2968,-0.0785,0.2926,3.4356,2.3192,0.2926,2.0296

1387.4840,-1.4593,-0.0170,4.3052,6.0106,0.1685,-0.1395,4.9792,2.3312,-0.1395,1.9782

1388.4840,-0.1733,-0.0788,4.2434,7.5540,0.2302,-0.0778,5.4937,2.8782,-0.0778,2.4559

1389.4840,-0.6877,-0.0788,4.3052,7.2968,-0.0785,0.3544,4.4647,2.5369,0.3544,2.2251

1390.4840,0.3411,0.0447,4.4904,7.8112,0.1067,0.0457,5.2364,3.0051,0.0457,2.5823

1391.4840,-0.4305,-0.0788,4.5521,7.5540,-0.0167,-0.0160,6.0082,2.9314,-0.0160,2.5103

1392.4840,-0.4305,0.0447,4.3669,7.2968,-0.0167,0.0457,5.4937,2.7925,0.0457,2.4001

1393.4840,0.0839,0.0447,4.2434,7.8112,-0.1402,-0.0160,6.2654,3.0514,-0.0160,2.6132

1394.4840,-0.6877,0.1065,4.1817,15.2708,0.2920,-0.1395,5.7509,4.1524,-0.1395,3.5392

1395.4840,-0.6877,-0.0788,4.1817,6.5251,0.1067,0.3544,2.9211,2.1614,0.3544,1.9032

1396.4840,-1.4593,0.2299,4.8608,6.5251,0.2302,0.2309,8.3234,3.1184,0.2309,2.7059

1397.4840,1.6271,-0.7579,4.7991,6.2678,0.0450,0.4778,5.4937,2.9125,0.4778,2.5647

1398.4840,-0.4305,-0.2640,4.7991,7.2968,-0.1402,0.3544,2.9211,2.3637,0.3544,2.0767

1399.4840,-1.4593,-0.0170,4.9226,7.2968,-0.0167,0.5396,4.2074,2.4889,0.5396,2.2105

1400.4850,-1.2021,-0.0170,4.2434,6.7823,0.0450,0.1692,5.2364,2.5147,0.1692,2.1796

1401.4840,-0.6877,0.1682,4.7373,7.2968,0.1067,0.2309,5.4937,2.8525,0.2309,2.4780

1402.4840,-1.2021,-0.0788,4.4286,7.0395,-0.0167,0.4161,4.4647,2.4392,0.4161,2.1502

1403.4850,-0.9449,-0.0788,4.3052,7.2968,-0.3872,0.4161,4.2074,2.3997,0.4161,2.1164

1404.4850,-0.1733,0.0447,4.5521,7.0395,-0.1402,0.6013,5.4937,2.8027,0.6013,2.4883

1405.4840,-0.4305,-0.0170,4.2434,6.7823,0.0450,-0.1395,5.2364,2.6433,-0.1395,2.2457

1406.4840,-1.4593,0.1682,4.4286,6.7823,0.1067,-0.0160,6.0082,2.6725,-0.0160,2.2884

1407.4850,-0.4305,0.0447,4.6139,7.2968,-0.0785,0.1692,4.7219,2.6947,0.1692,2.3339

1408.4850,-0.1733,0.1065,4.5521,7.0395,-0.0167,0.4161,5.2364,2.7907,0.4161,2.4515

1409.4840,-0.9449,0.0447,4.6139,7.2968,-0.3872,-0.2013,5.7509,2.7290,-0.2013,2.3104

1410.4850,-1.2021,0.2299,4.5521,7.0395,0.0450,0.0457,6.2654,2.8216,0.0457,2.4251

1411.4840,-0.9449,0.1682,4.1817,6.2678,0.2302,0.0457,4.7219,2.4375,0.0457,2.0958

1412.4840,-0.9449,0.1065,4.6139,7.0395,-0.0167,-0.0778,5.4937,2.7153,-0.0778,2.3163

1413.4840,-9.1753,0.5386,3.9965,8.0684,-0.3872,0.0457,5.2364,1.3796,0.0457,1.1890

1414.4850,-1.2021,0.2299,4.2434,7.2968,0.1067,-0.5099,3.4356,2.3517,-0.5099,1.9429

1415.4840,-1.2021,0.1682,4.7373,6.7823,-0.0167,0.2309,5.2364,2.6176,0.2309,2.2766

1416.4840,0.0839,-0.0170,4.1817,7.2968,0.1067,-0.1395,5.4937,2.8576,-0.1395,2.4295

1417.4840,-2.7453,0.2299,4.4904,7.0395,0.1067,-0.0778,5.4937,2.4358,-0.0778,2.0767

1418.4840,2.9131,0.3534,4.3052,8.0684,-0.0167,-0.0160,5.2364,3.4766,-0.0160,2.9777

1419.4840,-0.6877,0.1065,4.7373,7.2968,-0.0167,0.1074,6.7799,3.0360,0.1074,2.6176

1420.4840,-1.7165,0.2299,4.9226,7.0395,0.0450,-0.0160,5.7509,2.7119,-0.0160,2.3222

1421.4850,-1.7165,-0.1405,4.7373,5.7534,0.2302,-0.2630,5.2364,2.3501,-0.2630,1.9768

1422.4840,-0.9449,-0.0170,4.8608,6.5251,-0.0167,-0.0778,4.7219,2.5215,-0.0778,2.1502

1423.4860,-0.6877,-0.0170,4.7991,8.5829,-0.0785,0.1074,6.2654,3.1440,0.1074,2.7102

1424.4850,-0.4305,-0.0788,4.0582,7.8112,-0.0785,-0.0778,6.2654,2.9245,-0.0778,2.4956

1425.4840,-1.4593,-0.0788,4.2434,7.0395,-0.0785,-0.0160,6.5227,2.6982,-0.0160,2.3104

1426.4840,-1.2021,0.4151,3.9965,7.8112,-0.0167,-0.1395,5.4937,2.7496,-0.1395,2.3369

1427.4850,-0.6877,-0.1405,4.1199,6.2678,-0.2020,0.4778,4.2074,2.2608,0.4778,2.0061

1428.4840,-0.9449,-0.0788,4.7373,6.7823,-0.0167,0.3544,7.2944,2.9623,0.3544,2.5897

1429.4840,-1.2021,0.0447,4.3669,4.7245,-0.0167,-0.2013,5.7509,2.2780,-0.2013,1.9238

1430.4840,-0.1733,-0.1405,4.1199,7.8112,-0.0167,-0.2013,6.5227,3.0205,-0.2013,2.5603

1431.4840,-0.6877,-0.0788,4.7991,6.7823,-0.0785,-0.0160,4.2074,2.4906,-0.0160,2.1325

1432.4840,-0.1733,0.4151,4.1199,7.0395,0.3537,-0.2013,4.7219,2.7461,-0.2013,2.3251

1433.4840,-0.9449,0.1682,4.0582,6.0106,0.1067,-0.3865,4.9792,2.3963,-0.3865,1.9988

1434.4840,-0.9449,-0.1405,4.5521,6.7823,0.0450,0.2309,0.3486,1.7738,0.2309,1.5534

1435.4840,-1.9737,0.0447,4.1817,6.5251,0.1067,-0.4482,4.9792,2.3106,-0.4482,1.9165

1436.4860,-0.6877,0.3534,4.3052,6.7823,0.0450,-0.5099,5.4937,2.7153,-0.5099,2.2546

1437.4840,-1.2021,0.5386,4.1817,7.2968,0.1685,-0.5717,6.2654,2.8748,-0.5717,2.3825

1438.4840,-0.9449,-0.0788,4.6756,6.2678,-0.0785,-0.0778,5.7509,2.5987,-0.0778,2.2163

1439.4840,-1.2021,-0.0170,4.4904,7.0395,-0.0167,-0.0160,4.7219,2.5027,-0.0160,2.1428

1440.4840,-0.9449,-0.1405,4.3669,6.5251,0.0450,-0.3247,4.2074,2.3432,-0.3247,1.9620

1441.4840,-0.9449,0.0447,4.5521,7.0395,0.1685,0.2309,4.9792,2.6398,0.2309,2.2957

1442.4850,-0.6877,0.1065,4.4286,7.0395,-0.0167,-0.3865,6.0082,2.8131,-0.3865,2.3560

1443.4840,-0.4305,0.1682,3.9347,7.8112,0.0450,-0.1395,5.4937,2.8370,-0.1395,2.4118

1444.4840,-0.9449,-0.2640,4.3669,6.5251,-0.1402,0.3544,4.9792,2.4203,0.3544,2.1252

1445.4850,-0.9449,0.1065,4.4904,7.2968,0.0450,-0.2630,6.2654,2.8765,-0.2630,2.4280

1446.4840,-0.9449,0.1682,4.0582,4.7245,0.4772,-0.2630,4.4647,2.1580,-0.2630,1.8121

1447.4840,-0.6877,0.0447,4.4904,8.0684,0.1685,-0.0160,5.4937,2.9297,-0.0160,2.5088

1448.4840,-1.9737,0.1682,3.9965,8.0684,0.0450,-0.1395,5.4937,2.6330,-0.1395,2.2369

1449.4840,-1.2021,-0.0170,4.1199,7.0395,0.0450,0.5396,3.9501,2.3226,0.5396,2.0679

1450.4840,-1.2021,0.1065,4.8608,6.0106,0.1067,-0.0160,5.2364,2.5198,-0.0160,2.1576

1451.4840,-0.6877,0.1065,4.2434,6.0106,-0.2020,0.0457,6.0082,2.5798,0.0457,2.2178

1452.4840,-0.4305,-0.1405,4.4286,7.0395,0.1067,0.2926,4.9792,2.6638,0.2926,2.3251

1453.4840,-0.9449,0.4151,4.3052,7.0395,0.2302,0.4778,5.7509,2.7993,0.4778,2.4677

1454.4840,-0.4305,0.1682,4.3052,6.7823,0.1067,0.2309,4.9792,2.6518,0.2309,2.3060

1455.4840,-0.4305,0.0447,4.4286,7.2968,0.1067,0.2926,3.9501,2.5661,0.2926,2.2413

1456.4840,-3.0025,0.2299,4.4286,7.2968,0.0450,0.3544,5.7509,2.4581,0.3544,2.1576

1457.4840,-0.4305,1.7733,4.6756,6.5251,-0.0167,0.1692,4.9792,2.9176,0.1692,2.5250

1458.4840,-0.4305,-0.0170,4.8608,6.5251,-0.0167,0.3544,5.7509,2.7788,0.3544,2.4324

1459.4840,-0.4305,0.1065,4.3669,9.0974,-0.0167,0.4778,5.7509,3.1457,0.4778,2.7646

1460.4850,-0.6877,0.1682,4.3052,7.2968,-0.0785,0.3544,5.7509,2.7925,0.3544,2.4442

1461.4850,-0.9449,0.0447,5.6017,8.3257,-0.0785,0.5396,5.4937,3.0737,0.5396,2.7117

1462.4850,-1.2021,-0.0170,4.6756,6.7823,0.0450,0.2926,5.2364,2.5867,0.2926,2.2590

1463.4840,-0.4305,-0.0788,4.6139,7.2968,0.0450,0.5396,6.2654,2.9520,0.5396,2.6073

1464.4840,-0.9449,0.0447,4.3052,7.0395,0.0450,0.5396,5.4937,2.6639,0.5396,2.3604

1465.4840,-0.6877,0.1682,3.9965,7.8112,-0.0785,0.4161,5.7509,2.8268,0.4161,2.4824

1466.4840,-1.2021,0.0447,4.9226,7.2968,0.0450,0.2926,5.4937,2.7668,0.2926,2.4133

1467.4840,-0.9449,0.0447,4.0582,6.7823,-0.0167,0.2309,4.7219,2.4409,0.2309,2.1252

1468.4840,-0.6877,0.1065,4.4904,7.5540,0.1685,-0.0778,5.4937,2.8542,-0.0778,2.4354

1469.4860,-0.9449,-1.1283,5.6635,5.7534,0.3537,0.4778,4.7219,2.4032,0.4778,2.1282

1470.4840,-2.2309,-0.0788,3.9965,7.2968,0.1067,-0.0778,5.4937,2.4307,-0.0778,2.0723

1471.4850,-0.6877,0.1682,4.8608,7.5540,0.1067,0.2926,5.7509,2.9588,0.2926,2.5779

1472.4860,-1.7165,0.1682,4.9843,8.3257,-0.0785,0.2926,3.4356,2.5198,0.2926,2.2016

1473.4840,-1.7165,-0.0170,4.4286,6.2678,-0.0785,0.1074,5.7509,2.4392,0.1074,2.1061

1474.4850,-0.9449,-0.1405,4.3052,9.3546,-0.2637,0.4778,5.4937,2.9674,0.4778,2.6117

1475.4840,-1.4593,0.1682,4.3052,5.7534,0.2302,-0.0160,4.4647,2.2437,-0.0160,1.9209

1476.4840,-0.6877,-0.0788,4.4904,7.5540,-0.0167,-0.0778,5.7509,2.8353,-0.0778,2.4192

1477.4850,-0.6877,0.2917,4.9226,7.0395,0.3537,0.2309,4.7219,2.7736,0.2309,2.4104

1478.4840,-0.9449,0.2917,4.1817,7.8112,0.1067,0.1692,6.0082,2.9091,0.1692,2.5177

1479.4840,-1.4593,0.1682,4.7991,6.0106,0.1685,0.1692,4.2074,2.3157,0.1692,2.0091

1480.4840,-0.9449,-0.0170,4.8608,6.7823,-0.0167,0.1074,5.2364,2.6501,0.1074,2.2869

1481.4840,-1.4593,0.1682,4.4286,6.7823,-0.0785,0.0457,4.4647,2.3843,0.0457,2.0502

1482.4850,-0.6877,-0.0788,4.7991,7.2968,0.1685,-0.0160,5.2364,2.7890,-0.0160,2.3883

1483.4840,-1.4593,0.2917,3.9965,7.2968,-0.0785,-0.1395,8.3234,3.0618,-0.1395,2.6044

1484.4840,-1.7165,0.4151,4.4904,6.7823,0.1685,-0.1395,4.7219,2.4769,-0.1395,2.1032

1485.4840,-1.4593,0.1682,4.4904,6.7823,0.1685,-0.3865,5.7509,2.6502,-0.3865,2.2164

1486.4840,-0.4305,-0.1405,4.6756,7.0395,0.0450,0.8483,3.4356,2.4375,0.8483,2.2104

1487.4840,5.7422,0.2917,4.5521,7.2968,0.1685,0.0457,4.9792,3.8384,0.0457,3.2966

1488.4840,-0.9449,-0.1405,4.4904,6.5251,-0.0785,-0.0778,4.2074,2.3432,-0.0778,1.9973

1489.4850,-0.9449,0.1065,4.4904,6.7823,-0.0785,0.1692,5.2364,2.5987,0.1692,2.2516

1490.4850,-0.4305,0.1065,5.0460,6.7823,0.1685,0.0457,5.2364,2.8182,0.0457,2.4221

1491.4850,-0.1733,0.2299,4.4904,6.7823,0.0450,-0.0778,1.8921,2.2111,-0.0778,1.8841

1492.4840,-0.6877,0.1065,3.8112,7.2968,0.0450,-0.0778,4.7219,2.5489,-0.0778,2.1737

1493.4850,-0.9449,0.1065,4.7991,3.1811,0.1067,-0.0778,6.0082,2.2094,-0.0778,1.8827

1494.4840,-0.4305,0.1682,3.9965,7.8112,-0.0785,0.0457,6.2654,2.9554,0.0457,2.5397

1495.4840,0.0839,-0.2022,4.3669,7.5540,-0.0167,-0.0778,5.7509,2.9228,-0.0778,2.4941

1496.4840,-0.6877,0.2299,4.9226,7.5540,0.1067,-0.1395,5.2364,2.8937,-0.1395,2.4603

1497.4840,-1.2021,0.1065,4.4286,8.0684,0.0450,-0.0778,5.7509,2.8662,-0.0778,2.4457

1498.4840,-0.6877,0.1682,4.8608,7.5540,-0.0167,-0.0778,4.9792,2.8096,-0.0778,2.3971

1499.4840,-0.6877,-0.1405,4.5521,6.0106,0.1685,-0.0778,5.7509,2.6090,-0.0778,2.2252

1500.4850,-0.6877,-0.0788,4.3052,7.2968,-0.0167,0.1074,5.7509,2.7616,0.1074,2.3824

1501.4840,-0.4305,-0.0788,4.8608,6.5251,-0.0167,-0.0160,5.7509,2.7685,-0.0160,2.3707

1502.4840,-0.4305,0.0447,4.3669,7.5540,-0.0167,-0.0160,4.2074,2.6210,-0.0160,2.2442

1503.4850,0.5983,-0.0788,4.6139,7.5540,0.2302,0.1074,5.2364,3.0257,0.1074,2.6088

1504.4840,-0.4305,-0.0170,4.5521,7.2968,-0.0167,-0.0778,4.7219,2.6844,-0.0778,2.2898

1505.4840,-0.1733,0.1065,4.3052,7.0395,-0.0167,-0.1395,5.4937,2.7925,-0.1395,2.3736

1506.4840,-1.2021,0.1065,4.5521,7.2968,-0.0167,-0.0160,7.8089,3.0909,-0.0160,2.6471

1507.4840,-0.9449,-0.2640,4.3052,7.2968,0.7242,-0.3247,5.2364,2.7256,-0.3247,2.2898

1508.4850,-0.6877,0.1065,4.3669,8.3257,0.1067,-0.0778,7.2944,3.2521,-0.0778,2.7764

1509.4840,0.5983,0.1682,1.8973,3.1811,1.7738,-0.5099,2.1494,1.6280,-0.5099,1.3226

1510.4840,1.6271,0.4769,2.8851,3.6956,4.8610,-0.4482,1.6349,2.5301,-0.4482,2.1046

1511.4840,1.3699,0.7238,2.9469,3.9528,3.8113,-0.0778,1.8921,2.4495,-0.0778,2.0884

1512.4840,1.1127,0.8473,3.3173,3.9528,3.6878,-0.2630,1.8921,2.4683,-0.2630,2.0781

1513.4850,1.1127,0.6003,3.3173,4.2100,3.5643,-0.3865,2.1494,2.4923,-0.3865,2.0811

1514.4840,1.6271,0.7238,3.2556,3.4383,3.6878,-0.3865,2.1494,2.4803,-0.3865,2.0708

1515.4850,1.3699,0.7238,3.2556,3.4383,3.3791,-0.4482,2.1494,2.3860,-0.4482,1.9811

1516.4850,1.3699,0.7856,3.1938,2.4094,3.4409,-0.5099,1.8921,2.1819,-0.5099,1.7974

1517.4850,1.3699,0.7238,3.2556,3.6956,3.3791,-0.3865,2.1494,2.4289,-0.3865,2.0267

1518.4850,0.5983,0.7856,3.1938,3.9528,3.2556,-0.5099,1.8921,2.2797,-0.5099,1.8812

1519.4840,0.3411,1.2177,3.3173,3.6956,3.5643,-0.2013,2.4066,2.4238,-0.2013,2.0488

1520.4840,0.8555,0.6621,3.5025,4.2100,3.4409,-0.5099,2.1494,2.4701,-0.5099,2.0443

1521.4840,1.3699,0.9090,3.0704,4.2100,3.1939,-0.3247,2.1494,2.4838,-0.3247,2.0825

1522.4840,1.3699,0.9090,3.3791,3.9528,3.2556,-0.1395,2.4066,2.5455,-0.1395,2.1619

1523.4840,0.8555,0.8473,3.3173,3.6956,3.1939,-0.2630,2.6639,2.4289,-0.2630,2.0443

1524.4840,0.8555,0.7856,3.3173,3.9528,3.5026,-0.2013,2.4066,2.4701,-0.2013,2.0884

1525.4850,0.5983,0.6621,3.0704,3.4383,3.1321,-0.2630,1.8921,2.1322,-0.2630,1.7900

1526.4850,1.6271,0.7856,3.3173,4.4672,3.2556,-0.0160,0.3486,2.3002,-0.0160,1.9693

1527.4840,0.8555,0.6621,3.4408,3.9528,3.1939,0.1074,2.1494,2.3757,0.1074,2.0517

1528.4850,0.5983,0.6621,3.3173,3.4383,3.4409,-0.6951,3.6929,2.5250,-0.6951,2.0649

1529.4840,1.6271,0.6621,3.4408,3.6956,3.2556,-0.1395,3.1784,2.6433,-0.1395,2.2457

1530.4850,0.8555,0.9090,3.1938,3.4383,3.3791,-0.1395,3.1784,2.4924,-0.1395,2.1164

1531.4840,1.1127,0.7238,3.1938,4.2100,3.2556,0.0457,2.1494,2.4409,0.0457,2.0987

1532.4840,0.0839,0.7856,3.3791,3.6956,3.3174,-0.0160,2.9211,2.3638,-0.0160,2.0238

1533.4840,1.6271,0.8473,3.3173,3.9528,3.5026,-0.2013,3.4356,2.7805,-0.2013,2.3545

1534.4840,1.6271,0.7856,3.3791,3.4383,3.2556,-0.0778,2.6639,2.5249,-0.0778,2.1531

1535.4850,0.0839,0.9708,3.1321,4.2100,3.1939,-0.0778,1.8921,2.2471,-0.0778,1.9150

1536.4840,1.1127,0.8473,3.5025,3.4383,3.5026,0.1074,2.1494,2.4255,0.1074,2.0943

1537.4840,1.1127,0.9708,3.0704,4.9817,3.3174,0.2926,2.9211,2.7290,0.2926,2.3809

1538.4850,0.8555,0.8473,3.2556,3.6956,3.1321,-0.0778,2.1494,2.3226,-0.0778,1.9797

1539.4850,0.8555,0.7856,3.3173,3.4383,3.3174,0.0457,1.6349,2.2248,0.0457,1.9135

1540.4840,1.1127,0.7238,3.3173,3.6956,3.4409,0.2309,2.9211,2.5352,0.2309,2.2060

1541.4840,1.6271,0.9090,3.3791,4.7245,3.3174,0.6630,2.1494,2.6844,0.6630,2.3956

1542.4840,0.8555,0.7238,2.9469,4.2100,3.9348,0.4778,2.9211,2.5987,0.4778,2.2957

1543.4850,0.8555,1.0325,3.1938,3.9528,3.1321,0.2309,2.1494,2.3860,0.2309,2.0781

1544.4840,1.3699,0.8473,3.2556,3.1811,3.2556,0.2309,2.9211,2.4718,0.2309,2.1516

1545.4840,0.3411,0.9090,3.1938,7.0395,3.2556,0.5396,2.1494,2.8147,0.5396,2.4897

1546.4840,0.8555,1.0325,3.1321,4.4672,3.0704,0.4778,1.8921,2.4083,0.4778,2.1325

1547.4840,0.0839,0.9708,3.1938,3.4383,3.1939,0.3544,2.1494,2.1717,0.3544,1.9121

1548.4840,1.1127,0.8473,3.3791,3.6956,3.3174,0.2926,1.8921,2.3740,0.2926,2.0767

1549.4840,0.8555,0.7856,3.1938,3.9528,3.3791,-0.0778,2.9211,2.5146,-0.0778,2.1443

1550.4850,0.8555,0.9708,3.2556,4.2100,3.3174,0.4778,2.4066,2.5026,0.4778,2.2134

1551.4850,1.1127,0.8473,3.4408,3.1811,3.3174,0.2926,2.4066,2.3843,0.2926,2.0855

1552.4840,0.8555,0.6621,3.1938,3.1811,4.0583,0.3544,3.1784,2.5215,0.3544,2.2119

1553.4840,0.0839,0.9708,2.9469,3.9528,3.3791,0.7248,1.8921,2.2043,0.7248,1.9929

1554.4850,-0.4305,0.8473,4.1199,3.6956,3.3791,0.2926,2.6639,2.3792,0.2926,2.0811

1555.4840,0.8555,0.8473,3.0704,3.9528,3.1939,0.4778,1.8921,2.3020,0.4778,2.0414

1556.4840,1.3699,0.9090,3.3791,3.4383,3.3174,0.4161,2.1494,2.4272,0.4161,2.1399

1557.4840,0.3411,0.8473,3.1321,4.2100,3.1321,0.2926,2.4066,2.3449,0.2926,2.0517

1558.4850,1.3699,0.9090,3.3791,3.6956,3.4409,0.3544,2.1494,2.4906,0.3544,2.1854

1559.4840,0.5983,0.9090,3.1321,3.6956,3.2556,-0.0160,2.6639,2.3757,-0.0160,2.0341

1560.4840,0.5983,0.7856,3.0086,4.2100,3.0704,0.1692,2.1494,2.3037,0.1692,1.9988

1561.4840,1.1127,0.9090,3.2556,3.4383,3.2556,0.1074,1.8921,2.3106,0.1074,1.9958

1562.4840,1.3699,0.7856,3.1321,3.9528,3.1939,0.3544,1.3776,2.3020,0.3544,2.0237

1563.4860,0.8555,0.8473,3.4408,3.4383,3.3174,0.2926,3.4356,2.5558,0.2926,2.2325

1564.4840,1.3699,0.8473,3.1938,4.7245,3.0704,0.4161,1.8921,2.5163,0.4161,2.2163

1565.4840,0.0839,0.9708,3.1321,4.7245,3.1321,0.4161,2.6639,2.4512,0.4161,2.1605

1566.4850,0.5983,0.9090,3.1938,5.4962,3.3174,0.4778,2.4066,2.6535,0.4778,2.3427

1567.4850,0.0839,0.9708,3.3173,3.9528,3.1321,0.4161,2.4066,2.3106,0.4161,2.0399

1568.4840,1.1127,0.7238,3.1938,4.2100,3.0704,0.1692,2.6639,2.4958,0.1692,2.1634

1569.4840,1.3699,0.7238,3.5643,3.4383,3.5026,0.0457,2.1494,2.4580,0.0457,2.1134

1570.4840,0.3411,0.9708,3.1321,5.7534,3.2556,0.0457,2.1494,2.6004,0.0457,2.2354

1571.4840,1.6271,0.7238,3.2556,3.9528,3.2556,0.1074,2.1494,2.4940,0.1074,2.1531

1572.4840,1.8843,0.7856,3.3173,3.1811,3.1939,-0.0160,2.1494,2.4186,-0.0160,2.0708

1573.4840,0.3411,0.9090,3.5025,3.4383,3.1939,0.1074,2.6639,2.3415,0.1074,2.0223

1574.4840,1.8843,0.8473,3.1938,3.4383,3.3174,-0.0160,2.4066,2.5146,-0.0160,2.1531

1575.4850,0.8555,0.8473,3.3173,3.4383,3.2556,0.5396,2.6639,2.3963,0.5396,2.1311

1576.4840,1.1127,0.8473,3.0704,4.2100,3.1321,-0.0778,2.4066,2.4632,-0.0778,2.1002

1577.4840,0.5983,0.8473,3.4408,4.4672,3.2556,0.0457,2.6639,2.5455,0.0457,2.1884

1578.4840,-0.6877,0.9090,3.1938,3.9528,3.1939,-0.1395,2.6639,2.2043,-0.1395,1.8695

1579.4840,1.6271,1.1560,3.3173,3.6956,3.1939,-0.0160,2.4066,2.5661,-0.0160,2.1972

1580.4840,-0.9449,0.9090,3.4408,3.4383,3.0087,0.0457,2.6639,2.0860,0.0457,1.7945

1581.4840,0.8555,0.9090,3.4408,3.6956,3.1939,-0.1395,2.1494,2.3740,-0.1395,2.0149

1582.4840,0.0839,0.7238,3.3173,4.4672,3.1939,-0.1395,2.6639,2.4083,-0.1395,2.0444

1583.4850,0.5983,0.9090,3.1938,3.6956,3.5026,-0.1395,2.1494,2.3414,-0.1395,1.9870

1584.4840,0.0839,0.9090,3.3173,3.6956,3.1939,-0.2630,2.4066,2.2677,-0.2630,1.9062

1585.4840,1.1127,0.8473,3.3173,3.6956,3.3174,-0.2013,1.8921,2.3637,-0.2013,1.9973

1586.4840,0.5983,0.8473,3.2556,4.9817,3.3174,-0.2013,2.1494,2.5249,-0.2013,2.1355

1587.4840,1.6271,0.6621,3.1938,3.4383,3.0704,-0.1395,2.1494,2.3568,-0.1395,2.0002

1588.4850,1.3699,1.0325,3.1938,4.7245,3.3174,-0.0160,2.6639,2.7170,-0.0160,2.3266

1589.4840,0.8555,1.1560,3.2556,4.4672,3.4409,-0.1395,2.9211,2.6827,-0.1395,2.2795

1590.4840,0.3411,0.9090,3.3791,3.4383,3.4409,-0.4482,2.4066,2.3192,-0.4482,1.9238

1591.4840,0.8555,0.9090,3.2556,5.2389,3.2556,-0.0778,2.4066,2.6535,-0.0778,2.2634

1592.4840,0.5983,1.2177,3.1938,3.6956,3.4409,-0.2013,2.9211,2.5112,-0.2013,2.1237

1593.4850,1.6271,0.6003,3.8730,4.4672,3.8113,0.2309,2.4066,2.7976,0.2309,2.4309

1594.4840,0.5983,1.0325,1.4034,7.0395,2.7617,0.0457,1.6349,2.4117,0.0457,2.0737

1595.4840,0.8555,0.8473,3.2556,4.4672,3.0704,0.1692,1.6349,2.3551,0.1692,2.0429

1596.4850,0.5983,0.9708,3.0704,5.4962,3.1939,0.1074,2.6639,2.6656,0.1074,2.3001

1597.4840,0.5983,-0.4492,3.5643,2.1522,3.2556,-0.1395,6.0082,2.5216,-0.1395,2.1414

1598.4850,1.6271,0.6621,3.1321,1.1233,2.7617,0.2926,1.6349,1.8235,0.2926,1.6048

1599.4840,0.0839,0.9090,2.6999,3.9528,3.2556,0.1074,1.3776,2.0465,0.1074,1.7695

1600.4840,0.8555,0.7238,3.1321,3.6956,3.1939,0.0457,2.1494,2.2917,0.0457,1.9708

1601.4840,1.3699,0.4769,3.2556,3.1811,3.1321,-0.3865,2.4066,2.3037,-0.3865,1.9194

1602.4840,0.5983,0.7856,3.0704,3.6956,3.1321,-0.0160,1.8921,2.1957,-0.0160,1.8797

1603.4850,0.5983,1.1560,3.2556,4.4672,3.3174,-0.2630,2.6639,2.5764,-0.2630,2.1708

1604.4840,1.3699,0.6621,3.0086,3.9528,3.1321,-0.2013,2.6639,2.4649,-0.2013,2.0840

1605.4850,0.0839,0.7238,3.2556,4.7245,3.0087,-0.0778,3.4356,2.5387,-0.0778,2.1649

1606.4840,1.1127,0.7856,3.1938,4.2100,3.1321,-0.4482,1.6349,2.3448,-0.4482,1.9458

1607.4840,1.3699,0.7238,3.3173,3.1811,3.2556,-0.2630,2.9211,2.4615,-0.2630,2.0723

1608.4840,0.5983,0.7856,3.0704,4.4672,3.2556,-0.4482,3.1784,2.5592,-0.4482,2.1296

1609.4840,0.8555,0.9090,3.1321,4.2100,3.3174,-0.3865,2.4066,2.4718,-0.3865,2.0635

1610.4840,1.1127,0.7238,3.0704,3.6956,2.9469,-0.4482,2.1494,2.2831,-0.4482,1.8929

1611.4850,0.5983,0.7856,3.1321,3.4383,3.1321,-0.5717,2.6639,2.2917,-0.5717,1.8827

1612.4840,0.5983,0.9708,3.2556,3.9528,3.1321,-0.2013,1.8921,2.3003,-0.2013,1.9429

1613.4840,0.8555,0.8473,3.1938,3.6956,3.1939,-0.0160,1.8921,2.2797,-0.0160,1.9517

1614.4840,0.5983,0.8473,3.1938,3.9528,3.1939,-0.0778,2.1494,2.3226,-0.0778,1.9797

1615.4840,0.8555,1.0942,3.3173,3.4383,3.4409,-0.2013,2.6639,2.4683,-0.2013,2.0870

1616.4840,1.1127,0.7856,3.4408,3.9528,3.5026,-0.0778,3.1784,2.6621,-0.0778,2.2707

1617.4840,0.5983,0.9090,3.1938,3.6956,3.2556,-0.0778,2.9211,2.4289,-0.0778,2.0708

1618.4840,0.3411,1.0942,3.2556,4.2100,3.1939,-0.0778,1.3776,2.2454,-0.0778,1.9135

1619.4840,0.8555,0.8473,2.9469,4.4672,3.1321,-0.0778,3.1784,2.5712,-0.0778,2.1928

1620.4840,1.3699,0.6621,3.1938,3.4383,3.8731,-0.0778,2.9211,2.5764,-0.0778,2.1972

1621.4840,1.1127,0.9708,3.1321,4.2100,3.2556,0.1692,2.1494,2.4718,0.1692,2.1428

1622.4840,0.5983,1.0325,3.1321,4.7245,2.9469,0.2309,1.8921,2.3877,0.2309,2.0796

1623.4840,2.1415,0.8473,3.3791,3.4383,3.3174,0.1074,1.8921,2.5026,0.1074,2.1604

1624.4840,1.6271,0.7856,3.5643,4.2100,3.4409,0.0457,2.4066,2.6724,0.0457,2.2972

1625.4840,0.5983,1.1560,3.2556,4.7245,3.3174,0.9100,2.6639,2.6193,0.9100,2.3751

1626.4840,1.8843,1.0325,3.1938,4.2100,3.1939,0.4161,2.1494,2.6106,0.4161,2.2971

1627.4840,1.3699,0.9090,3.1938,3.6956,3.4409,1.7743,3.1784,2.6313,1.7743,2.5088

1628.4840,1.3699,0.9708,2.9469,3.9528,3.5026,0.3544,2.6639,2.5678,0.3544,2.2516

1629.4840,0.8555,1.0325,3.5643,3.4383,3.1321,0.4161,2.6639,2.4478,0.4161,2.1575

1630.4850,0.8555,0.7856,3.2556,3.6956,3.5026,0.2926,2.1494,2.3740,0.2926,2.0767

1631.4840,1.8843,0.9090,3.2556,3.1811,3.1939,0.2926,2.1494,2.4289,0.2926,2.1237

1632.4840,1.6271,0.4769,3.5643,3.1811,3.5026,0.4161,2.4066,2.4598,0.4161,2.1678

1633.4850,0.3411,0.9708,3.4408,4.2100,3.3174,0.2309,2.4066,2.4478,0.2309,2.1311

1634.4840,1.3699,0.8473,3.1938,3.9528,3.1939,0.4161,2.9211,2.5798,0.4161,2.2707

1635.4840,-0.1733,0.7238,3.2556,3.6956,3.3174,0.1692,2.6639,2.2471,0.1692,1.9503

1636.4840,-0.6877,1.0325,2.9469,4.2100,3.2556,0.2309,1.8921,2.1082,0.2309,1.8400

1637.4850,1.1127,0.3534,3.2556,3.6956,3.3791,0.2309,3.1784,2.4958,0.2309,2.1722

1638.4850,1.8843,0.7856,3.2556,7.8112,3.5026,0.3544,2.1494,3.2314,0.3544,2.8204

1639.4850,1.1127,0.9708,3.5025,3.9528,3.3791,0.2926,2.4066,2.5541,0.2926,2.2310

1640.4850,0.5983,0.9708,3.3173,3.9528,3.1939,0.2926,2.4066,2.4066,0.2926,2.1046

1641.4840,1.1127,0.8473,3.3173,4.2100,3.2556,0.2309,2.6639,2.5678,0.2309,2.2340

1642.4840,0.5983,1.0325,3.3791,2.6666,3.3791,0.4161,2.1494,2.2008,0.4161,1.9459

1643.4840,1.1127,0.9708,3.1321,4.2100,3.3174,1.4656,3.9501,2.7822,1.4656,2.5941

1644.4850,1.3699,0.7238,4.1817,3.6956,3.3791,0.4778,2.9211,2.7119,0.4778,2.3927

1645.4850,1.1127,0.9708,3.5643,3.9528,3.3791,0.2309,2.4066,2.5644,0.2309,2.2310

1646.4840,0.3411,0.9708,3.1321,3.9528,3.9348,0.4778,2.4066,2.4564,0.4778,2.1737

1647.4840,0.5983,0.9708,3.2556,4.2100,3.0704,0.2309,2.1494,2.3757,0.2309,2.0693

1648.4840,1.1127,0.8473,3.2556,3.4383,3.4409,0.0457,2.6639,2.4598,0.0457,2.1149

1649.4840,1.1127,0.9708,3.1938,3.9528,3.2556,0.4161,2.9211,2.5678,0.4161,2.2604

1650.4840,0.8555,0.8473,3.6260,2.6666,3.1939,0.3544,2.6639,2.3089,0.3544,2.0297

1651.4840,2.1415,0.7856,3.5025,3.9528,3.4409,0.4161,2.6639,2.7478,0.4161,2.4147

1652.4850,0.8555,0.9708,3.2556,3.9528,3.2556,0.2926,2.6639,2.4924,0.2926,2.1781

1653.4850,1.1127,0.9708,3.2556,4.7245,3.3791,0.4778,2.4066,2.6415,0.4778,2.3324

1654.4840,0.8555,0.9090,3.0704,5.2389,3.3174,0.4778,2.6639,2.6758,0.4778,2.3618

1655.4850,0.5983,1.0325,3.5025,3.9528,3.1939,0.4778,2.1494,2.4049,0.4778,2.1296

1656.4850,1.6271,1.0942,3.1938,4.4672,3.1321,0.3544,2.1494,2.6106,0.3544,2.2883

1657.4840,1.1127,0.9708,3.1321,4.2100,3.1939,0.4778,1.8921,2.4186,0.4778,2.1413

1658.4840,1.8843,0.7238,3.3791,3.6956,3.2556,0.2309,2.4066,2.5575,0.2309,2.2251

1659.4850,1.1127,0.9708,3.3791,3.9528,2.7617,0.6630,0.6059,2.1305,0.6630,1.9208

1660.4840,2.6559,0.8473,3.2556,4.4672,3.0704,0.5396,2.4066,2.7838,0.5396,2.4632

1661.4840,0.8555,0.8473,3.2556,4.4672,3.1321,0.4161,1.8921,2.4083,0.4161,2.1237

1662.4840,0.8555,1.0325,3.4408,3.6956,3.4409,0.3544,2.6639,2.5215,0.3544,2.2119

1663.4850,0.8555,0.9708,3.6260,3.4383,3.4409,0.2309,2.4066,2.4563,0.2309,2.1384

1664.4840,0.8555,0.8473,3.1321,3.4383,3.2556,0.5396,2.1494,2.2797,0.5396,2.0311

1665.4840,0.8555,0.9090,3.0704,3.9528,3.3174,0.2926,3.1784,2.5472,0.2926,2.2251

1666.4850,1.1127,0.9090,3.3791,4.2100,3.2556,0.5396,2.1494,2.5026,0.5396,2.2222

1667.4850,1.1127,0.6621,3.3791,3.6956,3.3174,0.0457,2.4066,2.4289,0.0457,2.0884

1668.4840,1.6271,0.8473,3.2556,3.4383,3.2556,-0.0778,2.9211,2.5575,-0.0778,2.1810

1669.4840,1.3699,0.8473,3.2556,3.4383,3.1321,0.4161,2.6639,2.4512,0.4161,2.1605

1670.4840,0.3411,1.7733,2.4529,4.7245,3.1321,0.4778,2.1494,2.4289,0.4778,2.1502

1671.4840,1.1127,0.7856,3.3173,3.6956,3.1939,0.2926,2.6639,2.4615,0.2926,2.1516

1672.4840,1.1127,0.9708,3.8730,3.4383,3.1939,-0.0778,1.3776,2.3277,-0.0778,1.9841

1673.4840,0.5983,0.7856,3.1321,4.4672,2.6999,0.2309,1.6349,2.2197,0.2309,1.9356

1674.4840,1.1127,0.8473,2.7617,3.9528,3.2556,0.1074,1.8921,2.3037,0.1074,1.9899

1675.4840,1.1127,0.7856,2.6382,4.7245,3.4409,-0.6951,1.3776,2.3466,-0.6951,1.9120

1676.4850,1.1127,0.9708,3.8112,3.9528,3.3791,0.3544,2.6639,2.6484,0.3544,2.3207

1677.4840,1.1127,0.5386,3.2556,3.9528,3.3791,-0.1395,3.1784,2.5695,-0.1395,2.1825

1678.4840,0.8555,1.4029,3.7495,2.9239,3.3174,0.1074,1.6349,2.3140,0.1074,1.9988

1679.4840,0.5983,0.7238,3.3791,3.4383,3.3174,-0.2013,2.1494,2.2677,-0.2013,1.9150

1680.4840,1.1127,1.1560,3.0086,3.4383,3.3174,0.2309,2.1494,2.3637,0.2309,2.0590

1681.4840,0.8555,0.7238,3.3173,3.6956,3.0704,-0.2013,1.8921,2.2591,-0.2013,1.9076

1682.4840,0.8555,1.2177,3.1938,3.4383,3.2556,-0.0778,2.6639,2.4375,-0.0778,2.0782

1683.4840,1.3699,0.9090,3.3173,3.4383,3.3174,0.1074,2.1494,2.4169,0.1074,2.0870

1684.4840,1.1127,0.9708,3.0704,3.9528,3.0704,0.4778,2.1494,2.3877,0.4778,2.1149

1685.4840,1.1127,0.7856,3.8112,2.6666,3.6878,-0.2013,1.1204,2.1974,-0.2013,1.8547

1686.4840,1.3699,0.7856,3.5025,3.4383,3.0704,0.0457,7.0372,3.2006,0.0457,2.7499

1687.4840,0.5983,0.9708,2.6999,3.9528,3.0704,0.1692,1.8921,2.1974,0.1692,1.9076

1688.4840,1.3699,0.7238,3.1938,4.7245,3.1939,-0.0778,2.4066,2.6021,-0.0778,2.2192

1689.4840,0.8555,1.0942,3.2556,3.4383,2.8234,0.0457,2.9211,2.3980,0.0457,2.0620

1690.4840,1.1127,1.0325,3.3173,4.2100,2.6382,0.2309,2.1494,2.4100,0.2309,2.0987

1691.4840,1.3699,1.2177,3.5025,2.6666,3.3791,-0.0778,1.6349,2.2951,-0.0778,1.9561

1692.4840,0.8555,0.9090,3.2556,3.9528,3.0704,0.1692,1.8921,2.3226,0.1692,2.0149

1693.4850,1.1127,0.9708,3.0704,3.9528,3.0704,-0.1395,2.1494,2.3877,-0.1395,2.0267

1694.4850,1.3699,0.7238,3.2556,3.9528,3.2556,-0.1395,-0.4232,2.0224,-0.1395,1.7136

1695.4840,2.1415,0.8473,-0.3254,4.4672,3.0087,-0.0160,2.4066,2.0910,-0.0160,1.7900

1696.4840,1.8843,0.6621,1.5268,3.4383,3.3174,0.1074,2.1494,2.1630,0.1074,1.8694

1697.4840,1.1127,0.9090,2.8234,3.6956,2.9469,0.1692,1.6349,2.1871,0.1692,1.8988

1698.4840,0.5983,1.1560,2.8851,4.2100,3.1321,-0.0160,1.8921,2.3123,-0.0160,1.9797

1699.4840,1.3699,0.5386,3.0704,3.4383,3.3174,-0.0778,0.3486,2.0139,-0.0778,1.7151

1700.4850,1.1127,0.7856,3.0704,3.4383,3.0087,0.1692,1.3776,2.1322,0.1692,1.8518

1701.4860,0.5983,1.0942,2.8234,4.9817,3.0704,-0.1395,1.6349,2.3671,-0.1395,2.0091

1702.4840,0.8555,0.7238,3.1321,3.1811,3.3791,-0.1395,2.9211,2.3655,-0.1395,2.0076

1703.4840,1.1127,0.7238,1.3416,3.4383,3.1939,-0.1395,1.6349,1.9075,-0.1395,1.6151

1704.4840,1.8843,0.3534,0.1686,4.2100,3.5026,-0.1395,3.6929,2.3020,-0.1395,1.9532

1705.4850,0.0839,0.7856,-0.1401,6.7823,3.2556,-0.0778,2.4066,2.1956,-0.0778,1.8709

1706.4850,-0.4305,0.7238,0.0451,5.2389,3.2556,0.1074,1.6349,1.7446,0.1074,1.5107

1707.4850,1.1127,0.8473,-0.0167,5.4962,3.2556,-0.0778,2.6639,2.2265,-0.0778,1.8973

1708.4850,1.6271,0.8473,0.4773,3.9528,3.1939,-0.0160,2.1494,2.0413,-0.0160,1.7474

1709.4850,0.8555,1.1560,0.1686,3.6956,3.3174,-0.1395,2.6639,1.9761,-0.1395,1.6739

1710.4850,0.8555,0.8473,-0.0167,4.7245,3.1321,0.2309,1.6349,1.8629,0.2309,1.6298

1711.4850,1.3699,0.6621,0.6625,2.9239,3.1321,-0.0778,2.4066,1.8595,-0.0778,1.5828

1712.4840,2.3987,0.8473,2.1442,4.2100,2.8234,0.2926,1.6349,2.3431,0.2926,2.0502

1713.4840,0.0839,0.9708,0.0451,2.6666,3.1939,0.4161,2.1494,1.5183,0.4161,1.3608

1714.4850,0.0839,1.2794,0.1686,3.4383,3.3791,-0.0778,2.4066,1.7927,-0.0778,1.5255

1715.4840,1.6271,0.7238,0.3538,3.9528,3.2556,-0.1395,2.6639,2.0962,-0.1395,1.7768

1716.4850,0.0839,0.8473,0.7860,3.1811,3.2556,-0.0778,3.1784,1.8887,-0.0778,1.6078

1717.4840,1.3699,1.0942,-0.0167,4.7245,3.1321,0.0457,5.2364,2.5901,0.0457,2.2266

1718.4840,0.0839,0.9708,0.1686,3.6956,3.1321,0.1074,1.1204,1.5285,0.1074,1.3255

1719.4850,1.3699,0.8473,0.3538,3.1811,3.3174,0.0457,1.6349,1.7840,0.0457,1.5357

1720.4840,0.8555,0.9090,-0.0167,3.9528,3.0704,-0.0778,1.6349,1.7343,-0.0778,1.4754

1721.4840,0.5983,0.7856,-0.2636,4.4672,3.0087,-0.3865,1.6349,1.7052,-0.3865,1.4064

1722.4840,0.8555,0.8473,-0.1401,4.4672,2.9469,0.0457,1.6349,1.7686,0.0457,1.5225

1723.4840,1.1127,0.8473,0.2303,3.9528,3.3174,-0.0778,3.4356,2.1493,-0.0778,1.8312

1724.4840,1.1127,0.9090,0.1686,3.6956,3.3174,0.0457,1.8921,1.8492,0.0457,1.5916

1725.4840,0.0839,0.9090,0.0451,2.4094,3.0087,0.9100,2.4066,1.4771,0.9100,1.3961

1726.4840,1.1127,0.7856,0.1068,3.4383,3.2556,0.1074,2.4066,1.8509,0.1074,1.6019

1727.4850,0.8555,0.7856,0.7860,3.9528,3.2556,0.0457,5.2364,2.4786,0.0457,2.1311

1728.4850,1.8843,0.8473,0.1068,3.4383,3.3174,-0.0160,2.6639,2.0430,-0.0160,1.7488

1729.4840,0.5983,0.6621,0.1686,3.4383,3.3791,-0.0160,4.2074,2.0756,-0.0160,1.7768

1730.4840,0.3411,1.2177,-0.2636,3.9528,3.2556,-0.2630,2.4066,1.8184,-0.2630,1.5210

1731.4850,1.1127,0.7856,-0.0784,3.9528,3.6878,0.2309,2.1494,1.9350,0.2309,1.6915

1732.4840,1.1127,0.9090,0.1068,3.4383,1.4651,0.4778,0.6059,1.2730,0.4778,1.1594

1733.4840,2.3987,0.9708,0.1068,3.4383,3.2556,-0.0778,2.1494,2.0533,-0.0778,1.7488

1734.4850,1.1127,0.6621,1.0947,3.1811,3.8113,0.3544,2.6639,2.0876,0.3544,1.8400

1735.4840,1.3699,0.8473,-0.0167,3.6956,3.2556,0.0457,3.6929,2.1408,0.0457,1.8415

1736.4840,0.0839,1.0325,-0.0784,4.2100,3.0704,0.0457,2.1494,1.7446,0.0457,1.5019

1737.4840,0.8555,0.9090,-0.2019,3.4383,3.1939,-0.0160,3.4356,1.9384,-0.0160,1.6592

1738.4840,0.5983,0.8473,0.1068,4.4672,3.1939,-0.0778,2.9211,2.0224,-0.0778,1.7224

1739.4850,1.8843,0.8473,1.1564,3.4383,3.1321,0.4161,2.1494,2.1013,0.4161,1.8606

1740.4840,1.6271,0.7856,-0.0167,3.4383,3.3791,-0.0160,2.1494,1.8938,-0.0160,1.6210

1741.4840,1.1127,0.6621,0.1068,2.9239,3.3174,-0.2630,2.1494,1.7120,-0.2630,1.4299

1742.4850,0.8555,1.0325,0.9094,3.4383,3.4409,0.4161,2.9211,2.0996,0.4161,1.8591

1743.4840,0.5983,0.9090,0.6007,2.9239,3.3174,0.4778,1.8921,1.7069,0.4778,1.5313

1744.4840,1.8843,0.9090,0.9094,3.9528,3.0704,0.4161,2.1494,2.1459,0.4161,1.8988

1745.4840,1.3699,0.8473,0.6007,5.7534,3.3174,0.3544,1.6349,2.2539,0.3544,1.9826

1746.4840,0.5983,0.9090,1.1564,4.2100,3.1939,0.3544,2.4066,2.0790,0.3544,1.8327

1747.4840,1.3699,0.8473,0.2303,3.4383,3.4409,0.4778,1.8921,1.8698,0.4778,1.6709

1748.4840,2.1415,0.7856,0.6625,3.4383,3.1321,0.2309,2.1494,2.0516,0.2309,1.7915

1749.4840,0.5983,0.8473,0.7860,3.9528,2.6999,0.7865,2.1494,1.8389,0.7865,1.6886

1750.4840,1.1127,0.8473,0.7242,4.2100,3.1939,0.6013,2.1494,2.0396,0.6013,1.8341

1751.4840,0.8555,0.9708,0.6007,3.9528,2.9469,0.2309,2.4066,1.9555,0.2309,1.7092

1752.4840,1.3699,0.9090,1.1564,3.9528,3.0704,0.7248,2.1494,2.1013,0.7248,1.9047

1753.4840,1.8843,0.7856,0.6007,3.1811,2.9469,0.4778,3.1784,2.0962,0.4778,1.8650

1754.4850,1.1127,0.7856,0.6625,2.9239,3.3174,0.1692,7.0372,2.6399,0.1692,2.2869

1755.4850,1.3699,1.0325,0.8477,4.2100,3.2556,0.1692,2.1494,2.1442,0.1692,1.8620

1756.4840,0.5983,0.9708,0.6007,4.7245,3.4409,0.3544,1.6349,1.9950,0.3544,1.7606

1757.4840,1.3699,1.1560,0.9094,3.9528,3.1321,0.4778,1.8921,2.0687,0.4778,1.8415

1758.4840,0.3411,0.9708,0.7860,3.6956,3.3791,0.3544,3.1784,2.0585,0.3544,1.8150

1759.4840,0.5983,0.8473,0.7860,3.6956,3.1321,0.3544,2.6639,1.9539,0.3544,1.7254

1760.4840,1.3699,0.9090,0.9094,3.4383,3.3174,0.2309,2.4066,2.0584,0.2309,1.7974

1761.4850,1.6271,0.9090,1.5886,3.6956,3.4409,0.3544,2.6639,2.3208,0.3544,2.0399

1762.4840,0.3411,1.0325,1.3416,3.9528,3.5026,0.2309,2.9211,2.1820,0.2309,1.9032

1763.4840,1.3699,0.4769,1.3416,3.6956,3.5643,0.2926,2.4066,2.1425,0.2926,1.8782

1764.4840,0.5983,0.8473,1.1564,3.6956,3.3791,0.3544,2.6639,2.0568,0.3544,1.8136

1765.4850,1.1127,0.9090,0.6007,3.4383,3.2556,0.1074,1.6349,1.8252,0.1074,1.5798

1766.4840,0.3411,0.7238,1.2181,6.7823,3.3791,0.4778,2.1494,2.4323,0.4778,2.1531

1767.4840,1.6271,0.9708,0.8477,4.2100,3.1321,0.2926,2.4066,2.1991,0.2926,1.9267

1768.4840,1.1127,1.0325,1.3416,-0.6773,3.1939,0.3544,2.6639,1.4445,0.3544,1.2888

1769.4840,0.3411,1.1560,1.1564,4.2100,3.1321,0.3544,2.1494,2.0242,0.3544,1.7856

1770.4840,1.1127,0.3534,1.0329,2.6666,3.3791,0.2309,3.1784,1.9539,0.2309,1.7077

1771.4840,0.0839,0.9708,1.2799,3.6956,3.1939,0.3544,1.8921,1.8527,0.3544,1.6386

1772.4840,1.8843,0.9708,1.5886,4.9817,3.1939,0.2926,1.8921,2.4186,0.2926,2.1149

1773.4840,1.1127,0.9708,1.4651,2.9239,3.5026,0.1074,2.9211,2.1494,0.1074,1.8577

1774.4840,0.5983,0.9708,1.4651,3.9528,3.3791,0.3544,2.4066,2.1288,0.3544,1.8753

1775.4850,1.3699,0.9090,0.9712,3.9528,3.4409,-0.0160,1.1204,1.9607,-0.0160,1.6783

1776.4840,1.6271,1.0325,1.3416,3.6956,3.2556,0.1074,1.6349,2.0979,0.1074,1.8135

1777.4840,1.1127,1.0942,1.0329,4.7245,3.1939,0.3544,1.6349,2.1322,0.3544,1.8782

1778.4840,0.5983,0.9090,0.9094,4.2100,3.0704,-0.0160,2.4066,2.0173,-0.0160,1.7268

1779.4850,0.8555,0.7238,1.2181,3.9528,3.1939,-0.1395,2.1494,2.0156,-0.1395,1.7077

1780.4840,1.1127,0.6621,1.4034,3.6956,3.3791,0.1074,2.1494,2.0670,0.1074,1.7871

1781.4840,0.8555,1.0942,1.2181,4.4672,3.1939,0.1074,2.4066,2.2059,0.1074,1.9061

1782.4840,1.3699,0.7856,1.4034,4.9817,3.3791,-0.0160,2.1494,2.3448,-0.0160,2.0076

1783.4840,0.8555,0.6003,1.3416,4.2100,3.3791,0.1692,2.1494,2.0893,0.1692,1.8150

1784.4840,1.6271,0.9708,2.0825,3.4383,3.3174,0.1692,2.1494,2.2642,0.1692,1.9649

1785.4840,1.3699,0.7856,1.8973,4.4672,3.2556,0.1692,2.1494,2.3208,0.1692,2.0134

1786.4850,1.3699,0.8473,2.6999,3.9528,3.0704,0.0457,-0.1659,1.9624,0.0457,1.6886

1787.4840,1.3699,1.0325,1.7121,4.2100,3.3791,-0.3247,2.9211,2.4374,-0.3247,2.0429

1788.4840,1.3699,0.9090,1.9590,3.6956,3.1939,0.1074,1.6349,2.1270,0.1074,1.8385

1789.4840,0.8555,0.7856,1.7121,3.9528,2.7617,0.1074,2.4066,2.0790,0.1074,1.7974

1790.4840,1.8843,0.9708,1.8973,3.6956,3.1939,0.0457,2.9211,2.4271,0.0457,2.0869

1791.4850,0.5983,0.7856,2.1442,3.9528,3.2556,0.0457,1.3776,2.0190,0.0457,1.7371

1792.4840,0.0839,0.7238,1.5886,3.4383,3.3791,0.0457,2.1494,1.8938,0.0457,1.6298

1793.4840,0.8555,0.7238,1.3416,3.6956,3.5643,0.1692,1.8921,2.0122,0.1692,1.7489

1794.4850,0.5983,0.9090,1.8355,4.2100,3.1321,0.0457,1.6349,2.0533,0.0457,1.7665

1795.4840,0.5983,0.9708,1.2181,3.4383,3.5026,0.0457,2.1494,1.9796,0.0457,1.7033

1796.4840,0.3411,0.8473,1.1564,3.6956,3.3174,0.0457,2.1494,1.9178,0.0457,1.6504

1797.4850,-0.9449,0.9708,1.1564,0.0944,3.3791,0.1692,2.1494,1.1342,0.1692,0.9963

1798.4840,0.0839,0.7856,1.4034,4.2100,3.3174,0.1692,2.1494,1.9916,0.1692,1.7312

1799.4840,0.5983,0.8473,1.4034,3.6956,3.4409,0.1074,2.1494,2.0225,0.1074,1.7489

1800.4840,1.3699,1.0942,1.0947,3.6956,3.4409,-0.0160,2.1494,2.1408,-0.0160,1.8326

1801.4840,0.5983,1.0325,1.1564,3.6956,3.2556,-0.2013,2.6639,2.0670,-0.2013,1.7430

1802.4840,2.1415,0.7238,1.4034,3.4383,3.3791,0.1692,1.8921,2.1630,0.1692,1.8782

1803.4850,0.8555,0.7856,1.1564,3.4383,3.3174,0.2926,2.4066,1.9933,0.2926,1.7503

