Elapsed Time (s), Rod voltage (V)
1.2240,NaN

1.5790,2.4718

2.3250,2.4727

3.3250,2.4701

4.3250,2.4715

5.3260,2.4750

6.3250,2.4753

7.3250,2.4734

8.3250,2.4739

9.3260,2.4772

10.3250,2.4770

11.3260,2.4760

12.3250,2.4728

13.3250,2.4747

14.3250,2.4767

15.3250,2.4775

16.3250,2.4791

17.3250,2.4792

18.3250,2.4816

19.3250,2.4805

20.3250,2.4822

21.3250,2.4816

22.3260,2.4821

23.3250,2.4821

24.3250,2.4811

25.3250,2.4819

26.3250,2.4827

27.3250,2.4836

28.3250,2.4853

29.3250,2.4849

30.3250,2.4823

31.3250,2.4817

32.3260,2.4842

33.3260,2.4858

34.3250,2.4854

35.3250,2.4843

36.3250,2.4843

37.3250,2.4845

38.3260,2.4853

39.3250,2.4832

40.3250,2.4841

41.3260,2.4843

42.3250,2.4850

43.3250,2.4860

44.3250,2.4888

45.3250,2.4913

46.3250,2.4910

47.3250,2.4895

48.3250,2.4903

49.3250,2.4908

50.3250,2.4915

51.3260,2.4924

52.3250,2.4918

53.3250,2.4943

54.3260,2.4898

55.3250,2.4878

56.3260,2.4895

57.3250,2.4907

58.3250,2.4916

59.3250,2.4915

60.3260,2.4924

61.3250,2.4924

62.3250,2.4942

63.3250,2.4951

64.3250,2.4959

65.3250,2.4965

66.3250,2.4965

67.3250,2.4965

68.3250,2.4957

69.3250,2.4977

70.3250,2.4985

71.3250,2.4966

72.3250,2.4965

73.3250,2.4976

74.3250,2.4979

75.3250,2.4989

76.3260,2.4998

77.3260,2.4991

78.3250,2.4968

79.3250,2.4935

80.3250,2.4931

81.3250,2.4927

82.3260,2.4934

83.3250,2.4941

84.3250,2.4946

85.3250,2.4976

86.3250,2.5012

87.3250,2.5013

88.3250,2.5027

89.3250,2.5030

90.3250,2.5046

91.3260,2.5043

92.3250,2.5034

93.3250,2.5035

94.3250,2.5029

95.3250,2.5004

96.3250,2.4977

97.3260,2.4951

98.3250,2.4918

99.3260,2.4925

100.3250,2.4927

101.3250,2.4935

102.3250,2.4949

103.3250,2.4966

104.3250,2.4983

105.3250,2.4978

106.3250,2.4967

107.3250,2.4980

108.3250,2.4982

109.3250,2.4981

110.3250,2.4979

111.3250,2.4989

112.3260,2.5006

113.3250,2.5001

114.3270,2.4990

115.3250,2.5010

116.3250,2.5023

117.3250,2.5018

118.3270,2.5033

119.3260,2.5034

120.3260,2.5031

121.3260,2.5042

122.3250,2.5044

123.3250,2.5048

124.3250,2.5052

125.3250,2.5067

126.3250,2.5065

127.3260,2.5058

128.3250,2.5065

129.3250,2.5071

130.3250,2.5080

131.3250,2.5084

132.3250,2.5038

133.3250,2.5021

134.3250,2.5049

135.3250,2.5070

136.3250,2.5080

137.3250,2.5094

138.3250,2.5113

139.3250,2.5124

140.3250,2.5126

141.3250,2.5131

142.3250,2.5141

143.3250,2.5144

144.3260,2.5142

145.3250,2.5146

146.3250,2.5153

147.3260,2.5133

148.3250,2.5120

149.3250,2.5062

150.3260,2.5067

151.3260,2.5073

152.3270,2.5051

153.3250,2.5059

154.3250,2.5057

155.3280,2.5081

156.3250,2.5099

157.3250,2.5085

158.3250,2.5079

159.3250,2.5071

160.3250,2.5087

161.3260,2.5099

162.3250,2.5112

163.3250,2.5138

164.3260,2.5154

165.3260,2.5139

166.3250,2.5140

167.3260,2.5121

168.3250,2.5106

169.3250,2.5091

170.3260,2.5112

171.3250,2.5136

172.3250,2.5153

173.3250,2.5154

174.3250,2.5147

175.3250,2.5153

176.3260,2.5146

177.3250,2.5156

178.3250,2.5166

179.3260,2.5150

180.3250,2.5160

181.3250,2.5181

182.3250,2.5201

183.3260,2.5218

184.3250,2.5229

185.3250,2.5241

186.3250,2.5246

187.3250,2.5230

188.3250,2.5220

189.3250,2.5205

190.3260,2.5175

191.3260,2.5160

192.3250,2.5163

193.3250,2.5164

194.3250,2.5163

195.3250,2.5188

196.3250,2.5150

197.3250,2.5166

198.3250,2.5171

199.3250,2.5177

200.3260,2.5181

201.3260,2.5190

202.3260,2.5189

203.3260,2.5166

204.3250,2.5197

205.3260,2.5206

206.3250,2.5228

207.3260,2.5247

208.3260,2.5271

209.3250,2.5283

210.3250,2.5289

211.3250,2.5293

212.3260,2.5289

213.3250,2.5277

214.3250,2.5266

215.3260,2.5242

216.3250,2.5217

217.3250,2.5202

218.3250,2.5220

219.3250,2.5227

220.3250,2.5245

221.3250,2.5266

222.3250,2.5278

223.3250,2.5281

224.3250,2.5292

225.3260,2.5306

226.3250,2.5309

227.3260,2.5308

228.3250,2.5288

229.3250,2.5287

230.3250,2.5291

231.3250,2.5299

232.3250,2.5312

233.3250,2.5314

234.3250,2.5319

235.3250,2.5321

236.3250,2.5329

237.3260,2.5330

238.3250,2.5343

239.3250,2.5349

240.3250,2.5346

241.3250,2.5348

242.3250,2.5346

243.3250,2.5331

244.3250,2.5286

245.3250,2.5288

246.3250,2.5258

247.3260,2.5230

248.3260,2.5253

249.3250,2.5293

250.3250,2.5306

251.3250,2.5293

252.3250,2.5304

253.3250,2.5292

254.3250,2.5281

255.3250,2.5280

256.3250,2.5267

257.3250,2.5243

258.3250,2.5246

259.3250,2.5238

260.3260,2.5241

261.3250,2.5238

262.3250,2.5252

263.3250,2.5276

264.3250,2.5298

265.3250,2.5310

266.3250,2.5319

267.3250,2.5324

268.3250,2.5329

269.3250,2.5335

270.3250,2.5341

271.3260,2.5349

272.3260,2.5358

273.3250,2.5355

274.3250,2.5353

275.3250,2.5358

276.3250,2.5367

277.3250,2.5350

278.3250,2.5335

279.3250,2.5355

280.3250,2.5366

281.3250,2.5376

282.3250,2.5385

283.3250,2.5398

284.3260,2.5394

285.3250,2.5404

286.3250,2.5412

287.3250,2.5404

288.3250,2.5395

289.3250,2.5392

290.3250,2.5392

291.3250,2.5388

292.3250,2.5364

293.3250,2.5345

294.3250,2.5358

295.3250,2.5386

296.3250,2.5400

297.3250,2.5400

298.3250,2.5410

299.3250,2.5415

300.3250,2.5417

301.3250,2.5396

302.3260,2.5365

303.3260,2.5345

304.3260,2.5319

305.3250,2.5292

306.3260,2.5289

307.3250,2.5298

308.3260,2.5314

309.3250,2.5314

310.3260,2.5345

311.3260,2.5341

312.3250,2.5338

313.3250,2.5350

314.3250,2.5375

315.3250,2.5389

316.3250,2.5388

317.3250,2.5393

318.3250,2.5392

319.3250,2.5395

320.3250,2.5377

321.3250,2.5417

322.3250,2.5431

323.3250,2.5441

324.3250,2.5454

325.3250,2.5423

326.3250,2.5422

327.3250,2.5430

328.3250,2.5419

329.3250,2.5412

330.3250,2.5429

331.3250,2.5438

332.3250,2.5445

333.3250,2.5458

334.3260,2.5466

335.3250,2.5453

336.3250,2.5455

337.3250,2.5449

338.3250,2.5450

339.3250,2.5453

340.3250,2.5466

341.3250,2.5471

342.3250,2.5478

343.3250,2.5484

344.3250,2.5483

345.3250,2.5481

346.3250,2.5486

347.3250,2.5474

348.3260,2.5464

349.3250,2.5473

350.3250,2.5464

351.3250,2.5467

352.3250,2.5473

353.3260,2.5477

354.3250,2.5487

355.3250,2.5488

356.3260,2.5489

357.3250,2.5491

358.3250,2.5494

359.3250,2.5508

360.3250,2.5512

361.3250,2.5518

362.3250,2.5509

363.3250,2.5516

364.3250,2.5541

365.3250,2.5534

366.3250,2.5536

367.3250,2.5533

368.3260,2.5533

369.3250,2.5528

370.3250,2.5537

371.3250,2.5539

372.3260,2.5543

373.3250,2.5544

374.3250,2.5550

375.3250,2.5548

376.3260,2.5545

377.3250,2.5534

378.3250,2.5546

379.3250,2.5561

380.3250,2.5560

381.3260,2.5510

382.3250,2.5524

383.3250,2.5541

384.3260,2.5584

385.3260,2.5619

386.3250,2.5590

387.3250,2.5525

388.3250,2.5493

389.3250,2.5466

390.3260,2.5468

391.3250,2.5470

392.3250,2.5484

393.3260,2.5475

394.3250,2.5502

395.3260,2.5510

396.3260,2.5516

397.3270,2.5523

398.3260,2.5514

399.3260,2.5533

400.3260,2.5549

401.3250,2.5579

402.3250,2.5579

403.3260,2.5583

404.3250,2.5537

405.3250,2.5493

406.3260,2.5476

407.3250,2.5512

408.3250,2.5534

409.3250,2.5538

410.3270,2.5525

411.3250,2.5485

412.3250,2.5475

413.3250,2.5455

414.3250,2.5455

415.3250,2.5434

416.3250,2.5437

417.3260,2.5466

418.3260,2.5502

419.3250,2.5507

420.3250,2.5514

421.3250,2.5511

422.3250,2.5473

423.3250,2.5478

424.3250,2.5505

425.3260,2.5512

426.3260,2.5546

427.3250,2.5545

428.3250,2.5557

429.3250,2.5571

430.3260,2.5569

431.3250,2.5563

432.3250,2.5575

433.3250,2.5600

434.3250,2.5601

435.3250,2.5554

436.3260,2.5560

437.3250,2.5589

438.3250,2.5609

439.3250,2.5610

440.3250,2.5611

441.3250,2.5611

442.3250,2.5576

443.3260,2.5583

444.3250,2.5592

445.3250,2.5593

446.3250,2.5628

447.3250,2.5641

448.3250,2.5642

449.3250,2.5650

450.3260,2.5663

451.3260,2.5657

452.3260,2.5665

453.3250,2.5676

454.3250,2.5677

455.3250,2.5674

456.3260,2.5668

457.3250,2.5630

458.3250,2.5653

459.3260,2.5667

460.3260,2.5664

461.3250,2.5667

462.3250,2.5684

463.3250,2.5685

464.3250,2.5648

465.3260,2.5667

466.3250,2.5702

467.3250,2.5687

468.3250,2.5697

469.3260,2.5700

470.3260,2.5713

471.3250,2.5703

472.3250,2.5695

473.3250,2.5693

474.3250,2.5715

475.3250,2.5735

476.3260,2.5720

477.3250,2.5728

478.3250,2.5727

479.3250,2.5728

480.3260,2.5723

481.3250,2.5709

482.3250,2.5719

483.3250,2.5721

484.3250,2.5724

485.3260,2.5708

486.3250,2.5713

487.3250,2.5713

488.3250,2.5681

489.3250,2.5675

490.3260,2.5678

491.3250,2.5671

492.3250,2.5647

493.3250,2.5551

494.3250,2.5588

495.3250,2.5630

496.3250,2.5618

497.3250,2.5574

498.3250,2.5551

499.3250,2.5579

500.3260,2.5601

501.3260,2.5602

502.3250,2.5592

503.3250,2.5589

504.3250,2.5624

505.3250,2.5641

506.3250,2.5653

507.3250,2.5652

508.3250,2.5664

509.3250,2.5681

510.3250,2.5680

511.3250,2.5677

512.3250,2.5667

513.3250,2.5675

514.3250,2.5685

515.3250,2.5695

516.3250,2.5703

517.3270,2.5720

518.3250,2.5721

519.3250,2.5722

520.3250,2.5733

521.3250,2.5742

522.3260,2.5747

523.3250,2.5741

524.3260,2.5712

525.3250,2.5717

526.3250,2.5701

527.3250,2.5708

528.3260,2.5722

529.3250,2.5723

530.3250,2.5727

531.3250,2.5729

532.3250,2.5736

533.3250,2.5718

534.3250,2.5710

535.3260,2.5730

536.3250,2.5738

537.3260,2.5748

538.3260,2.5749

539.3250,2.5755

540.3250,2.5753

541.3250,2.5760

542.3250,2.5764

543.3250,2.5767

544.3250,2.5773

545.3250,2.5767

546.3250,2.5756

547.3250,2.5776

548.3250,2.5798

549.3250,2.5799

550.3270,2.5790

551.3260,2.5795

552.3250,2.5777

553.3260,2.5746

554.3250,2.5723

555.3260,2.5714

556.3250,2.5725

557.3250,2.5739

558.3250,2.5759

559.3250,2.5778

560.3250,2.5787

561.3260,2.5794

562.3250,2.5799

563.3260,2.5802

564.3250,2.5807

565.3270,2.5799

566.3250,2.5803

567.3250,2.5815

568.3250,2.5815

569.3250,2.5808

570.3260,2.5808

571.3260,2.5818

572.3260,2.5826

573.3260,2.5824

574.3260,2.5828

575.3250,2.5839

576.3250,2.5834

577.3260,2.5833

578.3260,2.5833

579.3250,2.5827

580.3260,2.5835

581.3260,2.5837

582.3250,2.5838

583.3250,2.5835

584.3250,2.5838

585.3250,2.5807

586.3260,2.5792

587.3260,2.5783

588.3260,2.5778

589.3250,2.5796

590.3260,2.5825

591.3250,2.5829

592.3250,2.5845

593.3250,2.5854

594.3250,2.5858

595.3250,2.5867

596.3250,2.5853

597.3260,2.5859

598.3250,2.5889

599.3250,2.5876

600.3250,2.5885

601.3250,2.5902

602.3260,2.5873

603.3250,2.5897

604.3250,2.5888

605.3250,2.5898

606.3260,2.5924

607.3250,2.5915

608.3260,2.5905

609.3250,2.5916

610.3250,2.5925

611.3260,2.5896

612.3250,2.5846

613.3250,2.5845

614.3250,2.5834

615.3250,2.5799

616.3250,2.5815

617.3260,2.5877

618.3250,2.5853

619.3250,2.5864

620.3250,2.5862

621.3250,2.5848

622.3250,2.5889

623.3260,2.5868

624.3250,2.5883

625.3260,2.5896

626.3260,2.5904

627.3260,2.5919

628.3250,2.5958

629.3260,2.5917

630.3260,2.5947

631.3250,2.5943

632.3260,2.5927

633.3250,2.5933

634.3250,2.5937

635.3250,2.5942

636.3260,2.5950

637.3250,2.5968

638.3250,2.5938

639.3260,2.5978

640.3250,2.5933

641.3260,2.5962

642.3250,2.5940

643.3250,2.5998

644.3250,2.5946

645.3250,2.5942

646.3260,2.6006

647.3250,2.5976

648.3250,2.5980

649.3270,2.6021

650.3250,2.5984

651.3250,2.5992

652.3250,2.6022

653.3250,2.5995

654.3250,2.6041

655.3250,2.6013

656.3260,2.5981

657.3260,2.6029

658.3250,2.6028

659.3260,2.6042

660.3250,2.6012

661.3250,2.5969

662.3250,2.5991

663.3260,2.5932

664.3250,2.5979

665.3250,2.5905

666.3250,2.5937

667.3250,2.5990

668.3250,2.5996

669.3250,2.5987

670.3250,2.6011

671.3260,2.5990

672.3260,2.5950

673.3260,2.6006

674.3250,2.6025

675.3250,2.6033

676.3260,2.5971

677.3250,2.5956

678.3250,2.5921

679.3260,2.5942

680.3250,2.5946

681.3250,2.5983

682.3250,2.5972

683.3250,2.6005

684.3250,2.5986

685.3260,2.5984

686.3250,2.5993

687.3250,2.6036

688.3250,2.6062

689.3250,2.6033

690.3250,2.5982

691.3260,2.6054

692.3260,2.6068

693.3250,2.6049

694.3260,2.6050

695.3260,2.6028

696.3250,2.6032

697.3250,2.6005

698.3260,2.5979

699.3250,2.5980

700.3250,2.5995

701.3260,2.5980

702.3250,2.6000

703.3260,2.6025

704.3250,2.6047

705.3250,2.6022

706.3250,2.6035

707.3250,2.6064

708.3250,2.6047

709.3250,2.6031

710.3260,2.6002

711.3250,2.6022

712.3250,2.6037

713.3260,2.6032

714.3250,2.6022

715.3250,2.6035

716.3250,2.6029

717.3260,2.6056

718.3250,2.6057

719.3250,2.6052

720.3260,2.6056

721.3250,2.6063

722.3260,2.6073

723.3250,2.6092

724.3250,2.6058

725.3250,2.6061

726.3250,2.6059

727.3250,2.6073

728.3260,2.6075

729.3270,2.6042

730.3260,2.6000

731.3250,2.5988

732.3250,2.5986

733.3250,2.5999

734.3250,2.6016

735.3250,2.6008

736.3250,2.6005

737.3250,2.6002

738.3260,2.5998

739.3260,2.6024

740.3260,2.6021

741.3260,2.6019

742.3260,2.5996

743.3250,2.6008

744.3250,2.6020

745.3250,2.6015

746.3250,2.6019

747.3260,2.6016

748.3250,2.6032

749.3250,2.6011

750.3250,2.5981

751.3250,2.5994

752.3260,2.5987

753.3260,2.5988

754.3250,2.5993

755.3250,2.6008

756.3250,2.6006

757.3250,2.6013

758.3250,2.6023

759.3250,2.6017

760.3250,2.6006

761.3260,2.5978

762.3250,2.5988

763.3250,2.5988

764.3250,2.5985

765.3250,2.5987

766.3250,2.5978

767.3260,2.5998

768.3250,2.6001

769.3250,2.6013

770.3250,2.6023

771.3250,2.6019

772.3250,2.5993

773.3250,2.6003

774.3250,2.6025

775.3250,2.6040

776.3250,2.6041

777.3260,2.6055

778.3250,2.6057

779.3250,2.6043

780.3250,2.6036

781.3250,2.6005

782.3250,2.6034

783.3250,2.6040

784.3260,2.6034

785.3250,2.6041

786.3250,2.6061

787.3250,2.6065

788.3250,2.6055

789.3250,2.6063

790.3250,2.6066

791.3250,2.6072

792.3250,2.6062

793.3250,2.6066

794.3260,2.6051

795.3250,2.5989

796.3250,2.6018

797.3250,2.6024

798.3260,2.6052

799.3250,2.6072

800.3250,2.6046

801.3250,2.6064

802.3250,2.6059

803.3250,2.6061

804.3250,2.6058

805.3260,2.6071

806.3260,2.6073

807.3250,2.6073

808.3260,2.6079

809.3250,2.6076

810.3260,2.6092

811.3250,2.6100

812.3260,2.6108

813.3260,2.6112

814.3260,2.6125

815.3250,2.6121

816.3260,2.6126

817.3260,2.6106

818.3250,2.6122

819.3250,2.6136

820.3250,2.6113

821.3250,2.6100

822.3250,2.6089

823.3260,2.6102

824.3250,2.6097

825.3250,2.6138

826.3250,2.6113

827.3250,2.6103

828.3260,2.6137

829.3250,2.6136

830.3250,2.6112

831.3250,2.6155

832.3250,2.6149

833.3250,2.6135

834.3250,2.6139

835.3250,2.6134

836.3250,2.6118

837.3250,2.6102

838.3250,2.6137

839.3250,2.6164

840.3250,2.6135

841.3250,2.6135

842.3250,2.6135

843.3250,2.6147

844.3250,2.6180

845.3250,2.6135

846.3250,2.6150

847.3260,2.6171

848.3250,2.6160

849.3250,2.6153

850.3260,2.6177

851.3250,2.6189

852.3260,2.6173

853.3250,2.6163

854.3250,2.6194

855.3250,2.6159

856.3250,2.6185

857.3250,2.6176

858.3260,2.6157

859.3260,2.6148

860.3250,2.6124

861.3250,2.6118

862.3250,2.6120

863.3250,2.6137

864.3250,2.6173

865.3250,2.6166

866.3260,2.6131

867.3260,2.6141

868.3250,2.6152

869.3260,2.6164

870.3260,2.6163

871.3250,2.6163

872.3250,2.6135

873.3260,2.6135

874.3250,2.6143

875.3250,2.6158

876.3250,2.6197

877.3260,2.6192

878.3250,2.6170

879.3260,2.6191

880.3250,2.6189

881.3260,2.6165

882.3260,2.6136

883.3250,2.6126

884.3250,2.6136

885.3250,2.6169

886.3250,2.6174

887.3250,2.6150

888.3250,2.6180

889.3260,2.6184

890.3250,2.6159

891.3250,2.6162

892.3250,2.6171

893.3250,2.6171

894.3250,2.6173

895.3250,2.6154

896.3250,2.6183

897.3250,2.6187

898.3260,2.6158

899.3260,2.6151

900.3250,2.6163

901.3260,2.6175

902.3250,2.6199

903.3250,2.6186

904.3250,2.6179

905.3250,2.6177

906.3250,2.6159

907.3250,2.6163

908.3250,2.6154

909.3250,2.6172

910.3250,2.6122

911.3260,2.6161

912.3270,2.6190

913.3270,2.6203

914.3250,2.6200

915.3250,2.6195

916.3260,2.6203

917.3260,2.6199

918.3250,2.6221

919.3250,2.6209

920.3250,2.6195

921.3250,2.6207

922.3250,2.6222

923.3250,2.6204

924.3260,2.6189

925.3260,2.6139

926.3250,2.6156

927.3250,2.6206

928.3250,2.6234

929.3250,2.6226

930.3250,2.6216

931.3260,2.6218

932.3250,2.6218

933.3250,2.6210

934.3250,2.6194

935.3260,2.6188

936.3250,2.6166

937.3250,2.6171

938.3260,2.6177

939.3250,2.6190

940.3260,2.6195

941.3250,2.6189

942.3250,2.6188

943.3250,2.6151

944.3260,2.6132

945.3250,2.6151

946.3260,2.6164

947.3250,2.6173

948.3250,2.6184

949.3250,2.6191

950.3250,2.6185

951.3250,2.6193

952.3250,2.6204

953.3260,2.6225

954.3250,2.6215

955.3250,2.6214

956.3250,2.6216

957.3250,2.6197

958.3250,2.6171

959.3260,2.6145

960.3250,2.6150

961.3250,2.6149

962.3260,2.6156

963.3250,2.6158

964.3250,2.6171

965.3250,2.6178

966.3260,2.6176

967.3250,2.6186

968.3250,2.6201

969.3260,2.6217

970.3250,2.6191

971.3260,2.6161

972.3250,2.6144

973.3250,2.6122

974.3260,2.6105

975.3250,2.6117

976.3250,2.6128

977.3250,2.6133

978.3250,2.6139

979.3260,2.6144

980.3260,2.6161

981.3260,2.6164

982.3250,2.6168

983.3260,2.6173

984.3250,2.6179

985.3250,2.6188

986.3260,2.6196

987.3260,2.6205

988.3250,2.6197

989.3250,2.6186

990.3250,2.6192

991.3260,2.6189

992.3250,2.6180

993.3250,2.6162

994.3250,2.6152

995.3250,2.6145

996.3270,2.6159

997.3250,2.6174

998.3250,2.6183

999.3250,2.6197

1000.3250,2.6208

1001.3260,2.6208

1002.3250,2.6214

1003.3250,2.6218

1004.3260,2.6219

1005.3260,2.6210

1006.3250,2.6173

1007.3250,2.6200

1008.3250,2.6221

1009.3260,2.6219

1010.3250,2.6231

1011.3250,2.6249

1012.3250,2.6252

1013.3250,2.6254

1014.3250,2.6258

1015.3250,2.6253

1016.3250,2.6256

1017.3250,2.6245

1018.3250,2.6244

1019.3260,2.6238

1020.3250,2.6229

1021.3260,2.6210

1022.3250,2.6203

1023.3250,2.6199

1024.3250,2.6195

1025.3250,2.6203

1026.3250,2.6211

1027.3250,2.6211

1028.3250,2.6225

1029.3250,2.6235

1030.3260,2.6237

1031.3250,2.6246

1032.3250,2.6247

1033.3250,2.6245

1034.3250,2.6252

1035.3250,2.6229

1036.3260,2.6189

1037.3260,2.6204

1038.3250,2.6235

1039.3250,2.6253

1040.3250,2.6249

1041.3250,2.6256

1042.3250,2.6254

1043.3260,2.6259

1044.3260,2.6260

1045.3250,2.6269

1046.3250,2.6254

1047.3250,2.6251

1048.3260,2.6267

1049.3260,2.6272

1050.3260,2.6260

1051.3260,2.6282

1052.3260,2.6288

1053.3250,2.6280

1054.3250,2.6283

1055.3250,2.6264

1056.3260,2.6262

1057.3250,2.6257

1058.3250,2.6253

1059.3250,2.6253

1060.3260,2.6244

1061.3250,2.6243

1062.3260,2.6175

1063.3250,2.6164

1064.3260,2.6179

1065.3260,2.6190

1066.3260,2.6205

1067.3260,2.6218

1068.3260,2.6230

1069.3250,2.6234

1070.3250,2.6246

1071.3250,2.6261

1072.3250,2.6274

1073.3250,2.6281

1074.3250,2.6281

1075.3250,2.6270

1076.3250,2.6271

1077.3250,2.6268

1078.3250,2.6264

1079.3250,2.6269

1080.3250,2.6275

1081.3250,2.6278

1082.3250,2.6286

1083.3260,2.6288

1084.3260,2.6277

1085.3250,2.6276

1086.3260,2.6285

1087.3250,2.6295

1088.3250,2.6293

1089.3260,2.6285

1090.3250,2.6285

1091.3250,2.6289

1092.3250,2.6285

1093.3250,2.6285

1094.3250,2.6291

1095.3250,2.6287

1096.3250,2.6295

1097.3260,2.6297

1098.3260,2.6298

1099.3250,2.6296

1100.3260,2.6302

1101.3250,2.6287

1102.3250,2.6284

1103.3250,2.6267

1104.3260,2.6218

1105.3250,2.6244

1106.3250,2.6260

1107.3250,2.6279

1108.3250,2.6284

1109.3250,2.6274

1110.3250,2.6290

1111.3250,2.6301

1112.3250,2.6300

1113.3260,2.6304

1114.3250,2.6312

1115.3250,2.6314

1116.3260,2.6317

1117.3250,2.6308

1118.3250,2.6315

1119.3250,2.6309

1120.3250,2.6316

1121.3250,2.6311

1122.3250,2.6304

1123.3260,2.6297

1124.3250,2.6297

1125.3250,2.6303

1126.3250,2.6297

1127.3250,2.6295

1128.3260,2.6304

1129.3260,2.6298

1130.3250,2.6304

1131.3260,2.6299

1132.3250,2.6294

1133.3250,2.6298

1134.3260,2.6297

1135.3250,2.6294

1136.3250,2.6311

1137.3250,2.6322

1138.3250,2.6330

1139.3250,2.6321

1140.3250,2.6321

1141.3260,2.6324

1142.3260,2.6328

1143.3250,2.6335

1144.3250,2.6340

1145.3260,2.6336

1146.3260,2.6336

1147.3250,2.6331

1148.3260,2.6315

1149.3250,2.6313

1150.3250,2.6324

1151.3250,2.6313

1152.3250,2.6319

1153.3250,2.6315

1154.3250,2.6329

1155.3260,2.6327

1156.3250,2.6324

1157.3250,2.6348

1158.3250,2.6337

1159.3250,2.6316

1160.3260,2.6332

1161.3250,2.6324

1162.3250,2.6322

1163.3250,2.6332

1164.3250,2.6316

1165.3250,2.6318

1166.3250,2.6309

1167.3250,2.6315

1168.3250,2.6316

1169.3260,2.6311

1170.3250,2.6315

1171.3250,2.6318

1172.3250,2.6308

1173.3250,2.6321

1174.3250,2.6319

1175.3250,2.6329

1176.3250,2.6325

1177.3250,2.6332

1178.3250,2.6327

1179.3250,2.6321

1180.3270,2.6316

1181.3250,2.6316

1182.3260,2.6325

1183.3250,2.6314

1184.3250,2.6315

1185.3250,2.6324

1186.3250,2.6307

1187.3250,2.6297

1188.3250,2.6315

1189.3250,2.6326

1190.3250,2.6321

1191.3250,2.6314

1192.3250,2.6284

1193.3250,2.6229

1194.3250,2.6221

1195.3260,2.6235

1196.3260,2.6255

1197.3250,2.6272

1198.3250,2.6295

1199.3250,2.6259

1200.3250,2.6270

1201.3250,2.6285

1202.3250,2.6284

1203.3250,2.6292

1204.3260,2.6312

1205.3250,2.6319

1206.3250,2.6328

1207.3260,2.6346

1208.3260,2.6349

1209.3260,2.6343

1210.3250,2.6348

1211.3250,2.6351

1212.3260,2.6351

1213.3260,2.6357

1214.3250,2.6363

1215.3250,2.6359

1216.3270,2.6366

1217.3250,2.6361

1218.3250,2.6360

1219.3250,2.6348

1220.3250,2.6347

1221.3250,2.6340

1222.3250,2.6366

1223.3260,2.6375

1224.3250,2.6383

1225.3250,2.6384

1226.3250,2.6380

1227.3250,2.6393

1228.3250,2.6397

1229.3270,2.6380

1230.3250,2.6337

1231.3250,2.6322

1232.3250,2.6321

1233.3250,2.6323

1234.3250,2.6336

1235.3250,2.6334

1236.3250,2.6354

1237.3250,2.6364

1238.3250,2.6367

1239.3250,2.6352

1240.3250,2.6351

1241.3250,2.6370

1242.3250,2.6387

1243.3250,2.6388

1244.3260,2.6390

1245.3250,2.6369

1246.3250,2.6378

1247.3260,2.6374

1248.3250,2.6382

1249.3260,2.6395

1250.3250,2.6401

1251.3250,2.6404

1252.3270,2.6390

1253.3260,2.6400

1254.3260,2.6407

1255.3250,2.6401

1256.3250,2.6409

1257.3250,2.6403

1258.3250,2.6415

1259.3250,2.6433

1260.3250,2.6407

1261.3250,2.6433

1262.3250,2.6432

1263.3250,2.6430

1264.3250,2.6417

1265.3260,2.6411

1266.3250,2.6391

1267.3260,2.6384

1268.3250,2.6411

1269.3260,2.6437

1270.3250,2.6434

1271.3260,2.6426

1272.3250,2.6444

1273.3260,2.6448

1274.3250,2.6431

1275.3260,2.6416

1276.3250,2.6419

1277.3250,2.6394

1278.3250,2.6377

1279.3250,2.6382

1280.3260,2.6371

1281.3250,2.6359

1282.3260,2.6259

1283.3250,2.6277

1284.3250,2.6302

1285.3250,2.6286

1286.3250,2.6283

1287.3250,2.6293

1288.3250,2.6313

1289.3260,2.6317

1290.3250,2.6319

1291.3260,2.6316

1292.3260,2.6327

1293.3250,2.6315

1294.3250,2.6326

1295.3250,2.6324

1296.3260,2.6320

1297.3250,2.6319

1298.3250,2.6327

1299.3260,2.6325

1300.3250,2.6313

1301.3250,2.6322

1302.3260,2.6335

1303.3260,2.6331

1304.3260,2.6319

1305.3260,2.6320

1306.3250,2.6321

1307.3250,2.6315

1308.3250,2.6321

1309.3250,2.6322

1310.3250,2.6327

1311.3270,2.6328

1312.3250,2.6327

1313.3260,2.6330

1314.3250,2.6343

1315.3250,2.6342

1316.3250,2.6353

1317.3250,2.6362

1318.3250,2.6361

1319.3250,2.6365

1320.3260,2.6358

1321.3250,2.6370

1322.3250,2.6369

1323.3250,2.6375

1324.3260,2.6378

1325.3250,2.6383

1326.3250,2.6392

1327.3250,2.6394

1328.3250,2.6385

1329.3260,2.6383

1330.3250,2.6393

1331.3250,2.6386

1332.3260,2.6400

1333.3260,2.6397

1334.3260,2.6397

1335.3260,2.6392

1336.3250,2.6388

1337.3250,2.6399

1338.3260,2.6408

1339.3270,2.6409

1340.3260,2.6401

1341.3250,2.6387

1342.3250,2.6375

1343.3250,2.6362

1344.3250,2.6372

1345.3250,2.6376

1346.3260,2.6393

1347.3250,2.6395

1348.3250,2.6403

1349.3250,2.6403

1350.3250,2.6403

1351.3270,2.6399

1352.3250,2.6400

1353.3250,2.6360

1354.3250,2.6306

1355.3250,2.6303

1356.3250,2.6284

1357.3250,2.6322

1358.3250,2.6301

1359.3260,2.6277

1360.3260,2.6276

1361.3250,2.6290

1362.3250,2.6309

1363.3260,2.6319

1364.3250,2.6318

1365.3250,2.6307

1366.3250,2.6318

1367.3250,2.6333

1368.3260,2.6322

1369.3250,2.6320

1370.3250,2.6337

1371.3250,2.6343

1372.3260,2.6329

1373.3250,2.6327

1374.3260,2.6331

1375.3250,2.6327

1376.3250,2.6333

1377.3250,2.6339

1378.3250,2.6345

1379.3250,2.6350

1380.3250,2.6362

1381.3250,2.6367

1382.3260,2.6347

1383.3250,2.6322

1384.3250,2.6331

1385.3250,2.6347

1386.3250,2.6357

1387.3250,2.6354

1388.3250,2.6363

1389.3260,2.6380

1390.3260,2.6367

1391.3250,2.6367

1392.3250,2.6380

1393.3250,2.6381

1394.3250,2.6375

1395.3260,2.6385

1396.3250,2.6381

1397.3250,2.6376

1398.3250,2.6385

1399.3260,2.6389

1400.3250,2.6398

1401.3250,2.6407

1402.3250,2.6405

1403.3250,2.6414

1404.3260,2.6403

1405.3250,2.6415

1406.3250,2.6391

1407.3250,2.6390

1408.3250,2.6395

1409.3250,2.6407

1410.3250,2.6407

1411.3250,2.6410

1412.3250,2.6408

1413.3260,2.6405

1414.3250,2.6421

1415.3250,2.6407

1416.3250,2.6401

1417.3250,2.6402

1418.3260,2.6387

1419.3250,2.6408

1420.3250,2.6424

1421.3250,2.6427

1422.3250,2.6437

1423.3250,2.6411

1424.3250,2.6404

1425.3250,2.6435

1426.3260,2.6437

1427.3250,2.6440

1428.3260,2.6424

1429.3250,2.6421

1430.3250,2.6429

1431.3250,2.6436

1432.3260,2.6439

1433.3250,2.6428

1434.3250,2.6419

1435.3260,2.6422

1436.3260,2.6429

1437.3250,2.6431

1438.3250,2.6436

1439.3250,2.6445

1440.3260,2.6453

1441.3250,2.6441

1442.3250,2.6447

1443.3250,2.6457

1444.3260,2.6456

1445.3260,2.6416

1446.3250,2.6443

1447.3250,2.6463

1448.3250,2.6462

1449.3250,2.6475

1450.3250,2.6486

1451.3250,2.6481

1452.3250,2.6464

1453.3250,2.6429

1454.3250,2.6446

1455.3250,2.6456

1456.3250,2.6479

1457.3250,2.6468

1458.3250,2.6470

1459.3250,2.6466

1460.3250,2.6458

1461.3250,2.6476

1462.3250,2.6466

1463.3250,2.6440

1464.3250,2.6444

1465.3250,2.6457

1466.3250,2.6457

1467.3250,2.6456

1468.3250,2.6450

1469.3250,2.6442

1470.3250,2.6447

1471.3250,2.6461

1472.3260,2.6464

1473.3260,2.6472

1474.3250,2.6469

1475.3250,2.6461

1476.3250,2.6492

1477.3250,2.6488

1478.3250,2.6488

1479.3260,2.6491

1480.3250,2.6484

1481.3260,2.6406

1482.3260,2.6419

1483.3250,2.6411

1484.3250,2.6409

1485.3250,2.6383

1486.3250,2.6358

1487.3250,2.6359

1488.3250,2.6366

1489.3250,2.6358

1490.3260,2.6350

1491.3260,2.6335

1492.3250,2.6353

1493.3250,2.6349

1494.3250,2.6352

1495.3250,2.6359

1496.3250,2.6367

1497.3270,2.6373

1498.3250,2.6372

1499.3250,2.6382

1500.3250,2.6388

1501.3250,2.6395

1502.3260,2.6392

1503.3260,2.6400

1504.3250,2.6396

1505.3260,2.6389

1506.3250,2.6404

1507.3250,2.6397

1508.3250,2.6359

1509.3250,2.6352

1510.3250,2.6373

1511.3250,2.6375

1512.3250,2.6375

1513.3250,2.6406

1514.3250,2.6412

1515.3250,2.6423

1516.3260,2.6431

1517.3250,2.6415

1518.3260,2.6365

1519.3250,2.6328

1520.3250,2.6330

1521.3250,2.6354

1522.3250,2.6359

1523.3250,2.6359

1524.3250,2.6368

1525.3250,2.6379

1526.3250,2.6387

1527.3250,2.6400

1528.3270,2.6396

1529.3250,2.6393

1530.3250,2.6406

1531.3250,2.6407

1532.3250,2.6404

1533.3260,2.6392

1534.3250,2.6403

1535.3260,2.6408

1536.3250,2.6418

1537.3250,2.6407

1538.3250,2.6384

1539.3250,2.6362

1540.3250,2.6345

1541.3250,2.6344

1542.3250,2.6359

1543.3250,2.6363

1544.3250,2.6362

1545.3250,2.6368

1546.3250,2.6370

1547.3260,2.6377

1548.3250,2.6374

1549.3250,2.6384

1550.3260,2.6387

1551.3250,2.6395

1552.3250,2.6392

1553.3250,2.6383

1554.3250,2.6390

1555.3260,2.6391

1556.3250,2.6400

1557.3250,2.6402

1558.3250,2.6404

1559.3250,2.6394

1560.3250,2.6399

1561.3250,2.6405

1562.3250,2.6418

1563.3250,2.6415

1564.3250,2.6407

1565.3250,2.6420

1566.3260,2.6430

1567.3250,2.6424

1568.3250,2.6432

1569.3250,2.6434

1570.3250,2.6435

1571.3260,2.6425

1572.3260,2.6411

1573.3250,2.6414

1574.3250,2.6366

1575.3260,2.6361

1576.3250,2.6372

1577.3260,2.6372

1578.3250,2.6379

1579.3250,2.6383

1580.3260,2.6390

1581.3250,2.6416

1582.3260,2.6430

1583.3260,2.6423

1584.3250,2.6424

1585.3250,2.6425

1586.3250,2.6427

1587.3250,2.6423

1588.3250,2.6428

1589.3260,2.6422

1590.3250,2.6430

1591.3250,2.6448

1592.3250,2.6422

1593.3260,2.6443

1594.3250,2.6449

1595.3250,2.6445

1596.3250,2.6457

1597.3250,2.6446

1598.3250,2.6450

1599.3250,2.6456

1600.3250,2.6457

1601.3250,2.6460

1602.3250,2.6464

1603.3250,2.6451

1604.3250,2.6438

1605.3250,2.6430

1606.3260,2.6413

1607.3250,2.6385

1608.3260,2.6410

1609.3250,2.6422

1610.3250,2.6427

1611.3260,2.6440

1612.3250,2.6431

1613.3250,2.6408

1614.3250,2.6420

1615.3260,2.6411

1616.3250,2.6437

1617.3250,2.6435

1618.3250,2.6430

1619.3250,2.6418

1620.3260,2.6411

1621.3250,2.6428

1622.3250,2.6425

1623.3250,2.6413

1624.3250,2.6439

1625.3250,2.6439

1626.3250,2.6437

1627.3260,2.6445

1628.3250,2.6442

1629.3250,2.6436

1630.3250,2.6429

1631.3250,2.6418

1632.3250,2.6432

1633.3250,2.6433

1634.3250,2.6446

1635.3260,2.6440

1636.3250,2.6441

1637.3250,2.6442

1638.3250,2.6423

1639.3250,2.6415

1640.3250,2.6435

1641.3250,2.6450

1642.3250,2.6429

1643.3250,2.6463

1644.3260,2.6445

1645.3250,2.6425

1646.3250,2.6480

1647.3250,2.6482

1648.3260,2.6473

1649.3250,2.6441

1650.3250,2.6439

1651.3250,2.6355

1652.3250,2.6267

1653.3250,2.6334

1654.3250,2.6354

1655.3250,2.6373

1656.3250,2.6390

1657.3250,2.6410

1658.3250,2.6423

1659.3250,2.6416

1660.3250,2.6410

1661.3250,2.6423

1662.3250,2.6433

1663.3250,2.6446

1664.3250,2.6448

1665.3250,2.6445

1666.3250,2.6449

1667.3250,2.6445

1668.3250,2.6449

1669.3260,2.6455

1670.3250,2.6460

1671.3250,2.6467

1672.3250,2.6461

1673.3250,2.6455

1674.3250,2.6444

1675.3250,2.6451

1676.3260,2.6454

1677.3250,2.6419

1678.3260,2.6432

1679.3250,2.6448

1680.3250,2.6461

1681.3250,2.6471

1682.3250,2.6490

1683.3250,2.6489

1684.3250,2.6484

1685.3250,2.6488

1686.3260,2.6484

1687.3250,2.6478

1688.3250,2.6477

1689.3250,2.6479

1690.3250,2.6487

1691.3260,2.6487

1692.3250,2.6485

1693.3250,2.6490

1694.3260,2.6491

1695.3260,2.6491

1696.3250,2.6480

1697.3250,2.6487

1698.3250,2.6497

1699.3250,2.6499

1700.3250,2.6505

1701.3260,2.6496

1702.3250,2.6498

1703.3250,2.6507

1704.3250,2.6513

1705.3260,2.6517

1706.3250,2.6499

1707.3250,2.6508

1708.3250,2.6514

1709.3250,2.6512

1710.3250,2.6503

1711.3250,2.6510

1712.3250,2.6495

1713.3250,2.6481

1714.3250,2.6503

1715.3260,2.6490

1716.3250,2.6481

1717.3260,2.6476

1718.3250,2.6465

1719.3270,2.6460

1720.3260,2.6475

1721.3250,2.6472

1722.3250,2.6469

1723.3260,2.6466

1724.3250,2.6448

1725.3250,2.6453

1726.3250,2.6444

1727.3250,2.6454

1728.3250,2.6468

1729.3250,2.6454

1730.3250,2.6467

1731.3250,2.6457

1732.3250,2.6444

1733.3250,2.6436

1734.3260,2.6440

1735.3250,2.6439

1736.3250,2.6392

1737.3250,2.6358

1738.3250,2.6326

1739.3250,2.6323

1740.3260,2.6318

1741.3250,2.6317

1742.3250,2.6318

1743.3250,2.6311

1744.3250,2.6304

1745.3270,2.6311

1746.3260,2.6311

1747.3250,2.6302

1748.3250,2.6281

1749.3250,2.6249

1750.3250,2.6248

1751.3260,2.6242

1752.3260,2.6258

1753.3260,2.6248

1754.3250,2.6247

1755.3270,2.6241

1756.3250,2.6226

1757.3250,2.6224

1758.3250,2.6234

1759.3250,2.6225

1760.3260,2.6225

1761.3250,2.6210

1762.3260,2.6196

1763.3260,2.6217

1764.3250,2.6221

1765.3250,2.6233

1766.3260,2.6226

1767.3250,2.6205

1768.3250,2.6177

1769.3250,2.6183

1770.3260,2.6170

1771.3260,2.6102

1772.3250,2.6009

1773.3250,2.6096

1774.3250,2.6146

1775.3250,2.6216

1776.3260,2.6233

1777.3250,2.6230

1778.3250,2.6237

1779.3250,2.6242

1780.3250,2.6211

1781.3260,2.6204

1782.3250,2.6188

1783.3250,2.6171

1784.3250,2.6179

1785.3260,2.6181

1786.3250,2.6173

1787.3250,2.6205

1788.3250,2.6195

1789.3250,2.6178

1790.3260,2.6173

1791.3250,2.6174

1792.3250,2.6171

1793.3250,2.6166

1794.3250,2.6176

1795.3250,2.6178

1796.3250,2.6179

1797.3250,2.6198

1798.3250,2.6174

1799.3250,2.6163

1800.3260,2.6152

1801.3250,2.6135

1802.3250,2.6131

1803.3250,2.6111

1804.3250,2.6141

1805.3250,2.6134

1806.3260,2.6120

1807.3250,2.6124

1808.3250,2.6097

1809.3250,2.6091

1810.3250,2.6077

1811.3260,2.6094

1812.3250,2.6111

1813.3250,2.6117

1814.3260,2.6128

1815.3260,2.6131

1816.3260,2.6129

1817.3260,2.6110

1818.3260,2.6119

1819.3250,2.6107

1820.3250,2.6083

1821.3250,2.6073

1822.3250,2.6086

1823.3250,2.6076

1824.3260,2.6102

1825.3250,2.6106

1826.3250,2.6122

1827.3250,2.6129

1828.3250,2.6125

1829.3250,2.6117

1830.3250,2.6158

1831.3250,2.6163

1832.3250,2.6126

1833.3250,2.6108

1834.3250,2.6116

1835.3250,2.6123

1836.3250,2.6119

1837.3250,2.6126

1838.3250,2.6136

1839.3270,2.6113

1840.3250,2.6111

1841.3250,2.6122

1842.3250,2.6138

1843.3260,2.6137

1844.3250,2.6150

1845.3250,2.6149

1846.3250,2.6127

1847.3250,2.6112

1848.3250,2.6120

1849.3250,2.6133

1850.3250,2.6124

1851.3260,2.6125

1852.3250,2.6092

1853.3260,2.6019

1854.3250,2.6053

1855.3250,2.6100

1856.3250,2.6114

1857.3250,2.6133

1858.3270,2.6148

1859.3250,2.6131

1860.3250,2.6079

1861.3250,2.6069

1862.3250,2.6042

1863.3250,2.6040

1864.3250,2.6044

1865.3250,2.6033

1866.3250,2.6035

1867.3260,2.6020

1868.3250,2.6028

1869.3250,2.6037

1870.3250,2.6039

1871.3260,2.6057

1872.3250,2.6073

1873.3250,2.6072

1874.3250,2.6069

1875.3260,2.6088

1876.3250,2.6095

1877.3250,2.6093

1878.3260,2.6093

1879.3250,2.6087

1880.3260,2.6094

1881.3250,2.6096

1882.3250,2.6102

1883.3250,2.6109

1884.3250,2.6116

1885.3250,2.6118

1886.3250,2.6123

1887.3260,2.6124

1888.3260,2.6129

1889.3250,2.6146

1890.3250,2.6155

1891.3250,2.6166

1892.3250,2.6174

1893.3250,2.6175

1894.3260,2.6181

1895.3250,2.6186

1896.3270,2.6188

1897.3250,2.6182

1898.3250,2.6199

1899.3260,2.6215

1900.3250,2.6217

1901.3250,2.6211

1902.3250,2.6213

1903.3250,2.6226

1904.3250,2.6236

1905.3250,2.6235

1906.3270,2.6231

1907.3260,2.6235

1908.3250,2.6234

1909.3250,2.6245

1910.3250,2.6243

1911.3250,2.6236

1912.3260,2.6217

1913.3250,2.6204

1914.3260,2.6214

1915.3260,2.6220

1916.3250,2.6205

1917.3250,2.6200

1918.3250,2.6195

1919.3250,2.6201

1920.3250,2.6206

1921.3250,2.6209

1922.3260,2.6216

1923.3250,2.6199

1924.3250,2.6149

1925.3260,2.6085

1926.3250,2.6124

1927.3250,2.6165

1928.3250,2.6158

1929.3250,2.6161

1930.3260,2.6177

1931.3250,2.6184

1932.3250,2.6197

1933.3250,2.6195

1934.3250,2.6204

1935.3250,2.6198

1936.3250,2.6203

1937.3250,2.6194

1938.3250,2.6184

1939.3260,2.6190

1940.3250,2.6185

1941.3250,2.6177

1942.3260,2.6174

1943.3270,2.6168

1944.3260,2.6158

1945.3260,2.6128

1946.3250,2.6095

1947.3250,2.6078

1948.3250,2.6087

1949.3260,2.6081

1950.3250,2.6071

1951.3260,2.6080

1952.3260,2.6073

1953.3260,2.6066

1954.3250,2.6068

1955.3250,2.6077

1956.3250,2.6085

1957.3250,2.6098

1958.3250,2.6107

1959.3250,2.6094

1960.3250,2.6088

1961.3250,2.6090

1962.3250,2.6098

1963.3250,2.6110

1964.3250,2.6103

1965.3250,2.6090

1966.3260,2.6090

1967.3260,2.6121

1968.3250,2.6063

1969.3250,2.6084

1970.3250,2.6092

1971.3250,2.6076

1972.3250,2.6084

1973.3250,2.6080

1974.3250,2.6097

1975.3260,2.6119

1976.3260,2.6121

1977.3260,2.6101

1978.3250,2.6098

1979.3250,2.6090

1980.3260,2.6097

1981.3250,2.6090

1982.3250,2.6080

1983.3260,2.6079

1984.3250,2.6081

1985.3250,2.6080

1986.3250,2.6077

1987.3250,2.6095

1988.3250,2.6074

1989.3250,2.6087

1990.3270,2.6090

1991.3250,2.6068

1992.3250,2.6080

1993.3250,2.6071

1994.3250,2.6070

1995.3260,2.6084

1996.3250,2.6110

1997.3260,2.6072

1998.3250,2.6033

1999.3260,2.6098

2000.3250,2.6124

2001.3250,2.6128

2002.3250,2.6099

2003.3250,2.6103

2004.3250,2.6085

2005.3260,2.6093

2006.3260,2.6078

2007.3260,2.6097

2008.3260,2.6102

2009.3250,2.6100

2010.3250,2.6095

2011.3250,2.6092

2012.3250,2.6117

2013.3250,2.6089

2014.3260,2.6089

2015.3260,2.6101

2016.3250,2.6095

2017.3250,2.6087

2018.3250,2.6085

2019.3250,2.6107

2020.3260,2.6111

2021.3250,2.6118

2022.3250,2.6115

2023.3260,2.6094

2024.3250,2.6099

2025.3250,2.6099

2026.3250,2.6093

2027.3250,2.6092

2028.3250,2.6085

2029.3250,2.6081

2030.3250,2.6082

2031.3250,2.6081

2032.3250,2.6080

2033.3250,2.6071

2034.3250,2.6080

2035.3250,2.6074

2036.3250,2.6073

2037.3260,2.6080

2038.3250,2.6081

2039.3250,2.6087

2040.3250,2.6092

2041.3250,2.6085

2042.3250,2.6075

2043.3250,2.6081

2044.3250,2.6075

2045.3250,2.6081

2046.3260,2.6070

2047.3250,2.6068

2048.3250,2.6061

2049.3250,2.6052

2050.3250,2.6008

2051.3250,2.6011

2052.3250,2.6028

2053.3260,2.6023

2054.3250,2.6040

2055.3250,2.6060

2056.3250,2.6087

2057.3250,2.6087

2058.3250,2.6115

2059.3250,2.6097

2060.3250,2.6100

2061.3260,2.6111

2062.3250,2.6120

2063.3250,2.6122

2064.3250,2.6137

2065.3260,2.6125

2066.3260,2.6133

2067.3250,2.6148

2068.3260,2.6161

2069.3250,2.6139

2070.3250,2.6152

2071.3270,2.6158

2072.3250,2.6164

2073.3260,2.6169

2074.3260,2.6173

2075.3250,2.6150

2076.3250,2.6156

2077.3250,2.6167

2078.3260,2.6169

2079.3260,2.6173

2080.3260,2.6166

2081.3250,2.6164

2082.3250,2.6160

2083.3250,2.6161

2084.3250,2.6156

2085.3250,2.6165

2086.3250,2.6159

2087.3260,2.6162

2088.3260,2.6159

2089.3260,2.6129

2090.3250,2.6131

2091.3250,2.6125

2092.3250,2.6130

2093.3250,2.6138

2094.3260,2.6161

2095.3250,2.6165

2096.3250,2.6160

2097.3250,2.6162

2098.3250,2.6171

2099.3260,2.6159

2100.3250,2.6145

2101.3250,2.6146

2102.3250,2.6138

2103.3250,2.6137

2104.3250,2.6143

2105.3250,2.6143

2106.3260,2.6143

2107.3260,2.6115

2108.3260,2.6122

2109.3260,2.6134

2110.3250,2.6129

2111.3250,2.6131

2112.3250,2.6137

2113.3260,2.6139

2114.3250,2.6153

2115.3260,2.6161

2116.3250,2.6162

2117.3250,2.6166

2118.3250,2.6172

2119.3250,2.6170

2120.3260,2.6173

2121.3250,2.6174

2122.3260,2.6158

2123.3250,2.6137

2124.3260,2.6143

2125.3250,2.6139

2126.3250,2.6145

2127.3250,2.6152

2128.3260,2.6157

2129.3260,2.6160

2130.3250,2.6162

2131.3250,2.6170

2132.3250,2.6174

2133.3250,2.6168

2134.3250,2.6171

2135.3250,2.6184

2136.3250,2.6182

2137.3260,2.6176

2138.3250,2.6164

2139.3250,2.6159

2140.3250,2.6175

2141.3260,2.6190

2142.3250,2.6170

2143.3250,2.6158

2144.3260,2.6161

2145.3250,2.6162

2146.3260,2.6162

2147.3250,2.6158

2148.3250,2.6169

2149.3250,2.6170

2150.3250,2.6175

2151.3250,2.6181

2152.3250,2.6169

2153.3250,2.6169

2154.3250,2.6166

2155.3250,2.6163

2156.3260,2.6187

2157.3250,2.6162

2158.3250,2.6155

2159.3270,2.6167

2160.3250,2.6167

2161.3250,2.6173

2162.3250,2.6171

2163.3250,2.6182

2164.3250,2.6180

2165.3250,2.6173

2166.3250,2.6180

2167.3260,2.6180

2168.3260,2.6168

2169.3250,2.6163

2170.3250,2.6162

2171.3250,2.6166

2172.3250,2.6169

2173.3260,2.6174

2174.3250,2.6180

2175.3250,2.6188

2176.3250,2.6189

2177.3250,2.6196

2178.3250,2.6190

2179.3260,2.6193

2180.3250,2.6199

2181.3250,2.6188

2182.3250,2.6189

2183.3250,2.6185

2184.3250,2.6195

2185.3250,2.6204

2186.3250,2.6174

2187.3250,2.6192

2188.3250,2.6196

2189.3260,2.6186

2190.3250,2.6199

2191.3250,2.6195

2192.3250,2.6193

2193.3250,2.6196

2194.3250,2.6180

2195.3260,2.6186

2196.3260,2.6205

2197.3260,2.6216

2198.3250,2.6219

2199.3250,2.6219

2200.3250,2.6226

2201.3250,2.6215

2202.3250,2.6220

2203.3250,2.6231

2204.3250,2.6207

2205.3250,2.6230

2206.3250,2.6212

2207.3250,2.6228

2208.3260,2.6219

2209.3250,2.6224

2210.3260,2.6221

2211.3250,2.6223

2212.3250,2.6218

2213.3250,2.6205

2214.3250,2.6197

2215.3250,2.6198

2216.3250,2.6202

2217.3250,2.6202

2218.3250,2.6204

2219.3260,2.6199

2220.3250,2.6205

2221.3250,2.6193

2222.3250,2.6201

2223.3250,2.6215

2224.3250,2.6230

2225.3250,2.6240

2226.3260,2.6245

2227.3250,2.6236

2228.3250,2.6209

2229.3250,2.6216

2230.3250,2.6213

2231.3250,2.6205

2232.3250,2.6207

2233.3250,2.6206

2234.3250,2.6205

2235.3250,2.6203

2236.3250,2.6205

2237.3250,2.6209

2238.3260,2.6217

2239.3250,2.6213

2240.3250,2.6222

2241.3260,2.6223

2242.3250,2.6218

2243.3250,2.6220

2244.3260,2.6221

2245.3250,2.6219

2246.3260,2.6220

2247.3250,2.6227

2248.3250,2.6222

2249.3250,2.6230

2250.3250,2.6241

2251.3250,2.6236

2252.3250,2.6242

2253.3260,2.6249

2254.3250,2.6234

2255.3260,2.6211

2256.3260,2.6219

2257.3250,2.6236

2258.3250,2.6241

2259.3250,2.6237

2260.3250,2.6243

2261.3260,2.6244

2262.3250,2.6232

2263.3250,2.6236

2264.3250,2.6236

2265.3250,2.6240

2266.3250,2.6235

2267.3250,2.6237

2268.3250,2.6235

2269.3260,2.6235

2270.3250,2.6232

2271.3250,2.6242

2272.3260,2.6249

2273.3250,2.6246

2274.3260,2.6241

2275.3250,2.6239

2276.3250,2.6238

2277.3270,2.6247

2278.3250,2.6255

2279.3260,2.6253

2280.3260,2.6254

2281.3250,2.6251

2282.3250,2.6248

2283.3250,2.6253

2284.3250,2.6256

2285.3250,2.6257

2286.3250,2.6258

2287.3260,2.6247

2288.3260,2.6263

2289.3250,2.6245

2290.3260,2.6236

2291.3250,2.6249

2292.3260,2.6257

2293.3250,2.6255

2294.3250,2.6244

2295.3250,2.6238

2296.3260,2.6241

2297.3250,2.6239

2298.3250,2.6245

2299.3250,2.6235

2300.3260,2.6243

2301.3250,2.6248

2302.3250,2.6251

2303.3250,2.6246

2304.3260,2.6220

2305.3260,2.6213

2306.3250,2.6214

2307.3260,2.6223

2308.3250,2.6222

2309.3250,2.6224

2310.3250,2.6225

2311.3250,2.6218

2312.3250,2.6214

2313.3260,2.6194

2314.3250,2.6207

2315.3260,2.6212

2316.3250,2.6204

2317.3250,2.6209

2318.3250,2.6201

2319.3250,2.6211

2320.3250,2.6211

2321.3260,2.6218

2322.3250,2.6224

2323.3250,2.6215

2324.3260,2.6216

2325.3250,2.6212

2326.3260,2.6226

2327.3250,2.6236

2328.3270,2.6251

2329.3260,2.6263

2330.3250,2.6254

2331.3250,2.6247

2332.3250,2.6254

2333.3260,2.6250

2334.3250,2.6250

2335.3250,2.6252

2336.3250,2.6256

2337.3260,2.6260

2338.3250,2.6259

2339.3250,2.6261

2340.3270,2.6255

2341.3250,2.6245

2342.3260,2.6253

2343.3250,2.6253

2344.3250,2.6252

2345.3260,2.6255

2346.3250,2.6245

2347.3250,2.6240

2348.3250,2.6237

2349.3250,2.6241

2350.3260,2.6232

2351.3260,2.6216

2352.3250,2.6222

2353.3250,2.6221

2354.3250,2.6241

2355.3260,2.6250

2356.3250,2.6240

2357.3250,2.6225

2358.3250,2.6220

2359.3260,2.6224

2360.3250,2.6178

2361.3250,2.6195

2362.3260,2.6215

2363.3250,2.6227

2364.3250,2.6233

2365.3250,2.6229

2366.3250,2.6244

2367.3260,2.6245

2368.3250,2.6242

2369.3250,2.6239

2370.3250,2.6239

2371.3250,2.6237

2372.3260,2.6236

2373.3250,2.6223

2374.3250,2.6229

2375.3250,2.6222

2376.3260,2.6224

2377.3260,2.6221

2378.3250,2.6223

2379.3250,2.6222

2380.3270,2.6223

2381.3260,2.6230

2382.3250,2.6221

2383.3260,2.6226

2384.3250,2.6222

2385.3250,2.6223

2386.3250,2.6222

2387.3250,2.6215

2388.3250,2.6209

2389.3250,2.6228

2390.3250,2.6231

2391.3260,2.6210

2392.3250,2.6200

2393.3260,2.6197

2394.3250,2.6190

2395.3260,2.6198

2396.3250,2.6202

2397.3250,2.6187

2398.3250,2.6189

2399.3250,2.6208

2400.3250,2.6183

2401.3250,2.6190

2402.3260,2.6189

2403.3250,2.6201

2404.3250,2.6195

2405.3260,2.6189

2406.3250,2.6184

2407.3250,2.6221

2408.3260,2.6184

2409.3260,2.6194

2410.3250,2.6190

2411.3260,2.6202

2412.3260,2.6182

2413.3250,2.6182

2414.3250,2.6200

2415.3250,2.6189

2416.3250,2.6200

2417.3250,2.6181

2418.3250,2.6176

2419.3250,2.6178

2420.3250,2.6180

2421.3260,2.6178

2422.3250,2.6190

2423.3250,2.6179

2424.3250,2.6192

2425.3250,2.6182

2426.3250,2.6176

2427.3250,2.6174

2428.3250,2.6173

2429.3250,2.6198

2430.3250,2.6180

2431.3250,2.6193

2432.3250,2.6184

2433.3270,2.6208

2434.3250,2.6193

2435.3250,2.6189

2436.3270,2.6195

2437.3250,2.6202

2438.3270,2.6202

2439.3250,2.6201

2440.3250,2.6211

2441.3250,2.6212

2442.3250,2.6214

2443.3260,2.6215

2444.3250,2.6211

2445.3250,2.6204

2446.3250,2.6218

2447.3250,2.6220

2448.3260,2.6215

2449.3260,2.6222

2450.3250,2.6223

2451.3250,2.6227

2452.3250,2.6231

2453.3250,2.6235

2454.3250,2.6237

2455.3250,2.6240

2456.3250,2.6248

2457.3250,2.6247

2458.3250,2.6253

2459.3250,2.6262

2460.3250,2.6264

2461.3250,2.6270

2462.3250,2.6276

2463.3260,2.6285

2464.3250,2.6220

2465.3250,2.6238

2466.3250,2.6216

2467.3250,2.6227

2468.3260,2.6243

2469.3250,2.6263

2470.3250,2.6294

2471.3250,2.6308

2472.3270,2.6319

2473.3250,2.6339

2474.3250,2.6341

2475.3250,2.6351

2476.3250,2.6349

2477.3250,2.6339

2478.3250,2.6329

2479.3250,2.6336

2480.3260,2.6339

2481.3250,2.6339

2482.3250,2.6339

2483.3250,2.6342

2484.3260,2.6348

2485.3250,2.6344

2486.3250,2.6344

2487.3260,2.6352

2488.3250,2.6342

2489.3250,2.6341

2490.3250,2.6347

2491.3250,2.6346

2492.3250,2.6344

2493.3250,2.6350

2494.3250,2.6347

2495.3260,2.6341

2496.3260,2.6334

2497.3250,2.6338

2498.3250,2.6344

2499.3250,2.6342

2500.3250,2.6347

2501.3250,2.6346

2502.3250,2.6329

2503.3250,2.6321

2504.3250,2.6313

2505.3250,2.6298

2506.3250,2.6301

2507.3250,2.6304

2508.3250,2.6285

2509.3250,2.6279

2510.3260,2.6285

2511.3250,2.6302

2512.3250,2.6289

2513.3250,2.6254

2514.3250,2.6241

2515.3250,2.6260

2516.3250,2.6269

2517.3250,2.6252

2518.3260,2.6255

2519.3250,2.6252

2520.3250,2.6229

2521.3250,2.6163

2522.3260,2.6156

2523.3250,2.6171

2524.3260,2.6181

2525.3250,2.6210

2526.3250,2.6182

2527.3250,2.6174

2528.3260,2.6180

2529.3250,2.6186

2530.3250,2.6189

2531.3260,2.6211

2532.3250,2.6179

2533.3250,2.6208

2534.3260,2.6191

2535.3250,2.6191

2536.3260,2.6192

2537.3250,2.6197

2538.3250,2.6199

2539.3260,2.6191

2540.3260,2.6213

2541.3250,2.6191

2542.3260,2.6203

2543.3250,2.6194

2544.3250,2.6177

2545.3250,2.6187

2546.3250,2.6202

2547.3250,2.6208

2548.3250,2.6205

2549.3250,2.6206

2550.3250,2.6203

2551.3250,2.6229

2552.3250,2.6201

2553.3250,2.6216

2554.3250,2.6209

2555.3250,2.6223

2556.3250,2.6211

2557.3250,2.6220

2558.3250,2.6233

2559.3250,2.6222

2560.3250,2.6218

2561.3250,2.6215

2562.3260,2.6234

2563.3260,2.6233

2564.3250,2.6218

2565.3260,2.6218

2566.3250,2.6236

2567.3250,2.6223

2568.3250,2.6237

2569.3250,2.6240

2570.3250,2.6246

2571.3250,2.6244

2572.3250,2.6252

2573.3260,2.6273

2574.3260,2.6271

2575.3270,2.6274

2576.3250,2.6276

2577.3250,2.6269

2578.3250,2.6274

2579.3250,2.6277

2580.3250,2.6278

2581.3260,2.6289

2582.3250,2.6290

2583.3250,2.6305

2584.3260,2.6303

2585.3250,2.6314

2586.3250,2.6324

2587.3250,2.6326

2588.3250,2.6328

2589.3260,2.6318

2590.3250,2.6325

2591.3250,2.6307

2592.3250,2.6300

2593.3250,2.6311

2594.3260,2.6327

2595.3250,2.6326

2596.3250,2.6341

2597.3250,2.6340

2598.3250,2.6345

2599.3250,2.6339

2600.3250,2.6350

2601.3250,2.6357

2602.3250,2.6354

2603.3250,2.6354

2604.3250,2.6353

2605.3250,2.6349

2606.3260,2.6329

2607.3250,2.6326

2608.3260,2.6322

2609.3250,2.6328

2610.3250,2.6351

2611.3250,2.6352

2612.3250,2.6355

2613.3250,2.6347

2614.3250,2.6351

2615.3250,2.6350

2616.3250,2.6354

2617.3250,2.6346

2618.3250,2.6339

2619.3250,2.6346

2620.3260,2.6349

2621.3250,2.6347

2622.3250,2.6351

2623.3250,2.6357

2624.3250,2.6367

2625.3250,2.6367

2626.3250,2.6365

2627.3250,2.6365

2628.3250,2.6362

2629.3250,2.6349

2630.3250,2.6334

2631.3250,2.6361

2632.3250,2.6370

2633.3260,2.6353

2634.3250,2.6347

2635.3250,2.6353

2636.3260,2.6348

2637.3250,2.6350

2638.3250,2.6349

2639.3260,2.6352

2640.3250,2.6349

2641.3250,2.6336

2642.3260,2.6343

2643.3250,2.6347

2644.3250,2.6353

2645.3250,2.6367

2646.3250,2.6376

2647.3250,2.6370

2648.3260,2.6381

2649.3250,2.6361

2650.3250,2.6375

2651.3260,2.6382

2652.3260,2.6388

2653.3250,2.6391

2654.3250,2.6387

2655.3250,2.6378

2656.3250,2.6376

2657.3250,2.6371

2658.3250,2.6366

2659.3250,2.6368

2660.3250,2.6373

2661.3250,2.6385

2662.3250,2.6375

2663.3250,2.6380

2664.3250,2.6368

2665.3250,2.6357

2666.3260,2.6350

2667.3250,2.6349

2668.3250,2.6353

2669.3250,2.6349

2670.3260,2.6365

2671.3250,2.6360

2672.3250,2.6381

2673.3250,2.6372

2674.3250,2.6364

2675.3250,2.6369

2676.3250,2.6362

2677.3250,2.6371

2678.3260,2.6368

2679.3260,2.6343

2680.3250,2.6358

2681.3250,2.6338

2682.3260,2.6347

2683.3250,2.6352

2684.3250,2.6371

2685.3260,2.6356

2686.3250,2.6355

2687.3250,2.6334

2688.3260,2.6327

2689.3260,2.6330

2690.3250,2.6337

2691.3250,2.6346

2692.3260,2.6336

2693.3260,2.6348

2694.3260,2.6313

2695.3250,2.6306

2696.3260,2.6312

2697.3250,2.6351

2698.3250,2.6333

2699.3250,2.6317

2700.3270,2.6320

2701.3260,2.6318

2702.3250,2.6338

2703.3260,2.6335

2704.3270,2.6325

2705.3250,2.6328

2706.3250,2.6339

2707.3260,2.6347

2708.3250,2.6349

2709.3250,2.6328

2710.3250,2.6333

2711.3250,2.6333

2712.3250,2.6342

2713.3260,2.6341

2714.3260,2.6347

2715.3250,2.6352

2716.3250,2.6383

2717.3250,2.6365

2718.3250,2.6347

2719.3250,2.6349

2720.3250,2.6344

2721.3260,2.6347

2722.3260,2.6344

2723.3250,2.6350

2724.3250,2.6359

2725.3250,2.6366

2726.3260,2.6357

2727.3250,2.6360

2728.3250,2.6359

2729.3260,2.6356

2730.3260,2.6357

2731.3250,2.6353

2732.3250,2.6348

2733.3250,2.6357

2734.3250,2.6363

2735.3260,2.6364

2736.3250,2.6366

2737.3250,2.6377

2738.3250,2.6381

2739.3250,2.6415

2740.3250,2.6366

2741.3250,2.6360

2742.3250,2.6357

2743.3250,2.6360

2744.3250,2.6360

2745.3260,2.6364

2746.3250,2.6371

2747.3250,2.6389

2748.3250,2.6358

2749.3260,2.6386

2750.3250,2.6358

2751.3250,2.6351

2752.3250,2.6356

2753.3250,2.6398

2754.3250,2.6364

2755.3250,2.6358

2756.3250,2.6361

2757.3250,2.6381

2758.3260,2.6380

2759.3250,2.6381

2760.3250,2.6381

2761.3250,2.6365

2762.3250,2.6382

2763.3250,2.6389

2764.3250,2.6396

2765.3250,2.6394

2766.3250,2.6371

2767.3250,2.6363

2768.3260,2.6370

2769.3250,2.6390

2770.3260,2.6405

2771.3260,2.6369

2772.3250,2.6375

2773.3260,2.6370

2774.3250,2.6363

2775.3250,2.6366

2776.3250,2.6363

2777.3260,2.6370

2778.3250,2.6364

2779.3250,2.6366

2780.3250,2.6401

2781.3250,2.6369

2782.3250,2.6388

2783.3260,2.6400

2784.3250,2.6367

2785.3250,2.6378

2786.3260,2.6383

2787.3260,2.6386

2788.3260,2.6382

2789.3250,2.6393

2790.3250,2.6395

2791.3250,2.6427

2792.3260,2.6437

2793.3250,2.6441

2794.3250,2.6447

2795.3250,2.6433

2796.3250,2.6415

2797.3250,2.6382

2798.3260,2.6378

2799.3250,2.6378

2800.3250,2.6390

2801.3260,2.6384

2802.3250,2.6408

2803.3250,2.6390

2804.3250,2.6381

2805.3250,2.6393

2806.3250,2.6391

2807.3250,2.6397

2808.3260,2.6416

2809.3270,2.6411

2810.3250,2.6399

2811.3270,2.6400

2812.3250,2.6395

2813.3250,2.6403

2814.3260,2.6401

2815.3260,2.6399

2816.3260,2.6413

2817.3250,2.6417

2818.3250,2.6404

2819.3250,2.6386

2820.3250,2.6367

2821.3250,2.6398

2822.3250,2.6378

2823.3250,2.6377

2824.3250,2.6410

2825.3250,2.6403

2826.3250,2.6373

2827.3250,2.6376

2828.3250,2.6366

2829.3260,2.6374

2830.3250,2.6375

2831.3250,2.6387

2832.3260,2.6403

2833.3250,2.6376

2834.3260,2.6376

2835.3260,2.6383

2836.3250,2.6394

2837.3250,2.6376

2838.3260,2.6381

2839.3250,2.6387

2840.3250,2.6412

2841.3250,2.6396

2842.3250,2.6376

2843.3250,2.6380

2844.3250,2.6407

2845.3250,2.6401

2846.3260,2.6376

2847.3250,2.6376

2848.3250,2.6380

2849.3250,2.6376

2850.3250,2.6394

2851.3250,2.6410

2852.3250,2.6398

2853.3260,2.6380

2854.3250,2.6386

2855.3260,2.6390

2856.3270,2.6390

2857.3250,2.6390

2858.3250,2.6415

2859.3250,2.6430

2860.3270,2.6393

2861.3250,2.6387

2862.3260,2.6393

2863.3260,2.6394

2864.3250,2.6408

2865.3250,2.6417

2866.3250,2.6416

2867.3260,2.6385

2868.3250,2.6386

2869.3250,2.6392

2870.3250,2.6405

2871.3260,2.6422

2872.3260,2.6401

2873.3250,2.6387

2874.3250,2.6372

2875.3250,2.6409

2876.3250,2.6422

2877.3250,2.6394

2878.3260,2.6402

2879.3260,2.6401

2880.3260,2.6406

2881.3250,2.6399

2882.3260,2.6421

2883.3250,2.6435

2884.3250,2.6429

2885.3250,2.6409

2886.3250,2.6408

2887.3250,2.6408

2888.3250,2.6410

2889.3250,2.6412

2890.3250,2.6410

2891.3260,2.6420

2892.3260,2.6424

2893.3260,2.6413

2894.3260,2.6414

2895.3260,2.6408

2896.3250,2.6405

2897.3260,2.6424

2898.3250,2.6443

2899.3250,2.6434

2900.3250,2.6395

2901.3250,2.6384

2902.3260,2.6412

2903.3250,2.6407

2904.3250,2.6411

2905.3250,2.6419

2906.3250,2.6400

2907.3260,2.6408

2908.3250,2.6415

2909.3250,2.6440

2910.3250,2.6417

2911.3260,2.6408

2912.3250,2.6408

2913.3250,2.6422

2914.3250,2.6442

2915.3250,2.6425

2916.3250,2.6423

2917.3260,2.6423

2918.3250,2.6424

2919.3260,2.6445

2920.3250,2.6438

2921.3250,2.6440

2922.3250,2.6439

2923.3250,2.6439

2924.3250,2.6438

2925.3250,2.6448

2926.3250,2.6450

2927.3250,2.6451

2928.3250,2.6445

2929.3250,2.6442

2930.3260,2.6446

2931.3250,2.6462

2932.3250,2.6457

2933.3260,2.6453

2934.3250,2.6446

2935.3250,2.6447

2936.3250,2.6448

2937.3250,2.6448

2938.3260,2.6447

2939.3260,2.6436

2940.3250,2.6441

2941.3250,2.6454

2942.3250,2.6436

2943.3250,2.6429

2944.3250,2.6426

2945.3250,2.6437

2946.3250,2.6451

2947.3250,2.6436

2948.3250,2.6424

2949.3260,2.6413

2950.3250,2.6414

2951.3260,2.6428

2952.3250,2.6439

2953.3250,2.6426

2954.3260,2.6416

2955.3250,2.6412

2956.3250,2.6432

2957.3260,2.6439

2958.3250,2.6437

2959.3250,2.6456

2960.3260,2.6439

2961.3260,2.6433

2962.3250,2.6428

2963.3250,2.6432

2964.3250,2.6428

2965.3250,2.6435

2966.3250,2.6432

2967.3250,2.6430

2968.3250,2.6433

2969.3250,2.6430

2970.3250,2.6450

2971.3260,2.6456

2972.3250,2.6452

2973.3250,2.6439

2974.3250,2.6446

2975.3260,2.6438

2976.3250,2.6433

2977.3250,2.6456

2978.3260,2.6454

2979.3250,2.6446

2980.3260,2.6446

2981.3260,2.6445

2982.3260,2.6459

2983.3250,2.6453

2984.3250,2.6443

2985.3250,2.6442

2986.3260,2.6450

2987.3250,2.6449

2988.3250,2.6442

2989.3260,2.6446

2990.3250,2.6445

2991.3250,2.6452

2992.3260,2.6470

2993.3250,2.6462

2994.3260,2.6445

2995.3250,2.6449

2996.3250,2.6449

2997.3250,2.6441

2998.3250,2.6449

2999.3250,2.6473

3000.3250,2.6466

3001.3250,2.6453

3002.3270,2.6446

3003.3250,2.6444

3004.3250,2.6459

3005.3260,2.6471

3006.3250,2.6457

3007.3250,2.6453

3008.3250,2.6458

3009.3250,2.6459

3010.3250,2.6476

3011.3250,2.6465

3012.3250,2.6441

3013.3250,2.6446

3014.3250,2.6433

3015.3250,2.6450

3016.3250,2.6467

3017.3250,2.6472

3018.3250,2.6468

3019.3260,2.6446

3020.3250,2.6454

3021.3250,2.6465

3022.3250,2.6460

3023.3250,2.6459

3024.3260,2.6478

3025.3260,2.6473

3026.3260,2.6473

3027.3250,2.6462

3028.3260,2.6451

3029.3250,2.6473

3030.3250,2.6470

3031.3250,2.6459

3032.3250,2.6457

3033.3270,2.6459

3034.3250,2.6454

3035.3260,2.6463

3036.3250,2.6470

3037.3250,2.6463

3038.3250,2.6458

3039.3250,2.6468

3040.3250,2.6467

3041.3250,2.6469

3042.3250,2.6479

3043.3260,2.6471

3044.3250,2.6461

3045.3250,2.6441

3046.3250,2.6449

3047.3250,2.6445

3048.3250,2.6465

3049.3250,2.6471

3050.3250,2.6479

3051.3260,2.6462

3052.3250,2.6454

3053.3250,2.6464

3054.3250,2.6471

3055.3250,2.6472

3056.3250,2.6478

3057.3250,2.6486

3058.3250,2.6480

3059.3250,2.6475

3060.3250,2.6469

3061.3250,2.6473

3062.3250,2.6477

3063.3260,2.6485

3064.3260,2.6459

3065.3250,2.6463

3066.3250,2.6465

3067.3250,2.6457

3068.3250,2.6465

3069.3260,2.6464

3070.3250,2.6464

3071.3250,2.6463

3072.3250,2.6464

3073.3250,2.6461

3074.3260,2.6484

3075.3250,2.6457

3076.3250,2.6460

3077.3260,2.6469

3078.3250,2.6476

3079.3260,2.6476

3080.3260,2.6469

3081.3250,2.6474

3082.3250,2.6481

3083.3250,2.6480

3084.3250,2.6478

3085.3250,2.6484

3086.3250,2.6485

3087.3250,2.6495

3088.3250,2.6490

3089.3250,2.6485

3090.3260,2.6493

3091.3260,2.6498

3092.3250,2.6489

3093.3250,2.6491

3094.3250,2.6480

3095.3270,2.6484

3096.3250,2.6488

3097.3250,2.6494

3098.3250,2.6483

3099.3250,2.6477

3100.3250,2.6484

3101.3250,2.6483

3102.3250,2.6486

3103.3250,2.6494

3104.3250,2.6378

3105.3250,2.6363

3106.3250,2.6448

3107.3250,2.6427

3108.3260,2.6458

3109.3250,2.6500

3110.3250,2.6497

3111.3250,2.6486

3112.3250,2.6476

3113.3250,2.6489

3114.3250,2.6508

3115.3250,2.6495

3116.3250,2.6507

3117.3250,2.6518

3118.3250,2.6507

3119.3250,2.6506

3120.3250,2.6524

3121.3250,2.6519

3122.3260,2.6506

3123.3250,2.6509

3124.3250,2.6512

3125.3250,2.6518

3126.3250,2.6524

3127.3250,2.6521

3128.3250,2.6517

3129.3250,2.6502

3130.3250,2.6528

3131.3250,2.6540

3132.3250,2.6519

3133.3260,2.6520

3134.3250,2.6530

3135.3260,2.6536

3136.3250,2.6552

3137.3250,2.6543

3138.3250,2.6532

3139.3250,2.6533

3140.3250,2.6534

3141.3250,2.6547

3142.3260,2.6553

3143.3250,2.6547

3144.3250,2.6544

3145.3260,2.6547

3146.3250,2.6553

3147.3250,2.6562

3148.3250,2.6556

3149.3250,2.6559

3150.3250,2.6551

3151.3250,2.6548

3152.3250,2.6564

3153.3250,2.6568

3154.3250,2.6552

3155.3250,2.6545

3156.3250,2.6552

3157.3250,2.6554

3158.3250,2.6559

3159.3250,2.6544

3160.3250,2.6541

3161.3250,2.6552

3162.3250,2.6573

3163.3250,2.6567

3164.3260,2.6555

3165.3250,2.6545

3166.3250,2.6553

3167.3260,2.6555

3168.3250,2.6532

3169.3260,2.6542

3170.3260,2.6528

3171.3260,2.6519

3172.3260,2.6526

3173.3250,2.6528

3174.3250,2.6529

3175.3250,2.6539

3176.3250,2.6522

3177.3250,2.6525

3178.3250,2.6545

3179.3250,2.6567

3180.3250,2.6552

3181.3260,2.6536

3182.3260,2.6538

3183.3250,2.6549

3184.3250,2.6547

3185.3260,2.6575

3186.3250,2.6546

3187.3250,2.6558

3188.3250,2.6556

3189.3250,2.6535

3190.3250,2.6542

3191.3250,2.6547

3192.3250,2.6546

3193.3250,2.6557

3194.3250,2.6541

3195.3250,2.6536

3196.3260,2.6526

3197.3250,2.6544

3198.3250,2.6547

3199.3250,2.6550

3200.3250,2.6552

3201.3250,2.6534

3202.3250,2.6527

3203.3250,2.6543

3204.3260,2.6540

3205.3250,2.6555

3206.3250,2.6520

3207.3270,2.6537

3208.3260,2.6539

3209.3250,2.6537

3210.3250,2.6554

3211.3250,2.6564

3212.3250,2.6546

3213.3250,2.6526

3214.3250,2.6535

3215.3250,2.6558

3216.3250,2.6558

3217.3260,2.6533

3218.3250,2.6523

3219.3250,2.6543

3220.3250,2.6542

3221.3250,2.6539

3222.3250,2.6531

3223.3250,2.6527

3224.3250,2.6548

3225.3250,2.6537

3226.3260,2.6545

3227.3250,2.6537

3228.3250,2.6537

3229.3250,2.6538

3230.3250,2.6560

3231.3250,2.6540

3232.3250,2.6546

3233.3250,2.6560

3234.3250,2.6564

3235.3250,2.6532

3236.3250,2.6531

3237.3250,2.6535

3238.3250,2.6537

3239.3260,2.6553

3240.3270,2.6564

3241.3250,2.6612

3242.3250,2.6610

3243.3250,2.6619

3244.3250,2.6558

3245.3260,2.6547

3246.3250,2.6537

3247.3250,2.6545

3248.3250,2.6558

3249.3250,2.6537

3250.3250,2.6535

3251.3250,2.6538

3252.3250,2.6555

3253.3250,2.6541

3254.3250,2.6552

3255.3250,2.6562

3256.3250,2.6566

3257.3250,2.6589

3258.3250,2.6609

3259.3260,2.6609

3260.3250,2.6617

3261.3250,2.6624

3262.3250,2.6588

3263.3250,2.6548

3264.3250,2.6541

3265.3250,2.6563

3266.3250,2.6565

3267.3250,2.6549

3268.3260,2.6540

3269.3250,2.6545

3270.3260,2.6569

3271.3250,2.6550

3272.3250,2.6570

3273.3250,2.6585

3274.3250,2.6543

3275.3260,2.6529

3276.3250,2.6519

3277.3250,2.6536

3278.3250,2.6545

3279.3250,2.6536

3280.3260,2.6536

3281.3250,2.6528

3282.3250,2.6538

3283.3250,2.6540

3284.3260,2.6562

3285.3250,2.6564

3286.3250,2.6525

3287.3250,2.6566

3288.3250,2.6600

3289.3250,2.6582

3290.3250,2.6531

3291.3250,2.6529

3292.3260,2.6529

3293.3250,2.6600

3294.3250,2.6563

3295.3250,2.6545

3296.3250,2.6554

3297.3270,2.6542

3298.3250,2.6552

3299.3250,2.6522

3300.3250,2.6535

3301.3250,2.6528

3302.3250,2.6550

3303.3250,2.6541

3304.3250,2.6565

3305.3250,2.6575

3306.3250,2.6562

3307.3250,2.6545

3308.3260,2.6559

3309.3270,2.6540

3310.3250,2.6557

3311.3250,2.6552

3312.3250,2.6546

3313.3260,2.6553

3314.3250,2.6554

3315.3260,2.6562

3316.3250,2.6544

3317.3260,2.6562

3318.3250,2.6567

3319.3250,2.6597

3320.3260,2.6593

3321.3250,2.6605

3322.3260,2.6608

3323.3250,2.6598

3324.3260,2.6605

3325.3250,2.6597

3326.3250,2.6573

3327.3250,2.6544

3328.3250,2.6541

3329.3250,2.6574

3330.3250,2.6562

3331.3250,2.6556

3332.3250,2.6594

3333.3250,2.6587

3334.3250,2.6591

3335.3250,2.6556

3336.3250,2.6558

3337.3250,2.6561

3338.3250,2.6552

3339.3250,2.6552

3340.3250,2.6562

3341.3250,2.6591

3342.3260,2.6577

3343.3250,2.6561

3344.3260,2.6562

3345.3260,2.6562

3346.3250,2.6548

3347.3260,2.6549

3348.3250,2.6547

3349.3250,2.6556

3350.3260,2.6574

3351.3250,2.6594

3352.3260,2.6595

3353.3250,2.6610

3354.3250,2.6566

3355.3250,2.6564

3356.3270,2.6572

3357.3260,2.6557

3358.3250,2.6554

3359.3250,2.6537

3360.3250,2.6539

3361.3250,2.6538

3362.3250,2.6544

3363.3260,2.6542

3364.3250,2.6523

3365.3250,2.6525

3366.3250,2.6535

3367.3250,2.6543

3368.3250,2.6563

3369.3250,2.6559

3370.3260,2.6556

3371.3250,2.6553

3372.3250,2.6529

3373.3260,2.6523

3374.3250,2.6535

3375.3260,2.6539

3376.3250,2.6524

3377.3260,2.6520

3378.3250,2.6534

3379.3250,2.6565

3380.3260,2.6563

3381.3250,2.6557

3382.3270,2.6531

3383.3250,2.6546

3384.3250,2.6545

3385.3250,2.6500

3386.3250,2.6526

3387.3260,2.6520

3388.3250,2.6557

3389.3250,2.6588

3390.3250,2.6559

3391.3250,2.6549

3392.3250,2.6553

3393.3250,2.6553

3394.3260,2.6550

3395.3250,2.6542

3396.3260,2.6519

3397.3250,2.6538

3398.3260,2.6551

3399.3250,2.6547

3400.3270,2.6539

3401.3250,2.6536

3402.3260,2.6528

3403.3260,2.6514

3404.3250,2.6500

3405.3250,2.6503

3406.3260,2.6527

3407.3260,2.6559

3408.3250,2.6577

3409.3260,2.6579

3410.3260,2.6581

3411.3250,2.6552

3412.3250,2.6553

3413.3250,2.6538

3414.3250,2.6547

3415.3250,2.6542

3416.3250,2.6547

3417.3260,2.6543

3418.3250,2.6554

3419.3250,2.6548

3420.3250,2.6533

3421.3250,2.6553

3422.3250,2.6529

3423.3250,2.6515

3424.3250,2.6519

3425.3260,2.6516

3426.3250,2.6532

3427.3250,2.6549

3428.3250,2.6578

3429.3250,2.6560

3430.3250,2.6562

3431.3260,2.6550

3432.3250,2.6516

3433.3270,2.6510

3434.3260,2.6520

3435.3250,2.6530

3436.3250,2.6581

3437.3250,2.6582

3438.3250,2.6591

3439.3250,2.6548

3440.3250,2.6567

3441.3250,2.6557

3442.3260,2.6536

3443.3260,2.6549

3444.3250,2.6536

3445.3260,2.6520

3446.3260,2.6508

3447.3260,2.6532

3448.3250,2.6544

3449.3250,2.6544

3450.3250,2.6506

3451.3260,2.6542

3452.3250,2.6486

3453.3250,2.6540

3454.3250,2.6527

3455.3260,2.6512

3456.3250,2.6516

3457.3250,2.6462

3458.3250,2.6490

3459.3250,2.6541

3460.3250,2.6516

3461.3260,2.6527

3462.3250,2.6514

3463.3250,2.6503

3464.3250,2.6538

3465.3250,2.6545

3466.3250,2.6533

3467.3250,2.6513

3468.3250,2.6540

3469.3250,2.6555

3470.3260,2.6542

3471.3250,2.6542

3472.3250,2.6532

3473.3260,2.6483

3474.3250,2.6490

3475.3250,2.6511

3476.3250,2.6550

3477.3250,2.6560

3478.3250,2.6563

3479.3250,2.6557

3480.3250,2.6552

3481.3260,2.6550

3482.3260,2.6565

3483.3260,2.6552

3484.3250,2.6556

3485.3250,2.6581

3486.3250,2.6581

3487.3260,2.6560

3488.3260,2.6563

3489.3250,2.6564

3490.3250,2.6591

3491.3250,2.6591

3492.3250,2.6576

3493.3250,2.6588

3494.3250,2.6593

3495.3250,2.6610

3496.3250,2.6613

3497.3250,2.6593

3498.3250,2.6588

3499.3250,2.6593

3500.3250,2.6596

3501.3250,2.6604

3502.3250,2.6587

3503.3250,2.6591

3504.3250,2.6604

3505.3250,2.6611

3506.3250,2.6609

3507.3260,2.6609

3508.3250,2.6601

3509.3250,2.6602

3510.3250,2.6606

3511.3250,2.6605

3512.3250,2.6602

3513.3250,2.6607

3514.3250,2.6608

3515.3250,2.6603

3516.3260,2.6614

3517.3250,2.6614

3518.3260,2.6624

3519.3250,2.6622

3520.3250,2.6630

3521.3250,2.6632

3522.3250,2.6633

3523.3250,2.6637

3524.3260,2.6641

3525.3250,2.6609

3526.3260,2.6624

3527.3250,2.6619

3528.3260,2.6632

3529.3250,2.6629

3530.3260,2.6613

3531.3250,2.6582

3532.3250,2.6619

3533.3250,2.6629

3534.3250,2.6635

3535.3250,2.6636

3536.3250,2.6620

3537.3250,2.6614

3538.3250,2.6612

3539.3260,2.6592

3540.3250,2.6601

3541.3250,2.6610

3542.3250,2.6622

3543.3250,2.6629

3544.3250,2.6630

3545.3250,2.6626

3546.3260,2.6633

3547.3250,2.6637

3548.3250,2.6650

3549.3250,2.6626

3550.3250,2.6594

3551.3250,2.6568

3552.3260,2.6577

3553.3250,2.6588

3554.3250,2.6613

3555.3250,2.6624

3556.3250,2.6631

3557.3250,2.6630

3558.3260,2.6639

3559.3250,2.6629

3560.3250,2.6629

3561.3250,2.6641

3562.3250,2.6633

3563.3260,2.6633

3564.3250,2.6636

3565.3260,2.6638

3566.3250,2.6651

3567.3260,2.6645

3568.3260,2.6626

3569.3250,2.6618

3570.3250,2.6615

3571.3250,2.6636

3572.3260,2.6625

3573.3260,2.6633

3574.3250,2.6637

3575.3250,2.6645

3576.3250,2.6642

3577.3250,2.6611

3578.3250,2.6619

3579.3250,2.6630

3580.3250,2.6625

3581.3250,2.6626

3582.3260,2.6617

3583.3250,2.6629

3584.3250,2.6627

3585.3260,2.6629

3586.3250,2.6638

3587.3250,2.6613

3588.3250,2.6641

3589.3250,2.6625

3590.3260,2.6635

3591.3250,2.6636

3592.3250,2.6612

3593.3250,2.6608

3594.3250,2.6623

3595.3250,2.6624

3596.3250,2.6607

3597.3250,2.6603

3598.3250,2.6599

3599.3250,2.6615

3600.3260,2.6632

3601.3250,2.6632

3602.3250,2.6628

3603.3260,2.6637

3604.3250,2.6625

3605.3250,2.6618

3606.3250,2.6623

3607.3250,2.6654

3608.3250,2.6660

3609.3250,2.6667

3610.3250,2.6652

3611.3250,2.6658

3612.3260,2.6657

3613.3250,2.6663

3614.3260,2.6669

3615.3260,2.6664

3616.3250,2.6674

3617.3250,2.6675

3618.3260,2.6683

3619.3250,2.6701

3620.3250,2.6702

3621.3250,2.6705

3622.3250,2.6701

3623.3250,2.6693

3624.3250,2.6696

3625.3250,2.6706

3626.3250,2.6674

3627.3250,2.6674

3628.3250,2.6679

3629.3250,2.6650

3630.3250,2.6580

3631.3250,2.6592

3632.3250,2.6590

3633.3250,2.6625

3634.3250,2.6648

3635.3260,2.6660

3636.3260,2.6649

3637.3250,2.6655

3638.3250,2.6654

3639.3250,2.6651

3640.3260,2.6662

3641.3250,2.6672

3642.3250,2.6669

3643.3250,2.6661

3644.3260,2.6664

3645.3250,2.6662

3646.3250,2.6666

3647.3250,2.6666

3648.3250,2.6609

3649.3250,2.6596

3650.3260,2.6569

3651.3250,2.6581

3652.3250,2.6613

3653.3260,2.6616

3654.3260,2.6647

3655.3250,2.6663

3656.3260,2.6663

3657.3250,2.6661

3658.3260,2.6667

3659.3250,2.6673

3660.3260,2.6679

3661.3250,2.6660

3662.3250,2.6665

3663.3250,2.6672

3664.3250,2.6672

3665.3250,2.6676

3666.3260,2.6684

3667.3250,2.6680

3668.3250,2.6682

3669.3270,2.6684

3670.3250,2.6606

3671.3250,2.6610

3672.3250,2.6617

3673.3250,2.6620

3674.3250,2.6618

3675.3250,2.6653

3676.3250,2.6658

3677.3260,2.6659

3678.3250,2.6662

3679.3260,2.6656

3680.3250,2.6613

3681.3250,2.6607

3682.3260,2.6626

3683.3250,2.6631

3684.3250,2.6634

3685.3260,2.6650

3686.3250,2.6639

3687.3250,2.6628

3688.3250,2.6624

3689.3250,2.6607

3690.3250,2.6599

3691.3250,2.6616

3692.3250,2.6623

3693.3250,2.6640

3694.3260,2.6675

3695.3250,2.6694

3696.3250,2.6691

3697.3250,2.6700

3698.3250,2.6670

3699.3250,2.6613

3700.3250,2.6631

3701.3250,2.6633

3702.3260,2.6639

3703.3250,2.6648

3704.3250,2.6655

3705.3250,2.6674

3706.3250,2.6679

3707.3250,2.6663

3708.3250,2.6626

3709.3260,2.6602

3710.3250,2.6606

3711.3250,2.6605

3712.3250,2.6601

3713.3250,2.6600

3714.3250,2.6602

3715.3250,2.6588

3716.3250,2.6551

3717.3250,2.6556

3718.3260,2.6567

3719.3250,2.6576

3720.3250,2.6568

3721.3250,2.6574

3722.3260,2.6587

3723.3250,2.6592

3724.3260,2.6606

3725.3260,2.6612

3726.3260,2.6620

3727.3250,2.6610

3728.3260,2.6611

3729.3250,2.6625

3730.3260,2.6631

3731.3250,2.6635

3732.3250,2.6637

3733.3250,2.6639

3734.3250,2.6664

3735.3260,2.6666

3736.3250,2.6680

3737.3250,2.6644

3738.3250,2.6658

3739.3250,2.6651

3740.3250,2.6619

3741.3250,2.6645

3742.3250,2.6669

3743.3250,2.6666

3744.3250,2.6662

3745.3250,2.6662

3746.3250,2.6669

3747.3260,2.6691

3748.3250,2.6730

3749.3250,2.6742

3750.3250,2.6738

3751.3250,2.6725

3752.3250,2.6716

3753.3260,2.6713

3754.3260,2.6709

3755.3250,2.6716

3756.3250,2.6714

3757.3250,2.6708

3758.3250,2.6717

3759.3260,2.6713

3760.3250,2.6721

3761.3250,2.6647

3762.3250,2.6657

3763.3250,2.6665

3764.3250,2.6663

3765.3250,2.6676

3766.3250,2.6660

3767.3250,2.6661

3768.3250,2.6658

3769.3250,2.6657

3770.3250,2.6655

3771.3250,2.6659

3772.3260,2.6641

3773.3260,2.6617

3774.3260,2.6639

3775.3250,2.6625

3776.3250,2.6636

3777.3250,2.6639

3778.3260,2.6638

3779.3250,2.6659

3780.3250,2.6723

3781.3250,2.6718

3782.3250,2.6668

3783.3250,2.6650

3784.3250,2.6647

3785.3250,2.6651

3786.3260,2.6661

3787.3250,2.6696

3788.3250,2.6729

3789.3250,2.6727

3790.3250,2.6726

3791.3250,2.6730

3792.3250,2.6718

3793.3260,2.6726

3794.3250,2.6728

3795.3260,2.6732

3796.3250,2.6745

3797.3250,2.6734

3798.3260,2.6733

3799.3250,2.6699

3800.3250,2.6679

3801.3260,2.6644

3802.3250,2.6695

3803.3250,2.6716

3804.3260,2.6722

3805.3260,2.6720

3806.3260,2.6722

3807.3260,2.6729

3808.3260,2.6722

3809.3250,2.6720

3810.3250,2.6724

3811.3250,2.6732

3812.3250,2.6732

3813.3250,2.6730

3814.3250,2.6734

3815.3260,2.6731

3816.3250,2.6731

3817.3260,2.6707

3818.3250,2.6662

3819.3250,2.6662

3820.3260,2.6658

3821.3260,2.6653

3822.3250,2.6681

3823.3260,2.6672

3824.3260,2.6686

3825.3250,2.6707

3826.3250,2.6710

3827.3250,2.6718

3828.3250,2.6731

3829.3260,2.6732

3830.3250,2.6733

3831.3250,2.6733

3832.3260,2.6737

3833.3250,2.6746

3834.3250,2.6743

3835.3250,2.6739

3836.3260,2.6741

3837.3260,2.6722

3838.3250,2.6727

3839.3250,2.6729

3840.3260,2.6729

3841.3250,2.6745

3842.3260,2.6740

3843.3250,2.6751

3844.3250,2.6739

3845.3260,2.6684

3846.3260,2.6662

3847.3250,2.6658

3848.3250,2.6649

3849.3250,2.6645

3850.3250,2.6672

3851.3250,2.6666

3852.3250,2.6675

3853.3250,2.6694

3854.3250,2.6722

3855.3250,2.6730

3856.3250,2.6729

3857.3250,2.6698

3858.3250,2.6717

3859.3260,2.6718

3860.3260,2.6675

3861.3250,2.6664

3862.3250,2.6665

3863.3250,2.6671

3864.3250,2.6684

3865.3250,2.6655

3866.3250,2.6675

3867.3250,2.6660

3868.3250,2.6664

3869.3250,2.6676

3870.3260,2.6682

3871.3260,2.6654

3872.3250,2.6675

3873.3250,2.6723

3874.3250,2.6739

3875.3260,2.6751

3876.3250,2.6750

3877.3250,2.6746

3878.3250,2.6740

3879.3250,2.6738

3880.3260,2.6744

3881.3250,2.6747

3882.3250,2.6753

3883.3250,2.6760

3884.3250,2.6671

3885.3260,2.6659

3886.3250,2.6674

3887.3250,2.6688

3888.3250,2.6703

3889.3250,2.6703

3890.3250,2.6701

3891.3260,2.6683

3892.3250,2.6643

3893.3250,2.6644

3894.3250,2.6653

3895.3250,2.6658

3896.3250,2.6662

3897.3260,2.6667

3898.3250,2.6672

3899.3250,2.6705

3900.3250,2.6719

3901.3250,2.6727

3902.3250,2.6746

3903.3250,2.6755

3904.3250,2.6752

3905.3250,2.6760

3906.3270,2.6763

3907.3250,2.6761

3908.3250,2.6758

3909.3250,2.6763

3910.3250,2.6762

3911.3250,2.6766

3912.3250,2.6766

3913.3250,2.6767

3914.3250,2.6767

3915.3250,2.6763

3916.3250,2.6686

3917.3250,2.6683

3918.3250,2.6685

3919.3250,2.6681

3920.3250,2.6678

3921.3250,2.6675

3922.3250,2.6711

3923.3260,2.6731

3924.3250,2.6733

3925.3250,2.6737

3926.3250,2.6711

3927.3250,2.6647

3928.3260,2.6651

3929.3260,2.6657

3930.3250,2.6663

3931.3260,2.6641

3932.3260,2.6687

3933.3250,2.6693

3934.3250,2.6670

3935.3250,2.6666

3936.3260,2.6679

3937.3250,2.6675

3938.3250,2.6662

3939.3250,2.6652

3940.3250,2.6647

3941.3250,2.6655

3942.3250,2.6661

3943.3250,2.6657

3944.3250,2.6666

3945.3250,2.6658

3946.3260,2.6656

3947.3250,2.6667

3948.3250,2.6685

3949.3260,2.6719

3950.3260,2.6723

3951.3250,2.6729

3952.3250,2.6737

3953.3250,2.6742

3954.3250,2.6761

3955.3250,2.6755

3956.3260,2.6742

3957.3250,2.6731

3958.3250,2.6729

3959.3250,2.6744

3960.3250,2.6736

3961.3250,2.6737

3962.3250,2.6737

3963.3250,2.6747

3964.3260,2.6752

3965.3250,2.6689

3966.3250,2.6677

3967.3250,2.6680

3968.3250,2.6676

3969.3260,2.6671

3970.3250,2.6675

3971.3250,2.6665

3972.3250,2.6632

3973.3250,2.6635

3974.3250,2.6639

3975.3250,2.6656

3976.3250,2.6671

3977.3260,2.6689

3978.3250,2.6716

3979.3250,2.6720

3980.3250,2.6741

3981.3250,2.6751

3982.3250,2.6757

3983.3260,2.6752

3984.3250,2.6750

3985.3250,2.6748

3986.3260,2.6747

3987.3250,2.6752

3988.3250,2.6754

3989.3250,2.6746

3990.3250,2.6763

3991.3250,2.6769

3992.3250,2.6708

3993.3250,2.6672

3994.3260,2.6648

3995.3250,2.6649

3996.3260,2.6652

3997.3260,2.6646

3998.3260,2.6638

3999.3250,2.6638

4000.3250,2.6634

4001.3250,2.6638

4002.3250,2.6637

4003.3250,2.6647

4004.3260,2.6651

4005.3250,2.6676

4006.3260,2.6692

4007.3250,2.6691

4008.3250,2.6695

4009.3260,2.6704

4010.3250,2.6686

4011.3250,2.6696

4012.3270,2.6696

4013.3260,2.6687

4014.3250,2.6688

4015.3260,2.6673

4016.3260,2.6676

4017.3250,2.6690

4018.3250,2.6688

4019.3250,2.6687

4020.3250,2.6674

4021.3260,2.6714

4022.3270,2.6763

4023.3250,2.6716

4024.3270,2.6720

4025.3250,2.6720

4026.3260,2.6707

4027.3250,2.6690

4028.3250,2.6681

4029.3250,2.6690

4030.3260,2.6675

4031.3260,2.6701

4032.3260,2.6695

4033.3250,2.6686

4034.3270,2.6696

4035.3250,2.6712

4036.3260,2.6723

4037.3250,2.6693

4038.3250,2.6700

4039.3260,2.6701

4040.3250,2.6717

4041.3260,2.6718

4042.3260,2.6698

4043.3250,2.6697

4044.3250,2.6701

4045.3260,2.6705

4046.3260,2.6713

4047.3250,2.6682

4048.3250,2.6699

4049.3250,2.6717

4050.3250,2.6711

4051.3250,2.6702

4052.3250,2.6699

4053.3250,2.6701

4054.3260,2.6709

4055.3260,2.6715

4056.3250,2.6733

4057.3250,2.6740

4058.3250,2.6746

4059.3250,2.6757

4060.3250,2.6754

4061.3260,2.6700

4062.3250,2.6729

4063.3260,2.6725

4064.3260,2.6739

4065.3270,2.6757

4066.3250,2.6778

4067.3250,2.6782

4068.3250,2.6765

4069.3250,2.6779

4070.3250,2.6773

4071.3250,2.6765

4072.3260,2.6790

4073.3250,2.6789

4074.3250,2.6778

4075.3250,2.6726

4076.3250,2.6705

4077.3250,2.6745

4078.3250,2.6734

4079.3250,2.6730

4080.3260,2.6775

4081.3270,2.6783

4082.3250,2.6792

4083.3250,2.6778

4084.3250,2.6783

4085.3250,2.6783

4086.3260,2.6778

4087.3250,2.6771

4088.3250,2.6772

4089.3250,2.6774

4090.3250,2.6725

4091.3250,2.6691

4092.3250,2.6700

4093.3250,2.6775

4094.3250,2.6792

4095.3250,2.6759

4096.3250,2.6763

4097.3250,2.6780

4098.3250,2.6777

4099.3250,2.6783

4100.3250,2.6782

4101.3250,2.6786

4102.3250,2.6782

4103.3250,2.6754

4104.3250,2.6736

4105.3260,2.6724

4106.3250,2.6733

4107.3250,2.6719

4108.3250,2.6729

4109.3260,2.6722

4110.3250,2.6721

4111.3250,2.6710

4112.3250,2.6694

4113.3250,2.6695

4114.3260,2.6692

4115.3260,2.6680

4116.3250,2.6681

4117.3250,2.6684

4118.3250,2.6671

4119.3250,2.6663

4120.3250,2.6662

4121.3250,2.6651

4122.3250,2.6648

4123.3250,2.6659

4124.3250,2.6667

4125.3250,2.6683

4126.3250,2.6707

4127.3250,2.6726

4128.3260,2.6713

4129.3250,2.6719

4130.3250,2.6714

4131.3250,2.6722

4132.3250,2.6683

4133.3250,2.6675

4134.3250,2.6677

4135.3260,2.6695

4136.3260,2.6712

4137.3250,2.6765

4138.3250,2.6726

4139.3260,2.6724

4140.3260,2.6720

4141.3250,2.6707

4142.3250,2.6721

4143.3250,2.6716

4144.3260,2.6698

4145.3250,2.6709

4146.3250,2.6712

4147.3250,2.6696

4148.3260,2.6722

4149.3250,2.6723

4150.3250,2.6711

4151.3250,2.6706

4152.3250,2.6713

4153.3250,2.6700

4154.3250,2.6702

4155.3250,2.6716

4156.3260,2.6722

4157.3250,2.6726

4158.3250,2.6723

4159.3250,2.6727

4160.3250,2.6717

4161.3250,2.6722

4162.3250,2.6720

4163.3250,2.6724

4164.3260,2.6724

4165.3250,2.6714

4166.3250,2.6722

4167.3250,2.6734

4168.3250,2.6730

4169.3250,2.6704

4170.3250,2.6700

4171.3250,2.6714

4172.3250,2.6720

4173.3270,2.6699

4174.3250,2.6703

4175.3250,2.6722

4176.3250,2.6711

4177.3250,2.6711

4178.3250,2.6716

4179.3260,2.6716

4180.3250,2.6721

4181.3260,2.6717

4182.3260,2.6723

4183.3250,2.6707

4184.3250,2.6713

4185.3260,2.6699

4186.3260,2.6721

4187.3250,2.6733

4188.3250,2.6711

4189.3250,2.6719

4190.3250,2.6710

4191.3250,2.6693

4192.3250,2.6710

4193.3250,2.6740

4194.3250,2.6737

4195.3260,2.6727

4196.3250,2.6695

4197.3250,2.6687

4198.3250,2.6684

4199.3250,2.6677

4200.3270,2.6694

4201.3260,2.6695

4202.3260,2.6696

4203.3250,2.6699

4204.3250,2.6704

4205.3260,2.6713

4206.3250,2.6734

4207.3260,2.6716

4208.3250,2.6710

4209.3250,2.6720

4210.3250,2.6714

4211.3250,2.6691

4212.3260,2.6692

4213.3250,2.6685

4214.3250,2.6683

4215.3250,2.6700

4216.3250,2.6720

4217.3260,2.6723

4218.3250,2.6700

4219.3260,2.6684

4220.3250,2.6668

4221.3250,2.6671

4222.3250,2.6672

4223.3250,2.6668

4224.3250,2.6670

4225.3250,2.6672

4226.3250,2.6672

4227.3250,2.6675

4228.3250,2.6696

4229.3250,2.6708

4230.3260,2.6695

4231.3250,2.6681

4232.3260,2.6686

4233.3260,2.6682

4234.3260,2.6676

4235.3250,2.6685

4236.3250,2.6673

4237.3260,2.6695

4238.3250,2.6703

4239.3250,2.6708

4240.3250,2.6718

4241.3260,2.6713

4242.3250,2.6696

4243.3250,2.6694

4244.3250,2.6688

4245.3260,2.6687

4246.3250,2.6676

4247.3250,2.6685

4248.3250,2.6698

4249.3260,2.6686

4250.3250,2.6697

4251.3250,2.6697

4252.3260,2.6713

4253.3260,2.6700

4254.3250,2.6677

4255.3250,2.6703

4256.3260,2.6705

4257.3250,2.6697

4258.3250,2.6691

4259.3250,2.6687

4260.3250,2.6702

4261.3250,2.6701

4262.3250,2.6674

4263.3260,2.6675

4264.3250,2.6674

4265.3260,2.6677

4266.3250,2.6679

4267.3260,2.6690

4268.3260,2.6709

4269.3260,2.6685

4270.3250,2.6705

4271.3250,2.6698

4272.3250,2.6698

4273.3250,2.6682

4274.3250,2.6712

4275.3250,2.6709

4276.3250,2.6714

4277.3250,2.6718

4278.3250,2.6710

4279.3250,2.6726

4280.3250,2.6708

4281.3250,2.6712

4282.3260,2.6706

4283.3260,2.6690

4284.3250,2.6731

4285.3250,2.6708

4286.3250,2.6732

4287.3250,2.6727

4288.3260,2.6724

4289.3250,2.6701

4290.3250,2.6697

4291.3250,2.6715

4292.3250,2.6708

4293.3260,2.6720

4294.3260,2.6723

4295.3250,2.6704

4296.3260,2.6698

4297.3250,2.6719

4298.3250,2.6707

4299.3250,2.6732

4300.3250,2.6740

4301.3250,2.6708

4302.3250,2.6699

4303.3250,2.6713

4304.3250,2.6704

4305.3250,2.6727

4306.3260,2.6753

4307.3260,2.6727

4308.3250,2.6695

4309.3250,2.6700

4310.3260,2.6712

4311.3250,2.6714

4312.3260,2.6706

4313.3250,2.6736

4314.3250,2.6742

4315.3250,2.6718

4316.3250,2.6715

4317.3250,2.6715

4318.3250,2.6744

4319.3250,2.6688

4320.3250,2.6713

4321.3250,2.6705

4322.3260,2.6706

4323.3250,2.6719

4324.3270,2.6719

4325.3250,2.6721

4326.3260,2.6728

4327.3260,2.6712

4328.3260,2.6733

4329.3260,2.6716

4330.3260,2.6713

4331.3250,2.6727

4332.3250,2.6733

4333.3250,2.6720

4334.3260,2.6728

4335.3260,2.6721

4336.3250,2.6721

4337.3250,2.6729

4338.3250,2.6711

4339.3250,2.6720

4340.3250,2.6709

4341.3250,2.6730

4342.3250,2.6731

4343.3250,2.6712

4344.3250,2.6747

4345.3250,2.6744

4346.3250,2.6738

4347.3250,2.6768

4348.3250,2.6699

4349.3250,2.6726

4350.3250,2.6745

4351.3250,2.6776

4352.3250,2.6701

4353.3250,2.6737

4354.3250,2.6736

4355.3250,2.6741

4356.3250,2.6718

4357.3250,2.6728

4358.3250,2.6705

4359.3250,2.6718

4360.3250,2.6722

4361.3260,2.6723

4362.3250,2.6733

4363.3260,2.6712

4364.3250,2.6712

4365.3260,2.6735

4366.3250,2.6694

4367.3250,2.6714

4368.3250,2.6714

4369.3250,2.6707

4370.3250,2.6725

4371.3250,2.6696

4372.3250,2.6701

4373.3250,2.6677

4374.3260,2.6721

4375.3250,2.6694

4376.3250,2.6717

4377.3250,2.6724

4378.3250,2.6723

4379.3250,2.6707

4380.3250,2.6743

4381.3250,2.6694

4382.3250,2.6769

4383.3250,2.6732

4384.3250,2.6717

4385.3250,2.6714

4386.3250,2.6745

4387.3250,2.6727

4388.3260,2.6738

4389.3250,2.6732

4390.3250,2.6722

4391.3250,2.6730

4392.3250,2.6723

4393.3250,2.6755

4394.3250,2.6735

4395.3260,2.6703

4396.3260,2.6705

4397.3260,2.6710

4398.3250,2.6706

4399.3250,2.6732

4400.3250,2.6736

4401.3250,2.6763

4402.3250,2.6736

4403.3250,2.6729

4404.3250,2.6733

4405.3250,2.6714

4406.3260,2.6707

4407.3250,2.6712

4408.3260,2.6706

4409.3250,2.6729

4410.3250,2.6710

4411.3250,2.6750

4412.3250,2.6751

4413.3250,2.6752

4414.3260,2.6741

4415.3260,2.6782

4416.3250,2.6728

4417.3250,2.6684

4418.3260,2.6700

4419.3250,2.6696

4420.3260,2.6708

4421.3250,2.6728

4422.3250,2.6740

4423.3250,2.6806

4424.3260,2.6720

4425.3250,2.6746

4426.3250,2.6749

4427.3250,2.6726

4428.3250,2.6691

4429.3250,2.6775

4430.3250,2.6747

4431.3250,2.6694

4432.3250,2.6744

4433.3260,2.6764

4434.3250,2.6758

4435.3250,2.6728

4436.3250,2.6719

4437.3250,2.6751

4438.3260,2.6708

4439.3250,2.6703

4440.3250,2.6715

4441.3250,2.6708

4442.3250,2.6738

4443.3250,2.6718

4444.3260,2.6718

4445.3250,2.6729

4446.3250,2.6707

4447.3250,2.6723

4448.3260,2.6709

4449.3250,2.6702

4450.3250,2.6695

4451.3260,2.6737

4452.3250,2.6719

4453.3250,2.6713

4454.3250,2.6661

4455.3250,2.6653

4456.3250,2.6692

4457.3250,2.6696

4458.3250,2.6715

4459.3250,2.6690

4460.3250,2.6670

4461.3260,2.6674

4462.3250,2.6680

4463.3260,2.6700

4464.3250,2.6693

4465.3250,2.6728

4466.3260,2.6705

4467.3260,2.6685

4468.3260,2.6641

4469.3270,2.6640

4470.3250,2.6639

4471.3250,2.6646

4472.3250,2.6637

4473.3250,2.6635

4474.3250,2.6639

4475.3250,2.6637

4476.3260,2.6646

4477.3250,2.6644

4478.3250,2.6639

4479.3250,2.6627

4480.3250,2.6628

4481.3250,2.6632

4482.3250,2.6636

4483.3250,2.6627

4484.3250,2.6619

4485.3250,2.6623

4486.3250,2.6640

4487.3250,2.6637

4488.3250,2.6640

4489.3260,2.6633

4490.3260,2.6643

4491.3260,2.6628

4492.3250,2.6642

4493.3250,2.6642

4494.3250,2.6631

4495.3260,2.6626

4496.3250,2.6641

4497.3250,2.6633

4498.3260,2.6647

4499.3250,2.6640

4500.3260,2.6649

4501.3260,2.6652

4502.3250,2.6633

4503.3260,2.6638

4504.3260,2.6638

4505.3250,2.6651

4506.3260,2.6659

4507.3250,2.6661

4508.3250,2.6664

4509.3260,2.6660

4510.3250,2.6646

4511.3250,2.6654

4512.3250,2.6652

4513.3250,2.6646

4514.3250,2.6651

4515.3250,2.6651

4516.3260,2.6663

4517.3250,2.6652

4518.3250,2.6659

4519.3250,2.6650

4520.3250,2.6652

4521.3250,2.6654

4522.3250,2.6649

4523.3250,2.6658

4524.3250,2.6650

4525.3260,2.6642

4526.3250,2.6641

4527.3250,2.6649

4528.3260,2.6642

4529.3260,2.6655

4530.3250,2.6657

4531.3250,2.6646

4532.3250,2.6652

4533.3250,2.6648

4534.3250,2.6657

4535.3260,2.6617

4536.3250,2.6628

4537.3250,2.6638

4538.3260,2.6649

4539.3250,2.6630

4540.3260,2.6630

4541.3260,2.6636

4542.3260,2.6644

4543.3260,2.6648

4544.3250,2.6645

4545.3250,2.6647

4546.3250,2.6643

4547.3250,2.6641

4548.3250,2.6644

4549.3250,2.6636

4550.3250,2.6637

4551.3250,2.6631

4552.3260,2.6630

4553.3260,2.6620

4554.3250,2.6624

4555.3250,2.6624

4556.3250,2.6623

4557.3260,2.6633

4558.3250,2.6629

4559.3250,2.6630

4560.3260,2.6631

4561.3250,2.6631

4562.3250,2.6628

4563.3260,2.6633

4564.3260,2.6639

4565.3250,2.6646

4566.3250,2.6635

4567.3250,2.6628

4568.3250,2.6625

4569.3250,2.6629

4570.3250,2.6629

4571.3250,2.6632

4572.3250,2.6632

4573.3250,2.6632

4574.3250,2.6629

4575.3260,2.6621

4576.3250,2.6628

4577.3250,2.6626

4578.3260,2.6624

4579.3250,2.6628

4580.3250,2.6629

4581.3250,2.6636

4582.3250,2.6640

4583.3260,2.6639

4584.3250,2.6647

4585.3260,2.6649

4586.3250,2.6643

4587.3250,2.6644

4588.3250,2.6635

4589.3250,2.6641

4590.3260,2.6648

4591.3250,2.6651

4592.3260,2.6650

4593.3250,2.6646

4594.3250,2.6648

4595.3250,2.6659

4596.3250,2.6646

4597.3250,2.6643

4598.3250,2.6646

4599.3250,2.6641

4600.3250,2.6658

4601.3250,2.6653

4602.3250,2.6650

4603.3250,2.6653

4604.3250,2.6650

4605.3260,2.6643

4606.3250,2.6646

4607.3260,2.6644

4608.3250,2.6654

4609.3250,2.6654

4610.3260,2.6643

4611.3250,2.6646

4612.3260,2.6647

4613.3260,2.6632

4614.3250,2.6629

4615.3250,2.6634

4616.3250,2.6624

4617.3250,2.6626

4618.3250,2.6628

4619.3260,2.6623

4620.3250,2.6623

4621.3250,2.6626

4622.3260,2.6616

4623.3250,2.6616

4624.3250,2.6633

4625.3250,2.6619

4626.3260,2.6626

4627.3250,2.6615

4628.3250,2.6612

4629.3250,2.6615

4630.3250,2.6608

4631.3250,2.6606

4632.3250,2.6601

4633.3260,2.6606

4634.3250,2.6600

4635.3250,2.6603

4636.3250,2.6614

4637.3260,2.6595

4638.3260,2.6612

4639.3250,2.6598

4640.3250,2.6592

4641.3250,2.6600

4642.3260,2.6610

4643.3250,2.6602

4644.3260,2.6605

4645.3250,2.6606

4646.3250,2.6607

4647.3250,2.6612

4648.3250,2.6602

4649.3260,2.6602

4650.3250,2.6614

4651.3250,2.6618

4652.3250,2.6617

4653.3260,2.6614

4654.3250,2.6618

4655.3260,2.6610

4656.3250,2.6619

4657.3250,2.6609

4658.3250,2.6608

4659.3250,2.6607

4660.3260,2.6616

4661.3250,2.6601

4662.3260,2.6604

4663.3250,2.6607

4664.3250,2.6615

4665.3250,2.6622

4666.3250,2.6602

4667.3250,2.6608

4668.3250,2.6619

4669.3250,2.6618

4670.3250,2.6621

4671.3250,2.6612

4672.3250,2.6608

4673.3250,2.6621

4674.3260,2.6626

4675.3250,2.6625

4676.3250,2.6617

4677.3250,2.6617

4678.3250,2.6624

4679.3250,2.6619

4680.3250,2.6613

4681.3250,2.6615

4682.3250,2.6611

4683.3260,2.6623

4684.3250,2.6617

4685.3250,2.6611

4686.3250,2.6624

4687.3260,2.6627

4688.3250,2.6617

4689.3250,2.6620

4690.3250,2.6610

4691.3260,2.6610

4692.3250,2.6616

4693.3250,2.6618

4694.3260,2.6608

4695.3250,2.6596

4696.3260,2.6566

4697.3260,2.6522

4698.3250,2.6441

4699.3260,2.6457

4700.3260,2.6511

4701.3250,2.6525

4702.3260,2.6526

4703.3270,2.6547

4704.3260,2.6546

4705.3250,2.6518

4706.3250,2.6526

4707.3260,2.6530

4708.3260,2.6526

4709.3250,2.6529

4710.3250,2.6538

4711.3250,2.6546

4712.3250,2.6552

4713.3250,2.6543

4714.3250,2.6530

4715.3250,2.6560

4716.3250,2.6549

4717.3250,2.6529

4718.3250,2.6537

4719.3260,2.6545

4720.3250,2.6531

4721.3250,2.6541

4722.3250,2.6545

4723.3250,2.6554

4724.3260,2.6545

4725.3270,2.6557

4726.3260,2.6557

4727.3260,2.6552

4728.3250,2.6575

4729.3250,2.6529

4730.3260,2.6557

4731.3250,2.6561

4732.3260,2.6570

4733.3250,2.6578

4734.3250,2.6604

4735.3250,2.6595

4736.3260,2.6583

4737.3260,2.6588

4738.3250,2.6608

4739.3260,2.6618

4740.3250,2.6618

4741.3260,2.6610

4742.3260,2.6616

4743.3250,2.6624

4744.3260,2.6618

4745.3260,2.6622

4746.3260,2.6625

4747.3250,2.6626

4748.3250,2.6626

4749.3260,2.6639

4750.3250,2.6647

4751.3250,2.6646

4752.3250,2.6625

4753.3250,2.6608

4754.3250,2.6607

4755.3250,2.6601

4756.3250,2.6604

4757.3260,2.6627

4758.3250,2.6624

4759.3260,2.6607

4760.3250,2.6603

4761.3250,2.6614

4762.3250,2.6615

4763.3250,2.6610

4764.3260,2.6613

4765.3250,2.6615

4766.3260,2.6622

4767.3250,2.6604

4768.3260,2.6599

4769.3250,2.6604

4770.3250,2.6618

4771.3250,2.6616

4772.3250,2.6635

4773.3250,2.6632

4774.3250,2.6651

4775.3250,2.6649

4776.3250,2.6644

4777.3250,2.6636

4778.3260,2.6650

4779.3250,2.6658

4780.3250,2.6652

4781.3260,2.6658

4782.3250,2.6672

4783.3250,2.6672

4784.3250,2.6665

4785.3250,2.6679

4786.3260,2.6672

4787.3260,2.6684

4788.3260,2.6678

4789.3250,2.6674

4790.3250,2.6676

4791.3260,2.6680

4792.3250,2.6678

4793.3260,2.6687

4794.3250,2.6685

4795.3250,2.6690

4796.3250,2.6697

4797.3260,2.6688

4798.3250,2.6690

4799.3250,2.6682

4800.3250,2.6684

4801.3250,2.6687

4802.3250,2.6696

4803.3250,2.6699

4804.3250,2.6694

4805.3250,2.6697

4806.3250,2.6700

4807.3250,2.6687

4808.3260,2.6700

4809.3260,2.6688

4810.3250,2.6685

4811.3250,2.6683

4812.3250,2.6693

4813.3250,2.6693

4814.3250,2.6688

4815.3250,2.6697

4816.3250,2.6700

4817.3250,2.6691

4818.3250,2.6691

4819.3250,2.6690

4820.3260,2.6693

4821.3250,2.6685

4822.3260,2.6684

4823.3250,2.6682

4824.3260,2.6671

4825.3250,2.6683

4826.3250,2.6680

4827.3250,2.6689

4828.3250,2.6687

4829.3250,2.6688

4830.3250,2.6697

4831.3250,2.6695

4832.3260,2.6689

4833.3250,2.6694

4834.3250,2.6685

4835.3250,2.6676

4836.3260,2.6679

4837.3250,2.6673

4838.3250,2.6677

4839.3260,2.6670

4840.3260,2.6669

4841.3250,2.6668

4842.3250,2.6665

4843.3250,2.6671

4844.3250,2.6670

4845.3250,2.6665

4846.3250,2.6668

4847.3250,2.6659

4848.3250,2.6672

4849.3260,2.6655

4850.3250,2.6657

4851.3250,2.6685

4852.3250,2.6657

4853.3250,2.6664

4854.3250,2.6661

4855.3250,2.6673

4856.3260,2.6677

4857.3250,2.6658

4858.3250,2.6666

4859.3250,2.6653

4860.3250,2.6645

4861.3250,2.6663

4862.3250,2.6657

4863.3250,2.6670

4864.3250,2.6681

4865.3250,2.6660

4866.3250,2.6684

4867.3260,2.6671

4868.3250,2.6660

4869.3250,2.6674

4870.3260,2.6653

4871.3250,2.6670

4872.3250,2.6658

4873.3250,2.6653

4874.3260,2.6665

4875.3260,2.6674

4876.3260,2.6661

4877.3250,2.6660

4878.3250,2.6661

4879.3250,2.6679

4880.3260,2.6676

4881.3260,2.6675

4882.3260,2.6660

4883.3250,2.6663

4884.3250,2.6656

4885.3250,2.6664

4886.3250,2.6653

4887.3250,2.6664

4888.3250,2.6645

4889.3250,2.6644

4890.3250,2.6678

4891.3250,2.6651

4892.3250,2.6656

4893.3250,2.6669

4894.3250,2.6653

4895.3250,2.6661

4896.3250,2.6661

4897.3250,2.6666

4898.3250,2.6655

4899.3260,2.6652

4900.3250,2.6668

4901.3250,2.6662

4902.3250,2.6673

4903.3260,2.6651

4904.3250,2.6673

4905.3250,2.6687

4906.3260,2.6685

4907.3250,2.6689

4908.3250,2.6684

4909.3250,2.6685

4910.3260,2.6674

4911.3260,2.6680

4912.3250,2.6678

4913.3250,2.6656

4914.3250,2.6693

4915.3250,2.6691

4916.3250,2.6672

4917.3250,2.6676

4918.3260,2.6649

4919.3250,2.6665

4920.3250,2.6661

4921.3250,2.6670

4922.3250,2.6670

4923.3250,2.6685

4924.3250,2.6692

4925.3250,2.6704

4926.3250,2.6695

4927.3260,2.6693

4928.3260,2.6700

4929.3250,2.6678

4930.3250,2.6699

4931.3250,2.6688

4932.3250,2.6683

4933.3250,2.6680

4934.3250,2.6700

4935.3270,2.6690

4936.3260,2.6697

4937.3250,2.6675

4938.3250,2.6691

4939.3250,2.6693

4940.3260,2.6702

4941.3250,2.6697

4942.3250,2.6685

4943.3250,2.6691

4944.3250,2.6708

4945.3250,2.6712

4946.3250,2.6716

4947.3250,2.6707

4948.3250,2.6704

4949.3250,2.6680

4950.3250,2.6683

4951.3250,2.6688

4952.3260,2.6706

4953.3250,2.6705

4954.3270,2.6695

4955.3250,2.6699

4956.3250,2.6711

4957.3260,2.6685

4958.3250,2.6677

4959.3250,2.6676

4960.3250,2.6686

4961.3250,2.6683

4962.3260,2.6661

4963.3250,2.6642

4964.3250,2.6656

4965.3260,2.6659

4966.3250,2.6687

4967.3250,2.6695

4968.3250,2.6664

4969.3260,2.6659

4970.3250,2.6657

4971.3250,2.6665

4972.3250,2.6659

4973.3260,2.6651

4974.3250,2.6647

4975.3250,2.6649

4976.3260,2.6664

4977.3250,2.6671

4978.3250,2.6667

4979.3260,2.6672

4980.3250,2.6685

4981.3250,2.6674

4982.3250,2.6676

4983.3260,2.6681

4984.3270,2.6685

4985.3250,2.6677

4986.3260,2.6687

4987.3260,2.6691

4988.3260,2.6676

4989.3260,2.6683

4990.3250,2.6679

4991.3250,2.6679

4992.3260,2.6680

4993.3250,2.6683

4994.3250,2.6690

4995.3250,2.6692

4996.3250,2.6706

4997.3250,2.6684

4998.3260,2.6677

4999.3250,2.6695

5000.3250,2.6693

5001.3260,2.6699

5002.3260,2.6686

5003.3250,2.6714

5004.3260,2.6700

5005.3250,2.6681

5006.3250,2.6688

5007.3250,2.6692

5008.3250,2.6703

5009.3250,2.6699

5010.3250,2.6685

5011.3250,2.6695

5012.3270,2.6705

5013.3260,2.6688

5014.3260,2.6707

5015.3250,2.6697

5016.3250,2.6698

5017.3250,2.6695

5018.3250,2.6687

5019.3260,2.6686

5020.3250,2.6691

5021.3250,2.6680

5022.3250,2.6681

5023.3250,2.6695

5024.3260,2.6702

5025.3260,2.6702

5026.3250,2.6700

5027.3250,2.6685

5028.3250,2.6714

5029.3250,2.6689

5030.3260,2.6681

5031.3250,2.6643

5032.3250,2.6656

5033.3270,2.6662

5034.3250,2.6658

5035.3250,2.6678

5036.3250,2.6650

5037.3250,2.6674

5038.3260,2.6678

5039.3250,2.6666

5040.3250,2.6678

5041.3250,2.6664

5042.3250,2.6660

5043.3250,2.6669

5044.3250,2.6656

5045.3260,2.6694

5046.3260,2.6671

5047.3250,2.6642

5048.3250,2.6645

5049.3250,2.6656

5050.3250,2.6657

5051.3250,2.6650

5052.3250,2.6676

5053.3250,2.6664

5054.3250,2.6671

5055.3250,2.6676

5056.3250,2.6673

5057.3250,2.6676

5058.3250,2.6683

5059.3250,2.6678

5060.3250,2.6681

5061.3260,2.6695

5062.3250,2.6683

5063.3250,2.6680

5064.3250,2.6677

5065.3250,2.6671

5066.3250,2.6670

5067.3250,2.6660

5068.3250,2.6686

5069.3250,2.6686

5070.3250,2.6665

5071.3250,2.6664

5072.3260,2.6679

5073.3250,2.6670

5074.3250,2.6681

5075.3250,2.6682

5076.3250,2.6677

5077.3250,2.6673

5078.3250,2.6674

5079.3250,2.6682

5080.3250,2.6698

5081.3250,2.6694

5082.3250,2.6671

5083.3250,2.6688

5084.3250,2.6695

5085.3250,2.6690

5086.3250,2.6689

5087.3250,2.6699

5088.3260,2.6692

5089.3250,2.6703

5090.3250,2.6709

5091.3250,2.6708

5092.3250,2.6694

5093.3260,2.6702

5094.3250,2.6677

5095.3250,2.6689

5096.3260,2.6681

5097.3250,2.6700

5098.3260,2.6698

5099.3250,2.6705

5100.3260,2.6691

5101.3250,2.6678

5102.3250,2.6694

5103.3250,2.6703

5104.3260,2.6683

5105.3250,2.6681

5106.3250,2.6683

5107.3250,2.6698

5108.3260,2.6698

5109.3250,2.6688

5110.3250,2.6686

5111.3250,2.6703

5112.3250,2.6702

5113.3250,2.6672

5114.3250,2.6681

5115.3250,2.6691

5116.3250,2.6682

5117.3260,2.6683

5118.3250,2.6687

5119.3250,2.6692

5120.3260,2.6684

5121.3250,2.6683

5122.3250,2.6683

5123.3250,2.6667

5124.3260,2.6671

5125.3250,2.6683

5126.3250,2.6681

5127.3250,2.6707

5128.3250,2.6680

5129.3260,2.6691

5130.3250,2.6689

5131.3250,2.6686

5132.3250,2.6683

5133.3250,2.6689

5134.3250,2.6682

5135.3250,2.6684

5136.3250,2.6694

5137.3260,2.6698

5138.3260,2.6697

5139.3250,2.6707

5140.3250,2.6710

5141.3260,2.6715

5142.3250,2.6713

5143.3250,2.6687

5144.3260,2.6698

5145.3250,2.6711

5146.3250,2.6697

5147.3250,2.6701

5148.3260,2.6696

5149.3250,2.6701

5150.3250,2.6698

5151.3250,2.6691

5152.3250,2.6689

5153.3250,2.6693

5154.3250,2.6684

5155.3250,2.6695

5156.3260,2.6687

5157.3250,2.6706

5158.3250,2.6690

5159.3250,2.6691

5160.3250,2.6694

5161.3250,2.6700

5162.3250,2.6697

5163.3250,2.6694

5164.3250,2.6713

5165.3250,2.6697

5166.3250,2.6698

5167.3250,2.6700

5168.3260,2.6703

5169.3260,2.6693

5170.3260,2.6697

5171.3250,2.6710

5172.3250,2.6693

5173.3250,2.6707

5174.3250,2.6700

5175.3250,2.6687

5176.3250,2.6700

5177.3250,2.6692

5178.3250,2.6684

5179.3250,2.6688

5180.3260,2.6689

5181.3250,2.6684

5182.3250,2.6689

5183.3250,2.6679

5184.3260,2.6688

5185.3250,2.6686

5186.3250,2.6697

5187.3250,2.6703

5188.3250,2.6683

5189.3250,2.6702

5190.3250,2.6688

5191.3250,2.6691

5192.3250,2.6683

5193.3250,2.6701

5194.3250,2.6706

5195.3260,2.6699

5196.3250,2.6705

5197.3260,2.6695

5198.3250,2.6718

5199.3250,2.6716

5200.3250,2.6709

5201.3250,2.6704

5202.3250,2.6723

5203.3250,2.6718

5204.3260,2.6708

5205.3250,2.6712

5206.3250,2.6718

5207.3250,2.6723

5208.3250,2.6683

5209.3250,2.6709

5210.3260,2.6694

5211.3250,2.6691

5212.3250,2.6700

5213.3250,2.6705

5214.3270,2.6700

5215.3260,2.6719

5216.3250,2.6717

5217.3260,2.6710

5218.3250,2.6687

5219.3250,2.6700

5220.3250,2.6703

5221.3250,2.6706

5222.3250,2.6714

5223.3250,2.6715

5224.3250,2.6704

5225.3250,2.6678

5226.3250,2.6687

5227.3250,2.6688

5228.3250,2.6697

5229.3260,2.6698

5230.3250,2.6712

5231.3250,2.6704

5232.3260,2.6721

5233.3250,2.6706

5234.3250,2.6725

5235.3250,2.6707

5236.3250,2.6708

5237.3260,2.6703

5238.3250,2.6709

5239.3250,2.6710

5240.3270,2.6704

5241.3260,2.6710

5242.3260,2.6716

5243.3250,2.6713

5244.3260,2.6703

5245.3250,2.6697

5246.3260,2.6730

5247.3250,2.6711

5248.3250,2.6716

5249.3250,2.6716

5250.3250,2.6723

5251.3250,2.6730

5252.3250,2.6738

5253.3250,2.6748

5254.3250,2.6732

5255.3250,2.6720

5256.3270,2.6727

5257.3250,2.6732

5258.3250,2.6722

5259.3260,2.6728

5260.3250,2.6708

5261.3260,2.6713

5262.3250,2.6718

5263.3260,2.6723

5264.3250,2.6685

5265.3250,2.6706

5266.3250,2.6715

5267.3250,2.6725

5268.3250,2.6704

5269.3250,2.6706

5270.3250,2.6728

5271.3260,2.6720

5272.3250,2.6720

5273.3250,2.6715

5274.3250,2.6732

5275.3250,2.6717

5276.3250,2.6729

5277.3250,2.6721

5278.3250,2.6710

5279.3250,2.6729

5280.3250,2.6748

5281.3250,2.6714

5282.3250,2.6733

5283.3250,2.6728

5284.3250,2.6724

5285.3250,2.6741

5286.3250,2.6739

5287.3250,2.6724

5288.3250,2.6714

5289.3250,2.6727

5290.3250,2.6733

5291.3250,2.6733

5292.3260,2.6731

5293.3250,2.6722

5294.3250,2.6713

5295.3250,2.6738

5296.3250,2.6711

5297.3250,2.6706

5298.3260,2.6713

5299.3250,2.6712

5300.3250,2.6718

5301.3250,2.6715

5302.3250,2.6713

5303.3250,2.6729

5304.3250,2.6729

5305.3260,2.6704

5306.3250,2.6715

5307.3250,2.6720

5308.3250,2.6709

5309.3250,2.6723

5310.3250,2.6710

5311.3250,2.6724

5312.3250,2.6712

5313.3260,2.6735

5314.3250,2.6729

5315.3250,2.6723

5316.3260,2.6728

5317.3250,2.6715

5318.3250,2.6726

5319.3250,2.6736

5320.3250,2.6720

5321.3260,2.6708

5322.3250,2.6733

5323.3250,2.6740

5324.3250,2.6739

5325.3250,2.6726

5326.3250,2.6723

5327.3250,2.6738

5328.3250,2.6726

5329.3260,2.6728

5330.3260,2.6734

5331.3250,2.6732

5332.3250,2.6732

5333.3250,2.6740

5334.3260,2.6716

5335.3260,2.6729

5336.3250,2.6724

5337.3250,2.6722

5338.3250,2.6718

5339.3250,2.6724

5340.3250,2.6730

5341.3260,2.6709

5342.3260,2.6708

5343.3250,2.6700

5344.3250,2.6686

5345.3260,2.6698

5346.3250,2.6691

5347.3260,2.6692

5348.3260,2.6699

5349.3250,2.6694

5350.3250,2.6700

5351.3250,2.6689

5352.3260,2.6696

5353.3250,2.6701

5354.3270,2.6684

5355.3250,2.6684

5356.3250,2.6683

5357.3250,2.6691

5358.3250,2.6686

5359.3250,2.6682

5360.3250,2.6676

5361.3250,2.6667

5362.3260,2.6667

5363.3250,2.6673

5364.3250,2.6671

5365.3250,2.6661

5366.3260,2.6661

5367.3260,2.6662

5368.3250,2.6650

5369.3250,2.6660

5370.3250,2.6650

5371.3250,2.6668

5372.3250,2.6671

5373.3250,2.6649

5374.3250,2.6661

5375.3260,2.6650

5376.3250,2.6637

5377.3250,2.6629

5378.3250,2.6637

5379.3260,2.6672

5380.3250,2.6637

5381.3250,2.6644

5382.3250,2.6656

5383.3270,2.6656

5384.3250,2.6649

5385.3260,2.6644

5386.3250,2.6655

5387.3260,2.6669

5388.3260,2.6664

5389.3250,2.6679

5390.3250,2.6665

5391.3260,2.6658

5392.3250,2.6672

5393.3250,2.6674

5394.3260,2.6657

5395.3250,2.6675

5396.3260,2.6670

5397.3250,2.6658

5398.3250,2.6657

5399.3250,2.6653

5400.3250,2.6663

5401.3260,2.6668

5402.3250,2.6693

5403.3250,2.6690

5404.3250,2.6689

5405.3250,2.6695

5406.3250,2.6692

5407.3250,2.6664

5408.3260,2.6683

5409.3260,2.6664

5410.3250,2.6651

5411.3250,2.6649

5412.3250,2.6668

5413.3250,2.6666

5414.3250,2.6682

5415.3250,2.6674

5416.3250,2.6658

5417.3250,2.6655

5418.3250,2.6659

5419.3250,2.6660

5420.3250,2.6668

5421.3250,2.6659

5422.3250,2.6660

5423.3250,2.6661

5424.3250,2.6673

5425.3250,2.6660

5426.3260,2.6659

5427.3260,2.6680

5428.3250,2.6687

5429.3250,2.6684

5430.3250,2.6698

5431.3270,2.6697

5432.3260,2.6693

5433.3250,2.6704

5434.3250,2.6706

5435.3250,2.6689

5436.3270,2.6673

5437.3250,2.6668

5438.3250,2.6681

5439.3260,2.6684

5440.3250,2.6685

5441.3260,2.6702

5442.3250,2.6718

5443.3260,2.6683

5444.3260,2.6708

5445.3250,2.6708

5446.3260,2.6712

5447.3260,2.6718

5448.3260,2.6721

5449.3250,2.6734

5450.3250,2.6701

5451.3250,2.6728

5452.3250,2.6730

5453.3250,2.6718

5454.3250,2.6733

5455.3250,2.6730

5456.3260,2.6726

5457.3250,2.6712

5458.3250,2.6719

5459.3250,2.6706

5460.3250,2.6729

5461.3250,2.6737

5462.3260,2.6746

5463.3260,2.6719

5464.3250,2.6715

5465.3250,2.6719

5466.3250,2.6728

5467.3250,2.6731

5468.3260,2.6719

5469.3250,2.6732

5470.3250,2.6736

5471.3260,2.6743

5472.3250,2.6731

5473.3250,2.6725

5474.3250,2.6731

5475.3250,2.6731

5476.3250,2.6736

5477.3260,2.6727

5478.3250,2.6735

5479.3260,2.6736

5480.3250,2.6735

5481.3250,2.6740

5482.3250,2.6732

5483.3250,2.6741

5484.3250,2.6750

5485.3250,2.6730

5486.3250,2.6738

5487.3250,2.6729

5488.3250,2.6741

5489.3250,2.6745

5490.3250,2.6747

5491.3250,2.6751

5492.3250,2.6737

5493.3260,2.6744

5494.3250,2.6751

5495.3250,2.6743

5496.3260,2.6733

5497.3260,2.6714

5498.3260,2.6713

5499.3250,2.6724

5500.3260,2.6720

5501.3250,2.6729

5502.3250,2.6723

5503.3250,2.6722

5504.3250,2.6729

5505.3250,2.6739

5506.3250,2.6743

5507.3250,2.6719

5508.3250,2.6725

5509.3250,2.6737

5510.3270,2.6743

5511.3250,2.6746

5512.3250,2.6741

5513.3260,2.6743

5514.3250,2.6746

5515.3250,2.6746

5516.3260,2.6749

5517.3250,2.6748

5518.3250,2.6746

5519.3250,2.6747

5520.3250,2.6735

5521.3250,2.6751

5522.3250,2.6744

5523.3250,2.6754

5524.3250,2.6741

5525.3250,2.6740

5526.3250,2.6752

5527.3250,2.6743

5528.3250,2.6753

5529.3250,2.6737

5530.3260,2.6759

5531.3250,2.6754

5532.3250,2.6755

5533.3250,2.6756

5534.3250,2.6764

5535.3250,2.6754

5536.3250,2.6754

5537.3250,2.6755

5538.3260,2.6764

5539.3260,2.6753

5540.3260,2.6752

5541.3250,2.6748

5542.3270,2.6757

5543.3250,2.6756

5544.3250,2.6760

5545.3250,2.6764

5546.3250,2.6755

5547.3250,2.6762

5548.3260,2.6758

5549.3250,2.6758

5550.3250,2.6753

5551.3250,2.6755

5552.3260,2.6768

5553.3250,2.6767

5554.3250,2.6753

5555.3250,2.6762

5556.3250,2.6768

5557.3260,2.6758

5558.3250,2.6755

5559.3260,2.6747

5560.3260,2.6760

5561.3250,2.6774

5562.3250,2.6761

5563.3250,2.6760

5564.3250,2.6772

5565.3260,2.6692

5566.3250,2.6434

5567.3260,2.6578

5568.3260,2.6559

5569.3250,2.6545

5570.3260,2.6581

5571.3250,2.6582

5572.3250,2.6657

5573.3250,2.6578

5574.3250,2.6557

5575.3250,2.6567

5576.3260,2.6567

5577.3250,2.6578

5578.3260,2.6597

5579.3250,2.6636

5580.3260,2.6656

5581.3250,2.6627

5582.3260,2.6589

5583.3250,2.6618

5584.3250,2.6649

5585.3260,2.6648

5586.3260,2.6620

5587.3250,2.6663

5588.3250,2.6634

5589.3260,2.6605

5590.3250,2.6545

5591.3250,2.6403

5592.3270,2.6459

5593.3250,2.6466

5594.3250,2.6471

5595.3250,2.6498

5596.3250,2.6489

5597.3250,2.6517

5598.3260,2.6549

5599.3250,2.6552

5600.3250,2.6558

5601.3260,2.6564

5602.3250,2.6574

5603.3260,2.6585

5604.3250,2.6584

5605.3250,2.6586

5606.3250,2.6604

5607.3250,2.6593

5608.3250,2.6607

5609.3260,2.6607

5610.3250,2.6617

5611.3250,2.6619

5612.3250,2.6618

5613.3250,2.6628

5614.3250,2.6624

5615.3250,2.6628

5616.3250,2.6630

5617.3250,2.6640

5618.3260,2.6647

5619.3250,2.6653

5620.3250,2.6647

5621.3270,2.6612

5622.3250,2.6659

5623.3250,2.6636

5624.3250,2.6693

5625.3250,2.6678

5626.3250,2.6675

5627.3250,2.6687

5628.3260,2.6696

5629.3260,2.6702

5630.3250,2.6703

5631.3250,2.6708

5632.3250,2.6706

5633.3250,2.6704

5634.3250,2.6683

5635.3260,2.6713

5636.3250,2.6710

5637.3250,2.6706

5638.3250,2.6718

5639.3250,2.6718

5640.3250,2.6730

5641.3250,2.6724

5642.3260,2.6719

5643.3250,2.6724

5644.3260,2.6711

5645.3260,2.6714

5646.3250,2.6704

5647.3250,2.6692

5648.3250,2.6701

5649.3250,2.6725

5650.3260,2.6714

5651.3250,2.6725

5652.3260,2.6725

5653.3250,2.6721

5654.3250,2.6724

5655.3260,2.6712

5656.3250,2.6686

5657.3250,2.6701

5658.3250,2.6725

5659.3250,2.6705

5660.3250,2.6690

5661.3260,2.6665

5662.3250,2.6665

5663.3260,2.6678

5664.3260,2.6689

5665.3260,2.6681

5666.3250,2.6680

5667.3260,2.6678

5668.3260,2.6681

5669.3260,2.6676

5670.3260,2.6687

5671.3250,2.6686

5672.3250,2.6666

5673.3250,2.6701

5674.3250,2.6706

5675.3250,2.6653

5676.3260,2.6593

5677.3250,2.6598

5678.3260,2.6626

5679.3260,2.6641

5680.3250,2.6646

5681.3250,2.6662

5682.3260,2.6678

5683.3260,2.6680

5684.3260,2.6681

5685.3250,2.6698

5686.3250,2.6721

5687.3250,2.6723

5688.3250,2.6715

5689.3250,2.6707

5690.3250,2.6710

5691.3250,2.6647

5692.3250,2.6645

5693.3250,2.6680

5694.3260,2.6689

5695.3250,2.6709

5696.3250,2.6718

5697.3250,2.6730

5698.3250,2.6726

5699.3250,2.6741

5700.3260,2.6737

5701.3250,2.6720

5702.3250,2.6719

5703.3250,2.6739

5704.3250,2.6741

5705.3260,2.6742

5706.3250,2.6699

5707.3260,2.6708

5708.3250,2.6709

5709.3250,2.6707

5710.3260,2.6703

5711.3250,2.6698

5712.3250,2.6663

5713.3250,2.6644

5714.3250,2.6660

5715.3260,2.6648

5716.3250,2.6641

5717.3250,2.6668

5718.3260,2.6673

5719.3250,2.6686

5720.3250,2.6669

5721.3250,2.6652

5722.3250,2.6676

5723.3250,2.6685

5724.3250,2.6663

5725.3250,2.6644

5726.3250,2.6652

5727.3250,2.6650

5728.3250,2.6644

5729.3260,2.6658

5730.3250,2.6662

5731.3250,2.6665

5732.3250,2.6673

5733.3250,2.6678

5734.3250,2.6690

5735.3250,2.6692

5736.3250,2.6701

5737.3250,2.6708

5738.3250,2.6687

5739.3250,2.6687

5740.3250,2.6658

5741.3250,2.6666

5742.3250,2.6673

5743.3250,2.6687

5744.3250,2.6690

5745.3260,2.6674

5746.3260,2.6675

5747.3250,2.6682

5748.3250,2.6687

5749.3250,2.6705

5750.3250,2.6656

5751.3260,2.6642

5752.3250,2.6641

5753.3250,2.6645

5754.3250,2.6654

5755.3250,2.6665

5756.3260,2.6676

5757.3250,2.6692

5758.3250,2.6715

5759.3250,2.6692

5760.3250,2.6706

5761.3250,2.6701

5762.3260,2.6706

5763.3250,2.6676

5764.3260,2.6688

5765.3260,2.6680

5766.3250,2.6692

5767.3250,2.6703

5768.3250,2.6702

5769.3250,2.6694

5770.3250,2.6701

5771.3250,2.6695

5772.3250,2.6687

5773.3260,2.6696

5774.3250,2.6683

5775.3260,2.6680

5776.3250,2.6693

5777.3250,2.6705

5778.3250,2.6706

5779.3250,2.6724

5780.3250,2.6717

5781.3260,2.6699

5782.3250,2.6710

5783.3250,2.6704

5784.3260,2.6704

5785.3250,2.6711

5786.3250,2.6711

5787.3250,2.6712

5788.3260,2.6719

5789.3250,2.6713

5790.3250,2.6709

5791.3250,2.6721

5792.3260,2.6722

5793.3250,2.6730

5794.3260,2.6728

5795.3250,2.6723

5796.3250,2.6740

5797.3250,2.6729

5798.3260,2.6747

5799.3250,2.6750

5800.3250,2.6741

5801.3260,2.6727

5802.3250,2.6713

5803.3270,2.6741

5804.3260,2.6753

5805.3250,2.6755

5806.3260,2.6757

5807.3250,2.6761

5808.3250,2.6777

5809.3250,2.6768

5810.3250,2.6783

5811.3250,2.6783

5812.3250,2.6771

5813.3250,2.6783

5814.3250,2.6777

5815.3250,2.6776

5816.3250,2.6769

5817.3260,2.6777

5818.3250,2.6786

5819.3250,2.6779

5820.3250,2.6773

5821.3250,2.6787

5822.3250,2.6782

5823.3250,2.6779

5824.3250,2.6778

5825.3250,2.6787

5826.3250,2.6790

5827.3250,2.6776

5828.3250,2.6771

5829.3250,2.6769

5830.3260,2.6779

5831.3250,2.6778

5832.3250,2.6776

5833.3250,2.6769

5834.3250,2.6772

5835.3250,2.6771

5836.3250,2.6776

5837.3250,2.6788

5838.3250,2.6778

5839.3260,2.6774

5840.3260,2.6773

5841.3250,2.6780

5842.3250,2.6772

5843.3250,2.6782

5844.3260,2.6787

5845.3250,2.6793

5846.3250,2.6799

5847.3250,2.6801

5848.3250,2.6798

5849.3250,2.6735

5850.3250,2.6770

5851.3250,2.6777

5852.3250,2.6779

5853.3260,2.6798

5854.3250,2.6806

5855.3250,2.6806

5856.3250,2.6807

5857.3250,2.6809

5858.3250,2.6811

5859.3250,2.6792

5860.3250,2.6783

5861.3250,2.6764

5862.3250,2.6794

5863.3250,2.6798

5864.3250,2.6789

5865.3260,2.6796

5866.3250,2.6792

5867.3250,2.6794

5868.3250,2.6792

5869.3250,2.6797

5870.3250,2.6813

5871.3250,2.6796

5872.3250,2.6787

5873.3250,2.6799

5874.3250,2.6797

5875.3260,2.6779

5876.3250,2.6788

5877.3250,2.6779

5878.3250,2.6795

5879.3250,2.6803

5880.3260,2.6801

5881.3250,2.6814

5882.3250,2.6816

5883.3250,2.6817

5884.3250,2.6819

5885.3250,2.6810

5886.3250,2.6812

5887.3250,2.6814

5888.3250,2.6817

5889.3250,2.6805

5890.3250,2.6787

5891.3250,2.6791

5892.3260,2.6795

5893.3250,2.6802

5894.3250,2.6793

5895.3260,2.6805

5896.3250,2.6816

5897.3260,2.6813

5898.3260,2.6817

5899.3250,2.6821

5900.3250,2.6811

5901.3250,2.6804

5902.3260,2.6788

5903.3250,2.6805

5904.3250,2.6801

5905.3250,2.6804

5906.3260,2.6784

5907.3250,2.6759

5908.3250,2.6761

5909.3260,2.6747

5910.3250,2.6742

5911.3250,2.6740

5912.3250,2.6754

5913.3260,2.6757

5914.3250,2.6743

5915.3260,2.6739

5916.3250,2.6753

5917.3260,2.6766

5918.3260,2.6765

5919.3260,2.6760

5920.3250,2.6769

5921.3260,2.6773

5922.3250,2.6777

5923.3250,2.6771

5924.3250,2.6768

5925.3250,2.6775

5926.3250,2.6767

5927.3260,2.6757

5928.3260,2.6766

5929.3250,2.6773

5930.3260,2.6769

5931.3250,2.6772

5932.3250,2.6759

5933.3250,2.6769

5934.3250,2.6771

5935.3250,2.6779

5936.3250,2.6784

5937.3250,2.6761

5938.3250,2.6751

5939.3250,2.6754

5940.3250,2.6770

5941.3250,2.6781

5942.3250,2.6763

5943.3250,2.6743

5944.3250,2.6747

5945.3250,2.6753

5946.3250,2.6773

5947.3250,2.6777

5948.3250,2.6773

5949.3250,2.6770

5950.3250,2.6760

5951.3250,2.6767

5952.3250,2.6779

5953.3250,2.6788

5954.3250,2.6780

5955.3260,2.6778

5956.3260,2.6762

5957.3260,2.6759

5958.3250,2.6767

5959.3250,2.6776

5960.3250,2.6780

5961.3250,2.6788

5962.3250,2.6787

5963.3250,2.6770

5964.3260,2.6766

5965.3260,2.6761

5966.3250,2.6771

5967.3250,2.6780

5968.3260,2.6764

5969.3250,2.6754

5970.3250,2.6760

5971.3260,2.6774

5972.3260,2.6766

5973.3250,2.6777

5974.3250,2.6767

5975.3250,2.6761

5976.3250,2.6743

5977.3250,2.6733

5978.3250,2.6736

5979.3250,2.6740

5980.3250,2.6739

5981.3260,2.6722

5982.3260,2.6746

5983.3250,2.6767

5984.3250,2.6765

5985.3250,2.6768

5986.3250,2.6766

5987.3250,2.6769

5988.3250,2.6754

5989.3250,2.6712

5990.3250,2.6720

5991.3250,2.6746

5992.3250,2.6752

5993.3260,2.6759

5994.3250,2.6769

5995.3250,2.6743

5996.3250,2.6769

5997.3260,2.6763

5998.3250,2.6785

5999.3250,2.6803

6000.3260,2.6810

6001.3250,2.6803

6002.3250,2.6773

6003.3250,2.6775

6004.3260,2.6751

6005.3250,2.6761

6006.3250,2.6762

6007.3250,2.6782

6008.3250,2.6723

6009.3250,2.6691

6010.3250,2.6644

6011.3260,2.6644

6012.3250,2.6659

6013.3250,2.6653

6014.3260,2.6674

6015.3250,2.6678

6016.3260,2.6683

6017.3260,2.6707

6018.3250,2.6712

6019.3260,2.6716

6020.3250,2.6713

6021.3250,2.6721

6022.3250,2.6705

6023.3250,2.6721

6024.3250,2.6741

6025.3250,2.6763

6026.3250,2.6776

6027.3250,2.6793

6028.3250,2.6797

6029.3250,2.6801

6030.3250,2.6786

6031.3250,2.6782

6032.3250,2.6797

6033.3260,2.6793

6034.3250,2.6801

6035.3260,2.6806

6036.3250,2.6816

6037.3250,2.6819

6038.3250,2.6805

6039.3250,2.6790

6040.3250,2.6792

6041.3250,2.6776

6042.3250,2.6789

6043.3250,2.6817

6044.3250,2.6793

6045.3250,2.6707

6046.3260,2.6694

6047.3250,2.6733

6048.3250,2.6735

6049.3250,2.6737

6050.3260,2.6727

6051.3250,2.6738

6052.3250,2.6730

6053.3250,2.6739

6054.3250,2.6735

6055.3250,2.6745

6056.3250,2.6752

6057.3260,2.6749

6058.3250,2.6707

6059.3260,2.6720

6060.3250,2.6731

6061.3250,2.6753

6062.3250,2.6758

6063.3250,2.6756

6064.3250,2.6757

6065.3260,2.6748

6066.3250,2.6721

6067.3250,2.6732

6068.3250,2.6735

6069.3260,2.6749

6070.3260,2.6761

6071.3260,2.6771

6072.3250,2.6754

6073.3250,2.6720

6074.3260,2.6722

6075.3250,2.6747

6076.3250,2.6760

6077.3250,2.6766

6078.3250,2.6776

6079.3260,2.6781

6080.3250,2.6755

6081.3250,2.6765

6082.3250,2.6744

6083.3260,2.6734

6084.3250,2.6734

6085.3250,2.6732

6086.3250,2.6724

6087.3250,2.6725

6088.3260,2.6730

6089.3250,2.6731

6090.3250,2.6717

6091.3250,2.6712

6092.3250,2.6707

6093.3250,2.6696

6094.3250,2.6717

6095.3250,2.6740

6096.3250,2.6753

6097.3250,2.6752

6098.3250,2.6742

6099.3250,2.6741

6100.3250,2.6742

6101.3250,2.6738

6102.3260,2.6748

6103.3250,2.6756

6104.3260,2.6744

6105.3250,2.6747

6106.3250,2.6748

6107.3250,2.6747

6108.3250,2.6749

6109.3250,2.6749

6110.3250,2.6745

6111.3250,2.6748

6112.3250,2.6743

6113.3260,2.6741

6114.3250,2.6742

6115.3260,2.6754

6116.3250,2.6754

6117.3250,2.6729

6118.3250,2.6720

6119.3260,2.6727

6120.3250,2.6741

6121.3250,2.6734

6122.3250,2.6710

6123.3250,2.6685

6124.3250,2.6691

6125.3250,2.6688

6126.3260,2.6679

6127.3250,2.6673

6128.3250,2.6683

6129.3250,2.6690

6130.3260,2.6700

6131.3250,2.6692

6132.3250,2.6706

6133.3250,2.6730

6134.3250,2.6751

6135.3260,2.6765

6136.3250,2.6744

6137.3260,2.6771

6138.3250,2.6783

6139.3250,2.6777

6140.3250,2.6776

6141.3250,2.6739

6142.3250,2.6747

6143.3250,2.6755

6144.3250,2.6773

6145.3260,2.6769

6146.3250,2.6770

6147.3260,2.6788

6148.3250,2.6790

6149.3250,2.6793

6150.3250,2.6793

6151.3260,2.6814

6152.3250,2.6806

6153.3250,2.6811

6154.3250,2.6785

6155.3250,2.6822

6156.3250,2.6816

6157.3260,2.6797

6158.3250,2.6808

6159.3260,2.6800

6160.3260,2.6823

6161.3250,2.6813

6162.3250,2.6796

6163.3250,2.6808

6164.3250,2.6824

6165.3250,2.6841

6166.3250,2.6840

6167.3250,2.6834

6168.3250,2.6832

6169.3250,2.6834

6170.3250,2.6830

6171.3260,2.6827

6172.3260,2.6804

6173.3260,2.6759

6174.3250,2.6703

6175.3260,2.6713

6176.3250,2.6743

6177.3250,2.6755

6178.3250,2.6763

6179.3250,2.6774

6180.3250,2.6788

6181.3260,2.6748

6182.3250,2.6748

6183.3250,2.6772

6184.3250,2.6757

6185.3260,2.6752

6186.3250,2.6777

6187.3250,2.6791

6188.3250,2.6789

6189.3260,2.6794

6190.3250,2.6810

6191.3250,2.6814

6192.3250,2.6835

6193.3260,2.6848

6194.3250,2.6836

6195.3250,2.6835

6196.3250,2.6842

6197.3250,2.6846

6198.3250,2.6846

6199.3250,2.6838

6200.3250,2.6819

6201.3260,2.6795

6202.3260,2.6805

6203.3250,2.6819

6204.3250,2.6819

6205.3250,2.6769

6206.3250,2.6739

6207.3250,2.6723

6208.3260,2.6722

6209.3270,2.6721

6210.3250,2.6715

6211.3250,2.6724

6212.3250,2.6724

6213.3250,2.6706

6214.3250,2.6709

6215.3250,2.6709

6216.3260,2.6706

6217.3250,2.6693

6218.3250,2.6698

6219.3250,2.6720

6220.3250,2.6722

6221.3260,2.6721

6222.3250,2.6757

6223.3250,2.6756

6224.3250,2.6770

6225.3250,2.6754

6226.3260,2.6763

6227.3250,2.6776

6228.3250,2.6769

6229.3250,2.6780

6230.3250,2.6789

6231.3250,2.6795

6232.3270,2.6802

6233.3250,2.6801

6234.3250,2.6799

6235.3250,2.6801

6236.3250,2.6796

6237.3250,2.6797

6238.3250,2.6787

6239.3250,2.6736

6240.3250,2.6715

6241.3250,2.6744

6242.3250,2.6779

6243.3250,2.6795

6244.3250,2.6810

6245.3260,2.6810

6246.3270,2.6810

6247.3250,2.6749

6248.3250,2.6710

6249.3250,2.6647

6250.3260,2.6593

6251.3250,2.6564

6252.3250,2.6557

6253.3260,2.6572

6254.3260,2.6569

6255.3250,2.6587

6256.3250,2.6602

6257.3260,2.6593

6258.3260,2.6610

6259.3250,2.6628

6260.3260,2.6612

6261.3250,2.6639

6262.3260,2.6653

6263.3250,2.6642

6264.3250,2.6670

6265.3250,2.6668

6266.3250,2.6648

6267.3250,2.6620

6268.3250,2.6631

6269.3250,2.6649

6270.3250,2.6648

6271.3260,2.6674

6272.3250,2.6669

6273.3250,2.6658

6274.3250,2.6671

6275.3250,2.6682

6276.3260,2.6677

6277.3260,2.6694

6278.3260,2.6711

6279.3250,2.6727

6280.3250,2.6742

6281.3250,2.6740

6282.3250,2.6736

6283.3250,2.6735

6284.3250,2.6761

6285.3250,2.6778

6286.3260,2.6768

6287.3250,2.6746

6288.3250,2.6740

6289.3250,2.6780

6290.3250,2.6811

6291.3250,2.6822

6292.3250,2.6811

6293.3250,2.6807

6294.3260,2.6775

6295.3260,2.6782

6296.3250,2.6771

6297.3250,2.6810

6298.3250,2.6839

6299.3250,2.6843

6300.3250,2.6853

6301.3250,2.6858

6302.3260,2.6851

6303.3260,2.6836

6304.3250,2.6831

6305.3260,2.6874

6306.3250,2.6862

6307.3250,2.6875

6308.3250,2.6870

6309.3250,2.6870

6310.3250,2.6877

6311.3250,2.6879

6312.3250,2.6877

6313.3250,2.6863

6314.3250,2.6879

6315.3250,2.6863

6316.3250,2.6872

6317.3250,2.6864

6318.3250,2.6849

6319.3250,2.6819

6320.3260,2.6860

6321.3250,2.6876

6322.3250,2.6847

6323.3250,2.6831

6324.3250,2.6782

6325.3250,2.6783

6326.3250,2.6791

6327.3250,2.6806

6328.3250,2.6798

6329.3250,2.6805

6330.3250,2.6840

6331.3250,2.6853

6332.3250,2.6870

6333.3260,2.6867

6334.3260,2.6877

6335.3250,2.6859

6336.3250,2.6892

6337.3260,2.6890

6338.3250,2.6874

6339.3250,2.6884

6340.3250,2.6889

6341.3250,2.6884

6342.3250,2.6863

6343.3260,2.6856

6344.3250,2.6891

6345.3250,2.6871

6346.3250,2.6871

6347.3250,2.6864

6348.3260,2.6876

6349.3250,2.6849

6350.3260,2.6829

6351.3250,2.6802

6352.3260,2.6797

6353.3250,2.6797

6354.3250,2.6769

6355.3260,2.6770

6356.3250,2.6767

6357.3250,2.6805

6358.3250,2.6819

6359.3250,2.6829

6360.3260,2.6806

6361.3260,2.6803

6362.3250,2.6829

6363.3250,2.6813

6364.3250,2.6810

6365.3260,2.6790

6366.3250,2.6813

6367.3260,2.6825

6368.3250,2.6829

6369.3250,2.6835

6370.3260,2.6842

6371.3260,2.6857

6372.3250,2.6845

6373.3260,2.6846

6374.3250,2.6833

6375.3260,2.6838

6376.3250,2.6854

6377.3250,2.6831

6378.3260,2.6793

6379.3250,2.6765

6380.3250,2.6770

6381.3250,2.6782

6382.3250,2.6796

6383.3250,2.6772

6384.3260,2.6760

6385.3250,2.6759

6386.3260,2.6765

6387.3250,2.6770

6388.3250,2.6769

6389.3250,2.6738

6390.3250,2.6741

6391.3260,2.6743

6392.3260,2.6759

6393.3260,2.6767

6394.3250,2.6789

6395.3250,2.6793

6396.3260,2.6767

6397.3250,2.6743

6398.3260,2.6680

6399.3250,2.6621

6400.3260,2.6603

6401.3250,2.6600

6402.3250,2.6581

6403.3250,2.6566

6404.3250,2.6562

6405.3260,2.6570

6406.3250,2.6575

6407.3260,2.6573

6408.3250,2.6583

6409.3250,2.6577

6410.3260,2.6596

6411.3250,2.6603

6412.3260,2.6632

6413.3250,2.6600

6414.3260,2.6594

6415.3250,2.6606

6416.3260,2.6605

6417.3250,2.6615

6418.3260,2.6616

6419.3250,2.6627

6420.3250,2.6642

6421.3250,2.6609

6422.3250,2.6614

6423.3250,2.6606

6424.3250,2.6612

6425.3250,2.6614

6426.3250,2.6603

6427.3250,2.6627

6428.3250,2.6600

6429.3250,2.6620

6430.3260,2.6649

6431.3260,NaN

6432.3250,2.6688

6433.3250,2.6704

6434.3250,2.6709

6435.3250,2.6697

6436.3250,2.6686

6437.3250,2.6735

6438.3250,2.6712

6439.3250,2.6662

6440.3250,2.6693

6441.3260,2.6690

6442.3250,2.6703

6443.3250,2.6720

6444.3250,2.6692

6445.3250,2.6706

6446.3260,2.6737

6447.3260,2.6723

6448.3260,2.6765

6449.3250,2.6769

6450.3250,2.6748

6451.3250,2.6755

6452.3250,2.6768

6453.3250,2.6754

6454.3250,2.6763

6455.3250,2.6750

6456.3250,2.6685

6457.3250,2.6697

6458.3250,2.6703

6459.3250,2.6702

6460.3250,2.6711

6461.3250,2.6717

6462.3250,2.6718

6463.3250,2.6721

6464.3250,2.6730

6465.3260,2.6730

6466.3250,2.6732

6467.3250,2.6726

6468.3250,2.6735

6469.3250,2.6740

6470.3250,2.6734

6471.3250,2.6686

6472.3250,2.6690

6473.3250,2.6679

6474.3250,2.6671

6475.3260,2.6687

6476.3250,2.6681

6477.3260,2.6675

6478.3250,2.6683

6479.3260,2.6673

6480.3250,2.6674

6481.3250,2.6677

6482.3250,2.6681

6483.3250,2.6670

6484.3250,2.6678

6485.3250,2.6661

6486.3250,2.6662

6487.3250,2.6665

6488.3250,2.6663

6489.3250,2.6666

6490.3250,2.6659

6491.3260,2.6640

6492.3250,2.6668

6493.3250,2.6655

6494.3250,2.6628

6495.3250,2.6636

6496.3250,2.6665

6497.3250,2.6646

6498.3260,2.6662

6499.3250,2.6666

6500.3250,2.6677

6501.3260,2.6686

6502.3250,2.6701

6503.3250,2.6683

6504.3250,2.6667

6505.3250,2.6668

6506.3250,2.6661

6507.3250,2.6669

6508.3250,2.6682

6509.3250,2.6683

6510.3250,2.6691

6511.3250,2.6698

6512.3250,2.6717

6513.3250,2.6706

6514.3250,2.6708

6515.3250,2.6709

6516.3250,2.6711

6517.3250,2.6714

6518.3250,2.6725

6519.3250,2.6728

6520.3260,2.6735

6521.3250,2.6738

6522.3250,2.6764

6523.3250,2.6764

6524.3250,2.6756

6525.3250,2.6748

6526.3250,2.6737

6527.3250,2.6704

6528.3250,2.6702

6529.3260,2.6692

6530.3250,2.6683

6531.3250,2.6683

6532.3250,2.6705

6533.3250,2.6695

6534.3250,2.6762

6535.3250,2.6768

6536.3250,2.6744

6537.3250,2.6743

6538.3260,2.6787

6539.3250,2.6791

6540.3250,2.6799

6541.3260,2.6798

6542.3260,2.6770

6543.3260,2.6774

6544.3250,2.6777

6545.3260,2.6783

6546.3250,2.6743

6547.3250,2.6737

6548.3260,2.6769

6549.3260,2.6784

6550.3260,2.6788

6551.3250,2.6792

6552.3250,2.6799

6553.3260,2.6788

6554.3250,2.6789

6555.3260,2.6801

6556.3260,2.6789

6557.3250,2.6764

6558.3250,2.6795

6559.3260,2.6786

6560.3250,2.6796

6561.3250,2.6805

6562.3250,2.6807

6563.3250,2.6790

6564.3250,2.6795

6565.3260,2.6771

6566.3260,2.6766

6567.3250,2.6762

6568.3270,2.6771

6569.3250,2.6745

6570.3250,2.6778

6571.3260,2.6777

6572.3250,2.6776

6573.3250,2.6786

6574.3260,2.6771

6575.3250,2.6769

6576.3260,2.6758

6577.3250,2.6776

6578.3260,2.6772

6579.3250,2.6770

6580.3260,2.6736

6581.3250,2.6719

6582.3250,2.6752

6583.3250,2.6752

6584.3250,2.6757

6585.3250,2.6772

6586.3250,2.6774

6587.3260,2.6753

6588.3250,2.6785

6589.3260,2.6793

6590.3260,2.6794

6591.3260,2.6805

6592.3250,2.6810

6593.3250,2.6803

6594.3250,2.6801

6595.3250,2.6804

6596.3250,2.6811

6597.3250,2.6815

6598.3250,2.6802

6599.3250,2.6798

6600.3250,2.6799

6601.3250,2.6793

6602.3250,2.6737

6603.3250,2.6781

6604.3260,2.6785

6605.3260,2.6813

6606.3250,2.6809

6607.3250,2.6799

6608.3260,2.6792

6609.3250,2.6786

6610.3260,2.6776

6611.3250,2.6774

6612.3250,2.6751

6613.3260,2.6751

6614.3260,2.6714

6615.3250,2.6740

6616.3250,2.6670

6617.3250,2.6603

6618.3250,2.6498

6619.3250,2.6450

6620.3250,2.6441

6621.3260,2.6450

6622.3250,2.6452

6623.3250,2.6461

6624.3250,2.6479

6625.3250,2.6491

6626.3260,2.6490

6627.3250,2.6490

6628.3250,2.6496

6629.3250,2.6523

6630.3260,2.6525

6631.3250,2.6530

6632.3260,2.6527

6633.3260,2.6521

6634.3250,2.6517

6635.3250,2.6525

6636.3250,2.6533

6637.3250,2.6534

6638.3250,2.6524

6639.3260,2.6515

6640.3250,2.6509

6641.3250,2.6502

6642.3250,2.6496

6643.3250,2.6511

6644.3250,2.6513

6645.3250,2.6516

6646.3250,2.6515

6647.3250,2.6511

6648.3250,2.6515

6649.3250,2.6519

6650.3260,2.6515

6651.3250,2.6518

6652.3260,2.6503

6653.3250,2.6500

6654.3260,2.6509

6655.3250,2.6518

6656.3250,2.6520

6657.3270,2.6506

6658.3260,2.6504

6659.3260,2.6510

6660.3260,2.6512

6661.3250,2.6499

6662.3260,2.6500

6663.3250,2.6491

6664.3250,2.6498

6665.3250,2.6495

6666.3260,2.6482

6667.3250,2.6468

6668.3260,2.6459

6669.3250,2.6454

6670.3250,2.6457

6671.3250,2.6474

6672.3250,2.6482

6673.3260,2.6483

6674.3260,2.6478

6675.3250,2.6476

6676.3250,2.6479

6677.3250,2.6481

6678.3250,2.6483

6679.3260,2.6486

6680.3250,2.6480

6681.3250,2.6491

6682.3250,2.6483

6683.3250,2.6476

6684.3250,2.6482

6685.3250,2.6487

6686.3250,2.6485

6687.3250,2.6475

6688.3250,2.6486

6689.3250,2.6493

6690.3250,2.6489

6691.3250,2.6491

6692.3250,2.6489

6693.3250,2.6480

6694.3250,2.6478

6695.3250,2.6462

6696.3250,2.6448

6697.3250,2.6458

6698.3250,2.6452

6699.3250,2.6453

6700.3250,2.6447

6701.3250,2.6416

6702.3250,2.6393

6703.3250,2.6403

6704.3250,2.6400

6705.3250,2.6410

6706.3250,2.6408

6707.3250,2.6415

6708.3250,2.6398

6709.3250,2.6403

6710.3250,2.6412

6711.3260,2.6407

6712.3250,2.6402

6713.3250,2.6406

6714.3250,2.6418

6715.3250,2.6417

6716.3270,2.6422

6717.3250,2.6424

6718.3250,2.6426

6719.3260,2.6416

6720.3250,2.6420

6721.3250,2.6420

6722.3250,2.6422

6723.3250,2.6414

6724.3260,2.6415

6725.3250,2.6413

6726.3250,2.6418

6727.3250,2.6414

6728.3260,2.6410

6729.3250,2.6415

6730.3250,2.6422

6731.3250,2.6419

6732.3250,2.6418

6733.3250,2.6432

6734.3260,2.6428

6735.3250,2.6433

6736.3250,2.6446

6737.3250,2.6443

6738.3250,2.6457

6739.3260,2.6466

6740.3250,2.6470

6741.3250,2.6468

6742.3250,2.6469

6743.3250,2.6469

6744.3250,2.6470

6745.3250,2.6469

6746.3250,2.6470

6747.3250,2.6469

6748.3250,2.6466

6749.3250,2.6463

6750.3250,2.6456

6751.3250,2.6460

6752.3250,2.6470

6753.3250,2.6472

6754.3260,2.6462

6755.3250,2.6463

6756.3250,2.6455

6757.3250,2.6460

6758.3250,2.6471

6759.3250,2.6468

6760.3250,2.6466

6761.3250,2.6457

6762.3250,2.6463

6763.3250,2.6453

6764.3250,2.6461

6765.3250,2.6459

6766.3250,2.6461

6767.3250,2.6467

6768.3260,2.6472

6769.3260,2.6463

6770.3250,2.6455

6771.3250,2.6465

6772.3250,2.6480

6773.3250,2.6478

6774.3250,2.6477

6775.3250,2.6476

6776.3250,2.6469

6777.3260,2.6460

6778.3250,2.6457

6779.3250,2.6452

6780.3250,2.6450

6781.3250,2.6453

6782.3250,2.6457

6783.3250,2.6466

6784.3250,2.6469

6785.3250,2.6468

6786.3250,2.6459

6787.3250,2.6452

6788.3250,2.6459

6789.3250,2.6461

6790.3260,2.6449

6791.3250,2.6445

6792.3260,2.6449

6793.3250,2.6446

6794.3260,2.6450

6795.3260,2.6444

6796.3250,2.6446

6797.3260,2.6459

6798.3250,2.6459

6799.3250,2.6458

6800.3260,2.6450

6801.3260,2.6441

6802.3250,2.6438

6803.3260,2.6447

6804.3250,2.6440

6805.3250,2.6450

6806.3260,2.6471

6807.3250,2.6472

6808.3250,2.6465

6809.3250,2.6468

6810.3250,2.6467

6811.3250,2.6471

6812.3250,2.6462

6813.3250,2.6467

6814.3250,2.6475

6815.3250,2.6473

6816.3260,2.6470

6817.3260,2.6459

6818.3250,2.6462

6819.3250,2.6465

6820.3250,2.6465

6821.3260,2.6471

6822.3250,2.6467

6823.3250,2.6463

6824.3250,2.6465

6825.3260,2.6469

6826.3260,2.6463

6827.3250,2.6468

6828.3260,2.6473

6829.3250,2.6473

6830.3260,2.6480

6831.3250,2.6463

6832.3250,2.6463

6833.3260,2.6460

6834.3250,2.6456

6835.3250,2.6466

6836.3250,2.6463

6837.3250,2.6474

6838.3250,2.6472

6839.3250,2.6476

6840.3250,2.6472

6841.3250,2.6474

6842.3260,2.6473

6843.3250,2.6475

6844.3250,2.6480

6845.3260,2.6474

6846.3250,2.6471

6847.3250,2.6479

6848.3250,2.6478

6849.3250,2.6460

6850.3260,2.6461

6851.3250,2.6472

6852.3250,2.6466

6853.3250,2.6473

6854.3250,2.6477

6855.3250,2.6481

6856.3250,2.6487

6857.3250,2.6485

6858.3260,2.6488

6859.3250,2.6485

6860.3250,2.6492

6861.3260,2.6486

6862.3250,2.6465

6863.3260,2.6460

6864.3250,2.6471

6865.3260,2.6472

6866.3250,2.6470

6867.3250,2.6473

6868.3250,2.6483

6869.3250,2.6475

6870.3250,2.6482

6871.3250,2.6491

6872.3260,2.6483

6873.3250,2.6483

6874.3250,2.6477

6875.3250,2.6474

6876.3250,2.6474

6877.3250,2.6478

6878.3260,2.6480

6879.3250,2.6481

6880.3250,2.6487

6881.3250,2.6485

6882.3250,2.6481

6883.3250,2.6479

6884.3250,2.6482

6885.3250,2.6484

6886.3250,2.6483

6887.3250,2.6494

6888.3250,2.6489

6889.3260,2.6488

6890.3250,2.6487

6891.3270,2.6482

6892.3250,2.6488

6893.3250,2.6488

6894.3250,2.6478

6895.3250,2.6480

6896.3260,2.6475

6897.3250,2.6470

6898.3250,2.6477

6899.3250,2.6478

6900.3260,2.6476

6901.3260,2.6476

6902.3250,2.6473

6903.3250,2.6469

6904.3260,2.6472

6905.3250,2.6475

6906.3250,2.6471

6907.3260,2.6477

6908.3250,2.6473

6909.3250,2.6469

6910.3250,2.6465

6911.3250,2.6463

6912.3250,2.6456

6913.3250,2.6467

6914.3260,2.6472

6915.3250,2.6480

6916.3250,2.6484

6917.3250,2.6475

6918.3250,2.6468

6919.3250,2.6467

6920.3250,2.6472

6921.3260,2.6473

6922.3250,2.6468

6923.3250,2.6471

6924.3250,2.6459

6925.3250,2.6472

6926.3250,2.6473

6927.3260,2.6473

6928.3250,2.6465

6929.3250,2.6473

6930.3250,2.6463

6931.3250,2.6460

6932.3250,2.6451

6933.3250,2.6450

6934.3250,2.6448

6935.3260,2.6445

6936.3260,2.6439

6937.3250,2.6437

6938.3260,2.6430

6939.3260,2.6430

6940.3250,2.6433

6941.3250,2.6427

6942.3250,2.6427

6943.3260,2.6424

6944.3250,2.6423

6945.3250,2.6425

6946.3250,2.6418

6947.3260,2.6413

6948.3250,2.6406

6949.3250,2.6403

6950.3250,2.6415

6951.3260,2.6421

6952.3250,2.6418

6953.3270,2.6424

6954.3250,2.6433

6955.3250,2.6427

6956.3260,2.6426

6957.3260,2.6411

6958.3250,2.6421

6959.3260,2.6425

6960.3250,2.6417

6961.3260,2.6422

6962.3250,2.6419

6963.3250,2.6426

6964.3250,2.6424

6965.3260,2.6419

6966.3260,2.6430

6967.3250,2.6420

6968.3250,2.6423

6969.3250,2.6419

6970.3250,2.6417

6971.3250,2.6411

6972.3250,2.6416

6973.3260,2.6417

6974.3260,2.6414

6975.3250,2.6412

6976.3250,2.6421

6977.3250,2.6416

6978.3250,2.6411

6979.3250,2.6407

6980.3250,2.6406

6981.3250,2.6407

6982.3250,2.6407

6983.3250,2.6400

6984.3250,2.6393

6985.3250,2.6390

6986.3250,2.6387

6987.3250,2.6385

6988.3260,2.6396

6989.3250,2.6404

6990.3250,2.6401

6991.3260,2.6391

6992.3250,2.6413

6993.3250,2.6399

6994.3250,2.6409

6995.3250,2.6406

6996.3250,2.6400

6997.3260,2.6404

6998.3250,2.6400

6999.3250,2.6399

7000.3250,2.6393

7001.3260,2.6399

7002.3250,2.6398

7003.3250,2.6393

7004.3250,2.6393

7005.3250,2.6397

7006.3250,2.6395

7007.3250,2.6386

7008.3270,2.6387

7009.3250,2.6387

7010.3260,2.6377

7011.3250,2.6386

7012.3250,2.6375

7013.3260,2.6375

7014.3260,2.6372

7015.3250,2.6377

7016.3250,2.6374

7017.3250,2.6366

7018.3250,2.6367

7019.3260,2.6366

7020.3250,2.6296

7021.3260,2.6277

7022.3250,2.6287

7023.3260,2.6302

7024.3250,2.6312

7025.3260,2.6313

7026.3250,2.6317

7027.3260,2.6317

7028.3260,2.6317

7029.3250,2.6323

7030.3250,2.6318

7031.3250,2.6331

7032.3260,2.6334

7033.3260,2.6328

7034.3250,2.6329

7035.3250,2.6331

7036.3260,2.6344

7037.3250,2.6351

7038.3250,2.6355

7039.3250,2.6375

7040.3260,2.6383

7041.3250,2.6378

7042.3250,2.6376

7043.3250,2.6376

7044.3250,2.6380

7045.3260,2.6381

7046.3260,2.6379

7047.3250,2.6374

7048.3260,2.6369

7049.3260,2.6371

7050.3250,2.6373

7051.3250,2.6362

7052.3250,2.6359

7053.3250,2.6351

7054.3250,2.6392

7055.3250,2.6393

7056.3250,2.6356

7057.3250,2.6371

7058.3250,2.6400

7059.3250,2.6400

7060.3250,2.6393

7061.3260,2.6397

7062.3250,2.6409

7063.3260,2.6455

7064.3250,2.6479

7065.3260,2.6486

7066.3250,2.6495

7067.3250,2.6495

7068.3250,2.6464

7069.3250,2.6470

7070.3250,2.6502

7071.3250,2.6537

7072.3250,2.6542

7073.3250,2.6552

7074.3250,2.6557

7075.3250,2.6569

7076.3250,2.6581

7077.3250,2.6595

7078.3260,2.6587

7079.3250,2.6605

7080.3260,2.6611

7081.3260,2.6598

7082.3250,2.6583

7083.3250,2.6573

7084.3260,2.6557

7085.3260,2.6566

7086.3260,2.6587

7087.3250,2.6607

7088.3250,2.6601

7089.3250,2.6611

7090.3250,2.6555

7091.3250,2.6496

7092.3250,2.6469

7093.3250,2.6481

7094.3250,2.6493

7095.3250,2.6517

7096.3260,2.6526

7097.3250,2.6551

7098.3250,2.6562

7099.3260,2.6561

7100.3250,2.6576

7101.3250,2.6582

7102.3250,2.6563

7103.3250,2.6574

7104.3250,2.6578

7105.3250,2.6558

7106.3260,2.6579

7107.3250,2.6589

7108.3250,2.6590

7109.3260,2.6595

7110.3250,2.6593

7111.3250,2.6600

7112.3260,2.6591

7113.3250,2.6602

7114.3250,2.6607

7115.3250,2.6593

7116.3260,2.6595

7117.3250,2.6618

7118.3250,2.6620

7119.3260,2.6612

7120.3250,2.6602

7121.3250,2.6597

7122.3260,2.6588

7123.3250,2.6565

7124.3250,2.6553

7125.3250,2.6562

7126.3250,2.6544

7127.3250,2.6540

7128.3250,2.6557

7129.3250,2.6566

7130.3250,2.6580

7131.3250,2.6584

7132.3260,2.6578

7133.3250,2.6581

7134.3250,2.6587

7135.3250,2.6577

7136.3250,2.6578

7137.3260,2.6579

7138.3250,2.6578

7139.3250,2.6583

7140.3250,2.6581

7141.3250,2.6598

7142.3250,2.6590

7143.3250,2.6586

7144.3260,2.6587

7145.3250,2.6584

7146.3250,2.6583

7147.3250,2.6585

7148.3260,2.6592

7149.3260,2.6593

7150.3250,2.6580

7151.3260,2.6603

7152.3250,2.6606

7153.3250,2.6598

7154.3250,2.6600

7155.3260,2.6611

7156.3250,2.6612

7157.3250,2.6617

7158.3250,2.6617

7159.3250,2.6606

7160.3260,2.6617

7161.3250,2.6620

7162.3260,2.6629

7163.3250,2.6595

7164.3250,2.6569

7165.3250,2.6611

7166.3250,2.6620

7167.3250,2.6623

7168.3260,2.6621

7169.3260,2.6619

7170.3250,2.6624

7171.3250,2.6622

7172.3250,2.6614

7173.3250,2.6613

7174.3250,2.6616

7175.3250,2.6628

7176.3250,2.6621

7177.3260,2.6623

7178.3250,2.6595

7179.3250,2.6594

7180.3260,2.6610

7181.3250,2.6610

7182.3250,2.6591

7183.3260,2.6591

7184.3250,2.6602

7185.3250,2.6615

7186.3250,2.6606

7187.3260,2.6619

7188.3250,2.6620

7189.3250,2.6608

7190.3250,2.6626

7191.3250,2.6625

7192.3250,2.6625

7193.3250,2.6623

7194.3260,2.6630

7195.3250,2.6627

7196.3250,2.6624

7197.3250,2.6633

7198.3250,2.6647

7199.3250,2.6639

7200.3250,2.6633

7201.3250,2.6621

7202.3250,2.6621

7203.3250,2.6631

7204.3250,2.6625

7205.3250,2.6616

7206.3250,2.6624

7207.3250,2.6633

7208.3250,2.6627

7209.3260,2.6632

7210.3250,2.6630

7211.3250,2.6628

7212.3260,2.6637

7213.3250,2.6634

7214.3250,2.6638

7215.3250,2.6627

7216.3250,2.6599

7217.3250,2.6582

7218.3260,2.6579

7219.3250,2.6571

7220.3250,2.6587

7221.3250,2.6581

7222.3250,2.6602

7223.3250,2.6596

7224.3250,2.6607

7225.3250,2.6598

7226.3250,2.6600

7227.3250,2.6604

7228.3250,2.6600

7229.3250,2.6618

7230.3250,2.6605

7231.3260,2.6599

7232.3250,2.6601

7233.3250,2.6612

7234.3250,2.6610

7235.3250,2.6603

7236.3270,2.6588

7237.3250,2.6576

7238.3260,2.6600

7239.3250,2.6595

7240.3250,2.6581

7241.3250,2.6573

7242.3260,2.6572

7243.3250,2.6563

7244.3250,2.6567

7245.3250,2.6590

7246.3250,2.6592

7247.3250,2.6598

7248.3260,2.6602

7249.3260,2.6610

7250.3250,2.6593

7251.3250,2.6607

7252.3250,2.6613

7253.3260,2.6616

7254.3270,2.6611

7255.3250,2.6611

7256.3260,2.6567

7257.3250,2.6572

7258.3250,2.6588

7259.3250,2.6591

7260.3250,2.6587

7261.3250,2.6599

7262.3260,2.6542

7263.3250,2.6534

7264.3250,2.6542

7265.3250,2.6540

7266.3250,2.6543

7267.3250,2.6547

7268.3250,2.6543

7269.3250,2.6550

7270.3260,2.6548

7271.3250,2.6560

7272.3250,2.6571

7273.3250,2.6560

7274.3250,2.6583

7275.3250,2.6597

7276.3250,2.6591

7277.3260,2.6585

7278.3250,2.6598

7279.3250,2.6590

7280.3260,2.6598

7281.3260,2.6589

7282.3250,2.6595

7283.3250,2.6597

7284.3250,2.6600

7285.3250,2.6599

7286.3250,2.6606

7287.3250,2.6613

7288.3250,2.6614

7289.3250,2.6604

7290.3250,2.6585

7291.3250,2.6585

7292.3250,2.6584

7293.3260,2.6594

7294.3250,2.6609

7295.3250,2.6606

7296.3250,2.6605

7297.3250,2.6603

7298.3250,2.6621

7299.3250,2.6622

7300.3250,2.6626

7301.3250,2.6623

7302.3250,2.6620

7303.3260,2.6621

7304.3250,2.6619

7305.3250,2.6616

7306.3250,2.6610

7307.3260,2.6617

7308.3260,2.6607

7309.3250,2.6605

7310.3260,2.6611

7311.3260,2.6598

7312.3250,2.6601

7313.3250,2.6597

7314.3250,2.6587

7315.3250,2.6578

7316.3250,2.6577

7317.3260,2.6566

7318.3260,2.6565

7319.3250,2.6561

7320.3250,2.6568

7321.3260,2.6571

7322.3260,2.6564

7323.3250,2.6554

7324.3260,2.6545

7325.3250,2.6537

7326.3250,2.6543

7327.3250,2.6553

7328.3260,2.6545

7329.3250,2.6544

7330.3250,2.6540

7331.3250,2.6543

7332.3250,2.6541

7333.3250,2.6532

7334.3250,2.6534

7335.3250,2.6527

7336.3250,2.6525

7337.3250,2.6522

7338.3250,2.6514

7339.3250,2.6543

7340.3250,2.6553

7341.3250,2.6567

7342.3250,2.6582

7343.3250,2.6574

7344.3250,2.6574

7345.3250,2.6577

7346.3260,2.6578

7347.3250,2.6586

7348.3250,2.6580

7349.3250,2.6573

7350.3250,2.6581

7351.3250,2.6589

7352.3260,2.6584

7353.3260,2.6584

7354.3250,2.6584

7355.3250,2.6578

7356.3250,2.6581

7357.3250,2.6582

7358.3250,2.6579

7359.3250,2.6586

7360.3250,2.6575

7361.3250,2.6560

7362.3250,2.6566

7363.3250,2.6552

7364.3250,2.6549

7365.3250,2.6557

7366.3250,2.6549

7367.3250,2.6561

7368.3250,2.6563

7369.3260,2.6552

7370.3250,2.6557

7371.3270,2.6534

7372.3250,2.6550

7373.3250,2.6559

7374.3260,2.6566

7375.3250,2.6544

7376.3250,2.6542

7377.3250,2.6557

7378.3250,2.6549

7379.3250,2.6547

7380.3250,2.6558

7381.3250,2.6550

7382.3250,2.6544

7383.3250,2.6548

7384.3250,2.6548

7385.3250,2.6515

7386.3250,2.6513

7387.3250,2.6501

7388.3250,2.6520

7389.3250,2.6527

7390.3250,2.6529

7391.3250,2.6529

7392.3250,2.6521

7393.3260,2.6519

7394.3250,2.6527

7395.3260,2.6522

7396.3250,2.6522

7397.3250,2.6514

7398.3250,2.6525

7399.3260,2.6522

7400.3250,2.6524

7401.3250,2.6536

7402.3250,2.6536

7403.3250,2.6533

7404.3250,2.6536

7405.3260,2.6541

7406.3250,2.6548

7407.3250,2.6544

7408.3250,2.6539

7409.3250,2.6541

7410.3250,2.6548

7411.3250,2.6552

7412.3250,2.6556

7413.3250,2.6549

7414.3250,2.6556

7415.3260,2.6558

7416.3250,2.6552

7417.3260,2.6544

7418.3250,2.6549

7419.3250,2.6544

7420.3250,2.6539

7421.3260,2.6530

7422.3250,2.6506

7423.3250,2.6485

7424.3250,2.6483

7425.3260,2.6527

7426.3250,2.6531

7427.3250,2.6537

7428.3260,2.6530

7429.3260,2.6531

7430.3250,2.6520

7431.3250,2.6505

7432.3260,2.6499

7433.3250,2.6504

7434.3250,2.6497

7435.3250,2.6488

7436.3250,2.6518

7437.3250,2.6532

7438.3250,2.6523

7439.3250,2.6489

7440.3250,2.6455

7441.3250,2.6429

7442.3250,2.6414

7443.3260,2.6415

7444.3260,2.6439

7445.3250,2.6445

7446.3250,2.6446

7447.3260,2.6462

7448.3250,2.6466

7449.3250,2.6475

7450.3250,2.6475

7451.3250,2.6509

7452.3260,2.6522

7453.3250,2.6543

7454.3250,2.6551

7455.3250,2.6555

7456.3250,2.6554

7457.3260,2.6553

7458.3250,2.6549

7459.3250,2.6550

7460.3250,2.6537

7461.3260,2.6524

7462.3250,2.6519

7463.3250,2.6495

7464.3260,2.6481

7465.3250,2.6486

7466.3250,2.6481

7467.3260,2.6477

7468.3250,2.6484

7469.3260,2.6505

7470.3260,2.6516

7471.3250,2.6529

7472.3260,2.6517

7473.3250,2.6529

7474.3250,2.6560

7475.3250,2.6561

7476.3260,2.6550

7477.3250,2.6545

7478.3250,2.6544

7479.3260,2.6550

7480.3250,2.6560

7481.3250,2.6561

7482.3250,2.6565

7483.3250,2.6563

7484.3250,2.6566

7485.3250,2.6578

7486.3250,2.6566

7487.3250,2.6568

7488.3250,2.6581

7489.3260,2.6592

7490.3250,2.6600

7491.3250,2.6595

7492.3250,2.6599

7493.3250,2.6618

7494.3250,2.6623

7495.3250,2.6620

7496.3250,2.6612

7497.3260,2.6597

7498.3260,2.6606

7499.3250,2.6620

7500.3250,2.6622

7501.3270,2.6618

7502.3250,2.6615

7503.3250,2.6623

7504.3260,2.6620

7505.3250,2.6628

7506.3250,2.6624

7507.3250,2.6621

7508.3250,2.6610

7509.3250,2.6596

7510.3250,2.6596

7511.3250,2.6587

7512.3250,2.6594

7513.3250,2.6596

7514.3250,2.6611

7515.3250,2.6613

7516.3250,2.6626

7517.3260,2.6627

7518.3250,2.6626

7519.3260,2.6618

7520.3270,2.6558

7521.3260,2.6544

7522.3250,2.6555

7523.3250,2.6581

7524.3260,2.6622

7525.3250,2.6639

7526.3250,2.6639

7527.3250,2.6616

7528.3250,2.6644

7529.3250,2.6647

7530.3250,2.6646

7531.3250,2.6649

7532.3250,2.6645

7533.3250,2.6633

7534.3250,2.6636

7535.3250,2.6641

7536.3260,2.6649

7537.3260,2.6646

7538.3250,2.6642

7539.3260,2.6637

7540.3250,2.6641

7541.3250,2.6632

7542.3250,2.6640

7543.3260,2.6636

7544.3250,2.6636

7545.3250,2.6640

7546.3250,2.6645

7547.3250,2.6642

7548.3250,2.6638

7549.3250,2.6636

7550.3250,2.6642

7551.3250,2.6637

7552.3260,2.6630

7553.3260,2.6636

7554.3250,2.6627

7555.3260,2.6628

7556.3260,2.6628

7557.3250,2.6620

7558.3250,2.6623

7559.3250,2.6619

7560.3250,2.6617

7561.3250,2.6615

7562.3250,2.6613

7563.3250,2.6605

7564.3270,2.6610

7565.3260,2.6603

7566.3250,2.6591

7567.3260,2.6590

7568.3250,2.6582

7569.3260,2.6558

7570.3250,2.6555

7571.3260,2.6529

7572.3250,2.6528

7573.3250,2.6522

7574.3250,2.6517

7575.3250,2.6499

7576.3250,2.6486

7577.3250,2.6489

7578.3250,2.6492

7579.3250,2.6489

7580.3260,2.6484

7581.3250,2.6489

7582.3250,2.6490

7583.3250,2.6490

7584.3260,2.6502

7585.3260,2.6512

7586.3250,2.6508

7587.3250,2.6500

7588.3250,2.6511

7589.3260,2.6512

7590.3250,2.6505

7591.3260,2.6506

7592.3250,2.6500

7593.3250,2.6498

7594.3250,2.6497

7595.3250,2.6500

7596.3250,2.6494

7597.3250,2.6489

7598.3250,2.6501

7599.3260,2.6504

7600.3250,2.6499

7601.3250,2.6510

7602.3250,2.6484

7603.3250,2.6476

7604.3250,2.6492

7605.3250,2.6507

7606.3250,2.6517

7607.3250,2.6528

7608.3250,2.6546

7609.3250,2.6534

7610.3250,2.6537

7611.3250,2.6547

7612.3250,2.6542

7613.3250,2.6551

7614.3250,2.6558

7615.3250,2.6572

7616.3250,2.6583

7617.3260,2.6585

7618.3250,2.6606

7619.3250,2.6546

7620.3250,2.6559

7621.3250,2.6581

7622.3270,2.6596

7623.3250,2.6620

7624.3250,2.6625

7625.3260,2.6627

7626.3250,2.6632

7627.3260,2.6636

7628.3260,2.6642

7629.3250,2.6641

7630.3250,2.6646

7631.3250,2.6642

7632.3260,2.6643

7633.3250,2.6632

7634.3260,2.6640

7635.3260,2.6646

7636.3250,2.6648

7637.3250,2.6645

7638.3250,2.6631

7639.3250,2.6641

7640.3250,2.6636

7641.3250,2.6624

7642.3250,2.6603

7643.3250,2.6604

7644.3250,2.6604

7645.3250,2.6606

7646.3250,2.6602

7647.3250,2.6608

7648.3250,2.6606

7649.3250,2.6606

7650.3250,2.6602

7651.3260,2.6595

7652.3250,2.6600

7653.3250,2.6600

7654.3250,2.6596

7655.3260,2.6595

7656.3260,2.6590

7657.3260,2.6589

7658.3260,2.6587

7659.3250,2.6581

7660.3260,2.6568

7661.3260,2.6563

7662.3250,2.6560

7663.3250,2.6548

7664.3250,2.6554

7665.3250,2.6559

7666.3250,2.6570

7667.3250,2.6575

7668.3250,2.6568

7669.3250,2.6564

7670.3250,2.6565

7671.3260,2.6558

7672.3260,2.6548

7673.3260,2.6544

7674.3250,2.6542

7675.3250,2.6543

7676.3250,2.6538

7677.3260,2.6539

7678.3250,2.6530

7679.3250,2.6530

7680.3260,2.6521

7681.3250,2.6522

7682.3260,2.6513

7683.3250,2.6503

7684.3250,2.6500

7685.3250,2.6499

7686.3250,2.6491

7687.3250,2.6492

7688.3250,2.6474

7689.3250,2.6476

7690.3250,2.6486

7691.3250,2.6473

7692.3270,2.6472

7693.3250,2.6469

7694.3250,2.6464

7695.3250,2.6459

7696.3250,2.6452

7697.3250,2.6446

7698.3260,2.6451

7699.3250,2.6442

7700.3250,2.6440

7701.3250,2.6435

7702.3250,2.6428

7703.3260,2.6438

7704.3250,2.6429

7705.3250,2.6424

7706.3250,2.6423

7707.3260,2.6431

7708.3250,2.6429

7709.3250,2.6421

7710.3250,2.6426

7711.3250,2.6419

7712.3250,2.6392

7713.3250,2.6398

7714.3250,2.6402

7715.3250,2.6397

7716.3250,2.6403

7717.3250,2.6402

7718.3250,2.6394

7719.3250,2.6391

7720.3250,2.6386

7721.3250,2.6401

7722.3250,2.6395

7723.3250,2.6394

7724.3270,2.6396

7725.3250,2.6381

7726.3250,2.6387

7727.3250,2.6396

7728.3250,2.6394

7729.3250,2.6393

7730.3250,2.6408

7731.3260,2.6432

7732.3250,2.6428

7733.3260,2.6432

7734.3250,2.6448

7735.3250,2.6452

7736.3250,2.6450

7737.3250,2.6455

7738.3250,2.6448

7739.3250,2.6442

7740.3250,2.6443

7741.3250,2.6446

7742.3250,2.6444

7743.3250,2.6448

7744.3250,2.6453

7745.3250,2.6450

7746.3250,2.6454

7747.3250,2.6455

7748.3260,2.6464

7749.3250,2.6458

7750.3250,2.6463

7751.3250,2.6470

7752.3260,2.6470

7753.3250,2.6473

7754.3260,2.6470

7755.3260,2.6465

7756.3250,2.6479

7757.3250,2.6475

7758.3250,2.6475

7759.3250,2.6476

7760.3260,2.6471

7761.3260,2.6467

7762.3250,2.6466

7763.3250,2.6463

7764.3260,2.6467

7765.3250,2.6463

7766.3250,2.6457

7767.3250,2.6453

7768.3250,2.6459

7769.3250,2.6457

7770.3250,2.6459

7771.3250,2.6464

7772.3250,2.6468

7773.3260,2.6467

7774.3250,2.6462

7775.3260,2.6463

7776.3270,2.6470

7777.3250,2.6468

7778.3260,2.6472

7779.3250,2.6472

7780.3270,2.6464

7781.3250,2.6467

7782.3250,2.6465

7783.3250,2.6469

7784.3250,2.6464

7785.3250,2.6457

7786.3250,2.6455

7787.3250,2.6469

7788.3250,2.6455

7789.3250,2.6456

7790.3250,2.6462

7791.3250,2.6456

7792.3250,2.6456

7793.3250,2.6453

7794.3260,2.6452

7795.3250,2.6461

7796.3260,2.6456

7797.3250,2.6461

7798.3250,2.6449

7799.3250,2.6453

7800.3250,2.6453

7801.3250,2.6469

7802.3250,2.6461

7803.3260,2.6456

7804.3250,2.6464

7805.3250,2.6458

7806.3250,2.6458

7807.3250,2.6465

7808.3250,2.6461

7809.3250,2.6458

7810.3250,2.6452

7811.3250,2.6443

7812.3250,2.6440

7813.3250,2.6440

7814.3250,2.6449

7815.3250,2.6443

7816.3250,2.6444

7817.3250,2.6438

7818.3260,2.6434

7819.3250,2.6423

7820.3250,2.6438

7821.3250,2.6444

7822.3250,2.6442

7823.3250,2.6429

7824.3250,2.6439

7825.3260,2.6435

7826.3260,2.6428

7827.3250,2.6419

7828.3250,2.6424

7829.3260,2.6424

7830.3250,2.6422

7831.3250,2.6430

7832.3250,2.6426

7833.3250,2.6422

7834.3260,2.6417

7835.3250,2.6426

7836.3260,2.6428

7837.3250,2.6422

7838.3250,2.6419

7839.3250,2.6419

7840.3250,2.6414

7841.3260,2.6414

7842.3250,2.6424

7843.3250,2.6406

7844.3260,2.6407

7845.3260,2.6414

7846.3260,2.6420

7847.3250,2.6414

7848.3250,2.6417

7849.3250,2.6417

7850.3250,2.6422

7851.3260,2.6412

7852.3260,2.6408

7853.3250,2.6412

7854.3250,2.6415

7855.3260,2.6408

7856.3250,2.6418

7857.3250,2.6427

7858.3250,2.6410

7859.3260,2.6403

7860.3250,2.6406

7861.3250,2.6403

7862.3250,2.6421

7863.3250,2.6416

7864.3250,2.6408

7865.3250,2.6414

7866.3250,2.6419

7867.3260,2.6415

7868.3250,2.6414

7869.3250,2.6416

7870.3250,2.6423

7871.3250,2.6419

7872.3250,2.6404

7873.3250,2.6412

7874.3250,2.6411

7875.3250,2.6419

7876.3250,2.6413

7877.3250,2.6406

7878.3250,2.6412

7879.3250,2.6414

7880.3250,2.6422

7881.3250,2.6421

7882.3260,2.6409

7883.3260,2.6410

7884.3250,2.6409

7885.3250,2.6407

7886.3250,2.6407

7887.3250,2.6401

7888.3250,2.6404

7889.3260,2.6402

7890.3250,2.6408

7891.3250,2.6404

7892.3260,2.6395

7893.3250,2.6401

7894.3250,2.6405

7895.3260,2.6408

7896.3250,2.6407

7897.3260,2.6399

7898.3250,2.6402

7899.3250,2.6399

7900.3250,2.6401

7901.3250,2.6412

7902.3250,2.6410

7903.3250,2.6407

7904.3250,2.6403

7905.3250,2.6408

7906.3260,2.6413

7907.3260,2.6406

7908.3250,2.6403

7909.3250,2.6400

7910.3250,2.6399

7911.3250,2.6403

7912.3260,2.6406

7913.3250,2.6408

7914.3250,2.6411

7915.3260,2.6405

7916.3260,2.6406

7917.3250,2.6404

7918.3260,2.6400

7919.3250,2.6406

7920.3260,2.6402

7921.3250,2.6408

7922.3250,2.6415

7923.3250,2.6418

7924.3250,2.6415

7925.3250,2.6407

7926.3250,2.6404

7927.3250,2.6404

7928.3260,2.6407

7929.3260,2.6401

7930.3260,2.6398

7931.3260,2.6392

7932.3250,2.6401

7933.3250,2.6399

7934.3250,2.6405

7935.3250,2.6396

7936.3250,2.6391

7937.3250,2.6400

7938.3250,2.6398

7939.3250,2.6389

7940.3250,2.6398

7941.3250,2.6402

7942.3250,2.6392

7943.3260,2.6397

7944.3250,2.6401

7945.3250,2.6401

7946.3260,2.6395

7947.3250,2.6395

7948.3250,2.6404

7949.3250,2.6416

7950.3250,2.6410

7951.3250,2.6401

7952.3260,2.6405

7953.3250,2.6401

7954.3250,2.6397

7955.3250,2.6404

7956.3250,2.6399

7957.3250,2.6404

7958.3250,2.6401

7959.3250,2.6409

7960.3250,2.6401

7961.3250,2.6399

7962.3250,2.6408

7963.3250,2.6407

7964.3250,2.6392

7965.3250,2.6394

7966.3260,2.6397

7967.3270,2.6390

7968.3250,2.6389

7969.3260,2.6389

7970.3250,2.6386

7971.3250,2.6389

7972.3260,2.6398

7973.3250,2.6400

7974.3250,2.6397

7975.3250,2.6407

7976.3250,2.6405

7977.3260,2.6408

7978.3250,2.6405

7979.3250,2.6395

7980.3260,2.6408

7981.3260,2.6399

7982.3260,2.6404

7983.3260,2.6404

7984.3250,2.6399

7985.3260,2.6402

7986.3260,2.6408

7987.3250,2.6406

7988.3260,2.6399

7989.3250,2.6402

7990.3250,2.6402

7991.3250,2.6391

7992.3250,2.6387

7993.3250,2.6393

7994.3260,2.6394

7995.3250,2.6389

7996.3250,2.6396

7997.3250,2.6396

7998.3250,2.6392

7999.3250,2.6386

8000.3250,2.6383

8001.3250,2.6385

8002.3250,2.6385

8003.3250,2.6391

8004.3260,2.6392

8005.3250,2.6393

8006.3270,2.6402

8007.3260,2.6398

8008.3250,2.6397

8009.3250,2.6393

8010.3260,2.6397

8011.3260,2.6399

8012.3250,2.6393

8013.3260,2.6391

8014.3260,2.6393

8015.3260,2.6391

8016.3250,2.6393

8017.3250,2.6397

8018.3270,2.6398

8019.3260,2.6399

8020.3260,2.6407

8021.3250,2.6410

8022.3260,2.6414

8023.3260,2.6400

8024.3250,2.6401

8025.3250,2.6398

8026.3260,2.6402

8027.3250,2.6398

8028.3250,2.6408

8029.3250,2.6402

8030.3250,2.6383

8031.3250,2.6378

8032.3250,2.6391

8033.3250,2.6389

8034.3250,2.6382

8035.3250,2.6383

8036.3250,2.6385

8037.3260,2.6386

8038.3250,2.6379

8039.3250,2.6382

8040.3250,2.6395

8041.3250,2.6395

8042.3250,2.6391

8043.3260,2.6392

8044.3250,2.6391

8045.3250,2.6392

8046.3250,2.6394

8047.3260,2.6395

8048.3250,2.6386

8049.3250,2.6395

8050.3250,2.6391

8051.3250,2.6390

8052.3260,2.6383

8053.3250,2.6401

8054.3250,2.6406

8055.3250,2.6401

8056.3260,2.6395

8057.3250,2.6398

8058.3260,2.6397

8059.3250,2.6403

8060.3250,2.6389

8061.3250,2.6385

8062.3250,2.6387

8063.3260,2.6372

8064.3260,2.6377

8065.3250,2.6385

8066.3250,2.6385

8067.3250,2.6377

8068.3250,2.6378

8069.3250,2.6395

8070.3250,2.6392

8071.3250,2.6379

8072.3270,2.6388

8073.3250,2.6392

8074.3250,2.6388

8075.3250,2.6377

8076.3260,2.6370

8077.3250,2.6376

8078.3250,2.6377

8079.3250,2.6380

8080.3250,2.6390

8081.3250,2.6384

8082.3250,2.6383

8083.3250,2.6384

8084.3260,2.6388

8085.3250,2.6380

8086.3250,2.6376

8087.3250,2.6383

8088.3250,2.6378

8089.3250,2.6376

8090.3250,2.6364

8091.3250,2.6374

8092.3250,2.6374

8093.3260,2.6378

8094.3250,2.6384

8095.3250,2.6374

8096.3250,2.6380

8097.3260,2.6382

8098.3260,2.6369

8099.3250,2.6372

8100.3250,2.6368

8101.3260,2.6383

8102.3250,2.6379

8103.3250,2.6384

8104.3260,2.6385

8105.3250,2.6375

8106.3250,2.6378

8107.3250,2.6381

8108.3250,2.6387

8109.3250,2.6384

8110.3250,2.6383

8111.3250,2.6382

8112.3250,2.6381

8113.3250,2.6392

8114.3250,2.6396

8115.3250,2.6389

8116.3250,2.6381

8117.3250,2.6379

8118.3250,2.6387

8119.3250,2.6379

8120.3250,2.6373

8121.3260,2.6377

8122.3250,2.6372

8123.3250,2.6366

8124.3250,2.6366

8125.3250,2.6379

8126.3250,2.6380

8127.3250,2.6387

8128.3260,2.6390

8129.3250,2.6386

8130.3260,2.6379

8131.3260,2.6362

8132.3250,2.6368

8133.3260,2.6371

8134.3250,2.6372

8135.3260,2.6384

8136.3250,2.6379

8137.3250,2.6369

8138.3250,2.6375

8139.3250,2.6375

8140.3250,2.6376

8141.3250,2.6359

8142.3260,2.6358

8143.3250,2.6354

8144.3250,2.6364

8145.3250,2.6365

8146.3260,2.6372

8147.3250,2.6371

8148.3250,2.6360

8149.3250,2.6364

8150.3250,2.6369

8151.3260,2.6364

8152.3250,2.6351

8153.3250,2.6351

8154.3250,2.6352

8155.3250,2.6358

8156.3250,2.6354

8157.3250,2.6355

8158.3250,2.6361

8159.3260,2.6350

8160.3250,2.6353

8161.3250,2.6360

8162.3250,2.6357

8163.3250,2.6359

8164.3250,2.6360

8165.3250,2.6355

8166.3250,2.6352

8167.3260,2.6351

8168.3250,2.6353

8169.3260,2.6362

8170.3250,2.6374

8171.3260,2.6357

8172.3250,2.6342

8173.3260,2.6340

8174.3250,2.6346

8175.3250,2.6348

8176.3260,2.6345

8177.3250,2.6335

8178.3250,2.6333

8179.3250,2.6342

8180.3250,2.6340

8181.3250,2.6350

8182.3250,2.6349

8183.3250,2.6336

8184.3250,2.6332

8185.3250,2.6342

8186.3250,2.6330

8187.3260,2.6329

8188.3250,2.6325

8189.3250,2.6328

8190.3250,2.6330

8191.3260,2.6341

8192.3260,2.6343

8193.3250,2.6333

8194.3250,2.6332

8195.3270,2.6336

8196.3250,2.6334

8197.3250,2.6340

8198.3250,2.6350

8199.3250,2.6342

8200.3260,2.6320

8201.3250,2.6317

8202.3250,2.6320

8203.3250,2.6329

8204.3250,2.6322

8205.3260,2.6331

8206.3250,2.6336

8207.3250,2.6329

8208.3250,2.6330

8209.3250,2.6327

8210.3260,2.6317

8211.3260,2.6325

8212.3250,2.6332

8213.3250,2.6330

8214.3250,2.6342

8215.3250,2.6342

8216.3250,2.6345

8217.3260,2.6335

8218.3250,2.6339

8219.3260,2.6339

8220.3250,2.6333

8221.3250,2.6336

8222.3250,2.6338

8223.3250,2.6347

8224.3250,2.6343

8225.3250,2.6333

8226.3250,2.6325

8227.3260,2.6332

8228.3250,2.6336

8229.3250,2.6328

8230.3250,2.6338

8231.3260,2.6345

8232.3260,2.6344

8233.3260,2.6350

8234.3250,2.6346

8235.3250,2.6341

8236.3250,2.6337

8237.3250,2.6340

8238.3250,2.6351

8239.3250,2.6357

8240.3250,2.6358

8241.3260,2.6357

8242.3250,2.6358

8243.3260,2.6348

8244.3250,2.6354

8245.3250,2.6350

8246.3250,2.6365

8247.3250,2.6356

8248.3250,2.6353

8249.3250,2.6354

8250.3250,2.6358

8251.8100,2.6361

8252.4120,2.6360

8253.3250,2.6350

8254.3250,2.6345

8255.3260,2.6355

8256.3260,2.6350

8257.3250,2.6353

8258.3250,2.6348

8259.3250,2.6341

8260.3250,2.6345

8261.3270,2.6340

8262.3260,2.6341

8263.3250,2.6348

8264.3250,2.6341

8265.3260,2.6330

8266.3250,2.6326

8267.3260,2.6321

8268.3260,2.6327

8269.3270,2.6332

8270.3250,2.6325

8271.3250,2.6329

8272.3250,2.6325

8273.3260,2.6322

8274.3250,2.6327

8275.3250,2.6338

8276.3250,2.6337

8277.3250,2.6337

8278.3250,2.6338

8279.3260,2.6337

8280.3250,2.6346

8281.3270,2.6348

8282.3250,2.6346

8283.3260,2.6343

8284.3250,2.6345

8285.3250,2.6341

8286.3250,2.6329

8287.3250,2.6332

8288.3250,2.6331

8289.3250,2.6341

8290.3250,2.6344

8291.3260,2.6349

8292.3250,2.6352

8293.3250,2.6348

8294.3250,2.6330

8295.3250,2.6325

8296.3250,2.6327

8297.3250,2.6324

8298.3260,2.6322

8299.3250,2.6323

8300.3270,2.6324

8301.3250,2.6320

8302.3250,2.6316

8303.3260,2.6328

8304.3260,2.6338

8305.3250,2.6343

8306.3260,2.6336

8307.3260,2.6329

8308.3250,2.6331

8309.3250,2.6329

8310.3260,2.6323

8311.3260,2.6333

8312.3250,2.6334

8313.3260,2.6325

8314.3250,2.6332

8315.3260,2.6324

8316.3250,2.6322

8317.3250,2.6320

8318.3250,2.6326

8319.3250,2.6330

8320.3250,2.6342

8321.3260,2.6346

8322.3260,2.6352

8323.3250,2.6353

8324.3250,2.6354

8325.3260,2.6355

8326.3250,2.6350

8327.3250,2.6344

8328.3250,2.6341

8329.3250,2.6339

8330.3250,2.6340

8331.3250,2.6349

8332.3250,2.6341

8333.3250,2.6341

8334.3250,2.6339

8335.3260,2.6345

8336.3250,2.6356

8337.3250,2.6355

8338.3250,2.6347

8339.3250,2.6345

8340.3250,2.6340

8341.3250,2.6344

8342.3250,2.6342

8343.3250,2.6336

8344.3260,2.6329

8345.3250,2.6342

8346.3250,2.6340

8347.3250,2.6343

8348.3250,2.6350

8349.3250,2.6352

8350.3250,2.6359

8351.3260,2.6356

8352.3250,2.6346

8353.3260,2.6333

8354.3260,2.6342

8355.3250,2.6348

8356.3250,2.6351

8357.3250,2.6338

8358.3250,2.6332

8359.3250,2.6338

8360.3250,2.6339

8361.3250,2.6338

8362.3250,2.6341

8363.3250,2.6344

8364.3250,2.6349

8365.3250,2.6342

8366.3260,2.6340

8367.3250,2.6354

8368.3250,2.6347

8369.3250,2.6335

8370.3250,2.6327

8371.3260,2.6318

8372.3250,2.6328

8373.3250,2.6330

8374.3250,2.6333

8375.3250,2.6345

8376.3260,2.6343

8377.3250,2.6350

8378.3250,2.6344

8379.3260,2.6343

8380.3260,2.6341

8381.3250,2.6335

8382.3250,2.6333

8383.3250,2.6335

8384.3250,2.6334

8385.3250,2.6332

8386.3250,2.6331

8387.3250,2.6327

8388.3260,2.6334

8389.3260,2.6342

8390.3250,2.6344

8391.3250,2.6332

8392.3250,2.6331

8393.3250,2.6320

8394.3250,2.6325

8395.3250,2.6318

8396.3250,2.6313

8397.3250,2.6329

8398.3250,2.6334

8399.3250,2.6332

8400.3260,2.6332

8401.3260,2.6320

8402.3250,2.6324

8403.3250,2.6331

8404.3260,2.6326

8405.3250,2.6325

8406.3250,2.6331

8407.3250,2.6326

8408.3250,2.6321

8409.3250,2.6317

8410.3250,2.6316

8411.3250,2.6312

8412.3250,2.6326

8413.3250,2.6333

8414.3250,2.6342

8415.3250,2.6334

8416.3250,2.6329

8417.3250,2.6325

8418.3250,2.6321

8419.3250,2.6324

8420.3250,2.6316

8421.3250,2.6335

8422.3250,2.6344

8423.3250,2.6344

8424.3260,2.6338

8425.3250,2.6333

8426.3250,2.6327

8427.3250,2.6326

8428.3250,2.6326

8429.3250,2.6325

8430.3250,2.6325

8431.3250,2.6329

8432.3250,2.6321

8433.3250,2.6326

8434.3260,2.6331

8435.3250,2.6323

8436.3250,2.6321

8437.3260,2.6331

8438.3250,2.6316

8439.3250,2.6302

8440.3260,2.6312

8441.3250,2.6318

8442.3250,2.6314

8443.3260,2.6305

8444.3260,2.6304

8445.3250,2.6311

8446.3260,2.6315

8447.3250,2.6314

8448.3250,2.6314

8449.3250,2.6311

8450.3250,2.6312

8451.3250,2.6312

8452.3250,2.6320

8453.3250,2.6315

8454.3250,2.6320

8455.3260,2.6318

8456.3250,2.6315

8457.3250,2.6320

8458.3250,2.6315

8459.3250,2.6324

8460.3250,2.6318

8461.3250,2.6324

8462.3270,2.6325

8463.3250,2.6326

8464.3250,2.6322

8465.3250,2.6322

8466.3260,2.6317

8467.3250,2.6315

8468.3260,2.6319

8469.3250,2.6325

8470.3250,2.6323

8471.3260,2.6316

8472.3250,2.6321

8473.3250,2.6337

8474.3250,2.6330

8475.3250,2.6326

8476.3260,2.6323

8477.3260,2.6324

8478.3250,2.6322

8479.3250,2.6324

8480.3250,2.6327

8481.3250,2.6332

8482.3260,2.6326

8483.3260,2.6326

8484.3250,2.6327

8485.3250,2.6329

8486.3250,2.6328

8487.3250,2.6335

8488.3250,2.6338

8489.3250,2.6328

8490.3250,2.6322

8491.3260,2.6316

8492.3250,2.6317

8493.3260,2.6316

8494.3250,2.6319

8495.3260,2.6330

8496.3250,2.6331

8497.3260,2.6327

8498.3250,2.6317

8499.3250,2.6322

8500.3250,2.6340

8501.3270,2.6334

8502.3260,2.6336

8503.3260,2.6335

8504.3260,2.6322

8505.3250,2.6322

8506.3250,2.6329

8507.3250,2.6334

8508.3260,2.6337

8509.3260,2.6320

8510.3250,2.6323

8511.3260,2.6326

8512.3260,2.6328

8513.3250,2.6325

8514.3250,2.6333

8515.3250,2.6331

8516.3260,2.6324

8517.3250,2.6326

8518.3250,2.6322

8519.3250,2.6323

8520.3250,2.6323

8521.3250,2.6320

8522.3250,2.6328

8523.3250,2.6322

8524.3250,2.6321

8525.3260,2.6324

8526.3250,2.6329

8527.3250,2.6328

8528.3270,2.6334

8529.3250,2.6333

8530.3250,2.6333

8531.3260,2.6330

8532.3260,2.6331

8533.3250,2.6331

8534.3250,2.6328

8535.3250,2.6324

8536.3250,2.6328

8537.3250,2.6326

8538.3250,2.6327

8539.3270,2.6318

8540.3250,2.6322

8541.3250,2.6324

8542.3250,2.6320

8543.3260,2.6309

8544.3250,2.6320

8545.3250,2.6328

8546.3250,2.6325

8547.3260,2.6327

8548.3250,2.6320

8549.3250,2.6324

8550.3250,2.6316

8551.3260,2.6320

8552.3260,2.6322

8553.3250,2.6313

8554.3250,2.6317

8555.3260,2.6317

8556.3250,2.6313

8557.3250,2.6307

8558.3250,2.6308

8559.3250,2.6308

8560.3250,2.6317

8561.3260,2.6321

8562.3250,2.6317

8563.3260,2.6313

8564.3250,2.6321

8565.3250,2.6319

8566.3260,2.6318

8567.3250,2.6315

8568.3250,2.6311

8569.3250,2.6312

8570.3250,2.6309

8571.3250,2.6309

8572.3260,2.6317

8573.3250,2.6316

8574.3250,2.6321

8575.3260,2.6310

8576.3270,2.6306

8577.3250,2.6307

8578.3250,2.6314

8579.3250,2.6307

8580.3260,2.6309

8581.3260,2.6298

8582.3250,2.6294

8583.3260,2.6302

8584.3250,2.6312

8585.3260,2.6313

8586.3250,2.6319

8587.3260,2.6313

8588.3250,2.6300

8589.3250,2.6301

8590.3260,2.6301

8591.3250,2.6301

8592.3260,2.6299

8593.3250,2.6292

8594.3250,2.6309

8595.3250,2.6319

8596.3250,2.6334

8597.3260,2.6331

8598.3250,2.6320

8599.3250,2.6325

8600.3250,2.6326

8601.3250,2.6317

8602.3250,2.6303

8603.3250,2.6314

8604.3250,2.6320

8605.3250,2.6319

8606.3250,2.6323

8607.3260,2.6327

8608.3250,2.6327

8609.3250,2.6321

8610.3260,2.6323

8611.3250,2.6326

8612.3250,2.6323

8613.3250,2.6321

8614.3250,2.6323

8615.3250,2.6324

8616.3260,2.6319

8617.3250,2.6335

8618.3250,2.6334

8619.3250,2.6334

8620.3250,2.6329

8621.3250,2.6335

8622.3250,2.6335

8623.3250,2.6341

8624.3250,2.6344

8625.3250,2.6337

8626.3270,2.6344

8627.3250,2.6341

8628.3250,2.6341

8629.3250,2.6347

8630.3250,2.6337

8631.3250,2.6334

8632.3250,2.6340

8633.3260,2.6331

8634.3250,2.6330

8635.3260,2.6337

8636.3250,2.6336

8637.3250,2.6329

8638.3260,2.6331

8639.3250,2.6337

8640.3250,2.6338

8641.3250,2.6332

8642.3260,2.6330

8643.3250,2.6338

8644.3250,2.6334

8645.3250,2.6329

8646.3250,2.6324

8647.3260,2.6326

8648.3260,2.6331

8649.3250,2.6333

8650.3260,2.6328

8651.3260,2.6329

8652.3250,2.6334

8653.3250,2.6338

8654.3250,2.6343

8655.3250,2.6333

8656.3250,2.6333

8657.3250,2.6330

8658.3250,2.6338

8659.3250,2.6343

8660.3260,2.6346

8661.3250,2.6331

8662.3250,2.6338

8663.3250,2.6337

8664.3250,2.6340

8665.3260,2.6335

8666.3250,2.6337

8667.3260,2.6347

8668.3250,2.6340

8669.3250,2.6326

8670.3250,2.6331

8671.3260,2.6333

8672.3250,2.6337

8673.3260,2.6335

8674.3250,2.6331

8675.3250,2.6324

8676.3250,2.6334

8677.3250,2.6322

8678.3250,2.6313

8679.3250,2.6320

8680.3250,2.6311

8681.3250,2.6310

8682.3250,2.6306

8683.3250,2.6318

8684.3250,2.6306

8685.3250,2.6318

8686.3250,2.6319

8687.3250,2.6321

8688.3250,2.6309

8689.3260,2.6315

8690.3260,2.6323

8691.3260,2.6331

8692.3250,2.6330

8693.3250,2.6319

8694.3250,2.6320

8695.3250,2.6319

8696.3250,2.6312

8697.3260,2.6324

8698.3260,2.6321

8699.3250,2.6321

8700.3250,2.6317

8701.3250,2.6327

8702.3260,2.6326

8703.3250,2.6324

8704.3250,2.6320

8705.3250,2.6321

8706.3250,2.6318

8707.3250,2.6320

8708.3260,2.6315

8709.3250,2.6313

8710.3250,2.6315

8711.3250,2.6322

8712.3250,2.6321

8713.3260,2.6332

8714.3250,2.6328

8715.3250,2.6324

8716.3250,2.6316

8717.3250,2.6313

8718.3250,2.6311

8719.3250,2.6319

8720.3250,2.6327

8721.3250,2.6331

8722.3250,2.6321

8723.3260,2.6323

8724.3260,2.6326

8725.3250,2.6331

8726.3250,2.6332

8727.3250,2.6328

8728.3260,2.6334

8729.3250,2.6337

8730.3250,2.6325

8731.3250,2.6318

8732.3260,2.6321

8733.3250,2.6334

8734.3250,2.6338

8735.3250,2.6332

8736.3250,2.6332

8737.3250,2.6327

8738.3260,2.6332

8739.3250,2.6333

8740.3260,2.6335

8741.3250,2.6331

8742.3250,2.6326

8743.3250,2.6316

8744.3250,2.6329

8745.3250,2.6332

8746.3250,2.6328

8747.3250,2.6324

8748.3250,2.6322

8749.3260,2.6320

8750.3260,2.6324

8751.3250,2.6321

8752.3250,2.6324

8753.3250,2.6329

8754.3250,2.6328

8755.3250,2.6322

8756.3250,2.6325

8757.3250,2.6329

8758.3250,2.6328

8759.3260,2.6322

8760.3250,2.6319

8761.3260,2.6319

8762.3250,2.6319

8763.3260,2.6324

8764.3260,2.6321

8765.3260,2.6324

8766.3250,2.6327

8767.3250,2.6320

8768.3250,2.6317

8769.3250,2.6320

8770.3250,2.6321

8771.3250,2.6322

8772.3250,2.6321

8773.3250,2.6335

8774.3260,2.6325

8775.3260,2.6323

8776.3250,2.6325

8777.3250,2.6324

8778.3260,2.6322

8779.3250,2.6326

8780.3250,2.6327

8781.3250,2.6320

8782.3250,2.6328

8783.3250,2.6323

8784.3250,2.6328

8785.3250,2.6330

8786.3250,2.6329

8787.3250,2.6317

8788.3250,2.6323

8789.3250,2.6319

8790.3250,2.6322

8791.3250,2.6318

8792.3260,2.6321

8793.3250,2.6318

8794.3250,2.6316

8795.3250,2.6322

8796.3250,2.6319

8797.3250,2.6318

8798.3250,2.6325

8799.3250,2.6319

8800.3260,2.6316

8801.3250,2.6317

8802.3250,2.6309

8803.3260,2.6314

8804.3250,2.6316

8805.3260,2.6313

8806.3250,2.6316

8807.3250,2.6317

8808.3250,2.6322

8809.3260,2.6319

8810.3250,2.6322

8811.3260,2.6328

8812.3250,2.6330

8813.3250,2.6328

8814.3260,2.6320

8815.3250,2.6324

8816.3260,2.6319

8817.3250,2.6323

8818.3250,2.6318

8819.3250,2.6318

8820.3260,2.6328

8821.3250,2.6323

8822.3250,2.6331

8823.3250,2.6326

8824.3250,2.6318

8825.3250,2.6315

8826.3250,2.6321

8827.3250,2.6317

8828.3250,2.6316

8829.3250,2.6321

8830.3250,2.6328

8831.3250,2.6322

8832.3250,2.6328

8833.3250,2.6325

8834.3260,2.6320

8835.3250,2.6327

8836.3250,2.6320

8837.3250,2.6319

8838.3250,2.6316

8839.3250,2.6315

8840.3260,2.6315

8841.3250,2.6316

8842.3250,2.6316

8843.3250,2.6316

8844.3250,2.6318

8845.3250,2.6317

8846.3250,2.6323

8847.3260,2.6326

8848.3260,2.6328

8849.3250,2.6319

8850.3260,2.6324

8851.3250,2.6329

8852.3250,2.6323

8853.3250,2.6315

8854.3270,2.6315

8855.3250,2.6314

8856.3250,2.6311

8857.3250,2.6328

8858.3250,2.6327

8859.3260,2.6327

8860.3250,2.6339

8861.3250,2.6338

8862.3250,2.6336

8863.3250,2.6320

8864.3250,2.6321

8865.3260,2.6325

8866.3250,2.6321

8867.3260,2.6327

8868.3250,2.6322

8869.3250,2.6326

8870.3250,2.6328

8871.3250,2.6330

8872.3250,2.6335

8873.3250,2.6323

8874.3250,2.6326

8875.3250,2.6323

8876.3260,2.6330

8877.3250,2.6323

8878.3250,2.6327

8879.3260,2.6323

8880.3250,2.6329

8881.3260,2.6330

8882.3260,2.6329

8883.3250,2.6331

8884.3250,2.6329

8885.3250,2.6323

8886.3250,2.6329

8887.3250,2.6328

8888.3250,2.6322

8889.3260,2.6320

8890.3250,2.6326

8891.3250,2.6327

8892.3250,2.6331

8893.3250,2.6323

8894.3260,2.6322

8895.3250,2.6327

8896.3260,2.6328

8897.3250,2.6324

8898.3260,2.6321

8899.3250,2.6330

8900.3260,2.6313

8901.3250,2.6317

8902.3250,2.6309

8903.3250,2.6318

8904.3260,2.6319

8905.3250,2.6326

8906.3250,2.6334

8907.3250,2.6332

8908.3250,2.6331

8909.3250,2.6336

8910.3250,2.6333

8911.3260,2.6323

8912.3250,2.6328

8913.3260,2.6330

8914.3250,2.6334

8915.3250,2.6317

8916.3260,2.6320

8917.3250,2.6312

8918.3250,2.6308

8919.3250,2.6301

8920.3250,2.6304

8921.3260,2.6318

8922.3250,2.6319

8923.3260,2.6330

8924.3260,2.6329

8925.3250,2.6332

8926.3250,2.6323

8927.3250,2.6316

8928.3250,2.6319

8929.3250,2.6323

8930.3250,2.6325

8931.3250,2.6320

8932.3250,2.6321

8933.3270,2.6321

8934.3260,2.6319

8935.3250,2.6323

8936.3250,2.6324

8937.3250,2.6322

8938.3250,2.6325

8939.3250,2.6324

8940.3250,2.6324

8941.3260,2.6317

8942.3250,2.6324

8943.3260,2.6328

8944.3270,2.6326

8945.3260,2.6326

8946.3250,2.6318

8947.3250,2.6316

8948.3270,2.6327

8949.3250,2.6325

8950.3250,2.6317

8951.3260,2.6316

8952.3250,2.6324

8953.3250,2.6317

8954.3250,2.6317

8955.3250,2.6316

8956.3260,2.6317

8957.3250,2.6321

8958.3250,2.6329

8959.3250,2.6321

8960.3250,2.6315

8961.3250,2.6312

8962.3250,2.6311

8963.3260,2.6313

8964.3260,2.6314

8965.3260,2.6316

8966.3250,2.6310

8967.3250,2.6320

8968.3250,2.6319

8969.3250,2.6314

8970.3250,2.6314

8971.3250,2.6313

8972.3250,2.6314

8973.3250,2.6318

8974.3250,2.6319

8975.3260,2.6317

8976.3250,2.6317

8977.3250,2.6315

8978.3250,2.6315

8979.3250,2.6322

8980.3250,2.6307

8981.3250,2.6305

8982.3250,2.6309

8983.3250,2.6304

8984.3250,2.6295

8985.3260,2.6313

8986.3250,2.6319

8987.3260,2.6319

8988.3250,2.6319

8989.3260,2.6315

8990.3250,2.6321

8991.3250,2.6320

8992.3260,2.6325

8993.3260,2.6319

8994.3250,2.6315

8995.3250,2.6321

8996.3250,2.6325

8997.3260,2.6317

8998.3250,2.6315

8999.3270,2.6308

9000.3250,2.6308

9001.3250,2.6318

9002.3260,2.6327

9003.3250,2.6320

9004.3260,2.6325

9005.3260,2.6323

9006.3250,2.6325

9007.3260,2.6328

9008.3250,2.6321

9009.3260,2.6327

9010.3250,2.6320

9011.3250,2.6320

9012.3250,2.6319

9013.3250,2.6316

9014.3250,2.6327

9015.3250,2.6325

9016.3260,2.6322

9017.3250,2.6314

9018.3250,2.6323

9019.3250,2.6325

9020.3260,2.6317

9021.3250,2.6311

9022.3250,2.6313

9023.3250,2.6317

9024.3260,2.6323

9025.3250,2.6324

9026.3250,2.6318

9027.3250,2.6321

9028.3270,2.6322

9029.3250,2.6315

9030.3250,2.6312

9031.3250,2.6312

9032.3270,2.6304

9033.3250,2.6303

9034.3250,2.6313

9035.3250,2.6324

9036.3260,2.6320

9037.3250,2.6319

9038.3260,2.6316

9039.3260,2.6316

9040.3250,2.6308

9041.3250,2.6307

9042.3260,2.6315

9043.3250,2.6315

9044.3250,2.6310

9045.3250,2.6308

9046.3250,2.6305

9047.3250,2.6308

9048.3250,2.6308

9049.3250,2.6307

9050.3250,2.6319

9051.3250,2.6317

9052.3250,2.6310

9053.3250,2.6310

9054.3260,2.6317

9055.3250,2.6311

9056.3250,2.6310

9057.3250,2.6309

9058.3250,2.6313

9059.3250,2.6318

9060.3250,2.6313

9061.3260,2.6308

9062.3250,2.6309

9063.3250,2.6314

9064.3250,2.6313

9065.3250,2.6310

9066.3260,2.6314

9067.3250,2.6303

9068.3260,2.6302

9069.3260,2.6303

9070.3250,2.6307

9071.3250,2.6305

9072.3250,2.6303

9073.3250,2.6304

9074.3250,2.6305

9075.3260,2.6306

9076.3260,2.6299

9077.3250,2.6292

9078.3250,2.6284

9079.3250,2.6286

9080.3250,2.6292

9081.3250,2.6290

9082.3250,2.6286

9083.3250,2.6286

9084.3250,2.6290

9085.3250,2.6288

9086.3260,2.6295

9087.3250,2.6293

9088.3250,2.6290

9089.3250,2.6287

9090.3260,2.6290

9091.3250,2.6287

9092.3250,2.6290

9093.3250,2.6282

9094.3250,2.6287

9095.3250,2.6292

9096.3250,2.6298

9097.3250,2.6292

9098.3260,2.6286

9099.3250,2.6291

9100.3250,2.6293

9101.3250,2.6290

9102.3260,2.6291

9103.3250,2.6292

9104.3250,2.6300

9105.3250,2.6300

9106.3250,2.6293

9107.3250,2.6301

9108.3250,2.6290

9109.3250,2.6295

9110.3260,2.6291

9111.3250,2.6292

9112.3260,2.6290

9113.3260,2.6291

9114.3250,2.6288

9115.3250,2.6288

9116.3260,2.6288

9117.3250,2.6288

9118.3250,2.6285

9119.3250,2.6279

9120.3250,2.6275

9121.3250,2.6284

9122.3250,2.6279

9123.3250,2.6277

9124.3250,2.6283

9125.3250,2.6279

9126.3260,2.6271

9127.3260,2.6277

9128.3250,2.6286

9129.3250,2.6279

9130.3250,2.6278

9131.3260,2.6280

9132.3250,2.6278

9133.3250,2.6274

9134.3250,2.6273

9135.3250,2.6270

9136.3260,2.6272

9137.3250,2.6281

9138.3250,2.6279

9139.3250,2.6284

9140.3260,2.6282

9141.3250,2.6287

9142.3250,2.6283

9143.3250,2.6283

9144.3250,2.6284

9145.3250,2.6278

9146.3250,2.6278

9147.3250,2.6273

9148.3250,2.6275

9149.3250,2.6276

9150.3250,2.6284

9151.3250,2.6275

9152.3250,2.6275

9153.3250,2.6281

9154.3250,2.6283

9155.3250,2.6272

9156.3250,2.6276

9157.3250,2.6281

9158.3250,2.6280

9159.3250,2.6278

9160.3250,2.6278

9161.3250,2.6281

9162.3250,2.6287

9163.3250,2.6281

9164.3250,2.6287

9165.3260,2.6283

9166.3260,2.6284

9167.3250,2.6287

9168.3250,2.6284

9169.3250,2.6284

9170.3250,2.6285

9171.3250,2.6282

9172.3250,2.6285

9173.3250,2.6281

9174.3250,2.6287

9175.3250,2.6294

9176.3260,2.6288

9177.3250,2.6284

9178.3250,2.6296

9179.3250,2.6294

9180.3260,2.6283

9181.3260,2.6283

9182.3260,2.6286

9183.3260,2.6275

9184.3250,2.6274

9185.3250,2.6280

9186.3250,2.6275

9187.3250,2.6272

9188.3260,2.6273

9189.3250,2.6275

9190.3250,2.6276

9191.3250,2.6282

9192.3260,2.6280

9193.3260,2.6280

9194.3250,2.6282

9195.3250,2.6288

9196.3250,2.6288

9197.3250,2.6278

9198.3250,2.6278

9199.3250,2.6275

9200.3250,2.6270

9201.3250,2.6269

9202.3250,2.6276

9203.3250,2.6266

9204.3250,2.6275

9205.3250,2.6276

9206.3250,2.6272

9207.3250,2.6278

9208.3250,2.6273

9209.3260,2.6268

9210.3250,2.6274

9211.3250,2.6275

9212.3260,2.6274

9213.3250,2.6279

9214.3260,2.6275

9215.3250,2.6275

9216.3250,2.6276

9217.3250,2.6268

9218.3260,2.6273

9219.3250,2.6272

9220.3250,2.6266

9221.3260,2.6271

9222.3260,2.6279

9223.3250,2.6274

9224.3260,2.6275

9225.3260,2.6271

9226.3250,2.6269

9227.3250,2.6279

9228.3250,2.6277

9229.3250,2.6272

9230.3250,2.6273

9231.3250,2.6274

9232.3260,2.6280

9233.3250,2.6268

9234.3250,2.6270

9235.3250,2.6272

9236.3250,2.6280

9237.3250,2.6276

9238.3250,2.6273

9239.3250,2.6276

9240.3250,2.6273

9241.3250,2.6280

9242.3260,2.6275

9243.3250,2.6272

9244.3250,2.6278

9245.3250,2.6272

9246.3250,2.6276

9247.3250,2.6275

9248.3250,2.6274

9249.3250,2.6277

9250.3260,2.6276

9251.3260,2.6275

9252.3250,2.6274

9253.3260,2.6269

9254.3260,2.6271

9255.3250,2.6272

9256.3250,2.6267

9257.3260,2.6279

9258.3250,2.6272

9259.3260,2.6276

9260.3250,2.6278

9261.3250,2.6272

9262.3250,2.6277

9263.3250,2.6272

9264.3250,2.6275

9265.3250,2.6282

9266.3250,2.6275

9267.3250,2.6282

9268.3260,2.6286

9269.3250,2.6275

9270.3250,2.6282

9271.3250,2.6278

9272.3250,2.6290

9273.3250,2.6287

9274.3250,2.6283

9275.3260,2.6277

9276.3250,2.6287

9277.3250,2.6280

9278.3250,2.6276

9279.3270,2.6279

9280.3250,2.6280

9281.3250,2.6283

9282.3250,2.6287

9283.3250,2.6280

9284.3250,2.6274

9285.3260,2.6270

9286.3250,2.6266

9287.3250,2.6264

9288.3250,2.6267

9289.3250,2.6275

9290.3250,2.6274

9291.3260,2.6269

9292.3250,2.6276

9293.3250,2.6270

9294.3250,2.6275

9295.3250,2.6265

9296.3250,2.6275

9297.3250,2.6273

9298.3250,2.6273

9299.3250,2.6275

9300.3260,2.6281

9301.3250,2.6276

9302.3250,2.6272

9303.3250,2.6274

9304.3250,2.6274

9305.3250,2.6267

9306.3250,2.6272

9307.3250,2.6268

9308.3260,2.6271

9309.3260,2.6263

9310.3250,2.6265

9311.3250,2.6266

9312.3250,2.6257

9313.3250,2.6254

9314.3250,2.6265

9315.3250,2.6263

9316.3250,2.6266

9317.3250,2.6262

9318.3260,2.6259

9319.3260,2.6266

9320.3250,2.6274

9321.3250,2.6270

9322.3250,2.6267

9323.3250,2.6270

9324.3250,2.6267

9325.3250,2.6263

9326.3250,2.6264

9327.3250,2.6267

9328.3250,2.6265

9329.3250,2.6267

9330.3250,2.6271

9331.3260,2.6279

9332.3250,2.6278

9333.3250,2.6270

9334.3250,2.6275

9335.3250,2.6278

9336.3250,2.6278

9337.3250,2.6280

9338.3250,2.6270

9339.3250,2.6265

9340.3250,2.6257

9341.3260,2.6261

9342.3250,2.6268

9343.3250,2.6271

9344.3250,2.6267

9345.3250,2.6263

9346.3250,2.6254

9347.3260,2.6256

9348.3250,2.6256

9349.3250,2.6258

9350.3260,2.6260

9351.3250,2.6262

9352.3250,2.6263

9353.3250,2.6259

9354.3250,2.6248

9355.3250,2.6245

9356.3250,2.6249

9357.3270,2.6252

9358.3250,2.6256

9359.3250,2.6258

9360.3260,2.6248

9361.3250,2.6245

9362.3250,2.6252

9363.3260,2.6253

9364.3250,2.6266

9365.3260,2.6264

9366.3260,2.6253

9367.3250,2.6259

9368.3260,2.6260

9369.3250,2.6262

9370.3250,2.6270

9371.3260,2.6269

9372.3250,2.6266

9373.3250,2.6267

9374.3250,2.6256

9375.3250,2.6268

9376.3250,2.6264

9377.3250,2.6261

9378.3260,2.6252

9379.3250,2.6268

9380.3260,2.6262

9381.3260,2.6255

9382.3250,2.6252

9383.3250,2.6257

9384.3250,2.6266

9385.3250,2.6273

9386.3250,2.6261

9387.3250,2.6262

9388.3250,2.6255

9389.3250,2.6264

9390.3260,2.6264

9391.3250,2.6259

9392.3250,2.6258

9393.3250,2.6264

9394.3250,2.6258

9395.3250,2.6255

9396.3250,2.6261

9397.3250,2.6257

9398.3250,2.6272

9399.3250,2.6263

9400.3250,2.6259

9401.3260,2.6257

9402.3250,2.6259

9403.3250,2.6254

9404.3250,2.6243

9405.3250,2.6253

9406.3250,2.6257

9407.3250,2.6260

9408.3250,2.6260

9409.3250,2.6261

9410.3260,2.6255

9411.3260,2.6255

9412.3260,2.6265

9413.3250,2.6269

9414.3260,2.6260

9415.3250,2.6246

9416.3250,2.6234

9417.3250,2.6249

9418.3250,2.6238

9419.3250,2.6247

9420.3250,2.6252

9421.3250,2.6238

9422.3250,2.6245

9423.3250,2.6260

9424.3250,2.6257

9425.3250,2.6252

9426.3250,2.6244

9427.3260,2.6250

9428.3250,2.6240

9429.3250,2.6239

9430.3250,2.6248

9431.3250,2.6242

9432.3250,2.6240

9433.3250,2.6235

9434.3250,2.6252

9435.3250,2.6243

9436.3250,2.6254

9437.3250,2.6246

9438.3250,2.6242

9439.3250,2.6251

9440.3250,2.6246

9441.3250,2.6238

9442.3250,2.6244

9443.3250,2.6238

9444.3250,2.6236

9445.3260,2.6237

9446.3250,2.6228

9447.3260,2.6238

9448.3250,2.6230

9449.3250,2.6226

9450.3260,2.6227

9451.3250,2.6216

9452.3250,2.6206

9453.3260,2.6204

9454.3250,2.6226

9455.3250,2.6219

9456.3250,2.6219

9457.3260,2.6219

9458.3250,2.6203

9459.3250,2.6206

9460.3250,2.6212

9461.3250,2.6215

9462.3250,2.6215

9463.3250,2.6207

9464.3250,2.6206

9465.3260,2.6214

9466.3250,2.6215

9467.3250,2.6220

9468.3250,2.6220

9469.3250,2.6222

9470.3250,2.6222

9471.3250,2.6222

9472.3250,2.6213

9473.3250,2.6210

9474.3250,2.6210

9475.3270,2.6215

9476.3250,2.6217

9477.3250,2.6212

9478.3250,2.6209

9479.3250,2.6206

9480.3260,2.6212

9481.3250,2.6216

9482.3250,2.6216

9483.3250,2.6206

9484.3250,2.6204

9485.3250,2.6203

9486.3250,2.6211

9487.3250,2.6214

9488.3250,2.6210

9489.3260,2.6204

9490.3260,2.6216

9491.3250,2.6210

9492.3250,2.6212

9493.3250,2.6209

9494.3260,2.6220

9495.3250,2.6227

9496.3260,2.6216

9497.3250,2.6209

9498.3260,2.6206

9499.3250,2.6209

9500.3250,2.6213

9501.3250,2.6217

9502.3250,2.6217

9503.3250,2.6217

9504.3270,2.6213

9505.3250,2.6211

9506.3250,2.6220

9507.3250,2.6210

9508.3250,2.6211

9509.3250,2.6205

9510.3250,2.6208

9511.3260,2.6203

9512.3250,2.6211

9513.3260,2.6223

9514.3260,2.6218

9515.3250,2.6216

9516.3250,2.6207

9517.3250,2.6204

9518.3260,2.6208

9519.3250,2.6229

9520.3260,2.6231

9521.3250,2.6223

9522.3250,2.6220

9523.3250,2.6220

9524.3260,2.6217

9525.3260,2.6228

9526.3250,2.6228

9527.3250,2.6222

9528.3250,2.6221

9529.3250,2.6225

9530.3250,2.6229

9531.3250,2.6229

9532.3260,2.6227

9533.3250,2.6218

9534.3250,2.6215

9535.3250,2.6204

9536.3260,2.6211

9537.3250,2.6220

9538.3260,2.6219

9539.3250,2.6212

9540.3260,2.6207

9541.3260,2.6212

9542.3260,2.6218

9543.3250,2.6212

9544.3250,2.6212

9545.3250,2.6211

9546.3250,2.6204

9547.3250,2.6216

9548.3250,2.6213

9549.3250,2.6197

9550.3250,2.6192

9551.3250,2.6211

9552.3260,2.6218

9553.3250,2.6216

9554.3250,2.6226

9555.3250,2.6242

9556.3250,2.6240

9557.3260,2.6249

9558.3250,2.6227

9559.3250,2.6229

9560.3250,2.6224

9561.3250,2.6232

9562.3260,2.6240

9563.3250,2.6240

9564.3250,2.6243

9565.3250,2.6244

9566.3260,2.6261

9567.3250,2.6257

9568.3250,2.6259

9569.3250,2.6238

9570.3250,2.6250

9571.3250,2.6263

9572.3250,2.6257

9573.3250,2.6260

9574.3250,2.6273

9575.3250,2.6245

9576.3260,2.6246

9577.3260,2.6260

9578.3250,2.6258

9579.3250,2.6260

9580.3260,2.6262

9581.3250,2.6253

9582.3250,2.6272

9583.3250,2.6275

9584.3250,2.6254

9585.3250,2.6266

9586.3250,2.6270

9587.3250,2.6274

9588.3250,2.6233

9589.3260,2.6241

9590.3250,2.6256

9591.3260,2.6255

9592.3250,2.6261

9593.3250,2.6262

9594.3250,2.6246

9595.3260,2.6245

9596.3250,2.6259

9597.3260,2.6258

9598.3250,2.6266

9599.3250,2.6267

9600.3250,2.6264

9601.3250,2.6238

9602.3260,2.6231

9603.3260,2.6239

9604.3250,2.6238

9605.3260,2.6240

9606.3250,2.6256

9607.3250,2.6265

9608.3250,2.6265

9609.3250,2.6267

9610.3250,2.6264

9611.3250,2.6258

9612.3250,2.6254

9613.3250,2.6253

9614.3260,2.6254

9615.3250,2.6270

9616.3250,2.6267

9617.3250,2.6272

9618.3250,2.6277

9619.3270,2.6271

9620.3250,2.6273

9621.3260,2.6272

9622.3260,2.6283

9623.3250,2.6282

9624.3250,2.6244

9625.3250,2.6229

9626.3260,2.6223

9627.3250,2.6240

9628.3250,2.6246

9629.3260,2.6246

9630.3250,2.6249

9631.3260,2.6252

9632.3250,2.6237

9633.3260,2.6246

9634.3250,2.6252

9635.3250,2.6256

9636.3250,2.6257

9637.3250,2.6272

9638.3250,2.6253

9639.3260,2.6243

9640.3250,2.6247

9641.3250,2.6255

9642.3250,2.6268

9643.3250,2.6276

9644.3260,2.6264

9645.3250,2.6257

9646.3250,2.6258

9647.3250,2.6254

9648.3250,2.6258

9649.3250,2.6271

9650.3260,2.6264

9651.3250,2.6262

9652.3260,2.6266

9653.3250,2.6252

9654.3250,2.6250

9655.3250,2.6261

9656.3250,2.6269

9657.3260,2.6246

9658.3250,2.6226

9659.3250,2.6214

9660.3250,2.6213

9661.3250,2.6211

9662.3250,2.6210

9663.3250,2.6226

9664.3250,2.6221

9665.3250,2.6225

9666.3250,2.6224

9667.3250,2.6232

9668.3260,2.6239

9669.3250,2.6247

9670.3250,2.6237

9671.3260,2.6260

9672.3250,2.6243

9673.3250,2.6269

9674.3260,2.6248

9675.3250,2.6244

9676.3250,2.6235

9677.3250,2.6230

9678.3270,2.6225

9679.3250,2.6209

9680.3250,2.6217

9681.3250,2.6218

9682.3250,2.6215

9683.3260,2.6216

9684.3260,2.6210

9685.3260,2.6224

9686.3250,2.6226

9687.3270,2.6239

9688.3260,2.6248

9689.3260,2.6247

9690.3250,2.6253

9691.3260,2.6262

9692.3250,2.6261

9693.3260,2.6273

9694.3250,2.6274

9695.3260,2.6272

9696.3260,2.6278

9697.3250,2.6276

9698.3250,2.6290

9699.3260,2.6292

9700.3260,2.6228

9701.3260,2.6240

9702.3250,2.6259

9703.3250,2.6266

9704.3250,2.6266

9705.3250,2.6276

9706.3250,2.6273

9707.3250,2.6270

9708.3260,2.6275

9709.3250,2.6269

9710.3270,2.6239

9711.3250,2.6254

9712.3250,2.6252

9713.3260,2.6271

9714.3260,2.6269

9715.3260,2.6273

9716.3260,2.6263

9717.3250,2.6270

9718.3250,2.6265

9719.3260,2.6274

9720.3250,2.6275

9721.3250,2.6279

9722.3250,2.6280

9723.3250,2.6282

9724.3260,2.6287

9725.3250,2.6284

9726.3250,2.6284

9727.3250,2.6275

9728.3250,2.6271

9729.3250,2.6266

9730.3250,2.6276

9731.3250,2.6257

9732.3250,2.6250

9733.3250,2.6249

9734.3250,2.6256

9735.3260,2.6276

9736.3250,2.6274

9737.3250,2.6257

9738.3250,2.6279

9739.3250,2.6284

9740.3250,2.6288

9741.3250,2.6279

9742.3260,2.6281

9743.3250,2.6286

9744.3250,2.6282

9745.3250,2.6267

9746.3250,2.6272

9747.3250,2.6268

9748.3260,2.6276

9749.3260,2.6274

9750.3260,2.6272

9751.3250,2.6276

9752.3250,2.6272

9753.3250,2.6273

9754.3250,2.6275

9755.3250,2.6285

9756.3250,2.6281

9757.3250,2.6299

9758.3260,2.6299

9759.3260,2.6303

9760.3250,2.6267

9761.3250,2.6261

9762.3250,2.6268

9763.3250,2.6270

9764.3250,2.6266

9765.3250,2.6265

9766.3260,2.6267

9767.3250,2.6254

9768.3250,2.6275

9769.3250,2.6288

9770.3260,2.6286

9771.3260,2.6267

9772.3250,2.6273

9773.3250,2.6286

9774.3250,2.6280

9775.3250,2.6286

9776.3260,2.6283

9777.3250,2.6282

9778.3250,2.6282

9779.3250,2.6303

9780.3250,2.6300

9781.3250,2.6300

9782.3250,2.6246

9783.3250,2.6260

9784.3260,2.6261

9785.3260,2.6256

9786.3250,2.6264

9787.3250,2.6264

9788.3250,2.6264

9789.3260,2.6268

9790.3250,2.6264

9791.3250,2.6269

9792.3250,2.6268

9793.3260,2.6270

9794.3250,2.6264

9795.3250,2.6274

9796.3260,2.6273

9797.3260,2.6273

9798.3260,2.6269

9799.3250,2.6267

9800.3250,2.6267

9801.3250,2.6270

9802.3250,2.6270

9803.3250,2.6271

9804.3250,2.6273

9805.3250,2.6276

9806.3260,2.6268

9807.3250,2.6262

9808.3250,2.6253

9809.3250,2.6257

9810.3260,2.6262

9811.3250,2.6258

9812.3260,2.6249

9813.3250,2.6254

9814.3250,2.6258

9815.3260,2.6261

9816.3260,2.6255

9817.3250,2.6251

9818.3260,2.6256

9819.3250,2.6262

9820.3250,2.6251

9821.3260,2.6246

9822.3260,2.6251

9823.3260,2.6258

9824.3250,2.6256

9825.3250,2.6260

9826.3260,2.6254

9827.3250,2.6248

9828.3250,2.6249

9829.3250,2.6245

9830.3250,2.6255

9831.3250,2.6254

9832.3250,2.6253

9833.3250,2.6260

9834.3250,2.6265

9835.3250,2.6255

9836.3250,2.6263

9837.3250,2.6271

9838.3250,2.6255

9839.3250,2.6262

9840.3260,2.6263

9841.3260,2.6251

9842.3250,2.6252

9843.3250,2.6244

9844.3250,2.6245

9845.3250,2.6256

9846.3250,2.6261

9847.3250,2.6266

9848.3250,2.6254

9849.3250,2.6251

9850.3260,2.6258

9851.3250,2.6268

9852.3260,2.6260

9853.3250,2.6257

9854.3250,2.6258

9855.3250,2.6259

9856.3260,2.6257

9857.3250,2.6261

9858.3250,2.6267

9859.3250,2.6257

9860.3250,2.6249

9861.3260,2.6247

9862.3250,2.6242

9863.3250,2.6247

9864.3250,2.6257

9865.3250,2.6255

9866.3260,2.6252

9867.3250,2.6247

9868.3250,2.6256

9869.3260,2.6254

9870.3260,2.6258

9871.3260,2.6261

9872.3260,2.6261

9873.3250,2.6261

9874.3260,2.6260

9875.3250,2.6250

9876.3250,2.6256

9877.3260,2.6249

9878.3260,2.6254

9879.3250,2.6254

9880.3250,2.6255

9881.3250,2.6257

9882.3250,2.6256

9883.3250,2.6272

9884.3260,2.6262

9885.3250,2.6258

9886.3250,2.6267

9887.3260,2.6261

9888.3250,2.6260

9889.3260,2.6256

9890.3250,2.6261

9891.3250,2.6258

9892.3250,2.6259

9893.3260,2.6252

9894.3250,2.6262

9895.3250,2.6257

9896.3250,2.6249

9897.3250,2.6259

9898.3250,2.6260

9899.3250,2.6260

9900.3260,2.6256

9901.3250,2.6261

9902.3250,2.6263

9903.3250,2.6275

9904.3250,2.6271

9905.3250,2.6267

9906.3250,2.6256

9907.3250,2.6253

9908.3260,2.6256

9909.3250,2.6258

9910.3260,2.6271

9911.3250,2.6267

9912.3260,2.6272

9913.3250,2.6273

9914.3250,2.6276

9915.3250,2.6277

9916.3250,2.6279

9917.3250,2.6289

9918.3250,2.6283

9919.3270,2.6277

9920.3260,2.6276

9921.3250,2.6277

9922.3250,2.6288

9923.3260,2.6254

9924.3250,2.6257

9925.3260,2.6263

9926.3260,2.6255

9927.3250,2.6250

9928.3250,2.6251

9929.3250,2.6249

9930.3250,2.6246

9931.3250,2.6250

9932.3250,2.6271

9933.3250,2.6268

9934.3250,2.6269

9935.3250,2.6271

9936.3250,2.6277

9937.3250,2.6270

9938.3250,2.6282

9939.3260,2.6276

9940.3260,2.6278

9941.3250,2.6283

9942.3250,2.6269

9943.3260,2.6269

9944.3250,2.6265

9945.3250,2.6267

9946.3250,2.6254

9947.3250,2.6256

9948.3250,2.6258

9949.3250,2.6249

9950.3250,2.6257

9951.3250,2.6267

9952.3250,2.6268

9953.3250,2.6267

9954.3250,2.6264

9955.3260,2.6267

9956.3250,2.6257

9957.3250,2.6262

9958.3250,2.6262

9959.3250,2.6258

9960.3260,2.6264

9961.3250,2.6266

9962.3250,2.6272

9963.3250,2.6269

9964.3260,2.6270

9965.3250,2.6265

9966.3250,2.6254

9967.3260,2.6261

9968.3250,2.6264

9969.3260,2.6259

9970.3250,2.6264

9971.3260,2.6262

9972.3250,2.6262

9973.3250,2.6255

9974.3250,2.6260

9975.3260,2.6264

9976.3250,2.6266

9977.3250,2.6275

9978.3250,2.6280

9979.3260,2.6288

9980.3250,2.6288

9981.3250,2.6263

9982.3260,2.6255

9983.3250,2.6275

9984.3250,2.6275

9985.3250,2.6271

9986.3250,2.6261

9987.3250,2.6281

9988.3250,2.6261

9989.3250,2.6263

9990.3250,2.6265

9991.3250,2.6268

9992.3250,2.6267

9993.3260,2.6268

9994.3250,2.6277

9995.3250,2.6270

9996.3250,2.6276

9997.3260,2.6273

9998.3250,2.6252

9999.3260,2.6255

10000.3250,2.6258

10001.3250,2.6258

10002.3250,2.6264

10003.3250,2.6266

10004.3250,2.6260

10005.3260,2.6259

10006.3260,2.6261

10007.3260,2.6266

10008.3250,2.6271

10009.3250,2.6270

10010.3250,2.6275

10011.3260,2.6285

10012.3250,2.6267

10013.3250,2.6256

10014.3250,2.6259

10015.3260,2.6264

10016.3250,2.6269

10017.3250,2.6264

10018.3250,2.6268

10019.3250,2.6263

10020.3250,2.6264

10021.3250,2.6273

10022.3250,2.6273

10023.3250,2.6272

10024.3250,2.6255

10025.3250,2.6253

10026.3250,2.6250

10027.3250,2.6250

10028.3250,2.6262

10029.3250,2.6259

10030.3250,2.6256

10031.3250,2.6255

10032.3250,2.6255

10033.3250,2.6259

10034.3250,2.6269

10035.3250,2.6256

10036.3250,2.6255

10037.3250,2.6262

10038.3260,2.6263

10039.3250,2.6275

10040.3250,2.6260

10041.3250,2.6264

10042.3260,2.6249

10043.3250,2.6258

10044.3250,2.6259

10045.3260,2.6255

10046.3260,2.6263

10047.3260,2.6264

10048.3250,2.6259

10049.3250,2.6262

10050.3250,2.6278

10051.3250,2.6278

10052.3250,2.6254

10053.3250,2.6260

10054.3250,2.6266

10055.3260,2.6265

10056.3250,2.6261

10057.3260,2.6262

10058.3260,2.6259

10059.3250,2.6256

10060.3250,2.6262

10061.3250,2.6260

10062.3250,2.6269

10063.3250,2.6253

10064.3250,2.6254

10065.3250,2.6253

10066.3260,2.6259

10067.3250,2.6261

10068.3250,2.6269

10069.3250,2.6260

10070.3260,2.6255

10071.3250,2.6255

10072.3260,2.6261

10073.3250,2.6263

10074.3250,2.6271

10075.3260,2.6275

10076.3250,2.6271

10077.3250,2.6273

10078.3250,2.6268

10079.3250,2.6259

10080.3260,2.6264

10081.3250,2.6270

10082.3250,2.6268

10083.3250,2.6262

10084.3260,2.6262

10085.3260,2.6266

10086.3250,2.6268

10087.3250,2.6267

10088.3250,2.6265

10089.3250,2.6265

10090.3250,2.6269

10091.3260,2.6266

10092.3250,2.6276

10093.3250,2.6277

10094.3260,2.6275

10095.3250,2.6275

10096.3260,2.6270

10097.3260,2.6270

10098.3250,2.6267

10099.3250,2.6261

10100.3250,2.6263

10101.3250,2.6255

10102.3260,2.6261

10103.3260,2.6265

10104.3260,2.6262

10105.3250,2.6274

10106.3250,2.6273

10107.3260,2.6272

10108.3250,2.6274

10109.3250,2.6276

10110.3250,2.6270

10111.3250,2.6271

10112.3250,2.6283

10113.3250,2.6276

10114.3250,2.6278

10115.3250,2.6278

10116.3260,2.6271

10117.3260,2.6266

10118.3250,2.6271

10119.3260,2.6279

10120.3250,2.6280

10121.3250,2.6284

10122.3250,2.6284

10123.3260,2.6274

10124.3250,2.6274

10125.3260,2.6281

10126.3250,2.6279

10127.3250,2.6278

10128.3250,2.6285

10129.3250,2.6275

10130.3250,2.6275

10131.3250,2.6276

10132.3260,2.6277

10133.3260,2.6276

10134.3250,2.6278

10135.3250,2.6280

10136.3250,2.6274

10137.3250,2.6279

10138.3260,2.6272

10139.3250,2.6270

10140.3250,2.6273

10141.3250,2.6272

10142.3250,2.6284

10143.3250,2.6281

10144.3250,2.6276

10145.3250,2.6284

10146.3250,2.6281

10147.3250,2.6276

10148.3270,2.6277

10149.3250,2.6277

10150.3250,2.6274

10151.3250,2.6267

10152.3260,2.6272

10153.3260,2.6272

10154.3250,2.6273

10155.3250,2.6280

10156.3270,2.6278

10157.3260,2.6273

10158.3250,2.6268

10159.3250,2.6276

10160.3250,2.6278

10161.3260,2.6272

10162.3260,2.6280

10163.3250,2.6283

10164.3250,2.6278

10165.3250,2.6283

10166.3250,2.6282

10167.3250,2.6283

10168.3250,2.6277

10169.3260,2.6284

10170.3250,2.6273

10171.3260,2.6274

10172.3250,2.6272

10173.3250,2.6280

10174.3250,2.6275

10175.3250,2.6285

10176.3260,2.6284

10177.3260,2.6273

10178.3250,2.6278

10179.3260,2.6274

10180.3250,2.6277

10181.3250,2.6279

10182.3250,2.6280

10183.3260,2.6275

10184.3250,2.6270

10185.3270,2.6272

10186.3250,2.6267

10187.3250,2.6270

10188.3250,2.6276

10189.3250,2.6268

10190.3250,2.6274

10191.3250,2.6278

10192.3250,2.6268

10193.3250,2.6263

10194.3250,2.6257

10195.3250,2.6260

10196.3250,2.6266

10197.3260,2.6269

10198.3260,2.6275

10199.3250,2.6267

10200.3250,2.6263

10201.3250,2.6265

10202.3250,2.6261

10203.3250,2.6267

10204.3260,2.6268

10205.3270,2.6272

10206.3260,2.6269

10207.3250,2.6269

10208.3260,2.6270

10209.3250,2.6275

10210.3260,2.6275

10211.3250,2.6269

10212.3250,2.6276

10213.3250,2.6270

10214.3250,2.6266

10215.3260,2.6278

10216.3250,2.6276

10217.3250,2.6278

10218.3250,2.6279

10219.3250,2.6285

10220.3250,2.6279

10221.3250,2.6272

10222.3250,2.6272

10223.3250,2.6269

10224.3250,2.6261

10225.3250,2.6267

10226.3260,2.6270

10227.3250,2.6276

10228.3250,2.6272

10229.3250,2.6271

10230.3250,2.6278

10231.3250,2.6278

10232.3260,2.6270

10233.3250,2.6272

10234.3250,2.6278

10235.3250,2.6276

10236.3250,2.6283

10237.3260,2.6280

10238.3260,2.6270

10239.3250,2.6278

10240.3250,2.6277

10241.3250,2.6277

10242.3250,2.6269

10243.3250,2.6277

10244.3250,2.6277

10245.3250,2.6275

10246.3250,2.6282

10247.3260,2.6266

10248.3250,2.6292

10249.3250,2.6272

10250.3250,2.6276

10251.3260,2.6273

10252.3260,2.6274

10253.3250,2.6269

10254.3250,2.6269

10255.3250,2.6273

10256.3250,2.6273

10257.3250,2.6263

10258.3250,2.6284

10259.3250,2.6280

10260.3260,2.6270

10261.3250,2.6268

10262.3250,2.6268

10263.3250,2.6265

10264.3250,2.6281

10265.3260,2.6283

10266.3250,2.6274

10267.3250,2.6271

10268.3250,2.6269

10269.3250,2.6269

10270.3250,2.6274

10271.3260,2.6269

10272.3250,2.6270

10273.3250,2.6267

10274.3250,2.6275

10275.3250,2.6271

10276.3250,2.6277

10277.3260,2.6269

10278.3250,2.6266

10279.3250,2.6272

10280.3250,2.6275

10281.3250,2.6273

10282.3250,2.6279

10283.3250,2.6267

10284.3260,2.6277

10285.3250,2.6276

10286.3250,2.6271

10287.3250,2.6259

10288.3260,2.6263

10289.3250,2.6270

10290.3250,2.6259

10291.3250,2.6258

10292.3250,2.6260

10293.3250,2.6259

10294.3260,2.6263

10295.3250,2.6266

10296.3250,2.6285

10297.3260,2.6272

10298.3260,2.6261

10299.3260,2.6271

10300.3250,2.6279

10301.3250,2.6278

10302.3250,2.6262

10303.3250,2.6265

10304.3250,2.6264

10305.3250,2.6265

10306.3260,2.6266

10307.3250,2.6261

10308.3260,2.6259

10309.3260,2.6266

10310.3250,2.6263

10311.3250,2.6270

10312.3250,2.6268

10313.3250,2.6273

10314.3250,2.6282

10315.3260,2.6269

10316.3250,2.6261

10317.3260,2.6269

10318.3250,2.6278

10319.3250,2.6276

10320.3260,2.6273

10321.3250,2.6268

10322.3250,2.6262

10323.3250,2.6273

10324.3260,2.6273

10325.3250,2.6271

10326.3250,2.6270

10327.3250,2.6268

10328.3250,2.6264

10329.3250,2.6264

10330.3260,2.6262

10331.3250,2.6265

10332.3250,2.6267

10333.3250,2.6256

10334.3250,2.6263

10335.3250,2.6273

10336.3260,2.6260

10337.3250,2.6259

10338.3250,2.6263

10339.3250,2.6256

10340.3250,2.6257

10341.3250,2.6266

10342.3250,2.6265

10343.3250,2.6266

10344.3250,2.6256

10345.3250,2.6258

10346.3260,2.6263

10347.3260,2.6265

10348.3250,2.6261

10349.3260,2.6267

10350.3250,2.6262

10351.3250,2.6265

10352.3250,2.6263

10353.3250,2.6253

10354.3250,2.6256

10355.3250,2.6254

10356.3250,2.6266

10357.3250,2.6267

10358.3260,2.6266

10359.3260,2.6268

10360.3250,2.6263

10361.3260,2.6270

10362.3260,2.6272

10363.3260,2.6269

10364.3250,2.6268

10365.3260,2.6262

10366.3250,2.6265

10367.3260,2.6264

10368.3250,2.6270

10369.3250,2.6262

10370.3250,2.6264

10371.3260,2.6261

10372.3250,2.6255

10373.3250,2.6260

10374.3250,2.6258

10375.3250,2.6258

10376.3270,2.6255

10377.3260,2.6262

10378.3260,2.6256

10379.3250,2.6259

10380.3250,2.6261

10381.3250,2.6266

10382.3250,2.6265

10383.3250,2.6264

10384.3250,2.6256

10385.3250,2.6248

10386.3250,2.6254

10387.3260,2.6260

10388.3250,2.6266

10389.3250,2.6273

10390.3260,2.6267

10391.3250,2.6262

10392.3250,2.6267

10393.3250,2.6262

10394.3260,2.6264

10395.3260,2.6277

10396.3250,2.6276

10397.3250,2.6270

10398.3260,2.6268

10399.3250,2.6272

10400.3250,2.6272

10401.3250,2.6281

10402.3250,2.6275

10403.3250,2.6264

10404.3250,2.6270

10405.3260,2.6264

10406.3250,2.6273

10407.3260,2.6272

10408.3250,2.6273

10409.3260,2.6273

10410.3250,2.6273

10411.3250,2.6276

10412.3260,2.6275

10413.3250,2.6281

10414.3250,2.6271

10415.3250,2.6276

10416.3250,2.6271

10417.3250,2.6267

10418.3250,2.6269

10419.3250,2.6276

10420.3250,2.6273

10421.3250,2.6272

10422.3250,2.6277

10423.3250,2.6281

10424.3250,2.6278

10425.3250,2.6279

10426.3250,2.6287

10427.3250,2.6277

10428.3250,2.6277

10429.3260,2.6275

10430.3260,2.6275

10431.3250,2.6270

10432.3250,2.6268

10433.3260,2.6259

10434.3260,2.6259

10435.3250,2.6267

10436.3250,2.6276

10437.3250,2.6273

10438.3250,2.6267

10439.3250,2.6258

10440.3250,2.6270

10441.3250,2.6261

10442.3260,2.6272

10443.3250,2.6268

10444.3250,2.6266

10445.3260,2.6263

10446.3250,2.6270

10447.3250,2.6272

10448.3250,2.6267

10449.3260,2.6262

10450.3250,2.6266

10451.3250,2.6261

10452.3260,2.6257

10453.3260,2.6258

10454.3260,2.6256

10455.3250,2.6261

10456.3260,2.6260

10457.3260,2.6259

10458.3250,2.6269

10459.3250,2.6264

10460.3250,2.6260

10461.3250,2.6257

10462.3250,2.6263

10463.3260,2.6268

10464.3250,2.6266

10465.3250,2.6261

10466.3250,2.6252

10467.3250,2.6264

10468.3250,2.6263

10469.3260,2.6264

10470.3250,2.6265

10471.3250,2.6264

10472.3260,2.6263

10473.3250,2.6260

10474.3250,2.6258

10475.3260,2.6263

10476.3250,2.6268

10477.3250,2.6271

10478.3250,2.6265

10479.3250,2.6271

10480.3250,2.6274

10481.3250,2.6273

10482.3260,2.6271

10483.3250,2.6277

10484.3260,2.6274

10485.3250,2.6269

10486.3260,2.6272

10487.3250,2.6269

10488.3250,2.6273

10489.3250,2.6273

10490.3250,2.6263

10491.3250,2.6258

10492.3250,2.6259

10493.3250,2.6257

10494.3250,2.6265

10495.3260,2.6276

10496.3250,2.6276

10497.3250,2.6266

10498.3250,2.6281

10499.3250,2.6278

10500.3250,2.6262

10501.3250,2.6250

10502.3250,2.6259

10503.3250,2.6257

10504.3250,2.6248

10505.3250,2.6250

10506.3260,2.6261

10507.3260,2.6267

10508.3250,2.6271

10509.3250,2.6281

10510.3260,2.6287

10511.3250,2.6301

10512.3250,2.6305

10513.3250,2.6302

10514.3250,2.6286

10515.3250,2.6294

10516.3260,2.6296

10517.3250,2.6287

10518.3250,2.6272

10519.3250,2.6264

10520.3260,2.6280

10521.3260,2.6284

10522.3260,2.6281

10523.3250,2.6301

10524.3250,2.6299

10525.3260,2.6301

10526.3250,2.6282

10527.3260,2.6282

10528.3250,2.6278

10529.3250,2.6279

10530.3260,2.6281

10531.3250,2.6275

10532.3250,2.6284

10533.3250,2.6281

10534.3250,2.6291

10535.3250,2.6278

10536.3250,2.6280

10537.3250,2.6286

10538.3260,2.6279

10539.3250,2.6283

10540.3250,2.6286

10541.3250,2.6291

10542.3250,2.6290

10543.3260,2.6284

10544.3250,2.6277

10545.3250,2.6281

10546.3260,2.6282

10547.3250,2.6275

10548.3250,2.6274

10549.3250,2.6279

10550.3260,2.6278

10551.3250,2.6281

10552.3250,2.6279

10553.3250,2.6284

10554.3250,2.6283

10555.3250,2.6290

10556.3250,2.6285

10557.3250,2.6287

10558.3250,2.6270

10559.3250,2.6275

10560.3250,2.6274

10561.3260,2.6278

10562.3260,2.6281

10563.3250,2.6283

10564.3260,2.6267

10565.3250,2.6274

10566.3250,2.6271

10567.3250,2.6277

10568.3250,2.6275

10569.3250,2.6274

10570.3260,2.6259

10571.3250,2.6272

10572.3260,2.6268

10573.3260,2.6264

10574.3250,2.6267

10575.3250,2.6268

10576.3250,2.6269

10577.3260,2.6271

10578.3250,2.6265

10579.3260,2.6277

10580.3250,2.6277

10581.3250,2.6282

10582.3250,2.6282

10583.3250,2.6272

10584.3250,2.6268

10585.3250,2.6270

10586.3250,2.6264

10587.3260,2.6269

10588.3250,2.6277

10589.3250,2.6278

10590.3250,2.6270

10591.3250,2.6276

10592.3250,2.6266

10593.3250,2.6270

10594.3250,2.6277

10595.3250,2.6276

10596.3250,2.6268

10597.3250,2.6265

10598.3250,2.6274

10599.3250,2.6270

10600.3250,2.6274

10601.3250,2.6281

10602.3250,2.6275

10603.3250,2.6266

10604.3260,2.6268

10605.3250,2.6277

10606.3260,2.6272

10607.3260,2.6273

10608.3250,2.6281

10609.3250,2.6269

10610.3260,2.6268

10611.3250,2.6266

10612.3260,2.6266

10613.3250,2.6262

10614.3250,2.6267

10615.3250,2.6273

10616.3260,2.6271

10617.3260,2.6273

10618.3260,2.6273

10619.3250,2.6269

10620.3260,2.6278

10621.3260,2.6278

10622.3250,2.6284

10623.3260,2.6277

10624.3250,2.6275

10625.3250,2.6279

10626.3260,2.6270

10627.3260,2.6272

10628.3250,2.6275

10629.3250,2.6275

10630.3250,2.6263

10631.3250,2.6272

10632.3260,2.6277

10633.3250,2.6267

10634.3250,2.6261

10635.3250,2.6260

10636.3250,2.6271

10637.3250,2.6270

10638.3250,2.6278

10639.3260,2.6281

10640.3260,2.6280

10641.3250,2.6279

10642.3260,2.6277

10643.3270,2.6274

10644.3250,2.6262

10645.3250,2.6268

10646.3250,2.6271

10647.3250,2.6272

10648.3250,2.6272

10649.3260,2.6279

10650.3250,2.6281

10651.3250,2.6281

10652.3250,2.6268

10653.3250,2.6275

10654.3250,2.6279

10655.3250,2.6274

10656.3250,2.6271

10657.3250,2.6284

10658.3250,2.6279

10659.3250,2.6282

10660.3250,2.6274

10661.3260,2.6272

10662.3260,2.6273

10663.3250,2.6270

10664.3250,2.6260

10665.3250,2.6269

10666.3250,2.6271

10667.3260,2.6270

10668.3260,2.6280

10669.3250,2.6281

10670.3260,2.6272

10671.3250,2.6276

10672.3250,2.6271

10673.3260,2.6268

10674.3250,2.6266

10675.3260,2.6271

10676.3250,2.6273

10677.3250,2.6276

10678.3250,2.6286

10679.3250,2.6277

10680.3250,2.6278

10681.3250,2.6280

10682.3260,2.6276

10683.3250,2.6280

10684.3250,2.6276

10685.3250,2.6269

10686.3250,2.6276

10687.3250,2.6277

10688.3260,2.6275

10689.3250,2.6272

10690.3250,2.6262

10691.3250,2.6262

10692.3260,2.6266

10693.3260,2.6274

10694.3250,2.6274

10695.3260,2.6278

10696.3260,2.6273

10697.3250,2.6263

10698.3250,2.6260

10699.3260,2.6261

10700.3250,2.6263

10701.3250,2.6268

10702.3250,2.6273

10703.3260,2.6270

10704.3250,2.6270

10705.3250,2.6260

10706.3260,2.6260

10707.3250,2.6263

10708.3250,2.6261

10709.3260,2.6267

10710.3250,2.6269

10711.3250,2.6272

10712.3260,2.6280

10713.3250,2.6274

10714.3250,2.6266

10715.3250,2.6256

10716.3250,2.6256

10717.3250,2.6262

10718.3250,2.6278

10719.3250,2.6275

10720.3260,2.6278

10721.3250,2.6272

10722.3260,2.6274

10723.3250,2.6277

10724.3250,2.6284

10725.3260,2.6276

10726.3250,2.6280

10727.3250,2.6277

10728.3250,2.6272

10729.3260,2.6267

10730.3250,2.6276

10731.3260,2.6274

10732.3250,2.6277

10733.3250,2.6274

10734.3260,2.6278

10735.3250,2.6282

10736.3250,2.6274

10737.3250,2.6272

10738.3250,2.6274

10739.3250,2.6279

10740.3260,2.6279

10741.3260,2.6276

10742.3250,2.6287

10743.3250,2.6284

10744.3260,2.6284

10745.3260,2.6285

10746.3250,2.6277

10747.3250,2.6295

10748.3250,2.6282

10749.3250,2.6277

10750.3260,2.6285

10751.3260,2.6286

10752.3250,2.6276

10753.3250,2.6273

10754.3250,2.6273

10755.3250,2.6283

10756.3260,2.6286

10757.3250,2.6276

10758.3250,2.6278

10759.3250,2.6278

10760.3260,2.6280

10761.3250,2.6276

10762.3250,2.6275

10763.3250,2.6265

10764.3260,2.6260

10765.3250,2.6271

10766.3250,2.6280

10767.3250,2.6280

10768.3250,2.6276

10769.3250,2.6277

10770.3260,2.6284

10771.3250,2.6282

10772.3250,2.6279

10773.3250,2.6284

10774.3250,2.6281

10775.3250,2.6268

10776.3270,2.6271

10777.3250,2.6277

10778.3250,2.6278

10779.3250,2.6283

10780.3250,2.6283

10781.3260,2.6284

10782.3260,2.6276

10783.3250,2.6280

10784.3250,2.6278

10785.3250,2.6273

10786.3260,2.6287

10787.3250,2.6293

10788.3250,2.6287

10789.3250,2.6268

10790.3250,2.6268

10791.3250,2.6275

10792.3250,2.6276

10793.3260,2.6281

10794.3250,2.6280

10795.3250,2.6266

10796.3250,2.6270

10797.3250,2.6274

10798.3250,2.6273

10799.3250,2.6269

10800.3250,2.6271

10801.3270,2.6268

10802.3250,2.6268

10803.3250,2.6270

10804.3250,2.6277

10805.3250,2.6275

10806.3250,2.6284

10807.3250,2.6286

10808.3260,2.6276

10809.3250,2.6279

10810.3250,2.6273

10811.3250,2.6278

10812.3250,2.6279

10813.3250,2.6281

10814.3260,2.6275

10815.3260,2.6285

10816.3250,2.6284

10817.3250,2.6283

10818.3250,2.6286

10819.3250,2.6284

10820.3260,2.6285

10821.3250,2.6297

10822.3250,2.6288

10823.3250,2.6288

10824.3250,2.6286

10825.3250,2.6285

10826.3250,2.6278

10827.3250,2.6287

10828.3250,2.6289

10829.3260,2.6286

10830.3250,2.6293

10831.3250,2.6287

10832.3260,2.6284

10833.3250,2.6288

10834.3270,2.6288

10835.3250,2.6289

10836.3260,2.6291

10837.3250,2.6285

10838.3260,2.6278

10839.3250,2.6281

10840.3250,2.6285

10841.3270,2.6288

10842.3250,2.6293

10843.3250,2.6286

10844.3260,2.6291

10845.3250,2.6284

10846.3250,2.6284

10847.3260,2.6294

10848.3260,2.6282

10849.3260,2.6289

10850.3250,2.6287

10851.3250,2.6289

10852.3250,2.6293

10853.3250,2.6293

10854.3250,2.6289

10855.3250,2.6288

10856.3260,2.6281

10857.3260,2.6298

10858.3250,2.6287

10859.3250,2.6284

10860.3260,2.6283

10861.3260,2.6291

10862.3260,2.6292

10863.3250,2.6293

10864.3250,2.6284

10865.3260,2.6278

10866.3250,2.6285

10867.3250,2.6284

10868.3260,2.6290

10869.3250,2.6286

10870.3250,2.6288

10871.3250,2.6290

10872.3250,2.6292

10873.3250,2.6289

10874.3250,2.6291

10875.3260,2.6295

10876.3250,2.6288

10877.3260,2.6287

10878.3250,2.6276

10879.3260,2.6267

10880.3250,2.6275

10881.3250,2.6271

10882.3250,2.6289

10883.3250,2.6296

10884.3250,2.6292

10885.3250,2.6293

10886.3250,2.6291

10887.3250,2.6287

10888.3250,2.6282

10889.3250,2.6281

10890.3260,2.6288

10891.3250,2.6297

10892.3260,2.6293

10893.3250,2.6290

10894.3260,2.6290

10895.3250,2.6297

10896.3260,2.6292

10897.3260,2.6296

10898.3260,2.6293

10899.3260,2.6299

10900.3250,2.6297

10901.3250,2.6274

10902.3250,2.6285

10903.3250,2.6289

10904.3250,2.6288

10905.3260,2.6282

10906.3260,2.6283

10907.3250,2.6289

10908.3250,2.6295

10909.3260,2.6294

10910.3260,2.6280

10911.3250,2.6284

10912.3260,2.6284

10913.3250,2.6283

10914.3250,2.6281

10915.3260,2.6282

10916.3250,2.6280

10917.3250,2.6281

10918.3250,2.6291

10919.3250,2.6281

10920.3250,2.6287

10921.3250,2.6287

10922.3250,2.6292

10923.3250,2.6281

10924.3250,2.6284

10925.3260,2.6285

10926.3250,2.6278

10927.3260,2.6277

10928.3250,2.6280

10929.3250,2.6281

10930.3250,2.6287

10931.3260,2.6285

10932.3250,2.6283

10933.3260,2.6294

10934.3260,2.6288

10935.3250,2.6288

10936.3250,2.6288

10937.3250,2.6288

10938.3250,2.6288

10939.3250,2.6290

10940.3260,2.6295

10941.3250,2.6290

10942.3260,2.6284

10943.3260,2.6278

10944.3250,2.6283

10945.3260,2.6284

10946.3260,2.6285

10947.3250,2.6290

10948.3250,2.6291

10949.3250,2.6291

10950.3260,2.6282

10951.3260,2.6280

10952.3260,2.6284

10953.3250,2.6290

10954.3250,2.6287

10955.3250,2.6281

10956.3250,2.6291

10957.3250,2.6282

10958.3250,2.6276

10959.3250,2.6281

10960.3250,2.6283

10961.3250,2.6288

10962.3250,2.6288

10963.3250,2.6287

10964.3250,2.6289

10965.3250,2.6283

10966.3250,2.6287

10967.3260,2.6286

10968.3250,2.6285

10969.3260,2.6302

10970.3260,2.6287

10971.3250,2.6293

10972.3260,2.6294

10973.3260,2.6286

10974.3250,2.6291

10975.3260,2.6296

10976.3250,2.6291

10977.3250,2.6284

10978.3250,2.6292

10979.3260,2.6288

10980.3250,2.6284

10981.3250,2.6289

10982.3250,2.6281

10983.3250,2.6283

10984.3250,2.6284

10985.3250,2.6288

10986.3250,2.6288

10987.3260,2.6283

10988.3250,2.6282

10989.3250,2.6281

10990.3250,2.6279

10991.3250,2.6281

10992.3260,2.6288

10993.3260,2.6286

10994.3250,2.6288

10995.3250,2.6288

10996.3250,2.6285

10997.3250,2.6285

10998.3250,2.6285

10999.3250,2.6292

11000.3250,2.6286

11001.3250,2.6289

11002.3250,2.6292

11003.3250,2.6297

11004.3250,2.6301

11005.3250,2.6307

11006.3250,2.6286

11007.3250,2.6294

11008.3250,2.6299

11009.3250,2.6300

11010.3250,2.6308

11011.3250,2.6302

11012.3250,2.6311

11013.3260,2.6303

11014.3250,2.6296

11015.3250,2.6306

11016.3260,2.6306

11017.3250,2.6301

11018.3250,2.6296

11019.3250,2.6295

11020.3250,2.6302

11021.3260,2.6297

11022.3260,2.6304

11023.3250,2.6302

11024.3260,2.6303

11025.3250,2.6296

11026.3250,2.6286

11027.3250,2.6279

11028.3250,2.6284

11029.3250,2.6275

11030.3250,2.6281

11031.3250,2.6284

11032.3260,2.6292

11033.3260,2.6288

11034.3250,2.6287

11035.3250,2.6289

11036.3250,2.6291

11037.3250,2.6283

11038.3250,2.6282

11039.3250,2.6284

11040.3250,2.6281

11041.3250,2.6286

11042.3250,2.6283

11043.3260,2.6291

11044.3260,2.6291

11045.3250,2.6272

11046.3260,2.6268

11047.3250,2.6276

11048.3250,2.6278

11049.3260,2.6281

11050.3260,2.6282

11051.3250,2.6291

11052.3250,2.6284

11053.3250,2.6288

11054.3260,2.6283

11055.3250,2.6274

11056.3250,2.6280

11057.3250,2.6279

11058.3250,2.6285

11059.3250,2.6283

11060.3250,2.6284

11061.3250,2.6277

11062.3250,2.6277

11063.3250,2.6285

11064.3250,2.6285

11065.3260,2.6282

11066.3250,2.6284

11067.3260,2.6285

11068.3250,2.6285

11069.3250,2.6279

11070.3250,2.6279

11071.3250,2.6279

11072.3250,2.6279

11073.3250,2.6280

11074.3250,2.6278

11075.3250,2.6275

11076.3250,2.6277

11077.3250,2.6274

11078.3250,2.6271

11079.3250,2.6281

11080.3260,2.6289

11081.3260,2.6285

11082.3260,2.6288

11083.3250,2.6281

11084.3250,2.6287

11085.3250,2.6288

11086.3250,2.6291

11087.3250,2.6285

11088.3250,2.6282

11089.3250,2.6292

11090.3250,2.6289

11091.3250,2.6283

11092.3250,2.6288

11093.3260,2.6293

11094.3260,2.6292

11095.3250,2.6296

11096.3250,2.6293

11097.3250,2.6282

11098.3260,2.6285

11099.3250,2.6295

11100.3250,2.6287

11101.3250,2.6276

11102.3260,2.6280

11103.3250,2.6287

11104.3250,2.6287

11105.3250,2.6292

11106.3270,2.6289

11107.3250,2.6287

11108.3260,2.6286

11109.3250,2.6284

11110.3260,2.6289

11111.3250,2.6286

11112.3250,2.6292

11113.3260,2.6283

11114.3250,2.6281

11115.3250,2.6279

11116.3250,2.6291

11117.3250,2.6287

11118.3250,2.6282

11119.3250,2.6287

11120.3260,2.6279

11121.3260,2.6278

11122.3250,2.6288

11123.3250,2.6293

11124.3250,2.6287

11125.3260,2.6294

11126.3250,2.6288

11127.3250,2.6277

11128.3250,2.6290

11129.3250,2.6280

11130.3250,2.6273

11131.3250,2.6283

11132.3260,2.6282

11133.3250,2.6282

11134.3260,2.6276

11135.3250,2.6274

11136.3250,2.6277

11137.3260,2.6284

11138.3250,2.6281

11139.3250,2.6276

11140.3250,2.6278

11141.3250,2.6279

11142.3250,2.6284

11143.3250,2.6288

11144.3260,2.6293

11145.3250,2.6304

11146.3250,2.6296

11147.3250,2.6293

11148.3250,2.6300

11149.3250,2.6297

11150.3250,2.6294

11151.3250,2.6289

11152.3260,2.6295

11153.3250,2.6294

11154.3250,2.6290

11155.3260,2.6292

11156.3260,2.6297

11157.3250,2.6293

11158.3250,2.6293

11159.3250,2.6293

11160.3250,2.6291

11161.3250,2.6283

11162.3250,2.6293

11163.3250,2.6289

11164.3250,2.6294

11165.3250,2.6289

11166.3250,2.6289

11167.3260,2.6294

11168.3250,2.6293

11169.3270,2.6288

11170.3260,2.6291

11171.3260,2.6289

11172.3260,2.6290

11173.3250,2.6287

11174.3260,2.6288

11175.3250,2.6296

11176.3250,2.6294

11177.3250,2.6289

11178.3260,2.6287

11179.3250,2.6288

11180.3250,2.6281

11181.3260,2.6281

11182.3250,2.6287

11183.3250,2.6283

11184.3250,2.6293

11185.3250,2.6285

11186.3250,2.6284

11187.3250,2.6280

11188.3250,2.6284

11189.3260,2.6286

11190.3260,2.6284

11191.3250,2.6287

11192.3250,2.6284

11193.3260,2.6285

11194.3250,2.6288

11195.3270,2.6282

11196.3250,2.6280

11197.3250,2.6280

11198.3250,2.6282

11199.3250,2.6288

11200.3250,2.6281

11201.3250,2.6283

11202.3260,2.6287

11203.3250,2.6285

11204.3250,2.6285

11205.3250,2.6281

11206.3250,2.6280

11207.3250,2.6277

11208.3250,2.6274

11209.3250,2.6275

11210.3250,2.6290

11211.3250,2.6280

11212.3250,2.6274

11213.3250,2.6278

11214.3260,2.6281

11215.3250,2.6277

11216.3250,2.6280

11217.3250,2.6287

11218.3260,2.6287

11219.3260,2.6289

11220.3250,2.6283

11221.3250,2.6292

11222.3260,2.6281

11223.3250,2.6285

11224.3250,2.6287

11225.3250,2.6294

11226.3250,2.6292

11227.3250,2.6296

11228.3260,2.6295

11229.3250,2.6290

11230.3250,2.6302

11231.3250,2.6291

11232.3250,2.6299

11233.3250,2.6290

11234.3250,2.6280

11235.3260,2.6277

11236.3250,2.6281

11237.3250,2.6279

11238.3250,2.6277

11239.3250,2.6272

11240.3260,2.6275

11241.3250,2.6282

11242.3250,2.6286

11243.3250,2.6289

11244.3250,2.6283

11245.3250,2.6285

11246.3250,2.6291

11247.3250,2.6294

11248.3250,2.6289

11249.3250,2.6288

11250.3250,2.6303

11251.3250,2.6302

11252.3260,2.6292

11253.3250,2.6283

11254.3250,2.6283

11255.3250,2.6284

11256.3250,2.6278

11257.3260,2.6277

11258.3250,2.6297

11259.3260,2.6293

11260.3250,2.6296

11261.3260,2.6296

11262.3260,2.6297

11263.3250,2.6291

11264.3250,2.6290

11265.3250,2.6300

11266.3250,2.6295

11267.3250,2.6283

11268.3250,2.6302

11269.3250,2.6293

11270.3260,2.6292

11271.3250,2.6287

11272.3250,2.6294

11273.3250,2.6295

11274.3250,2.6291

11275.3250,2.6291

11276.3250,2.6298

11277.3260,2.6294

11278.3250,2.6298

11279.3250,2.6300

11280.3250,2.6291

11281.3250,2.6294

11282.3250,2.6293

11283.3250,2.6293

11284.3250,2.6299

11285.3250,2.6295

11286.3260,2.6288

11287.3250,2.6290

11288.3260,2.6294

11289.3250,2.6295

11290.3250,2.6298

11291.3250,2.6302

11292.3250,2.6301

11293.3250,2.6295

11294.3250,2.6288

11295.3260,2.6288

11296.3250,2.6293

11297.3250,2.6292

11298.3250,2.6291

11299.3250,2.6291

11300.3250,2.6288

11301.3250,2.6289

11302.3250,2.6289

11303.3250,2.6284

11304.3250,2.6290

11305.3260,2.6291

11306.3250,2.6289

11307.3260,2.6301

11308.3250,2.6294

11309.3250,2.6298

11310.3260,2.6292

11311.3250,2.6297

11312.3250,2.6294

11313.3250,2.6305

11314.3250,2.6301

11315.3260,2.6297

11316.3250,2.6296

11317.3250,2.6285

11318.3250,2.6295

11319.3250,2.6291

11320.3250,2.6293

11321.3260,2.6300

11322.3270,2.6308

11323.3260,2.6304

11324.3260,2.6305

11325.3260,2.6297

11326.3260,2.6295

11327.3260,2.6306

11328.3250,2.6302

11329.3250,2.6305

11330.3250,2.6306

11331.3250,2.6304

11332.3250,2.6307

11333.3250,2.6316

11334.3250,2.6311

11335.3250,2.6311

11336.3250,2.6309

11337.3250,2.6312

11338.3260,2.6310

11339.3250,2.6303

11340.3250,2.6305

11341.3260,2.6305

11342.3250,2.6301

11343.3250,2.6302

11344.3260,2.6305

11345.3250,2.6304

11346.3250,2.6306

11347.3250,2.6307

11348.3250,2.6308

11349.3250,2.6298

11350.3260,2.6303

11351.3250,2.6302

11352.3250,2.6304

11353.3250,2.6307

11354.3250,2.6302

11355.3250,2.6307

11356.3250,2.6315

11357.3250,2.6307

11358.3250,2.6303

11359.3250,2.6304

11360.3250,2.6299

11361.3250,2.6296

11362.3250,2.6299

11363.3260,2.6294

11364.3250,2.6302

11365.3260,2.6304

11366.3260,2.6304

11367.3250,2.6303

11368.3250,2.6305

11369.3250,2.6313

11370.3250,2.6306

11371.3260,2.6309

11372.3250,2.6311

11373.3250,2.6309

11374.3250,2.6306

11375.3250,2.6303

11376.3250,2.6305

11377.3250,2.6310

11378.3270,2.6309

11379.3250,2.6302

11380.3250,2.6305

11381.3260,2.6305

11382.3250,2.6310

11383.3250,2.6308

11384.3260,2.6314

11385.3260,2.6305

11386.3250,2.6313

11387.3250,2.6312

11388.3250,2.6312

11389.3250,2.6303

11390.3250,2.6304

11391.3250,2.6302

11392.3250,2.6307

11393.3250,2.6302

11394.3260,2.6307

11395.3260,2.6311

11396.3260,2.6305

11397.3260,2.6299

11398.3250,2.6303

11399.3250,2.6312

11400.3250,2.6309

11401.3250,2.6309

11402.3260,2.6312

11403.3250,2.6300

11404.3260,2.6306

11405.3250,2.6304

11406.3250,2.6311

11407.3260,2.6313

11408.3260,2.6310

11409.3250,2.6306

11410.3260,2.6309

11411.3260,2.6315

11412.3250,2.6311

11413.3250,2.6314

11414.3250,2.6317

11415.3250,2.6310

11416.3260,2.6311

11417.3250,2.6320

11418.3260,2.6315

11419.3250,2.6315

11420.3250,2.6315

11421.3250,2.6315

11422.3250,2.6313

11423.3250,2.6322

11424.3260,2.6310

11425.3250,2.6311

11426.3250,2.6309

11427.3250,2.6309

11428.3260,2.6305

11429.3250,2.6306

11430.3250,2.6311

11431.3250,2.6310

11432.3260,2.6314

11433.3250,2.6309

11434.3260,2.6310

11435.3250,2.6310

11436.3250,2.6303

11437.3250,2.6306

11438.3250,2.6305

11439.3250,2.6306

11440.3250,2.6311

11441.3250,2.6305

11442.3250,2.6305

11443.3250,2.6307

11444.3250,2.6308

11445.3260,2.6304

11446.3250,2.6306

11447.3260,2.6307

11448.3260,2.6305

11449.3250,2.6303

11450.3250,2.6302

11451.3250,2.6298

11452.3250,2.6304

11453.3260,2.6306

11454.3250,2.6304

11455.3250,2.6302

11456.3250,2.6299

11457.3250,2.6297

11458.3250,2.6293

11459.3260,2.6299

11460.3250,2.6292

11461.3250,2.6292

11462.3250,2.6295

11463.3250,2.6291

11464.3250,2.6289

11465.3250,2.6291

11466.3250,2.6295

11467.3250,2.6293

11468.3260,2.6291

11469.3260,2.6294

11470.3250,2.6296

11471.3250,2.6289

11472.3250,2.6297

11473.3260,2.6288

11474.3250,2.6301

11475.3250,2.6299

11476.3250,2.6299

11477.3250,2.6295

11478.3250,2.6289

11479.3250,2.6290

11480.3250,2.6294

11481.3250,2.6293

11482.3270,2.6294

11483.3260,2.6298

11484.3260,2.6288

11485.3260,2.6285

11486.3260,2.6291

11487.3250,2.6288

11488.3250,2.6285

11489.3260,2.6288

11490.3250,2.6291

11491.3250,2.6288

11492.3250,2.6296

11493.3250,2.6300

11494.3250,2.6297

11495.3250,2.6289

11496.3250,2.6300

11497.3250,2.6292

11498.3250,2.6293

11499.3250,2.6298

11500.3250,2.6291

11501.3250,2.6294

11502.3250,2.6290

11503.3250,2.6301

11504.3250,2.6296

11505.3250,2.6299

11506.3250,2.6301

11507.3250,2.6292

11508.3250,2.6292

11509.3250,2.6287

11510.3250,2.6287

11511.3250,2.6299

11512.3250,2.6293

11513.3250,2.6290

11514.3250,2.6295

11515.3250,2.6290

11516.3250,2.6301

11517.3260,2.6300

11518.3250,2.6294

11519.3250,2.6304

11520.3250,2.6295

11521.3270,2.6294

11522.3250,2.6291

11523.3260,2.6298

11524.3250,2.6299

11525.3250,2.6300

11526.3250,2.6305

11527.3250,2.6303

11528.3250,2.6296

11529.3250,2.6307

11530.3250,2.6311

11531.3250,2.6318

11532.3270,2.6314

11533.3250,2.6309

11534.3260,2.6309

11535.3270,2.6310

11536.3250,2.6300

11537.3250,2.6299

11538.3250,2.6294

11539.3250,2.6298

11540.3250,2.6298

11541.3250,2.6299

11542.3250,2.6299

11543.3270,2.6302

11544.3250,2.6297

11545.3250,2.6296

11546.3250,2.6298

11547.3260,2.6301

11548.3250,2.6307

11549.3250,2.6302

11550.3250,2.6301

11551.3260,2.6308

11552.3250,2.6306

11553.3260,2.6308

11554.3250,2.6309

11555.3250,2.6316

11556.3250,2.6311

11557.3260,2.6303

11558.3250,2.6308

11559.3250,2.6308

11560.3250,2.6309

11561.3250,2.6312

11562.3260,2.6312

11563.3250,2.6315

11564.3260,2.6312

11565.3250,2.6315

11566.3250,2.6304

11567.3250,2.6310

11568.3250,2.6312

11569.3250,2.6310

11570.3250,2.6304

11571.3250,2.6305

11572.3260,2.6309

11573.3250,2.6311

11574.3260,2.6302

11575.3260,2.6315

11576.3250,2.6308

11577.3250,2.6304

11578.3250,2.6305

11579.3250,2.6312

11580.3250,2.6307

11581.3250,2.6299

11582.3250,2.6292

11583.3250,2.6303

11584.3250,2.6304

11585.3250,2.6302

11586.3260,2.6300

11587.3250,2.6303

11588.3250,2.6307

11589.3250,2.6304

11590.3250,2.6311

11591.3250,2.6300

11592.3260,2.6302

11593.3250,2.6301

11594.3250,2.6309

11595.3250,2.6311

11596.3250,2.6315

11597.3250,2.6311

11598.3250,2.6308

11599.3250,2.6319

11600.3250,2.6313

11601.3250,2.6321

11602.3270,2.6316

11603.3250,2.6312

11604.3250,2.6321

11605.3270,2.6316

11606.3260,2.6316

11607.3250,2.6312

11608.3250,2.6316

11609.3250,2.6318

11610.3250,2.6312

11611.3270,2.6311

11612.3260,2.6320

11613.3250,2.6313

11614.3260,2.6316

11615.3260,2.6321

11616.3250,2.6317

11617.3250,2.6312

11618.3250,2.6322

11619.3250,2.6316

11620.3250,2.6324

11621.3250,2.6320

11622.3250,2.6317

11623.3250,2.6313

11624.3260,2.6315

11625.3250,2.6311

11626.3270,2.6309

11627.3260,2.6318

11628.3260,2.6317

11629.3250,2.6316

11630.3250,2.6327

11631.3260,2.6318

11632.3250,2.6322

11633.3260,2.6323

11634.3250,2.6326

11635.3250,2.6324

11636.3250,2.6323

11637.3250,2.6326

11638.3250,2.6324

11639.3250,2.6329

11640.3260,2.6325

11641.3250,2.6332

11642.3250,2.6324

11643.3260,2.6331

11644.3250,2.6328

11645.3260,2.6321

11646.3260,2.6324

11647.3250,2.6318

11648.3250,2.6319

11649.3250,2.6322

11650.3250,2.6326

11651.3250,2.6322

11652.3260,2.6316

11653.3250,2.6309

11654.3250,2.6308

11655.3250,2.6317

11656.3250,2.6312

11657.3250,2.6319

11658.3250,2.6324

11659.3250,2.6326

11660.3250,2.6320

11661.3260,2.6321

11662.3250,2.6322

11663.3250,2.6316

11664.3270,2.6316

11665.3250,2.6317

11666.3250,2.6321

11667.3250,2.6319

11668.3250,2.6319

11669.3250,2.6330

11670.3250,2.6323

11671.3260,2.6322

11672.3250,2.6327

11673.3250,2.6327

11674.3260,2.6330

11675.3250,2.6323

11676.3250,2.6318

11677.3250,2.6315

11678.3260,2.6310

11679.3250,2.6317

11680.3250,2.6323

11681.3260,2.6327

11682.3270,2.6318

11683.3250,2.6320

11684.3260,2.6318

11685.3260,2.6317

11686.3250,2.6319

11687.3250,2.6316

11688.3250,2.6324

11689.3250,2.6323

11690.3250,2.6322

11691.3250,2.6314

11692.3250,2.6314

11693.3250,2.6316

11694.3260,2.6314

11695.3250,2.6314

11696.3250,2.6313

11697.3250,2.6318

11698.3260,2.6313

11699.3260,2.6311

11700.3260,2.6309

11701.3250,2.6311

11702.3250,2.6324

11703.3250,2.6326

11704.3260,2.6317

11705.3250,2.6314

11706.3260,2.6325

11707.3250,2.6326

11708.3260,2.6321

11709.3250,2.6320

11710.3250,2.6316

11711.3260,2.6320

11712.3250,2.6310

11713.3260,2.6317

11714.3250,2.6318

11715.3250,2.6316

11716.3250,2.6313

11717.3250,2.6323

11718.3250,2.6317

11719.3250,2.6318

11720.3250,2.6315

11721.3260,2.6316

11722.3250,2.6318

11723.3250,2.6312

11724.3250,2.6307

11725.3250,2.6304

11726.3260,2.6304

11727.3250,2.6304

11728.3250,2.6309

11729.3250,2.6318

11730.3250,2.6316

11731.3250,2.6315

11732.3250,2.6322

11733.3260,2.6311

11734.3250,2.6308

11735.3250,2.6311

11736.3250,2.6315

11737.3250,2.6319

11738.3250,2.6316

11739.3260,2.6313

11740.3250,2.6313

11741.3250,2.6315

11742.3250,2.6308

11743.3250,2.6311

11744.3250,2.6304

11745.3250,2.6319

11746.3250,2.6307

11747.3250,2.6316

11748.3250,2.6322

11749.3260,2.6315

11750.3250,2.6308

11751.3260,2.6300

11752.3250,2.6302

11753.3250,2.6303

11754.3250,2.6311

11755.3260,2.6307

11756.3250,2.6308

11757.3260,2.6312

11758.3250,2.6298

11759.3250,2.6306

11760.3250,2.6308

11761.3250,2.6314

11762.3250,2.6316

11763.3250,2.6306

11764.3250,2.6315

11765.3250,2.6314

11766.5500,2.6318

11767.4190,2.6321

11768.3260,2.6312

11769.3250,2.6308

11770.3250,2.6309

11771.3250,2.6321

11772.3250,2.6313

11773.3250,2.6312

11774.3250,2.6307

11775.3250,2.6304

11776.3250,2.6308

11777.3250,2.6297

11778.3250,2.6305

11779.3250,2.6301

11780.3250,2.6301

11781.3250,2.6309

11782.3250,2.6307

11783.3250,2.6307

11784.3250,2.6304

11785.3250,2.6310

11786.3250,2.6314

11787.3250,2.6313

11788.3250,2.6310

11789.3250,2.6318

11790.3250,2.6313

11791.3250,2.6314

11792.3260,2.6306

11793.3260,2.6306

11794.3250,2.6310

11795.3250,2.6323

11796.3260,2.6318

11797.3250,2.6312

11798.3250,2.6316

11799.3250,2.6309

11800.3250,2.6313

11801.3250,2.6307

11802.3250,2.6307

11803.3250,2.6319

11804.3250,2.6311

11805.3250,2.6312

11806.3260,2.6307

11807.3250,2.6307

11808.3260,2.6315

11809.3250,2.6309

11810.3250,2.6313

11811.3250,2.6315

11812.3260,2.6318

11813.3250,2.6314

11814.3260,2.6312

11815.3250,2.6314

11816.3260,2.6312

11817.3250,2.6299

11818.3260,2.6310

11819.3250,2.6311

11820.3250,2.6307

11821.3250,2.6309

11822.3250,2.6317

11823.3250,2.6311

11824.3250,2.6313

11825.3250,2.6306

11826.3260,2.6306

11827.3250,2.6322

11828.3250,2.6316

11829.3250,2.6305

11830.3250,2.6306

11831.3260,2.6305

11832.3250,2.6319

11833.3260,2.6327

11834.3250,2.6318

11835.3250,2.6313

11836.3270,2.6313

11837.3250,2.6321

11838.3260,2.6313

11839.3260,2.6307

11840.3250,2.6309

11841.3250,2.6317

11842.3250,2.6319

11843.3250,2.6317

11844.3250,2.6312

11845.3250,2.6304

11846.3250,2.6305

11847.3250,2.6318

11848.3250,2.6313

11849.3250,2.6316

11850.3250,2.6311

11851.3260,2.6312

11852.3250,2.6317

11853.3270,2.6312

11854.3250,2.6318

11855.3260,2.6325

11856.3250,2.6325

11857.3250,2.6320

11858.3250,2.6315

11859.3250,2.6324

11860.3250,2.6331

11861.3250,2.6329

11862.3250,2.6322

11863.3250,2.6328

11864.3260,2.6319

11865.3250,2.6322

11866.3260,2.6323

11867.3260,2.6321

11868.3250,2.6319

11869.3250,2.6324

11870.3260,2.6316

11871.3260,2.6319

11872.3270,2.6319

11873.3250,2.6318

11874.3250,2.6316

11875.3260,2.6317

11876.3260,2.6323

11877.3250,2.6319

11878.3260,2.6315

11879.3260,2.6319

11880.3260,2.6318

11881.3250,2.6311

11882.3250,2.6303

11883.3250,2.6305

11884.3250,2.6305

11885.3250,2.6306

11886.3250,2.6312

11887.3250,2.6315

11888.3250,2.6310

11889.3250,2.6307

11890.3250,2.6306

11891.3250,2.6305

11892.3250,2.6311

11893.3250,2.6302

11894.3250,2.6304

11895.3250,2.6303

11896.3250,2.6307

11897.3250,2.6306

11898.3250,2.6305

11899.3250,2.6302

11900.3250,2.6313

11901.3260,2.6303

11902.3260,2.6302

11903.3250,2.6302

11904.3250,2.6312

11905.3250,2.6313

11906.3250,2.6316

11907.3250,2.6320

11908.3260,2.6314

11909.3260,2.6321

11910.3250,2.6316

11911.3250,2.6323

11912.3260,2.6318

11913.3250,2.6323

11914.3250,2.6320

11915.3250,2.6320

11916.3260,2.6313

11917.3260,2.6314

11918.3250,2.6312

11919.3250,2.6310

11920.3250,2.6313

11921.3250,2.6320

11922.3250,2.6312

11923.3250,2.6315

11924.3260,2.6310

11925.3250,2.6308

11926.3250,2.6316

11927.3250,2.6309

11928.3250,2.6304

11929.3250,2.6309

11930.3260,2.6305

11931.3250,2.6308

11932.3250,2.6313

11933.3250,2.6315

11934.3250,2.6314

11935.3250,2.6316

11936.3250,2.6317

11937.3250,2.6318

11938.3250,2.6310

11939.3250,2.6310

11940.3250,2.6307

11941.3250,2.6312

11942.3260,2.6319

11943.3250,2.6310

11944.3250,2.6311

11945.3260,2.6312

11946.3250,2.6311

11947.3250,2.6310

11948.3260,2.6297

11949.3250,2.6317

11950.3250,2.6316

11951.3250,2.6312

11952.3250,2.6309

11953.3250,2.6309

11954.3250,2.6313

11955.3250,2.6310

11956.3250,2.6310

11957.3250,2.6306

11958.3250,2.6312

11959.3250,2.6314

11960.3250,2.6322

11961.3260,2.6316

11962.3250,2.6314

11963.3250,2.6311

11964.3260,2.6315

11965.3260,2.6315

11966.3250,2.6319

11967.3250,2.6311

11968.3250,2.6310

11969.3260,2.6319

11970.3260,2.6323

11971.3250,2.6323

11972.3260,2.6320

11973.3260,2.6312

11974.3250,2.6313

11975.3250,2.6313

11976.3250,2.6314

11977.3250,2.6315

11978.3250,2.6308

11979.3250,2.6315

11980.3250,2.6319

11981.3260,2.6315

11982.3250,2.6314

11983.3250,2.6326

11984.3250,2.6313

11985.3250,2.6312

11986.3260,2.6320

11987.3250,2.6313

11988.3250,2.6322

11989.3250,2.6313

11990.3250,2.6305

11991.3250,2.6314

11992.3250,2.6319

11993.3260,2.6319

11994.3250,2.6330

11995.3260,2.6319

11996.3250,2.6324

11997.3250,2.6316

11998.3250,2.6316

11999.3250,2.6321

12000.3250,2.6321

12001.3250,2.6317

12002.3260,2.6326

12003.3250,2.6320

12004.3250,2.6324

12005.3250,2.6320

12006.3260,2.6314

12007.3260,2.6318

12008.3260,2.6309

12009.3260,2.6312

12010.3250,2.6312

12011.3250,2.6312

12012.3250,2.6313

12013.3250,2.6310

12014.3250,2.6308

12015.3250,2.6314

12016.3260,2.6310

12017.3250,2.6317

12018.3250,2.6313

12019.3250,2.6307

12020.3250,2.6312

12021.3250,2.6313

12022.3260,2.6313

12023.3260,2.6307

12024.3250,2.6312

12025.3250,2.6305

12026.3250,2.6306

12027.3260,2.6307

12028.3250,2.6305

12029.3250,2.6306

12030.3250,2.6314

12031.3250,2.6309

12032.3250,2.6310

12033.3250,2.6314

12034.3250,2.6310

12035.3250,2.6309

12036.3250,2.6315

12037.3260,2.6310

12038.3250,2.6308

12039.3250,2.6311

12040.3250,2.6314

12041.3250,2.6311

12042.3250,2.6315

12043.3250,2.6313

12044.3250,2.6315

12045.3250,2.6322

12046.3250,2.6320

12047.3250,2.6317

12048.3260,2.6315

12049.3250,2.6327

12050.3250,2.6317

12051.3250,2.6322

12052.3260,2.6319

12053.3250,2.6320

12054.3250,2.6314

12055.3260,2.6319

12056.3260,2.6322

12057.3250,2.6319

12058.3250,2.6316

12059.3250,2.6315

12060.3260,2.6311

12061.3250,2.6321

12062.3250,2.6313

12063.3260,2.6318

12064.3250,2.6317

12065.3250,2.6320

12066.3250,2.6318

12067.3260,2.6315

12068.3260,2.6317

12069.3250,2.6321

12070.3250,2.6311

12071.3250,2.6325

12072.3250,2.6322

12073.3250,2.6319

12074.3260,2.6319

12075.3270,2.6315

12076.3250,2.6317

12077.3250,2.6317

12078.3250,2.6315

12079.3250,2.6311

12080.3250,2.6312

12081.3250,2.6307

12082.3250,2.6314

12083.3250,2.6319

12084.3250,2.6314

12085.3250,2.6321

12086.3250,2.6326

12087.3260,2.6318

12088.3260,2.6310

12089.3260,2.6314

12090.3250,2.6322

12091.3260,2.6322

12092.3260,2.6312

12093.3260,2.6308

12094.3260,2.6305

12095.3250,2.6310

12096.3250,2.6305

12097.3250,2.6312

12098.3250,2.6302

12099.3250,2.6304

12100.3250,2.6311

12101.3250,2.6309

12102.3260,2.6315

12103.3250,2.6324

12104.3250,2.6322

12105.3260,2.6315

12106.3250,2.6308

12107.3250,2.6310

12108.3260,2.6304

12109.3260,2.6304

12110.3250,2.6306

12111.3250,2.6305

12112.3250,2.6302

12113.3260,2.6304

12114.3250,2.6306

12115.3260,2.6310

12116.3250,2.6315

12117.3250,2.6304

12118.3260,2.6314

12119.3250,2.6305

12120.3250,2.6305

12121.3250,2.6306

12122.3250,2.6306

12123.3250,2.6310

12124.3250,2.6302

12125.3250,2.6301

12126.3250,2.6291

12127.3250,2.6291

12128.3260,2.6299

12129.3250,2.6306

12130.3250,2.6303

12131.3260,2.6294

12132.3250,2.6296

12133.3250,2.6298

12134.3250,2.6306

12135.3260,2.6304

12136.3250,2.6305

12137.3250,2.6312

12138.3260,2.6308

12139.3250,2.6298

12140.3250,2.6291

12141.3250,2.6299

12142.3250,2.6298

12143.3260,2.6300

12144.3250,2.6305

12145.3260,2.6299

12146.3260,2.6294

12147.3260,2.6307

12148.3250,2.6299

12149.3250,2.6300

12150.3250,2.6315

12151.3250,2.6315

12152.3250,2.6309

12153.3250,2.6307

12154.3250,2.6307

12155.3250,2.6311

12156.3250,2.6306

12157.3260,2.6305

12158.3250,2.6312

12159.3250,2.6308

12160.3250,2.6304

12161.3250,2.6301

12162.3250,2.6310

12163.3250,2.6307

12164.3250,2.6309

12165.3250,2.6297

12166.3250,2.6294

12167.3250,2.6298

12168.3260,2.6297

12169.3250,2.6304

12170.3250,2.6298

12171.3250,2.6309

12172.3250,2.6308

12173.3260,2.6314

12174.3260,2.6314

12175.3250,2.6305

12176.3260,2.6315

12177.3250,2.6307

12178.3250,2.6312

12179.3250,2.6301

12180.3250,2.6301

12181.3250,2.6302

12182.3260,2.6300

12183.3260,2.6304

12184.3260,2.6301

12185.3250,2.6296

12186.3250,2.6288

12187.3260,2.6291

12188.3250,2.6292

12189.3260,2.6296

12190.3250,2.6297

12191.3250,2.6299

12192.3250,2.6304

12193.3270,2.6303

12194.3260,2.6298

12195.3250,2.6304

12196.3250,2.6295

12197.3260,2.6300

12198.3250,2.6295

12199.3260,2.6297

12200.3260,2.6289

12201.3260,2.6285

12202.3250,2.6289

12203.3250,2.6285

12204.3250,2.6296

12205.3250,2.6301

12206.3250,2.6297

12207.3260,2.6300

12208.3260,2.6302

12209.3250,2.6305

12210.3250,2.6299

12211.3250,2.6298

12212.3270,2.6303

12213.3260,2.6301

12214.3250,2.6302

12215.3250,2.6308

12216.3260,2.6300

12217.3250,2.6298

12218.3260,2.6306

12219.3250,2.6304

12220.3250,2.6306

12221.3250,2.6298

12222.3250,2.6300

12223.3250,2.6295

12224.3250,2.6307

12225.3250,2.6311

12226.3260,2.6302

12227.3250,2.6302

12228.3250,2.6309

12229.3250,2.6305

12230.3250,2.6299

12231.3250,2.6302

12232.3250,2.6298

12233.3250,2.6297

12234.3250,2.6298

12235.3260,2.6309

12236.3260,2.6302

12237.3260,2.6299

12238.3250,2.6304

12239.3250,2.6305

12240.3260,2.6314

12241.3250,2.6301

12242.3250,2.6302

12243.3250,2.6299

12244.3250,2.6302

12245.3250,2.6293

12246.3250,2.6292

12247.3250,2.6288

12248.3260,2.6296

12249.3250,2.6295

12250.3250,2.6296

12251.3250,2.6295

12252.3250,2.6295

12253.3250,2.6300

12254.3250,2.6298

12255.3250,2.6297

12256.3250,2.6301

12257.3250,2.6305

12258.3250,2.6310

12259.3260,2.6304

12260.3250,2.6309

12261.3250,2.6312

12262.3260,2.6307

12263.3260,2.6302

12264.3250,2.6303

12265.3250,2.6303

12266.3260,2.6292

12267.3260,2.6296

12268.3250,2.6303

12269.3260,2.6299

12270.3260,2.6298

12271.3260,2.6299

12272.3250,2.6304

12273.3250,2.6310

12274.3250,2.6320

12275.3250,2.6319

12276.3250,2.6312

12277.3250,2.6317

12278.3250,2.6316

12279.3250,2.6314

12280.3250,2.6316

12281.3250,2.6317

12282.3250,2.6322

12283.3250,2.6315

12284.3260,2.6320

12285.3250,2.6313

12286.3250,2.6308

12287.3250,2.6315

12288.3260,2.6315

12289.3260,2.6314

12290.3250,2.6314

12291.3250,2.6311

12292.3260,2.6310

12293.3260,2.6302

12294.3250,2.6315

12295.3250,2.6321

12296.3250,2.6313

12297.3260,2.6312

12298.3250,2.6315

12299.3260,2.6313

12300.3250,2.6313

12301.3250,2.6314

12302.3250,2.6308

12303.3250,2.6311

12304.3250,2.6305

12305.3250,2.6299

12306.3250,2.6304

12307.3250,2.6291

12308.3260,2.6293

12309.3250,2.6301

12310.3250,2.6308

12311.3260,2.6310

12312.3250,2.6308

12313.3250,2.6304

12314.3250,2.6311

12315.3260,2.6312

12316.3250,2.6326

12317.3260,2.6320

12318.3250,2.6325

12319.3260,2.6327

12320.3260,2.6309

12321.3260,2.6308

12322.3250,2.6319

12323.3250,2.6314

12324.3250,2.6318

12325.3250,2.6316

12326.3260,2.6309

12327.3250,2.6311

12328.3250,2.6311

12329.3250,2.6315

12330.3250,2.6313

12331.3260,2.6331

12332.3250,2.6320

12333.3250,2.6324

12334.3250,2.6319

12335.3250,2.6323

12336.3250,2.6325

12337.3250,2.6322

12338.3250,2.6318

12339.3260,2.6319

12340.3250,2.6329

12341.3250,2.6334

12342.3250,2.6327

12343.3250,2.6315

12344.3250,2.6320

12345.3250,2.6325

12346.3250,2.6316

12347.3250,2.6322

12348.3250,2.6321

12349.3250,2.6318

12350.3250,2.6324

12351.3250,2.6318

12352.3250,2.6317

12353.3250,2.6312

12354.3250,2.6316

12355.3250,2.6317

12356.3250,2.6314

12357.3250,2.6314

12358.3250,2.6311

12359.3250,2.6311

12360.3250,2.6311

12361.3250,2.6315

12362.3250,2.6311

12363.3260,2.6315

12364.3250,2.6322

12365.3270,2.6326

12366.3250,2.6319

12367.3250,2.6317

12368.3260,2.6313

12369.3250,2.6321

12370.3250,2.6323

12371.3250,2.6324

12372.3250,2.6321

12373.3250,2.6327

12374.3250,2.6319

12375.3260,2.6317

12376.3260,2.6322

12377.3250,2.6318

12378.3260,2.6318

12379.3250,2.6318

12380.3270,2.6318

12381.3250,2.6331

12382.3250,2.6324

12383.3260,2.6331

12384.3250,2.6321

12385.3260,2.6317

12386.3260,2.6320

12387.3250,2.6314

12388.3250,2.6320

12389.3250,2.6318

12390.3260,2.6319

12391.3260,2.6318

12392.3250,2.6322

12393.3250,2.6322

12394.3250,2.6318

12395.3250,2.6323

12396.3250,2.6318

12397.3260,2.6315

12398.3260,2.6317

12399.3250,2.6307

12400.3250,2.6310

12401.3250,2.6314

12402.3260,2.6306

12403.3260,2.6314

12404.3250,2.6311

12405.3260,2.6306

12406.3260,2.6312

12407.3250,2.6309

12408.3260,2.6306

12409.3270,2.6308

12410.3250,2.6305

12411.3260,2.6313

12412.3250,2.6308

12413.3250,2.6306

12414.3250,2.6300

12415.3250,2.6303

12416.3260,2.6304

12417.3250,2.6307

12418.3250,2.6306

12419.3250,2.6304

12420.3260,2.6299

12421.3250,2.6302

12422.3260,2.6305

12423.3250,2.6309

12424.3250,2.6308

12425.3250,2.6304

12426.3250,2.6303

12427.3260,2.6302

12428.3250,2.6301

12429.3250,2.6303

12430.3260,2.6312

12431.3260,2.6309

12432.3250,2.6307

12433.3250,2.6308

12434.3250,2.6306

12435.3250,2.6298

12436.3250,2.6296

12437.3250,2.6304

12438.3250,2.6305

12439.3250,2.6310

12440.3250,2.6310

12441.3250,2.6307

12442.3260,2.6315

12443.3250,2.6309

12444.3250,2.6306

12445.3260,2.6308

12446.3260,2.6307

12447.3250,2.6306

12448.3260,2.6312

12449.3260,2.6312

12450.3250,2.6308

12451.3250,2.6308

12452.3250,2.6308

12453.3250,2.6310

12454.3260,2.6308

12455.3250,2.6303

12456.3250,2.6299

12457.3250,2.6301

12458.3250,2.6303

12459.3260,2.6303

12460.3250,2.6312

12461.3250,2.6316

12462.3250,2.6317

12463.3250,2.6323

12464.3260,2.6323

12465.3250,2.6321

12466.3250,2.6322

12467.3250,2.6317

12468.3250,2.6326

12469.3250,2.6327

12470.3250,2.6325

12471.3260,2.6324

12472.3250,2.6326

12473.3260,2.6327

12474.3250,2.6330

12475.3260,2.6326

12476.3250,2.6330

12477.3260,2.6328

12478.3250,2.6326

12479.3250,2.6322

12480.3250,2.6316

12481.3250,2.6321

12482.3250,2.6314

12483.3260,2.6316

12484.3260,2.6323

12485.3260,2.6322

12486.3250,2.6325

12487.3260,2.6322

12488.3250,2.6333

12489.3250,2.6337

12490.3250,2.6328

12491.3260,2.6328

12492.3250,2.6321

12493.3250,2.6323

12494.3250,2.6327

12495.3250,2.6320

12496.3250,2.6323

12497.3250,2.6323

12498.3250,2.6321

12499.3260,2.6324

12500.3250,2.6323

12501.3250,2.6325

12502.3260,2.6327

12503.3250,2.6329

12504.3250,2.6333

12505.3250,2.6331

12506.3250,2.6327

12507.3250,2.6324

12508.3250,2.6320

12509.3250,2.6322

12510.3250,2.6318

12511.3260,2.6320

12512.3250,2.6314

12513.3250,2.6315

12514.3250,2.6314

12515.3260,2.6317

12516.3250,2.6320

12517.3250,2.6315

12518.3250,2.6323

12519.3250,2.6321

12520.3250,2.6325

12521.3250,2.6325

12522.3260,2.6328

12523.3260,2.6327

12524.3250,2.6319

12525.3250,2.6315

12526.3250,2.6317

12527.3260,2.6313

12528.3250,2.6323

12529.3260,2.6320

12530.3250,2.6329

12531.3250,2.6327

12532.3260,2.6324

12533.3250,2.6329

12534.3250,2.6328

12535.3260,2.6326

12536.3250,2.6328

12537.3250,2.6327

12538.3250,2.6321

12539.3260,2.6322

12540.3250,2.6316

12541.3250,2.6319

12542.3250,2.6316

12543.3250,2.6327

12544.3250,2.6325

12545.3250,2.6317

12546.3250,2.6327

12547.3270,2.6331

12548.3250,2.6327

12549.3250,2.6337

12550.3260,2.6326

12551.3250,2.6323

12552.3260,2.6325

12553.3250,2.6332

12554.3250,2.6323

12555.3250,2.6324

12556.3250,2.6333

12557.3260,2.6328

12558.3250,2.6329

12559.3250,2.6323

12560.3250,2.6321

12561.3260,2.6326

12562.3250,2.6324

12563.3250,2.6332

12564.3250,2.6329

12565.3260,2.6326

12566.3250,2.6324

12567.3260,2.6320

12568.3250,2.6326

12569.3250,2.6323

12570.3250,2.6327

12571.3250,2.6325

12572.3250,2.6324

12573.3250,2.6324

12574.3250,2.6318

12575.3250,2.6324

12576.3250,2.6317

12577.3260,2.6319

12578.3250,2.6329

12579.3250,2.6320

12580.3250,2.6323

12581.3270,2.6335

12582.3250,2.6325

12583.3250,2.6321

12584.3250,2.6322

12585.3260,2.6324

12586.3250,2.6331

12587.3260,2.6324

12588.3250,2.6326

12589.3250,2.6328

12590.3250,2.6322

12591.3250,2.6321

12592.3250,2.6320

12593.3250,2.6326

12594.3250,2.6321

12595.3250,2.6330

12596.3260,2.6326

12597.3250,2.6326

12598.3260,2.6322

12599.3250,2.6321

12600.3250,2.6332

12601.3260,2.6333

12602.3260,2.6336

12603.3250,2.6334

12604.3250,2.6327

12605.3260,2.6337

12606.3250,2.6330

12607.3250,2.6334

12608.3260,2.6332

12609.3250,2.6327

12610.3260,2.6324

12611.3250,2.6331

12612.3250,2.6328

12613.3250,2.6330

12614.3250,2.6333

12615.3270,2.6327

12616.3250,2.6332

12617.3250,2.6336

12618.3260,2.6327

12619.3260,2.6327

12620.3250,2.6334

12621.3260,2.6326

12622.3260,2.6334

12623.3250,2.6330

12624.3250,2.6333

12625.3250,2.6341

12626.3250,2.6331

12627.3250,2.6345

12628.3250,2.6346

12629.3250,2.6342

12630.3250,2.6339

12631.3260,2.6334

12632.3250,2.6337

12633.3260,2.6338

12634.3250,2.6337

12635.3250,2.6334

12636.3270,2.6334

12637.3250,2.6328

12638.3250,2.6326

12639.3250,2.6322

12640.3250,2.6327

12641.3250,2.6334

12642.3260,2.6327

12643.3260,2.6329

12644.3250,2.6334

12645.3250,2.6330

12646.3250,2.6334

12647.3250,2.6340

12648.3250,2.6338

12649.3250,2.6332

12650.3250,2.6336

12651.3260,2.6331

12652.3260,2.6328

12653.3250,2.6329

12654.3260,2.6330

12655.3250,2.6338

12656.3250,2.6338

12657.3250,2.6335

12658.3250,2.6335

12659.3250,2.6333

12660.3250,2.6330

12661.3250,2.6333

12662.3250,2.6339

12663.3250,2.6332

12664.3250,2.6331

12665.3250,2.6333

12666.3250,2.6334

12667.3250,2.6337

12668.3260,2.6335

12669.3250,2.6332

12670.3250,2.6333

12671.3260,2.6333

12672.3250,2.6330

12673.3250,2.6332

12674.3250,2.6335

12675.3250,2.6334

12676.3270,2.6330

12677.3250,2.6331

12678.3250,2.6332

12679.3250,2.6334

12680.3250,2.6327

12681.3250,2.6332

12682.3250,2.6328

12683.3260,2.6330

12684.3260,2.6331

12685.3250,2.6333

12686.3250,2.6334

12687.3250,2.6335

12688.3270,2.6342

12689.3250,2.6337

12690.3260,2.6334

12691.3250,2.6337

12692.3250,2.6347

12693.3250,2.6337

12694.3250,2.6333

12695.3260,2.6336

12696.3260,2.6333

12697.3250,2.6339

12698.3250,2.6337

12699.3250,2.6333

12700.3250,2.6333

12701.3250,2.6337

12702.3250,2.6334

12703.3250,2.6334

12704.3250,2.6337

12705.3250,2.6341

12706.3250,2.6339

12707.3270,2.6345

12708.3250,2.6335

12709.3250,2.6337

12710.3250,2.6340

12711.3250,2.6338

12712.3250,2.6328

12713.3260,2.6326

12714.3250,2.6329

12715.3250,2.6325

12716.3250,2.6323

12717.3260,2.6325

12718.3250,2.6332

12719.3250,2.6330

12720.3250,2.6329

12721.3250,2.6330

12722.3260,2.6321

12723.3250,2.6322

12724.3250,2.6336

12725.3250,2.6332

12726.3260,2.6331

12727.3250,2.6327

12728.3250,2.6337

12729.3250,2.6331

12730.3250,2.6331

12731.3250,2.6336

12732.3250,2.6327

12733.3250,2.6327

12734.3260,2.6332

12735.3250,2.6334

12736.3260,2.6327

12737.3250,2.6336

12738.3250,2.6328

12739.3250,2.6332

12740.3260,2.6334

12741.3250,2.6332

12742.3260,2.6326

12743.3260,2.6327

12744.3250,2.6327

12745.3250,2.6327

12746.3250,2.6329

12747.3250,2.6329

12748.3250,2.6332

12749.3250,2.6330

12750.3250,2.6333

12751.3260,2.6335

12752.3250,2.6334

12753.3260,2.6328

12754.3250,2.6330

12755.3250,2.6338

12756.3250,2.6330

12757.3250,2.6333

12758.3250,2.6329

12759.3250,2.6329

12760.3250,2.6328

12761.3250,2.6331

12762.3270,2.6331

12763.3250,2.6326

12764.3250,2.6328

12765.3250,2.6331

12766.3250,2.6325

12767.3260,2.6327

12768.3260,2.6327

12769.3250,2.6336

12770.3250,2.6339

12771.3250,2.6329

12772.3250,2.6323

12773.3250,2.6321

12774.3250,2.6325

12775.3250,2.6320

12776.3250,2.6323

12777.3260,2.6313

12778.3260,2.6325

12779.3250,2.6327

12780.3260,2.6322

12781.3250,2.6333

12782.3250,2.6323

12783.3250,2.6322

12784.3250,2.6330

12785.3250,2.6323

12786.3250,2.6333

12787.3250,2.6321

12788.3250,2.6326

12789.3250,2.6328

12790.3270,2.6323

12791.3250,2.6321

12792.3250,2.6321

12793.3250,2.6325

12794.3250,2.6325

12795.3260,2.6330

12796.3260,2.6328

12797.3250,2.6330

12798.3260,2.6341

12799.3250,2.6334

12800.3260,2.6333

12801.3250,2.6328

12802.3250,2.6324

12803.3260,2.6317

12804.3250,2.6319

12805.3250,2.6336

12806.3250,2.6336

12807.3250,2.6329

12808.3250,2.6331

12809.3250,2.6322

12810.3250,2.6321

12811.3250,2.6325

12812.3250,2.6326

12813.3260,2.6331

12814.3260,2.6325

12815.3250,2.6322

12816.3250,2.6323

12817.3250,2.6320

12818.3250,2.6319

12819.3250,2.6323

12820.3260,2.6331

12821.3260,2.6326

12822.3250,2.6323

12823.3250,2.6323

12824.3260,2.6324

12825.3250,2.6322

12826.3250,2.6321

12827.3250,2.6328

12828.3250,2.6330

12829.3260,2.6329

12830.3250,2.6325

12831.3260,2.6331

12832.3250,2.6325

12833.3260,2.6329

12834.3260,2.6331

12835.3260,2.6329

12836.3260,2.6327

12837.3250,2.6333

12838.3250,2.6335

12839.3250,2.6323

12840.3260,2.6324

12841.3250,2.6325

12842.3270,2.6323

12843.3250,2.6329

12844.3250,2.6321

12845.3250,2.6317

12846.3250,2.6332

12847.3250,2.6326

12848.3250,2.6322

12849.3250,2.6323

12850.3250,2.6326

12851.3250,2.6335

12852.3250,2.6327

12853.3260,2.6324

12854.3250,2.6326

12855.3250,2.6327

12856.3250,2.6336

12857.3250,2.6332

12858.3250,2.6332

12859.3250,2.6326

12860.3250,2.6324

12861.3260,2.6326

12862.3250,2.6331

12863.3250,2.6330

12864.3250,2.6326

12865.3260,2.6331

12866.3250,2.6330

12867.3250,2.6325

12868.3250,2.6327

12869.3250,2.6330

12870.3260,2.6326

12871.3260,2.6330

12872.3250,2.6330

12873.3250,2.6323

12874.3250,2.6326

12875.3250,2.6325

12876.3250,2.6330

12877.3250,2.6321

12878.3250,2.6329

12879.3250,2.6330

12880.3250,2.6328

12881.3250,2.6327

12882.3260,2.6329

12883.3250,2.6326

12884.3250,2.6324

12885.3260,2.6323

12886.3260,2.6332

12887.3250,2.6338

12888.3250,2.6329

12889.3250,2.6329

12890.3250,2.6328

12891.3250,2.6327

12892.3250,2.6326

12893.3250,2.6328

12894.3250,2.6331

12895.3250,2.6322

12896.3250,2.6327

12897.3250,2.6335

12898.3250,2.6322

12899.3260,2.6333

12900.3250,2.6325

12901.3250,2.6325

12902.3250,2.6330

12903.3250,2.6327

12904.3250,2.6330

12905.3250,2.6332

12906.3250,2.6331

12907.3250,2.6330

12908.3250,2.6324

12909.3250,2.6324

12910.3250,2.6338

12911.3260,2.6335

12912.3250,2.6328

12913.3260,2.6332

12914.3250,2.6327

12915.3250,2.6331

12916.3250,2.6338

12917.3250,2.6329

12918.3250,2.6326

12919.3250,2.6329

12920.3250,2.6329

12921.3250,2.6333

12922.3250,2.6337

12923.3250,2.6330

12924.3250,2.6330

12925.3250,2.6326

12926.3250,2.6326

12927.3250,2.6326

12928.3250,2.6338

12929.3250,2.6331

12930.3250,2.6332

12931.3250,2.6328

12932.3250,2.6328

12933.3250,2.6336

12934.3250,2.6333

12935.3250,2.6327

12936.3250,2.6324

12937.3250,2.6321

12938.3250,2.6327

12939.3250,2.6324

12940.3250,2.6326

12941.3250,2.6330

12942.3250,2.6341

12943.3250,2.6332

12944.3250,2.6326

12945.3250,2.6329

12946.3250,2.6332

12947.3250,2.6331

12948.3260,2.6327

12949.3260,2.6328

12950.3250,2.6327

12951.3260,2.6329

12952.3260,2.6329

12953.3250,2.6332

12954.3250,2.6337

12955.3250,2.6332

12956.3250,2.6326

12957.3250,2.6327

12958.3260,2.6324

12959.3260,2.6337

12960.3260,2.6330

12961.3250,2.6329

12962.3250,2.6328

12963.3250,2.6324

12964.3260,2.6322

12965.3260,2.6321

12966.3270,2.6324

12967.3250,2.6322

12968.3260,2.6324

12969.3250,2.6324

12970.3250,2.6328

12971.3250,2.6328

12972.3250,2.6325

12973.3250,2.6325

12974.3250,2.6334

12975.3250,2.6330

12976.3260,2.6326

12977.3250,2.6327

12978.3250,2.6336

12979.3250,2.6337

12980.3250,2.6339

12981.3250,2.6339

12982.3250,2.6332

12983.3250,2.6328

12984.3260,2.6331

12985.3250,2.6331

12986.3250,2.6333

12987.3250,2.6335

12988.3260,2.6330

12989.3250,2.6324

12990.3250,2.6324

12991.3250,2.6335

12992.3250,2.6333

12993.3250,2.6328

12994.3260,2.6335

12995.3250,2.6330

12996.3260,2.6330

12997.3250,2.6331

12998.3260,2.6323

12999.3250,2.6329

13000.3250,2.6324

13001.3250,2.6331

13002.3250,2.6335

13003.3250,2.6335

13004.3260,2.6332

13005.3250,2.6322

13006.3250,2.6320

13007.3260,2.6335

13008.3250,2.6332

13009.3250,2.6324

13010.3250,2.6330

13011.3250,2.6333

13012.3250,2.6327

13013.3250,2.6327

13014.3250,2.6337

13015.3250,2.6330

13016.3250,2.6330

13017.3250,2.6331

13018.3250,2.6329

13019.3250,2.6336

13020.3260,2.6334

13021.3260,2.6331

13022.3250,2.6336

13023.3250,2.6334

13024.3260,2.6328

13025.3260,2.6335

13026.3250,2.6325

13027.3260,2.6336

13028.3250,2.6329

13029.3250,2.6326

13030.3250,2.6333

13031.3250,2.6329

13032.3250,2.6333

13033.3250,2.6330

13034.3250,2.6335

13035.3250,2.6328

13036.3250,2.6327

13037.3250,2.6325

13038.3250,2.6334

13039.3250,2.6340

13040.3250,2.6338

13041.3260,2.6331

13042.3250,2.6329

13043.3250,2.6324

13044.3250,2.6328

13045.3250,2.6321

13046.3260,2.6325

13047.3250,2.6328

13048.3260,2.6331

13049.3250,2.6329

13050.3260,2.6327

13051.3250,2.6331

13052.3260,2.6329

13053.3250,2.6334

13054.3250,2.6324

13055.3260,2.6328

13056.3250,2.6320

13057.3260,2.6335

13058.3260,2.6327

13059.3250,2.6322

13060.3250,2.6323

13061.3250,2.6323

13062.3250,2.6332

13063.3260,2.6333

13064.3250,2.6332

13065.3250,2.6328

13066.3250,2.6330

13067.3260,2.6331

13068.3250,2.6329

13069.3250,2.6324

13070.3250,2.6324

13071.3250,2.6326

13072.3270,2.6333

13073.3250,2.6323

13074.3250,2.6330

13075.3260,2.6327

13076.3250,2.6328

13077.3250,2.6332

13078.3250,2.6330

13079.3250,2.6329

13080.3250,2.6329

13081.3270,2.6327

13082.3250,2.6328

13083.3250,2.6327

13084.3250,2.6337

13085.3260,2.6328

13086.3260,2.6324

13087.3250,2.6325

13088.3260,2.6329

13089.3250,2.6329

13090.3250,2.6329

13091.3250,2.6326

13092.3250,2.6332

13093.3270,2.6325

13094.3250,2.6331

13095.3250,2.6334

13096.3250,2.6335

13097.3250,2.6325

13098.3260,2.6333

13099.3250,2.6324

13100.3250,2.6332

13101.3250,2.6330

13102.3250,2.6328

13103.3250,2.6332

13104.3260,2.6328

13105.3250,2.6322

13106.3260,2.6326

13107.3260,2.6322

13108.3260,2.6322

13109.3250,2.6321

13110.3250,2.6322

13111.3250,2.6321

13112.3250,2.6330

13113.3250,2.6328

13114.3250,2.6330

13115.3260,2.6326

13116.3250,2.6324

13117.3250,2.6332

13118.3250,2.6337

13119.3250,2.6328

13120.3250,2.6325

13121.3250,2.6334

13122.3260,2.6333

13123.3250,2.6332

13124.3260,2.6333

13125.3250,2.6335

13126.3260,2.6330

13127.3250,2.6325

13128.3250,2.6325

13129.3260,2.6325

13130.3250,2.6326

13131.3250,2.6328

13132.3250,2.6324

13133.3260,2.6326

13134.3250,2.6323

13135.3250,2.6321

13136.3250,2.6331

13137.3250,2.6336

13138.3250,2.6330

13139.3250,2.6322

13140.3260,2.6318

13141.3250,2.6325

13142.3250,2.6329

13143.3250,2.6328

13144.3250,2.6330

13145.3250,2.6334

13146.3250,2.6328

13147.3250,2.6326

13148.3250,2.6331

13149.3250,2.6334

13150.3250,2.6329

13151.3250,2.6326

13152.3250,2.6328

13153.3250,2.6324

13154.3250,2.6340

13155.3260,2.6342

13156.3250,2.6334

13157.3250,2.6330

13158.3250,2.6326

13159.3250,2.6336

13160.3250,2.6332

13161.3260,2.6321

13162.3250,2.6324

13163.3250,2.6322

13164.3250,2.6327

13165.3250,2.6325

13166.3250,2.6326

13167.3250,2.6332

13168.3250,2.6324

13169.3250,2.6322

13170.3250,2.6328

13171.3260,2.6325

13172.3250,2.6327

13173.3250,2.6324

13174.3250,2.6322

13175.3260,2.6321

13176.3250,2.6320

13177.3250,2.6331

13178.3250,2.6319

13179.3260,2.6320

13180.3250,2.6317

13181.3260,2.6321

13182.3260,2.6326

13183.3260,2.6324

13184.3260,2.6321

13185.3250,2.6317

13186.3250,2.6322

13187.3250,2.6328

13188.3250,2.6321

13189.3250,2.6321

13190.3250,2.6322

13191.3250,2.6318

13192.3250,2.6319

13193.3250,2.6334

13194.3260,2.6338

13195.3250,2.6328

13196.3260,2.6325

13197.3270,2.6330

13198.3250,2.6330

13199.3250,2.6324

13200.3260,2.6324

13201.3250,2.6323

13202.3250,2.6317

13203.3250,2.6320

13204.3250,2.6325

13205.3250,2.6320

13206.3260,2.6322

13207.3260,2.6319

13208.3250,2.6316

13209.3250,2.6317

13210.3250,2.6315

13211.3260,2.6317

13212.3250,2.6315

13213.3250,2.6316

13214.3250,2.6311

13215.3250,2.6320

13216.3250,2.6320

13217.3250,2.6315

13218.3250,2.6321

13219.3250,2.6326

13220.3250,2.6321

13221.3260,2.6319

13222.3250,2.6320

13223.3250,2.6320

13224.3250,2.6315

13225.3250,2.6317

13226.3250,2.6315

13227.3260,2.6317

13228.3260,2.6321

13229.3250,2.6322

13230.3260,2.6317

13231.3250,2.6320

13232.3250,2.6319

13233.3250,2.6321

13234.3250,2.6320

13235.3250,2.6318

13236.3250,2.6320

13237.3260,2.6318

13238.3260,2.6321

13239.3250,2.6319

13240.3250,2.6319

13241.3250,2.6332

13242.3260,2.6322

13243.3250,2.6322

13244.3250,2.6324

13245.3250,2.6325

13246.3250,2.6322

13247.3250,2.6326

13248.3260,2.6324

13249.3250,2.6321

13250.3270,2.6321

13251.3250,2.6323

13252.3260,2.6320

13253.3250,2.6328

13254.3250,2.6324

13255.3250,2.6329

13256.3250,2.6321

13257.3260,2.6318

13258.3250,2.6323

13259.3250,2.6320

13260.3250,2.6327

13261.3250,2.6328

13262.3250,2.6324

13263.3250,2.6328

13264.3250,2.6328

13265.3250,2.6326

13266.3250,2.6331

13267.3250,2.6325

13268.3250,2.6329

13269.3250,2.6324

13270.3250,2.6322

13271.3250,2.6328

13272.3260,2.6329

13273.3250,2.6328

13274.3250,2.6332

13275.3270,2.6324

13276.3250,2.6324

13277.3250,2.6332

13278.3250,2.6333

13279.3260,2.6328

13280.3260,2.6325

13281.3250,2.6325

13282.3250,2.6321

13283.3260,2.6320

13284.3250,2.6326

13285.3260,2.6327

13286.3250,2.6327

13287.3250,2.6334

13288.3250,2.6324

13289.3250,2.6329

13290.3250,2.6319

13291.3250,2.6326

13292.3250,2.6325

13293.3250,2.6316

13294.3250,2.6324

13295.3250,2.6325

13296.3250,2.6326

13297.3250,2.6324

13298.3250,2.6331

13299.3250,2.6334

13300.3250,2.6329

13301.3250,2.6331

13302.3250,2.6330

13303.3250,2.6327

13304.3260,2.6324

13305.3250,2.6319

13306.3250,2.6318

13307.3250,2.6324

13308.3250,2.6324

13309.3250,2.6324

13310.3250,2.6330

13311.3250,2.6327

13312.3250,2.6326

13313.3260,2.6319

13314.3250,2.6323

13315.3250,2.6335

13316.3250,2.6328

13317.3250,2.6327

13318.3260,2.6329

13319.3250,2.6332

13320.3260,2.6327

13321.3250,2.6325

13322.3260,2.6329

13323.3250,2.6322

13324.3250,2.6332

13325.3260,2.6324

13326.3260,2.6322

13327.3260,2.6325

13328.3260,2.6323

13329.3250,2.6323

13330.3250,2.6323

13331.3250,2.6318

13332.3250,2.6319

13333.3250,2.6321

13334.3250,2.6321

13335.3250,2.6317

13336.3250,2.6327

13337.3270,2.6319

13338.3250,2.6320

13339.3250,2.6324

13340.3250,2.6322

13341.3250,2.6317

13342.3250,2.6324

13343.3250,2.6323

13344.3250,2.6322

13345.3270,2.6319

13346.3250,2.6323

13347.3260,2.6326

13348.3260,2.6329

13349.3250,2.6331

13350.3250,2.6327

13351.3260,2.6325

13352.3250,2.6325

13353.3250,2.6329

13354.3250,2.6330

13355.3250,2.6326

13356.3260,2.6333

13357.3250,2.6325

13358.3250,2.6331

13359.3250,2.6331

13360.3250,2.6330

13361.3260,2.6324

13362.3260,2.6328

13363.3260,2.6328

13364.3250,2.6325

13365.3250,2.6324

13366.3260,2.6331

13367.3250,2.6326

13368.3250,2.6328

13369.3260,2.6328

13370.3260,2.6333

13371.3250,2.6327

13372.3260,2.6324

13373.3250,2.6320

13374.3250,2.6325

13375.3250,2.6322

13376.3260,2.6330

13377.3250,2.6324

13378.3250,2.6322

13379.3250,2.6320

13380.3250,2.6321

13381.3250,2.6328

13382.3270,2.6329

13383.3250,2.6324

13384.3250,2.6323

13385.3250,2.6323

13386.3250,2.6319

13387.3250,2.6326

13388.3260,2.6329

13389.3250,2.6320

13390.3250,2.6319

13391.3250,2.6325

13392.3250,2.6323

13393.3260,2.6323

13394.3250,2.6323

13395.3250,2.6321

13396.3250,2.6324

13397.3260,2.6322

13398.3250,2.6326

13399.3250,2.6327

13400.3250,2.6327

13401.3260,2.6322

13402.3250,2.6331

13403.3250,2.6329

13404.3250,2.6329

13405.3250,2.6328

13406.3250,2.6335

13407.3250,2.6328

13408.3260,2.6325

13409.3250,2.6328

13410.3250,2.6320

13411.3250,2.6325

13412.3250,2.6316

13413.3250,2.6320

13414.3260,2.6325

13415.3250,2.6335

13416.3250,2.6322

13417.3250,2.6323

13418.3250,2.6324

13419.3260,2.6326

13420.3250,2.6328

13421.3260,2.6323

13422.3260,2.6320

13423.3250,2.6325

13424.3250,2.6322

13425.3250,2.6323

13426.3250,2.6328

13427.3250,2.6330

13428.3250,2.6333

13429.3250,2.6323

13430.3250,2.6327

13431.3250,2.6328

13432.3260,2.6327

13433.3250,2.6323

13434.3250,2.6317

13435.3250,2.6319

13436.3250,2.6328

13437.3250,2.6324

13438.3250,2.6325

13439.3260,2.6326

13440.3250,2.6323

13441.3250,2.6330

13442.3260,2.6329

13443.3260,2.6327

13444.3250,2.6337

13445.3250,2.6331

13446.3260,2.6328

13447.3270,2.6330

13448.3250,2.6334

13449.3250,2.6324

13450.3250,2.6326

13451.3250,2.6332

13452.3250,2.6329

13453.3260,2.6327

13454.3250,2.6325

13455.3250,2.6335

13456.3250,2.6338

13457.3250,2.6329

13458.3250,2.6332

13459.3260,2.6333

13460.3250,2.6329

13461.3260,2.6329

13462.3250,2.6335

13463.3250,2.6343

13464.3250,2.6339

13465.3260,2.6331

13466.3250,2.6333

13467.3260,2.6336

13468.3250,2.6330

13469.3250,2.6326

13470.3260,2.6328

13471.3260,2.6332

13472.3260,2.6335

13473.3260,2.6330

13474.3260,2.6324

13475.3250,2.6325

13476.3250,2.6324

13477.3250,2.6327

13478.3250,2.6332

13479.3250,2.6329

13480.3260,2.6328

13481.3270,2.6332

13482.3250,2.6330

13483.3250,2.6328

13484.3250,2.6323

13485.3260,2.6325

13486.3250,2.6335

13487.3250,2.6324

13488.3260,2.6325

13489.3250,2.6330

13490.3250,2.6330

13491.3260,2.6330

13492.3250,2.6320

13493.3260,2.6322

13494.3250,2.6321

13495.3250,2.6323

13496.3250,2.6331

13497.3260,2.6339

13498.3250,2.6336

13499.3250,2.6332

13500.3250,2.6323

13501.3260,2.6328

13502.3250,2.6319

13503.3260,2.6324

13504.3250,2.6333

13505.3250,2.6326

13506.3250,2.6328

13507.3260,2.6324

13508.3250,2.6326

13509.3260,2.6326

13510.3250,2.6331

13511.3260,2.6339

13512.3260,2.6327

13513.3250,2.6327

13514.3260,2.6331

13515.3260,2.6330

13516.3260,2.6329

13517.3250,2.6332

13518.3250,2.6338

13519.3260,2.6333

13520.3250,2.6336

13521.3260,2.6337

13522.3250,2.6336

13523.3250,2.6338

13524.3250,2.6335

13525.3250,2.6343

13526.3250,2.6335

13527.3250,2.6330

13528.3250,2.6330

13529.3250,2.6340

13530.3250,2.6331

13531.3260,2.6335

13532.3250,2.6332

13533.3250,2.6330

13534.3250,2.6333

13535.3250,2.6334

13536.3250,2.6328

13537.3250,2.6329

13538.3250,2.6333

13539.3250,2.6332

13540.3250,2.6329

13541.3260,2.6328

13542.3250,2.6324

13543.3250,2.6324

13544.3250,2.6324

13545.3260,2.6334

13546.3250,2.6333

13547.3250,2.6334

13548.3250,2.6334

13549.3250,2.6331

13550.3250,2.6332

13551.3250,2.6333

13552.3250,2.6342

13553.3250,2.6335

13554.3250,2.6336

13555.3250,2.6341

13556.3250,2.6343

13557.3270,2.6343

13558.3250,2.6344

13559.3250,2.6339

13560.3250,2.6334

13561.3260,2.6330

13562.3250,2.6333

13563.3250,2.6332

13564.3250,2.6337

13565.3250,2.6333

13566.3250,2.6335

13567.3250,2.6342

13568.3250,2.6334

13569.3260,2.6337

13570.3250,2.6333

13571.3250,2.6335

13572.3250,2.6332

13573.3250,2.6336

13574.3260,2.6344

13575.3250,2.6344

13576.3250,2.6343

13577.3250,2.6342

13578.3250,2.6342

13579.3250,2.6340

13580.3260,2.6343

13581.3250,2.6334

13582.3250,2.6336

13583.3250,2.6338

13584.3250,2.6335

13585.3260,2.6337

13586.3260,2.6338

13587.3250,2.6330

13588.3260,2.6339

13589.3250,2.6336

13590.3250,2.6334

13591.3250,2.6336

13592.3250,2.6331

13593.3260,2.6332

13594.3260,2.6333

13595.3250,2.6330

13596.3250,2.6328

13597.3250,2.6328

13598.3260,2.6336

13599.3250,2.6335

13600.3250,2.6334

13601.3250,2.6334

13602.3250,2.6338

13603.3250,2.6334

13604.3250,2.6334

13605.3260,2.6333

13606.3250,2.6329

13607.3250,2.6335

13608.3250,2.6334

13609.3250,2.6334

13610.3250,2.6326

13611.3260,2.6339

13612.3260,2.6333

13613.3250,2.6329

13614.3260,2.6328

13615.3260,2.6327

13616.3260,2.6331

13617.3270,2.6333

13618.3250,2.6333

13619.3250,2.6335

13620.3250,2.6330

13621.3250,2.6326

13622.3260,2.6329

13623.3260,2.6331

13624.3270,2.6336

13625.3250,2.6335

13626.3250,2.6337

13627.3250,2.6337

13628.3250,2.6338

13629.3250,2.6334

13630.3250,2.6331

13631.3250,2.6337

13632.3250,2.6331

13633.3250,2.6332

13634.3260,2.6327

13635.3250,2.6328

13636.3250,2.6332

13637.3250,2.6332

13638.3250,2.6331

13639.3250,2.6333

13640.3250,2.6334

13641.3260,2.6336

13642.3250,2.6337

13643.3260,2.6336

13644.3260,2.6330

13645.3250,2.6330

13646.3250,2.6326

13647.3250,2.6331

13648.3250,2.6336

13649.3250,2.6337

13650.3250,2.6337

13651.3260,2.6337

13652.3260,2.6335

13653.3250,2.6334

13654.3250,2.6339

13655.3260,2.6334

13656.3250,2.6331

13657.3250,2.6333

13658.3250,2.6337

13659.3250,2.6343

13660.3250,2.6335

13661.3250,2.6334

13662.3250,2.6332

13663.3260,2.6343

13664.3250,2.6334

13665.3250,2.6330

13666.3260,2.6331

13667.3250,2.6333

13668.3250,2.6332

13669.3250,2.6334

13670.3250,2.6333

13671.3250,2.6332

13672.3250,2.6339

13673.3260,2.6342

13674.3250,2.6337

13675.3250,2.6334

13676.3250,2.6329

13677.3250,2.6339

13678.3250,2.6334

13679.3250,2.6338

13680.3260,2.6338

13681.3250,2.6333

13682.3250,2.6333

13683.3260,2.6331

13684.3250,2.6331

13685.3250,2.6326

13686.3250,2.6330

13687.3250,2.6341

13688.3250,2.6335

13689.3260,2.6336

13690.3260,2.6347

13691.3250,2.6333

13692.3250,2.6333

13693.3250,2.6343

13694.3250,2.6339

13695.3250,2.6339

13696.3260,2.6339

13697.3250,2.6336

13698.3250,2.6332

13699.3250,2.6344

13700.3250,2.6342

13701.3260,2.6336

13702.3250,2.6342

13703.3260,2.6337

13704.3250,2.6338

13705.3250,2.6334

13706.3250,2.6339

13707.3250,2.6333

13708.3250,2.6334

13709.3250,2.6335

13710.3250,2.6332

13711.3250,2.6340

13712.3260,2.6335

13713.3250,2.6337

13714.3260,2.6334

13715.3260,2.6333

13716.3250,2.6334

13717.3250,2.6334

13718.3260,2.6335

13719.3250,2.6340

13720.3260,2.6336

13721.3250,2.6340

13722.3250,2.6331

13723.3250,2.6338

13724.3260,2.6338

13725.3250,2.6333

13726.3250,2.6332

13727.3250,2.6329

13728.3250,2.6326

13729.3250,2.6330

13730.3260,2.6333

13731.3250,2.6331

13732.3260,2.6337

13733.3250,2.6330

13734.3250,2.6330

13735.3250,2.6344

13736.3250,2.6338

13737.3250,2.6335

13738.3260,2.6332

13739.3260,2.6326

13740.3250,2.6342

13741.3250,2.6345

13742.3260,2.6338

13743.3250,2.6334

13744.3250,2.6332

13745.3250,2.6332

13746.3250,2.6337

13747.3250,2.6333

13748.3250,2.6335

13749.3250,2.6330

13750.3250,2.6329

13751.3260,2.6335

13752.3250,2.6329

13753.3260,2.6334

13754.3250,2.6335

13755.3260,2.6339

13756.3250,2.6333

13757.3260,2.6344

13758.3260,2.6334

13759.3250,2.6333

13760.3250,2.6338

13761.3250,2.6339

13762.3250,2.6343

13763.3250,2.6346

13764.3250,2.6341

13765.3250,2.6349

13766.3250,2.6339

13767.3250,2.6341

13768.3250,2.6342

13769.3260,2.6347

13770.3250,2.6340

13771.3260,2.6337

13772.3260,2.6335

13773.3260,2.6342

13774.3250,2.6337

13775.3260,2.6340

13776.3250,2.6344

13777.3250,2.6338

13778.3250,2.6340

13779.3250,2.6341

13780.3250,2.6333

13781.3260,2.6333

13782.3270,2.6330

13783.3260,2.6331

13784.3250,2.6328

13785.3250,2.6328

13786.3260,2.6325

13787.3260,2.6325

13788.3250,2.6328

13789.3250,2.6331

13790.3250,2.6332

13791.3250,2.6332

13792.3260,2.6333

13793.3250,2.6331

13794.3250,2.6333

13795.3260,2.6332

13796.3250,2.6329

13797.3260,2.6333

13798.3260,2.6333

13799.3250,2.6345

13800.3250,2.6349

13801.3250,2.6337

13802.3250,2.6336

13803.3250,2.6341

13804.3250,2.6331

13805.3260,2.6335

13806.3250,2.6332

13807.3250,2.6334

13808.3250,2.6334

13809.3250,2.6328

13810.3250,2.6336

13811.3250,2.6332

13812.3260,2.6334

13813.3250,2.6336

13814.3270,2.6330

13815.3250,2.6329

13816.3250,2.6341

13817.3250,2.6333

13818.3260,2.6339

13819.3250,2.6347

13820.3270,2.6343

13821.3260,2.6343

13822.3250,2.6341

13823.3250,2.6350

13824.3260,2.6344

13825.3260,2.6338

13826.3250,2.6335

13827.3260,2.6335

13828.3250,2.6344

13829.3260,2.6339

13830.3250,2.6341

13831.3250,2.6339

13832.3250,2.6336

13833.3260,2.6341

13834.3250,2.6343

13835.3260,2.6345

13836.3260,2.6340

13837.3260,2.6337

13838.3250,2.6339

13839.3250,2.6334

13840.3260,2.6336

13841.3250,2.6339

13842.3250,2.6345

13843.3250,2.6337

13844.3250,2.6336

13845.3250,2.6331

13846.3250,2.6329

13847.3260,2.6330

13848.3250,2.6338

13849.3250,2.6338

13850.3250,2.6342

13851.3250,2.6335

13852.3260,2.6331

13853.3250,2.6334

13854.3250,2.6327

13855.3260,2.6330

13856.3260,2.6329

13857.3250,2.6343

13858.3250,2.6343

13859.3250,2.6335

13860.3250,2.6334

13861.3250,2.6328

13862.3250,2.6336

13863.3250,2.6341

13864.3250,2.6338

13865.3250,2.6331

13866.3250,2.6329

13867.3250,2.6329

13868.3250,2.6331

13869.3260,2.6328

13870.3250,2.6328

13871.3250,2.6326

13872.3260,2.6334

13873.3250,2.6335

13874.3250,2.6329

13875.3250,2.6333

13876.3250,2.6338

13877.3250,2.6332

13878.3250,2.6332

13879.3260,2.6334

13880.3250,2.6331

13881.3250,2.6329

13882.3250,2.6330

13883.3250,2.6330

13884.3250,2.6327

13885.3250,2.6335

13886.3270,2.6332

13887.3250,2.6337

13888.3250,2.6332

13889.3250,2.6343

13890.3250,2.6334

13891.3250,2.6335

13892.3250,2.6330

13893.3260,2.6337

13894.3250,2.6334

13895.3250,2.6334

13896.3250,2.6341

13897.3250,2.6334

13898.3250,2.6339

13899.3260,2.6332

13900.3250,2.6336

13901.3250,2.6332

13902.3260,2.6328

13903.3250,2.6332

13904.3250,2.6331

13905.3250,2.6342

13906.3250,2.6329

13907.3260,2.6348

13908.3250,2.6342

13909.3250,2.6335

13910.3250,2.6333

13911.3250,2.6339

13912.3250,2.6336

13913.3250,2.6337

13914.3250,2.6334

13915.3250,2.6335

13916.3270,2.6337

13917.3260,2.6334

13918.3250,2.6332

13919.3250,2.6335

13920.3260,2.6330

13921.3250,2.6332

13922.3250,2.6329

13923.3260,2.6337

13924.3250,2.6336

13925.3250,2.6328

13926.3270,2.6327

13927.3260,2.6327

13928.3260,2.6331

13929.3250,2.6336

13930.3250,2.6332

13931.3250,2.6342

13932.3250,2.6340

13933.3250,2.6336

13934.3250,2.6335

13935.3260,2.6337

13936.3250,2.6333

13937.3250,2.6332

13938.3250,2.6335

13939.3250,2.6327

13940.3250,2.6334

13941.3250,2.6343

13942.3250,2.6336

13943.3250,2.6334

13944.3250,2.6338

13945.3250,2.6332

13946.3260,2.6331

13947.3250,2.6337

13948.3260,2.6333

13949.3250,2.6333

13950.3250,2.6327

13951.3250,2.6332

13952.3250,2.6328

13953.3250,2.6331

13954.3260,2.6333

13955.3260,2.6334

13956.3250,2.6338

13957.3250,2.6341

13958.3250,2.6335

13959.3250,2.6334

13960.3260,2.6333

13961.3250,2.6332

13962.3250,2.6336

13963.3250,2.6339

13964.3260,2.6344

13965.3250,2.6345

13966.3250,2.6341

13967.3250,2.6344

13968.3260,2.6337

13969.3260,2.6344

13970.3250,2.6342

13971.3260,2.6335

13972.3250,2.6342

13973.3250,2.6343

13974.3250,2.6343

13975.3260,2.6343

13976.3250,2.6342

13977.3250,2.6352

13978.3250,2.6356

13979.3250,2.6348

13980.3250,2.6347

13981.3250,2.6343

13982.3260,2.6340

13983.3250,2.6340

13984.3250,2.6344

13985.3250,2.6342

13986.3250,2.6336

13987.3250,2.6334

13988.3250,2.6332

13989.3250,2.6337

13990.3250,2.6339

13991.3250,2.6333

13992.3250,2.6330

13993.3250,2.6331

13994.3250,2.6342

13995.3260,2.6339

13996.3260,2.6333

13997.3260,2.6342

13998.3260,2.6334

13999.3260,2.6337

14000.3260,2.6334

14001.3270,2.6339

14002.3250,2.6336

14003.3270,2.6339

14004.3250,2.6337

14005.3260,2.6338

14006.3250,2.6336

14007.3260,2.6337

14008.3250,2.6333

14009.3260,2.6337

14010.3250,2.6343

14011.3250,2.6337

14012.3250,2.6335

14013.3250,2.6335

14014.3250,2.6339

14015.3250,2.6337

14016.3260,2.6338

14017.3250,2.6337

14018.3260,2.6336

14019.3250,2.6334

14020.3250,2.6340

14021.3260,2.6335

14022.3250,2.6340

14023.3260,2.6339

14024.3250,2.6338

14025.3250,2.6342

14026.3250,2.6343

14027.3250,2.6349

14028.3250,2.6345

14029.3250,2.6343

14030.3250,2.6342

14031.3250,2.6344

14032.3270,2.6341

14033.3250,2.6345

14034.3250,2.6339

14035.3250,2.6344

14036.3260,2.6346

14037.3250,2.6347

14038.3250,2.6345

14039.3250,2.6334

14040.3250,2.6345

14041.3250,2.6340

14042.3250,2.6345

14043.3260,2.6352

14044.3250,2.6338

14045.3260,2.6336

14046.3250,2.6334

14047.3250,2.6336

14048.3260,2.6340

14049.3250,2.6341

14050.3260,2.6347

14051.3250,2.6342

14052.3260,2.6343

14053.3250,2.6341

14054.3250,2.6349

14055.3250,2.6347

14056.3260,2.6339

14057.3260,2.6335

14058.3250,2.6344

14059.3260,2.6336

14060.3250,2.6338

14061.3250,2.6347

14062.3250,2.6345

14063.3260,2.6336

14064.3260,2.6344

14065.3260,2.6343

14066.3250,2.6340

14067.3250,2.6339

14068.3250,2.6340

14069.3250,2.6342

14070.3250,2.6330

14071.3250,2.6338

14072.3250,2.6339

14073.3260,2.6335

14074.3250,2.6331

14075.3260,2.6330

14076.3250,2.6332

14077.3250,2.6336

14078.3270,2.6341

14079.3260,2.6338

14080.3250,2.6330

14081.3250,2.6331

14082.3250,2.6332

14083.3250,2.6333

14084.3250,2.6343

14085.3250,2.6341

14086.3250,2.6340

14087.3260,2.6335

14088.3250,2.6336

14089.3250,2.6333

14090.3260,2.6337

14091.3260,2.6342

14092.3250,2.6342

14093.3250,2.6335

14094.3250,2.6345

14095.3270,2.6343

14096.3250,2.6341

14097.3250,2.6344

14098.3250,2.6344

14099.3250,2.6341

14100.3250,2.6336

14101.3250,2.6343

14102.3250,2.6347

14103.3250,2.6348

14104.3250,2.6350

14105.3260,2.6349

14106.3250,2.6351

14107.3250,2.6350

14108.3250,2.6356

14109.3250,2.6352

14110.3250,2.6358

14111.3250,2.6358

14112.3250,2.6354

14113.3250,2.6345

14114.3250,2.6345

14115.3250,2.6347

14116.3260,2.6345

14117.3250,2.6352

14118.3250,2.6349

14119.3260,2.6347

14120.3260,2.6356

14121.3250,2.6350

14122.3250,2.6354

14123.3250,2.6351

14124.3250,2.6345

14125.3250,2.6348

14126.3250,2.6350

14127.3250,2.6353

14128.3250,2.6351

14129.3250,2.6349

14130.3250,2.6345

14131.3250,2.6357

14132.3250,2.6357

14133.3260,2.6354

14134.3250,2.6350

14135.3250,2.6333

14136.3260,2.6326

14137.3250,2.6333

14138.3250,2.6343

14139.3250,2.6348

14140.3260,2.6351

14141.3250,2.6355

14142.3250,2.6360

14143.3250,2.6355

14144.3250,2.6352

14145.3260,2.6348

14146.3250,2.6344

14147.3250,2.6341

14148.3250,2.6355

14149.3250,2.6349

14150.3260,2.6343

14151.3250,2.6342

14152.3260,2.6344

14153.3250,2.6342

14154.3250,2.6343

14155.3250,2.6347

14156.3260,2.6348

14157.3250,2.6339

14158.3250,2.6340

14159.3250,2.6352

14160.3250,2.6348

14161.3260,2.6342

14162.3250,2.6337

14163.3250,2.6344

14164.3250,2.6343

14165.3250,2.6344

14166.3250,2.6345

14167.3250,2.6340

14168.3260,2.6348

14169.3250,2.6349

14170.3250,2.6341

14171.3250,2.6346

14172.3250,2.6341

14173.3260,2.6345

14174.3250,2.6342

14175.3250,2.6342

14176.3250,2.6351

14177.3260,2.6343

14178.3250,2.6336

14179.3250,2.6344

14180.3260,2.6342

14181.3250,2.6347

14182.3260,2.6342

14183.3250,2.6342

14184.3250,2.6338

14185.3250,2.6344

14186.3250,2.6340

14187.3250,2.6347

14188.3260,2.6345

14189.3250,2.6341

14190.3250,2.6353

14191.3250,2.6346

14192.3260,2.6357

14193.3250,2.6352

14194.3260,2.6346

14195.3250,2.6356

14196.3250,2.6349

14197.3250,2.6349

14198.3260,2.6347

14199.3250,2.6344

14200.3250,2.6346

14201.3250,2.6343

14202.6510,2.6342

14203.3270,2.6344

14204.3250,2.6348

14205.3250,2.6345

14206.3250,2.6347

14207.3260,2.6349

14208.3260,2.6354

14209.3250,2.6344

14210.3260,2.6349

14211.3250,2.6344

14212.3250,2.6347

14213.3250,2.6348

14214.3250,2.6346

14215.3250,2.6357

14216.3250,2.6350

14217.3260,2.6352

14218.3250,2.6352

14219.3250,2.6356

14220.3250,2.6348

14221.3260,2.6352

14222.3260,2.6348

14223.3250,2.6350

14224.3250,2.6350

14225.3250,2.6345

14226.3250,2.6339

14227.3250,2.6342

