Elapsed Time (s),P1 (psi),P2 (psi),P3 (psi),P4 (psi),P5 (psi),P6 (psi),P7 (psi),Main Loop Avg Pressure (psi),HX Pressure (psi),Overall Avg Pressure (psi)
1.9260,0.9092,0.7856,3.4408,3.4415,3.2556,9.3061,1.8964,2.2882,9.3061,3.2907

2.8570,0.7857,1.1560,3.5643,3.1946,3.3791,1.7126,2.1434,2.3705,1.7126,2.2765

3.8570,1.2178,1.3412,3.6878,3.4415,3.0704,3.2560,1.9582,2.4528,3.2560,2.5675

4.8570,1.1561,1.1560,3.3173,3.3180,3.1939,3.5029,1.7730,2.3190,3.5029,2.4882

5.8570,0.9709,1.0942,3.8730,3.6267,3.0704,3.3177,1.9582,2.4322,3.3177,2.5587

6.8570,1.2795,1.2177,3.1938,3.3798,3.0087,3.1325,2.0817,2.3602,3.1325,2.4705

7.8570,0.9092,0.9090,3.8112,3.2563,3.1321,3.3177,1.8964,2.3191,3.3177,2.4617

8.8570,1.2178,1.2177,3.1938,3.9354,3.5026,3.0090,2.2669,2.5557,3.0090,2.6205

9.8580,1.0326,1.0942,3.5025,3.3798,3.3174,3.0090,2.6991,2.5043,3.0090,2.5764

10.8570,0.7240,1.0325,3.4408,3.0711,3.1321,2.7003,1.9582,2.2265,2.7003,2.2941

11.8570,0.8474,0.9090,3.5643,2.9476,3.3174,3.2560,1.4025,2.1647,3.2560,2.3206

12.8580,0.7857,1.0942,1.8973,2.7624,3.8731,2.7621,2.0817,2.0824,2.7621,2.1795

13.8580,2.1437,1.1560,3.5025,3.0711,3.2556,2.8855,1.8964,2.5042,2.8855,2.5587

14.8570,0.9092,0.5386,3.6260,3.4415,3.1321,3.1942,1.8964,2.2573,3.1942,2.3912

15.8570,0.4771,1.1560,4.1199,2.7007,3.7496,3.0707,1.7112,2.3191,3.0707,2.4265

16.8570,0.9709,1.1560,3.3173,3.3798,3.2556,3.6264,1.9582,2.3396,3.6264,2.5234

17.8570,0.4153,1.0942,3.5025,3.5033,3.2556,2.9473,2.3904,2.3602,2.9473,2.4441

18.8570,0.9709,1.4029,3.0704,3.5650,2.8234,3.0090,1.9582,2.2985,3.0090,2.4000

19.8570,1.0943,0.7856,3.3173,2.9476,3.0087,3.1325,2.0199,2.1956,3.1325,2.3294

20.8570,0.7857,1.3412,3.1938,3.7502,3.6878,2.8855,2.3286,2.5146,2.8855,2.5676

21.8570,0.7857,1.0325,3.1321,3.1946,3.3174,3.0090,1.9582,2.2367,3.0090,2.3471

22.8570,0.7857,1.3412,3.5025,3.5033,3.3791,2.8238,1.7730,2.3808,2.8238,2.4441

23.8570,0.9709,1.0942,3.8112,3.2563,3.1321,2.3917,1.8347,2.3499,2.3917,2.3559

24.8570,0.8474,1.1560,3.3791,3.4415,3.0704,2.7003,1.8347,2.2882,2.7003,2.3471

25.8570,0.7857,0.8473,3.5025,3.4415,3.2556,2.6386,1.7112,2.2573,2.6386,2.3118

26.8570,0.9092,1.2794,3.3791,3.0094,2.9469,2.0830,1.6495,2.1956,2.0830,2.1795

27.8580,0.8474,1.0942,3.3791,3.3180,2.9469,2.1447,1.8347,2.2367,2.1447,2.2236

28.8580,1.5882,1.2177,3.5643,3.1328,3.0704,1.7743,1.8964,2.4116,1.7743,2.3206

29.8580,0.7857,1.0325,3.5643,3.1946,2.8852,2.0830,1.7112,2.1956,2.0830,2.1795

30.8570,0.7857,0.7856,3.5025,3.1946,3.5026,2.0830,2.3286,2.3499,2.0830,2.3118

31.8570,0.8474,1.4647,3.6260,3.2563,3.0087,2.0212,1.8964,2.3499,2.0212,2.3030

32.8570,0.7240,1.4647,3.7495,3.1946,3.4409,1.9595,1.8347,2.4014,1.9595,2.3383

33.8570,0.5388,1.0325,3.3173,3.1946,3.2556,1.5274,2.3904,2.2882,1.5274,2.1795

34.8570,0.7240,0.7238,3.3173,3.4415,3.1321,2.1447,1.9582,2.2162,2.1447,2.2060

35.8570,0.7857,1.4647,1.8355,3.8737,2.8234,2.0212,1.7112,2.0824,2.0212,2.0736

36.8570,0.9709,1.4647,3.2556,3.3798,3.2556,2.0212,1.8964,2.3705,2.0212,2.3206

37.8570,0.7857,1.4647,3.4408,3.5650,3.0704,1.8978,1.8347,2.3602,1.8978,2.2941

38.8570,0.6622,1.0942,3.0704,2.9476,3.2556,2.9473,1.8347,2.1441,2.9473,2.2589

39.8570,1.0326,1.0942,3.5643,3.3798,3.3174,2.0212,2.0817,2.4117,2.0212,2.3559

40.8570,0.4771,0.9708,3.2556,3.5650,3.1321,2.4534,2.0817,2.2470,2.4534,2.2765

41.8580,0.7857,1.5881,3.3173,3.6267,3.2556,2.2682,1.9582,2.4219,2.2682,2.4000

42.8580,0.6622,1.0325,3.6878,2.7624,3.0704,2.3299,1.5260,2.1236,2.3299,2.1530

43.8570,1.1561,0.8473,3.9965,3.5033,3.1321,2.3299,1.7730,2.4014,2.3299,2.3912

44.8570,0.9709,0.7856,3.3791,3.0094,2.8852,2.0830,2.8843,2.3191,2.0830,2.2853

45.8570,0.7857,1.0325,3.4408,3.3180,3.0087,2.0830,1.7112,2.2162,2.0830,2.1971

46.8570,0.7240,0.9708,3.3791,3.3180,2.9469,2.3299,1.7730,2.1853,2.3299,2.2059

47.8580,0.9092,0.9708,3.4408,3.2563,2.9469,2.0212,2.2051,2.2882,2.0212,2.2500

48.8570,1.5882,1.3412,3.6878,3.2563,2.7617,2.0212,1.8964,2.4219,2.0212,2.3647

49.8570,0.9709,1.1560,3.4408,3.3798,2.8234,1.7126,1.7730,2.2573,1.7126,2.1795

50.8570,0.6622,1.2794,3.1321,3.1946,3.1939,1.7743,1.3408,2.1338,1.7743,2.0825

51.8570,0.9709,1.9585,3.4408,3.3798,3.2556,2.2064,1.7730,2.4631,2.2064,2.4264

52.8570,1.1561,1.1560,3.7495,3.1328,3.2556,1.9595,1.9582,2.4014,1.9595,2.3382

53.8570,0.9092,1.4029,3.4408,3.3798,3.1939,1.0335,2.2669,2.4322,1.0335,2.2324

54.8570,1.4647,1.2177,4.1199,3.1946,3.1321,1.2187,2.1434,2.5454,1.2187,2.3559

55.8580,0.8474,1.0942,3.1938,3.6267,3.0087,2.1447,1.8347,2.2676,2.1447,2.2500

56.8570,0.9092,1.3412,3.5643,3.3798,3.0704,1.9595,1.8347,2.3499,1.9595,2.2941

57.8570,0.9092,0.9090,3.4408,3.3180,3.3174,1.5274,1.8964,2.2985,1.5274,2.1883

58.8570,0.9092,0.9708,3.3173,3.4415,3.0087,2.0830,1.7730,2.2367,2.0830,2.2148

59.8570,0.6005,0.9708,3.1938,3.1328,2.9469,1.8978,1.4025,2.0412,1.8978,2.0207

60.8580,0.8474,1.6499,3.4408,3.1328,3.0704,1.9595,1.8964,2.3396,1.9595,2.2853

61.8570,0.7240,1.4647,3.3791,3.6267,3.3791,2.3299,2.0817,2.4425,2.3299,2.4264

62.8570,-0.2637,1.7116,3.3791,3.5650,3.3791,1.9595,2.1434,2.3191,1.9595,2.2677

63.8580,1.0943,1.2177,3.8112,3.1328,3.5026,2.1447,1.6495,2.4014,2.1447,2.3647

64.8570,0.9709,1.4029,3.5643,3.9971,3.3174,2.5769,1.9582,2.5351,2.5769,2.5411

65.8570,1.0326,0.9708,3.3791,3.1328,3.1939,2.0212,2.1434,2.3088,2.0212,2.2677

66.8570,0.6622,0.5386,3.7495,3.3180,3.0087,2.3917,2.0199,2.2162,2.3917,2.2412

67.8570,0.9709,1.0325,3.5643,3.3180,3.8113,2.0830,1.8964,2.4322,2.0830,2.3823

68.8570,1.2178,0.9090,3.6260,2.8859,3.1939,3.0090,2.0199,2.3088,3.0090,2.4088

69.8570,0.8474,0.6621,3.8730,3.1946,3.1321,2.5769,2.1434,2.3088,2.5769,2.3471

70.8570,0.7857,0.9708,3.3173,3.6267,3.1939,2.0212,1.7730,2.2779,2.0212,2.2412

71.8570,0.7857,1.4647,3.4408,3.2563,3.6261,2.1447,2.6991,2.5454,2.1447,2.4882

72.8570,0.7240,0.9090,3.8112,3.4415,3.5026,1.8978,1.8964,2.3808,1.8978,2.3118

73.8570,1.0943,0.7238,3.8112,3.2563,3.1939,2.1447,1.8964,2.3293,2.1447,2.3030

74.8570,0.6622,1.3412,3.3791,3.2563,3.1939,1.7743,2.0199,2.3088,1.7743,2.2324

75.8570,1.3412,1.7733,3.9965,2.7624,3.4409,1.8360,2.0817,2.5660,1.8360,2.4617

76.8570,0.7240,0.9708,3.5025,3.0711,3.0087,2.1447,2.3286,2.2676,2.1447,2.2501

77.8580,1.0326,1.3412,3.8730,3.0094,3.4409,2.1447,1.7112,2.4014,2.1447,2.3647

78.8570,0.4153,2.3907,3.6260,3.3180,3.5643,1.8978,2.3286,2.6072,1.8978,2.5058

79.8570,0.6622,1.2794,3.5025,3.3798,3.1321,1.8360,1.9582,2.3191,1.8360,2.2501

80.8570,0.9092,0.9090,3.6260,3.2563,3.1939,2.0212,1.7112,2.2676,2.0212,2.2324

81.8570,0.7857,1.3412,3.6260,3.7502,2.8234,2.0830,1.7112,2.3396,2.0830,2.3030

82.8580,0.6622,0.7856,3.0086,2.8859,3.0087,3.0090,2.0817,2.0721,3.0090,2.2059

83.8570,0.7857,0.9708,3.2556,2.8859,3.1939,0.5396,2.3904,2.2470,0.5396,2.0031

84.8570,0.2919,0.8473,3.5643,3.1946,3.1939,1.9595,2.0817,2.1956,1.9595,2.1619

85.8570,0.9709,0.8473,3.6878,3.5650,2.8234,2.2682,1.6495,2.2573,2.2682,2.2589

86.8570,0.9709,0.7856,3.9347,3.3798,3.1321,2.7621,2.0817,2.3808,2.7621,2.4353

87.8570,0.7857,0.8473,3.4408,3.6267,2.9469,2.5151,1.7112,2.2264,2.5151,2.2677

88.8570,0.4771,1.3412,3.5643,3.1946,3.6878,2.2682,1.6495,2.3191,2.2682,2.3118

89.8580,0.7857,1.8968,3.6260,3.5033,3.5026,1.8978,2.0199,2.5557,1.8978,2.4617

90.8570,0.7240,1.1560,3.3791,3.3798,2.9469,1.8978,1.6495,2.2059,1.8978,2.1618

91.8570,0.2919,1.0942,3.6878,3.1946,3.6261,1.8360,2.6373,2.4220,1.8360,2.3383

92.8570,0.4771,1.8968,3.5643,3.2563,3.2556,2.0212,1.5260,2.3293,2.0212,2.2853

93.8570,1.4030,1.1560,3.5025,3.2563,3.1321,1.9595,1.8347,2.3808,1.9595,2.3206

94.8570,0.9092,1.3412,3.8730,3.0711,3.3791,2.1447,1.7730,2.3911,2.1447,2.3559

95.8570,0.2919,0.9708,3.6260,3.2563,3.1321,1.8978,1.8964,2.1956,1.8978,2.1530

96.8580,0.8474,1.3412,3.1938,3.1328,3.3791,1.2187,1.9582,2.3088,1.2187,2.1530

97.8570,1.4647,1.0942,3.6878,3.6885,3.4409,1.7743,2.0817,2.5763,1.7743,2.4617

98.8570,0.7857,0.9090,3.3791,3.1946,3.0087,2.3299,1.6495,2.1544,2.3299,2.1795

99.8580,0.4771,0.9708,3.5643,3.1328,3.0087,3.1325,2.3904,2.2573,3.1325,2.3823

100.8580,0.8474,0.5386,3.3173,2.8242,2.6999,1.9595,3.0695,2.2162,1.9595,2.1795

101.8570,1.0943,1.0325,3.6260,3.3798,3.3791,2.0830,2.2051,2.4528,2.0830,2.4000

102.8570,1.5882,1.2177,3.5025,3.1946,3.1939,1.7743,1.7730,2.4116,1.7743,2.3206

103.8570,0.9092,1.3412,3.2556,3.8737,3.3791,2.0830,2.1434,2.4837,2.0830,2.4264

104.8580,0.2302,1.1560,3.0086,2.9476,3.0704,1.7126,2.0817,2.0824,1.7126,2.0296

105.8570,0.9092,1.0942,3.0704,2.8242,2.8852,1.9595,3.0078,2.2985,1.9595,2.2501

106.8570,1.0943,0.8473,3.4408,3.0711,3.0704,1.9595,2.1434,2.2779,1.9595,2.2324

107.8570,0.7240,0.7238,3.6260,3.1946,3.1321,2.5151,1.7112,2.1853,2.5151,2.2324

108.8570,0.6005,0.8473,4.5521,3.6267,3.1939,2.0830,1.8964,2.4528,2.0830,2.4000

109.8570,0.7857,1.1560,3.1938,3.0711,2.9469,2.0830,1.6495,2.1338,2.0830,2.1266

110.8570,1.6499,0.8473,3.6878,3.0711,3.0704,2.0830,1.7112,2.3396,2.0830,2.3029

111.8570,0.6622,0.9708,3.3173,3.5650,2.8852,2.4534,1.7730,2.1956,2.4534,2.2324

112.8570,0.9092,0.9090,3.6878,3.1328,3.1939,2.2682,1.8347,2.2779,2.2682,2.2765

113.8570,0.8474,1.5881,3.3791,3.3798,3.2556,2.2682,1.4643,2.3190,2.2682,2.3118

114.8570,1.0943,1.2794,3.7495,3.1946,3.4409,2.2064,1.8964,2.4425,2.2064,2.4088

115.8570,0.6005,1.5264,3.3173,3.6885,3.3174,2.4534,2.1434,2.4322,2.4534,2.4353

116.8570,1.0326,0.9708,3.6878,3.2563,3.4409,2.4534,1.8347,2.3705,2.4534,2.3823

117.8570,0.8474,1.3412,3.3173,3.6885,3.2556,2.4534,1.8347,2.3808,2.4534,2.3912

118.8570,0.8474,1.0325,3.1321,3.0094,2.8234,2.2064,1.8347,2.1133,2.2064,2.1266

119.8580,1.0326,1.2177,3.6260,3.1328,3.2556,2.0830,1.5260,2.2985,2.0830,2.2677

120.8570,0.4153,0.7238,3.3173,4.2441,3.1939,2.2682,1.7730,2.2779,2.2682,2.2765

121.8570,0.1067,1.2177,3.5643,3.2563,3.3174,2.2682,1.8964,2.2265,2.2682,2.2324

122.8570,0.9092,1.4029,3.6260,3.6267,3.3174,2.2682,2.0817,2.4940,2.2682,2.4617

123.8580,1.0326,0.7856,3.3173,3.2563,2.9469,2.1447,1.7112,2.1750,2.1447,2.1707

124.8570,0.9092,0.7856,3.9965,3.1328,3.3174,2.0212,1.8964,2.3396,2.0212,2.2942

125.8570,1.2795,1.1560,3.8730,3.4415,3.6878,2.3917,2.3286,2.6277,2.3917,2.5940

126.8570,0.8474,1.2177,3.5025,3.3180,3.1939,2.2682,1.7730,2.3088,2.2682,2.3030

127.8570,0.7240,1.0942,3.0086,3.3180,3.1939,2.0830,1.7730,2.1853,2.0830,2.1707

128.8570,1.0943,0.7856,3.4408,3.3180,3.3174,2.1447,1.8964,2.3088,2.1447,2.2853

129.8570,0.8474,1.3412,3.3173,3.5033,3.0087,2.4534,1.8964,2.3190,2.4534,2.3382

130.8570,0.9092,1.0325,3.3791,3.2563,3.1321,2.2064,1.8347,2.2573,2.2064,2.2500

131.8570,1.0326,0.9090,3.6260,3.1946,3.2556,2.0830,1.9582,2.3293,2.0830,2.2941

132.8570,0.7240,1.1560,3.3791,3.3798,3.1939,2.3299,1.7112,2.2573,2.3299,2.2677

133.8570,1.1561,1.1560,3.3173,3.5033,3.1939,2.1447,2.0817,2.4014,2.1447,2.3647

134.8570,0.7240,1.0325,3.3173,3.0094,3.0087,2.2682,1.6495,2.1235,2.2682,2.1442

135.8570,0.7857,0.9090,3.6878,3.3180,3.2556,2.3917,2.2051,2.3602,2.3917,2.3647

136.8570,0.9092,1.0325,3.5025,3.1946,3.2556,2.2682,2.2051,2.3499,2.2682,2.3382

137.8570,0.9709,0.9090,3.5025,3.8119,3.4409,2.9473,2.2051,2.4734,2.9473,2.5411

138.8570,1.0943,1.0325,3.6260,3.2563,3.3791,2.0830,2.0817,2.4117,2.0830,2.3647

139.8580,0.9092,1.3412,3.3791,3.3180,3.6878,2.2064,1.7112,2.3911,2.2064,2.3647

140.8570,0.7240,1.2794,3.1938,3.3180,3.2556,2.0830,2.0817,2.3088,2.0830,2.2765

141.8580,0.7240,1.2794,3.5025,3.5650,3.0704,2.2064,2.0199,2.3602,2.2064,2.3382

142.8570,0.7240,1.1560,3.1321,2.8242,3.0704,2.4534,1.7112,2.1030,2.4534,2.1530

143.8570,0.9092,1.0325,3.8730,3.0711,3.3174,2.2064,2.0199,2.3705,2.2064,2.3471

144.8570,0.7240,1.3412,4.0582,3.3180,2.9469,2.2064,2.1434,2.4220,2.2064,2.3912

145.8570,1.0326,1.3412,3.3791,3.1328,3.4409,2.2682,1.7730,2.3499,2.2682,2.3382

146.8570,0.8474,1.0942,3.3173,3.3798,3.4409,2.7621,1.5260,2.2676,2.7621,2.3382

147.8580,1.6499,1.4647,3.3173,3.1946,3.1939,2.2682,2.1434,2.4940,2.2682,2.4617

148.8570,0.8474,1.0942,3.6878,3.2563,2.7617,2.2682,2.0817,2.2882,2.2682,2.2853

149.8570,0.7857,1.0325,3.5643,3.1946,3.1939,2.3917,1.6495,2.2367,2.3917,2.2589

150.8580,1.2178,0.9090,3.6878,3.1946,3.2556,2.2682,2.0199,2.3808,2.2682,2.3647

151.8580,0.4771,1.5881,3.5025,3.2563,3.2556,2.2064,1.5260,2.2676,2.2064,2.2589

152.8580,0.9092,0.9708,3.6878,3.1946,2.6999,2.6386,1.6495,2.1853,2.6386,2.2500

153.8580,0.7857,1.0325,3.1321,3.5033,3.1321,2.4534,1.7112,2.2162,2.4534,2.2500

154.8570,0.8474,1.2794,3.8112,3.2563,3.0087,2.5151,2.0817,2.3808,2.5151,2.4000

155.8570,0.7240,1.2177,3.2556,3.1946,3.3174,2.3299,1.9582,2.2779,2.3299,2.2853

156.8570,1.0326,0.9090,3.2556,3.2563,3.1321,1.7743,1.8347,2.2367,1.7743,2.1707

157.8570,1.1561,1.2177,3.8112,3.5650,3.6878,1.6508,2.1434,2.5969,1.6508,2.4617

158.8570,0.8474,1.8968,3.7495,3.0711,3.7496,2.4534,1.8964,2.5351,2.4534,2.5235

159.8580,0.6622,1.2177,3.4408,3.5033,3.1939,2.1447,1.8347,2.3088,2.1447,2.2853

160.8570,0.4771,0.9090,3.5025,3.1946,3.1939,2.2064,2.0199,2.2162,2.2064,2.2148

161.8570,0.7240,0.5386,3.5643,3.7502,2.8852,2.2064,1.9582,2.2367,2.2064,2.2324

162.8580,0.6005,0.9708,3.3791,3.6885,3.0704,2.5769,1.8964,2.2676,2.5769,2.3118

163.8580,1.0943,1.4029,3.2556,3.4415,3.2556,2.3299,1.7112,2.3602,2.3299,2.3559

164.8570,0.4771,1.3412,3.3173,3.2563,2.8852,2.1447,2.0817,2.2265,2.1447,2.2148

165.8570,0.9709,1.0325,4.2434,3.2563,4.1200,2.4534,1.7112,2.5557,2.4534,2.5411

166.8580,1.2178,1.0942,3.6260,3.0711,3.0087,1.2187,1.6495,2.2779,1.2187,2.1266

167.8570,0.8474,0.7238,3.3791,3.6885,3.1939,2.2682,1.4643,2.2161,2.2682,2.2236

168.8570,1.1561,1.0942,3.8730,3.7502,3.1939,1.7126,1.6495,2.4528,1.7126,2.3471

169.8570,0.8474,1.0325,3.3791,3.3798,3.0087,2.0212,1.9582,2.2676,2.0212,2.2324

170.8580,0.6622,0.9708,3.7495,3.5650,3.4409,2.3299,1.8347,2.3705,2.3299,2.3647

171.8580,0.7240,1.0942,3.5643,3.3180,3.6261,1.8978,1.8964,2.3705,1.8978,2.3030

172.8580,0.9092,0.9708,3.5025,3.4415,3.0087,2.0212,1.7112,2.2573,2.0212,2.2236

173.8570,0.8474,1.3412,3.5643,3.4415,3.3791,1.7126,1.6495,2.3705,1.7126,2.2765

174.8570,0.5388,0.9708,3.4408,3.1946,3.3174,2.1447,2.0199,2.2470,2.1447,2.2324

175.8570,0.6622,0.9708,3.8730,3.1328,3.3174,1.9595,2.0199,2.3294,1.9595,2.2765

176.8570,1.2795,1.2177,3.6260,3.0094,3.2556,2.2064,1.9582,2.3911,2.2064,2.3647

177.8570,0.7857,1.0325,3.1938,3.3798,3.1321,2.0830,2.2051,2.2882,2.0830,2.2589

178.8580,0.9092,1.1560,3.6260,3.2563,3.2556,2.2682,1.9582,2.3602,2.2682,2.3471

179.8580,0.6005,1.5264,3.3173,3.7502,3.1939,2.2682,2.1434,2.4220,2.2682,2.4000

180.8580,1.0326,0.9708,3.6260,3.2563,3.3174,2.2064,1.9582,2.3602,2.2064,2.3382

181.8580,0.7857,1.0942,3.4408,3.1946,3.2556,2.3917,2.0817,2.3088,2.3917,2.3206

182.8570,0.8474,1.1560,2.8234,3.3180,3.9965,2.2064,2.1434,2.3808,2.2064,2.3559

183.8570,0.7857,1.0325,3.5025,3.4415,3.1321,2.3299,1.8964,2.2985,2.3299,2.3030

184.8570,0.6005,1.0942,3.1938,2.8242,2.5147,2.0212,1.6495,1.9795,2.0212,1.9855

185.8570,0.6622,1.2794,3.5025,3.2563,3.2556,1.8978,2.0199,2.3293,1.8978,2.2677

186.8570,0.7240,1.1560,3.1938,3.4415,3.0704,2.0212,1.9582,2.2573,2.0212,2.2236

187.8580,0.3536,1.2177,3.6260,3.0711,3.2556,2.3299,2.8843,2.4014,2.3299,2.3912

188.8570,1.2178,1.4029,3.7495,3.5033,2.8852,2.2682,2.0199,2.4631,2.2682,2.4352

189.8570,1.0943,0.8473,3.7495,3.1328,3.5026,2.2682,2.2051,2.4220,2.2682,2.4000

190.8580,0.8474,0.7856,3.6260,3.6267,1.5886,1.5891,2.0199,2.0824,1.5891,2.0119

191.8580,1.2795,1.0942,3.1938,3.3180,3.1939,2.2064,1.3408,2.2367,2.2064,2.2324

192.8580,0.6622,1.2177,3.2556,3.1946,3.3174,2.0212,1.9582,2.2676,2.0212,2.2324

193.8570,0.2302,1.2794,3.1321,3.6267,3.3174,2.0830,1.8964,2.2470,2.0830,2.2236

194.8570,1.0943,1.1560,3.0704,3.4415,3.5026,2.5151,1.5260,2.2985,2.5151,2.3294

195.8570,1.0326,1.2794,3.1938,3.1328,3.1321,2.1447,1.8964,2.2779,2.1447,2.2589

196.8570,0.9092,1.1560,3.5025,3.2563,2.8234,2.3299,1.5260,2.1956,2.3299,2.2148

197.8570,0.8474,1.0325,3.3791,3.5033,3.5643,1.6508,1.7730,2.3499,1.6508,2.2501

198.8570,0.9709,1.6499,3.3791,3.1328,3.3174,3.0090,1.7730,2.3705,3.0090,2.4617

199.8570,0.8474,1.3412,3.3173,3.1946,3.1321,2.0830,2.4521,2.3808,2.0830,2.3382

200.8570,0.4153,1.5881,4.5521,2.5772,3.2556,2.1447,1.8347,2.3705,2.1447,2.3383

201.8580,0.3536,0.4151,3.9347,3.2563,3.2556,2.0830,2.3286,2.2573,2.0830,2.2324

202.8570,0.6005,0.7238,3.4408,3.4415,2.5147,2.2682,1.9582,2.1133,2.2682,2.1354

203.8570,1.2795,1.0325,3.3173,3.7502,3.0704,1.8978,1.8347,2.3808,1.8978,2.3118

204.8570,0.5388,1.0325,3.3173,3.6267,3.0704,1.7743,2.0199,2.2676,1.7743,2.1971

205.8570,0.9709,0.7856,3.5643,3.3180,3.8113,2.8238,1.7112,2.3602,2.8238,2.4264

206.8570,0.9092,0.7238,3.5643,3.5650,2.6999,2.0212,2.0199,2.2470,2.0212,2.2148

207.8570,0.7857,0.7238,3.4408,3.1328,3.2556,2.5151,1.7112,2.1750,2.5151,2.2236

208.8570,0.9709,0.9090,3.5025,3.5650,2.9469,2.2064,1.9582,2.3088,2.2064,2.2941

209.8570,0.6005,1.1560,3.6260,3.3180,3.4409,2.0212,2.0199,2.3602,2.0212,2.3118

210.8570,1.0326,1.2177,3.5643,3.0094,3.1939,1.8978,1.7730,2.2985,1.8978,2.2412

211.8570,0.2919,1.0325,3.5025,3.3798,3.1939,3.3794,1.7112,2.1853,3.3794,2.3559

212.8570,0.7240,1.3412,3.7495,3.2563,3.1321,2.2064,1.7112,2.3191,2.2064,2.3030

213.8580,0.8474,0.9708,3.1938,3.2563,3.1939,1.9595,2.2051,2.2779,1.9595,2.2324

214.8580,0.7857,0.3534,1.8973,2.8242,3.8113,1.8978,2.3286,2.0001,1.8978,1.9855

215.8570,1.1561,1.0942,3.1938,3.3798,2.8852,1.8360,2.0817,2.2985,1.8360,2.2324

216.8570,0.9092,1.1560,3.5643,3.4415,3.1321,2.2064,1.6495,2.3088,2.2064,2.2941

217.8580,0.7240,0.9708,3.4408,3.3180,2.9469,2.1447,1.7730,2.1956,2.1447,2.1883

218.8570,1.0943,1.0942,3.3791,3.2563,3.0087,1.8978,1.5877,2.2367,1.8978,2.1883

219.8570,0.5388,1.0325,3.5025,3.0094,3.1321,2.1447,1.8964,2.1853,2.1447,2.1795

220.8580,0.7240,0.9708,3.2556,3.5650,3.0704,1.8978,1.7112,2.2162,1.8978,2.1707

221.8570,0.7240,1.0325,3.3173,3.1946,2.9469,2.4534,1.8347,2.1750,2.4534,2.2148

222.8570,0.7857,0.7856,3.5025,3.0711,3.1321,1.7743,1.8347,2.1853,1.7743,2.1266

223.8570,1.1561,0.7238,3.8112,3.1328,3.4409,2.1447,2.0817,2.3911,2.1447,2.3559

224.8570,0.6622,1.0325,3.5025,3.1946,3.5643,2.0212,2.1434,2.3499,2.0212,2.3030

225.8570,0.6005,1.2794,3.3791,3.3798,3.0704,1.9595,2.0199,2.2882,1.9595,2.2412

226.8570,0.5388,0.4151,4.1199,3.4415,3.5643,2.0830,1.9582,2.3397,2.0830,2.3030

227.8570,1.0326,0.9090,3.4408,3.2563,3.0087,2.1447,1.7112,2.2264,2.1447,2.2148

228.8570,0.7857,1.3412,3.6260,3.6885,3.0704,2.5151,1.7112,2.3705,2.5151,2.3912

229.8570,0.7240,0.9090,3.4408,4.1823,3.0704,2.3917,1.8964,2.3705,2.3917,2.3735

230.8580,0.5388,1.0942,3.4408,3.3798,2.8852,2.0212,2.0817,2.2367,2.0212,2.2060

231.8570,0.7240,1.0942,3.3791,3.1946,3.3174,2.1447,1.5260,2.2059,2.1447,2.1971

232.8570,0.7240,2.0820,3.5025,4.1823,3.3174,2.8855,2.0199,2.6380,2.8855,2.6734

233.8570,1.1561,1.1560,3.3173,3.4415,3.1939,1.9595,1.8964,2.3602,1.9595,2.3030

234.8570,0.7857,1.5881,3.6260,2.4538,3.3174,1.9595,1.9582,2.2882,1.9595,2.2412

235.8570,0.8474,0.7856,3.4408,3.5033,3.9348,1.5891,1.9582,2.4117,1.5891,2.2942

236.8580,0.9092,1.1560,3.5025,3.5650,3.3791,1.9595,1.7112,2.3705,1.9595,2.3118

237.8580,1.5882,1.1560,3.5025,3.5033,3.2556,1.8360,1.8964,2.4837,1.8360,2.3911

238.8570,0.7857,1.2177,3.3791,3.1946,3.1939,1.8978,2.0817,2.3088,1.8978,2.2501

239.8570,1.1561,1.2177,3.6878,3.2563,3.0704,2.2064,2.0199,2.4014,2.2064,2.3735

240.8570,0.9092,1.2794,3.3173,3.6885,3.4409,2.0830,2.3904,2.5043,2.0830,2.4441

241.8570,0.9709,1.1560,3.1938,3.2563,3.3791,2.0830,1.6495,2.2676,2.0830,2.2412

242.8580,0.7857,0.8473,3.6878,3.3798,3.2556,1.9595,1.6495,2.2676,1.9595,2.2236

243.8570,0.9092,0.9708,3.3173,3.7502,3.3791,1.7126,2.0199,2.3911,1.7126,2.2941

244.8570,1.2178,1.0325,3.3173,3.2563,3.0704,2.2064,1.2173,2.1853,2.2064,2.1883

245.8580,0.9092,1.0325,3.1321,3.2563,3.0087,2.3299,1.9582,2.2161,2.3299,2.2324

246.8570,0.7240,1.7116,3.7495,3.3798,3.5026,2.0830,1.8347,2.4837,2.0830,2.4264

247.8580,1.1561,1.0325,3.7495,3.1328,3.1321,1.9595,1.8347,2.3396,1.9595,2.2853

248.8570,0.8474,1.1560,3.5025,3.1328,3.7496,2.1447,1.8347,2.3705,2.1447,2.3383

249.8570,0.6622,1.4647,3.3173,3.4415,3.3791,2.0212,1.8964,2.3602,2.0212,2.3118

250.8580,0.9709,0.6621,2.9469,3.1946,3.1321,2.2682,3.0695,2.3293,2.2682,2.3206

251.8580,0.6005,0.9708,4.6139,3.5650,3.7496,2.0212,1.9582,2.5763,2.0212,2.4970

252.8570,1.1561,0.9090,3.8112,3.4415,3.1939,2.4534,1.7112,2.3705,2.4534,2.3823

253.8580,0.8474,1.0325,3.3791,3.3180,3.0704,1.5274,2.0199,2.2779,1.5274,2.1707

254.8570,0.9709,0.6621,3.5025,3.2563,3.2556,1.9595,2.3286,2.3293,1.9595,2.2765

255.8570,1.0326,1.0325,4.0582,3.4415,3.1321,1.5891,2.2669,2.4940,1.5891,2.3647

256.8570,0.7857,0.9090,3.6260,3.1946,3.2556,2.0830,1.8964,2.2779,2.0830,2.2501

257.8570,0.9709,1.0325,3.3791,3.5650,3.5026,1.1569,1.7730,2.3705,1.1569,2.1971

258.8570,1.1561,1.2794,3.6878,3.3180,3.0704,2.0830,2.4521,2.4940,2.0830,2.4353

259.8570,1.0326,0.9708,3.5025,3.2563,2.8234,1.9595,1.3408,2.1544,1.9595,2.1266

260.8570,1.0943,1.1560,3.5025,3.5033,3.1939,2.3917,1.8964,2.3911,2.3917,2.3912

261.8570,0.9709,1.0942,3.4408,3.0711,3.1321,1.6508,2.0199,2.2882,1.6508,2.1971

262.8570,1.0326,1.5264,3.6260,3.1946,3.3174,1.9595,1.9582,2.4425,1.9595,2.3735

263.8570,0.9709,0.9090,3.8112,3.1946,3.4409,1.5891,2.0817,2.4014,1.5891,2.2853

264.8570,1.5882,1.2177,3.5025,3.1946,3.1321,1.8360,1.8964,2.4219,1.8360,2.3382

265.8570,0.6005,1.0942,3.6260,2.9476,3.3791,1.7743,1.9582,2.2676,1.7743,2.1971

266.8580,0.4771,1.2794,3.5025,3.3798,3.3174,2.0212,1.3408,2.2162,2.0212,2.1883

267.8570,0.9092,1.5881,2.9469,3.5650,3.2556,2.5151,1.9582,2.3705,2.5151,2.3912

268.8580,0.7240,1.5881,3.6878,3.2563,3.0087,1.9595,2.2669,2.4220,1.9595,2.3559

269.8580,0.8474,1.4647,3.7495,3.2563,3.0704,2.3299,1.9582,2.3911,2.3299,2.3823

270.8570,0.9092,1.4647,3.5025,2.2686,3.0087,2.3299,2.0199,2.1956,2.3299,2.2148

271.8570,0.4153,1.0325,3.9965,3.3180,3.0087,2.2682,2.3286,2.3499,2.2682,2.3383

272.8570,1.7116,1.1560,3.4408,3.1328,3.5026,2.3917,1.8964,2.4734,2.3917,2.4617

273.8570,0.8474,0.6621,3.4408,3.1328,3.1939,2.1447,2.3286,2.2676,2.1447,2.2501

274.8570,0.8474,1.4029,3.2556,3.1946,3.3791,4.5524,2.5756,2.4425,4.5524,2.7439

275.8580,0.6622,1.1560,3.3173,2.8242,2.8234,2.0212,2.8225,2.2676,2.0212,2.2324

276.8580,0.1067,1.2177,3.5643,2.9476,3.5026,2.0830,1.8347,2.1956,2.0830,2.1795

277.8580,1.1561,0.9708,3.6260,3.2563,3.0087,1.8978,1.9582,2.3293,1.8978,2.2677

278.8570,0.8474,1.7116,3.5025,3.0711,3.1939,2.0212,1.5260,2.3088,2.0212,2.2677

279.8570,0.7240,0.6621,3.9347,3.7502,3.5643,1.9595,1.8964,2.4220,1.9595,2.3559

280.8580,0.5388,1.4029,3.0086,3.0094,3.0704,2.6386,1.9582,2.1647,2.6386,2.2324

281.8570,0.9709,1.4029,3.5643,3.1946,3.3174,2.0830,1.7730,2.3705,2.0830,2.3294

282.8570,1.4030,1.5264,3.3173,3.5033,3.1321,2.1447,2.0199,2.4837,2.1447,2.4352

283.8580,0.9709,1.0942,2.8234,3.5650,3.2556,2.0212,1.7730,2.2470,2.0212,2.2148

284.8570,0.1067,1.0325,3.5643,3.5650,3.0704,2.4534,2.0817,2.2368,2.4534,2.2677

285.8570,0.6005,0.9090,4.4286,3.4415,3.1939,2.0830,1.9582,2.4220,2.0830,2.3735

286.8570,1.0943,1.0942,3.4408,3.3180,3.1939,1.7743,1.8964,2.3396,1.7743,2.2589

287.8580,0.7240,1.4029,3.5643,3.3798,3.0087,2.0212,1.2790,2.2264,2.0212,2.1971

288.8580,0.9709,1.1560,3.2556,3.3180,2.9469,2.0212,2.0199,2.2779,2.0212,2.2412

289.8570,0.5388,0.9708,3.6260,3.1328,3.2556,2.0830,1.5877,2.1853,2.0830,2.1707

290.8570,0.1684,1.5264,2.5147,3.2563,3.3791,2.2064,1.8347,2.1133,2.2064,2.1266

291.8580,2.5758,1.5264,3.4408,3.3798,3.0704,1.7126,1.8964,2.6483,1.7126,2.5146

292.8570,0.4153,-0.2640,3.3791,3.5033,3.0704,2.4534,2.1434,2.0412,2.4534,2.1001

293.8580,1.0943,1.3412,3.5025,3.6885,3.0704,2.0830,1.7112,2.4014,2.0830,2.3559

294.8570,0.5388,1.2794,3.6878,3.1328,2.6999,1.8360,2.2051,2.2573,1.8360,2.1971

295.8570,0.9092,1.1560,3.3173,3.2563,3.3174,2.0830,2.2051,2.3602,2.0830,2.3206

296.8570,0.4153,1.0942,3.3791,3.3180,3.1321,2.0212,2.0199,2.2265,2.0212,2.1971

297.8570,1.0326,0.8473,3.3791,3.4415,3.5643,1.8978,2.1434,2.4014,1.8978,2.3294

298.8570,0.6005,1.2794,3.3173,3.3180,3.3174,1.7126,1.5260,2.2264,1.7126,2.1530

299.8580,1.2178,0.7856,3.5025,3.5033,2.9469,1.9595,1.8964,2.3087,1.9595,2.2589

300.8570,0.7857,1.6499,3.6260,3.4415,3.0704,1.9595,1.4643,2.3396,1.9595,2.2853

301.8570,0.5388,1.0325,3.5643,3.4415,3.9965,2.1447,2.0199,2.4323,2.1447,2.3912

302.8580,0.1067,0.8473,3.6878,3.3180,2.9469,2.2064,1.9582,2.1441,2.2064,2.1530

303.8570,0.7857,0.9708,3.2556,3.1328,2.9469,1.8978,2.0817,2.1956,1.8978,2.1530

304.8570,0.6622,0.8473,3.3791,3.2563,3.1939,1.8978,1.7112,2.1750,1.8978,2.1354

305.8570,0.6005,0.6621,3.1938,2.9476,3.0087,1.6508,1.9582,2.0618,1.6508,2.0031

306.8580,0.6005,1.7116,3.6260,3.5650,3.0704,2.7003,2.0817,2.4425,2.7003,2.4794

307.8570,0.6622,1.0942,3.4408,3.1328,3.1321,2.0212,1.8964,2.2265,2.0212,2.1971

308.8580,0.6622,1.0942,3.5025,3.3798,2.8234,1.7126,2.0817,2.2573,1.7126,2.1795

309.8570,0.7857,1.1560,3.2556,3.2563,3.1939,1.8360,1.7730,2.2367,1.8360,2.1795

310.8580,1.3412,1.3412,3.3173,3.5650,3.2556,1.9595,1.8347,2.4425,1.9595,2.3735

311.8570,0.6005,0.9708,3.8730,3.8119,3.1321,2.0830,1.8964,2.3808,2.0830,2.3382

312.8580,0.3536,1.0325,3.7495,3.0711,3.0704,1.9595,2.0817,2.2265,1.9595,2.1883

313.8570,0.7857,1.0325,3.6878,3.5033,3.0704,1.9595,2.2051,2.3808,1.9595,2.3206

314.8570,0.9709,1.1560,3.1321,3.3180,3.3791,1.9595,1.8347,2.2985,1.9595,2.2500

315.8570,0.7240,1.5264,3.4408,3.1328,3.0704,2.0212,1.5877,2.2470,2.0212,2.2148

316.8570,0.9709,1.2794,3.3791,3.3180,3.4409,2.1447,1.9582,2.3911,2.1447,2.3559

317.8570,0.6005,1.2794,3.6878,2.9476,3.2556,2.0830,1.8964,2.2779,2.0830,2.2501

318.8570,0.9092,0.9708,3.4408,3.5033,3.1321,1.9595,1.8964,2.3088,1.9595,2.2589

319.8570,1.0943,1.0325,3.9347,3.2563,3.0704,1.7743,2.0199,2.4014,1.7743,2.3118

320.8580,0.6622,1.5264,3.6260,3.3798,3.1939,1.9595,1.9582,2.3911,1.9595,2.3294

321.8570,0.7240,1.8968,3.3791,3.3180,3.1321,2.0212,1.7112,2.3602,2.0212,2.3118

322.8570,0.6622,1.5264,3.5643,3.3180,2.9469,1.8360,1.7730,2.2985,1.8360,2.2324

323.8580,0.6005,0.9090,3.3791,3.4415,3.0704,2.2682,1.8347,2.2059,2.2682,2.2148

324.8570,0.8474,1.4647,3.3173,3.3180,3.0704,1.9595,1.8347,2.3088,1.9595,2.2589

325.8570,1.4647,1.2794,3.9347,3.4415,3.0704,2.3917,1.6495,2.4734,2.3917,2.4617

326.8570,0.5388,0.7856,3.8112,3.5033,3.6261,2.0830,1.4643,2.2882,2.0830,2.2589

327.8580,0.9709,0.7856,3.6260,3.1328,3.0087,2.2064,1.7112,2.2059,2.2064,2.2059

328.8580,0.4153,1.1560,3.3173,3.1946,3.1939,2.0212,2.0817,2.2265,2.0212,2.1971

329.8570,0.9709,1.1560,4.7991,3.5650,2.5765,2.1447,1.9582,2.5043,2.1447,2.4529

330.8580,0.9092,1.0942,3.5643,2.7007,3.4409,1.7126,1.7112,2.2367,1.7126,2.1619

331.8580,0.7240,1.5881,3.5643,3.3798,3.1939,2.2064,1.8347,2.3808,2.2064,2.3559

332.8570,1.0943,1.4029,3.2556,3.5650,3.1321,2.0212,1.8964,2.3911,2.0212,2.3382

333.8580,0.7857,1.1560,3.3791,3.2563,2.8852,2.1447,1.5877,2.1750,2.1447,2.1707

334.8570,0.9092,1.4647,3.3791,3.6885,3.1321,2.1447,1.7112,2.3808,2.1447,2.3471

335.8570,1.4030,0.9708,3.3791,3.3180,3.3174,2.1447,1.8347,2.3705,2.1447,2.3382

336.8570,0.7857,1.2177,3.3791,3.2563,3.1321,1.4039,1.8964,2.2779,1.4039,2.1530

337.8580,0.9709,1.2177,3.8730,3.2563,3.1321,2.5151,2.0199,2.4117,2.5151,2.4264

338.8570,0.6005,0.9708,3.0704,3.5650,3.0087,1.7126,1.8964,2.1853,1.7126,2.1178

339.8570,0.9709,1.0942,4.1817,3.3798,2.7617,1.7126,2.1434,2.4219,1.7126,2.3206

340.8570,1.7733,1.2794,3.5025,3.1328,3.1939,1.8360,1.8964,2.4631,1.8360,2.3735

341.8570,0.7857,1.3412,3.2556,3.3180,3.1939,2.0212,1.8347,2.2882,2.0212,2.2500

342.8570,0.9092,0.6621,3.3791,4.4293,3.3791,1.9595,2.2051,2.4940,1.9595,2.4176

343.8570,0.7240,0.9090,3.3173,3.4415,3.1321,1.8978,1.8347,2.2264,1.8978,2.1795

344.8570,0.9709,1.2177,3.5643,3.3798,3.2556,2.0830,1.9582,2.3911,2.0830,2.3471

345.8570,0.8474,1.0942,3.3791,3.5033,2.8852,1.7126,1.6495,2.2264,1.7126,2.1530

346.8570,0.7857,1.0942,3.3791,4.1823,3.2556,2.2064,1.9582,2.4425,2.2064,2.4088

347.8570,0.6622,1.3412,3.6260,3.5650,3.1939,2.2682,1.9582,2.3911,2.2682,2.3735

348.8570,1.0943,0.6621,3.3791,3.6267,3.8113,2.0830,1.8347,2.4014,2.0830,2.3559

349.8580,1.0943,1.0325,3.1321,3.3798,3.0704,1.8360,1.8347,2.2573,1.8360,2.1971

350.8570,0.7857,1.3412,3.8112,3.3798,2.0825,2.7003,1.8347,2.2059,2.7003,2.2765

351.8570,0.9092,1.4647,3.5643,3.2563,3.7496,2.0830,1.7730,2.4528,2.0830,2.4000

352.8570,0.3536,0.9708,3.8112,3.1328,3.1939,2.1447,3.0078,2.4117,2.1447,2.3735

353.8570,0.9092,1.2177,3.6878,3.2563,3.0704,2.4534,2.2051,2.3911,2.4534,2.4000

354.8570,0.9092,1.2177,3.3173,2.8859,3.5026,1.8360,2.0817,2.3191,1.8360,2.2501

355.8570,0.7240,0.7856,3.5643,3.3798,3.1321,2.6386,1.7112,2.2162,2.6386,2.2765

356.8570,1.0326,0.7238,3.3173,3.3798,2.8852,2.1447,2.0199,2.2264,2.1447,2.2148

357.8570,1.5264,1.1560,3.2556,3.2563,3.1939,1.8978,2.3286,2.4528,1.8978,2.3735

358.8580,0.8474,1.0325,3.3791,3.8737,3.1939,2.1447,1.8347,2.3602,2.1447,2.3294

359.8580,0.7857,0.9708,3.7495,3.1328,3.3174,2.0212,1.8964,2.3088,2.0212,2.2677

360.8570,0.8474,1.0942,3.6878,3.0094,2.8852,2.0830,1.8964,2.2367,2.0830,2.2148

361.8570,0.9092,1.0325,3.4408,3.3798,3.5026,2.0830,1.7112,2.3293,2.0830,2.2941

362.8570,0.6005,1.0942,3.7495,3.5033,3.3174,2.0830,2.7608,2.5043,2.0830,2.4441

363.8570,1.5882,0.5386,3.1938,2.8859,3.0704,1.8978,2.9460,2.3705,1.8978,2.3030

364.8570,1.0326,1.1560,3.3791,3.4415,3.3791,2.2682,1.7730,2.3602,2.2682,2.3471

365.8570,0.6005,1.1560,3.3173,3.2563,3.1939,2.0212,2.2051,2.2882,2.0212,2.2501

366.8570,0.8474,0.9708,3.3791,3.3180,3.1321,2.0830,1.8964,2.2573,2.0830,2.2324

367.8580,1.0943,1.0942,3.8112,3.0711,3.2556,1.9595,1.8964,2.3705,1.9595,2.3118

368.8570,0.6622,1.5264,3.6260,3.3180,3.4409,1.7743,2.1434,2.4528,1.7743,2.3559

369.8570,0.9092,1.2794,3.3791,2.6390,3.2556,2.0830,1.7730,2.2059,2.0830,2.1883

370.8570,0.9092,1.1560,3.8112,3.1328,3.3791,1.8978,1.9582,2.3911,1.8978,2.3206

371.8570,1.0326,0.9090,3.6878,3.3180,3.1321,1.9595,1.9582,2.3396,1.9595,2.2853

372.8570,0.8474,0.9090,3.5025,3.5650,3.3174,2.2682,1.8347,2.3293,2.2682,2.3206

373.8580,0.8474,0.9708,3.6878,3.1946,3.1939,1.8978,2.2669,2.3602,1.8978,2.2942

374.8580,0.7240,1.1560,3.3173,3.3798,3.2556,1.8978,2.0199,2.3088,1.8978,2.2501

375.8570,0.9092,0.7856,3.6260,3.3180,3.0704,1.8978,1.5877,2.2162,1.8978,2.1707

376.8580,0.8474,0.7856,3.5643,3.0711,3.1321,1.6508,1.8347,2.2059,1.6508,2.1266

377.8580,1.0326,1.0325,3.5643,2.8859,3.0087,1.9595,1.8347,2.2264,1.9595,2.1883

378.8570,0.6622,1.0325,3.6878,3.5650,3.4409,2.0212,1.9582,2.3911,2.0212,2.3383

379.8570,1.2795,1.0942,3.6260,3.4415,3.0704,2.2064,1.9582,2.4116,2.2064,2.3823

380.8570,0.7857,1.2177,3.4408,3.1946,3.1939,1.8978,1.7730,2.2676,1.8978,2.2148

381.8570,1.1561,1.2177,3.5643,3.1946,3.1939,1.8978,1.8964,2.3705,1.8978,2.3030

382.8570,1.1561,1.4647,3.6260,3.6267,3.5026,2.3299,1.9582,2.5557,2.3299,2.5235

383.8580,0.9092,1.0325,3.3791,3.0711,3.3174,2.0830,2.8225,2.4220,2.0830,2.3735

384.8570,1.0943,1.1560,3.8730,3.3798,3.5026,2.0830,1.5877,2.4322,2.0830,2.3823

385.8580,0.8474,0.9708,3.5025,3.1328,3.3174,2.0830,2.2051,2.3293,2.0830,2.2942

386.8570,0.6005,1.2177,4.1199,3.5650,3.0704,1.7743,2.2051,2.4631,1.7743,2.3647

387.8580,0.7857,0.7238,3.7495,3.1328,3.0087,2.4534,2.0199,2.2367,2.4534,2.2677

388.8570,0.4771,1.0942,3.0086,2.4538,2.5765,2.1447,2.2051,1.9692,2.1447,1.9943

389.8570,0.4771,1.2794,3.4408,2.9476,2.8852,2.1447,1.8964,2.1544,2.1447,2.1530

390.8570,0.8474,1.0325,3.5025,3.7502,3.0704,2.0212,2.3286,2.4219,2.0212,2.3647

391.8570,1.1561,0.6003,3.3791,3.5033,3.0087,1.8360,2.2051,2.3088,1.8360,2.2412

392.8580,0.7240,1.1560,3.5025,3.5650,3.5643,1.8978,2.3904,2.4837,1.8978,2.4000

393.8570,0.7857,1.2177,3.3791,3.6885,3.0087,1.9595,2.0199,2.3499,1.9595,2.2941

394.8570,0.2919,0.9708,3.7495,3.1328,2.9469,1.9595,1.4025,2.0824,1.9595,2.0648

395.8570,0.9092,1.0325,3.6260,3.3798,2.8852,1.9595,2.0199,2.3088,1.9595,2.2589

396.8580,0.8474,1.0325,3.1938,3.3180,3.1939,2.3917,1.8964,2.2470,2.3917,2.2677

397.8570,0.8474,1.0942,3.2556,3.8737,2.7617,1.7126,1.8964,2.2882,1.7126,2.2059

398.8570,0.9709,1.4647,3.3791,3.5033,3.0087,1.8978,2.0817,2.4014,1.8978,2.3294

399.8570,0.7857,1.0325,3.1938,2.8859,3.0087,2.7621,2.0199,2.1544,2.7621,2.2412

400.8570,1.5882,0.8473,3.5025,3.1946,3.2556,2.0830,2.2669,2.4425,2.0830,2.3912

401.8570,0.8474,0.7856,3.5025,3.2563,3.2556,2.0830,1.8964,2.2573,2.0830,2.2324

402.8570,0.9709,1.2177,3.1938,3.5033,3.2556,2.1447,1.9582,2.3499,2.1447,2.3206

403.8570,0.6622,1.0942,3.5643,3.3798,3.1321,2.5151,1.8964,2.2882,2.5151,2.3206

404.8570,0.9709,0.9090,3.4408,3.1946,3.0704,2.0830,1.7112,2.2162,2.0830,2.1971

405.8570,0.9092,1.1560,2.8234,3.2563,3.1321,2.2682,1.7730,2.1750,2.2682,2.1883

406.8570,0.7857,1.2177,3.3173,3.3180,3.1321,2.2064,1.8347,2.2676,2.2064,2.2589

407.8580,1.0943,1.0325,3.4408,3.1946,3.1939,2.0830,1.8964,2.3088,2.0830,2.2765

408.8570,0.6622,0.9090,3.4408,3.2563,3.3174,1.7126,1.8964,2.2470,1.7126,2.1707

409.8570,0.7857,1.2794,3.6260,3.1946,3.8113,1.2804,1.6495,2.3911,1.2804,2.2324

410.8570,0.7857,1.7116,3.7495,3.5650,3.5026,1.9595,2.0817,2.5660,1.9595,2.4794

411.8580,1.0943,1.2177,3.7495,3.3180,3.1321,1.9595,1.7730,2.3808,1.9595,2.3206

412.8570,0.6622,1.2794,3.2556,3.1946,3.0704,2.1447,1.8964,2.2264,2.1447,2.2148

413.8570,1.5264,1.2794,3.5025,2.9476,2.3912,2.5151,1.7112,2.2264,2.5151,2.2677

414.8570,1.0326,1.0325,3.8112,3.3180,3.5643,2.0830,2.0817,2.4734,2.0830,2.4176

415.8580,0.9092,1.1560,3.5643,3.3798,3.3791,1.4656,1.7112,2.3499,1.4656,2.2236

416.8570,0.9709,1.0942,3.8112,3.1946,3.5026,1.9595,1.8964,2.4117,1.9595,2.3471

417.8570,0.6005,1.0325,3.4408,3.4415,3.8113,3.3794,2.0199,2.3911,3.3794,2.5323

418.8570,0.6005,1.2177,3.2556,3.4415,2.8852,2.2064,1.5877,2.1647,2.2064,2.1707

419.8570,0.4153,1.2794,3.1938,3.3798,3.1321,2.0830,1.7730,2.1956,2.0830,2.1795

420.8570,0.8474,1.7733,3.7495,3.5650,3.1939,2.5151,1.7112,2.4734,2.5151,2.4794

421.8580,0.7857,0.9708,2.6382,3.1328,3.7496,2.2682,1.7730,2.1750,2.2682,2.1883

422.8570,1.0943,1.4647,3.6260,3.3180,3.3791,2.2064,2.0817,2.4940,2.2064,2.4529

423.8570,0.7240,1.2177,3.8730,2.9476,3.4409,2.0830,0.4764,2.1133,2.0830,2.1089

424.8570,1.0326,0.6003,2.7617,3.2563,3.6878,2.0212,1.3408,2.1133,2.0212,2.1001

425.8580,0.5388,0.7856,3.8112,3.3180,3.0087,1.9595,2.0199,2.2470,1.9595,2.2060

426.8570,1.4647,1.0325,3.9347,3.3798,3.5026,2.2682,1.7112,2.5043,2.2682,2.4705

427.8570,1.0943,1.0942,3.2556,3.3180,3.3791,2.2064,1.4643,2.2676,2.2064,2.2589

428.8570,0.8474,1.0942,3.5025,3.1328,3.5643,1.4039,2.3904,2.4220,1.4039,2.2765

429.8570,1.1561,1.0942,3.1321,3.4415,3.3791,2.2682,1.5260,2.2882,2.2682,2.2853

430.8570,1.0326,1.4647,3.6260,3.1328,3.0087,2.3299,2.0199,2.3808,2.3299,2.3735

431.8570,0.7240,1.4029,3.6260,2.9476,3.3791,2.3299,1.8347,2.3191,2.3299,2.3206

432.8570,0.7857,1.2794,3.6260,3.0094,3.0087,2.2064,1.9582,2.2779,2.2064,2.2677

433.8570,1.4030,0.9708,3.6878,3.3180,3.1939,2.5151,2.2669,2.4734,2.5151,2.4793

434.8570,0.2302,1.4647,3.1938,3.2563,3.3174,2.0212,1.9582,2.2368,2.0212,2.2060

435.8570,0.7240,1.7116,3.8112,3.1946,3.0087,2.0212,1.8964,2.3911,2.0212,2.3382

436.8570,0.2302,1.6499,3.3173,3.2563,3.6878,2.1447,1.6495,2.2985,2.1447,2.2765

437.8570,0.9092,0.7856,3.7495,3.3180,3.4409,2.0212,1.6495,2.3088,2.0212,2.2677

438.8570,0.9092,1.0942,3.4408,3.4415,2.9469,2.0830,1.7112,2.2573,2.0830,2.2324

439.8580,1.0943,1.0942,3.6878,3.3798,3.1321,2.0830,2.0199,2.4014,2.0830,2.3559

440.8570,0.8474,0.9708,3.4408,3.2563,2.9469,2.1447,1.7730,2.2059,2.1447,2.1971

441.8570,0.7857,1.0325,3.2556,3.2563,3.0704,1.9595,2.3904,2.2985,1.9595,2.2501

442.8570,0.9709,1.2177,3.3791,2.8859,3.1939,2.2064,1.4025,2.1750,2.2064,2.1795

443.8570,1.1561,0.8473,2.8851,3.5033,3.0087,2.5769,1.8347,2.2058,2.5769,2.2589

444.8570,0.7240,1.0942,3.5643,3.3798,2.8234,2.3299,1.8964,2.2470,2.3299,2.2589

445.8570,0.7857,1.1560,3.3173,3.4415,3.2556,2.0830,2.1434,2.3499,2.0830,2.3118

446.8570,0.8474,0.9090,3.5025,3.3798,2.8234,1.8978,1.9582,2.2367,1.8978,2.1883

447.8580,0.9709,1.2177,3.5025,3.0711,3.1939,2.1447,2.1434,2.3499,2.1447,2.3206

448.8570,0.9092,0.9090,3.5025,2.7624,3.4409,1.9595,2.0199,2.2573,1.9595,2.2148

449.8570,0.9092,0.9090,3.6260,3.0094,3.1939,2.0830,1.8964,2.2573,2.0830,2.2324

450.8570,0.5388,0.8473,3.2556,4.3058,3.2556,2.1447,0.0442,2.0412,2.1447,2.0560

451.8570,1.2795,0.8473,3.8730,3.2563,3.0704,2.0830,1.8347,2.3602,2.0830,2.3206

452.8570,0.9709,1.0942,3.5643,3.1328,3.0087,1.9595,1.9582,2.2882,1.9595,2.2412

453.8570,0.8474,1.2794,3.4408,3.2563,2.7617,1.8360,2.1434,2.2882,1.8360,2.2236

454.8580,1.0326,1.0942,3.8730,3.3798,3.2556,2.2064,1.8964,2.4219,2.2064,2.3912

455.8570,0.7857,1.3412,3.3791,3.3180,3.1939,2.2682,2.3904,2.4014,2.2682,2.3823

456.8570,0.7240,1.4029,3.4408,3.5033,3.0704,2.1447,1.7112,2.3088,2.1447,2.2853

457.8570,0.7240,1.1560,3.9965,3.6267,2.6999,1.9595,1.6495,2.3088,1.9595,2.2589

458.8570,0.6622,1.6499,3.4408,3.6267,3.3174,2.2064,2.0817,2.4631,2.2064,2.4264

459.8570,0.9092,1.2177,3.3173,3.3180,3.0704,1.7743,1.8964,2.2882,1.7743,2.2148

460.8570,0.7240,0.9708,3.4408,3.1946,3.3791,2.0212,2.3286,2.3396,2.0212,2.2942

461.8570,0.9092,1.3412,3.3173,3.1946,3.0704,2.2682,1.7730,2.2676,2.2682,2.2677

462.8570,0.7857,1.1560,3.3173,3.4415,3.2556,1.9595,1.7112,2.2779,1.9595,2.2324

463.8570,0.6622,1.1560,3.3791,3.5033,3.0087,2.1447,1.8964,2.2676,2.1447,2.2500

464.8570,1.0326,0.9708,4.2434,3.1328,3.3791,1.8360,1.7730,2.4220,1.8360,2.3382

465.8570,0.7857,1.7733,3.3791,3.3180,3.0704,2.0212,1.8964,2.3705,2.0212,2.3206

466.8580,0.9092,1.2177,3.5643,3.1946,3.3791,2.2064,1.9582,2.3705,2.2064,2.3471

467.8570,-0.0168,1.2794,3.3791,3.6885,2.8852,2.7003,2.0817,2.2162,2.7003,2.2853

468.8570,0.7240,0.9708,2.8234,3.5033,2.5147,2.4534,1.6495,2.0309,2.4534,2.0913

469.8570,0.8474,1.0325,3.3791,3.2563,3.0087,2.1447,1.5260,2.1750,2.1447,2.1707

470.8580,0.7857,1.7733,3.5643,3.8119,3.1939,2.7003,1.8347,2.4940,2.7003,2.5235

471.8570,0.8474,1.3412,3.5643,3.5650,3.0704,2.5151,1.7730,2.3602,2.5151,2.3823

472.8570,1.1561,1.0942,3.8112,3.3180,3.2556,2.0830,1.8347,2.4117,2.0830,2.3647

473.8570,0.4771,1.2177,3.1938,3.2563,3.0087,1.8360,1.7112,2.1441,1.8360,2.1001

474.8570,0.8474,1.1560,3.4408,3.1946,1.8355,2.3917,1.7730,2.0412,2.3917,2.0913

475.8570,0.9092,1.5264,3.5643,3.3798,3.1939,2.2064,1.8347,2.4014,2.2064,2.3735

476.8570,1.1561,1.0942,3.8112,3.1328,3.3791,2.2682,1.9582,2.4219,2.2682,2.4000

477.8570,0.6622,1.1560,3.3173,3.3798,3.2556,2.5151,2.5756,2.3911,2.5151,2.4088

478.8580,0.9709,1.3412,3.6260,3.1946,3.0704,2.5151,1.9582,2.3602,2.5151,2.3823

479.8570,1.3412,0.9708,3.2556,3.2563,3.0704,2.3917,1.7112,2.2676,2.3917,2.2853

480.8570,0.8474,0.6003,3.4408,3.3180,3.3174,1.9595,1.8964,2.2367,1.9595,2.1971

481.8570,0.1684,1.2177,2.6999,3.3798,2.4530,2.2064,1.2173,1.8560,2.2064,1.9061

482.8570,1.4647,0.7856,3.3173,3.4415,3.3174,1.8360,1.8964,2.3705,1.8360,2.2941

483.8570,1.0943,1.6499,3.3173,3.3180,3.5643,2.4534,1.8964,2.4734,2.4534,2.4705

484.8570,0.8474,1.2177,3.3791,3.2563,3.0704,2.0830,1.8964,2.2779,2.0830,2.2500

485.8570,0.9092,0.9090,3.8730,3.2563,3.1939,2.0830,2.1434,2.3808,2.0830,2.3382

486.8580,0.1684,1.5881,3.2556,3.0711,3.1939,2.3917,1.9582,2.2059,2.3917,2.2324

487.8570,0.9092,1.0325,3.3173,3.5033,3.3174,2.0212,1.7730,2.3088,2.0212,2.2677

488.8570,0.9092,1.0325,2.2060,3.3180,3.3791,2.3299,1.5877,2.0721,2.3299,2.1089

489.8570,1.1561,1.0942,2.9469,3.6267,3.1939,2.2064,1.9582,2.3293,2.2064,2.3118

490.8570,0.9709,0.9708,3.2556,3.5650,3.2556,2.4534,1.6495,2.2779,2.4534,2.3030

491.8580,0.7240,1.3412,3.4408,3.3180,3.1321,1.9595,1.8964,2.3088,1.9595,2.2589

492.8570,0.9092,1.1560,3.1938,3.1946,3.0087,2.2064,1.8347,2.2161,2.2064,2.2148

493.8570,0.7240,1.1560,3.4408,3.9971,3.1939,2.0830,1.8964,2.4014,2.0830,2.3559

494.8570,0.9709,1.2794,3.6260,3.2563,3.1939,2.3917,1.7112,2.3396,2.3917,2.3471

495.8570,0.9092,0.9708,3.5025,3.1946,3.2556,2.0212,1.7730,2.2676,2.0212,2.2324

496.8580,0.6005,1.0325,3.5025,3.3798,3.1321,1.9595,2.0199,2.2779,1.9595,2.2324

497.8570,0.7857,1.1560,3.5643,3.3180,2.8234,2.0212,2.0817,2.2882,2.0212,2.2500

498.8580,0.4771,1.6499,3.3791,3.2563,3.3174,2.2682,1.7730,2.3088,2.2682,2.3030

499.8570,1.0326,1.0325,3.8112,3.1946,3.0704,2.4534,2.0199,2.3602,2.4534,2.3735

500.8570,0.6622,1.1560,3.5025,3.1946,3.3174,1.8978,1.4643,2.2162,1.8978,2.1707

501.8570,1.1561,1.0942,3.6260,3.1946,3.1321,2.0212,2.0817,2.3808,2.0212,2.3294

502.8570,0.9092,0.7238,3.1321,3.3180,3.4409,1.9595,1.8964,2.2367,1.9595,2.1971

503.8580,0.7857,0.9708,3.5025,3.1946,3.0087,2.3917,1.8347,2.2162,2.3917,2.2412

504.8580,1.3412,1.0325,3.7495,3.5033,3.1321,2.3917,1.8964,2.4425,2.3917,2.4352

505.8570,0.7857,1.3412,3.1938,3.1946,3.1939,2.3917,2.0199,2.2882,2.3917,2.3030

506.8570,1.0326,0.9090,3.7495,3.2563,3.1939,1.9595,1.7112,2.3088,1.9595,2.2589

507.8570,0.9092,1.0942,3.5643,3.2563,3.3174,2.0830,2.2051,2.3911,2.0830,2.3471

508.8570,0.9709,1.1560,3.5025,3.1946,3.3791,2.1447,2.2669,2.4117,2.1447,2.3735

509.8570,0.9709,2.1438,3.6878,3.5650,3.3174,2.0830,1.4025,2.5145,2.0830,2.4529

510.8570,0.6622,1.0942,3.3173,3.1946,3.1939,2.1447,1.7730,2.2059,2.1447,2.1971

511.8570,1.1561,0.7856,3.8112,3.4415,3.0704,2.0212,1.8347,2.3499,2.0212,2.3030

512.8570,1.7733,1.0942,3.4408,3.2563,3.1939,1.5891,2.0199,2.4631,1.5891,2.3382

513.8570,0.9709,1.0325,3.6878,3.3180,3.1321,1.8360,1.6495,2.2985,1.8360,2.2324

514.8570,0.7857,1.4029,3.4408,3.5650,3.0704,2.0830,1.8964,2.3602,2.0830,2.3206

515.8570,0.7857,1.0325,3.6260,2.8859,3.0704,2.3299,1.8347,2.2059,2.3299,2.2236

516.8570,0.8474,1.0942,3.4408,3.4415,3.3174,2.1447,1.8347,2.3293,2.1447,2.3030

517.8570,0.6005,1.0942,3.2556,3.3798,3.3174,2.0212,2.2051,2.3088,2.0212,2.2677

518.8580,1.2795,1.1560,3.7495,3.3798,3.3174,2.2682,2.0817,2.4940,2.2682,2.4617

519.8570,0.7240,1.2177,3.9347,3.1946,3.0704,1.7126,2.0199,2.3602,1.7126,2.2677

520.8570,0.7240,1.2794,3.3173,3.2563,3.0087,2.1447,1.7730,2.2264,2.1447,2.2148

521.8580,0.9092,1.5264,3.5025,3.6267,3.1939,2.3917,1.7730,2.4219,2.3917,2.4176

522.8570,0.9092,0.8473,2.8234,3.5650,2.8234,2.2682,1.9582,2.1544,2.2682,2.1707

523.8570,0.4153,1.0325,3.5025,3.3798,3.3791,2.1447,2.1434,2.3088,2.1447,2.2853

524.8570,0.9092,1.1560,3.3791,3.5033,3.1939,2.3299,1.8347,2.3293,2.3299,2.3294

525.8570,0.2919,1.1560,3.0704,3.2563,3.3791,2.1447,2.0817,2.2059,2.1447,2.1971

526.8580,0.8474,1.2177,3.4408,3.5033,3.1939,2.2064,1.9582,2.3602,2.2064,2.3382

527.8580,2.2054,1.3412,3.3173,3.5033,2.9469,2.0212,2.0199,2.5557,2.0212,2.4793

528.8570,0.6622,1.0325,3.4408,3.3180,3.1321,2.0212,1.9582,2.2573,2.0212,2.2236

529.8570,1.7116,1.4029,3.6260,3.2563,3.2556,1.8978,1.9582,2.5351,1.8978,2.4441

530.8570,0.6622,1.0325,3.2556,3.3798,2.8234,2.2064,1.5877,2.1235,2.2064,2.1354

531.8570,1.5264,0.7856,3.8112,3.1328,3.1939,1.8978,1.8347,2.3808,1.8978,2.3118

532.8570,0.5388,0.9090,3.6878,3.2563,3.3791,1.8360,2.1434,2.3191,1.8360,2.2501

533.8570,0.7857,0.9708,3.9347,3.2563,2.9469,1.9595,1.8964,2.2985,1.9595,2.2501

534.8570,1.0943,0.9090,3.6260,3.1946,3.1321,1.8978,2.0817,2.3396,1.8978,2.2765

535.8570,0.7857,1.6499,3.5643,3.9354,3.2556,2.6386,1.8964,2.5146,2.6386,2.5323

536.8570,0.3536,0.9708,3.1321,3.2563,4.0583,2.3299,3.2547,2.5043,2.3299,2.4794

537.8570,1.0326,0.7856,3.6878,3.4415,3.1321,2.2064,2.0199,2.3499,2.2064,2.3294

538.8570,1.2178,0.6621,3.5025,3.3798,3.2556,1.8978,1.8347,2.3088,1.8978,2.2500

539.8570,1.0326,1.0325,3.3791,3.2563,2.9469,2.1447,1.7112,2.2264,2.1447,2.2148

540.8570,0.1684,0.9090,3.2556,3.0094,3.3791,1.8360,2.0199,2.1236,1.8360,2.0825

541.8570,0.4153,1.3412,3.4408,3.3180,3.3791,2.0830,2.8843,2.4631,2.0830,2.4088

542.8570,0.8474,1.0325,3.0086,3.3798,3.6261,2.0830,1.6495,2.2573,2.0830,2.2324

543.8570,0.6622,1.4647,3.6260,3.5650,2.8852,2.2064,1.9582,2.3602,2.2064,2.3382

544.8570,0.6622,1.4029,3.3173,3.1328,3.2556,2.2064,1.8964,2.2779,2.2064,2.2677

545.8570,1.0326,1.1560,3.1938,3.3798,3.2556,1.9595,2.1434,2.3602,1.9595,2.3030

546.8580,0.9709,0.9090,3.3173,3.1328,3.2556,2.0212,1.3408,2.1544,2.0212,2.1354

547.8570,1.0943,1.2177,3.9347,3.5033,3.1939,2.0830,2.0199,2.4940,2.0830,2.4353

548.8570,1.9585,0.9708,3.4408,3.0094,3.1939,2.2064,1.7730,2.3911,2.2064,2.3647

549.8570,1.0943,0.9090,3.2556,3.3180,3.3174,2.1447,1.3408,2.2059,2.1447,2.1971

550.8570,0.9092,1.0325,3.4408,3.5650,3.1321,2.7003,2.1434,2.3705,2.7003,2.4176

551.8570,0.7240,1.1560,3.5025,3.1328,3.1939,2.7003,1.7112,2.2367,2.7003,2.3030

552.8570,0.4771,0.8473,3.4408,3.4415,3.0087,2.5151,1.7112,2.1544,2.5151,2.2060

553.8570,0.6005,1.2794,3.2556,3.1328,3.3791,2.2682,1.7730,2.2367,2.2682,2.2412

554.8570,0.8474,1.5264,3.7495,3.3798,2.9469,2.7621,2.0199,2.4117,2.7621,2.4617

555.8570,0.9092,1.0325,3.8112,3.1946,3.1321,2.5151,1.8964,2.3293,2.5151,2.3559

556.8580,0.8474,0.8473,3.5025,3.1328,3.2556,2.5769,1.8964,2.2470,2.5769,2.2941

557.8570,0.9092,1.5264,4.8608,3.0711,3.5643,2.5151,1.8347,2.6278,2.5151,2.6117

558.8580,0.7857,1.0325,3.9965,3.1946,3.5026,2.7621,1.7730,2.3808,2.7621,2.4353

559.8570,0.4771,1.3412,3.4408,3.3798,3.0087,2.5151,2.3286,2.3294,2.5151,2.3559

560.8580,0.9709,0.7856,4.0582,3.3180,3.3791,3.2560,1.5877,2.3499,3.2560,2.4794

561.8570,0.9709,1.0942,3.3791,3.2563,3.2556,2.6386,1.8964,2.3088,2.6386,2.3559

562.8570,0.6622,0.7856,3.2556,3.5033,2.8234,1.7743,1.7730,2.1338,1.7743,2.0825

563.8570,0.6622,1.4647,3.5643,3.1946,3.0087,2.7621,1.9582,2.3088,2.7621,2.3735

564.8570,0.6005,1.5264,3.1938,2.8242,2.6999,2.5769,1.6495,2.0824,2.5769,2.1530

565.8580,0.7857,1.1560,3.6260,3.1328,3.1321,2.3299,2.0199,2.3088,2.3299,2.3118

566.8580,1.0943,1.0325,3.6878,3.3180,3.1939,2.4534,1.7730,2.3499,2.4534,2.3647

567.8570,0.7857,1.3412,3.2556,3.5033,2.8234,3.2560,1.9582,2.2779,3.2560,2.4176

568.8580,0.5388,1.3412,3.6878,3.5650,3.0087,3.0707,1.8347,2.3293,3.0707,2.4353

569.8570,0.8474,1.1560,3.3173,3.3798,2.7617,2.2682,1.7112,2.1956,2.2682,2.2059

570.8570,0.5388,1.0325,3.5643,3.3180,3.6261,1.8360,2.2669,2.3911,1.8360,2.3118

571.8570,0.9709,1.2177,3.4408,3.3180,2.7617,2.2064,1.5260,2.2059,2.2064,2.2059

572.8580,1.3412,0.9090,3.9965,3.4415,3.3791,2.4534,1.7730,2.4734,2.4534,2.4705

573.8570,1.5264,0.1682,3.6878,2.9476,3.7496,2.2064,2.0199,2.3499,2.2064,2.3294

574.8570,0.6005,1.2177,3.6260,3.4415,2.7617,2.2064,2.6991,2.3911,2.2064,2.3647

575.8570,0.6005,0.9708,3.2556,3.1946,3.1939,3.5029,2.0199,2.2059,3.5029,2.3912

576.8570,0.9092,0.9708,4.1199,3.2563,3.5026,2.5151,1.6495,2.4014,2.5151,2.4176

577.8570,0.6005,1.3412,3.4408,3.1328,2.9469,1.7743,2.2051,2.2779,1.7743,2.2060

578.8580,0.7857,1.0942,3.4408,3.3798,3.1939,2.0830,1.8347,2.2882,2.0830,2.2589

579.8570,1.0943,0.7238,3.2556,3.3798,2.8852,2.3917,1.6495,2.1647,2.3917,2.1971

580.8570,0.7240,1.0942,3.3173,3.1946,2.8852,2.4534,1.7112,2.1544,2.4534,2.1971

581.8570,0.9709,0.4151,3.6260,3.1946,3.5643,2.1447,2.5756,2.3911,2.1447,2.3559

582.8570,0.4153,1.2177,3.1938,3.3180,3.0087,2.5769,1.8347,2.1647,2.5769,2.2236

583.8570,1.1561,2.5142,3.6878,3.2563,3.1939,2.0830,1.5877,2.5660,2.0830,2.4970

584.8580,1.6499,1.1560,4.0582,3.3798,3.3174,2.0830,1.9582,2.5866,2.0830,2.5146

585.8570,0.0450,0.7856,3.6878,2.9476,2.6382,2.2064,1.7730,1.9795,2.2064,2.0119

586.8570,0.7857,1.5264,3.5643,3.6885,3.1939,2.7003,1.9582,2.4528,2.7003,2.4882

587.8570,1.1561,0.9090,4.2434,3.3798,3.2556,2.5151,1.9582,2.4837,2.5151,2.4882

588.8570,0.9709,0.7856,3.4408,3.0711,3.1939,2.0830,1.9582,2.2367,2.0830,2.2148

589.8570,1.3412,0.9090,3.6260,3.0711,3.0087,2.2064,1.2173,2.1956,2.2064,2.1971

590.8580,0.6622,0.6621,3.5025,3.3798,2.9469,2.0830,1.7112,2.1441,2.0830,2.1354

591.8570,0.8474,0.7856,3.5025,3.3180,3.2556,1.9595,1.8964,2.2676,1.9595,2.2236

592.8570,0.8474,1.4647,3.5025,3.6885,3.1321,2.3917,2.0817,2.4528,2.3917,2.4441

593.8570,1.1561,1.4029,3.2556,3.5650,2.8852,2.5769,1.8964,2.3602,2.5769,2.3911

594.8570,1.2178,1.0942,3.8112,3.6885,2.7617,2.3917,2.1434,2.4528,2.3917,2.4441

595.8570,0.7240,1.1560,3.3791,3.1946,3.2556,1.9595,2.0817,2.2985,1.9595,2.2501

596.8570,0.8474,1.1560,3.5643,3.2563,3.0704,1.9595,2.2051,2.3499,1.9595,2.2941

597.8570,0.8474,1.4029,3.5643,3.8737,3.2556,2.3299,1.9582,2.4837,2.3299,2.4617

598.8570,1.0943,1.1560,3.5643,3.3180,3.0704,2.1447,1.9582,2.3602,2.1447,2.3294

599.8580,0.6622,-0.2022,3.9965,2.7624,3.3791,2.3917,1.7112,2.0515,2.3917,2.1001

600.8570,0.9092,1.0325,3.5643,3.1946,2.8234,2.3917,1.6495,2.1956,2.3917,2.2236

601.8570,0.9092,1.2794,3.3173,3.3798,3.3174,1.9595,1.9582,2.3602,1.9595,2.3030

602.8580,0.7240,1.0325,3.6260,3.3180,2.6999,2.2682,2.0199,2.2367,2.2682,2.2412

603.8570,0.7240,1.4029,3.1938,3.4415,2.8852,2.0212,1.8347,2.2470,2.0212,2.2148

604.8570,0.8474,1.0942,3.3791,3.4415,3.1321,2.0212,1.8964,2.2985,2.0212,2.2589

605.8570,0.8474,1.0325,3.1321,3.1328,3.2556,2.3299,1.6495,2.1750,2.3299,2.1971

606.8570,1.2178,1.0942,3.4408,3.1946,3.4409,2.3299,1.6495,2.3396,2.3299,2.3382

607.8580,0.7857,1.1560,3.8112,3.3180,3.2556,2.5151,2.2051,2.4220,2.5151,2.4353

608.8570,0.7857,1.2177,3.5025,3.4415,3.3174,2.4534,1.9582,2.3705,2.4534,2.3823

609.8570,1.0326,0.9090,3.5643,3.3180,3.0704,1.9595,1.8347,2.2882,1.9595,2.2412

610.8570,0.7240,1.0942,3.3791,3.6267,2.6999,2.4534,1.8347,2.2264,2.4534,2.2589

611.8570,0.6005,1.0325,4.0582,3.0711,3.0087,2.1447,1.8964,2.2779,2.1447,2.2589

612.8570,0.7240,1.2794,3.2556,3.0094,3.3174,2.3917,1.7112,2.2162,2.3917,2.2412

613.8580,0.9709,1.0325,4.2434,3.0094,3.2556,1.7126,1.8964,2.4014,1.7126,2.3030

614.8580,0.6622,0.9090,3.4408,3.4415,3.0087,2.4534,1.8964,2.2264,2.4534,2.2589

615.8570,0.6622,1.1560,3.3173,3.3180,3.3174,2.4534,1.4643,2.2059,2.4534,2.2412

616.8570,0.7857,1.1560,3.8112,3.3798,4.0583,2.0212,1.9582,2.5249,2.0212,2.4529

617.8570,0.7240,1.1560,3.5643,3.3180,3.3791,1.8978,2.2669,2.4014,1.8978,2.3294

618.8570,0.7857,0.9090,3.4408,3.5033,3.1321,2.4534,1.9582,2.2882,2.4534,2.3118

619.8570,0.9709,1.2177,3.6260,3.3180,3.4409,2.1447,2.0199,2.4322,2.1447,2.3912

620.8570,0.2919,0.9708,3.5025,3.3798,3.0704,2.0830,1.9582,2.1956,2.0830,2.1795

621.8570,0.7857,0.9708,3.4408,3.5650,3.0704,2.2682,1.8347,2.2779,2.2682,2.2765

622.8570,0.8474,1.4029,3.3173,3.3798,3.1321,2.2682,1.8964,2.3293,2.2682,2.3206

623.8570,0.8474,1.1560,3.1321,3.2563,3.1939,2.5151,1.8347,2.2367,2.5151,2.2765

624.8570,0.7857,1.0942,3.2556,3.0711,3.1939,1.9595,1.9582,2.2264,1.9595,2.1883

625.8570,0.7857,1.2177,3.3173,3.4415,3.1939,2.1447,1.7112,2.2779,2.1447,2.2589

626.8570,0.6622,1.4029,3.3791,3.5033,3.4409,2.1447,2.2669,2.4425,2.1447,2.4000

627.8580,1.0326,0.9090,2.9469,3.4415,2.4530,2.5769,1.6495,2.0721,2.5769,2.1442

628.8580,0.9092,1.1560,3.5025,3.5033,3.0087,2.5151,1.8347,2.3190,2.5151,2.3471

629.8580,0.4153,0.9090,3.0704,3.3798,2.8852,2.2682,1.6495,2.0515,2.2682,2.0825

630.8570,0.6005,0.9090,3.4408,3.1328,2.6999,1.9595,1.7730,2.0927,1.9595,2.0737

631.8570,0.6005,1.0942,3.8730,3.1328,3.5643,2.2064,2.2051,2.4117,2.2064,2.3824

632.8570,0.8474,1.2794,3.3791,3.6267,3.0704,2.3917,1.7730,2.3293,2.3917,2.3382

633.8570,0.6005,0.6621,3.2556,3.9354,3.0087,2.5769,1.7112,2.1956,2.5769,2.2500

634.8570,1.0326,0.8473,3.5643,3.3798,3.0704,2.2064,1.8964,2.2985,2.2064,2.2853

635.8570,0.6622,1.2794,3.4408,3.1328,3.0087,2.2064,1.8347,2.2264,2.2064,2.2236

636.8570,1.5264,0.6003,4.3052,3.2563,3.2556,2.4534,1.5877,2.4219,2.4534,2.4264

637.8570,0.9092,1.2794,3.3173,3.0094,3.0704,1.7743,2.1434,2.2882,1.7743,2.2148

638.8580,1.0326,1.2177,3.4408,3.5650,3.3174,2.0830,1.8964,2.4117,2.0830,2.3647

639.8570,-0.5106,1.4647,2.6999,3.2563,2.8234,2.1447,1.7112,1.9075,2.1447,1.9414

640.8580,1.0326,1.0325,3.4408,3.3798,3.0704,2.2064,1.7112,2.2779,2.2064,2.2677

641.8570,0.9709,0.8473,3.6260,3.0094,3.1939,1.7743,1.8964,2.2573,1.7743,2.1883

642.8570,0.9709,1.0325,3.1938,3.0711,3.0087,2.2682,1.7730,2.1750,2.2682,2.1883

643.8570,0.7857,0.9708,3.5025,3.2563,2.9469,2.0830,1.7112,2.1956,2.0830,2.1795

644.8570,1.0943,0.8473,3.0086,3.1328,2.6382,2.2682,2.7608,2.2470,2.2682,2.2500

645.8570,0.9092,1.4029,3.4408,3.4415,3.1321,2.2682,1.7730,2.3499,2.2682,2.3382

646.8570,0.8474,2.6994,3.7495,3.5650,3.1939,2.0830,1.9582,2.6689,2.0830,2.5852

647.8570,1.0943,1.2177,3.5643,3.3180,3.1321,2.3299,2.0199,2.3911,2.3299,2.3823

648.8570,0.4771,0.6003,2.9469,2.9476,2.8234,1.8360,1.7112,1.9178,1.8360,1.9061

649.8570,1.2795,1.1560,3.8112,3.3180,3.5643,2.1447,2.2669,2.5660,2.1447,2.5058

650.8570,1.0943,1.1560,3.8112,3.5033,3.1939,2.7003,2.1434,2.4837,2.7003,2.5146

651.8580,1.0943,0.9090,3.4408,3.5650,4.3053,2.4534,1.8964,2.5351,2.4534,2.5235

652.8570,1.0943,1.0942,3.8730,3.1328,3.4409,2.2064,2.2669,2.4837,2.2064,2.4441

653.8580,1.3412,1.0942,3.3173,3.7502,3.3791,2.1447,2.7608,2.6072,2.1447,2.5411

654.8570,1.1561,1.0325,3.2556,3.5650,2.8234,2.0212,2.5138,2.3911,2.0212,2.3382

655.8570,0.7240,0.8473,3.3173,3.1328,2.8852,2.2682,1.7112,2.1030,2.2682,2.1266

656.8570,1.1561,-1.5604,4.2434,3.1946,3.5643,2.0212,1.6495,2.0412,2.0212,2.0384

657.8570,0.6005,1.2794,3.3173,3.3180,3.0704,2.0212,1.9582,2.2573,2.0212,2.2236

658.8570,0.9092,1.2794,3.5643,3.2563,2.9469,2.3299,1.9582,2.3190,2.3299,2.3206

659.8570,1.1561,0.9708,3.4408,4.0589,3.0704,1.8360,2.0199,2.4528,1.8360,2.3647

660.8570,0.8474,0.8473,3.7495,3.3180,2.8852,2.3299,1.8964,2.2573,2.3299,2.2677

661.8570,0.6005,1.0325,3.2556,3.3798,2.5765,2.1447,2.1434,2.1647,2.1447,2.1618

662.8570,0.6622,1.1560,3.1938,3.2563,3.5643,2.2682,1.4025,2.2059,2.2682,2.2148

663.8570,0.7240,1.1560,3.3791,3.1946,3.7496,2.2682,2.2669,2.4117,2.2682,2.3912

664.8580,0.8474,1.5264,3.5643,3.2563,3.8731,3.1325,1.0321,2.3499,3.1325,2.4617

665.8570,0.7240,1.2794,3.5025,3.1328,2.7617,2.3917,1.8347,2.2059,2.3917,2.2324

666.8570,1.2178,1.1560,3.8730,3.5650,3.2556,1.9595,1.9582,2.5043,1.9595,2.4264

667.8570,0.9709,0.9708,3.1938,3.2563,3.0704,2.2682,1.9582,2.2367,2.2682,2.2412

668.8570,0.9092,1.0942,3.1321,3.1328,3.3791,2.0830,2.3286,2.3293,2.0830,2.2941

669.8580,0.9092,0.9708,3.1938,3.1946,3.2556,1.9595,2.0199,2.2573,1.9595,2.2148

670.8580,0.7240,1.1560,3.8112,3.2563,3.1321,1.8978,2.0199,2.3499,1.8978,2.2853

671.8570,0.4771,1.2794,3.8730,3.2563,3.4409,2.0212,2.6373,2.4940,2.0212,2.4265

672.8570,1.1561,1.1560,3.3173,3.1946,3.0087,2.0212,1.5877,2.2367,2.0212,2.2059

673.8570,0.6005,1.7733,3.7495,3.1328,3.3791,2.1447,1.9582,2.4322,2.1447,2.3912

674.8570,0.1684,1.4647,2.9469,3.3180,3.3174,2.3917,2.2669,2.2470,2.3917,2.2677

675.8570,0.7240,1.4029,3.6878,4.3675,3.2556,1.8978,1.9582,2.5660,1.8978,2.4705

676.8580,0.2919,0.9708,3.2556,3.3798,3.8113,2.3299,1.9582,2.2779,2.3299,2.2853

677.8570,0.7240,0.8473,3.0704,3.3798,3.1321,2.2064,1.5260,2.1133,2.2064,2.1266

678.8580,1.0326,1.2794,3.3791,2.7007,3.2556,2.0830,2.5138,2.3602,2.0830,2.3206

679.8570,0.6622,1.0325,3.4408,3.0094,3.2556,2.0830,1.7730,2.1956,2.0830,2.1795

680.8580,1.0943,1.2794,3.4408,3.6267,2.9469,2.2682,1.8964,2.3808,2.2682,2.3647

681.8580,1.2795,0.8473,3.4408,3.6885,3.3791,2.3299,2.0199,2.4425,2.3299,2.4264

682.8580,0.8474,0.7238,3.5643,3.2563,3.4409,2.7003,1.7112,2.2573,2.7003,2.3206

683.8570,0.8474,0.7856,3.6878,3.3180,3.1939,2.2682,2.0817,2.3191,2.2682,2.3118

684.8580,1.0326,0.9090,3.3791,3.5033,2.8234,1.7743,1.4643,2.1853,1.7743,2.1266

685.8580,0.9709,0.9708,2.8851,3.3180,3.0087,2.5769,1.8347,2.1647,2.5769,2.2236

686.8570,0.7240,0.6003,3.5643,3.1946,3.6878,2.2064,2.2669,2.3396,2.2064,2.3206

687.8580,0.7857,0.6621,3.4408,2.8242,3.1939,1.7743,1.8964,2.1338,1.7743,2.0825

688.8570,0.9092,1.1560,3.5025,3.5033,3.2556,2.9473,1.5877,2.3190,2.9473,2.4088

689.8570,0.7240,1.0942,3.3791,3.3180,3.2556,2.0830,2.0817,2.3088,2.0830,2.2765

690.8570,0.9709,1.1560,3.4408,3.0094,3.0087,2.3917,1.6495,2.2059,2.3917,2.2324

691.8570,0.7857,1.0325,3.4408,3.2563,3.0704,2.3299,2.0199,2.2676,2.3299,2.2765

692.8580,1.2795,1.1560,4.0582,3.3798,3.6261,2.2064,2.3286,2.6380,2.2064,2.5764

693.8570,0.7857,1.1560,3.4408,3.3180,3.0087,2.2682,2.2051,2.3191,2.2682,2.3118

694.8570,0.8474,1.1560,3.7495,3.0711,3.1321,1.7743,1.8347,2.2985,1.7743,2.2236

695.8570,0.8474,1.3412,3.5643,3.4415,3.1939,2.0212,1.5877,2.3293,2.0212,2.2853

696.8580,0.7240,1.2177,3.5025,3.1328,3.0704,2.1447,1.8964,2.2573,2.1447,2.2412

697.8580,1.3412,1.2177,4.6756,3.2563,3.7496,2.2064,2.2669,2.7512,2.2064,2.6734

698.8570,0.7240,1.0942,3.4408,3.1946,3.1321,2.0830,1.8964,2.2470,2.0830,2.2236

699.8580,0.7857,0.9708,3.5025,3.1946,3.0087,2.0830,1.8347,2.2162,2.0830,2.1971

700.8570,1.0326,1.8351,4.2434,3.1946,3.5026,2.3299,2.0817,2.6483,2.3299,2.6028

701.8570,1.0326,0.8473,3.1321,3.3180,3.5643,2.2064,2.7608,2.4425,2.2064,2.4088

702.8570,0.9092,1.2794,3.2556,3.0094,2.9469,2.4534,1.8347,2.2059,2.4534,2.2412

703.8570,1.8968,1.2794,4.1817,3.5033,3.9965,2.2064,2.8843,2.9570,2.2064,2.8498

704.8570,0.7240,1.1560,3.4408,3.1946,3.1939,1.8360,1.9582,2.2779,1.8360,2.2148

705.8570,0.7857,1.1560,3.8112,3.2563,3.3791,2.0830,1.8964,2.3808,2.0830,2.3383

706.8570,0.8474,1.0942,3.3791,3.2563,3.1321,2.0830,1.9582,2.2779,2.0830,2.2500

707.8570,0.6005,1.1560,3.4408,3.0711,2.9469,1.7743,1.8347,2.1750,1.7743,2.1178

708.8570,1.7116,0.8473,3.4408,3.3798,3.2556,1.9595,1.9582,2.4322,1.9595,2.3647

709.8570,0.8474,1.0325,3.6878,3.0711,2.9469,1.8360,1.6495,2.2059,1.8360,2.1530

710.8580,0.7857,1.1560,3.5025,3.3798,3.4409,2.0212,1.9582,2.3705,2.0212,2.3206

711.8570,0.9709,1.0325,3.5025,3.0094,3.2556,2.9473,2.1434,2.3191,2.9473,2.4088

712.8570,0.9709,1.1560,3.6260,3.4415,3.1939,2.3917,1.6495,2.3396,2.3917,2.3471

713.8570,0.7240,1.2177,3.5643,4.6762,3.3174,2.0830,2.0199,2.5866,2.0830,2.5146

714.8570,0.6622,1.2794,3.0704,2.9476,3.2556,2.1447,1.9582,2.1956,2.1447,2.1883

715.8570,0.8474,0.9090,3.2556,3.1946,1.7738,2.6386,1.5877,1.9280,2.6386,2.0295

716.8570,1.5264,1.5264,3.0704,3.2563,3.5643,2.1447,1.3408,2.3808,2.1447,2.3470

717.8580,0.7857,1.2794,3.4408,3.5033,2.8852,2.2682,1.8347,2.2882,2.2682,2.2853

718.8570,1.1561,1.5264,3.5025,3.8737,3.3791,2.2064,1.7112,2.5248,2.2064,2.4793

719.8580,1.0326,0.9090,3.1938,3.3798,2.8852,2.2682,1.9582,2.2264,2.2682,2.2324

720.8570,0.8474,1.4647,3.7495,3.0094,3.3174,2.4534,1.4025,2.2985,2.4534,2.3206

721.8570,0.2919,1.0942,3.9965,3.3798,3.0704,2.5151,2.2051,2.3397,2.5151,2.3647

722.8570,0.6622,0.4151,3.1938,3.4415,3.0704,2.0212,2.1434,2.1544,2.0212,2.1354

723.8570,0.8474,1.1560,3.8730,3.2563,3.8731,2.5151,1.7730,2.4631,2.5151,2.4705

724.8570,0.7240,1.2177,3.2556,3.2563,2.8234,2.1447,1.9582,2.2059,2.1447,2.1971

725.8570,0.8474,0.6003,3.4408,3.0711,3.0704,1.5274,1.8964,2.1544,1.5274,2.0648

726.8570,0.8474,0.9708,3.4408,3.1946,3.1939,1.5891,2.0199,2.2779,1.5891,2.1795

727.8570,1.0326,1.0942,4.0582,3.8119,3.2556,1.8978,3.1313,2.7306,1.8978,2.6117

728.8570,0.7240,1.7733,3.3173,3.0711,3.3174,2.3917,1.9582,2.3602,2.3917,2.3647

729.8570,0.9092,1.0942,3.6260,3.3180,3.8731,2.5769,1.8347,2.4425,2.5769,2.4617

730.8570,1.0943,0.9708,3.3791,3.1946,3.0704,2.0212,1.6495,2.2264,2.0212,2.1971

731.8580,0.7857,1.3412,3.1938,3.3180,3.0087,1.8978,2.0199,2.2779,1.8978,2.2236

732.8570,0.3536,1.1560,3.8112,2.8859,3.2556,2.2682,2.0817,2.2573,2.2682,2.2589

733.8570,0.8474,0.7238,3.3791,3.4415,3.3791,2.5769,1.8964,2.2779,2.5769,2.3206

734.8570,0.7857,1.2177,2.9469,3.3798,3.0087,1.9595,2.2669,2.2676,1.9595,2.2236

735.8570,0.9092,1.4647,3.2556,3.3798,3.2556,2.2064,1.8964,2.3602,2.2064,2.3382

736.8570,1.0943,1.2177,3.8730,3.1328,3.5026,2.1447,1.9582,2.4631,2.1447,2.4176

737.8570,0.9092,0.6621,4.8608,3.5033,3.3174,2.0212,1.8964,2.5249,2.0212,2.4529

738.8570,0.4771,1.2177,3.2556,3.3798,3.1939,2.4534,1.8964,2.2367,2.4534,2.2677

739.8570,0.3536,1.0325,4.6756,3.4415,3.2556,2.0212,1.8964,2.4425,2.0212,2.3824

740.8570,0.9092,0.9090,3.0704,3.4415,2.8852,2.9473,1.8964,2.1853,2.9473,2.2941

741.8570,0.5388,1.2794,3.3173,3.3798,3.2556,2.0830,1.5260,2.2162,2.0830,2.1971

742.8570,0.9092,1.2177,3.5025,3.6885,3.5026,1.9595,2.2051,2.5043,1.9595,2.4264

743.8570,0.5388,0.7856,3.5643,4.1206,3.1939,2.2064,1.8964,2.3499,2.2064,2.3294

744.8570,0.9092,1.6499,3.3173,3.5033,2.7617,1.9595,1.8347,2.3293,1.9595,2.2765

745.8570,0.7240,1.1560,3.3791,3.5033,3.1939,2.3917,1.8964,2.3088,2.3917,2.3206

746.8580,0.7240,1.0325,3.5025,3.1328,3.7496,1.7743,1.9582,2.3499,1.7743,2.2677

747.8570,0.8474,0.8473,3.5025,3.0094,3.3174,2.6386,1.1555,2.1133,2.6386,2.1883

748.8570,0.9709,1.2177,3.4408,3.4415,3.0704,2.0830,1.9582,2.3499,2.0830,2.3118

749.8570,0.9092,2.3290,3.6878,3.1946,3.1321,2.2064,1.7112,2.4940,2.2064,2.4529

750.8570,0.8474,1.0325,3.4408,3.2563,3.2556,2.0830,1.9582,2.2985,2.0830,2.2677

751.8570,0.9092,0.9090,3.9965,3.1946,3.3791,2.2682,2.0817,2.4117,2.2682,2.3912

752.8570,0.6622,1.4029,3.5643,3.6267,3.2556,2.1447,1.6495,2.3602,2.1447,2.3294

753.8570,1.2178,1.0942,3.5643,3.3180,3.1939,1.8978,1.8964,2.3808,1.8978,2.3118

754.8570,0.7857,1.0325,3.8730,3.2563,3.1939,2.1447,1.8347,2.3293,2.1447,2.3030

755.8570,0.7857,1.2794,3.3791,3.5033,3.1321,2.2682,1.6495,2.2882,2.2682,2.2853

756.8570,0.9092,0.9090,3.3791,3.1946,3.0704,1.9595,1.8964,2.2264,1.9595,2.1883

757.8570,0.7857,1.3412,3.4408,3.4415,3.1939,2.5769,1.7730,2.3293,2.5769,2.3647

758.8570,0.5388,1.0942,3.1938,3.3798,3.1939,2.3917,2.2669,2.2779,2.3917,2.2942

759.8570,0.9709,0.9708,3.5643,3.5650,3.0087,1.7743,1.6495,2.2882,1.7743,2.2148

760.8570,0.5388,0.7856,3.2556,3.4415,3.0087,2.0212,1.7730,2.1338,2.0212,2.1178

761.8570,0.6622,1.2177,3.3173,3.1328,3.0087,1.8978,1.5260,2.1441,1.8978,2.1089

762.8570,0.6622,1.1560,3.3791,3.4415,3.1939,2.1447,1.6495,2.2470,2.1447,2.2324

763.8570,0.9709,1.4029,3.6878,3.3180,3.3174,1.9595,2.1434,2.4734,1.9595,2.4000

764.8570,0.9092,1.0942,3.5643,3.4415,3.1939,2.0830,1.9582,2.3602,2.0830,2.3206

765.8570,0.9092,1.4647,3.0704,4.3058,3.1939,3.1325,2.0817,2.5043,3.1325,2.5940

766.8570,0.5388,0.8473,3.1938,3.0711,3.0704,1.9595,2.0817,2.1338,1.9595,2.1089

767.8580,0.7240,1.5264,3.5643,3.0711,3.1939,2.2064,1.8347,2.3191,2.2064,2.3030

768.8580,0.8474,1.3412,3.3173,2.9476,3.1321,2.6386,1.8347,2.2367,2.6386,2.2941

769.8570,0.7857,1.2177,3.3791,3.3798,3.1321,2.2064,1.8964,2.2985,2.2064,2.2853

770.8580,0.9709,1.0942,3.3173,3.4415,3.1939,2.0212,1.8347,2.3088,2.0212,2.2677

771.8570,0.9092,0.9090,3.5025,3.1328,3.3174,2.1447,1.9582,2.2882,2.1447,2.2677

772.8570,0.6005,0.9708,3.6878,3.0711,3.1939,2.1447,1.8347,2.2265,2.1447,2.2148

773.8570,0.6005,1.2794,3.5643,3.0094,3.1939,2.2064,1.8347,2.2470,2.2064,2.2412

774.8570,0.9092,0.9708,3.1938,3.1946,3.3791,2.0212,1.7112,2.2264,2.0212,2.1971

775.8580,0.7857,0.7856,3.6878,3.3798,3.1321,1.9595,1.5877,2.2264,1.9595,2.1883

776.8580,0.9709,1.2794,3.3791,3.1946,2.5765,2.1447,1.8347,2.2059,2.1447,2.1971

777.8570,0.7240,0.7238,3.6260,3.3798,2.9469,1.7126,1.9582,2.2264,1.7126,2.1530

778.8570,0.8474,1.1560,3.4408,3.3180,3.1939,2.7003,2.0199,2.3293,2.7003,2.3823

779.8570,1.0326,1.3412,3.2556,3.1328,3.1939,2.2064,1.8964,2.3088,2.2064,2.2941

780.8570,0.6622,1.2177,3.1938,3.2563,3.2556,2.1447,1.6495,2.2059,2.1447,2.1971

781.8570,0.7857,1.0942,3.2556,3.0711,3.2556,2.2682,1.7730,2.2059,2.2682,2.2148

782.8570,0.7857,1.1560,3.7495,3.4415,3.1939,2.1447,1.8964,2.3705,2.1447,2.3382

783.8570,0.9709,0.8473,3.9347,3.4415,3.0704,2.2064,1.1555,2.2367,2.2064,2.2324

784.8570,0.9709,1.0325,3.5643,3.2563,3.5026,2.0830,1.8347,2.3602,2.0830,2.3206

785.8570,0.8474,0.7856,3.6878,3.4415,3.1321,2.0212,2.0817,2.3293,2.0212,2.2853

786.8570,0.7240,1.2794,3.5025,3.1946,2.9469,2.1447,1.7112,2.2264,2.1447,2.2148

787.8570,0.9092,0.8473,3.3791,3.2563,3.1939,1.7126,1.9582,2.2573,1.7126,2.1795

788.8580,0.2919,1.8351,3.4408,3.3180,3.5026,2.0830,1.8347,2.3705,2.0830,2.3294

789.8570,0.7857,1.1560,3.4408,2.9476,3.1321,1.8978,1.8964,2.2264,1.8978,2.1795

790.8580,1.3412,1.3412,3.5643,3.6267,2.8852,2.3299,1.8964,2.4425,2.3299,2.4264

791.8570,0.5388,1.0325,3.5643,3.5650,2.8852,2.7621,1.9582,2.2573,2.7621,2.3294

792.8570,0.8474,0.7238,3.1938,3.2563,3.8731,2.2064,1.9582,2.3088,2.2064,2.2942

793.8570,0.6622,0.9090,3.0704,3.0094,2.7617,2.4534,2.2051,2.1030,2.4534,2.1530

794.8570,0.9709,1.7733,3.6260,3.3798,3.4409,1.9595,1.8964,2.5146,1.9595,2.4353

795.8570,-0.0785,0.8473,3.8112,3.0711,2.8234,2.2682,1.8347,2.0515,2.2682,2.0825

796.8580,1.2178,0.8473,3.6260,3.0711,3.2556,2.3299,1.8964,2.3190,2.3299,2.3206

797.8570,0.7240,1.5881,3.4408,3.2563,3.1321,1.9595,1.7730,2.3191,1.9595,2.2677

798.8570,0.2919,1.6499,3.3791,3.0711,3.0087,2.3917,1.7730,2.1956,2.3917,2.2236

799.8570,0.9709,0.8473,3.5025,3.3180,3.0704,2.0830,2.0817,2.2985,2.0830,2.2677

800.8570,0.6005,1.0325,3.6260,3.1328,3.6261,1.9595,2.4521,2.4117,1.9595,2.3471

801.8570,0.6622,1.3412,3.2556,3.9971,3.3174,2.5769,2.0199,2.4322,2.5769,2.4529

802.8570,0.9092,0.9708,3.4408,3.2563,2.9469,2.2682,1.3408,2.1441,2.2682,2.1618

803.8570,0.9709,1.2177,3.6878,3.1328,2.7617,2.3299,1.0321,2.1338,2.3299,2.1618

804.8570,0.8474,1.0942,3.5643,3.5650,3.1321,2.1447,1.8964,2.3499,2.1447,2.3206

805.8580,0.9092,1.2794,3.3791,3.6885,3.1939,2.2064,1.7730,2.3705,2.2064,2.3471

806.8570,1.0326,1.0942,3.3173,2.7624,3.0704,1.8978,2.2051,2.2470,1.8978,2.1971

807.8570,0.9092,1.0942,3.2556,3.2563,2.8234,2.2682,1.7730,2.1853,2.2682,2.1971

808.8570,0.8474,1.0325,3.6260,3.2563,3.0087,2.0830,2.1434,2.3191,2.0830,2.2853

809.8570,1.2178,1.0325,4.3052,2.8242,3.3791,2.2064,1.8347,2.4322,2.2064,2.4000

810.8570,1.5264,1.1560,3.8112,3.3798,3.3174,1.9595,1.8964,2.5145,1.9595,2.4352

811.8570,0.8474,1.0325,3.6260,3.3180,3.4409,2.4534,2.2051,2.4117,2.4534,2.4176

812.8570,0.8474,0.9090,3.3173,3.9971,2.8852,2.5769,2.0199,2.3293,2.5769,2.3647

813.8570,0.3536,1.0325,3.1321,3.3180,3.9965,2.1447,2.9460,2.4631,2.1447,2.4176

814.8570,1.0943,1.0942,3.2556,2.9476,3.3791,1.9595,2.3286,2.3499,1.9595,2.2941

815.8580,0.9709,1.0325,3.3791,3.1946,3.1939,2.2682,1.9582,2.2882,2.2682,2.2853

816.8580,0.8474,0.9708,3.4408,3.5650,3.0704,1.8978,2.0199,2.3190,1.8978,2.2589

817.8570,0.4771,1.2794,3.0704,2.8859,3.0704,3.0090,1.9582,2.1236,3.0090,2.2501

818.8570,0.5388,1.5264,3.5025,3.6885,3.1939,2.3299,1.8347,2.3808,2.3299,2.3735

819.8570,0.6005,0.6621,2.3295,3.3180,3.1939,2.0830,2.5138,2.1030,2.0830,2.1001

820.8580,0.6005,1.4029,3.6260,3.1328,2.9469,2.3917,2.0199,2.2882,2.3917,2.3030

821.8570,1.5264,0.6621,2.9469,3.1328,2.5765,2.1447,1.7112,2.0927,2.1447,2.1001

822.8570,0.8474,1.0325,3.5025,3.1946,3.2556,2.1447,1.8347,2.2779,2.1447,2.2589

823.8570,0.7857,1.0942,3.6878,3.4415,3.0087,2.1447,1.8347,2.3088,2.1447,2.2853

824.8570,0.9092,1.4029,3.3173,3.5033,2.8852,2.5151,1.8347,2.3088,2.5151,2.3382

825.8570,0.7857,0.7856,3.7495,3.4415,2.8852,1.8360,1.9582,2.2676,1.8360,2.2060

826.8570,0.7857,1.7733,3.4408,3.1328,3.1321,2.3299,1.9582,2.3705,2.3299,2.3647

827.8570,0.9092,1.0942,4.3052,3.4415,3.0087,2.2682,2.2051,2.4940,2.2682,2.4617

828.8580,0.3536,1.3412,3.6878,3.4415,2.5765,2.1447,2.0199,2.2367,2.1447,2.2236

829.8580,0.7857,0.6621,3.3173,3.3180,2.9469,1.7743,1.8347,2.1441,1.7743,2.0913

830.8570,0.9709,1.2177,3.3791,3.4415,3.1939,1.8360,1.8347,2.3396,1.8360,2.2677

831.8570,0.7240,1.8351,2.4529,3.9971,2.8234,2.4534,1.9582,2.2985,2.4534,2.3206

832.8570,0.6622,0.6621,3.5025,3.2563,3.6878,2.4534,2.2669,2.3396,2.4534,2.3559

833.8580,0.8474,1.2177,3.2556,3.5033,3.2556,2.0212,0.0442,2.0206,2.0212,2.0207

834.8570,0.5388,1.0325,3.6260,3.1946,3.1939,1.9595,1.9582,2.2573,1.9595,2.2148

835.8580,0.9092,0.7856,3.6260,3.0094,3.1939,2.2064,1.7112,2.2059,2.2064,2.2059

836.8580,0.8474,1.2794,3.3791,3.6267,3.0704,1.9595,2.2669,2.4117,1.9595,2.3471

837.8570,0.5388,1.1560,3.9965,3.1328,3.0087,2.5151,2.0199,2.3088,2.5151,2.3383

838.8570,1.0943,0.1682,3.9347,3.1946,3.5026,2.3299,1.8964,2.2985,2.3299,2.3030

839.8580,0.6622,2.3290,5.0460,3.0711,3.5026,2.0830,1.7730,2.7307,2.0830,2.6381

840.8570,1.2178,0.6621,3.6878,3.3798,3.2556,2.3299,1.8347,2.3396,2.3299,2.3382

841.8570,0.8474,1.0942,2.8851,3.1946,3.3791,1.8978,1.8347,2.2059,1.8978,2.1619

842.8570,0.7240,1.2794,3.5643,3.3180,3.5026,2.2682,1.7730,2.3602,2.2682,2.3471

843.8570,0.6622,1.1560,3.5643,3.4415,3.2556,2.3299,1.7112,2.2985,2.3299,2.3030

844.8570,0.9709,1.1560,3.1321,3.2563,3.2556,1.8978,1.7730,2.2573,1.8978,2.2059

845.8570,0.2919,1.0325,3.6260,3.2563,2.7617,2.2064,1.9582,2.1544,2.2064,2.1619

846.8570,0.8474,0.9090,3.6260,3.3798,3.3791,1.8360,1.8964,2.3396,1.8360,2.2677

847.8570,1.3412,1.0942,3.4408,3.7502,3.6878,2.2682,1.4643,2.4631,2.2682,2.4352

848.8570,0.8474,1.2177,3.3791,3.3180,3.2556,1.7743,1.8347,2.3088,1.7743,2.2324

849.8570,0.7240,1.2794,3.2556,3.1946,3.0704,2.2064,2.3286,2.3088,2.2064,2.2941

850.8570,0.5388,1.7116,3.2556,3.5033,3.3174,2.1447,1.8964,2.3705,2.1447,2.3382

851.8570,0.9092,0.9090,3.2556,3.5033,3.3791,1.8978,1.8347,2.2985,1.8978,2.2412

852.8580,0.6622,1.2794,3.5025,2.7624,3.0704,2.1447,1.8964,2.1956,2.1447,2.1883

853.8570,0.6622,1.2177,3.5025,3.1328,3.2556,2.1447,1.7112,2.2470,2.1447,2.2324

854.8570,0.3536,0.4151,3.6878,3.0711,3.0087,1.8360,1.7112,2.0412,1.8360,2.0119

855.8570,0.9709,1.0325,3.5643,3.1328,3.3174,1.9595,2.0817,2.3499,1.9595,2.2941

856.8570,0.8474,0.9708,3.5025,3.0094,3.0704,1.8978,1.8347,2.2059,1.8978,2.1619

857.8570,0.5388,1.0325,3.3791,3.1946,3.1321,1.9595,1.7730,2.1750,1.9595,2.1442

858.8580,1.0943,1.0942,3.6878,3.5650,3.2556,2.3917,1.7730,2.4117,2.3917,2.4088

859.8580,0.9092,0.8473,3.5025,3.3180,3.2556,2.0830,1.8964,2.2882,2.0830,2.2589

860.8580,0.9709,1.0325,3.3791,2.9476,3.2556,2.0212,2.1434,2.2882,2.0212,2.2500

861.8570,0.9092,1.3412,3.4408,3.3180,3.1939,2.5769,1.7730,2.3293,2.5769,2.3647

862.8570,0.9092,2.1438,3.7495,3.3180,3.3791,1.9595,2.0199,2.5866,1.9595,2.4970

863.8580,1.0326,1.0942,3.5025,3.1946,3.1321,2.0212,1.6495,2.2676,2.0212,2.2324

864.8570,0.9709,0.9708,3.5643,3.1946,3.3174,2.0830,1.8964,2.3191,2.0830,2.2853

865.8580,1.0326,1.1560,2.8851,3.2563,3.5026,1.9595,1.5260,2.2264,1.9595,2.1883

866.8570,0.9709,0.8473,3.3173,3.4415,3.0704,1.8360,1.9582,2.2676,1.8360,2.2059

867.8570,0.8474,0.9090,3.3173,3.4415,3.1321,1.7743,1.9582,2.2676,1.7743,2.1971

868.8570,0.8474,1.2794,3.3173,3.1328,3.3791,2.2682,1.7112,2.2779,2.2682,2.2765

869.8570,0.5388,1.0942,2.5147,3.1328,3.0087,2.1447,1.5877,1.9795,2.1447,2.0031

870.8570,1.5882,1.0942,3.8730,3.1946,3.6261,2.1447,2.0817,2.5763,2.1447,2.5146

871.8570,0.7857,1.4647,3.5025,3.0711,3.3174,1.8978,1.8347,2.3293,1.8978,2.2677

872.8570,1.8968,0.9708,3.5025,3.1328,3.4409,2.2064,1.7112,2.4425,2.2064,2.4088

873.8570,0.8474,0.9090,3.5025,3.2563,3.0704,2.0830,1.9582,2.2573,2.0830,2.2324

874.8580,1.3412,1.1560,2.2677,3.3180,3.0087,2.2064,1.0938,2.0309,2.2064,2.0560

875.8570,1.2795,0.9090,3.3791,3.3180,3.1939,2.1447,1.7730,2.3087,2.1447,2.2853

876.8580,1.3412,0.9090,3.5025,3.3180,3.0704,1.7743,1.7730,2.3190,1.7743,2.2412

877.8580,1.0326,0.5386,3.3791,3.2563,3.1939,1.8978,2.4521,2.3088,1.8978,2.2500

878.8580,0.7240,0.9090,3.1938,2.9476,3.1321,1.9595,2.0817,2.1647,1.9595,2.1354

879.8570,0.8474,0.9708,3.3791,3.1328,3.0704,1.3421,1.9582,2.2264,1.3421,2.1001

880.8570,1.0943,1.0325,3.5643,3.1946,3.1939,2.0830,1.8347,2.3190,2.0830,2.2853

881.8580,0.8474,1.1560,3.5025,3.2563,2.9469,2.0830,1.9582,2.2779,2.0830,2.2500

882.8570,0.6005,0.9090,3.5025,2.8859,1.7121,1.7126,1.5877,1.8663,1.7126,1.8443

883.8570,1.0326,0.9090,4.0582,3.1946,3.6261,2.5151,1.7112,2.4220,2.5151,2.4353

884.8570,1.2178,1.1560,3.5025,3.3798,2.8852,2.3299,1.6495,2.2985,2.3299,2.3029

885.8570,0.7857,1.0325,3.1938,3.1328,3.1939,1.8360,1.3408,2.1133,1.8360,2.0737

886.8570,1.2795,0.9090,3.5025,3.0094,2.7617,1.7126,1.5877,2.1750,1.7126,2.1089

887.8570,0.5388,1.2794,3.5643,3.3798,3.5026,2.4534,1.4643,2.2882,2.4534,2.3118

888.8570,1.1561,1.2794,3.4408,3.0094,3.1321,1.7126,2.0817,2.3499,1.7126,2.2589

889.8570,0.9092,1.1560,3.1321,3.2563,3.0704,1.9595,1.8347,2.2264,1.9595,2.1883

890.8570,0.9092,1.5881,3.7495,3.1946,3.3791,1.8978,1.8964,2.4528,1.8978,2.3735

891.8570,0.7857,1.0942,3.6260,3.3798,3.1321,2.3299,1.7112,2.2882,2.3299,2.2941

892.8570,0.7857,1.1560,3.1321,3.3798,2.9469,2.2682,1.8347,2.2059,2.2682,2.2148

893.8570,0.9709,1.0942,3.5025,3.0711,3.1939,2.3917,2.2051,2.3396,2.3917,2.3471

894.8570,1.2178,0.7238,3.6878,3.2563,3.4409,1.9595,1.9582,2.3808,1.9595,2.3206

895.8580,0.4771,0.9708,2.9469,3.5650,3.0704,2.5151,1.7730,2.1338,2.5151,2.1883

896.8570,0.5388,1.1560,3.1321,3.4415,3.0704,2.1447,2.0199,2.2264,2.1447,2.2148

897.8570,0.8474,1.0942,3.3791,3.1328,3.0704,2.2682,1.7730,2.2162,2.2682,2.2236

898.8580,-0.5106,1.7733,3.2556,3.5033,3.1321,2.1447,1.7112,2.1442,2.1447,2.1442

899.8580,1.0943,1.3412,3.4408,3.5033,3.1321,2.1447,1.7730,2.3808,2.1447,2.3471

900.8570,0.7240,1.6499,3.6878,3.5650,3.4409,1.8360,1.9582,2.5043,1.8360,2.4088

901.8590,0.7857,1.0942,3.4408,3.0711,3.0087,2.0830,1.8347,2.2059,2.0830,2.1883

902.8580,1.0943,0.9090,3.8112,3.1328,3.1321,2.2064,2.2051,2.3808,2.2064,2.3559

903.8570,0.9092,1.4647,3.6878,3.1946,3.3791,2.1447,2.0199,2.4425,2.1447,2.4000

904.8570,0.6622,1.2177,3.6878,3.3798,3.4409,1.8978,2.0199,2.4014,1.8978,2.3294

905.8570,1.1561,1.4647,3.5025,3.3180,3.5026,2.1447,2.1434,2.5146,2.1447,2.4617

906.8570,0.9092,1.1560,3.5025,3.3798,3.1321,2.2064,1.9582,2.3396,2.2064,2.3206

907.8570,0.7857,0.9708,3.5025,1.5277,3.3174,1.9595,1.5877,1.9486,1.9595,1.9502

908.8570,0.7240,0.8473,3.3791,3.0711,4.0583,1.2187,2.0199,2.3499,1.2187,2.1883

909.8580,0.7857,1.7733,3.3791,3.0711,3.1939,2.0830,2.0199,2.3705,2.0830,2.3294

910.8570,0.6005,0.9708,3.3173,3.0711,3.1939,2.0212,1.7112,2.1441,2.0212,2.1266

911.8570,0.9709,0.5386,3.8730,3.1328,3.3791,1.8360,1.7730,2.2779,1.8360,2.2148

912.8570,0.9092,1.2177,3.5643,3.3180,3.0704,0.8483,2.2669,2.3911,0.8483,2.1707

913.8580,0.9709,1.0325,3.1321,3.0711,3.3174,1.8360,1.8964,2.2367,1.8360,2.1795

914.8570,0.3536,0.9708,3.5643,3.5650,3.0087,1.9595,2.2669,2.2882,1.9595,2.2412

915.8570,1.0326,0.7238,5.0460,3.4415,2.9469,1.8978,2.0199,2.5351,1.8978,2.4441

916.8570,1.1561,1.4647,3.9965,3.5033,3.4409,2.3299,2.2051,2.6277,2.3299,2.5852

917.8570,0.9709,1.7116,3.6878,3.8119,3.1939,2.6386,1.8964,2.5454,2.6386,2.5587

918.8570,1.4647,1.2794,4.1817,3.4415,3.8113,2.2682,2.9460,2.8541,2.2682,2.7704

919.8570,0.7857,0.7856,3.5643,3.2563,4.1818,2.2064,1.7730,2.3911,2.2064,2.3647

920.8570,0.7857,1.0942,4.5521,3.0711,3.0704,2.0212,1.8347,2.4014,2.0212,2.3471

921.8570,0.7857,1.0942,3.6260,3.3180,3.1321,2.0212,2.0817,2.3396,2.0212,2.2941

922.8570,0.9092,1.2177,3.5025,2.9476,3.0704,2.2064,2.2669,2.3191,2.2064,2.3030

923.8570,0.9092,1.5881,3.4408,3.2563,3.1939,2.5151,2.0199,2.4014,2.5151,2.4176

924.8570,1.0326,0.9708,3.5643,3.3180,2.9469,2.1447,2.0199,2.3088,2.1447,2.2853

925.8570,0.7857,1.6499,3.5643,3.1328,3.4409,2.4534,1.8964,2.4117,2.4534,2.4176

926.8570,1.0326,1.0325,3.0704,3.2563,3.3174,1.8978,1.9582,2.2779,1.8978,2.2236

927.8580,0.9709,1.0942,3.6878,3.2563,3.0704,2.4534,2.0817,2.3602,2.4534,2.3735

928.8570,0.9709,1.0942,3.3173,3.5033,2.7617,2.1447,1.6495,2.2161,2.1447,2.2059

929.8570,0.9092,1.4647,3.3173,3.1328,3.6878,2.1447,1.7730,2.3808,2.1447,2.3471

930.8570,0.6622,0.9708,4.0582,3.5650,3.0087,2.4534,2.2669,2.4220,2.4534,2.4264

931.8580,0.9092,1.0325,3.4408,3.2563,3.4409,1.9595,1.8347,2.3191,1.9595,2.2677

932.8570,0.9709,1.1560,3.3173,3.4415,3.1939,2.2064,1.8964,2.3293,2.2064,2.3118

933.8570,1.0943,1.1560,3.3791,3.3180,3.9348,2.2682,2.0817,2.4940,2.2682,2.4617

934.8570,0.6622,1.5264,3.5643,3.0711,3.3174,2.1447,1.8964,2.3396,2.1447,2.3118

935.8580,0.6005,1.0942,3.9347,3.5033,3.1939,2.0830,1.8964,2.3705,2.0830,2.3294

936.8570,1.3412,1.1560,3.3791,3.3180,3.1321,2.1447,1.4025,2.2882,2.1447,2.2677

937.8570,0.8474,1.4029,3.2556,3.1946,3.2556,2.8238,2.1434,2.3499,2.8238,2.4176

938.8570,0.8474,1.4029,3.3791,3.3180,3.0704,1.9595,1.7730,2.2985,1.9595,2.2500

939.8570,0.4153,0.6621,3.1938,3.1328,4.1818,2.8855,1.7730,2.2265,2.8855,2.3206

940.8570,0.9709,0.9090,3.5643,3.3798,3.4409,2.3299,1.3408,2.2676,2.3299,2.2765

941.8570,1.4647,1.0325,3.5643,3.1328,2.8852,1.8978,1.5260,2.2676,1.8978,2.2148

942.8570,0.6622,0.4769,3.9347,2.9476,3.1321,2.3917,1.5877,2.1236,2.3917,2.1619

943.8570,0.4771,1.2177,3.1321,2.9476,1.8973,3.8116,1.7112,1.8972,3.8116,2.1707

944.8570,0.4153,0.9708,3.0086,2.8859,3.1321,3.3794,1.8964,2.0515,3.3794,2.2412

945.8570,1.0326,1.2177,3.9347,3.3798,3.1321,2.0212,1.8964,2.4322,2.0212,2.3735

946.8570,1.4030,1.0942,3.8730,3.6267,2.9469,2.3917,1.8347,2.4631,2.3917,2.4529

947.8570,0.7240,1.2794,3.1938,3.3798,2.9469,2.3299,2.2051,2.2882,2.3299,2.2941

948.8570,0.4771,1.8351,3.3791,3.8119,3.2556,2.5151,2.2051,2.4940,2.5151,2.4970

949.8570,0.9092,0.9090,3.8730,3.0711,3.7496,2.7003,2.1434,2.4425,2.7003,2.4794

950.8570,0.7857,1.5881,3.5025,3.3798,3.0087,2.2682,1.7730,2.3396,2.2682,2.3294

951.8570,0.9092,0.5386,3.5025,3.8737,2.6382,2.8238,2.0199,2.2470,2.8238,2.3294

952.8570,0.5388,0.5386,4.7373,3.3180,3.3174,2.3299,2.0199,2.4117,2.3299,2.4000

953.8580,1.4647,1.3412,3.6878,3.3798,3.1939,2.3917,2.0199,2.5145,2.3917,2.4970

954.8570,0.7240,0.9090,3.5025,3.3180,2.5765,2.3299,1.7112,2.1235,2.3299,2.1530

955.8570,0.9709,0.8473,3.5025,3.2563,3.1939,2.6386,1.9582,2.2882,2.6386,2.3382

956.8570,0.2302,0.7856,2.9469,3.4415,2.6999,2.4534,1.7730,1.9795,2.4534,2.0472

957.8570,0.7857,1.0942,3.2556,3.3798,3.1321,2.3299,2.0199,2.2779,2.3299,2.2853

958.8570,0.9092,1.1560,3.6260,3.6267,2.8852,2.5151,1.6495,2.3088,2.5151,2.3382

959.8570,0.9092,0.9708,3.5025,3.5650,3.1321,2.6386,1.9582,2.3396,2.6386,2.3823

960.8570,0.7857,1.2177,3.4408,3.3798,3.1321,2.5769,1.8964,2.3088,2.5769,2.3471

961.8570,0.8474,1.0942,3.5025,3.3180,3.4409,2.3299,1.8964,2.3499,2.3299,2.3471

962.8580,0.8474,1.2177,3.3173,3.1946,3.0704,2.3917,1.5260,2.1956,2.3917,2.2236

963.8570,1.7733,1.2794,4.2434,3.3798,3.8731,2.3917,1.4025,2.6586,2.3917,2.6205

964.8570,0.7857,0.9090,3.5643,3.2563,3.1321,2.3917,2.1434,2.2985,2.3917,2.3118

965.8570,0.6005,1.4029,3.2556,3.4415,3.1321,2.2682,1.7730,2.2676,2.2682,2.2677

966.8570,0.7240,1.0942,3.1938,3.1328,2.9469,2.5151,1.7112,2.1338,2.5151,2.1883

967.8570,0.6622,1.2794,3.3791,3.6267,2.7617,2.7621,1.8347,2.2573,2.7621,2.3294

968.8580,0.6005,1.4647,3.4408,3.3180,3.1321,2.5151,1.8964,2.3088,2.5151,2.3382

969.8570,1.1561,0.9090,2.6999,3.3180,3.4409,2.4534,1.5877,2.1853,2.4534,2.2236

970.8570,1.0943,1.1560,3.6260,3.2563,3.1939,2.4534,1.3408,2.2779,2.4534,2.3030

971.8570,0.8474,1.2177,3.6878,4.1206,2.6999,2.5769,1.7730,2.3911,2.5769,2.4176

972.8570,1.0943,0.8473,3.5643,3.1946,3.3174,2.1447,2.0199,2.3396,2.1447,2.3118

973.8580,0.8474,1.1560,3.1321,3.1946,3.3174,2.1447,1.8347,2.2470,2.1447,2.2324

974.8570,0.0450,0.6621,3.1321,2.9476,2.6382,2.0212,1.4643,1.8149,2.0212,1.8444

975.8580,0.7857,0.7238,3.4408,3.3798,3.1321,2.2682,1.8964,2.2264,2.2682,2.2324

976.8570,0.9092,1.2177,2.5147,3.3798,3.1321,2.2682,1.5877,2.1235,2.2682,2.1442

977.8570,0.8474,1.2794,3.4408,2.8242,3.5643,2.2682,1.5877,2.2573,2.2682,2.2589

978.8570,0.7857,1.2177,3.6260,3.3798,3.0704,2.9473,1.8964,2.3293,2.9473,2.4176

979.8570,0.7240,0.7856,3.6260,3.4415,3.1321,2.1447,1.9582,2.2779,2.1447,2.2589

980.8570,0.7240,1.4029,2.6382,3.0094,2.9469,2.3299,2.0817,2.1338,2.3299,2.1618

981.8570,0.9709,1.2177,4.1199,3.3798,3.0704,2.0212,2.3286,2.5146,2.0212,2.4441

982.8570,1.0326,0.9708,3.1938,3.6267,3.1939,2.3299,1.9582,2.3293,2.3299,2.3294

983.8570,0.8474,1.3412,3.6878,3.2563,3.1321,2.2064,2.2669,2.4220,2.2064,2.3912

984.8570,0.6622,1.0942,3.5643,3.3798,2.9469,2.2064,1.9582,2.2676,2.2064,2.2589

985.8570,0.8474,1.0325,3.3173,3.3798,3.2556,2.2064,2.0199,2.3088,2.2064,2.2941

986.8570,0.7857,0.8473,3.0704,3.3798,2.8852,3.3177,1.9582,2.1544,3.3177,2.3206

987.8570,1.7733,1.1560,3.6878,3.1328,3.2556,2.1447,2.1434,2.5248,2.1447,2.4705

988.8570,0.5388,1.8968,3.5025,3.1946,3.0704,2.4534,1.5877,2.2985,2.4534,2.3206

989.8570,0.4771,0.6003,3.3173,4.3058,3.2556,2.5151,1.8964,2.3088,2.5151,2.3382

990.8570,0.8474,0.7238,3.3173,3.4415,3.1321,2.3917,1.9582,2.2367,2.3917,2.2589

991.8570,0.9092,1.2794,3.8730,3.2563,3.3174,2.3917,1.7730,2.4014,2.3917,2.4000

992.8570,0.7240,1.2177,3.0704,3.1328,3.1321,2.5769,1.7112,2.1647,2.5769,2.2236

993.8570,0.6622,0.9090,3.3791,2.9476,2.8852,2.3299,3.0078,2.2985,2.3299,2.3030

994.8570,-0.6958,1.6499,2.8851,3.5650,2.8852,2.4534,1.6495,1.9898,2.4534,2.0560

995.8570,0.6622,0.5386,3.0704,3.0711,4.4287,2.4534,1.9582,2.2882,2.4534,2.3118

996.8570,0.8474,1.0325,3.0704,3.0094,3.2556,2.2064,2.5756,2.2985,2.2064,2.2853

997.8570,0.6005,1.0942,3.1938,3.4415,2.8852,2.3299,1.8964,2.1853,2.3299,2.2059

998.8580,1.0326,0.9090,3.5025,3.3798,3.0087,2.5151,1.4643,2.2161,2.5151,2.2589

999.8570,0.9709,1.8968,2.6999,3.4415,2.9469,2.7621,1.5877,2.2573,2.7621,2.3294

1000.8580,0.6622,0.6621,3.3173,2.9476,3.1939,2.5151,1.9582,2.1236,2.5151,2.1795

1001.8570,0.6005,1.2794,4.0582,3.4415,3.2556,2.5769,1.7112,2.3911,2.5769,2.4176

1002.8570,0.5388,1.1560,3.2556,3.5033,3.1939,2.1447,2.0199,2.2779,2.1447,2.2589

1003.8570,1.0326,1.4647,3.5643,3.5033,3.0087,2.7003,1.7730,2.3911,2.7003,2.4352

1004.8570,0.2919,0.9090,4.8608,3.4415,3.0704,2.3917,2.0817,2.4426,2.3917,2.4353

1005.8570,0.6622,0.4769,3.3173,3.1328,3.4409,2.2682,2.4521,2.2470,2.2682,2.2501

1006.8570,0.6005,-0.1405,3.8112,3.1946,3.1939,2.7621,1.8347,2.0824,2.7621,2.1795

1007.8570,1.2178,1.0942,3.7495,3.3180,3.4409,2.3299,2.2051,2.5043,2.3299,2.4794

1008.8570,1.2178,1.0942,3.7495,3.1946,3.0704,2.3299,1.7112,2.3396,2.3299,2.3382

1009.8570,0.8474,0.4769,4.3669,3.1328,3.3791,2.3917,2.0199,2.3705,2.3917,2.3735

1010.8570,0.4153,1.0942,2.6382,3.5033,2.7617,2.2064,1.5877,2.0001,2.2064,2.0296

1011.8570,1.1561,1.0942,3.7495,3.1328,3.3174,2.3299,2.0199,2.4117,2.3299,2.4000

1012.8570,1.0326,1.0325,3.5025,3.3798,3.1939,2.3917,1.8964,2.3396,2.3917,2.3471

1013.8580,0.9092,0.9090,3.5643,3.3180,2.9469,2.3917,1.8964,2.2573,2.3917,2.2765

1014.8570,0.3536,0.9090,3.3173,3.3798,3.0087,2.4534,1.7730,2.1236,2.4534,2.1707

1015.8570,0.7240,0.9090,3.5025,3.1946,3.1939,2.2682,1.8347,2.2264,2.2682,2.2324

1016.8570,0.8474,0.9090,3.5643,3.3798,2.8234,2.5769,1.9582,2.2470,2.5769,2.2941

1017.8580,0.7857,1.4029,3.3173,3.1946,3.0704,2.3917,1.9582,2.2882,2.3917,2.3030

1018.8570,1.6499,1.0942,3.8730,3.6267,3.3791,2.0830,1.9582,2.5969,2.0830,2.5234

1019.8570,1.2178,1.0942,3.7495,3.2563,3.3174,2.4534,2.0817,2.4528,2.4534,2.4529

1020.8570,0.7240,1.0325,3.6260,3.4415,3.1939,2.3917,1.7730,2.2985,2.3917,2.3118

1021.8570,0.6005,1.0942,3.3791,3.3180,3.0704,1.8978,1.8964,2.2264,1.8978,2.1795

1022.8570,0.7857,1.2177,3.3791,3.1328,3.5026,2.3917,1.6495,2.2779,2.3917,2.2941

1023.8570,0.5388,0.9090,2.9469,3.5033,3.0087,2.5769,2.8843,2.2985,2.5769,2.3382

1024.8580,0.7857,0.4769,3.6260,3.6267,3.2556,2.3299,1.6495,2.2367,2.3299,2.2500

1025.8570,0.9709,1.2794,3.3791,3.1328,3.0704,2.2682,1.9582,2.2985,2.2682,2.2941

1026.8580,1.2178,1.1560,3.2556,3.8119,3.1939,2.2682,1.8347,2.4116,2.2682,2.3911

1027.8570,1.0943,1.1560,3.6260,3.3180,3.3791,2.4534,1.9582,2.4219,2.4534,2.4264

1028.8570,0.9709,0.9708,3.8112,3.1328,3.3174,2.3299,1.7112,2.3191,2.3299,2.3206

1029.8570,1.2178,1.2794,3.3791,3.5650,3.0704,2.3917,1.9582,2.4116,2.3917,2.4088

1030.8570,0.9092,1.0942,3.3791,3.5650,3.1939,2.5769,1.7112,2.3088,2.5769,2.3471

1031.8570,1.0326,1.2794,3.6878,3.0711,3.3791,2.5769,1.5877,2.3396,2.5769,2.3735

1032.8570,0.9709,0.9708,3.3791,3.4415,4.2435,2.6386,1.8964,2.4837,2.6386,2.5058

1033.8570,1.2795,0.6621,3.5643,3.3798,3.5643,2.5151,1.5260,2.3293,2.5151,2.3559

1034.8580,1.8351,0.8473,3.8730,3.0711,3.2556,2.3917,1.8347,2.4528,2.3917,2.4441

1035.8570,1.2178,1.2177,3.1938,3.3180,3.1939,2.5769,1.5260,2.2779,2.5769,2.3206

1036.8570,0.6005,1.0942,3.5643,3.1946,2.3912,2.9473,1.5877,2.0721,2.9473,2.1971

1037.8570,0.7240,1.1560,3.6878,3.4415,2.9469,2.0830,1.8347,2.2985,2.0830,2.2677

1038.8570,0.9709,0.7856,3.5025,3.1328,3.1321,2.7003,1.8347,2.2264,2.7003,2.2941

1039.8570,0.7857,0.8473,3.3791,3.3180,3.1939,2.6386,1.7730,2.2162,2.6386,2.2765

1040.8570,0.9709,1.1560,3.5025,3.0094,2.8852,2.3299,1.7112,2.2059,2.3299,2.2236

1041.8570,0.7857,1.0942,3.4408,3.2563,3.1321,2.7003,1.8347,2.2573,2.7003,2.3206

1042.8570,1.1561,1.3412,3.2556,3.3798,3.0087,2.2682,1.7730,2.3190,2.2682,2.3118

1043.8570,0.8474,1.2177,3.4408,3.2563,3.3791,2.3917,2.0199,2.3602,2.3917,2.3647

1044.8580,0.8474,1.1560,3.4408,3.3180,3.5643,2.3299,1.7112,2.3396,2.3299,2.3382

1045.8570,0.7857,0.7238,3.4408,3.2563,3.3791,2.2682,2.2051,2.2985,2.2682,2.2942

1046.8570,0.7240,1.0942,3.5643,3.2563,3.0087,2.7003,1.8964,2.2573,2.7003,2.3206

1047.8580,0.7240,1.8351,3.5025,3.3180,3.0704,2.2682,1.6495,2.3499,2.2682,2.3382

1048.8570,0.8474,1.0325,3.4408,4.0589,3.1939,2.2682,1.9582,2.4219,2.2682,2.4000

1049.8570,0.9092,0.9708,3.5025,3.1328,3.1321,2.2682,0.9703,2.1030,2.2682,2.1266

1050.8570,0.6622,0.9090,3.2556,3.3180,3.0704,2.5151,1.7112,2.1544,2.5151,2.2059

1051.8570,0.7857,0.9090,3.6260,2.8242,3.3791,2.0830,1.9582,2.2470,2.0830,2.2236

1052.8570,0.8474,1.0942,3.5643,3.2563,3.3174,2.4534,2.0199,2.3499,2.4534,2.3647

1053.8570,1.0943,1.0942,3.4408,3.3180,2.9469,2.3299,1.6495,2.2573,2.3299,2.2677

1054.8570,1.0326,1.4647,2.6999,3.3798,2.6999,2.5769,1.7112,2.1647,2.5769,2.2236

1055.8570,1.5882,1.0942,3.3173,3.3180,3.1321,2.1447,1.8964,2.3911,2.1447,2.3559

1056.8570,0.9709,1.0325,3.5025,3.3180,3.1939,1.0335,1.2173,2.2059,1.0335,2.0384

1057.8580,0.9709,0.8473,3.5025,3.2563,3.2556,2.2064,1.6495,2.2470,2.2064,2.2412

1058.8570,0.5388,1.5881,3.4408,3.5650,3.3791,2.6386,1.8964,2.4014,2.6386,2.4353

1059.8570,0.7240,0.9090,3.5643,2.8242,3.3174,2.2064,2.0199,2.2265,2.2064,2.2236

1060.8580,0.6622,1.0325,3.4408,3.0711,2.9469,2.2064,1.8964,2.1750,2.2064,2.1795

1061.8580,0.6005,1.5264,3.5643,3.0094,3.3791,2.3917,1.4025,2.2470,2.3917,2.2677

1062.8570,0.6622,1.0942,3.3791,3.3180,2.8852,2.3299,1.7112,2.1750,2.3299,2.1971

1063.8570,1.3412,1.3412,3.3791,2.8859,3.1939,2.6386,1.8347,2.3293,2.6386,2.3735

1064.8570,0.9709,1.1560,3.6878,3.3180,3.3174,2.3299,1.8347,2.3808,2.3299,2.3735

1065.8570,0.6622,1.0325,3.4408,3.3180,3.0704,2.3299,1.7730,2.2162,2.3299,2.2324

1066.8570,0.8474,0.8473,3.5643,3.3798,3.1939,2.0830,1.9582,2.2985,2.0830,2.2677

1067.8570,1.1561,1.1560,2.9469,1.8364,3.8731,2.2682,1.8347,2.1338,2.2682,2.1530

1068.8570,0.9709,0.9090,3.5643,3.2563,3.0087,2.7003,2.1434,2.3088,2.7003,2.3647

1069.8570,0.6005,1.0942,3.2556,3.1946,3.3174,1.6508,1.7730,2.2059,1.6508,2.1266

1070.8580,0.3536,1.2177,3.6878,2.9476,2.9469,2.5151,2.0199,2.1956,2.5151,2.2412

1071.8570,1.0943,1.3412,3.3173,3.3798,3.1939,2.2064,1.8964,2.3705,2.2064,2.3471

1072.8570,1.1561,1.0325,3.1321,3.5650,3.3791,2.3917,1.7112,2.3293,2.3917,2.3382

1073.8570,1.0943,1.5881,3.5643,3.3798,2.8234,2.5151,2.5756,2.5043,2.5151,2.5058

1074.8570,0.8474,1.0325,3.3173,3.2563,2.7617,2.4534,1.7112,2.1544,2.4534,2.1971

1075.8570,0.8474,1.0942,3.5025,3.8737,3.2556,2.2064,2.0199,2.4322,2.2064,2.4000

1076.8570,0.7857,1.0325,3.8112,4.1206,3.2556,2.3299,1.2790,2.3808,2.3299,2.3735

1077.8580,0.7857,1.3412,3.5025,3.2563,2.8852,2.0830,1.9582,2.2882,2.0830,2.2589

1078.8570,0.9709,1.0325,3.6878,3.5033,2.8852,2.9473,1.7112,2.2985,2.9473,2.3912

1079.8570,1.0326,1.6499,2.6999,3.3798,3.1939,2.0830,1.6495,2.2676,2.0830,2.2412

1080.8570,0.8474,0.6003,3.6260,3.5650,3.0087,2.4534,2.0199,2.2779,2.4534,2.3030

1081.8570,1.1561,0.9708,3.5025,3.3180,2.6999,2.3917,1.8347,2.2470,2.3917,2.2677

1082.8570,0.9709,1.8351,3.6260,3.6267,3.3791,2.3917,1.5877,2.5043,2.3917,2.4882

1083.8570,0.7240,1.3412,3.5643,3.5033,3.5643,2.4534,1.7112,2.4014,2.4534,2.4088

1084.8580,0.7240,1.1560,3.6260,3.1328,2.6999,2.2682,1.7112,2.1750,2.2682,2.1883

1085.8580,1.0943,0.9090,3.6260,3.1946,3.3174,2.6386,1.9582,2.3499,2.6386,2.3912

1086.8570,0.9092,0.9708,3.3791,3.2563,2.8852,1.8978,1.7730,2.1956,1.8978,2.1530

1087.8570,0.6622,1.0942,3.4408,3.1328,3.4409,2.2682,2.0817,2.3088,2.2682,2.3030

1088.8570,1.0943,1.0325,3.8730,3.1328,3.3174,1.8978,1.8964,2.3911,1.8978,2.3206

1089.8570,1.4647,1.4029,3.6260,3.6885,3.8113,1.9595,2.2669,2.7100,1.9595,2.6028

1090.8570,0.6622,0.6003,3.0086,2.8859,3.0087,3.5029,2.0199,2.0309,3.5029,2.2412

1091.8570,1.1561,0.9708,3.9347,3.5033,2.9469,2.6386,1.8964,2.4014,2.6386,2.4352

1092.8570,1.3412,0.8473,3.4408,3.2563,3.1321,2.3299,1.6495,2.2779,2.3299,2.2853

1093.8570,-0.2637,1.4029,4.6756,3.4415,3.2556,2.2064,1.9582,2.4117,2.2064,2.3824

1094.8570,0.9092,0.6003,3.5643,3.1946,3.0087,2.5151,1.8964,2.1956,2.5151,2.2412

1095.8570,1.0943,0.9708,3.6260,3.2563,3.1939,2.2682,1.7112,2.3088,2.2682,2.3030

1096.8570,0.3536,1.9585,3.1938,3.1946,2.9469,2.2682,1.7112,2.2264,2.2682,2.2324

1097.8570,0.6622,1.1560,3.2556,3.1946,3.3791,2.1447,1.7730,2.2367,2.1447,2.2236

1098.8570,0.6005,1.2177,3.0704,3.2563,3.3174,2.2682,2.2051,2.2779,2.2682,2.2765

1099.8570,0.9709,1.0942,3.5643,3.3180,3.0704,2.2682,1.8347,2.3088,2.2682,2.3030

1100.8570,0.9092,1.0942,3.5025,3.2563,3.0704,2.3917,1.9582,2.2985,2.3917,2.3118

1101.8570,0.6622,1.4029,3.3791,3.5650,3.1321,2.8238,1.8347,2.3293,2.8238,2.4000

1102.8570,0.8474,1.0942,3.8730,2.8242,3.3791,2.4534,1.8964,2.3191,2.4534,2.3383

1103.8580,0.6005,1.0325,3.3791,3.3180,2.6999,2.3917,1.4643,2.0824,2.3917,2.1266

1104.8580,0.7857,1.0942,3.5643,3.2563,3.3174,2.3299,2.0817,2.3499,2.3299,2.3471

1105.8570,1.1561,1.0942,3.9347,3.2563,3.4409,2.2682,2.3904,2.5454,2.2682,2.5058

1106.8570,0.9092,1.2794,3.5643,3.3798,3.3174,2.3299,1.9582,2.4014,2.3299,2.3912

1107.8570,0.8474,0.9708,3.4408,3.3180,3.1939,2.3917,1.9582,2.2882,2.3917,2.3030

1108.8570,0.5388,1.1560,3.0086,3.3180,2.6382,2.3299,1.4025,2.0104,2.3299,2.0560

1109.8570,1.0326,0.7856,3.5643,3.6267,3.4409,2.3917,2.0199,2.4117,2.3917,2.4088

1110.8570,1.0943,0.9708,3.5643,3.1946,3.1939,2.3299,1.9582,2.3293,2.3299,2.3294

1111.8570,0.1067,1.2177,3.6260,3.9354,3.3791,2.2682,2.0817,2.3911,2.2682,2.3735

1112.8570,0.8474,1.1560,3.5643,3.3180,3.3174,2.3299,1.8347,2.3396,2.3299,2.3382

1113.8580,0.8474,0.6621,3.2556,3.3798,3.1939,2.1447,2.0199,2.2264,2.1447,2.2148

1114.8570,0.7240,1.1560,3.3791,3.2563,3.0704,2.2064,1.8964,2.2470,2.2064,2.2412

1115.8570,0.9092,0.7856,3.7495,3.3798,3.2556,2.2682,2.0817,2.3602,2.2682,2.3471

1116.8570,0.9092,1.1560,3.6260,3.5033,3.5026,2.5769,2.2051,2.4837,2.5769,2.4970

1117.8580,0.9709,1.0325,3.3173,3.5033,3.0087,2.3299,1.5877,2.2367,2.3299,2.2500

1118.8570,0.7857,1.1560,3.4408,3.1946,3.0704,1.8978,2.3904,2.3396,1.8978,2.2765

1119.8580,0.9092,0.7856,3.3791,3.3180,3.1939,2.3299,1.2790,2.1441,2.3299,2.1707

1120.8570,1.5264,1.2177,3.1321,3.6885,3.5643,2.3299,1.6495,2.4631,2.3299,2.4441

1121.8570,0.6005,0.7238,3.6260,3.2563,3.1321,2.2064,1.6495,2.1647,2.2064,2.1707

1122.8570,0.4771,1.1560,3.8730,3.1946,2.8852,2.5151,2.0199,2.2676,2.5151,2.3030

1123.8570,0.9709,0.5386,3.8730,3.0711,3.0704,2.4534,1.5877,2.1853,2.4534,2.2236

1124.8570,0.8474,0.9090,3.4408,4.6145,3.4409,2.0830,2.0199,2.5454,2.0830,2.4794

1125.8570,0.9092,1.7116,3.3791,3.1328,3.8113,2.3917,1.7112,2.4425,2.3917,2.4353

1126.8570,0.6622,1.7733,3.9347,3.3180,2.8234,2.5769,2.4521,2.4940,2.5769,2.5058

1127.8570,0.6005,1.2177,3.1321,3.0094,3.1939,2.0830,1.8964,2.1750,2.0830,2.1619

1128.8570,0.6005,0.6621,3.5025,3.3180,2.8234,2.3299,1.9582,2.1441,2.3299,2.1707

1129.8570,0.6005,0.7856,3.5643,3.3798,2.7617,2.6386,1.8964,2.1647,2.6386,2.2324

1130.8570,0.6622,1.0942,3.2556,3.4415,3.1939,2.5151,2.2669,2.3191,2.5151,2.3471

1131.8570,0.9092,1.2177,3.3791,3.7502,3.1939,2.3917,0.5381,2.1647,2.3917,2.1971

1132.8570,1.4647,1.5881,3.5643,2.9476,3.0704,2.6386,2.0817,2.4528,2.6386,2.4793

1133.8570,1.0943,1.0942,3.1321,3.1946,2.8852,2.7621,1.9582,2.2264,2.7621,2.3030

1134.8570,0.9092,1.2794,3.1938,3.1946,2.8234,2.3299,2.2051,2.2676,2.3299,2.2765

1135.8570,0.5388,1.6499,3.3791,3.8737,3.3174,2.3299,2.2051,2.4940,2.3299,2.4705

1136.8570,0.8474,1.3412,3.4408,3.6267,3.1939,2.3917,1.6495,2.3499,2.3917,2.3559

1137.8570,0.9709,0.9090,3.8112,3.6267,3.0704,2.2682,1.7730,2.3602,2.2682,2.3471

1138.8570,0.1684,1.4029,3.5643,2.9476,3.3174,2.5151,1.7112,2.1853,2.5151,2.2324

1139.8570,1.0326,0.9708,4.1199,3.3180,3.4409,2.5769,1.7112,2.4322,2.5769,2.4529

1140.8570,0.7857,0.7856,3.2556,3.2563,2.8852,2.9473,2.0199,2.1647,2.9473,2.2765

1141.8580,0.9709,1.0325,3.5025,3.3798,3.0087,1.8978,1.8964,2.2985,1.8978,2.2412

1142.8570,0.4771,1.1560,4.4286,3.2563,3.2556,2.3299,1.9582,2.4220,2.3299,2.4088

1143.8570,0.2919,1.2177,2.8234,3.3798,3.1939,2.7003,1.8347,2.1236,2.7003,2.2060

1144.8570,0.1684,1.0942,3.2556,3.5650,3.0087,2.8238,2.0199,2.1853,2.8238,2.2765

1145.8570,0.3536,1.2177,3.4408,3.4415,3.0704,3.0707,1.2173,2.1236,3.0707,2.2589

1146.8570,0.7857,1.0942,3.5643,3.3180,2.9469,2.2682,1.8347,2.2573,2.2682,2.2589

1147.8580,1.0326,0.7238,3.6260,3.2563,3.2556,2.3299,2.0817,2.3293,2.3299,2.3294

1148.8580,0.8474,1.0325,3.4408,3.2563,2.9469,2.3917,1.5877,2.1853,2.3917,2.2148

1149.8570,0.6622,0.7856,3.5643,3.3180,3.1939,2.3917,2.0199,2.2573,2.3917,2.2765

1150.8570,1.0326,0.9708,3.5643,3.3180,3.0704,2.2682,1.8347,2.2985,2.2682,2.2941

1151.8570,0.8474,1.5264,3.3791,3.5650,3.0087,2.6386,1.9582,2.3808,2.6386,2.4176

1152.8570,0.6622,1.0942,3.5025,3.4415,3.3174,2.5151,2.0199,2.3396,2.5151,2.3647

1153.8570,0.8474,0.7238,3.7495,3.1328,3.5026,2.2682,2.2051,2.3602,2.2682,2.3471

1154.8580,0.9092,1.2794,3.3173,3.3798,3.1321,2.5769,1.9582,2.3293,2.5769,2.3647

1155.8570,0.1684,1.2177,2.9469,3.4415,3.2556,2.2682,2.0199,2.1750,2.2682,2.1883

1156.8570,0.7857,1.3412,3.3791,3.5650,3.1939,2.5151,1.8347,2.3499,2.5151,2.3735

1157.8570,1.0326,0.9090,3.5025,3.4415,3.0704,2.3299,1.7730,2.2882,2.3299,2.2941

1158.8570,0.9092,1.0325,3.5643,2.9476,3.1939,2.3299,1.9582,2.2676,2.3299,2.2765

1159.8570,0.7240,1.3412,3.4408,3.5033,3.4409,2.5769,2.3904,2.4734,2.5769,2.4882

1160.8570,0.4153,1.3412,3.1938,3.5650,3.0704,2.2682,1.8964,2.2470,2.2682,2.2501

1161.8570,0.8474,1.4029,3.5643,3.3180,3.2556,2.5769,1.8964,2.3808,2.5769,2.4088

1162.8580,1.2795,1.2794,3.1938,3.3180,3.1321,2.1447,1.4643,2.2779,2.1447,2.2589

1163.8570,0.9092,1.0942,3.4408,3.1328,3.0704,2.7621,1.8964,2.2573,2.7621,2.3294

1164.8570,0.8474,1.0942,3.1938,3.2563,3.1939,2.0830,1.6495,2.2059,2.0830,2.1883

1165.8570,0.7240,1.2794,3.5025,3.3180,3.1321,2.2064,1.7112,2.2779,2.2064,2.2677

1166.8570,0.7857,1.0325,3.4408,3.3180,3.3791,1.1569,2.0199,2.3293,1.1569,2.1619

1167.8570,0.1067,0.7856,3.3791,3.6267,3.1939,3.2560,1.4025,2.0824,3.2560,2.2501

1168.8570,1.1561,1.2794,3.4408,3.0711,3.3174,2.5151,2.2051,2.4117,2.5151,2.4264

1169.8580,0.6005,0.9708,3.3791,3.0711,2.7617,3.9968,2.1434,2.1544,3.9968,2.4176

1170.8570,1.4030,0.4769,3.6260,3.0711,3.1939,2.2064,1.7730,2.2573,2.2064,2.2500

1171.8570,0.7857,0.7856,3.5643,3.3180,2.6999,2.0830,2.0817,2.2059,2.0830,2.1883

1172.8570,1.2178,1.7733,3.5643,2.9476,3.5026,2.6386,3.1930,2.6998,2.6386,2.6910

1173.8570,1.2178,0.8473,3.1938,3.2563,3.5643,2.2682,1.6495,2.2882,2.2682,2.2853

1174.8570,0.6622,1.2177,3.8730,3.2563,2.9469,3.1325,1.9582,2.3191,3.1325,2.4353

1175.8570,1.5882,1.6499,3.1938,3.3798,3.0704,2.3299,2.0817,2.4939,2.3299,2.4705

1176.8570,1.0326,1.0325,3.6878,3.3180,2.9469,1.7126,1.6495,2.2779,1.7126,2.1971

1177.8570,0.4153,1.2177,3.5643,2.8859,2.2677,2.7003,1.5260,1.9795,2.7003,2.0825

1178.8570,1.3412,0.9708,4.1817,3.5033,3.0087,2.1447,1.8964,2.4837,2.1447,2.4353

1179.8570,0.7240,1.3412,3.1938,3.0711,3.1939,1.8978,1.7730,2.2162,1.8978,2.1707

1180.8570,0.9709,0.3534,3.3791,3.5033,3.1321,2.5769,2.1434,2.2470,2.5769,2.2941

1181.8570,0.7857,1.2177,3.2556,3.2563,3.5643,1.9595,1.6495,2.2882,1.9595,2.2412

1182.8570,0.6622,1.2794,3.7495,3.0711,2.5147,2.0830,1.9582,2.2059,2.0830,2.1883

1183.8580,0.6622,1.2177,3.5643,2.7624,3.2556,2.2064,1.4025,2.1441,2.2064,2.1530

1184.8570,0.7240,1.5264,3.3791,3.4415,2.8852,2.2682,1.7112,2.2779,2.2682,2.2765

1185.8570,0.2919,1.6499,3.1321,3.3180,3.2556,2.2682,1.8964,2.2573,2.2682,2.2589

1186.8580,0.9092,1.2177,2.6999,3.6885,3.3174,2.3917,1.9582,2.2985,2.3917,2.3118

1187.8580,0.9709,1.4029,3.4408,3.7502,3.7496,1.8360,1.4643,2.4631,1.8360,2.3735

1188.8570,0.6622,1.0325,3.6260,3.4415,3.0704,2.8238,1.9582,2.2985,2.8238,2.3735

1189.8570,0.5388,1.0942,3.1938,3.1946,3.3174,2.2064,2.0199,2.2265,2.2064,2.2236

1190.8570,0.9092,1.2794,3.5643,3.2563,3.0087,2.4534,1.7112,2.2882,2.4534,2.3118

1191.8570,0.8474,1.2177,3.5025,3.3180,3.1321,2.6386,1.8964,2.3191,2.6386,2.3647

1192.8570,-0.0785,1.4029,3.8730,3.3180,3.1939,2.3917,1.8964,2.2676,2.3917,2.2853

1193.8570,0.9709,0.4151,3.7495,3.2563,3.4409,2.2682,2.0817,2.3191,2.2682,2.3118

1194.8570,0.6005,1.0325,3.6260,3.5033,3.0704,2.8855,2.0199,2.3088,2.8855,2.3912

1195.8570,0.3536,1.4029,3.1938,3.4415,3.1939,2.3917,1.8964,2.2470,2.3917,2.2677

1196.8580,0.5388,1.4647,3.1938,3.6885,3.1939,2.8238,1.7730,2.3088,2.8238,2.3823

1197.8570,0.9709,1.0942,3.5643,3.4415,3.0704,1.8360,2.0817,2.3705,1.8360,2.2941

1198.8570,0.7857,0.9090,3.3173,3.2563,3.1321,2.3299,1.6495,2.1750,2.3299,2.1971

1199.8570,0.6622,1.0325,3.3173,3.2563,3.9965,2.3917,1.8964,2.3602,2.3917,2.3647

1200.8580,1.0326,0.7856,3.8112,3.1946,3.6261,2.3917,2.4521,2.4837,2.3917,2.4705

1201.8580,0.8474,0.9090,3.5025,3.1946,3.1939,2.3299,1.8347,2.2470,2.3299,2.2589

1202.8580,1.0326,1.1560,3.8112,3.3798,3.2556,3.0707,2.1434,2.4631,3.0707,2.5499

1203.8570,0.5388,1.0325,3.5643,3.5033,2.8234,2.3917,1.9582,2.2367,2.3917,2.2589

1204.8570,0.8474,1.2794,3.3791,3.3798,3.2556,2.3917,1.8964,2.3396,2.3917,2.3471

1205.8570,0.9092,0.9708,3.5643,3.1946,3.4409,2.3299,1.9582,2.3396,2.3299,2.3382

1206.8570,1.2795,1.1560,2.9469,3.3798,2.5765,2.5769,2.1434,2.2470,2.5769,2.2941

1207.8580,0.8474,0.8473,3.5025,3.1946,3.1939,2.2682,1.8964,2.2470,2.2682,2.2500

1208.8570,0.6622,1.2794,3.3791,3.3798,3.1939,2.4534,1.8964,2.2985,2.4534,2.3206

1209.8570,0.7240,1.0942,3.3791,3.3180,2.9469,2.5151,1.7730,2.2059,2.5151,2.2500

1210.8570,0.6622,1.0942,3.2556,3.4415,2.9469,2.5769,1.5260,2.1544,2.5769,2.2148

1211.8570,0.4771,1.0942,3.3173,3.0711,3.2556,2.2682,1.9582,2.1956,2.2682,2.2060

1212.8570,0.6005,1.0325,3.2556,3.3798,2.8234,2.3917,0.7851,1.9795,2.3917,2.0384

1213.8570,1.4647,1.3412,3.4408,2.8859,3.2556,2.6386,1.8964,2.3808,2.6386,2.4176

1214.8570,0.7857,1.0325,3.6260,3.1946,3.2556,2.5769,2.0199,2.3191,2.5769,2.3559

1215.8570,0.9709,1.2177,3.4408,3.6885,4.1200,1.8360,2.0817,2.5866,1.8360,2.4794

1216.8570,0.7857,0.8473,3.4408,2.8859,3.5026,2.2682,1.8347,2.2162,2.2682,2.2236

1217.8570,1.0326,0.5386,3.3173,3.3798,3.0704,2.5151,1.9582,2.2161,2.5151,2.2589

1218.8570,0.3536,1.0325,3.6260,3.1946,3.1321,2.5769,2.1434,2.2470,2.5769,2.2942

1219.8570,0.9092,0.9090,3.1938,3.3180,3.3791,2.3917,1.7730,2.2470,2.3917,2.2677

1220.8580,0.7240,1.2177,3.1321,3.3798,3.6878,2.4534,1.8964,2.3396,2.4534,2.3559

1221.8570,0.4153,0.8473,3.6260,2.9476,3.1321,2.7003,3.5634,2.4220,2.7003,2.4617

1222.8570,1.0943,1.0942,3.1321,3.3180,3.2556,2.5151,1.7112,2.2676,2.5151,2.3030

1223.8580,0.6005,2.2672,3.6260,3.3180,2.9469,2.3299,1.7730,2.4219,2.3299,2.4088

1224.8570,0.9092,1.0942,3.1938,3.2563,2.8852,2.6386,2.0199,2.2264,2.6386,2.2853

1225.8570,0.3536,1.0942,3.6260,3.0711,3.0704,2.4534,1.7112,2.1544,2.4534,2.1971

1226.8570,0.8474,0.9090,3.5643,3.2563,3.3174,2.5151,1.8347,2.2882,2.5151,2.3206

1227.8570,1.1561,1.0325,3.2556,3.1946,3.0704,2.6386,1.7112,2.2367,2.6386,2.2941

1228.8570,0.7240,1.1560,3.6878,3.0711,3.0704,2.3917,2.9460,2.4425,2.3917,2.4353

1229.8580,0.6622,0.9708,3.4408,3.0711,2.9469,2.5151,1.7730,2.1441,2.5151,2.1971

1230.8570,0.7857,1.0942,3.6260,3.5650,3.6261,2.8855,0.9703,2.2779,2.8855,2.3647

1231.8570,0.9092,0.9708,3.3173,2.9476,3.5643,2.0212,1.8347,2.2573,2.0212,2.2236

1232.8570,0.7240,1.1560,3.4408,3.3180,2.8852,2.0212,1.5260,2.1750,2.0212,2.1530

1233.8570,0.7857,1.0942,3.1938,3.3180,3.1939,2.7003,2.3286,2.3191,2.7003,2.3735

1234.8570,0.6005,1.1560,3.3791,3.1328,3.3791,2.2682,1.9582,2.2676,2.2682,2.2677

1235.8570,0.7857,0.8473,3.2556,3.2563,3.9965,2.4534,1.8964,2.3396,2.4534,2.3559

1236.8570,1.0943,1.1560,3.5643,3.0094,2.9469,2.1447,1.9582,2.2882,2.1447,2.2677

1237.8570,1.0326,1.1560,3.1321,3.4415,3.3174,2.0830,1.9582,2.3396,2.0830,2.3030

1238.8570,0.7857,1.0942,3.7495,3.2563,3.4409,2.2682,2.2051,2.4220,2.2682,2.4000

1239.8570,1.4030,0.7238,3.3791,3.1328,3.0704,2.5769,1.7112,2.2367,2.5769,2.2853

1240.8580,0.6622,1.1560,3.6260,3.1328,3.0087,2.1447,1.8964,2.2470,2.1447,2.2324

1241.8570,1.2178,1.0325,3.9347,3.5033,3.1321,2.5151,1.7112,2.4219,2.5151,2.4352

1242.8570,1.4030,1.2177,3.6260,3.3798,3.1321,2.5769,1.8964,2.4425,2.5769,2.4617

1243.8570,1.0326,1.0942,3.8112,3.2563,3.3791,2.4534,2.0199,2.4322,2.4534,2.4353

1244.8570,0.6622,1.0325,3.6878,3.1946,2.7617,2.3299,1.4643,2.1338,2.3299,2.1618

1245.8570,1.0943,1.0325,3.8730,3.1946,3.1939,2.2682,1.8347,2.3705,2.2682,2.3559

1246.8570,0.7857,0.1065,3.8112,3.1328,3.0704,2.5769,2.1434,2.1750,2.5769,2.2324

1247.8580,0.3536,1.2794,3.3173,3.6885,2.8852,2.6386,1.5877,2.1853,2.6386,2.2500

1248.8570,1.1561,1.0942,3.6878,3.2563,3.4409,2.3299,2.0199,2.4425,2.3299,2.4264

1249.8570,0.7857,1.2177,3.4408,3.2563,3.1321,1.4656,1.5260,2.2264,1.4656,2.1178

1250.8570,1.0326,0.9090,3.6878,3.2563,3.3174,2.5151,1.4025,2.2676,2.5151,2.3030

1251.8570,0.8474,1.0325,3.2556,2.9476,3.0087,2.2682,2.5138,2.2676,2.2682,2.2677

1252.8570,0.9709,0.2917,3.6878,2.5155,3.2556,1.7126,1.9582,2.1133,1.7126,2.0560

1253.8570,0.7857,0.9090,3.2556,3.1328,3.1321,2.2064,1.8347,2.1750,2.2064,2.1795

1254.8570,0.7857,0.7856,3.3791,3.1946,3.0704,2.5769,1.7730,2.1647,2.5769,2.2236

1255.8570,0.9709,1.1560,3.4408,3.4415,3.5026,2.4534,2.0817,2.4322,2.4534,2.4353

1256.8570,0.9092,1.2177,3.5025,3.3180,2.8852,2.2064,1.7112,2.2573,2.2064,2.2500

1257.8570,0.7240,1.0942,3.3173,3.3180,2.8852,2.4534,1.7112,2.1750,2.4534,2.2148

1258.8570,1.0326,1.0942,3.4408,3.2563,3.1321,2.1447,1.8347,2.2985,2.1447,2.2765

1259.8570,1.1561,1.0325,3.5643,3.3180,3.5026,2.5151,1.8964,2.4117,2.5151,2.4264

1260.8570,0.6005,1.3412,3.4408,3.4415,2.9469,2.4534,1.7730,2.2573,2.4534,2.2853

1261.8570,1.0326,1.3412,3.3173,3.0711,3.1939,2.2064,1.8347,2.2985,2.2064,2.2853

1262.8570,0.2919,1.0942,3.5643,3.1328,3.0704,2.0830,0.8468,2.0001,2.0830,2.0119

1263.8570,0.8474,1.3412,3.1321,3.6885,3.1321,2.2682,2.0199,2.3602,2.2682,2.3471

1264.8570,0.9092,0.8473,3.2556,3.4415,3.5026,2.5769,2.0199,2.3293,2.5769,2.3647

1265.8570,0.6622,1.1560,3.3173,3.3180,3.0087,2.2682,1.6495,2.1853,2.2682,2.1971

1266.8570,0.7240,1.0325,3.4408,3.1328,3.0087,2.0212,1.9582,2.2162,2.0212,2.1883

1267.8570,0.7857,1.0942,3.5025,2.8242,3.2556,2.5151,1.8964,2.2265,2.5151,2.2677

1268.8570,1.0943,0.7238,3.6878,3.6885,3.3174,2.2064,1.6495,2.3602,2.2064,2.3382

1269.8570,1.0943,1.3412,3.5025,3.0711,3.0704,2.5151,1.9582,2.3396,2.5151,2.3647

1270.8570,0.7857,0.7238,3.4408,3.5033,3.1321,2.4534,1.8964,2.2470,2.4534,2.2765

1271.8570,0.4771,1.1560,3.6878,3.2563,3.0704,2.3917,1.8347,2.2470,2.3917,2.2677

1272.8570,1.0943,0.2299,3.6260,3.2563,3.2556,1.8978,1.7730,2.2059,1.8978,2.1618

1273.8580,1.2178,0.3534,3.3791,3.2563,3.1939,2.2064,2.5756,2.3293,2.2064,2.3118

1274.8580,1.0943,1.0325,4.1817,3.4415,3.6261,2.7003,2.0199,2.5660,2.7003,2.5852

1275.8570,0.8474,1.0942,3.3173,3.2563,3.0087,2.3299,1.9582,2.2470,2.3299,2.2589

1276.8570,2.2054,1.2794,3.5643,2.7007,3.6261,1.8360,1.7730,2.5248,1.8360,2.4264

1277.8570,0.3536,0.9090,3.9347,2.8859,3.2556,2.5151,1.8347,2.1956,2.5151,2.2412

1278.8570,1.0326,2.0820,3.6878,3.3180,2.3295,2.7003,1.8347,2.3808,2.7003,2.4264

1279.8570,0.6622,1.0325,3.8112,3.3798,3.5026,2.5769,1.8347,2.3705,2.5769,2.4000

1280.8580,0.8474,1.1560,3.4408,3.3180,3.0704,2.2682,1.8964,2.2882,2.2682,2.2853

1281.8570,0.7857,1.2794,3.6260,2.9476,3.1939,2.7003,1.8347,2.2779,2.7003,2.3382

1282.8570,0.6622,1.1560,3.1938,3.3798,3.2556,2.3917,2.0817,2.2882,2.3917,2.3030

1283.8570,0.8474,1.0942,2.8234,3.2563,3.5026,2.2064,1.8964,2.2367,2.2064,2.2324

1284.8570,0.7857,1.0325,3.5643,3.1946,3.5026,2.2682,2.2051,2.3808,2.2682,2.3647

1285.8570,1.1561,0.9090,3.7495,3.1946,3.2556,2.3917,1.8964,2.3602,2.3917,2.3647

1286.8570,0.8474,1.3412,3.8730,3.0094,3.3174,2.3917,1.8347,2.3705,2.3917,2.3735

1287.8570,0.7857,1.0942,3.3791,3.2563,2.9469,1.7126,1.8347,2.2162,1.7126,2.1442

1288.8570,1.6499,1.0942,3.3791,3.1328,3.0704,2.3917,2.1434,2.4116,2.3917,2.4088

1289.8570,0.8474,0.7238,3.1321,3.2563,4.1818,2.3299,2.0199,2.3602,2.3299,2.3559

1290.8570,0.8474,1.1560,3.9347,3.3180,3.1939,2.5769,1.8964,2.3911,2.5769,2.4176

1291.8570,0.7240,1.0942,3.3791,3.3180,2.8852,2.0830,2.0817,2.2470,2.0830,2.2236

1292.8580,1.5264,1.2794,3.9347,3.3798,3.3174,2.7003,0.7851,2.3705,2.7003,2.4176

1293.8580,0.6622,1.0325,3.1938,3.3180,3.3174,2.0830,1.9582,2.2470,2.0830,2.2236

1294.8570,1.0943,1.2177,3.1938,3.0711,2.6999,2.1447,1.7112,2.1647,2.1447,2.1618

1295.8580,0.4153,0.7856,3.5025,2.7624,3.0087,2.0830,1.4643,1.9898,2.0830,2.0031

1296.8580,0.7857,1.0325,1.8973,2.7624,3.3791,2.3917,1.8964,1.9589,2.3917,2.0207

1297.8570,0.9709,0.9708,3.9347,3.1328,3.5026,2.3917,2.2051,2.4528,2.3917,2.4441

1298.8570,0.7857,0.9708,3.3791,3.3180,3.1321,2.2064,1.6495,2.2059,2.2064,2.2059

1299.8590,0.6005,1.0942,3.1321,3.4415,3.0087,2.4534,1.5260,2.1338,2.4534,2.1795

1300.8570,0.7857,1.1560,3.2556,2.7007,2.7617,2.5769,1.5877,2.0412,2.5769,2.1177

1301.8580,0.5388,1.2794,3.5025,3.3180,2.8852,2.2064,1.5877,2.1853,2.2064,2.1883

1302.8570,0.7240,1.3412,3.1321,3.7502,3.1939,3.0090,1.9582,2.3499,3.0090,2.4441

1303.8570,0.8474,1.2177,3.6260,3.6267,3.0087,2.7621,2.1434,2.4117,2.7621,2.4617

1304.8570,0.6622,0.9708,3.2556,3.5650,2.9469,2.2064,1.7112,2.1853,2.2064,2.1883

1305.8580,0.8474,1.1560,3.0704,3.1946,2.8234,2.2682,1.8964,2.1647,2.2682,2.1795

1306.8570,0.8474,1.4647,3.5025,3.5033,3.1939,2.8855,1.8964,2.4014,2.8855,2.4705

1307.8570,0.6005,1.2177,3.3173,3.3180,3.1939,2.4534,1.7112,2.2264,2.4534,2.2589

1308.8570,0.8474,1.0325,3.4408,3.2563,3.2556,2.5151,1.8964,2.2882,2.5151,2.3206

1309.8570,0.4771,1.1560,2.8851,3.5033,3.4409,2.3917,1.7112,2.1956,2.3917,2.2236

1310.8570,0.9709,1.1560,3.4408,3.0711,3.1321,2.4534,1.7730,2.2573,2.4534,2.2853

1311.8570,0.3536,0.9708,3.3173,3.5650,2.9469,2.6386,1.8347,2.1647,2.6386,2.2324

1312.8570,0.9092,1.1560,3.5025,3.3180,3.3174,2.5151,1.7730,2.3293,2.5151,2.3559

1313.8580,0.7857,0.8473,3.7495,3.5033,3.3791,1.9595,1.8347,2.3499,1.9595,2.2942

1314.8570,0.9092,0.8473,2.9469,3.2563,3.4409,2.0830,3.3165,2.4528,2.0830,2.4000

1315.8570,0.7240,0.6621,3.3791,3.6885,3.0704,2.3299,1.7730,2.2162,2.3299,2.2324

1316.8570,0.9709,1.4029,3.2556,3.2563,3.2556,1.7743,2.0199,2.3602,1.7743,2.2765

1317.8570,1.1561,1.2794,3.5643,2.9476,3.1321,1.6508,2.0199,2.3499,1.6508,2.2500

1318.8580,0.5388,0.9090,3.1938,3.6267,3.0704,2.8855,1.9582,2.2162,2.8855,2.3118

1319.8570,0.1684,0.9708,3.8730,3.3798,1.7738,2.3299,1.9582,2.0207,2.3299,2.0648

1320.8570,1.3412,1.6499,3.6260,3.0094,3.3791,2.5151,3.0695,2.6792,2.5151,2.6558

1321.8570,0.8474,1.1560,3.2556,3.0094,3.1939,2.4534,1.6495,2.1853,2.4534,2.2236

1322.8570,0.9092,-0.5726,4.1199,3.3798,2.7617,2.0212,2.0199,2.1030,2.0212,2.0913

1323.8580,0.4771,1.0325,3.3173,3.2563,3.1321,2.7621,1.5877,2.1338,2.7621,2.2236

1324.8570,1.4030,0.8473,3.1321,3.5650,3.5026,2.2682,1.5877,2.3396,2.2682,2.3294

1325.8570,0.7857,0.9708,3.7495,3.6267,3.3174,2.2682,1.8347,2.3808,2.2682,2.3647

1326.8570,1.1561,1.0325,3.7495,3.5033,3.1321,2.3299,1.8964,2.4116,2.3299,2.4000

1327.8570,0.9709,1.4029,3.1938,3.3798,3.7496,1.8360,1.8347,2.4219,1.8360,2.3382

1328.8580,0.9709,0.9708,3.2556,3.5650,3.3174,3.0707,1.8964,2.3293,3.0707,2.4353

1329.8570,1.0943,0.6621,3.5025,3.6885,3.3791,2.2064,1.5260,2.3088,2.2064,2.2941

1330.8580,1.5264,1.2794,3.5025,3.3798,2.9469,2.2064,1.6495,2.3808,2.2064,2.3559

1331.8570,0.6622,0.8473,3.5025,3.1328,2.8852,2.1447,2.2669,2.2162,2.1447,2.2060

1332.8580,0.6005,1.0325,3.8730,3.3798,3.4409,2.2064,1.8964,2.3705,2.2064,2.3471

1333.8570,1.8968,1.2177,3.3791,3.1946,3.2556,2.1447,1.8347,2.4631,2.1447,2.4176

1334.8570,0.8474,1.0942,3.5025,3.4415,3.3174,2.2064,1.5260,2.2882,2.2064,2.2765

1335.8580,0.9092,0.6621,3.5643,3.0711,3.6878,2.3299,2.2669,2.3602,2.3299,2.3559

1336.8570,0.7240,0.7856,3.2556,3.3798,3.1939,2.3299,1.6495,2.1647,2.3299,2.1883

1337.8570,0.9092,1.0325,3.8730,3.1946,3.3174,2.5151,1.8347,2.3602,2.5151,2.3823

1338.8570,1.0943,1.1560,3.4408,3.0094,2.9469,2.1447,1.7112,2.2264,2.1447,2.2148

1339.8570,1.0326,0.9090,3.6878,3.1946,3.1939,2.3299,1.8964,2.3190,2.3299,2.3206

1340.8580,1.1561,0.9708,3.1321,3.1328,3.1939,2.5769,1.7730,2.2264,2.5769,2.2765

1341.8570,0.7857,1.6499,3.7495,3.4415,3.5026,2.0212,1.4025,2.4219,2.0212,2.3647

1342.8570,1.1561,1.3412,3.7495,3.7502,2.9469,2.1447,1.8347,2.4631,2.1447,2.4176

1343.8570,0.3536,1.0942,3.4408,3.6267,3.0087,2.8238,2.0199,2.2573,2.8238,2.3382

1344.8570,0.7240,1.5264,3.3791,3.7502,3.3174,2.4534,2.2051,2.4837,2.4534,2.4794

1345.8570,0.9092,0.9090,3.5643,3.0094,3.1321,2.0830,1.9582,2.2470,2.0830,2.2236

1346.8570,0.2302,1.2794,3.0086,3.2563,2.8852,2.7003,1.8347,2.0824,2.7003,2.1707

1347.8570,0.2919,1.0942,3.3791,3.9971,3.1321,3.1325,2.0199,2.3191,3.1325,2.4353

1348.8570,0.6005,0.8473,3.5643,3.1946,3.0704,2.2682,1.8347,2.1853,2.2682,2.1971

1349.8570,0.9709,1.1560,3.4408,3.1946,3.8113,2.2064,1.8964,2.4117,2.2064,2.3823

1350.8570,0.9092,2.1438,3.8112,3.8737,3.5026,2.8238,2.0199,2.7101,2.8238,2.7263

1351.8580,1.0326,0.7238,3.7495,3.7502,3.1939,2.2064,1.5877,2.3396,2.2064,2.3206

1352.8570,0.7857,1.1560,3.3173,3.3180,3.0704,2.5769,1.7730,2.2367,2.5769,2.2853

1353.8570,0.7240,1.0325,3.5025,3.2563,3.0087,2.2064,1.7730,2.2162,2.2064,2.2148

1354.8580,0.9092,1.6499,3.8730,3.8737,3.1939,2.9473,1.8347,2.5557,2.9473,2.6116

1355.8570,0.4771,1.0942,3.1321,3.3180,3.1321,2.2682,2.0199,2.1956,2.2682,2.2060

1356.8580,0.6005,1.0325,3.8112,3.6885,3.3174,2.3299,1.4643,2.3191,2.3299,2.3206

1357.8570,0.4153,1.7733,2.5764,3.5650,2.8852,2.5769,1.5877,2.1338,2.5769,2.1971

1358.8580,1.1561,1.3412,3.9965,3.2563,3.0087,2.0830,2.1434,2.4837,2.0830,2.4264

1359.8570,0.2919,1.2794,3.2556,3.5650,3.0704,2.8855,1.8347,2.2162,2.8855,2.3118

1360.8570,0.7240,1.4029,3.2556,3.2563,3.1939,2.2682,1.9582,2.2985,2.2682,2.2941

1361.8570,0.7857,0.7856,3.5643,3.8119,3.3174,1.8978,1.4643,2.2882,1.8978,2.2324

1362.8570,0.7240,1.0325,3.4408,3.0711,3.0704,2.3299,1.8347,2.1956,2.3299,2.2148

1363.8570,0.7857,1.2177,3.5643,3.1946,2.7617,2.5769,2.0199,2.2573,2.5769,2.3030

1364.8570,1.0326,0.7856,3.5025,3.5650,3.0704,1.8978,1.7730,2.2882,1.8978,2.2324

1365.8570,0.7857,1.3412,3.3173,3.1946,2.8852,2.3917,2.0199,2.2573,2.3917,2.2765

1366.8570,0.5388,1.3412,3.5643,3.5650,3.1939,2.3299,2.0817,2.3808,2.3299,2.3735

1367.8570,0.6622,0.9090,3.5025,3.1946,2.7617,2.5769,1.9582,2.1647,2.5769,2.2236

1368.8570,1.0326,1.1560,3.0086,3.2563,2.3295,2.2064,1.4025,2.0309,2.2064,2.0560

1369.8570,0.8474,0.7238,3.5643,3.0711,3.2556,2.5151,3.3165,2.4631,2.5151,2.4706

1370.8570,0.7857,1.1560,3.5643,3.1328,3.4409,2.4534,1.5877,2.2779,2.4534,2.3030

1371.8570,1.2795,1.0942,3.3791,3.3798,3.1939,2.4534,1.8964,2.3705,2.4534,2.3823

1372.8570,0.8474,0.7856,3.5643,3.3180,3.2556,2.0830,1.5877,2.2264,2.0830,2.2059

1373.8580,0.2302,1.0325,3.3791,3.6885,3.2556,2.2682,1.7730,2.2265,2.2682,2.2324

1374.8570,1.1561,1.0942,3.6878,3.6267,3.3174,2.2064,2.1434,2.5043,2.2064,2.4617

1375.8570,1.2178,1.3412,3.2556,3.5650,3.1321,2.3917,1.7112,2.3705,2.3917,2.3735

1376.8580,0.7857,1.4029,3.3173,2.8859,3.1321,2.4534,1.7112,2.2059,2.4534,2.2412

1377.8570,1.2178,1.0325,3.6260,3.0711,3.0704,2.3299,1.8964,2.3190,2.3299,2.3206

1378.8570,1.0943,0.9708,3.5643,3.1946,3.3174,2.4534,1.7112,2.3088,2.4534,2.3294

1379.8570,0.9709,0.9090,3.4408,3.1946,2.9469,2.0830,1.9582,2.2367,2.0830,2.2148

1380.8570,1.4030,0.9708,3.3173,3.2563,3.1321,2.0830,1.6495,2.2882,2.0830,2.2589

1381.8570,0.9092,1.4647,3.1321,3.3180,3.2556,2.4534,1.4643,2.2573,2.4534,2.2853

1382.8570,0.7240,1.0325,3.5025,3.3180,2.8852,2.2682,2.2669,2.2882,2.2682,2.2853

1383.8570,0.7857,1.2177,3.3173,3.3180,3.0704,2.2682,1.8347,2.2573,2.2682,2.2589

1384.8580,0.9092,1.2794,3.6878,3.1946,3.3791,2.2064,1.8964,2.3911,2.2064,2.3647

1385.8570,0.6622,0.9708,3.6878,2.6390,3.4409,1.9595,1.9582,2.2265,1.9595,2.1883

1386.8570,1.0326,0.9708,3.4408,2.9476,2.7617,2.5151,1.5877,2.1235,2.5151,2.1795

1387.8580,0.9709,1.0325,3.4408,3.2563,2.9469,2.3299,1.8347,2.2470,2.3299,2.2589

1388.8570,0.5388,0.6003,2.9469,3.0711,4.0583,2.5151,1.8347,2.1750,2.5151,2.2236

1389.8570,1.3412,1.2177,3.6878,3.6267,3.1321,2.5151,1.7112,2.4528,2.5151,2.4617

1390.8570,0.2919,0.9708,3.2556,3.6885,3.0087,2.8855,2.0817,2.2162,2.8855,2.3118

1391.8570,1.1561,1.1560,3.8112,3.4415,3.0704,1.7126,1.8347,2.4116,1.7126,2.3118

1392.8570,1.3412,1.2177,3.6260,2.7007,3.6261,2.2064,1.9582,2.4117,2.2064,2.3823

1393.8570,1.2178,1.0325,3.6260,3.1946,2.9469,2.0830,2.2051,2.3705,2.0830,2.3294

1394.8570,0.9709,2.0203,2.9469,3.9354,3.2556,2.3917,1.8964,2.5042,2.3917,2.4882

1395.8570,1.0326,0.7856,3.6260,3.1946,3.1321,2.4534,1.8347,2.2676,2.4534,2.2941

1396.8570,1.2178,1.4029,3.5643,3.5033,3.0704,2.6386,1.6495,2.4014,2.6386,2.4352

1397.8570,1.4030,1.0942,3.9965,3.5650,3.5643,2.5769,1.9582,2.5969,2.5769,2.5940

1398.8580,0.7240,1.0325,3.2556,3.2563,3.0704,2.2064,1.8964,2.2059,2.2064,2.2059

1399.8570,0.7857,1.1560,3.3791,3.3180,3.1321,2.2064,1.8347,2.2676,2.2064,2.2589

1400.8580,1.0326,1.1560,3.8112,2.8859,3.1939,2.3917,2.0199,2.3499,2.3917,2.3559

1401.8570,1.2795,0.7856,3.6878,3.0094,3.2556,2.1447,2.0199,2.3396,2.1447,2.3118

1402.8570,0.3536,1.1560,3.4408,3.1946,3.2556,2.3917,1.6495,2.1750,2.3917,2.2060

1403.8570,0.3536,1.0942,3.7495,3.2563,3.3174,2.5769,1.9582,2.2882,2.5769,2.3294

1404.8570,0.7857,1.3412,3.5025,3.5650,3.0087,2.3917,1.7112,2.3190,2.3917,2.3294

1405.8570,0.7857,1.0325,3.5025,3.2563,3.1939,2.3917,2.7608,2.4220,2.3917,2.4176

1406.8580,0.7240,1.0325,3.5643,2.4538,3.3174,2.5151,2.0199,2.1853,2.5151,2.2324

1407.8570,1.2795,1.0325,3.3791,3.3798,2.9469,2.3299,1.9582,2.3293,2.3299,2.3294

1408.8570,0.7240,1.1560,3.3173,3.4415,2.9469,2.3299,1.6495,2.2059,2.3299,2.2236

1409.8570,0.8474,1.2177,3.3791,3.1946,3.0087,1.8978,2.0199,2.2779,1.8978,2.2236

1410.8570,0.7240,1.0942,3.3791,3.4415,3.3791,2.2064,2.0199,2.3396,2.2064,2.3206

1411.8570,0.7240,1.0942,2.9469,3.2563,2.6382,2.0830,1.8347,2.0824,2.0830,2.0825

1412.8580,0.7240,1.2794,4.1817,3.5650,3.0704,2.7003,1.8347,2.4425,2.7003,2.4794

1413.8570,1.4030,0.9708,3.3791,3.6267,3.5026,2.4534,1.7730,2.4425,2.4534,2.4441

1414.8570,0.6622,1.0942,3.5643,3.3180,3.1939,2.5151,1.8347,2.2779,2.5151,2.3118

1415.8580,0.9709,0.9708,3.1938,3.5033,3.3174,2.3299,1.5877,2.2573,2.3299,2.2677

1416.8570,0.7857,0.9708,3.6260,3.3180,3.2556,2.7003,2.0817,2.3396,2.7003,2.3912

1417.8570,0.6622,1.0325,3.5025,3.2563,3.3174,2.1447,1.6495,2.2367,2.1447,2.2236

1418.8570,0.8474,0.9090,3.6260,3.3798,3.0704,2.1447,1.9582,2.2985,2.1447,2.2765

1419.8570,0.8474,0.7238,3.3791,3.6267,3.1939,2.0830,1.7730,2.2573,2.0830,2.2324

1420.8580,1.0326,1.2177,3.5643,3.5033,3.9965,1.9595,2.0199,2.5557,1.9595,2.4705

1421.8570,1.0943,1.0942,3.6260,3.2563,3.3174,2.3299,1.8964,2.3808,2.3299,2.3735

1422.8570,1.1561,0.7856,3.5643,3.5650,3.4409,2.2682,2.0817,2.4322,2.2682,2.4088

1423.8570,0.6005,1.2794,3.5025,3.4415,3.1939,3.1325,1.9582,2.3293,3.1325,2.4441

1424.8580,0.9709,0.9708,3.3791,3.2563,3.1321,2.2682,1.8964,2.2676,2.2682,2.2677

1425.8570,0.6622,0.2299,4.4286,3.3798,3.1939,2.3299,1.8347,2.2882,2.3299,2.2942

1426.8570,0.9092,1.0942,3.1321,3.2563,2.8852,2.3917,1.5260,2.1338,2.3917,2.1707

1427.8580,0.9709,0.9708,3.7495,3.1946,3.3174,2.0830,2.2669,2.4117,2.0830,2.3647

1428.8570,0.9709,1.1560,3.6878,3.3180,3.1321,2.0830,1.8347,2.3499,2.0830,2.3118

1429.8570,0.8474,0.9708,4.2434,3.3180,2.9469,2.3299,1.7730,2.3499,2.3299,2.3471

1430.8570,2.2672,1.2794,3.5025,3.2563,3.1321,2.0830,2.0817,2.5865,2.0830,2.5146

1431.8580,0.8474,1.0325,3.4408,3.3180,2.8852,2.2064,1.7112,2.2059,2.2064,2.2059

1432.8570,0.3536,0.8473,3.8112,3.4415,3.5643,2.1447,1.9582,2.3294,2.1447,2.3030

1433.8570,0.9092,0.6003,3.4408,3.1946,3.6878,2.7003,1.8964,2.2882,2.7003,2.3471

1434.8570,0.5388,1.3412,3.5025,3.3180,3.1321,2.4534,1.9582,2.2985,2.4534,2.3206

1435.8570,0.6622,1.0325,3.3791,3.1946,3.0087,2.3299,1.7112,2.1647,2.3299,2.1883

1436.8570,1.9585,1.2177,3.5025,3.3180,2.8234,1.8978,1.9582,2.4631,1.8978,2.3823

1437.8570,-0.2637,1.0325,3.3791,2.9476,3.3174,2.3299,1.9582,2.0618,2.3299,2.1001

1438.8570,0.9092,0.9708,3.6260,3.4415,3.2556,2.7621,1.8964,2.3499,2.7621,2.4088

1439.8570,1.0326,1.3412,3.6878,3.0711,3.3174,2.3299,1.8347,2.3808,2.3299,2.3735

1440.8580,0.8474,1.4029,3.3173,3.3798,2.9469,2.4534,1.8964,2.2985,2.4534,2.3206

1441.8570,0.6622,0.8473,3.4408,3.0711,3.7496,2.3917,1.8964,2.2779,2.3917,2.2942

1442.8570,0.7240,1.0325,3.5643,3.1946,3.3791,2.2064,1.8964,2.2985,2.2064,2.2853

1443.8570,0.7857,1.0325,3.3791,3.4415,2.8234,2.1447,1.8964,2.2264,2.1447,2.2148

1444.8580,0.6622,1.0325,3.3791,3.1946,3.0704,2.3299,1.7730,2.1853,2.3299,2.2060

1445.8570,1.0326,1.0942,3.9347,3.2563,3.5026,2.5769,1.8964,2.4528,2.5769,2.4705

1446.8570,0.9709,1.2177,3.7495,3.3180,3.4409,2.3299,1.8964,2.4322,2.3299,2.4176

1447.8570,0.4771,0.7856,3.5025,3.0711,3.3174,2.1447,1.6495,2.1339,2.1447,2.1354

1448.8570,0.7857,1.1560,3.8112,3.2563,3.5643,2.4534,2.0199,2.4322,2.4534,2.4353

1449.8570,1.0943,0.8473,3.7495,3.0711,3.5026,2.3299,1.7112,2.3293,2.3299,2.3294

1450.8570,0.8474,1.3412,3.5643,3.6267,3.0704,2.4534,1.9582,2.4014,2.4534,2.4088

1451.8570,1.9585,1.2177,3.2556,3.2563,3.2556,2.0830,1.8964,2.4734,2.0830,2.4176

1452.8570,1.2795,1.0942,3.8730,3.1328,3.4409,2.2682,2.0199,2.4734,2.2682,2.4441

1453.8580,0.9092,1.0325,3.3173,3.1328,3.3174,2.1447,1.8347,2.2573,2.1447,2.2412

1454.8580,1.0943,0.8473,3.8112,3.0711,3.1939,2.5151,1.4643,2.2470,2.5151,2.2853

1455.8580,0.9709,0.9090,3.5025,3.1946,3.3791,2.5151,2.0199,2.3293,2.5151,2.3559

1456.8570,0.9709,1.1560,3.4408,3.2563,3.1939,2.3299,1.8347,2.3088,2.3299,2.3118

1457.8570,0.9709,0.7238,3.4408,3.3798,3.0704,2.3917,1.5877,2.1956,2.3917,2.2236

1458.8570,1.4030,1.0325,3.9347,3.4415,3.5643,1.4656,2.0817,2.5763,1.4656,2.4176

1459.8570,0.7857,1.3412,3.5025,3.0094,3.1939,2.4534,1.8347,2.2779,2.4534,2.3030

1460.8570,0.9092,0.8473,3.5025,3.1328,3.2556,2.0830,1.8964,2.2573,2.0830,2.2324

1461.8570,0.7857,2.0203,3.2556,3.5650,3.1939,2.3299,2.0199,2.4734,2.3299,2.4529

1462.8570,0.7857,1.1560,3.5025,3.0711,3.2556,2.5769,2.0817,2.3088,2.5769,2.3471

1463.8570,0.7240,1.2177,4.6139,3.1328,3.4409,2.2682,1.8964,2.5043,2.2682,2.4706

1464.8570,0.7240,1.0942,3.4408,3.1328,3.1939,2.8855,2.2051,2.2985,2.8855,2.3823

1465.8570,0.9092,-0.0170,3.5643,3.5033,4.3053,2.4534,2.2669,2.4220,2.4534,2.4265

1466.8580,0.6622,1.6499,2.5764,3.2563,3.5026,2.3299,1.8964,2.2573,2.3299,2.2677

1467.8570,0.9092,1.8351,3.7495,3.0711,3.1321,2.6386,2.0199,2.4528,2.6386,2.4794

1468.8580,0.9709,0.8473,3.4408,3.1328,3.2556,2.7621,1.8964,2.2573,2.7621,2.3294

1469.8570,1.0326,0.3534,4.1817,3.0711,3.0087,2.3299,1.7730,2.2367,2.3299,2.2500

1470.8580,1.1561,0.9708,3.2556,3.3798,3.3174,2.5151,1.5877,2.2779,2.5151,2.3118

1471.8570,0.9709,0.9708,3.3173,3.5650,2.6999,0.6630,1.5877,2.1853,0.6630,1.9678

1472.8570,1.0943,1.0325,3.3173,3.1946,3.1939,2.0830,1.4643,2.2161,2.0830,2.1971

1473.8570,0.9709,0.9090,3.7495,3.4415,2.8852,2.4534,2.0199,2.3293,2.4534,2.3471

1474.8570,0.7857,1.4029,3.5025,2.4538,3.3791,2.2064,1.7730,2.2162,2.2064,2.2148

1475.8580,1.2178,1.0942,3.3173,3.6885,3.5643,2.4534,2.0199,2.4837,2.4534,2.4794

1476.8570,0.9092,1.4029,3.1938,3.1946,3.1939,2.6386,1.7730,2.2779,2.6386,2.3294

1477.8570,0.7240,0.9708,3.7495,3.3180,1.9590,2.4534,2.0817,2.1338,2.4534,2.1795

1478.8570,1.0943,1.2177,3.1938,3.6267,3.8731,2.2064,1.9582,2.4940,2.2064,2.4529

1479.8570,0.9709,1.4647,3.5025,2.7007,2.8852,2.3917,1.7730,2.2162,2.3917,2.2412

1480.8570,0.7857,1.3412,3.1938,3.5033,2.9469,2.5151,2.0199,2.2985,2.5151,2.3294

1481.8570,0.8474,1.0325,4.4286,3.1328,3.6261,2.3917,1.9582,2.5043,2.3917,2.4882

1482.8570,1.6499,1.2177,3.5643,3.0094,3.3174,2.0830,1.8964,2.4425,2.0830,2.3911

1483.8570,1.3412,0.8473,3.9965,3.2563,3.5026,2.5769,1.8347,2.4631,2.5769,2.4794

1484.8570,0.7857,1.1560,3.5643,3.5033,3.1939,2.5769,2.0199,2.3705,2.5769,2.4000

1485.8570,0.7240,1.5264,3.4408,3.5650,3.3791,2.3917,2.0817,2.4528,2.3917,2.4441

1486.8570,0.9709,0.8473,3.3791,3.1946,3.1321,2.5151,1.8347,2.2264,2.5151,2.2677

1487.8570,1.0326,1.0325,3.0704,3.3798,3.1321,2.1447,2.0199,2.2779,2.1447,2.2589

1488.8580,0.3536,0.7238,3.1321,3.1328,4.0583,2.3299,1.8347,2.2059,2.3299,2.2236

1489.8570,0.8474,1.1560,3.3173,3.3798,3.0704,2.3917,1.8347,2.2676,2.3917,2.2853

1490.8580,0.8474,1.0325,3.3791,3.4415,2.5765,2.2682,1.5260,2.1338,2.2682,2.1530

1491.8580,0.7857,1.3412,3.3791,3.5033,3.0704,2.3917,1.7730,2.3088,2.3917,2.3206

1492.8580,0.7857,1.1560,3.2556,3.1946,3.1321,2.2064,2.0199,2.2573,2.2064,2.2500

1493.8570,0.9709,1.1560,3.0086,2.8859,2.8852,2.6386,1.7112,2.1030,2.6386,2.1795

1494.8580,1.3412,1.0325,3.7495,3.3798,2.4530,2.3917,1.7730,2.2882,2.3917,2.3029

1495.8570,0.8474,1.0942,3.5025,2.8859,3.2556,2.3299,2.0199,2.2676,2.3299,2.2765

1496.8570,0.9092,1.4029,3.3173,3.3798,3.5026,3.0090,2.1434,2.4425,3.0090,2.5235

1497.8570,0.8474,1.9585,3.5643,3.2563,3.3174,2.3917,1.7112,2.4425,2.3917,2.4353

1498.8570,0.6622,0.8473,3.4408,3.8737,3.1321,2.4534,2.6991,2.4425,2.4534,2.4441

1499.8570,0.6622,0.9708,3.5025,3.3798,3.1321,2.5151,1.9582,2.2676,2.5151,2.3030

1500.8570,0.6005,1.3412,3.3173,3.5033,3.1321,2.5151,1.7730,2.2779,2.5151,2.3118

1501.8570,0.7240,0.7856,3.5025,3.0711,2.8234,2.2682,2.0817,2.1647,2.2682,2.1795

1502.8570,0.5388,0.9708,3.0704,3.3798,2.8234,2.5151,1.5877,2.0618,2.5151,2.1266

1503.8570,1.4030,0.9708,3.8730,3.1328,3.3791,2.1447,2.0199,2.4631,2.1447,2.4176

1504.8570,0.9092,1.3412,3.4408,3.5033,3.0704,2.2064,1.7730,2.3396,2.2064,2.3206

1505.8580,0.9092,1.0325,3.1938,3.3180,3.1939,2.2064,1.7112,2.2264,2.2064,2.2236

1506.8570,1.0326,0.9090,3.6260,3.2563,3.5026,2.2682,2.9460,2.5454,2.2682,2.5058

1507.8580,0.9092,1.2177,4.0582,3.4415,2.9469,2.3299,2.1434,2.4528,2.3299,2.4353

1508.8570,1.8968,1.0942,3.3173,3.5033,3.1939,2.3299,2.0817,2.5145,2.3299,2.4882

1509.8570,0.9709,1.4647,3.4408,3.6885,3.1939,2.6386,1.8964,2.4425,2.6386,2.4705

1510.8570,0.6005,0.9090,3.6260,3.3180,3.0704,2.0212,1.8964,2.2367,2.0212,2.2060

1511.8570,0.8474,1.0942,3.6260,3.4415,3.5643,2.4534,2.2669,2.4734,2.4534,2.4705

1512.8570,1.0943,1.1560,3.6878,3.2563,3.2556,2.3917,2.1434,2.4322,2.3917,2.4264

1513.8570,1.2178,1.2177,3.2556,2.8242,3.2556,2.0212,2.0199,2.2985,2.0212,2.2589

1514.8570,0.7240,1.2177,3.6260,3.3180,3.1321,2.8855,2.2051,2.3705,2.8855,2.4441

1515.8570,1.0943,1.2794,3.4408,3.3798,3.4409,2.3299,1.7112,2.3911,2.3299,2.3823

1516.8570,0.8474,1.5881,3.4408,3.1946,3.2556,2.7003,1.8964,2.3705,2.7003,2.4176

1517.8580,0.7240,0.9708,3.3791,3.1946,3.3791,2.2064,2.4521,2.3499,2.2064,2.3294

1518.8570,0.8474,0.9090,3.3173,3.4415,3.1939,3.2560,2.0199,2.2882,3.2560,2.4264

1519.8580,0.8474,1.2794,3.2556,3.1328,3.2556,2.0212,1.7730,2.2573,2.0212,2.2236

1520.8580,0.7857,1.0325,3.1321,3.0711,3.1939,2.4534,1.5877,2.1338,2.4534,2.1795

1521.8570,0.6622,1.4029,3.6878,3.0094,3.0087,2.5769,2.4521,2.3705,2.5769,2.4000

1522.8570,0.4153,1.0325,3.5643,3.2563,2.9469,2.2064,1.9582,2.1956,2.2064,2.1971

1523.8580,0.7240,1.0942,3.5025,3.2563,3.4409,2.1447,2.0817,2.3499,2.1447,2.3206

1524.8570,1.3412,1.2794,3.3173,3.3180,3.5026,2.3917,1.6495,2.4014,2.3917,2.4000

1525.8570,0.6005,1.2177,3.6260,3.5033,3.2556,2.2682,2.0199,2.3705,2.2682,2.3559

1526.8580,0.9092,1.7733,3.7495,3.1328,2.9469,2.0212,1.7730,2.3808,2.0212,2.3294

1527.8570,0.8474,0.9708,3.6260,3.1328,3.2556,2.3299,1.5877,2.2367,2.3299,2.2500

1528.8570,0.9092,1.2177,3.1321,2.9476,3.3174,2.3917,1.6495,2.1956,2.3917,2.2236

1529.8570,0.9092,1.4029,3.4408,3.2563,3.1939,2.2064,1.9582,2.3602,2.2064,2.3382

1530.8570,0.4771,0.7238,3.1938,3.1946,4.1200,2.3917,1.8964,2.2676,2.3917,2.2853

1531.8570,0.7240,1.0325,3.1321,3.1946,3.2556,2.3917,1.8347,2.1956,2.3917,2.2236

1532.8570,0.7240,0.9708,3.3791,3.4415,3.1321,2.2682,1.7730,2.2367,2.2682,2.2412

1533.8570,0.8474,1.0942,3.2556,3.6267,2.4530,2.7003,1.9582,2.2059,2.7003,2.2765

1534.8570,0.6005,0.7238,3.5025,3.3180,3.1939,2.2682,1.8347,2.1956,2.2682,2.2060

1535.8570,1.1561,0.9708,3.5025,3.6267,3.1939,2.6386,1.8964,2.3911,2.6386,2.4264

1536.8570,0.8474,1.0325,3.1938,3.1946,3.3174,2.4534,2.2669,2.3088,2.4534,2.3294

1537.8570,0.9092,1.4647,3.3791,3.3798,3.0087,3.1942,2.0199,2.3602,3.1942,2.4793

1538.8580,1.0326,1.1560,3.6260,3.3180,3.2556,2.0830,1.8347,2.3705,2.0830,2.3294

1539.8570,1.0943,0.7856,3.5643,3.3180,3.1939,2.3299,1.8964,2.3088,2.3299,2.3118

1540.8570,0.7857,0.9090,3.8112,3.3798,3.5026,2.3917,1.8347,2.3705,2.3917,2.3735

1541.8570,0.6622,1.4647,3.3791,3.3180,3.0087,2.2064,1.8964,2.2882,2.2064,2.2765

1542.8570,0.4153,1.1560,3.1321,3.2563,3.1939,2.1447,2.2669,2.2367,2.1447,2.2236

1543.8570,1.7733,1.1560,3.4408,3.2563,3.3791,1.8360,1.8964,2.4837,1.8360,2.3911

1544.8570,0.9709,1.0942,3.5025,3.0711,2.8852,2.3299,1.7112,2.2059,2.3299,2.2236

1545.8570,0.8474,1.0325,3.3173,3.3180,3.1321,2.2064,1.7730,2.2367,2.2064,2.2324

1546.8580,0.6005,1.0325,3.3791,3.3798,3.1321,2.2064,1.7730,2.2162,2.2064,2.2148

1547.8570,0.6622,2.2672,3.6260,3.3798,3.2556,2.3917,2.0199,2.5351,2.3917,2.5146

1548.8570,0.6622,1.3412,3.1321,3.3180,3.0087,2.1447,2.0817,2.2573,2.1447,2.2412

1549.8580,1.0943,1.2794,3.8730,3.7502,3.5643,2.5151,2.1434,2.6174,2.5151,2.6028

1550.8570,0.9709,1.0325,3.5643,3.1946,3.1321,2.4534,1.7112,2.2676,2.4534,2.2941

1551.8570,1.0943,0.9708,3.4408,3.1328,2.9469,2.3299,1.7730,2.2264,2.3299,2.2412

1552.8570,0.7857,1.0325,3.5025,3.8737,3.1321,2.8855,1.8964,2.3705,2.8855,2.4441

1553.8570,0.9092,0.9708,3.3791,3.2563,3.1939,2.2064,1.9582,2.2779,2.2064,2.2677

1554.8580,0.8474,1.0325,3.5643,3.1946,3.2556,2.2682,1.9582,2.3088,2.2682,2.3030

1555.8570,0.6005,0.6621,3.4408,3.0094,3.2556,2.4534,1.7730,2.1236,2.4534,2.1707

1556.8570,2.0203,1.0325,4.7991,3.4415,4.3670,2.3917,2.8225,3.0805,2.3917,2.9821

1557.8570,0.9092,1.2177,3.3791,3.3798,3.3174,2.4534,2.0199,2.3705,2.4534,2.3823

1558.8570,0.6622,1.4647,3.2556,3.3798,3.0087,2.5151,1.7730,2.2573,2.5151,2.2941

1559.8570,1.0326,0.8473,3.7495,2.9476,3.2556,2.2064,1.8964,2.2882,2.2064,2.2765

1560.8570,0.7240,1.2177,3.3791,3.3180,3.0704,2.6386,1.7112,2.2367,2.6386,2.2941

1561.8570,2.1437,1.2794,4.6139,3.3798,4.0583,2.3917,1.9582,2.9055,2.3917,2.8321

1562.8570,0.4153,1.8968,3.6878,3.3180,3.0087,2.2064,1.9582,2.3808,2.2064,2.3559

1563.8580,1.2795,1.0942,3.6260,2.7624,3.3174,2.3917,1.4643,2.2573,2.3917,2.2765

1564.8570,0.3536,0.6621,2.7617,2.9476,2.8234,2.3917,1.7112,1.8766,2.3917,1.9502

1565.8570,0.9092,0.2299,3.4408,3.0094,3.4409,2.2064,2.8225,2.3088,2.2064,2.2942

1566.8570,0.7240,0.9708,3.0704,3.5033,2.8852,2.4534,1.8964,2.1750,2.4534,2.2148

1567.8570,1.0943,0.9708,3.9347,3.1946,3.5643,3.0707,2.0817,2.4734,3.0707,2.5587

1568.8570,0.5388,0.5386,3.3791,3.1946,3.5026,2.0212,1.7112,2.1441,2.0212,2.1266

1569.8580,0.8474,1.2177,3.3173,3.3180,3.6261,2.4534,1.7730,2.3499,2.4534,2.3647

1570.8570,1.0943,0.4151,3.5025,3.5650,3.0087,1.8978,2.0199,2.2676,1.8978,2.2148

1571.8570,0.6622,1.3412,3.3791,3.1946,3.2556,2.2682,1.6495,2.2470,2.2682,2.2500

1572.8580,0.6622,1.0942,3.3791,3.3798,3.0087,2.3299,1.7730,2.2162,2.3299,2.2324

1573.8570,0.9709,1.0325,3.5025,3.1328,3.1939,2.6386,1.8964,2.2882,2.6386,2.3382

1574.8570,0.7240,1.0942,3.5025,3.0711,2.9469,2.3299,2.0817,2.2367,2.3299,2.2500

1575.8570,0.5388,0.9090,3.4408,3.2563,3.2556,2.2682,1.6495,2.1750,2.2682,2.1883

1576.8580,0.7857,0.9090,3.6878,3.4415,4.5522,2.5151,1.8347,2.5352,2.5151,2.5323

1577.8570,0.8474,1.0942,3.1938,3.4415,3.2556,1.6508,1.7730,2.2676,1.6508,2.1795

1578.8580,1.0943,0.9708,3.6260,3.1946,3.1321,2.1447,1.7730,2.2985,2.1447,2.2765

1579.8570,1.0326,0.8473,3.1938,3.5650,3.0704,2.0212,0.7234,2.0721,2.0212,2.0648

1580.8570,0.8474,1.1560,3.5025,4.2441,3.3791,2.3299,1.8964,2.5043,2.3299,2.4794

1581.8580,0.7857,1.8351,3.0704,3.3798,3.2556,2.2064,1.6495,2.3293,2.2064,2.3118

1582.8580,0.7240,1.0325,3.3173,3.3180,3.0704,2.4534,1.8964,2.2264,2.4534,2.2589

1583.8570,1.7733,0.9708,3.3173,3.5650,3.2556,2.8238,1.8347,2.4528,2.8238,2.5058

1584.8580,0.6622,1.2177,3.3791,3.3180,3.0087,2.0212,1.8964,2.2470,2.0212,2.2148

1585.8570,0.6622,1.3412,3.3791,3.6885,3.3174,2.7003,2.1434,2.4220,2.7003,2.4617

1586.8570,0.7857,1.0942,3.6260,3.3180,3.3174,2.2682,2.2051,2.3911,2.2682,2.3735

1587.8570,0.8474,0.9090,3.6260,3.1328,3.0087,2.2064,1.8347,2.2264,2.2064,2.2236

1588.8570,0.9092,1.2177,3.8730,3.5033,3.2556,1.7743,1.8347,2.4322,1.7743,2.3382

1589.8570,0.7857,0.9708,3.5025,3.1946,3.3791,2.2064,2.2051,2.3396,2.2064,2.3206

1590.8570,0.7240,1.0942,3.3791,3.3798,3.1939,2.5151,1.7730,2.2573,2.5151,2.2941

1591.8570,0.4771,1.2177,3.5025,3.4415,3.3791,2.3917,2.2051,2.3705,2.3917,2.3735

1592.8570,0.7857,1.4647,3.2556,3.2563,3.2556,2.3917,1.8347,2.3088,2.3917,2.3206

1593.8580,0.8474,1.4029,3.3173,3.3798,3.1939,2.3917,1.9582,2.3499,2.3917,2.3559

1594.8570,0.9709,0.9708,3.3173,3.1946,3.0087,2.2682,1.9582,2.2367,2.2682,2.2412

1595.8570,1.0326,0.7856,3.5025,3.0094,3.0704,2.4534,1.9582,2.2264,2.4534,2.2589

1596.8570,0.9092,0.9708,3.9347,3.4415,3.2556,2.2064,1.9582,2.4117,2.2064,2.3823

1597.8570,0.5388,1.0325,4.4286,3.4415,3.1939,2.3299,2.0199,2.4425,2.3299,2.4265

1598.8570,0.4153,1.0942,3.1938,3.5033,3.1939,2.7621,2.0199,2.2367,2.7621,2.3118

1599.8580,0.9092,1.0942,3.3791,2.8859,3.0704,2.2064,1.6495,2.1647,2.2064,2.1707

1600.8580,0.7857,0.8473,3.9347,3.2563,3.8113,2.5151,1.8964,2.4220,2.5151,2.4353

1601.8580,1.1561,0.9708,3.5643,3.2563,3.4409,2.4534,2.2051,2.4322,2.4534,2.4353

1602.8570,0.9092,0.9708,3.5025,3.2563,3.1939,2.4534,1.8964,2.2882,2.4534,2.3118

1603.8570,0.7240,1.0942,3.6260,3.4415,3.5026,2.2682,2.2669,2.4425,2.2682,2.4176

1604.8570,0.6622,0.9090,3.3173,2.9476,2.8234,1.9595,1.5877,2.0412,1.9595,2.0296

1605.8570,1.0326,1.5264,3.8112,3.3180,3.5026,2.0830,2.0817,2.5454,2.0830,2.4794

1606.8570,0.9092,-0.7579,4.0582,2.8242,3.0704,2.2682,1.5260,1.9383,2.2682,1.9855

1607.8570,0.6622,0.9090,3.5643,4.2441,3.3174,2.7621,1.8964,2.4322,2.7621,2.4794

1608.8580,1.2178,1.1560,3.3173,3.4415,3.3791,2.5769,1.4643,2.3293,2.5769,2.3647

1609.8570,0.9092,0.8473,3.4408,3.1328,3.0704,2.2682,1.8964,2.2162,2.2682,2.2236

1610.8570,0.7857,1.4029,3.6260,3.1328,3.1939,2.2682,1.9582,2.3499,2.2682,2.3382

1611.8570,1.0943,0.9090,3.3791,3.1946,3.1321,2.5769,1.7112,2.2367,2.5769,2.2853

1612.8570,0.8474,0.9708,3.5643,2.5772,3.2556,1.9595,1.8964,2.1853,1.9595,2.1530

1613.8570,1.0943,1.0942,3.7495,3.0711,3.3791,2.3917,2.0817,2.4117,2.3917,2.4088

1614.8570,1.0326,1.0325,3.3791,3.3180,3.1939,2.3917,1.7112,2.2779,2.3917,2.2941

1615.8570,1.3412,0.5386,3.6878,3.1328,3.3174,2.2682,2.0817,2.3499,2.2682,2.3382

1616.8570,0.9092,0.3534,3.6878,2.7007,3.2556,2.0830,3.3165,2.3705,2.0830,2.3294

1617.8580,0.6005,1.2177,3.4408,3.3798,2.8852,2.5151,2.0817,2.2676,2.5151,2.3030

1618.8570,0.7240,0.6621,3.2556,4.5527,3.3174,2.3917,2.1434,2.4425,2.3917,2.4353

1619.8570,0.8474,1.2177,3.5643,3.1328,2.9469,2.5151,2.1434,2.3088,2.5151,2.3382

1620.8570,0.5388,0.9090,3.5025,3.3180,3.0087,2.2682,2.0817,2.2265,2.2682,2.2324

1621.8570,0.9092,0.7238,3.5025,3.2563,3.0704,2.1447,1.8964,2.2264,2.1447,2.2148

1622.8570,0.4771,0.9708,3.1938,3.2563,2.8234,2.3299,1.7112,2.0721,2.3299,2.1089

1623.8570,0.6622,0.7856,3.5025,3.5650,3.1939,2.5151,1.8964,2.2676,2.5151,2.3030

1624.8570,0.6622,1.0942,3.9965,3.6267,3.0087,1.6508,1.8964,2.3808,1.6508,2.2765

1625.8570,1.0943,0.6621,3.3791,4.0589,3.3791,2.2064,2.3904,2.4940,2.2064,2.4529

1626.8570,0.1067,0.8473,3.6878,3.0711,3.1939,2.6386,3.5634,2.4117,2.6386,2.4441

1627.8580,1.0943,1.1560,2.8851,3.5033,3.3791,2.2682,1.7730,2.2985,2.2682,2.2941

1628.8570,1.0326,1.1560,3.0704,3.1328,3.3791,2.5151,1.7112,2.2470,2.5151,2.2853

1629.8570,0.8474,0.7856,3.4408,3.4415,3.1321,2.3299,1.1555,2.1338,2.3299,2.1618

1630.8580,1.4647,0.9708,3.6260,3.1946,3.0087,2.3917,1.8964,2.3602,2.3917,2.3647

1631.8570,0.9092,1.2794,2.9469,3.3180,3.1939,2.2682,1.9582,2.2676,2.2682,2.2677

1632.8570,0.4771,0.1065,3.0086,3.4415,2.9469,2.4534,1.9582,1.9898,2.4534,2.0560

1633.8570,0.8474,1.1560,3.5025,3.5650,3.1321,2.0830,2.1434,2.3911,2.0830,2.3471

1634.8570,0.2919,1.2177,3.6878,2.9476,3.1939,2.5151,2.4521,2.2985,2.5151,2.3294

1635.8570,1.2178,0.9708,3.3173,3.3798,3.1939,2.2064,1.1555,2.2058,2.2064,2.2059

1636.8570,1.0943,1.0325,3.0704,3.0711,3.1939,3.1942,2.2051,2.2779,3.1942,2.4088

1637.8570,0.9092,0.9708,2.8851,3.5650,3.2556,2.3299,1.8347,2.2367,2.3299,2.2500

1638.8570,0.7240,1.1560,3.5643,3.0711,2.8852,2.5769,1.7730,2.1956,2.5769,2.2500

1639.8570,0.4153,0.7238,3.1321,3.1946,4.4287,2.4534,1.9582,2.3088,2.4534,2.3294

1640.8570,1.0943,1.6499,2.3912,3.3798,3.0704,2.8238,1.7730,2.2264,2.8238,2.3118

1641.8570,1.3412,0.9708,3.6260,3.4415,3.1939,2.7621,1.8347,2.4014,2.7621,2.4529

1642.8570,0.7857,0.9090,3.6878,3.3798,3.8113,2.6386,1.8347,2.4014,2.6386,2.4353

1643.8570,0.4153,1.0942,3.3173,3.6885,3.0704,2.8855,2.0199,2.2676,2.8855,2.3559

1644.8570,1.1561,0.9090,3.3791,3.2563,3.1939,2.0830,1.8964,2.2985,2.0830,2.2677

1645.8570,0.7857,1.3412,3.3791,3.5033,2.9469,2.3299,1.7112,2.2779,2.3299,2.2853

1646.8570,1.3412,0.9708,3.7495,3.5033,2.8234,2.4534,1.6495,2.3396,2.4534,2.3559

1647.8570,0.7240,0.9708,3.1321,3.2563,3.1321,2.8855,1.6495,2.1441,2.8855,2.2500

1648.8580,0.7857,0.9090,3.3791,3.1946,3.1939,1.0952,1.4025,2.1441,1.0952,1.9943

1649.8570,0.8474,1.0325,3.3791,3.2563,3.0704,2.5151,1.7730,2.2264,2.5151,2.2677

1650.8570,0.7240,1.4647,3.3173,3.2563,3.0704,2.2064,1.9582,2.2985,2.2064,2.2853

1651.8570,0.6622,1.4647,3.6260,3.2563,3.2556,2.2064,1.9582,2.3705,2.2064,2.3471

1652.8570,0.7857,0.9090,3.7495,3.1946,3.5026,2.3299,2.2051,2.3911,2.3299,2.3824

1653.8570,0.3536,1.2177,3.8112,3.1328,3.5643,2.4534,1.8964,2.3294,2.4534,2.3471

1654.8570,0.7240,1.5264,3.5643,3.4415,3.3791,2.3299,2.0817,2.4528,2.3299,2.4353

1655.8570,0.9092,0.9090,3.6260,3.3180,3.6261,2.3299,2.3286,2.4528,2.3299,2.4353

1656.8580,0.6005,1.8968,3.7495,3.1328,3.0704,2.3299,1.8347,2.3808,2.3299,2.3735

1657.8570,0.6622,1.2794,3.3791,3.3180,3.1939,2.3917,1.8964,2.2882,2.3917,2.3030

1658.8580,0.4771,1.1560,3.1321,3.3798,3.0087,2.4534,1.6495,2.1338,2.4534,2.1795

1659.8580,0.9092,1.2794,3.5025,3.1946,3.0704,2.2064,1.8964,2.3088,2.2064,2.2941

1660.8570,0.7857,1.2177,3.4408,3.3180,3.1321,1.4039,1.7112,2.2676,1.4039,2.1442

1661.8580,0.7240,1.3412,3.5025,3.6267,3.0704,2.6386,1.8964,2.3602,2.6386,2.4000

1662.8570,0.7857,1.4029,3.5025,3.5650,3.1939,2.6386,1.8964,2.3911,2.6386,2.4264

1663.8580,1.2795,1.3412,3.5643,3.3798,3.2556,2.4534,2.2669,2.5145,2.4534,2.5058

1664.8570,1.3412,1.3412,3.4408,3.5033,3.0087,2.4534,1.8347,2.4116,2.4534,2.4176

1665.8570,1.0326,0.7856,3.8112,3.2563,3.6261,2.4534,2.3904,2.4837,2.4534,2.4794

1666.8570,0.4153,1.2794,3.3173,3.6885,3.1939,2.7621,1.8347,2.2882,2.7621,2.3559

1667.8570,0.9092,1.8968,2.8234,3.3798,2.8234,2.5151,1.5877,2.2367,2.5151,2.2765

1668.8570,0.5388,1.5881,3.5025,3.5650,3.2556,2.5151,1.9582,2.4014,2.5151,2.4176

1669.8590,1.1561,0.9708,3.7495,3.5033,3.1321,2.1447,1.7112,2.3705,2.1447,2.3382

1670.8570,0.8474,1.0942,3.3791,3.3180,3.1321,2.2682,1.7730,2.2573,2.2682,2.2589

1671.8580,0.7857,0.9090,3.7495,3.4415,3.8113,2.4534,1.8347,2.4220,2.4534,2.4264

1672.8570,1.0326,1.2177,3.5025,2.8859,3.1321,2.4534,2.0199,2.2985,2.4534,2.3206

1673.8570,0.9709,0.7238,3.6260,2.8859,3.3791,0.9100,1.9582,2.2573,0.9100,2.0648

1674.8570,1.0943,1.0942,3.7495,3.2563,3.3791,2.5151,1.9582,2.4219,2.5151,2.4353

1675.8570,0.9092,1.2177,3.5025,3.1946,2.6999,2.5151,1.5877,2.1853,2.5151,2.2324

1676.8570,1.3412,1.2177,3.7495,3.2563,3.1939,2.4534,1.5877,2.3911,2.4534,2.4000

1677.8570,1.1561,0.7856,3.3791,3.9971,3.1939,2.0830,2.5756,2.5145,2.0830,2.4529

1678.8570,1.0943,1.0325,3.0704,3.6885,3.5026,2.5769,1.9582,2.3911,2.5769,2.4176

1679.8580,0.8474,1.1560,3.3173,3.3798,3.4409,2.2682,2.2051,2.3911,2.2682,2.3735

1680.8570,0.8474,0.7856,3.5643,3.3798,2.6382,2.5151,2.1434,2.2264,2.5151,2.2677

1681.8570,0.6005,1.6499,3.9965,3.1328,2.9469,2.3299,2.2051,2.4220,2.3299,2.4088

1682.8570,0.9709,1.2177,3.6260,3.5033,3.2556,2.2064,2.0817,2.4425,2.2064,2.4088

1683.8570,1.0326,0.7856,3.5643,3.3798,3.1321,2.6386,1.8347,2.2882,2.6386,2.3382

1684.8570,0.2302,1.3412,3.5025,3.5650,3.6878,2.3917,1.7112,2.3397,2.3917,2.3471

1685.8570,0.6005,1.0325,3.9965,3.4415,2.9469,2.6386,2.0199,2.3396,2.6386,2.3823

1686.8570,0.7857,0.7856,3.6260,4.1206,3.3174,2.3917,1.8347,2.4117,2.3917,2.4088

1687.8580,1.0326,1.0325,3.6878,3.3180,3.1939,2.2064,1.6495,2.3190,2.2064,2.3030

1688.8570,1.1561,1.4029,3.4408,3.1328,2.8852,2.3299,1.7112,2.2882,2.3299,2.2941

1689.8570,0.8474,1.2794,3.3791,2.6390,3.1939,2.4534,1.7112,2.1750,2.4534,2.2148

1690.8570,0.6622,1.2177,3.5643,3.5033,3.1939,2.3917,1.8964,2.3396,2.3917,2.3471

1691.8570,0.8474,1.2177,3.2556,3.2563,3.4409,3.2560,1.9582,2.3293,3.2560,2.4617

1692.8580,0.9092,1.2177,3.5643,3.3180,3.0087,2.4534,1.6495,2.2779,2.4534,2.3030

1693.8570,0.3536,1.2177,3.2556,3.1946,3.1939,2.6386,1.7730,2.1647,2.6386,2.2324

1694.8570,0.8474,1.3412,3.1321,2.9476,2.8852,3.0090,1.8347,2.1647,3.0090,2.2853

1695.8580,1.2795,0.9708,3.5025,2.7007,3.1321,2.3917,2.0817,2.2779,2.3917,2.2941

1696.8570,-0.6958,0.9090,2.9469,3.3180,3.3174,2.3917,2.9460,2.1236,2.3917,2.1619

1697.8570,0.9709,1.4029,3.5025,3.7502,2.7617,2.5769,1.7730,2.3602,2.5769,2.3911

1698.8580,0.6622,1.7733,3.3173,3.5650,2.8234,2.3299,1.7730,2.3190,2.3299,2.3206

1699.8580,0.9709,1.1560,3.2556,3.3180,3.0087,2.2682,1.7112,2.2367,2.2682,2.2412

1700.8570,0.9709,1.2177,3.3173,3.0711,2.8234,2.3917,1.8347,2.2059,2.3917,2.2324

1701.8570,0.9092,0.9090,3.4408,3.5033,3.2556,2.5769,1.7730,2.2985,2.5769,2.3382

1702.8570,0.9092,1.0942,3.6878,3.1946,3.3791,2.2682,1.8347,2.3499,2.2682,2.3382

1703.8570,0.9092,1.4647,3.5025,3.2563,2.7617,2.3299,1.8347,2.2882,2.3299,2.2941

1704.8570,0.8474,1.0325,3.0086,3.4415,3.0087,2.7621,1.8347,2.1956,2.7621,2.2765

1705.8570,0.9709,1.1560,3.6260,3.1946,3.0704,2.3299,1.7730,2.2985,2.3299,2.3030

1706.8570,0.6622,0.1682,3.6260,3.2563,3.3174,2.1447,2.2051,2.2059,2.1447,2.1971

1707.8570,0.8474,1.2794,3.3173,3.3798,3.1939,2.4534,1.9582,2.3293,2.4534,2.3471

1708.8570,0.8474,0.5386,3.5025,3.0711,3.4409,2.2682,2.3904,2.2985,2.2682,2.2942

1709.8570,0.7857,1.0325,3.7495,3.1946,3.3174,2.2682,1.7730,2.3088,2.2682,2.3030

1710.8570,0.5388,0.6003,3.3173,3.3180,2.7617,2.2682,1.8347,2.0618,2.2682,2.0913

1711.8570,1.0943,1.0942,3.5025,3.4415,3.1321,2.2064,1.8347,2.3499,2.2064,2.3294

1712.8570,1.1561,1.3412,3.6260,3.5033,3.3791,2.5769,2.1434,2.5248,2.5769,2.5323

1713.8570,0.7240,1.4029,3.6260,3.3798,3.1321,2.2682,2.1434,2.4014,2.2682,2.3823

1714.8570,0.7240,1.0325,3.5025,3.1946,3.1939,2.2064,1.7730,2.2367,2.2064,2.2324

1715.8570,1.1561,0.7238,3.3173,3.2563,3.0087,2.5151,1.7730,2.2059,2.5151,2.2500

1716.8570,0.6622,1.3412,3.5643,3.5033,3.1939,2.5151,1.8964,2.3602,2.5151,2.3823

1717.8570,0.9709,1.4029,3.6260,3.6885,3.6878,2.6386,2.5138,2.6483,2.6386,2.6469

1718.8580,0.7857,1.1560,4.0582,3.4415,3.1321,2.7621,1.6495,2.3705,2.7621,2.4264

1719.8570,0.8474,1.0942,3.6260,3.3798,3.3174,2.3917,2.0199,2.3808,2.3917,2.3823

1720.8580,0.9709,0.9708,3.5643,3.4415,3.0704,2.0212,1.7730,2.2985,2.0212,2.2589

1721.8570,0.3536,0.8473,3.0086,3.1946,2.8234,2.2064,1.6495,1.9795,2.2064,2.0119

1722.8570,0.9709,0.8473,3.6878,3.5033,3.3174,2.3917,1.8964,2.3705,2.3917,2.3735

1723.8570,0.2919,1.0325,3.3791,3.0711,2.9469,2.2682,1.8347,2.0927,2.2682,2.1178

1724.8570,0.8474,0.7856,3.3791,3.1946,3.2556,2.3299,1.8347,2.2162,2.3299,2.2324

1725.8580,0.8474,0.7856,3.5025,3.8119,3.6261,2.3917,1.9582,2.4220,2.3917,2.4176

1726.8570,1.0943,0.7856,3.6878,3.2563,2.8234,2.0830,2.0199,2.2779,2.0830,2.2500

1727.8570,1.1561,1.0942,2.7617,3.2563,3.5026,2.0830,1.4025,2.1956,2.0830,2.1795

1728.8570,0.7857,1.5264,3.1321,3.0711,3.1939,2.4534,1.6495,2.2264,2.4534,2.2589

1729.8570,0.6622,1.0325,3.2556,3.3798,3.0704,2.2682,1.7112,2.1853,2.2682,2.1971

1730.8570,0.9709,1.1560,3.6878,3.1328,3.1321,2.2682,1.9582,2.3396,2.2682,2.3294

1731.8570,0.4153,1.1560,4.1199,3.3180,2.9469,2.5769,2.3286,2.3808,2.5769,2.4088

1732.8570,0.7240,1.7733,3.5025,3.0711,3.2556,2.5151,1.8347,2.3602,2.5151,2.3823

1733.8570,0.4153,0.9708,3.5643,3.4415,2.9469,2.2064,2.3286,2.2779,2.2064,2.2677

1734.8570,1.0943,0.8473,3.1938,3.3798,3.1939,2.0830,1.3408,2.1750,2.0830,2.1618

1735.8570,0.9709,1.0325,2.0208,3.8737,2.7617,2.2682,1.8964,2.0927,2.2682,2.1177

1736.8580,0.9092,0.7856,3.3791,3.1946,3.1321,1.0952,2.0199,2.2367,1.0952,2.0737

1737.8570,0.7857,1.2177,3.3791,3.9971,3.3791,2.1447,2.2669,2.5043,2.1447,2.4529

1738.8580,0.8474,2.0820,3.4408,3.4415,2.8234,2.2064,1.8964,2.4219,2.2064,2.3912

1739.8570,1.2795,0.8473,3.6260,3.3798,4.2435,2.5769,1.8964,2.5454,2.5769,2.5499

1740.8570,0.2919,0.9090,3.5025,3.0711,2.6382,1.9595,2.5756,2.1647,1.9595,2.1354

1741.8580,1.1561,1.0325,3.8730,3.1946,3.2556,2.2682,1.7730,2.3808,2.2682,2.3647

1742.8570,1.0326,0.8473,3.5025,3.6267,4.1818,2.5151,1.8964,2.5146,2.5151,2.5146

1743.8570,0.7240,2.2055,3.5025,3.5033,2.8234,2.6386,2.0817,2.4734,2.6386,2.4970

1744.8570,1.2178,1.3412,3.0704,3.3798,3.3791,2.5151,1.8347,2.3705,2.5151,2.3911

1745.8580,0.6005,2.1438,3.5025,3.3180,3.1939,2.3917,1.5877,2.3911,2.3917,2.3912

1746.8570,0.7240,1.0325,3.7495,3.1328,3.3174,2.2064,2.0817,2.3396,2.2064,2.3206

1747.8570,0.4771,0.8473,3.8730,3.6267,3.1321,2.2682,1.9582,2.3191,2.2682,2.3118

1748.8570,0.4771,1.1560,3.3173,3.7502,3.1939,3.0090,2.0199,2.3191,3.0090,2.4176

1749.8570,0.5388,0.9708,3.0086,2.8859,2.9469,2.9473,2.0199,2.0618,2.9473,2.1883

1750.8570,0.6622,1.8351,3.6260,3.3180,3.4409,2.0212,2.0199,2.4837,2.0212,2.4176

1751.8570,0.6622,1.5881,3.6260,3.5650,3.0704,2.1447,1.8964,2.4014,2.1447,2.3647

1752.8570,0.7857,0.6003,3.5025,3.3798,3.1939,2.7003,1.9582,2.2367,2.7003,2.3030

1753.8570,0.6005,1.0325,3.6260,3.2563,3.1321,2.5151,1.5877,2.2059,2.5151,2.2500

1754.8570,0.6005,1.0942,3.5025,3.1328,3.5643,2.2064,2.2051,2.3499,2.2064,2.3294

1755.8570,0.9709,0.6621,2.8851,2.9476,3.3791,2.2682,2.2669,2.1853,2.2682,2.1971

1756.8570,0.4771,1.0942,3.3173,3.1946,3.2556,2.2682,2.2669,2.2676,2.2682,2.2677

1757.8570,0.9092,1.5264,3.3791,3.9354,3.3174,2.8238,2.2051,2.5454,2.8238,2.5852

1758.8570,0.7857,0.6621,3.5025,3.1328,3.3791,2.4534,1.8964,2.2265,2.4534,2.2589

1759.8570,0.6005,1.4029,3.5025,3.5033,3.2556,2.2682,2.0817,2.3911,2.2682,2.3735

1760.8570,0.7240,1.5264,3.3791,3.4415,3.0704,2.5151,1.7112,2.3088,2.5151,2.3382

1761.8570,0.7240,0.9090,3.3173,3.1328,2.9469,2.3917,1.8347,2.1441,2.3917,2.1795

1762.8580,0.5388,1.1560,3.0086,3.3798,2.7617,2.5769,1.4643,2.0515,2.5769,2.1266

1763.8570,0.9709,1.0325,4.6756,3.3798,3.3174,2.2682,1.8964,2.5454,2.2682,2.5058

1764.8580,0.9092,1.7733,3.6878,3.4415,3.3174,2.2682,1.7730,2.4837,2.2682,2.4529

1765.8570,0.9709,0.4151,3.8730,3.1328,3.5643,2.2064,2.5138,2.4117,2.2064,2.3824

1766.8570,0.4771,1.1560,3.6260,3.1328,3.1939,2.1447,2.0199,2.2676,2.1447,2.2501

1767.8570,0.7857,0.9708,3.5643,3.2563,3.4409,2.2682,2.1434,2.3602,2.2682,2.3471

1768.8580,0.7857,1.2794,3.5025,3.0711,3.1321,2.3299,1.8964,2.2779,2.3299,2.2853

1769.8570,2.2054,0.6621,3.8112,3.1946,3.3174,2.0212,1.7730,2.4939,2.0212,2.4264

1770.8570,0.3536,1.4647,3.3173,3.3180,3.0704,2.3917,2.0199,2.2573,2.3917,2.2765

1771.8570,0.9709,1.7733,3.6878,3.8119,3.3791,2.7621,1.9582,2.5969,2.7621,2.6205

1772.8570,0.8474,1.0325,3.3791,3.1946,3.1939,2.1447,1.7730,2.2367,2.1447,2.2236

1773.8570,-1.0661,1.6499,3.3173,3.5033,3.3791,2.4534,2.0817,2.1442,2.4534,2.1884

1774.8580,0.9709,0.6621,2.7617,3.1946,2.9469,2.4534,1.5877,2.0206,2.4534,2.0825

1775.8570,0.6622,1.2794,3.8730,3.0094,3.0704,2.2064,1.5877,2.2470,2.2064,2.2412

1776.8570,0.6622,1.5264,3.3791,3.1328,3.3174,2.2064,2.2669,2.3808,2.2064,2.3559

1777.8570,0.9709,1.7733,3.5025,3.7502,3.0704,2.9473,1.8964,2.4940,2.9473,2.5587

1778.8570,0.9709,1.2177,3.2556,3.0711,3.1939,2.3917,1.7730,2.2470,2.3917,2.2677

1779.8580,-0.2637,1.0942,3.6260,3.5650,2.6999,2.2064,2.3286,2.1750,2.2064,2.1795

1780.8570,0.2302,1.0942,3.9347,3.3180,3.0087,2.9473,2.2669,2.3088,2.9473,2.4000

1781.8570,0.9709,1.0325,3.2556,3.1946,3.0087,2.3917,1.8964,2.2264,2.3917,2.2500

1782.8570,0.9709,1.2177,3.2556,3.1328,3.2556,2.0212,1.7730,2.2676,2.0212,2.2324

1783.8570,1.2178,1.5264,3.4408,3.5033,3.3174,2.2682,1.6495,2.4425,2.2682,2.4176

1784.8570,0.3536,1.0325,3.3791,3.9971,3.2556,2.1447,1.4643,2.2470,2.1447,2.2324

1785.8570,0.6005,1.6499,3.4408,3.1328,3.4409,2.1447,1.7112,2.3293,2.1447,2.3030

1786.8580,1.2795,1.2794,3.6260,2.8242,2.8234,2.2682,2.0199,2.3088,2.2682,2.3030

1787.8570,1.0326,0.7856,3.1938,3.2563,3.0087,2.4534,1.6495,2.1544,2.4534,2.1971

1788.8570,0.7857,1.1560,2.8851,3.3180,3.3791,2.2682,1.9582,2.2470,2.2682,2.2500

1789.8570,0.8474,0.7238,3.3173,3.2563,3.1939,2.2682,1.7112,2.1750,2.2682,2.1883

1790.8580,0.6005,1.0325,3.5643,3.5033,3.1939,2.2682,1.6495,2.2573,2.2682,2.2589

1791.8570,0.8474,0.9708,4.3052,3.3180,3.1939,2.3299,1.7730,2.4014,2.3299,2.3912

1792.8570,0.9092,0.9708,3.3791,3.1328,2.5147,2.3917,1.8347,2.1235,2.3917,2.1618

1793.8570,0.7240,1.5881,3.3791,3.6267,3.3174,2.2064,1.8964,2.4219,2.2064,2.3912

1794.8570,0.7857,1.1560,3.2556,3.2563,3.1321,2.2682,2.0817,2.2779,2.2682,2.2765

1795.8570,0.5388,1.1560,3.3791,2.8859,3.8731,2.0830,1.8964,2.2882,2.0830,2.2589

1796.8570,1.0326,1.0325,3.3791,3.0094,3.1939,2.3299,1.9582,2.2676,2.3299,2.2765

1797.8570,0.9092,1.0942,3.3791,3.3180,3.1321,2.2682,1.6495,2.2470,2.2682,2.2500

1798.8570,0.7240,1.2794,3.7495,3.3798,3.0087,2.5151,2.0817,2.3705,2.5151,2.3912

1799.8570,0.7857,1.3412,3.4408,3.2563,3.3174,2.3299,1.7730,2.3191,2.3299,2.3206

1800.8570,0.8474,1.3412,3.5643,3.2563,3.2556,2.3917,1.7112,2.3293,2.3917,2.3382

1801.8580,0.8474,1.4029,3.6878,3.1946,3.2556,2.1447,1.8964,2.3808,2.1447,2.3471

1802.8580,0.7857,1.3412,3.5643,3.7502,3.1321,2.5151,2.0817,2.4425,2.5151,2.4529

1803.8580,0.4771,1.0325,3.4408,3.1328,3.1939,2.4534,1.9582,2.2059,2.4534,2.2412

