Elapsed Time (s),T1 (deg C),T2 (deg C),T3 (deg C),T4 (deg C),T5 (deg C),T6 (deg C),T7 (deg C),T8 (deg C),Main Loop Avg Temp (deg C),HX Avg Temp (deg C),Overall Avg Temp (deg C)
1.9260,24.1236,24.3521,23.8103,23.9796,24.0679,26.0942,24.5511,28.1813,24.0667,27.1377,24.8950

2.8570,24.1360,24.3647,23.8210,23.9818,24.0703,26.0933,24.5212,28.2195,24.0748,27.1564,24.9010

3.8570,24.1366,24.3686,23.8187,23.9970,24.0572,26.0689,24.5259,28.2106,24.0756,27.1398,24.8979

4.8570,24.1473,24.3583,23.8090,23.9943,24.0608,26.1207,24.5379,28.2755,24.0739,27.1981,24.9130

5.8570,24.1246,24.3552,23.8299,23.9704,24.0650,26.2325,24.5513,28.3522,24.0690,27.2923,24.9351

6.8570,24.1344,24.3652,23.8106,23.9803,24.0965,26.3064,24.5395,28.3394,24.0774,27.3229,24.9465

7.8570,24.1130,24.3703,23.8158,23.9836,24.0573,26.4054,24.5405,28.3586,24.0680,27.3820,24.9556

8.8570,24.1138,24.3605,23.8442,23.9842,24.0538,26.5133,24.5259,28.3467,24.0713,27.4300,24.9678

9.8580,24.1413,24.3653,23.8240,23.9729,24.0472,26.5628,24.5458,28.3363,24.0701,27.4496,24.9744

10.8570,24.1198,24.3677,23.8425,23.9919,24.0635,26.6758,24.5369,28.3074,24.0771,27.4916,24.9882

11.8570,24.1173,24.3583,23.8368,24.0019,24.0639,26.7385,24.5568,28.3215,24.0757,27.5300,24.9994

12.8580,24.1395,24.3699,23.8309,23.9780,24.0383,26.8059,24.5268,28.2894,24.0713,27.5476,24.9973

13.8580,24.1254,24.3741,23.8181,23.9779,24.0630,26.8701,24.5362,28.2631,24.0717,27.5666,25.0035

14.8570,24.1351,24.3641,23.8290,23.9741,24.0708,26.9302,24.5243,28.2845,24.0746,27.6074,25.0140

15.8570,24.1378,24.3597,23.8208,23.9872,24.0565,26.9862,24.5270,28.2618,24.0724,27.6240,25.0171

16.8570,24.1289,24.3347,23.8146,23.9877,24.0552,27.0094,24.5398,28.2873,24.0642,27.6483,25.0197

17.8570,24.1266,24.3660,23.8119,23.9831,24.0865,27.0844,24.5276,28.2789,24.0748,27.6817,25.0331

18.8570,24.1235,24.3759,23.8327,23.9755,24.0554,27.1096,24.5286,28.2621,24.0726,27.6859,25.0329

19.8570,24.1325,24.3721,23.8270,23.9883,24.0838,27.1902,24.5300,28.2781,24.0807,27.7341,25.0502

20.8570,24.1153,24.3721,23.8156,23.9962,24.0718,27.2080,24.5351,28.2846,24.0742,27.7463,25.0499

21.8570,24.1350,24.3634,23.8173,23.9701,24.0711,27.2544,24.5312,28.2995,24.0714,27.7769,25.0552

22.8570,24.1084,24.3566,23.8082,23.9832,24.0635,27.3033,24.5282,28.2918,24.0640,27.7976,25.0554

23.8570,24.1548,24.3490,23.8143,23.9741,24.0820,27.3652,24.5309,28.2712,24.0748,27.8182,25.0677

24.8570,24.1534,24.3574,23.8203,23.9650,24.0830,27.3949,24.5186,28.3145,24.0758,27.8547,25.0759

25.8570,24.1251,24.3665,23.8115,23.9780,24.0788,27.4482,24.5239,28.3386,24.0720,27.8934,25.0838

26.8570,24.1308,24.3582,23.8098,23.9895,24.0736,27.5048,24.5283,28.3523,24.0724,27.9286,25.0934

27.8580,24.1371,24.3448,23.8271,23.9789,24.0700,27.5662,24.5188,28.3925,24.0716,27.9794,25.1044

28.8580,24.1407,24.3487,23.7932,23.9946,24.0589,27.6353,24.5349,28.3989,24.0672,28.0171,25.1131

29.8580,24.1327,24.3536,23.8231,23.9905,24.0717,27.6890,24.5190,28.4403,24.0743,28.0647,25.1275

30.8570,24.1332,24.3673,23.8260,23.9976,24.0495,27.7503,24.5081,28.5025,24.0747,28.1264,25.1418

31.8570,24.1101,24.3613,23.8186,23.9727,24.0752,27.8056,24.5140,28.5083,24.0676,28.1569,25.1457

32.8570,24.1234,24.3506,23.8159,23.9705,24.0766,27.8508,24.5335,28.5676,24.0674,28.2092,25.1611

33.8570,24.1261,24.3743,23.8103,23.9696,24.0708,27.9134,24.5260,28.5835,24.0702,28.2485,25.1718

34.8570,24.1348,24.3544,23.8121,23.9847,24.0714,27.9559,24.5142,28.6340,24.0715,28.2949,25.1827

35.8570,24.1310,24.3646,23.8086,23.9822,24.0497,27.9606,24.5475,28.6821,24.0672,28.3213,25.1908

36.8570,24.1393,24.3533,23.8096,23.9704,24.0689,28.0381,24.5329,28.7035,24.0683,28.3708,25.2020

37.8570,24.1613,24.3533,23.8214,23.9680,24.0615,28.0685,24.5324,28.7376,24.0731,28.4031,25.2130

38.8570,24.1468,24.3707,23.8336,23.9679,24.0580,28.1253,24.5205,28.7774,24.0754,28.4513,25.2250

39.8570,24.1323,24.3623,23.8153,23.9566,24.0628,28.1560,24.5187,28.7930,24.0658,28.4745,25.2246

40.8570,24.1577,24.3480,23.8213,23.9830,24.0560,28.1874,24.5044,28.7957,24.0732,28.4916,25.2317

41.8580,24.1413,24.3422,23.8165,23.9758,24.0742,28.2398,24.4977,28.8057,24.0700,28.5228,25.2367

42.8580,24.1414,24.3527,23.7986,23.9523,24.0937,28.2583,24.5365,28.8360,24.0677,28.5472,25.2462

43.8570,24.1534,24.3554,23.8041,23.9639,24.0413,28.3037,24.5302,28.8597,24.0636,28.5817,25.2515

44.8570,24.1771,24.3497,23.7961,23.9658,24.0570,28.2920,24.5265,28.9120,24.0691,28.6020,25.2595

45.8570,24.1616,24.3499,23.8190,23.9675,24.0580,28.3123,24.5243,28.9008,24.0712,28.6065,25.2617

46.8570,24.1444,24.3432,23.8213,23.9716,24.0749,28.3361,24.5271,28.8855,24.0711,28.6108,25.2630

47.8580,24.1552,24.3394,23.8028,23.9730,24.0639,28.3318,24.5355,28.9264,24.0668,28.6291,25.2660

48.8570,24.1572,24.3612,23.7867,23.9641,24.0404,28.3729,24.5053,28.8931,24.0619,28.6330,25.2601

49.8570,24.1570,24.3622,23.8176,23.9770,24.0781,28.3643,24.5343,28.9231,24.0784,28.6437,25.2767

50.8570,24.1670,24.3501,23.7941,23.9648,24.0601,28.3657,24.5221,28.8916,24.0672,28.6286,25.2644

51.8570,24.1541,24.3562,23.8115,23.9562,24.0723,28.3849,24.5055,28.8764,24.0701,28.6306,25.2646

52.8570,24.1567,24.3436,23.7961,23.9659,24.0513,28.3856,24.5246,28.8842,24.0627,28.6349,25.2635

53.8570,24.1489,24.3477,23.8002,23.9657,24.0652,28.3835,24.5131,28.8731,24.0655,28.6283,25.2622

54.8570,24.1486,24.3374,23.7994,23.9620,24.0616,28.3752,24.5123,28.8945,24.0618,28.6348,25.2614

55.8580,24.1472,24.3278,23.8130,23.9742,24.0536,28.3653,24.5278,28.9184,24.0632,28.6419,25.2659

56.8570,24.1417,24.3342,23.7777,23.9664,24.0618,28.3792,24.5294,28.9309,24.0564,28.6551,25.2652

57.8570,24.1486,24.3484,23.7962,23.9579,24.0560,28.3875,24.5469,28.9698,24.0614,28.6786,25.2764

58.8570,24.1473,24.3273,23.7978,23.9567,24.0513,28.3857,24.4951,28.9798,24.0561,28.6827,25.2676

59.8570,24.1712,24.3540,23.7810,23.9626,24.0369,28.3991,24.5180,29.0238,24.0611,28.7114,25.2808

60.8580,24.1452,24.3381,23.7972,23.9566,24.0578,28.4043,24.5078,29.0492,24.0590,28.7268,25.2820

61.8570,24.1488,24.3315,23.7987,23.9510,24.0731,28.4144,24.4993,29.1130,24.0606,28.7637,25.2912

62.8570,24.1563,24.3310,23.8072,23.9595,24.0693,28.3956,24.5220,29.1567,24.0647,28.7762,25.2997

63.8580,24.1567,24.3370,23.8094,23.9650,24.0607,28.4031,24.4840,29.1821,24.0658,28.7926,25.2998

64.8570,24.1555,24.3496,23.7922,23.9497,24.0520,28.4023,24.5127,29.2251,24.0598,28.8137,25.3049

65.8570,24.1780,24.3249,23.7991,23.9722,24.0542,28.3843,24.4950,29.2790,24.0657,28.8317,25.3108

66.8570,24.1921,24.3385,23.8142,23.9707,24.0498,28.4241,24.5072,29.3212,24.0730,28.8727,25.3272

67.8570,24.1796,24.3446,23.7976,23.9598,24.0506,28.4235,24.4983,29.3630,24.0665,28.8932,25.3271

68.8570,24.1753,24.3314,23.8043,23.9442,24.0657,28.4357,24.5016,29.3973,24.0642,28.9165,25.3319

69.8570,24.1498,24.3318,23.7744,23.9617,24.0553,28.4348,24.5228,29.4194,24.0546,28.9271,25.3313

70.8570,24.1661,24.3312,23.7908,23.9605,24.0578,28.4599,24.4971,29.4751,24.0613,28.9675,25.3423

71.8570,24.1718,24.3288,23.8064,23.9535,24.0630,28.4534,24.5202,29.5245,24.0647,28.9889,25.3527

72.8570,24.1713,24.3357,23.7873,23.9533,24.0753,28.4887,24.4993,29.5367,24.0646,29.0127,25.3560

73.8570,24.1509,24.3438,23.7759,23.9589,24.0786,28.4924,24.5172,29.5987,24.0616,29.0456,25.3646

74.8570,24.1522,24.3318,23.7905,23.9697,24.0747,28.4947,24.5147,29.6005,24.0638,29.0476,25.3661

75.8570,24.1765,24.3544,23.7701,23.9640,24.0753,28.5325,24.5113,29.6567,24.0681,29.0946,25.3801

76.8570,24.1531,24.3033,23.7804,23.9648,24.0491,28.5049,24.5183,29.6833,24.0501,29.0941,25.3697

77.8580,24.1764,24.3365,23.7796,23.9503,24.0809,28.5300,24.5104,29.7370,24.0647,29.1335,25.3876

78.8570,24.1688,24.3540,23.7715,23.9483,24.0478,28.5592,24.4910,29.7548,24.0581,29.1570,25.3869

79.8570,24.1694,24.3323,23.7867,23.9522,24.0616,28.5551,24.5114,29.7912,24.0604,29.1731,25.3950

80.8570,24.1451,24.3187,23.7839,23.9603,24.0666,28.5596,24.4912,29.8140,24.0549,29.1868,25.3924

81.8570,24.1636,24.3326,23.7704,23.9430,24.0587,28.5846,24.5027,29.8395,24.0537,29.2120,25.3994

82.8580,24.1740,24.3369,23.7904,23.9455,24.0780,28.5888,24.5075,29.8705,24.0649,29.2296,25.4114

83.8570,24.1509,24.3370,23.7796,23.9550,24.0758,28.6082,24.4954,29.9016,24.0597,29.2549,25.4129

84.8570,24.1647,24.3299,23.7876,23.9465,24.0801,28.6059,24.4826,29.9341,24.0618,29.2700,25.4164

85.8570,24.1769,24.3461,23.7793,23.9665,24.0535,28.6214,24.4941,29.9618,24.0645,29.2916,25.4250

86.8570,24.1822,24.3401,23.7841,23.9629,24.0508,28.6460,24.4904,29.9704,24.0640,29.3082,25.4284

87.8570,24.1799,24.3427,23.7838,23.9423,24.0688,28.6479,24.4788,30.0127,24.0635,29.3303,25.4321

88.8570,24.1714,24.3137,23.7814,23.9478,24.0410,28.6517,24.5127,30.0344,24.0511,29.3431,25.4318

89.8580,24.1562,24.3227,23.7842,23.9501,24.0711,28.6672,24.4810,30.0348,24.0569,29.3510,25.4334

90.8570,24.1751,24.3103,23.8001,23.9453,24.0650,28.6822,24.4804,30.0503,24.0592,29.3662,25.4386

91.8570,24.1627,24.3431,23.7772,23.9531,24.0511,28.7089,24.4910,30.0694,24.0574,29.3892,25.4446

92.8570,24.1679,24.3254,23.7694,23.9429,24.0634,28.7226,24.5012,30.1052,24.0538,29.4139,25.4497

93.8570,24.1786,24.3513,23.7778,23.9452,24.0623,28.7497,24.5030,30.1219,24.0630,29.4358,25.4612

94.8570,24.1510,24.3524,23.7860,23.9548,24.0759,28.7383,24.5017,30.1406,24.0640,29.4394,25.4626

95.8570,24.1632,24.3329,23.7646,23.9410,24.0733,28.7776,24.5063,30.1738,24.0550,29.4757,25.4666

96.8580,24.1615,24.3351,23.7895,23.9379,24.0537,28.7882,24.5066,30.1876,24.0555,29.4879,25.4700

97.8570,24.1653,24.3404,23.7730,23.9523,24.0627,28.8240,24.4973,30.2051,24.0587,29.5145,25.4775

98.8570,24.1660,24.3326,23.7936,23.9496,24.0493,28.8356,24.5003,30.2175,24.0582,29.5265,25.4806

99.8580,24.1801,24.3336,23.7705,23.9493,24.0430,28.8562,24.4759,30.2409,24.0553,29.5485,25.4812

100.8580,24.1625,24.3282,23.7699,23.9439,24.0585,28.8810,24.4856,30.2431,24.0526,29.5621,25.4841

101.8570,24.1637,24.3236,23.7790,23.9341,24.0550,28.8747,24.5136,30.2796,24.0511,29.5772,25.4904

102.8570,24.1746,24.3233,23.7857,23.9403,24.0592,28.8916,24.4802,30.2834,24.0566,29.5875,25.4923

103.8570,24.1501,24.3165,23.7808,23.9440,24.0627,28.9012,24.4928,30.3056,24.0508,29.6034,25.4942

104.8580,24.1518,24.3224,23.7792,23.9485,24.0715,28.9608,24.4950,30.3092,24.0547,29.6350,25.5048

105.8570,24.1712,24.3390,23.7939,23.9466,24.0620,28.9556,24.4983,30.3233,24.0625,29.6394,25.5112

106.8570,24.1665,24.3323,23.7678,23.9352,24.0446,29.0079,24.4722,30.3591,24.0493,29.6835,25.5107

107.8570,24.1516,24.3111,23.7802,23.9334,24.0825,29.0094,24.5002,30.3479,24.0517,29.6787,25.5145

108.8570,24.1753,24.3378,23.7827,23.9558,24.0689,29.0617,24.4748,30.3583,24.0641,29.7100,25.5269

109.8570,24.1658,24.3217,23.7416,23.9459,24.0651,29.0852,24.5018,30.3827,24.0480,29.7339,25.5262

110.8570,24.1623,24.3323,23.7692,23.9413,24.0379,29.1264,24.4958,30.4037,24.0486,29.7650,25.5336

111.8570,24.1586,24.3334,23.7736,23.9363,24.0787,29.1143,24.4841,30.4150,24.0561,29.7646,25.5367

112.8570,24.1783,24.3488,23.7729,23.9351,24.0734,29.1707,24.4769,30.4201,24.0617,29.7954,25.5470

113.8570,24.1629,24.3440,23.7663,23.9280,24.0835,29.2023,24.4645,30.4410,24.0569,29.8216,25.5491

114.8570,24.1466,24.3103,23.7670,23.9396,24.0695,29.2252,24.4960,30.4276,24.0466,29.8264,25.5477

115.8570,24.1668,24.3326,23.7875,23.9563,24.0741,29.2777,24.5013,30.4439,24.0635,29.8608,25.5675

116.8570,24.1582,24.3397,23.7752,23.9426,24.0580,29.3172,24.4900,30.4622,24.0548,29.8897,25.5679

117.8570,24.1777,24.3245,23.7793,23.9240,24.0609,29.3154,24.4833,30.4763,24.0533,29.8958,25.5677

118.8570,24.1766,24.3198,23.7553,23.9274,24.0636,29.3515,24.4914,30.4945,24.0485,29.9230,25.5725

119.8580,24.1801,24.3171,23.7597,23.9309,24.0501,29.3841,24.4901,30.5103,24.0476,29.9472,25.5778

120.8570,24.1664,24.3178,23.7717,23.9264,24.0662,29.4063,24.4908,30.5112,24.0497,29.9587,25.5821

121.8570,24.1633,24.2992,23.7805,23.9408,24.0815,29.4338,24.4901,30.5227,24.0531,29.9782,25.5890

122.8570,24.1685,24.3268,23.7623,23.9571,24.0730,29.4404,24.4861,30.5302,24.0576,29.9853,25.5931

123.8580,24.1656,24.3073,23.7645,23.9343,24.0535,29.4529,24.4831,30.5353,24.0450,29.9941,25.5871

124.8570,24.1964,24.3244,23.7660,23.9386,24.0872,29.4949,24.4889,30.5330,24.0625,30.0139,25.6037

125.8570,24.1746,24.3153,23.7910,23.9418,24.0796,29.5386,24.4774,30.5419,24.0605,30.0403,25.6075

126.8570,24.1929,24.3196,23.7546,23.9343,24.0719,29.5441,24.4774,30.5215,24.0546,30.0328,25.6020

127.8570,24.1772,24.3092,23.7702,23.9494,24.0808,29.5948,24.5039,30.5332,24.0574,30.0640,25.6148

128.8570,24.1646,24.3138,23.7748,23.9242,24.0511,29.5963,24.5061,30.5390,24.0457,30.0676,25.6087

129.8570,24.1703,24.3404,23.7745,23.9291,24.0767,29.6420,24.4822,30.5527,24.0582,30.0973,25.6210

130.8570,24.1827,24.3234,23.7575,23.9211,24.0693,29.6487,24.4832,30.5420,24.0508,30.0954,25.6160

131.8570,24.1651,24.3333,23.7641,23.9371,24.0526,29.6806,24.4987,30.5747,24.0504,30.1276,25.6258

132.8570,24.1679,24.3061,23.7870,23.9354,24.0833,29.7027,24.4701,30.5841,24.0559,30.1434,25.6296

133.8570,24.1566,24.3157,23.7682,23.9394,24.0711,29.7394,24.4825,30.5912,24.0502,30.1653,25.6330

134.8570,24.1741,24.3201,23.7769,23.9443,24.0654,29.7568,24.4851,30.5814,24.0562,30.1691,25.6380

135.8570,24.1729,24.3158,23.7674,23.9499,24.0618,29.7824,24.4841,30.5820,24.0535,30.1822,25.6395

136.8570,24.1937,24.3040,23.7726,23.9400,24.0646,29.8106,24.4954,30.6013,24.0550,30.2059,25.6478

137.8570,24.1726,24.3207,23.7472,23.9141,24.0559,29.8259,24.4880,30.6038,24.0421,30.2149,25.6410

138.8570,24.1620,24.3232,23.7682,23.9285,24.0599,29.8271,24.4702,30.5834,24.0484,30.2052,25.6403

139.8580,24.1967,24.3183,23.7581,23.9174,24.0771,29.8846,24.4989,30.6179,24.0535,30.2513,25.6586

140.8570,24.1846,24.3296,23.7646,23.9334,24.0777,29.8711,24.4931,30.6016,24.0580,30.2364,25.6570

141.8580,24.1776,24.3123,23.7374,23.9213,24.0609,29.9042,24.4669,30.6239,24.0419,30.2640,25.6506

142.8570,24.1813,24.3191,23.7489,23.9296,24.0405,29.9417,24.4822,30.6266,24.0439,30.2842,25.6587

143.8570,24.1677,24.3267,23.7636,23.9130,24.0509,29.9484,24.4959,30.6234,24.0444,30.2859,25.6612

144.8570,24.1958,24.3278,23.7723,23.9151,24.0658,29.9937,24.4923,30.6372,24.0554,30.3155,25.6750

145.8570,24.1657,24.3013,23.7576,23.9235,24.0640,29.9835,24.5021,30.6406,24.0424,30.3121,25.6673

146.8570,24.1944,24.3031,23.7622,23.9395,24.0776,29.9881,24.4718,30.6724,24.0554,30.3303,25.6761

147.8580,24.1817,24.3294,23.7634,23.9261,24.0663,30.0319,24.4981,30.6542,24.0534,30.3430,25.6814

148.8570,24.1691,24.3234,23.7745,23.9164,24.0556,30.0377,24.5045,30.6647,24.0478,30.3512,25.6807

149.8570,24.1946,24.2985,23.7742,23.9411,24.0584,30.0532,24.4796,30.6656,24.0534,30.3594,25.6832

150.8580,24.1729,24.2992,23.7815,23.9323,24.0434,30.1092,24.4982,30.6770,24.0459,30.3931,25.6892

151.8580,24.1896,24.3308,23.7540,23.9233,24.0568,30.0939,24.4920,30.6635,24.0509,30.3787,25.6880

152.8580,24.1799,24.3317,23.7587,23.9502,24.0400,30.1157,24.4924,30.6727,24.0521,30.3942,25.6927

153.8580,24.1720,24.3091,23.7526,23.9229,24.0452,30.1388,24.4726,30.6779,24.0404,30.4083,25.6864

154.8570,24.1943,24.2966,23.7661,23.9297,24.0865,30.1497,24.4965,30.7095,24.0546,30.4296,25.7036

155.8570,24.2063,24.3171,23.7691,23.9167,24.0834,30.1537,24.4972,30.7083,24.0585,30.4310,25.7065

156.8570,24.1863,24.3139,23.7550,23.9130,24.0719,30.1691,24.4817,30.7006,24.0480,30.4349,25.6989

157.8570,24.1974,24.3190,23.7753,23.9370,24.0419,30.1965,24.4783,30.7032,24.0541,30.4499,25.7061

158.8570,24.1746,24.3072,23.7620,23.9370,24.0749,30.1875,24.4920,30.7228,24.0511,30.4552,25.7073

159.8580,24.1910,24.3182,23.7588,23.9333,24.0742,30.2108,24.4949,30.7264,24.0551,30.4686,25.7134

160.8570,24.1769,24.3264,23.7609,23.9283,24.0686,30.2138,24.4866,30.7096,24.0522,30.4617,25.7089

161.8570,24.1920,24.3297,23.7789,23.9208,24.0624,30.2278,24.4729,30.7194,24.0568,30.4736,25.7130

162.8580,24.1818,24.3231,23.7723,23.9302,24.0523,30.2365,24.4649,30.7145,24.0519,30.4755,25.7095

163.8580,24.1924,24.3199,23.7564,23.9464,24.0562,30.2715,24.4943,30.7052,24.0543,30.4883,25.7178

164.8570,24.1950,24.3185,23.7705,23.9337,24.0721,30.2699,24.4721,30.7548,24.0580,30.5124,25.7233

165.8570,24.2164,24.3155,23.7784,23.9127,24.0655,30.2751,24.4790,30.7305,24.0577,30.5028,25.7216

166.8580,24.1956,24.2856,23.7674,23.9235,24.0585,30.2874,24.4950,30.7441,24.0461,30.5157,25.7196

167.8570,24.2103,24.3147,23.7577,23.9256,24.0657,30.3011,24.4825,30.7630,24.0548,30.5320,25.7276

168.8570,24.2112,24.3281,23.7542,23.9395,24.0632,30.3160,24.4936,30.7587,24.0592,30.5373,25.7331

169.8570,24.2265,24.3166,23.7833,23.9181,24.0549,30.3279,24.4877,30.7494,24.0599,30.5387,25.7331

170.8580,24.2276,24.3294,23.7555,23.9333,24.0745,30.3314,24.4783,30.7539,24.0641,30.5427,25.7355

171.8580,24.2085,24.3301,23.7529,23.9448,24.0667,30.3355,24.4837,30.7838,24.0606,30.5596,25.7383

172.8580,24.2025,24.3230,23.7656,23.9386,24.0753,30.3454,24.4898,30.7763,24.0610,30.5609,25.7396

173.8570,24.2295,24.3181,23.7588,23.9186,24.0531,30.3798,24.4722,30.7731,24.0556,30.5764,25.7379

174.8570,24.2174,24.3098,23.7556,23.9301,24.0652,30.3513,24.4818,30.7846,24.0556,30.5680,25.7370

175.8570,24.2032,24.3302,23.7539,23.9359,24.0595,30.3767,24.4734,30.7977,24.0565,30.5872,25.7413

176.8570,24.1917,24.3213,23.7426,23.9284,24.0466,30.3657,24.4862,30.8164,24.0461,30.5911,25.7374

177.8570,24.1582,24.3214,23.7569,23.9337,24.0613,30.3991,24.4646,30.8239,24.0463,30.6115,25.7399

178.8580,24.2182,24.3167,23.7532,23.9036,24.0452,30.4015,24.4954,30.8324,24.0474,30.6169,25.7458

179.8580,24.1950,24.3359,23.7430,23.9270,24.0347,30.4268,24.4597,30.8215,24.0471,30.6241,25.7429

180.8580,24.2013,24.3030,23.7521,23.9337,24.0491,30.4359,24.4930,30.8029,24.0478,30.6194,25.7464

181.8580,24.1752,24.3056,23.7533,23.9302,24.0641,30.4269,24.4790,30.8230,24.0457,30.6249,25.7446

182.8570,24.2066,24.3176,23.7744,23.9267,24.0638,30.4506,24.4873,30.8269,24.0578,30.6387,25.7567

183.8570,24.1856,24.3109,23.7526,23.9436,24.0632,30.4330,24.4825,30.8545,24.0512,30.6437,25.7532

184.8570,24.1942,24.3062,23.7653,23.9176,24.0566,30.4565,24.5051,30.8437,24.0480,30.6501,25.7556

185.8570,24.2089,24.3094,23.7491,23.9260,24.0680,30.4463,24.4795,30.8471,24.0523,30.6467,25.7543

186.8570,24.2098,24.3138,23.7384,23.9318,24.0765,30.4871,24.4759,30.8527,24.0541,30.6699,25.7607

187.8580,24.1950,24.3230,23.7472,23.9510,24.0527,30.4748,24.4752,30.8704,24.0538,30.6726,25.7612

188.8570,24.2103,24.3031,23.7684,23.9278,24.0699,30.4848,24.4879,30.8696,24.0559,30.6772,25.7652

189.8570,24.2044,24.3256,23.7659,23.9120,24.0645,30.4846,24.4684,30.8807,24.0545,30.6826,25.7633

190.8580,24.2112,24.3270,23.7464,23.9498,24.0632,30.5181,24.4594,30.8705,24.0595,30.6943,25.7682

191.8580,24.1888,24.3311,23.7632,23.9231,24.0569,30.5038,24.4908,30.8891,24.0526,30.6964,25.7683

192.8580,24.1988,24.3187,23.7722,23.9334,24.0711,30.5260,24.4615,30.8830,24.0589,30.7045,25.7706

193.8570,24.1946,24.3208,23.7676,23.9303,24.0632,30.5284,24.4791,30.8813,24.0553,30.7049,25.7707

194.8570,24.1967,24.3227,23.7582,23.9100,24.0487,30.5216,24.4863,30.8993,24.0473,30.7105,25.7680

195.8570,24.2197,24.3232,23.7606,23.9389,24.0585,30.5515,24.4636,30.9020,24.0602,30.7268,25.7772

196.8570,24.2148,24.3098,23.7679,23.9377,24.0541,30.5471,24.4733,30.9248,24.0569,30.7360,25.7787

197.8570,24.2062,24.3171,23.7649,23.9190,24.0639,30.5564,24.4693,30.9050,24.0542,30.7307,25.7752

198.8570,24.1991,24.3213,23.7526,23.9403,24.0667,30.5714,24.4716,30.9176,24.0560,30.7445,25.7801

199.8570,24.2173,24.3154,23.7551,23.9415,24.0741,30.5562,24.4667,30.9320,24.0607,30.7441,25.7823

200.8570,24.1933,24.3338,23.7414,23.9339,24.0737,30.5933,24.4761,30.9326,24.0552,30.7630,25.7848

201.8580,24.1954,24.3187,23.7499,23.9249,24.0701,30.5733,24.4803,30.9299,24.0518,30.7516,25.7803

202.8570,24.2224,24.3162,23.7607,23.9191,24.0574,30.5852,24.4613,30.9418,24.0552,30.7635,25.7830

203.8570,24.1944,24.3249,23.7618,23.9292,24.0743,30.5930,24.4894,30.9656,24.0569,30.7793,25.7916

204.8570,24.2103,24.3204,23.7596,23.9469,24.0567,30.5830,24.4489,30.9443,24.0588,30.7637,25.7838

205.8570,24.1998,24.3177,23.7570,23.9216,24.0759,30.5961,24.4841,30.9837,24.0544,30.7899,25.7920

206.8570,24.2127,24.3148,23.7545,23.9125,24.0505,30.6037,24.4613,30.9720,24.0490,30.7879,25.7853

207.8570,24.2052,24.3126,23.7551,23.9386,24.0483,30.6325,24.4733,30.9520,24.0520,30.7922,25.7897

208.8570,24.1929,24.3019,23.7686,23.9133,24.0691,30.6151,24.4678,30.9604,24.0492,30.7878,25.7861

209.8570,24.1973,24.3460,23.7503,23.9333,24.0517,30.6119,24.4826,30.9718,24.0557,30.7919,25.7931

210.8570,24.2004,24.2944,23.7559,23.9304,24.0917,30.6338,24.4854,30.9894,24.0546,30.8116,25.7977

211.8570,24.2223,24.3269,23.7345,23.9208,24.0469,30.6260,24.4739,30.9821,24.0503,30.8040,25.7917

212.8570,24.1859,24.3162,23.7654,23.9224,24.0365,30.6367,24.4699,31.0013,24.0453,30.8190,25.7918

213.8580,24.2136,24.3187,23.7561,23.9320,24.0623,30.6408,24.4836,30.9772,24.0565,30.8090,25.7980

214.8580,24.2090,24.3366,23.7673,23.9314,24.0596,30.6235,24.4878,31.0144,24.0608,30.8189,25.8037

215.8570,24.1808,24.3035,23.7437,23.9291,24.0635,30.6782,24.4694,31.0037,24.0441,30.8409,25.7965

216.8570,24.1890,24.3063,23.7617,23.9291,24.0656,30.6770,24.4907,31.0237,24.0503,30.8503,25.8054

217.8580,24.2007,24.3063,23.7517,23.9224,24.0574,30.6782,24.4803,31.0221,24.0477,30.8502,25.8024

218.8570,24.2047,24.3250,23.7624,23.9279,24.0756,30.6803,24.4881,31.0636,24.0591,30.8720,25.8159

219.8570,24.2122,24.3147,23.7611,23.9261,24.0694,30.6874,24.4683,31.0345,24.0567,30.8609,25.8092

220.8580,24.2201,24.3239,23.7556,23.9349,24.0726,30.7060,24.5021,31.0523,24.0614,30.8791,25.8210

221.8570,24.2279,24.3119,23.7517,23.9063,24.0355,30.6870,24.4750,31.0553,24.0467,30.8711,25.8063

222.8570,24.2146,24.3269,23.7562,23.9132,24.0841,30.7071,24.4696,31.0759,24.0590,30.8915,25.8185

223.8570,24.1947,24.3277,23.7589,23.9240,24.0590,30.6944,24.4832,31.0711,24.0529,30.8827,25.8141

224.8570,24.2113,24.3184,23.7680,23.9350,24.0742,30.6959,24.4748,31.0726,24.0614,30.8842,25.8188

225.8570,24.2202,24.3258,23.7689,23.9296,24.0623,30.6981,24.4742,31.0932,24.0614,30.8957,25.8216

226.8570,24.2115,24.3233,23.7408,23.9257,24.0763,30.7210,24.4741,31.0921,24.0555,30.9065,25.8206

227.8570,24.2011,24.3259,23.7618,23.9297,24.0778,30.7219,24.5031,31.0935,24.0593,30.9077,25.8268

228.8570,24.1981,24.3190,23.7521,23.9285,24.0804,30.7278,24.4669,31.1004,24.0556,30.9141,25.8217

229.8570,24.2009,24.3400,23.7396,23.9354,24.0898,30.7588,24.4988,31.0886,24.0611,30.9237,25.8315

230.8580,24.1948,24.3271,23.7526,23.9205,24.0738,30.7457,24.4863,31.1126,24.0538,30.9291,25.8267

231.8570,24.2134,24.3315,23.7580,23.9377,24.0976,30.7557,24.4724,31.1071,24.0676,30.9314,25.8342

232.8570,24.1971,24.3320,23.7524,23.9307,24.0718,30.7437,24.4856,31.1336,24.0568,30.9387,25.8309

233.8570,24.1963,24.3330,23.7619,23.9132,24.0777,30.7477,24.4800,31.1305,24.0564,30.9391,25.8300

234.8570,24.2141,24.3153,23.7437,23.9324,24.0794,30.7508,24.4774,31.1153,24.0570,30.9331,25.8286

235.8570,24.2069,24.3343,23.7508,23.9121,24.0745,30.7910,24.4638,31.1147,24.0557,30.9529,25.8310

236.8580,24.2209,24.3312,23.7477,23.9317,24.0876,30.7914,24.4744,31.1352,24.0638,30.9633,25.8400

237.8580,24.2250,24.3218,23.7440,23.9280,24.0567,30.7945,24.4848,31.1092,24.0551,30.9519,25.8330

238.8570,24.2186,24.3225,23.7594,23.9259,24.0853,30.7844,24.4620,31.1296,24.0623,30.9570,25.8360

239.8570,24.2210,24.3209,23.7620,23.9360,24.0664,30.7905,24.4773,31.1320,24.0613,30.9613,25.8383

240.8570,24.2141,24.3156,23.7515,23.9241,24.0477,30.8114,24.4626,31.1468,24.0506,30.9791,25.8342

241.8570,24.2088,24.3274,23.7530,23.9421,24.0750,30.7916,24.4848,31.1688,24.0613,30.9802,25.8439

242.8580,24.2093,24.3283,23.7591,23.9312,24.0685,30.8273,24.4725,31.1787,24.0593,31.0030,25.8469

243.8570,24.2216,24.3176,23.7408,23.9214,24.0746,30.8235,24.4608,31.1495,24.0552,30.9865,25.8387

244.8570,24.2023,24.3097,23.7447,23.9258,24.0549,30.8143,24.4917,31.1722,24.0475,30.9932,25.8394

245.8580,24.2291,24.3346,23.7573,23.9313,24.0694,30.8512,24.4900,31.1993,24.0643,31.0253,25.8578

246.8570,24.2212,24.3327,23.7701,23.9176,24.0737,30.8232,24.4868,31.1844,24.0631,31.0038,25.8512

247.8580,24.2113,24.3337,23.7550,23.9205,24.0723,30.8500,24.4816,31.1985,24.0586,31.0242,25.8529

248.8570,24.2241,24.3139,23.7475,23.9343,24.0496,30.8448,24.4902,31.2079,24.0539,31.0263,25.8515

249.8570,24.2212,24.3052,23.7591,23.9261,24.0723,30.8654,24.4735,31.2318,24.0568,31.0486,25.8568

250.8580,24.2373,24.3199,23.7488,23.9327,24.0581,30.8542,24.4603,31.1989,24.0594,31.0266,25.8513

251.8580,24.2251,24.3339,23.7666,23.9236,24.0677,30.8801,24.4800,31.2145,24.0634,31.0473,25.8614

252.8570,24.2070,24.2981,23.7728,23.9156,24.0491,30.8865,24.4919,31.1956,24.0485,31.0410,25.8521

253.8580,24.2295,24.3315,23.7519,23.9321,24.0688,30.8774,24.4809,31.1992,24.0628,31.0383,25.8589

254.8570,24.2340,24.3283,23.7562,23.9270,24.0671,30.8904,24.4715,31.2140,24.0625,31.0522,25.8611

255.8570,24.2233,24.3297,23.7514,23.9401,24.0682,30.8844,24.4696,31.2216,24.0625,31.0530,25.8610

256.8570,24.2249,24.3127,23.7661,23.9302,24.0647,30.8950,24.4715,31.2148,24.0597,31.0549,25.8600

257.8570,24.2162,24.3412,23.7455,23.9195,24.0701,30.8990,24.4891,31.2324,24.0585,31.0657,25.8641

258.8570,24.2281,24.3273,23.7637,23.9132,24.0607,30.9187,24.4578,31.2508,24.0586,31.0848,25.8650

259.8570,24.2150,24.3164,23.7575,23.9353,24.0703,30.9236,24.4941,31.2594,24.0589,31.0915,25.8715

260.8570,24.2153,24.3242,23.7687,23.9295,24.0645,30.9160,24.4764,31.2739,24.0604,31.0949,25.8711

261.8570,24.2235,24.3229,23.7541,23.9343,24.0770,30.9241,24.4845,31.2782,24.0623,31.1012,25.8748

262.8570,24.2137,24.3379,23.7512,23.9119,24.0676,30.9195,24.4740,31.2713,24.0565,31.0954,25.8684

263.8570,24.2400,24.3048,23.7592,23.9261,24.0675,30.9405,24.4849,31.2702,24.0595,31.1053,25.8742

264.8570,24.2116,24.3229,23.7446,23.9366,24.0853,30.9625,24.4826,31.2617,24.0602,31.1121,25.8760

265.8570,24.2194,24.3083,23.7679,23.9126,24.0553,30.9538,24.4723,31.2718,24.0527,31.1128,25.8702

266.8580,24.2191,24.3286,23.7650,23.9353,24.0536,30.9455,24.4784,31.2954,24.0603,31.1205,25.8776

267.8570,24.2243,24.3294,23.7441,23.9120,24.0541,30.9479,24.4882,31.2879,24.0528,31.1179,25.8735

268.8580,24.2177,24.3158,23.7711,23.9196,24.0697,30.9634,24.4887,31.2940,24.0588,31.1287,25.8800

269.8580,24.2334,24.3049,23.7668,23.9266,24.0982,30.9593,24.4802,31.2904,24.0660,31.1248,25.8825

270.8570,24.2244,24.3147,23.7492,23.9270,24.0717,31.0011,24.4716,31.2735,24.0574,31.1373,25.8792

271.8570,24.2337,24.3369,23.7625,23.9375,24.0649,30.9826,24.5009,31.2996,24.0671,31.1411,25.8898

272.8570,24.2392,24.3169,23.7613,23.9264,24.0789,30.9838,24.4837,31.3107,24.0646,31.1473,25.8876

273.8570,24.2210,24.3199,23.7403,23.9427,24.0739,30.9854,24.4792,31.3011,24.0596,31.1432,25.8829

274.8570,24.2140,24.3056,23.7591,23.9274,24.0963,31.0161,24.4791,31.2955,24.0605,31.1558,25.8866

275.8580,24.2307,24.3404,23.7570,23.9154,24.0846,31.0144,24.4567,31.3027,24.0656,31.1585,25.8877

276.8580,24.2311,24.3310,23.7731,23.9343,24.0774,31.0180,24.4562,31.3130,24.0694,31.1655,25.8918

277.8580,24.2529,24.3165,23.7652,23.9307,24.0723,31.0040,24.4682,31.3266,24.0675,31.1653,25.8920

278.8570,24.2296,24.3298,23.7549,23.9355,24.0765,31.0297,24.5071,31.3158,24.0653,31.1727,25.8974

279.8570,24.2193,24.3202,23.7448,23.9382,24.0846,31.0280,24.4634,31.3323,24.0614,31.1801,25.8914

280.8580,24.2351,24.3234,23.7518,23.9315,24.0947,31.0324,24.4879,31.3283,24.0673,31.1803,25.8982

281.8570,24.2472,24.3188,23.7495,23.9169,24.0846,31.0275,24.4847,31.3529,24.0634,31.1902,25.8978

282.8570,24.2219,24.3140,23.7561,23.9344,24.0829,31.0366,24.4804,31.3259,24.0619,31.1813,25.8940

283.8580,24.2225,24.3342,23.7611,23.9248,24.0627,31.0546,24.4906,31.3458,24.0611,31.2002,25.8995

284.8570,24.2248,24.3292,23.7675,23.9217,24.0938,31.0667,24.4889,31.3410,24.0674,31.2039,25.9042

285.8570,24.2434,24.3090,23.7492,23.9384,24.0643,31.0618,24.4778,31.3295,24.0609,31.1956,25.8967

286.8570,24.2159,24.3270,23.7629,23.9180,24.0651,31.0749,24.4834,31.3463,24.0578,31.2106,25.8992

287.8580,24.2210,24.3403,23.7654,23.9196,24.0881,31.0874,24.4750,31.3701,24.0669,31.2287,25.9084

288.8580,24.2371,24.3196,23.7698,23.9296,24.0835,31.0574,24.4931,31.3500,24.0679,31.2037,25.9050

289.8570,24.2390,24.3023,23.7694,23.9207,24.0878,31.0847,24.4875,31.3303,24.0638,31.2075,25.9027

290.8570,24.2389,24.3383,23.7785,23.9336,24.0631,31.0672,24.4872,31.3607,24.0705,31.2139,25.9084

291.8580,24.2383,24.3149,23.7282,23.9329,24.0904,31.0816,24.4903,31.3793,24.0609,31.2305,25.9070

292.8570,24.2274,24.3291,23.7585,23.9226,24.0666,31.0919,24.4913,31.3487,24.0608,31.2203,25.9045

293.8580,24.2501,24.3124,23.7578,23.9219,24.0879,31.1059,24.4825,31.3652,24.0660,31.2356,25.9105

294.8570,24.2460,24.3208,23.7648,23.9265,24.0933,31.1132,24.4815,31.3578,24.0703,31.2355,25.9130

295.8570,24.2251,24.3274,23.7681,23.9407,24.0700,31.1295,24.4820,31.3592,24.0663,31.2443,25.9128

296.8570,24.2179,24.3285,23.7730,23.9205,24.0832,31.1294,24.4840,31.3741,24.0646,31.2517,25.9138

297.8570,24.2353,24.3195,23.7564,23.9152,24.0859,31.1542,24.4797,31.3848,24.0625,31.2695,25.9164

298.8570,24.2234,24.3051,23.7770,23.9245,24.0589,31.1269,24.4913,31.3828,24.0578,31.2548,25.9112

299.8580,24.2203,24.3176,23.7568,23.9389,24.0624,31.1191,24.4863,31.3971,24.0592,31.2581,25.9123

300.8570,24.2271,24.3228,23.7758,23.9243,24.0830,31.1189,24.4883,31.3988,24.0666,31.2588,25.9174

301.8570,24.2126,24.3010,23.7492,23.9379,24.0845,31.1396,24.4702,31.3970,24.0570,31.2683,25.9115

302.8580,24.2204,24.3401,23.7563,23.9322,24.0965,31.1601,24.4862,31.3742,24.0691,31.2671,25.9207

303.8570,24.2146,24.3294,23.7559,23.9204,24.0870,31.1468,24.4787,31.4093,24.0614,31.2781,25.9178

304.8570,24.2092,24.3256,23.7469,23.9247,24.0816,31.1664,24.4688,31.3983,24.0576,31.2823,25.9152

305.8570,24.2437,24.3121,23.7675,23.9391,24.0877,31.1499,24.4832,31.3913,24.0700,31.2706,25.9218

306.8580,24.2124,24.3265,23.7497,23.9327,24.0919,31.1451,24.4839,31.3874,24.0626,31.2663,25.9162

307.8570,24.2240,24.3106,23.7749,23.9442,24.0746,31.1476,24.4750,31.4092,24.0656,31.2784,25.9200

308.8580,24.2226,24.3076,23.7582,23.9265,24.0902,31.1538,24.4825,31.4083,24.0610,31.2810,25.9187

309.8570,24.2278,24.3127,23.7563,23.9359,24.0897,31.1914,24.4857,31.3966,24.0645,31.2940,25.9245

310.8580,24.2291,24.3187,23.7533,23.9344,24.0835,31.1607,24.5092,31.3927,24.0638,31.2767,25.9227

311.8570,24.2491,24.3361,23.7565,23.9348,24.0893,31.1684,24.4699,31.4036,24.0731,31.2860,25.9259

312.8580,24.2268,24.3189,23.7534,23.9260,24.0926,31.1937,24.4706,31.4045,24.0636,31.2991,25.9233

313.8570,24.2315,24.3213,23.7586,23.9199,24.0892,31.1866,24.4876,31.3857,24.0641,31.2861,25.9226

314.8570,24.2208,24.3268,23.7504,23.9268,24.0908,31.1849,24.4884,31.4216,24.0631,31.3032,25.9263

315.8570,24.2389,24.3295,23.7621,23.9503,24.0725,31.2217,24.4713,31.4245,24.0707,31.3231,25.9338

316.8570,24.2161,24.3303,23.7630,23.9341,24.0894,31.2042,24.4768,31.4206,24.0666,31.3124,25.9293

317.8570,24.2395,24.3165,23.7519,23.9264,24.0665,31.1730,24.4909,31.3956,24.0602,31.2843,25.9200

318.8570,24.2484,24.3276,23.7541,23.9323,24.0777,31.1987,24.4925,31.4339,24.0680,31.3163,25.9331

319.8570,24.2377,24.3113,23.7615,23.9416,24.0864,31.2139,24.4947,31.4162,24.0677,31.3151,25.9329

320.8580,24.2409,24.3433,23.7618,23.9330,24.0901,31.2312,24.4624,31.4115,24.0738,31.3214,25.9343

321.8570,24.2404,24.3417,23.7521,23.9394,24.0868,31.2307,24.4863,31.4434,24.0721,31.3370,25.9401

322.8570,24.2440,24.3361,23.7659,23.9408,24.0743,31.2155,24.4698,31.4198,24.0722,31.3176,25.9333

323.8580,24.2473,24.3320,23.7807,23.9159,24.1107,31.2056,24.4761,31.4409,24.0773,31.3232,25.9386

324.8570,24.2349,24.3121,23.7438,23.9353,24.0870,31.2078,24.4766,31.4262,24.0626,31.3170,25.9280

325.8570,24.2129,24.3216,23.7533,23.9406,24.0881,31.2118,24.4809,31.4268,24.0633,31.3193,25.9295

326.8570,24.2293,24.3188,23.7618,23.9321,24.0751,31.2210,24.4762,31.4271,24.0634,31.3241,25.9302

327.8580,24.2317,24.3332,23.7678,23.9442,24.1026,31.2037,24.4854,31.4422,24.0759,31.3230,25.9389

328.8580,24.2445,24.3445,23.7554,23.9521,24.1050,31.2159,24.4919,31.4465,24.0803,31.3312,25.9445

329.8570,24.2356,24.3452,23.7528,23.9349,24.0791,31.2263,24.4794,31.4583,24.0695,31.3423,25.9390

330.8580,24.2270,24.3440,23.7620,23.9246,24.0946,31.2366,24.4716,31.4549,24.0704,31.3458,25.9394

331.8580,24.2331,24.3157,23.7483,23.9649,24.0780,31.2427,24.4773,31.4620,24.0680,31.3523,25.9402

332.8570,24.2525,24.3270,23.7592,23.9242,24.1036,31.2370,24.4806,31.4535,24.0733,31.3453,25.9422

333.8580,24.2237,24.3352,23.7594,23.9230,24.0946,31.2441,24.4950,31.4704,24.0672,31.3572,25.9432

334.8570,24.2497,24.3195,23.7639,23.9455,24.1026,31.2586,24.4830,31.4620,24.0762,31.3603,25.9481

335.8570,24.2411,24.3353,23.7514,23.9335,24.0997,31.2506,24.4818,31.4736,24.0722,31.3621,25.9459

336.8570,24.2409,24.3202,23.7618,23.9226,24.0768,31.2541,24.4970,31.4631,24.0645,31.3586,25.9421

337.8580,24.2547,24.3370,23.7455,23.9498,24.0992,31.2637,24.4797,31.4614,24.0772,31.3625,25.9489

338.8570,24.2638,24.3264,23.7548,23.9378,24.0794,31.2652,24.4819,31.4572,24.0724,31.3612,25.9458

339.8570,24.2433,24.3321,23.7823,23.9331,24.0868,31.2594,24.5018,31.4317,24.0755,31.3455,25.9463

340.8570,24.2691,24.3107,23.7684,23.9198,24.0956,31.2639,24.5088,31.4729,24.0727,31.3684,25.9512

341.8570,24.2612,24.3394,23.7626,23.9494,24.0678,31.2795,24.4902,31.4664,24.0761,31.3729,25.9521

342.8570,24.2564,24.3446,23.7740,23.9380,24.0834,31.2917,24.4940,31.4687,24.0793,31.3802,25.9563

343.8570,24.2551,24.3241,23.7719,23.9284,24.1005,31.2711,24.4753,31.4852,24.0760,31.3782,25.9515

344.8570,24.2603,24.3208,23.7553,23.9326,24.0892,31.2697,24.5008,31.4890,24.0717,31.3794,25.9522

345.8570,24.2587,24.3158,23.7768,23.9489,24.0781,31.3019,24.5110,31.4874,24.0756,31.3946,25.9598

346.8570,24.2533,24.3236,23.7615,23.9279,24.0912,31.2886,24.4872,31.4792,24.0715,31.3839,25.9516

347.8570,24.2690,24.3251,23.7686,23.9492,24.0794,31.2722,24.4929,31.4844,24.0783,31.3783,25.9551

348.8570,24.2655,24.3265,23.7634,23.9407,24.0869,31.2768,24.4995,31.4909,24.0766,31.3838,25.9563

349.8580,24.2471,24.3142,23.7610,23.9393,24.1067,31.2927,24.4919,31.4852,24.0737,31.3890,25.9548

350.8570,24.2551,24.3351,23.7753,23.9602,24.1242,31.3073,24.4670,31.4890,24.0900,31.3982,25.9642

351.8570,24.2607,24.3278,23.7562,23.9449,24.1137,31.3039,24.4828,31.4880,24.0806,31.3959,25.9597

352.8570,24.2671,24.3341,23.7502,23.9441,24.0861,31.2929,24.4977,31.5028,24.0763,31.3979,25.9594

353.8570,24.2404,24.3454,23.7682,23.9304,24.0763,31.3053,24.5198,31.4828,24.0721,31.3940,25.9586

354.8570,24.2657,24.3285,23.7517,23.9342,24.1149,31.3075,24.4962,31.5033,24.0790,31.4054,25.9627

355.8570,24.2576,24.3436,23.7606,23.9493,24.0893,31.3121,24.4986,31.4741,24.0801,31.3931,25.9607

356.8570,24.2646,24.3269,23.7562,23.9449,24.0973,31.2942,24.5051,31.5050,24.0780,31.3996,25.9618

357.8570,24.2576,24.3161,23.7592,23.9620,24.0954,31.3224,24.5061,31.4858,24.0781,31.4041,25.9631

358.8580,24.2567,24.3434,23.7529,23.9387,24.0747,31.3328,24.4856,31.4728,24.0733,31.4028,25.9572

359.8580,24.2614,24.3207,23.7714,23.9364,24.0870,31.3225,24.4923,31.4967,24.0754,31.4096,25.9610

360.8570,24.2614,24.3331,23.7691,23.9379,24.0912,31.3186,24.4905,31.5027,24.0785,31.4107,25.9631

361.8570,24.2577,24.3438,23.7509,23.9301,24.0899,31.3187,24.4931,31.5300,24.0745,31.4244,25.9643

362.8570,24.2491,24.3360,23.7535,23.9247,24.0837,31.3276,24.4707,31.5272,24.0694,31.4274,25.9591

363.8570,24.2541,24.3374,23.7601,23.9228,24.0862,31.3391,24.5000,31.4931,24.0721,31.4161,25.9616

364.8570,24.2796,24.3353,23.7698,23.9462,24.0759,31.3161,24.4823,31.5199,24.0814,31.4180,25.9656

365.8570,24.2563,24.3237,23.7804,23.9341,24.0847,31.3235,24.5061,31.5202,24.0758,31.4218,25.9661

366.8570,24.2641,24.3358,23.7491,23.9340,24.0872,31.3687,24.5069,31.5326,24.0741,31.4507,25.9723

367.8580,24.2560,24.3371,23.7631,23.9282,24.0740,31.3607,24.4869,31.5157,24.0717,31.4382,25.9652

368.8570,24.2425,24.3405,23.7614,23.9585,24.0917,31.3323,24.4885,31.5403,24.0789,31.4363,25.9694

369.8570,24.2481,24.3242,23.7455,23.9233,24.0973,31.3581,24.4872,31.5234,24.0677,31.4407,25.9634

370.8570,24.2573,24.3206,23.7721,23.9504,24.1108,31.3583,24.4751,31.5306,24.0822,31.4445,25.9719

371.8570,24.2524,24.3460,23.7526,23.9347,24.0930,31.3435,24.4934,31.5238,24.0757,31.4337,25.9674

372.8570,24.2474,24.3260,23.7695,23.9445,24.0791,31.3583,24.4966,31.5118,24.0733,31.4351,25.9667

373.8580,24.2332,24.3377,23.7585,23.9349,24.0824,31.3512,24.4767,31.5151,24.0693,31.4332,25.9612

374.8580,24.2746,24.3249,23.7509,23.9382,24.1044,31.3599,24.4870,31.4942,24.0786,31.4271,25.9668

375.8570,24.2712,24.3427,23.7839,23.9220,24.0944,31.3420,24.4968,31.5369,24.0828,31.4394,25.9737

376.8580,24.2627,24.3345,23.7766,23.9497,24.1020,31.3444,24.4758,31.5266,24.0851,31.4355,25.9715

377.8580,24.2558,24.3394,23.7597,23.9579,24.0941,31.3685,24.5034,31.5286,24.0814,31.4485,25.9759

378.8570,24.2496,24.3484,23.7536,23.9371,24.0922,31.3756,24.4883,31.5493,24.0762,31.4624,25.9743

379.8570,24.2694,24.3295,23.7489,23.9480,24.1228,31.3768,24.4736,31.5167,24.0837,31.4468,25.9732

380.8570,24.2569,24.3416,23.7492,23.9388,24.0805,31.3644,24.4754,31.5236,24.0734,31.4440,25.9663

381.8570,24.2717,24.3225,23.7533,23.9330,24.0873,31.3782,24.4846,31.5209,24.0735,31.4495,25.9689

382.8570,24.2638,24.3390,23.7651,23.9547,24.0932,31.3737,24.5007,31.5216,24.0832,31.4476,25.9765

383.8580,24.2507,24.3310,23.7707,23.9400,24.0853,31.3386,24.4860,31.5297,24.0755,31.4342,25.9665

384.8570,24.2786,24.3514,23.7505,23.9396,24.0781,31.3733,24.4828,31.5245,24.0796,31.4489,25.9724

385.8580,24.2660,24.3440,23.7620,23.9511,24.0826,31.3693,24.4933,31.5303,24.0811,31.4498,25.9748

386.8570,24.2538,24.3317,23.7587,23.9431,24.0978,31.3802,24.5056,31.5323,24.0770,31.4562,25.9754

387.8580,24.2468,24.3429,23.7599,23.9476,24.0738,31.3840,24.4752,31.5197,24.0742,31.4519,25.9688

388.8570,24.2575,24.3321,23.7643,23.9331,24.1161,31.3946,24.4805,31.5214,24.0806,31.4580,25.9749

389.8570,24.2660,24.3386,23.7580,23.9358,24.0774,31.3867,24.4752,31.5238,24.0752,31.4552,25.9702

390.8570,24.2507,24.3306,23.7439,23.9378,24.0839,31.3762,24.4951,31.5147,24.0694,31.4454,25.9666

391.8570,24.2677,24.3497,23.7662,23.9450,24.1069,31.3855,24.4877,31.5127,24.0871,31.4491,25.9777

392.8580,24.2641,24.3403,23.7583,23.9261,24.0868,31.4063,24.4844,31.5284,24.0751,31.4674,25.9743

393.8570,24.2435,24.3430,23.7766,23.9473,24.0903,31.3760,24.4914,31.5281,24.0801,31.4520,25.9745

394.8570,24.2752,24.3311,23.7732,23.9454,24.1098,31.3869,24.4833,31.5184,24.0869,31.4526,25.9779

395.8570,24.2553,24.3354,23.7548,23.9350,24.0761,31.4009,24.4791,31.5140,24.0713,31.4574,25.9688

396.8580,24.2667,24.3582,23.7729,23.9413,24.1050,31.4005,24.4840,31.5061,24.0888,31.4533,25.9794

397.8570,24.2603,24.3326,23.7577,23.9407,24.0830,31.3923,24.4725,31.5378,24.0749,31.4650,25.9721

398.8570,24.2672,24.3262,23.7579,23.9333,24.0984,31.3925,24.4855,31.5014,24.0766,31.4470,25.9703

399.8570,24.2735,24.3411,23.7738,23.9450,24.1094,31.3983,24.4924,31.5274,24.0886,31.4629,25.9826

400.8570,24.2822,24.3618,23.7528,23.9401,24.1063,31.3957,24.5069,31.5262,24.0886,31.4609,25.9840

401.8570,24.2681,24.3475,23.7551,23.9556,24.0871,31.3953,24.4784,31.5306,24.0827,31.4629,25.9772

402.8570,24.2572,24.3320,23.7542,23.9405,24.1248,31.3953,24.4728,31.5037,24.0818,31.4495,25.9726

403.8570,24.2714,24.3320,23.7533,23.9373,24.0960,31.4019,24.5007,31.5338,24.0780,31.4678,25.9783

404.8570,24.2606,24.3428,23.7655,23.9319,24.1188,31.4081,24.4893,31.5114,24.0839,31.4597,25.9785

405.8570,24.2854,24.3531,23.7588,23.9338,24.1000,31.4092,24.4906,31.5242,24.0862,31.4667,25.9819

406.8570,24.2889,24.3264,23.7604,23.9430,24.1168,31.4352,24.4786,31.5178,24.0871,31.4765,25.9834

407.8580,24.2659,24.3430,23.7724,23.9455,24.1009,31.4227,24.4877,31.4992,24.0855,31.4610,25.9797

408.8570,24.2781,24.3178,23.7325,23.9368,24.1141,31.4320,24.4903,31.5128,24.0759,31.4724,25.9768

409.8570,24.2667,24.3311,23.7770,23.9306,24.0842,31.4141,24.4932,31.5042,24.0779,31.4592,25.9751

410.8570,24.2522,24.3465,23.7702,23.9588,24.0948,31.4129,24.4812,31.5237,24.0845,31.4683,25.9800

411.8580,24.2718,24.3280,23.7819,23.9394,24.0946,31.4173,24.4896,31.5018,24.0831,31.4596,25.9781

412.8570,24.2680,24.3348,23.7669,23.9386,24.0898,31.4210,24.4950,31.5008,24.0796,31.4609,25.9769

413.8570,24.3102,24.3484,23.7707,23.9418,24.1169,31.3930,24.5067,31.5184,24.0976,31.4557,25.9883

414.8570,24.2650,24.3457,23.7651,23.9330,24.1293,31.4128,24.4988,31.5039,24.0876,31.4584,25.9817

415.8580,24.2924,24.3358,23.7737,23.9803,24.1108,31.3955,24.5064,31.5049,24.0986,31.4502,25.9875

416.8570,24.2585,24.3279,23.7743,23.9549,24.1134,31.4154,24.4919,31.4914,24.0858,31.4534,25.9785

417.8570,24.2782,24.3343,23.7599,23.9343,24.1014,31.4138,24.4922,31.5091,24.0816,31.4615,25.9779

418.8570,24.2625,24.3287,23.7490,23.9448,24.1132,31.4377,24.4813,31.4931,24.0796,31.4654,25.9763

419.8570,24.2852,24.3400,23.7523,23.9533,24.0900,31.4231,24.4903,31.4992,24.0841,31.4611,25.9792

420.8570,24.2634,24.3322,23.7705,23.9422,24.0914,31.4245,24.4971,31.4879,24.0799,31.4562,25.9761

421.8580,24.2881,24.3188,23.7614,23.9439,24.0995,31.4142,24.5055,31.5110,24.0824,31.4626,25.9803

422.8570,24.2869,24.3321,23.7633,23.9369,24.0931,31.4360,24.4852,31.4802,24.0825,31.4581,25.9767

423.8570,24.2629,24.3453,23.7586,23.9269,24.1036,31.4272,24.5003,31.4934,24.0795,31.4603,25.9773

424.8570,24.2618,24.3353,23.7745,23.9438,24.1053,31.4430,24.4922,31.4848,24.0842,31.4639,25.9801

425.8580,24.2675,24.3481,23.7784,23.9543,24.0997,31.4097,24.5102,31.5196,24.0896,31.4647,25.9859

426.8570,24.2678,24.3301,23.7628,23.9406,24.0835,31.4166,24.4984,31.4950,24.0769,31.4558,25.9743

427.8570,24.2899,24.3163,23.7646,23.9424,24.0946,31.4334,24.4978,31.4742,24.0815,31.4538,25.9766

428.8570,24.2941,24.3391,23.7595,23.9307,24.0942,31.4367,24.5069,31.4986,24.0835,31.4677,25.9825

429.8570,24.2714,24.3434,23.7491,23.9491,24.1121,31.4281,24.4785,31.4896,24.0850,31.4589,25.9777

430.8570,24.2957,24.3272,23.7604,23.9547,24.0991,31.4242,24.5078,31.4824,24.0874,31.4533,25.9814

431.8570,24.2950,24.3587,23.7677,23.9484,24.1036,31.4403,24.4906,31.4793,24.0947,31.4598,25.9855

432.8570,24.2887,24.3344,23.7415,23.9297,24.1199,31.4195,24.4804,31.4552,24.0828,31.4374,25.9712

433.8570,24.2951,24.3533,23.7637,23.9467,24.1027,31.4189,24.4936,31.4625,24.0923,31.4407,25.9796

434.8570,24.2830,24.3277,23.7499,23.9452,24.1077,31.4101,24.5030,31.4895,24.0827,31.4498,25.9770

435.8570,24.2986,24.3441,23.7579,23.9494,24.0982,31.4266,24.4883,31.4787,24.0896,31.4526,25.9802

436.8570,24.2659,24.3336,23.7530,23.9435,24.1170,31.4091,24.5042,31.4640,24.0826,31.4366,25.9738

437.8570,24.2596,24.3307,23.7524,23.9388,24.0974,31.4136,24.5079,31.4915,24.0758,31.4526,25.9740

438.8570,24.3054,24.3383,23.7696,23.9497,24.1163,31.4187,24.5033,31.4718,24.0959,31.4452,25.9841

439.8580,24.2824,24.3549,23.7729,23.9639,24.1027,31.4170,24.4901,31.4752,24.0954,31.4461,25.9824

440.8570,24.2816,24.3377,23.7576,23.9699,24.1119,31.4252,24.5178,31.4575,24.0917,31.4414,25.9824

441.8570,24.2836,24.3361,23.7626,23.9493,24.0969,31.4187,24.4821,31.4971,24.0857,31.4579,25.9783

442.8570,24.2906,24.3302,23.7638,23.9482,24.0925,31.4275,24.4890,31.4749,24.0851,31.4512,25.9771

443.8570,24.2907,24.3582,23.7738,23.9502,24.1054,31.4140,24.4910,31.4802,24.0957,31.4471,25.9829

444.8570,24.2927,24.3530,23.7643,23.9450,24.0999,31.4202,24.4933,31.4860,24.0910,31.4531,25.9818

445.8570,24.2941,24.3410,23.7552,23.9240,24.1169,31.4231,24.4903,31.4700,24.0862,31.4465,25.9768

446.8570,24.2697,24.3410,23.7585,23.9434,24.0971,31.4044,24.4950,31.4922,24.0819,31.4483,25.9752

447.8580,24.2820,24.3458,23.7610,23.9558,24.0934,31.4026,24.4928,31.4730,24.0876,31.4378,25.9758

448.8570,24.2971,24.3341,23.7715,23.9403,24.1099,31.3917,24.4981,31.4697,24.0906,31.4307,25.9766

449.8570,24.2854,24.3320,23.7590,23.9590,24.0731,31.4120,24.4894,31.4848,24.0817,31.4484,25.9744

450.8570,24.2871,24.3608,23.7462,23.9472,24.0829,31.4259,24.5055,31.4569,24.0848,31.4414,25.9766

451.8570,24.2936,24.3597,23.7560,23.9451,24.1097,31.4131,24.4883,31.4582,24.0928,31.4357,25.9780

452.8570,24.2877,24.3288,23.7657,23.9364,24.1066,31.4129,24.4951,31.4730,24.0850,31.4429,25.9758

453.8570,24.2817,24.3274,23.7686,23.9440,24.1196,31.4304,24.4928,31.4459,24.0883,31.4382,25.9763

454.8580,24.2985,24.3365,23.7691,23.9479,24.1023,31.3982,24.5080,31.4659,24.0909,31.4321,25.9783

455.8570,24.3028,24.3304,23.7664,23.9366,24.1076,31.3767,24.4887,31.4519,24.0888,31.4143,25.9701

456.8570,24.2820,24.3355,23.7837,23.9322,24.0977,31.3904,24.4900,31.4397,24.0862,31.4150,25.9689

457.8570,24.3008,24.3297,23.7524,23.9363,24.1160,31.4222,24.4890,31.4499,24.0870,31.4360,25.9745

458.8570,24.3065,24.3213,23.7615,23.9417,24.1093,31.4165,24.4919,31.4428,24.0881,31.4297,25.9739

459.8570,24.2930,24.3454,23.7761,23.9468,24.1214,31.4018,24.5037,31.4539,24.0966,31.4278,25.9803

460.8570,24.3187,24.3464,23.7554,23.9271,24.0980,31.3954,24.4934,31.4409,24.0891,31.4181,25.9719

461.8570,24.3182,24.3360,23.7818,23.9445,24.1055,31.4089,24.5118,31.4676,24.0972,31.4383,25.9843

462.8570,24.3103,24.3381,23.7722,23.9566,24.1071,31.4105,24.4988,31.4570,24.0968,31.4337,25.9813

463.8570,24.3214,24.3457,23.7476,23.9713,24.1342,31.3971,24.4993,31.4595,24.1041,31.4283,25.9845

464.8570,24.3144,24.3325,23.7798,23.9661,24.1003,31.3967,24.4941,31.4540,24.0986,31.4253,25.9797

465.8570,24.3132,24.3419,23.7703,23.9320,24.1132,31.4044,24.4898,31.4222,24.0941,31.4133,25.9734

466.8580,24.2947,24.3384,23.7673,23.9333,24.1084,31.3846,24.4916,31.4245,24.0884,31.4046,25.9678

467.8570,24.3034,24.3537,23.7457,23.9401,24.1096,31.3849,24.4771,31.4501,24.0905,31.4175,25.9706

468.8570,24.3122,24.3434,23.7690,23.9619,24.1406,31.4034,24.4923,31.4466,24.1054,31.4250,25.9837

469.8570,24.2988,24.3491,23.7676,23.9577,24.1367,31.3911,24.4938,31.4282,24.1020,31.4096,25.9779

470.8580,24.2981,24.3356,23.7640,23.9319,24.1090,31.4007,24.4883,31.4232,24.0877,31.4119,25.9688

471.8570,24.3083,24.3487,23.7771,23.9355,24.1434,31.3921,24.4871,31.4306,24.1026,31.4113,25.9778

472.8570,24.3004,24.3415,23.7619,23.9524,24.1147,31.3800,24.4838,31.4373,24.0942,31.4086,25.9715

473.8570,24.2963,24.3435,23.7492,23.9469,24.1129,31.4116,24.4759,31.4477,24.0898,31.4297,25.9730

474.8570,24.3003,24.3479,23.7749,23.9385,24.1169,31.3841,24.5072,31.4245,24.0957,31.4043,25.9743

475.8570,24.3143,24.3331,23.7568,23.9578,24.1119,31.3980,24.4962,31.4449,24.0948,31.4214,25.9766

476.8570,24.3060,24.3338,23.7461,23.9452,24.1250,31.3902,24.5011,31.4315,24.0912,31.4109,25.9724

477.8570,24.3106,24.3320,23.7538,23.9306,24.1268,31.3798,24.4856,31.4469,24.0908,31.4134,25.9708

478.8580,24.2917,24.3467,23.7755,23.9514,24.1215,31.3985,24.5074,31.4257,24.0974,31.4121,25.9773

479.8570,24.2942,24.3344,23.7751,23.9392,24.1146,31.3935,24.4866,31.4410,24.0915,31.4173,25.9723

480.8570,24.2986,24.3402,23.7780,23.9416,24.1142,31.3800,24.4895,31.4129,24.0945,31.3965,25.9694

481.8570,24.3011,24.3414,23.7462,23.9495,24.1182,31.3891,24.4998,31.4347,24.0913,31.4119,25.9725

482.8570,24.3015,24.3481,23.7713,23.9354,24.1261,31.3641,24.5045,31.4205,24.0965,31.3923,25.9714

483.8570,24.2972,24.3455,23.7668,23.9522,24.1294,31.3678,24.5038,31.4153,24.0982,31.3916,25.9723

484.8570,24.2785,24.3341,23.7554,23.9545,24.1405,31.3920,24.4877,31.4113,24.0926,31.4016,25.9692

485.8570,24.2928,24.3409,23.7717,23.9603,24.1349,31.3762,24.4822,31.4325,24.1001,31.4044,25.9739

486.8580,24.3138,24.3298,23.7733,23.9421,24.1318,31.3862,24.5018,31.4177,24.0982,31.4020,25.9746

487.8570,24.3130,24.3246,23.7624,23.9577,24.1088,31.3709,24.5028,31.4258,24.0933,31.3983,25.9707

488.8570,24.3241,24.3480,23.7612,23.9495,24.1105,31.3852,24.4836,31.4031,24.0987,31.3941,25.9706

489.8570,24.3108,24.3293,23.7667,23.9403,24.0915,31.3720,24.5061,31.4044,24.0877,31.3882,25.9651

490.8570,24.3191,24.3285,23.7687,23.9654,24.1347,31.3629,24.5157,31.4112,24.1033,31.3870,25.9758

491.8580,24.3163,24.3276,23.7692,23.9584,24.1196,31.3793,24.5010,31.4056,24.0982,31.3924,25.9721

492.8570,24.3200,24.3647,23.7572,23.9577,24.1215,31.3853,24.5084,31.3830,24.1042,31.3842,25.9747

493.8570,24.3152,24.3523,23.7641,23.9566,24.1209,31.3791,24.4959,31.4049,24.1018,31.3920,25.9736

494.8570,24.3006,24.3276,23.7527,23.9437,24.1243,31.3910,24.5100,31.4116,24.0898,31.4013,25.9702

495.8570,24.3057,24.3385,23.7622,23.9395,24.1308,31.3688,24.5124,31.4144,24.0953,31.3916,25.9715

496.8580,24.3433,24.3364,23.7615,23.9596,24.1656,31.3662,24.5221,31.3737,24.1133,31.3700,25.9785

497.8570,24.3188,24.3324,23.7636,23.9386,24.1335,31.3780,24.5002,31.4231,24.0974,31.4006,25.9735

498.8580,24.3050,24.3520,23.7662,23.9657,24.1225,31.3789,24.4853,31.3850,24.1023,31.3820,25.9701

499.8570,24.3108,24.3579,23.7490,23.9552,24.1146,31.3461,24.5007,31.3936,24.0975,31.3698,25.9660

500.8570,24.3256,24.3529,23.7742,23.9241,24.1205,31.3637,24.5093,31.3933,24.0995,31.3785,25.9705

501.8570,24.3469,24.3527,23.7532,23.9400,24.1280,31.3735,24.4969,31.3811,24.1042,31.3773,25.9715

502.8570,24.3041,24.3376,23.7717,23.9551,24.1207,31.3385,24.5054,31.3996,24.0978,31.3691,25.9666

503.8580,24.3133,24.3559,23.7654,23.9423,24.1351,31.3468,24.4878,31.3918,24.1024,31.3693,25.9673

504.8580,24.3172,24.3670,23.7647,23.9624,24.1050,31.3905,24.5112,31.3952,24.1033,31.3929,25.9767

505.8570,24.3337,24.3451,23.7745,23.9646,24.1385,31.3788,24.4878,31.4079,24.1113,31.3933,25.9788

506.8570,24.3223,24.3639,23.7672,23.9497,24.1408,31.3604,24.4929,31.4017,24.1088,31.3811,25.9749

507.8570,24.3393,24.3397,23.7629,23.9567,24.1257,31.3670,24.5051,31.3980,24.1048,31.3825,25.9743

508.8570,24.3437,24.3607,23.7532,23.9433,24.1291,31.3685,24.5020,31.3760,24.1060,31.3722,25.9721

509.8570,24.3422,24.3353,23.7675,23.9510,24.1257,31.3693,24.5031,31.3820,24.1043,31.3757,25.9720

510.8570,24.3381,24.3398,23.7810,23.9413,24.1150,31.3681,24.4996,31.3850,24.1030,31.3765,25.9710

511.8570,24.3271,24.3633,23.7520,23.9497,24.1111,31.3605,24.5155,31.3642,24.1006,31.3624,25.9679

512.8570,24.3273,24.3576,23.7751,23.9482,24.1264,31.3513,24.4933,31.3879,24.1069,31.3696,25.9709

513.8570,24.3318,24.3456,23.7390,23.9528,24.1432,31.3314,24.4789,31.3825,24.1025,31.3570,25.9632

514.8570,24.3269,24.3718,23.7468,23.9667,24.1236,31.3635,24.5037,31.3785,24.1071,31.3710,25.9727

515.8570,24.3345,24.3334,23.7841,23.9694,24.1407,31.3528,24.4799,31.3716,24.1124,31.3622,25.9708

516.8570,24.3556,24.3150,23.7779,23.9453,24.1448,31.3733,24.5031,31.3569,24.1077,31.3651,25.9715

517.8570,24.3364,24.3476,23.7694,23.9505,24.1199,31.3472,24.5126,31.3744,24.1048,31.3608,25.9698

518.8580,24.3210,24.3266,23.7616,23.9494,24.1513,31.3535,24.4793,31.3615,24.1020,31.3575,25.9630

519.8570,24.3549,24.3429,23.7642,23.9377,24.1228,31.3467,24.5102,31.3608,24.1045,31.3538,25.9675

520.8570,24.3206,24.3543,23.7666,23.9581,24.1273,31.3456,24.5046,31.3751,24.1054,31.3603,25.9690

521.8580,24.3316,24.3403,23.7630,23.9437,24.1382,31.3410,24.5029,31.3748,24.1034,31.3579,25.9669

522.8570,24.3233,24.3628,23.7681,23.9605,24.1285,31.3337,24.4852,31.3557,24.1086,31.3447,25.9647

523.8570,24.3353,24.3605,23.7719,23.9662,24.1576,31.3376,24.4952,31.3705,24.1183,31.3541,25.9743

524.8570,24.3140,24.3483,23.7611,23.9521,24.1532,31.3390,24.4891,31.3704,24.1057,31.3547,25.9659

525.8570,24.3093,24.3568,23.7819,23.9668,24.1245,31.3503,24.4839,31.3710,24.1078,31.3607,25.9681

526.8580,24.3496,24.3521,23.7587,23.9431,24.1090,31.3387,24.5128,31.3636,24.1025,31.3511,25.9660

527.8580,24.3247,24.3374,23.7701,23.9332,24.1157,31.3393,24.4962,31.3740,24.0962,31.3567,25.9613

528.8570,24.3455,24.3455,23.7687,23.9621,24.1536,31.3229,24.4863,31.3882,24.1151,31.3555,25.9716

529.8570,24.3293,24.3410,23.7727,23.9528,24.1364,31.3190,24.4917,31.3570,24.1064,31.3380,25.9625

530.8570,24.3036,24.3388,23.7559,23.9682,24.1178,31.3244,24.4986,31.3822,24.0969,31.3533,25.9612

531.8570,24.3357,24.3546,23.7806,23.9537,24.1074,31.3460,24.5025,31.3493,24.1064,31.3477,25.9662

532.8570,24.3389,24.3324,23.7665,23.9513,24.1163,31.3431,24.4855,31.3525,24.1011,31.3478,25.9608

533.8570,24.3444,24.3540,23.7711,23.9418,24.1246,31.3565,24.4778,31.3711,24.1072,31.3638,25.9677

534.8570,24.3296,24.3442,23.7480,23.9504,24.1226,31.3146,24.4888,31.3747,24.0990,31.3447,25.9591

535.8570,24.3530,24.3502,23.7578,23.9612,24.1384,31.3444,24.5076,31.3481,24.1121,31.3463,25.9701

536.8570,24.3202,24.3678,23.7712,23.9556,24.1151,31.3677,24.4921,31.3705,24.1060,31.3691,25.9700

537.8570,24.3314,24.3326,23.7676,23.9496,24.1428,31.3201,24.4985,31.3337,24.1048,31.3269,25.9595

538.8570,24.3353,24.3636,23.7665,23.9268,24.1339,31.3291,24.5111,31.3784,24.1052,31.3538,25.9681

539.8570,24.3518,24.3502,23.7474,23.9564,24.1467,31.3085,24.4854,31.3540,24.1105,31.3313,25.9626

540.8570,24.3327,24.3464,23.7644,23.9379,24.1332,31.3364,24.4906,31.3674,24.1029,31.3519,25.9636

541.8570,24.3481,24.3620,23.7738,23.9379,24.1463,31.3048,24.4957,31.3677,24.1136,31.3363,25.9671

542.8570,24.3513,24.3554,23.7729,23.9488,24.1154,31.3201,24.4892,31.3742,24.1088,31.3471,25.9659

543.8570,24.3535,24.3477,23.7642,23.9520,24.1276,31.3083,24.5060,31.3632,24.1090,31.3358,25.9653

544.8570,24.3343,24.3557,23.7723,23.9440,24.1353,31.2991,24.4909,31.3704,24.1083,31.3348,25.9628

545.8570,24.3541,24.3590,23.7477,23.9487,24.1097,31.3005,24.4848,31.3624,24.1039,31.3314,25.9584

546.8580,24.3532,24.3371,23.7523,23.9376,24.1201,31.3019,24.5002,31.3380,24.1001,31.3199,25.9550

547.8570,24.3333,24.3460,23.7607,23.9489,24.1343,31.2990,24.4831,31.3469,24.1046,31.3229,25.9565

548.8570,24.3538,24.3353,23.7566,23.9386,24.1193,31.2883,24.5054,31.3358,24.1007,31.3121,25.9541

549.8570,24.3647,24.3503,23.7697,23.9376,24.1340,31.3124,24.4939,31.3260,24.1112,31.3192,25.9611

550.8570,24.3246,24.3468,23.7539,23.9322,24.1270,31.3097,24.4975,31.3313,24.0969,31.3205,25.9529

551.8570,24.3539,24.3474,23.7701,23.9351,24.1322,31.3171,24.4854,31.3598,24.1077,31.3385,25.9626

552.8570,24.3595,24.3615,23.7629,23.9502,24.1118,31.2833,24.5250,31.3401,24.1092,31.3117,25.9618

553.8570,24.3641,24.3373,23.7482,23.9497,24.1315,31.3169,24.5103,31.3376,24.1062,31.3272,25.9620

554.8570,24.3606,24.3640,23.7545,23.9697,24.1087,31.3102,24.4921,31.3262,24.1115,31.3182,25.9607

555.8570,24.3706,24.3523,23.7699,23.9462,24.1276,31.2966,24.4946,31.3431,24.1133,31.3198,25.9626

556.8580,24.3597,24.3488,23.7658,23.9762,24.1456,31.2816,24.4740,31.3220,24.1192,31.3018,25.9592

557.8570,24.3614,24.3392,23.7733,23.9511,24.1373,31.2804,24.5013,31.3208,24.1124,31.3006,25.9581

558.8580,24.3388,24.3536,23.7527,23.9456,24.1261,31.2857,24.5025,31.3387,24.1033,31.3122,25.9555

559.8570,24.3686,24.3429,23.7624,23.9747,24.1323,31.2885,24.4913,31.3317,24.1162,31.3101,25.9616

560.8580,24.3802,24.3528,23.7704,23.9624,24.1533,31.2756,24.4970,31.3470,24.1238,31.3113,25.9673

561.8570,24.3644,24.3570,23.7760,23.9415,24.1375,31.2905,24.5205,31.3351,24.1153,31.3128,25.9653

562.8570,24.3668,24.3583,23.7631,23.9522,24.1489,31.2868,24.4949,31.3361,24.1179,31.3114,25.9634

563.8570,24.3440,24.3476,23.7712,23.9523,24.1327,31.3026,24.4988,31.3073,24.1096,31.3050,25.9571

564.8570,24.3409,24.3504,23.7774,23.9391,24.1206,31.2868,24.4922,31.3066,24.1057,31.2967,25.9517

565.8580,24.3783,24.3652,23.7648,23.9558,24.1349,31.2770,24.4923,31.3324,24.1198,31.3047,25.9626

566.8580,24.3384,24.3575,23.7684,23.9467,24.1271,31.2914,24.5078,31.3271,24.1077,31.3093,25.9581

567.8570,24.3697,24.3580,23.7717,23.9368,24.1527,31.2699,24.4946,31.3352,24.1178,31.3025,25.9611

568.8580,24.3419,24.3577,23.7616,23.9569,24.1315,31.2827,24.5099,31.3292,24.1099,31.3059,25.9589

569.8570,24.3622,24.3528,23.7680,23.9534,24.1207,31.2695,24.4994,31.3014,24.1114,31.2855,25.9534

570.8570,24.3702,24.3491,23.7629,23.9638,24.1495,31.2700,24.5183,31.3282,24.1191,31.2991,25.9640

571.8570,24.3317,24.3554,23.7758,23.9162,24.1525,31.2692,24.4873,31.3298,24.1063,31.2995,25.9522

572.8580,24.3217,24.3393,23.7758,23.9517,24.1260,31.2725,24.4698,31.3204,24.1029,31.2964,25.9472

573.8570,24.3715,24.3592,23.7564,23.9564,24.1139,31.2745,24.4759,31.3182,24.1115,31.2963,25.9533

574.8570,24.3597,24.3463,23.7492,23.9431,24.1422,31.2900,24.4990,31.3163,24.1081,31.3032,25.9557

575.8570,24.3465,24.3547,23.7698,23.9486,24.1399,31.2774,24.4984,31.3276,24.1119,31.3025,25.9579

576.8570,24.3552,24.3471,23.7661,23.9429,24.1222,31.2837,24.4903,31.3316,24.1067,31.3077,25.9549

577.8570,24.3591,24.3499,23.7679,23.9358,24.1374,31.2772,24.4993,31.3233,24.1101,31.3002,25.9563

578.8580,24.3483,24.3494,23.7721,23.9395,24.1408,31.2759,24.4945,31.3191,24.1100,31.2975,25.9550

579.8570,24.3635,24.3540,23.7616,23.9366,24.1385,31.2769,24.5005,31.3347,24.1108,31.3058,25.9583

580.8570,24.3700,24.3457,23.7500,23.9510,24.1346,31.2678,24.5036,31.3369,24.1102,31.3023,25.9574

581.8570,24.3599,24.3442,23.7651,23.9443,24.1481,31.2540,24.5026,31.2817,24.1123,31.2679,25.9500

582.8570,24.3459,24.3556,23.7556,23.9580,24.1298,31.2650,24.4780,31.3214,24.1090,31.2932,25.9512

583.8570,24.3730,24.3639,23.7578,23.9470,24.1404,31.2502,24.4882,31.2957,24.1164,31.2729,25.9520

584.8580,24.3793,24.3429,23.7547,23.9481,24.1292,31.2587,24.4837,31.2963,24.1108,31.2775,25.9491

585.8570,24.3579,24.3480,23.7669,23.9589,24.1381,31.2765,24.4846,31.2976,24.1140,31.2871,25.9536

586.8570,24.3734,24.3621,23.7574,23.9551,24.1465,31.2665,24.5105,31.3102,24.1189,31.2884,25.9602

587.8570,24.3899,24.3379,23.7853,23.9626,24.1408,31.2519,24.4934,31.3238,24.1233,31.2878,25.9607

588.8570,24.3962,24.3695,23.7629,23.9511,24.1357,31.2699,24.4971,31.3262,24.1231,31.2981,25.9636

589.8570,24.3638,24.3514,23.7670,23.9358,24.1577,31.2411,24.4922,31.3021,24.1152,31.2716,25.9514

590.8580,24.3599,24.3506,23.7677,23.9507,24.1453,31.2508,24.4834,31.3109,24.1148,31.2809,25.9524

591.8570,24.3817,24.3297,23.7732,23.9519,24.1420,31.2480,24.4856,31.2977,24.1157,31.2729,25.9512

592.8570,24.3750,24.3452,23.7722,23.9717,24.1226,31.2649,24.5111,31.3062,24.1174,31.2855,25.9586

593.8570,24.3593,24.3528,23.7609,23.9476,24.1390,31.2572,24.4984,31.3061,24.1119,31.2817,25.9527

594.8570,24.3532,24.3608,23.7669,23.9353,24.1395,31.2539,24.5049,31.3098,24.1111,31.2819,25.9530

595.8570,24.3804,24.3471,23.7788,23.9547,24.1554,31.2490,24.5040,31.3152,24.1233,31.2821,25.9606

596.8570,24.3718,24.3532,23.7466,23.9670,24.1444,31.2621,24.4983,31.3016,24.1166,31.2818,25.9556

597.8570,24.3712,24.3516,23.7479,23.9621,24.1424,31.2475,24.5029,31.3146,24.1150,31.2810,25.9550

598.8570,24.3713,24.3390,23.7584,23.9566,24.1297,31.2494,24.4827,31.3137,24.1110,31.2816,25.9501

599.8580,24.3842,24.3652,23.7359,23.9520,24.1427,31.2566,24.4942,31.3196,24.1160,31.2881,25.9563

600.8570,24.3624,24.3304,23.7682,23.9413,24.1597,31.2509,24.5024,31.3148,24.1124,31.2829,25.9538

601.8570,24.3697,24.3597,23.7593,23.9659,24.1475,31.2600,24.5081,31.3131,24.1204,31.2866,25.9604

602.8580,24.3679,24.3502,23.7810,23.9370,24.1415,31.2714,24.4882,31.3019,24.1155,31.2867,25.9549

603.8570,24.3624,24.3581,23.7790,23.9364,24.1483,31.2702,24.4956,31.3242,24.1168,31.2972,25.9593

604.8570,24.3695,24.3460,23.7607,23.9342,24.1511,31.2673,24.4921,31.2950,24.1123,31.2812,25.9520

605.8570,24.3822,24.3420,23.7699,23.9491,24.1378,31.2626,24.5145,31.3015,24.1162,31.2821,25.9575

606.8570,24.3625,24.3414,23.7641,23.9505,24.1574,31.2473,24.4917,31.3196,24.1152,31.2835,25.9543

607.8580,24.3735,24.3598,23.7599,23.9386,24.1522,31.2370,24.4940,31.3197,24.1168,31.2783,25.9543

608.8570,24.3761,24.3674,23.7608,23.9490,24.1402,31.2546,24.5021,31.3166,24.1187,31.2856,25.9583

609.8570,24.3803,24.3518,23.7513,23.9651,24.1596,31.2758,24.4926,31.3002,24.1216,31.2880,25.9596

610.8570,24.3706,24.3647,23.7822,23.9548,24.1636,31.2652,24.4847,31.3253,24.1272,31.2952,25.9639

611.8570,24.3702,24.3371,23.7593,23.9565,24.1405,31.2605,24.5067,31.3103,24.1127,31.2854,25.9551

612.8570,24.3944,24.3651,23.7684,23.9562,24.1670,31.2249,24.5111,31.3254,24.1302,31.2752,25.9641

613.8580,24.3780,24.3457,23.7685,23.9515,24.1762,31.2317,24.5003,31.3148,24.1240,31.2732,25.9583

614.8580,24.3655,24.3320,23.7869,23.9444,24.1575,31.2558,24.5069,31.3220,24.1173,31.2889,25.9589

615.8570,24.3832,24.3719,23.7625,23.9710,24.1591,31.2570,24.4915,31.3124,24.1296,31.2847,25.9636

616.8570,24.3799,24.3629,23.7573,23.9710,24.1549,31.2476,24.5085,31.3195,24.1252,31.2835,25.9627

617.8570,24.3703,24.3545,23.7578,23.9413,24.1477,31.2400,24.5010,31.3165,24.1143,31.2783,25.9536

618.8570,24.3706,24.3431,23.7625,23.9588,24.1494,31.2412,24.5057,31.3098,24.1169,31.2755,25.9551

619.8570,24.3821,24.3550,23.7777,23.9376,24.1694,31.2446,24.5006,31.3052,24.1243,31.2749,25.9590

620.8570,24.3917,24.3416,23.7757,23.9393,24.1586,31.2340,24.4792,31.3260,24.1214,31.2800,25.9558

621.8570,24.3991,24.3683,23.7476,23.9438,24.1694,31.2409,24.4874,31.3221,24.1256,31.2815,25.9598

622.8570,24.3962,24.3490,23.7755,23.9538,24.1632,31.2638,24.4941,31.3221,24.1275,31.2929,25.9647

623.8570,24.3981,24.3661,23.7637,23.9482,24.1769,31.2403,24.4833,31.3272,24.1306,31.2838,25.9630

624.8570,24.3735,24.3360,23.7672,23.9455,24.1532,31.2394,24.4787,31.3056,24.1151,31.2725,25.9499

625.8570,24.3651,24.3526,23.7418,23.9451,24.1689,31.2517,24.5180,31.3414,24.1147,31.2965,25.9606

626.8570,24.3713,24.3445,23.7658,23.9659,24.1751,31.2292,24.4807,31.3208,24.1245,31.2750,25.9566

627.8580,24.3706,24.3589,23.7495,23.9476,24.1485,31.2427,24.4860,31.3248,24.1150,31.2837,25.9536

628.8580,24.3932,24.3693,23.7627,23.9807,24.1483,31.2350,24.5012,31.3501,24.1309,31.2925,25.9676

629.8580,24.3962,24.3484,23.7636,23.9513,24.1566,31.2329,24.4982,31.3310,24.1232,31.2819,25.9598

630.8570,24.3651,24.3569,23.7678,23.9589,24.1651,31.2390,24.5049,31.3456,24.1228,31.2923,25.9629

631.8570,24.4008,24.3724,23.7838,23.9502,24.1720,31.2378,24.5104,31.3346,24.1358,31.2862,25.9702

632.8570,24.3897,24.3529,23.7709,23.9497,24.1528,31.2296,24.4985,31.3376,24.1232,31.2836,25.9602

633.8570,24.3916,24.3461,23.7580,23.9599,24.1614,31.2616,24.4799,31.3315,24.1234,31.2966,25.9612

634.8570,24.4034,24.3500,23.7595,23.9548,24.1382,31.2432,24.4776,31.3357,24.1212,31.2895,25.9578

635.8570,24.4022,24.3677,23.7673,23.9532,24.1687,31.2444,24.4954,31.3341,24.1318,31.2893,25.9666

636.8570,24.3970,24.3464,23.7748,23.9573,24.1725,31.2487,24.4957,31.3431,24.1296,31.2959,25.9669

637.8570,24.3773,24.3591,23.7544,23.9459,24.1542,31.2503,24.5000,31.3409,24.1182,31.2956,25.9603

638.8580,24.4187,24.3673,23.7805,23.9517,24.1625,31.2416,24.4878,31.3735,24.1361,31.3075,25.9729

639.8570,24.4059,24.3362,23.7689,23.9453,24.1757,31.2406,24.4946,31.3509,24.1264,31.2958,25.9648

640.8580,24.4098,24.3623,23.7794,23.9742,24.1749,31.2422,24.5003,31.3586,24.1401,31.3004,25.9752

641.8570,24.4365,24.3750,23.7670,23.9528,24.1699,31.2325,24.4865,31.3457,24.1403,31.2891,25.9708

642.8570,24.4043,24.3482,23.7686,23.9284,24.1727,31.2550,24.4952,31.3546,24.1245,31.3048,25.9659

643.8570,24.3980,24.3510,23.7529,23.9312,24.1626,31.2445,24.5042,31.3502,24.1192,31.2973,25.9618

644.8570,24.4041,24.3504,23.7571,23.9656,24.1659,31.2477,24.4941,31.3576,24.1286,31.3027,25.9678

645.8570,24.4065,24.3453,23.7633,23.9591,24.1517,31.2665,24.5055,31.3341,24.1252,31.3003,25.9665

646.8570,24.4184,24.3408,23.7569,23.9494,24.1504,31.2540,24.4888,31.3728,24.1232,31.3134,25.9664

647.8570,24.4168,24.3494,23.7566,23.9599,24.1653,31.2369,24.5035,31.3623,24.1296,31.2996,25.9688

648.8570,24.4209,24.3619,23.7672,23.9488,24.1770,31.2574,24.5028,31.3607,24.1352,31.3090,25.9746

649.8570,24.4099,24.3574,23.7593,23.9438,24.1561,31.2629,24.5053,31.3657,24.1253,31.3143,25.9701

650.8570,24.4179,24.3665,23.7845,23.9613,24.1764,31.2624,24.5007,31.3746,24.1413,31.3185,25.9805

651.8580,24.4430,24.3519,23.7642,23.9553,24.1802,31.2535,24.4871,31.3916,24.1389,31.3225,25.9783

652.8570,24.4351,24.3362,23.7774,23.9500,24.1506,31.2541,24.4818,31.3711,24.1299,31.3126,25.9695

653.8580,24.4157,24.3420,23.7492,23.9530,24.1893,31.2297,24.4980,31.3617,24.1298,31.2957,25.9673

654.8570,24.4238,24.3760,23.7737,23.9411,24.1955,31.2377,24.4975,31.3796,24.1421,31.3087,25.9781

655.8570,24.4093,24.3598,23.7613,23.9466,24.1914,31.2623,24.5144,31.3717,24.1337,31.3170,25.9771

656.8570,24.4023,24.3475,23.7617,23.9566,24.1858,31.2520,24.4789,31.3901,24.1308,31.3210,25.9719

657.8570,24.4055,24.3496,23.7671,23.9818,24.1957,31.2463,24.4994,31.3750,24.1399,31.3107,25.9776

658.8570,24.4122,24.3578,23.7701,23.9503,24.2033,31.2614,24.5100,31.3966,24.1387,31.3290,25.9827

659.8570,24.4110,24.3648,23.7596,23.9644,24.1936,31.2677,24.4985,31.3880,24.1387,31.3278,25.9809

660.8570,24.4345,24.3428,23.7712,23.9599,24.1627,31.2517,24.4850,31.4066,24.1342,31.3291,25.9768

661.8570,24.4097,24.3456,23.7806,23.9669,24.1785,31.2565,24.4926,31.3772,24.1363,31.3169,25.9760

662.8570,24.3994,24.3669,23.7835,23.9348,24.1876,31.2454,24.4992,31.4092,24.1344,31.3273,25.9782

663.8570,24.4296,24.3520,23.7681,23.9554,24.1890,31.2675,24.5118,31.3928,24.1388,31.3301,25.9833

664.8580,24.4128,24.3540,23.7663,23.9441,24.2095,31.2648,24.4953,31.3995,24.1373,31.3322,25.9808

665.8570,24.4027,24.3442,23.7542,23.9698,24.2108,31.2435,24.5021,31.3952,24.1363,31.3193,25.9778

666.8570,24.4141,24.3754,23.7735,23.9518,24.2019,31.2544,24.4930,31.4169,24.1433,31.3356,25.9851

667.8570,24.4217,24.3632,23.7552,23.9538,24.2076,31.2497,24.5055,31.4127,24.1403,31.3312,25.9837

668.8570,24.4075,24.3739,23.7375,23.9480,24.1896,31.2662,24.4968,31.4108,24.1313,31.3385,25.9788

669.8580,24.4105,24.3587,23.7503,23.9626,24.1780,31.2569,24.4892,31.4114,24.1320,31.3342,25.9772

670.8580,24.4148,24.3695,23.7445,23.9445,24.2115,31.2658,24.4849,31.4133,24.1370,31.3396,25.9811

671.8570,24.4152,24.3684,23.7708,23.9481,24.2134,31.2663,24.4856,31.4133,24.1432,31.3398,25.9851

672.8570,24.4035,24.3474,23.7645,23.9730,24.2263,31.2697,24.4774,31.4270,24.1429,31.3484,25.9861

673.8570,24.4069,24.3565,23.7617,23.9471,24.2249,31.2575,24.4902,31.4209,24.1394,31.3392,25.9832

674.8570,24.4239,24.3653,23.7530,23.9526,24.2141,31.2721,24.4985,31.4172,24.1418,31.3447,25.9871

675.8570,24.4123,24.3729,23.7777,23.9678,24.2143,31.2648,24.4736,31.4127,24.1490,31.3388,25.9870

676.8580,24.3975,24.3482,23.7818,23.9549,24.2259,31.2806,24.4895,31.4191,24.1416,31.3498,25.9872

677.8570,24.4092,24.3614,23.7581,23.9449,24.2159,31.2734,24.4848,31.4364,24.1379,31.3549,25.9855

678.8580,24.4021,24.3577,23.7440,23.9416,24.2054,31.2640,24.4848,31.4312,24.1302,31.3476,25.9789

679.8570,24.4104,24.3421,23.7568,23.9667,24.2483,31.2892,24.4933,31.4296,24.1449,31.3594,25.9921

680.8580,24.4166,24.3648,23.7639,23.9611,24.2176,31.2691,24.4811,31.4443,24.1448,31.3567,25.9898

681.8580,24.4106,24.3581,23.7765,23.9454,24.2201,31.2631,24.4946,31.4392,24.1421,31.3512,25.9885

682.8580,24.4046,24.3598,23.7594,23.9519,24.2141,31.2750,24.4898,31.4248,24.1380,31.3499,25.9849

683.8570,24.4244,24.3570,23.7589,23.9632,24.2297,31.2759,24.4950,31.4426,24.1466,31.3592,25.9933

684.8580,24.4095,24.3546,23.7802,23.9708,24.2502,31.2789,24.4988,31.4611,24.1531,31.3700,26.0005

685.8580,24.3955,24.3429,23.7793,23.9373,24.2428,31.2603,24.5159,31.4491,24.1396,31.3547,25.9904

686.8570,24.4195,24.3620,23.7550,23.9507,24.2569,31.2997,24.4925,31.4471,24.1488,31.3734,25.9979

687.8580,24.4085,24.3611,23.7630,23.9403,24.2190,31.2714,24.4934,31.4461,24.1384,31.3587,25.9878

688.8570,24.4196,24.3295,23.7655,23.9451,24.2442,31.2955,24.4703,31.4608,24.1408,31.3782,25.9913

689.8570,24.4176,24.3565,23.7669,23.9475,24.2465,31.2837,24.5077,31.4635,24.1470,31.3736,25.9987

690.8570,24.4232,24.3504,23.7424,23.9457,24.2421,31.2883,24.4846,31.4381,24.1407,31.3632,25.9893

691.8570,24.4293,24.3846,23.7714,23.9511,24.2313,31.2958,24.4919,31.4672,24.1536,31.3815,26.0028

692.8580,24.3976,24.3496,23.7596,23.9336,24.2738,31.3065,24.4749,31.4559,24.1428,31.3812,25.9939

693.8570,24.4427,24.3530,23.7563,23.9492,24.2517,31.3034,24.4952,31.4668,24.1506,31.3851,26.0023

694.8570,24.4385,24.3511,23.7667,23.9578,24.2556,31.3068,24.5028,31.4500,24.1540,31.3784,26.0037

695.8570,24.4244,24.3514,23.7808,23.9487,24.2481,31.3012,24.4890,31.4655,24.1507,31.3834,26.0011

696.8580,24.4431,24.3527,23.7574,23.9532,24.2630,31.2921,24.4850,31.4823,24.1539,31.3872,26.0036

697.8580,24.4402,24.3571,23.7903,23.9572,24.2611,31.3019,24.5046,31.4743,24.1612,31.3881,26.0108

698.8570,24.4229,24.3618,23.7571,23.9661,24.2362,31.3233,24.4889,31.4618,24.1488,31.3925,26.0023

699.8580,24.4231,24.3888,23.7803,23.9439,24.2331,31.3084,24.4767,31.4676,24.1538,31.3880,26.0027

700.8570,24.4266,24.3296,23.7618,23.9500,24.2437,31.3006,24.5106,31.4682,24.1423,31.3844,25.9989

701.8570,24.4494,24.3569,23.7900,23.9626,24.2490,31.2989,24.4892,31.4689,24.1616,31.3839,26.0081

702.8570,24.4215,24.3729,23.7568,23.9370,24.2641,31.3049,24.4787,31.4890,24.1505,31.3969,26.0031

703.8570,24.4302,24.3678,23.7896,23.9461,24.2676,31.3140,24.4813,31.4774,24.1603,31.3957,26.0092

704.8570,24.4184,24.3747,23.7696,23.9564,24.2563,31.3277,24.4915,31.4972,24.1551,31.4125,26.0115

705.8570,24.4145,24.3724,23.7829,23.9564,24.2633,31.3266,24.5057,31.4924,24.1579,31.4095,26.0143

706.8570,24.4004,24.3694,23.7661,23.9515,24.2676,31.3079,24.5055,31.5061,24.1510,31.4070,26.0093

707.8570,24.4085,24.3646,23.7580,23.9524,24.2525,31.3343,24.5045,31.5052,24.1472,31.4197,26.0100

708.8570,24.4163,24.3461,23.7641,23.9490,24.2675,31.3106,24.4908,31.5134,24.1486,31.4120,26.0072

709.8570,24.4109,24.3528,23.7618,23.9576,24.2606,31.3132,24.4979,31.5099,24.1487,31.4115,26.0081

710.8580,24.4130,24.3471,23.7585,23.9429,24.2537,31.3148,24.4898,31.5266,24.1430,31.4207,26.0058

711.8570,24.4141,24.3629,23.7549,23.9734,24.2676,31.3234,24.4683,31.4981,24.1546,31.4107,26.0078

712.8570,24.4098,24.3489,23.7825,23.9385,24.2425,31.3248,24.4921,31.5187,24.1445,31.4218,26.0072

713.8570,24.4440,24.3638,23.7984,23.9582,24.2582,31.3230,24.4768,31.5446,24.1645,31.4338,26.0209

714.8570,24.4268,24.3784,23.7752,23.9681,24.2694,31.3252,24.4956,31.5186,24.1636,31.4219,26.0197

715.8570,24.4252,24.3635,23.7711,23.9432,24.2792,31.3396,24.4835,31.5180,24.1564,31.4288,26.0154

716.8570,24.4434,24.3485,23.7793,23.9580,24.2463,31.3309,24.4884,31.5623,24.1551,31.4466,26.0196

717.8580,24.4132,24.3758,23.7753,23.9527,24.2615,31.3399,24.4845,31.5385,24.1557,31.4392,26.0177

718.8570,24.4212,24.3847,23.7677,23.9564,24.2865,31.3487,24.4901,31.5572,24.1633,31.4530,26.0266

719.8580,24.4202,24.3652,23.7558,23.9496,24.2916,31.3238,24.4833,31.5525,24.1565,31.4381,26.0177

720.8570,24.4279,24.3616,23.7527,23.9768,24.2729,31.3305,24.4670,31.5512,24.1584,31.4409,26.0176

721.8570,24.4505,24.3586,23.7652,23.9619,24.2449,31.3498,24.4876,31.5455,24.1562,31.4477,26.0205

722.8570,24.4564,24.3461,23.7612,23.9603,24.2541,31.3443,24.4798,31.5579,24.1556,31.4511,26.0200

723.8570,24.4199,24.3490,23.7859,23.9571,24.2431,31.3733,24.4884,31.5771,24.1510,31.4752,26.0242

724.8570,24.4514,24.3747,23.7667,23.9658,24.2652,31.3778,24.4834,31.5793,24.1648,31.4785,26.0330

725.8570,24.4424,24.3613,23.7737,23.9671,24.2770,31.3506,24.4691,31.5788,24.1643,31.4647,26.0275

726.8570,24.4199,24.3724,23.7587,23.9545,24.2644,31.3320,24.4745,31.5813,24.1540,31.4567,26.0197

727.8570,24.4691,24.3556,23.7708,23.9613,24.2536,31.3837,24.4898,31.5645,24.1621,31.4741,26.0310

728.8570,24.4303,24.3807,23.7548,23.9529,24.2786,31.3630,24.4795,31.5790,24.1595,31.4710,26.0274

729.8570,24.4644,24.3656,23.7798,23.9491,24.2683,31.3715,24.4729,31.5936,24.1655,31.4826,26.0332

730.8570,24.4508,24.3638,23.7634,23.9559,24.2811,31.3646,24.4962,31.5810,24.1630,31.4728,26.0321

731.8580,24.4327,24.3604,23.7680,23.9396,24.2776,31.3672,24.4842,31.5977,24.1557,31.4825,26.0284

732.8570,24.4203,24.3699,23.7591,23.9530,24.2549,31.3808,24.4843,31.6104,24.1514,31.4956,26.0291

733.8570,24.4504,24.3631,23.7839,23.9698,24.2680,31.3989,24.5049,31.6055,24.1670,31.5022,26.0431

734.8570,24.4064,24.3602,23.7919,23.9569,24.2684,31.3698,24.4693,31.6219,24.1568,31.4959,26.0306

735.8570,24.4411,24.3870,23.7771,23.9507,24.2847,31.3784,24.4877,31.6099,24.1681,31.4942,26.0396

736.8570,24.4261,24.3854,23.7651,23.9344,24.2824,31.3889,24.4993,31.6283,24.1587,31.5086,26.0387

737.8570,24.4400,24.3766,23.7776,23.9559,24.2651,31.3872,24.4943,31.6308,24.1631,31.5090,26.0410

738.8570,24.4340,24.3613,23.7826,23.9623,24.2572,31.3920,24.4728,31.6248,24.1595,31.5084,26.0359

739.8570,24.4323,24.3756,23.7600,23.9747,24.2635,31.3870,24.5046,31.6377,24.1612,31.5124,26.0419

740.8570,24.4394,24.3545,23.7550,23.9494,24.2735,31.3988,24.4850,31.6378,24.1544,31.5183,26.0367

741.8570,24.4367,24.3695,23.7568,23.9469,24.2646,31.3998,24.4962,31.6599,24.1549,31.5299,26.0413

742.8570,24.4270,24.3423,23.7603,23.9556,24.2819,31.4095,24.4945,31.6635,24.1534,31.5365,26.0418

743.8570,24.4440,24.3714,23.7639,23.9663,24.2861,31.3972,24.5038,31.6663,24.1663,31.5318,26.0499

744.8570,24.4107,24.3749,23.7542,23.9395,24.2798,31.4088,24.4898,31.6642,24.1518,31.5365,26.0402

745.8570,24.4147,24.3682,23.7905,23.9631,24.2678,31.4114,24.4774,31.6621,24.1608,31.5367,26.0444

746.8580,24.4242,24.3739,23.7825,23.9532,24.2686,31.4170,24.4699,31.6527,24.1605,31.5348,26.0427

747.8570,24.4337,24.3675,23.7732,23.9487,24.2739,31.4274,24.4819,31.6612,24.1594,31.5443,26.0459

748.8570,24.4245,24.3695,23.7634,23.9615,24.2860,31.4239,24.4834,31.6887,24.1610,31.5563,26.0501

749.8570,24.4251,24.3721,23.7631,23.9617,24.2639,31.4259,24.4756,31.6709,24.1572,31.5484,26.0448

750.8570,24.4508,24.3749,23.7678,23.9636,24.2641,31.4345,24.4774,31.6964,24.1642,31.5655,26.0537

751.8570,24.4611,24.3747,23.7662,23.9369,24.2673,31.4584,24.4753,31.6734,24.1612,31.5659,26.0517

752.8570,24.4366,24.3602,23.7631,23.9546,24.2607,31.4363,24.4850,31.6898,24.1550,31.5631,26.0483

753.8570,24.4365,24.3732,23.7581,23.9524,24.2607,31.4542,24.4875,31.6894,24.1562,31.5718,26.0515

754.8570,24.4377,24.3655,23.7830,23.9443,24.2605,31.4394,24.4789,31.6929,24.1582,31.5661,26.0503

755.8570,24.4231,24.3695,23.7676,23.9539,24.2813,31.4587,24.4829,31.7000,24.1591,31.5793,26.0546

756.8570,24.4391,24.3473,23.7743,23.9450,24.2803,31.4431,24.4995,31.7064,24.1572,31.5747,26.0544

757.8570,24.4451,24.3653,23.7568,23.9412,24.2934,31.4749,24.4877,31.7270,24.1603,31.6009,26.0614

758.8570,24.4631,24.3693,23.7637,23.9756,24.2593,31.4735,24.5092,31.7058,24.1662,31.5897,26.0649

759.8570,24.4387,24.3728,23.7695,23.9767,24.2652,31.4671,24.4829,31.7196,24.1646,31.5934,26.0616

760.8570,24.4294,24.3630,23.7527,23.9399,24.2885,31.4663,24.4770,31.7156,24.1547,31.5909,26.0541

761.8570,24.4251,24.3884,23.7734,23.9384,24.2847,31.4789,24.4891,31.6916,24.1620,31.5852,26.0587

762.8570,24.4208,24.3694,23.7349,23.9548,24.2625,31.4855,24.4913,31.7099,24.1485,31.5977,26.0536

763.8570,24.4373,24.3595,23.7515,23.9478,24.2785,31.4690,24.4734,31.7323,24.1549,31.6007,26.0562

764.8570,24.4391,24.3750,23.7741,23.9287,24.2732,31.4901,24.4738,31.7525,24.1580,31.6213,26.0633

765.8570,24.4441,24.3981,23.7622,23.9514,24.2834,31.5059,24.4780,31.7180,24.1679,31.6119,26.0676

766.8570,24.4385,24.3801,23.7669,23.9527,24.2764,31.5008,24.5044,31.7360,24.1629,31.6184,26.0695

767.8580,24.4267,24.3826,23.7765,23.9538,24.2948,31.4749,24.4917,31.7420,24.1668,31.6084,26.0679

768.8580,24.4278,24.3574,23.7574,23.9579,24.2927,31.5234,24.4892,31.7370,24.1586,31.6302,26.0679

769.8570,24.4496,24.3644,23.7517,23.9300,24.2724,31.5113,24.4765,31.7151,24.1536,31.6132,26.0589

770.8580,24.4407,24.3781,23.7540,23.9560,24.2696,31.4813,24.4892,31.7503,24.1597,31.6158,26.0649

771.8570,24.4518,24.3768,23.7702,23.9584,24.2883,31.5130,24.4817,31.7515,24.1691,31.6322,26.0739

772.8570,24.4360,24.3953,23.7396,23.9458,24.2772,31.5184,24.4743,31.7503,24.1588,31.6344,26.0671

773.8570,24.4585,24.3670,23.7690,23.9472,24.2624,31.5248,24.4923,31.7675,24.1608,31.6462,26.0736

774.8570,24.4461,24.3889,23.7577,23.9388,24.2896,31.5345,24.4824,31.7551,24.1642,31.6448,26.0741

775.8580,24.4545,24.3554,23.7900,23.9517,24.2843,31.5326,24.4892,31.7771,24.1672,31.6548,26.0793

776.8580,24.4404,24.3511,23.7620,23.9635,24.2897,31.5548,24.4948,31.7679,24.1613,31.6613,26.0780

777.8570,24.4567,24.3551,23.7575,23.9443,24.2918,31.5583,24.4761,31.7756,24.1611,31.6669,26.0769

778.8570,24.4430,24.3664,23.7654,23.9603,24.2652,31.5385,24.4873,31.7680,24.1601,31.6533,26.0743

779.8570,24.4617,24.3641,23.7647,23.9533,24.2759,31.5411,24.4681,31.7814,24.1639,31.6613,26.0763

780.8570,24.4725,24.3637,23.7699,23.9727,24.2962,31.5819,24.4762,31.7664,24.1750,31.6741,26.0874

781.8570,24.4282,24.3760,23.7514,23.9633,24.2793,31.5562,24.4700,31.7881,24.1596,31.6721,26.0766

782.8570,24.4414,24.3667,23.7625,23.9493,24.2835,31.5759,24.4901,31.7839,24.1607,31.6799,26.0817

783.8570,24.4420,24.3511,23.7591,23.9535,24.3139,31.5460,24.4862,31.7751,24.1639,31.6605,26.0784

784.8570,24.4556,24.3738,23.7644,23.9517,24.2873,31.5661,24.4835,31.8022,24.1666,31.6841,26.0856

785.8570,24.4383,24.3701,23.7587,23.9484,24.2909,31.5790,24.4958,31.8113,24.1613,31.6951,26.0866

786.8570,24.4444,24.3751,23.7723,23.9511,24.2870,31.5892,24.5117,31.8052,24.1660,31.6972,26.0920

787.8570,24.4572,24.3744,23.7574,23.9631,24.3074,31.5879,24.4868,31.8207,24.1719,31.7043,26.0944

788.8580,24.4396,24.3519,23.7704,23.9525,24.2817,31.5826,24.4890,31.8257,24.1592,31.7041,26.0867

789.8570,24.4452,24.3510,23.7795,23.9492,24.2713,31.5929,24.4801,31.8186,24.1592,31.7057,26.0860

790.8580,24.4640,24.3775,23.7752,23.9412,24.2683,31.5890,24.4791,31.8101,24.1653,31.6995,26.0881

791.8570,24.4109,24.3787,23.7641,23.9513,24.2780,31.5855,24.4864,31.8019,24.1566,31.6937,26.0821

792.8570,24.4293,24.3754,23.7584,23.9778,24.2662,31.5944,24.4803,31.8375,24.1614,31.7160,26.0899

793.8570,24.4473,24.3677,23.7554,23.9536,24.2578,31.6081,24.4906,31.8273,24.1564,31.7177,26.0885

794.8570,24.4529,24.3642,23.7633,23.9378,24.2540,31.6146,24.5060,31.8178,24.1544,31.7162,26.0888

795.8570,24.4600,24.3559,23.7734,23.9281,24.2997,31.6178,24.5034,31.8239,24.1634,31.7208,26.0953

796.8580,24.4462,24.3604,23.7765,23.9534,24.2784,31.6276,24.4639,31.8327,24.1630,31.7302,26.0924

797.8570,24.4551,24.3628,23.7775,23.9519,24.2637,31.6050,24.4932,31.8402,24.1622,31.7226,26.0937

798.8570,24.4612,24.3666,23.7619,23.9501,24.2655,31.6176,24.4848,31.8673,24.1611,31.7425,26.0969

799.8570,24.4571,24.3809,23.7573,23.9763,24.2878,31.6234,24.4745,31.8491,24.1719,31.7363,26.1008

800.8570,24.4569,24.3578,23.7839,23.9484,24.2806,31.6486,24.5039,31.8425,24.1655,31.7455,26.1028

801.8570,24.4499,24.3713,23.7652,23.9477,24.2944,31.6435,24.4927,31.8402,24.1657,31.7418,26.1006

802.8570,24.4582,24.3802,23.7647,23.9638,24.2781,31.6179,24.4786,31.8709,24.1690,31.7444,26.1016

803.8570,24.4585,24.3700,23.7540,23.9289,24.2675,31.6445,24.4782,31.8407,24.1558,31.7426,26.0928

804.8570,24.4491,24.3654,23.7517,23.9479,24.2860,31.6488,24.4835,31.8455,24.1600,31.7471,26.0972

805.8580,24.4525,24.3722,23.7708,23.9439,24.2837,31.6357,24.4672,31.8333,24.1646,31.7345,26.0949

806.8570,24.4587,24.3804,23.7639,23.9540,24.2905,31.6583,24.4990,31.8743,24.1695,31.7663,26.1099

807.8570,24.4650,24.3644,23.7625,23.9479,24.2688,31.6603,24.4835,31.8669,24.1617,31.7636,26.1024

808.8570,24.4804,24.3609,23.7481,23.9439,24.2937,31.6686,24.4861,31.8629,24.1654,31.7657,26.1056

809.8570,24.4710,24.3686,23.7545,23.9720,24.2781,31.6527,24.4887,31.8658,24.1688,31.7592,26.1064

810.8570,24.4475,24.3631,23.7499,23.9627,24.2755,31.6660,24.4865,31.8749,24.1598,31.7705,26.1033

811.8570,24.4599,24.3755,23.7760,23.9567,24.2699,31.6755,24.4748,31.8652,24.1676,31.7703,26.1067

812.8570,24.4517,24.3583,23.7806,23.9328,24.2939,31.6716,24.4783,31.8636,24.1635,31.7676,26.1039

813.8570,24.4786,24.3738,23.7531,23.9498,24.2815,31.6734,24.4788,31.8771,24.1674,31.7753,26.1083

814.8570,24.4515,24.3658,23.7739,23.9621,24.2847,31.6719,24.4887,31.8681,24.1676,31.7700,26.1083

815.8580,24.4564,24.3636,23.7537,23.9519,24.2631,31.6603,24.4884,31.8912,24.1577,31.7758,26.1036

816.8580,24.4551,24.3792,23.7570,23.9636,24.2835,31.6698,24.4865,31.9082,24.1677,31.7890,26.1129

817.8570,24.4590,24.3741,23.7547,23.9505,24.2648,31.6821,24.4814,31.8868,24.1606,31.7844,26.1067

818.8570,24.4591,24.3729,23.7474,23.9598,24.2852,31.6860,24.4627,31.8878,24.1649,31.7869,26.1076

819.8570,24.4602,24.3725,23.7687,23.9531,24.2933,31.7063,24.4835,31.8898,24.1696,31.7980,26.1159

820.8580,24.4489,24.3794,23.7766,23.9515,24.2679,31.6810,24.4928,31.8735,24.1648,31.7772,26.1089

821.8570,24.4625,24.3627,23.7552,23.9363,24.2942,31.6987,24.4776,31.8987,24.1622,31.7987,26.1107

822.8570,24.4426,24.3702,23.7593,23.9575,24.2847,31.6958,24.4945,31.9023,24.1628,31.7991,26.1134

823.8570,24.4633,24.3490,23.7613,23.9604,24.2894,31.7033,24.4856,31.8877,24.1647,31.7955,26.1125

824.8570,24.4597,24.3756,23.7652,23.9359,24.2786,31.7142,24.4885,31.8982,24.1630,31.8062,26.1145

825.8570,24.4746,24.3474,23.7517,23.9579,24.2733,31.7159,24.4788,31.9079,24.1610,31.8119,26.1134

826.8570,24.4597,24.3614,23.7932,23.9544,24.2792,31.7335,24.4706,31.9114,24.1696,31.8224,26.1204

827.8570,24.4812,24.3662,23.7549,23.9531,24.2771,31.7089,24.4844,31.8807,24.1665,31.7948,26.1133

828.8580,24.4601,24.3634,23.7710,23.9630,24.2748,31.7179,24.4839,31.9117,24.1665,31.8148,26.1182

829.8580,24.4547,24.3642,23.7302,23.9364,24.2557,31.7154,24.4550,31.8961,24.1482,31.8057,26.1009

830.8570,24.4448,24.3650,23.7735,23.9580,24.2865,31.7403,24.4898,31.9299,24.1655,31.8351,26.1235

831.8570,24.4614,24.3530,23.7687,23.9427,24.2955,31.7150,24.4854,31.9243,24.1643,31.8197,26.1183

832.8570,24.4690,24.3667,23.7648,23.9469,24.2695,31.7094,24.4863,31.9004,24.1634,31.8049,26.1141

833.8580,24.4689,24.3625,23.7602,23.9474,24.2760,31.7421,24.4703,31.9435,24.1630,31.8428,26.1214

834.8570,24.4343,24.3678,23.7621,23.9579,24.2873,31.7383,24.4675,31.9279,24.1619,31.8331,26.1179

835.8580,24.4426,24.3557,23.7775,23.9544,24.2772,31.7442,24.4630,31.9264,24.1615,31.8353,26.1176

836.8580,24.4548,24.3773,23.7617,23.9494,24.2960,31.7282,24.4827,31.9154,24.1678,31.8218,26.1207

837.8570,24.4593,24.3925,23.7477,23.9278,24.3038,31.7274,24.4908,31.8940,24.1662,31.8107,26.1179

838.8570,24.4600,24.3502,23.7767,23.9299,24.3050,31.7305,24.5033,31.9272,24.1643,31.8288,26.1228

839.8580,24.4418,24.3879,23.7558,23.9653,24.2924,31.7537,24.4881,31.9353,24.1686,31.8445,26.1275

840.8570,24.4487,24.3747,23.7577,23.9568,24.2941,31.7526,24.4749,31.9155,24.1664,31.8340,26.1219

841.8570,24.4639,24.3433,23.7599,23.9481,24.2933,31.7583,24.4776,31.8959,24.1617,31.8271,26.1176

842.8570,24.4619,24.3703,23.7769,23.9429,24.2969,31.7591,24.4686,31.9201,24.1698,31.8396,26.1246

843.8570,24.4611,24.3630,23.7621,23.9423,24.2957,31.7405,24.4788,31.9165,24.1649,31.8285,26.1200

844.8570,24.4639,24.3735,23.7585,23.9632,24.3046,31.7780,24.4804,31.9137,24.1727,31.8458,26.1295

845.8570,24.4783,24.3582,23.7454,23.9592,24.2982,31.7505,24.4796,31.9162,24.1678,31.8334,26.1232

846.8570,24.4492,24.3634,23.7572,23.9261,24.2932,31.7775,24.4584,31.9192,24.1578,31.8484,26.1180

847.8570,24.4692,24.3694,23.7718,23.9350,24.2555,31.7715,24.4824,31.9227,24.1602,31.8471,26.1222

848.8570,24.4651,24.3709,23.7799,23.9416,24.2860,31.7844,24.4787,31.9454,24.1687,31.8649,26.1315

849.8570,24.4639,24.3779,23.7670,23.9302,24.2942,31.7771,24.4762,31.9188,24.1666,31.8479,26.1257

850.8570,24.4667,24.3796,23.7556,23.9367,24.2856,31.7878,24.4751,31.9230,24.1648,31.8554,26.1263

851.8570,24.4714,24.3604,23.7628,23.9581,24.2928,31.7611,24.4946,31.9235,24.1691,31.8423,26.1281

852.8580,24.4763,24.3581,23.7615,23.9733,24.3132,31.7626,24.4720,31.9353,24.1765,31.8490,26.1316

853.8570,24.4700,24.3633,23.7519,23.9657,24.3064,31.7705,24.4696,31.9239,24.1715,31.8472,26.1277

854.8570,24.4874,24.3605,23.7591,23.9539,24.2951,31.7798,24.4763,31.9324,24.1712,31.8561,26.1306

855.8570,24.4648,24.3650,23.7773,23.9476,24.2762,31.8000,24.4770,31.9460,24.1662,31.8730,26.1317

856.8570,24.4853,24.3551,23.7641,23.9708,24.2887,31.7735,24.4690,31.9242,24.1728,31.8488,26.1288

857.8570,24.4606,24.3505,23.7534,23.9487,24.2999,31.7738,24.4701,31.9310,24.1626,31.8524,26.1235

858.8580,24.4819,24.3543,23.7586,23.9402,24.2971,31.7964,24.4833,31.9400,24.1664,31.8682,26.1315

859.8580,24.4747,24.3439,23.7685,23.9454,24.3078,31.7981,24.4588,31.9248,24.1681,31.8615,26.1278

860.8580,24.4873,24.3784,23.7534,23.9558,24.2916,31.8036,24.4824,31.9538,24.1733,31.8787,26.1383

861.8570,24.4612,24.3718,23.7609,23.9553,24.2825,31.7894,24.4767,31.9508,24.1663,31.8701,26.1311

862.8570,24.4665,24.3632,23.7613,23.9401,24.3266,31.8125,24.4719,31.9528,24.1715,31.8827,26.1369

863.8580,24.4704,24.3577,23.7582,23.9431,24.3031,31.7802,24.4868,31.9637,24.1665,31.8720,26.1329

864.8570,24.4721,24.3587,23.7644,23.9380,24.3147,31.8087,24.4745,31.9655,24.1696,31.8871,26.1371

865.8580,24.4705,24.3672,23.7526,23.9507,24.3022,31.8151,24.4575,31.9695,24.1687,31.8923,26.1357

866.8570,24.4864,24.3772,23.7531,23.9565,24.3021,31.7891,24.4812,31.9736,24.1751,31.8813,26.1399

867.8570,24.4568,24.3703,23.7453,23.9496,24.2971,31.7959,24.4738,31.9503,24.1638,31.8731,26.1299

868.8570,24.4578,24.3513,23.7561,23.9504,24.3041,31.7884,24.4643,31.9789,24.1640,31.8836,26.1314

869.8570,24.4891,24.3638,23.7529,23.9478,24.2713,31.8073,24.4673,31.9561,24.1650,31.8817,26.1320

870.8570,24.4748,24.3546,23.7509,23.9542,24.2914,31.8118,24.4903,31.9738,24.1652,31.8928,26.1377

871.8570,24.4733,24.3582,23.7620,23.9408,24.2956,31.8075,24.4778,31.9441,24.1660,31.8758,26.1324

872.8570,24.4695,24.3687,23.7352,23.9513,24.3135,31.8070,24.4789,31.9638,24.1676,31.8854,26.1360

873.8570,24.4763,24.3662,23.7483,23.9469,24.3108,31.8241,24.4773,31.9677,24.1697,31.8959,26.1397

874.8580,24.4801,24.3771,23.7502,23.9459,24.3071,31.8199,24.4867,31.9743,24.1721,31.8971,26.1427

875.8570,24.4723,24.3793,23.7529,23.9524,24.3008,31.8202,24.4857,31.9788,24.1715,31.8995,26.1428

876.8580,24.4918,24.3609,23.7473,23.9501,24.3036,31.8400,24.4867,31.9671,24.1707,31.9036,26.1434

877.8580,24.4857,24.3691,23.7640,23.9323,24.3146,31.8457,24.4736,31.9551,24.1732,31.9004,26.1425

878.8580,24.5008,24.3828,23.7634,23.9668,24.2938,31.8367,24.4508,31.9639,24.1815,31.9003,26.1449

879.8570,24.4858,24.3684,23.7491,23.9188,24.3086,31.8313,24.4748,31.9678,24.1662,31.8996,26.1381

880.8570,24.4896,24.3790,23.7762,23.9648,24.2883,31.8350,24.4862,31.9537,24.1796,31.8944,26.1466

881.8580,24.4906,24.3734,23.7668,23.9630,24.2812,31.8407,24.4844,31.9510,24.1750,31.8959,26.1439

882.8570,24.4980,24.3680,23.7600,23.9577,24.2854,31.8772,24.4805,31.9687,24.1738,31.9229,26.1494

883.8570,24.4779,24.3859,23.7646,23.9434,24.3030,31.8407,24.4818,31.9501,24.1749,31.8954,26.1434

884.8570,24.4835,24.3535,23.7801,23.9668,24.2944,31.8552,24.4414,31.9777,24.1757,31.9164,26.1441

885.8570,24.5045,24.3705,23.7630,23.9498,24.3056,31.8456,24.4901,31.9874,24.1787,31.9165,26.1521

886.8570,24.5255,24.3886,23.7588,23.9352,24.2873,31.8369,24.4883,31.9599,24.1791,31.8984,26.1476

887.8570,24.4961,24.3630,23.7578,23.9380,24.3127,31.8442,24.4674,31.9536,24.1735,31.8989,26.1416

888.8570,24.4939,24.3606,23.7791,23.9498,24.2930,31.8397,24.4736,31.9735,24.1753,31.9066,26.1454

889.8570,24.5009,24.3659,23.7380,23.9622,24.3128,31.8514,24.4765,31.9875,24.1760,31.9195,26.1494

890.8570,24.4944,24.3852,23.7573,23.9380,24.2855,31.8201,24.4750,31.9782,24.1721,31.8992,26.1417

891.8570,24.4996,24.3707,23.7627,23.9386,24.3011,31.8590,24.4841,31.9824,24.1745,31.9207,26.1498

892.8570,24.5089,24.3751,23.7567,23.9520,24.2835,31.8579,24.4630,31.9837,24.1752,31.9208,26.1476

893.8570,24.5036,24.3678,23.7740,23.9555,24.3079,31.8315,24.4836,31.9944,24.1817,31.9129,26.1523

894.8570,24.5064,24.3634,23.7563,23.9525,24.2928,31.8395,24.4706,31.9991,24.1743,31.9193,26.1476

895.8580,24.5049,24.3593,23.7640,23.9664,24.2922,31.8474,24.4821,31.9741,24.1774,31.9108,26.1488

896.8570,24.4792,24.3773,23.7693,23.9575,24.3010,31.8655,24.4955,31.9983,24.1769,31.9319,26.1554

897.8570,24.5083,24.3568,23.7540,23.9611,24.2805,31.8531,24.4801,31.9752,24.1721,31.9142,26.1461

898.8580,24.4942,24.3689,23.7595,23.9619,24.2943,31.8377,24.4965,31.9949,24.1757,31.9163,26.1510

899.8580,24.5380,24.3714,23.7606,23.9441,24.3102,31.8539,24.4778,31.9882,24.1849,31.9210,26.1555

900.8570,24.5200,24.3692,23.7636,23.9622,24.2945,31.8525,24.4850,31.9684,24.1819,31.9104,26.1519

901.8590,24.4995,24.3858,23.7588,23.9239,24.3039,31.8575,24.4727,32.0016,24.1744,31.9296,26.1505

902.8580,24.4965,24.3580,23.7556,23.9533,24.3192,31.8470,24.4757,31.9878,24.1765,31.9174,26.1491

903.8570,24.5115,24.3814,23.7677,23.9512,24.3106,31.8595,24.4745,31.9970,24.1845,31.9283,26.1567

904.8570,24.5205,24.3687,23.7626,23.9413,24.3154,31.8619,24.4566,31.9760,24.1817,31.9189,26.1504

905.8570,24.4947,24.3469,23.7630,23.9441,24.2981,31.8537,24.4655,31.9968,24.1694,31.9253,26.1454

906.8570,24.5289,24.3776,23.7691,23.9696,24.3096,31.8566,24.4759,32.0096,24.1909,31.9331,26.1621

907.8570,24.5302,24.3722,23.7647,23.9543,24.3118,31.8579,24.4780,31.9790,24.1866,31.9185,26.1560

908.8570,24.5468,24.3803,23.7690,23.9406,24.3294,31.8735,24.4871,31.9946,24.1932,31.9341,26.1652

909.8580,24.5136,24.3702,23.7626,23.9513,24.3032,31.8677,24.4737,31.9846,24.1802,31.9262,26.1534

910.8570,24.5071,24.3673,23.7574,23.9409,24.3204,31.8613,24.4604,31.9969,24.1786,31.9291,26.1515

911.8570,24.5118,24.3717,23.7637,23.9547,24.3185,31.8392,24.4894,31.9979,24.1841,31.9186,26.1559

912.8570,24.5177,24.3749,23.7617,23.9452,24.3163,31.8460,24.4784,31.9882,24.1832,31.9171,26.1535

913.8580,24.5332,24.3577,23.7516,23.9317,24.3361,31.8638,24.4626,32.0130,24.1821,31.9384,26.1562

914.8570,24.4903,24.3772,23.7711,23.9578,24.3059,31.8812,24.4915,31.9943,24.1805,31.9378,26.1587

915.8570,24.5094,24.3852,23.7630,23.9456,24.3198,31.8879,24.4707,32.0025,24.1846,31.9452,26.1605

916.8570,24.5219,24.3906,23.7510,23.9557,24.3177,31.8643,24.4861,32.0023,24.1874,31.9333,26.1612

917.8570,24.5236,24.3879,23.7596,23.9383,24.3402,31.8697,24.4626,31.9922,24.1899,31.9310,26.1593

918.8570,24.5375,24.3557,23.7548,23.9558,24.3139,31.8760,24.4715,31.9961,24.1835,31.9360,26.1577

919.8570,24.5133,24.3853,23.7531,23.9565,24.3086,31.8825,24.5048,31.9914,24.1834,31.9369,26.1619

920.8570,24.5063,24.3683,23.7367,23.9400,24.3404,31.8708,24.4714,31.9881,24.1783,31.9295,26.1528

921.8570,24.5239,24.3676,23.7313,23.9564,24.3112,31.8765,24.4848,31.9887,24.1781,31.9326,26.1550

922.8570,24.5194,24.3827,23.7657,23.9511,24.3175,31.8777,24.4905,31.9866,24.1873,31.9321,26.1614

923.8570,24.5383,24.3768,23.7693,23.9414,24.3134,31.8857,24.4973,31.9927,24.1878,31.9392,26.1644

924.8570,24.5035,24.3713,23.7756,23.9501,24.3145,31.8812,24.4918,31.9957,24.1830,31.9385,26.1605

925.8570,24.5104,24.3697,23.7755,23.9632,24.3082,31.9045,24.4766,31.9655,24.1854,31.9350,26.1592

926.8570,24.5262,24.3754,23.7499,23.9665,24.3211,31.8807,24.4860,31.9980,24.1878,31.9394,26.1630

927.8580,24.5210,24.3673,23.7296,23.9414,24.3135,31.8704,24.4761,32.0004,24.1745,31.9354,26.1524

928.8570,24.5238,24.3488,23.7630,23.9597,24.3314,31.8736,24.4726,31.9919,24.1853,31.9328,26.1581

929.8570,24.5113,24.3722,23.7538,23.9695,24.3081,31.8782,24.4696,31.9843,24.1830,31.9312,26.1559

930.8570,24.5220,24.3655,23.7646,23.9301,24.3145,31.8897,24.4737,31.9882,24.1793,31.9390,26.1560

931.8580,24.5167,24.3730,23.7679,23.9641,24.3173,31.8924,24.4723,31.9948,24.1878,31.9436,26.1623

932.8570,24.4975,24.3586,23.7629,23.9426,24.3307,31.8903,24.4701,32.0001,24.1785,31.9452,26.1566

933.8570,24.5131,24.3596,23.7653,23.9408,24.3226,31.8959,24.4721,31.9902,24.1803,31.9431,26.1575

934.8570,24.5183,24.3767,23.7423,23.9546,24.3439,31.8893,24.4831,31.9944,24.1872,31.9419,26.1628

935.8580,24.5056,24.3630,23.7678,23.9536,24.3043,31.8875,24.4873,31.9983,24.1789,31.9429,26.1584

936.8570,24.4889,24.3816,23.7755,23.9613,24.3111,31.8765,24.4728,31.9971,24.1837,31.9368,26.1581

937.8570,24.5213,24.3589,23.7613,23.9490,24.3337,31.9069,24.4780,32.0092,24.1848,31.9580,26.1648

938.8570,24.5208,24.3798,23.7539,23.9473,24.3167,31.8890,24.4715,32.0059,24.1837,31.9475,26.1606

939.8570,24.5285,24.3688,23.7778,23.9390,24.3187,31.8873,24.4609,32.0079,24.1866,31.9476,26.1611

940.8570,24.5291,24.3803,23.7653,23.9591,24.3368,31.9090,24.4777,31.9953,24.1941,31.9522,26.1691

941.8570,24.5132,24.3707,23.7613,23.9457,24.3289,31.9143,24.4723,32.0143,24.1839,31.9643,26.1651

942.8570,24.5165,24.3727,23.7462,23.9628,24.3061,31.9119,24.4804,32.0114,24.1809,31.9616,26.1635

943.8570,24.5312,24.3852,23.7730,23.9451,24.3010,31.8946,24.4982,32.0105,24.1871,31.9526,26.1674

944.8570,24.5164,24.3814,23.7606,23.9389,24.3411,31.9090,24.4584,32.0113,24.1877,31.9602,26.1646

945.8570,24.5015,24.3774,23.7561,23.9401,24.2983,31.9116,24.4846,32.0116,24.1747,31.9616,26.1601

946.8570,24.5195,24.3630,23.7625,23.9545,24.3224,31.8849,24.4868,31.9900,24.1844,31.9374,26.1605

947.8570,24.5389,24.3822,23.7610,23.9492,24.3172,31.8853,24.4772,31.9876,24.1897,31.9365,26.1623

948.8570,24.5234,24.3698,23.7538,23.9670,24.3561,31.9038,24.4799,32.0009,24.1940,31.9524,26.1693

949.8570,24.5340,24.3673,23.7517,23.9541,24.3190,31.9073,24.4835,32.0105,24.1852,31.9589,26.1659

950.8570,24.5302,24.4027,23.7673,23.9508,24.3213,31.9077,24.4590,31.9997,24.1945,31.9537,26.1673

951.8570,24.5330,24.3583,23.7574,23.9531,24.3217,31.9175,24.4755,31.9978,24.1847,31.9577,26.1643

952.8570,24.5305,24.3770,23.7520,23.9454,24.3211,31.9160,24.4862,31.9901,24.1852,31.9531,26.1648

953.8580,24.5442,24.3698,23.7561,23.9495,24.3154,31.9136,24.4497,32.0272,24.1870,31.9704,26.1657

954.8570,24.5301,24.3731,23.7566,23.9679,24.3278,31.9057,24.4709,32.0071,24.1911,31.9564,26.1674

955.8570,24.5552,24.3709,23.7681,23.9653,24.3255,31.9024,24.4815,32.0240,24.1970,31.9632,26.1741

956.8570,24.5214,24.3823,23.7691,23.9265,24.3272,31.9004,24.4957,32.0233,24.1853,31.9619,26.1682

957.8570,24.5259,24.4014,23.7665,23.9428,24.3189,31.9124,24.4714,32.0278,24.1911,31.9701,26.1709

958.8570,24.5370,24.3800,23.7668,23.9342,24.3300,31.9295,24.4949,31.9975,24.1896,31.9635,26.1712

959.8570,24.5169,24.3697,23.7725,23.9338,24.3236,31.9180,24.4864,32.0104,24.1833,31.9642,26.1664

960.8570,24.5316,24.3761,23.7813,23.9492,24.3114,31.9237,24.4834,32.0260,24.1899,31.9748,26.1728

961.8570,24.5344,24.4097,23.7710,23.9379,24.3232,31.9100,24.4863,32.0152,24.1953,31.9626,26.1735

962.8580,24.5274,24.3818,23.7606,23.9460,24.3359,31.9039,24.4853,31.9908,24.1903,31.9474,26.1665

963.8570,24.5469,24.3721,23.7660,23.9485,24.3158,31.8914,24.4832,32.0275,24.1899,31.9595,26.1689

964.8570,24.5445,24.3771,23.7550,23.9493,24.3337,31.8801,24.4844,32.0345,24.1919,31.9573,26.1698

965.8570,24.5470,24.3770,23.7742,23.9411,24.3253,31.8991,24.4578,32.0159,24.1929,31.9575,26.1672

966.8570,24.5400,24.3833,23.7682,23.9375,24.3467,31.9123,24.4826,32.0085,24.1952,31.9604,26.1724

967.8570,24.5500,24.3742,23.7539,23.9516,24.3260,31.9072,24.4938,32.0175,24.1911,31.9623,26.1718

968.8580,24.5438,24.3939,23.7556,23.9595,24.3293,31.9170,24.4728,32.0170,24.1964,31.9670,26.1736

969.8570,24.5498,24.3840,23.7514,23.9647,24.3484,31.9126,24.4639,32.0177,24.1997,31.9651,26.1741

970.8570,24.5313,24.3725,23.7882,23.9480,24.3266,31.9003,24.4657,32.0162,24.1933,31.9583,26.1686

971.8570,24.5341,24.3754,23.7476,23.9462,24.3475,31.8980,24.4827,32.0186,24.1901,31.9583,26.1688

972.8570,24.5297,24.3809,23.7620,23.9592,24.3393,31.9218,24.4839,32.0114,24.1942,31.9666,26.1735

973.8580,24.5340,24.3687,23.7550,23.9654,24.3529,31.9175,24.4963,32.0128,24.1952,31.9652,26.1753

974.8570,24.5297,24.3786,23.7654,23.9584,24.3175,31.9209,24.4892,32.0358,24.1899,31.9784,26.1745

975.8580,24.5395,24.3708,23.7529,23.9581,24.3358,31.9165,24.4653,31.9859,24.1914,31.9512,26.1656

976.8570,24.5364,24.3738,23.7734,23.9564,24.3271,31.9148,24.4948,32.0124,24.1934,31.9636,26.1737

977.8570,24.5413,24.3655,23.7764,23.9381,24.3522,31.9074,24.4784,32.0342,24.1947,31.9708,26.1742

978.8570,24.5421,24.3802,23.7537,23.9225,24.3478,31.9341,24.4804,32.0213,24.1893,31.9777,26.1728

979.8570,24.5350,24.3888,23.7732,23.9416,24.3218,31.9200,24.4876,32.0063,24.1921,31.9632,26.1718

980.8570,24.5412,24.3705,23.7696,23.9422,24.3267,31.9365,24.4910,32.0088,24.1900,31.9726,26.1733

981.8570,24.5230,24.3738,23.7597,23.9535,24.3264,31.9428,24.4693,32.0029,24.1873,31.9728,26.1689

982.8570,24.5423,24.3840,23.7789,23.9482,24.3245,31.9310,24.4913,32.0042,24.1956,31.9676,26.1756

983.8570,24.5418,24.3826,23.7812,23.9326,24.3593,31.9169,24.4781,32.0051,24.1995,31.9610,26.1747

984.8570,24.5291,24.3729,23.7560,23.9484,24.3244,31.9357,24.4694,32.0169,24.1862,31.9763,26.1691

985.8570,24.5363,24.3699,23.7785,23.9667,24.3340,31.9203,24.4862,32.0123,24.1971,31.9663,26.1755

986.8570,24.5276,24.3765,23.7700,23.9605,24.3187,31.9135,24.4644,32.0248,24.1907,31.9692,26.1695

987.8570,24.5199,24.3814,23.7507,23.9602,24.3356,31.9102,24.4740,32.0392,24.1896,31.9747,26.1714

988.8570,24.5537,24.3754,23.7485,23.9509,24.3405,31.9296,24.4718,32.0390,24.1938,31.9843,26.1762

989.8570,24.5410,24.3726,23.7523,23.9604,24.3415,31.9222,24.4931,32.0311,24.1936,31.9766,26.1768

990.8570,24.5322,24.3746,23.7846,23.9553,24.3389,31.9251,24.4937,32.0106,24.1971,31.9678,26.1769

991.8570,24.5314,24.3767,23.7631,23.9522,24.3433,31.9277,24.4717,32.0295,24.1933,31.9786,26.1744

992.8570,24.5186,24.3889,23.7572,23.9573,24.3399,31.9210,24.4801,32.0125,24.1924,31.9668,26.1719

993.8570,24.5340,24.3729,23.7512,23.9484,24.3530,31.9317,24.5034,32.0265,24.1919,31.9791,26.1776

994.8570,24.5389,24.3653,23.7644,23.9550,24.3140,31.9614,24.4802,32.0309,24.1875,31.9962,26.1763

995.8570,24.5381,24.3729,23.7521,23.9611,24.3221,31.9437,24.5062,32.0418,24.1893,31.9927,26.1797

996.8570,24.5537,24.3742,23.7506,23.9515,24.3325,31.9418,24.5098,32.0258,24.1925,31.9838,26.1800

997.8570,24.5281,24.3814,23.7630,23.9536,24.3320,31.9254,24.4636,32.0267,24.1916,31.9761,26.1717

998.8580,24.5518,24.3883,23.7662,23.9539,24.3396,31.9236,24.4677,32.0334,24.2000,31.9785,26.1781

999.8570,24.5471,24.3692,23.7659,23.9423,24.3411,31.9428,24.4760,32.0292,24.1931,31.9860,26.1767

1000.8580,24.5695,24.3652,23.7808,23.9393,24.3233,31.9482,24.4777,32.0373,24.1956,31.9928,26.1802

1001.8570,24.5574,24.3729,23.7654,23.9488,24.3381,31.9507,24.4736,32.0126,24.1965,31.9817,26.1774

1002.8570,24.5585,24.3886,23.7531,23.9281,24.3297,31.9203,24.4784,32.0278,24.1916,31.9740,26.1731

1003.8570,24.5585,24.3828,23.7895,23.9488,24.3330,31.9658,24.4858,32.0320,24.2025,31.9989,26.1870

1004.8570,24.5692,24.3561,23.7703,23.9561,24.3282,31.9187,24.4733,32.0253,24.1960,31.9720,26.1747

1005.8570,24.5509,24.3770,23.7870,23.9700,24.3331,31.9349,24.4834,32.0344,24.2036,31.9846,26.1838

1006.8570,24.5638,24.3734,23.7483,23.9701,24.3228,31.9266,24.4962,32.0087,24.1957,31.9676,26.1762

1007.8570,24.5728,24.3977,23.7755,23.9595,24.3318,31.9322,24.4903,32.0312,24.2074,31.9817,26.1864

1008.8570,24.5471,24.4008,23.7848,23.9578,24.3353,31.9404,24.4778,32.0263,24.2051,31.9833,26.1838

1009.8570,24.5446,24.3922,23.7634,23.9587,24.3263,31.9375,24.5024,32.0596,24.1971,31.9985,26.1856

1010.8570,24.5529,24.3672,23.7762,23.9720,24.3359,31.9368,24.4962,32.0142,24.2009,31.9755,26.1814

1011.8570,24.5579,24.3785,23.7644,23.9483,24.3239,31.9413,24.4754,32.0464,24.1946,31.9939,26.1795

1012.8570,24.5661,24.3939,23.7674,23.9419,24.3544,31.9147,24.4657,32.0565,24.2047,31.9856,26.1826

1013.8580,24.5525,24.3874,23.7672,23.9393,24.3517,31.9313,24.4758,32.0458,24.1996,31.9885,26.1814

1014.8570,24.5761,24.3803,23.7700,23.9454,24.3375,31.9266,24.4919,32.0354,24.2019,31.9810,26.1829

1015.8570,24.5714,24.3818,23.7757,23.9535,24.3313,31.9355,24.4905,32.0401,24.2027,31.9878,26.1850

1016.8570,24.5483,24.3885,23.7777,23.9469,24.3465,31.9365,24.5005,32.0548,24.2016,31.9956,26.1875

1017.8580,24.5754,24.3919,23.7475,23.9674,24.3419,31.9451,24.4774,32.0385,24.2048,31.9918,26.1856

1018.8570,24.5646,24.3756,23.7662,23.9606,24.3240,31.9334,24.4815,32.0361,24.1982,31.9848,26.1803

1019.8570,24.5546,24.3908,23.7639,23.9398,24.3159,31.9460,24.4976,32.0436,24.1930,31.9948,26.1815

1020.8570,24.5724,24.3898,23.7780,23.9828,24.3352,31.9219,24.4928,32.0594,24.2116,31.9907,26.1915

1021.8570,24.5505,24.3634,23.7965,23.9336,24.3354,31.9330,24.4990,32.0250,24.1959,31.9790,26.1796

1022.8570,24.5605,24.3853,23.7603,23.9608,24.3389,31.9223,24.4893,32.0204,24.2011,31.9714,26.1797

1023.8570,24.5870,24.3682,23.7503,23.9565,24.3190,31.9327,24.4958,32.0223,24.1962,31.9775,26.1790

1024.8580,24.5756,24.3981,23.7504,23.9405,24.3398,31.9364,24.4945,32.0289,24.2009,31.9826,26.1830

1025.8570,24.5811,24.3612,23.7518,23.9556,24.3401,31.9339,24.4784,32.0249,24.1980,31.9794,26.1784

1026.8580,24.5990,24.3939,23.7637,23.9453,24.3292,31.9235,24.4818,32.0272,24.2062,31.9754,26.1830

1027.8570,24.5728,24.3785,23.7743,23.9630,24.3417,31.9454,24.4773,32.0219,24.2061,31.9836,26.1844

1028.8570,24.5598,24.3673,23.7687,23.9432,24.3278,31.9357,24.4769,32.0357,24.1934,31.9857,26.1769

1029.8570,24.5922,24.4162,23.7586,23.9586,24.3715,31.9322,24.5003,32.0242,24.2194,31.9782,26.1942

1030.8570,24.5758,24.3700,23.7521,23.9521,24.3665,31.9333,24.4735,32.0281,24.2033,31.9807,26.1814

1031.8570,24.5934,24.3712,23.7764,23.9500,24.3580,31.9268,24.4667,32.0202,24.2098,31.9735,26.1828

1032.8570,24.5876,24.3644,23.7767,23.9683,24.3282,31.9211,24.4778,32.0370,24.2050,31.9791,26.1826

1033.8570,24.5798,24.3870,23.7724,23.9407,24.3524,31.9410,24.4801,32.0123,24.2065,31.9766,26.1832

1034.8580,24.5665,24.3807,23.7675,23.9510,24.3543,31.9470,24.4899,32.0343,24.2040,31.9907,26.1864

1035.8570,24.5747,24.3888,23.7661,23.9453,24.3497,31.9416,24.4776,32.0228,24.2049,31.9822,26.1833

1036.8570,24.5869,24.3704,23.7610,23.9530,24.3497,31.9401,24.4720,32.0358,24.2042,31.9880,26.1836

1037.8570,24.5886,24.3806,23.7731,23.9513,24.3461,31.9155,24.4652,32.0262,24.2079,31.9709,26.1808

1038.8570,24.5686,24.3833,23.7631,23.9654,24.3394,31.9430,24.4897,32.0059,24.2040,31.9745,26.1823

1039.8570,24.5536,24.3726,23.7688,23.9433,24.3579,31.9399,24.4775,32.0243,24.1993,31.9821,26.1797

1040.8570,24.5783,24.3707,23.7863,23.9490,24.3363,31.9446,24.4799,32.0155,24.2041,31.9801,26.1826

1041.8570,24.5909,24.3936,23.7677,23.9346,24.3367,31.9535,24.4815,32.0497,24.2047,32.0016,26.1885

1042.8570,24.5911,24.3878,23.7580,23.9600,24.3491,31.9349,24.4899,32.0381,24.2092,31.9865,26.1886

1043.8570,24.5724,24.3867,23.7608,23.9556,24.3474,31.9351,24.4902,32.0177,24.2046,31.9764,26.1832

1044.8580,24.5986,24.3979,23.7483,23.9379,24.3731,31.9324,24.5075,32.0315,24.2112,31.9819,26.1909

1045.8570,24.6126,24.3777,23.7731,23.9589,24.3461,31.9619,24.4775,32.0262,24.2137,31.9940,26.1918

1046.8570,24.6038,24.3780,23.7861,23.9492,24.3349,31.9503,24.4810,32.0137,24.2104,31.9820,26.1871

1047.8580,24.5923,24.3719,23.7658,23.9730,24.3442,31.9572,24.4674,32.0168,24.2094,31.9870,26.1861

1048.8570,24.5861,24.3881,23.7693,23.9527,24.3479,31.9416,24.4774,32.0326,24.2088,31.9871,26.1870

1049.8570,24.6079,24.3758,23.7555,23.9437,24.3825,31.9478,24.4840,32.0304,24.2131,31.9891,26.1909

1050.8570,24.5909,24.3929,23.7622,23.9679,24.3437,31.9534,24.4973,32.0229,24.2115,31.9882,26.1914

1051.8570,24.5983,24.3753,23.7588,23.9404,24.3658,31.9500,24.4831,32.0392,24.2077,31.9946,26.1889

1052.8570,24.6083,24.3764,23.7807,23.9533,24.3602,31.9505,24.4638,32.0327,24.2158,31.9916,26.1907

1053.8570,24.5969,24.3988,23.7596,23.9625,24.3520,31.9364,24.4678,32.0312,24.2140,31.9838,26.1881

1054.8570,24.5908,24.3859,23.7595,23.9401,24.3545,31.9505,24.4795,32.0115,24.2062,31.9810,26.1841

1055.8570,24.5853,24.3974,23.7544,23.9573,24.3618,31.9535,24.4900,32.0323,24.2112,31.9929,26.1915

1056.8570,24.6066,24.3728,23.7530,23.9630,24.3377,31.9442,24.4934,32.0362,24.2066,31.9902,26.1884

1057.8580,24.5960,24.3971,23.7641,23.9442,24.3564,31.9519,24.4921,32.0350,24.2116,31.9935,26.1921

1058.8570,24.6075,24.3739,23.7673,23.9517,24.3546,31.9436,24.4845,32.0328,24.2110,31.9882,26.1895

1059.8570,24.5681,24.3775,23.7751,23.9544,24.3398,31.9721,24.4758,32.0284,24.2030,32.0003,26.1864

1060.8580,24.5849,24.3852,23.7574,23.9621,24.3250,31.9583,24.5015,32.0446,24.2029,32.0015,26.1899

1061.8580,24.6042,24.3994,23.7375,23.9390,24.3565,31.9844,24.4925,32.0337,24.2073,32.0091,26.1934

1062.8570,24.5802,24.3832,23.7795,23.9507,24.3448,31.9508,24.4674,32.0521,24.2077,32.0014,26.1886

1063.8570,24.5979,24.3907,23.7667,23.9606,24.3545,31.9740,24.4791,32.0486,24.2141,32.0113,26.1965

1064.8570,24.6000,24.3912,23.7525,23.9454,24.3552,31.9582,24.4904,32.0530,24.2088,32.0056,26.1932

1065.8570,24.5987,24.3694,23.7836,23.9600,24.3312,31.9608,24.4856,32.0354,24.2086,31.9981,26.1906

1066.8570,24.6038,24.4128,23.7485,23.9500,24.3430,31.9438,24.4737,32.0325,24.2116,31.9881,26.1885

1067.8570,24.6078,24.3843,23.7692,23.9645,24.3530,31.9556,24.4873,32.0349,24.2157,31.9953,26.1946

1068.8570,24.5930,24.3953,23.7783,23.9447,24.3359,31.9419,24.5025,32.0259,24.2094,31.9839,26.1897

1069.8570,24.5977,24.3889,23.7525,23.9676,24.3524,31.9757,24.4820,32.0376,24.2118,32.0066,26.1943

1070.8580,24.6188,24.3752,23.7634,23.9464,24.3423,31.9380,24.5023,32.0450,24.2092,31.9915,26.1914

1071.8570,24.6199,24.3774,23.7784,23.9359,24.3590,31.9569,24.4909,32.0601,24.2141,32.0085,26.1973

1072.8570,24.6241,24.3851,23.7601,23.9549,24.3316,31.9536,24.4753,32.0451,24.2112,31.9994,26.1912

1073.8570,24.5962,24.3854,23.7481,23.9703,24.3457,31.9489,24.4870,32.0291,24.2091,31.9890,26.1888

1074.8570,24.6054,24.3784,23.7586,23.9515,24.3535,31.9646,24.4933,32.0425,24.2095,32.0035,26.1935

1075.8570,24.5827,24.3967,23.7768,23.9783,24.3535,31.9510,24.4860,32.0570,24.2176,32.0040,26.1978

1076.8570,24.6269,24.3913,23.7455,23.9573,24.3566,31.9545,24.4858,32.0422,24.2155,31.9984,26.1950

1077.8580,24.5955,24.3858,23.7566,23.9538,24.3313,31.9561,24.4846,32.0345,24.2046,31.9953,26.1873

1078.8570,24.6202,24.3964,23.7543,23.9496,24.3395,31.9586,24.4602,32.0473,24.2120,32.0029,26.1907

1079.8570,24.6037,24.3881,23.7631,23.9707,24.3447,31.9535,24.4817,32.0281,24.2141,31.9908,26.1917

1080.8570,24.5846,24.3850,23.7624,23.9477,24.3464,31.9608,24.4933,32.0227,24.2052,31.9917,26.1878

1081.8570,24.5904,24.3874,23.7619,23.9515,24.3607,31.9407,24.4899,32.0341,24.2104,31.9874,26.1896

1082.8570,24.6077,24.3718,23.7690,23.9648,24.3558,31.9566,24.4820,32.0556,24.2139,32.0061,26.1954

1083.8570,24.6381,24.3844,23.7759,23.9636,24.3351,31.9458,24.4907,32.0284,24.2194,31.9871,26.1953

1084.8580,24.5967,24.3901,23.7509,23.9680,24.3802,31.9503,24.4794,32.0305,24.2172,31.9904,26.1933

1085.8580,24.6132,24.3880,23.7616,23.9535,24.3717,31.9329,24.4783,32.0517,24.2176,31.9923,26.1939

1086.8570,24.6324,24.3833,23.7739,23.9725,24.3620,31.9543,24.4882,32.0242,24.2248,31.9892,26.1988

1087.8570,24.6140,24.3778,23.7817,23.9509,24.3484,31.9389,24.4856,32.0426,24.2146,31.9907,26.1925

1088.8570,24.6176,24.3953,23.7765,23.9717,24.3458,31.9457,24.4917,32.0508,24.2214,31.9982,26.1994

1089.8570,24.6140,24.3947,23.7806,23.9499,24.3441,31.9356,24.5034,32.0271,24.2167,31.9813,26.1937

1090.8570,24.6243,24.3712,23.7694,23.9789,24.3757,31.9444,24.4998,32.0373,24.2239,31.9908,26.2001

1091.8570,24.6276,24.4050,23.7606,23.9606,24.3658,31.9561,24.4750,32.0453,24.2239,32.0007,26.1995

1092.8570,24.6280,24.3911,23.7840,23.9595,24.3619,31.9541,24.4818,32.0175,24.2249,31.9858,26.1972

1093.8570,24.6163,24.3879,23.7733,23.9638,24.3639,31.9425,24.4989,32.0298,24.2210,31.9861,26.1970

1094.8570,24.6086,24.3984,23.7682,23.9351,24.3477,31.9438,24.4740,32.0381,24.2116,31.9909,26.1892

1095.8570,24.6111,24.3864,23.7500,23.9571,24.3497,31.9359,24.4941,32.0392,24.2109,31.9876,26.1905

1096.8570,24.6003,24.3886,23.7674,23.9579,24.3621,31.9529,24.4949,32.0280,24.2152,31.9904,26.1940

1097.8570,24.6170,24.3959,23.7775,23.9714,24.3774,31.9268,24.4933,32.0479,24.2278,31.9873,26.2009

1098.8570,24.6067,24.3968,23.7547,23.9718,24.3571,31.9654,24.4903,32.0601,24.2174,32.0128,26.2004

1099.8570,24.6291,24.3814,23.7724,23.9621,24.3479,31.9613,24.4924,32.0458,24.2186,32.0036,26.1991

1100.8570,24.6068,24.3921,23.7671,23.9766,24.3653,31.9556,24.4833,32.0438,24.2216,31.9997,26.1988

1101.8570,24.6073,24.3983,23.7539,23.9611,24.3705,31.9650,24.4919,32.0312,24.2182,31.9981,26.1974

1102.8570,24.6220,24.4059,23.7544,23.9667,24.3522,31.9566,24.4858,32.0350,24.2202,31.9958,26.1973

1103.8580,24.6153,24.4138,23.7619,23.9496,24.3511,31.9584,24.4937,32.0358,24.2183,31.9971,26.1975

1104.8580,24.6139,24.3858,23.7551,23.9675,24.3677,31.9781,24.4983,32.0570,24.2180,32.0176,26.2029

1105.8570,24.6102,24.4066,23.7631,23.9688,24.3564,31.9562,24.4874,32.0430,24.2210,31.9996,26.1990

1106.8570,24.6166,24.4119,23.7737,23.9647,24.3846,31.9555,24.4890,32.0465,24.2303,32.0010,26.2053

1107.8570,24.6214,24.3707,23.7523,23.9396,24.3794,31.9565,24.4851,32.0466,24.2127,32.0016,26.1940

1108.8570,24.6131,24.3720,23.7702,23.9550,24.3565,31.9520,24.4713,32.0388,24.2133,31.9954,26.1911

1109.8570,24.6126,24.3741,23.7689,23.9670,24.3749,31.9506,24.4993,32.0383,24.2195,31.9945,26.1982

1110.8570,24.6200,24.3797,23.7571,23.9647,24.3591,31.9678,24.5088,32.0368,24.2161,32.0023,26.1993

1111.8570,24.6163,24.3893,23.7694,23.9643,24.3762,31.9815,24.4739,32.0256,24.2231,32.0035,26.1996

1112.8570,24.6218,24.3902,23.7680,23.9685,24.3662,31.9532,24.4899,32.0484,24.2229,32.0008,26.2008

1113.8580,24.6378,24.3891,23.7707,23.9518,24.3746,31.9395,24.4898,32.0535,24.2248,31.9965,26.2009

1114.8570,24.6053,24.4110,23.7647,23.9647,24.3590,31.9700,24.4961,32.0447,24.2209,32.0074,26.2019

1115.8570,24.6215,24.3795,23.7621,23.9678,24.3630,31.9716,24.4637,32.0561,24.2188,32.0139,26.1982

1116.8570,24.6372,24.3924,23.7683,23.9759,24.3706,31.9576,24.4746,32.0482,24.2289,32.0029,26.2031

1117.8580,24.6318,24.3883,23.7808,23.9567,24.3506,31.9744,24.4772,32.0650,24.2217,32.0197,26.2031

1118.8570,24.6290,24.4109,23.7718,23.9746,24.3634,31.9782,24.4918,32.0608,24.2300,32.0195,26.2101

1119.8580,24.6295,24.3664,23.7735,23.9603,24.3450,31.9726,24.4817,32.0397,24.2150,32.0061,26.1961

1120.8570,24.6128,24.3845,23.7618,23.9751,24.3623,31.9761,24.4908,32.0568,24.2193,32.0164,26.2025

1121.8570,24.6432,24.3935,23.7813,23.9619,24.3601,31.9669,24.4786,32.0565,24.2280,32.0117,26.2052

1122.8570,24.6332,24.3943,23.7731,23.9736,24.3614,31.9485,24.4822,32.0667,24.2271,32.0076,26.2041

1123.8570,24.6211,24.3854,23.7708,23.9661,24.3744,31.9497,24.5021,32.0778,24.2236,32.0137,26.2059

1124.8570,24.6300,24.4004,23.7655,23.9769,24.3342,31.9557,24.4850,32.0678,24.2214,32.0118,26.2019

1125.8570,24.6072,24.3842,23.7649,23.9583,24.3421,31.9640,24.4825,32.0579,24.2114,32.0110,26.1952

1126.8570,24.6371,24.3929,23.7745,23.9783,24.3503,31.9689,24.4827,32.0519,24.2266,32.0104,26.2046

1127.8570,24.6257,24.4065,23.7844,23.9622,24.3738,31.9795,24.4864,32.0476,24.2305,32.0136,26.2083

1128.8570,24.6363,24.3968,23.7642,23.9746,24.3461,31.9802,24.4956,32.0422,24.2236,32.0112,26.2045

1129.8570,24.6480,24.3882,23.7618,23.9434,24.3502,31.9801,24.4927,32.0725,24.2183,32.0263,26.2046

1130.8570,24.6298,24.4127,23.7853,23.9763,24.3462,31.9554,24.4949,32.0925,24.2301,32.0240,26.2116

1131.8570,24.6482,24.3969,23.7734,23.9493,24.3438,31.9596,24.4768,32.0690,24.2223,32.0143,26.2021

1132.8570,24.6531,24.3999,23.7806,23.9593,24.3412,31.9556,24.4817,32.0429,24.2268,31.9992,26.2018

1133.8570,24.6262,24.3997,23.7817,23.9747,24.3899,31.9664,24.5046,32.0729,24.2344,32.0197,26.2145

1134.8570,24.6624,24.4005,23.7694,23.9666,24.3557,31.9700,24.4856,32.0671,24.2309,32.0186,26.2097

1135.8570,24.6527,24.4082,23.7855,23.9548,24.3474,31.9603,24.4635,32.0622,24.2297,32.0112,26.2043

1136.8570,24.6596,24.3967,23.7750,23.9670,24.3722,31.9376,24.4794,32.0639,24.2341,32.0007,26.2064

1137.8570,24.6507,24.3906,23.7765,23.9860,24.3610,31.9701,24.5022,32.0457,24.2329,32.0079,26.2103

1138.8570,24.6478,24.3920,23.7831,23.9585,24.3675,31.9803,24.4899,32.0596,24.2298,32.0200,26.2099

1139.8570,24.6676,24.3950,23.7804,23.9690,24.3699,31.9569,24.4749,32.0451,24.2364,32.0010,26.2073

1140.8570,24.6410,24.4027,23.7777,23.9820,24.3608,31.9558,24.4816,32.0731,24.2328,32.0145,26.2093

1141.8580,24.6412,24.4063,23.7719,23.9757,24.3448,31.9559,24.4943,32.0798,24.2280,32.0179,26.2087

1142.8570,24.6494,24.4034,23.7817,23.9694,24.3796,31.9745,24.5017,32.0833,24.2367,32.0289,26.2179

1143.8570,24.6345,24.4055,23.7805,23.9744,24.3268,31.9597,24.4925,32.0765,24.2243,32.0181,26.2063

1144.8570,24.6491,24.3851,23.7890,23.9616,24.3461,31.9835,24.4948,32.0797,24.2262,32.0316,26.2111

1145.8570,24.6318,24.3973,23.7751,23.9458,24.3799,31.9532,24.4998,32.0672,24.2260,32.0102,26.2063

1146.8570,24.6566,24.3741,23.7713,23.9633,24.3409,31.9661,24.5031,32.0755,24.2212,32.0208,26.2064

1147.8580,24.6440,24.4007,23.7620,23.9677,24.3444,31.9696,24.4787,32.0696,24.2238,32.0196,26.2046

1148.8580,24.6674,24.4019,23.7769,23.9575,24.3578,31.9656,24.4803,32.0815,24.2323,32.0235,26.2111

1149.8570,24.6602,24.4203,23.7787,23.9721,24.3492,31.9561,24.4832,32.0692,24.2361,32.0126,26.2111

1150.8570,24.6715,24.4075,23.7687,23.9839,24.3440,31.9682,24.4812,32.0780,24.2351,32.0231,26.2129

1151.8570,24.6583,24.3956,23.7806,23.9702,24.3616,31.9927,24.4788,32.0631,24.2333,32.0279,26.2126

1152.8570,24.6599,24.3964,23.7780,23.9852,24.3641,31.9441,24.5075,32.0727,24.2367,32.0084,26.2135

1153.8570,24.6685,24.4044,23.7836,23.9600,24.3660,31.9802,24.4956,32.0797,24.2365,32.0300,26.2172

1154.8580,24.6636,24.4126,23.7777,23.9550,24.3475,31.9811,24.4788,32.0585,24.2313,32.0198,26.2093

1155.8570,24.6897,24.4002,23.7738,23.9790,24.3546,31.9623,24.4806,32.0661,24.2395,32.0142,26.2133

1156.8570,24.6650,24.4137,23.7726,23.9665,24.3497,31.9796,24.4794,32.0791,24.2335,32.0293,26.2132

1157.8570,24.6740,24.3745,23.7878,23.9797,24.3584,31.9642,24.4912,32.0815,24.2349,32.0229,26.2139

1158.8570,24.6663,24.4151,23.7551,23.9613,24.3672,31.9448,24.4784,32.0786,24.2330,32.0117,26.2083

1159.8570,24.6611,24.3962,23.7727,23.9802,24.3662,31.9396,24.4827,32.0856,24.2353,32.0126,26.2105

1160.8570,24.6801,24.4050,23.7648,23.9530,24.3455,31.9801,24.4834,32.0740,24.2297,32.0270,26.2107

1161.8570,24.6738,24.3977,23.7685,23.9633,24.3434,31.9776,24.4880,32.0784,24.2293,32.0280,26.2113

1162.8580,24.6478,24.3851,23.7875,23.9776,24.3637,31.9724,24.4791,32.0826,24.2323,32.0275,26.2120

1163.8570,24.6653,24.3885,23.7635,23.9663,24.3638,31.9874,24.5000,32.0996,24.2295,32.0435,26.2168

1164.8570,24.7114,24.4191,23.7714,23.9582,24.3613,31.9755,24.4876,32.0811,24.2443,32.0283,26.2207

1165.8570,24.6801,24.4334,23.7711,23.9773,24.3611,31.9758,24.4987,32.0824,24.2446,32.0291,26.2225

1166.8570,24.6896,24.3917,23.7842,23.9842,24.3588,31.9759,24.4891,32.0824,24.2417,32.0292,26.2195

1167.8570,24.6815,24.4037,23.7844,23.9730,24.3577,31.9833,24.4675,32.0772,24.2401,32.0302,26.2160

1168.8570,24.6830,24.4191,23.7813,23.9742,24.3673,31.9759,24.4904,32.0857,24.2450,32.0308,26.2221

1169.8580,24.6797,24.3820,23.7887,23.9514,24.3565,31.9680,24.4860,32.0848,24.2317,32.0264,26.2121

1170.8570,24.6756,24.3894,23.7771,23.9696,24.3684,31.9653,24.4976,32.0850,24.2360,32.0251,26.2160

1171.8570,24.6833,24.3789,23.7723,23.9667,24.3681,31.9377,24.4729,32.0687,24.2338,32.0032,26.2061

1172.8570,24.6865,24.4208,23.7741,23.9713,24.3775,31.9729,24.4728,32.0733,24.2460,32.0231,26.2186

1173.8570,24.6884,24.3933,23.7853,23.9655,24.3836,31.9630,24.4997,32.0855,24.2432,32.0243,26.2206

1174.8570,24.6936,24.3929,23.7868,23.9868,24.3855,31.9672,24.4978,32.0766,24.2491,32.0219,26.2234

1175.8570,24.6906,24.3948,23.7760,23.9438,24.3660,31.9624,24.4931,32.0774,24.2342,32.0199,26.2130

1176.8570,24.6869,24.4147,23.7684,23.9646,24.3688,31.9859,24.4865,32.0957,24.2407,32.0408,26.2214

1177.8570,24.6881,24.4135,23.7852,23.9715,24.3743,31.9632,24.5104,32.0833,24.2465,32.0232,26.2237

1178.8570,24.6819,24.4108,23.7608,23.9783,24.3742,31.9875,24.4907,32.0898,24.2412,32.0386,26.2217

1179.8570,24.6985,24.4237,23.7878,23.9779,24.3705,31.9740,24.4875,32.0781,24.2517,32.0261,26.2247

1180.8570,24.6873,24.4090,23.7854,23.9594,24.3584,31.9769,24.4742,32.0877,24.2399,32.0323,26.2173

1181.8570,24.6672,24.3993,23.7771,23.9696,24.3709,31.9786,24.5009,32.1104,24.2368,32.0445,26.2218

1182.8570,24.6983,24.4237,23.7794,23.9680,24.3854,31.9803,24.4828,32.0845,24.2510,32.0324,26.2253

1183.8580,24.6803,24.3959,23.7657,23.9534,24.3656,31.9808,24.4805,32.0859,24.2322,32.0333,26.2135

1184.8570,24.7000,24.4013,23.7663,23.9753,24.3654,31.9942,24.5142,32.0820,24.2417,32.0381,26.2249

1185.8570,24.6770,24.4205,23.7743,23.9667,24.3798,31.9677,24.4900,32.0850,24.2437,32.0263,26.2201

1186.8580,24.6891,24.4178,23.7507,23.9735,24.3810,31.9862,24.4788,32.0918,24.2424,32.0390,26.2211

1187.8580,24.6977,24.4046,23.7702,23.9683,24.3976,31.9703,24.5006,32.0928,24.2477,32.0316,26.2252

1188.8570,24.6850,24.4133,23.7874,23.9775,24.3798,31.9878,24.4942,32.1032,24.2486,32.0455,26.2285

1189.8570,24.6960,24.3962,23.7726,23.9636,24.3647,31.9743,24.4628,32.0972,24.2386,32.0357,26.2159

1190.8570,24.7008,24.4270,23.7671,23.9694,24.3851,31.9913,24.5046,32.0860,24.2499,32.0386,26.2289

1191.8570,24.7235,24.4210,23.7686,23.9880,24.3733,31.9969,24.5065,32.0922,24.2549,32.0445,26.2338

1192.8570,24.6931,24.4072,23.7685,23.9884,24.3438,31.9920,24.4744,32.0976,24.2402,32.0448,26.2206

1193.8570,24.6962,24.4045,23.7937,23.9758,24.3692,31.9891,24.5014,32.0951,24.2479,32.0421,26.2281

1194.8570,24.7179,24.4102,23.7677,23.9928,24.3635,32.0068,24.4896,32.0997,24.2504,32.0533,26.2310

1195.8570,24.7123,24.4119,23.7689,23.9618,24.3796,31.9989,24.4880,32.0956,24.2469,32.0473,26.2271

1196.8580,24.7128,24.4227,23.7694,23.9632,24.3682,31.9707,24.4974,32.0862,24.2473,32.0285,26.2238

1197.8570,24.7085,24.3951,23.7800,23.9630,24.3507,32.0022,24.5009,32.0951,24.2395,32.0486,26.2244

1198.8570,24.6942,24.3963,23.7784,23.9841,24.3691,31.9838,24.4870,32.1006,24.2444,32.0422,26.2242

1199.8570,24.7081,24.4086,23.7685,23.9761,24.3721,32.0182,24.4984,32.0900,24.2467,32.0541,26.2300

1200.8580,24.6948,24.3943,23.7783,23.9712,24.3527,31.9999,24.4903,32.0909,24.2383,32.0454,26.2215

1201.8580,24.6990,24.3994,23.7739,23.9739,24.3611,31.9932,24.4849,32.0852,24.2414,32.0392,26.2213

1202.8580,24.7103,24.4108,23.7650,23.9787,24.3800,31.9806,24.4836,32.0974,24.2490,32.0390,26.2258

1203.8570,24.7025,24.4347,23.7643,23.9648,24.3745,31.9972,24.4928,32.1079,24.2482,32.0525,26.2299

1204.8570,24.6921,24.3926,23.7936,23.9794,24.3547,31.9977,24.4942,32.1009,24.2425,32.0493,26.2256

1205.8570,24.6894,24.3945,23.7591,23.9662,24.3713,31.9860,24.4753,32.1000,24.2361,32.0430,26.2177

1206.8570,24.7139,24.4163,23.7667,23.9620,24.3515,32.0085,24.4811,32.0996,24.2421,32.0540,26.2250

1207.8580,24.7077,24.4222,23.7811,23.9769,24.3684,32.0070,24.4964,32.0680,24.2513,32.0375,26.2285

1208.8570,24.6837,24.4164,23.7621,23.9895,24.3690,31.9889,24.4887,32.0940,24.2441,32.0414,26.2240

1209.8570,24.6956,24.4237,23.7656,23.9586,24.3492,31.9992,24.4861,32.0949,24.2385,32.0471,26.2216

1210.8570,24.6808,24.3969,23.7960,23.9757,24.3486,31.9972,24.4938,32.1150,24.2396,32.0561,26.2255

1211.8570,24.6901,24.3873,23.7609,23.9642,24.3437,32.0017,24.4922,32.0942,24.2292,32.0480,26.2168

1212.8570,24.7027,24.4019,23.7793,23.9717,24.3586,31.9969,24.4775,32.0889,24.2429,32.0429,26.2222

1213.8570,24.7027,24.4173,23.7658,23.9932,24.3780,32.0025,24.4986,32.1062,24.2514,32.0543,26.2330

1214.8570,24.7110,24.4108,23.7669,23.9546,24.3741,32.0136,24.4954,32.1239,24.2435,32.0687,26.2313

1215.8570,24.7128,24.4023,23.7726,23.9783,24.3641,32.0187,24.4794,32.1036,24.2460,32.0612,26.2290

1216.8570,24.7098,24.4147,23.7878,23.9783,24.3582,32.0072,24.4785,32.0997,24.2498,32.0535,26.2293

1217.8570,24.7007,24.4028,23.7692,23.9764,24.3491,32.0028,24.4845,32.1051,24.2396,32.0540,26.2238

1218.8570,24.7109,24.4118,23.7896,23.9622,24.3730,32.0191,24.4950,32.1205,24.2495,32.0698,26.2353

1219.8570,24.7025,24.4019,23.7845,23.9751,24.3490,32.0131,24.4870,32.0910,24.2426,32.0520,26.2255

1220.8580,24.6958,24.4270,23.7864,23.9689,24.3584,32.0009,24.4842,32.0989,24.2473,32.0499,26.2276

1221.8570,24.6866,24.4265,23.7826,23.9703,24.3553,31.9913,24.4775,32.1039,24.2443,32.0476,26.2242

1222.8570,24.6873,24.4309,23.7619,23.9647,24.3565,32.0145,24.4899,32.0989,24.2403,32.0567,26.2256

1223.8580,24.6990,24.4096,23.7780,23.9704,24.3739,31.9956,24.4904,32.1035,24.2462,32.0495,26.2275

1224.8570,24.7123,24.4156,23.7651,23.9656,24.3725,32.0163,24.4615,32.1148,24.2462,32.0655,26.2280

1225.8570,24.6935,24.4312,23.7803,23.9647,24.3547,32.0037,24.5003,32.1046,24.2449,32.0542,26.2291

1226.8570,24.6935,24.4150,23.7772,23.9796,24.3438,31.9966,24.4571,32.1107,24.2418,32.0537,26.2217

1227.8570,24.6919,24.4122,23.7786,23.9593,24.3767,32.0021,24.4750,32.1190,24.2437,32.0605,26.2268

1228.8570,24.6910,24.4176,23.7831,23.9699,24.3573,32.0087,24.4932,32.0965,24.2438,32.0526,26.2272

1229.8580,24.7060,24.4355,23.7670,23.9533,24.3535,32.0086,24.4856,32.0842,24.2431,32.0464,26.2242

1230.8570,24.7265,24.3944,23.7609,23.9907,24.3589,31.9962,24.4984,32.1191,24.2463,32.0576,26.2306

1231.8570,24.7035,24.4291,23.7719,23.9639,24.3589,32.0249,24.5033,32.0981,24.2455,32.0615,26.2317

1232.8570,24.7100,24.4200,23.7841,23.9832,24.3608,32.0178,24.4932,32.1018,24.2516,32.0598,26.2339

1233.8570,24.7270,24.4123,23.7929,23.9622,24.3702,32.0055,24.5030,32.1017,24.2529,32.0536,26.2344

1234.8570,24.7031,24.4241,23.8048,23.9769,24.3567,31.9959,24.4681,32.1146,24.2531,32.0552,26.2305

1235.8570,24.6989,24.4170,23.7816,23.9754,24.3539,32.0114,24.5039,32.1081,24.2454,32.0598,26.2313

1236.8570,24.6856,24.4298,23.7731,23.9731,24.3732,32.0231,24.4690,32.1033,24.2470,32.0632,26.2288

1237.8570,24.7208,24.4298,23.7741,23.9585,24.3569,32.0069,24.4809,32.1078,24.2480,32.0574,26.2295

1238.8570,24.6891,24.4133,23.7897,23.9912,24.3724,32.0218,24.4908,32.1072,24.2511,32.0645,26.2344

1239.8570,24.7124,24.4181,23.7591,23.9704,24.3665,32.0080,24.4706,32.1098,24.2453,32.0589,26.2268

1240.8580,24.7057,24.4068,23.7866,23.9837,24.3706,32.0083,24.4796,32.0763,24.2507,32.0423,26.2272

1241.8570,24.7158,24.4081,23.7614,23.9855,24.3717,32.0094,24.4856,32.1094,24.2485,32.0594,26.2309

1242.8570,24.6965,24.4185,23.7576,23.9737,24.3355,32.0062,24.4837,32.1071,24.2363,32.0567,26.2223

1243.8570,24.6933,24.4206,23.7880,23.9687,24.3592,32.0153,24.4830,32.0908,24.2460,32.0531,26.2274

1244.8570,24.6987,24.4248,23.7601,23.9776,24.3537,32.0121,24.4825,32.1125,24.2430,32.0623,26.2278

1245.8570,24.6913,24.4219,23.7690,23.9718,24.3600,32.0208,24.4965,32.1137,24.2428,32.0672,26.2306

1246.8570,24.6909,24.4016,23.7880,23.9781,24.3625,32.0241,24.4773,32.1194,24.2442,32.0718,26.2302

1247.8580,24.7093,24.4193,23.7843,23.9574,24.3620,31.9866,24.4750,32.1199,24.2465,32.0532,26.2267

1248.8570,24.7113,24.4081,23.7812,23.9623,24.3522,32.0195,24.5097,32.1059,24.2430,32.0627,26.2313

1249.8570,24.7411,24.4073,23.7686,23.9686,24.3843,31.9928,24.4711,32.1096,24.2540,32.0512,26.2304

1250.8570,24.7027,24.4015,23.7779,23.9718,24.3605,32.0269,24.5027,32.1222,24.2429,32.0745,26.2333

1251.8570,24.6850,24.4082,23.7680,23.9676,24.3604,32.0329,24.4772,32.1051,24.2378,32.0690,26.2255

1252.8570,24.7222,24.4058,23.7941,23.9686,24.3649,32.0195,24.4862,32.1101,24.2511,32.0648,26.2339

1253.8570,24.6947,24.4021,23.7894,23.9734,24.3804,32.0344,24.4820,32.1123,24.2480,32.0734,26.2336

1254.8570,24.7097,24.4121,23.7913,23.9658,24.3812,32.0142,24.5123,32.1169,24.2520,32.0655,26.2379

1255.8570,24.7212,24.4190,23.7718,23.9714,24.3743,32.0091,24.4918,32.1142,24.2515,32.0617,26.2341

1256.8570,24.7138,24.4113,23.7792,23.9721,24.3603,32.0291,24.4888,32.1191,24.2474,32.0741,26.2342

1257.8570,24.7101,24.3950,23.7809,23.9752,24.3731,32.0300,24.4829,32.1004,24.2469,32.0652,26.2309

1258.8570,24.7161,24.4167,23.8035,23.9661,24.3441,32.0299,24.4904,32.1050,24.2493,32.0674,26.2340

1259.8570,24.7251,24.4069,23.7738,23.9701,24.3617,32.0322,24.4882,32.0989,24.2475,32.0656,26.2321

1260.8570,24.7184,24.4097,23.7823,23.9738,24.3635,32.0068,24.4673,32.0899,24.2495,32.0483,26.2265

1261.8570,24.7181,24.4124,23.7907,23.9449,24.3642,32.0075,24.4980,32.0953,24.2461,32.0514,26.2289

1262.8570,24.7119,24.4152,23.7638,23.9657,24.3721,32.0426,24.4795,32.0910,24.2457,32.0668,26.2302

1263.8570,24.7255,24.4088,23.7885,23.9753,24.3763,32.0257,24.4740,32.0867,24.2549,32.0562,26.2326

1264.8570,24.7354,24.4218,23.7850,23.9760,24.3758,32.0064,24.4775,32.1115,24.2588,32.0589,26.2362

1265.8570,24.7303,24.4292,23.7621,23.9655,24.3494,32.0018,24.4831,32.0999,24.2473,32.0509,26.2277

1266.8570,24.7503,24.4005,23.7783,23.9637,24.3547,32.0151,24.4889,32.1216,24.2495,32.0683,26.2341

1267.8570,24.7354,24.4089,23.7678,23.9716,24.3555,32.0153,24.4802,32.0871,24.2478,32.0512,26.2277

1268.8570,24.7346,24.4299,23.7775,23.9775,24.4090,32.0164,24.4729,32.1107,24.2657,32.0635,26.2411

1269.8570,24.7322,24.3989,23.7729,23.9625,24.3802,31.9981,24.5052,32.1159,24.2493,32.0570,26.2332

1270.8570,24.7492,24.3974,23.7700,23.9591,24.3825,32.0257,24.4843,32.1210,24.2516,32.0733,26.2361

1271.8570,24.7343,24.4107,23.7734,23.9777,24.3832,32.0259,24.4882,32.0977,24.2559,32.0618,26.2364

1272.8570,24.7523,24.4282,23.7768,23.9470,24.3832,31.9846,24.4854,32.1001,24.2575,32.0424,26.2322

1273.8580,24.7089,24.4202,23.7796,23.9616,24.3757,32.0180,24.4731,32.0762,24.2492,32.0471,26.2267

1274.8580,24.7191,24.4142,23.7717,23.9718,24.3813,32.0109,24.4984,32.1113,24.2516,32.0611,26.2348

1275.8570,24.7333,24.4165,23.7877,23.9788,24.3997,32.0217,24.4680,32.1071,24.2632,32.0644,26.2391

1276.8570,24.7245,24.4046,23.7819,23.9697,24.3857,32.0068,24.4722,32.1129,24.2533,32.0598,26.2323

1277.8570,24.7439,24.4100,23.7869,23.9878,24.3800,32.0265,24.4681,32.0861,24.2617,32.0563,26.2362

1278.8570,24.7359,24.4104,23.7532,23.9731,24.3886,32.0041,24.4690,32.0965,24.2523,32.0503,26.2289

1279.8570,24.7337,24.4056,23.7801,23.9584,24.3840,32.0254,24.4822,32.0986,24.2524,32.0620,26.2335

1280.8580,24.7274,24.4191,23.7606,23.9629,24.3701,32.0378,24.4815,32.0974,24.2480,32.0676,26.2321

1281.8570,24.7209,24.4084,23.7726,23.9693,24.3683,32.0412,24.4718,32.1027,24.2479,32.0719,26.2319

1282.8570,24.7392,24.4043,23.7750,23.9618,24.3725,32.0106,24.4766,32.0618,24.2506,32.0362,26.2252

1283.8570,24.7281,24.4205,23.7752,23.9695,24.3760,32.0188,24.4782,32.0981,24.2539,32.0584,26.2330

1284.8570,24.7125,24.4017,23.7763,23.9716,24.3921,32.0118,24.4835,32.1165,24.2509,32.0642,26.2333

1285.8570,24.7251,24.4018,23.7763,23.9858,24.3873,32.0356,24.4883,32.0905,24.2553,32.0631,26.2363

1286.8570,24.7113,24.4219,23.7798,23.9737,24.3980,32.0435,24.4772,32.1110,24.2569,32.0773,26.2395

1287.8570,24.7354,24.4262,23.7800,23.9781,24.3998,32.0190,24.4754,32.1067,24.2639,32.0629,26.2401

1288.8570,24.7286,24.4185,23.7736,23.9486,24.3788,32.0427,24.4969,32.0869,24.2496,32.0648,26.2343

1289.8570,24.7369,24.4103,23.7815,23.9834,24.3872,32.0285,24.4887,32.1045,24.2598,32.0665,26.2401

1290.8570,24.7281,24.4136,23.7957,23.9834,24.3675,32.0353,24.4845,32.0958,24.2576,32.0655,26.2380

1291.8570,24.7115,24.4186,23.7955,23.9672,24.3830,32.0502,24.4829,32.1037,24.2552,32.0769,26.2391

1292.8580,24.7202,24.4132,23.7736,23.9845,24.3748,32.0354,24.4704,32.1241,24.2533,32.0798,26.2370

1293.8580,24.7028,24.3995,23.7953,23.9571,24.3607,32.0369,24.4856,32.0988,24.2431,32.0679,26.2296

1294.8570,24.7325,24.4103,23.7664,23.9678,24.3724,32.0303,24.4835,32.1119,24.2499,32.0711,26.2344

1295.8580,24.7334,24.4085,23.7556,23.9863,24.3823,32.0372,24.4893,32.1325,24.2532,32.0849,26.2406

1296.8580,24.7413,24.4067,23.7836,23.9732,24.3505,32.0390,24.4838,32.0883,24.2511,32.0636,26.2333

1297.8570,24.7220,24.4127,23.7806,23.9731,24.3614,32.0400,24.4770,32.0953,24.2499,32.0677,26.2327

1298.8570,24.7149,24.4086,23.7718,23.9600,24.3817,32.0461,24.4757,32.1127,24.2474,32.0794,26.2340

1299.8590,24.7569,24.4177,23.7747,23.9634,24.3836,32.0254,24.4838,32.1136,24.2592,32.0695,26.2399

1300.8570,24.7310,24.4309,23.7945,23.9624,24.3681,32.0302,24.4819,32.0959,24.2574,32.0630,26.2369

1301.8580,24.7388,24.4074,23.7720,23.9706,24.3877,32.0308,24.4887,32.1017,24.2553,32.0663,26.2372

1302.8570,24.7464,24.4085,23.7561,23.9751,24.3575,32.0304,24.4695,32.1149,24.2487,32.0727,26.2323

1303.8570,24.7439,24.4169,23.7796,23.9645,24.3767,32.0608,24.4778,32.1228,24.2563,32.0918,26.2429

1304.8570,24.7256,24.4139,23.7842,23.9586,24.3683,32.0323,24.4696,32.1341,24.2501,32.0832,26.2358

1305.8580,24.7521,24.4122,23.7702,23.9546,24.3721,32.0131,24.4708,32.1013,24.2523,32.0572,26.2308

1306.8570,24.7458,24.4070,23.7829,23.9754,24.3484,32.0397,24.4618,32.1153,24.2519,32.0775,26.2345

1307.8570,24.7508,24.4147,23.7652,23.9571,24.3685,32.0188,24.4984,32.0986,24.2513,32.0587,26.2340

1308.8570,24.7406,24.4167,23.7836,23.9695,24.3635,32.0242,24.4809,32.1068,24.2548,32.0655,26.2357

1309.8570,24.7508,24.4124,23.7727,23.9808,24.3728,32.0250,24.4630,32.1029,24.2579,32.0639,26.2350

1310.8570,24.7504,24.4162,23.7751,23.9709,24.3657,32.0288,24.4758,32.1043,24.2557,32.0665,26.2359

1311.8570,24.7339,24.4061,23.7589,23.9551,24.3577,32.0171,24.4609,32.1199,24.2423,32.0685,26.2262

1312.8570,24.7426,24.4158,23.7904,23.9577,24.3655,32.0281,24.4706,32.1041,24.2544,32.0661,26.2344

1313.8580,24.7866,24.4185,23.7774,23.9566,24.3693,32.0370,24.4710,32.0924,24.2617,32.0647,26.2386

1314.8570,24.7588,24.4063,23.7680,23.9680,24.3675,32.0235,24.4677,32.0925,24.2537,32.0580,26.2315

1315.8570,24.7526,24.3996,23.7684,23.9665,24.3703,32.0305,24.4776,32.1042,24.2515,32.0673,26.2337

1316.8570,24.7700,24.4250,23.7726,23.9575,24.3669,32.0186,24.4737,32.1017,24.2584,32.0602,26.2358

1317.8570,24.7571,24.4282,23.7762,23.9597,24.3663,32.0242,24.4622,32.0965,24.2575,32.0603,26.2338

1318.8580,24.7602,24.3980,23.7635,23.9536,24.3841,32.0296,24.4689,32.0925,24.2519,32.0611,26.2313

1319.8570,24.7447,24.4130,23.7762,23.9800,24.3657,32.0053,24.4731,32.0874,24.2560,32.0464,26.2307

1320.8570,24.7634,24.4078,23.7866,23.9417,24.3711,32.0346,24.4598,32.0919,24.2541,32.0633,26.2321

1321.8570,24.7692,24.4001,23.7774,23.9770,24.3921,31.9902,24.4743,32.0981,24.2631,32.0441,26.2348

1322.8570,24.7625,24.3992,23.7695,23.9629,24.3811,32.0225,24.4814,32.0971,24.2550,32.0598,26.2345

1323.8580,24.7451,24.3991,23.7694,23.9765,24.3614,32.0278,24.4620,32.0822,24.2503,32.0550,26.2279

1324.8570,24.7623,24.4008,23.7583,23.9683,24.3791,32.0139,24.4660,32.0941,24.2537,32.0540,26.2303

1325.8570,24.7738,24.4206,23.7573,23.9602,24.3849,32.0313,24.4716,32.0942,24.2593,32.0628,26.2367

1326.8570,24.7411,24.3880,23.7890,23.9645,24.3833,32.0505,24.4660,32.0960,24.2532,32.0732,26.2348

1327.8570,24.7507,24.3854,23.7783,23.9627,24.3561,32.0131,24.4714,32.0812,24.2467,32.0472,26.2249

1328.8580,24.7706,24.4169,23.7768,23.9612,24.3713,32.0277,24.4703,32.0901,24.2593,32.0589,26.2356

1329.8570,24.7607,24.4125,23.7875,23.9534,24.3765,32.0334,24.4763,32.0991,24.2581,32.0662,26.2374

1330.8580,24.7658,24.4120,23.7733,23.9691,24.3925,32.0366,24.4617,32.0981,24.2626,32.0673,26.2386

1331.8570,24.7706,24.4164,23.7772,23.9715,24.3731,32.0267,24.4537,32.0906,24.2618,32.0587,26.2350

1332.8580,24.7530,24.3992,23.7714,23.9700,24.3925,32.0281,24.4649,32.0783,24.2572,32.0532,26.2322

1333.8570,24.7598,24.3992,23.7785,23.9690,24.3874,32.0353,24.4796,32.0700,24.2588,32.0526,26.2348

1334.8570,24.7651,24.3987,23.7708,23.9529,24.3587,32.0556,24.4596,32.0926,24.2492,32.0741,26.2317

1335.8580,24.7499,24.3805,23.7664,23.9513,24.3855,32.0170,24.4665,32.0935,24.2467,32.0553,26.2263

1336.8570,24.7630,24.3930,23.7623,23.9449,24.3916,32.0296,24.4719,32.0911,24.2510,32.0603,26.2309

1337.8570,24.7606,24.4222,23.7622,23.9632,24.4005,32.0403,24.4756,32.1084,24.2617,32.0744,26.2416

1338.8570,24.7702,24.4129,23.7619,23.9889,24.3818,32.0489,24.4672,32.0780,24.2631,32.0635,26.2387

1339.8570,24.7606,24.4222,23.7702,23.9475,24.3915,32.0267,24.4704,32.0887,24.2584,32.0577,26.2347

1340.8580,24.7778,24.4251,23.7873,23.9533,24.4144,32.0363,24.4700,32.0949,24.2716,32.0656,26.2449

1341.8570,24.7798,24.4265,23.7769,23.9561,24.3828,32.0293,24.4870,32.0973,24.2644,32.0633,26.2420

1342.8570,24.7779,24.4146,23.7735,23.9768,24.3753,32.0185,24.4736,32.0753,24.2636,32.0469,26.2357

1343.8570,24.7712,24.4135,23.7786,23.9743,24.4002,32.0250,24.4688,32.0828,24.2676,32.0539,26.2393

1344.8570,24.7532,24.4295,23.7591,23.9729,24.3827,32.0245,24.4787,32.0925,24.2595,32.0585,26.2366

1345.8570,24.7812,24.4244,23.7820,23.9640,24.3682,32.0369,24.4675,32.1049,24.2640,32.0709,26.2411

1346.8570,24.7956,24.4266,23.7713,23.9704,24.3831,32.0277,24.4748,32.0986,24.2694,32.0632,26.2435

1347.8570,24.7748,24.4000,23.7982,23.9732,24.3859,32.0202,24.4591,32.0953,24.2664,32.0578,26.2384

1348.8570,24.7708,24.4088,23.7730,23.9612,24.3696,32.0509,24.4684,32.0814,24.2567,32.0662,26.2355

1349.8570,24.7775,24.4244,23.7734,23.9290,24.3943,32.0318,24.4632,32.1012,24.2597,32.0665,26.2368

1350.8570,24.7694,24.4074,23.7540,23.9611,24.3895,32.0360,24.4669,32.0866,24.2563,32.0613,26.2339

1351.8580,24.7916,24.4109,23.7737,23.9552,24.3648,32.0312,24.4436,32.0992,24.2592,32.0652,26.2338

1352.8570,24.7802,24.4190,23.7827,23.9586,24.3596,32.0354,24.4871,32.0790,24.2600,32.0572,26.2377

1353.8570,24.7786,24.4186,23.7624,23.9643,24.3793,32.0390,24.4682,32.0920,24.2607,32.0655,26.2378

1354.8580,24.7557,24.4131,23.7616,23.9687,24.3805,32.0566,24.4708,32.0726,24.2559,32.0646,26.2350

1355.8570,24.7966,24.4138,23.7614,23.9695,24.3902,32.0198,24.4791,32.0850,24.2663,32.0524,26.2394

1356.8580,24.7849,24.4272,23.7790,23.9568,24.3785,32.0499,24.4792,32.0823,24.2653,32.0661,26.2422

1357.8570,24.7848,24.4035,23.7530,23.9449,24.3855,32.0390,24.4503,32.0784,24.2543,32.0587,26.2299

1358.8580,24.7900,24.4066,23.7678,23.9575,24.3775,32.0207,24.4756,32.0982,24.2599,32.0594,26.2367

1359.8570,24.7690,24.4001,23.7732,23.9704,24.3863,32.0243,24.4677,32.0938,24.2598,32.0590,26.2356

1360.8570,24.7876,24.3933,23.7867,23.9541,24.3921,32.0432,24.4694,32.1033,24.2628,32.0732,26.2412

1361.8570,24.7797,24.4292,23.7758,23.9688,24.3705,32.0302,24.4765,32.0771,24.2648,32.0537,26.2385

1362.8570,24.7879,24.4039,23.7785,23.9539,24.3706,32.0181,24.4640,32.0927,24.2589,32.0554,26.2337

1363.8570,24.7935,24.4077,23.7964,23.9676,24.3796,32.0148,24.4847,32.0730,24.2690,32.0439,26.2397

1364.8570,24.7864,24.4060,23.7829,23.9649,24.3691,32.0336,24.4783,32.0861,24.2618,32.0598,26.2384

1365.8570,24.7990,24.4152,23.7656,23.9609,24.3987,32.0446,24.4516,32.0826,24.2679,32.0636,26.2398

1366.8570,24.7863,24.3992,23.7567,23.9761,24.3705,32.0260,24.4663,32.0748,24.2578,32.0504,26.2320

1367.8570,24.7830,24.4143,23.7869,23.9652,24.3790,32.0227,24.4842,32.0964,24.2657,32.0596,26.2415

1368.8570,24.7876,24.4388,23.7718,23.9585,24.3916,32.0286,24.4696,32.0723,24.2697,32.0505,26.2398

1369.8570,24.7841,24.3978,23.7780,23.9634,24.3806,32.0327,24.4701,32.0853,24.2608,32.0590,26.2365

1370.8570,24.7968,24.4068,23.7718,23.9553,24.3654,32.0176,24.4696,32.0941,24.2592,32.0559,26.2347

1371.8570,24.7776,24.4146,23.7834,23.9626,24.3820,32.0403,24.4727,32.0881,24.2640,32.0642,26.2402

1372.8570,24.7732,24.4059,23.7696,23.9644,24.3876,32.0496,24.4697,32.0754,24.2601,32.0625,26.2369

1373.8580,24.7895,24.4111,23.7790,23.9388,24.3812,32.0052,24.4518,32.0709,24.2599,32.0381,26.2285

1374.8570,24.7935,24.4157,23.7703,23.9576,24.3914,32.0360,24.4587,32.0909,24.2657,32.0634,26.2392

1375.8570,24.8162,24.4154,23.7592,23.9602,24.3862,32.0303,24.4802,32.0697,24.2674,32.0500,26.2397

1376.8580,24.7789,24.3946,23.7696,23.9578,24.3863,32.0379,24.4825,32.1083,24.2574,32.0731,26.2395

1377.8570,24.7894,24.4269,23.7556,23.9632,24.3641,32.0300,24.4614,32.0830,24.2598,32.0565,26.2342

1378.8570,24.7911,24.4172,23.7634,23.9478,24.3700,32.0317,24.4716,32.1053,24.2579,32.0685,26.2373

1379.8570,24.7864,24.4054,23.7610,23.9653,24.3635,32.0237,24.4598,32.1096,24.2563,32.0667,26.2344

1380.8570,24.7921,24.4257,23.7951,23.9554,24.3895,32.0388,24.4669,32.0852,24.2716,32.0620,26.2436

1381.8570,24.8214,24.4205,23.7596,23.9771,24.3772,32.0060,24.4829,32.0895,24.2712,32.0477,26.2418

1382.8570,24.7922,24.4069,23.7729,23.9484,24.3684,32.0276,24.4693,32.0666,24.2578,32.0471,26.2315

1383.8570,24.7773,24.4115,23.7757,23.9624,24.3629,32.0058,24.4905,32.0879,24.2580,32.0469,26.2343

1384.8580,24.8018,24.4024,23.7774,23.9670,24.3718,32.0305,24.4766,32.0620,24.2641,32.0463,26.2362

1385.8570,24.7794,24.4163,23.7539,23.9478,24.3701,32.0402,24.4508,32.0904,24.2535,32.0653,26.2311

1386.8570,24.7752,24.4151,23.7887,23.9428,24.3659,32.0154,24.4671,32.0585,24.2575,32.0369,26.2286

1387.8580,24.8102,24.4065,23.7834,23.9603,24.3617,32.0342,24.4580,32.0840,24.2644,32.0591,26.2373

1388.8570,24.7925,24.3994,23.7682,23.9460,24.3828,32.0396,24.4669,32.1025,24.2578,32.0710,26.2372

1389.8570,24.8219,24.3855,23.7657,23.9468,24.3649,32.0284,24.4862,32.0880,24.2570,32.0582,26.2359

1390.8570,24.7883,24.4326,23.7760,23.9637,24.3843,32.0252,24.4459,32.0707,24.2690,32.0479,26.2358

1391.8570,24.8224,24.4206,23.7682,23.9573,24.3834,32.0196,24.4750,32.0726,24.2704,32.0461,26.2399

1392.8570,24.7975,24.4137,23.7598,23.9759,24.3883,32.0056,24.4869,32.0784,24.2670,32.0420,26.2383

1393.8570,24.8151,24.4146,23.7773,23.9754,24.3798,32.0306,24.4684,32.0982,24.2724,32.0644,26.2449

1394.8570,24.8029,24.4146,23.7551,23.9721,24.3752,32.0251,24.4708,32.0781,24.2640,32.0516,26.2367

1395.8570,24.7922,24.4125,23.7724,23.9478,24.3764,32.0150,24.4612,32.0849,24.2603,32.0499,26.2328

1396.8570,24.8176,24.4096,23.7586,23.9464,24.3730,32.0392,24.4820,32.0754,24.2610,32.0573,26.2377

1397.8570,24.8055,24.4247,23.7870,23.9648,24.3807,32.0253,24.4871,32.1037,24.2725,32.0645,26.2473

1398.8580,24.8024,24.4201,23.7889,23.9639,24.3695,32.0175,24.4744,32.1011,24.2690,32.0593,26.2422

1399.8570,24.8066,24.4067,23.7675,23.9666,24.3770,32.0015,24.4747,32.0757,24.2649,32.0386,26.2345

1400.8580,24.8121,24.4176,23.7879,23.9496,24.3632,32.0258,24.4577,32.0854,24.2661,32.0556,26.2374

1401.8570,24.8032,24.4367,23.7720,23.9668,24.3888,32.0273,24.4702,32.0770,24.2735,32.0522,26.2428

1402.8570,24.8131,24.4088,23.7753,23.9635,24.3977,32.0150,24.4632,32.0901,24.2717,32.0525,26.2408

1403.8570,24.8099,24.4150,23.7725,23.9759,24.3945,32.0076,24.4495,32.0944,24.2736,32.0510,26.2399

1404.8570,24.8036,24.4024,23.7609,23.9510,24.3840,32.0051,24.4369,32.0882,24.2604,32.0467,26.2290

1405.8570,24.8281,24.4209,23.7742,23.9501,24.4062,32.0028,24.4583,32.0980,24.2759,32.0504,26.2423

1406.8580,24.8272,24.4230,23.7767,23.9744,24.3769,32.0206,24.4703,32.0591,24.2757,32.0399,26.2410

1407.8570,24.8297,24.4240,23.7768,23.9749,24.4078,32.0151,24.4803,32.0935,24.2827,32.0543,26.2503

1408.8570,24.8054,24.4147,23.7618,23.9566,24.3929,32.0144,24.4586,32.0722,24.2663,32.0433,26.2346

1409.8570,24.8261,24.4031,23.7705,23.9639,24.3752,32.0105,24.4688,32.0725,24.2678,32.0415,26.2363

1410.8570,24.8253,24.4308,23.7783,23.9708,24.3971,32.0187,24.4544,32.0942,24.2805,32.0564,26.2462

1411.8570,24.8009,24.4162,23.7566,23.9562,24.3728,32.0203,24.4733,32.0715,24.2606,32.0459,26.2335

1412.8580,24.7938,24.4092,23.7638,23.9766,24.4044,32.0062,24.4796,32.0897,24.2696,32.0479,26.2404

1413.8570,24.8298,24.4220,23.7744,23.9503,24.3956,32.0270,24.4688,32.0950,24.2744,32.0610,26.2454

1414.8570,24.8131,24.4068,23.7430,23.9421,24.3930,32.0136,24.4541,32.0699,24.2596,32.0418,26.2295

1415.8580,24.8296,24.4116,23.7649,23.9838,24.3873,31.9981,24.4835,32.0835,24.2754,32.0408,26.2428

1416.8570,24.8204,24.4208,23.7693,23.9542,24.3881,32.0054,24.4449,32.0655,24.2705,32.0355,26.2336

1417.8570,24.8239,24.3935,23.7699,23.9661,24.3782,32.0379,24.4549,32.0802,24.2663,32.0590,26.2381

1418.8570,24.8232,24.4263,23.7649,23.9337,24.3672,32.0063,24.4754,32.0795,24.2630,32.0429,26.2345

1419.8570,24.8255,24.4356,23.7519,23.9501,24.3714,32.0152,24.4512,32.0823,24.2669,32.0488,26.2354

1420.8580,24.8260,24.4004,23.7768,23.9612,24.3855,32.0086,24.4585,32.0832,24.2700,32.0459,26.2375

1421.8570,24.8123,24.3894,23.7672,23.9653,24.3852,32.0171,24.4782,32.0645,24.2639,32.0408,26.2349

1422.8570,24.8227,24.4271,23.7705,23.9729,24.3747,32.0222,24.4730,32.0686,24.2736,32.0454,26.2415

1423.8570,24.8350,24.4071,23.7556,23.9712,24.3827,32.0269,24.4747,32.0677,24.2703,32.0473,26.2401

1424.8580,24.8392,24.4041,23.7696,23.9569,24.3723,32.0227,24.4617,32.0780,24.2684,32.0504,26.2381

1425.8570,24.8217,24.4274,23.7664,23.9717,24.3964,31.9991,24.4600,32.0709,24.2767,32.0350,26.2392

1426.8570,24.8307,24.4120,23.7709,23.9591,24.3988,31.9978,24.4650,32.0973,24.2743,32.0476,26.2415

1427.8580,24.8138,24.4205,23.7747,23.9563,24.4045,32.0030,24.4404,32.0795,24.2740,32.0413,26.2366

1428.8570,24.8301,24.3836,23.7785,23.9615,24.3972,32.0183,24.4526,32.0821,24.2702,32.0502,26.2380

1429.8570,24.8308,24.4254,23.7749,23.9641,24.3686,31.9951,24.4580,32.0969,24.2728,32.0460,26.2392

1430.8570,24.8443,24.4102,23.7692,23.9725,24.3887,32.0150,24.4807,32.0728,24.2770,32.0439,26.2442

1431.8580,24.8327,24.3931,23.7818,23.9648,24.3927,32.0058,24.4692,32.0912,24.2730,32.0485,26.2414

1432.8570,24.8250,24.4162,23.7690,23.9610,24.3946,32.0128,24.4550,32.0898,24.2732,32.0513,26.2404

1433.8570,24.8357,24.4049,23.7657,23.9705,24.3911,32.0056,24.4668,32.0718,24.2736,32.0387,26.2390

1434.8570,24.8231,24.4107,23.7645,23.9692,24.3888,31.9898,24.4485,32.0846,24.2713,32.0372,26.2349

1435.8570,24.8307,24.4021,23.7747,23.9719,24.3950,31.9945,24.4631,32.0781,24.2749,32.0363,26.2388

1436.8570,24.8449,24.4346,23.7680,23.9638,24.4003,32.0011,24.4786,32.0753,24.2823,32.0382,26.2458

1437.8570,24.8431,24.4210,23.7709,23.9454,24.3838,31.9928,24.4777,32.0810,24.2729,32.0369,26.2395

1438.8570,24.8571,24.4286,23.7658,23.9583,24.3831,32.0015,24.4721,32.0615,24.2786,32.0315,26.2410

1439.8570,24.8566,24.4222,23.7626,23.9518,24.3751,32.0095,24.4633,32.0578,24.2737,32.0337,26.2374

1440.8580,24.8475,24.4205,23.7605,23.9577,24.3972,32.0004,24.4479,32.0628,24.2767,32.0316,26.2368

1441.8570,24.8409,24.3983,23.7643,23.9672,24.3722,31.9887,24.4654,32.0591,24.2686,32.0239,26.2320

1442.8570,24.8646,24.4156,23.7641,23.9750,24.4039,32.0296,24.4496,32.0841,24.2846,32.0569,26.2483

1443.8570,24.8442,24.4121,23.7654,23.9668,24.3735,32.0210,24.4688,32.0853,24.2724,32.0532,26.2421

1444.8580,24.8376,24.4184,23.7594,23.9674,24.3915,32.0093,24.4733,32.0708,24.2749,32.0401,26.2410

1445.8570,24.8487,24.4052,23.7721,23.9499,24.3813,32.0072,24.4595,32.0706,24.2715,32.0389,26.2368

1446.8570,24.8764,24.4064,23.7790,23.9511,24.3708,32.0113,24.4574,32.0643,24.2767,32.0378,26.2396

1447.8570,24.8513,24.3973,23.7529,23.9685,24.3834,32.0234,24.4706,32.0647,24.2707,32.0440,26.2390

1448.8570,24.8525,24.4142,23.7892,23.9864,24.4017,32.0058,24.4723,32.0626,24.2888,32.0342,26.2481

1449.8570,24.8663,24.4094,23.7905,23.9617,24.4051,32.0106,24.4434,32.0773,24.2866,32.0439,26.2455

1450.8570,24.8544,24.4053,23.7505,23.9618,24.3951,32.0086,24.4648,32.0739,24.2734,32.0413,26.2393

1451.8570,24.8578,24.3997,23.7601,23.9487,24.3739,32.0158,24.4494,32.0679,24.2680,32.0418,26.2342

1452.8570,24.8526,24.4086,23.7496,23.9548,24.3815,31.9891,24.4729,32.0815,24.2694,32.0353,26.2363

1453.8580,24.8516,24.4031,23.7800,23.9596,24.4017,32.0125,24.4688,32.0552,24.2792,32.0338,26.2416

1454.8580,24.8611,24.4178,23.7649,23.9593,24.3862,32.0087,24.4679,32.0791,24.2779,32.0439,26.2431

1455.8580,24.8773,24.4133,23.7817,23.9723,24.3934,31.9873,24.4762,32.1055,24.2876,32.0464,26.2509

1456.8570,24.8463,24.4178,23.7767,23.9588,24.3837,31.9946,24.4764,32.0917,24.2767,32.0431,26.2432

1457.8570,24.8430,24.4101,23.7600,23.9506,24.4026,32.0053,24.4630,32.0724,24.2732,32.0388,26.2383

1458.8570,24.8565,24.3937,23.7833,23.9739,24.3759,32.0253,24.4589,32.0713,24.2767,32.0483,26.2424

1459.8570,24.8566,24.4127,23.7589,23.9688,24.3879,32.0207,24.4642,32.0902,24.2770,32.0555,26.2450

1460.8570,24.8819,24.4251,23.7604,23.9665,24.3980,31.9985,24.4648,32.0848,24.2864,32.0416,26.2475

1461.8570,24.8728,24.4008,23.7659,23.9650,24.3989,32.0049,24.4689,32.0917,24.2807,32.0483,26.2461

1462.8570,24.8651,24.4096,23.7869,23.9671,24.3722,31.9986,24.4658,32.0700,24.2802,32.0343,26.2419

1463.8570,24.8589,24.4136,23.7526,23.9555,24.3732,31.9986,24.4840,32.0911,24.2708,32.0449,26.2409

1464.8570,24.8683,24.3934,23.7576,23.9472,24.3683,31.9905,24.4558,32.0726,24.2669,32.0316,26.2317

1465.8570,24.8530,24.4197,23.7617,23.9465,24.3724,32.0063,24.4755,32.0809,24.2707,32.0436,26.2395

1466.8580,24.8550,24.4201,23.7568,23.9640,24.4032,32.0069,24.4357,32.0806,24.2798,32.0437,26.2403

1467.8570,24.8689,24.4063,23.7898,23.9529,24.4058,31.9982,24.4687,32.0765,24.2847,32.0373,26.2459

1468.8580,24.8471,24.4169,23.7674,23.9546,24.3882,31.9971,24.4699,32.0896,24.2748,32.0434,26.2413

1469.8570,24.8555,24.4171,23.7661,23.9557,24.3914,31.9989,24.4667,32.0881,24.2772,32.0435,26.2424

1470.8580,24.8366,24.4079,23.7801,23.9465,24.3948,32.0206,24.4797,32.0802,24.2732,32.0504,26.2433

1471.8570,24.8448,24.4127,23.7830,23.9475,24.3931,32.0137,24.4628,32.0789,24.2762,32.0463,26.2421

1472.8570,24.8583,24.3964,23.7586,23.9714,24.3815,32.0017,24.4583,32.0806,24.2732,32.0412,26.2383

1473.8570,24.8404,24.4081,23.7594,23.9651,24.3981,32.0201,24.4530,32.0971,24.2742,32.0586,26.2427

1474.8570,24.8613,24.4199,23.7618,23.9590,24.4218,32.0183,24.4823,32.0817,24.2848,32.0500,26.2508

1475.8580,24.8669,24.4020,23.7775,23.9477,24.3957,32.0187,24.4587,32.0844,24.2780,32.0515,26.2439

1476.8570,24.8462,24.4190,23.7756,23.9643,24.3954,32.0127,24.4507,32.0812,24.2801,32.0470,26.2431

1477.8570,24.8606,24.4139,23.7681,23.9378,24.3744,32.0115,24.4796,32.0805,24.2709,32.0460,26.2408

1478.8570,24.8527,24.4184,23.7707,23.9613,24.3840,31.9962,24.4794,32.0929,24.2774,32.0446,26.2445

1479.8570,24.8756,24.4145,23.7663,23.9554,24.3893,32.0179,24.4754,32.0588,24.2802,32.0384,26.2441

1480.8570,24.8653,24.3985,23.7630,23.9721,24.3961,32.0031,24.4571,32.0712,24.2790,32.0371,26.2408

1481.8570,24.8630,24.4163,23.7473,23.9748,24.3754,32.0196,24.4697,32.0787,24.2754,32.0491,26.2431

1482.8570,24.8590,24.4157,23.7529,23.9713,24.3950,32.0156,24.4606,32.0738,24.2788,32.0447,26.2430

1483.8570,24.8620,24.4109,23.7623,23.9646,24.4017,31.9918,24.4482,32.0762,24.2803,32.0340,26.2397

1484.8570,24.8745,24.4127,23.7957,23.9570,24.4029,32.0193,24.4647,32.0667,24.2886,32.0430,26.2492

1485.8570,24.8817,24.4089,23.7640,23.9555,24.4101,32.0166,24.4746,32.0588,24.2841,32.0377,26.2463

1486.8570,24.8714,24.4116,23.7677,23.9573,24.3946,32.0110,24.4475,32.0673,24.2805,32.0391,26.2410

1487.8570,24.8675,24.4157,23.7572,23.9515,24.4007,32.0100,24.4687,32.0776,24.2785,32.0438,26.2436

1488.8580,24.8801,24.4220,23.7596,23.9648,24.3925,32.0108,24.4725,32.0741,24.2838,32.0424,26.2471

1489.8570,24.8599,24.4222,23.7703,23.9646,24.3949,32.0113,24.4619,32.0892,24.2824,32.0502,26.2468

1490.8580,24.8747,24.4211,23.7630,23.9654,24.4008,32.0058,24.4768,32.0870,24.2850,32.0464,26.2493

1491.8580,24.8375,24.4235,23.7592,23.9820,24.3994,32.0144,24.4429,32.0697,24.2803,32.0421,26.2411

1492.8580,24.8744,24.4116,23.7791,23.9592,24.4047,32.0192,24.4646,32.0924,24.2858,32.0558,26.2506

1493.8570,24.8669,24.4287,23.7753,23.9616,24.3925,32.0173,24.4698,32.0802,24.2850,32.0488,26.2490

1494.8580,24.8857,24.4351,23.7714,23.9605,24.4118,31.9976,24.4588,32.0834,24.2929,32.0405,26.2505

1495.8570,24.8644,24.4241,23.7684,23.9694,24.4136,32.0153,24.4605,32.0716,24.2880,32.0435,26.2484

1496.8570,24.8714,24.4194,23.7694,23.9481,24.4045,32.0133,24.4686,32.0607,24.2826,32.0370,26.2444

1497.8570,24.8825,24.4112,23.7602,23.9546,24.3963,32.0136,24.4580,32.0718,24.2810,32.0427,26.2435

1498.8570,24.8704,24.4367,23.7715,23.9626,24.4007,32.0198,24.4679,32.0987,24.2884,32.0593,26.2535

1499.8570,24.8798,24.4071,23.7570,23.9599,24.3875,32.0025,24.4624,32.0870,24.2783,32.0447,26.2429

1500.8570,24.8675,24.3933,23.7555,23.9602,24.4021,32.0255,24.4453,32.0644,24.2757,32.0449,26.2392

1501.8570,24.8811,24.4106,23.7619,23.9530,24.4086,32.0268,24.4696,32.0789,24.2830,32.0528,26.2488

1502.8570,24.8750,24.4149,23.7700,23.9596,24.3944,32.0061,24.4730,32.0878,24.2828,32.0470,26.2476

1503.8570,24.8922,24.3856,23.7733,23.9582,24.3889,32.0110,24.4730,32.0607,24.2796,32.0359,26.2429

1504.8570,24.8655,24.4190,23.7623,23.9486,24.3977,32.0080,24.4563,32.0868,24.2786,32.0474,26.2430

1505.8580,24.8784,24.4164,23.7460,23.9484,24.3978,32.0062,24.4694,32.0794,24.2774,32.0428,26.2427

1506.8570,24.8710,24.4107,23.7578,23.9663,24.3843,32.0200,24.4703,32.0660,24.2780,32.0430,26.2433

1507.8580,24.8807,24.4080,23.7471,23.9400,24.4058,32.0066,24.4288,32.0657,24.2763,32.0362,26.2354

1508.8570,24.8882,24.4189,23.7797,23.9452,24.4100,32.0234,24.4799,32.0633,24.2884,32.0434,26.2511

1509.8570,24.8884,24.4193,23.7787,23.9541,24.3701,32.0153,24.4817,32.0791,24.2821,32.0472,26.2483

1510.8570,24.8787,24.4125,23.7573,23.9540,24.3896,32.0070,24.4522,32.0769,24.2784,32.0419,26.2410

1511.8570,24.8923,24.4021,23.7633,23.9667,24.4018,31.9717,24.4389,32.0867,24.2852,32.0292,26.2404

1512.8570,24.8874,24.4179,23.7641,23.9466,24.4040,32.0016,24.4723,32.0654,24.2840,32.0335,26.2449

1513.8570,24.8803,24.4130,23.7714,23.9421,24.3978,32.0039,24.4423,32.0668,24.2809,32.0353,26.2397

1514.8570,24.8835,24.4279,23.7745,23.9561,24.3883,32.0080,24.4699,32.0864,24.2861,32.0472,26.2493

1515.8570,24.8806,24.4059,23.7780,23.9643,24.3830,32.0088,24.4725,32.0788,24.2823,32.0438,26.2465

1516.8570,24.8766,24.4216,23.7711,23.9470,24.3748,32.0218,24.4580,32.0627,24.2782,32.0422,26.2417

1517.8580,24.8917,24.4275,23.7604,23.9538,24.4031,32.0101,24.4790,32.0650,24.2873,32.0375,26.2488

1518.8570,24.8700,24.4157,23.7703,23.9571,24.4135,32.0228,24.4639,32.0917,24.2853,32.0572,26.2506

1519.8580,24.8814,24.4217,23.7475,23.9565,24.3971,32.0144,24.4699,32.1026,24.2809,32.0585,26.2489

1520.8580,24.8913,24.4201,23.7539,23.9625,24.4089,32.0111,24.4494,32.0829,24.2873,32.0470,26.2475

1521.8570,24.8721,24.4130,23.7649,23.9635,24.4043,32.0033,24.4669,32.0779,24.2836,32.0406,26.2457

1522.8570,24.8789,24.4303,23.7566,23.9590,24.3869,32.0048,24.4672,32.0752,24.2823,32.0400,26.2449

1523.8580,24.8768,24.4104,23.7655,23.9509,24.4066,31.9924,24.4605,32.0549,24.2821,32.0236,26.2398

1524.8570,24.8560,24.4063,23.7662,23.9624,24.3948,32.0145,24.4838,32.0863,24.2771,32.0504,26.2463

1525.8570,24.8840,24.4314,23.7629,23.9511,24.3850,32.0226,24.4711,32.0822,24.2829,32.0524,26.2488

1526.8580,24.8839,24.4247,23.7732,23.9435,24.4066,32.0013,24.4535,32.0858,24.2864,32.0436,26.2466

1527.8570,24.8714,24.4085,23.7670,23.9542,24.3639,32.0289,24.4681,32.0824,24.2730,32.0556,26.2431

1528.8570,24.8792,24.4196,23.7757,23.9667,24.3992,32.0047,24.4740,32.0662,24.2881,32.0355,26.2482

1529.8570,24.8789,24.4112,23.7701,23.9644,24.3742,31.9922,24.4532,32.0856,24.2798,32.0389,26.2412

1530.8570,24.8742,24.4282,23.7938,23.9522,24.4078,32.0124,24.4528,32.0715,24.2912,32.0419,26.2491

1531.8570,24.8911,24.4187,23.7677,23.9484,24.3978,32.0151,24.4688,32.0892,24.2847,32.0522,26.2496

1532.8570,24.8826,24.4164,23.7437,23.9621,24.3855,32.0099,24.4812,32.0780,24.2781,32.0439,26.2449

1533.8570,24.8732,24.4400,23.7739,23.9720,24.3837,32.0161,24.4551,32.0804,24.2886,32.0483,26.2493

1534.8570,24.8846,24.4036,23.7800,23.9507,24.4168,32.0068,24.4697,32.0828,24.2871,32.0448,26.2494

1535.8570,24.8924,24.4006,23.7656,23.9637,24.4029,32.0131,24.4610,32.0718,24.2851,32.0425,26.2464

1536.8570,24.8744,24.4168,23.7720,23.9588,24.4038,32.0037,24.4494,32.0853,24.2852,32.0445,26.2455

1537.8570,24.8857,24.4141,23.7811,23.9844,24.4122,32.0266,24.4458,32.0811,24.2955,32.0539,26.2539

1538.8580,24.8514,24.4124,23.7491,23.9468,24.4205,32.0231,24.4809,32.0803,24.2760,32.0517,26.2455

1539.8570,24.8699,24.4273,23.7583,23.9602,24.3983,32.0282,24.4722,32.0714,24.2828,32.0498,26.2482

1540.8570,24.8872,24.4290,23.7771,23.9639,24.4213,32.0314,24.4735,32.0872,24.2957,32.0593,26.2588

1541.8570,24.8956,24.4240,23.7772,23.9432,24.4141,32.0139,24.4740,32.0843,24.2908,32.0491,26.2533

1542.8570,24.8879,24.4307,23.7707,23.9537,24.4220,32.0025,24.4577,32.0846,24.2930,32.0436,26.2512

1543.8570,24.8836,24.4202,23.7649,23.9768,24.3888,32.0071,24.4674,32.0869,24.2868,32.0470,26.2495

1544.8570,24.8783,24.4218,23.7911,23.9434,24.3968,32.0122,24.4766,32.1033,24.2863,32.0578,26.2529

1545.8570,24.8783,24.4127,23.7447,23.9617,24.4077,32.0254,24.4552,32.1056,24.2810,32.0655,26.2489

1546.8580,24.8925,24.4175,23.7802,23.9646,24.3916,32.0184,24.4789,32.0892,24.2893,32.0538,26.2541

1547.8570,24.8868,24.4085,23.7768,23.9608,24.3921,32.0259,24.4756,32.0948,24.2850,32.0603,26.2527

1548.8570,24.8978,24.4465,23.7766,23.9667,24.3931,31.9936,24.4621,32.0916,24.2962,32.0426,26.2535

1549.8580,24.8746,24.4097,23.7851,23.9634,24.3987,32.0292,24.4773,32.0883,24.2863,32.0587,26.2533

1550.8570,24.8873,24.4270,23.7694,23.9755,24.4025,32.0099,24.4653,32.0883,24.2924,32.0491,26.2532

1551.8570,24.8711,24.4223,23.7656,23.9472,24.3991,31.9952,24.4653,32.0806,24.2810,32.0379,26.2433

1552.8570,24.8707,24.4145,23.7768,23.9550,24.3622,32.0070,24.4533,32.0948,24.2759,32.0509,26.2418

1553.8570,24.8794,24.4424,23.7729,23.9630,24.3889,32.0184,24.4688,32.0907,24.2893,32.0546,26.2531

1554.8580,24.8857,24.4122,23.7622,23.9636,24.4127,32.0228,24.4595,32.0848,24.2873,32.0538,26.2504

1555.8570,24.8848,24.4308,23.7836,23.9557,24.3920,32.0244,24.4885,32.0961,24.2894,32.0602,26.2570

1556.8570,24.8733,24.4184,23.7622,23.9367,24.3993,32.0349,24.4647,32.1001,24.2780,32.0675,26.2487

1557.8570,24.8646,24.4154,23.7696,23.9658,24.3797,32.0202,24.4612,32.1018,24.2790,32.0610,26.2473

1558.8570,24.8827,24.4450,23.7576,23.9496,24.3870,32.0330,24.4634,32.0846,24.2844,32.0588,26.2504

1559.8570,24.8830,24.4167,23.7827,23.9808,24.4034,32.0277,24.4635,32.0807,24.2933,32.0542,26.2548

1560.8570,24.8740,24.4309,23.7624,23.9785,24.3783,32.0117,24.4763,32.0821,24.2848,32.0469,26.2493

1561.8570,24.8999,24.4144,23.7644,23.9658,24.3791,32.0369,24.4626,32.0946,24.2847,32.0658,26.2522

1562.8570,24.8938,24.4205,23.7520,23.9643,24.3863,32.0239,24.4810,32.1056,24.2834,32.0647,26.2534

1563.8580,24.9013,24.4320,23.7772,23.9640,24.3990,31.9924,24.4702,32.0820,24.2947,32.0372,26.2523

1564.8570,24.8783,24.4090,23.7674,23.9466,24.3840,32.0334,24.4591,32.0991,24.2771,32.0662,26.2471

1565.8570,24.9156,24.4134,23.7623,23.9487,24.4242,32.0235,24.4786,32.0840,24.2928,32.0538,26.2563

1566.8570,24.9248,24.4163,23.7794,23.9554,24.3875,32.0326,24.4787,32.0950,24.2927,32.0638,26.2587

1567.8570,24.9032,24.4160,23.7778,23.9598,24.4052,32.0281,24.4845,32.1097,24.2924,32.0689,26.2605

1568.8570,24.8945,24.4198,23.7750,23.9580,24.3762,32.0204,24.4690,32.1034,24.2847,32.0619,26.2520

1569.8580,24.9081,24.4125,23.7624,23.9577,24.3987,32.0123,24.4815,32.0967,24.2879,32.0545,26.2537

1570.8570,24.9137,24.4212,23.7616,23.9588,24.4029,32.0183,24.4618,32.0807,24.2916,32.0495,26.2524

1571.8570,24.9069,24.4045,23.7814,23.9592,24.3876,32.0247,24.4532,32.0918,24.2879,32.0583,26.2512

1572.8580,24.9085,24.4126,23.7904,23.9673,24.3873,32.0225,24.4518,32.1013,24.2932,32.0619,26.2552

1573.8570,24.9144,24.4293,23.7897,23.9812,24.3974,32.0293,24.4648,32.0781,24.3024,32.0537,26.2605

1574.8570,24.9236,24.4216,23.7587,23.9484,24.3958,31.9962,24.4811,32.0905,24.2896,32.0434,26.2520

1575.8570,24.9116,24.4196,23.7704,23.9681,24.3824,32.0045,24.4574,32.1002,24.2904,32.0524,26.2518

1576.8580,24.9078,24.4244,23.7569,23.9602,24.3847,32.0204,24.4693,32.1123,24.2868,32.0664,26.2545

1577.8570,24.9246,24.4118,23.7773,23.9660,24.3953,32.0188,24.4699,32.0854,24.2950,32.0521,26.2561

1578.8580,24.8998,24.4532,23.7672,23.9455,24.3823,32.0106,24.4560,32.0927,24.2896,32.0516,26.2509

1579.8570,24.9269,24.4243,23.7676,23.9582,24.3830,32.0112,24.4871,32.1037,24.2920,32.0575,26.2578

1580.8570,24.9320,24.4273,23.7735,23.9711,24.3858,32.0435,24.4642,32.0872,24.2979,32.0653,26.2606

1581.8580,24.9523,24.4235,23.7744,23.9517,24.3786,32.0040,24.4788,32.1124,24.2961,32.0582,26.2595

1582.8580,24.9184,24.4255,23.7769,23.9518,24.4024,32.0291,24.4709,32.1187,24.2950,32.0739,26.2617

1583.8570,24.9297,24.4182,23.7724,23.9653,24.3853,32.0074,24.4622,32.0933,24.2942,32.0503,26.2542

1584.8580,24.9512,24.4300,23.7894,23.9530,24.3837,32.0391,24.4484,32.1086,24.3014,32.0738,26.2629

1585.8570,24.9233,24.4068,23.7822,23.9581,24.3776,32.0016,24.4786,32.0978,24.2896,32.0497,26.2532

1586.8570,24.9243,24.4289,23.7808,23.9737,24.3932,31.9903,24.4677,32.1081,24.3002,32.0492,26.2584

1587.8570,24.9382,24.4232,23.7769,23.9604,24.4019,32.0145,24.4548,32.1050,24.3001,32.0598,26.2594

1588.8570,24.9349,24.4130,23.7781,23.9497,24.3802,32.0140,24.4598,32.0999,24.2912,32.0570,26.2537

1589.8570,24.9541,24.4216,23.7569,23.9621,24.3701,31.9984,24.4774,32.1025,24.2930,32.0504,26.2554

1590.8570,24.9144,24.4104,23.7750,23.9689,24.4013,32.0214,24.4818,32.0932,24.2940,32.0573,26.2583

1591.8570,24.9174,24.4124,23.7548,23.9737,24.3920,32.0051,24.4744,32.0943,24.2901,32.0497,26.2530

1592.8570,24.9332,24.4221,23.7739,23.9649,24.4016,32.0062,24.4655,32.0978,24.2991,32.0520,26.2582

1593.8580,24.9399,24.4177,23.7865,23.9525,24.3928,32.0139,24.4796,32.1096,24.2979,32.0617,26.2616

1594.8570,24.9375,24.4285,23.7647,23.9808,24.3908,32.0105,24.4616,32.1053,24.3005,32.0579,26.2600

1595.8570,24.9476,24.4064,23.7748,23.9611,24.3720,32.0322,24.4934,32.1073,24.2924,32.0698,26.2618

1596.8570,24.9314,24.4287,23.7787,23.9678,24.3772,32.0270,24.4779,32.1110,24.2968,32.0690,26.2625

1597.8570,24.9435,24.4191,23.7667,23.9695,24.3954,32.0446,24.4522,32.1108,24.2989,32.0777,26.2627

1598.8570,24.9391,24.4184,23.7826,23.9646,24.4112,32.0242,24.4633,32.0974,24.3032,32.0608,26.2626

1599.8580,24.9143,24.4434,23.7792,23.9674,24.3860,32.0113,24.4765,32.1104,24.2980,32.0609,26.2610

1600.8580,24.9378,24.4391,23.7763,23.9777,24.3793,32.0099,24.4542,32.1169,24.3020,32.0634,26.2614

1601.8580,24.9350,24.4336,23.7627,23.9817,24.3854,32.0052,24.4690,32.1220,24.2997,32.0636,26.2618

1602.8570,24.9212,24.4166,23.7868,23.9632,24.3915,32.0338,24.4752,32.0999,24.2959,32.0668,26.2610

1603.8570,24.9216,24.4140,23.7743,23.9465,24.4014,32.0243,24.4787,32.0947,24.2916,32.0595,26.2569

1604.8570,24.9334,24.4087,23.7625,23.9644,24.3980,32.0153,24.4777,32.0937,24.2934,32.0545,26.2567

1605.8570,24.9215,24.4326,23.7868,23.9646,24.4089,32.0083,24.4756,32.1054,24.3029,32.0568,26.2630

1606.8570,24.9415,24.4262,23.7638,23.9714,24.3858,32.0286,24.4753,32.0891,24.2978,32.0588,26.2602

1607.8570,24.9338,24.4181,23.7680,23.9553,24.4013,32.0204,24.4719,32.1176,24.2953,32.0690,26.2608

1608.8580,24.9410,24.4131,23.7711,23.9532,24.3933,32.0107,24.4509,32.1205,24.2943,32.0656,26.2567

1609.8570,24.9316,24.4267,23.7601,23.9667,24.3854,32.0089,24.4702,32.0886,24.2941,32.0487,26.2548

1610.8570,24.9096,24.4291,23.7597,23.9682,24.4006,32.0006,24.4717,32.1071,24.2935,32.0538,26.2558

1611.8570,24.9322,24.4214,23.7775,23.9808,24.3822,32.0306,24.4781,32.0921,24.2989,32.0614,26.2619

1612.8570,24.9509,24.4041,23.7796,23.9715,24.3929,32.0196,24.4802,32.1013,24.2998,32.0605,26.2625

1613.8570,24.9290,24.4290,23.7728,23.9586,24.3804,32.0217,24.4881,32.0888,24.2940,32.0553,26.2586

1614.8570,24.9378,24.4176,23.7619,23.9572,24.4096,32.0310,24.4644,32.1075,24.2968,32.0693,26.2609

1615.8570,24.8987,24.4266,23.7803,23.9581,24.3973,32.0151,24.4649,32.0920,24.2922,32.0536,26.2541

1616.8570,24.9278,24.4319,23.7657,23.9757,24.3920,32.0337,24.4697,32.1022,24.2986,32.0680,26.2623

1617.8580,24.9201,24.4218,23.7685,23.9803,24.4051,32.0054,24.4800,32.0927,24.2992,32.0491,26.2592

1618.8570,24.9118,24.4277,23.7606,23.9569,24.3854,32.0291,24.4674,32.0981,24.2885,32.0636,26.2546

1619.8570,24.9218,24.4318,23.7727,23.9865,24.4110,32.0193,24.4615,32.1150,24.3047,32.0671,26.2649

1620.8570,24.9300,24.4333,23.7629,23.9710,24.4079,32.0256,24.4801,32.0885,24.3010,32.0570,26.2624

1621.8570,24.9263,24.4251,23.7642,23.9718,24.3867,32.0224,24.4870,32.1092,24.2948,32.0658,26.2616

1622.8570,24.9140,24.4434,23.7485,23.9655,24.3894,32.0293,24.4902,32.0960,24.2922,32.0627,26.2595

1623.8570,24.8993,24.4163,23.7738,23.9625,24.3989,32.0444,24.4820,32.1086,24.2902,32.0765,26.2607

1624.8570,24.9071,24.4211,23.7649,23.9493,24.4029,32.0174,24.4712,32.1093,24.2891,32.0633,26.2554

1625.8570,24.9296,24.4149,23.7757,23.9691,24.3810,32.0125,24.4820,32.0960,24.2941,32.0543,26.2576

1626.8570,24.9443,24.4252,23.7524,23.9671,24.4061,32.0304,24.4965,32.1055,24.2990,32.0679,26.2659

1627.8580,24.9011,24.4324,23.7658,23.9758,24.4125,32.0138,24.4835,32.0856,24.2975,32.0497,26.2588

1628.8570,24.9202,24.4218,23.7840,23.9869,24.4174,32.0496,24.4993,32.1148,24.3061,32.0822,26.2742

1629.8570,24.9028,24.4237,23.7826,23.9741,24.3906,32.0319,24.4662,32.1304,24.2948,32.0811,26.2628

1630.8580,24.9311,24.4295,23.7549,23.9573,24.3910,32.0403,24.4711,32.1074,24.2928,32.0738,26.2603

1631.8570,24.9050,24.4326,23.7428,23.9679,24.3837,32.0232,24.4822,32.1171,24.2864,32.0701,26.2568

1632.8570,24.9050,24.4365,23.7846,23.9610,24.4065,32.0002,24.4743,32.0903,24.2987,32.0453,26.2573

1633.8570,24.9045,24.4275,23.7623,23.9699,24.4149,32.0265,24.4587,32.1152,24.2958,32.0708,26.2599

1634.8570,24.9178,24.4173,23.7692,23.9541,24.3938,32.0336,24.4717,32.1064,24.2904,32.0700,26.2580

1635.8570,24.9010,24.4125,23.7624,23.9511,24.3831,32.0259,24.4933,32.1225,24.2820,32.0742,26.2565

1636.8570,24.9197,24.4349,23.7664,23.9726,24.4023,32.0140,24.4656,32.0965,24.2992,32.0553,26.2590

1637.8570,24.8989,24.4313,23.7566,23.9897,24.3985,32.0369,24.4771,32.1007,24.2950,32.0688,26.2612

1638.8570,24.8999,24.4205,23.7851,23.9567,24.3792,32.0253,24.4871,32.0980,24.2883,32.0616,26.2565

1639.8570,24.9192,24.4258,23.7506,23.9786,24.3546,32.0346,24.4735,32.1045,24.2858,32.0696,26.2552

1640.8570,24.9118,24.4372,23.7782,23.9569,24.4180,32.0037,24.4750,32.1041,24.3004,32.0539,26.2606

1641.8570,24.8967,24.4453,23.7782,23.9456,24.3967,32.0253,24.4864,32.1069,24.2925,32.0661,26.2602

1642.8570,24.9040,24.4273,23.7640,23.9575,24.3960,32.0011,24.4826,32.1044,24.2898,32.0528,26.2546

1643.8570,24.8934,24.4271,23.7539,23.9799,24.4143,32.0352,24.4743,32.1084,24.2937,32.0718,26.2608

1644.8570,24.9119,24.4262,23.7714,23.9492,24.3898,31.9926,24.4725,32.1076,24.2897,32.0501,26.2527

1645.8570,24.9108,24.4339,23.7565,23.9626,24.3948,32.0342,24.4803,32.0788,24.2917,32.0565,26.2565

1646.8570,24.9093,24.4395,23.7724,23.9753,24.4051,32.0262,24.4768,32.0979,24.3003,32.0621,26.2628

1647.8570,24.9094,24.4375,23.7623,23.9534,24.4009,32.0206,24.4772,32.0985,24.2927,32.0595,26.2575

1648.8580,24.9185,24.4236,23.7717,23.9788,24.3988,32.0236,24.4794,32.1170,24.2983,32.0703,26.2639

1649.8570,24.9157,24.4289,23.7717,23.9453,24.4012,32.0264,24.4695,32.0987,24.2926,32.0626,26.2572

1650.8570,24.9182,24.4146,23.7645,23.9650,24.4107,32.0434,24.4652,32.1114,24.2946,32.0774,26.2616

1651.8570,24.9078,24.4324,23.7752,23.9729,24.4169,32.0284,24.4612,32.0876,24.3010,32.0580,26.2603

1652.8570,24.9142,24.4308,23.7633,23.9595,24.3893,32.0310,24.4894,32.0944,24.2914,32.0627,26.2590

1653.8570,24.9175,24.4298,23.7731,23.9689,24.4133,32.0174,24.4728,32.0798,24.3005,32.0486,26.2591

1654.8570,24.9225,24.4309,23.7756,23.9577,24.3998,32.0289,24.4904,32.0946,24.2973,32.0617,26.2625

1655.8570,24.8906,24.4211,23.7744,23.9545,24.4053,32.0099,24.4485,32.1188,24.2892,32.0643,26.2529

1656.8580,24.9258,24.4352,23.7515,23.9804,24.3947,32.0284,24.4716,32.1181,24.2975,32.0733,26.2632

1657.8570,24.8850,24.4299,23.7657,23.9435,24.3992,32.0099,24.4711,32.1019,24.2847,32.0559,26.2508

1658.8580,24.9178,24.4444,23.7613,23.9599,24.4174,32.0149,24.4624,32.1087,24.3001,32.0618,26.2608

1659.8580,24.8927,24.4197,23.7805,23.9744,24.3819,32.0354,24.4797,32.0955,24.2898,32.0655,26.2575

1660.8570,24.9281,24.4275,23.7850,23.9491,24.3969,32.0058,24.4814,32.1072,24.2973,32.0565,26.2601

1661.8580,24.9267,24.4311,23.7507,23.9763,24.4183,32.0298,24.4835,32.1012,24.3006,32.0655,26.2647

1662.8570,24.9438,24.4431,23.7557,23.9609,24.4066,32.0266,24.4629,32.0970,24.3020,32.0618,26.2621

1663.8580,24.9295,24.4289,23.7585,23.9547,24.4078,32.0302,24.4719,32.0819,24.2959,32.0560,26.2579

1664.8570,24.9410,24.4177,23.7785,23.9624,24.3895,32.0294,24.4711,32.0989,24.2978,32.0641,26.2611

1665.8570,24.9418,24.4324,23.7767,23.9933,24.3884,32.0297,24.4787,32.0997,24.3065,32.0647,26.2676

1666.8570,24.9182,24.4224,23.7634,23.9445,24.3592,32.0218,24.4810,32.0987,24.2815,32.0603,26.2512

1667.8570,24.9063,24.4424,23.7805,23.9545,24.3894,32.0335,24.4717,32.1020,24.2946,32.0678,26.2600

1668.8570,24.9247,24.4316,23.7669,23.9750,24.3950,32.0461,24.4548,32.1118,24.2986,32.0790,26.2632

1669.8590,24.9200,24.4410,23.7772,23.9720,24.3870,32.0372,24.4561,32.1052,24.2994,32.0712,26.2619

1670.8570,24.9317,24.4349,23.7564,23.9702,24.4270,32.0136,24.4925,32.1060,24.3040,32.0598,26.2665

1671.8580,24.9106,24.4292,23.7579,23.9764,24.3979,32.0194,24.4803,32.1058,24.2944,32.0626,26.2597

1672.8570,24.9332,24.4177,23.7430,23.9586,24.3945,32.0367,24.4711,32.0879,24.2894,32.0623,26.2553

1673.8570,24.9507,24.4192,23.7691,23.9668,24.4210,32.0476,24.4844,32.0973,24.3054,32.0724,26.2695

1674.8570,24.9172,24.4222,23.7863,23.9684,24.4111,32.0387,24.4836,32.1095,24.3010,32.0741,26.2671

1675.8570,24.9157,24.4342,23.7614,23.9652,24.3893,32.0419,24.4762,32.1010,24.2932,32.0714,26.2606

1676.8570,24.9271,24.4333,23.7577,23.9554,24.4012,32.0377,24.4820,32.0912,24.2949,32.0645,26.2607

1677.8570,24.9195,24.4217,23.7806,23.9646,24.4134,32.0442,24.4732,32.0987,24.3000,32.0714,26.2645

1678.8570,24.9109,24.4264,23.7707,23.9683,24.3983,32.0278,24.4652,32.0939,24.2949,32.0608,26.2577

1679.8580,24.8995,24.4410,23.7754,23.9820,24.4043,32.0365,24.4854,32.0933,24.3004,32.0649,26.2647

1680.8570,24.9193,24.4178,23.7516,23.9928,24.4028,32.0342,24.4674,32.1229,24.2969,32.0785,26.2636

1681.8570,24.9224,24.4252,23.7733,23.9633,24.4079,32.0195,24.4796,32.1011,24.2984,32.0603,26.2615

1682.8570,24.9113,24.4212,23.7650,23.9849,24.4137,32.0421,24.4822,32.0914,24.2992,32.0668,26.2640

1683.8570,24.9363,24.4358,23.7768,23.9622,24.4071,32.0116,24.4618,32.0980,24.3036,32.0548,26.2612

1684.8570,24.9227,24.4357,23.7624,23.9615,24.4180,32.0216,24.4895,32.1060,24.3001,32.0638,26.2647

1685.8570,24.9310,24.4263,23.7601,23.9705,24.4094,32.0205,24.4664,32.0876,24.2995,32.0540,26.2590

1686.8570,24.9198,24.4219,23.7572,23.9615,24.4128,32.0431,24.4692,32.0933,24.2946,32.0682,26.2598

1687.8580,24.9210,24.4250,23.7627,23.9740,24.3979,32.0289,24.4827,32.0885,24.2961,32.0587,26.2601

1688.8570,24.9322,24.4386,23.7549,23.9729,24.4082,32.0160,24.4603,32.0920,24.3014,32.0540,26.2594

1689.8570,24.9259,24.4395,23.7601,23.9531,24.3716,32.0290,24.4674,32.0961,24.2901,32.0626,26.2554

1690.8570,24.9116,24.4229,23.7743,23.9625,24.4023,32.0303,24.4683,32.0923,24.2947,32.0613,26.2581

1691.8570,24.9342,24.4255,23.7636,23.9854,24.3946,32.0448,24.4742,32.0865,24.3007,32.0657,26.2636

1692.8580,24.9102,24.4373,23.7565,23.9835,24.4121,32.0265,24.4661,32.1044,24.2999,32.0655,26.2621

1693.8570,24.9274,24.4190,23.7684,23.9590,24.4043,32.0141,24.4795,32.0849,24.2956,32.0495,26.2571

1694.8570,24.9432,24.4314,23.7639,23.9738,24.4059,32.0264,24.4834,32.0973,24.3036,32.0619,26.2657

1695.8580,24.9345,24.4263,23.7663,23.9744,24.3878,32.0052,24.4665,32.0789,24.2979,32.0420,26.2550

1696.8570,24.9353,24.4228,23.7808,23.9605,24.4070,32.0327,24.4805,32.0937,24.3013,32.0632,26.2641

1697.8570,24.9391,24.4189,23.7825,23.9627,24.3990,32.0252,24.4718,32.1008,24.3004,32.0630,26.2625

1698.8580,24.9324,24.4313,23.7590,23.9775,24.4117,32.0087,24.4601,32.0866,24.3024,32.0477,26.2584

1699.8580,24.9404,24.4443,23.7796,23.9673,24.3998,32.0255,24.4707,32.0842,24.3063,32.0549,26.2640

1700.8570,24.9557,24.4235,23.7545,23.9744,24.3929,32.0342,24.4849,32.1112,24.3002,32.0727,26.2664

1701.8570,24.9620,24.4454,23.7670,23.9737,24.4209,32.0221,24.4870,32.1033,24.3138,32.0627,26.2727

1702.8570,24.9470,24.4297,23.7593,23.9650,24.4130,32.0359,24.4840,32.0837,24.3028,32.0598,26.2647

1703.8570,24.9170,24.4505,23.7768,23.9447,24.3953,32.0460,24.4883,32.1032,24.2969,32.0746,26.2652

1704.8570,24.9445,24.4373,23.7726,23.9604,24.3936,32.0287,24.4742,32.0869,24.3017,32.0578,26.2623

1705.8570,24.9537,24.4282,23.7819,23.9744,24.3890,32.0383,24.4504,32.0927,24.3054,32.0655,26.2636

1706.8570,24.9380,24.4367,23.7772,23.9559,24.4022,32.0200,24.4806,32.0866,24.3020,32.0533,26.2621

1707.8570,24.9553,24.4248,23.7865,23.9487,24.3751,32.0268,24.4862,32.0925,24.2981,32.0597,26.2620

1708.8570,24.9452,24.4084,23.7768,23.9820,24.3942,32.0327,24.4770,32.1195,24.3013,32.0761,26.2670

1709.8570,24.9473,24.4359,23.7802,23.9764,24.3982,32.0080,24.4652,32.0896,24.3076,32.0488,26.2626

1710.8570,24.9394,24.4304,23.7874,23.9671,24.3781,32.0270,24.4667,32.0945,24.3005,32.0607,26.2613

1711.8570,24.9645,24.4431,23.7788,23.9571,24.3923,32.0162,24.4799,32.0946,24.3072,32.0554,26.2658

1712.8570,24.9705,24.4292,23.7512,23.9650,24.3888,32.0207,24.4741,32.0859,24.3009,32.0533,26.2607

1713.8570,24.9595,24.4374,23.7623,23.9675,24.3868,32.0403,24.4497,32.1158,24.3027,32.0781,26.2649

1714.8570,24.9503,24.4270,23.7741,23.9717,24.3894,32.0185,24.4634,32.0804,24.3025,32.0494,26.2593

1715.8570,24.9642,24.4328,23.7681,23.9572,24.3977,32.0399,24.4725,32.1051,24.3040,32.0725,26.2672

1716.8570,24.9679,24.4152,23.7647,23.9680,24.3924,32.0379,24.4455,32.0923,24.3017,32.0651,26.2605

1717.8570,24.9715,24.4275,23.7572,23.9700,24.4044,32.0137,24.4578,32.1071,24.3061,32.0604,26.2636

1718.8580,24.9667,24.4370,23.7638,23.9558,24.4049,32.0170,24.4451,32.0935,24.3056,32.0552,26.2605

1719.8570,24.9935,24.4323,23.7648,23.9563,24.3967,32.0244,24.4564,32.1168,24.3087,32.0706,26.2676

1720.8580,24.9629,24.4448,23.7574,23.9641,24.4058,32.0287,24.4552,32.0892,24.3070,32.0590,26.2635

1721.8570,24.9816,24.4278,23.7687,23.9669,24.3943,32.0234,24.4609,32.0806,24.3079,32.0520,26.2630

1722.8570,24.9661,24.4399,23.7624,23.9620,24.4109,32.0478,24.4574,32.0976,24.3083,32.0727,26.2680

1723.8570,24.9799,24.4178,23.7701,23.9697,24.4100,32.0413,24.4514,32.0901,24.3095,32.0657,26.2663

1724.8570,24.9932,24.4187,23.7578,23.9748,24.4040,32.0400,24.4622,32.0841,24.3097,32.0621,26.2669

1725.8580,24.9830,24.4316,23.7721,23.9565,24.3833,32.0284,24.4680,32.0932,24.3053,32.0608,26.2645

1726.8570,24.9777,24.4253,23.7643,23.9592,24.4111,32.0584,24.4744,32.1011,24.3075,32.0797,26.2714

1727.8570,24.9553,24.4094,23.7438,23.9514,24.3935,32.0479,24.4567,32.0972,24.2907,32.0725,26.2569

1728.8570,24.9588,24.4355,23.7689,23.9519,24.4112,32.0242,24.4667,32.1129,24.3053,32.0685,26.2663

1729.8570,24.9753,24.4357,23.7776,23.9733,24.4083,32.0373,24.4574,32.0950,24.3140,32.0661,26.2700

1730.8570,24.9948,24.4125,23.7737,23.9530,24.3928,32.0336,24.4630,32.0885,24.3054,32.0611,26.2640

1731.8570,24.9916,24.4262,23.7695,23.9663,24.3944,32.0249,24.4574,32.0910,24.3096,32.0579,26.2652

1732.8570,24.9803,24.4237,23.7680,23.9538,24.4048,32.0333,24.4691,32.0906,24.3061,32.0620,26.2655

1733.8570,24.9793,24.4098,23.7654,23.9569,24.4161,32.0272,24.4495,32.1102,24.3055,32.0687,26.2643

1734.8570,24.9729,24.4255,23.7863,23.9579,24.4140,32.0255,24.4618,32.0968,24.3113,32.0612,26.2676

1735.8570,24.9855,24.4280,23.7590,23.9685,24.3958,32.0352,24.4625,32.1080,24.3074,32.0716,26.2678

1736.8580,24.9745,24.4240,23.7806,23.9669,24.4137,32.0276,24.4576,32.1008,24.3119,32.0642,26.2682

1737.8570,24.9906,24.4287,23.7626,23.9621,24.4084,32.0289,24.4613,32.1059,24.3105,32.0674,26.2686

1738.8580,24.9821,24.4306,23.7555,23.9579,24.4009,32.0308,24.4717,32.1040,24.3054,32.0674,26.2667

1739.8570,24.9708,24.4142,23.7670,23.9585,24.4005,32.0285,24.4705,32.1050,24.3022,32.0668,26.2644

1740.8570,24.9728,24.4233,23.7604,23.9727,24.3878,32.0371,24.4582,32.1028,24.3034,32.0699,26.2644

1741.8580,24.9879,24.4182,23.7667,23.9587,24.4128,32.0333,24.4489,32.0906,24.3088,32.0620,26.2646

1742.8570,24.9652,24.4265,23.7651,23.9623,24.4006,32.0296,24.4875,32.0958,24.3039,32.0627,26.2666

1743.8570,24.9812,24.4309,23.7695,23.9430,24.4147,32.0168,24.4791,32.0872,24.3078,32.0520,26.2653

1744.8570,24.9749,24.4416,23.7669,23.9651,24.4055,32.0063,24.4685,32.0908,24.3108,32.0486,26.2649

1745.8580,24.9757,24.4274,23.7693,23.9485,24.3864,32.0310,24.4538,32.0949,24.3014,32.0630,26.2609

1746.8570,24.9999,24.4447,23.7549,23.9776,24.4055,32.0434,24.4702,32.0912,24.3165,32.0673,26.2734

1747.8570,24.9878,24.4183,23.7649,23.9484,24.4066,32.0553,24.4698,32.0933,24.3052,32.0743,26.2680

1748.8570,24.9874,24.4389,23.7571,23.9855,24.4180,32.0394,24.4625,32.0704,24.3174,32.0549,26.2699

1749.8570,24.9722,24.4379,23.7661,23.9747,24.4113,32.0163,24.4668,32.0820,24.3125,32.0492,26.2659

1750.8570,24.9680,24.4447,23.7700,23.9871,24.4138,32.0192,24.4622,32.0765,24.3167,32.0479,26.2677

1751.8570,24.9768,24.4341,23.7940,23.9826,24.4206,32.0349,24.4672,32.0884,24.3216,32.0617,26.2748

1752.8570,24.9456,24.4252,23.7619,23.9714,24.4178,32.0261,24.4531,32.0913,24.3044,32.0587,26.2616

1753.8570,24.9960,24.4527,23.7624,23.9677,24.4059,32.0283,24.4635,32.0846,24.3169,32.0564,26.2701

1754.8570,24.9718,24.4301,23.7762,23.9720,24.4105,32.0324,24.4627,32.0915,24.3121,32.0620,26.2684

1755.8570,24.9630,24.4355,23.7628,23.9723,24.4102,32.0255,24.4459,32.0828,24.3088,32.0542,26.2623

1756.8570,24.9825,24.4607,23.7761,23.9865,24.3951,32.0031,24.4569,32.0814,24.3202,32.0423,26.2678

1757.8570,24.9745,24.4381,23.7692,23.9588,24.3919,32.0515,24.4949,32.0984,24.3065,32.0749,26.2722

1758.8570,24.9812,24.4249,23.8041,23.9687,24.4048,32.0375,24.4636,32.0915,24.3167,32.0645,26.2720

1759.8570,25.0107,24.4413,23.7813,23.9563,24.3978,32.0278,24.4829,32.0907,24.3175,32.0593,26.2736

1760.8570,24.9685,24.4340,23.7764,23.9726,24.3934,32.0338,24.4714,32.1149,24.3090,32.0743,26.2706

1761.8570,24.9753,24.4441,23.7571,23.9704,24.3889,32.0504,24.4469,32.0917,24.3072,32.0710,26.2656

1762.8580,24.9800,24.4596,23.7750,23.9718,24.3855,32.0297,24.4643,32.0827,24.3144,32.0562,26.2686

1763.8570,24.9761,24.4324,23.7597,23.9654,24.4058,32.0404,24.4858,32.0995,24.3079,32.0699,26.2706

1764.8580,24.9969,24.4466,23.7620,23.9611,24.4020,32.0366,24.4802,32.0737,24.3137,32.0552,26.2699

1765.8570,24.9770,24.4421,23.7797,23.9793,24.4138,32.0132,24.4629,32.1009,24.3184,32.0570,26.2711

1766.8570,24.9776,24.4575,23.7658,23.9677,24.4253,32.0443,24.4679,32.0954,24.3188,32.0698,26.2752

1767.8570,24.9752,24.4476,23.7644,23.9593,24.4323,32.0029,24.4712,32.0958,24.3157,32.0493,26.2686

1768.8580,24.9805,24.4244,23.7729,23.9592,24.3950,32.0476,24.4589,32.1090,24.3064,32.0783,26.2684

1769.8570,24.9876,24.4418,23.7885,23.9658,24.4007,32.0190,24.4692,32.0861,24.3169,32.0525,26.2698

1770.8570,24.9727,24.4617,23.7828,23.9776,24.3943,32.0290,24.4659,32.1046,24.3178,32.0668,26.2736

1771.8570,24.9805,24.4599,23.7730,23.9820,24.4012,32.0251,24.4968,32.1203,24.3193,32.0727,26.2798

1772.8570,24.9469,24.4468,23.7717,23.9703,24.4247,31.9996,24.4700,32.1014,24.3121,32.0505,26.2664

1773.8570,24.9948,24.4575,23.7776,23.9616,24.4047,32.0360,24.4669,32.1022,24.3192,32.0691,26.2752

1774.8580,24.9895,24.4460,23.7619,23.9562,24.4022,32.0209,24.4743,32.1002,24.3111,32.0605,26.2689

1775.8570,24.9903,24.4529,23.7986,23.9669,24.3808,32.0212,24.4690,32.0907,24.3179,32.0559,26.2713

1776.8570,24.9855,24.4565,23.7885,23.9729,24.4058,32.0258,24.4735,32.0915,24.3218,32.0587,26.2750

1777.8570,24.9988,24.4610,23.7665,23.9855,24.4124,32.0076,24.4591,32.1099,24.3249,32.0587,26.2751

1778.8570,24.9890,24.4632,23.7900,23.9702,24.4149,32.0250,24.4637,32.0856,24.3254,32.0553,26.2752

1779.8580,24.9598,24.4491,23.7655,23.9730,24.4018,32.0148,24.4954,32.0824,24.3098,32.0486,26.2677

1780.8570,24.9707,24.4426,23.7892,23.9694,24.4107,32.0303,24.4743,32.0936,24.3165,32.0620,26.2726

1781.8570,24.9812,24.4336,23.7840,23.9741,24.3910,32.0271,24.4733,32.0891,24.3128,32.0581,26.2692

1782.8570,24.9574,24.4551,23.7724,23.9814,24.4225,32.0101,24.4905,32.0950,24.3177,32.0525,26.2730

1783.8570,24.9835,24.4232,23.7863,23.9627,24.4198,32.0449,24.4610,32.0886,24.3151,32.0667,26.2712

1784.8570,24.9670,24.4560,23.7766,23.9832,24.4231,32.0388,24.4739,32.0914,24.3212,32.0651,26.2763

1785.8570,24.9705,24.4786,23.7913,23.9695,24.3960,32.0175,24.4659,32.0888,24.3212,32.0532,26.2723

1786.8580,24.9740,24.4438,23.7706,23.9602,24.3933,32.0444,24.4670,32.1087,24.3084,32.0766,26.2702

1787.8570,24.9643,24.4475,23.7818,23.9757,24.4270,32.0235,24.4744,32.1037,24.3192,32.0636,26.2747

1788.8570,24.9823,24.4608,23.7820,23.9735,24.4049,32.0217,24.4816,32.1132,24.3207,32.0675,26.2775

1789.8570,24.9798,24.4555,23.7743,23.9871,24.4260,32.0201,24.4829,32.0976,24.3245,32.0588,26.2779

1790.8580,24.9852,24.4426,23.7940,23.9718,24.4106,32.0184,24.4705,32.1048,24.3208,32.0616,26.2747

1791.8570,24.9914,24.4707,23.7710,23.9710,24.4116,32.0274,24.4919,32.0955,24.3231,32.0615,26.2788

1792.8570,24.9888,24.4540,23.7912,23.9756,24.4232,31.9939,24.4719,32.1060,24.3265,32.0500,26.2756

1793.8570,24.9811,24.4780,23.7793,23.9666,24.4150,32.0224,24.4837,32.1045,24.3240,32.0634,26.2788

1794.8570,24.9945,24.4547,23.7730,23.9744,24.4137,32.0206,24.4798,32.1046,24.3221,32.0626,26.2769

1795.8570,24.9801,24.4435,23.7745,23.9679,24.4400,32.0373,24.4832,32.0936,24.3212,32.0655,26.2775

1796.8570,25.0053,24.4559,23.7874,23.9808,24.4189,32.0333,24.4904,32.0929,24.3297,32.0631,26.2831

1797.8570,24.9965,24.4636,23.7715,23.9786,24.4200,32.0292,24.4834,32.0841,24.3260,32.0566,26.2784

1798.8570,24.9901,24.4554,23.7954,23.9751,24.4141,32.0046,24.4733,32.0811,24.3260,32.0428,26.2736

1799.8570,24.9912,24.4736,23.7971,23.9697,24.3944,32.0188,24.4731,32.1019,24.3252,32.0603,26.2775

1800.8570,24.9893,24.4547,23.7853,23.9702,24.4204,32.0085,24.4835,32.0826,24.3240,32.0455,26.2743

1801.8580,25.0018,24.4738,23.7878,23.9779,24.4140,32.0232,24.4804,32.0950,24.3311,32.0591,26.2817

1802.8580,24.9732,24.4537,23.7791,23.9800,24.4118,32.0398,24.4939,32.0806,24.3196,32.0602,26.2765

1803.8580,25.0063,24.4675,23.7811,23.9872,24.4308,32.0024,24.4897,32.0901,24.3346,32.0462,26.2819

