Elapsed Time (s), Rod voltage (V)
1.9410,NaN

2.4750,0.0017

3.4760,0.0017

4.4750,0.0017

5.4750,0.0017

6.4760,0.0017

7.4760,0.0017

8.4750,0.0017

9.4750,0.0010

10.4750,-0.0005

11.4760,3.4810

12.4750,6.2124

13.4750,6.0525

14.4750,5.9808

15.4750,5.9862

16.4760,5.9895

17.4750,5.9934

18.4760,5.9960

19.4750,5.9984

20.4750,6.0001

21.4760,6.0052

22.4750,6.0037

23.4750,6.0040

24.4750,6.0041

25.4750,6.0028

26.4760,6.0057

27.4760,6.0049

28.4760,6.0038

29.4760,6.0074

30.4750,6.0061

31.4750,6.0059

32.4750,6.0071

33.4750,6.0082

34.4750,6.0080

35.4750,6.0074

36.4750,6.0069

37.4750,6.0081

38.4760,6.0094

39.4750,6.0103

40.4760,6.0094

41.4750,6.0077

42.4750,6.0160

43.4750,6.0681

44.4750,6.0972

45.4750,6.1130

46.4750,6.1453

47.4760,6.2039

48.4750,6.2240

49.4750,6.2206

50.4750,6.2195

51.4750,6.2208

52.4750,6.2218

53.4760,6.2211

54.4750,6.2223

55.4750,6.2222

56.4750,6.2227

57.4750,6.2225

58.4760,6.2231

59.4750,6.2231

60.4750,6.2230

61.4750,6.2232

62.4750,6.2231

63.4750,6.2223

64.4750,6.2206

65.4750,6.2201

66.4750,6.2202

67.4750,6.2203

68.4760,6.2204

69.4750,6.2194

70.4760,6.2197

71.4750,6.2202

72.4750,6.2202

73.4760,6.2206

74.4750,6.2209

75.4750,6.2213

76.4760,6.2219

77.4760,6.2222

78.4750,6.2222

79.4760,6.2223

80.4750,6.2228

81.4750,6.2227

82.4750,6.2224

83.4750,6.2231

84.4760,6.2231

85.4750,6.2226

86.4750,6.2226

87.4750,6.2227

88.4760,6.2233

89.4750,6.2218

90.4760,6.2221

91.4760,6.2228

92.4750,6.2232

93.4750,6.2238

94.4750,6.2236

95.4750,6.2242

96.4750,6.2243

97.4750,6.2249

98.4750,6.2249

99.4750,6.2244

100.4750,6.2240

101.4750,6.2251

102.4750,6.2251

103.4760,6.2249

104.4760,6.2254

105.4760,6.2256

106.4760,6.2257

107.4750,6.2262

108.4750,6.2190

109.4750,6.2137

110.4750,6.2130

111.4750,6.2119

112.4760,6.2122

113.4750,6.2126

114.4750,6.2122

115.4760,6.2119

116.4750,6.2125

117.4750,6.2124

118.4750,6.2129

119.4750,6.2130

120.4760,6.2133

121.4750,6.2133

122.4750,6.2136

123.4760,6.2136

124.4750,6.2141

125.4750,6.2142

126.4750,6.2142

127.4760,6.2092

128.4750,6.2096

129.4750,6.2096

130.4750,6.2102

131.4750,6.2096

132.4750,6.2123

133.4750,6.2138

134.4760,6.2143

135.4760,6.2143

136.4750,6.2152

137.4750,6.2154

138.4750,6.2159

139.4750,6.2164

140.4750,6.2167

141.4760,6.2156

142.4750,6.2147

143.4750,6.2141

144.4750,6.2152

145.4760,6.2164

146.4760,6.2164

147.4750,6.2165

148.4750,6.2162

149.4750,6.2164

150.4750,6.2160

151.4750,6.2162

152.4750,6.2169

153.4750,6.2173

154.4750,6.2172

155.4760,6.2172

156.4750,6.2175

157.4750,6.2173

158.4750,6.2165

159.4750,6.2166

160.4750,6.2171

161.4750,6.2174

162.4750,6.2178

163.4760,6.2134

164.4760,6.2104

165.4750,6.2109

166.4760,6.2112

167.4760,6.2112

168.4750,6.2111

169.4760,6.2115

170.4750,6.2124

171.4760,6.2141

172.4750,6.2156

173.4750,6.2171

174.4750,6.2184

175.4750,6.2183

176.4750,6.2159

177.4750,6.2165

178.4760,6.2148

179.4750,6.2124

180.4750,6.2134

181.4750,6.2123

182.4750,6.2124

183.4750,6.2120

184.4760,6.2119

185.4750,6.2120

186.4750,6.2149

187.4750,6.2181

188.4750,6.2186

189.4750,6.2189

190.4760,6.2189

191.4750,6.2172

192.4750,6.2144

193.4760,6.2143

194.4750,6.2155

195.4750,6.2168

196.4750,6.2170

197.4750,6.2177

198.4750,6.2181

199.4750,6.2183

200.4750,6.2189

201.4760,6.2193

202.4750,6.2187

203.4750,6.2192

204.4750,6.2192

205.4750,6.2191

206.4760,6.2187

207.4760,6.2189

208.4750,6.2187

209.4750,6.2188

210.4750,6.2167

211.4750,6.2160

212.4750,6.2145

213.4750,6.2146

214.4750,6.2155

215.4750,6.2154

216.4750,6.2146

217.4750,6.2127

218.4750,6.2110

219.4760,6.2114

220.4750,6.2130

221.4750,6.2150

222.4750,6.2153

223.4760,6.2164

224.4750,6.2165

225.4760,6.2162

226.4750,6.2160

227.4750,6.2163

228.4750,6.2154

229.4750,6.2153

230.4750,6.2153

231.4760,6.2150

232.4760,6.2148

233.4750,6.2150

234.4750,6.2148

235.4750,6.2147

236.4750,6.2141

237.4760,6.2138

238.4750,6.2142

239.4760,6.2143

240.4750,6.2147

241.4750,6.2143

242.4760,6.2139

243.4750,6.2143

244.4750,6.2145

245.4750,6.2146

246.4750,6.2142

247.4750,6.2122

248.4750,6.2135

249.4760,6.2135

250.4750,6.2139

251.4750,6.2143

252.4760,6.2145

253.4750,6.2151

254.4750,6.2148

255.4750,6.2145

256.4750,6.2144

257.4750,6.2149

258.4760,6.2147

259.4750,6.2146

260.4750,6.2147

261.4750,6.2152

262.4750,6.2142

263.4750,6.2115

264.4750,6.2111

265.4750,6.2122

266.4750,6.2134

267.4750,6.2142

268.4750,6.2144

269.4750,6.2146

270.4750,6.2150

271.4750,6.2149

272.4760,6.2144

273.4760,6.2145

274.4750,6.2148

275.4750,6.2147

276.4750,6.2150

277.4750,6.2149

278.4750,6.2145

279.4760,6.2150

280.4750,6.2148

281.4750,6.2146

282.4750,6.2150

283.4750,6.2148

284.4750,6.2151

285.4750,6.2151

286.4750,6.2147

287.4750,6.2139

288.4750,6.2144

289.4750,6.2172

290.4750,6.2264

291.4750,6.2481

292.4750,6.2567

293.4750,6.2673

294.4750,6.2910

295.4750,6.3062

296.4760,6.3079

297.4750,6.3070

298.4760,6.3035

299.4760,6.3005

300.4760,6.3010

301.4750,6.3008

302.4760,6.3023

303.4760,6.3042

304.4750,6.3048

305.4760,6.3042

306.4750,6.3019

307.4760,6.2994

308.4750,6.2994

309.4750,6.3000

310.4750,6.3017

311.4750,6.3031

312.4760,6.3051

313.4750,6.3064

314.4750,6.3072

315.4750,6.3083

316.4760,6.3082

317.4750,6.3062

318.4750,6.3010

319.4750,6.2989

320.4750,6.3004

321.4750,6.3000

322.4750,6.3004

323.4750,6.3005

324.4750,6.3005

325.4750,6.3012

326.4760,6.3015

327.4750,6.3018

328.4750,6.3029

329.4760,6.3037

330.4750,6.3040

331.4750,6.3033

332.4750,6.3021

333.4760,6.3012

334.4750,6.3013

335.4750,6.3017

336.4750,6.3038

337.4750,6.3051

338.4750,6.3061

339.4750,6.3064

340.4750,6.3069

341.4760,6.3069

342.4760,6.3061

343.4750,6.3032

344.4750,6.3023

345.4750,6.3019

346.4750,6.3018

347.4750,6.3025

348.4760,6.3031

349.4750,6.3034

350.4750,6.3033

351.4760,6.3037

352.4760,6.3040

353.4750,6.3041

354.4750,6.3041

355.4750,6.3044

356.4750,6.3047

357.4760,6.3041

358.4760,6.3047

359.4760,6.3048

360.4750,6.3050

361.4750,6.3051

362.4750,6.3054

363.4750,6.3053

364.4750,6.3044

365.4760,6.3050

366.4750,6.3057

367.4750,6.3058

368.4750,6.3059

369.4760,6.3062

370.4750,6.3059

371.4750,6.3056

372.4750,6.3055

373.4760,6.3053

374.4760,6.3055

375.4750,6.3059

376.4760,6.3060

377.4750,6.3062

378.4760,6.3061

379.4750,6.3061

380.4750,6.3064

381.4750,6.3063

382.4750,6.3065

383.4750,6.3068

384.4750,6.3067

385.4750,6.3065

386.4750,6.3067

387.4770,6.3067

388.4750,6.3067

389.4750,6.3047

390.4750,6.3051

391.4770,6.3053

392.4750,6.3056

393.4750,6.3062

394.4750,6.3066

395.4750,6.3053

396.4760,6.3057

397.4750,6.3057

398.4750,6.3057

399.4760,6.3051

400.4750,6.3054

401.4750,6.3054

402.4760,6.3057

403.4750,6.3060

404.4750,6.3063

405.4750,6.3063

406.4750,6.3063

407.4750,6.3060

408.4760,6.3063

409.4750,6.3065

410.4750,6.3066

411.4750,6.3067

412.4750,6.3070

413.4760,6.3068

414.4750,6.3063

415.4760,6.3060

416.4750,6.3061

417.4750,6.3060

418.4750,6.3064

419.4750,6.3068

420.4760,6.3068

421.4750,6.3069

422.4750,6.3068

423.4750,6.3072

424.4750,6.3074

425.4750,6.3068

426.4750,6.3068

427.4760,6.3067

428.4750,6.3064

429.4750,6.3066

430.4750,6.3068

431.4750,6.3069

432.4750,6.3072

433.4750,6.3061

434.4750,6.3001

435.4750,6.2985

436.4750,6.2994

437.4760,6.3003

438.4750,6.3017

439.4750,6.3009

440.4750,6.3022

441.4760,6.3029

442.4750,6.3037

443.4760,6.3046

444.4750,6.3046

445.4750,6.3042

446.4750,6.3043

447.4750,6.3045

448.4750,6.3048

449.4750,6.3050

450.4750,6.3053

451.4760,6.3057

452.4760,6.3053

453.4750,6.3057

454.4750,6.3062

455.4750,6.3065

456.4750,6.3062

457.4750,6.3069

458.4750,6.3065

459.4750,6.3064

460.4760,6.3065

461.4750,6.3061

462.4750,6.3066

463.4750,6.3065

464.4750,6.3064

465.4750,6.3062

466.4760,6.3026

467.4750,6.3028

468.4750,6.3034

469.4760,6.3024

470.4750,6.3019

471.4750,6.3003

472.4760,6.3001

473.4750,6.3014

474.4750,6.3022

475.4760,6.3033

476.4750,6.3026

477.4760,6.3023

478.4750,6.3025

479.4750,6.3027

480.4750,6.3022

481.4750,6.3026

482.4750,6.3029

483.4750,6.3028

484.4750,6.3026

485.4750,6.3022

486.4750,6.3023

487.4750,6.3022

488.4750,6.3023

489.4750,6.3022

490.4750,6.3019

491.4750,6.3023

492.4750,6.3026

493.4750,6.3027

494.4750,6.3019

495.4750,6.3028

496.4750,6.3025

497.4750,6.3022

498.4760,6.3018

499.4750,6.3029

500.4760,6.3027

501.4750,6.3031

502.4750,6.3023

503.4760,6.3031

504.4750,6.3033

505.4750,6.3033

506.4760,6.3031

507.4750,6.3033

508.4750,6.3028

509.4760,6.3034

510.4750,6.3034

511.4750,6.3034

512.4750,6.3032

513.4750,6.3026

514.4760,6.3026

515.4760,6.3023

516.4750,6.3024

517.4760,6.3031

518.4750,6.3032

519.4750,6.3026

520.4760,6.3027

521.4750,6.3027

522.4750,6.3028

523.4750,6.3028

524.4750,6.3024

525.4750,6.3026

526.4750,6.3026

527.4750,6.3028

528.4750,6.3027

529.4750,6.3027

530.4750,6.3027

531.4750,6.3032

532.4750,6.3027

533.4750,6.3027

534.4750,6.3030

535.4760,6.3031

536.4760,6.3026

537.4760,6.3029

538.4750,6.3018

539.4750,6.3025

540.4750,6.3025

541.4750,6.3028

542.4760,6.3026

543.4750,6.3028

544.4760,6.3027

545.4760,6.3020

546.4750,6.3023

547.4750,6.3029

548.4750,6.3029

549.4760,6.3029

550.4750,6.3028

551.4750,6.3027

552.4750,6.3031

553.4750,6.3026

554.4750,6.3028

555.4750,6.3028

556.4750,6.3028

557.4750,6.3028

558.4750,6.3028

559.4750,6.3024

560.4750,6.3027

561.4750,6.3027

562.4750,6.3023

563.4750,6.3023

564.4760,6.3027

565.4760,6.3026

566.4760,6.3027

567.4750,6.3031

568.4750,6.3024

569.4750,6.3028

570.4760,6.3027

571.4760,6.3028

572.4750,6.3030

573.4750,6.3028

574.4750,6.3029

575.4750,6.3030

576.4750,6.3031

577.4750,6.3031

578.4750,6.3032

579.4760,6.3024

580.4750,6.3024

581.4750,6.3029

582.4750,6.3029

583.4760,6.3031

584.4750,6.3030

585.4750,6.3028

586.4760,6.3029

587.4750,6.3031

588.4750,6.3027

589.4750,6.3025

590.4750,6.3026

591.4750,6.3027

592.4750,6.3028

593.4760,6.3028

594.4750,6.3029

595.4750,6.3032

596.4760,6.3030

597.4750,6.3024

598.4760,6.3022

599.4760,6.3026

600.4750,6.3026

601.4750,6.3027

602.4760,6.3027

603.4750,6.3026

604.4750,6.3028

605.4750,6.3026

606.4750,6.3026

607.4760,6.3029

608.4750,6.3029

609.4750,6.3027

610.4750,6.3027

611.4750,6.3028

612.4750,6.3028

613.4750,6.3025

614.4750,6.3033

615.4750,6.3033

616.4750,6.3027

617.4750,6.3024

618.4750,6.3031

619.4750,6.3032

620.4750,6.3033

621.4750,6.3031

622.4750,6.3029

623.4750,6.3026

624.4750,6.3028

625.4760,6.3025

626.4750,6.3025

627.4750,6.3026

628.4760,6.3033

629.4750,6.3032

630.4750,6.3032

631.4750,6.3034

632.4750,6.3035

633.4760,6.3033

634.4750,6.3030

635.4750,6.3030

636.4760,6.3031

637.4750,6.3025

638.4750,6.3010

639.4750,6.3008

640.4760,6.3014

641.4750,6.3022

642.4750,6.3026

643.4750,6.3027

644.4750,6.3028

645.4760,6.3030

646.4750,6.3028

647.4750,6.3027

648.4750,6.3028

649.4750,6.3027

650.4750,6.3023

651.4750,6.3021

652.4750,6.3021

653.4750,6.3017

654.4760,6.3017

655.4760,6.3018

656.4750,6.3020

657.4750,6.3013

658.4750,6.3019

659.4750,6.3021

660.4750,6.3025

661.4760,6.3024

662.4750,6.3021

663.4760,6.3019

664.4760,6.3022

665.4750,6.3025

666.4760,6.3020

667.4750,6.3023

668.4750,6.3026

669.4750,6.3025

670.4750,6.3008

671.4750,6.3017

672.4750,6.3022

673.4760,6.3024

674.4760,6.3019

675.4750,6.3023

676.4750,6.3024

677.4750,6.3023

678.4750,6.3016

679.4750,6.3019

680.4760,6.3017

681.4750,6.3018

682.4750,6.3019

683.4760,6.3020

684.4750,6.3017

685.4760,6.3020

686.4750,6.3018

687.4750,6.3014

688.4750,6.3014

689.4750,6.3017

690.4750,6.3013

691.4750,6.3016

692.4750,6.3016

693.4750,6.3020

694.4760,6.3020

695.4750,6.3021

696.4750,6.3024

697.4750,6.3018

698.4750,6.3019

699.4750,6.3021

700.4750,6.3018

701.4760,6.3021

702.4760,6.3018

703.4750,6.3024

704.4750,6.3026

705.4750,6.3025

706.4750,6.3021

707.4750,6.3024

708.4750,6.3024

709.4750,6.3024

710.4760,6.3024

711.4760,6.3024

712.4750,6.3028

713.4750,6.3019

714.4760,6.3024

715.4750,6.3026

716.4750,6.3018

717.4750,6.3018

718.4750,6.3020

719.4750,6.3020

720.4750,6.3023

721.4760,6.3025

722.4750,6.3027

723.4750,6.3027

724.4760,6.3031

725.4750,6.3029

726.4750,6.3028

727.4760,6.3023

728.4750,6.3022

729.4750,6.3023

730.4750,6.3018

731.4750,6.3020

732.4760,6.3021

733.4750,6.3022

734.4750,6.3023

735.4750,6.3027

736.4750,6.3027

737.4750,6.3018

738.4750,6.3021

739.4760,6.3019

740.4750,6.3013

741.4750,6.3021

742.4760,6.3021

743.4760,6.3015

744.4750,6.3021

745.4750,6.3021

746.4760,6.3023

747.4750,6.3019

748.4760,6.3028

749.4750,6.3023

750.4750,6.3028

751.4750,6.3027

752.4750,6.3022

753.4760,6.3021

754.4750,6.3020

755.4750,6.3018

756.4750,6.3024

757.4750,6.3022

758.4760,6.3023

759.4750,6.3026

760.4760,6.3029

761.4750,6.3024

762.4750,6.3026

763.4750,6.3018

764.4760,6.3025

765.4750,6.3012

766.4750,6.3021

767.4750,6.3023

768.4750,6.3027

769.4750,6.3025

770.4750,6.3018

771.4760,6.3027

772.4750,6.3011

773.4760,6.3016

774.4750,6.3024

775.4760,6.3022

776.4750,6.3029

777.4760,6.3030

778.4750,6.3019

779.4760,6.3023

780.4750,6.3028

781.4750,6.3031

782.4750,6.3031

783.4750,6.3031

784.4760,6.3031

785.4750,6.3023

786.4760,6.3024

787.4750,6.3023

788.4750,6.3024

789.4760,6.3030

790.4750,6.3027

791.4750,6.3017

792.4760,6.3024

793.4750,6.3022

794.4750,6.3029

795.4760,6.3029

796.4750,6.3028

797.4760,6.3026

798.4760,6.3030

799.4750,6.3022

800.4760,6.3024

801.4750,6.3028

802.4750,6.3030

803.4760,6.3031

804.4750,6.3029

805.4750,6.3030

806.4750,6.3020

807.4750,6.3012

808.4750,6.3009

809.4750,6.3019

810.4760,6.3024

811.4760,6.3025

812.4750,6.3020

813.4750,6.3029

814.4750,6.3029

815.4750,6.3034

816.4750,6.3031

817.4750,6.3027

818.4760,6.3025

819.4760,6.3022

820.4760,6.3020

821.4750,6.3027

822.4750,6.3032

823.4750,6.3028

824.4750,6.3032

825.4760,6.3029

826.4750,6.3030

827.4750,6.3026

828.4750,6.3027

829.4750,6.3027

830.4750,6.3027

831.4750,6.3016

832.4750,6.3024

833.4750,6.3027

834.4750,6.3028

835.4750,6.3027

836.4750,6.3031

837.4750,6.3030

838.4750,6.3030

839.4750,6.3025

840.4760,6.3020

841.4760,6.3023

842.4750,6.3028

843.4760,6.3030

844.4760,6.3031

845.4750,6.3025

846.4750,6.3033

847.4750,6.3029

848.4750,6.3036

849.4760,6.3039

850.4760,6.3035

851.4760,6.3032

852.4750,6.3024

853.4760,6.3028

854.4760,6.3032

855.4750,6.3026

856.4750,6.3028

857.4750,6.3032

858.4760,6.3025

859.4750,6.3030

860.4750,6.3033

861.4750,6.3031

862.4750,6.3033

863.4750,6.3033

864.4750,6.3034

865.4750,6.3034

866.4750,6.3030

867.4750,6.3030

868.4750,6.3029

869.4750,6.3029

870.4750,6.3038

871.4750,6.3037

872.4750,6.3040

873.4750,6.3037

874.4750,6.3036

875.4760,6.3027

876.4760,6.3031

877.4760,6.3030

878.4750,6.3035

879.4750,6.3040

880.4750,6.3042

881.4750,6.3042

882.4750,6.3041

883.4760,6.3041

884.4770,6.3039

885.4750,6.3035

886.4750,6.3043

887.4750,6.3032

888.4750,6.3028

889.4760,6.3031

890.4750,6.3034

891.4750,6.3032

892.4750,6.3038

893.4750,6.3039

894.4750,6.3042

895.4750,6.3039

896.4760,6.3042

897.4750,6.3040

898.4750,6.3051

899.4750,6.3053

900.4750,6.3049

901.4750,6.3052

902.4760,6.3044

903.4760,6.3041

904.4750,6.3040

905.4750,6.3042

906.4760,6.3034

907.4750,6.2986

908.4750,6.2968

909.4750,6.2964

910.4750,6.2956

911.4750,6.2958

912.4750,6.2949

913.4750,6.2959

914.4750,6.2953

915.4750,6.2941

916.4750,6.2930

917.4750,6.2939

918.4750,6.2936

919.4750,6.2950

920.4760,6.2953

921.4750,6.2962

922.4750,6.2971

923.4760,6.2969

924.4750,6.2968

925.4760,6.2964

926.4750,6.2960

927.4750,6.2967

928.4760,6.2966

929.4750,6.2963

930.4750,6.2960

931.4760,6.2974

932.4750,6.2981

933.4750,6.2977

934.4750,6.2977

935.4760,6.2988

936.4750,6.2985

937.4760,6.2985

938.4760,6.2980

939.4760,6.2991

940.4750,6.2487

941.4750,6.2445

942.4760,6.2454

943.4760,6.2487

944.4750,6.2511

945.4750,6.2525

946.4750,6.2537

947.4750,6.2547

948.4760,6.2554

949.4750,6.2561

950.4760,6.2568

951.4760,6.2571

952.4750,6.2578

953.4750,6.2587

954.4750,6.2596

955.4760,6.2604

956.4750,6.2610

957.4760,6.2620

958.4750,6.2633

959.4750,6.2644

960.4750,6.2653

961.4760,6.2662

962.4750,6.2670

963.4750,6.2675

964.4750,6.2681

965.4750,6.2682

966.4760,6.2682

967.4760,6.2686

968.4760,6.2689

969.4760,6.2693

970.4760,6.2695

971.4760,6.2699

972.4750,6.2703

973.4750,6.2706

974.4750,6.2709

975.4750,6.2711

976.4760,6.2715

977.4760,6.2720

978.4750,6.2722

979.4760,6.2728

980.4750,6.2730

981.4750,6.2731

982.4760,6.2736

983.4760,6.2744

984.4750,6.2750

985.4750,6.2752

986.4760,6.2755

987.4750,6.2760

988.4750,6.2766

989.4760,6.2770

990.4750,6.2782

991.4760,6.2784

992.4750,6.2795

993.4750,6.2801

994.4750,6.2808

995.4750,6.2865

996.4760,6.2913

997.4750,6.2927

998.4760,6.2947

999.4750,6.2954

1000.4760,6.2964

1001.4760,6.2969

1002.4750,6.2978

1003.4760,6.2978

1004.4750,6.2983

1005.4760,6.2984

1006.4760,6.2958

1007.4760,6.2298

1008.4750,6.2299

1009.4760,6.2310

1010.4750,6.2307

1011.4750,6.2306

1012.4750,6.2305

1013.4750,6.2304

1014.4760,6.2303

1015.4750,6.2305

1016.4750,6.2303

1017.4750,6.2305

1018.4760,6.2308

1019.4750,6.2306

1020.4750,6.2307

1021.4760,6.2310

1022.4750,6.2310

1023.4750,6.2309

1024.4750,6.2308

1025.4750,6.2309

1026.4750,6.2311

1027.4750,6.2316

1028.4760,6.2314

1029.4750,6.2313

1030.4750,6.2313

1031.4750,6.2312

1032.4750,6.2311

1033.4760,6.2312

1034.4750,6.2315

1035.4760,6.2315

1036.4750,6.2315

1037.4750,6.2315

1038.4750,6.2316

1039.4750,6.2315

1040.4750,6.2315

1041.4760,6.2317

1042.4750,6.2315

1043.4760,6.2316

1044.4750,6.2317

1045.4750,6.2318

1046.4750,6.2318

1047.4750,6.2317

1048.4750,6.2318

1049.4760,6.2318

1050.4750,6.2318

1051.4750,6.2318

1052.4760,6.2315

1053.4750,6.2316

1054.4750,6.2319

1055.4750,6.2319

1056.4750,6.2319

1057.4750,6.2320

1058.4750,6.2321

1059.4750,6.2320

1060.4760,6.2322

1061.4750,6.2321

1062.4750,6.2321

1063.4750,6.2321

1064.4750,6.2322

1065.4750,6.2310

1066.4750,6.2289

1067.4750,6.2289

1068.4750,6.2289

1069.4750,6.2287

1070.4750,6.2288

1071.4750,6.2288

1072.4750,6.2288

1073.4750,6.2291

1074.4760,6.2290

1075.4750,6.2291

1076.4760,6.2293

1077.4760,6.2294

1078.4750,6.2292

1079.4750,6.2293

1080.4750,6.2292

1081.4750,6.2293

1082.4750,6.2294

1083.4750,6.2294

1084.4750,6.2293

1085.4760,6.2294

1086.4750,6.2295

1087.4760,6.2294

1088.4750,6.2295

1089.4760,6.2296

1090.4750,6.2295

1091.4750,6.2297

1092.4750,6.2296

1093.4750,6.2297

1094.4750,6.2296

1095.4750,6.2296

1096.4750,6.2297

1097.4750,6.2299

1098.4750,6.2297

1099.4750,6.2298

1100.4750,6.2298

1101.4750,6.2295

1102.4750,6.2297

1103.4750,6.2297

1104.4750,6.2298

1105.4750,6.2297

1106.4750,6.2297

1107.4750,6.2296

1108.4750,6.2296

1109.4750,6.2297

1110.4750,6.2297

1111.4760,6.2298

1112.4750,6.2296

1113.4750,6.2296

1114.4750,6.2298

1115.4750,6.2298

1116.4760,6.2298

1117.4750,6.2298

1118.4750,6.2300

1119.4760,6.2300

1120.4760,6.2298

1121.4750,6.2302

1122.4760,6.2302

1123.4760,6.2303

1124.4750,6.2302

1125.4760,6.2303

1126.4760,6.2303

1127.4760,6.2304

1128.4750,6.2306

1129.4750,6.2303

1130.4750,6.2302

1131.4750,6.2304

1132.4750,6.2303

1133.4750,6.2303

1134.4750,6.2303

1135.4760,6.2302

1136.4750,6.2304

1137.4750,6.2303

1138.4750,6.2305

1139.4750,6.2304

1140.4750,6.2303

1141.4750,6.2304

1142.4760,6.2304

1143.4760,6.2304

1144.4750,6.2304

1145.4750,6.2304

1146.4760,6.2304

1147.4760,6.2306

1148.4750,6.2303

1149.4750,6.2305

1150.4750,6.2304

1151.4750,6.2306

1152.4750,6.2306

1153.4750,6.2305

1154.4750,6.2306

1155.4750,6.2306

1156.4750,6.2306

1157.4760,6.2305

1158.4750,6.2306

1159.4750,6.2305

1160.4750,6.2308

1161.4760,6.2306

1162.4760,6.2304

1163.4750,6.2306

1164.4760,6.2306

1165.4760,6.2307

1166.4750,6.2307

1167.4750,6.2306

1168.4750,6.2306

1169.4760,6.2307

1170.4750,6.2308

1171.4760,6.2306

1172.4750,6.2309

1173.4750,6.2306

1174.4750,6.2308

1175.4750,6.2307

1176.4750,6.2309

1177.4750,6.2309

1178.4750,6.2307

1179.4750,6.2308

1180.4760,6.2305

1181.4750,6.2303

1182.4750,6.2304

1183.4760,6.2306

1184.4750,6.2308

1185.4750,6.2310

1186.4750,6.2310

1187.4760,6.2309

1188.4750,6.2310

1189.4750,6.2309

1190.4750,6.2311

1191.4750,6.2310

1192.4750,6.2309

1193.4750,6.2310

1194.4750,6.2311

1195.4750,6.2311

1196.4760,6.2309

1197.4750,6.2311

1198.4750,6.2311

1199.4750,6.2311

1200.4760,6.2312

1201.4750,6.2311

1202.4750,6.2307

1203.4750,6.2304

1204.4750,6.2311

1205.4750,6.2312

1206.4760,6.2311

1207.4750,6.2314

1208.4750,6.2313

1209.4760,6.2314

1210.4750,6.2311

1211.4760,6.2312

1212.4750,6.2312

1213.4750,6.2312

1214.4750,6.2313

1215.4750,6.2318

1216.4750,6.2486

1217.4760,6.2765

1218.4760,6.2850

1219.4760,6.2857

1220.4750,6.2859

1221.4750,6.2861

1222.4750,6.2860

1223.4760,6.2860

1224.4750,6.2861

1225.4750,6.2860

1226.4750,6.2861

1227.4750,6.2860

1228.4760,6.2860

1229.4760,6.2859

1230.4750,6.2860

1231.4750,6.2861

1232.4750,6.2859

1233.4750,6.2862

1234.4750,6.2862

1235.4750,6.2861

1236.4750,6.2861

1237.4750,6.2860

1238.4750,6.2859

1239.4760,6.2859

1240.4750,6.2861

1241.4760,6.2861

1242.4750,6.2859

1243.4760,6.2860

1244.4750,6.2862

1245.4750,6.2863

1246.4760,6.2862

1247.4750,6.2863

1248.4760,6.2860

1249.4760,6.2863

1250.4750,6.2865

1251.4760,6.2863

1252.4750,6.2865

1253.4760,6.2864

1254.4750,6.2863

1255.4750,6.2861

1256.4760,6.2865

1257.4750,6.2861

1258.4760,6.2865

1259.4750,6.2866

1260.4750,6.2867

1261.4750,6.2868

1262.4750,6.2868

1263.4750,6.2869

1264.4750,6.2870

1265.4750,6.2870

1266.4750,6.2869

1267.4760,6.2870

1268.4750,6.2870

1269.4760,6.2873

1270.4750,6.2873

1271.4750,6.2872

1272.4750,6.2870

1273.4750,6.2871

1274.4750,6.2871

1275.4750,6.2873

1276.4750,6.2872

1277.4750,6.2873

1278.4750,6.2870

1279.4760,6.2876

1280.4750,6.2872

1281.4750,6.2874

1282.4760,6.2874

1283.4760,6.2873

1284.4750,6.2874

1285.4750,6.2875

1286.4750,6.2875

1287.4750,6.2868

1288.4750,6.2870

1289.4750,6.2871

1290.4760,6.2874

1291.4760,6.2874

1292.4750,6.2874

1293.4750,6.2875

1294.4750,6.2876

1295.4750,6.2875

1296.4750,6.2875

1297.4750,6.2873

1298.4750,6.2875

1299.4760,6.2874

1300.4750,6.2876

1301.4750,6.2875

1302.4750,6.2876

1303.4750,6.2877

1304.4750,6.2878

1305.4750,6.2879

1306.4750,6.2874

1307.4750,6.2872

1308.4750,6.2873

1309.4770,6.2870

1310.4750,6.2868

1311.4760,6.2871

1312.4760,6.2871

1313.4750,6.2867

1314.4750,6.2871

1315.4760,6.2875

1316.4750,6.2876

1317.4750,6.2876

1318.4750,6.2875

1319.4750,6.2877

1320.4750,6.2877

1321.4750,6.2876

1322.4760,6.2877

1323.4760,6.2876

1324.4750,6.2879

1325.4750,6.2876

1326.4750,6.2876

1327.4750,6.2877

1328.4750,6.2876

1329.4750,6.2875

1330.4750,6.2877

1331.4750,6.2879

1332.4750,6.2878

1333.4750,6.2878

1334.4750,6.2880

1335.4760,6.2880

1336.4760,6.2880

1337.4750,6.2878

1338.4750,6.2881

1339.4750,6.2878

1340.4760,6.2876

1341.4750,6.2879

1342.4750,6.2879

1343.4750,6.2880

1344.4760,6.2881

1345.4760,6.2879

1346.4750,6.2879

1347.4760,6.2881

1348.4750,6.2881

1349.4750,6.2881

1350.4760,6.2881

1351.4750,6.2881

1352.4750,6.2881

1353.4750,6.2881

1354.4760,6.2881

1355.4760,6.2883

1356.4750,6.2882

1357.4750,6.2883

1358.4750,6.2881

1359.4750,6.2883

1360.4750,6.2883

1361.4760,6.2884

1362.4750,6.2881

1363.4760,6.2880

1364.4750,6.2874

1365.4750,6.2879

1366.4750,6.2883

1367.4750,6.2884

1368.4750,6.2883

1369.4750,6.2884

1370.4750,6.2883

1371.4750,6.2881

1372.4760,6.2885

1373.4750,6.2884

1374.4750,6.2878

1375.4750,6.2878

1376.4750,6.2881

1377.4750,6.2881

1378.4750,6.2883

1379.4750,6.2884

1380.4750,6.2884

1381.4750,6.2882

1382.4750,6.2882

1383.4760,6.2883

1384.4760,6.2882

1385.4750,6.2885

1386.4750,6.2883

1387.4750,6.2885

1388.4750,6.2880

1389.4760,6.2865

1390.4750,6.2880

1391.4750,6.2881

1392.4750,6.2884

1393.4760,6.2885

1394.4760,6.2883

1395.4750,6.2884

1396.4750,6.2885

1397.4750,6.2886

1398.4760,6.2888

1399.4750,6.2888

1400.4750,6.2888

1401.4750,6.2889

1402.4750,6.2886

1403.4750,6.2887

1404.4760,6.2887

1405.4750,6.2891

1406.4770,6.2891

1407.4750,6.2890

1408.4750,6.2888

1409.4750,6.2890

1410.4760,6.2890

1411.4750,6.2889

1412.4750,6.2890

1413.4760,6.2890

1414.4750,6.2888

1415.4760,6.2886

1416.4750,6.2888

1417.4750,6.2888

1418.4750,6.2891

1419.4760,6.2888

1420.4760,6.2882

1421.4750,6.2885

1422.4750,6.2889

1423.4750,6.2891

1424.4750,6.2892

1425.4750,6.2893

1426.4750,6.2895

1427.4750,6.2894

1428.4750,6.2889

1429.4750,6.2890

1430.4750,6.2894

1431.4750,6.2893

1432.4760,6.2895

1433.4750,6.2895

1434.4750,6.2894

1435.4750,6.2890

1436.4750,6.2889

1437.4750,6.2893

1438.4750,6.2891

1439.4750,6.2893

1440.4750,6.2896

1441.4760,6.2894

1442.4750,6.2894

1443.4750,6.2895

1444.4750,6.2894

1445.4750,6.2896

1446.4750,6.2894

1447.4750,6.2895

1448.4750,6.2895

1449.4750,6.2895

1450.4750,6.2892

1451.4750,6.2892

1452.4760,6.2895

1453.4750,6.2896

1454.4750,6.2897

1455.4750,6.2897

1456.4760,6.2893

1457.4750,6.2897

1458.4760,6.2898

1459.4750,6.2898

1460.4750,6.2899

1461.4760,6.2897

1462.4750,6.2896

1463.4750,6.2899

1464.4750,6.2898

1465.4750,6.2896

1466.4750,6.2899

1467.4750,6.2898

1468.4750,6.2899

1469.4750,6.2896

1470.4750,6.2901

1471.4750,6.2909

1472.4750,6.2911

1473.4760,6.2909

1474.4750,6.2908

1475.4750,6.2906

1476.4750,6.2909

1477.4750,6.2911

1478.4750,6.2913

1479.4750,6.2915

1480.4750,6.2912

1481.4750,6.2908

1482.4760,6.2912

1483.4750,6.2907

1484.4750,6.2904

1485.4750,6.2907

1486.4750,6.2909

1487.4760,6.2911

1488.4760,6.2913

1489.4750,6.2912

1490.4750,6.2917

1491.4750,6.2914

1492.4750,6.2915

1493.4760,6.2917

1494.4750,6.2911

1495.4760,6.2913

1496.4790,6.2909

1497.4750,6.2906

1498.4750,6.2901

1499.4750,6.2900

1500.4750,6.2899

1501.4750,6.2902

1502.4750,6.2902

1503.4750,6.2902

1504.4750,6.2902

1505.4750,6.2906

1506.4750,6.2907

1507.4750,6.2905

1508.4750,6.2907

1509.4750,6.2906

1510.4750,6.2907

1511.4750,6.2906

1512.4760,6.2907

1513.4760,6.2907

1514.4750,6.2910

1515.4760,6.2908

1516.4750,6.2910

1517.4750,6.2912

1518.4760,6.2913

1519.4750,6.2912

1520.4750,6.2912

1521.4750,6.2914

1522.4760,6.2912

1523.4750,6.2913

1524.4750,6.2913

1525.4760,6.2912

1526.4760,6.2913

1527.4750,6.2909

1528.4750,6.2913

1529.4750,6.2916

1530.4750,6.2914

1531.4750,6.2914

1532.4760,6.2919

1533.4750,6.2918

1534.4750,6.2918

1535.4750,6.2920

1536.4750,6.2920

1537.4760,6.2920

1538.4750,6.2919

1539.4750,6.2915

1540.4750,6.2917

1541.4750,6.2916

1542.4750,6.2917

1543.4750,6.2918

1544.4760,6.2922

1545.4750,6.2921

1546.4750,6.2923

1547.4750,6.2921

1548.4750,6.2922

1549.4750,6.2920

1550.4750,6.2920

1551.4750,6.2918

1552.4760,6.2919

1553.4750,6.2922

1554.4750,6.2923

1555.4750,6.2922

1556.4750,6.2911

1557.4750,6.2917

1558.4750,6.2918

1559.4750,6.2916

1560.4750,6.2917

1561.4750,6.2921

1562.4760,6.2921

1563.4760,6.2924

1564.4750,6.2923

1565.4750,6.2926

1566.4760,6.2920

1567.4760,6.2921

1568.4750,6.2912

1569.4760,6.2917

1570.4750,6.2921

1571.4760,6.2924

1572.4750,6.2927

1573.4750,6.2927

1574.4750,6.2926

1575.4750,6.2925

1576.4750,6.2928

1577.4760,6.2926

1578.4750,6.2923

1579.4760,6.2921

1580.4750,6.2919

1581.4750,6.2919

1582.4750,6.2921

1583.4750,6.2922

1584.4750,6.2924

1585.4750,6.2924

1586.4760,6.2923

1587.4770,6.2925

1588.4750,6.2926

1589.4760,6.2927

1590.4750,6.2925

1591.4750,6.2927

1592.4750,6.2928

1593.4750,6.2926

1594.4750,6.2923

1595.4750,6.2926

1596.4750,6.2925

1597.4750,6.2926

1598.4750,6.2926

1599.4760,6.2925

1600.4750,6.2924

1601.4750,6.2924

1602.4750,6.2926

1603.4750,6.2925

1604.4760,6.2925

1605.4760,6.2924

1606.4760,6.2925

1607.4750,6.2928

1608.4750,6.2923

1609.4750,6.2927

1610.4750,6.2927

1611.4760,6.2928

1612.4750,6.2925

1613.4750,6.2926

1614.4760,6.2930

1615.4750,6.2926

1616.4750,6.2930

1617.4750,6.2929

1618.4750,6.2927

1619.4750,6.2928

1620.4750,6.2931

1621.4750,6.2930

1622.4750,6.2931

1623.4750,6.2933

1624.4760,6.2928

1625.4760,6.2930

1626.4750,6.2930

1627.4750,6.2931

1628.4760,6.2930

1629.4750,6.2932

1630.4760,6.2932

1631.4750,6.2933

1632.4750,6.2932

1633.4750,6.2934

1634.4750,6.2936

1635.4750,6.2935

1636.4750,6.2936

1637.4750,6.2933

1638.4750,6.2935

1639.4750,6.2934

1640.4760,6.2934

1641.4750,6.2935

1642.4760,6.2933

1643.4750,6.2933

1644.4760,6.2931

1645.4750,6.2933

1646.4750,6.2933

1647.4750,6.2934

1648.4750,6.2933

1649.4750,6.2935

1650.4750,6.2937

1651.4750,6.2937

1652.4750,6.2933

1653.4750,6.2935

1654.4750,6.2936

1655.4750,6.2936

1656.4750,6.2934

1657.4750,6.2938

1658.4750,6.2937

1659.4750,6.2936

1660.4770,6.2939

1661.4750,6.2940

1662.4750,6.2937

1663.4750,6.2938

1664.4760,6.2938

1665.4750,6.2938

1666.4750,6.2937

1667.4750,6.2939

1668.4750,6.2937

1669.4750,6.2939

1670.4750,6.2938

1671.4750,6.2940

1672.4750,6.2937

1673.4750,6.2935

1674.4760,6.2939

1675.4750,6.2940

1676.4750,6.2941

1677.4750,6.2939

1678.4750,6.2938

1679.4760,6.2942

1680.4750,6.2940

1681.4750,6.2943

1682.4750,6.2939

1683.4750,6.2939

1684.4750,6.2940

1685.4750,6.2942

1686.4750,6.2942

1687.4760,6.2943

1688.4750,6.2941

1689.4750,6.2942

1690.4760,6.2940

1691.4760,6.2941

1692.4750,6.2941

1693.4750,6.2943

1694.4750,6.2942

1695.4750,6.2942

1696.4750,6.2944

1697.4750,6.2940

1698.4760,6.2942

1699.4750,6.2945

1700.4750,6.2946

1701.4760,6.2942

1702.4750,6.2943

1703.4750,6.2941

1704.4750,6.2939

1705.4760,6.2943

1706.4750,6.2945

1707.4760,6.2944

1708.4760,6.2943

1709.4750,6.2944

1710.4750,6.2942

1711.4760,6.2946

1712.4750,6.2947

1713.4760,6.2946

1714.4760,6.2948

1715.4750,6.2948

1716.4750,6.2948

1717.4750,6.2950

1718.4750,6.2949

1719.4750,6.2949

1720.4750,6.2950

1721.4750,6.2950

1722.4760,6.2948

1723.4750,6.2944

1724.4750,6.2942

1725.4750,6.2943

1726.4750,6.2945

1727.4750,6.2942

1728.4760,6.2948

1729.4750,6.2944

1730.4750,6.2942

1731.4750,6.2947

1732.4750,6.2943

1733.4750,6.2941

1734.4750,6.2939

1735.4750,6.2940

1736.4750,6.2938

1737.4750,6.2928

1738.4750,6.2886

1739.4750,6.2742

1740.4750,6.2760

1741.4760,6.2791

1742.4750,6.2819

1743.4750,6.2845

1744.4750,6.2791

1745.4750,6.2759

1746.4750,6.2786

1747.4750,6.2822

1748.4750,6.2859

1749.4750,6.2775

1750.4750,6.2815

1751.4750,6.2873

1752.4750,6.2912

1753.4750,6.2914

1754.4760,6.2911

1755.4750,6.2913

1756.4750,6.2920

1757.4750,6.2927

1758.4750,6.2998

1759.4750,6.3012

1760.4760,6.2821

1761.4750,6.2748

1762.4750,6.2726

1763.4750,6.2704

1764.4760,6.2722

1765.4750,6.2750

1766.4750,6.2773

1767.4750,6.2801

1768.4760,6.2818

1769.4750,6.2755

1770.4750,6.2742

1771.4750,6.2779

1772.4750,6.2797

1773.4750,6.2815

1774.4750,6.2833

1775.4750,6.2848

1776.4750,6.2860

1777.4750,6.2873

1778.4750,6.2830

1779.4750,6.2836

1780.4760,6.2887

1781.4750,6.2893

1782.4760,6.2896

1783.4750,6.2900

1784.4750,6.2910

1785.4750,6.2918

1786.4750,6.2922

1787.4750,6.2923

1788.4750,6.2931

1789.4760,6.2939

1790.4760,6.2974

1791.4750,6.2955

1792.4750,6.2972

1793.4750,6.2969

1794.4750,6.2981

1795.4760,6.3001

1796.4760,6.3029

1797.4760,6.3035

1798.4750,6.3030

1799.4750,6.3006

1800.4750,6.3015

1801.4750,6.2761

1802.4750,6.2777

1803.4760,6.2829

1804.4750,6.2809

1805.4760,6.2848

1806.4750,6.2878

1807.4750,6.2932

1808.4750,6.2945

1809.4750,6.2893

1810.4750,6.2922

1811.4750,6.2949

1812.4750,6.3032

1813.4750,6.3066

1814.4760,6.3118

1815.4750,6.3134

1816.4750,6.3147

1817.4750,6.3159

1818.4750,6.3205

1819.4760,6.3115

1820.4770,6.2745

1821.4750,6.2579

1822.4750,6.2601

1823.4750,6.2575

1824.4750,6.2590

1825.4750,6.2614

1826.4750,6.2633

1827.4750,6.2634

1828.4760,6.2661

1829.4750,6.2631

1830.4750,6.2598

1831.4750,6.2611

1832.4750,6.2635

1833.4760,6.2652

1834.4750,6.2666

1835.4760,6.2674

1836.4750,6.2676

1837.4750,6.2687

1838.4750,6.2675

1839.4750,6.2677

1840.4760,6.2677

1841.4760,6.2680

1842.4750,6.2689

1843.4750,6.2690

1844.4750,6.2670

1845.4750,6.2616

1846.4750,6.2600

1847.4750,6.2556

1848.4760,6.2530

1849.4750,6.2543

1850.4750,6.2551

1851.4750,6.2537

1852.4750,6.2521

1853.4750,6.2525

1854.4760,6.2529

1855.4750,6.2534

1856.4760,6.2537

1857.4750,6.2538

1858.4750,6.2542

1859.4760,6.2541

1860.4750,6.2541

1861.4750,6.2545

1862.4760,6.2545

1863.4750,6.2549

1864.4750,6.2550

1865.4750,6.2551

1866.4750,6.2554

1867.4750,6.2555

1868.4760,6.2556

1869.4750,6.2560

1870.4750,6.2561

1871.4750,6.2564

1872.4760,6.2565

1873.4750,6.2566

1874.4750,6.2567

1875.4750,6.2568

1876.4750,6.2570

1877.4750,6.2571

1878.4750,6.2571

1879.4750,6.2570

1880.4760,6.2573

1881.4760,6.2575

1882.4760,6.2574

1883.4760,6.2574

1884.4760,6.2574

1885.4750,6.2576

1886.4750,6.2576

1887.4760,6.2576

1888.4750,6.2577

1889.4750,6.2576

1890.4760,6.2576

1891.4750,6.2577

1892.4760,6.2576

1893.4750,6.2575

1894.4750,6.2575

1895.4760,6.2576

1896.4750,6.2576

1897.4750,6.2577

1898.4750,6.2577

1899.4750,6.2578

1900.4750,6.2578

1901.4750,6.2578

1902.4750,6.2579

1903.4750,6.2579

1904.4750,6.2580

1905.4760,6.2580

1906.4750,6.2577

1907.4760,6.2578

1908.4760,6.2579

1909.4760,6.2578

1910.4760,6.2580

1911.4750,6.2579

1912.4750,6.2580

1913.4760,6.2579

1914.4750,6.2579

1915.4750,6.2581

1916.4750,6.2580

1917.4750,6.2580

1918.4760,6.2582

1919.4750,6.2582

1920.4750,6.2583

1921.4750,6.2585

1922.4750,6.2585

1923.4750,6.2585

1924.4760,6.2587

1925.4760,6.2588

1926.4750,6.2589

1927.4760,6.2589

1928.4750,6.2591

1929.4760,6.2590

1930.4750,6.2590

1931.4750,6.2592

1932.4750,6.2592

1933.4750,6.2594

1934.4750,6.2594

1935.4750,6.2592

1936.4750,6.2593

1937.4760,6.2594

1938.4760,6.2596

1939.4750,6.2593

1940.4750,6.2595

1941.4750,6.2594

1942.4750,6.2595

1943.4750,6.2595

1944.4750,6.2594

1945.4750,6.2592

1946.4750,6.2594

1947.4750,6.2593

1948.4750,6.2592

1949.4750,6.2592

1950.4760,6.2593

1951.4750,6.2592

1952.4750,6.2591

1953.4750,6.2592

1954.4750,6.2591

1955.4750,6.2588

1956.4750,6.2590

1957.4750,6.2590

1958.4750,6.2589

1959.4760,6.2590

1960.4750,6.2591

1961.4750,6.2591

1962.4750,6.2591

1963.4750,6.2590

1964.4750,6.2590

1965.4750,6.2589

1966.4750,6.2589

1967.4750,6.2588

1968.4750,6.2588

1969.4750,6.2589

1970.4750,6.2589

1971.4750,6.2587

1972.4750,6.2587

1973.4750,6.2587

1974.4750,6.2587

1975.4750,6.2587

1976.4760,6.2583

1977.4750,6.2586

1978.4750,6.2585

1979.4750,6.2584

1980.4750,6.2583

1981.4750,6.2583

1982.4750,6.2583

1983.4760,6.2584

1984.4750,6.2583

1985.4750,6.2584

1986.4750,6.2582

1987.4750,6.2583

1988.4750,6.2584

1989.4750,6.2583

1990.4760,6.2584

1991.4750,6.2584

1992.4750,6.2584

1993.4760,6.2584

1994.4760,6.2581

1995.4750,6.2585

1996.4760,6.2584

1997.4750,6.2585

1998.4750,6.2586

1999.4750,6.2586

2000.4750,6.2587

2001.4760,6.2588

2002.4750,6.2588

2003.4760,6.2588

2004.4750,6.2591

2005.4750,6.2589

2006.4760,6.2589

2007.4760,6.2589

2008.4750,6.2590

2009.4750,6.2591

2010.4750,6.2591

2011.4750,6.2593

2012.4750,6.2593

2013.4750,6.2592

2014.4760,6.2593

2015.4760,6.2593

2016.4750,6.2593

2017.4760,6.2592

2018.4750,6.2592

2019.4760,6.2593

2020.4750,6.2592

2021.4750,6.2591

2022.4750,6.2593

2023.4750,6.2592

2024.4750,6.2592

2025.4750,6.2592

2026.4750,6.2592

2027.4750,6.2591

2028.4750,6.2591

2029.4750,6.2591

2030.4750,6.2589

2031.4750,6.2591

2032.4750,6.2591

2033.4760,6.2593

2034.4750,6.2591

2035.4750,6.2592

2036.4750,6.2591

2037.4750,6.2592

2038.4760,6.2591

2039.4760,6.2591

2040.4750,6.2591

2041.4760,6.2591

2042.4750,6.2590

2043.4760,6.2592

2044.4750,6.2591

2045.4750,6.2593

2046.4750,6.2592

2047.4750,6.2592

2048.4750,6.2593

2049.4750,6.2592

2050.4750,6.2592

2051.4750,6.2592

2052.4750,6.2592

2053.4750,6.2593

2054.4760,6.2596

2055.4760,6.2602

2056.4750,6.2600

2057.4750,6.2599

2058.4760,6.2600

2059.4750,6.2600

2060.4750,6.2601

2061.4760,6.2602

2062.4750,6.2598

2063.4750,6.2599

2064.4750,6.2599

2065.4760,6.2599

2066.4750,6.2598

2067.4750,6.2599

2068.4750,6.2597

2069.4750,6.2596

2070.4760,6.2597

2071.4750,6.2597

2072.4760,6.2586

2073.4750,6.2593

2074.4750,6.2594

2075.4750,6.2594

2076.4750,6.2594

2077.4760,6.2593

2078.4750,6.2593

2079.4770,6.2591

2080.4750,6.2591

2081.4750,6.2591

2082.4750,6.2591

2083.4750,6.2591

2084.4750,6.2591

2085.4760,6.2592

2086.4760,6.2589

2087.4750,6.2590

2088.4760,6.2590

2089.4760,6.2590

2090.4750,6.2589

2091.4750,6.2590

2092.4760,6.2589

2093.4760,6.2588

2094.4750,6.2590

2095.4750,6.2588

2096.4760,6.2588

2097.4760,6.2585

2098.4750,6.2585

2099.4750,6.2584

2100.4750,6.2586

2101.4750,6.2585

2102.4750,6.2584

2103.4750,6.2584

2104.4750,6.2582

2105.4760,6.2580

2106.4750,6.2581

2107.4750,6.2580

2108.4760,6.2578

2109.4750,6.2576

2110.4750,6.2575

2111.4750,6.2575

2112.4750,6.2573

2113.4750,6.2572

2114.4750,6.2569

2115.4760,6.2569

2116.4770,6.2569

2117.4750,6.2566

2118.4750,6.2567

2119.4750,6.2566

2120.4750,6.2564

2121.4750,6.2563

2122.4750,6.2564

2123.4750,6.2563

2124.4750,6.2561

2125.4750,6.2562

2126.4750,6.2561

2127.4750,6.2557

2128.4750,6.2557

2129.4750,6.2558

2130.4750,6.2557

2131.4750,6.2558

2132.4750,6.2559

2133.4750,6.2558

2134.4750,6.2558

2135.4760,6.2559

2136.4760,6.2557

2137.4750,6.2558

2138.4750,6.2555

2139.4750,6.2556

2140.4750,6.2555

2141.4750,6.2555

2142.4750,6.2555

2143.4750,6.2555

2144.4750,6.2556

2145.4750,6.2556

2146.4750,6.2554

2147.4750,6.2556

2148.4750,6.2555

2149.4750,6.2556

2150.4760,6.2555

2151.4750,6.2555

2152.4760,6.2556

2153.4750,6.2556

2154.4750,6.2556

2155.4750,6.2554

2156.4750,6.2556

2157.4760,6.2556

2158.4760,6.2556

2159.4750,6.2555

2160.4750,6.2555

2161.4750,6.2555

2162.4750,6.2556

2163.4750,6.2555

2164.4760,6.2554

2165.4750,6.2556

2166.4750,6.2556

2167.4750,6.2556

2168.4750,6.2556

2169.4750,6.2558

2170.4750,6.2557

2171.4760,6.2558

2172.4750,6.2557

2173.4750,6.2557

2174.4750,6.2556

2175.4750,6.2557

2176.4760,6.2558

2177.4750,6.2558

2178.4750,6.2558

2179.4750,6.2559

2180.4750,6.2558

2181.4750,6.2560

2182.4750,6.2560

2183.4760,6.2559

2184.4750,6.2560

2185.4750,6.2559

2186.4760,6.2562

2187.4750,6.2562

2188.4760,6.2562

2189.4750,6.2564

2190.4750,6.2563

2191.4750,6.2564

2192.4750,6.2564

2193.4750,6.2563

2194.4760,6.2564

2195.4750,6.2565

2196.4750,6.2566

2197.4750,6.2565

2198.4760,6.2566

2199.4750,6.2568

2200.4750,6.2567

2201.4750,6.2567

2202.4750,6.2568

2203.4750,6.2569

2204.4750,6.2566

2205.4750,6.2568

2206.4760,6.2568

2207.4750,6.2570

2208.4750,6.2570

2209.4750,6.2570

2210.4750,6.2571

2211.4750,6.2572

2212.4750,6.2572

2213.4750,6.2571

2214.4750,6.2571

2215.4760,6.2571

2216.4750,6.2572

2217.4760,6.2573

2218.4750,6.2572

2219.4750,6.2573

2220.4760,6.2575

2221.4750,6.2573

2222.4760,6.2573

2223.4750,6.2575

2224.4750,6.2574

2225.4760,6.2574

2226.4750,6.2574

2227.4750,6.2575

2228.4750,6.2575

2229.4750,6.2574

2230.4750,6.2574

2231.4750,6.2573

2232.4760,6.2572

2233.4750,6.2574

2234.4750,6.2573

2235.4750,6.2575

2236.4750,6.2575

2237.4760,6.2573

2238.4750,6.2574

2239.4750,6.2574

2240.4750,6.2574

2241.4750,6.2574

2242.4750,6.2573

2243.4750,6.2573

2244.4750,6.2573

2245.4750,6.2572

2246.4760,6.2573

2247.4750,6.2571

2248.4750,6.2573

2249.4760,6.2572

2250.4750,6.2571

2251.4750,6.2572

2252.4750,6.2571

2253.4750,6.2568

2254.4750,6.2570

2255.4760,6.2569

2256.4750,6.2567

2257.4750,6.2570

2258.4750,6.2568

2259.4750,6.2564

2260.4750,6.2563

2261.4750,6.2562

2262.4750,6.2563

2263.4760,6.2561

2264.4750,6.2558

2265.4750,6.2558

2266.4760,6.2557

2267.4750,6.2553

2268.4750,6.2554

2269.4750,6.2550

2270.4750,6.2549

2271.4760,6.2548

2272.4750,6.2545

2273.4750,6.2543

2274.4760,6.2541

2275.4750,6.2542

2276.4750,6.2541

2277.4750,6.2541

2278.4760,6.2539

2279.4750,6.2540

2280.4750,6.2540

2281.4750,6.2539

2282.4750,6.2537

2283.4750,6.2539

2284.4750,6.2539

2285.4750,6.2537

2286.4750,6.2539

2287.4750,6.2536

2288.4750,6.2537

2289.4760,6.2535

2290.4760,6.2534

2291.4750,6.2535

2292.4770,6.2536

2293.4770,6.2534

2294.4750,6.2535

2295.4760,6.2535

2296.4760,6.2535

2297.4750,6.2535

2298.4750,6.2536

2299.4760,6.2534

2300.4750,6.2535

2301.4750,6.2535

2302.4750,6.2535

2303.4750,6.2535

2304.4750,6.2534

2305.4750,6.2534

2306.4750,6.2535

2307.4750,6.2535

2308.4750,6.2536

2309.4750,6.2534

2310.4750,6.2533

2311.4750,6.2533

2312.4750,6.2535

2313.4750,6.2535

2314.4750,6.2537

2315.4750,6.2535

2316.4750,6.2536

2317.4750,6.2536

2318.4750,6.2536

2319.4750,6.2536

2320.4760,6.2536

2321.4760,6.2536

2322.4750,6.2536

2323.4750,6.2534

2324.4750,6.2534

2325.4750,6.2535

2326.4750,6.2536

2327.4750,6.2536

2328.4750,6.2536

2329.4750,6.2538

2330.4750,6.2538

2331.4750,6.2538

2332.4750,6.2540

2333.4750,6.2540

2334.4750,6.2539

2335.4750,6.2540

2336.4750,6.2541

2337.4750,6.2540

2338.4750,6.2542

2339.4760,6.2543

2340.4750,6.2542

2341.4750,6.2545

2342.4750,6.2543

2343.4750,6.2544

2344.4750,6.2544

2345.4750,6.2545

2346.4750,6.2543

2347.4760,6.2543

2348.4750,6.2543

2349.4750,6.2543

2350.4750,6.2545

2351.4760,6.2547

2352.4750,6.2547

2353.4750,6.2548

2354.4750,6.2547

2355.4760,6.2548

2356.4750,6.2548

2357.4750,6.2549

2358.4750,6.2550

2359.4760,6.2550

2360.4750,6.2551

2361.4750,6.2551

2362.4750,6.2553

2363.4750,6.2553

2364.4770,6.2551

2365.4750,6.2550

2366.4750,6.2551

2367.4760,6.2551

2368.4750,6.2552

2369.4750,6.2550

2370.4750,6.2552

2371.4750,6.2551

2372.4760,6.2552

2373.4750,6.2553

2374.4750,6.2553

2375.4750,6.2554

2376.4750,6.2552

2377.4750,6.2553

2378.4750,6.2554

2379.4750,6.2553

2380.4750,6.2553

2381.4750,6.2551

2382.4750,6.2551

2383.4750,6.2552

2384.4750,6.2551

2385.4750,6.2550

2386.4750,6.2547

2387.4750,6.2546

2388.4750,6.2542

2389.4750,6.2541

2390.4750,6.2537

2391.4750,6.2535

2392.4750,6.2529

2393.4750,6.2524

2394.4750,6.2520

2395.4750,6.2514

2396.4750,6.2511

2397.4750,6.2506

2398.4750,6.2503

2399.4750,6.2500

2400.4750,6.2495

2401.4750,6.2493

2402.4750,6.2491

2403.4750,6.2490

2404.4750,6.2488

2405.4750,6.2489

2406.4750,6.2485

2407.4750,6.2485

2408.4750,6.2485

2409.4750,6.2483

2410.4750,6.2482

2411.4760,6.2477

2412.4750,6.2474

2413.4750,6.2472

2414.4750,6.2474

2415.4750,6.2478

2416.4750,6.2481

2417.4750,6.2474

2418.4760,6.2474

2419.4750,6.2476

2420.4750,6.2474

2421.4750,6.2474

2422.4760,6.2478

2423.4760,6.2478

2424.4750,6.2480

2425.4750,6.2480

2426.4750,6.2474

2427.4750,6.2476

2428.4750,6.2475

2429.4760,6.2472

2430.4750,6.2462

2431.4750,6.2460

2432.4750,6.2465

2433.4750,6.2469

2434.4750,6.2470

2435.4750,6.2469

2436.4760,6.2463

2437.4760,6.2464

2438.4750,6.2467

2439.4750,6.2464

2440.4760,6.2469

2441.4750,6.2471

2442.4750,6.2472

2443.4750,6.2473

2444.4750,6.2476

2445.4750,6.2476

2446.4750,6.2476

2447.4750,6.2474

2448.4750,6.2467

2449.4750,6.2472

2450.4750,6.2475

2451.4760,6.2477

2452.4750,6.2478

2453.4750,6.2475

2454.4750,6.2475

2455.4760,6.2478

2456.4750,6.2478

2457.4760,6.2477

2458.4750,6.2484

2459.4750,6.2490

2460.4750,6.2493

2461.4760,6.2494

2462.4750,6.2494

2463.4750,6.2496

2464.4750,6.2494

2465.4750,6.2501

2466.4750,6.2501

2467.4750,6.2504

2468.4750,6.2503

2469.4750,6.2506

2470.4750,6.2508

2471.4750,6.2511

2472.4750,6.2512

2473.4750,6.2514

2474.4750,6.2514

2475.4750,6.2514

2476.4750,6.2514

2477.4750,6.2514

2478.4750,6.2514

2479.4760,6.2512

2480.4760,6.2511

2481.4750,6.2508

2482.4750,6.2510

2483.4750,6.2508

2484.4750,6.2504

2485.4750,6.2505

2486.4750,6.2505

2487.4750,6.2505

2488.4750,6.2505

2489.4760,6.2505

2490.4750,6.2504

2491.4750,6.2505

2492.4750,6.2503

2493.4750,6.2503

2494.4750,6.2500

2495.4750,6.2499

2496.4750,6.2498

2497.4750,6.2497

2498.4750,6.2496

2499.4750,6.2496

2500.4750,6.2496

2501.4760,6.2492

2502.4750,6.2490

2503.4750,6.2491

2504.4750,6.2489

2505.4750,6.2489

2506.4750,6.2486

2507.4750,6.2486

2508.4750,6.2485

2509.4750,6.2484

2510.4750,6.2480

2511.4750,6.2481

2512.4750,6.2481

2513.4750,6.2480

2514.4750,6.2479

2515.4750,6.2478

2516.4750,6.2476

2517.4760,6.2475

2518.4750,6.2475

2519.4750,6.2474

2520.4750,6.2472

2521.4750,6.2471

2522.4750,6.2472

2523.4760,6.2469

2524.4750,6.2470

2525.4760,6.2467

2526.4750,6.2468

2527.4750,6.2465

2528.4750,6.2466

2529.4750,6.2467

2530.4750,6.2466

2531.4750,6.2464

2532.4750,6.2463

2533.4750,6.2461

2534.4750,6.2464

2535.4750,6.2459

2536.4750,6.2460

2537.4760,6.2460

2538.4750,6.2461

2539.4750,6.2458

2540.4750,6.2458

2541.4750,6.2457

2542.4750,6.2457

2543.4750,6.2456

2544.4750,6.2458

2545.4760,6.2458

2546.4750,6.2458

2547.4750,6.2457

2548.4750,6.2456

2549.4750,6.2455

2550.4750,6.2455

2551.4750,6.2456

2552.4750,6.2455

2553.4750,6.2456

2554.4750,6.2455

2555.4760,6.2455

2556.4750,6.2454

2557.4750,6.2454

2558.4750,6.2454

2559.4750,6.2456

2560.4760,6.2455

2561.4760,6.2456

2562.4750,6.2454

2563.4750,6.2454

2564.4750,6.2455

2565.4760,6.2455

2566.4760,6.2455

2567.4750,6.2456

2568.4760,6.2455

2569.4760,6.2451

2570.4750,6.2451

2571.4750,6.2454

2572.4750,6.2455

2573.4750,6.2456

2574.4750,6.2456

2575.4760,6.2455

2576.4750,6.2456

2577.4750,6.2457

2578.4750,6.2457

2579.4750,6.2459

2580.4750,6.2459

2581.4760,6.2458

2582.4760,6.2459

2583.4750,6.2459

2584.4760,6.2461

2585.4750,6.2463

2586.4760,6.2462

2587.4760,6.2465

2588.4750,6.2465

2589.4750,6.2466

2590.4750,6.2467

2591.4750,6.2459

2592.4750,6.2446

2593.4760,6.2453

2594.4760,6.2454

2595.4750,6.2456

2596.4750,6.2454

2597.4750,6.2458

2598.4760,6.2461

2599.4750,6.2463

2600.4750,6.2466

2601.4750,6.2466

2602.4750,6.2468

2603.4750,6.2468

2604.4750,6.2470

2605.4750,6.2471

2606.4760,6.2471

2607.4750,6.2469

2608.4750,6.2470

2609.4750,6.2472

2610.4750,6.2473

2611.4760,6.2473

2612.4750,6.2474

2613.4750,6.2476

2614.4750,6.2477

2615.4750,6.2479

2616.4750,6.2479

2617.4750,6.2480

2618.4750,6.2477

2619.4750,6.2478

2620.4750,6.2481

2621.4750,6.2483

2622.4760,6.2485

2623.4750,6.2486

2624.4760,6.2486

2625.4750,6.2488

2626.4750,6.2487

2627.4750,6.2489

2628.4750,6.2488

2629.4750,6.2488

2630.4750,6.2490

2631.4750,6.2491

2632.4750,6.2492

2633.4750,6.2493

2634.4750,6.2493

2635.4750,6.2494

2636.4760,6.2495

2637.4760,6.2491

2638.4750,6.2493

2639.4770,6.2493

2640.4750,6.2493

2641.4750,6.2496

2642.4760,6.2497

2643.4760,6.2496

2644.4750,6.2498

2645.4750,6.2497

2646.4750,6.2495

2647.4750,6.2497

2648.4750,6.2499

2649.4750,6.2497

2650.4750,6.2500

2651.4760,6.2497

2652.4750,6.2499

2653.4750,6.2500

2654.4750,6.2501

2655.4750,6.2501

2656.4760,6.2499

2657.4750,6.2498

2658.4750,6.2493

2659.4750,6.2489

2660.4750,6.2486

2661.4750,6.2484

2662.4750,6.2479

2663.4760,6.2477

2664.4760,6.2474

2665.4750,6.2472

2666.5270,6.2470

2667.4760,6.2466

2668.4750,6.2466

2669.4750,6.2465

2670.4750,6.2465

2671.4750,6.2465

2672.4750,6.2462

2673.4750,6.2463

2674.4750,6.2463

2675.4750,6.2463

2676.4760,6.2462

2677.4750,6.2462

2678.4760,6.2462

2679.4750,6.2460

2680.4750,6.2458

2681.4750,6.2458

2682.4750,6.2458

2683.4760,6.2458

2684.4750,6.2458

2685.4750,6.2458

2686.4760,6.2456

2687.4750,6.2457

2688.4760,6.2456

2689.4750,6.2456

2690.4750,6.2457

2691.4760,6.2454

2692.4750,6.2458

2693.4750,6.2459

2694.4750,6.2460

2695.4760,6.2460

2696.4750,6.2460

2697.4760,6.2461

2698.4750,6.2461

2699.4760,6.2461

2700.4750,6.2459

2701.4750,6.2462

2702.4750,6.2459

2703.4750,6.2461

2704.4750,6.2460

2705.4750,6.2461

2706.4750,6.2461

2707.4750,6.2461

2708.4750,6.2462

2709.4750,6.2462

2710.4750,6.2463

2711.4750,6.2464

2712.4750,6.2462

2713.4750,6.2463

2714.4750,6.2464

2715.4750,6.2464

2716.4750,6.2466

2717.4750,6.2468

2718.4750,6.2470

2719.4750,6.2469

2720.4750,6.2471

2721.4750,6.2472

2722.4770,6.2470

2723.4760,6.2472

2724.4750,6.2471

2725.4750,6.2474

2726.4750,6.2474

2727.4750,6.2474

2728.4750,6.2473

2729.4750,6.2475

2730.4750,6.2475

2731.4750,6.2475

2732.4750,6.2476

2733.4760,6.2476

2734.4760,6.2476

2735.4750,6.2476

2736.4750,6.2476

2737.4750,6.2477

2738.4750,6.2476

2739.4750,6.2477

2740.4750,6.2476

2741.4750,6.2478

2742.4750,6.2477

2743.4750,6.2476

2744.4750,6.2477

2745.4760,6.2479

2746.4750,6.2478

2747.4750,6.2479

2748.4750,6.2481

2749.4750,6.2481

2750.4760,6.2481

2751.4750,6.2481

2752.4770,6.2484

2753.4750,6.2482

2754.4750,6.2484

2755.4750,6.2485

2756.4760,6.2486

2757.4750,6.2486

2758.4750,6.2486

2759.4750,6.2487

2760.4750,6.2488

2761.4760,6.2490

2762.4750,6.2491

2763.4760,6.2491

2764.4750,6.2486

2765.4750,6.2489

2766.4750,6.2491

2767.4750,6.2494

2768.4750,6.2492

2769.4750,6.2491

2770.4750,6.2492

2771.4750,6.2492

2772.4750,6.2494

2773.4750,6.2494

2774.4750,6.2494

2775.4750,6.2494

2776.4750,6.2495

2777.4750,6.2496

2778.4750,6.2495

2779.4750,6.2496

2780.4760,6.2497

2781.4760,6.2497

2782.4750,6.2498

2783.4760,6.2498

2784.4750,6.2497

2785.4750,6.2497

2786.4750,6.2499

2787.4750,6.2498

2788.4750,6.2498

2789.4760,6.2499

2790.4760,6.2501

2791.4750,6.2499

2792.4750,6.2500

2793.4750,6.2501

2794.4750,6.2501

2795.4760,6.2501

2796.4750,6.2502

2797.4750,6.2503

2798.4750,6.2503

2799.4750,6.2505

2800.4750,6.2504

2801.4750,6.2504

2802.4750,6.2504

2803.4750,6.2504

2804.4750,6.2506

2805.4760,6.2505

2806.4750,6.2507

2807.4750,6.2508

2808.4760,6.2507

2809.4750,6.2507

2810.4760,6.2506

2811.4750,6.2509

2812.4750,6.2509

2813.4760,6.2509

2814.4750,6.2510

2815.4760,6.2510

2816.4750,6.2510

2817.4750,6.2512

2818.4750,6.2512

2819.4750,6.2511

2820.4750,6.2511

2821.4750,6.2513

2822.4750,6.2513

2823.4760,6.2513

2824.4750,6.2514

2825.4750,6.2513

2826.4750,6.2514

2827.4750,6.2515

2828.4750,6.2514

2829.4760,6.2514

2830.4750,6.2515

2831.4750,6.2516

2832.4750,6.2516

2833.4750,6.2516

2834.4750,6.2518

2835.4750,6.2517

2836.4750,6.2519

2837.4750,6.2519

2838.4750,6.2519

2839.4750,6.2519

2840.4750,6.2520

2841.4750,6.2520

2842.4760,6.2520

2843.4750,6.2518

2844.4750,6.2522

2845.4750,6.2522

2846.4750,6.2523

2847.4750,6.2523

2848.4750,6.2521

2849.4750,6.2523

2850.4750,6.2525

2851.4750,6.2525

2852.4760,6.2524

2853.4750,6.2526

2854.4760,6.2525

2855.4750,6.2526

2856.4750,6.2526

2857.4750,6.2527

2858.4750,6.2526

2859.4750,6.2527

2860.4750,6.2528

2861.4760,6.2528

2862.4750,6.2529

2863.4750,6.2528

2864.4750,6.2528

2865.4750,6.2530

2866.4750,6.2529

2867.4750,6.2530

2868.4750,6.2529

2869.4750,6.2529

2870.4760,6.2530

2871.4750,6.2530

2872.4750,6.2531

2873.4750,6.2532

2874.4750,6.2531

2875.4760,6.2533

2876.4750,6.2533

2877.4750,6.2532

2878.4760,6.2534

2879.4750,6.2534

2880.4760,6.2535

2881.4750,6.2536

2882.4750,6.2537

2883.4750,6.2536

2884.4750,6.2538

2885.4760,6.2538

2886.4750,6.2540

2887.4760,6.2540

2888.4750,6.2541

2889.4750,6.2541

2890.4750,6.2543

2891.4750,6.2543

2892.4750,6.2545

2893.4750,6.2545

2894.4750,6.2546

2895.4760,6.2548

2896.4750,6.2548

2897.4750,6.2550

2898.4750,6.2551

2899.4760,6.2552

2900.4750,6.2552

2901.4750,6.2554

2902.4750,6.2554

2903.4760,6.2556

2904.4750,6.2557

2905.4750,6.2560

2906.4750,6.2560

2907.4750,6.2562

2908.4750,6.2564

2909.4760,6.2564

2910.4750,6.2566

2911.4750,6.2566

2912.4750,6.2566

2913.4750,6.2565

2914.4750,6.2566

2915.4750,6.2565

2916.4750,6.2566

2917.4750,6.2568

2918.4750,6.2567

2919.4750,6.2569

2920.4750,6.2569

2921.4750,6.2571

2922.4850,6.2570

2923.4750,6.2571

2924.4750,6.2569

2925.4750,6.2571

2926.4750,6.2569

2927.4750,6.2568

2928.4750,6.2568

2929.4750,6.2567

2930.4760,6.2565

2931.4760,6.2563

2932.4750,6.2559

2933.4750,6.2554

2934.4750,6.2550

2935.4760,6.2545

2936.4750,6.2543

2937.4760,6.2540

2938.4750,6.2537

2939.4760,6.2536

2940.4750,6.2533

2941.4750,6.2534

2942.4750,6.2531

2943.4750,6.2531

2944.4750,6.2528

2945.4750,6.2525

2946.4760,6.2524

2947.4750,6.2522

2948.4750,6.2522

2949.4760,6.2521

2950.4750,6.2522

2951.4750,6.2522

2952.4750,6.2523

2953.4760,6.2522

2954.4750,6.2522

2955.4750,6.2522

2956.4750,6.2522

2957.4750,6.2522

2958.4750,6.2522

2959.4750,6.2520

2960.4750,6.2520

2961.4760,6.2521

2962.4760,6.2521

2963.4750,6.2519

2964.4750,6.2520

2965.4750,6.2520

2966.4750,6.2520

2967.4750,6.2520

2968.4750,6.2520

2969.4750,6.2515

2970.4760,6.2517

2971.4750,6.2519

2972.4750,6.2520

2973.4750,6.2519

2974.4760,6.2517

2975.4750,6.2520

2976.4750,6.2519

2977.4750,6.2519

2978.4750,6.2518

2979.4750,6.2519

2980.4760,6.2518

2981.4750,6.2516

2982.4760,6.2515

2983.4750,6.2516

2984.4750,6.2514

2985.4750,6.2516

2986.4750,6.2515

2987.4750,6.2515

2988.4760,6.2516

2989.4750,6.2515

2990.4750,6.2514

2991.4750,6.2516

2992.4750,6.2515

2993.4750,6.2515

2994.4750,6.2515

2995.4750,6.2516

2996.4750,6.2516

2997.4750,6.2514

2998.4750,6.2514

2999.4750,6.2513

3000.4760,6.2514

3001.4760,6.2516

3002.4750,6.2514

3003.4760,6.2516

3004.4760,6.2514

3005.4750,6.2515

3006.4750,6.2516

3007.4750,6.2515

3008.4750,6.2517

3009.4750,6.2515

3010.4750,6.2516

3011.4750,6.2516

3012.4750,6.2516

3013.4750,6.2515

3014.4760,6.2514

3015.4750,6.2515

3016.4750,6.2515

3017.4750,6.2518

3018.4750,6.2517

3019.4760,6.2515

3020.4750,6.2516

3021.4750,6.2517

3022.4750,6.2516

3023.4750,6.2518

3024.4750,6.2519

3025.4760,6.2517

3026.4750,6.2517

3027.4750,6.2517

3028.4750,6.2518

3029.4750,6.2520

3030.4750,6.2517

3031.4760,6.2519

3032.4750,6.2517

3033.4750,6.2519

3034.4760,6.2517

3035.4750,6.2519

3036.4760,6.2519

3037.4750,6.2520

3038.4750,6.2520

3039.4750,6.2520

3040.4750,6.2520

3041.4750,6.2519

3042.4750,6.2519

3043.4750,6.2519

3044.4760,6.2518

3045.4750,6.2519

3046.4760,6.2520

3047.4760,6.2519

3048.4750,6.2519

3049.4750,6.2520

3050.4750,6.2521

3051.4750,6.2522

3052.4750,6.2523

3053.4750,6.2521

3054.4750,6.2523

3055.4750,6.2523

3056.4750,6.2522

3057.4750,6.2522

3058.4750,6.2523

3059.4750,6.2523

3060.4760,6.2523

3061.4750,6.2524

3062.4760,6.2524

3063.4760,6.2524

3064.4760,6.2524

3065.4750,6.2522

3066.4750,6.2523

3067.4750,6.2523

3068.4750,6.2525

3069.4750,6.2527

3070.4750,6.2527

3071.4750,6.2526

3072.4750,6.2528

3073.4760,6.2528

3074.4760,6.2528

3075.4750,6.2530

3076.4750,6.2529

3077.4750,6.2527

3078.4750,6.2534

3079.4750,6.2531

3080.4750,6.2532

3081.4760,6.2532

3082.4750,6.2531

3083.4750,6.2532

3084.4750,6.2531

3085.4750,6.2532

3086.4750,6.2532

3087.4750,6.2534

3088.4760,6.2534

3089.4750,6.2536

3090.4750,6.2534

3091.4750,6.2535

3092.4750,6.2535

3093.4750,6.2536

3094.4760,6.2537

3095.4750,6.2536

3096.4750,6.2537

3097.4750,6.2538

3098.4750,6.2536

3099.4750,6.2537

3100.4750,6.2538

3101.4750,6.2538

3102.4750,6.2539

3103.4750,6.2539

3104.4750,6.2540

3105.4750,6.2542

3106.4750,6.2540

3107.4750,6.2541

3108.4760,6.2542

3109.4750,6.2542

3110.4750,6.2542

3111.4750,6.2544

3112.4750,6.2544

3113.4750,6.2544

3114.4760,6.2545

3115.4750,6.2545

3116.4750,6.2544

3117.4750,6.2545

3118.4750,6.2545

3119.4750,6.2546

3120.4750,6.2547

3121.4750,6.2548

3122.4760,6.2548

3123.4750,6.2548

3124.4750,6.2548

3125.4750,6.2550

3126.4750,6.2550

3127.4750,6.2551

3128.4750,6.2551

3129.4750,6.2552

3130.4750,6.2552

3131.4750,6.2553

3132.4750,6.2553

3133.4750,6.2554

3134.4750,6.2555

3135.4750,6.2554

3136.4760,6.2556

3137.4750,6.2556

3138.4760,6.2555

3139.4750,6.2558

3140.4760,6.2557

3141.4750,6.2559

3142.4750,6.2558

3143.4750,6.2561

3144.4750,6.2561

3145.4750,6.2561

3146.4760,6.2561

3147.4760,6.2562

3148.4750,6.2565

3149.4750,6.2566

3150.4760,6.2566

3151.4760,6.2567

3152.4750,6.2569

3153.4750,6.2569

3154.4750,6.2572

3155.4750,6.2573

3156.4750,6.2574

3157.4750,6.2575

3158.4750,6.2579

3159.4750,6.2580

3160.4750,6.2582

3161.4750,6.2584

3162.4760,6.2583

3163.4750,6.2585

3164.4750,6.2583

3165.4760,6.2585

3166.4750,6.2588

3167.4750,6.2587

3168.4760,6.2591

3169.4760,6.2588

3170.4750,6.2592

3171.4750,6.2593

3172.4750,6.2592

3173.4750,6.2591

3174.4750,6.2594

3175.4750,6.2593

3176.4750,6.2596

3177.4750,6.2598

3178.4750,6.2599

3179.4750,6.2603

3180.4750,6.2603

3181.4750,6.2603

3182.4750,6.2607

3183.4760,6.2607

3184.4750,6.2609

3185.4750,6.2608

3186.4750,6.2609

3187.4750,6.2608

3188.4760,6.2608

3189.4750,6.2606

3190.4750,6.2607

3191.4750,6.2606

3192.4750,6.2604

3193.4750,6.2604

3194.4750,6.2602

3195.4750,6.2601

3196.4750,6.2599

3197.4750,6.2593

3198.4760,6.2590

3199.4750,6.2586

3200.4760,6.2582

3201.4760,6.2580

3202.4750,6.2575

3203.4750,6.2573

3204.4750,6.2572

3205.4760,6.2571

3206.4760,6.2569

3207.4750,6.2567

3208.4760,6.2567

3209.4750,6.2566

3210.4750,6.2564

3211.4750,6.2562

3212.4750,6.2563

3213.4750,6.2564

3214.4750,6.2563

3215.4750,6.2561

3216.4750,6.2563

3217.4750,6.2562

3218.4750,6.2561

3219.4750,6.2560

3220.4750,6.2560

3221.4750,6.2560

3222.4750,6.2560

3223.4750,6.2560

3224.4750,6.2560

3225.4750,6.2559

3226.4760,6.2560

3227.4750,6.2560

3228.4750,6.2558

3229.4750,6.2559

3230.4750,6.2559

3231.4760,6.2557

3232.4750,6.2558

3233.4750,6.2558

3234.4750,6.2557

3235.4750,6.2557

3236.4760,6.2558

3237.4750,6.2555

3238.4750,6.2556

3239.4760,6.2557

3240.4760,6.2557

3241.4750,6.2557

3242.4750,6.2557

3243.4750,6.2557

3244.4750,6.2556

3245.4750,6.2557

3246.4750,6.2556

3247.4750,6.2557

3248.4750,6.2557

3249.4750,6.2557

3250.4760,6.2557

3251.4760,6.2556

3252.4760,6.2556

3253.4750,6.2557

3254.4750,6.2557

3255.4750,6.2556

3256.4750,6.2557

3257.4760,6.2557

3258.4750,6.2556

3259.4750,6.2557

3260.4750,6.2558

3261.4760,6.2558

3262.4750,6.2557

3263.4750,6.2558

3264.4750,6.2557

3265.4750,6.2556

3266.4750,6.2557

3267.4750,6.2557

3268.4760,6.2557

3269.4760,6.2557

3270.4750,6.2558

3271.4750,6.2557

3272.4750,6.2557

3273.4750,6.2557

3274.4750,6.2557

3275.4750,6.2557

3276.4750,6.2558

3277.4760,6.2559

3278.4760,6.2559

3279.4750,6.2560

3280.4760,6.2559

3281.4750,6.2561

3282.4760,6.2559

3283.4750,6.2561

3284.4750,6.2561

3285.4750,6.2565

3286.4750,6.2563

3287.4750,6.2563

3288.4760,6.2565

3289.4750,6.2563

3290.4760,6.2566

3291.4750,6.2566

3292.4750,6.2566

3293.4750,6.2568

3294.4750,6.2568

3295.4750,6.2568

3296.4750,6.2570

3297.4760,6.2569

3298.4750,6.2570

3299.4750,6.2569

3300.4760,6.2570

3301.4750,6.2571

3302.4750,6.2570

3303.4750,6.2571

3304.4750,6.2571

3305.4750,6.2573

3306.4750,6.2574

3307.4750,6.2573

3308.4750,6.2574

3309.4750,6.2575

3310.4750,6.2575

3311.4760,6.2576

3312.4750,6.2577

3313.4760,6.2577

3314.4750,6.2579

3315.4750,6.2579

3316.4750,6.2580

3317.4750,6.2580

3318.4750,6.2581

3319.4750,6.2581

3320.4750,6.2582

3321.4750,6.2583

3322.4760,6.2583

3323.4750,6.2586

3324.4750,6.2584

3325.4750,6.2586

3326.4750,6.2586

3327.4750,6.2588

3328.4750,6.2589

3329.4750,6.2589

3330.4750,6.2589

3331.4750,6.2589

3332.4750,6.2590

3333.4760,6.2590

3334.4750,6.2593

3335.4750,6.2592

3336.4760,6.2589

3337.4760,6.2582

3338.4750,6.2580

3339.4750,6.2582

3340.4750,6.2586

3341.4750,6.2589

3342.4750,6.2591

3343.4750,6.2595

3344.4750,6.2596

3345.4750,6.2598

3346.4750,6.2598

3347.4750,6.2599

3348.4750,6.2598

3349.4750,6.2599

3350.4760,6.2599

3351.4750,6.2601

3352.4760,6.2602

3353.4760,6.2603

3354.4750,6.2602

3355.4750,6.2602

3356.4750,6.2603

3357.4760,6.2603

3358.4750,6.2604

3359.4750,6.2605

3360.4750,6.2605

3361.4750,6.2605

3362.4750,6.2605

3363.4750,6.2607

3364.4750,6.2607

3365.4750,6.2611

3366.4760,6.2610

3367.4760,6.2611

3368.4750,6.2609

3369.4750,6.2612

3370.4750,6.2613

3371.4750,6.2609

3372.4760,6.2614

3373.4750,6.2615

3374.4750,6.2617

3375.4750,6.2617

3376.4750,6.2617

3377.4760,6.2617

3378.4750,6.2621

3379.4750,6.2621

3380.4750,6.2620

3381.4760,6.2621

3382.4750,6.2621

3383.4760,6.2621

3384.4750,6.2624

3385.4750,6.2626

3386.4750,6.2627

3387.4760,6.2628

3388.4760,6.2628

3389.4750,6.2632

3390.4770,6.2629

3391.4750,6.2632

3392.4750,6.2629

3393.4750,6.2631

3394.4750,6.2633

3395.4750,6.2636

3396.4750,6.2636

3397.4760,6.2634

3398.4750,6.2636

3399.4750,6.2637

3400.4750,6.2639

3401.4750,6.2640

3402.4760,6.2640

3403.4760,6.2641

3404.4760,6.2642

3405.4750,6.2642

3406.4760,6.2642

3407.4750,6.2644

3408.4750,6.2644

3409.4760,6.2646

3410.4760,6.2647

3411.4750,6.2647

3412.4760,6.2648

3413.4760,6.2650

3414.4750,6.2651

3415.4760,6.2649

3416.4750,6.2653

3417.4760,6.2651

3418.4750,6.2655

3419.4750,6.2655

3420.4750,6.2657

3421.4760,6.2658

3422.4750,6.2660

3423.4750,6.2661

3424.4750,6.2660

3425.4750,6.2663

3426.4750,6.2663

3427.4760,6.2663

3428.4750,6.2666

3429.4750,6.2665

3430.4750,6.2668

3431.4760,6.2668

3432.4750,6.2672

3433.4760,6.2673

3434.4750,6.2676

3435.4750,6.2676

3436.4750,6.2679

3437.4750,6.2682

3438.4750,6.2681

3439.4760,6.2683

3440.4760,6.2683

3441.4750,6.2688

3442.4750,6.2687

3443.4750,6.2690

3444.4750,6.2691

3445.4750,6.2693

3446.4750,6.2695

3447.4760,6.2696

3448.4750,6.2697

3449.4750,6.2696

3450.4760,6.2698

3451.4750,6.2698

3452.4750,6.2697

3453.4750,6.2701

3454.4750,6.2703

3455.4760,6.2703

3456.4750,6.2705

3457.4760,6.2703

3458.4750,6.2704

3459.4760,6.2705

3460.4750,6.2710

3461.4760,6.2709

3462.4750,6.2711

3463.4750,6.2712

3464.4750,6.2713

3465.4760,6.2714

3466.4750,6.2714

3467.4750,6.2717

3468.4750,6.2718

3469.4750,6.2717

3470.4760,6.2720

3471.4750,6.2721

3472.4760,6.2722

3473.4750,6.2723

3474.4750,6.2723

3475.4750,6.2724

3476.4750,6.2726

3477.4750,6.2727

3478.4760,6.2729

3479.4760,6.2726

3480.4750,6.2727

3481.4760,6.2725

3482.4760,6.2728

3483.4760,6.2726

3484.4750,6.2724

3485.4760,6.2724

3486.4760,6.2725

3487.4760,6.2722

3488.4750,6.2719

3489.4750,6.2716

3490.4760,6.2714

3491.4750,6.2716

3492.4750,6.2719

3493.4750,6.2722

3494.4750,6.2720

3495.4750,6.2721

3496.4760,6.2720

3497.4750,6.2719

3498.4750,6.2720

3499.4750,6.2722

3500.4750,6.2726

3501.4760,6.2395

3502.4750,6.2120

3503.4750,6.2119

3504.4760,6.2123

3505.4750,6.2123

3506.4750,6.2127

3507.4760,6.2126

3508.4750,6.2132

3509.4750,6.2134

3510.4760,6.2136

3511.4750,6.2139

3512.4750,6.2143

3513.4750,6.2147

3514.4750,6.2152

3515.4760,6.2158

3516.4750,6.2163

3517.4750,6.2164

3518.4750,6.2172

3519.4750,6.2173

3520.4770,6.2175

3521.4750,6.2175

3522.4750,6.2175

3523.4750,6.2164

3524.4750,6.2168

3525.4750,6.2169

3526.4750,6.2169

3527.4750,6.2166

3528.4760,6.2166

3529.4750,6.2163

3530.4750,6.2162

3531.4750,6.2158

3532.4750,6.2155

3533.4750,6.2154

3534.4750,6.2152

3535.4760,6.2152

3536.4750,6.2150

3537.4750,6.2151

3538.4750,6.2150

3539.4750,6.2149

3540.4750,6.2149

3541.4750,6.2147

3542.4760,6.2149

3543.4750,6.2148

3544.4760,6.2148

3545.4750,6.2148

3546.4750,6.2149

3547.4750,6.2146

3548.4750,6.2149

3549.4750,6.2148

3550.4750,6.2148

3551.4750,6.2148

3552.4760,6.2148

3553.4750,6.2148

3554.4750,6.2148

3555.4750,6.2146

3556.4750,6.2147

3557.4750,6.2146

3558.4750,6.2147

3559.4760,6.2146

3560.4750,6.2145

3561.4750,6.2147

3562.4750,6.2147

3563.4750,6.2148

3564.4750,6.2148

3565.4750,6.2145

3566.4760,6.2148

3567.4750,6.2147

3568.4750,6.2149

3569.4750,6.2149

3570.4750,6.2149

3571.4750,6.2150

3572.4750,6.2149

3573.4760,6.2150

3574.4760,6.2150

3575.4750,6.2149

3576.4750,6.2150

3577.4750,6.2147

3578.4750,6.2149

3579.4760,6.2149

3580.4750,6.2149

3581.4750,6.2147

3582.4760,6.2150

3583.4750,6.2150

3584.4750,6.2151

3585.4750,6.2151

3586.4750,6.2149

3587.4750,6.2151

3588.4750,6.2151

3589.4750,6.2151

3590.4750,6.2152

3591.4760,6.2152

3592.4750,6.2152

3593.4760,6.2153

3594.4750,6.2153

3595.4750,6.2153

3596.4750,6.2154

3597.4750,6.2153

3598.4750,6.2154

3599.4750,6.2154

3600.4750,6.2154

3601.4750,6.2155

3602.4750,6.2156

3603.4760,6.2155

3604.4750,6.2155

3605.4750,6.2154

3606.4760,6.2157

3607.4750,6.2156

3608.4750,6.2157

3609.4750,6.2156

3610.4750,6.2158

3611.4750,6.2156

3612.4750,6.2158

3613.4750,6.2158

3614.4750,6.2160

3615.4750,6.2157

3616.4750,6.2154

3617.4760,6.2157

3618.4750,6.2159

3619.4750,6.2159

3620.4750,6.2159

3621.4750,6.2160

3622.4750,6.2158

3623.4750,6.2162

3624.4760,6.2162

3625.4750,6.2162

3626.4750,6.2162

3627.4750,6.2164

3628.4750,6.2164

3629.4750,6.2165

3630.4750,6.2164

3631.4750,6.2166

3632.4760,6.2167

3633.4750,6.2167

3634.4750,6.2167

3635.4750,6.2166

3636.4750,6.2167

3637.4750,6.2167

3638.4750,6.2168

3639.4750,6.2168

3640.4760,6.2169

3641.4750,6.2167

3642.4750,6.2168

3643.4750,6.2169

3644.4750,6.2169

3645.4760,6.2171

3646.4760,6.2170

3647.4750,6.2172

3648.4750,6.2172

3649.4750,6.2173

3650.4750,6.2172

3651.4750,6.2172

3652.4750,6.2169

3653.4750,6.2168

3654.4750,6.2167

3655.4750,6.2169

3656.4760,6.2170

3657.4750,6.2171

3658.4760,6.2172

3659.4750,6.2173

3660.4760,6.2172

3661.4760,6.2176

3662.4750,6.2174

3663.4750,6.2176

3664.4750,6.2176

3665.4750,6.2178

3666.4750,6.2177

3667.4750,6.2178

3668.4750,6.2179

3669.4760,6.2179

3670.4750,6.2180

3671.4750,6.2181

3672.4760,6.2180

3673.4750,6.2180

3674.4760,6.2181

3675.4750,6.2182

3676.4760,6.2183

3677.4750,6.2181

3678.4750,6.2185

3679.4750,6.2184

3680.4750,6.2185

3681.4750,6.2186

3682.4750,6.2186

3683.4760,6.2187

3684.4750,6.2187

3685.4750,6.2189

3686.4750,6.2189

3687.4760,6.2189

3688.4750,6.2191

3689.4760,6.2192

3690.4750,6.2192

3691.4750,6.2194

3692.4750,6.2193

3693.4750,6.2194

3694.4760,6.2194

3695.4750,6.2197

3696.4750,6.2196

3697.4750,6.2197

3698.4750,6.2196

3699.4750,6.2198

3700.4750,6.2200

3701.4760,6.2198

3702.4760,6.2201

3703.4750,6.2201

3704.4750,6.2201

3705.4750,6.2202

3706.4750,6.2201

3707.4750,6.2204

3708.4750,6.2203

3709.4750,6.2204

3710.4750,6.2205

3711.4760,6.2205

3712.4750,6.2205

3713.4750,6.2207

3714.4750,6.2206

3715.4750,6.2207

3716.4750,6.2208

3717.4760,6.2208

3718.4750,6.2210

3719.4750,6.2208

3720.4750,6.2210

3721.4750,6.2210

3722.4750,6.2212

3723.4750,6.2213

3724.4750,6.2212

3725.4750,6.2215

3726.4750,6.2215

3727.4750,6.2215

3728.4750,6.2216

3729.4760,6.2217

3730.4750,6.2215

3731.4760,6.2218

3732.4750,6.2219

3733.4750,6.2218

3734.4760,6.2220

3735.4750,6.2221

3736.4760,6.2221

3737.4750,6.2221

3738.4750,6.2221

3739.4760,6.2224

3740.4750,6.2224

3741.4750,6.2224

3742.4760,6.2225

3743.4750,6.2227

3744.4760,6.2228

3745.4750,6.2228

3746.4760,6.2228

3747.4750,6.2230

3748.4750,6.2230

3749.4750,6.2232

3750.4750,6.2231

3751.4760,6.2229

3752.4750,6.2233

3753.4750,6.2234

3754.4750,6.2235

3755.4750,6.2235

3756.4750,6.2237

3757.4750,6.2237

3758.4750,6.2237

3759.4750,6.2241

3760.4760,6.2240

3761.4750,6.2241

3762.4750,6.2241

3763.4750,6.2242

3764.4750,6.2243

3765.4750,6.2245

3766.4750,6.2246

3767.4750,6.2245

3768.4750,6.2248

3769.4750,6.2248

3770.4750,6.2250

3771.4750,6.2251

3772.4750,6.2252

3773.4750,6.2253

3774.4750,6.2255

3775.4750,6.2255

3776.4760,6.2256

3777.4760,6.2259

3778.4750,6.2258

3779.4750,6.2259

3780.4760,6.2260

3781.4750,6.2261

3782.4750,6.2260

3783.4760,6.2263

3784.4760,6.2262

3785.4750,6.2262

3786.4760,6.2265

3787.4750,6.2264

3788.4750,6.2265

3789.4750,6.2265

3790.4750,6.2267

3791.4750,6.2267

3792.4750,6.2267

3793.4760,6.2269

3794.4750,6.2268

3795.4750,6.2271

3796.4750,6.2271

3797.4750,6.2272

3798.4750,6.2273

3799.4750,6.2273

3800.4750,6.2275

3801.4750,6.2276

3802.4750,6.2278

3803.4750,6.2279

3804.4750,6.2278

3805.4750,6.2280

3806.4750,6.2275

3807.4750,6.2279

3808.4750,6.2280

3809.4750,6.2283

3810.4750,6.2285

3811.4750,6.2285

3812.4750,6.2285

3813.4760,6.2286

3814.4750,6.2287

3815.4750,6.2288

3816.4750,6.2288

3817.4750,6.2289

3818.4750,6.2289

3819.4750,6.2290

3820.4750,6.2292

3821.4750,6.2292

3822.4750,6.2291

3823.4750,6.2283

3824.4750,6.2271

3825.4750,6.2269

3826.4760,6.2264

3827.4750,6.2263

3828.4750,6.2262

3829.4750,6.2261

3830.4750,6.2260

3831.4750,6.2259

3832.4750,6.2259

3833.4750,6.2258

3834.4760,6.2259

3835.4760,6.2257

3836.4750,6.2256

3837.4750,6.2256

3838.4760,6.2258

3839.4750,6.2258

3840.4760,6.2258

3841.4760,6.2257

3842.4750,6.2257

3843.4750,6.2257

3844.4750,6.2255

3845.4760,6.2255

3846.4750,6.2255

3847.4750,6.2256

3848.4750,6.2255

3849.4750,6.2255

3850.4750,6.2255

3851.4750,6.2253

3852.4750,6.2254

3853.4750,6.2253

3854.4750,6.2254

3855.4760,6.2254

3856.4750,6.2254

3857.4760,6.2255

3858.4760,6.2254

3859.4750,6.2254

3860.4750,6.2254

3861.4750,6.2254

3862.4760,6.2254

3863.4760,6.2252

3864.4750,6.2252

3865.4760,6.2253

3866.4750,6.2253

3867.4760,6.2253

3868.4760,6.2253

3869.4750,6.2252

3870.4750,6.2253

3871.4750,6.2252

3872.4750,6.2252

3873.4750,6.2252

3874.4750,6.2252

3875.4750,6.2253

3876.4750,6.2253

3877.4750,6.2252

3878.4750,6.2253

3879.4750,6.2251

3880.4750,6.2252

3881.4750,6.2252

3882.4750,6.2252

3883.4750,6.2252

3884.4750,6.2251

3885.4750,6.2250

3886.4750,6.2249

3887.4750,6.2248

3888.4750,6.2249

3889.4750,6.2252

3890.4750,6.2252

3891.4750,6.2252

3892.4760,6.2251

3893.4760,6.2253

3894.4760,6.2251

3895.4750,6.2251

3896.4750,6.2250

3897.4760,6.2251

3898.4760,6.2252

3899.4750,6.2251

3900.4750,6.2251

3901.4760,6.2251

3902.4750,6.2252

3903.4760,6.2252

3904.4760,6.2251

3905.4760,6.2252

3906.4750,6.2250

3907.4750,6.2253

3908.4750,6.2253

3909.4750,6.2252

3910.4750,6.2252

3911.4750,6.2249

3912.4750,6.2251

3913.4750,6.2251

3914.4750,6.2252

3915.4750,6.2250

3916.4760,6.2251

3917.4750,6.2252

3918.4750,6.2253

3919.4760,6.2252

3920.4750,6.2252

3921.4750,6.2257

3922.4750,6.2258

3923.4760,6.2258

3924.4750,6.2258

3925.4750,6.2258

3926.4750,6.2258

3927.4750,6.2260

3928.4750,6.2260

3929.4750,6.2259

3930.4750,6.2259

3931.4760,6.2258

3932.4750,6.2260

3933.4750,6.2260

3934.4750,6.2260

3935.4750,6.2261

3936.4760,6.2261

3937.4760,6.2262

3938.4750,6.2261

3939.4750,6.2261

3940.4750,6.2262

3941.4760,6.2262

3942.4750,6.2262

3943.4750,6.2261

3944.4750,6.2263

3945.4750,6.2263

3946.4750,6.2264

3947.4750,6.2264

3948.4760,6.2264

3949.4750,6.2264

3950.4750,6.2263

3951.4750,6.2265

3952.4750,6.2266

3953.4760,6.2265

3954.4760,6.2265

3955.4750,6.2266

3956.4760,6.2266

3957.4750,6.2267

3958.4750,6.2268

3959.4750,6.2268

3960.4750,6.2268

3961.4750,6.2268

3962.4750,6.2269

3963.4750,6.2269

3964.4750,6.2270

3965.4750,6.2269

3966.4760,6.2270

3967.4750,6.2270

3968.4750,6.2271

3969.4750,6.2272

3970.4750,6.2272

3971.4750,6.2271

3972.4760,6.2272

3973.4750,6.2273

3974.4750,6.2273

3975.4750,6.2274

3976.4750,6.2273

3977.4750,6.2275

3978.4750,6.2275

3979.4750,6.2276

3980.4750,6.2276

3981.4750,6.2276

3982.4750,6.2277

3983.4750,6.2278

3984.4760,6.2279

3985.4750,6.2277

3986.4750,6.2279

3987.4750,6.2277

3988.4750,6.2279

3989.4750,6.2282

3990.4750,6.2281

3991.4750,6.2282

3992.4750,6.2282

3993.4750,6.2284

3994.4760,6.2285

3995.4750,6.2275

3996.4750,6.2296

3997.4750,6.2285

3998.4750,6.2286

3999.4750,6.2287

4000.4760,6.2288

4001.4750,6.2289

4002.4750,6.2288

4003.4760,6.2290

4004.4750,6.2290

4005.4750,6.2290

4006.4750,6.2290

4007.4750,6.2292

4008.4750,6.2291

4009.4750,6.2292

4010.4760,6.2294

4011.4750,6.2292

4012.4750,6.2295

4013.4750,6.2297

4014.4750,6.2297

4015.4750,6.2296

4016.4750,6.2299

4017.4750,6.2299

4018.4750,6.2299

4019.4750,6.2300

4020.4750,6.2301

4021.4750,6.2301

4022.4750,6.2303

4023.4750,6.2303

4024.4750,6.2304

4025.4760,6.2304

4026.4750,6.2306

4027.4750,6.2306

4028.4750,6.2308

4029.4760,6.2308

4030.4750,6.2311

4031.4750,6.2308

4032.4750,6.2311

4033.4750,6.2312

4034.4750,6.2314

4035.4750,6.2314

4036.4750,6.2316

4037.4750,6.2316

4038.4750,6.2317

4039.4750,6.2319

4040.4750,6.2321

4041.4760,6.2321

4042.4750,6.2323

4043.4760,6.2323

4044.4750,6.2322

4045.4760,6.2329

4046.4760,6.2328

4047.4760,6.2329

4048.4760,6.2332

4049.4750,6.2332

4050.4750,6.2334

4051.4750,6.2336

4052.4750,6.2338

4053.4750,6.2339

4054.4750,6.2341

4055.4750,6.2344

4056.4750,6.2344

4057.4750,6.2348

4058.4760,6.2348

4059.4760,6.2348

4060.4750,6.2351

4061.4750,6.2352

4062.4760,6.2354

4063.4750,6.2352

4064.4750,6.2355

4065.4750,6.2352

4066.4750,6.2353

4067.4750,6.2350

4068.4750,6.2346

4069.4750,6.2347

4070.4760,6.2344

4071.4750,6.2343

4072.4750,6.2341

4073.4760,6.2337

4074.4760,6.2336

4075.4750,6.2332

4076.4750,6.2331

4077.4750,6.2327

4078.4760,6.2326

4079.4750,6.2321

4080.4760,6.2321

4081.4750,6.2320

4082.4750,6.2320

4083.4750,6.2319

4084.4750,6.2317

4085.4750,6.2316

4086.4750,6.2316

4087.4750,6.2314

4088.4750,6.2315

4089.4760,6.2312

4090.4750,6.2313

4091.4750,6.2313

4092.4750,6.2312

4093.4750,6.2311

4094.4750,6.2311

4095.4760,6.2310

4096.4760,6.2310

4097.4750,6.2310

4098.4750,6.2310

4099.4750,6.2309

4100.4750,6.2308

4101.4760,6.2308

4102.4760,6.2307

4103.4750,6.2308

4104.4760,6.2308

4105.4750,6.2308

4106.4750,6.2307

4107.4750,6.2307

4108.4750,6.2307

4109.4750,6.2305

4110.4750,6.2308

4111.4770,6.2307

4112.4750,6.2305

4113.4750,6.2305

4114.4750,6.2306

4115.4750,6.2305

4116.4750,6.2305

4117.4750,6.2305

4118.4750,6.2306

4119.4750,6.2305

4120.4750,6.2306

4121.4760,6.2305

4122.4750,6.2305

4123.4760,6.2305

4124.4750,6.2306

4125.4750,6.2305

4126.4750,6.2305

4127.4750,6.2305

4128.4750,6.2304

4129.4750,6.2305

4130.4750,6.2305

4131.4750,6.2304

4132.4750,6.2305

4133.4750,6.2305

4134.4750,6.2304

4135.4750,6.2305

4136.4750,6.2305

4137.4750,6.2305

4138.4750,6.2306

4139.4750,6.2306

4140.4750,6.2306

4141.4750,6.2305

4142.4750,6.2305

4143.4750,6.2305

4144.4750,6.2302

4145.4750,6.2307

4146.4760,6.2306

4147.4750,6.2306

4148.4760,6.2306

4149.4760,6.2304

4150.4750,6.2305

4151.4760,6.2307

4152.4750,6.2307

4153.4760,6.2306

4154.4750,6.2308

4155.4750,6.2307

4156.4750,6.2306

4157.4750,6.2307

4158.4760,6.2308

4159.4760,6.2307

4160.4750,6.2309

4161.4750,6.2309

4162.4760,6.2310

4163.4750,6.2308

4164.4750,6.2311

4165.4750,6.2310

4166.4760,6.2310

4167.4760,6.2310

4168.4750,6.2312

4169.4750,6.2310

4170.4750,6.2309

4171.4750,6.2311

4172.4750,6.2311

4173.4750,6.2310

4174.4750,6.2310

4175.4750,6.2310

4176.4760,6.2310

4177.4750,6.2312

4178.4750,6.2311

4179.4750,6.2311

4180.4750,6.2313

4181.4750,6.2313

4182.4750,6.2313

4183.4750,6.2313

4184.4750,6.2315

4185.4760,6.2314

4186.4750,6.2314

4187.4750,6.2316

4188.4750,6.2316

4189.4760,6.2317

4190.4760,6.2316

4191.4750,6.2316

4192.4750,6.2315

4193.4750,6.2317

4194.4750,6.2319

4195.4750,6.2321

4196.4750,6.2320

4197.4750,6.2321

4198.4750,6.2322

4199.4750,6.2323

4200.4750,6.2323

4201.4750,6.2325

4202.4750,6.2325

4203.4760,6.2326

4204.4750,6.2325

4205.4750,6.2321

4206.4750,6.2323

4207.4750,6.2326

4208.4750,6.2327

4209.4750,6.2329

4210.4750,6.2328

4211.4750,6.2328

4212.4750,6.2327

4213.4750,6.2329

4214.4750,6.2330

4215.4750,6.2329

4216.4750,6.2331

4217.4750,6.2331

4218.4760,6.2333

4219.4760,6.2333

4220.4750,6.2334

4221.4750,6.2334

4222.4760,6.2335

4223.4750,6.2334

4224.4750,6.2335

4225.4760,6.2335

4226.4750,6.2336

4227.4750,6.2336

4228.4750,6.2336

4229.4750,6.2337

4230.4760,6.2340

4231.4760,6.2340

4232.4750,6.2341

4233.4750,6.2340

4234.4750,6.2339

4235.4750,6.2335

4236.4750,6.2343

4237.4760,6.2342

4238.4760,6.2344

4239.4750,6.2343

4240.4750,6.2341

4241.4750,6.2344

4242.4760,6.2346

4243.4750,6.2346

4244.4750,6.2348

4245.4750,6.2346

4246.4750,6.2347

4247.4760,6.2348

4248.4760,6.2348

4249.4760,6.2349

4250.4760,6.2349

4251.4750,6.2349

4252.4750,6.2349

4253.4750,6.2349

4254.4750,6.2351

4255.4750,6.2352

4256.4750,6.2350

4257.4760,6.2352

4258.4750,6.2350

4259.4750,6.2350

4260.4750,6.2353

4261.4750,6.2353

4262.4750,6.2353

4263.4750,6.2351

4264.4750,6.2354

4265.4750,6.2352

4266.4750,6.2355

4267.4760,6.2355

4268.4750,6.2355

4269.4750,6.2354

4270.4750,6.2354

4271.4760,6.2354

4272.4750,6.2360

4273.4750,6.2357

4274.4750,6.2355

4275.4750,6.2355

4276.4760,6.2354

4277.4750,6.2354

4278.4750,6.2351

4279.4750,6.2351

4280.4750,6.2347

4281.4750,6.2346

4282.4750,6.2343

4283.4750,6.2343

4284.4750,6.2340

4285.4750,6.2338

4286.4750,6.2339

4287.4750,6.2338

4288.4750,6.2339

4289.4750,6.2337

4290.4750,6.2335

4291.4760,6.2323

4292.4750,6.2325

4293.4750,6.2327

4294.4750,6.2327

4295.4750,6.2328

4296.4750,6.2327

4297.4750,6.2328

4298.4760,6.2327

4299.4750,6.2328

4300.4750,6.2329

4301.4750,6.2328

4302.4760,6.2327

4303.4750,6.2328

4304.4750,6.2328

4305.4760,6.2327

4306.4750,6.2327

4307.4750,6.2328

4308.4760,6.2328

4309.4750,6.2328

4310.4750,6.2327

4311.4750,6.2329

4312.4750,6.2329

4313.4760,6.2328

4314.4750,6.2329

4315.4760,6.2327

4316.4750,6.2330

4317.4750,6.2327

4318.4750,6.2327

4319.4760,6.2328

4320.4750,6.2329

4321.4750,6.2328

4322.4750,6.2328

4323.4750,6.2329

4324.4750,6.2328

4325.4750,6.2329

4326.4760,6.2328

4327.4760,6.2330

4328.4750,6.2329

4329.4760,6.2329

4330.4760,6.2330

4331.4750,6.2330

4332.4750,6.2329

4333.4750,6.2331

4334.4750,6.2331

4335.4770,6.2330

4336.4750,6.2330

4337.4760,6.2332

4338.4750,6.2332

4339.4750,6.2330

4340.4750,6.2331

4341.4750,6.2332

4342.4750,6.2332

4343.4750,6.2333

4344.4760,6.2331

4345.4750,6.2335

4346.4760,6.2334

4347.4750,6.2334

4348.4750,6.2333

4349.4760,6.2335

4350.4750,6.2334

4351.4750,6.2334

4352.4760,6.2335

4353.4750,6.2331

4354.4750,6.2333

4355.4750,6.2334

4356.4750,6.2335

4357.4750,6.2333

4358.4750,6.2336

4359.4760,6.2336

4360.4750,6.2336

4361.4750,6.2337

4362.4760,6.2337

4363.4760,6.2337

4364.4750,6.2339

4365.4750,6.2338

4366.4750,6.2337

4367.4750,6.2339

4368.4750,6.2338

4369.4750,6.2339

4370.4750,6.2339

4371.4750,6.2341

4372.4750,6.2339

4373.4750,6.2341

4374.4750,6.2342

4375.4750,6.2344

4376.4760,6.2345

4377.4750,6.2345

4378.4760,6.2344

4379.4750,6.2344

4380.4760,6.2346

4381.4750,6.2345

4382.4750,6.2347

4383.4750,6.2348

4384.4760,6.2342

4385.4750,6.2344

4386.4750,6.2347

4387.4750,6.2346

4388.4750,6.2349

4389.4760,6.2351

4390.4750,6.2351

4391.4750,6.2353

4392.4750,6.2353

4393.4760,6.2354

4394.4750,6.2353

4395.4750,6.2355

4396.4750,6.2355

4397.4760,6.2355

4398.4760,6.2354

4399.4760,6.2357

4400.4760,6.2356

4401.4760,6.2356

4402.4750,6.2358

4403.4750,6.2359

4404.4750,6.2360

4405.4750,6.2359

4406.4760,6.2360

4407.4750,6.2361

4408.4750,6.2360

4409.4750,6.2361

4410.4750,6.2362

4411.4750,6.2362

4412.4750,6.2365

4413.4750,6.2366

4414.4750,6.2364

4415.4750,6.2366

4416.4750,6.2367

4417.4750,6.2368

4418.4750,6.2367

4419.4750,6.2369

4420.4760,6.2368

4421.4760,6.2369

4422.4760,6.2370

4423.4750,6.2371

4424.4750,6.2354

4425.4750,6.2346

4426.4750,6.2349

4427.4750,6.2356

4428.4750,6.2358

4429.4760,6.2360

4430.4750,6.2359

4431.4760,6.2361

4432.4750,6.2364

4433.4760,6.2366

4434.4760,6.2368

4435.4760,6.2370

4436.4750,6.2373

4437.4750,6.2374

4438.4750,6.2375

4439.4750,6.2377

4440.4750,6.2376

4441.4760,6.2379

4442.4760,6.2379

4443.4760,6.2380

4444.4750,6.2377

4445.4750,6.2384

4446.4760,6.2384

4447.4750,6.2386

4448.4750,6.2385

4449.4750,6.2386

4450.4750,6.2389

4451.4750,6.2389

4452.4750,6.2388

4453.4750,6.2390

4454.4750,6.2391

4455.4750,6.2392

4456.4750,6.2394

4457.4750,6.2393

4458.4760,6.2395

4459.4750,6.2395

4460.4750,6.2396

4461.4750,6.2398

4462.4750,6.2399

4463.4750,6.2401

4464.4750,6.2402

4465.4750,6.2402

4466.4750,6.2404

4467.4750,6.2402

4468.4760,6.2404

4469.4760,6.2405

4470.4750,6.2405

4471.4760,6.2407

4472.4750,6.2409

4473.4750,6.2409

4474.4750,6.2408

4475.4750,6.2411

4476.4750,6.2411

4477.4750,6.2413

4478.4750,6.2411

4479.4750,6.2412

4480.4750,6.2414

4481.4750,6.2412

4482.4750,6.2414

4483.4750,6.2414

4484.4750,6.2414

4485.4750,6.2414

4486.4750,6.2415

4487.4750,6.2416

4488.4750,6.2416

4489.4750,6.2416

4490.4750,6.2412

4491.4750,6.2412

4492.4760,6.2409

4493.4750,6.2412

4494.4750,6.2413

4495.4750,6.2412

4496.4750,6.2406

4497.4750,6.2402

4498.4750,6.2398

4499.4750,6.2395

4500.4760,6.2390

4501.4760,6.2391

4502.4750,6.2384

4503.4750,6.2385

4504.4760,6.2385

4505.4750,6.2384

4506.4750,6.2383

4507.4750,6.2380

4508.4760,6.2371

4509.4750,6.2359

4510.4750,6.2365

4511.4750,6.2371

4512.4760,6.2374

4513.4760,6.2375

4514.4750,6.2377

4515.4750,6.2376

4516.4760,6.2372

4517.4750,6.2372

4518.4750,6.2371

4519.4750,6.2369

4520.4750,6.2361

4521.4750,6.2358

4522.4760,6.2358

4523.4750,6.2355

4524.4750,6.2358

4525.4750,6.2358

4526.4750,6.2358

4527.4750,6.2358

4528.4750,6.2359

4529.4750,6.2357

4530.4750,6.2357

4531.4760,6.2357

4532.4750,6.2357

4533.4750,6.2357

4534.4750,6.2358

4535.4760,6.2358

4536.4750,6.2357

4537.4760,6.2358

4538.4760,6.2357

4539.4750,6.2357

4540.4750,6.2358

4541.4750,6.2359

4542.4750,6.2359

4543.4760,6.2360

4544.4750,6.2360

4545.4750,6.2361

4546.4760,6.2361

4547.4750,6.2362

4548.4750,6.2362

4549.4750,6.2358

4550.4750,6.2361

4551.4760,6.2364

4552.4750,6.2365

4553.4750,6.2367

4554.4750,6.2367

4555.4750,6.2368

4556.4750,6.2368

4557.4760,6.2368

4558.4750,6.2368

4559.4750,6.2372

4560.4760,6.2370

4561.4750,6.2371

4562.4750,6.2372

4563.4750,6.2371

4564.4750,6.2372

4565.4750,6.2373

4566.4750,6.2374

4567.4750,6.2374

4568.4750,6.2376

4569.4750,6.2376

4570.4760,6.2377

4571.4750,6.2378

4572.4750,6.2379

4573.4750,6.2375

4574.4760,6.2379

4575.4750,6.2380

4576.4750,6.2381

4577.4750,6.2383

4578.4750,6.2383

4579.4750,6.2384

4580.4750,6.2385

4581.4750,6.2387

4582.4750,6.2384

4583.4750,6.2386

4584.4750,6.2387

4585.4750,6.2386

4586.4750,6.2388

4587.4760,6.2388

4588.4750,6.2389

4589.4750,6.2389

4590.4760,6.2388

4591.4750,6.2387

4592.4750,6.2384

4593.4760,6.2386

4594.4750,6.2388

4595.4750,6.2389

4596.4750,6.2386

4597.4750,6.2389

4598.4750,6.2388

4599.4760,6.2388

4600.4750,6.2387

4601.4750,6.2388

4602.4750,6.2389

4603.4750,6.2389

4604.4750,6.2389

4605.4750,6.2389

4606.4750,6.2388

4607.4750,6.2388

4608.4750,6.2388

4609.4750,6.2388

4610.4750,6.2388

4611.4750,6.2388

4612.4760,6.2389

4613.4750,6.2389

4614.4750,6.2391

4615.4760,6.2390

4616.4750,6.2390

4617.4760,6.2391

4618.4760,6.2389

4619.4750,6.2392

4620.4750,6.2393

4621.4750,6.2392

4622.4750,6.2395

4623.4750,6.2394

4624.4760,6.2395

4625.4750,6.2395

4626.4750,6.2396

4627.4760,6.2395

4628.4750,6.2395

4629.4750,6.2397

4630.4750,6.2398

4631.4750,6.2399

4632.4750,6.2398

4633.4750,6.2397

4634.4750,6.2400

4635.4750,6.2400

4636.4750,6.2400

4637.4750,6.2399

4638.4760,6.2399

4639.4750,6.2400

4640.4750,6.2400

4641.4750,6.2399

4642.4750,6.2397

4643.4760,6.2398

4644.4750,6.2398

4645.4750,6.2399

4646.4750,6.2398

4647.4750,6.2396

4648.4760,6.2397

4649.4750,6.2391

4650.4750,6.2388

4651.4750,6.2389

4652.4750,6.2390

4653.4750,6.2388

4654.4750,6.2389

4655.4760,6.2387

4656.4760,6.2387

4657.4750,6.2389

4658.4760,6.2388

4659.4750,6.2386

4660.4750,6.2390

4661.4760,6.2388

4662.4750,6.2390

4663.4760,6.2389

4664.4750,6.2390

4665.4760,6.2390

4666.4750,6.2387

4667.4750,6.2394

4668.4750,6.2392

4669.4750,6.2394

4670.4750,6.2396

4671.4770,6.2395

4672.4760,6.2396

4673.4750,6.2395

4674.4750,6.2398

4675.4750,6.2399

4676.4760,6.2399

4677.4750,6.2402

4678.4750,6.2404

4679.4760,6.2405

4680.4750,6.2406

4681.4760,6.2408

4682.4750,6.2410

4683.4750,6.2409

4684.4750,6.2411

4685.4760,6.2412

4686.4760,6.2412

4687.4750,6.2414

4688.4750,6.2415

4689.4760,6.2415

4690.4760,6.2417

4691.4750,6.2416

4692.4750,6.2416

4693.4750,6.2418

4694.4750,6.2420

4695.4750,6.2421

4696.4750,6.2422

4697.4760,6.2423

4698.4750,6.2424

4699.4750,6.2424

4700.4760,6.2425

4701.4750,6.2424

4702.4750,6.2425

4703.4750,6.2424

4704.4750,6.2426

4705.4760,6.2427

4706.4750,6.2427

4707.4750,6.2427

4708.4750,6.2427

4709.4750,6.2428

4710.4750,6.2428

4711.4750,6.2431

4712.4760,6.2430

4713.4760,6.2432

4714.4750,6.2432

4715.4750,6.2430

4716.4760,6.2430

4717.4750,6.2432

4718.4760,6.2434

4719.4750,6.2435

4720.4750,6.2437

4721.4750,6.2436

4722.4760,6.2437

4723.4750,6.2438

4724.4750,6.2437

4725.4750,6.2436

4726.4750,6.2437

4727.4750,6.2435

4728.4750,6.2436

4729.4750,6.2435

4730.4760,6.2434

4731.4760,6.2436

4732.4750,6.2436

4733.4760,6.2437

4734.4750,6.2433

4735.4750,6.2436

4736.4750,6.2437

4737.4750,6.2434

4738.4750,6.2436

4739.4750,6.2439

4740.4760,6.2441

4741.4750,6.2442

4742.4760,6.2443

4743.4760,6.2444

4744.4760,6.2445

4745.4750,6.2445

4746.4750,6.2445

4747.4750,6.2446

4748.4750,6.2442

4749.4750,6.2444

4750.4750,6.2445

4751.4750,6.2447

4752.4750,6.2445

4753.4750,6.2448

4754.4750,6.2448

4755.4750,6.2449

4756.4750,6.2448

4757.4750,6.2449

4758.4750,6.2452

4759.4760,6.2451

4760.4760,6.2453

4761.4760,6.2453

4762.4750,6.2453

4763.4750,6.2449

4764.4760,6.2450

4765.4750,6.2452

4766.4760,6.2458

4767.4750,6.2457

4768.4760,6.2459

4769.4750,6.2458

4770.4750,6.2458

4771.4750,6.2459

4772.4760,6.2458

4773.4750,6.2459

4774.4750,6.2461

4775.4760,6.2461

4776.4750,6.2459

4777.4750,6.2458

4778.4760,6.2457

4779.4750,6.2459

4780.4760,6.2461

4781.4750,6.2464

4782.4750,6.2464

4783.4750,6.2466

4784.4760,6.2467

4785.4750,6.2468

4786.4760,6.2467

4787.4750,6.2468

4788.4750,6.2470

4789.4750,6.2471

4790.4750,6.2470

4791.4760,6.2471

4792.4760,6.2471

4793.4750,6.2469

4794.4760,6.2469

4795.4750,6.2465

4796.4750,6.2466

4797.4760,6.2469

4798.4750,6.2471

4799.4750,6.2469

4800.4750,6.2470

4801.4750,6.2471

4802.4750,6.2470

4803.4750,6.2468

4804.4750,6.2470

4805.4760,6.2467

4806.4760,6.2468

4807.4750,6.2467

4808.4760,6.2465

4809.4750,6.2469

4810.4750,6.2468

4811.4760,6.2467

4812.4760,6.2465

4813.4750,6.2462

4814.4750,6.2464

4815.4760,6.2463

4816.4750,6.2462

4817.4760,6.2461

4818.4760,6.2460

4819.4760,6.2460

4820.4750,6.2454

4821.4750,6.2455

4822.4750,6.2454

4823.4750,6.2455

4824.4750,6.2454

4825.4750,6.2455

4826.4750,6.2454

4827.4750,6.2453

4828.4750,6.2451

4829.4750,6.2450

4830.4750,6.2453

4831.4750,6.2453

4832.4760,6.2452

4833.4750,6.2451

4834.4750,6.2451

4835.4750,6.2453

4836.4750,6.2452

4837.4750,6.2453

4838.4750,6.2451

4839.4750,6.2453

4840.4750,6.2453

4841.4750,6.2453

4842.4750,6.2453

4843.4750,6.2452

4844.4760,6.2453

4845.4750,6.2454

4846.4760,6.2454

4847.4750,6.2456

4848.4750,6.2454

4849.4760,6.2455

4850.4760,6.2456

4851.4760,6.2455

4852.4750,6.2456

4853.4750,6.2454

4854.4750,6.2454

4855.4750,6.2453

4856.4750,6.2454

4857.4750,6.2454

4858.4760,6.2456

4859.4750,6.2456

4860.4750,6.2456

4861.4750,6.2459

4862.4750,6.2460

4863.4750,6.2460

4864.4750,6.2459

4865.4750,6.2459

4866.4750,6.2459

4867.4750,6.2460

4868.4750,6.2462

4869.4750,6.2461

4870.4750,6.2463

4871.4750,6.2465

4872.4750,6.2466

4873.4750,6.2466

4874.4750,6.2469

4875.4750,6.2468

4876.4760,6.2468

4877.4750,6.2468

4878.4750,6.2472

4879.4750,6.2472

4880.4750,6.2472

4881.4760,6.2470

4882.4750,6.2470

4883.4760,6.2472

4884.4750,6.2471

4885.4750,6.2475

4886.4760,6.2475

4887.4750,6.2475

4888.4750,6.2477

4889.4760,6.2478

4890.4760,6.2480

4891.4750,6.2481

4892.4760,6.2481

4893.4750,6.2484

4894.4750,6.2482

4895.4760,6.2483

4896.4750,6.2487

4897.4750,6.2298

4898.4760,6.2205

4899.4750,6.2199

4900.4750,6.2182

4901.4750,6.2189

4902.4760,6.2197

4903.4750,6.2209

4904.4760,6.2213

4905.4760,6.2218

4906.4750,6.2228

4907.4760,6.2247

4908.4750,6.2252

4909.4750,6.2259

4910.4750,6.2263

4911.4760,6.2265

4912.4760,6.2269

4913.4750,6.2273

4914.4750,6.2274

4915.4750,6.2278

4916.4750,6.2280

4917.4750,6.2283

4918.4750,6.2286

4919.4750,6.2288

4920.4750,6.2291

4921.4750,6.2292

4922.4760,6.2294

4923.4750,6.2297

4924.4750,6.2298

4925.4750,6.2301

4926.4750,6.2303

4927.4750,6.2304

4928.4750,6.2307

4929.4750,6.2310

4930.4750,6.2312

4931.4750,6.2309

4932.4750,6.2316

4933.4760,6.2320

4934.4750,6.2324

4935.4750,6.2327

4936.4750,6.2331

4937.4750,6.2334

4938.4750,6.2336

4939.4760,6.2341

4940.4750,6.2344

4941.4750,6.2349

4942.4750,6.2350

4943.4750,6.2351

4944.4750,6.2349

4945.4750,6.2358

4946.4750,6.2358

4947.4750,6.2360

4948.4750,6.2362

4949.4760,6.2362

4950.4750,6.2363

4951.4750,6.2368

4952.4760,6.2365

4953.4750,6.2364

4954.4750,6.2364

4955.4770,6.2367

4956.4750,6.2368

4957.4750,6.2370

4958.4750,6.2371

4959.4750,6.2373

4960.4750,6.2375

4961.4760,6.2376

4962.4750,6.2377

4963.4750,6.2378

4964.4750,6.2379

4965.4760,6.2379

4966.4750,6.2380

4967.4750,6.2382

4968.4750,6.2383

4969.4750,6.2384

4970.4750,6.2384

4971.4750,6.2385

4972.4750,6.2384

4973.4750,6.2386

4974.4750,6.2385

4975.4750,6.2388

4976.4750,6.2387

4977.4750,6.2390

4978.4750,6.2389

4979.4750,6.2391

4980.4750,6.2391

4981.4750,6.2392

4982.4750,6.2393

4983.4750,6.2393

4984.4760,6.2395

4985.4750,6.2396

4986.4760,6.2397

4987.4760,6.2395

4988.4750,6.2395

4989.4750,6.2393

4990.4760,6.2400

4991.4760,6.2403

4992.4760,6.2401

4993.4750,6.2401

4994.4750,6.2407

4995.4750,6.2408

4996.4750,6.2406

4997.4750,6.2408

4998.4760,6.2408

4999.4750,6.2409

5000.4750,6.2410

5001.4750,6.2411

5002.4750,6.2408

5003.4750,6.2409

5004.4750,6.2411

5005.4750,6.2411

5006.4750,6.2410

5007.4750,6.2412

5008.4750,6.2413

5009.4760,6.2413

5010.4760,6.2414

5011.4750,6.2413

5012.4750,6.2415

5013.4750,6.2413

5014.4750,6.2414

5015.4750,6.2411

5016.4760,6.2415

5017.4750,6.2414

5018.4750,6.2416

5019.4760,6.2419

5020.4760,6.2417

5021.4750,6.2420

5022.4750,6.2421

5023.4750,6.2416

5024.4750,6.2407

5025.4750,6.2413

5026.4760,6.2417

5027.4750,6.2416

5028.4750,6.2413

5029.4750,6.2419

5030.4750,6.2422

5031.4750,6.2422

5032.4750,6.2421

5033.4750,6.2421

5034.4750,6.2423

5035.4760,6.2426

5036.4750,6.2428

5037.4760,6.2430

5038.4750,6.2429

5039.4760,6.2429

5040.4750,6.2425

5041.4750,6.2400

5042.4750,6.2407

5043.4760,6.2415

5044.4760,6.2421

5045.4750,6.2421

5046.4750,6.2421

5047.4750,6.2421

5048.4750,6.2420

5049.4750,6.2420

5050.4750,6.2419

5051.4760,6.2419

5052.4760,6.2418

5053.4750,6.2418

5054.4750,6.2419

5055.4750,6.2420

5056.4750,6.2419

5057.4750,6.2419

5058.4760,6.2420

5059.4750,6.2421

5060.4750,6.2421

5061.4750,6.2422

5062.4750,6.2424

5063.4750,6.2423

5064.4750,6.2424

5065.4760,6.2425

5066.4760,6.2426

5067.4750,6.2424

5068.4750,6.2426

5069.4750,6.2425

5070.4750,6.2426

5071.4750,6.2427

5072.4750,6.2428

5073.4750,6.2428

5074.4750,6.2428

5075.4750,6.2430

5076.4750,6.2429

5077.4750,6.2430

5078.4750,6.2435

5079.4750,6.2431

5080.4760,6.2432

5081.4760,6.2433

5082.4750,6.2434

5083.4750,6.2435

5084.4760,6.2436

5085.4750,6.2437

5086.4750,6.2436

5087.4750,6.2438

5088.4750,6.2439

5089.4750,6.2440

5090.4750,6.2442

5091.4750,6.2443

5092.4750,6.2437

5093.4750,6.2440

5094.4750,6.2440

5095.4750,6.2441

5096.4750,6.2445

5097.4750,6.2445

5098.4750,6.2447

5099.4760,6.2450

5100.4760,6.2452

5101.4750,6.2452

5102.4750,6.2457

5103.4750,6.2460

5104.4760,6.2461

5105.4750,6.2464

5106.4750,6.2473

5107.4760,6.2477

5108.4750,6.2483

5109.4750,6.2486

5110.4750,6.2494

5111.4760,6.2496

5112.4760,6.2498

5113.4750,6.2489

5114.4760,6.2492

5115.4750,6.2490

5116.4760,6.2488

5117.4750,6.2492

5118.4750,6.2491

5119.4750,6.2491

5120.4750,6.2491

5121.4760,6.2492

5122.4750,6.2488

5123.4750,6.2489

5124.4750,6.2489

5125.4750,6.2491

5126.4750,6.2490

5127.4750,6.2491

5128.4750,6.2492

5129.4760,6.2491

5130.4750,6.2493

5131.4760,6.2493

5132.4750,6.2493

5133.4750,6.2492

5134.4750,6.2493

5135.4750,6.2493

5136.4750,6.2494

5137.4760,6.2492

5138.4750,6.2495

5139.4760,6.2494

5140.4760,6.2494

5141.4750,6.2496

5142.4750,6.2496

5143.4750,6.2497

5144.4750,6.2498

5145.4750,6.2498

5146.4750,6.2498

5147.4750,6.2497

5148.4750,6.2495

5149.4760,6.2495

5150.4750,6.2498

5151.4760,6.2498

5152.4760,6.2499

5153.4750,6.2499

5154.4750,6.2502

5155.4750,6.2504

5156.4750,6.2503

5157.4750,6.2504

5158.4750,6.2504

5159.4750,6.2506

5160.4750,6.2506

5161.4750,6.2507

5162.4760,6.2506

5163.4750,6.2397

5164.4750,6.2278

5165.4750,6.2321

5166.4750,6.2317

5167.4750,6.2315

5168.4750,6.2318

5169.4750,6.2321

5170.4750,6.2327

5171.4750,6.2333

5172.4760,6.2339

5173.4750,6.2344

5174.4750,6.2355

5175.4750,6.2350

5176.4750,6.2358

5177.4760,6.2362

5178.4750,6.2366

5179.4750,6.2370

5180.4750,6.2374

5181.4760,6.2374

5182.4750,6.2374

5183.4750,6.2377

5184.4750,6.2382

5185.4750,6.2381

5186.4750,6.2385

5187.4750,6.2385

5188.4750,6.2390

5189.4750,6.2393

5190.4750,6.2393

5191.4750,6.2396

5192.4750,6.2397

5193.4750,6.2397

5194.4750,6.2401

5195.4750,6.2402

5196.4750,6.2403

5197.4750,6.2404

5198.4750,6.2408

5199.4760,6.2405

5200.4760,6.2409

5201.4760,6.2412

5202.4750,6.2411

5203.4750,6.2415

5204.4750,6.2419

5205.4760,6.2418

5206.4750,6.2421

5207.4750,6.2424

5208.4760,6.2428

5209.4750,6.2427

5210.4750,6.2426

5211.4760,6.2431

5212.4750,6.2433

5213.4750,6.2435

5214.4750,6.2439

5215.4750,6.2438

5216.4750,6.2410

5217.4760,6.2396

5218.4750,6.2401

5219.4760,6.2413

5220.4750,6.2427

5221.4760,6.2431

5222.4760,6.2440

5223.4750,6.2441

5224.4750,6.2450

5225.4750,6.2443

5226.4750,6.2444

5227.4750,6.2451

5228.4760,6.2457

5229.4750,6.2458

5230.4760,6.2459

5231.4750,6.2459

5232.4760,6.2461

5233.4750,6.2459

5234.4750,6.2447

5235.4750,6.2455

5236.4750,6.2458

5237.4750,6.2461

5238.4750,6.2452

5239.4750,6.2458

5240.4760,6.2466

5241.4760,6.2473

5242.4750,6.2475

5243.4760,6.2478

5244.4750,6.2481

5245.4750,6.2481

5246.4750,6.2480

5247.4750,6.2477

5248.4750,6.2483

5249.4750,6.2483

5250.4750,6.2485

5251.4760,6.2486

5252.4750,6.2488

5253.4750,6.2488

5254.4750,6.2486

5255.4760,6.2486

5256.4750,6.2487

5257.4760,6.2487

5258.4750,6.2481

5259.4750,6.2488

5260.4750,6.2491

5261.4760,6.2491

5262.4750,6.2493

5263.4750,6.2494

5264.4750,6.2495

5265.4750,6.2497

5266.4750,6.2496

5267.4750,6.2499

5268.4750,6.2496

5269.4750,6.2484

5270.4750,6.2485

5271.4750,6.2482

5272.4750,6.2481

5273.4760,6.2479

5274.4750,6.2479

5275.4760,6.2479

5276.4760,6.2477

5277.4760,6.2474

5278.4750,6.2477

5279.4750,6.2477

5280.4750,6.2478

5281.4750,6.2477

5282.4750,6.2476

5283.4750,6.2478

5284.4750,6.2475

5285.4770,6.2475

5286.4750,6.2479

5287.4760,6.2479

5288.4750,6.2482

5289.4750,6.2480

5290.4760,6.2482

5291.4750,6.2483

5292.4760,6.2482

5293.4750,6.2481

5294.4750,6.2483

5295.4750,6.2483

5296.4750,6.2480

5297.4750,6.2481

5298.4750,6.2484

5299.4750,6.2485

5300.4750,6.2486

5301.4750,6.2486

5302.4760,6.2487

5303.4750,6.2486

5304.4750,6.2488

5305.4750,6.2489

5306.4750,6.2491

5307.4750,6.2490

5308.4750,6.2490

5309.4750,6.2491

5310.4760,6.2493

5311.4750,6.2492

5312.4760,6.2492

5313.4760,6.2494

5314.4760,6.2495

5315.4750,6.2495

5316.4750,6.2495

5317.4750,6.2498

5318.4750,6.2499

5319.4750,6.2500

5320.4750,6.2500

5321.4760,6.2501

5322.4760,6.2501

5323.4750,6.2500

5324.4750,6.2503

5325.4750,6.2504

5326.4760,6.2505

5327.4750,6.2501

5328.4750,6.2504

5329.4760,6.2506

5330.4760,6.2507

5331.4750,6.2506

5332.4750,6.2508

5333.4750,6.2510

5334.4750,6.2513

5335.4760,6.2515

5336.4750,6.2517

5337.4760,6.2518

5338.4760,6.2520

5339.4750,6.2520

5340.4750,6.2522

5341.4750,6.2523

5342.4760,6.2521

5343.4750,6.2524

5344.4760,6.2523

5345.4750,6.2522

5346.4760,6.2524

5347.4750,6.2527

5348.4750,6.2527

5349.4750,6.2527

5350.4750,6.2530

5351.4750,6.2531

5352.4750,6.2532

5353.4750,6.2532

5354.4750,6.2531

5355.4750,6.2535

5356.4760,6.2539

5357.4750,6.2543

5358.4750,6.2545

5359.4750,6.2548

5360.4750,6.2551

5361.4750,6.2553

5362.4750,6.2555

5363.4750,6.2553

5364.4750,6.2556

5365.4750,6.2561

5366.4750,6.2564

5367.4750,6.2565

5368.4750,6.2567

5369.4760,6.2566

5370.4750,6.2568

5371.4750,6.2569

5372.4750,6.2567

5373.4760,6.2567

5374.4750,6.2570

5375.4750,6.2569

5376.4760,6.2569

5377.4750,6.2570

5378.4750,6.2568

5379.4750,6.2569

5380.4750,6.2570

5381.4750,6.2571

5382.4750,6.2570

5383.4750,6.2571

5384.4750,6.2571

5385.4750,6.2570

5386.4750,6.2568

5387.4750,6.2566

5388.4760,6.2567

5389.4750,6.2569

5390.4750,6.2570

5391.4760,6.2569

5392.4760,6.2565

5393.4750,6.2562

5394.4750,6.2562

5395.4760,6.2552

5396.4760,6.2523

5397.4750,6.2533

5398.4750,6.2553

5399.4750,6.2551

5400.4750,6.2555

5401.4750,6.2555

5402.4750,6.2554

5403.4750,6.2552

5404.4750,6.2550

5405.4750,6.2550

5406.4760,6.2551

5407.4750,6.2550

5408.4750,6.2548

5409.4760,6.2549

5410.4750,6.2549

5411.4750,6.2549

5412.4750,6.2549

5413.4760,6.2544

5414.4750,6.2546

5415.4760,6.2547

5416.4760,6.2547

5417.4750,6.2547

5418.4750,6.2547

5419.4760,6.2548

5420.4750,6.2549

5421.4750,6.2546

5422.4750,6.2543

5423.4750,6.2542

5424.4750,6.2544

5425.4750,6.2544

5426.4750,6.2543

5427.4760,6.2548

5428.4760,6.2549

5429.4750,6.2550

5430.4760,6.2548

5431.4750,6.2551

5432.4760,6.2554

5433.4750,6.2555

5434.4750,6.2555

5435.4760,6.2557

5436.4750,6.2559

5437.4750,6.2559

5438.4760,6.2560

5439.4750,6.2562

5440.4760,6.2563

5441.4750,6.2564

5442.4760,6.2565

5443.4760,6.2565

5444.4750,6.2567

5445.4750,6.2567

5446.4750,6.2567

5447.4760,6.2568

5448.4760,6.2568

5449.4750,6.2568

5450.4750,6.2568

5451.4750,6.2563

5452.4750,6.2564

5453.4750,6.2564

5454.4750,6.2565

5455.4750,6.2567

5456.4750,6.2568

5457.4750,6.2571

5458.4750,6.2571

5459.4760,6.2574

5460.4750,6.2575

5461.4750,6.2575

5462.4750,6.2576

5463.4750,6.2576

5464.4760,6.2577

5465.4750,6.2576

5466.4760,6.2578

5467.4750,6.2579

5468.4760,6.2582

5469.4760,6.2582

5470.4760,6.2585

5471.4750,6.2585

5472.4750,6.2587

5473.4750,6.2588

5474.4750,6.2588

5475.4760,6.2587

5476.4750,6.2587

5477.4750,6.2588

5478.4750,6.2589

5479.4750,6.2590

5480.4750,6.2591

5481.4760,6.2586

5482.4760,6.2595

5483.4750,6.2595

5484.4760,6.2595

5485.4750,6.2596

5486.4750,6.2595

5487.4750,6.2595

5488.4750,6.2590

5489.4750,6.2594

5490.4750,6.2599

5491.4750,6.2601

5492.4750,6.2604

5493.4750,6.2603

5494.4760,6.2608

5495.4760,6.2604

5496.4760,6.2606

5497.4750,6.2609

5498.4750,6.2611

5499.4750,6.2613

5500.4750,6.2613

5501.4750,6.2615

5502.4750,6.2616

5503.4760,6.2619

5504.4750,6.2618

5505.4750,6.2622

5506.4760,6.2622

5507.4750,6.2624

5508.4750,6.2625

5509.4750,6.2625

5510.4750,6.2625

5511.4750,6.2626

5512.4750,6.2629

5513.4750,6.2630

5514.4750,6.2632

5515.4750,6.2632

5516.4750,6.2630

5517.4750,6.2629

5518.4760,6.2634

5519.4750,6.2638

5520.4760,6.2638

5521.4750,6.2638

5522.4760,6.2641

5523.4760,6.2643

5524.4750,6.2645

5525.4760,6.2645

5526.4760,6.2644

5527.4750,6.2646

5528.4750,6.2645

5529.4750,6.2643

5530.4750,6.2654

5531.4760,6.2653

5532.4750,6.2628

5533.4750,6.2583

5534.4750,6.2559

5535.4750,6.2540

5536.4760,6.2531

5537.4750,6.2546

5538.4750,6.2541

5539.4750,6.2524

5540.4770,6.2505

5541.4750,6.2508

5542.4750,6.2490

5543.4750,6.2474

5544.4750,6.2472

5545.4760,6.2450

5546.4750,6.2455

5547.4750,6.2447

5548.4750,6.2440

5549.4750,6.2444

5550.4750,6.2444

5551.4750,6.2445

5552.4760,6.2446

5553.4750,6.2450

5554.4760,6.2450

5555.4750,6.2450

5556.4750,6.2457

5557.4750,6.2459

5558.4750,6.2457

5559.4760,6.2452

5560.4750,6.2450

5561.4750,6.2450

5562.4750,6.2446

5563.4750,6.2443

5564.4770,6.2444

5565.4750,6.2448

5566.4750,6.2449

5567.4750,6.2447

5568.4750,6.2459

5569.4760,6.2466

5570.4750,6.2472

5571.4750,6.2470

5572.4750,6.2477

5573.4760,6.2483

5574.4750,6.2486

5575.4750,6.2488

5576.4750,6.2491

5577.4750,6.2494

5578.4750,6.2495

5579.4760,6.2498

5580.4750,6.2501

5581.4760,6.2486

5582.4750,6.2505

5583.4750,6.2510

5584.4750,6.2513

5585.4760,6.2511

5586.4750,6.2484

5587.4750,6.2482

5588.4750,6.2482

5589.4750,6.2473

5590.4750,6.2474

5591.4750,6.2470

5592.4750,6.2467

5593.4760,6.2465

5594.4750,6.2464

5595.4750,6.2457

5596.4760,6.2448

5597.4750,6.2430

5598.4750,6.2430

5599.4750,6.2428

5600.4760,6.2422

5601.4750,6.2422

5602.4750,6.2423

5603.4760,6.2425

5604.4760,6.2425

5605.4750,6.2426

5606.4760,6.2426

5607.4750,6.2430

5608.4760,6.2431

5609.4750,6.2432

5610.4750,6.2435

5611.4750,6.2434

5612.4750,6.2437

5613.4760,6.2437

5614.4750,6.2437

5615.4760,6.2437

5616.4750,6.2436

5617.4750,6.2430

5618.4750,6.2427

5619.4760,6.2429

5620.4750,6.2433

5621.4750,6.2436

5622.4750,6.2438

5623.4760,6.2439

5624.4750,6.2438

5625.4750,6.2430

5626.4750,6.2425

5627.4760,6.2443

5628.4760,6.2451

5629.4760,6.2450

5630.4750,6.2439

5631.4750,6.2474

5632.4760,6.2475

5633.4750,6.2476

5634.4750,6.2476

5635.4760,6.2474

5636.4750,6.2432

5637.4750,6.2289

5638.4750,6.2332

5639.4750,6.2361

5640.4760,6.2390

5641.4750,6.2421

5642.4760,6.2441

5643.4750,6.2454

5644.4750,6.2461

5645.4750,6.2481

5646.4750,6.2485

5647.4750,6.2497

5648.4760,6.2510

5649.4760,6.2565

5650.4750,6.2564

5651.4760,6.2562

5652.4750,6.2547

5653.4750,6.2512

5654.4750,6.2493

5655.4760,6.2490

5656.4750,6.2489

5657.4750,6.2486

5658.4760,6.2494

5659.4750,6.2504

5660.4750,6.2507

5661.4750,6.2518

5662.4750,6.2523

5663.4750,6.2530

5664.4760,6.2538

5665.4750,6.2546

5666.4750,6.2559

5667.4750,6.2574

5668.4750,6.2580

5669.4750,6.2584

5670.4760,6.2593

5671.4760,6.2600

5672.4750,6.2607

5673.4750,6.2613

5674.4750,6.2617

5675.4750,6.2628

5676.4750,6.2647

5677.4750,6.2644

5678.4750,6.2657

5679.4750,6.2685

5680.4750,6.2677

5681.4750,6.2694

5682.4750,6.2709

5683.4750,6.2709

5684.4750,6.2700

5685.4750,6.2708

5686.4760,6.2703

5687.4760,6.2708

5688.4760,6.2720

5689.4760,6.2730

5690.4750,6.2732

5691.4750,6.2742

5692.4750,6.2759

5693.4760,6.2773

5694.4750,6.2579

5695.4760,6.2435

5696.4760,6.2476

5697.4750,6.2538

5698.4760,6.2737

5699.4760,6.2695

5700.4760,6.2702

5701.4760,6.2768

5702.4750,6.2795

5703.4750,6.2792

5704.4750,6.2803

5705.4760,6.2807

5706.4760,6.2806

5707.4760,6.2808

5708.4750,6.2812

5709.4750,6.2809

5710.4760,6.2821

5711.4760,6.2819

5712.4760,6.2823

5713.4750,6.2829

5714.4750,6.2838

5715.4750,6.2842

5716.4750,6.2855

5717.4750,6.2862

5718.4750,6.2866

5719.4750,6.2874

5720.4760,6.2884

5721.4750,6.2890

5722.4760,6.2904

5723.4750,6.2911

5724.4750,6.2917

5725.4750,6.2931

5726.4750,6.2931

5727.4760,6.2913

5728.4750,6.2911

5729.4760,6.2910

5730.4750,6.2868

5731.4750,6.2815

5732.4750,6.2476

5733.4750,6.2408

5734.4760,6.2413

5735.4760,6.2417

5736.4750,6.2430

5737.4760,6.2437

5738.4750,6.2451

5739.4760,6.2464

5740.4750,6.2474

5741.4750,6.2495

5742.4750,6.2517

5743.4750,6.2551

5744.4760,6.2581

5745.4760,6.2621

5746.4750,6.2656

5747.4760,6.2719

5748.4750,6.2795

5749.4760,6.2807

5750.4750,6.2472

5751.4760,6.2518

5752.4750,6.2574

5753.4750,6.2594

5754.4750,6.2511

5755.4750,6.2512

5756.4750,6.2532

5757.4750,6.2555

5758.4750,6.2602

5759.4760,6.2680

5760.4750,6.2770

5761.4750,6.2690

5762.4750,6.2550

5763.4750,6.2576

5764.4750,6.2611

5765.4760,6.2679

5766.4760,6.2785

5767.4750,6.2423

5768.4760,6.2241

5769.4760,6.2248

5770.4760,6.2260

5771.4750,6.2267

5772.4760,6.2276

5773.4750,6.2276

5774.4750,6.2291

5775.4750,6.2297

5776.4750,6.2303

5777.4750,6.2307

5778.4760,6.2316

5779.4750,6.2322

5780.4760,6.2327

5781.4760,6.2322

5782.4750,6.2319

5783.4750,6.2325

5784.4750,6.2329

5785.4750,6.2335

5786.4760,6.2339

5787.4750,6.2343

5788.4750,6.2350

5789.4750,6.2356

5790.4750,6.2360

5791.4750,6.2354

5792.4750,6.2355

5793.4760,6.2360

5794.4750,6.2366

5795.4760,6.2371

5796.4760,6.2377

5797.4750,6.2382

5798.4760,6.2384

5799.4750,6.2388

5800.4750,6.2389

5801.4750,6.2388

5802.4750,6.2397

5803.4750,6.2399

5804.4750,6.2400

5805.4750,6.2399

5806.4750,6.2405

5807.4750,6.2409

5808.4750,6.2414

5809.4750,6.2415

5810.4760,6.2418

5811.4750,6.2424

5812.4750,6.2426

5813.4760,6.2426

5814.4760,6.2433

5815.4750,6.2436

5816.4750,6.2436

5817.4750,6.2440

5818.4750,6.2437

5819.4750,6.2449

5820.4750,6.2450

5821.4760,6.2452

5822.4750,6.2455

5823.4750,6.2458

5824.4750,6.2460

5825.4750,6.2450

5826.4750,6.2445

5827.4750,6.2451

5828.4750,6.2455

5829.4760,6.2461

5830.4750,6.2462

5831.4750,6.2466

5832.4750,6.2466

5833.4750,6.2468

5834.4750,6.2470

5835.4760,6.2472

5836.4760,6.2474

5837.4750,6.2474

5838.4750,6.2475

5839.4760,6.2477

5840.4750,6.2481

5841.4750,6.2480

5842.4760,6.2483

5843.4750,6.2483

5844.4750,6.2489

5845.4750,6.2492

5846.4760,6.2488

5847.4750,6.2493

5848.4750,6.2496

5849.4750,6.2497

5850.4750,6.2501

5851.4750,6.2498

5852.4760,6.2503

5853.4750,6.2508

5854.4750,6.2513

5855.4750,6.2517

5856.4750,6.2518

5857.4750,6.2523

5858.4750,6.2525

5859.4760,6.2520

5860.4760,6.2526

5861.4750,6.2524

5862.4750,6.2523

5863.4750,6.2529

5864.4750,6.2534

5865.4750,6.2535

5866.4760,6.2539

5867.4750,6.2539

5868.4750,6.2537

5869.4750,6.2539

5870.4760,6.2538

5871.4750,6.2536

5872.4750,6.2535

5873.4760,6.2535

5874.4750,6.2535

5875.4760,6.2534

5876.4750,6.2534

5877.4750,6.2538

5878.4760,6.2536

5879.4760,6.2535

5880.4750,6.2534

5881.4760,6.2535

5882.4750,6.2535

5883.4760,6.2534

5884.4760,6.2536

5885.4750,6.2538

5886.4760,6.2538

5887.4760,6.2542

5888.4760,6.2542

5889.4750,6.2542

5890.4750,6.2540

5891.4750,6.2542

5892.4750,6.2547

5893.4750,6.2550

5894.4750,6.2552

5895.4750,6.2553

5896.4760,6.2554

5897.4750,6.2558

5898.4760,6.2554

5899.4760,6.2559

5900.4750,6.2561

5901.4760,6.2566

5902.4760,6.2567

5903.4750,6.2567

5904.4750,6.2568

5905.4760,6.2573

5906.4750,6.2575

5907.4750,6.2578

5908.4750,6.2581

5909.4750,6.2582

5910.4760,6.2585

5911.4760,6.2587

5912.4750,6.2590

5913.4760,6.2593

5914.4750,6.2593

5915.4760,6.2596

5916.4760,6.2598

5917.4750,6.2602

5918.4750,6.2603

5919.4750,6.2605

5920.4760,6.2608

5921.4750,6.2608

5922.4760,6.2612

5923.4750,6.2613

5924.4750,6.2617

5925.4750,6.2618

5926.4760,6.2622

5927.4760,6.2624

5928.4750,6.2625

5929.4760,6.2625

5930.4760,6.2626

5931.4760,6.2631

5932.4750,6.2633

5933.4750,6.2636

5934.4750,6.2630

5935.4750,6.2640

5936.4760,6.2642

5937.4750,6.2644

5938.4750,6.2646

5939.4750,6.2647

5940.4760,6.2651

5941.4750,6.2654

5942.4750,6.2657

5943.4750,6.2659

5944.4750,6.2660

5945.4750,6.2662

5946.4750,6.2663

5947.4750,6.2654

5948.4750,6.2658

5949.4760,6.2669

5950.4750,6.2670

5951.4750,6.2678

5952.4750,6.2677

5953.4750,6.2679

5954.4750,6.2678

5955.4750,6.2682

5956.4750,6.2685

5957.4750,6.2685

5958.4760,6.2686

5959.4750,6.2690

5960.4750,6.2691

5961.4760,6.2693

5962.4760,6.2675

5963.4760,6.2610

5964.4760,6.2596

5965.4750,6.2596

5966.4750,6.2590

5967.4750,6.2584

5968.4750,6.2583

5969.4760,6.2592

5970.4750,6.2581

5971.4750,6.2566

5972.4750,6.2558

5973.4750,6.2552

5974.4750,6.2549

5975.4750,6.2547

5976.4750,6.2545

5977.4750,6.2546

5978.4760,6.2545

5979.4750,6.2540

5980.4750,6.2536

5981.4750,6.2534

5982.4750,6.2531

5983.4750,6.2529

5984.4750,6.2529

5985.4750,6.2534

5986.4750,6.2539

5987.4750,6.2543

5988.4760,6.2546

5989.4760,6.2548

5990.4750,6.2553

5991.4750,6.2558

5992.4750,6.2561

5993.4750,6.2566

5994.4760,6.2566

5995.4760,6.2569

5996.4750,6.2574

5997.4750,6.2576

5998.4750,6.2578

5999.4750,6.2582

6000.4760,6.2587

6001.4760,6.2590

6002.4760,6.2592

6003.4750,6.2599

6004.4750,6.2595

6005.4750,6.2602

6006.4760,6.2612

6007.4750,6.2610

6008.4760,6.2612

6009.4760,6.2615

6010.4760,6.2614

6011.4760,6.2609

6012.4750,6.2609

6013.4750,6.2611

6014.4750,6.2616

6015.4750,6.2625

6016.4760,6.2633

6017.4750,6.2630

6018.4760,6.2629

6019.4750,6.2643

6020.4760,6.2641

6021.4750,6.2648

6022.4750,6.2649

6023.4750,6.2654

6024.4750,6.2661

6025.4760,6.2661

6026.4760,6.2661

6027.4750,6.2674

6028.4750,6.2674

6029.4750,6.2658

6030.4750,6.2654

6031.4750,6.2662

6032.4750,6.2670

6033.4750,6.2676

6034.4750,6.2676

6035.4750,6.2679

6036.4760,6.2681

6037.4760,6.2679

6038.4760,6.2681

6039.4760,6.2693

6040.4750,6.2689

6041.4750,6.2696

6042.4750,6.2700

6043.4750,6.2701

6044.4750,6.2706

6045.4760,6.2712

6046.4750,6.2712

6047.4750,6.2707

6048.4760,6.2702

6049.4760,6.2702

6050.4750,6.2721

6051.4750,6.2723

6052.4750,6.2725

6053.4750,6.2727

6054.4750,6.2723

6055.4750,6.2720

6056.4750,6.2722

6057.4760,6.2738

6058.4750,6.2735

6059.4760,6.2735

6060.4750,6.2747

6061.4750,6.2752

6062.4750,6.2753

6063.4750,6.2765

6064.4750,6.2767

6065.4760,6.2775

6066.4750,6.2772

6067.4760,6.2782

6068.4750,6.2780

6069.4750,6.2770

6070.4760,6.2776

6071.4750,6.2788

6072.4750,6.2798

6073.4750,6.2802

6074.4750,6.2808

6075.4760,6.2810

6076.4760,6.2825

6077.4750,6.2800

6078.4750,6.2798

6079.4750,6.2801

6080.4750,6.2802

6081.4750,6.2804

6082.4760,6.2811

6083.4760,6.2814

6084.4750,6.2817

6085.4760,6.2826

6086.4750,6.2832

6087.4750,6.2838

6088.4750,6.2832

6089.4750,6.2833

6090.4750,6.2835

6091.4760,6.2846

6092.4750,6.2851

6093.4760,6.2853

6094.4750,6.2865

6095.4750,6.2866

6096.4750,6.2872

6097.4750,6.2880

6098.4750,6.2886

6099.4750,6.2889

6100.4760,6.2804

6101.4750,6.2715

6102.4750,6.2740

6103.4760,6.2765

6104.4760,6.2790

6105.4750,6.2814

6106.4750,6.2853

6107.4750,6.2887

6108.4750,6.2933

6109.4750,6.2948

6110.4750,6.2956

6111.4750,6.2969

6112.4760,6.2975

6113.4750,6.2979

6114.4760,6.2983

6115.4750,6.2862

6116.4750,6.2702

6117.4750,6.2769

6118.4760,6.2940

6119.4750,6.3004

6120.4750,6.3012

6121.4750,6.3014

6122.4760,6.3021

6123.4760,6.3028

6124.4750,6.3032

6125.4760,6.3036

6126.4750,6.3047

6127.4750,6.3047

6128.4750,6.3035

6129.4750,6.3015

6130.4750,6.3013

6131.4760,6.3019

6132.4750,6.3023

6133.4750,6.3030

6134.4750,6.3026

6135.4750,6.3022

6136.4760,6.3022

6137.4760,6.3016

6138.4750,6.2896

6139.4750,6.2677

6140.4750,6.2688

6141.4750,6.2706

6142.4760,6.2724

6143.4750,6.2732

6144.4760,6.2741

6145.4750,6.2752

6146.4760,6.2758

6147.4750,6.2770

6148.4750,6.2786

6149.4750,6.2807

6150.4750,6.2824

6151.4750,6.2853

6152.4750,6.2884

6153.4750,6.2932

6154.4750,6.2980

6155.4750,6.3024

6156.4750,6.3051

6157.4750,6.3057

6158.4760,6.3063

6159.4750,6.3064

6160.4760,6.3066

6161.4750,6.3063

6162.4750,6.3065

6163.4750,6.3060

6164.4760,6.2908

6165.4750,6.2836

6166.4760,6.2842

6167.4750,6.2856

6168.4760,6.2876

6169.4760,6.2902

6170.4750,6.2916

6171.4750,6.2853

6172.4750,6.2805

6173.4760,6.2796

6174.4750,6.2793

6175.4750,6.2796

6176.4750,6.2774

6177.4750,6.2769

6178.4750,6.2785

6179.4750,6.2809

6180.4760,6.2841

6181.4750,6.2876

6182.4750,6.2897

6183.4750,6.2917

6184.4750,6.2917

6185.4760,6.2918

6186.4750,6.2917

6187.4750,6.2917

6188.4750,6.2920

6189.4750,6.2925

6190.4750,6.2929

6191.4760,6.2918

6192.4750,6.2911

6193.4760,6.2841

6194.4750,6.2762

6195.4750,6.2744

6196.4750,6.2716

6197.4760,6.2689

6198.4750,6.2674

6199.4750,6.2691

6200.4750,6.2713

6201.4760,6.2743

6202.4750,6.2771

6203.4750,6.2779

6204.4750,6.2792

6205.4750,6.2809

6206.4750,6.2822

6207.4750,6.2827

6208.4750,6.2822

6209.4760,6.2816

6210.4750,6.2778

6211.4750,6.2771

6212.4750,6.2778

6213.4760,6.2785

6214.4750,6.2793

6215.4750,6.2801

6216.4750,6.2804

6217.4750,6.2806

6218.4750,6.2787

6219.4750,6.2769

6220.4750,6.2775

6221.4760,6.2780

6222.4750,6.2790

6223.4750,6.2799

6224.4750,6.2811

6225.4750,6.2817

6226.4750,6.2817

6227.4750,6.2820

6228.4750,6.2821

6229.4750,6.2821

6230.4760,6.2820

6231.4750,6.2817

6232.4760,6.2808

6233.4750,6.2807

6234.4750,6.2805

6235.4750,6.2810

6236.4750,6.2816

6237.4750,6.2819

6238.4750,6.2824

6239.4760,6.2829

6240.4760,6.2830

6241.4750,6.2833

6242.4750,6.2833

6243.4770,6.2835

6244.4750,6.2838

6245.4750,6.2837

6246.4750,6.2841

6247.4750,6.2831

6248.4750,6.2845

6249.4750,6.2854

6250.4760,6.2857

6251.4760,6.2862

6252.4760,6.2867

6253.4760,6.2871

6254.4750,6.2874

6255.4750,6.2876

6256.4760,6.2879

6257.4760,6.2863

6258.4750,6.2855

6259.4760,6.2882

6260.4760,6.2897

6261.4760,6.2904

6262.4750,6.2904

6263.4750,6.2907

6264.4750,6.2908

6265.4750,6.2910

6266.4760,6.2913

6267.4750,6.2919

6268.4760,6.2925

6269.4750,6.2930

6270.4760,6.2934

6271.4760,6.2939

6272.4750,6.2942

6273.4750,6.2943

6274.4760,6.2945

6275.4760,6.2948

6276.4760,6.2948

6277.4760,6.2949

6278.4750,6.2951

6279.4750,6.2957

6280.4750,6.2953

6281.4750,6.2957

6282.4750,6.2959

6283.4750,6.2954

6284.4760,6.2962

6285.4750,6.2965

6286.4750,6.2967

6287.4750,6.2970

6288.4750,6.2970

6289.4750,6.2974

6290.4750,6.2976

6291.4750,6.2898

6292.4750,6.2720

6293.4750,6.2798

6294.4750,6.2955

6295.4750,6.3071

6296.4750,6.3023

6297.4760,6.2806

6298.4750,6.2729

6299.4750,6.2800

6300.4760,6.2930

6301.4760,6.3049

6302.4760,6.3029

6303.4750,6.3021

6304.4750,6.3019

6305.4750,6.3018

6306.4750,6.3018

6307.4750,6.3022

6308.4750,6.3023

6309.4750,6.3025

6310.4750,6.3031

6311.4750,6.3029

6312.4750,6.3033

6313.4750,6.3030

6314.4760,6.3029

6315.4750,6.3030

6316.4750,6.3030

6317.4750,6.3027

6318.4750,6.3015

6319.4750,6.2896

6320.4750,6.2805

6321.4750,6.2822

6322.4750,6.2838

6323.4750,6.2859

6324.4750,6.2881

6325.4750,6.2907

6326.4750,6.2925

6327.4750,6.2949

6328.4750,6.2967

6329.4750,6.2984

6330.4750,6.2992

6331.4750,6.2937

6332.4750,6.2910

6333.4760,6.2920

6334.4750,6.2941

6335.4750,6.2971

6336.4750,6.2990

6337.4760,6.3009

6338.4750,6.2994

6339.4760,6.2982

6340.4750,6.2989

6341.4750,6.2989

6342.4750,6.2979

6343.4750,6.2967

6344.4760,6.2979

6345.4750,6.2994

6346.4750,6.2998

6347.4750,6.2998

6348.4750,6.2978

6349.4750,6.2931

6350.4750,6.2951

6351.4750,6.2969

6352.4750,6.2969

6353.4760,6.2955

6354.4750,6.2845

6355.4750,6.2854

6356.4760,6.2863

6357.4750,6.2842

6358.4760,6.2787

6359.4750,6.2775

6360.4760,6.2783

6361.4750,6.2788

6362.4750,6.2793

6363.4750,6.2803

6364.4750,6.2804

6365.4770,6.2815

6366.4750,6.2819

6367.4760,6.2822

6368.4750,6.2825

6369.4750,6.2817

6370.4750,6.2815

6371.4750,6.2821

6372.4750,6.2833

6373.4750,6.2839

6374.4750,6.2836

6375.4750,6.2843

6376.4750,6.2851

6377.4750,6.2851

6378.4760,6.2853

6379.4760,6.2855

6380.4750,6.2847

6381.4750,6.2833

6382.4760,6.2815

6383.4750,6.2819

6384.4750,6.2814

6385.4750,6.2816

6386.4750,6.2826

6387.4760,6.2829

6388.4750,6.2841

6389.4760,6.2851

6390.4750,6.2852

6391.4760,6.2859

6392.4750,6.2860

6393.4750,6.2865

6394.4750,6.2625

6395.4750,6.2584

6396.4750,6.2588

6397.4750,6.2593

6398.4750,6.2598

6399.4750,6.2603

6400.4750,6.2608

6401.4750,6.2611

6402.4750,6.2618

6403.4750,6.2623

6404.4750,6.2628

6405.4750,6.2636

6406.4750,6.2644

6407.4750,6.2649

6408.4750,6.2660

6409.4750,6.2670

6410.4750,6.2682

6411.4750,6.2695

6412.4750,6.2710

6413.4750,6.2725

6414.4750,6.2745

6415.4760,6.2772

6416.4750,6.2822

6417.4750,6.2888

6418.4750,6.2944

6419.4750,6.2955

6420.4760,6.2940

6421.4750,6.2925

6422.4750,6.2926

6423.4750,6.2926

6424.4750,6.2925

6425.4750,6.2927

6426.4750,6.2928

6427.4750,6.2927

6428.4750,6.2931

6429.4750,6.2935

6430.4750,6.2753

6431.4750,6.2679

6432.4750,6.2686

6433.4750,6.2695

6434.4750,6.2710

6435.4750,6.2728

6436.4750,6.2790

6437.4750,6.2835

6438.4760,6.2863

6439.4750,6.2910

6440.4750,6.2958

6441.4750,6.2965

6442.4760,6.2960

6443.4760,6.2948

6444.4760,6.2947

6445.4750,6.2946

6446.4750,6.2953

6447.4750,6.2957

6448.4750,6.2963

6449.4750,6.2968

6450.4750,6.2971

6451.4760,6.2972

6452.4750,6.2971

6453.4750,6.2978

6454.4760,6.2986

6455.4750,6.2987

6456.4750,6.2990

6457.4750,6.2995

6458.4750,6.2999

6459.4750,6.3003

6460.4760,6.3007

6461.4750,6.3006

6462.4750,6.3009

6463.4750,6.3010

6464.4760,6.3008

6465.4750,6.3013

6466.4750,6.3015

6467.4750,6.3018

6468.4750,6.3018

6469.4750,6.3018

6470.4760,6.3023

6471.4750,6.3025

6472.4760,6.3027

6473.4750,6.3030

6474.4750,6.3032

6475.4750,6.3035

6476.4750,6.3039

6477.4750,6.3037

6478.4750,6.3039

6479.4750,6.3044

6480.4750,6.3035

6481.4750,6.3054

6482.4760,6.3061

6483.4750,6.3065

6484.4760,6.3068

6485.4750,6.3059

6486.4750,6.3065

6487.4750,6.3067

6488.4760,6.3060

6489.4750,6.3065

6490.4750,6.3066

6491.4760,6.3067

6492.4750,6.3067

6493.4750,6.3066

6494.4760,6.3065

6495.4750,6.3066

6496.4750,6.3070

6497.4750,6.3071

6498.4750,6.3076

6499.4750,6.3076

6500.4750,6.3071

6501.4750,6.3069

6502.4750,6.2898

6503.4750,6.2729

6504.4750,6.2721

6505.4750,6.2714

6506.4750,6.2711

6507.4750,6.2705

6508.4750,6.2704

6509.4750,6.2698

6510.4750,6.2697

6511.4760,6.2694

6512.4750,6.2688

6513.4750,6.2689

6514.4750,6.2691

6515.4750,6.2694

6516.4750,6.2697

6517.4760,6.2698

6518.4750,6.2698

6519.4750,6.2698

6520.4750,6.2700

6521.4750,6.2699

6522.4750,6.2698

6523.4750,6.2697

6524.4750,6.2696

6525.4750,6.2694

6526.4750,6.2696

6527.4750,6.2695

6528.4760,6.2696

6529.4760,6.2696

6530.4750,6.2696

6531.4760,6.2698

6532.4750,6.2698

6533.4750,6.2699

6534.4750,6.2697

6535.4750,6.2699

6536.4750,6.2700

6537.4750,6.2699

6538.4750,6.2699

6539.4750,6.2699

6540.4750,6.2699

6541.4760,6.2696

6542.4750,6.2697

6543.4750,6.2697

6544.4750,6.2699

6545.4750,6.2699

6546.4750,6.2699

6547.4750,6.2698

6548.4750,6.2700

6549.4750,6.2700

6550.4750,6.2702

6551.4750,6.2702

6552.4750,6.2701

6553.4750,6.2703

6554.4750,6.2701

6555.4750,6.2702

6556.4760,6.2703

6557.4750,6.2703

6558.4760,6.2704

6559.4750,6.2706

6560.4750,6.2709

6561.4750,6.2713

6562.4760,6.2713

6563.4750,6.2716

6564.4750,6.2717

6565.4750,6.2718

6566.4760,6.2722

6567.4760,6.2725

6568.4750,6.2747

6569.4750,6.2761

6570.4750,6.2740

6571.4760,6.2736

6572.4750,6.2728

6573.4750,6.2729

6574.4760,6.2729

6575.4750,6.2734

6576.4750,6.2738

6577.4750,6.2742

6578.4750,6.2782

6579.4760,6.2765

6580.4750,6.2750

6581.4750,6.2746

6582.4750,6.2744

6583.4760,6.2741

6584.4750,6.2740

6585.4750,6.2741

6586.4750,6.2740

6587.4760,6.2740

6588.4760,6.2741

6589.4750,6.2740

6590.4750,6.2742

6591.4750,6.2741

6592.4750,6.2743

6593.4750,6.2744

6594.4750,6.2744

6595.4750,6.2740

6596.4760,6.2738

6597.4760,6.2744

6598.4750,6.2744

6599.4750,6.2747

6600.4760,6.2754

6601.4750,6.2790

6602.4750,6.2777

6603.4750,6.2767

6604.4750,6.2760

6605.4750,6.2757

6606.4750,6.2754

6607.4750,6.2752

6608.4760,6.2751

6609.4750,6.2751

6610.4750,6.2751

6611.4760,6.2751

6612.4750,6.2750

6613.4750,6.2750

6614.4750,6.2751

6615.4750,6.2750

6616.4750,6.2752

6617.4760,6.2754

6618.4750,6.2755

6619.4760,6.2755

6620.4750,6.2756

6621.4750,6.2759

6622.4750,6.2761

6623.4750,6.2761

6624.4750,6.2762

6625.4750,6.2760

6626.4750,6.2762

6627.4750,6.2761

6628.4750,6.2760

6629.4760,6.2763

6630.4750,6.2764

6631.4760,6.2765

6632.4750,6.2766

6633.4750,6.2767

6634.4750,6.2767

6635.4760,6.2768

6636.4750,6.2767

6637.4750,6.2769

6638.4750,6.2768

6639.4750,6.2768

6640.4750,6.2770

6641.4750,6.2771

6642.4750,6.2771

6643.4750,6.2770

6644.4750,6.2771

6645.4750,6.2770

6646.4750,6.2769

6647.4750,6.2770

6648.4750,6.2770

6649.4750,6.2766

6650.4750,6.2764

6651.4750,6.2764

6652.4750,6.2766

6653.4750,6.2764

6654.4750,6.2765

6655.4750,6.2763

6656.4760,6.2765

6657.4750,6.2766

6658.4750,6.2766

6659.4750,6.2768

6660.4750,6.2767

6661.4750,6.2768

6662.4750,6.2770

6663.4760,6.2769

6664.4750,6.2771

6665.4750,6.2771

6666.4750,6.2772

6667.4750,6.2775

6668.4750,6.2774

6669.4750,6.2776

6670.4750,6.2774

6671.4750,6.2774

6672.4750,6.2775

6673.4760,6.2774

6674.4750,6.2775

6675.4750,6.2774

6676.4750,6.2775

6677.4750,6.2774

6678.4760,6.2775

6679.4750,6.2775

6680.4750,6.2777

6681.4750,6.2778

6682.4750,6.2780

6683.4760,6.2778

6684.4750,6.2778

6685.4750,6.2780

6686.4750,6.2781

6687.4750,6.2780

6688.4750,6.2782

6689.4750,6.2783

6690.4760,6.2784

6691.4760,6.2784

6692.4750,6.2786

6693.4760,6.2786

6694.4750,6.2786

6695.4760,6.2787

6696.4750,6.2787

6697.4750,6.2789

6698.4750,6.2786

6699.4760,6.2787

6700.4750,6.2788

6701.4750,6.2790

6702.4750,6.2790

6703.4760,6.2791

6704.4750,6.2791

6705.4750,6.2791

6706.4750,6.2791

6707.4750,6.2793

6708.4750,6.2792

6709.4750,6.2791

6710.4750,6.2790

6711.4760,6.2789

6712.4750,6.2789

6713.4750,6.2791

6714.4750,6.2790

6715.4760,6.2793

6716.4760,6.2794

6717.4760,6.2794

6718.4760,6.2796

6719.4750,6.2797

6720.4750,6.2796

6721.4750,6.2799

6722.4750,6.2798

6723.4750,6.2801

6724.4750,6.2801

6725.4750,6.2801

6726.4750,6.2800

6727.4750,6.2803

6728.4750,6.2802

6729.4760,6.2800

6730.4750,6.2803

6731.4760,6.2803

6732.4750,6.2802

6733.4760,6.2805

6734.4750,6.2804

6735.4760,6.2803

6736.4750,6.2805

6737.4750,6.2802

6738.4750,6.2801

6739.4750,6.2801

6740.4750,6.2798

6741.4750,6.2799

6742.4750,6.2800

6743.4750,6.2796

6744.4760,6.2795

6745.4760,6.2791

6746.4750,6.2786

6747.4750,6.2788

6748.4750,6.2788

6749.4750,6.2785

6750.4750,6.2780

6751.4750,6.2779

6752.4750,6.2779

6753.4750,6.2778

6754.4750,6.2773

6755.4750,6.2768

6756.4760,6.2764

6757.4760,6.2761

6758.4750,6.2758

6759.4750,6.2754

6760.4760,6.2753

6761.4750,6.2753

6762.4750,6.2751

6763.4750,6.2750

6764.4750,6.2749

6765.4750,6.2749

6766.4750,6.2748

6767.4760,6.2746

6768.4750,6.2748

6769.4750,6.2748

6770.4750,6.2749

6771.4760,6.2748

6772.4750,6.2748

6773.4750,6.2748

6774.4750,6.2745

6775.4750,6.2744

6776.4760,6.2742

6777.4760,6.2742

6778.4760,6.2741

6779.4750,6.2738

6780.4760,6.2736

6781.4750,6.2734

6782.4750,6.2730

6783.4750,6.2726

6784.4750,6.2725

6785.4750,6.2724

6786.4750,6.2723

6787.4750,6.2722

6788.4750,6.2721

6789.4750,6.2722

6790.4750,6.2722

6791.4750,6.2723

6792.4750,6.2721

6793.4750,6.2722

6794.4750,6.2720

6795.4760,6.2719

6796.4760,6.2721

6797.4750,6.2702

6798.4750,6.2697

6799.4750,6.2691

6800.4750,6.2690

6801.4750,6.2691

6802.4760,6.2688

6803.4760,6.2679

6804.4750,6.2672

6805.4760,6.2675

6806.4760,6.2680

6807.4750,6.2668

6808.4750,6.2667

6809.4760,6.2664

6810.4750,6.2661

6811.4750,6.2663

6812.4750,6.2668

6813.4750,6.2670

6814.4750,6.2674

6815.4750,6.2675

6816.4750,6.2683

6817.4750,6.2685

6818.4750,6.2678

6819.4750,6.2678

6820.4750,6.2679

6821.4750,6.2680

6822.4750,6.2674

6823.4760,6.2677

6824.4750,6.2682

6825.4760,6.2686

6826.4750,6.2687

6827.4750,6.2687

6828.4750,6.2685

6829.4760,6.2682

6830.4750,6.2678

6831.4750,6.2676

6832.4750,6.2675

6833.4750,6.2676

6834.4750,6.2674

6835.4750,6.2675

6836.4750,6.2674

6837.4750,6.2673

6838.4750,6.2677

6839.4750,6.2679

6840.4760,6.2681

6841.4750,6.2678

6842.4750,6.2681

6843.4750,6.2690

6844.4760,6.2689

6845.4750,6.2688

6846.4750,6.2694

6847.4750,6.2700

6848.4750,6.2701

6849.4750,6.2703

6850.4750,6.2705

6851.4750,6.2706

6852.4750,6.2708

6853.4750,6.2709

6854.4750,6.2714

6855.4750,6.2718

6856.4750,6.2716

6857.4750,6.2713

6858.4750,6.2724

6859.4750,6.2729

6860.4750,6.2732

6861.4750,6.2727

6862.4750,6.2729

6863.4750,6.2731

6864.4750,6.2737

6865.4760,6.2740

6866.4750,6.2742

6867.4750,6.2746

6868.4760,6.2752

6869.4750,6.2759

6870.4750,6.2768

6871.4750,6.2770

6872.4750,6.2779

6873.4750,6.2785

6874.4760,6.2790

6875.4760,6.2793

6876.4750,6.2800

6877.4750,6.2807

6878.4750,6.2820

6879.4750,6.2830

6880.4750,6.2842

6881.4750,6.2853

6882.4750,6.2864

6883.4750,6.2875

6884.4760,6.2881

6885.4750,6.2887

6886.4750,6.2894

6887.4760,6.2906

6888.4750,6.2924

6889.4760,6.2894

6890.4750,6.2933

6891.4750,6.2957

6892.4750,6.2968

6893.4760,6.2978

6894.4750,6.2987

6895.4750,6.2996

6896.4750,6.3006

6897.4750,6.3018

6898.4760,6.3024

6899.4750,6.3027

6900.4750,6.2670

6901.4750,6.2541

6902.4750,6.2544

6903.4760,6.2542

6904.4750,6.2542

6905.4750,6.2541

6906.4750,6.2539

6907.4750,6.2536

6908.4760,6.2541

6909.4750,6.2541

6910.4750,6.2545

6911.4750,6.2546

6912.4750,6.2546

6913.4750,6.2547

6914.4750,6.2547

6915.4750,6.2547

6916.4760,6.2552

6917.4750,6.2553

6918.4750,6.2555

6919.4760,6.2554

6920.4750,6.2554

6921.4750,6.2555

6922.4760,6.2555

6923.4750,6.2555

6924.4750,6.2552

6925.4750,6.2554

6926.4760,6.2554

6927.4750,6.2555

6928.4760,6.2554

6929.4760,6.2554

6930.4760,6.2555

6931.4750,6.2556

6932.4750,6.2558

6933.4760,6.2558

6934.4750,6.2558

6935.4750,6.2559

6936.4750,6.2560

6937.4760,6.2560

6938.4750,6.2561

6939.4760,6.2562

6940.4750,6.2564

6941.4750,6.2563

6942.4750,6.2564

6943.4750,6.2566

6944.4750,6.2566

6945.4750,6.2568

6946.4760,6.2567

6947.4750,6.2568

6948.4750,6.2571

6949.4750,6.2572

6950.4750,6.2573

6951.4750,6.2572

6952.4750,6.2573

6953.4750,6.2576

6954.4760,6.2574

6955.4750,6.2576

6956.4750,6.2577

6957.4750,6.2578

6958.4750,6.2579

6959.4750,6.2578

6960.4750,6.2582

6961.4750,6.2582

6962.4750,6.2582

6963.4750,6.2583

6964.4750,6.2584

6965.4750,6.2584

6966.4750,6.2587

6967.4750,6.2586

6968.4750,6.2587

6969.4750,6.2588

6970.4750,6.2588

6971.4760,6.2589

6972.4750,6.2590

6973.4750,6.2590

6974.4750,6.2591

6975.4750,6.2591

6976.4750,6.2593

6977.4750,6.2592

6978.4760,6.2593

6979.4750,6.2594

6980.4750,6.2594

6981.4750,6.2596

6982.4760,6.2597

6983.4750,6.2596

6984.4760,6.2597

6985.4750,6.2597

6986.4760,6.2598

6987.4750,6.2598

6988.4750,6.2600

6989.4750,6.2599

6990.4760,6.2600

6991.4750,6.2602

6992.4750,6.2602

6993.4750,6.2602

6994.4760,6.2602

6995.4750,6.2603

6996.4760,6.2603

6997.4760,6.2603

6998.4760,6.2605

6999.4750,6.2606

7000.4760,6.2608

7001.4750,6.2606

7002.4750,6.2608

7003.4760,6.2610

7004.4750,6.2610

7005.4750,6.2612

7006.4760,6.2613

7007.4750,6.2613

7008.4750,6.2616

7009.4760,6.2616

7010.4750,6.2618

7011.4750,6.2619

7012.4750,6.2622

7013.4750,6.2624

7014.4750,6.2625

7015.4750,6.2628

7016.4750,6.2634

7017.4760,6.2641

7018.4760,6.2651

7019.4760,6.2652

7020.4750,6.2653

7021.4750,6.2652

7022.4750,6.2653

7023.4750,6.2653

7024.4750,6.2653

7025.4750,6.2653

7026.4760,6.2652

7027.4750,6.2653

7028.4760,6.2654

7029.4750,6.2651

7030.4750,6.2654

7031.4760,6.2653

7032.4750,6.2654

7033.4750,6.2654

7034.4750,6.2655

7035.4750,6.2656

7036.4760,6.2656

7037.4750,6.2656

7038.4770,6.2656

7039.4750,6.2658

7040.4750,6.2656

7041.4750,6.2657

7042.4750,6.2658

7043.4750,6.2654

7044.4750,6.2654

7045.4750,6.2655

7046.4760,6.2655

7047.4750,6.2652

7048.4750,6.2650

7049.4750,6.2651

7050.4750,6.2648

7051.4750,6.2646

7052.4750,6.2645

7053.4760,6.2641

7054.4760,6.2639

7055.4760,6.2637

7056.4750,6.2633

7057.4750,6.2630

7058.4760,6.2626

7059.4750,6.2618

7060.4750,6.2604

7061.4750,6.2593

7062.4750,6.2588

7063.4750,6.2584

7064.4750,6.2582

7065.4760,6.2583

7066.4750,6.2580

7067.4750,6.2578

7068.4760,6.2577

7069.4750,6.2577

7070.4750,6.2578

7071.4750,6.2578

7072.4750,6.2579

7073.4750,6.2579

7074.4750,6.2579

7075.4750,6.2581

7076.4750,6.2580

7077.4760,6.2581

7078.4750,6.2581

7079.4750,6.2583

7080.4750,6.2582

7081.4750,6.2583

7082.4750,6.2584

7083.4750,6.2584

7084.4750,6.2585

7085.4750,6.2585

7086.4750,6.2586

7087.4750,6.2586

7088.4750,6.2586

7089.4750,6.2586

7090.4750,6.2587

7091.4750,6.2588

7092.4750,6.2589

7093.4750,6.2589

7094.4750,6.2591

7095.4750,6.2591

7096.4750,6.2592

7097.4750,6.2592

7098.4750,6.2594

7099.4750,6.2594

7100.4750,6.2594

7101.4750,6.2594

7102.4760,6.2596

7103.4760,6.2598

7104.4750,6.2597

7105.4750,6.2599

7106.4750,6.2599

7107.4750,6.2600

7108.4760,6.2601

7109.4750,6.2601

7110.4750,6.2603

7111.4750,6.2603

7112.4750,6.2603

7113.4750,6.2605

7114.4760,6.2605

7115.4750,6.2607

7116.4760,6.2606

7117.4760,6.2607

7118.4760,6.2608

7119.4760,6.2607

7120.4750,6.2609

7121.4750,6.2612

7122.4750,6.2610

7123.4760,6.2610

7124.4750,6.2613

7125.4750,6.2614

7126.4760,6.2615

7127.4750,6.2613

7128.4750,6.2616

7129.4750,6.2615

7130.4750,6.2615

7131.4760,6.2614

7132.4750,6.2614

7133.4750,6.2615

7134.4750,6.2614

7135.4750,6.2613

7136.4760,6.2613

7137.4750,6.2613

7138.4750,6.2614

7139.4760,6.2612

7140.4750,6.2612

7141.4750,6.2611

7142.4750,6.2611

7143.4760,6.2612

7144.4750,6.2610

7145.4750,6.2611

7146.4750,6.2612

7147.4760,6.2611

7148.4750,6.2612

7149.4750,6.2611

7150.4750,6.2612

7151.4750,6.2612

7152.4750,6.2612

7153.4750,6.2611

7154.4750,6.2612

7155.4750,6.2613

7156.4750,6.2614

7157.4750,6.2615

7158.4750,6.2615

7159.4750,6.2614

7160.4750,6.2615

7161.4750,6.2617

7162.4750,6.2617

7163.4760,6.2616

7164.4750,6.2619

7165.4750,6.2619

7166.4750,6.2620

7167.4760,6.2620

7168.4750,6.2623

7169.4760,6.2623

7170.4760,6.2624

7171.4750,6.2624

7172.4760,6.2623

7173.4750,6.2626

7174.4750,6.2627

7175.4750,6.2629

7176.4760,6.2628

7177.4750,6.2631

7178.4750,6.2630

7179.4750,6.2632

7180.4760,6.2634

7181.4750,6.2633

7182.4760,6.2634

7183.4750,6.2637

7184.4750,6.2638

7185.4750,6.2640

7186.4750,6.2640

7187.4750,6.2642

7188.4750,6.2642

7189.4760,6.2644

7190.4750,6.2646

7191.4750,6.2648

7192.4750,6.2649

7193.4750,6.2649

7194.4750,6.2650

7195.4760,6.2651

7196.4750,6.2653

7197.4750,6.2655

7198.4760,6.2656

7199.4750,6.2657

7200.4750,6.2659

7201.4750,6.2659

7202.4750,6.2660

7203.4760,6.2662

7204.4750,6.2663

7205.4750,6.2663

7206.4750,6.2665

7207.4750,6.2665

7208.4750,6.2667

7209.4760,6.2667

7210.4750,6.2665

7211.4760,6.2664

7212.4760,6.2667

7213.4750,6.2670

7214.4750,6.2670

7215.4750,6.2672

7216.4760,6.2673

7217.4750,6.2676

7218.4750,6.2677

7219.4750,6.2678

7220.4750,6.2680

7221.4750,6.2682

7222.4750,6.2684

7223.4750,6.2683

7224.4750,6.2684

7225.4760,6.2685

7226.4750,6.2685

7227.4750,6.2685

7228.4750,6.2685

7229.4750,6.2686

7230.4750,6.2686

7231.4750,6.2686

7232.4760,6.2684

7233.4750,6.2685

7234.4760,6.2686

7235.4750,6.2686

7236.4750,6.2686

7237.4750,6.2687

7238.4760,6.2685

7239.4760,6.2687

7240.4750,6.2688

7241.4750,6.2688

7242.4750,6.2690

7243.4750,6.2689

7244.4760,6.2690

7245.4760,6.2690

7246.4750,6.2692

7247.4760,6.2693

7248.4750,6.2694

7249.4750,6.2695

7250.4750,6.2695

7251.4760,6.2697

7252.4750,6.2697

7253.4760,6.2699

7254.4760,6.2700

7255.4750,6.2701

7256.4760,6.2702

7257.4750,6.2703

7258.4760,6.2705

7259.4750,6.2707

7260.4750,6.2709

7261.4750,6.2711

7262.4750,6.2715

7263.4750,6.2717

7264.4760,6.2719

7265.4760,6.2720

7266.4760,6.2715

7267.4760,6.2717

7268.4750,6.2721

7269.4750,6.2723

7270.4760,6.2727

7271.4750,6.2730

7272.4750,6.2734

7273.4750,6.2735

7274.4750,6.2738

7275.4760,6.2742

7276.4750,6.2745

7277.4750,6.2747

7278.4750,6.2749

7279.4750,6.2754

7280.4760,6.2758

7281.4750,6.2760

7282.4750,6.2762

7283.4750,6.2769

7284.4760,6.2774

7285.4750,6.2780

7286.4750,6.2783

7287.4750,6.2784

7288.4760,6.2789

7289.4750,6.2793

7290.4760,6.2800

7291.4760,6.2804

7292.4750,6.2811

7293.4750,6.2815

7294.4750,6.2817

7295.4750,6.2822

7296.4760,6.2828

7297.4750,6.2833

7298.4750,6.2842

7299.4760,6.2853

7300.4760,6.2860

7301.4750,6.2868

7302.4750,6.2876

7303.4760,6.2890

7304.4750,6.2907

7305.4760,6.2912

7306.4750,6.2936

7307.4750,6.2984

7308.4750,6.3020

7309.4750,6.3036

7310.4750,6.3043

7311.4750,6.3046

7312.4750,6.3047

7313.4750,6.3049

7314.4750,6.3050

7315.4750,6.3051

7316.4750,6.2945

7317.4750,6.2633

7318.4760,6.2654

7319.4760,6.2647

7320.4750,6.2647

7321.4750,6.2648

7322.4750,6.2649

7323.4750,6.2648

7324.4750,6.2648

7325.4750,6.2649

7326.4750,6.2650

7327.4750,6.2652

7328.4750,6.2651

7329.4750,6.2652

7330.4750,6.2655

7331.4760,6.2655

7332.4760,6.2658

7333.4750,6.2659

7334.4750,6.2661

7335.4750,6.2664

7336.4750,6.2665

7337.4760,6.2668

7338.4750,6.2670

7339.4750,6.2672

7340.4750,6.2674

7341.4750,6.2678

7342.4750,6.2680

7343.4760,6.2682

7344.4750,6.2685

7345.4750,6.2687

7346.4750,6.2690

7347.4750,6.2691

7348.4750,6.2692

7349.4750,6.2691

7350.4750,6.2694

7351.4750,6.2694

7352.4760,6.2696

7353.4750,6.2696

7354.4760,6.2701

7355.4750,6.2697

7356.4750,6.2705

7357.4750,6.2703

7358.4750,6.2703

7359.4750,6.2705

7360.4750,6.2705

7361.4750,6.2706

7362.4750,6.2706

7363.4750,6.2706

7364.4750,6.2708

7365.4750,6.2709

7366.4750,6.2711

7367.4750,6.2710

7368.4750,6.2713

7369.4760,6.2713

7370.4750,6.2715

7371.4760,6.2715

7372.4750,6.2717

7373.4750,6.2719

7374.4750,6.2719

7375.4750,6.2723

7376.4760,6.2723

7377.4750,6.2724

7378.4750,6.2727

7379.4750,6.2727

7380.4750,6.2729

7381.4760,6.2731

7382.4750,6.2732

7383.4750,6.2735

7384.4750,6.2737

7385.4760,6.2737

7386.4750,6.2739

7387.4750,6.2740

7388.4750,6.2743

7389.4750,6.2747

7390.4750,6.2746

7391.4750,6.2749

7392.4750,6.2752

7393.4750,6.2756

7394.4750,6.2760

7395.4760,6.2764

7396.4760,6.2758

7397.4750,6.2764

7398.4760,6.2772

7399.4760,6.2778

7400.4750,6.2787

7401.4760,6.2796

7402.4750,6.2806

7403.4760,6.2820

7404.4750,6.2834

7405.4750,6.2851

7406.4760,6.2874

7407.4750,6.2923

7408.4760,6.3018

7409.4750,6.2892

7410.4750,6.2703

7411.4760,6.2707

7412.4750,6.2712

7413.4750,6.2724

7414.4750,6.2737

7415.4750,6.2745

7416.4750,6.2754

7417.4750,6.2760

7418.4760,6.2748

7419.4750,6.2737

7420.4750,6.2734

7421.4750,6.2726

7422.4750,6.2729

7423.4760,6.2728

7424.4750,6.2727

7425.4750,6.2729

7426.4760,6.2732

7427.4760,6.2733

7428.4750,6.2736

7429.4750,6.2738

7430.4760,6.2743

7431.4750,6.2746

7432.4750,6.2746

7433.4750,6.2751

7434.4750,6.2753

7435.4750,6.2755

7436.4750,6.2758

7437.4750,6.2762

7438.4750,6.2760

7439.4750,6.2767

7440.4750,6.2771

7441.4750,6.2776

7442.4750,6.2780

7443.4750,6.2785

7444.4750,6.2790

7445.4750,6.2795

7446.4750,6.2802

7447.4760,6.2805

7448.4750,6.2813

7449.4750,6.2828

7450.4750,6.2853

7451.4760,6.2877

7452.4750,6.2916

7453.4760,6.2940

7454.4750,6.2964

7455.4750,6.2982

7456.4750,6.2998

7457.4750,6.3011

7458.4760,6.3023

7459.4760,6.3037

7460.4750,6.3052

7461.4750,6.3059

7462.4750,6.3063

7463.4760,6.3066

7464.4750,6.3071

7465.4760,6.3070

7466.4760,6.3070

7467.4760,6.3067

7468.4750,6.3069

7469.4750,6.3071

7470.4750,6.3070

7471.4750,6.3074

7472.4750,6.3075

7473.4750,6.3080

7474.4750,6.3077

7475.4750,6.3077

7476.4750,6.3074

7477.4750,6.3072

7478.4750,6.3077

7479.4760,6.3077

7480.4760,6.3081

7481.4750,6.3087

7482.4750,6.3091

7483.4750,6.3094

7484.4750,6.3085

7485.4750,6.3091

7486.4760,6.3097

7487.4750,6.3096

7488.4750,6.3101

7489.4760,6.3102

7490.4750,6.3104

7491.4750,6.3102

7492.4750,6.3105

7493.4760,6.3105

7494.4760,6.3106

7495.4760,6.3104

7496.4750,6.3101

7497.4750,6.3099

7498.4750,6.3100

7499.4750,6.3101

7500.4750,6.3097

7501.4750,6.3098

7502.4750,6.3100

7503.4750,6.2765

7504.4750,6.2686

7505.4750,6.2679

7506.4750,6.2676

7507.4750,6.2673

7508.4750,6.2672

7509.4760,6.2672

7510.4750,6.2672

7511.4750,6.2672

7512.4750,6.2676

7513.4750,6.2676

7514.4750,6.2677

7515.4750,6.2676

7516.4750,6.2679

7517.4750,6.2679

7518.4760,6.2681

7519.4750,6.2680

7520.4750,6.2681

7521.4760,6.2680

7522.4750,6.2679

7523.4750,6.2679

7524.4750,6.2678

7525.4760,6.2678

7526.4750,6.2677

7527.4750,6.2675

7528.4750,6.2674

7529.4760,6.2673

7530.4750,6.2673

7531.4750,6.2671

7532.4750,6.2668

7533.4750,6.2667

7534.4750,6.2665

7535.4750,6.2663

7536.4750,6.2662

7537.4750,6.2661

7538.4750,6.2661

7539.4750,6.2660

7540.4750,6.2660

7541.4750,6.2658

7542.4750,6.2658

7543.4760,6.2657

7544.4750,6.2658

7545.4750,6.2656

7546.4750,6.2657

7547.4750,6.2657

7548.4750,6.2655

7549.4760,6.2655

7550.4750,6.2655

7551.4750,6.2654

7552.4750,6.2655

7553.4750,6.2652

7554.4750,6.2653

7555.4760,6.2654

7556.4750,6.2653

7557.4760,6.2654

7558.4750,6.2655

7559.4760,6.2654

7560.4750,6.2654

7561.4750,6.2654

7562.4760,6.2653

7563.4750,6.2654

7564.4760,6.2656

7565.4750,6.2656

7566.4750,6.2656

7567.4750,6.2655

7568.4750,6.2656

7569.4750,6.2655

7570.4750,6.2656

7571.4750,6.2658

7572.4760,6.2659

7573.4750,6.2659

7574.4750,6.2660

7575.4750,6.2661

7576.4750,6.2661

7577.4750,6.2664

7578.4750,6.2665

7579.4750,6.2665

7580.4750,6.2666

7581.4750,6.2666

7582.4750,6.2668

7583.4750,6.2667

7584.4760,6.2667

7585.4750,6.2679

7586.4750,6.2685

7587.4750,6.2684

7588.4750,6.2683

7589.4750,6.2684

7590.4750,6.2684

7591.4750,6.2684

7592.4750,6.2684

7593.4750,6.2683

7594.4760,6.2682

7595.4750,6.2681

7596.4750,6.2680

7597.4750,6.2679

7598.4750,6.2678

7599.4750,6.2679

7600.4750,6.2678

7601.4750,6.2676

7602.4750,6.2676

7603.4750,6.2675

7604.4750,6.2674

7605.4750,6.2673

7606.4750,6.2671

7607.4750,6.2674

7608.4750,6.2674

7609.4750,6.2673

7610.4760,6.2670

7611.4750,6.2670

7612.4750,6.2671

7613.4750,6.2672

7614.4760,6.2673

7615.4750,6.2669

7616.4750,6.2671

7617.4750,6.2672

7618.4750,6.2670

7619.4760,6.2664

7620.4750,6.2662

7621.4750,6.2661

7622.4750,6.2661

7623.4750,6.2655

7624.4750,6.2654

7625.4750,6.2656

7626.4750,6.2655

7627.4750,6.2656

7628.4750,6.2656

7629.4750,6.2652

7630.4750,6.2654

7631.4750,6.2654

7632.4750,6.2652

7633.4750,6.2651

7634.4750,6.2652

7635.4750,6.2652

7636.4750,6.2652

7637.4760,6.2652

7638.4770,6.2653

7639.4750,6.2652

7640.4760,6.2641

7641.4750,6.2642

7642.4750,6.2641

7643.4750,6.2643

7644.4760,6.2643

7645.4750,6.2645

7646.4750,6.2645

7647.4750,6.2646

7648.4750,6.2646

7649.4750,6.2647

7650.4750,6.2649

7651.4750,6.2650

7652.4760,6.2650

7653.4760,6.2649

7654.4750,6.2651

7655.4750,6.2651

7656.4760,6.2653

7657.4750,6.2653

7658.4750,6.2653

7659.4750,6.2654

7660.4750,6.2655

7661.4750,6.2655

7662.4750,6.2657

7663.4750,6.2657

7664.4750,6.2658

7665.4750,6.2659

7666.4760,6.2659

7667.4750,6.2659

7668.4750,6.2659

7669.4750,6.2658

7670.4750,6.2655

7671.4750,6.2657

7672.4760,6.2656

7673.4760,6.2657

7674.4750,6.2659

7675.4750,6.2659

7676.4750,6.2660

7677.4750,6.2660

7678.4760,6.2660

7679.4750,6.2661

7680.4750,6.2661

7681.4750,6.2661

7682.4750,6.2663

7683.4750,6.2662

7684.4750,6.2664

7685.4760,6.2665

7686.4750,6.2664

7687.4750,6.2667

7688.4760,6.2667

7689.4750,6.2667

7690.4760,6.2669

7691.4760,6.2669

7692.4750,6.2670

7693.4750,6.2671

7694.4750,6.2671

7695.4750,6.2671

7696.4750,6.2670

7697.4750,6.2671

7698.4750,6.2671

7699.4750,6.2671

7700.4750,6.2672

7701.4750,6.2674

7702.4750,6.2673

7703.4750,6.2673

7704.4760,6.2673

7705.4750,6.2674

7706.4750,6.2675

7707.4750,6.2665

7708.4760,6.2667

7709.4760,6.2667

7710.4760,6.2669

7711.4750,6.2669

7712.4750,6.2668

7713.4750,6.2668

7714.4750,6.2669

7715.4750,6.2672

7716.4750,6.2672

7717.4760,6.2672

7718.4760,6.2672

7719.4750,6.2672

7720.4750,6.2671

7721.4760,6.2674

7722.4760,6.2673

7723.4750,6.2672

7724.4750,6.2670

7725.4750,6.2672

7726.4750,6.2672

7727.4770,6.2672

7728.4760,6.2671

7729.4750,6.2667

7730.4760,6.2666

7731.4760,6.2662

7732.4750,6.2657

7733.4750,6.2652

7734.4750,6.2649

7735.4750,6.2646

7736.4750,6.2644

7737.4760,6.2642

7738.4750,6.2637

7739.4750,6.2634

7740.4750,6.2635

7741.4750,6.2632

7742.4750,6.2628

7743.4750,6.2628

7744.4750,6.2627

7745.4760,6.2627

7746.4750,6.2628

7747.4760,6.2624

7748.4750,6.2625

7749.4750,6.2623

7750.4750,6.2622

7751.4760,6.2622

7752.4750,6.2622

7753.4750,6.2619

7754.4760,6.2619

7755.4750,6.2620

7756.4750,6.2620

7757.4750,6.2621

7758.4760,6.2621

7759.4760,6.2621

7760.4760,6.2621

7761.4750,6.2621

7762.4760,6.2622

7763.4750,6.2623

7764.4750,6.2623

7765.4750,6.2623

7766.4750,6.2622

7767.4750,6.2621

7768.4750,6.2620

7769.4750,6.2621

7770.4750,6.2621

7771.4750,6.2620

7772.4750,6.2620

7773.4760,6.2620

7774.4760,6.2621

7775.4750,6.2621

7776.4750,6.2621

7777.4760,6.2620

7778.4750,6.2620

7779.4750,6.2620

7780.4750,6.2619

7781.4750,6.2620

7782.4750,6.2618

7783.4750,6.2620

7784.4750,6.2615

7785.4750,6.2616

7786.4750,6.2617

7787.4760,6.2616

7788.4750,6.2615

7789.4750,6.2613

7790.4750,6.2612

7791.4750,6.2613

7792.4750,6.2612

7793.4750,6.2613

7794.4750,6.2613

7795.4760,6.2615

7796.4750,6.2614

7797.4750,6.2616

7798.4750,6.2615

7799.4750,6.2615

7800.4750,6.2616

7801.4760,6.2617

7802.4750,6.2618

7803.4750,6.2618

7804.4750,6.2618

7805.4750,6.2618

7806.4760,6.2619

7807.4760,6.2618

7808.4750,6.2618

7809.4750,6.2619

7810.4750,6.2619

7811.4760,6.2618

7812.4750,6.2618

7813.4750,6.2619

7814.4760,6.2620

7815.4750,6.2621

7816.4760,6.2621

7817.4750,6.2620

7818.4760,6.2621

7819.4750,6.2620

7820.4760,6.2619

7821.4750,6.2620

7822.4750,6.2621

7823.4750,6.2625

7824.4750,6.2626

7825.4750,6.2628

7826.4750,6.2629

7827.4750,6.2628

7828.4760,6.2631

7829.4750,6.2633

7830.4750,6.2635

7831.4760,6.2636

7832.4760,6.2638

7833.4760,6.2636

7834.4750,6.2639

7835.4750,6.2640

7836.4750,6.2640

7837.4750,6.2641

7838.4750,6.2642

7839.4750,6.2641

7840.4750,6.2644

7841.4760,6.2643

7842.4750,6.2645

7843.4750,6.2646

7844.4750,6.2645

7845.4750,6.2646

7846.4750,6.2650

7847.4750,6.2650

7848.4750,6.2649

7849.4750,6.2648

7850.4750,6.2652

7851.4750,6.2651

7852.4750,6.2651

7853.4750,6.2652

7854.4750,6.2654

7855.4750,6.2654

7856.4750,6.2654

7857.4760,6.2655

7858.4760,6.2654

7859.4750,6.2655

7860.4750,6.2654

7861.4750,6.2656

7862.4750,6.2655

7863.4750,6.2656

7864.4750,6.2656

7865.4750,6.2656

7866.4750,6.2659

7867.4750,6.2658

7868.4750,6.2660

7869.4750,6.2659

7870.4750,6.2660

7871.4750,6.2662

7872.4750,6.2662

7873.4760,6.2664

7874.4750,6.2663

7875.4760,6.2666

7876.4760,6.2665

7877.4750,6.2665

7878.4750,6.2668

7879.4750,6.2667

7880.4750,6.2669

7881.4750,6.2668

7882.4750,6.2672

7883.4750,6.2670

7884.4750,6.2670

7885.4750,6.2669

7886.4750,6.2670

7887.4750,6.2671

7888.4760,6.2670

7889.4760,6.2670

7890.4750,6.2670

7891.4750,6.2671

7892.4750,6.2671

7893.4750,6.2671

7894.4760,6.2669

7895.4750,6.2670

7896.4760,6.2670

7897.4750,6.2669

7898.4750,6.2666

7899.4760,6.2667

7900.4750,6.2666

7901.4750,6.2667

7902.4760,6.2664

7903.4750,6.2662

7904.4760,6.2663

7905.4750,6.2663

7906.4760,6.2663

7907.4760,6.2663

7908.4750,6.2665

7909.4750,6.2665

7910.4750,6.2666

7911.4750,6.2667

7912.4760,6.2667

7913.4750,6.2665

7914.4750,6.2670

7915.4750,6.2668

7916.4750,6.2670

7917.4750,6.2669

7918.4750,6.2670

7919.4750,6.2672

7920.4750,6.2672

7921.4750,6.2674

7922.4750,6.2675

7923.4750,6.2675

7924.4750,6.2675

7925.4760,6.2674

7926.4760,6.2674

7927.4750,6.2674

7928.4760,6.2676

7929.4750,6.2676

7930.4750,6.2675

7931.4750,6.2676

7932.4750,6.2675

7933.4760,6.2675

7934.4750,6.2676

7935.4750,6.2677

7936.4760,6.2674

7937.4750,6.2679

7938.4750,6.2676

7939.4750,6.2678

7940.4750,6.2680

7941.4760,6.2682

7942.4750,6.2683

7943.4750,6.2682

7944.4760,6.2683

7945.4760,6.2685

7946.4750,6.2683

7947.4760,6.2685

7948.4760,6.2686

7949.4760,6.2686

7950.4750,6.2686

7951.4750,6.2688

7952.4750,6.2687

7953.4750,6.2688

7954.4750,6.2687

7955.4750,6.2690

7956.4760,6.2690

7957.4760,6.2690

7958.4750,6.2693

7959.4750,6.2691

7960.4750,6.2690

7961.4750,6.2691

7962.4750,6.2692

7963.4750,6.2694

7964.4750,6.2695

7965.4750,6.2695

7966.4750,6.2696

7967.4760,6.2697

7968.4750,6.2697

7969.4760,6.2699

7970.4750,6.2700

7971.4750,6.2704

7972.4750,6.2703

7973.4760,6.2705

7974.4750,6.2705

7975.4760,6.2703

7976.4750,6.2705

7977.4760,6.2705

7978.4760,6.2706

7979.4750,6.2706

7980.4770,6.2706

7981.4760,6.2708

7982.4750,6.2707

7983.4750,6.2710

7984.4750,6.2710

7985.4750,6.2710

7986.4750,6.2711

7987.4750,6.2712

7988.4760,6.2726

7989.4760,6.2736

7990.4750,6.2731

7991.4750,6.2728

7992.4750,6.2722

7993.4750,6.2720

7994.4750,6.2719

7995.4750,6.2716

7996.4750,6.2722

7997.4750,6.2719

7998.4750,6.2719

7999.4750,6.2720

8000.4750,6.2719

8001.4760,6.2720

8002.4750,6.2722

8003.4750,6.2724

8004.4750,6.2725

8005.4750,6.2733

8006.4750,6.2751

8007.4750,6.2746

8008.4760,6.2737

8009.4760,6.2732

8010.4760,6.2730

8011.4750,6.2728

8012.4750,6.2729

8013.4750,6.2730

8014.4750,6.2730

8015.4750,6.2730

8016.4750,6.2730

8017.4750,6.2730

8018.4750,6.2730

8019.4750,6.2730

8020.4750,6.2731

8021.4750,6.2730

8022.4760,6.2732

8023.4750,6.2731

8024.4760,6.2730

8025.4760,6.2732

8026.4760,6.2730

8027.4750,6.2730

8028.4760,6.2733

8029.4750,6.2733

8030.4750,6.2734

8031.4750,6.2734

8032.4750,6.2736

8033.4750,6.2733

8034.4750,6.2734

8035.4750,6.2733

8036.4750,6.2734

8037.4750,6.2735

8038.4750,6.2735

8039.4750,6.2735

8040.4750,6.2734

8041.4750,6.2735

8042.4760,6.2730

8043.4750,6.2729

8044.4750,6.2731

8045.4750,6.2729

8046.4750,6.2727

8047.4750,6.2732

8048.4750,6.2732

8049.4750,6.2735

8050.4750,6.2733

8051.4750,6.2736

8052.4750,6.2736

8053.4750,6.2737

8054.4750,6.2737

8055.4760,6.2738

8056.4760,6.2739

8057.4750,6.2740

8058.4750,6.2742

8059.4750,6.2742

8060.4750,6.2743

8061.4750,6.2743

8062.4750,6.2743

8063.4760,6.2742

8064.4750,6.2741

8065.4750,6.2742

8066.4750,6.2742

8067.4750,6.2742

8068.4750,6.2745

8069.4750,6.2743

8070.4760,6.2745

8071.4750,6.2746

8072.4750,6.2745

8073.4750,6.2746

8074.4750,6.2746

8075.4760,6.2746

8076.4760,6.2745

8077.4750,6.2744

8078.4750,6.2745

8079.4760,6.2747

8080.4750,6.2747

8081.4750,6.2747

8082.4760,6.2748

8083.4750,6.2749

8084.4760,6.2749

8085.4750,6.2750

8086.4760,6.2753

8087.4750,6.2752

8088.4760,6.2753

8089.4750,6.2755

8090.4760,6.2771

8091.4750,6.2781

8092.4750,6.2770

8093.4750,6.2763

8094.4750,6.2758

8095.4750,6.2754

8096.4760,6.2750

8097.4750,6.2748

8098.4750,6.2747

8099.4760,6.2740

8100.4760,6.2739

8101.4750,6.2735

8102.4750,6.2733

8103.4750,6.2732

8104.4760,6.2730

8105.4750,6.2731

8106.4750,6.2730

8107.4750,6.2732

8108.4750,6.2730

8109.4760,6.2729

8110.4750,6.2728

8111.4750,6.2727

8112.4750,6.2723

8113.4750,6.2722

8114.4750,6.2719

8115.4760,6.2716

8116.4750,6.2715

8117.4750,6.2710

8118.4760,6.2707

8119.4750,6.2699

8120.4760,6.2672

8121.4760,6.2662

8122.4760,6.2665

8123.4750,6.2681

8124.4750,6.2696

8125.4750,6.2707

8126.4750,6.2711

8127.4750,6.2708

8128.4750,6.2699

8129.4750,6.2691

8130.4760,6.2637

8131.4750,6.2633

8132.4750,6.2622

8133.4750,6.2620

8134.4750,6.2606

8135.4750,6.2589

8136.4750,6.2593

8137.4760,6.2587

8138.4760,6.2583

8139.4750,6.2574

8140.4750,6.2565

8141.4760,6.2565

8142.4760,6.2573

8143.4750,6.2564

8144.4750,6.2561

8145.4760,6.2568

8146.4760,6.2563

8147.4760,6.2561

8148.4750,6.2562

8149.4750,6.2562

8150.4750,6.2562

8151.4750,6.2565

8152.4750,6.2565

8153.4750,6.2565

8154.4750,6.2568

8155.4750,6.2568

8156.4750,6.2573

8157.4760,6.2576

8158.4750,6.2580

8159.4750,6.2584

8160.4750,6.2581

8161.4750,6.2585

8162.4760,6.2585

8163.4750,6.2584

8164.4750,6.2588

8165.4750,6.2587

8166.4750,6.2590

8167.4750,6.2587

8168.4750,6.2585

8169.4760,6.2585

8170.4760,6.2587

8171.4750,6.2587

8172.4760,6.2591

8173.4750,6.2591

8174.4750,6.2587

8175.4760,6.2584

8176.4750,6.2592

8177.4760,6.2598

8178.4760,6.2601

8179.4750,6.2603

8180.4750,6.2605

8181.4750,6.2605

8182.4760,6.2606

8183.4750,6.2608

8184.4760,6.2608

8185.4750,6.2608

8186.4750,6.2606

8187.4750,6.2603

8188.4750,6.2598

8189.4750,6.2572

8190.4760,6.2565

8191.4750,6.2564

8192.4750,6.2564

8193.4750,6.2561

8194.4760,6.2561

8195.4750,6.2562

8196.4750,6.2565

8197.4750,6.2564

8198.4750,6.2564

8199.4750,6.2563

8200.4750,6.2563

8201.4750,6.2564

8202.4760,6.2564

8203.4760,6.2562

8204.4750,6.2565

8205.4750,6.2565

8206.4750,6.2565

8207.4750,6.2565

8208.4750,6.2566

8209.4750,6.2567

8210.4750,6.2568

8211.4750,6.2568

8212.4750,6.2569

8213.4750,6.2569

8214.4760,6.2569

8215.4750,6.2571

8216.4750,6.2570

8217.4750,6.2572

8218.4750,6.2573

8219.4750,6.2575

8220.4750,6.2575

8221.4750,6.2575

8222.4760,6.2575

8223.4750,6.2578

8224.4750,6.2577

8225.4750,6.2578

8226.4750,6.2577

8227.4750,6.2577

8228.4750,6.2577

8229.4750,6.2574

8230.4750,6.2577

8231.4750,6.2577

8232.4750,6.2575

8233.4750,6.2577

8234.4750,6.2576

8235.4760,6.2577

8236.4750,6.2576

8237.4750,6.2577

8238.4760,6.2576

8239.4750,6.2575

8240.4750,6.2576

8241.4750,6.2576

8242.4750,6.2577

8243.4750,6.2577

8244.4750,6.2578

8245.4760,6.2576

8246.4750,6.2576

8247.4750,6.2577

8248.4750,6.2575

8249.4760,6.2576

8250.4750,6.2576

8251.4750,6.2576

8252.4760,6.2576

8253.4750,6.2574

8254.4750,6.2567

8255.4750,6.2565

8256.4760,6.2564

8257.4750,6.2563

8258.4760,6.2563

8259.4750,6.2563

8260.4760,6.2557

8261.4750,6.2559

8262.4750,6.2560

8263.4750,6.2563

8264.4750,6.2563

8265.4750,6.2563

8266.4760,6.2564

8267.4750,6.2566

8268.4750,6.2566

8269.4750,6.2566

8270.4750,6.2567

8271.4750,6.2568

8272.4750,6.2568

8273.4750,6.2569

8274.4750,6.2568

8275.4750,6.2569

8276.4760,6.2570

8277.4750,6.2569

8278.4750,6.2570

8279.4760,6.2570

8280.4750,6.2576

8281.4750,6.2578

8282.4760,6.2577

8283.4760,6.2578

8284.4750,6.2578

8285.4750,6.2579

8286.4760,6.2580

8287.4750,6.2579

8288.4760,6.2581

8289.4750,6.2581

8290.4760,6.2582

8291.4760,6.2582

8292.4750,6.2583

8293.4750,6.2584

8294.4750,6.2583

8295.4750,6.2583

8296.4750,6.2584

8297.4750,6.2582

8298.4750,6.2584

8299.4760,6.2586

8300.4750,6.2585

8301.4750,6.2587

8302.4760,6.2588

8303.4750,6.2588

8304.4750,6.2590

8305.4750,6.2591

8306.4760,6.2590

8307.4750,6.2591

8308.4750,6.2590

8309.4750,6.2591

8310.4750,6.2594

8311.4750,6.2592

8312.4750,6.2592

8313.4760,6.2594

8314.4750,6.2593

8315.4750,6.2593

8316.4750,6.2593

8317.4750,6.2593

8318.4750,6.2591

8319.4750,6.2590

8320.4750,6.2591

8321.4750,6.2590

8322.4750,6.2592

8323.4750,6.2592

8324.4760,6.2593

8325.4750,6.2596

8326.4750,6.2595

8327.4750,6.2592

8328.4760,6.2593

8329.4750,6.2596

8330.4760,6.2595

8331.4750,6.2595

8332.4750,6.2595

8333.4750,6.2596

8334.4750,6.2595

8335.4750,6.2596

8336.4760,6.2596

8337.4760,6.2596

8338.4750,6.2596

8339.4760,6.2592

8340.4760,6.2596

8341.4760,6.2595

8342.4750,6.2595

8343.4760,6.2595

8344.4750,6.2597

8345.4750,6.2596

8346.4750,6.2597

8347.4750,6.2598

8348.4750,6.2598

8349.4750,6.2599

8350.4750,6.2598

8351.4750,6.2600

8352.4760,6.2599

8353.4750,6.2602

8354.4750,6.2602

8355.4750,6.2602

8356.4750,6.2602

8357.4750,6.2600

8358.4760,6.2601

8359.4750,6.2601

8360.4750,6.2600

8361.4760,6.2601

8362.4750,6.2600

8363.4750,6.2600

8364.4750,6.2599

8365.4760,6.2597

8366.4750,6.2598

8367.4750,6.2599

8368.4750,6.2600

8369.4760,6.2599

8370.4750,6.2601

8371.4750,6.2600

8372.4750,6.2600

8373.4750,6.2600

8374.4760,6.2600

8375.4750,6.2600

8376.4750,6.2601

8377.4750,6.2600

8378.4760,6.2599

8379.4760,6.2600

8380.4760,6.2600

8381.4750,6.2600

8382.4750,6.2600

8383.4750,6.2600

8384.4760,6.2600

8385.4760,6.2600

8386.4750,6.2599

8387.4750,6.2600

8388.4760,6.2598

8389.4750,6.2599

8390.4750,6.2598

8391.4750,6.2599

8392.4750,6.2598

8393.4760,6.2601

8394.4750,6.2598

8395.4750,6.2597

8396.4750,6.2597

8397.4750,6.2595

8398.4750,6.2595

8399.4750,6.2596

8400.4760,6.2594

8401.4750,6.2595

8402.4750,6.2593

8403.4750,6.2595

8404.4760,6.2594

8405.4760,6.2595

8406.4760,6.2594

8407.4760,6.2594

8408.4750,6.2593

8409.4750,6.2594

8410.4750,6.2595

8411.4750,6.2594

8412.4750,6.2593

8413.4760,6.2594

8414.4750,6.2595

8415.4750,6.2593

8416.4750,6.2593

8417.4750,6.2592

8418.4750,6.2593

8419.4750,6.2592

8420.4750,6.2591

8421.4750,6.2592

8422.4750,6.2592

8423.4750,6.2593

8424.4750,6.2594

8425.4760,6.2593

8426.4750,6.2594

8427.4750,6.2595

8428.4750,6.2596

8429.4760,6.2597

8430.4750,6.2597

8431.4760,6.2597

8432.4760,6.2598

8433.4750,6.2599

8434.4750,6.2600

8435.4750,6.2601

8436.4760,6.2602

8437.4750,6.2602

8438.4760,6.2605

8439.4750,6.2605

8440.4750,6.2607

8441.4750,6.2610

8442.4750,6.2611

8443.4750,6.2616

8444.4750,6.2616

8445.4750,6.2617

8446.4750,6.2618

8447.4750,6.2596

8448.4750,6.2593

8449.4750,6.2593

8450.4750,6.2591

8451.4750,6.2593

8452.4760,6.2592

8453.4750,6.2592

8454.4750,6.2592

8455.4750,6.2592

8456.4750,6.2594

8457.4750,6.2594

8458.4750,6.2594

8459.4750,6.2595

8460.4750,6.2595

8461.4750,6.2596

8462.4750,6.2595

8463.4760,6.2596

8464.4760,6.2596

8465.4750,6.2597

8466.4760,6.2597

8467.4750,6.2595

8468.4760,6.2600

8469.4760,6.2598

8470.4760,6.2598

8471.4750,6.2599

8472.4750,6.2599

8473.4750,6.2598

8474.4750,6.2598

8475.4750,6.2599

8476.4750,6.2599

8477.4750,6.2596

8478.4750,6.2597

8479.4750,6.2597

8480.4750,6.2597

8481.4750,6.2596

8482.4750,6.2598

8483.4750,6.2597

8484.4750,6.2599

8485.4750,6.2598

8486.4750,6.2600

8487.4750,6.2600

8488.4750,6.2600

8489.4760,6.2601

8490.4760,6.2600

8491.4760,6.2602

8492.4750,6.2602

8493.4750,6.2601

8494.4750,6.2603

8495.4750,6.2601

8496.4750,6.2601

8497.4750,6.2604

8498.4750,6.2604

8499.4750,6.2606

8500.4760,6.2604

8501.4750,6.2605

8502.4750,6.2605

8503.4750,6.2604

8504.4760,6.2606

8505.4750,6.2606

8506.4750,6.2605

8507.4750,6.2605

8508.4750,6.2606

8509.4750,6.2607

8510.4750,6.2606

8511.4750,6.2604

8512.4750,6.2606

8513.4750,6.2604

8514.4750,6.2605

8515.4750,6.2604

8516.4750,6.2605

8517.4750,6.2605

8518.4760,6.2607

8519.4750,6.2608

8520.4750,6.2607

8521.4750,6.2607

8522.4750,6.2605

8523.4750,6.2606

8524.4750,6.2603

8525.4750,6.2605

8526.4750,6.2604

8527.4760,6.2605

8528.4750,6.2605

8529.4750,6.2604

8530.4750,6.2605

8531.4750,6.2605

8532.4750,6.2604

8533.4750,6.2604

8534.4760,6.2605

8535.4750,6.2605

8536.4760,6.2605

8537.4750,6.2604

8538.4750,6.2605

8539.4750,6.2606

8540.4760,6.2605

8541.4760,6.2606

8542.4750,6.2606

8543.4750,6.2606

8544.4750,6.2605

8545.4750,6.2607

8546.4750,6.2606

8547.4750,6.2606

8548.4750,6.2605

8549.4750,6.2604

8550.4750,6.2606

8551.4750,6.2606

8552.4750,6.2608

8553.4750,6.2606

8554.4750,6.2606

8555.4750,6.2608

8556.4750,6.2607

8557.4750,6.2609

8558.4750,6.2608

8559.4750,6.2610

8560.4760,6.2609

8561.4750,6.2610

8562.4760,6.2610

8563.4750,6.2612

8564.4750,6.2611

8565.4750,6.2611

8566.4750,6.2613

8567.4750,6.2615

8568.4750,6.2617

8569.4750,6.2619

8570.4750,6.2622

8571.4750,6.2623

8572.4750,6.2624

8573.4750,6.2624

8574.4750,6.2622

8575.4770,6.2623

8576.4750,6.2625

8577.4750,6.2624

8578.4760,6.2625

8579.4750,6.2627

8580.4760,6.2627

8581.4750,6.2626

8582.4750,6.2628

8583.4750,6.2627

8584.4750,6.2629

8585.4750,6.2629

8586.4750,6.2630

8587.4750,6.2629

8588.4760,6.2630

8589.4750,6.2632

8590.4750,6.2630

8591.4750,6.2630

8592.4750,6.2628

8593.4750,6.2628

8594.4750,6.2628

8595.4760,6.2628

8596.4760,6.2627

8597.4750,6.2626

8598.4750,6.2626

8599.4750,6.2626

8600.4750,6.2625

8601.4750,6.2627

8602.4750,6.2624

8603.4750,6.2624

8604.4750,6.2624

8605.4760,6.2623

8606.4760,6.2623

8607.4750,6.2623

8608.4760,6.2623

8609.4750,6.2622

8610.4760,6.2622

8611.4750,6.2621

8612.4750,6.2623

8613.4750,6.2621

8614.4760,6.2620

8615.4750,6.2621

8616.4750,6.2622

8617.4750,6.2621

8618.4750,6.2621

8619.4750,6.2618

8620.4750,6.2621

8621.4750,6.2620

8622.4750,6.2620

8623.4750,6.2620

8624.4750,6.2621

8625.4760,6.2620

8626.4750,6.2619

8627.4750,6.2620

8628.4750,6.2621

8629.4750,6.2617

8630.4760,6.2623

8631.4760,6.2620

8632.4750,6.2622

8633.4750,6.2621

8634.4750,6.2623

8635.4760,6.2621

8636.4750,6.2624

8637.4750,6.2619

8638.4760,6.2621

8639.4750,6.2624

8640.4750,6.2622

8641.4750,6.2622

8642.4750,6.2624

8643.4760,6.2624

8644.4760,6.2623

8645.4760,6.2624

8646.4750,6.2623

8647.4750,6.2624

8648.4760,6.2624

8649.4750,6.2624

8650.4750,6.2625

8651.4750,6.2625

8652.4750,6.2626

8653.4750,6.2627

8654.4760,6.2627

8655.4750,6.2630

8656.4750,6.2631

8657.4750,6.2632

8658.4750,6.2634

8659.4750,6.2636

8660.4750,6.2638

8661.4750,6.2643

8662.4750,6.2644

8663.4750,6.2648

8664.4760,6.2648

8665.4750,6.2652

8666.4760,6.2653

8667.4750,6.2653

8668.4750,6.2653

8669.4750,6.2653

8670.4750,6.2654

8671.4750,6.2654

8672.4760,6.2654

8673.4750,6.2654

8674.4760,6.2653

8675.4750,6.2654

8676.4750,6.2654

8677.4750,6.2655

8678.4750,6.2654

8679.4750,6.2654

8680.4750,6.2653

8681.4750,6.2655

8682.4750,6.2654

8683.4750,6.2650

8684.4750,6.2651

8685.4750,6.2652

8686.4760,6.2652

8687.4750,6.2649

8688.4760,6.2653

8689.4750,6.2650

8690.4750,6.2648

8691.4750,6.2648

8692.4750,6.2648

8693.4750,6.2647

8694.4750,6.2648

8695.4760,6.2647

8696.4750,6.2646

8697.4750,6.2646

8698.4760,6.2644

8699.4750,6.2644

8700.4750,6.2643

8701.4750,6.2642

8702.4750,6.2643

8703.4750,6.2641

8704.4750,6.2641

8705.4750,6.2640

8706.4750,6.2641

8707.4750,6.2641

8708.4750,6.2639

8709.4750,6.2640

8710.4750,6.2640

8711.4750,6.2640

8712.4760,6.2637

8713.4750,6.2639

8714.4760,6.2639

8715.4750,6.2640

8716.4760,6.2638

8717.4750,6.2641

8718.4750,6.2639

8719.4750,6.2639

8720.4750,6.2640

8721.4750,6.2639

8722.4750,6.2640

8723.4760,6.2639

8724.4760,6.2640

8725.4750,6.2639

8726.4750,6.2638

8727.4750,6.2639

8728.4750,6.2639

8729.4750,6.2640

8730.4750,6.2640

8731.4750,6.2641

8732.4750,6.2642

8733.4760,6.2644

8734.4750,6.2644

8735.4750,6.2645

8736.4750,6.2643

8737.4750,6.2643

8738.4760,6.2642

8739.4750,6.2644

8740.7940,6.2644

8741.4760,6.2644

8742.4760,6.2642

8743.4750,6.2643

8744.4760,6.2643

8745.4750,6.2646

8746.4750,6.2646

8747.4750,6.2646

8748.4760,6.2646

8749.4750,6.2648

8750.4750,6.2646

8751.4760,6.2646

8752.4760,6.2646

8753.4750,6.2646

8754.4750,6.2646

8755.4760,6.2647

8756.4750,6.2647

8757.4750,6.2646

8758.4750,6.2646

8759.4750,6.2647

8760.4750,6.2646

8761.4750,6.2648

8762.4750,6.2649

8763.4760,6.2649

8764.4750,6.2650

8765.4750,6.2649

8766.4750,6.2651

8767.4750,6.2652

8768.4750,6.2652

8769.4750,6.2652

8770.4750,6.2651

8771.4750,6.2648

8772.4750,6.2647

8773.4760,6.2647

8774.4750,6.2649

8775.4750,6.2647

8776.4750,6.2649

8777.4750,6.2646

8778.4750,6.2647

8779.4750,6.2647

8780.4750,6.2646

8781.4760,6.2647

8782.4750,6.2648

8783.4750,6.2645

8784.4750,6.2648

8785.4750,6.2649

8786.4750,6.2648

8787.4750,6.2647

8788.4750,6.2646

8789.4760,6.2647

8790.4760,6.2647

8791.4760,6.2644

8792.4750,6.2646

8793.4750,6.2645

8794.4750,6.2644

8795.4750,6.2645

8796.4750,6.2645

8797.4750,6.2647

8798.4750,6.2649

8799.4760,6.2652

8800.4750,6.2654

8801.4750,6.2658

8802.4750,6.2662

8803.4750,6.2664

8804.4750,6.2669

8805.4760,6.2673

8806.4750,6.2676

8807.4750,6.2679

8808.4750,6.2680

8809.4750,6.2682

8810.4750,6.2682

8811.4760,6.2684

8812.4760,6.2684

8813.4750,6.2683

8814.4760,6.2684

8815.4750,6.2685

8816.4750,6.2686

8817.4760,6.2687

8818.4750,6.2688

8819.4750,6.2687

8820.4750,6.2687

8821.4750,6.2688

8822.4760,6.2690

8823.4750,6.2690

8824.4750,6.2684

8825.4750,6.2685

8826.4750,6.2686

8827.4750,6.2686

8828.4760,6.2686

8829.4750,6.2687

8830.4750,6.2685

8831.4760,6.2678

8832.4750,6.2675

8833.4750,6.2682

8834.4760,6.2691

8835.4750,6.2690

8836.4750,6.2687

8837.4750,6.2685

8838.4750,6.2683

8839.4760,6.2679

8840.4750,6.2678

8841.4750,6.2678

8842.4760,6.2676

8843.4750,6.2675

8844.4750,6.2665

8845.4750,6.2664

8846.4750,6.2663

8847.4750,6.2664

8848.4750,6.2663

8849.4760,6.2665

8850.4750,6.2664

8851.4750,6.2665

8852.4750,6.2665

8853.4750,6.2667

8854.4760,6.2669

8855.4750,6.2668

8856.4750,6.2672

8857.4760,6.2669

8858.4750,6.2668

8859.4750,6.2668

8860.4750,6.2669

8861.4750,6.2671

8862.4750,6.2670

8863.4750,6.2669

8864.4750,6.2670

8865.4750,6.2671

8866.4760,6.2672

8867.4750,6.2669

8868.4750,6.2672

8869.4760,6.2672

8870.4760,6.2674

8871.4750,6.2673

8872.4750,6.2675

8873.4760,6.2676

8874.4750,6.2677

8875.4750,6.2677

8876.4750,6.2677

8877.4750,6.2678

8878.4750,6.2678

8879.4750,6.2678

8880.4750,6.2678

8881.4750,6.2676

8882.4750,6.2677

8883.4750,6.2677

8884.4750,6.2677

8885.4750,6.2678

8886.4750,6.2680

8887.4750,6.2680

8888.4750,6.2679

8889.4750,6.2682

8890.4750,6.2682

8891.4750,6.2682

8892.4750,6.2683

8893.4750,6.2684

8894.4750,6.2684

8895.4760,6.2684

8896.4750,6.2685

8897.4750,6.2686

8898.4750,6.2685

8899.4760,6.2684

8900.4760,6.2686

8901.4760,6.2686

8902.4750,6.2686

8903.4750,6.2686

8904.4750,6.2687

8905.4750,6.2686

8906.4760,6.2687

8907.4750,6.2687

8908.4750,6.2688

8909.4750,6.2689

8910.4750,6.2691

8911.4750,6.2690

8912.4750,6.2693

8913.4750,6.2692

8914.4750,6.2691

8915.4750,6.2695

8916.4750,6.2693

8917.4750,6.2694

8918.4760,6.2693

8919.4750,6.2693

8920.4760,6.2696

8921.4750,6.2695

8922.4760,6.2696

8923.4760,6.2695

8924.4750,6.2697

8925.4750,6.2697

8926.4760,6.2697

8927.4750,6.2698

8928.4750,6.2699

8929.4760,6.2699

8930.4760,6.2699

8931.4750,6.2699

8932.4750,6.2699

8933.4750,6.2700

8934.4760,6.2700

8935.4750,6.2701

8936.4750,6.2701

8937.4760,6.2700

8938.4750,6.2702

8939.4750,6.2702

8940.4750,6.2704

8941.4750,6.2702

8942.4760,6.2704

8943.4750,6.2704

8944.4750,6.2702

8945.4750,6.2703

8946.4760,6.2704

8947.4750,6.2703

8948.4750,6.2704

8949.4750,6.2705

8950.4750,6.2706

8951.4760,6.2707

8952.4760,6.2706

8953.4760,6.2707

8954.4750,6.2708

8955.4760,6.2710

8956.4760,6.2709

8957.4750,6.2710

8958.4750,6.2712

8959.4750,6.2713

8960.4760,6.2712

8961.4750,6.2715

8962.4750,6.2715

8963.4760,6.2716

8964.4750,6.2717

8965.4750,6.2719

8966.4750,6.2718

8967.4750,6.2716

8968.4760,6.2722

8969.4750,6.2720

8970.4750,6.2722

8971.4760,6.2722

8972.4760,6.2717

8973.4760,6.2716

8974.4750,6.2718

8975.4750,6.2719

8976.4750,6.2720

8977.4750,6.2722

8978.4760,6.2722

8979.4760,6.2723

8980.4750,6.2726

8981.4750,6.2725

8982.4750,6.2726

8983.4760,6.2727

8984.4760,6.2727

8985.4760,6.2731

8986.4750,6.2732

8987.4750,6.2731

8988.4750,6.2730

8989.4750,6.2733

8990.4750,6.2735

8991.4750,6.2733

8992.4750,6.2733

8993.4750,6.2733

8994.4750,6.2734

8995.4750,6.2735

8996.4750,6.2736

8997.4750,6.2735

8998.4750,6.2736

8999.4750,6.2737

9000.4750,6.2738

9001.4750,6.2736

9002.4750,6.2738

9003.4750,6.2736

9004.4760,6.2736

9005.4750,6.2736

9006.4750,6.2738

9007.4750,6.2737

9008.4760,6.2735

9009.4760,6.2738

9010.4750,6.2737

9011.4750,6.2737

9012.4760,6.2738

9013.4750,6.2736

9014.4750,6.2736

9015.4750,6.2736

9016.4760,6.2736

9017.4750,6.2737

9018.4750,6.2735

9019.4750,6.2729

9020.4750,6.2730

9021.4760,6.2730

9022.4750,6.2730

9023.4750,6.2731

9024.4760,6.2731

9025.4760,6.2730

9026.4750,6.2733

9027.4750,6.2732

9028.4760,6.2731

9029.4750,6.2733

9030.4750,6.2732

9031.4760,6.2733

9032.4760,6.2731

9033.4760,6.2733

9034.4750,6.2733

9035.4750,6.2734

9036.4750,6.2734

9037.4750,6.2734

9038.4750,6.2732

9039.4760,6.2734

9040.4760,6.2732

9041.4750,6.2734

9042.4750,6.2734

9043.4750,6.2735

9044.4750,6.2735

9045.4760,6.2736

9046.4760,6.2736

9047.4750,6.2736

9048.4750,6.2736

9049.4750,6.2736

9050.4760,6.2737

9051.4750,6.2737

9052.4760,6.2737

9053.4750,6.2734

9054.4750,6.2733

9055.4760,6.2732

9056.4750,6.2736

9057.4760,6.2734

9058.4750,6.2733

9059.4760,6.2732

9060.4750,6.2733

9061.4760,6.2732

9062.4750,6.2731

9063.4750,6.2730

9064.4750,6.2730

9065.4750,6.2728

9066.4760,6.2729

9067.4750,6.2730

9068.4750,6.2728

9069.4750,6.2721

9070.4760,6.2722

9071.4750,6.2720

9072.4760,6.2720

9073.4750,6.2718

9074.4750,6.2716

9075.4750,6.2713

9076.4750,6.2709

9077.4750,6.2705

9078.4760,6.2700

9079.4760,6.2695

9080.4750,6.2687

9081.4760,6.2682

9082.4760,6.2679

9083.4750,6.2676

9084.4750,6.2674

9085.4760,6.2671

9086.4750,6.2671

9087.4750,6.2670

9088.4750,6.2669

9089.4750,6.2669

9090.4750,6.2669

9091.4750,6.2670

9092.4760,6.2669

9093.4750,6.2669

9094.4750,6.2670

9095.4750,6.2671

9096.4760,6.2672

9097.4750,6.2674

9098.4750,6.2677

9099.4760,6.2677

9100.4750,6.2680

9101.4750,6.2683

9102.4750,6.2683

9103.4750,6.2685

9104.4750,6.2689

9105.4760,6.2690

9106.4750,6.2691

9107.4750,6.2692

9108.4750,6.2694

9109.4750,6.2695

9110.4750,6.2698

9111.4750,6.2700

9112.4750,6.2701

9113.4750,6.2704

9114.4750,6.2706

9115.4750,6.2708

9116.4750,6.2706

9117.4750,6.2708

9118.4750,6.2711

9119.4760,6.2712

9120.4750,6.2715

9121.4750,6.2714

9122.4750,6.2716

9123.4750,6.2718

9124.4750,6.2718

9125.4750,6.2718

9126.4750,6.2721

9127.4750,6.2720

9128.4750,6.2719

9129.4750,6.2719

9130.4750,6.2722

9131.4750,6.2725

9132.4760,6.2727

9133.4750,6.2723

9134.4750,6.2722

9135.4750,6.2723

9136.4750,6.2725

9137.4750,6.2726

9138.4750,6.2730

9139.4750,6.2730

9140.4760,6.2729

9141.4750,6.2733

9142.4750,6.2733

9143.4750,6.2731

9144.4750,6.2730

9145.4750,6.2730

9146.4750,6.2731

9147.4760,6.2731

9148.4750,6.2733

9149.4750,6.2733

9150.4750,6.2730

9151.4750,6.2731

9152.4750,6.2729

9153.4750,6.2731

9154.4750,6.2730

9155.4760,6.2732

9156.4750,6.2732

9157.4750,6.2734

9158.4760,6.2734

9159.4750,6.2735

9160.4750,6.2735

9161.4760,6.2738

9162.4750,6.2737

9163.4750,6.2739

9164.4760,6.2739

9165.4750,6.2738

9166.4760,6.2742

9167.4750,6.2745

9168.4760,6.2746

9169.4750,6.2744

9170.4750,6.2744

9171.4750,6.2744

9172.4750,6.2744

9173.4750,6.2744

9174.4750,6.2747

9175.4760,6.2748

9176.4750,6.2749

9177.4750,6.2750

9178.4750,6.2750

9179.4760,6.2748

9180.4750,6.2751

9181.4750,6.2751

9182.4760,6.2753

9183.4760,6.2754

9184.4750,6.2753

9185.4750,6.2757

9186.4760,6.2756

9187.4760,6.2755

9188.4750,6.2758

9189.4750,6.2759

9190.4760,6.2759

9191.4750,6.2759

9192.4750,6.2762

9193.4750,6.2762

9194.4750,6.2765

9195.4750,6.2767

9196.4760,6.2768

9197.4750,6.2768

9198.4750,6.2768

9199.4760,6.2771

9200.4750,6.2770

9201.4760,6.2766

9202.4750,6.2767

9203.4750,6.2770

9204.4750,6.2773

9205.4750,6.2770

9206.4750,6.2768

9207.4750,6.2767

9208.4750,6.2768

9209.4750,6.2767

9210.4750,6.2767

9211.4760,6.2768

9212.4750,6.2768

9213.4750,6.2766

9214.4750,6.2767

9215.4760,6.2769

9216.4750,6.2769

9217.4750,6.2764

9218.4750,6.2763

9219.4750,6.2765

9220.4760,6.2764

9221.4750,6.2764

9222.4750,6.2763

9223.4750,6.2764

9224.4760,6.2764

9225.4760,6.2767

9226.4750,6.2767

9227.4760,6.2768

9228.4750,6.2767

9229.4750,6.2771

9230.4750,6.2773

9231.4750,6.2773

9232.4750,6.2777

9233.4750,6.2778

9234.4750,6.2778

9235.4760,6.2781

9236.4750,6.2780

9237.4750,6.2782

9238.4750,6.2783

9239.4760,6.2785

9240.4750,6.2784

9241.4750,6.2785

9242.4750,6.2786

9243.4750,6.2787

9244.4760,6.2788

9245.4760,6.2787

9246.4750,6.2789

9247.4750,6.2790

9248.4750,6.2790

9249.4750,6.2791

9250.4750,6.2791

9251.4750,6.2789

9252.4750,6.2791

9253.4770,6.2800

9254.4750,6.2800

9255.4760,6.2800

9256.4760,6.2797

9257.4750,6.2797

9258.4750,6.2799

9259.4750,6.2799

9260.4750,6.2797

9261.4750,6.2797

9262.4750,6.2797

9263.4760,6.2798

9264.4750,6.2797

9265.4760,6.2798

9266.4750,6.2797

9267.4760,6.2798

9268.4750,6.2799

9269.4750,6.2800

9270.4750,6.2800

9271.4750,6.2800

9272.4750,6.2802

9273.4750,6.2801

9274.4750,6.2799

9275.4750,6.2800

9276.4750,6.2800

9277.4750,6.2799

9278.4750,6.2803

9279.4760,6.2795

9280.4750,6.2793

9281.4750,6.2793

9282.4750,6.2794

9283.4750,6.2794

9284.4750,6.2798

9285.4750,6.2796

9286.4760,6.2796

9287.4750,6.2797

9288.4750,6.2799

9289.4750,6.2800

9290.4750,6.2800

9291.4760,6.2800

9292.4760,6.2802

9293.4750,6.2802

9294.4750,6.2803

9295.4750,6.2804

9296.4750,6.2804

9297.4760,6.2802

9298.4750,6.2799

9299.4750,6.2801

9300.4760,6.2801

9301.4750,6.2800

9302.4760,6.2801

9303.4750,6.2801

9304.4760,6.2802

9305.4750,6.2802

9306.4760,6.2804

9307.4750,6.2802

9308.4750,6.2804

9309.4750,6.2804

9310.4760,6.2803

9311.4750,6.2804

9312.4750,6.2805

9313.4750,6.2805

9314.4750,6.2804

9315.4750,6.2804

9316.4750,6.2806

9317.4750,6.2807

9318.4750,6.2809

9319.4750,6.2807

9320.4750,6.2807

9321.4760,6.2808

9322.4760,6.2806

9323.4760,6.2804

9324.4750,6.2803

9325.4750,6.2800

9326.4760,6.2804

9327.4750,6.2801

9328.4750,6.2803

9329.4750,6.2802

9330.4750,6.2802

9331.4750,6.2802

9332.4760,6.2801

9333.4750,6.2800

9334.4750,6.2797

9335.4750,6.2795

9336.4750,6.2790

9337.4750,6.2783

9338.4750,6.2780

9339.4760,6.2773

9340.4760,6.2766

9341.4750,6.2759

9342.4750,6.2751

9343.4750,6.2746

9344.4750,6.2743

9345.4760,6.2740

9346.4760,6.2741

9347.4760,6.2740

9348.4750,6.2741

9349.4750,6.2742

9350.4750,6.2743

9351.4750,6.2743

9352.4750,6.2745

9353.4750,6.2746

9354.4750,6.2746

9355.4750,6.2747

9356.4750,6.2749

9357.4750,6.2752

9358.4750,6.2753

9359.4760,6.2755

9360.4750,6.2756

9361.4760,6.2758

9362.4760,6.2760

9363.4750,6.2762

9364.4750,6.2763

9365.4750,6.2763

9366.4760,6.2766

9367.4750,6.2768

9368.4750,6.2770

9369.4760,6.2770

9370.4760,6.2775

9371.4750,6.2777

9372.4750,6.2777

9373.4750,6.2776

9374.4760,6.2779

9375.4760,6.2781

9376.4750,6.2781

9377.4760,6.2782

9378.4750,6.2782

9379.4760,6.2783

9380.4760,6.2783

9381.4750,6.2783

9382.4750,6.2784

9383.4750,6.2784

9384.4750,6.2784

9385.4750,6.2784

9386.4750,6.2785

9387.4750,6.2784

9388.4750,6.2785

9389.4750,6.2786

9390.4760,6.2786

9391.4750,6.2786

9392.4750,6.2787

9393.4750,6.2787

9394.4750,6.2787

9395.4750,6.2788

9396.4750,6.2783

9397.4750,6.2784

9398.4750,6.2781

9399.4760,6.2780

9400.4760,6.2783

9401.4750,6.2786

9402.4750,6.2783

9403.4750,6.2784

9404.4750,6.2783

9405.4750,6.2784

9406.4760,6.2783

9407.4750,6.2784

9408.4750,6.2785

9409.4750,6.2785

9410.4750,6.2785

9411.4750,6.2786

9412.4750,6.2786

9413.4750,6.2787

9414.4750,6.2786

9415.4750,6.2788

9416.4750,6.2790

9417.4750,6.2789

9418.4760,6.2791

9419.4760,6.2792

9420.4750,6.2791

9421.4750,6.2794

9422.4750,6.2796

9423.4750,6.2797

9424.4750,6.2799

9425.4750,6.2799

9426.4750,6.2800

9427.4750,6.2801

9428.4750,6.2800

9429.4750,6.2801

9430.4750,6.2804

9431.4750,6.2805

9432.4750,6.2804

9433.4760,6.2810

9434.4760,6.2812

9435.4750,6.2815

9436.4750,6.2815

9437.4750,6.2815

9438.4750,6.2817

9439.4750,6.2816

9440.4750,6.2817

9441.4760,6.2812

9442.4750,6.2816

9443.4750,6.2816

9444.4750,6.2815

9445.4750,6.2814

9446.4760,6.2815

9447.4750,6.2815

9448.4750,6.2813

9449.4760,6.2813

9450.4750,6.2815

9451.4760,6.2813

9452.4760,6.2813

9453.4760,6.2810

9454.4750,6.2806

9455.4750,6.2799

9456.4750,6.2795

9457.4760,6.2791

9458.4760,6.2788

9459.4750,6.2783

9460.4750,6.2781

9461.4750,6.2777

9462.4750,6.2775

9463.4750,6.2773

9464.4760,6.2770

9465.4750,6.2769

9466.4860,6.2765

9467.4750,6.2763

9468.4750,6.2764

9469.4750,6.2760

9470.4750,6.2758

9471.4750,6.2758

9472.4750,6.2756

9473.4750,6.2756

9474.4750,6.2756

9475.4750,6.2755

9476.4750,6.2755

9477.4750,6.2752

9478.4750,6.2753

9479.4750,6.2754

9480.4750,6.2753

9481.4750,6.2755

9482.4760,6.2756

9483.4760,6.2758

9484.4750,6.2760

9485.4750,6.2762

9486.4750,6.2763

9487.4750,6.2765

9488.4750,6.2766

9489.4750,6.2767

9490.4750,6.2770

9491.4750,6.2771

9492.4750,6.2770

9493.4760,6.2772

9494.4750,6.2773

9495.4750,6.2774

9496.4750,6.2774

9497.4750,6.2776

9498.4750,6.2779

9499.4760,6.2779

9500.4760,6.2782

9501.4750,6.2782

9502.4750,6.2783

9503.4750,6.2784

9504.4750,6.2780

9505.4750,6.2780

9506.4750,6.2780

9507.4750,6.2783

9508.4750,6.2782

9509.4750,6.2783

9510.4750,6.2783

9511.4750,6.2783

9512.4760,6.2784

9513.4750,6.2785

9514.4750,6.2786

9515.4760,6.2789

9516.4750,6.2790

9517.4750,6.2792

9518.4750,6.2792

9519.4750,6.2793

9520.4760,6.2796

9521.4760,6.2797

9522.4750,6.2798

9523.4750,6.2798

9524.4750,6.2800

9525.4750,6.2799

9526.4750,6.2800

9527.4750,6.2802

9528.4750,6.2802

9529.4750,6.2802

9530.4760,6.2803

9531.4750,6.2804

9532.4750,6.2806

9533.4750,6.2806

9534.4750,6.2807

9535.4750,6.2809

9536.4750,6.2807

9537.4750,6.2807

9538.4760,6.2808

9539.4750,6.2810

9540.4760,6.2809

9541.4750,6.2810

9542.4750,6.2811

9543.4760,6.2812

9544.4750,6.2812

9545.4750,6.2813

9546.4750,6.2813

9547.4750,6.2814

9548.4750,6.2815

9549.4750,6.2815

9550.4750,6.2813

9551.4750,6.2814

9552.4750,6.2813

9553.4760,6.2815

9554.4750,6.2814

9555.4750,6.2813

9556.4750,6.2815

9557.4750,6.2814

9558.4760,6.2815

9559.4760,6.2815

9560.4750,6.2814

9561.4750,6.2815

9562.4750,6.2816

9563.4750,6.2827

9564.4750,6.2831

9565.4750,6.2832

9566.4750,6.2833

9567.4750,6.2834

9568.4760,6.2835

9569.4760,6.2836

9570.4750,6.2837

9571.4760,6.2838

9572.4750,6.2839

9573.4760,6.2839

9574.4750,6.2839

9575.4750,6.2840

9576.4750,6.2842

9577.4750,6.2842

9578.4760,6.2843

9579.4750,6.2843

9580.4750,6.2845

9581.4750,6.2844

9582.4750,6.2844

9583.4750,6.2845

9584.4750,6.2844

9585.4760,6.2845

9586.4750,6.2845

9587.4750,6.2847

9588.4750,6.2847

9589.4750,6.2848

9590.4750,6.2848

9591.4760,6.2851

9592.4760,6.2849

9593.4760,6.2850

9594.4750,6.2851

9595.4750,6.2852

9596.4760,6.2851

9597.4760,6.2852

9598.4750,6.2853

9599.4750,6.2856

9600.4750,6.2855

9601.4750,6.2854

9602.4750,6.2855

9603.4750,6.2857

9604.4770,6.2858

9605.4750,6.2857

9606.4750,6.2856

9607.4760,6.2857

9608.4750,6.2858

9609.4750,6.2859

9610.4750,6.2859

9611.4750,6.2859

9612.4750,6.2861

9613.4750,6.2862

9614.4760,6.2862

9615.4750,6.2862

9616.4760,6.2861

9617.4750,6.2860

9618.4750,6.2860

9619.4750,6.2862

9620.4750,6.2864

9621.4750,6.2863

9622.4750,6.2865

9623.4760,6.2865

9624.4760,6.2866

9625.4750,6.2867

9626.4760,6.2865

9627.4760,6.2869

9628.4750,6.2867

9629.4750,6.2871

9630.4760,6.2873

9631.4750,6.2874

9632.4750,6.2873

9633.4750,6.2875

9634.4750,6.2878

9635.4750,6.2879

9636.4750,6.2879

9637.4750,6.2878

9638.4750,6.2881

9639.4750,6.2881

9640.4760,6.2882

9641.4750,6.2884

9642.4750,6.2882

9643.4760,6.2885

9644.4750,6.2884

9645.4750,6.2885

9646.4750,6.2886

9647.4750,6.2884

9648.4750,6.2886

9649.4750,6.2886

9650.4760,6.2885

9651.4750,6.2886

9652.4750,6.2886

9653.4750,6.2887

9654.4750,6.2887

9655.4750,6.2888

9656.4760,6.2888

9657.4750,6.2888

9658.4750,6.2889

9659.4750,6.2888

9660.4750,6.2889

9661.4750,6.2892

9662.4750,6.2890

9663.4750,6.2892

9664.4750,6.2892

9665.4750,6.2893

9666.4760,6.2894

9667.4750,6.2894

9668.4750,6.2895

9669.4750,6.2897

9670.4750,6.2900

9671.4750,6.2902

9672.4750,6.2899

9673.4760,6.2900

9674.4760,6.2901

9675.4760,6.2899

9676.4750,6.2901

9677.4760,6.2903

9678.4750,6.2905

9679.4750,6.2906

9680.4750,6.2905

9681.4760,6.2906

9682.4750,6.2908

9683.4750,6.2908

9684.4750,6.2911

9685.4750,6.2913

9686.4760,6.2913

9687.4750,6.2915

9688.4750,6.2915

9689.4750,6.2914

9690.4750,6.2915

9691.4750,6.2916

9692.4750,6.2916

9693.4760,6.2916

9694.4750,6.2916

9695.4750,6.2913

9696.4750,6.2912

9697.4750,6.2907

9698.4750,6.2909

9699.4750,6.2908

9700.4750,6.2906

9701.4760,6.2906

9702.4750,6.2907

9703.4750,6.2909

9704.4750,6.2915

9705.4760,6.2919

9706.4760,6.2918

9707.4760,6.2918

9708.4750,6.2919

9709.4760,6.2920

9710.4750,6.2921

9711.4750,6.2923

9712.4750,6.2922

9713.4750,6.2923

9714.4750,6.2925

9715.4750,6.2926

9716.4760,6.2928

9717.4750,6.2927

9718.4760,6.2926

9719.4750,6.2923

9720.4750,6.2925

9721.4750,6.2927

9722.4750,6.2928

9723.4760,6.2931

9724.4750,6.2934

9725.4760,6.2935

9726.4750,6.2934

9727.4750,6.2937

9728.4750,6.2935

9729.4750,6.2936

9730.4750,6.2936

9731.4750,6.2937

9732.4750,6.2936

9733.4750,6.2936

9734.4750,6.2933

9735.4750,6.2934

9736.4750,6.2933

9737.4750,6.2932

9738.4760,6.2930

9739.4760,6.2932

9740.4750,6.2933

9741.4750,6.2933

9742.4750,6.2933

9743.4760,6.2935

9744.4750,6.2936

9745.4750,6.2938

9746.4760,6.2939

9747.4750,6.2938

9748.4750,6.2939

9749.4750,6.2939

9750.4750,6.2938

9751.4750,6.2937

9752.4750,6.2937

9753.4750,6.2934

9754.4750,6.2928

9755.4760,6.2936

9756.4750,6.2938

9757.4750,6.2938

9758.4750,6.2940

9759.4750,6.2941

9760.4750,6.2941

9761.4750,6.2943

9762.4750,6.2942

9763.4750,6.2944

9764.4750,6.2944

9765.4750,6.2944

9766.4750,6.2945

9767.4750,6.2945

9768.4750,6.2943

9769.4760,6.2945

9770.4760,6.2944

9771.4760,6.2944

9772.4750,6.2942

9773.4750,6.2944

9774.4750,6.2947

9775.4750,6.2947

9776.4760,6.2948

9777.4750,6.2942

9778.4750,6.2944

9779.4750,6.2945

9780.4760,6.2941

9781.4750,6.2943

9782.4750,6.2943

9783.4750,6.2942

9784.4750,6.2944

9785.4760,6.2943

9786.4750,6.2943

9787.4750,6.2942

9788.4750,6.2942

9789.4750,6.2942

9790.4750,6.2942

9791.4760,6.2941

9792.4750,6.2941

9793.4760,6.2942

9794.4750,6.2940

9795.4760,6.2939

9796.4750,6.2939

9797.4750,6.2945

9798.4750,6.2948

9799.4750,6.2949

9800.4760,6.2946

9801.4750,6.2943

9802.4750,6.2942

9803.4760,6.2945

9804.4750,6.2942

9805.4750,6.2941

9806.4760,6.2941

9807.4750,6.2939

9808.4750,6.2939

9809.4750,6.2941

9810.4750,6.2941

9811.4750,6.2942

9812.4750,6.2942

9813.4760,6.2945

9814.4750,6.2944

9815.4750,6.2942

9816.4750,6.2945

9817.4760,6.2946

9818.4750,6.2945

9819.4750,6.2947

9820.4750,6.2949

9821.4750,6.2951

9822.4750,6.2953

9823.4750,6.2950

9824.4760,6.2953

9825.4750,6.2955

9826.4750,6.2956

9827.4750,6.2957

9828.4750,6.2958

9829.4760,6.2960

9830.4750,6.2961

9831.4750,6.2963

9832.4750,6.2963

9833.4760,6.2966

9834.4750,6.2967

9835.4750,6.2967

9836.4760,6.2971

9837.4750,6.2973

9838.4750,6.2975

9839.4750,6.2973

9840.4760,6.2956

9841.4750,6.2930

9842.4750,6.2907

9843.4760,6.2888

9844.4760,6.2862

9845.4750,6.2845

9846.4760,6.2835

9847.4750,6.2815

9848.4750,6.2808

9849.4750,6.2793

9850.4750,6.2784

9851.4760,6.2784

9852.4760,6.2794

9853.4750,6.2788

9854.4750,6.2789

9855.4750,6.2793

9856.4750,6.2823

9857.4750,6.2839

9858.4750,6.2853

9859.4750,6.2872

9860.4750,6.2890

9861.4760,6.2892

9862.4760,6.2892

9863.4760,6.2883

9864.4760,6.2883

9865.4750,6.2880

9866.4750,6.2894

9867.4760,6.2899

9868.4750,6.2897

9869.4750,6.2900

9870.4750,6.2904

9871.4750,6.2897

9872.4760,6.2894

9873.4760,6.2889

9874.4750,6.2885

9875.4750,6.2883

9876.4750,6.2878

9877.4750,6.2874

9878.4760,6.2874

9879.4750,6.2873

9880.4750,6.2874

9881.4750,6.2875

9882.4750,6.2879

9883.4760,6.2873

9884.4760,6.2871

9885.4750,6.2862

9886.4750,6.2859

9887.4760,6.2854

9888.4750,6.2860

9889.4760,6.2864

9890.4750,6.2864

9891.4750,6.2754

9892.4750,6.2743

9893.4760,6.2763

9894.4750,6.2752

9895.4760,6.2741

9896.4760,6.2742

9897.4750,6.2750

9898.4750,6.2763

9899.4760,6.2772

9900.4750,6.2776

9901.4750,6.2786

9902.4760,6.2799

9903.4760,6.2808

9904.4750,6.2815

9905.4760,6.2814

9906.4750,6.2812

9907.4750,6.2803

9908.4750,6.2804

9909.4750,6.2807

9910.4750,6.2806

9911.4750,6.2806

9912.4750,6.2792

9913.4750,6.2786

9914.4750,6.2788

9915.4750,6.2788

9916.4760,6.2796

9917.4750,6.2803

9918.4750,6.2808

9919.4750,6.2815

9920.4750,6.2818

9921.4750,6.2824

9922.4750,6.2827

9923.4750,6.2829

9924.4750,6.2834

9925.4750,6.2837

9926.4750,6.2838

9927.4750,6.2841

9928.4760,6.2841

9929.4750,6.2845

9930.4750,6.2850

9931.4760,6.2852

9932.4760,6.2856

9933.4760,6.2857

9934.4750,6.2857

9935.4750,6.2854

9936.4750,6.2851

9937.4760,6.2849

9938.4750,6.2850

9939.4750,6.2851

9940.4750,6.2857

9941.4750,6.2860

9942.4760,6.2861

9943.4750,6.2861

9944.4750,6.2862

9945.4750,6.2861

9946.4750,6.2857

9947.4750,6.2855

9948.4750,6.2855

9949.4750,6.2856

9950.4760,6.2857

9951.4750,6.2856

9952.4750,6.2857

9953.4750,6.2858

9954.4760,6.2859

9955.4750,6.2852

9956.4760,6.2857

9957.4760,6.2852

9958.4760,6.2854

9959.4750,6.2855

9960.4750,6.2857

9961.4760,6.2859

9962.4750,6.2858

9963.4750,6.2859

9964.4750,6.2858

9965.4750,6.2858

9966.4750,6.2859

9967.4750,6.2858

9968.4750,6.2856

9969.4760,6.2857

9970.4750,6.2858

9971.4750,6.2858

9972.4750,6.2856

9973.4760,6.2860

9974.4750,6.2861

9975.4750,6.2862

9976.4760,6.2861

9977.4750,6.2861

9978.4760,6.2862

9979.4770,6.2862

9980.4750,6.2862

9981.4750,6.2861

9982.4750,6.2860

9983.4750,6.2861

9984.4750,6.2862

9985.4750,6.2861

9986.4750,6.2863

9987.4750,6.2861

9988.4750,6.2858

9989.4750,6.2859

9990.4750,6.2858

9991.4750,6.2858

9992.4750,6.2857

9993.4750,6.2857

9994.4750,6.2857

9995.4750,6.2859

9996.4750,6.2859

9997.4750,6.2859

9998.4750,6.2860

9999.4750,6.2860

10000.4760,6.2859

10001.4750,6.2859

10002.4750,6.2856

10003.4750,6.2848

10004.4760,6.2846

10005.4750,6.2845

10006.4750,6.2846

10007.4750,6.2847

10008.4750,6.2848

10009.4750,6.2850

10010.4750,6.2851

10011.4760,6.2850

10012.4750,6.2850

10013.4750,6.2850

10014.4750,6.2819

10015.4750,6.2822

10016.4750,6.2825

10017.4750,6.2823

10018.4750,6.2825

10019.4750,6.2823

10020.4750,6.2827

10021.4750,6.2830

10022.4750,6.2834

10023.4750,6.2837

10024.4760,6.2841

10025.4760,6.2845

10026.4750,6.2846

10027.4750,6.2847

10028.4750,6.2849

10029.4760,6.2850

10030.4760,6.2849

10031.4750,6.2851

10032.4750,6.2852

10033.4750,6.2852

10034.4750,6.2854

10035.4750,6.2854

10036.4750,6.2854

10037.4750,6.2855

10038.4760,6.2856

10039.4760,6.2857

10040.4760,6.2848

10041.4750,6.2841

10042.4750,6.2833

10043.4750,6.2829

10044.4760,6.2815

10045.4750,6.2815

10046.4750,6.2815

10047.4750,6.2815

10048.4760,6.2815

10049.4750,6.2816

10050.4760,6.2816

10051.4750,6.2815

10052.4760,6.2814

10053.4760,6.2816

10054.4750,6.2816

10055.4760,6.2815

10056.4750,6.2815

10057.4760,6.2815

10058.4750,6.2815

10059.4760,6.2817

10060.4750,6.2816

10061.4750,6.2818

10062.4750,6.2817

10063.4760,6.2819

10064.4750,6.2819

10065.4750,6.2820

10066.4760,6.2820

10067.4750,6.2820

10068.4760,6.2819

10069.4750,6.2818

10070.4750,6.2819

10071.4750,6.2818

10072.4760,6.2812

10073.4750,6.2814

10074.4750,6.2813

10075.4750,6.2817

10076.4750,6.2817

10077.4760,6.2817

10078.4750,6.2818

10079.4760,6.2818

10080.4750,6.2817

10081.4760,6.2818

10082.4750,6.2816

10083.4750,6.2811

10084.4750,6.2784

10085.4750,6.2781

10086.4750,6.2779

10087.4760,6.2778

10088.4750,6.2779

10089.4760,6.2774

10090.4760,6.2771

10091.4750,6.2772

10092.4750,6.2765

10093.4760,6.2761

10094.4750,6.2764

10095.4750,6.2782

10096.4750,6.2785

10097.4750,6.2788

10098.4750,6.2793

10099.4750,6.2793

10100.4760,6.2794

10101.4750,6.2795

10102.4760,6.2796

10103.4760,6.2795

10104.4750,6.2796

10105.4760,6.2795

10106.4750,6.2796

10107.4760,6.2807

10108.4750,6.2810

10109.4750,6.2812

10110.4750,6.2812

10111.4750,6.2813

10112.4750,6.2821

10113.4750,6.2820

10114.4750,6.2819

10115.4750,6.2815

10116.4750,6.2813

10117.4760,6.2810

10118.4760,6.2816

10119.4750,6.2811

10120.4760,6.2811

10121.4760,6.2800

10122.4760,6.2794

10123.4760,6.2798

10124.4750,6.2799

10125.4750,6.2801

10126.4760,6.2801

10127.4750,6.2802

10128.4750,6.2806

10129.4750,6.2805

10130.4750,6.2803

10131.4760,6.2805

10132.4750,6.2805

10133.4760,6.2806

10134.4750,6.2804

10135.4750,6.2805

10136.4750,6.2805

10137.4750,6.2805

10138.4760,6.2804

10139.4750,6.2804

10140.4760,6.2802

10141.4760,6.2803

10142.4750,6.2803

10143.4750,6.2805

10144.4750,6.2799

10145.4750,6.2804

10146.4750,6.2807

10147.4750,6.2807

10148.4750,6.2806

10149.4750,6.2806

10150.4750,6.2806

10151.4750,6.2809

10152.4750,6.2809

10153.4750,6.2809

10154.4750,6.2806

10155.4750,6.2805

10156.4750,6.2808

10157.4750,6.2807

10158.4750,6.2806

10159.4760,6.2804

10160.4760,6.2801

10161.4760,6.2802

10162.4750,6.2802

10163.4750,6.2802

10164.4750,6.2801

10165.4750,6.2800

10166.4750,6.2797

10167.4750,6.2797

10168.4750,6.2797

10169.4760,6.2795

10170.4750,6.2794

10171.4750,6.2795

10172.4750,6.2794

10173.4750,6.2797

10174.4750,6.2796

10175.4750,6.2796

10176.4750,6.2799

10177.4760,6.2800

10178.4750,6.2801

10179.4760,6.2801

10180.4750,6.2802

10181.4750,6.2803

10182.4750,6.2805

10183.4750,6.2804

10184.4750,6.2803

10185.4750,6.2804

10186.4760,6.2805

10187.4750,6.2803

10188.4750,6.2807

10189.4750,6.2808

10190.4750,6.2808

10191.4750,6.2810

10192.4750,6.2805

10193.4750,6.2806

10194.4750,6.2808

10195.4750,6.2807

10196.4750,6.2805

10197.4750,6.2808

10198.4760,6.2808

10199.4750,6.2807

10200.4750,6.2808

10201.4750,6.2808

10202.4750,6.2808

10203.4750,6.2806

10204.4750,6.2806

10205.4750,6.2807

10206.4760,6.2808

10207.4750,6.2811

10208.4750,6.2809

10209.4760,6.2807

10210.4750,6.2808

10211.4750,6.2808

10212.4750,6.2808

10213.4750,6.2803

10214.4750,6.2806

10215.4750,6.2805

10216.4750,6.2805

10217.4750,6.2801

10218.4750,6.2800

10219.4760,6.2801

10220.4750,6.2802

10221.4750,6.2802

10222.4750,6.2806

10223.4750,6.2805

10224.4760,6.2803

10225.4760,6.2808

10226.4750,6.2806

10227.4750,6.2800

10228.4750,6.2799

10229.4750,6.2799

10230.4750,6.2797

10231.4750,6.2800

10232.4750,6.2799

10233.4750,6.2802

10234.4750,6.2797

10235.4750,6.2796

10236.4760,6.2797

10237.4750,6.2798

10238.4750,6.2799

10239.4760,6.2800

10240.4760,6.2798

10241.4760,6.2798

10242.4760,6.2796

10243.4750,6.2793

10244.4760,6.2791

10245.4750,6.2793

10246.4750,6.2791

10247.4750,6.2794

10248.4750,6.2791

10249.4750,6.2788

10250.4750,6.2786

10251.4750,6.2787

10252.4750,6.2787

10253.4750,6.2789

10254.4750,6.2787

10255.4750,6.2792

10256.4750,6.2792

10257.4750,6.2794

10258.4750,6.2795

10259.4750,6.2797

10260.4760,6.2798

10261.4750,6.2799

10262.4750,6.2800

10263.4760,6.2802

10264.4750,6.2802

10265.4760,6.2804

10266.4750,6.2806

10267.4750,6.2806

10268.4750,6.2806

10269.4750,6.2806

10270.4750,6.2810

10271.4750,6.2807

10272.4760,6.2808

10273.4750,6.2810

10274.4750,6.2808

10275.4750,6.2808

10276.4750,6.2807

10277.4750,6.2807

10278.4750,6.2809

10279.4750,6.2809

10280.4750,6.2812

10281.4760,6.2811

10282.4750,6.2810

10283.4750,6.2810

10284.4760,6.2811

10285.4760,6.2811

10286.4750,6.2813

10287.4750,6.2813

10288.4750,6.2816

10289.4750,6.2818

10290.4750,6.2820

10291.4750,6.2821

10292.4750,6.2822

10293.4750,6.2821

10294.4760,6.2822

10295.4750,6.2823

10296.4750,6.2821

10297.4760,6.2814

10298.4750,6.2811

10299.4750,6.2812

10300.4760,6.2811

10301.4750,6.2810

10302.4750,6.2810

10303.4750,6.2813

10304.4750,6.2813

10305.4750,6.2815

10306.4750,6.2815

10307.4760,6.2816

10308.4750,6.2817

10309.4750,6.2816

10310.4750,6.2817

10311.4760,6.2821

10312.4760,6.2825

10313.4750,6.2823

10314.4750,6.2820

10315.4760,6.2820

10316.4750,6.2819

10317.4750,6.2819

10318.4750,6.2821

10319.4750,6.2822

10320.4750,6.2819

10321.4750,6.2820

10322.4760,6.2816

10323.4750,6.2814

10324.4750,6.2816

10325.4750,6.2817

10326.4750,6.2815

10327.4760,6.2815

10328.4760,6.2809

10329.4750,6.2815

10330.4750,6.2826

10331.4750,6.2832

10332.4750,6.2833

10333.4760,6.2834

10334.4750,6.2834

10335.4750,6.2835

10336.4750,6.2837

10337.4750,6.2839

10338.4760,6.2842

10339.4750,6.2843

10340.4750,6.2848

10341.4750,6.2851

10342.4750,6.2853

10343.4760,6.2855

10344.4760,6.2852

10345.4750,6.2854

10346.4750,6.2857

10347.4750,6.2859

10348.4760,6.2858

10349.4750,6.2861

10350.4750,6.2863

10351.4750,6.2865

10352.4750,6.2867

10353.4750,6.2869

10354.4750,6.2870

10355.4750,6.2868

10356.4750,6.2866

10357.4750,6.2869

10358.4760,6.2871

10359.4750,6.2871

10360.4750,6.2871

10361.4750,6.2870

10362.4750,6.2871

10363.4760,6.2873

10364.4760,6.2873

10365.4750,6.2873

10366.4750,6.2876

10367.4750,6.2877

10368.4760,6.2877

10369.4760,6.2877

10370.4750,6.2877

10371.4750,6.2874

10372.4750,6.2872

10373.4750,6.2873

10374.4750,6.2877

10375.4750,6.2876

10376.4760,6.2873

10377.4750,6.2873

10378.4750,6.2875

10379.4750,6.2871

10380.4750,6.2874

10381.4750,6.2877

10382.4750,6.2878

10383.4750,6.2877

10384.4750,6.2875

10385.4750,6.2876

10386.4750,6.2877

10387.4750,6.2879

10388.4750,6.2879

10389.4750,6.2879

10390.4760,6.2880

10391.4750,6.2882

10392.4750,6.2883

10393.4750,6.2881

10394.4750,6.2881

10395.4750,6.2883

10396.4750,6.2883

10397.4750,6.2887

10398.4750,6.2889

10399.4750,6.2889

10400.4760,6.2891

10401.4750,6.2891

10402.4750,6.2891

10403.4750,6.2890

10404.4750,6.2888

10405.4750,6.2887

10406.4750,6.2889

10407.4750,6.2887

10408.4760,6.2889

10409.4750,6.2891

10410.4750,6.2890

10411.4750,6.2887

10412.4750,6.2886

10413.4750,6.2887

10414.4750,6.2888

10415.4750,6.2889

10416.4750,6.2886

10417.4750,6.2888

10418.4750,6.2888

10419.4750,6.2888

10420.4750,6.2888

10421.4750,6.2885

10422.4750,6.2888

10423.4760,6.2888

10424.4760,6.2888

10425.4750,6.2890

10426.4750,6.2889

10427.4750,6.2887

10428.4750,6.2891

10429.4760,6.2892

10430.4750,6.2893

10431.4750,6.2892

10432.4750,6.2892

10433.4750,6.2893

10434.4750,6.2892

10435.4760,6.2894

10436.4750,6.2894

10437.4750,6.2894

10438.4750,6.2896

10439.4750,6.2897

10440.4750,6.2898

10441.4760,6.2895

10442.4750,6.2894

10443.4760,6.2894

10444.4750,6.2892

10445.4750,6.2894

10446.4750,6.2896

10447.4750,6.2895

10448.4750,6.2895

10449.4750,6.2893

10450.4750,6.2894

10451.4760,6.2895

10452.4750,6.2895

10453.4750,6.2894

10454.4750,6.2895

10455.4750,6.2893

10456.4750,6.2896

10457.4760,6.2893

10458.4750,6.2895

10459.4750,6.2894

10460.4760,6.2894

10461.4750,6.2893

10462.4750,6.2891

10463.4750,6.2892

10464.4750,6.2892

10465.4750,6.2895

10466.4750,6.2896

10467.4750,6.2898

10468.4750,6.2898

10469.4750,6.2901

10470.4750,6.2905

10471.4760,6.2906

10472.4750,6.2908

10473.4760,6.2911

10474.4750,6.2911

10475.4760,6.2912

10476.4760,6.2915

10477.4750,6.2916

10478.4750,6.2911

10479.4750,6.2909

10480.4750,6.2909

10481.4750,6.2912

10482.4750,6.2913

10483.4750,6.2912

10484.4750,6.2910

10485.4750,6.2911

10486.4760,6.2911

10487.4760,6.2907

10488.4750,6.2911

10489.4760,6.2915

10490.4750,6.2915

10491.4750,6.2916

10492.4760,6.2915

10493.4750,6.2916

10494.4750,6.2918

10495.4750,6.2919

10496.4750,6.2919

10497.4760,6.2920

10498.4750,6.2922

10499.4750,6.2921

10500.4750,6.2922

10501.4750,6.2923

10502.4750,6.2927

10503.4750,6.2924

10504.4760,6.2922

10505.4760,6.2917

10506.4750,6.2919

10507.4750,6.2922

10508.4750,6.2924

10509.4760,6.2926

10510.4750,6.2928

10511.4750,6.2931

10512.4760,6.2932

10513.4750,6.2934

10514.4750,6.2938

10515.4750,6.2941

10516.4760,6.2942

10517.4750,6.2944

10518.4750,6.2943

10519.4750,6.2937

10520.4750,6.2936

10521.4750,6.2939

10522.4760,6.2940

10523.4750,6.2940

10524.4750,6.2938

10525.4750,6.2942

10526.4750,6.2941

10527.4750,6.2944

10528.4750,6.2944

10529.4750,6.2944

10530.4760,6.2939

10531.4750,6.2940

10532.4750,6.2938

10533.4750,6.2936

10534.4750,6.2933

10535.4760,6.2934

10536.4750,6.2936

10537.4750,6.2935

10538.4760,6.2935

10539.4760,6.2933

10540.4750,6.2933

10541.4750,6.2933

10542.4750,6.2936

10543.4750,6.2936

10544.4750,6.2935

10545.4750,6.2934

10546.4750,6.2934

10547.4750,6.2935

10548.4750,6.2935

10549.4750,6.2935

10550.4750,6.2937

10551.4750,6.2936

10552.4750,6.2937

10553.4760,6.2935

10554.4760,6.2928

10555.4750,6.2928

10556.4760,6.2927

10557.4750,6.2928

10558.4750,6.2927

10559.4750,6.2929

10560.4760,6.2930

10561.4750,6.2930

10562.4750,6.2927

10563.4750,6.2929

10564.4750,6.2928

10565.4750,6.2926

10566.4750,6.2925

10567.4750,6.2925

10568.4750,6.2923

10569.4760,6.2924

10570.4750,6.2929

10571.4750,6.2927

10572.4750,6.2926

10573.4750,6.2922

10574.4750,6.2913

10575.4750,6.2906

10576.4760,6.2904

10577.4750,6.2904

10578.4750,6.2906

10579.4750,6.2906

10580.4750,6.2906

10581.4750,6.2906

10582.4750,6.2906

10583.4750,6.2902

10584.4760,6.2899

10585.4750,6.2900

10586.4750,6.2894

10587.4750,6.2890

10588.4760,6.2889

10589.4750,6.2890

10590.4750,6.2892

10591.4750,6.2892

10592.4760,6.2895

10593.4750,6.2897

10594.4750,6.2896

10595.4760,6.2897

10596.4750,6.2896

10597.4750,6.2895

10598.4760,6.2897

10599.4750,6.2895

10600.4750,6.2891

10601.4750,6.2893

10602.4750,6.2894

10603.4760,6.2894

10604.4750,6.2895

10605.4750,6.2898

10606.4750,6.2901

10607.4750,6.2901

10608.4760,6.2902

10609.4750,6.2900

10610.4750,6.2900

10611.4750,6.2900

10612.4750,6.2902

10613.4750,6.2901

10614.4750,6.2899

10615.4750,6.2896

10616.4750,6.2896

10617.4760,6.2893

10618.4760,6.2892

10619.4750,6.2892

10620.4750,6.2896

10621.4750,6.2894

10622.4750,6.2896

10623.4750,6.2897

10624.4750,6.2892

10625.4750,6.2893

10626.4750,6.2888

10627.4750,6.2886

10628.4750,6.2887

10629.4750,6.2888

10630.4750,6.2890

10631.4760,6.2894

10632.4750,6.2896

10633.4750,6.2900

10634.4750,6.2900

10635.4750,6.2902

10636.4750,6.2902

10637.4750,6.2900

10638.4760,6.2904

10639.4750,6.2911

10640.4750,6.2912

10641.4760,6.2912

10642.4750,6.2912

10643.4750,6.2912

10644.4750,6.2914

10645.4750,6.2913

10646.4750,6.2912

10647.4750,6.2910

10648.4750,6.2910

10649.4760,6.2908

10650.4750,6.2909

10651.4760,6.2909

10652.4750,6.2908

10653.4750,6.2910

10654.4750,6.2912

10655.4760,6.2914

10656.4750,6.2915

10657.4760,6.2916

10658.4750,6.2918

10659.4760,6.2917

10660.4750,6.2919

10661.4750,6.2919

10662.4750,6.2916

10663.4760,6.2916

10664.4750,6.2917

10665.4760,6.2917

10666.4750,6.2916

10667.4750,6.2917

10668.4760,6.2918

10669.4760,6.2919

10670.4750,6.2921

10671.4750,6.2920

10672.4750,6.2918

10673.4750,6.2909

10674.4750,6.2902

10675.4750,6.2906

10676.4750,6.2911

10677.4760,6.2915

10678.4750,6.2915

10679.4750,6.2916

10680.4750,6.2917

10681.4750,6.2919

10682.4750,6.2916

10683.4750,6.2915

10684.4760,6.2915

10685.4750,6.2914

10686.4750,6.2917

10687.4750,6.2920

10688.4750,6.2923

10689.4750,6.2926

10690.4750,6.2927

10691.4760,6.2927

10692.4760,6.2924

10693.4760,6.2926

10694.4760,6.2928

10695.4760,6.2928

10696.4760,6.2930

10697.4760,6.2929

10698.4760,6.2929

10699.4750,6.2928

10700.4750,6.2932

10701.4750,6.2931

10702.4750,6.2935

10703.4760,6.2934

10704.4750,6.2935

10705.4750,6.2937

10706.4760,6.2940

10707.4750,6.2940

10708.4760,6.2939

10709.4760,6.2939

10710.4750,6.2938

10711.4750,6.2935

10712.4750,6.2932

10713.4750,6.2903

10714.4750,6.2894

10715.4750,6.2889

10716.4760,6.2886

10717.4750,6.2883

10718.4760,6.2885

10719.4750,6.2880

10720.4750,6.2878

10721.4750,6.2874

10722.4750,6.2878

10723.4750,6.2877

10724.4760,6.2875

10725.4750,6.2875

10726.4760,6.2873

10727.4750,6.2869

10728.4750,6.2870

10729.4750,6.2867

10730.4750,6.2867

10731.4750,6.2865

10732.4750,6.2866

10733.4750,6.2867

10734.4750,6.2870

10735.4760,6.2871

10736.4760,6.2865

10737.4750,6.2865

10738.4750,6.2866

10739.4750,6.2868

10740.4750,6.2867

10741.4750,6.2863

10742.4750,6.2865

10743.4750,6.2866

10744.4750,6.2868

10745.4750,6.2872

10746.4750,6.2874

10747.4750,6.2875

10748.4750,6.2873

10749.4750,6.2873

10750.4750,6.2873

10751.4750,6.2875

10752.4750,6.2876

10753.4750,6.2877

10754.4760,6.2874

10755.4750,6.2882

10756.4750,6.2884

10757.4750,6.2886

10758.4750,6.2883

10759.4750,6.2881

10760.4750,6.2885

10761.4750,6.2885

10762.4750,6.2890

10763.4750,6.2891

10764.4750,6.2888

10765.4750,6.2889

10766.4750,6.2881

10767.4760,6.2879

10768.4750,6.2878

10769.4750,6.2882

10770.4750,6.2885

10771.4750,6.2885

10772.4750,6.2885

10773.4750,6.2888

10774.4750,6.2892

10775.4750,6.2896

10776.4750,6.2900

10777.4760,6.2898

10778.4750,6.2897

10779.4760,6.2895

10780.4750,6.2895

10781.4750,6.2898

10782.4750,6.2899

10783.4750,6.2899

10784.4750,6.2898

10785.4750,6.2893

10786.4750,6.2894

10787.4750,6.2902

10788.4750,6.2901

10789.4750,6.2904

10790.4750,6.2903

10791.4750,6.2909

10792.4750,6.2909

10793.4750,6.2909

10794.4760,6.2906

10795.4750,6.2907

10796.4750,6.2910

10797.4750,6.2913

10798.4750,6.2913

10799.4760,6.2918

10800.4750,6.2916

10801.4760,6.2918

10802.4750,6.2922

10803.4750,6.2921

10804.4750,6.2919

10805.4750,6.2923

10806.4750,6.2924

10807.4750,6.2926

10808.4750,6.2920

10809.4750,6.2921

10810.4750,6.2919

10811.4750,6.2923

10812.4750,6.2928

10813.4750,6.2932

10814.4750,6.2933

10815.4750,6.2933

10816.4750,6.2933

10817.4750,6.2933

10818.4760,6.2929

10819.4750,6.2931

10820.4750,6.2936

10821.4760,6.2941

10822.4750,6.2943

10823.4750,6.2935

10824.4750,6.2936

10825.4750,6.2940

10826.4760,6.2942

10827.4750,6.2943

10828.4750,6.2940

10829.4750,6.2942

10830.4750,6.2942

10831.4750,6.2946

10832.4750,6.2953

10833.4750,6.2955

10834.4750,6.2957

10835.4750,6.2956

10836.4750,6.2960

10837.4750,6.2961

10838.4750,6.2962

10839.4750,6.2961

10840.4760,6.2963

10841.4750,6.2965

10842.4750,6.2968

10843.4750,6.2973

10844.4750,6.2972

10845.4750,6.2970

10846.4760,6.2969

10847.4750,6.2971

10848.4750,6.2974

10849.4750,6.2977

10850.4750,6.2980

10851.4760,6.2983

10852.4750,6.2986

10853.4750,6.2988

10854.4750,6.2990

10855.4750,6.2990

10856.4750,6.2993

10857.4760,6.2997

10858.4760,6.3000

10859.4760,6.3001

10860.4750,6.3006

10861.4750,6.3006

10862.4750,6.3009

10863.4760,6.3015

10864.4750,6.3010

10865.4750,6.3001

10866.4750,6.3005

10867.4750,6.3009

10868.4750,6.3011

10869.4750,6.3011

10870.4750,6.3016

10871.4750,6.3019

10872.4750,6.3018

10873.4760,6.3017

10874.4760,6.3022

10875.4760,6.3026

10876.4750,6.3030

10877.4750,6.3029

10878.4760,6.3035

10879.4750,6.3041

10880.4760,6.3046

10881.4750,6.3047

10882.4750,6.3049

10883.4760,6.3054

10884.4750,6.3050

10885.4760,6.3065

10886.4750,6.3069

10887.4750,6.3071

10888.4760,6.3071

10889.4760,6.3083

10890.4750,6.3083

10891.4760,6.3091

10892.4750,6.3092

10893.4750,6.3086

10894.4750,6.3051

10895.4750,6.3073

10896.4750,6.3090

10897.4750,6.3102

10898.4750,6.3110

10899.4760,6.3116

10900.4750,6.3119

10901.4750,6.3126

10902.4750,6.3141

10903.4750,6.3151

10904.4760,6.3174

10905.4750,6.3202

10906.4760,6.3212

10907.4760,6.3236

10908.4750,6.3268

10909.4760,6.3287

10910.4750,6.3305

10911.4750,6.3317

10912.4760,6.3283

10913.4750,6.3298

10914.4750,6.3307

10915.4750,6.3323

10916.4750,6.3331

10917.4750,6.3351

10918.4750,6.3357

10919.4760,6.3358

10920.4760,6.3367

10921.4760,6.3378

10922.4760,6.3386

10923.4750,6.3391

10924.4750,6.3399

10925.4750,6.3405

10926.4760,6.3403

10927.4760,6.3409

10928.4760,6.3409

10929.4750,6.3416

10930.4760,6.3421

10931.4750,6.3422

10932.4750,6.3429

10933.4750,6.3422

10934.4760,6.3421

10935.4750,6.3404

10936.4750,6.3413

10937.4760,6.3418

10938.4750,6.3431

10939.4760,6.3430

10940.4750,6.3429

10941.4750,6.3428

10942.4750,6.3429

10943.4750,6.3425

10944.4750,6.3439

10945.4760,6.3445

10946.4750,6.3428

10947.4760,6.3455

10948.4750,6.3445

10949.4750,6.3397

10950.4750,6.2935

10951.4760,6.2914

10952.4760,6.2899

10953.4760,6.2889

10954.4760,6.2882

10955.4750,6.2877

10956.4750,6.2872

10957.4750,6.2865

10958.4750,6.2859

10959.4750,6.2849

10960.4750,6.2827

10961.4750,6.2819

10962.4750,6.2810

10963.4750,6.2806

10964.4750,6.2802

10965.4750,6.2799

10966.4760,6.2795

10967.4760,6.2792

10968.4760,6.2789

10969.4750,6.2788

10970.4750,6.2786

10971.4760,6.2784

10972.4750,6.2785

10973.4750,6.2783

10974.4760,6.2780

10975.4750,6.2780

10976.4750,6.2779

10977.4760,6.2777

10978.4750,6.2776

10979.4750,6.2777

10980.4750,6.2778

10981.4760,6.2779

10982.4750,6.2781

10983.4760,6.2781

10984.4750,6.2782

10985.4760,6.2782

10986.4750,6.2783

10987.4750,6.2783

10988.4750,6.2784

10989.4760,6.2784

10990.4750,6.2784

10991.4750,6.2789

10992.4750,6.2786

10993.4750,6.2787

10994.4750,6.2788

10995.4750,6.2787

10996.4750,6.2789

10997.4760,6.2790

10998.4750,6.2788

10999.4760,6.2793

11000.4760,6.2791

11001.4750,6.2792

11002.4750,6.2793

11003.4760,6.2794

11004.4750,6.2794

11005.4750,6.2794

11006.4750,6.2794

11007.4760,6.2794

11008.4750,6.2794

11009.4750,6.2795

11010.4750,6.2795

11011.4750,6.2795

11012.4760,6.2791

11013.4750,6.2793

11014.4750,6.2795

11015.4750,6.2794

11016.4760,6.2795

11017.4750,6.2793

11018.4750,6.2795

11019.4750,6.2798

11020.4750,6.2792

11021.4750,6.2793

11022.4750,6.2794

11023.4750,6.2793

11024.4750,6.2791

11025.4750,6.2793

11026.4750,6.2792

11027.4750,6.2792

11028.4750,6.2793

11029.4760,6.2793

11030.4750,6.2793

11031.4750,6.2795

11032.4750,6.2792

11033.4750,6.2795

11034.4750,6.2793

11035.4750,6.2793

11036.4750,6.2794

11037.4750,6.2800

11038.4760,6.2788

11039.4750,6.2793

11040.4750,6.2796

11041.4750,6.2797

11042.4760,6.2799

11043.4750,6.2799

11044.4750,6.2800

11045.4760,6.2801

11046.4750,6.2802

11047.4750,6.2801

11048.4750,6.2802

11049.4750,6.2803

11050.4760,6.2803

11051.4750,6.2806

11052.4750,6.2807

11053.4750,6.2811

11054.4750,6.2813

11055.4750,6.2815

11056.4750,6.2817

11057.4760,6.2817

11058.4760,6.2818

11059.4750,6.2816

11060.4750,6.2818

11061.4750,6.2820

11062.4750,6.2819

11063.4760,6.2818

11064.4750,6.2816

11065.4760,6.2817

11066.4750,6.2820

11067.4750,6.2819

11068.4750,6.2820

11069.4750,6.2818

11070.4750,6.2819

11071.4750,6.2821

11072.4750,6.2821

11073.4750,6.2820

11074.4750,6.2820

11075.4750,6.2821

11076.4750,6.2820

11077.4750,6.2820

11078.4760,6.2822

11079.4750,6.2823

11080.4750,6.2820

11081.4750,6.2820

11082.4750,6.2821

11083.4750,6.2823

11084.4750,6.2821

11085.4750,6.2825

11086.4750,6.2825

11087.4750,6.2825

11088.4750,6.2826

11089.4750,6.2826

11090.4750,6.2827

11091.4750,6.2827

11092.4750,6.2825

11093.4750,6.2828

11094.4750,6.2827

11095.4750,6.2828

11096.4760,6.2829

11097.4760,6.2829

11098.4760,6.2829

11099.4750,6.2831

11100.4750,6.2832

11101.4750,6.2834

11102.4750,6.2835

11103.4750,6.2836

11104.4750,6.2836

11105.4750,6.2835

11106.4750,6.2836

11107.4750,6.2837

11108.4760,6.2838

11109.4750,6.2836

11110.4760,6.2835

11111.4750,6.2834

11112.4750,6.2834

11113.4750,6.2834

11114.4750,6.2834

11115.4780,6.2833

11116.4750,6.2833

11117.4750,6.2833

11118.4750,6.2833

11119.4750,6.2834

11120.4750,6.2831

11121.4750,6.2835

11122.4750,6.2837

11123.4760,6.2837

11124.4760,6.2838

11125.4750,6.2839

11126.4750,6.2839

11127.4760,6.2840

11128.4750,6.2841

11129.4760,6.2839

11130.4750,6.2841

11131.4750,6.2841

11132.4750,6.2838

11133.4750,6.2840

11134.4760,6.2839

11135.4750,6.2841

11136.4760,6.2840

11137.4750,6.2840

11138.4750,6.2841

11139.4750,6.2839

11140.4760,6.2839

11141.4750,6.2837

11142.4750,6.2835

11143.4750,6.2834

11144.4760,6.2831

11145.4750,6.2829

11146.4750,6.2824

11147.4760,6.2821

11148.4750,6.2816

11149.4750,6.2814

11150.4750,6.2813

11151.4760,6.2810

11152.4760,6.2809

11153.4760,6.2811

11154.4750,6.2810

11155.4760,6.2812

11156.4750,6.2813

11157.4750,6.2813

11158.4750,6.2813

11159.4750,6.2816

11160.4750,6.2815

11161.4750,6.2816

11162.4750,6.2818

11163.4750,6.2816

11164.4750,6.2818

11165.4760,6.2820

11166.4750,6.2821

11167.4760,6.2824

11168.4750,6.2825

11169.4750,6.2828

11170.4760,6.2828

11171.4750,6.2829

11172.4750,6.2827

11173.4760,6.2831

11174.4750,6.2831

11175.4750,6.2835

11176.4750,6.2834

11177.4750,6.2836

11178.4760,6.2840

11179.4760,6.2841

11180.4750,6.2841

11181.4750,6.2842

11182.4750,6.2844

11183.4750,6.2846

11184.4760,6.2845

11185.4750,6.2847

11186.4750,6.2847

11187.4760,6.2848

11188.4760,6.2848

11189.4760,6.2844

11190.4750,6.2846

11191.4750,6.2848

11192.4750,6.2848

11193.4750,6.2850

11194.4760,6.2851

11195.4750,6.2852

11196.4750,6.2852

11197.4750,6.2853

11198.4750,6.2854

11199.4750,6.2855

11200.4750,6.2852

11201.4750,6.2852

11202.4750,6.2851

11203.4760,6.2852

11204.4750,6.2851

11205.4750,6.2851

11206.4760,6.2852

11207.4750,6.2851

11208.4750,6.2851

11209.4750,6.2851

11210.4750,6.2852

11211.4750,6.2844

11212.4750,6.2847

11213.4750,6.2851

11214.4750,6.2850

11215.4760,6.2852

11216.4750,6.2854

11217.4750,6.2854

11218.4750,6.2855

11219.4750,6.2856

11220.4750,6.2858

11221.4760,6.2854

11222.4760,6.2857

11223.4750,6.2857

11224.4750,6.2858

11225.4750,6.2859

11226.4760,6.2858

11227.4760,6.2862

11228.4750,6.2862

11229.4750,6.2862

11230.4760,6.2864

11231.4750,6.2863

11232.4750,6.2863

11233.4750,6.2865

11234.4760,6.2867

11235.4750,6.2867

11236.4750,6.2869

11237.4750,6.2870

11238.4750,6.2871

11239.4750,6.2871

11240.4750,6.2873

11241.4750,6.2873

11242.4750,6.2873

11243.4750,6.2874

11244.4760,6.2867

11245.4750,6.2871

11246.4760,6.2873

11247.4750,6.2875

11248.4750,6.2874

11249.4750,6.2873

11250.4750,6.2875

11251.4750,6.2874

11252.4750,6.2876

11253.4750,6.2876

11254.4750,6.2877

11255.4750,6.2876

11256.4750,6.2877

11257.4760,6.2875

11258.4750,6.2875

11259.4750,6.2876

11260.4750,6.2878

11261.4750,6.2877

11262.4750,6.2877

11263.4750,6.2880

11264.4760,6.2881

11265.4760,6.2883

11266.4750,6.2882

11267.4750,6.2882

11268.4750,6.2882

11269.4750,6.2884

11270.4750,6.2880

11271.4750,6.2882

11272.4750,6.2886

11273.4750,6.2886

11274.4750,6.2889

11275.4750,6.2887

11276.4750,6.2889

11277.4750,6.2889

11278.4750,6.2889

11279.4750,6.2891

11280.4750,6.2891

11281.4750,6.2892

11282.4750,6.2895

11283.4750,6.2895

11284.4750,6.2895

11285.4750,6.2891

11286.4750,6.2893

11287.4750,6.2896

11288.4750,6.2896

11289.4750,6.2898

11290.4750,6.2898

11291.4760,6.2897

11292.4750,6.2899

11293.4750,6.2899

11294.4750,6.2899

11295.4760,6.2896

11296.4750,6.2900

11297.4750,6.2900

11298.4750,6.2899

11299.4750,6.2901

11300.4760,6.2902

11301.4750,6.2902

11302.4750,6.2903

11303.4750,6.2905

11304.4750,6.2906

11305.4750,6.2907

11306.4750,6.2902

11307.4750,6.2905

11308.4750,6.2907

11309.4750,6.2908

11310.4750,6.2911

11311.4750,6.2912

11312.4750,6.2914

11313.4750,6.2910

11314.4750,6.2917

11315.4750,6.2919

11316.4750,6.2915

11317.4750,6.2916

11318.4750,6.2916

11319.4750,6.2920

11320.4750,6.2921

11321.4750,6.2919

11322.4760,6.2923

11323.4750,6.2926

11324.4750,6.2927

11325.4760,6.2923

11326.4750,6.2924

11327.4750,6.2927

11328.4750,6.2928

11329.4750,6.2929

11330.4750,6.2930

11331.4750,6.2931

11332.4750,6.2933

11333.4750,6.2934

11334.4750,6.2937

11335.4750,6.2940

11336.4750,6.2940

11337.4750,6.2936

11338.4750,6.2939

11339.4750,6.2942

11340.4750,6.2942

11341.4750,6.2944

11342.4750,6.2945

11343.4750,6.2948

11344.4750,6.2948

11345.4760,6.2952

11346.4760,6.2952

11347.4750,6.2955

11348.4750,6.2957

11349.4750,6.2956

11350.4750,6.2957

11351.4750,6.2958

11352.4750,6.2959

11353.4760,6.2960

11354.4750,6.2962

11355.4750,6.2965

11356.4760,6.2967

11357.4750,6.2966

11358.4750,6.2960

11359.4750,6.2963

11360.4750,6.2964

11361.4760,6.2967

11362.4760,6.2969

11363.4750,6.2971

11364.4750,6.2968

11365.4750,6.2972

11366.4750,6.2973

11367.4750,6.2972

11368.4750,6.2976

11369.4750,6.2975

11370.4750,6.2978

11371.4750,6.2979

11372.4750,6.2980

11373.4750,6.2980

11374.4750,6.2983

11375.4750,6.2979

11376.4750,6.2979

11377.4750,6.2980

11378.4750,6.2977

11379.4760,6.2978

11380.4760,6.2973

11381.4750,6.2977

11382.4750,6.2978

11383.4760,6.2978

11384.4760,6.2975

11385.4750,6.2979

11386.4750,6.2981

11387.4750,6.2983

11388.4750,6.2977

11389.4750,6.2974

11390.4750,6.2969

11391.4750,6.2964

11392.4750,6.2965

11393.4750,6.2965

11394.4750,6.2961

11395.4750,6.2963

11396.4760,6.2967

11397.4750,6.2965

11398.4750,6.2968

11399.4750,6.2969

11400.4750,6.2972

11401.4750,6.2966

11402.4750,6.2968

11403.4750,6.2971

11404.4750,6.2974

11405.4750,6.2970

11406.4760,6.2971

11407.4750,6.2967

11408.4750,6.2964

11409.4750,6.2965

11410.4750,6.2965

11411.4760,6.2966

11412.4750,6.2968

11413.4750,6.2967

11414.4750,6.2969

11415.4750,6.2969

11416.4750,6.2969

11417.4750,6.2970

11418.4760,6.2971

11419.4750,6.2964

11420.4750,6.2970

11421.4750,6.2971

11422.4770,6.2972

11423.4750,6.2975

11424.4750,6.2975

11425.4750,6.2974

11426.4750,6.2975

11427.4750,6.2977

11428.4750,6.2978

11429.4750,6.2978

11430.4750,6.2979

11431.4750,6.2978

11432.4750,6.2977

11433.4750,6.2976

11434.4750,6.2974

11435.4750,6.2973

11436.4760,6.2971

11437.4750,6.2969

11438.4750,6.2972

11439.4760,6.2969

11440.4750,6.2970

11441.4750,6.2971

11442.4750,6.2972

11443.4750,6.2972

11444.4750,6.2973

11445.4750,6.2972

11446.4760,6.2971

11447.4750,6.2973

11448.4750,6.2973

11449.4750,6.2973

11450.4750,6.2972

11451.4750,6.2972

11452.4750,6.2972

11453.4760,6.2974

11454.4750,6.2975

11455.4750,6.2973

11456.4760,6.2974

11457.4750,6.2975

11458.4760,6.2977

11459.4750,6.2979

11460.4750,6.2982

11461.4750,6.2985

11462.4750,6.2985

11463.4750,6.2989

11464.4750,6.2992

11465.4760,6.2994

11466.4750,6.2994

11467.4750,6.2995

11468.4750,6.2999

11469.4750,6.2997

11470.4750,6.2995

11471.4760,6.3001

11472.4750,6.3005

11473.4750,6.3010

11474.4750,6.3008

11475.4760,6.3012

11476.4750,6.3012

11477.4750,6.3010

11478.4760,6.3008

11479.4760,6.3003

11480.4760,6.3002

11481.4750,6.3007

11482.4750,6.3012

11483.4750,6.3015

11484.4750,6.3016

11485.4750,6.3014

11486.4760,6.3015

11487.4750,6.3015

11488.4750,6.3014

11489.4750,6.3015

11490.4760,6.3014

11491.4760,6.3013

11492.4750,6.3015

11493.4750,6.3016

11494.4750,6.3015

11495.4750,6.3020

11496.4750,6.3023

11497.4750,6.3024

11498.4750,6.3026

11499.4750,6.3029

11500.4750,6.3029

11501.4750,6.3027

11502.4760,6.3031

11503.4750,6.3032

11504.4750,6.3031

11505.4750,6.3035

11506.4750,6.3031

11507.4750,6.3033

11508.4750,6.3039

11509.4750,6.3041

11510.4750,6.3043

11511.4750,6.3042

11512.4750,6.3045

11513.4750,6.3028

11514.4760,6.3010

11515.4750,6.3014

11516.4750,6.3023

11517.4750,6.3024

11518.4750,6.3022

11519.4750,6.3020

11520.4750,6.3022

11521.4750,6.3023

11522.4750,6.3026

11523.4750,6.3026

11524.4750,6.3026

11525.4760,6.3027

11526.4750,6.3032

11527.4760,6.3039

11528.4750,6.3038

11529.4750,6.3035

11530.4750,6.3034

11531.4750,6.3029

11532.4760,6.3029

11533.4750,6.3034

11534.4750,6.3042

11535.4750,6.3047

11536.4750,6.3051

11537.4750,6.3048

11538.4760,6.3048

11539.4750,6.3047

11540.4750,6.3049

11541.4750,6.3052

11542.4760,6.3053

11543.4750,6.3052

11544.4750,6.3053

11545.4760,6.3055

11546.4750,6.3054

11547.4750,6.3049

11548.4750,6.3050

11549.4750,6.3050

11550.4760,6.3048

11551.4750,6.3049

11552.4750,6.3046

11553.4750,6.3047

11554.4760,6.3048

11555.4750,6.3045

11556.4760,6.3038

11557.4750,6.3039

11558.4750,6.3042

11559.4750,6.3042

11560.4750,6.3042

11561.4750,6.3042

11562.4750,6.3045

11563.4750,6.3042

11564.4750,6.3043

11565.4750,6.3042

11566.4750,6.3040

11567.4750,6.3038

11568.4750,6.3039

11569.4750,6.3040

11570.4760,6.3043

11571.4750,6.3045

11572.4750,6.3043

11573.4750,6.3047

11574.4750,6.3049

11575.4750,6.3054

11576.4750,6.3062

11577.4750,6.3061

11578.4750,6.3061

11579.4760,6.3056

11580.4750,6.3055

11581.4750,6.3056

11582.4750,6.3039

11583.4760,6.3041

11584.4760,6.3051

11585.4760,6.3056

11586.4750,6.3061

11587.4760,6.3062

11588.4750,6.3067

11589.4750,6.3075

11590.4760,6.3084

11591.4750,6.3082

11592.4750,6.3082

11593.4750,6.3084

11594.4750,6.3094

11595.4750,6.3095

11596.4750,6.3097

11597.4750,6.3096

11598.4750,6.3093

11599.4750,6.3098

11600.4750,6.3100

11601.4760,6.3106

11602.4750,6.3108

11603.4750,6.3108

11604.4750,6.3104

11605.4760,6.3101

11606.4750,6.3105

11607.4750,6.3103

11608.4760,6.3097

11609.4750,6.3098

11610.4750,6.3102

11611.4750,6.3105

11612.4750,6.3108

11613.4750,6.3101

11614.4760,6.3106

11615.4760,6.3105

11616.4760,6.3101

11617.4750,6.3096

11618.4750,6.3101

11619.4750,6.3107

11620.4760,6.3108

11621.4750,6.3086

11622.4750,6.3038

11623.4750,6.3021

11624.4750,6.3033

11625.4750,6.3057

11626.4760,6.3065

11627.4750,6.3075

11628.4750,6.3084

11629.4750,6.3090

11630.4750,6.3097

11631.4750,6.3105

11632.4760,6.3100

11633.4750,6.3114

11634.4750,6.3116

11635.4750,6.3115

11636.4750,6.3115

11637.4760,6.3119

11638.4750,6.3118

11639.4750,6.3126

11640.4750,6.3120

11641.4750,6.3124

11642.4750,6.3129

11643.4750,6.3127

11644.4750,6.3124

11645.4750,6.3122

11646.4750,6.3125

11647.4750,6.3125

11648.4750,6.3127

11649.4750,6.3125

11650.4750,6.3124

11651.4750,6.3127

11652.4750,6.3127

11653.4750,6.3124

11654.4750,6.3124

11655.4750,6.3122

11656.4750,6.3086

11657.4750,6.2947

11658.4750,6.2946

11659.4750,6.3002

11660.4750,6.3042

11661.4760,6.3053

11662.4750,6.3042

11663.4750,6.3036

11664.4750,6.3036

11665.4750,6.3037

11666.4750,6.3040

11667.4750,6.3049

11668.4750,6.3062

11669.4750,6.3054

11670.4760,6.3052

11671.4750,6.3061

11672.4750,6.3072

11673.4760,6.3070

11674.4750,6.3087

11675.4750,6.3098

11676.4750,6.3106

11677.4750,6.3095

11678.4760,6.3101

11679.4750,6.3101

11680.4750,6.3114

11681.4750,6.3125

11682.4750,6.3139

11683.4750,6.3151

11684.4760,6.3144

11685.4750,6.3143

11686.4750,6.3151

11687.4750,6.3163

11688.4750,6.3173

11689.4750,6.3182

11690.4750,6.3188

11691.4760,6.3191

11692.4750,6.3195

11693.4750,6.3178

11694.4750,6.3199

11695.4750,6.3210

11696.4750,6.3217

11697.4750,6.3222

11698.4750,6.3223

11699.4750,6.3213

11700.4750,6.3195

11701.4750,6.3196

11702.4750,6.3197

11703.4750,6.3212

11704.4750,6.3190

11705.4750,6.3146

11706.4750,6.3146

11707.4750,6.3143

11708.4750,6.3099

11709.4760,6.3103

11710.4750,6.3082

11711.4750,6.3069

11712.4750,6.3075

11713.4750,6.3097

11714.4750,6.3100

11715.4750,6.3107

11716.4750,6.3112

11717.4750,6.3121

11718.4750,6.3117

11719.4750,6.3121

11720.4760,6.3107

11721.4750,6.3118

11722.4750,6.3125

11723.4760,6.3130

11724.4750,6.3140

11725.4750,6.3144

11726.4750,6.3143

11727.4750,6.3135

11728.4750,6.3138

11729.4750,6.3144

11730.4760,6.3147

11731.4750,6.3156

11732.4750,6.3159

11733.4750,6.3152

11734.4750,6.3152

11735.4750,6.3154

11736.4750,6.3151

11737.4750,6.3145

11738.4750,6.3126

11739.4750,6.3047

11740.4750,6.3038

11741.4750,6.3046

11742.4750,6.3034

11743.4750,6.3035

11744.4750,6.3029

11745.4750,6.3027

11746.4750,6.3033

11747.4750,6.3035

11748.4750,6.3040

11749.4750,6.3036

11750.4750,6.3042

11751.4750,6.3052

11752.4760,6.3051

11753.4750,6.3049

11754.4760,6.3059

11755.4750,6.3060

11756.4750,6.3056

11757.4750,6.3062

11758.4750,6.3066

11759.4750,6.3071

11760.4750,6.3070

11761.4750,6.3069

11762.4750,6.3070

11763.4750,6.3067

11764.4750,6.3068

11765.4750,6.3070

11766.4750,6.3072

11767.4750,6.3077

11768.4760,6.3079

11769.4750,6.3081

11770.4750,6.3082

11771.4760,6.3080

11772.4750,6.3083

11773.4750,6.3084

11774.4750,6.3085

11775.4750,6.3086

11776.4750,6.3086

11777.4750,6.3086

11778.4750,6.3088

11779.4750,6.3088

11780.4750,6.3089

11781.4750,6.3090

11782.4750,6.3093

11783.4750,6.3094

11784.4750,6.3093

11785.4750,6.3093

11786.4750,6.3095

11787.4750,6.3097

11788.4750,6.3097

11789.4750,6.3097

11790.4750,6.3095

11791.4750,6.3095

11792.4750,6.3099

11793.4760,6.3103

11794.4750,6.3102

11795.4750,6.3101

11796.4760,6.3106

11797.4750,6.3106

11798.4750,6.3108

11799.4750,6.3109

11800.4750,6.3110

11801.4760,6.3110

11802.4750,6.3110

11803.4760,6.3111

11804.4750,6.3114

11805.4750,6.3111

11806.4750,6.3110

11807.4750,6.3111

11808.4750,6.3110

11809.4750,6.3110

11810.4750,6.3114

11811.4750,6.3116

11812.4760,6.3117

11813.4750,6.3117

11814.4750,6.3114

11815.4750,6.3116

11816.4750,6.3114

11817.4750,6.3061

11818.4750,6.3033

11819.4750,6.3036

11820.4750,6.3048

11821.4750,6.3062

11822.4750,6.3045

11823.4750,6.3009

11824.4750,6.3015

11825.4760,6.3017

11826.4750,6.3021

11827.4750,6.3021

11828.4750,6.3029

11829.4750,6.3035

11830.4760,6.3035

11831.4750,6.3035

11832.4750,6.3035

11833.4750,6.3047

11834.4750,6.3057

11835.4750,6.3065

11836.4750,6.3073

11837.4750,6.3076

11838.4760,6.3079

11839.4750,6.3081

11840.4750,6.3087

11841.4750,6.3088

11842.4760,6.3092

11843.4750,6.3094

11844.4750,6.3095

11845.4750,6.3099

11846.4750,6.3101

11847.4750,6.3099

11848.4750,6.3103

11849.4750,6.3102

11850.4750,6.3111

11851.4750,6.3110

11852.4750,6.3108

11853.4750,6.3107

11854.4750,6.3106

11855.4750,6.3110

11856.4750,6.3110

11857.4760,6.3112

11858.4750,6.3115

11859.4750,6.3113

11860.4750,6.3112

11861.4750,6.3116

11862.4760,6.3118

11863.4750,6.3118

11864.4760,6.3125

11865.4750,6.3130

11866.4750,6.3126

11867.4760,6.3122

11868.4750,6.3122

11869.4760,6.3123

11870.4750,6.3129

11871.4750,6.3132

11872.4760,6.3131

11873.4750,6.3132

11874.4750,6.3135

11875.4750,6.3134

11876.4750,6.3131

11877.4750,6.3130

11878.4750,6.3134

11879.4750,6.3137

11880.4750,6.3137

11881.4750,6.3140

11882.4750,6.3140

11883.4760,6.3135

11884.4750,6.3141

11885.4760,6.3145

11886.4750,6.3142

11887.4760,6.3142

11888.4750,6.3141

11889.4750,6.3143

11890.4750,6.3137

11891.4750,6.3131

11892.4760,6.3127

11893.4750,6.3127

11894.4750,6.3127

11895.4750,6.3129

11896.4750,6.3133

11897.4760,6.3133

11898.4750,6.3136

11899.4760,6.3136

11900.4760,6.3138

11901.4750,6.3137

11902.4760,6.3138

11903.4750,6.3137

11904.4750,6.3136

11905.4750,6.3136

11906.4750,6.3137

11907.4750,6.3142

11908.4750,6.3139

11909.4760,6.3144

11910.4750,6.3143

11911.4750,6.3145

11912.4750,6.3149

11913.4750,6.3150

11914.4760,6.3152

11915.4750,6.3151

11916.4750,6.3152

11917.4750,6.3152

11918.4760,6.3154

11919.4750,6.3155

11920.4750,6.3153

11921.4750,6.3157

11922.4760,6.3161

11923.4750,6.3158

11924.4750,6.3160

11925.4750,6.3151

11926.4750,6.3157

11927.4750,6.3163

11928.4750,6.3162

11929.4750,6.3169

11930.4750,6.3168

11931.4750,6.3169

11932.4760,6.3169

11933.4750,6.3168

11934.4760,6.3169

11935.4750,6.3167

11936.4750,6.3171

11937.4750,6.3171

11938.4750,6.3170

11939.4750,6.3168

11940.4750,6.3169

11941.4750,6.3173

11942.4750,6.3170

11943.4750,6.3170

11944.4760,6.3165

11945.4750,6.3169

11946.4750,6.3171

11947.4750,6.3169

11948.4750,6.3171

11949.4750,6.3167

11950.4750,6.3167

11951.4750,6.3165

11952.4750,6.3163

11953.4760,6.3159

11954.4750,6.3129

11955.4760,6.3108

11956.4750,6.3104

11957.4750,6.3096

11958.4760,6.3051

11959.4750,6.3068

11960.4750,6.3053

11961.4750,6.3072

11962.4760,6.3072

11963.4760,6.2921

11964.4750,6.2873

11965.4760,6.2862

11966.4760,6.2844

11967.4750,6.2835

11968.4750,6.2811

11969.4760,6.2793

11970.4750,6.2790

11971.4750,6.2778

11972.4750,6.2773

11973.4750,6.2762

11974.4750,6.2752

11975.4750,6.2745

11976.4750,6.2742

11977.4750,6.2744

11978.4750,6.2732

11979.4750,6.2724

11980.4750,6.2720

11981.4750,6.2731

11982.4760,6.2743

11983.4750,6.2741

11984.4750,6.2742

11985.4750,6.2745

11986.4750,6.2745

11987.4750,6.2736

11988.4750,6.2723

11989.4750,6.2719

11990.4750,6.2717

11991.4760,6.2714

11992.4750,6.2698

11993.4760,6.2694

11994.4750,6.2695

11995.4750,6.2694

11996.4760,6.2699

11997.4760,6.2699

11998.4750,6.2697

11999.4750,6.2706

12000.4750,6.2710

12001.4750,6.2710

12002.4750,6.2702

12003.4750,6.2693

12004.4750,6.2689

12005.4750,6.2677

12006.4750,6.2677

12007.4750,6.2684

12008.4750,6.2688

12009.4750,6.2695

12010.4750,6.2699

12011.4750,6.2700

12012.4750,6.2704

12013.4750,6.2711

12014.4760,6.2714

12015.4750,6.2717

12016.4750,6.2717

12017.4760,6.2720

12018.4750,6.2718

12019.4750,6.2719

12020.4760,6.2716

12021.4750,6.2717

12022.4750,6.2717

12023.4750,6.2724

12024.4750,6.2727

12025.4750,6.2729

12026.4750,6.2727

12027.4750,6.2726

12028.4750,6.2728

12029.4760,6.2726

12030.4750,6.2732

12031.4750,6.2733

12032.4750,6.2731

12033.4750,6.2735

12034.4750,6.2736

12035.4750,6.2737

12036.4750,6.2740

12037.4750,6.2736

12038.4750,6.2737

12039.4750,6.2735

12040.4750,6.2734

12041.4760,6.2730

12042.4760,6.2729

12043.4750,6.2729

12044.4750,6.2728

12045.4750,6.2724

12046.4750,6.2715

12047.4750,6.2712

12048.4750,6.2716

12049.4750,6.2725

12050.4760,6.2726

12051.4750,6.2724

12052.4750,6.2729

12053.4750,6.2727

12054.4750,6.2730

12055.4750,6.2731

12056.4760,6.2732

12057.4750,6.2731

12058.4760,6.2730

12059.4750,6.2729

12060.4750,6.2730

12061.4750,6.2731

12062.4750,6.2734

12063.4750,6.2736

12064.4750,6.2732

12065.4750,6.2730

12066.4760,6.2732

12067.4750,6.2733

12068.4750,6.2738

12069.4750,6.2742

12070.4750,6.2740

12071.4760,6.2742

12072.4750,6.2744

12073.4750,6.2748

12074.4750,6.2749

12075.4750,6.2749

12076.4750,6.2750

12077.4750,6.2747

12078.4750,6.2747

12079.4750,6.2750

12080.4750,6.2752

12081.4750,6.2752

12082.4750,6.2755

12083.4760,6.2762

12084.4750,6.2762

12085.4750,6.2765

12086.4750,6.2764

12087.4750,6.2766

12088.4750,6.2766

12089.4750,6.2769

12090.4750,6.2772

12091.4750,6.2774

12092.4750,6.2774

12093.4750,6.2778

12094.4750,6.2777

12095.4750,6.2778

12096.4750,6.2780

12097.4750,6.2780

12098.4750,6.2783

12099.4760,6.2787

12100.4750,6.2791

12101.4750,6.2797

12102.4750,6.2800

12103.4760,6.2804

12104.4750,6.2799

12105.4750,6.2803

12106.4750,6.2812

12107.4760,6.2822

12108.4750,6.2822

12109.4750,6.2814

12110.4750,6.2793

12111.4750,6.2781

12112.4750,6.2778

12113.4750,6.2774

12114.4760,6.2777

12115.4750,6.2780

12116.4750,6.2781

12117.4750,6.2782

12118.4750,6.2782

12119.4750,6.2782

12120.4750,6.2783

12121.4750,6.2784

12122.4750,6.2787

12123.4750,6.2787

12124.4750,6.2787

12125.4750,6.2789

12126.4750,6.2790

12127.4750,6.2791

12128.4760,6.2792

12129.4750,6.2795

12130.4750,6.2795

12131.4750,6.2797

12132.4750,6.2795

12133.4750,6.2794

12134.4760,6.2795

12135.4750,6.2792

12136.4750,6.2794

12137.4750,6.2797

12138.4750,6.2799

12139.4750,6.2801

12140.4750,6.2803

12141.4750,6.2804

12142.4750,6.2806

12143.4750,6.2807

12144.4760,6.2805

12145.4750,6.2802

12146.4760,6.2807

12147.4750,6.2807

12148.4750,6.2810

12149.4750,6.2812

12150.6310,6.2813

12151.8660,6.2812

12152.4770,6.2812

12153.4750,6.2816

12154.4750,6.2816

12155.4760,6.2818

12156.4750,6.2818

12157.4760,6.2819

12158.4750,6.2819

12159.4750,6.2822

12160.4750,6.2825

12161.4750,6.2825

12162.4760,6.2827

12163.4750,6.2830

12164.4750,6.2827

12165.4750,6.2831

12166.4750,6.2834

12167.4760,6.2832

12168.4750,6.2830

12169.4750,6.2837

12170.4760,6.2835

12171.4760,6.2833

12172.4760,6.2837

12173.4750,6.2831

12174.4760,6.2830

12175.4750,6.2837

12176.4750,6.2840

12177.4750,6.2840

12178.4750,6.2841

12179.4750,6.2841

12180.4750,6.2845

12181.4750,6.2846

12182.4750,6.2848

12183.4760,6.2839

12184.4750,6.2837

12185.4750,6.2839

12186.4750,6.2841

12187.4750,6.2843

12188.4750,6.2843

12189.4750,6.2848

12190.4750,6.2845

12191.4750,6.2850

12192.4750,6.2844

12193.4750,6.2851

12194.4750,6.2849

12195.4750,6.2849

12196.4750,6.2853

12197.4750,6.2857

12198.4750,6.2855

12199.4750,6.2857

12200.4760,6.2861

12201.4760,6.2861

12202.4760,6.2864

12203.4760,6.2872

12204.4750,6.2875

12205.4750,6.2873

12206.4750,6.2878

12207.4750,6.2882

12208.4750,6.2881

12209.4760,6.2882

12210.4750,6.2883

12211.4760,6.2887

12212.4760,6.2889

12213.4750,6.2894

12214.4750,6.2894

12215.4750,6.2902

12216.4750,6.2904

12217.4750,6.2902

12218.4750,6.2905

12219.4750,6.2911

12220.4750,6.2913

12221.4760,6.2920

12222.4760,6.2930

12223.4760,6.2933

12224.4760,6.2934

12225.4750,6.2932

12226.4750,6.2937

12227.4760,6.2944

12228.4760,6.2957

12229.4750,6.2972

12230.4750,6.2973

12231.4760,6.2981

12232.4750,6.2997

12233.4760,6.3007

12234.4750,6.3021

12235.4760,6.3041

12236.4750,6.3059

12237.4750,6.3091

12238.4750,6.3110

12239.4750,6.3139

12240.4750,6.3161

12241.4750,6.3124

12242.4750,6.3167

12243.4750,6.3210

12244.4750,6.3259

12245.4750,6.3318

12246.4750,6.3369

12247.4750,6.3405

12248.4750,6.3435

12249.4750,6.3438

12250.4750,6.3415

12251.4750,6.3469

12252.4750,6.3472

12253.4750,6.3465

12254.4750,6.3425

12255.4750,6.3400

12256.4750,6.3118

12257.4750,6.2852

12258.4750,6.2876

12259.4750,6.2878

12260.4750,6.2886

12261.4750,6.2891

12262.4750,6.2895

12263.4760,6.2903

12264.4760,6.2922

12265.4750,6.2927

12266.4750,6.2927

12267.4750,6.2927

12268.4760,6.2926

12269.4750,6.2929

12270.4750,6.2931

12271.4760,6.2953

12272.4750,6.2950

12273.4750,6.2938

12274.4760,6.2939

12275.4750,6.2933

12276.4750,6.2926

12277.4750,6.2946

12278.4750,6.2955

12279.4750,6.2943

12280.4750,6.2933

12281.4750,6.2927

12282.4750,6.2939

12283.4750,6.2954

12284.4750,6.2941

12285.4760,6.2939

12286.4760,6.2938

12287.4750,6.2929

12288.4750,6.2953

12289.4750,6.2947

12290.4760,6.2948

12291.4750,6.2946

12292.4750,6.2939

12293.4750,6.2944

12294.4750,6.2949

12295.4750,6.2966

12296.4760,6.2958

12297.4750,6.2950

12298.4760,6.2956

12299.4750,6.2938

12300.4750,6.2961

12301.4750,6.2963

12302.4750,6.2970

12303.4750,6.2980

12304.4760,6.2994

12305.4750,6.3011

12306.4750,6.3008

12307.4750,6.2948

12308.4750,6.2957

12309.4750,6.2973

12310.4750,6.2992

12311.4750,6.3010

12312.4750,6.3015

12313.4750,6.3008

12314.4750,6.3007

12315.4750,6.3006

12316.4750,6.3002

12317.4750,6.3044

12318.4750,6.3033

12319.4750,6.2980

12320.4750,6.2981

12321.4760,6.3019

12322.4760,6.3011

12323.4750,6.3008

12324.4750,6.3009

12325.4760,6.3010

12326.4750,6.3032

12327.4750,6.3059

12328.4760,6.3029

12329.4750,6.3019

12330.4760,6.3018

12331.4750,6.3016

12332.4750,6.3017

12333.4750,6.3034

12334.4750,6.3025

12335.4750,6.3020

12336.4760,6.3024

12337.4750,6.3056

12338.4760,6.3036

12339.4750,6.3032

12340.4750,6.3025

12341.4750,6.3023

12342.4760,6.3023

12343.4750,6.3020

12344.4750,6.3039

12345.4760,6.3030

12346.4760,6.3018

12347.4750,6.3017

12348.4750,6.3023

12349.4750,6.3048

12350.4760,6.3048

12351.4760,6.3040

12352.4750,6.3019

12353.4750,6.3016

12354.4750,6.3015

12355.4750,6.3014

12356.4750,6.3015

12357.4760,6.3033

12358.4750,6.3036

12359.4750,6.3025

12360.4750,6.3017

12361.4750,6.3015

12362.4750,6.3016

12363.4750,6.3012

12364.4750,6.3014

12365.4750,6.3018

12366.4750,6.3027

12367.4750,6.3021

12368.4760,6.3014

12369.4760,6.3012

12370.4750,6.3010

12371.4750,6.3009

12372.4750,6.3006

12373.4760,6.3010

12374.4750,6.3013

12375.4760,6.3016

12376.4750,6.3030

12377.4750,6.3023

12378.4750,6.3016

12379.4760,6.3014

12380.4750,6.3019

12381.4750,6.3019

12382.4750,6.3027

12383.4750,6.3033

12384.4750,6.3019

12385.4750,6.3011

12386.4750,6.3006

12387.4750,6.3008

12388.4750,6.3010

12389.4760,6.3014

12390.4750,6.3020

12391.4750,6.3026

12392.4760,6.3025

12393.4760,6.3020

12394.4750,6.3018

12395.4750,6.3015

12396.4750,6.3013

12397.4750,6.3013

12398.4750,6.3011

12399.4750,6.3014

12400.4750,6.3021

12401.4750,6.3002

12402.4770,6.2989

12403.4750,6.2984

12404.4750,6.2981

12405.4750,6.2982

12406.4750,6.2975

12407.4750,6.2974

12408.4750,6.2980

12409.4760,6.2985

12410.4750,6.2990

12411.4750,6.2993

12412.4750,6.2995

12413.4750,6.3003

12414.4760,6.2991

12415.4750,6.2992

12416.4750,6.2997

12417.4750,6.2996

12418.4750,6.2992

12419.4750,6.2979

12420.4760,6.2984

12421.4760,6.2983

12422.4750,6.2990

12423.4750,6.2995

12424.4750,6.2994

12425.4750,6.2988

12426.4760,6.2985

12427.4760,6.2990

12428.4750,6.2976

12429.4750,6.2975

12430.4760,6.2982

12431.4750,6.2983

12432.4750,6.2993

12433.4750,6.3018

12434.4750,6.3028

12435.4750,6.3035

12436.4750,6.3006

12437.4760,6.3006

12438.4760,6.3007

12439.4750,6.2972

12440.4750,6.2925

12441.4760,6.2905

12442.4750,6.2846

12443.4750,6.2854

12444.4760,6.2864

12445.4750,6.2897

12446.4750,6.2925

12447.4750,6.2939

12448.4750,6.2951

12449.4750,6.2965

12450.4750,6.2962

12451.4750,6.2941

12452.4750,6.2945

12453.4760,6.2953

12454.4750,6.2959

12455.4760,6.2964

12456.4750,6.2972

12457.4750,6.2981

12458.4760,6.2967

12459.4760,6.2958

12460.4760,6.2967

12461.4750,6.2963

12462.4750,6.2961

12463.4760,6.2986

12464.4750,6.2982

12465.4760,6.3016

12466.4750,6.3019

12467.4750,6.3014

12468.4750,6.3006

12469.4750,6.2996

12470.4760,6.2996

12471.4750,6.2990

12472.4750,6.2998

12473.4750,6.2999

12474.4750,6.3011

12475.4750,6.3005

12476.4750,6.3023

12477.4750,6.3038

12478.4760,6.3048

12479.4750,6.3047

12480.4750,6.3051

12481.4750,6.3052

12482.4750,6.3069

12483.4750,6.3078

12484.4750,6.3084

12485.4750,6.3091

12486.4750,6.3084

12487.4750,6.3102

12488.4750,6.3103

12489.4750,6.3100

12490.4750,6.3101

12491.4750,6.3090

12492.4750,6.3089

12493.4750,6.3092

12494.4750,6.3115

12495.4760,6.3105

12496.4750,6.3103

12497.4760,6.3100

12498.4760,6.3097

12499.4760,6.3101

12500.4750,6.3112

12501.4750,6.3120

12502.4760,6.3125

12503.4750,6.3143

12504.4750,6.3173

12505.4750,6.3164

12506.4750,6.3140

12507.4750,6.3132

12508.4750,6.3126

12509.4750,6.3119

12510.4760,6.3123

12511.4760,6.3128

12512.4750,6.3128

12513.4750,6.3122

12514.4750,6.3117

12515.4750,6.3112

12516.4750,6.3113

12517.4760,6.3114

12518.4750,6.3110

12519.4760,6.3108

12520.4750,6.3106

12521.4750,6.3110

12522.4750,6.3113

12523.4750,6.3126

12524.4750,6.3150

12525.4750,6.3163

12526.4750,6.3160

12527.4750,6.3143

12528.4760,6.3142

12529.4750,6.3136

12530.4750,6.3135

12531.4750,6.3119

12532.4750,6.3105

12533.4750,6.3108

12534.4760,6.3113

12535.4760,6.3118

12536.4750,6.3119

12537.4750,6.3121

12538.4750,6.3122

12539.4750,6.3125

12540.4750,6.3128

12541.4760,6.3128

12542.4750,6.3131

12543.4750,6.3130

12544.4760,6.3127

12545.4750,6.3131

12546.4750,6.3129

12547.4760,6.3137

12548.4750,6.3143

12549.4750,6.3144

12550.4750,6.3141

12551.4760,6.3146

12552.4760,6.3146

12553.4750,6.3142

12554.4760,6.3139

12555.4750,6.3141

12556.4750,6.3137

12557.4750,6.3142

12558.4760,6.3140

12559.4760,6.3146

12560.4760,6.3152

12561.4750,6.3171

12562.4750,6.3196

12563.4750,6.3203

12564.4760,6.3205

12565.4750,6.3202

12566.4760,6.3195

12567.4750,6.3196

12568.4750,6.3188

12569.4750,6.3184

12570.4750,6.3188

12571.4760,6.3186

12572.4750,6.3195

12573.4760,6.3211

12574.4750,6.3189

12575.4760,6.3176

12576.4750,6.3172

12577.4750,6.3174

12578.4750,6.3169

12579.4750,6.3155

12580.4750,6.3121

12581.4760,6.3106

12582.4750,6.3084

12583.4750,6.3082

12584.4750,6.3059

12585.4750,6.3021

12586.4760,6.3021

12587.4750,6.3009

12588.4750,6.3004

12589.4750,6.3003

12590.4750,6.3002

12591.4760,6.3002

12592.4750,6.3009

12593.4750,6.3011

12594.4750,6.2982

12595.4750,6.2980

12596.4750,6.2970

12597.4750,6.2954

12598.4750,6.2944

12599.4750,6.2944

12600.4760,6.2939

12601.4760,6.2943

12602.4750,6.2947

12603.4750,6.2956

12604.4750,6.2959

12605.4750,6.2964

12606.4750,6.2960

12607.4760,6.2959

12608.4750,6.2964

12609.4750,6.2968

12610.4760,6.2966

12611.4750,6.2965

12612.4750,6.2971

12613.4750,6.2971

12614.4750,6.2975

12615.4760,6.2978

12616.4760,6.2982

12617.4760,6.2985

12618.4750,6.2991

12619.4760,6.2994

12620.4750,6.2997

12621.4750,6.3005

12622.4750,6.3008

12623.4750,6.3011

12624.4750,6.3020

12625.4750,6.3019

12626.4760,6.3007

12627.4750,6.3014

12628.4750,6.3014

12629.4750,6.3023

12630.4750,6.3010

12631.4760,6.3043

12632.4750,6.3037

12633.4750,6.3026

12634.4760,6.3064

12635.4750,6.3040

12636.4760,6.3079

12637.4750,6.3066

12638.4760,6.3052

12639.4750,6.3045

12640.4750,6.3089

12641.4750,6.3093

12642.4760,6.3082

12643.4750,6.3086

12644.4750,6.3090

12645.4750,6.3084

12646.4750,6.3082

12647.4750,6.3090

12648.4760,6.3068

12649.4750,6.3067

12650.4750,6.3070

12651.4750,6.3097

12652.4750,6.3105

12653.4760,6.3089

12654.4750,6.3083

12655.4750,6.3080

12656.4760,6.3080

12657.4750,6.3083

12658.4750,6.3088

12659.4750,6.3091

12660.4760,6.3110

12661.4760,6.3104

12662.4750,6.3098

12663.4760,6.3098

12664.4750,6.3093

12665.4750,6.3095

12666.4750,6.3093

12667.4750,6.3098

12668.4750,6.3100

12669.4750,6.3102

12670.4750,6.3104

12671.4760,6.3111

12672.4750,6.3126

12673.4750,6.3140

12674.4750,6.3145

12675.4750,6.3145

12676.4750,6.3144

12677.4750,6.3144

12678.4760,6.3147

12679.4750,6.3142

12680.4750,6.3146

12681.4760,6.3142

12682.4750,6.3142

12683.4750,6.3148

12684.4750,6.3147

12685.4760,6.3150

12686.4750,6.3150

12687.4750,6.3149

12688.4750,6.3137

12689.4750,6.3130

12690.4760,6.3131

12691.4750,6.3136

12692.4760,6.3134

12693.4750,6.3136

12694.4750,6.3129

12695.4760,6.3133

12696.4750,6.3134

12697.4750,6.3136

12698.4750,6.3139

12699.4750,6.3139

12700.4750,6.3140

12701.4750,6.3139

12702.4750,6.3139

12703.4750,6.3139

12704.4750,6.3137

12705.4750,6.3139

12706.4750,6.3140

12707.4750,6.3139

12708.4750,6.3138

12709.4750,6.3137

12710.4760,6.3140

12711.4750,6.3141

12712.4750,6.3140

12713.4750,6.3141

12714.4750,6.3143

12715.4750,6.3143

12716.4750,6.3122

12717.4750,6.3128

12718.4750,6.3134

12719.4760,6.3138

12720.4750,6.3144

12721.4760,6.3147

12722.4750,6.3146

12723.4760,6.3149

12724.4750,6.3145

12725.4750,6.3102

12726.4760,6.3127

12727.4750,6.3139

12728.4750,6.3148

12729.4750,6.3154

12730.4760,6.3156

12731.4750,6.3160

12732.4750,6.3163

12733.4760,6.3167

12734.4750,6.3166

12735.4750,6.3165

12736.4750,6.3167

12737.4750,6.3170

12738.4750,6.3170

12739.4750,6.3174

12740.4750,6.3177

12741.4760,6.3176

12742.4760,6.3179

12743.4750,6.3179

12744.4760,6.3179

12745.4750,6.3182

12746.4750,6.3167

12747.4750,6.3162

12748.4750,6.3169

12749.4750,6.3173

12750.4750,6.3178

12751.4750,6.3182

12752.4750,6.3187

12753.4750,6.3188

12754.4760,6.3192

12755.4750,6.3198

12756.4750,6.3201

12757.4760,6.3203

12758.4760,6.3206

12759.4750,6.3209

12760.4750,6.3208

12761.4760,6.3207

12762.4750,6.3214

12763.4760,6.3220

12764.4750,6.3212

12765.4760,6.3226

12766.4750,6.3229

12767.4750,6.3234

12768.4750,6.3233

12769.4750,6.3236

12770.4760,6.3237

12771.4760,6.3240

12772.4760,6.3242

12773.4760,6.3248

12774.4750,6.3247

12775.4750,6.3251

12776.4750,6.3246

12777.4750,6.3250

12778.4750,6.3262

12779.4750,6.3273

12780.4750,6.3275

12781.4750,6.3272

12782.4750,6.3271

12783.4750,6.3273

12784.4750,6.3274

12785.4750,6.3275

12786.4750,6.3273

12787.4750,6.3271

12788.4750,6.3277

12789.4750,6.3286

12790.4750,6.3285

12791.4750,6.3266

12792.4750,6.3265

12793.4750,6.3274

12794.4760,6.3280

12795.4750,6.3281

12796.4750,6.3286

12797.4750,6.3286

12798.4750,6.3284

12799.4750,6.3286

12800.4750,6.3285

12801.4750,6.3286

12802.4750,6.3288

12803.4750,6.3294

12804.4750,6.3291

12805.4750,6.3278

12806.4750,6.3293

12807.4750,6.3300

12808.4750,6.3301

12809.4760,6.3303

12810.4750,6.3306

12811.4750,6.3316

12812.4750,6.3318

12813.4750,6.3319

12814.4750,6.3321

12815.4750,6.3325

12816.4750,6.3332

12817.4750,6.3337

12818.4750,6.3349

12819.4750,6.3351

12820.4750,6.3356

12821.4750,6.3356

12822.4750,6.3353

12823.4750,6.3358

12824.4750,6.3352

12825.4750,6.3351

12826.4760,6.3356

12827.4760,6.3372

12828.4750,6.3368

12829.4750,6.3360

12830.4750,6.3355

12831.4750,6.3352

12832.4760,6.3329

12833.4760,6.3332

12834.4750,6.3343

12835.4750,6.3352

12836.4750,6.3372

12837.4750,6.3383

12838.4750,6.3392

12839.4750,6.3383

12840.4750,6.3374

12841.4750,6.3364

12842.4750,6.3367

12843.4750,6.3366

12844.4750,6.3362

12845.4750,6.3361

12846.4750,6.3366

12847.4750,6.3366

12848.4760,6.3369

12849.4760,6.3374

12850.4760,6.3372

12851.4750,6.3380

12852.4760,6.3381

12853.4750,6.3379

12854.4760,6.3388

12855.4760,6.3391

12856.4750,6.3402

12857.4750,6.3406

12858.4750,6.3414

12859.4750,6.3415

12860.4750,6.3411

12861.4750,6.3402

12862.4750,6.3402

12863.4750,6.3398

12864.4750,6.3390

12865.4760,6.3363

12866.4750,6.3379

12867.4750,6.3401

12868.4750,6.3419

12869.4750,6.3428

12870.4760,6.3419

12871.4750,6.3422

12872.4760,6.3427

12873.4750,6.3427

12874.4750,6.3423

12875.4770,6.3414

12876.4750,6.3405

12877.4750,6.3413

12878.4750,6.3411

12879.4750,6.3413

12880.4750,6.3412

12881.4750,6.3415

12882.4750,6.3403

12883.4750,6.3407

12884.4750,6.3402

12885.4750,6.3414

12886.4750,6.3414

12887.4760,6.3417

12888.4750,6.3426

12889.4750,6.3431

12890.4750,6.3433

12891.4750,6.3426

12892.4750,6.3439

12893.4750,6.3442

12894.4750,6.3437

12895.4750,6.3448

12896.4750,6.3446

12897.4750,6.3450

12898.4760,6.3458

12899.4750,6.3464

12900.4750,6.3472

12901.4750,6.3477

12902.4750,6.3508

12903.4750,6.3511

12904.4760,6.3504

12905.4750,6.3519

12906.4760,6.3521

12907.4760,6.3516

12908.4760,6.3502

12909.4750,6.3505

12910.4760,6.3505

12911.4750,6.3509

12912.4750,6.3514

12913.4750,6.3517

12914.4750,6.3527

12915.4760,6.3524

12916.4750,6.3536

12917.4760,6.3543

12918.4750,6.3541

12919.4750,6.3547

12920.4760,6.3567

12921.4750,6.3571

12922.4760,6.3583

12923.4750,6.3591

12924.4750,6.3597

12925.4750,6.3610

12926.4750,6.3621

12927.4750,6.3628

12928.4750,6.3640

12929.4750,6.3650

12930.4750,6.3655

12931.4760,6.3648

12932.4750,6.3658

12933.4750,6.3664

12934.4750,6.3669

12935.4750,6.3683

12936.4760,6.3690

12937.4750,6.3696

12938.4750,6.3709

12939.4750,6.3718

12940.4750,6.3693

12941.4750,6.3670

12942.4750,6.3394

12943.4750,6.3345

12944.4750,6.3359

12945.4750,6.3370

12946.4760,6.3373

12947.4750,6.3376

12948.4760,6.3377

12949.4750,6.3376

12950.4760,6.3386

12951.4750,6.3383

12952.4760,6.3385

12953.4750,6.3388

12954.4750,6.3394

12955.4750,6.3393

12956.4750,6.3403

12957.4760,6.3412

12958.4750,6.3417

12959.4760,6.3427

12960.4750,6.3432

12961.4760,6.3432

12962.4750,6.3435

12963.4750,6.3444

12964.4750,6.3460

12965.4750,6.3467

12966.4750,6.3473

12967.4750,6.3479

12968.4750,6.3473

12969.4750,6.3448

12970.4750,6.3437

12971.4750,6.3443

12972.4760,6.3475

12973.4760,6.3499

12974.4750,6.3521

12975.4750,6.3538

12976.4750,6.3554

12977.4750,6.3564

12978.4750,6.3567

12979.4750,6.3544

12980.4760,6.3477

12981.4750,6.3463

12982.4760,6.3482

12983.4760,6.3515

12984.4750,6.3553

12985.4750,6.3587

12986.4750,6.3611

12987.4760,6.3634

12988.4750,6.3648

12989.4750,6.3674

12990.4750,6.3701

12991.4750,6.3729

12992.4750,6.3742

12993.4750,6.3757

12994.4750,6.3762

12995.4750,6.3747

12996.4750,6.3415

12997.4750,6.3416

12998.4750,6.3428

12999.4750,6.3439

13000.4760,6.3440

13001.4750,6.3349

13002.4750,6.3304

13003.4760,6.3310

13004.4750,6.3345

13005.4750,6.3346

13006.4750,6.3349

13007.4750,6.3340

13008.4750,6.3332

13009.4750,6.3375

13010.4750,6.3406

13011.4750,6.3425

13012.4750,6.3448

13013.4750,6.3462

13014.4760,6.3472

13015.4750,6.3478

13016.4750,6.3494

13017.4760,6.3503

13018.4750,6.3513

13019.4760,6.3529

13020.4750,6.3555

13021.4760,6.3573

13022.4750,6.3615

13023.4760,6.3642

13024.4750,6.3652

13025.4760,6.3639

13026.4750,6.3607

13027.4750,6.3440

13028.4750,6.3461

13029.4750,6.3477

13030.4760,6.3503

13031.4750,6.3536

13032.4750,6.3590

13033.4750,6.3607

13034.4760,6.3586

13035.4750,6.3386

13036.4750,6.3408

13037.4750,6.3419

13038.4750,6.3465

13039.4750,6.3520

13040.4750,6.3593

13041.4750,6.3619

13042.4750,6.3632

13043.4750,6.3647

13044.4750,6.3651

13045.4750,6.3653

13046.4750,6.3658

13047.4750,6.3666

13048.4750,6.3666

13049.4750,6.3667

13050.4750,6.3671

13051.4750,6.3675

13052.4760,6.3684

13053.4750,6.3691

13054.4750,6.3698

13055.4750,6.3701

13056.4760,6.3703

13057.4750,6.3706

13058.4750,6.3711

13059.4750,6.3709

13060.4750,6.3707

13061.4750,6.3714

13062.4750,6.3719

13063.4750,6.3718

13064.4760,6.3708

13065.4750,6.3707

13066.4760,6.3702

13067.4750,6.3702

13068.4750,6.3707

13069.4750,6.3719

13070.4750,6.3720

13071.4750,6.3724

13072.4750,6.3727

13073.4760,6.3731

13074.4750,6.3741

13075.4750,6.3747

13076.4750,6.3752

13077.4750,6.3750

13078.4750,6.3745

13079.4750,6.3738

13080.4750,6.3735

13081.4750,6.3738

13082.4750,6.3742

13083.4760,6.3743

13084.4750,6.3746

13085.4750,6.3754

13086.4750,6.3763

13087.4750,6.3764

13088.4750,6.3766

13089.4750,6.3766

13090.4750,6.3767

13091.4760,6.3773

13092.4750,6.3775

13093.4750,6.3775

13094.4750,6.3773

13095.4750,6.3726

13096.4750,6.3659

13097.4750,6.3622

13098.4750,6.3634

13099.4750,6.3623

13100.4760,6.3558

13101.4750,6.3532

13102.4760,6.3519

13103.4750,6.3520

13104.4750,6.3518

13105.4750,6.3497

13106.4750,6.3546

13107.4760,6.3517

13108.4750,6.3469

13109.4750,6.3452

13110.4750,6.3453

13111.4760,6.3457

13112.4750,6.3451

13113.4760,6.3455

13114.4760,6.3445

13115.4750,6.3437

13116.4750,6.3438

13117.4750,6.3448

13118.4750,6.3404

13119.4750,6.3086

13120.4750,6.3021

13121.4750,6.3009

13122.4750,6.3004

13123.4750,6.3000

13124.4750,6.2997

13125.4750,6.2998

13126.4750,6.2996

13127.4750,6.3001

13128.4760,6.2994

13129.4760,6.3028

13130.4760,6.3023

13131.4760,6.3005

13132.4750,6.3003

13133.4760,6.3007

13134.4760,6.3010

13135.4750,6.3018

13136.4760,6.3028

13137.4750,6.3037

13138.4750,6.3047

13139.4750,6.3055

13140.4750,6.3064

13141.4750,6.3074

13142.4760,6.3081

13143.4750,6.3085

13144.4750,6.3097

13145.4760,6.3118

13146.4750,6.3114

13147.4750,6.3118

13148.4750,6.3130

13149.4750,6.3139

13150.4760,6.3131

13151.4760,6.3141

13152.4750,6.3159

13153.4750,6.3170

13154.4750,6.3188

13155.4750,6.3232

13156.4760,6.3221

13157.4750,6.3213

13158.4760,6.3179

13159.4750,6.3190

13160.4750,6.3187

13161.4750,6.3188

13162.4750,6.3201

13163.4750,6.3200

13164.4750,6.3225

13165.4750,6.3279

13166.4750,6.3319

13167.4750,6.3300

13168.4750,6.3274

13169.4750,6.3269

13170.4760,6.3266

13171.4750,6.3264

13172.4750,6.3264

13173.4760,6.3246

13174.4750,6.3258

13175.4750,6.3274

13176.4760,6.3289

13177.4760,6.3288

13178.4750,6.3319

13179.4750,6.3329

13180.4760,6.3344

13181.4760,6.3362

13182.4760,6.3369

13183.4760,6.3367

13184.4750,6.3363

13185.4760,6.3358

13186.4750,6.3348

13187.4750,6.3342

13188.4750,6.3350

13189.4750,6.3350

13190.4750,6.3362

13191.4750,6.3367

13192.4750,6.3363

13193.4760,6.3375

13194.4760,6.3376

13195.4750,6.3345

13196.4760,6.3327

13197.4760,6.3184

13198.4760,6.3116

13199.4750,6.3125

13200.4750,6.3137

13201.4750,6.3145

13202.4750,6.3149

13203.4760,6.3150

13204.4750,6.3156

13205.4750,6.3161

13206.4750,6.3169

13207.4750,6.3171

13208.4750,6.3175

13209.4750,6.3185

13210.4750,6.3196

13211.4750,6.3209

13212.4750,6.3224

13213.4750,6.3247

13214.4750,6.3299

13215.4760,6.3363

13216.4760,6.3378

13217.4760,6.3383

13218.4750,6.3371

13219.4750,6.3366

13220.4760,6.3369

13221.4750,6.3370

13222.4750,6.3375

13223.4750,6.3383

13224.4750,6.3399

13225.4750,6.3402

13226.4750,6.3414

13227.4750,6.3420

13228.4760,6.3423

13229.4750,6.3427

13230.4760,6.3429

13231.4760,6.3430

13232.4750,6.3433

13233.4750,6.3440

13234.4750,6.3450

13235.4760,6.3455

13236.4760,6.3457

13237.4760,6.3468

13238.4750,6.3469

13239.4760,6.3474

13240.4760,6.3477

13241.4750,6.3469

13242.4760,6.3364

13243.4750,6.3158

13244.4750,6.3161

13245.4760,6.3161

13246.4750,6.3165

13247.4760,6.3166

13248.4750,6.3167

13249.4750,6.3168

13250.4750,6.3162

13251.4750,6.3157

13252.4750,6.3162

13253.4750,6.3158

13254.4750,6.3153

13255.4750,6.3150

13256.4750,6.3138

13257.4760,6.3134

13258.4760,6.3142

13259.4750,6.3152

13260.4750,6.3158

13261.4750,6.3160

13262.4760,6.3166

13263.4750,6.3167

13264.4750,6.3180

13265.4760,6.3184

13266.4760,6.3188

13267.4760,6.3194

13268.4750,6.3201

13269.4750,6.3209

13270.4760,6.3202

13271.4760,6.3209

13272.4750,6.3223

13273.4750,6.3230

13274.4750,6.3234

13275.4750,6.3242

13276.4750,6.3248

13277.4750,6.3264

13278.4750,6.3287

13279.4750,6.3295

13280.4750,6.3317

13281.4770,6.3332

13282.4770,6.3338

13283.4750,6.3336

13284.4750,6.3324

13285.4750,6.3308

13286.4760,6.3270

13287.4760,6.3262

13288.4760,6.3278

13289.4750,6.3293

13290.4760,6.3288

13291.4750,6.3294

13292.4750,6.3306

13293.4760,6.3317

13294.4750,6.3323

13295.4750,6.3334

13296.4750,6.3330

13297.4760,6.3319

13298.4760,6.3313

13299.4750,6.3319

13300.4750,6.3320

13301.4760,6.3313

13302.4750,6.3303

13303.4750,6.3296

13304.4750,6.3300

13305.4760,6.3310

13306.4750,6.3319

13307.4750,6.3306

13308.4750,6.3311

13309.4750,6.3320

13310.4750,6.3327

13311.4750,6.3335

13312.4750,6.3345

13313.4760,6.3351

13314.4750,6.3346

13315.4750,6.3347

13316.4750,6.3356

13317.4750,6.3373

13318.4750,6.3352

13319.4750,6.3377

13320.4750,6.3367

13321.4760,6.3339

13322.4750,6.3336

13323.4760,6.3343

13324.4750,6.3344

13325.4750,6.3358

13326.4750,6.3372

13327.4750,6.3371

13328.4750,6.3367

13329.4760,6.3376

13330.4760,6.3378

13331.4750,6.3384

13332.4750,6.3386

13333.4750,6.3396

13334.4760,6.3398

13335.4750,6.3404

13336.4750,6.3406

13337.4750,6.3295

13338.4750,6.3288

13339.4760,6.3327

13340.4750,6.3409

13341.4750,6.3456

13342.4750,6.3457

13343.4750,6.3396

13344.4750,6.3436

13345.4750,6.3476

13346.4750,6.3477

13347.4750,6.3484

13348.4750,6.3481

13349.4750,6.3487

13350.4750,6.3488

13351.4760,6.3493

13352.4760,6.3496

13353.4750,6.3500

13354.4750,6.3503

13355.4750,6.3508

13356.4750,6.3505

13357.4750,6.3518

13358.4750,6.3521

13359.4750,6.3516

13360.4750,6.3512

13361.4760,6.3513

13362.4750,6.3513

13363.4750,6.3492

13364.4750,6.3492

13365.4750,6.3501

13366.4760,6.3506

13367.4750,6.3500

13368.4750,6.3496

13369.4750,6.3424

13370.4750,6.3233

13371.4750,6.3239

13372.4750,6.3250

13373.4760,6.3261

13374.4760,6.3263

13375.4750,6.3260

13376.4750,6.3243

13377.4750,6.3201

13378.4760,6.3158

13379.4750,6.3123

13380.4750,6.3112

13381.4750,6.3090

13382.4750,6.3057

13383.4750,6.3067

13384.4750,6.3076

13385.4750,6.3077

13386.4750,6.3071

13387.4750,6.3071

13388.4750,6.3052

13389.4760,6.3079

13390.4750,6.3052

13391.4750,6.2998

13392.4750,6.3009

13393.4750,6.3040

13394.4750,6.3047

13395.4750,6.3045

13396.4750,6.3048

13397.4750,6.3077

13398.4750,6.3097

13399.4750,6.3129

13400.4750,6.3125

13401.4750,6.3070

13402.4750,6.3078

13403.4750,6.3081

13404.4760,6.3081

13405.4750,6.3111

13406.4760,6.3134

13407.4750,6.3146

13408.4760,6.3162

13409.4750,6.3181

13410.4750,6.3189

13411.4750,6.3205

13412.4760,6.3218

13413.4750,6.3223

13414.4750,6.3233

13415.4760,6.3249

13416.4750,6.3264

13417.4750,6.3274

13418.4750,6.3286

13419.4750,6.3289

13420.4750,6.3285

13421.4750,6.3302

13422.4750,6.3308

13423.4750,6.3200

13424.4760,6.3139

13425.4750,6.3103

13426.4750,6.3081

13427.4750,6.3064

13428.4750,6.3067

13429.4750,6.3108

13430.4750,6.3092

13431.4760,6.3076

13432.4760,6.3107

13433.4760,6.3139

13434.4750,6.3148

13435.4750,6.3155

13436.4750,6.3166

13437.4760,6.3178

13438.4750,6.3183

13439.4750,6.3197

13440.4750,6.3200

13441.4750,6.3212

13442.4750,6.3175

13443.4750,6.3231

13444.4760,6.3235

13445.4750,6.3243

13446.4750,6.3252

13447.4750,6.3257

13448.4750,6.3262

13449.4750,6.3268

13450.4750,6.3274

13451.4750,6.3258

13452.4750,6.3242

13453.4750,6.3247

13454.4760,6.3251

13455.4750,6.3259

13456.4750,6.3267

13457.4750,6.3270

13458.4760,6.3285

13459.4750,6.3285

13460.4750,6.3294

13461.4750,6.3287

13462.4760,6.3295

13463.4750,6.3281

13464.4750,6.3277

13465.4750,6.3296

13466.4750,6.3295

13467.4760,6.3291

13468.4760,6.3295

13469.4750,6.3303

13470.4750,6.3300

13471.4760,6.3299

13472.4750,6.3303

13473.4750,6.3319

13474.4750,6.3328

13475.4760,6.3337

13476.4750,6.3350

13477.4760,6.3357

13478.4750,6.3357

13479.4750,6.3354

13480.4760,6.3359

13481.4750,6.3359

13482.4750,6.3364

13483.4750,6.3367

13484.4750,6.3370

13485.4750,6.3377

13486.4750,6.3382

13487.4750,6.3383

13488.4750,6.3388

13489.4760,6.3396

13490.4760,6.3403

13491.4760,6.3412

13492.4750,6.3414

13493.4750,6.3412

13494.4760,6.3408

13495.4750,6.3405

13496.4750,6.3401

13497.4750,6.3403

13498.4750,6.3409

13499.4750,6.3409

13500.4750,6.3411

13501.4750,6.3414

13502.4750,6.3426

13503.4750,6.3435

13504.4750,6.3323

13505.4760,6.3101

13506.4750,6.3090

13507.4760,6.3065

13508.4750,6.3066

13509.4750,6.3063

13510.4760,6.3063

13511.4750,6.3064

13512.4760,6.3065

13513.4750,6.3065

13514.4750,6.3065

13515.4750,6.3065

13516.4760,6.3062

13517.4760,6.3069

13518.4750,6.3081

13519.4750,6.3082

13520.4760,6.3085

13521.4750,6.3086

13522.4750,6.3094

13523.4750,6.3098

13524.4750,6.3105

13525.4760,6.3109

13526.4750,6.3110

13527.4750,6.3114

13528.4750,6.3117

13529.4750,6.3117

13530.4750,6.3120

13531.4760,6.3121

13532.4750,6.3112

13533.4750,6.3115

13534.4750,6.3118

13535.4750,6.3118

13536.4750,6.3120

13537.4760,6.3121

13538.4760,6.3124

13539.4750,6.3121

13540.4750,6.3111

13541.4750,6.3105

13542.4750,6.3103

13543.4750,6.3102

13544.4760,6.3102

13545.4750,6.3103

13546.4760,6.3103

13547.4750,6.3106

13548.4750,6.3108

13549.4750,6.3108

13550.4750,6.3106

13551.4750,6.3098

13552.4750,6.3092

13553.4750,6.3093

13554.4760,6.3094

13555.4760,6.3097

13556.4750,6.3100

13557.4750,6.3101

13558.4750,6.3101

13559.4750,6.3105

13560.4760,6.3107

13561.4760,6.3109

13562.4750,6.3119

13563.4750,6.3126

13564.4750,6.3131

13565.4750,6.3124

13566.4750,6.3120

13567.4750,6.3120

13568.4750,6.3119

13569.4750,6.3117

13570.4750,6.3117

13571.4760,6.3115

13572.4750,6.3115

13573.4750,6.3115

13574.4760,6.3113

13575.4750,6.3110

13576.4760,6.3110

13577.4750,6.3111

13578.4750,6.3114

13579.4760,6.3112

13580.4750,6.3112

13581.4750,6.3111

13582.4760,6.3111

13583.4750,6.3110

13584.4750,6.3111

13585.4750,6.3110

13586.4750,6.3114

13587.4750,6.3116

13588.4760,6.3126

13589.4750,6.3122

13590.4760,6.3127

13591.4760,6.3130

13592.4760,6.3132

13593.4750,6.3136

13594.4750,6.3136

13595.4750,6.3140

13596.4750,6.3145

13597.4750,6.3147

13598.4750,6.3151

13599.4760,6.3149

13600.4750,6.3149

13601.4760,6.3150

13602.4750,6.3155

13603.4750,6.3155

13604.4750,6.3160

13605.4760,6.3158

13606.4750,6.3158

13607.4760,6.3160

13608.4760,6.3163

13609.4750,6.3161

13610.4760,6.3164

13611.4750,6.3167

13612.4750,6.3168

13613.4750,6.3174

13614.4760,6.3172

13615.4750,6.3172

13616.4750,6.3177

13617.4750,6.3186

13618.4750,6.3188

13619.4750,6.3195

13620.4750,6.3196

13621.4750,6.3203

13622.4750,6.3208

13623.4750,6.3212

13624.4760,6.3215

13625.4750,6.3215

13626.4750,6.3218

13627.4750,6.3216

13628.4750,6.3216

13629.4750,6.3216

13630.4760,6.3216

13631.4760,6.3216

13632.4760,6.3218

13633.4760,6.3220

13634.4750,6.3232

13635.4750,6.3237

13636.4750,6.3252

13637.4760,6.3253

13638.4750,6.3253

13639.4750,6.3250

13640.4750,6.3250

13641.4750,6.3252

13642.4750,6.3252

13643.4750,6.3255

13644.4760,6.3255

13645.4750,6.3249

13646.4750,6.3248

13647.4750,6.3259

13648.4750,6.3272

13649.4750,6.3283

13650.4750,6.3288

13651.4760,6.3286

13652.4750,6.3290

13653.4760,6.3283

13654.4760,6.3287

13655.4750,6.3286

13656.4750,6.3288

13657.4760,6.3286

13658.4760,6.3294

13659.4750,6.3300

13660.4750,6.3306

13661.4750,6.3308

13662.4750,6.3319

13663.4750,6.3305

13664.4750,6.3325

13665.4750,6.3335

13666.4750,6.3345

13667.4750,6.3354

13668.4750,6.3358

13669.4750,6.3354

13670.4750,6.3361

13671.4760,6.3374

13672.4750,6.3386

13673.4750,6.3390

13674.4750,6.3396

13675.4750,6.3415

13676.4750,6.3422

13677.4750,6.3436

13678.4760,6.3460

13679.4760,6.3473

13680.4750,6.3472

13681.4750,6.3471

13682.4750,6.3475

13683.4750,6.3479

13684.4760,6.3476

13685.4750,6.3469

13686.4750,6.3465

13687.4750,6.3472

13688.4750,6.3481

13689.4750,6.3489

13690.4750,6.3502

13691.4750,6.3504

13692.4760,6.3512

13693.4760,6.3518

13694.4750,6.3527

13695.4750,6.3389

13696.4750,6.3307

13697.4750,6.3321

13698.4750,6.3338

13699.4750,6.3350

13700.4750,6.3357

13701.4750,6.3362

13702.4750,6.3369

13703.4750,6.3373

13704.4760,6.3382

13705.4750,6.3389

13706.4750,6.3398

13707.4750,6.3403

13708.4750,6.3418

13709.4750,6.3432

13710.4750,6.3437

13711.4760,6.3454

13712.4750,6.3476

13713.4760,6.3495

13714.4750,6.3514

13715.4760,6.3528

13716.4760,6.3538

13717.4750,6.3545

13718.4760,6.3556

13719.4760,6.3575

13720.4750,6.3441

13721.4750,6.3461

13722.4750,6.3572

13723.4750,6.3593

13724.4750,6.3592

13725.4760,6.3597

13726.4760,6.3607

13727.4750,6.3611

13728.4750,6.3614

13729.4750,6.3619

13730.4760,6.3629

13731.4750,6.3574

13732.4750,6.3594

13733.4750,6.3637

13734.4750,6.3647

13735.4750,6.3655

13736.4750,6.3655

13737.4750,6.3656

13738.4750,6.3663

13739.4760,6.3663

13740.4750,6.3659

13741.4750,6.3660

13742.4750,6.3664

13743.4750,6.3669

13744.4750,6.3659

13745.4750,6.3685

13746.4750,6.3685

13747.4750,6.3667

13748.4750,6.3627

13749.4750,6.3625

13750.4750,6.3562

13751.4750,6.3572

13752.4750,6.3643

13753.4750,6.3656

13754.4750,6.3656

13755.4750,6.3661

13756.4760,6.3666

13757.4750,6.3662

13758.4750,6.3658

13759.4760,6.3676

13760.4750,6.3680

13761.4750,6.3680

13762.4750,6.3677

13763.4760,6.3690

13764.4750,6.3697

13765.4750,6.3554

13766.4750,6.3392

13767.4760,6.3350

13768.4760,6.3316

13769.4760,6.3302

13770.4760,6.3300

13771.4750,6.3296

13772.4750,6.3300

13773.4750,6.3300

13774.4750,6.3307

13775.4750,6.3310

13776.4750,6.3315

13777.4750,6.3319

13778.4750,6.3320

13779.4760,6.3325

13780.4750,6.3335

13781.4750,6.3333

13782.4750,6.3333

13783.4750,6.3337

13784.4750,6.3338

13785.4750,6.3333

13786.4760,6.3336

13787.4760,6.3337

13788.4750,6.3345

13789.4750,6.3343

13790.4750,6.3343

13791.4750,6.3338

13792.4750,6.3332

13793.4750,6.3342

13794.4750,6.3343

13795.4750,6.3340

13796.4750,6.3347

13797.4750,6.3343

13798.4750,6.3352

13799.4750,6.3361

13800.4750,6.3353

13801.4760,6.3337

13802.4760,6.3307

13803.4750,6.3298

13804.4750,6.3303

13805.4760,6.3306

13806.4750,6.3308

13807.4750,6.3314

13808.4750,6.3318

13809.4750,6.3326

13810.4760,6.3319

13811.4750,6.3323

13812.4760,6.3326

13813.4760,6.3323

13814.4750,6.3323

13815.4750,6.3326

13816.4750,6.3324

13817.4760,6.3313

13818.4750,6.3303

13819.4750,6.3305

13820.4750,6.3312

13821.4750,6.3321

13822.4760,6.3323

13823.4750,6.3323

13824.4750,6.3322

13825.4760,6.3326

13826.4750,6.3330

13827.4750,6.3332

13828.4750,6.3333

13829.4750,6.3343

13830.4750,6.3342

13831.4760,6.3345

13832.4750,6.3346

13833.4750,6.3349

13834.4760,6.3346

13835.4750,6.3340

13836.4750,6.3344

13837.4750,6.3348

13838.4750,6.3346

13839.4750,6.3342

13840.4760,6.3342

13841.4750,6.3343

13842.4760,6.3347

13843.4750,6.3346

13844.4750,6.3349

13845.4750,6.3349

13846.4760,6.3358

13847.4760,6.3365

13848.4750,6.3366

13849.4750,6.3365

13850.4760,6.3369

13851.4760,6.3372

13852.4750,6.3370

13853.4750,6.3370

13854.4750,6.3378

13855.4760,6.3388

13856.4760,6.3388

13857.4750,6.3390

13858.4750,6.3391

13859.4750,6.3400

13860.4750,6.3402

13861.4750,6.3401

13862.4750,6.3396

13863.4750,6.3396

13864.4750,6.3394

13865.4750,6.3394

13866.4750,6.3325

13867.4750,6.3046

13868.4750,6.3112

13869.4750,6.3084

13870.4750,6.3100

13871.4760,6.3069

13872.4750,6.3046

13873.4750,6.2989

13874.4760,6.2971

13875.4750,6.2964

13876.4760,6.2963

13877.4750,6.2952

13878.4750,6.2957

13879.4760,6.2950

13880.4750,6.2965

13881.4750,6.2972

13882.4750,6.2973

13883.4750,6.2978

13884.4750,6.2984

13885.4760,6.2989

13886.4750,6.2992

13887.4750,6.2998

13888.4750,6.3005

13889.4750,6.3020

13890.4750,6.3031

13891.4750,6.3043

13892.4750,6.3058

13893.4750,6.3071

13894.4750,6.3077

13895.4750,6.3094

13896.4750,6.3103

13897.4760,6.3116

13898.4750,6.3093

13899.4750,6.3120

13900.4750,6.3141

13901.4750,6.3165

13902.4750,6.3190

13903.4760,6.3213

13904.4750,6.3237

13905.4750,6.3242

13906.4750,6.3249

13907.4750,6.3285

13908.4750,6.3323

13909.4750,6.3366

13910.4750,6.3400

13911.4750,6.3427

13912.4750,6.3448

13913.4750,6.3464

13914.4750,6.3484

13915.4750,6.3500

13916.4750,6.3483

13917.4750,6.3467

13918.4750,6.3462

13919.4750,6.3446

13920.4750,6.3421

13921.4750,6.3422

13922.4760,6.3415

13923.4750,6.3423

13924.4750,6.3431

13925.4760,6.3416

13926.4760,6.3346

13927.4750,6.3129

13928.4760,6.3151

13929.4750,6.3223

13930.4760,6.3296

13931.4750,6.3352

13932.4760,6.3373

13933.4750,6.3399

13934.4760,6.3392

13935.4750,6.3377

13936.4750,6.3374

13937.4750,6.3376

13938.4760,6.3344

13939.4760,6.3225

13940.4750,6.3336

13941.4760,6.3388

13942.4750,6.3396

13943.4750,6.3379

13944.4760,6.3396

13945.4750,6.3370

13946.4750,6.3381

13947.4750,6.3370

13948.4750,6.3162

13949.4750,6.3088

13950.4760,6.3057

13951.4750,6.3047

13952.4760,6.3042

13953.4750,6.3044

13954.4750,6.3034

13955.4750,6.3026

13956.4750,6.3025

13957.4760,6.3022

13958.4750,6.3027

13959.4760,6.3026

13960.4750,6.3028

13961.4750,6.3031

13962.4750,6.3034

13963.4750,6.3036

13964.4750,6.3047

13965.4750,6.3059

13966.4750,6.3058

13967.4750,6.3046

13968.4750,6.3051

13969.4750,6.3062

13970.4750,6.3072

13971.4760,6.3079

13972.4750,6.3085

13973.4750,6.3090

13974.4760,6.3099

13975.4750,6.3102

13976.4750,6.3110

13977.4760,6.3132

13978.4750,6.3152

13979.4750,6.3173

13980.4750,6.3190

13981.4750,6.3204

13982.4750,6.3233

13983.4760,6.3251

13984.4750,6.3254

13985.4750,6.3280

13986.4750,6.3306

13987.4760,6.3332

13988.4750,6.3345

13989.4750,6.3376

13990.4750,6.3396

13991.4750,6.3421

13992.4750,6.3448

13993.4760,6.3468

13994.4750,6.3485

13995.4750,6.3493

13996.4760,6.3498

13997.4750,6.3497

13998.4750,6.3521

13999.4750,6.3524

14000.4750,6.3507

14001.4750,6.3528

14002.4750,6.3555

14003.4750,6.3534

14004.4750,6.3530

14005.4760,6.3508

14006.4750,6.3467

14007.4750,6.3291

14008.4750,6.3277

14009.4750,6.3273

14010.4750,6.3272

14011.4750,6.3280

14012.4750,6.3287

14013.4750,6.3295

14014.4750,6.3306

14015.4750,6.3318

14016.4750,6.3331

14017.4750,6.3341

14018.4750,6.3348

14019.4760,6.3357

14020.4750,6.3360

14021.4750,6.3366

14022.4760,6.3326

14023.4750,6.3297

14024.4760,6.3305

14025.4750,6.3265

14026.4750,6.3187

14027.4750,6.3168

14028.4750,6.3151

14029.4750,6.3156

14030.4750,6.3171

14031.4750,6.3188

14032.4750,6.3201

14033.4750,6.3217

14034.4750,6.3226

14035.4750,6.3240

14036.4750,6.3249

14037.4750,6.3261

14038.4750,6.3264

14039.4750,6.3262

14040.4750,6.3269

14041.4750,6.3279

14042.4750,6.3274

14043.4750,6.3278

14044.4750,6.3270

14045.4750,6.3223

14046.4750,6.3071

14047.4750,6.3075

14048.4750,6.3087

14049.4750,6.3087

14050.4750,6.3098

14051.4760,6.3106

14052.4750,6.3116

14053.4760,6.3130

14054.4750,6.3143

14055.4750,6.3158

14056.4750,6.3162

14057.4760,6.3178

14058.4750,6.3192

14059.4760,6.3208

14060.4750,6.3235

14061.4750,6.3271

14062.4750,6.3329

14063.4750,6.3376

14064.4750,6.3394

14065.4750,6.3401

14066.4750,6.3411

14067.4750,6.3423

14068.4750,6.3432

14069.4750,6.3429

14070.4760,6.3440

14071.4760,6.3433

14072.4750,6.3440

14073.4750,6.3454

14074.4750,6.3458

14075.4750,6.3478

14076.4750,6.3483

14077.4760,6.3495

14078.4750,6.3502

14079.4750,6.3521

14080.4750,6.3525

14081.4750,6.3527

14082.4750,6.3517

14083.4750,6.3531

14084.4750,6.3529

14085.4750,6.3535

14086.4750,6.3540

14087.4760,6.3539

14088.4750,6.3546

14089.4750,6.3555

14090.4750,6.3558

14091.4750,6.3567

14092.4750,6.3573

14093.4750,6.3588

14094.4750,6.3586

14095.4750,6.3598

14096.4750,6.3603

14097.4760,6.3604

14098.4760,6.3600

14099.4760,6.3477

14100.4750,6.3377

14101.4750,6.3356

14102.4750,6.3333

14103.4750,6.3346

14104.4750,6.3345

14105.4760,6.3355

14106.4750,6.3366

14107.4750,6.3379

14108.4750,6.3393

14109.4750,6.3406

14110.4750,6.3375

14111.4750,6.3338

14112.4760,6.3321

14113.4760,6.3334

14114.4750,6.3367

14115.4750,6.3447

14116.4760,6.3491

14117.4750,6.3501

14118.4750,6.3501

14119.4760,6.3516

14120.4760,6.3499

14121.4750,6.3472

14122.4750,6.3422

14123.4760,6.3379

14124.4750,6.3379

14125.4750,6.3369

14126.4750,6.3373

14127.4750,6.3384

14128.4750,6.3389

14129.4750,6.3375

14130.4750,6.3367

14131.4760,6.3309

14132.4750,6.3216

14133.4770,6.3317

14134.4750,6.3342

14135.4750,6.3351

14136.4760,6.3344

14137.4750,6.3272

14138.4750,6.3324

14139.4760,6.3322

14140.4750,6.3289

14141.4750,6.3269

14142.4750,6.3135

14143.4760,6.2922

14144.4750,6.2935

14145.4750,6.2928

14146.4750,6.2931

14147.4750,6.2935

14148.4750,6.2938

14149.4750,6.2947

14150.4760,6.2959

14151.4750,6.2966

14152.4760,6.2974

14153.4760,6.2986

14154.4750,6.2994

14155.4750,6.3006

14156.4750,6.3020

14157.4750,6.3033

14158.4750,6.3046

14159.4750,6.3058

14160.4750,6.3063

14161.4760,6.3083

14162.4750,6.3098

14163.4750,6.3110

14164.4750,6.3125

14165.4750,6.3140

14166.4750,6.3152

14167.4750,6.3172

14168.4760,6.3188

14169.4750,6.3210

14170.4750,6.3227

14171.4760,6.3253

14172.4760,6.3295

14173.4750,6.3329

14174.4770,6.3358

14175.4750,6.3388

14176.4750,6.3401

14177.4750,6.3419

14178.4750,6.3429

14179.4750,6.3438

14180.4750,6.3452

14181.4750,6.3469

14182.4750,6.3473

14183.4750,6.3438

14184.4750,6.3368

14185.4750,6.3275

14186.4750,6.3227

14187.4750,6.3087

14188.4750,6.2993

14189.4750,6.2990

14190.4750,6.2990

14191.4750,6.2994

14192.4760,6.2999

14193.4750,6.3019

14194.4750,6.3034

14195.4750,6.3048

14196.4750,6.3061

14197.4750,6.3072

14198.4750,6.3093

14199.4760,6.3127

14200.4750,6.3223

14201.4750,6.3305

14202.4760,6.3309

14203.4750,6.3319

14204.4760,6.3308

14205.4760,6.3296

14206.4750,6.3120

14207.4750,6.3085

14208.4750,6.3076

14209.4750,6.3089

14210.4750,6.3091

14211.4750,6.3091

14212.4750,6.3101

14213.4750,6.3102

14214.4750,6.3109

14215.4750,6.3106

14216.4750,6.3117

14217.4750,6.3125

14218.4750,6.3122

14219.4750,6.3135

14220.4750,6.3143

14221.4750,6.3145

14222.4750,6.3151

14223.4760,6.3159

14224.4750,6.3169

14225.4750,6.3165

14226.4750,6.3168

14227.4750,6.3167

14228.4760,6.3163

14229.4750,6.3174

14230.4750,6.3188

14231.4760,6.3190

14232.4750,6.3194

14233.4750,6.3195

14234.4750,6.3205

14235.4750,6.3222

14236.4750,6.3227

14237.4760,6.3244

14238.4750,6.3286

14239.4750,6.3350

14240.4760,6.3388

14241.4750,6.3376

14242.4750,6.3363

14243.4750,6.3373

14244.4750,6.3249

14245.4750,6.3039

14246.4750,6.3017

14247.4750,6.3013

14248.4750,6.3018

14249.4750,6.3029

14250.4750,6.3035

14251.4750,6.3039

14252.4760,6.3044

14253.4750,6.3068

14254.4760,6.3061

14255.4750,6.3077

14256.4750,6.3093

14257.4750,6.3098

14258.4750,6.3092

14259.4760,6.3091

14260.4750,6.3116

14261.4760,6.3118

14262.4760,6.3124

14263.4750,6.3133

14264.4750,6.3144

14265.4750,6.3159

14266.4750,6.3183

14267.4750,6.3186

14268.4750,6.3209

14269.4760,6.3239

14270.4750,6.3261

14271.4750,6.3314

14272.4750,6.3359

14273.4750,6.3361

14274.4750,6.3361

14275.4750,6.3353

14276.4750,6.3354

14277.4750,6.3361

14278.4750,6.3391

14279.4760,6.3417

14280.4760,6.3430

14281.4750,6.3418

14282.4750,6.3426

14283.4750,6.3419

14284.4750,6.3418

14285.4750,6.3421

14286.4750,6.3429

14287.4750,6.3430

14288.4750,6.3427

14289.4750,6.3434

14290.4760,6.3434

14291.4750,6.3443

14292.4760,6.3447

14293.4750,6.3436

14294.4760,6.3429

14295.4750,6.3427

14296.4750,6.3428

14297.4750,6.3420

14298.4750,6.3416

14299.4750,6.3419

14300.4750,6.3432

14301.4750,6.3442

14302.4750,6.3455

14303.4750,6.3460

14304.4760,6.3465

14305.4750,6.3468

14306.4760,6.3469

14307.4750,6.3472

14308.4750,6.3479

14309.4750,6.3201

14310.4760,6.3196

14311.4750,6.3188

14312.4750,6.3173

14313.4750,6.3162

14314.4760,6.3153

14315.4750,6.3145

14316.4760,6.3147

14317.4750,6.3145

14318.4750,6.3147

14319.4750,6.3147

14320.4760,6.3148

14321.4760,6.3151

14322.4760,6.3149

14323.4760,6.3150

14324.4760,6.3148

14325.4750,6.3156

14326.4750,6.3159

14327.4750,6.3178

14328.4760,6.3190

14329.4750,6.3196

14330.4750,6.3199

14331.4750,6.3217

14332.4760,6.3223

14333.4750,6.3203

14334.4750,6.3164

14335.4750,6.3159

14336.4750,6.3162

14337.4750,6.3161

14338.4750,6.3158

14339.4750,6.3138

14340.4760,6.3137

14341.4750,6.3136

14342.4760,6.3139

14343.4750,6.3145

14344.4750,6.3156

14345.4750,6.3164

14346.4750,6.3160

14347.4750,6.3177

14348.4760,6.3199

14349.4750,6.3195

14350.4760,6.3203

14351.4760,6.3242

14352.4750,6.3253

14353.4760,6.3261

14354.4750,6.3276

14355.4750,6.3304

14356.4750,6.3333

14357.4750,6.3362

14358.4760,6.3384

14359.4760,6.3404

14360.4750,6.3428

14361.4760,6.3469

14362.4750,6.3460

14363.4750,6.3460

14364.4750,6.3461

14365.4750,6.3459

14366.4750,6.3464

14367.4750,6.3486

14368.4750,6.3480

14369.4760,6.3477

14370.4760,6.3475

14371.4750,6.3475

14372.4750,6.3474

14373.4760,6.3480

14374.4750,6.3329

14375.4750,6.3228

14376.4760,6.3196

14377.4750,6.3186

14378.4750,6.3190

14379.4760,6.3180

14380.4750,6.3173

14381.4750,6.3173

14382.4750,6.3173

14383.4750,6.3184

14384.4760,6.3190

14385.4760,6.3184

14386.4750,6.3183

14387.4760,6.3183

14388.4750,6.3188

14389.4760,6.3192

14390.4750,6.3194

14391.4750,6.3196

14392.4750,6.3200

14393.4750,6.3205

14394.4750,6.3211

14395.4760,6.3220

14396.4750,6.3229

14397.4750,6.3245

14398.4750,6.3262

14399.4750,6.3287

14400.4760,6.3304

14401.4760,6.3334

14402.4760,6.3374

14403.4750,6.3402

14404.4750,6.3428

14405.4750,6.3454

14406.4750,6.3471

14407.4760,6.3485

14408.4750,6.3493

14409.4750,6.3497

14410.4750,6.3500

14411.4750,6.3498

14412.4750,6.3503

14413.4750,6.3503

14414.4750,6.3501

14415.4750,6.3502

14416.4750,6.3338

14417.4750,6.3281

14418.4750,6.3303

14419.4750,6.3342

14420.4750,6.3400

14421.4750,6.3458

14422.4750,6.3494

14423.4750,6.3513

14424.4750,6.3520

14425.4750,6.3525

14426.4760,6.3529

14427.4760,6.3529

14428.4760,6.3531

14429.4750,6.3529

14430.4750,6.3321

14431.4750,6.3234

14432.4770,6.3219

14433.4750,6.3208

14434.4760,6.3197

14435.4750,6.3193

14436.4750,6.3192

14437.4750,6.3192

14438.4750,6.3194

14439.4750,6.3201

14440.4750,6.3217

14441.4750,6.3215

14442.4750,6.3209

14443.4750,6.3200

14444.4750,6.3199

14445.4750,6.3197

14446.4750,6.3198

14447.4750,6.3201

14448.4750,6.3199

14449.4750,6.3198

14450.4750,6.3203

14451.4750,6.3205

14452.4750,6.3202

14453.4760,6.3209

14454.4750,6.3212

14455.4760,6.3211

14456.4750,6.3213

14457.4750,6.3211

14458.4750,6.3210

14459.4750,6.3211

14460.4760,6.3213

14461.4750,6.3214

14462.4750,6.3211

14463.4760,6.3211

14464.4750,6.3213

14465.4750,6.3212

14466.4750,6.3212

14467.4750,6.3218

14468.4750,6.3226

14469.4750,6.3227

14470.4750,6.3230

14471.4750,6.3234

14472.4760,6.3241

14473.4750,6.3238

14474.4750,6.3232

14475.4750,6.3234

14476.4750,6.3240

14477.4750,6.3239

14478.4750,6.3242

14479.4760,6.3246

14480.4750,6.3249

14481.4760,6.3256

14482.4760,6.3264

14483.4750,6.3265

14484.4750,6.3268

14485.4750,6.3270

14486.4760,6.3275

14487.4760,6.3275

14488.4750,6.3279

14489.4750,6.3279

14490.4750,6.3275

14491.4750,6.3277

14492.4750,6.3285

14493.4750,6.3290

14494.4750,6.3290

14495.4760,6.3289

14496.4750,6.3293

14497.4750,6.3314

14498.4750,6.3316

14499.4760,6.3318

14500.4750,6.3317

14501.4750,6.3313

14502.4750,6.3316

14503.4750,6.3327

14504.4760,6.3345

14505.4750,6.3336

14506.4760,6.3327

14507.4750,6.3333

14508.4760,6.3344

14509.4750,6.3354

14510.4750,6.3371

14511.4750,6.3389

14512.4760,6.3405

14513.4750,6.3421

14514.4750,6.3441

14515.4750,6.3459

14516.4760,6.3474

14517.4750,6.3496

14518.4750,6.3517

14519.4750,6.3539

14520.4750,6.3560

14521.4750,6.3577

14522.4750,6.3588

14523.4750,6.3595

14524.4760,6.3603

14525.4750,6.3615

14526.4750,6.3620

14527.4750,6.3622

14528.4750,6.3543

14529.4750,6.3537

14530.4750,6.3636

14531.4750,6.3646

14532.4750,6.3651

14533.4750,6.3645

14534.4760,6.3636

14535.4760,6.3637

14536.4750,6.3637

14537.4750,6.3467

14538.4760,6.3419

14539.4750,6.3390

14540.4750,6.3376

14541.4750,6.3364

14542.4750,6.3363

14543.4750,6.3352

14544.4750,6.3342

14545.4750,6.3342

14546.4750,6.3350

14547.4750,6.3372

14548.4750,6.3359

14549.4760,6.3354

14550.4750,6.3353

14551.4760,6.3349

14552.4750,6.3352

14553.4760,6.3355

14554.4750,6.3344

14555.4750,6.3345

14556.4750,6.3347

14557.4750,6.3347

14558.4750,6.3356

14559.4750,6.3364

14560.4760,6.3368

14561.4750,6.3374

14562.4760,6.3378

14563.4760,6.3381

14564.4750,6.3386

14565.4750,6.3395

14566.4750,6.3414

14567.4760,6.3424

14568.4750,6.3422

14569.4750,6.3429

14570.4750,6.3439

14571.4760,6.3459

14572.4750,6.3460

14573.4750,6.3470

14574.4760,6.3480

14575.4750,6.3466

14576.4750,6.3488

14577.4750,6.3481

14578.4750,6.3501

14579.4760,6.3505

14580.4750,6.3492

14581.4750,6.3509

14582.4760,6.3537

14583.4750,6.3544

14584.4760,6.3577

14585.4750,6.3593

14586.4750,6.3600

14587.4760,6.3630

14588.4750,6.3635

14589.4750,6.3655

14590.4750,6.3680

14591.4750,6.3694

14592.4750,6.3720

14593.4750,6.3734

14594.4750,6.3751

14595.4760,6.3761

14596.4750,6.3774

14597.4750,6.3784

14598.4750,6.3795

14599.4760,6.3789

14600.4760,6.3797

14601.4750,6.3802

14602.4760,6.3695

14603.4750,6.3806

14604.4750,6.3801

14605.4750,6.3815

14606.4750,6.3816

14607.4750,6.3821

14608.4750,6.3822

14609.4760,6.3572

14610.4770,6.3508

14611.4750,6.3495

14612.4750,6.3486

14613.4750,6.3483

14614.4760,6.3486

14615.4760,6.3480

14616.4760,6.3481

14617.4760,6.3479

14618.4760,6.3479

14619.4750,6.3480

14620.4750,6.3480

14621.4760,6.3481

14622.4760,6.3481

14623.4750,6.3474

14624.4750,6.3473

14625.4750,6.3460

14626.4760,6.3387

14627.4760,6.3185

14628.4750,6.3194

14629.4750,6.3175

14630.4760,6.3153

14631.4760,6.3130

14632.4760,6.3128

14633.4750,6.3124

14634.4750,6.3111

14635.4750,6.3101

14636.4750,6.3103

14637.4760,6.3106

14638.4750,6.3114

14639.4760,6.3110

14640.4750,6.3121

14641.4750,6.3132

14642.4750,6.3140

14643.4750,6.3155

14644.4750,6.3167

14645.4750,6.3181

14646.4750,6.3193

14647.4750,6.3213

14648.4750,6.3238

14649.4750,6.3254

14650.4760,6.3278

14651.4750,6.3321

14652.4760,6.3362

14653.4750,6.3391

14654.4750,6.3430

14655.4750,6.3469

14656.4750,6.3500

14657.4750,6.3523

14658.4750,6.3521

14659.4750,6.3506

14660.4760,6.3523

14661.4750,6.3524

14662.4760,6.3519

14663.4750,6.3512

14664.4750,6.3510

14665.4750,6.3498

14666.4750,6.3370

14667.4750,6.3485

14668.4770,6.3513

14669.4750,6.3522

14670.4750,6.3518

14671.4750,6.3530

14672.4750,6.3523

14673.4750,6.3524

14674.4750,6.3334

14675.4760,6.3245

14676.4750,6.3244

14677.4750,6.3254

14678.4760,6.3278

14679.4750,6.3307

14680.4750,6.3349

14681.4760,6.3396

14682.4750,6.3458

14683.4750,6.3498

14684.4760,6.3536

14685.4750,6.3555

14686.4750,6.3550

14687.4750,6.3574

14688.4760,6.3567

14689.4750,6.3562

14690.4760,6.3557

14691.4760,6.3563

14692.4750,6.3562

14693.4760,6.3562

14694.4750,6.3540

14695.4750,6.3539

14696.4750,6.3487

14697.4750,6.3348

14698.4760,6.3338

14699.4750,6.3346

14700.4750,6.3371

14701.4750,6.3411

14702.4760,6.3467

14703.4750,6.3511

14704.4750,6.3532

14705.4750,6.3552

14706.4760,6.3574

14707.4750,6.3581

14708.4750,6.3582

14709.4760,6.3486

14710.4750,6.3554

14711.4750,6.3580

14712.4750,6.3582

14713.4760,6.3522

14714.4750,6.3580

14715.4750,6.3582

14716.4760,6.3586

14717.4760,6.3585

14718.4750,6.3581

14719.4750,6.3576

14720.4750,6.3585

14721.4760,6.3584

14722.4750,6.3592

14723.4760,6.3598

14724.4750,6.3605

14725.4750,6.3599

14726.4750,6.3599

14727.4760,6.3493

14728.4750,6.3308

14729.4750,6.3261

14730.4760,6.3246

14731.4760,6.3241

14732.4750,6.3238

14733.4750,6.3235

14734.4750,6.3234

14735.4750,6.3230

14736.4750,6.3233

14737.4750,6.3232

14738.4750,6.3233

14739.4750,6.3223

14740.4750,6.3218

14741.4750,6.3197

14742.4760,6.3193

14743.4750,6.3192

14744.4760,6.3195

14745.4750,6.3193

14746.4750,6.3201

14747.4750,6.3208

14748.4760,6.3212

14749.4750,6.3222

14750.4750,6.3231

14751.4750,6.3232

14752.4760,6.3230

14753.4750,6.3236

14754.4760,6.3232

14755.4750,6.3236

14756.4750,6.3242

14757.4750,6.3243

14758.4760,6.3242

14759.4760,6.3252

14760.4760,6.3252

14761.4750,6.3248

14762.4750,6.3250

14763.4750,6.3251

14764.4770,6.3250

14765.4750,6.3253

14766.4750,6.3253

14767.4750,6.3255

14768.4750,6.3254

14769.4750,6.3252

14770.4750,6.3239

14771.4750,6.3224

14772.4750,6.3231

14773.4750,6.3229

14774.4750,6.3237

14775.4750,6.3244

14776.4750,6.3274

14777.4750,6.3317

14778.4750,6.3318

14779.4750,6.3314

14780.4750,6.3309

14781.4750,6.3307

14782.4750,6.3317

14783.4750,6.3313

14784.4760,6.3307

14785.4760,6.3307

14786.4750,6.3303

14787.4750,6.3295

14788.4750,6.3302

14789.4760,6.3305

14790.4750,6.3313

14791.4750,6.3315

14792.4760,6.3322

14793.4750,6.3323

14794.4750,6.3329

14795.4750,6.3334

14796.4750,6.3332

14797.4750,6.3338

14798.4750,6.3341

14799.4750,6.3340

14800.4750,6.3343

14801.4750,6.3344

14802.4760,6.3346

14803.4760,6.3346

14804.4750,6.3341

14805.4760,6.3307

14806.4750,6.3293

14807.4750,6.3308

14808.4750,6.3309

14809.4760,6.3311

14810.4750,6.3314

14811.4750,6.3316

14812.4750,6.3318

14813.4750,6.3322

14814.4760,6.3334

14815.4750,6.3326

14816.4750,6.3345

14817.4750,6.3353

14818.4750,6.3366

14819.4750,6.3381

14820.4760,6.3385

14821.4760,6.3388

14822.4750,6.3387

14823.4760,6.3389

14824.4750,6.3390

14825.4750,6.3392

14826.4750,6.3396

14827.4760,6.3397

14828.4750,6.3393

14829.4750,6.3394

14830.4750,6.3394

14831.4750,6.3394

14832.4760,6.3391

14833.4760,6.3400

14834.4750,6.3398

14835.4750,6.3436

14836.4750,6.3427

14837.4750,6.3420

14838.4750,6.3421

14839.4750,6.3401

14840.4760,6.3426

14841.4760,6.3448

14842.4760,6.3438

14843.4750,6.3431

14844.4750,6.3442

14845.4750,6.3419

14846.4750,6.3378

14847.4750,6.3394

14848.4750,6.3413

14849.4760,6.3446

14850.4750,6.3464

14851.4750,6.3458

14852.4760,6.3447

14853.4750,6.3437

14854.4750,6.3431

14855.4760,6.3447

14856.4760,6.3449

14857.4760,6.3454

14858.4750,6.3459

14859.4750,6.3460

14860.4750,6.3470

14861.4750,6.3471

14862.4760,6.3481

14863.4760,6.3486

14864.4750,6.3480

14865.4760,6.3486

14866.4750,6.3462

14867.4760,6.3469

14868.4750,6.3479

14869.4750,6.3480

14870.4760,6.3490

14871.4750,6.3494

14872.4760,6.3486

14873.4750,6.3501

14874.4750,6.3502

14875.4760,6.3502

14876.4750,6.3504

14877.4750,6.3518

14878.4760,6.3516

14879.4750,6.3520

14880.4760,6.3523

14881.4750,6.3524

14882.4750,6.3524

14883.4750,6.3536

14884.4750,6.3538

14885.4750,6.3521

14886.4750,6.3547

14887.4750,6.3542

14888.4750,6.3536

14889.4750,6.3552

14890.4760,6.3557

14891.4760,6.3541

14892.4750,6.3537

14893.4760,6.3545

14894.4750,6.3592

14895.4750,6.3571

14896.4750,6.3559

14897.4760,6.3558

14898.4750,6.3548

14899.4760,6.3600

14900.4760,6.3594

14901.4750,6.3583

14902.4750,6.3579

14903.4750,6.3581

14904.4750,6.3624

14905.4750,6.3637

14906.4750,6.3615

14907.4760,6.3593

14908.4750,6.3550

14909.4760,6.3516

14910.4750,6.3509

14911.4750,6.3506

14912.4750,6.3487

14913.4750,6.3478

14914.4760,6.3493

14915.4750,6.3522

14916.4750,6.3535

14917.4750,6.3544

14918.4750,6.3549

14919.4750,6.3557

14920.4750,6.3551

14921.4760,6.3549

14922.4760,6.3561

14923.4750,6.3558

14924.4760,6.3560

14925.4760,6.3561

14926.4760,6.3557

14927.4750,6.3557

14928.4750,6.3555

14929.4760,6.3557

14930.4750,6.3559

14931.4750,6.3551

14932.4750,6.3563

14933.4750,6.3563

14934.4760,6.3567

14935.4750,6.3573

14936.4760,6.3577

14937.4750,6.3581

14938.4760,6.3581

14939.4760,6.3581

14940.4750,6.3586

14941.4750,6.3591

14942.4750,6.3596

14943.4750,6.3590

14944.4760,6.3590

14945.4750,6.3605

14946.4750,6.3613

14947.4750,6.3615

14948.4750,6.3612

14949.4760,6.3604

14950.4750,6.3588

14951.4750,6.3601

14952.4760,6.3596

14953.4760,6.3555

14954.4750,6.3373

14955.4760,6.3346

14956.4760,6.3350

14957.4750,6.3357

14958.4750,6.3402

14959.4760,6.3415

14960.4750,6.3385

14961.4750,6.3388

14962.4760,6.3416

14963.4750,6.3455

14964.4750,6.3464

14965.4760,6.3411

14966.4750,6.3409

14967.4750,6.3429

14968.4760,6.3456

14969.4750,6.3460

14970.4750,6.3413

14971.4750,6.3420

14972.4750,6.3447

14973.4750,6.3465

14974.4750,6.3490

14975.4750,6.3509

14976.4750,6.3523

14977.4760,6.3536

14978.4750,6.3552

14979.4750,6.3566

14980.4750,6.3569

14981.4760,6.3581

14982.4750,6.3585

14983.4750,6.3590

14984.4760,6.3599

14985.4750,6.3600

14986.4750,6.3604

14987.4750,6.3610

14988.4750,6.3616

14989.4750,6.3623

14990.4750,6.3633

14991.4750,6.3642

14992.4750,6.3640

14993.4750,6.3638

14994.4750,6.3641

14995.4750,6.3642

14996.4750,6.3499

14997.4760,6.3449

14998.4750,6.3457

14999.4750,6.3479

15000.4760,6.3515

15001.4760,6.3540

15002.4750,6.3570

15003.4750,6.3599

15004.4750,6.3622

15005.4750,6.3644

15006.4750,6.3652

15007.4750,6.3659

15008.4750,6.3672

15009.4760,6.3663

15010.4750,6.3654

15011.4750,6.3660

15012.4750,6.3662

15013.4750,6.3672

15014.4750,6.3683

15015.4750,6.3673

15016.4750,6.3679

15017.4760,6.3693

15018.4750,6.3698

15019.4750,6.3680

15020.4750,6.3685

15021.4750,6.3691

15022.4760,6.3691

15023.4750,6.3697

15024.4750,6.3699

15025.4750,6.3713

15026.4750,6.3714

15027.4750,6.3718

15028.4750,6.3722

15029.4750,6.3678

15030.4750,6.3693

15031.4760,6.3727

15032.4750,6.3753

15033.4750,6.3750

15034.4750,6.3748

15035.4750,6.3740

15036.4750,6.3735

15037.4750,6.3731

15038.4750,6.3736

15039.4750,6.3740

15040.4750,6.3740

15041.4750,6.3728

15042.4750,6.3728

15043.4750,6.3709

15044.4750,6.3697

15045.4750,6.3707

15046.4750,6.3717

15047.4750,6.3721

15048.4760,6.3725

15049.4750,6.3721

15050.4750,6.3720

15051.4760,6.3730

15052.4760,6.3731

15053.4760,6.3740

15054.4750,6.3749

15055.4750,6.3751

15056.4750,6.3761

15057.4750,6.3760

15058.4750,6.3743

15059.4750,6.3754

15060.4750,6.3778

15061.4750,6.3783

15062.4750,6.3781

15063.4750,6.3784

15064.4750,6.3793

15065.4760,6.3795

15066.4760,6.3798

15067.4750,6.3804

15068.4760,6.3808

15069.4760,6.3813

15070.4750,6.3819

15071.4750,6.3821

15072.4750,6.3822

15073.4750,6.3827

15074.4760,6.3833

15075.4750,6.3835

15076.4760,6.3844

15077.4750,6.3845

15078.4750,6.3849

15079.4760,6.3843

15080.4760,6.3847

15081.4760,6.3847

15082.4760,6.3851

15083.4750,6.3859

15084.4750,6.3867

15085.4750,6.3869

15086.4750,6.3870

15087.4750,6.3874

15088.4750,6.3875

15089.4750,6.3879

15090.4750,6.3881

15091.4750,6.3883

15092.4750,6.3870

15093.4750,6.3874

15094.4750,6.3881

15095.4760,6.3889

15096.4750,6.3893

15097.4760,6.3897

15098.4750,6.3903

15099.4750,6.3903

15100.4750,6.3904

15101.4750,6.3909

15102.4750,6.3912

15103.4750,6.3911

15104.4750,6.3915

15105.4750,6.3919

15106.4750,6.3904

15107.4750,6.3873

15108.4750,6.3842

15109.4750,6.3823

15110.4750,6.3837

15111.4760,6.3851

15112.4750,6.3876

15113.4760,6.3898

15114.4750,6.3914

15115.4750,6.3842

15116.4750,6.3771

15117.4750,6.3819

15118.4750,6.3887

15119.4750,6.3920

15120.4760,6.3926

15121.4750,6.3939

15122.4750,6.3956

15123.4760,6.3948

15124.4750,6.3947

15125.4750,6.3949

15126.4750,6.3951

15127.4760,6.3952

15128.4750,6.3953

15129.4750,6.3965

15130.4760,6.3974

15131.4760,6.3978

15132.4750,6.3993

15133.4760,6.3819

15134.4750,6.3789

15135.4760,6.3783

15136.4760,6.3797

15137.4760,6.3818

15138.4750,6.3861

15139.4750,6.3912

15140.4750,6.3944

15141.4750,6.3962

15142.4750,6.3978

15143.4750,6.3978

15144.4750,6.3982

15145.4750,6.3983

15146.4760,6.3912

15147.4750,6.3983

15148.4750,6.3972

15149.4760,6.3973

15150.4750,6.3986

15151.4750,6.3979

15152.4750,6.3990

15153.4760,6.3998

15154.4750,6.3937

15155.4750,6.3855

15156.4760,6.3917

15157.4750,6.3984

15158.4750,6.4008

15159.4750,6.3953

15160.4760,6.4010

15161.4750,6.4023

15162.4760,6.4020

15163.4750,6.3855

15164.4750,6.3843

15165.4760,6.3858

15166.4750,6.3933

15167.4750,6.3991

15168.4750,6.4014

15169.4750,6.3977

15170.4760,6.4031

15171.4760,6.3991

15172.4750,6.4034

15173.4760,6.4048

15174.4750,6.3966

15175.4750,6.3957

15176.4750,6.3986

15177.4750,6.3990

15178.4760,6.3998

15179.4750,6.3972

15180.4750,6.3823

15181.4760,6.3842

15182.4760,6.3911

15183.4760,6.3980

15184.4750,6.4017

15185.4750,6.4029

15186.4750,6.4036

15187.4750,6.4033

15188.4760,6.4026

15189.4750,6.4007

15190.4750,6.3832

15191.4750,6.3823

15192.4750,6.3817

15193.4750,6.3819

15194.4750,6.3817

15195.4750,6.3814

15196.4750,6.3823

15197.4750,6.3828

15198.4750,6.3848

15199.4750,6.3868

15200.4750,6.3899

15201.4750,6.3942

15202.4750,6.3979

15203.4750,6.4007

15204.4760,6.4036

15205.4750,6.4048

15206.4760,6.3985

15207.4750,6.4021

15208.4750,6.4074

15209.4750,6.4073

15210.4750,6.4029

15211.4760,6.4075

15212.4750,6.4006

15213.4760,6.4062

15214.4750,6.4079

15215.4750,6.4084

15216.4750,6.4083

15217.4750,6.3957

15218.4750,6.3861

15219.4750,6.3842

15220.4750,6.3842

15221.4750,6.3834

15222.4750,6.3829

15223.4750,6.3822

15224.4760,6.3814

15225.4750,6.3804

15226.4760,6.3797

15227.4760,6.3797

15228.4750,6.3795

15229.4750,6.3803

15230.4750,6.3808

15231.4760,6.3809

15232.4760,6.3793

15233.4750,6.3786

15234.4750,6.3786

15235.4750,6.3789

15236.4750,6.3791

15237.4750,6.3806

15238.4750,6.3810

15239.4750,6.3812

15240.4750,6.3801

15241.4750,6.3797

15242.4750,6.3794

15243.4750,6.3794

15244.4750,6.3799

15245.4750,6.3802

15246.4750,6.3803

15247.4750,6.3805

15248.4760,6.3808

15249.4750,6.3814

15250.4750,6.3813

15251.4750,6.3811

15252.4750,6.3812

15253.4750,6.3814

15254.4750,6.3811

15255.4750,6.3812

15256.4750,6.3791

15257.4760,6.3799

15258.4750,6.3813

15259.4750,6.3813

15260.4750,6.3822

15261.4760,6.3820

15262.4750,6.3813

15263.4750,6.3815

15264.4750,6.3819

15265.4750,6.3827

15266.4750,6.3822

15267.4750,6.3826

15268.4760,6.3820

15269.4750,6.3820

15270.4750,6.3817

15271.4760,6.3822

15272.4750,6.3812

15273.4750,6.3804

15274.4760,6.3801

15275.4750,6.3801

15276.4750,6.3805

15277.4760,6.3810

15278.4750,6.3809

15279.4750,6.3806

15280.4750,6.3811

15281.4750,6.3811

15282.4750,6.3810

15283.4750,6.3810

15284.4760,6.3815

15285.4750,6.3821

15286.4750,6.3823

15287.4760,6.3826

15288.4750,6.3830

15289.4750,6.3836

15290.4750,6.3835

15291.4750,6.3830

15292.4750,6.3827

15293.4750,6.3835

15294.4750,6.3835

15295.4760,6.3833

15296.4750,6.3833

15297.4750,6.3838

15298.4760,6.3859

15299.4750,6.3859

15300.4750,6.3853

15301.4750,6.3849

15302.4750,6.3847

15303.4750,6.3847

15304.4760,6.3847

15305.4750,6.3849

15306.4750,6.3849

15307.4750,6.3852

15308.4750,6.3851

15309.4750,6.3851

15310.4750,6.3851

15311.4750,6.3851

15312.4760,6.3858

15313.4750,6.3855

15314.4760,6.3858

15315.4750,6.3824

15316.4750,6.3827

15317.4760,6.3801

15318.4750,6.3786

15319.4750,6.3796

15320.4750,6.3814

15321.4760,6.3813

15322.4750,6.3824

15323.4750,6.3824

15324.4760,6.3798

15325.4750,6.3741

15326.4750,6.3768

15327.4750,6.3811

15328.4750,6.3827

15329.4750,6.3839

15330.4750,6.3857

15331.4750,6.3851

15332.4750,6.3863

15333.4750,6.3872

15334.4750,6.3870

15335.4760,6.3880

15336.4750,6.3890

15337.4760,6.3896

15338.4750,6.3898

15339.4750,6.3904

15340.4750,6.3916

15341.4750,6.3918

15342.4750,6.3923

15343.4760,6.3927

15344.4750,6.3932

15345.4760,6.3938

15346.4750,6.3935

15347.4750,6.3927

15348.4750,6.3938

15349.4750,6.3939

15350.4750,6.3948

15351.4750,6.3957

15352.4760,6.3968

15353.4760,6.3971

15354.4750,6.3985

15355.4750,6.3997

15356.4750,6.4002

15357.4760,6.4006

15358.4760,6.4009

15359.4760,6.4015

15360.4750,6.4018

15361.4750,6.4022

15362.4750,6.4018

15363.4750,6.4024

15364.4750,6.4026

15365.4750,6.4029

15366.4760,6.4032

15367.4750,6.4036

15368.4750,6.4036

15369.4750,6.4034

15370.4750,6.4035

15371.4750,6.4037

15372.4750,6.4038

15373.4750,6.4044

15374.4750,6.4053

15375.4750,6.4051

15376.4750,6.4054

15377.4750,6.4058

15378.4750,6.4056

15379.4750,6.4058

15380.4750,6.4056

15381.4750,6.4067

15382.4750,6.4062

15383.4750,6.4073

15384.4750,6.4085

15385.4750,6.4070

15386.4750,6.4063

15387.4760,6.4075

15388.4750,6.4095

15389.4760,6.4105

15390.4750,6.4120

15391.4760,6.4118

15392.4750,6.4122

15393.4750,6.4113

15394.4750,6.4121

15395.4760,6.4126

15396.4750,6.4124

15397.4750,6.4122

15398.4750,6.4126

15399.4750,6.4141

15400.4750,6.4154

15401.4760,6.4162

15402.4750,6.4172

15403.4750,6.4181

15404.4750,6.4182

15405.4760,6.4195

15406.4750,6.4209

15407.4760,6.4214

15408.4750,6.4219

15409.4750,6.4225

15410.4760,6.4225

15411.4760,6.4221

15412.4750,6.4249

15413.4750,6.4258

15414.4750,6.4264

15415.4750,6.4270

15416.4760,6.4268

15417.4750,6.4271

15418.4750,6.4282

15419.4750,6.4283

15420.4750,6.4245

15421.4750,6.4228

15422.4750,6.4239

15423.4750,6.4265

15424.4760,6.4286

15425.4750,6.4289

15426.4760,6.4304

15427.4760,6.4297

15428.4760,6.4319

15429.4750,6.4318

15430.4750,6.4328

15431.4750,6.4309

15432.4750,6.3884

15433.4750,6.3576

15434.4750,6.3574

15435.4760,6.3590

15436.4760,6.3586

15437.4750,6.3589

15438.4750,6.3481

15439.4750,6.3456

15440.4750,6.3329

15441.4750,6.3236

15442.4750,6.3304

15443.4750,6.3383

15444.4750,6.3409

15445.4750,6.3390

15446.4750,6.3349

15447.4750,6.3281

15448.4750,6.3332

15449.4760,6.3324

15450.4750,6.3324

15451.4750,6.3306

15452.4750,6.3320

15453.4750,6.3323

15454.4750,6.3345

15455.4750,6.3135

15456.4760,6.3161

15457.4750,6.3234

15458.4750,6.3330

15459.4750,6.3327

15460.4760,6.3365

15461.4760,6.3394

15462.4760,6.3383

15463.4750,6.3433

15464.4750,6.3429

15465.4750,6.3461

15466.4750,6.3458

15467.4750,6.3475

15468.4750,6.3464

15469.4750,6.3484

15470.4750,6.3476

15471.4750,6.3491

15472.4750,6.3487

15473.4750,6.3410

15474.4750,6.3423

15475.4750,6.3445

15476.4750,6.3431

15477.4750,6.3443

15478.4750,6.3448

15479.4750,6.3436

15480.4760,6.3439

15481.4750,6.3387

15482.4750,6.3456

15483.4760,6.3438

15484.4750,6.3460

15485.4750,6.3401

15486.4750,6.3437

15487.4750,6.3471

15488.4750,6.3438

15489.4750,6.3494

15490.4760,6.3514

15491.4750,6.3515

15492.4750,6.3350

15493.4760,6.3210

15494.4750,6.3197

15495.4760,6.3199

15496.4750,6.3203

15497.4760,6.3199

15498.4750,6.3206

15499.4750,6.3201

15500.4750,6.3180

15501.4760,6.3167

15502.4750,6.3157

15503.4750,6.3154

15504.4760,6.3154

15505.4750,6.3137

15506.4750,6.3117

15507.4760,6.3096

15508.4750,6.3086

15509.4750,6.3079

15510.4750,6.3064

15511.4750,6.3053

15512.4750,6.3053

15513.4750,6.3039

15514.4760,6.3029

15515.4750,6.3027

15516.4750,6.3028

15517.4750,6.3029

15518.4750,6.3031

15519.4750,6.3031

15520.4750,6.3034

15521.4750,6.3024

15522.4760,6.3012

15523.4760,6.2998

15524.4750,6.2999

15525.4760,6.3000

15526.4750,6.3006

15527.4750,6.3016

15528.4750,6.3008

15529.4750,6.2991

15530.4750,6.2983

15531.4760,6.2983

15532.4750,6.2981

15533.4750,6.2979

15534.4750,6.2986

15535.4750,6.2994

15536.4750,6.3001

15537.4750,6.3014

15538.4760,6.3024

15539.4750,6.3035

15540.4750,6.3040

15541.4760,6.3046

15542.4750,6.3058

15543.4750,6.3070

15544.4750,6.3083

15545.4750,6.3093

15546.4750,6.3104

15547.4750,6.3116

15548.4750,6.3130

15549.4750,6.3141

15550.4750,6.3149

15551.4750,6.3147

15552.4750,6.3152

15553.4750,6.3163

15554.4750,6.3172

15555.4760,6.3179

15556.4770,6.3187

15557.4750,6.3198

15558.4750,6.3197

15559.4750,6.3162

15560.4750,6.3152

15561.4750,6.3155

15562.4750,6.3154

15563.4750,6.3145

15564.4760,6.3151

15565.4750,6.3150

15566.4750,6.3149

15567.4750,6.3164

15568.4760,6.3170

15569.4750,6.3180

15570.4750,6.3191

15571.4750,6.3200

15572.4750,6.3215

15573.4760,6.3208

15574.4760,6.3208

15575.4760,6.3198

15576.4750,6.3187

15577.4750,6.3191

15578.4760,6.3208

15579.4750,6.3224

15580.4750,6.3228

15581.4760,6.3240

15582.4750,6.3240

15583.4760,6.3235

15584.4750,6.3213

15585.4750,6.3202

15586.4760,6.3199

15587.4760,6.3203

15588.4750,6.3208

15589.4760,6.3217

15590.4760,6.3226

15591.4750,6.3234

15592.4750,6.3240

15593.4750,6.3241

15594.4750,6.3248

15595.4750,6.3255

15596.4760,6.3259

15597.4750,6.3268

15598.4750,6.3268

15599.4750,6.3248

15600.4750,6.3150

15601.4760,6.3144

15602.4750,6.3148

15603.4750,6.3154

15604.4760,6.3160

15605.4760,6.3164

15606.4750,6.3164

15607.4750,6.3171

15608.4750,6.3176

15609.4750,6.3183

15610.4750,6.3189

15611.4750,6.3190

15612.4750,6.3208

15613.4750,6.3200

15614.4750,6.3201

15615.4750,6.3220

15616.4750,6.3209

15617.4750,6.3217

15618.4750,6.3222

15619.4750,6.3218

15620.4750,6.3219

15621.4750,6.3222

15622.4750,6.3226

15623.4760,6.3232

15624.4750,6.3235

15625.4750,6.3237

15626.4750,6.3236

15627.4750,6.3231

15628.4760,6.3236

15629.4750,6.3239

15630.4760,6.3239

15631.4750,6.3233

15632.4750,6.3223

15633.4760,6.3226

15634.4750,6.3231

15635.4760,6.3235

15636.4750,6.3196

15637.4750,6.3145

15638.4760,6.3144

15639.4750,6.3149

15640.4760,6.3146

15641.4750,6.3130

15642.4750,6.3126

15643.4750,6.3139

15644.4750,6.3150

15645.4750,6.3155

15646.4750,6.3146

15647.4750,6.3163

15648.4750,6.3168

15649.4750,6.3177

15650.4750,6.3174

15651.4750,6.3180

15652.4750,6.3186

15653.4750,6.3193

15654.4760,6.3186

15655.4750,6.3199

15656.4760,6.3203

15657.4750,6.3212

15658.4760,6.3213

15659.4760,6.3211

15660.4760,6.3218

15661.4750,6.3216

15662.4750,6.3231

15663.4750,6.3227

15664.4760,6.3228

15665.4750,6.3230

15666.4750,6.3234

15667.4750,6.3233

15668.4750,6.3243

15669.4750,6.3240

15670.4760,6.3221

15671.4750,6.3154

15672.4750,6.3143

15673.4760,6.3149

15674.4750,6.3156

15675.4750,6.3165

15676.4760,6.3173

15677.4750,6.3181

15678.4750,6.3189

15679.4750,6.3184

15680.4750,6.3166

15681.4760,6.3157

15682.4750,6.3155

15683.4760,6.3159

15684.4750,6.3164

15685.4750,6.3170

15686.4750,6.3176

15687.4750,6.3179

15688.4750,6.3187

15689.4750,6.3192

15690.4750,6.3202

15691.4750,6.3209

15692.4750,6.3215

15693.4750,6.3218

15694.4750,6.3224

15695.4750,6.3220

15696.4750,6.3230

15697.4760,6.3232

15698.4750,6.3238

15699.4750,6.3239

15700.4760,6.3244

15701.4750,6.3246

15702.4750,6.3249

15703.4750,6.3251

15704.4760,6.3252

15705.4750,6.3255

15706.4750,6.3254

15707.4750,6.3258

15708.4750,6.3258

15709.4750,6.3257

15710.4750,6.3253

15711.4750,6.3254

15712.4750,6.3250

15713.4750,6.3256

15714.4760,6.3253

15715.4750,6.3262

15716.4750,6.3256

15717.4750,6.3252

15718.4750,6.3249

15719.4750,6.3258

15720.4750,6.3254

15721.4760,6.3254

15722.4750,6.3256

15723.4750,6.3262

15724.4750,6.3276

15725.4750,6.3273

15726.4750,6.3265

15727.4750,6.3263

15728.4750,6.3271

15729.4750,6.3280

15730.4750,6.3276

15731.4760,6.3279

15732.4750,6.3287

15733.4750,6.3284

15734.4750,6.3292

15735.4750,6.3316

15736.4750,6.3314

15737.4750,6.3303

15738.4750,6.3306

15739.4750,6.3308

15740.4750,6.3309

15741.4760,6.3316

15742.4760,6.3305

15743.4750,6.3324

15744.4750,6.3320

15745.4750,6.3299

15746.4750,6.3230

15747.4750,6.3191

15748.4760,6.3178

15749.4760,6.3178

15750.4760,6.3173

15751.4750,6.3168

15752.4750,6.3172

15753.4760,6.3182

15754.4750,6.3190

15755.4750,6.3195

15756.4750,6.3205

15757.4750,6.3211

15758.4760,6.3214

15759.4750,6.3224

15760.4760,6.3226

15761.4750,6.3222

15762.4750,6.3230

15763.4750,6.3235

15764.4750,6.3241

15765.4750,6.3249

15766.4750,6.3247

15767.4750,6.3257

15768.4760,6.3265

15769.4750,6.3269

15770.4750,6.3275

15771.4750,6.3279

15772.4750,6.3279

15773.4750,6.3280

15774.4750,6.3281

15775.4750,6.3282

15776.4750,6.3282

15777.4750,6.3289

15778.4750,6.3289

15779.4750,6.3288

15780.4750,6.3290

15781.4750,6.3295

15782.4750,6.3297

15783.4750,6.3301

15784.4760,6.3304

15785.4750,6.3304

15786.4760,6.3303

15787.4750,6.3304

15788.4750,6.3301

15789.4750,6.3302

15790.4750,6.3307

15791.4750,6.3317

15792.4750,6.3322

15793.4750,6.3318

15794.4750,6.3318

15795.4750,6.3323

15796.4760,6.3332

15797.4750,6.3339

15798.4750,6.3336

15799.4750,6.3332

15800.4750,6.3334

15801.4760,6.3332

15802.4750,6.3335

15803.4760,6.3342

15804.4750,6.3356

15805.4750,6.3346

15806.4750,6.3336

15807.4750,6.3346

15808.4750,6.3368

15809.4750,6.3359

15810.4760,6.3350

15811.4760,6.3344

15812.4750,6.3342

15813.4750,6.3350

15814.4750,6.3348

15815.4760,6.3344

15816.4750,6.3335

15817.4750,6.3346

15818.4750,6.3353

15819.4760,6.3337

15820.4760,6.3336

15821.4750,6.3338

15822.4760,6.3339

15823.4750,6.3337

15824.4750,6.3339

15825.4760,6.3338

15826.4760,6.3346

15827.4750,6.3353

15828.4750,6.3354

15829.4750,6.3355

15830.4750,6.3357

15831.4750,6.3365

15832.4750,6.3362

15833.4750,6.3365

15834.4750,6.3366

15835.4750,6.3366

15836.4750,6.3378

15837.4750,6.3390

15838.4750,6.3395

15839.4750,6.3358

15840.4750,6.3336

15841.4750,6.3321

15842.4750,6.3321

15843.4750,6.3323

15844.4750,6.3331

15845.4750,6.3339

15846.4760,6.3343

15847.4750,6.3349

15848.4750,6.3351

15849.4760,6.3360

15850.4760,6.3363

15851.4750,6.3360

15852.4750,6.3376

15853.4750,6.3380

15854.4750,6.3377

15855.4750,6.3372

15856.4750,6.3372

15857.4750,6.3374

15858.4750,6.3375

15859.4750,6.3399

15860.4750,6.3403

15861.4750,6.3402

15862.4760,6.3397

15863.4750,6.3397

15864.4750,6.3396

15865.4760,6.3397

15866.4750,6.3398

15867.4760,6.3400

15868.4760,6.3405

15869.4750,6.3405

15870.4750,6.3409

15871.4750,6.3407

15872.4750,6.3411

15873.4750,6.3413

15874.4750,6.3410

15875.4750,6.3420

15876.4760,6.3427

15877.4750,6.3431

15878.4750,6.3425

15879.4750,6.3422

15880.4750,6.3421

15881.4750,6.3416

15882.4750,6.3416

15883.4760,6.3392

15884.4750,6.3383

15885.4750,6.3384

15886.4750,6.3393

15887.4760,6.3399

15888.4750,6.3403

15889.4750,6.3411

15890.4750,6.3421

15891.4750,6.3417

15892.4750,6.3407

15893.4750,6.3416

15894.4760,6.3419

15895.4750,6.3426

15896.4750,6.3397

15897.4750,6.3396

15898.4750,6.3399

15899.4750,6.3399

15900.4750,6.3405

15901.4760,6.3413

15902.4750,6.3416

15903.4750,6.3421

15904.4750,6.3424

15905.4760,6.3427

15906.4760,6.3434

15907.4750,6.3432

15908.4750,6.3438

15909.4750,6.3438

15910.4750,6.3440

15911.4760,6.3445

15912.4750,6.3449

15913.4750,6.3452

15914.4750,6.3457

15915.4750,6.3460

15916.4750,6.3464

15917.8950,6.3464

15918.4750,6.3470

15919.4750,6.3469

15920.4750,6.3469

15921.4750,6.3468

15922.4770,6.3470

15923.4760,6.3469

15924.4750,6.3479

15925.4750,6.3484

15926.4760,6.3483

15927.4760,6.3488

15928.4750,6.3489

15929.4750,6.3496

15930.4750,6.3495

15931.4750,6.3502

15932.4750,6.3471

15933.4750,6.3444

15934.4750,6.3416

15935.4760,6.3345

15936.4750,6.3276

15937.4750,6.3245

15938.4760,6.3207

15939.4750,6.3188

15940.4750,6.3183

15941.4750,6.3183

15942.4750,6.3180

15943.4750,6.3185

15944.4750,6.3202

15945.4750,6.3224

15946.4750,6.3232

15947.4750,6.3237

15948.4750,6.3242

15949.4750,6.3250

15950.4750,6.3255

15951.4760,6.3257

15952.4760,6.3268

15953.4750,6.3267

15954.4750,6.3272

15955.4750,6.3278

15956.4750,6.3285

15957.4750,6.3291

15958.4750,6.3297

15959.4750,6.3297

15960.4750,6.3305

15961.4760,6.3307

15962.4750,6.3321

15963.4750,6.3320

15964.4750,6.3322

15965.4750,6.3328

15966.4750,6.3335

15967.4750,6.3334

15968.4750,6.3334

15969.4760,6.3339

15970.4760,6.3337

15971.4750,6.3341

15972.4750,6.3353

15973.4760,6.3358

15974.4760,6.3373

15975.4750,6.3373

15976.4750,6.3375

15977.4750,6.3382

15978.4750,6.3379

15979.4750,6.3381

15980.4750,6.3384

15981.4750,6.3388

15982.4750,6.3390

15983.4750,6.3397

15984.4750,6.3403

15985.4750,6.3404

15986.4760,6.3409

15987.4750,6.3422

15988.4750,6.3422

15989.4750,6.3421

15990.4750,6.3425

15991.4750,6.3426

15992.4750,6.3429

15993.4750,6.3440

15994.4760,6.3438

15995.4750,6.3446

15996.4750,6.3448

15997.4750,6.3453

15998.4750,6.3454

15999.4750,6.3459

16000.4750,6.3460

16001.4760,6.3467

16002.4750,6.3471

16003.4750,6.3477

16004.4750,6.3476

16005.4750,6.3476

16006.4750,6.3486

16007.4750,6.3482

16008.4750,6.3492

16009.4760,6.3493

16010.4750,6.3491

16011.4760,6.3497

16012.4750,6.3513

16013.4750,6.3509

16014.4750,6.3513

16015.4750,6.3518

16016.4750,6.3509

16017.4750,6.3507

16018.4750,6.3499

16019.4750,6.3515

16020.4760,6.3515

16021.4750,6.3510

16022.4750,6.3508

16023.4750,6.3514

16024.4750,6.3512

16025.4760,6.3520

16026.4750,6.3520

16027.4750,6.3512

16028.4750,6.3511

16029.4750,6.3520

16030.4750,6.3512

16031.4750,6.3500

16032.4750,6.3495

16033.4760,6.3501

16034.4750,6.3508

16035.4750,6.3509

16036.4750,6.3517

16037.4750,6.3520

16038.4760,6.3527

16039.4750,6.3529

16040.4750,6.3533

16041.4750,6.3537

16042.4750,6.3537

16043.4760,6.3542

16044.4750,6.3524

16045.4750,6.3520

16046.4750,6.3519

16047.4760,6.3522

16048.4750,6.3534

16049.4750,6.3546

16050.4760,6.3550

16051.4750,6.3546

16052.4750,6.3543

16053.4750,6.3543

16054.4760,6.3540

16055.4750,6.3535

16056.4750,6.3545

16057.4750,6.3555

16058.4750,6.3561

16059.4750,6.3559

16060.4750,6.3543

16061.4750,6.3534

16062.4750,6.3531

16063.4750,6.3536

16064.4750,6.3543

16065.4750,6.3545

16066.4750,6.3548

16067.4750,6.3546

16068.4750,6.3549

16069.4750,6.3543

16070.4760,6.3540

16071.4760,6.3545

16072.4750,6.3545

16073.4750,6.3539

16074.4750,6.3517

16075.4750,6.3521

16076.4750,6.3514

16077.4750,6.3472

16078.4760,6.3460

16079.4750,6.3463

16080.4750,6.3464

16081.4750,6.3475

16082.4750,6.3480

16083.4760,6.3489

16084.4750,6.3490

16085.4760,6.3490

16086.4750,6.3493

16087.4760,6.3493

16088.4750,6.3495

16089.4750,6.3496

16090.4750,6.3511

16091.4750,6.3517

16092.4750,6.3525

16093.4750,6.3532

16094.4760,6.3535

16095.4750,6.3541

16096.4750,6.3546

16097.4750,6.3552

16098.4750,6.3556

16099.4750,6.3563

16100.4760,6.3566

16101.4750,6.3569

16102.4750,6.3575

16103.4760,6.3571

16104.4750,6.3585

16105.4750,6.3585

16106.4760,6.3574

16107.4750,6.3574

16108.4750,6.3572

16109.4750,6.3579

16110.4750,6.3591

16111.4750,6.3592

16112.4750,6.3600

16113.4750,6.3601

16114.4750,6.3580

16115.4750,6.3582

16116.4760,6.3593

16117.4750,6.3610

16118.4760,6.3617

16119.4760,6.3604

16120.4750,6.3594

16121.4750,6.3605

16122.4760,6.3613

16123.4760,6.3613

16124.4750,6.3626

16125.4760,6.3629

16126.4760,6.3618

16127.4750,6.3605

16128.4750,6.3616

16129.4750,6.3626

16130.4750,6.3635

16131.4750,6.3631

16132.4750,6.3610

16133.4750,6.3614

16134.4750,6.3630

16135.4750,6.3640

16136.4750,6.3633

16137.4750,6.3652

16138.4760,6.3654

16139.4750,6.3654

16140.4750,6.3645

16141.4750,6.3643

16142.4760,6.3664

16143.4750,6.3660

16144.4760,6.3654

16145.4750,6.3644

16146.4750,6.3635

16147.4750,6.3637

16148.4750,6.3648

16149.4750,6.3663

16150.4750,6.3671

16151.4750,6.3678

16152.4750,6.3630

16153.4760,6.3254

16154.4750,6.3194

16155.4750,6.3158

16156.4760,6.3145

16157.4750,6.3153

16158.4760,6.3136

16159.4750,6.3122

16160.4750,6.3101

16161.4750,6.3096

16162.4750,6.3089

16163.4750,6.3084

16164.4750,6.3084

16165.4750,6.3079

16166.4760,6.3075

16167.4750,6.3080

16168.4750,6.3075

16169.4750,6.3068

16170.4750,6.3065

16171.4750,6.3064

16172.4750,6.3064

16175.2620,6.3068

16175.6220,6.3068

16176.5020,6.3076

16177.4760,6.3077

16178.4760,6.3074

16179.4750,6.3082

16180.4750,6.3092

16181.4750,6.3103

16182.4760,6.3111

16183.4750,6.3108

16184.4760,6.3100

16185.4760,6.3110

16186.4750,6.3124

16187.4750,6.3140

16188.4750,6.3151

16189.4750,6.3155

16190.4750,6.3162

16191.4750,6.3169

16192.4750,6.3168

16193.4750,6.3161

16194.4750,6.3153

16195.4750,6.3151

16196.4750,6.3154

16197.4760,6.3161

16198.4750,6.3159

16199.4750,6.3154

16200.4750,6.3154

16201.4750,6.3154

16202.4750,6.3161

16203.4750,6.3140

16204.4750,6.3131

16205.4750,6.3137

16206.4750,6.3149

16207.4750,6.3164

16208.4750,6.3165

16209.4750,6.3172

16210.4750,6.3164

16211.4750,6.3126

16212.4750,6.3127

16213.4750,6.3124

16214.4750,6.3109

16215.4750,6.3099

16216.4750,6.3112

16217.4750,6.3115

16218.4750,6.3129

16219.4750,6.3136

16220.4750,6.3140

16221.4760,6.3119

16222.4760,6.3124

16223.4760,6.3139

16224.4750,6.3111

16225.4760,6.3127

16226.4750,6.3130

16227.4750,6.3131

16228.4760,6.3138

16229.4750,6.3142

16230.4750,6.3140

16231.4760,6.3130

16232.4750,6.3135

16233.4750,6.3138

16234.4750,6.3141

16235.4760,6.3142

16236.4760,6.3171

16237.4750,6.3174

16238.4750,6.3170

16239.4750,6.3176

16240.4750,6.3181

16241.4750,6.3201

16242.4750,6.3211

16243.4760,6.3219

16244.4760,6.3232

16245.4750,6.3245

16246.4750,6.3258

16247.4750,6.3282

16248.4750,6.3289

16249.4750,6.3304

16250.4750,6.3306

16251.4750,6.3317

16252.4750,6.3335

16253.4750,6.3349

16254.4750,6.3367

16255.4760,6.3379

16256.4760,6.3356

16257.4750,6.3287

16258.4760,6.3260

16259.4750,6.3213

16260.4750,6.3186

16261.4760,6.3168

16262.4750,6.3174

16263.4750,6.3184

16264.4750,6.3188

16265.4750,6.3201

16266.4750,6.3197

16267.4760,6.3201

16268.4750,6.3204

16269.4750,6.3204

16270.4760,6.3212

16271.4750,6.3205

16272.4760,6.3221

16273.4750,6.3233

16274.4750,6.3238

16275.4760,6.3223

16276.4750,6.3231

16277.4760,6.3250

16278.4750,6.3240

16279.4750,6.3271

16280.4750,6.3250

16281.4750,6.3201

16282.4760,6.3214

16283.4760,6.3227

16284.4750,6.3239

16285.4750,6.3249

16286.4750,6.3260

16287.4750,6.3307

16288.4750,6.3312

16289.4750,6.3299

16290.4750,6.3292

16291.4750,6.3298

16292.4750,6.3304

16293.4750,6.3331

16294.4760,6.3379

16295.4750,6.3344

16296.4750,6.3333

16297.4750,6.3327

16298.4750,6.3326

16299.4750,6.3332

16300.4760,6.3336

16301.4750,6.3346

16302.4750,6.3362

16303.4750,6.3428

16304.4750,6.3401

16305.4750,6.3396

16306.4760,6.3389

16307.4750,6.3387

16308.4750,6.3386

16309.4750,6.3383

16310.4750,6.3384

16311.4750,6.3392

16312.4750,6.3388

16313.4750,6.3376

16314.4760,6.3403

16315.4750,6.3421

16316.4760,6.3462

16317.4750,6.3405

16318.4750,6.3325

16319.4750,6.3379

16320.4750,6.3420

16321.4750,6.3424

16322.4750,6.3437

16323.4760,6.3433

16324.4760,6.3346

16325.4760,6.3444

16326.4750,6.3441

16327.4750,6.3380

16328.4750,6.3452

16329.4760,6.3465

16330.4750,6.3461

16331.4750,6.3299

16332.4750,6.3293

16333.4750,6.3328

16334.4750,6.3421

16335.4750,6.3459

16336.4750,6.3426

16337.4750,6.3484

16338.4750,6.3350

16339.4750,6.3376

16340.4750,6.3431

16341.4750,6.3450

16342.4760,6.3431

16343.4750,6.3467

16344.4750,6.3478

16345.4750,6.3475

16346.4750,6.3283

16347.4760,6.3196

16348.4750,6.3184

16349.4750,6.3171

16350.4750,6.3163

16351.4760,6.3155

16352.4750,6.3149

16353.4750,6.3145

16354.4760,6.3141

16355.4760,6.3140

16356.4750,6.3132

16357.4750,6.3134

16358.4750,6.3139

16359.4750,6.3139

16360.4760,6.3143

16361.4750,6.3138

16362.4750,6.3137

16363.4750,6.3141

16364.4760,6.3145

16365.4750,6.3147

16366.4750,6.3146

16367.4750,6.3155

16368.4750,6.3156

16369.4750,6.3158

16370.4750,6.3156

16371.4750,6.3150

16372.4760,6.3147

16373.4750,6.3146

16374.4750,6.3147

16375.4750,6.3147

16376.4750,6.3142

16377.4750,6.3136

16378.4750,6.3136

16379.4760,6.3133

16380.4750,6.3147

16381.4750,6.3147

16382.4750,6.3139

16383.4750,6.3137

16384.4760,6.3143

16385.4760,6.3142

16386.4750,6.3135

16387.4750,6.3137

16388.4750,6.3150

16389.4750,6.3148

16390.4750,6.3152

16391.4760,6.3153

16392.4750,6.3153

16393.4750,6.3150

16394.4750,6.3151

16395.4750,6.3155

16396.4750,6.3155

16397.4750,6.3159

16398.4750,6.3153

16399.4750,6.3156

16400.4750,6.3156

16401.4760,6.3161

16402.4750,6.3166

16403.4750,6.3170

16404.4750,6.3174

16405.4750,6.3174

16406.4750,6.3176

16407.4760,6.3175

16408.4760,6.3178

16409.4750,6.3180

16410.4750,6.3186

16411.4750,6.3189

16412.4750,6.3189

16413.4750,6.3191

16414.4750,6.3189

16415.4750,6.3192

16416.4750,6.3187

16417.4750,6.3184

16418.4750,6.3185

16419.4750,6.3193

16420.4750,6.3196

16421.4760,6.3204

16422.4750,6.3204

16423.4750,6.3210

16424.4760,6.3205

16425.4750,6.3224

16426.4750,6.3230

16427.4750,6.3226

16428.4750,6.3233

16429.4760,6.3216

16430.4750,6.3216

16431.4750,6.3209

16432.4750,6.3209

16433.4750,6.3207

16434.4750,6.3180

16435.4750,6.3154

16436.4750,6.3149

16437.4750,6.3157

16438.4750,6.3165

16439.4760,6.3166

16440.4750,6.3166

16441.4750,6.3174

16442.4750,6.3176

16443.4760,6.3181

16444.4750,6.3192

16445.4750,6.3193

16446.4750,6.3196

16447.4750,6.3183

16448.4750,6.3184

16449.4760,6.3192

16450.4750,6.3194

16451.4760,6.3200

16452.4750,6.3199

16453.4750,6.3197

16454.4750,6.3205

16455.4750,6.3209

16456.4750,6.3214

16457.4760,6.3215

16458.4760,6.3221

16459.4750,6.3218

16460.4750,6.3220

16461.4750,6.3219

16462.4750,6.3219

16463.4750,6.3234

16464.4760,6.3232

16465.4760,6.3240

16466.4750,6.3242

16467.4760,6.3253

16468.4750,6.3255

16469.4760,6.3264

16470.4750,6.3262

16471.4760,6.3267

16472.4760,6.3275

16473.4750,6.3277

16474.4750,6.3282

16475.4750,6.3282

16476.4750,6.3282

16477.4750,6.3285

16478.4750,6.3295

16479.4750,6.3305

16480.4750,6.3309

16481.4750,6.3309

16482.4760,6.3327

16483.4760,6.3309

16484.4750,6.3304

16485.4750,6.3308

16486.4750,6.3304

16487.4760,6.3309

16488.4760,6.3314

16489.4750,6.3307

16490.4750,6.3305

16491.4750,6.3288

16492.4760,6.3262

16493.4750,6.3258

16494.4750,6.3271

16495.4750,6.3290

16496.4750,6.3305

16497.4750,6.3286

16498.4750,6.3296

16499.4750,6.3299

16500.4760,6.3314

16501.4750,6.3339

16502.4760,6.3350

16503.4760,6.3348

16504.4760,6.3350

16505.4760,6.3347

16506.4750,6.3355

16507.4750,6.3381

16508.4750,6.3392

16509.4750,6.3367

16510.4760,6.3293

16511.4760,6.3281

16512.4750,6.3282

16513.4750,6.3285

16514.4750,6.3293

16515.4750,6.3297

16516.4750,6.3302

16517.4750,6.3311

16518.4750,6.3310

16519.4750,6.3311

16520.4750,6.3316

16521.4750,6.3314

16522.4760,6.3315

16523.4750,6.3316

16524.4750,6.3325

16525.4750,6.3326

16526.4750,6.3318

16527.4750,6.3320

16528.4750,6.3331

16529.4750,6.3350

16530.4750,6.3342

16531.4750,6.3346

16532.4750,6.3345

16533.4750,6.3350

16534.4750,6.3343

16535.4750,6.3336

16536.4750,6.3330

16537.4750,6.3342

16538.4760,6.3321

16539.4750,6.3285

16540.4750,6.3254

16541.4750,6.3236

16542.4750,6.3226

16543.4750,6.3229

16544.4750,6.3242

16545.4760,6.3252

16546.4750,6.3260

16547.4750,6.3268

16548.4750,6.3272

16549.4750,6.3277

16550.4760,6.3285

16551.4760,6.3290

16552.4760,6.3290

16553.4750,6.3293

16554.4750,6.3303

16555.4760,6.3318

16556.4760,6.3308

16557.4750,6.3266

16558.4750,6.3265

16559.4760,6.3270

16560.4750,6.3279

16561.4750,6.3285

16562.4750,6.3289

16563.4750,6.3293

16564.4750,6.3296

16565.4750,6.3296

16566.4750,6.3302

16567.4760,6.3307

16568.4760,6.3308

16569.4760,6.3316

16570.4750,6.3320

16571.4760,6.3331

16572.4750,6.3332

16573.4760,6.3307

16574.4750,6.3312

16575.4760,6.3317

16576.4750,6.3319

16577.4760,6.3317

16578.4750,6.3316

16579.4750,6.3314

16580.4750,6.3317

16581.4750,6.3321

16582.4760,6.3325

16583.4750,6.3325

16584.4750,6.3332

16585.4750,6.3348

16586.4750,6.3358

16587.4750,6.3378

16588.4750,6.3335

16589.4750,6.3322

16590.4750,6.3317

16591.4750,6.3318

16592.4750,6.3312

16593.4750,6.3314

16594.4750,6.3311

16595.4760,6.3314

16596.4750,6.3318

16597.4760,6.3319

16598.4760,6.3321

16599.4750,6.3320

16600.4750,6.3326

16601.4760,6.3328

16602.4750,6.3330

16603.4760,6.3335

16604.4760,6.3340

16605.4750,6.3341

16606.4760,6.3340

16607.4760,6.3346

16608.4750,6.3347

16609.4760,6.3349

16610.4760,6.3353

16611.4750,6.3360

16612.4760,6.3368

16613.4750,6.3369

16614.4750,6.3367

16615.4760,6.3345

16616.4750,6.3345

16617.4750,6.3343

16618.4760,6.3344

16619.4750,6.3347

16620.4750,6.3353

16621.4750,6.3359

16622.4750,6.3357

16623.4760,6.3358

16624.4750,6.3358

16625.4750,6.3345

16626.4750,6.3341

16627.4750,6.3340

16628.4750,6.3343

16629.4750,6.3343

16630.4750,6.3331

16631.4760,6.3325

16632.4750,6.3314

16633.4750,6.3316

16634.4750,6.3318

16635.4750,6.3319

16636.4750,6.3320

16637.4750,6.3324

16638.4750,6.3329

16639.4760,6.3333

16640.4750,6.3337

16641.4750,6.3345

16642.4760,6.3348

16643.4750,6.3345

16644.4750,6.3347

16645.4750,6.3348

16646.4750,6.3359

16647.4750,6.3365

16648.4760,6.3368

16649.4750,6.3371

16650.4760,6.3375

16651.4750,6.3381

16652.4750,6.3387

16653.4750,6.3390

16654.4760,6.3392

16655.4750,6.3394

16656.4750,6.3398

16657.4750,6.3400

16658.4750,6.3402

16659.4750,6.3408

16660.4760,6.3413

16661.4750,6.3421

16662.4750,6.3419

16663.4750,6.3421

16664.4750,6.3418

16665.4760,6.3426

16666.4750,6.3428

16667.4750,6.3422

16668.4750,6.3423

16669.4750,6.3425

16670.4750,6.3430

16671.4760,6.3429

16672.4750,6.3432

16673.4750,6.3433

16674.4750,6.3441

16675.4750,6.3426

16676.4750,6.3418

16677.4760,6.3416

16678.4750,6.3423

16679.4750,6.3428

16680.4750,6.3432

16681.4750,6.3440

16682.4760,6.3425

16683.4750,6.3407

16684.4750,6.3396

16685.4750,6.3396

16686.4750,6.3402

16687.4750,6.3404

16688.4750,6.3418

16689.4760,6.3417

16690.4750,6.3421

16691.4750,6.3428

16692.4750,6.3437

16693.4750,6.3454

16694.4750,6.3461

16695.4750,6.3469

16696.4750,6.3410

16697.4750,6.3388

16698.4750,6.3389

16699.4760,6.3392

16700.4750,6.3396

16701.4750,6.3400

16702.4750,6.3406

16703.4760,6.3415

16704.4750,6.3421

16705.4750,6.3424

16706.4750,6.3431

16707.4750,6.3436

16708.4750,6.3444

16709.4750,6.3449

16710.4750,6.3458

16711.4760,6.3458

16712.4750,6.3461

16713.4750,6.3472

16714.4750,6.3476

16715.4750,6.3481

16716.4750,6.3475

16717.4750,6.3465

16718.4750,6.3459

16719.4750,6.3464

16720.4750,6.3470

16721.4750,6.3365

16722.4750,6.3261

16723.4750,6.3286

16724.4750,6.3309

16725.4750,6.3324

16726.4750,6.3338

16727.4750,6.3342

16728.4750,6.3349

16729.4760,6.3359

16730.4750,6.3355

16731.4750,6.3343

16732.4750,6.3353

16733.4760,6.3362

16734.4750,6.3366

16735.4750,6.3368

16736.4750,6.3374

16737.4750,6.3376

16738.4750,6.3385

16739.4750,6.3390

16740.4760,6.3396

16741.4750,6.3408

16742.4750,6.3407

16743.4750,6.3409

16744.4750,6.3414

16745.4760,6.3422

16746.4750,6.3434

16747.4750,6.3433

16748.4750,6.3435

16749.4750,6.3441

16750.4750,6.3443

16751.4750,6.3443

16752.4750,6.3443

16753.4750,6.3429

16754.4750,6.3437

16755.4750,6.3444

16756.4750,6.3454

16757.4760,6.3461

16758.4750,6.3476

16759.4750,6.3490

16760.4750,6.3485

16761.4750,6.3486

16762.4750,6.3491

16763.4750,6.3485

16764.4750,6.3483

16765.4750,6.3480

16766.4750,6.3466

16767.4750,6.3472

16768.4750,6.3477

16769.4750,6.3485

16770.4750,6.3487

16771.4750,6.3484

16772.4750,6.3486

16773.4750,6.3499

16774.4750,6.3495

16775.4760,6.3460

16776.4750,6.3468

16777.4750,6.3476

16778.4760,6.3485

16779.4750,6.3500

16780.4750,6.3509

16781.4760,6.3505

16782.4750,6.3518

16783.4750,6.3539

16784.4750,6.3545

16785.4750,6.3541

16786.4750,6.3543

16787.4760,6.3542

16788.4750,6.3549

16789.4750,6.3551

16790.4750,6.3556

16791.4750,6.3565

16792.4760,6.3561

16793.4750,6.3580

16794.4760,6.3572

16795.4750,6.3573

16796.4750,6.3583

16797.4750,6.3598

16798.4750,6.3608

16799.4750,6.3617

16800.4760,6.3617

16801.4750,6.3598

16802.4750,6.3598

16803.4760,6.3611

16804.4760,6.3619

16805.4750,6.3622

16806.4760,6.3623

16807.4750,6.3618

16808.4750,6.3606

16809.4760,6.3608

16810.4750,6.3610

16811.4750,6.3612

16812.4750,6.3604

16813.4760,6.3606

16814.4750,6.3619

16815.4750,6.3629

16816.4750,6.3647

16817.4750,6.3615

16818.4750,6.3592

16819.4750,6.3586

16820.4760,6.3583

16821.4760,6.3591

16822.4750,6.3603

16823.4750,6.3611

16824.4750,6.3625

16825.4750,6.3630

16826.4750,6.3611

16827.4750,6.3594

16828.4750,6.3596

16829.4750,6.3599

16830.4750,6.3604

16831.4750,6.3613

16832.4750,6.3623

16833.4750,6.3615

16834.4750,6.3623

16835.4750,6.3643

16836.4760,6.3645

16837.4760,6.3649

16838.4750,6.3663

16839.4750,6.3675

16840.4750,6.3681

16841.4750,6.3686

16842.4760,6.3691

16843.4760,6.3683

16844.4750,6.3681

16845.4750,6.3691

16846.4760,6.3687

16847.4760,6.3687

16848.4750,6.3692

16849.4760,6.3700

16850.4760,6.3706

16851.4750,6.3712

16852.4750,6.3717

16853.4750,6.3719

16854.4760,6.3733

16855.4760,6.3739

16856.4750,6.3744

16857.4750,6.3748

16858.4760,6.3757

16859.4750,6.3766

16860.4750,6.3772

16861.4750,6.3779

16862.4760,6.3786

16863.4760,6.3790

16864.4760,6.3786

16865.4760,6.3796

16866.4750,6.3806

16867.4750,6.3813

16868.4750,6.3818

16869.4750,6.3825

16870.4750,6.3831

16871.4750,6.3835

16872.4760,6.3837

16873.4750,6.3840

16874.4760,6.3845

16875.4750,6.3847

16876.4750,6.3851

16877.4750,6.3858

16878.4760,6.3866

16879.4750,6.3874

16880.4760,6.3830

16881.4760,6.3852

16882.4750,6.3897

16883.4760,6.3905

16884.4750,6.3905

16885.4750,6.3903

16886.4750,6.3894

16887.4760,6.3834

16888.4750,6.3918

16889.4750,6.3888

16890.4760,6.3888

16891.4750,6.3903

16892.4750,6.3915

16893.4760,6.3872

16894.4750,6.3726

16895.4750,6.3793

16896.4750,6.3899

16897.4750,6.3933

16898.4760,6.3902

16899.4760,6.3873

16900.4760,6.3909

16901.4750,6.3923

16902.4760,6.3859

16903.4750,6.3847

16904.4750,6.3925

16905.4750,6.3853

16906.4750,6.3934

16907.4750,6.3877

16908.4760,6.3840

16909.4750,6.3945

16910.4760,6.3840

16911.4750,6.3853

16912.4750,6.3909

16913.4750,6.3923

16914.4750,6.3853

16915.4760,6.3866

16916.4750,6.3974

16917.4750,6.3946

16918.4750,6.3969

16919.4750,6.3839

16920.4760,6.3891

16921.4750,6.3970

16922.4750,6.3957

16923.4750,6.3982

16924.4760,6.3986

16925.4760,6.3915

16926.4750,6.3889

16927.4750,6.3976

16928.4750,6.3938

16929.4760,6.3915

16930.4760,6.3928

16931.4750,6.3781

16932.4750,6.3702

16933.4750,6.3738

16934.4750,6.3814

16935.4750,6.3931

16936.4750,6.3990

16937.4760,6.3975

16938.4750,6.3999

16939.4750,6.3974

16940.4750,6.3981

16941.4750,6.3929

16942.4750,6.3960

16943.4750,6.3982

16944.4750,6.3980

16945.4760,6.3983

16946.4750,6.3966

16947.4750,6.3846

16948.4750,6.3855

16949.4750,6.3981

16950.4750,6.4001

16951.4750,6.3890

16952.4750,6.3974

16953.4750,6.3927

16954.4750,6.3993

16955.4760,6.3979

16956.4750,6.3818

16957.4750,6.3929

16958.4750,6.3980

16959.4750,6.3998

16960.4750,6.3896

16961.4750,6.4003

16962.4750,6.3927

16963.4750,6.3955

16964.4760,6.3938

16965.4750,6.3962

16966.4750,6.3939

16967.4750,6.3978

16968.4760,6.3992

16969.4750,6.3997

16970.4750,6.3996

16971.4750,6.4005

16972.4750,6.3837

16973.4750,6.3739

16974.4750,6.3726

16975.4750,6.3720

16976.4750,6.3705

16977.4750,6.3689

16978.4750,6.3651

16979.4750,6.3612

16980.4750,6.3612

16981.4760,6.3620

16982.4760,6.3622

16983.4760,6.3621

16984.4750,6.3617

16985.4750,6.3618

16986.4750,6.3615

16987.4750,6.3625

16988.4760,6.3623

16989.4750,6.3616

16990.4750,6.3618

16991.4750,6.3625

16992.4750,6.3636

16993.4750,6.3632

16994.4750,6.3630

16995.4750,6.3649

16996.4750,6.3657

16997.4750,6.3661

16998.4750,6.3664

16999.4750,6.3664

17000.4760,6.3660

17001.4750,6.3608

17002.4750,6.3470

17003.4750,6.3419

17004.4760,6.3399

17005.4750,6.3397

17006.4770,6.3406

17007.4750,6.3415

17008.4760,6.3402

17009.4750,6.3396

17010.4750,6.3403

17011.4760,6.3417

17012.4760,6.3437

17013.4750,6.3452

17014.4750,6.3466

17015.4750,6.3480

17016.4750,6.3490

17017.4760,6.3504

17018.4750,6.3512

17019.4750,6.3522

17020.4750,6.3534

17021.4760,6.3546

17022.4750,6.3538

17023.4750,6.3535

17024.4750,6.3551

17025.4750,6.3563

17026.4760,6.3572

17027.4750,6.3579

17028.4750,6.3579

17029.4760,6.3584

17030.4760,6.3588

17031.4750,6.3584

17032.4750,6.3582

17033.4750,6.3585

17034.4750,6.3595

17035.4750,6.3597

17036.4760,6.3587

17037.4750,6.3588

17038.4750,6.3581

17039.4760,6.3587

17040.4750,6.3593

17041.4750,6.3590

17042.4760,6.3583

17043.4750,6.3584

17044.4750,6.3581

17045.4760,6.3587

17046.4750,6.3588

17047.4760,6.3586

17048.4750,6.3580

17049.4750,6.3576

17050.4750,6.3582

17051.4750,6.3577

17052.4750,6.3575

17053.4750,6.3570

17054.4750,6.3561

17055.4750,6.3556

17056.4750,6.3564

17057.4750,6.3558

17058.4750,6.3557

17059.4750,6.3566

17060.4750,6.3569

17061.4760,6.3567

17062.4750,6.3567

17063.4750,6.3562

17064.4750,6.3540

17065.4750,6.3507

17066.4750,6.3445

17067.4750,6.3374

17068.4770,6.3375

17069.4750,6.3390

17070.4750,6.3419

17071.4760,6.3460

17072.4750,6.3513

17073.4750,6.3538

17074.4750,6.3549

17075.4750,6.3550

17076.4750,6.3557

17077.4750,6.3556

17078.4750,6.3555

17079.4750,6.3556

17080.4760,6.3560

17081.4750,6.3561

17082.4750,6.3559

17083.4750,6.3561

17084.4750,6.3556

17085.4760,6.3558

17086.4760,6.3560

17087.4750,6.3560

17088.4750,6.3557

17089.4760,6.3554

17090.4750,6.3557

17091.4760,6.3498

17092.4760,6.3364

17093.4750,6.3326

17094.4750,6.3317

17095.4750,6.3316

17096.4750,6.3319

17097.4750,6.3324

17098.4750,6.3336

17099.4760,6.3344

17100.4750,6.3350

17101.4750,6.3359

17102.4750,6.3364

17103.4750,6.3370

17104.4750,6.3381

17105.4750,6.3381

17106.4760,6.3390

17107.4750,6.3399

17108.4750,6.3402

17109.4760,6.3410

17110.4760,6.3413

17111.4750,6.3423

17112.4750,6.3430

17113.4750,6.3433

17114.4750,6.3438

17115.4750,6.3447

17116.4750,6.3447

17117.4750,6.3454

17118.4750,6.3458

17119.4760,6.3463

17120.4750,6.3459

17121.4760,6.3472

17122.4750,6.3476

17123.4760,6.3467

17124.4750,6.3489

17125.4750,6.3492

17126.4750,6.3495

17127.4750,6.3488

17128.4750,6.3491

17129.4750,6.3502

17130.4750,6.3489

17131.4750,6.3506

17132.4750,6.3495

17133.4750,6.3495

17134.4760,6.3504

17135.4750,6.3518

17136.4750,6.3507

17137.4750,6.3512

17138.4750,6.3517

17139.4760,6.3513

17140.4750,6.3530

17141.4750,6.3521

17142.4750,6.3520

17143.4750,6.3532

17144.4750,6.3542

17145.4750,6.3539

17146.4750,6.3540

17147.4760,6.3532

17148.4750,6.3521

17149.4750,6.3536

17150.4750,6.3549

17151.4750,6.3548

17152.4750,6.3542

17153.4750,6.3545

17154.4760,6.3537

17155.4750,6.3540

17156.4750,6.3554

17157.4750,6.3563

17158.4750,6.3551

17159.4760,6.3556

17160.4750,6.3553

17161.4750,6.3549

17162.4750,6.3541

17163.4750,6.3535

17164.4750,6.3531

17165.4750,6.3533

17166.4750,6.3535

17167.4750,6.3539

17168.4750,6.3547

17169.4750,6.3553

17170.4750,6.3554

17171.4760,6.3560

17172.4750,6.3555

17173.4750,6.3556

17174.4750,6.3564

17175.4750,6.3572

17176.4750,6.3576

17177.4750,6.3572

17178.4750,6.3568

17179.4750,6.3565

17180.4750,6.3559

17181.4750,6.3558

17182.4750,6.3563

17183.4750,6.3572

17184.4760,6.3579

17185.4750,6.3588

17186.4760,6.3592

17187.4750,6.3593

17188.4750,6.3589

17189.4750,6.3592

17190.4750,6.3598

17191.4750,6.3601

17192.4750,6.3610

17193.4750,6.3614

17194.4760,6.3611

17195.4750,6.3609

17196.4750,6.3593

17197.4750,6.3588

17198.4750,6.3592

17199.4750,6.3599

17200.4760,6.3611

17201.4750,6.3630

17202.4750,6.3636

17203.4750,6.3632

17204.4750,6.3633

17205.4750,6.3632

17206.4750,6.3636

17207.4750,6.3641

17208.4750,6.3644

17209.4750,6.3639

17210.4750,6.3638

17211.4750,6.3642

17212.4750,6.3645

17213.4750,6.3644

17214.4750,6.3642

17215.4750,6.3639

17216.4750,6.3646

17217.4750,6.3650

17218.4750,6.3650

17219.4750,6.3648

17220.4760,6.3655

17221.4750,6.3656

17222.4750,6.3657

17223.4760,6.3654

17224.4750,6.3655

17225.4750,6.3661

17226.4750,6.3666

17227.4750,6.3670

17228.4760,6.3673

17229.4750,6.3669

17230.4750,6.3673

17231.4750,6.3672

17232.4750,6.3677

17233.4750,6.3679

17234.4750,6.3676

17235.4750,6.3664

17236.4760,6.3664

17237.4760,6.3666

17238.4760,6.3667

17239.4760,6.3675

17240.4760,6.3682

17241.4760,6.3683

17242.4760,6.3683

17243.4750,6.3684

17244.4750,6.3687

17245.4750,6.3691

17246.4750,6.3698

17247.4760,6.3702

17248.4760,6.3708

17249.4760,6.3725

17250.4750,6.3736

17251.4750,6.3739

17252.4750,6.3741

17253.4750,6.3735

17254.4750,6.3730

17255.4760,6.3738

17256.4750,6.3735

17257.4750,6.3735

17258.4750,6.3741

17259.4750,6.3745

17260.4750,6.3738

17261.4750,6.3733

17262.4750,6.3729

17263.4760,6.3724

17264.4750,6.3740

17265.4750,6.3747

17266.4750,6.3745

17267.4750,6.3731

17268.4760,6.3750

17269.4760,6.3765

17270.4750,6.3760

17271.4760,6.3750

17272.4750,6.3768

17273.4750,6.3771

17274.4750,6.3770

17275.4750,6.3758

17276.4750,6.3756

17277.4750,6.3736

17278.4750,6.3730

17279.4750,6.3742

17280.4750,6.3748

17281.4750,6.3753

17282.4750,6.3753

17283.4750,6.3753

17284.4750,6.3762

17285.4750,6.3769

17286.4750,6.3765

17287.4760,6.3771

17288.4750,6.3778

17289.4750,6.3787

17290.4750,6.3792

17291.4750,6.3800

17292.4760,6.3807

17293.4750,6.3815

17294.4760,6.3825

17295.4750,6.3825

17296.4750,6.3822

17297.4760,6.3833

17298.4750,6.3843

17299.4760,6.3841

17300.4750,6.3837

17301.4750,6.3859

17302.4750,6.3868

17303.4750,6.3873

17304.4750,6.3872

17305.4760,6.3887

17306.4760,6.3901

17307.4750,6.3911

17308.4750,6.3921

17309.4760,6.3927

17310.4760,6.3933

17311.4750,6.3932

17312.4750,6.3941

17313.4750,6.3950

17314.4750,6.3958

17315.4750,6.3965

17316.4750,6.3914

17317.4750,6.3882

17318.4750,6.3980

17319.4750,6.3998

17320.4750,6.3957

17321.4750,6.4009

17322.4750,6.4025

17323.4750,6.4033

17324.4750,6.4010

17325.4760,6.3938

17326.4750,6.4043

17327.4750,6.3998

17328.4750,6.4021

17329.4750,6.4027

17330.4750,6.4053

17331.4750,6.4019

17332.4750,6.4010

17333.4750,6.4028

17334.4750,6.4040

17335.4750,6.4059

17336.4750,6.3892

17337.4750,6.4032

17338.4750,6.4084

17339.4760,6.3970

17340.4750,6.4057

17341.4750,6.4075

17342.4750,6.4023

17343.4750,6.4053

17344.4760,6.4099

17345.4770,6.4048

17346.4760,6.4101

17347.4750,6.3994

17348.4750,6.3852

17349.4750,6.3882

17350.4760,6.3950

17351.4750,6.4059

17352.4750,6.4061

17353.4750,6.4102

17354.4750,6.4119

17355.4750,6.3965

17356.4760,6.4108

17357.4750,6.4120

17358.4760,6.4036

17359.4750,6.4122

17360.4750,6.4088

17361.4750,6.4089

17362.4750,6.4098

17363.4750,6.4092

17364.4750,6.4000

17365.4750,6.4054

17366.4750,6.4030

17367.4750,6.3907

17368.4750,6.3890

17369.4750,6.3892

17370.4760,6.3901

17371.4750,6.3896

17372.4750,6.3871

17373.4750,6.3854

17374.4750,6.3856

17375.4750,6.3858

17376.4750,6.3866

17377.4750,6.3871

17378.4750,6.3877

17379.4750,6.3868

17380.4750,6.3896

17381.4750,6.3912

17382.4750,6.3925

17383.4750,6.3933

17384.4750,6.3933

17385.4760,6.3922

17386.4750,6.3920

17387.4760,6.3920

17388.4750,6.3914

17389.4750,6.3922

17390.4750,6.3924

17391.4750,6.3933

17392.4750,6.3943

17393.4750,6.3959

17394.4750,6.3955

17395.4760,6.3953

17396.4750,6.3949

17397.4750,6.3938

17398.4750,6.3925

17399.4750,6.3925

17400.4750,6.3925

17401.4750,6.3924

17402.4760,6.3953

17403.4760,6.3942

17404.4750,6.3910

17405.4750,6.3911

17406.4750,6.3925

17407.4750,6.3943

17408.4760,6.3961

17409.4760,6.3970

17410.4750,6.3984

17411.4750,6.3981

17412.4750,6.3994

17413.4750,6.3999

17414.4750,6.4001

17415.4760,6.4000

17416.4750,6.3998

17417.4760,6.3986

17418.4760,6.3979

17419.4750,6.3985

17420.4750,6.3980

17421.4750,6.3984

17422.4770,6.3984

17423.4750,6.3739

17424.4760,6.3694

17425.4750,6.3681

17426.4750,6.3684

17427.4750,6.3673

17428.4760,6.3664

17429.4750,6.3663

17430.4750,6.3663

17431.4760,6.3665

17432.4750,6.3664

17433.4760,6.3663

17434.4760,6.3664

17435.4750,6.3668

17436.4750,6.3669

17437.4750,6.3672

17438.4750,6.3671

17439.4750,6.3673

17440.4750,6.3675

17441.4750,6.3673

17442.4750,6.3672

17443.4750,6.3675

17444.4750,6.3679

17445.4760,6.3682

17446.4750,6.3683

17447.4750,6.3688

17448.4750,6.3687

17449.4750,6.3689

17450.4760,6.3692

17451.4750,6.3695

17452.4750,6.3699

17453.4750,6.3698

17454.4750,6.3696

17455.4750,6.3699

17456.4750,6.3702

17457.4760,6.3705

17458.4750,6.3709

17459.4750,6.3712

17460.4760,6.3714

17461.4750,6.3717

17462.4750,6.3717

17463.4750,6.3722

17464.4750,6.3723

17465.4750,6.3726

17466.4760,6.3729

17467.4750,6.3734

17468.4750,6.3734

17469.4750,6.3738

17470.4750,6.3739

17471.4750,6.3742

17472.4750,6.3743

17473.4750,6.3748

17474.4750,6.3751

17475.4760,6.3756

17476.4750,6.3750

17477.4750,6.3725

17478.4760,6.3713

17479.4750,6.3717

17480.4760,6.3725

17481.4750,6.3734

17482.4750,6.3740

17483.4750,6.3751

17484.4750,6.3759

17485.4750,6.3766

17486.4750,6.3773

17487.4750,6.3777

17488.4750,6.3781

17489.4750,6.3783

17490.4750,6.3788

17491.4750,6.3791

17492.4760,6.3795

17493.4760,6.3794

17494.4750,6.3798

17495.4750,6.3803

17496.4750,6.3803

17497.4750,6.3807

17498.4750,6.3808

17499.4750,6.3812

17500.4760,6.3817

17501.4750,6.3815

17502.4750,6.3823

17503.4750,6.3829

17504.4750,6.3831

17505.4750,6.3833

17506.4760,6.3835

17507.4750,6.3816

17508.4750,6.3815

17509.4750,6.3810

17510.4760,6.3819

17511.4760,6.3821

17512.4760,6.3831

17513.4750,6.3845

17514.4750,6.3862

17515.4750,6.3873

17516.4750,6.3878

17517.4750,6.3868

17518.4750,6.3892

17519.4760,6.3920

17520.4770,6.3938

17521.4750,6.3932

17522.4750,6.3941

17523.4760,6.3955

17524.4750,6.3969

17525.4750,6.3985

17526.4750,6.3994

17527.4760,6.4002

17528.4750,6.4009

17529.4750,6.4022

17530.4750,6.4028

17531.4750,6.4036

17532.4750,6.4042

17533.4760,6.4046

17534.4750,6.4052

17535.4750,6.4060

17536.4750,6.4065

17537.4750,6.4072

17538.4760,6.4080

17539.4750,6.4087

17540.4750,6.4090

17541.4750,6.4091

17542.4750,6.4099

17543.4750,6.4108

17544.4750,6.4108

17545.4750,6.4117

17546.4750,6.4124

17547.4750,6.4122

17548.4750,6.4129

17549.4750,6.4137

17550.4760,6.4133

17551.4750,6.4132

17552.4750,6.4137

17553.4750,6.4135

17554.4750,6.4137

17555.4750,6.4148

17556.4750,6.4149

17557.4750,6.4160

17558.4760,6.4166

17559.4750,6.4167

17560.4760,6.4176

17561.4750,6.4166

17562.4750,6.4182

17563.4750,6.4184

17564.4750,6.4184

17565.4760,6.4185

17566.4750,6.4180

17567.4750,6.4186

17568.4760,6.4194

17569.4750,6.4195

17570.4750,6.4016

17571.4750,6.3919

17572.4760,6.3904

17573.4750,6.3897

17574.4750,6.3898

17575.4750,6.3896

17576.4760,6.3900

17577.4760,6.3907

17578.4750,6.3911

17579.4750,6.3924

17580.4750,6.3939

17581.4760,6.3961

17582.4750,6.3999

17583.4750,6.4037

17584.4750,6.4067

17585.4750,6.4100

17586.4750,6.4137

17587.4760,6.4165

17588.4750,6.4187

17589.4750,6.4203

17590.4750,6.4216

17591.4760,6.4225

17592.4750,6.4226

17593.4750,6.4230

17594.4750,6.4214

17595.4750,6.4168

17596.4750,6.4222

17597.4760,6.4232

17598.4750,6.4220

17599.4750,6.4223

17600.4760,6.4234

17601.4750,6.4238

17602.4750,6.4149

17603.4750,6.3976

17604.4750,6.3990

17605.4750,6.4026

17606.4750,6.4076

17607.4750,6.4132

17608.4750,6.4175

17609.4750,6.4206

17610.4750,6.4231

17611.4750,6.4236

17612.4750,6.4228

17613.4750,6.4242

17614.4750,6.4233

17615.4760,6.4206

17616.4750,6.4220

17617.4760,6.4221

17618.4750,6.4221

17619.4760,6.4152

17620.4750,6.4031

17621.4750,6.4039

17622.4750,6.4078

17623.4760,6.4145

17624.4750,6.4204

17625.4750,6.4237

17626.4750,6.4256

17627.4750,6.4237

17628.4750,6.4262

17629.4750,6.4147

17630.4750,6.4207

17631.4750,6.4259

17632.4750,6.4268

17633.4750,6.4271

17634.4750,6.4251

17635.4750,6.4264

17636.4750,6.4165

17637.4760,6.4266

17638.4750,6.4220

17639.4750,6.4271

17640.4750,6.4273

17641.4750,6.4271

17642.4750,6.4269

17643.4750,6.4147

17644.4750,6.3986

17645.4750,6.3963

17646.4750,6.3951

17647.4750,6.3943

17648.4750,6.3938

17649.4750,6.3935

17650.4760,6.3931

17651.4750,6.3928

17652.4750,6.3926

17653.4750,6.3925

17654.4750,6.3924

17655.4750,6.3922

17656.4750,6.3921

17657.4750,6.3919

17658.4760,6.3919

17659.4750,6.3917

17660.4750,6.3917

17661.4750,6.3915

17662.4750,6.3916

17663.4750,6.3917

17664.4750,6.3920

17665.4760,6.3920

17666.4750,6.3919

17667.4750,6.3923

17668.4760,6.3922

17669.4750,6.3925

17670.4750,6.3927

17671.4750,6.3925

17672.4750,6.3927

17673.4750,6.3928

17674.4750,6.3929

17675.4750,6.3928

17676.4750,6.3932

17677.4750,6.3936

17678.4750,6.3938

17679.4750,6.3938

17680.4750,6.3943

17681.4750,6.3948

17682.4750,6.3950

17683.4750,6.3952

17684.4750,6.3953

17685.4750,6.3957

17686.4750,6.3961

17687.4750,6.3960

17688.4750,6.3964

17689.4750,6.3963

17690.4750,6.3970

17691.4750,6.3973

17692.4760,6.3976

17693.4750,6.3981

17694.4750,6.3980

17695.4750,6.3981

17696.4750,6.3983

17697.4760,6.3986

17698.4760,6.3990

17699.4750,6.3994

17700.4750,6.3999

17701.4750,6.4026

17702.4750,6.4043

17703.4750,6.4038

17704.4760,6.4012

17705.4750,6.4001

17706.4750,6.4001

17707.4750,6.4003

17708.4750,6.4004

17709.4750,6.4003

17710.4760,6.4004

17711.4750,6.4007

17712.4750,6.4009

17713.4750,6.4013

17714.4750,6.4015

17715.4750,6.4019

17716.4750,6.4022

17717.4750,6.4029

17718.4760,6.4034

17719.4750,6.4036

17720.4750,6.4046

17721.4750,6.4052

17722.4750,6.4053

17723.4760,6.4050

17724.4750,6.4053

17725.4760,6.4060

17726.4750,6.4063

17727.4750,6.4069

17728.4750,6.4071

17729.4750,6.4078

17730.4750,6.4090

17731.4750,6.4094

17732.4750,6.4096

17733.4750,6.4100

17734.4750,6.4113

17735.4750,6.4113

17736.4750,6.4124

17737.4750,6.4129

17738.4760,6.4132

17739.4750,6.4134

17740.4750,6.4136

17741.4750,6.4142

17742.4750,6.4140

17743.4760,6.4137

17744.4750,6.4143

17745.4750,6.4144

17746.4760,6.4143

17747.4760,6.4148

17748.4760,6.4145

17749.4760,6.4151

17750.4760,6.4169

17751.4750,6.4176

17752.4760,6.4158

17753.4760,6.4155

17754.4760,6.4146

17755.4750,6.4138

17756.4760,6.4130

17757.4750,6.4127

17758.4750,6.4124

17759.4760,6.4128

17760.4750,6.4126

17761.4750,6.4123

17762.4760,6.4123

17763.4750,6.4127

17764.4760,6.4131

17765.4750,6.4141

17766.4750,6.4144

17767.4760,6.4146

17768.4750,6.4156

17769.4750,6.4155

17770.4760,6.4156

17771.4750,6.4167

17772.4770,6.4164

17773.4750,6.4171

17774.4750,6.4178

17775.4760,6.4188

17776.4750,6.4193

17777.4760,6.4198

17778.4750,6.4204

17779.4750,6.4206

17780.4750,6.4209

17781.4750,6.4218

17782.4750,6.4226

17783.4750,6.4235

17784.4750,6.4244

17785.4750,6.4245

17786.4750,6.4254

17787.4750,6.4258

17788.4750,6.4267

17789.4760,6.4280

17790.4750,6.4288

17791.4750,6.4300

17792.4750,6.4307

17793.4750,6.4310

17794.4750,6.4236

17795.4750,6.4318

17796.4750,6.4332

17797.4750,6.4342

17798.4750,6.4331

17799.4750,6.4286

17800.4760,6.4359

17801.4750,6.4353

17802.4750,6.4313

17803.4750,6.4380

17804.4760,6.4257

17805.4750,6.4294

17806.4750,6.4391

17807.4760,6.4358

17808.4750,6.4395

17809.4750,6.4399

17810.4750,6.4306

17811.4750,6.4404

17812.4750,6.4390

17813.4750,6.4415

17814.4760,6.4314

17815.4750,6.4317

17816.4750,6.4414

17817.4750,6.4409

17818.4760,6.4412

17819.4760,6.4316

17820.4750,6.4373

17821.4750,6.4412

17822.4760,6.4335

17823.4750,6.4398

17824.4760,6.4418

17825.4750,6.4398

17826.4750,6.4416

17827.4750,6.4221

17828.4750,6.4211

17829.4750,6.4242

17830.4750,6.4321

17831.4750,6.4391

17832.4750,6.4389

17833.4750,6.4344

17834.4750,6.4416

17835.4750,6.4439

17836.4750,6.4346

17837.4750,6.4430

17838.4760,6.4442

17839.4760,6.4454

17840.4750,6.4231

17841.4750,6.4143

17842.4750,6.4111

17843.4750,6.4095

17844.4760,6.4089

17845.4750,6.4082

17846.4750,6.4080

17847.4750,6.4083

17848.4750,6.4081

17849.4750,6.4077

17850.4750,6.4079

17851.4750,6.4081

17852.4770,6.4077

17853.4750,6.4077

17854.4750,6.4081

17855.4750,6.4076

17856.4750,6.4076

17857.4750,6.4077

17858.4750,6.4081

17859.4750,6.4082

17860.4750,6.4084

17861.4750,6.4085

17862.4750,6.4088

17863.4750,6.4090

17864.4750,6.4091

17865.4750,6.4090

17866.4970,6.4126

17867.4750,6.4106

17868.4750,6.4102

17869.4750,6.4096

17870.4750,6.4096

17871.4760,6.4104

17872.4750,6.4109

17873.4750,6.4113

17874.4750,6.4119

17875.4750,6.4122

17876.4750,6.4150

17877.4750,6.4116

17878.4760,6.4097

17879.4750,6.4098

17880.4750,6.4102

17881.4750,6.4106

17882.4750,6.4119

17883.4750,6.4130

17884.4750,6.4136

17885.4750,6.4137

17886.4750,6.4141

17887.4770,6.4137

17888.4750,6.4141

17889.4750,6.4149

17890.4750,6.4146

17891.4750,6.4147

17892.4760,6.4146

17893.4750,6.4152

17894.4750,6.4152

17895.4760,6.4154

17896.4760,6.4159

17897.4750,6.4160

17898.4750,6.4163

17899.4750,6.4165

17900.4760,6.4167

17901.4750,6.4167

17902.4750,6.4166

17903.4750,6.4169

17904.4750,6.4172

17905.4750,6.4171

17906.4750,6.4179

17907.4750,6.4185

17908.4750,6.4225

17909.4750,6.4212

17910.4760,6.4154

17911.4750,6.4180

17912.4750,6.4203

17913.4750,6.4214

17914.4760,6.4223

17915.4750,6.4244

17916.4760,6.4264

17917.4750,6.4230

17918.4750,6.4227

17919.4750,6.4233

17920.4750,6.4241

17921.4750,6.4242

17922.4750,6.4248

17923.4750,6.4258

17924.4750,6.4269

17925.4750,6.4267

17926.4750,6.4276

17927.4750,6.4268

17928.4760,6.4274

17929.4750,6.4328

17930.4750,6.4326

17931.4750,6.4312

17932.4750,6.4295

17933.4750,6.4300

17934.4750,6.4301

17935.4750,6.4302

17936.4750,6.4301

17937.4750,6.4297

17938.4750,6.4283

17939.4750,6.4296

17940.4750,6.4308

17941.4750,6.4348

17942.4750,6.4344

17943.4750,6.4330

17944.4750,6.4324

17945.4760,6.4312

17946.4760,6.4303

17947.4750,6.4313

17948.4750,6.4329

