Elapsed Time (s),Heat Exchanger Flow (GPM),Flow Raw Voltage (V)
1.1850,0.0104,0.0501

2.0060,0.0229,0.0759

3.0060,0.0154,0.0399

4.0060,0.0167,0.0604

5.0060,0.0154,0.0501

6.0060,0.0096,0.0193

7.0060,0.0104,0.0553

8.0060,0.0073,0.0244

9.0060,0.0071,0.0450

10.0060,0.0080,0.0553

11.0070,0.0070,0.0399

12.0060,0.0060,0.0656

13.0060,0.0065,0.0450

14.0060,0.0050,0.0450

15.0070,0.0070,0.0707

16.0060,0.0065,0.0141

17.0060,0.0050,0.0399

18.0060,0.0089,0.0656

19.0060,0.0085,0.0399

20.0060,0.0075,0.0450

21.0060,0.0075,0.0399

22.0070,0.0050,0.0399

23.0060,0.0040,0.0347

24.0080,0.0025,0.0296

25.0060,-0.0005,0.0399

26.0060,0.0025,0.0450

27.0060,0.0025,0.0399

28.0060,0.0005,0.0450

29.0060,0.0010,0.0450

30.0060,0.0010,0.0450

31.0060,0.0015,0.0450

32.0080,0.0025,0.0501

33.0060,0.0050,0.0604

34.0060,0.0065,0.0450

35.0060,0.0065,0.0399

36.0060,0.0050,0.0296

37.0060,0.0065,0.0553

38.0060,0.0070,0.0501

39.0060,0.0060,0.0347

40.0070,0.0055,0.0399

41.0060,0.0035,0.0244

42.0060,0.0025,0.0399

43.0060,-0.0010,0.0244

44.0060,-0.0010,0.0450

45.0060,0.0010,0.0604

46.0060,0.0025,0.0450

47.0070,0.0020,0.0501

48.0070,0.0010,0.0399

49.0060,0.0025,0.0501

50.0060,0.0025,0.0399

51.0070,0.0040,0.0399

52.0060,0.0040,0.0399

53.0070,0.0050,0.0347

54.0060,0.0050,0.0450

55.0060,0.0040,0.0501

56.0060,0.0045,0.0501

57.0060,0.0045,0.0501

58.0060,0.0065,0.0604

59.0080,0.0060,0.0450

60.0060,0.0060,0.0399

61.0060,0.0080,0.0604

62.0070,0.0070,0.0296

63.0060,0.0085,0.0501

64.0070,0.0094,0.0553

65.0060,0.0075,0.0296

66.0060,0.1933,1.9744

67.0060,0.3072,1.2284

68.0060,0.4215,1.2438

69.0060,0.5378,1.2490

70.0060,0.6536,1.2387

71.0060,0.7649,1.2129

72.0070,0.8802,1.2232

73.0060,0.9955,1.2438

74.0060,1.1059,1.1975

75.0060,1.2207,1.2181

76.0060,1.1481,1.2232

77.0060,1.1387,1.1306

78.0070,1.1362,1.2181

79.0060,1.1332,1.2181

80.0060,1.1322,1.2284

81.0070,1.1327,1.2181

82.0060,1.1387,1.2850

83.0060,1.1536,1.3982

84.0060,1.1814,1.4856

85.0060,1.2087,1.5011

86.0060,1.2326,1.4702

87.0060,1.2729,1.5474

88.0060,1.2997,1.4959

89.0060,1.3280,1.5114

90.0060,1.3534,1.4908

91.0060,1.3827,1.5216

92.0060,1.4051,1.5165

93.0060,1.4140,1.4908

94.0060,1.4155,1.5011

95.0060,1.4185,1.5319

96.0060,1.4230,1.5165

97.0060,1.4200,1.5165

98.0060,1.4235,1.5319

99.0060,1.4245,1.5216

100.0060,1.4279,1.5268

101.0060,1.4289,1.5319

102.0070,1.4304,1.5319

103.0070,1.4304,1.4908

104.0060,1.4339,1.5371

105.0060,1.4389,1.5834

106.0060,1.4394,1.5216

107.0060,1.4399,1.5216

108.0060,1.4399,1.5319

109.0060,1.4394,1.5165

110.0060,1.4428,1.5628

111.0060,1.4438,1.5422

112.0060,1.4453,1.5474

113.0060,1.4483,1.5216

114.0060,1.4493,1.5474

115.0060,1.4448,1.5371

116.0060,1.4463,1.5371

117.0060,1.4508,1.5679

118.0070,1.4528,1.5525

119.0070,1.4538,1.5268

120.0060,1.4513,1.5371

121.0060,1.4518,1.5474

122.0060,1.4503,1.5319

123.0060,1.4528,1.5474

124.0060,1.4543,1.5628

125.0070,1.4563,1.5577

126.0060,1.4558,1.5319

127.0060,1.4508,1.5165

128.0060,1.4453,1.4959

129.0060,1.4468,1.5422

130.0060,1.4468,1.5371

131.0060,1.4443,1.5216

132.0060,1.4453,1.5422

133.0060,1.4443,1.5371

134.0060,1.4443,1.5628

135.0060,1.4443,1.5577

136.0070,1.4458,1.5474

137.0060,1.4543,1.6040

138.0060,1.4592,1.5474

139.0060,1.4592,1.5422

140.0060,1.4592,1.5371

141.0060,1.4642,1.5731

142.0070,1.4662,1.5628

143.0060,1.4667,1.5422

144.0060,1.4632,1.5268

145.0060,1.4622,1.5474

146.0060,1.4622,1.5474

147.0060,1.4582,1.5628

148.0060,1.4578,1.5422

149.0060,1.4563,1.5268

150.0060,1.4592,1.5679

151.0060,1.4558,1.5371

152.0060,1.4563,1.5679

153.0060,1.4553,1.5319

154.0070,1.4582,1.5577

155.0060,1.4563,1.5268

156.0060,1.4563,1.5474

157.0060,1.4563,1.5628

158.0060,1.4568,1.5474

159.0060,1.4573,1.5319

160.0060,1.4563,1.5577

161.0060,1.4592,1.5679

162.0070,1.4597,1.5731

163.0060,1.4632,1.5679

164.0070,1.4602,1.5268

165.0060,1.4592,1.5165

166.0060,1.4592,1.5474

167.0070,1.4587,1.5577

168.0060,1.4587,1.5474

169.0060,1.4607,1.5525

170.0060,1.4558,1.5062

171.0060,1.4513,1.5216

172.0060,1.4483,1.5422

173.0060,1.4498,1.5834

174.0060,1.4503,1.5319

175.0060,1.4528,1.5422

176.0060,1.4518,1.5371

177.0060,1.4488,1.5268

178.0060,1.4483,1.5422

179.0060,1.4458,1.5268

180.0060,1.4483,1.5319

181.0060,1.4498,1.5371

182.0060,1.4503,1.5474

183.0060,1.4493,1.5731

184.0060,1.4528,1.5679

185.0060,1.4543,1.5577

186.0060,1.4558,1.5525

187.0060,1.4587,1.5577

188.0060,1.4597,1.5525

189.0060,1.4642,1.5731

190.0060,1.4667,1.5577

191.0060,1.4697,1.5679

192.0060,1.4692,1.5422

193.0060,1.4657,1.5371

194.0060,1.4637,1.5474

195.0060,1.4647,1.5679

196.0060,1.4667,1.5731

197.0060,1.4672,1.5628

198.0070,1.4672,1.5525

199.0060,1.4677,1.5782

200.0060,1.4692,1.5731

201.0060,1.4687,1.5628

202.0060,1.4702,1.5577

203.0060,1.4737,1.5731

204.0070,1.4727,1.5371

205.0070,1.4712,1.5525

206.0060,1.4707,1.5679

207.0060,1.4707,1.5628

208.0060,1.4732,1.5782

209.0070,1.4697,1.5422

210.0060,1.4687,1.5628

211.0060,1.4697,1.5731

212.0060,1.4677,1.5371

213.0060,1.4652,1.5474

214.0060,1.4697,1.5834

215.0060,1.4717,1.5731

216.0060,1.4697,1.5474

217.0060,1.4727,1.5937

218.0060,1.4707,1.5577

219.0060,1.4737,1.5731

220.0060,1.4742,1.5679

221.0060,1.4717,1.5474

222.0060,1.4732,1.5525

223.0070,1.4747,1.5628

224.0060,1.4717,1.5525

225.0060,1.4702,1.5577

226.0060,1.4727,1.5731

227.0060,1.4682,1.5474

228.0060,1.4707,1.5834

229.0060,1.4722,1.5885

230.0060,1.4737,1.5834

231.0070,1.4747,1.5577

232.0060,1.4751,1.5577

233.0060,1.4737,1.5474

234.0060,1.4702,1.5165

235.0060,1.4722,1.5782

236.0060,1.4712,1.5628

237.0060,1.4732,1.5679

238.0060,1.4717,1.5679

239.0080,1.4677,1.5474

240.0060,1.4632,1.5371

241.0060,1.4637,1.5628

242.0060,1.4637,1.5577

243.0060,1.4647,1.5577

244.0060,1.4702,1.5731

245.0060,1.4687,1.5628

246.0070,1.4707,1.5834

247.0060,1.4702,1.5628

248.0060,1.4702,1.5679

249.0060,1.4751,1.5988

250.0060,1.4781,1.5679

251.0060,1.4776,1.5577

252.0060,1.4781,1.5628

253.0060,1.4796,1.5731

254.0070,1.4796,1.5731

255.0060,1.4761,1.5268

256.0060,1.4751,1.5731

257.0060,1.4756,1.5679

258.0060,1.4761,1.5731

259.0060,1.4722,1.5577

260.0070,1.4722,1.5679

261.0060,1.4722,1.5577

262.0060,1.4727,1.5679

263.0060,1.4727,1.5731

264.0060,1.4737,1.5834

265.0060,1.4761,1.5525

266.0060,1.4776,1.5885

267.0060,1.4781,1.5731

268.0060,1.4796,1.5885

269.0060,1.4816,1.5782

270.0060,1.4791,1.5422

271.0060,1.4801,1.5679

272.0060,1.4801,1.5679

273.0060,1.4806,1.5782

274.0060,1.4801,1.5782

275.0060,1.4826,1.5782

276.0060,1.4816,1.5782

277.0060,1.4811,1.5679

278.0060,1.4801,1.5782

279.0070,1.4791,1.5679

280.0060,1.4811,1.5628

281.0060,1.4826,1.5834

282.0060,1.4836,1.5782

283.0060,1.4836,1.5782

284.0060,1.4836,1.5782

285.0070,1.4866,1.6091

286.0060,1.4866,1.5782

287.0060,1.4881,1.5834

288.0060,1.4881,1.5782

289.0060,1.4891,1.5782

290.0070,1.4915,1.5885

291.0060,1.4915,1.5834

292.0060,1.4940,1.6040

293.0060,1.4925,1.5628

294.0060,1.4925,1.5782

295.0060,1.4950,1.6348

296.0060,1.4940,1.5679

297.0060,1.4920,1.5628

298.0070,1.4925,1.5834

299.0060,1.4930,1.5834

300.0060,1.4945,1.6040

301.0070,1.4940,1.5782

302.0060,1.4871,1.5319

303.0060,1.4906,1.5988

304.0060,1.4925,1.5988

305.0070,1.4876,1.5834

306.0060,1.4975,1.6709

307.0070,1.5000,1.5885

308.0060,1.5000,1.5834

309.0060,1.4995,1.5782

310.0060,1.4985,1.5937

311.0060,1.4995,1.5885

312.0060,1.5020,1.5577

313.0060,1.4985,1.5628

314.0060,1.5065,1.6811

315.0060,1.5075,1.5937

316.0070,1.5015,1.6091

317.0070,1.5000,1.5731

318.0060,1.4995,1.5782

319.0060,1.5015,1.5988

320.0060,1.5010,1.5885

321.0060,1.5015,1.5937

322.0070,1.5035,1.5782

323.0060,1.5060,1.5885

324.0060,1.4965,1.5834

325.0060,1.4960,1.5885

326.0060,1.4925,1.5731

327.0070,1.4935,1.5834

328.0060,1.4930,1.5731

329.0060,1.4925,1.5937

330.0070,1.4915,1.5782

331.0070,1.4896,1.5731

332.0060,1.4930,1.6143

333.0060,1.4935,1.5937

334.0060,1.4940,1.5885

335.0070,1.4935,1.5834

336.0060,1.4935,1.5731

337.0060,1.4940,1.5885

338.0060,1.4960,1.5937

339.0060,1.4940,1.5731

340.0060,1.4945,1.5834

341.0060,1.4945,1.5731

342.0060,1.4911,1.5782

343.0060,1.4881,1.5628

344.0060,1.4886,1.5937

345.0060,1.4920,1.6194

346.0060,1.4935,1.5885

347.0070,1.4911,1.5628

348.0060,1.4915,1.5988

349.0060,1.4940,1.5988

350.0070,1.4940,1.5834

351.0060,1.4980,1.6143

352.0070,1.4985,1.5834

353.0070,1.5015,1.5937

354.0060,1.5015,1.5937

355.0070,1.4980,1.5834

356.0060,1.4980,1.5885

357.0060,1.5015,1.5988

358.0060,1.5010,1.5937

359.0060,1.4975,1.5628

360.0060,1.4980,1.5885

361.0060,1.4970,1.6040

362.0060,1.4965,1.5782

363.0060,1.5000,1.6297

364.0070,1.4846,1.4342

365.0060,1.4861,1.5988

366.0060,1.4876,1.6040

367.0060,1.4866,1.5885

368.0060,1.4841,1.5679

369.0070,1.4851,1.5731

370.0060,1.4826,1.5628

371.0070,1.4801,1.5782

372.0060,1.4796,1.5731

373.0060,1.4732,1.5628

374.0060,1.4886,1.5937

375.0060,1.4876,1.5885

376.0060,1.4866,1.5937

377.0060,1.4866,1.5885

378.0060,1.4881,1.5834

379.0060,1.4886,1.5782

380.0070,1.4896,1.5731

381.0060,1.4911,1.5937

382.0070,1.4925,1.5885

383.0060,1.4940,1.5782

384.0060,1.4935,1.5885

385.0060,1.4945,1.5988

386.0060,1.4920,1.5679

387.0060,1.4911,1.5782

388.0060,1.4915,1.5885

389.0060,1.4925,1.5885

390.0060,1.4955,1.6040

391.0060,1.4955,1.5937

392.0070,1.4945,1.5782

393.0060,1.4955,1.5885

394.0060,1.4945,1.5782

395.0070,1.4940,1.5937

396.0060,1.4955,1.5834

397.0060,1.4970,1.5937

398.0060,1.4960,1.5782

399.0060,1.4965,1.5937

400.0060,1.4950,1.5885

401.0060,1.4945,1.5885

402.0060,1.4980,1.6143

403.0060,1.4975,1.5834

404.0060,1.4995,1.5988

405.0060,1.4990,1.5885

406.0060,1.4990,1.5834

407.0060,1.5005,1.6091

408.0060,1.5020,1.5937

409.0060,1.5025,1.5988

410.0060,1.5005,1.5679

411.0060,1.5040,1.6245

412.0060,1.5000,1.5731

413.0060,1.5000,1.5834

414.0060,1.4975,1.5731

415.0070,1.4980,1.5937

416.0060,1.4995,1.5988

417.0060,1.4975,1.5885

418.0060,1.4985,1.6040

419.0060,1.4960,1.5731

420.0060,1.4965,1.5731

421.0060,1.4925,1.5834

422.0060,1.4945,1.5937

423.0060,1.4940,1.5782

424.0060,1.4950,1.5834

425.0060,1.4955,1.5988

426.0060,1.5283,1.9384

427.0060,1.5591,1.9075

428.0060,1.5915,1.9384

429.0070,1.6267,1.9384

430.0060,1.6615,1.9333

431.0060,1.6943,1.9230

432.0070,1.7261,1.9230

433.0060,1.7594,1.9230

434.0060,1.7932,1.9333

435.0060,1.8221,1.8972

436.0060,1.8211,1.9281

437.0060,1.8236,1.9333

438.0060,1.8250,1.9538

439.0070,1.8216,1.9024

440.0060,1.8211,1.9281

441.0070,1.8250,1.9641

442.0060,1.8241,1.9127

443.0060,1.8206,1.8869

444.0060,1.8201,1.9281

445.0060,1.8211,1.9075

446.0060,1.8201,1.9178

447.0060,1.8171,1.9024

448.0060,1.8141,1.9230

449.0060,1.8161,1.9230

450.0060,1.8146,1.9127

451.0060,1.8096,1.9127

452.0060,1.8116,1.9333

453.0060,1.8151,1.9230

454.0060,1.8136,1.9127

455.0060,1.8166,1.9384

456.0060,1.8146,1.8972

457.0060,1.8121,1.8767

458.0060,1.8116,1.9178

459.0060,1.8136,1.9435

460.0070,1.8151,1.9281

461.0060,1.8166,1.9281

462.0060,1.8186,1.9538

463.0060,1.8166,1.9024

464.0060,1.8156,1.9024

465.0060,1.8156,1.9384

466.0060,1.8166,1.9075

467.0060,1.8221,1.9333

468.0060,1.8231,1.9281

469.0060,1.8226,1.9384

470.0070,1.8231,1.9333

471.0060,1.8171,1.8664

472.0060,1.8141,1.9230

473.0060,1.8151,1.9127

474.0060,1.8191,1.9435

475.0060,1.8221,1.9693

476.0070,1.8231,1.9178

477.0070,1.8236,1.9384

478.0060,1.8241,1.9333

479.0060,1.8231,1.9281

480.0060,1.8221,1.9230

481.0060,1.8290,1.9384

482.0060,1.8280,1.9127

483.0060,1.8310,1.9435

484.0070,1.8285,1.9178

485.0060,1.8236,1.9178

486.0060,1.8260,1.9435

487.0060,1.8340,2.0207

488.0060,1.8325,1.9178

489.0060,1.8325,1.9281

490.0060,1.8320,1.9178

491.0060,1.8305,1.9230

492.0060,1.8305,1.9127

493.0060,1.8290,1.9281

494.0070,1.8300,1.9281

495.0070,1.8300,1.9178

496.0060,1.8275,1.9178

497.0060,1.8176,1.9178

498.0060,1.8151,1.8921

499.0060,1.8136,1.9127

500.0060,1.8176,1.9590

501.0060,1.8191,1.9384

502.0060,1.8206,1.9281

503.0060,1.8265,1.9898

504.0080,1.8265,1.9281

505.0060,1.8310,1.9641

506.0060,1.8315,1.9230

507.0070,1.8300,1.9024

508.0060,1.8315,1.9075

509.0060,1.8350,1.9487

510.0070,1.8290,1.8972

511.0060,1.8275,1.9230

512.0070,1.8270,1.9230

513.0060,1.8186,1.9024

514.0070,1.8201,1.9435

515.0060,1.8151,1.9127

516.0060,1.8126,1.8972

517.0070,1.8161,1.9384

518.0060,1.8176,1.9230

519.0060,1.8156,1.9281

520.0060,1.8171,1.9127

521.0060,1.8171,1.9230

522.0060,1.8186,1.9384

523.0060,1.8186,1.9024

524.0060,1.8176,1.9333

525.0060,1.8166,1.9024

526.0060,1.8191,1.9230

527.0060,1.8166,1.9127

528.0060,1.8166,1.9230

529.0060,1.8171,1.9333

530.0060,1.8176,1.9178

531.0060,1.8156,1.9024

532.0060,1.8131,1.9127

533.0070,1.8156,1.9281

534.0060,1.8146,1.9230

535.0060,1.8146,1.9024

536.0060,1.8126,1.9024

537.0060,1.8171,1.9590

538.0070,1.8171,1.9230

539.0060,1.8146,1.9075

540.0070,1.8171,1.9435

541.0060,1.8186,1.9178

542.0060,1.8206,1.9333

543.0060,1.8410,2.1391

544.0060,1.8419,1.9333

545.0060,1.8434,1.9178

546.0060,1.8439,1.9075

547.0070,1.8410,1.9281

548.0060,1.8414,1.9281

549.0060,1.8424,1.9178

550.0060,1.8429,1.9487

551.0060,1.8449,1.9384

552.0060,1.8444,1.9281

553.0060,1.8255,1.9435

554.0060,1.8260,1.9384

555.0070,1.8265,1.9230

556.0070,1.8285,1.9281

557.0060,1.8320,1.9641

558.0060,1.8335,1.9435

559.0060,1.8340,1.9230

560.0060,1.8330,1.9384

561.0060,1.8265,1.8715

562.0060,1.8255,1.9178

563.0060,1.8236,1.9230

564.0060,1.8216,1.9178

565.0060,1.8231,1.9384

566.0060,1.8280,1.9796

567.0060,1.8250,1.9333

568.0060,1.8216,1.9075

569.0060,1.8226,1.9333

570.0060,1.8196,1.9075

571.0060,1.8221,1.8972

572.0060,1.8226,1.9230

573.0070,1.8221,1.9178

574.0060,1.8211,1.9075

575.0060,1.8166,1.8921

576.0060,1.8017,1.8252

577.0060,1.8002,1.9178

578.0060,1.8002,1.9075

579.0070,1.8027,1.9590

580.0060,1.8067,1.9487

581.0060,1.8081,1.9127

582.0060,1.8081,1.9230

583.0060,1.8086,1.9230

584.0060,1.8106,1.9281

585.0070,1.8131,1.9178

586.0070,1.8231,1.9281

587.0060,1.8236,1.9230

588.0060,1.8345,2.0207

589.0060,1.8300,1.9127

590.0070,1.8285,1.9333

591.0060,1.8280,1.9075

592.0060,1.8310,1.9538

593.0060,1.8300,1.9127

594.0060,1.8295,1.9230

595.0060,1.8290,1.9127

596.0060,1.8290,1.9281

597.0060,1.8270,1.9024

598.0060,1.8176,1.9230

599.0060,1.8211,1.9487

600.0060,1.8201,1.9230

601.0060,1.8216,1.9230

602.0060,1.8186,1.9230

603.0060,1.8201,1.9281

604.0070,1.8211,1.9333

605.0060,1.8236,1.9384

606.0060,1.8241,1.9333

607.0060,1.8255,1.9178

608.0070,1.8250,1.9178

609.0070,1.8191,1.8869

610.0060,1.8196,1.9281

611.0060,1.8196,1.9230

612.0060,1.8196,1.9230

613.0060,1.8191,1.9230

614.0060,1.8186,1.9281

615.0060,1.8186,1.9384

616.0060,1.8171,1.9178

617.0060,1.8171,1.9178

618.0060,1.8186,1.9333

619.0060,1.8216,1.9178

620.0060,1.8226,1.9384

621.0060,1.8246,1.9435

622.0070,1.8211,1.8869

623.0070,1.8062,1.7686

624.0060,1.8062,1.9281

625.0060,1.8067,1.9435

626.0060,1.8042,1.8921

627.0060,1.8022,1.8972

628.0060,1.7997,1.9075

629.0060,1.7987,1.9075

630.0060,1.7967,1.9178

631.0060,1.7962,1.9384

632.0060,1.8052,1.9796

633.0060,1.8231,1.9538

634.0060,1.8206,1.9024

635.0060,1.8186,1.9230

636.0060,1.8206,1.9127

637.0070,1.8231,1.9230

638.0060,1.8226,1.9024

639.0060,1.8260,1.9435

640.0060,1.8280,1.9384

641.0060,1.8270,1.9281

642.0060,1.8196,1.9024

643.0060,1.8186,1.9435

644.0060,1.8221,1.9384

645.0060,1.8216,1.9178

646.0060,1.8211,1.9075

647.0060,1.8191,1.9024

648.0070,1.8201,1.9127

649.0060,1.8191,1.9333

650.0060,1.8181,1.9281

651.0060,1.8171,1.9178

652.0060,1.8196,1.9281

653.0070,1.8181,1.9281

654.0060,1.8171,1.9281

655.0060,1.8161,1.9075

656.0060,1.8176,1.9230

657.0070,1.8191,1.9178

658.0060,1.8216,1.9384

659.0060,1.8196,1.9127

660.0060,1.8206,1.9384

661.0070,1.8226,1.9384

662.0060,1.8250,1.9538

663.0060,1.8236,1.9127

664.0060,1.8236,1.9281

665.0060,1.8255,1.9281

666.0060,1.8270,1.9384

667.0080,1.8275,1.9230

668.0070,1.8255,1.9178

669.0060,1.8260,1.9178

670.0060,1.8250,1.9281

671.0060,1.8236,1.9230

672.0060,1.8221,1.9384

673.0060,1.8226,1.9178

674.0070,1.8221,1.9230

675.0060,1.8166,1.8715

676.0060,1.8161,1.9333

677.0060,1.8171,1.9333

678.0060,1.8186,1.9333

679.0060,1.8196,1.9281

680.0060,1.8191,1.9230

681.0060,1.8201,1.9333

682.0060,1.8161,1.8972

683.0060,1.8166,1.9230

684.0060,1.8171,1.9281

685.0060,1.8236,1.9384

686.0070,1.8216,1.9127

687.0060,1.8196,1.9127

688.0060,1.8201,1.9384

689.0060,1.8211,1.9384

690.0060,1.8231,1.9435

691.0060,1.8196,1.8972

692.0060,1.8236,1.9384

693.0060,1.8176,1.8612

694.0080,1.8171,1.9230

695.0060,1.8176,1.9435

696.0060,1.8176,1.9127

697.0070,1.8191,1.9281

698.0060,1.8186,1.9333

699.0060,1.8186,1.9384

700.0060,1.8166,1.9230

701.0060,1.8216,1.9487

702.0060,1.8206,1.9281

703.0060,1.8345,2.0053

704.0060,1.8196,1.7686

705.0060,1.8176,1.9230

706.0060,1.8196,1.9333

707.0060,1.8161,1.8921

708.0060,1.8141,1.9127

709.0060,1.8116,1.9127

710.0070,1.8121,1.9281

711.0070,1.8106,1.9333

712.0060,1.8096,1.9178

713.0060,1.8012,1.9178

714.0060,1.8166,1.9281

715.0060,1.8146,1.9024

716.0060,1.8151,1.9384

717.0060,1.8196,1.9384

718.0070,1.8201,1.9178

719.0060,1.8221,1.9333

720.0060,1.8221,1.9281

721.0060,1.8206,1.9178

722.0060,1.8201,1.9127

723.0070,1.8171,1.8869

724.0060,1.8176,1.9333

725.0060,1.8191,1.9178

726.0060,1.8161,1.9075

727.0060,1.8156,1.9333

728.0060,1.8146,1.9075

729.0060,1.8176,1.9641

730.0060,1.8176,1.9281

731.0080,1.8171,1.9127

732.0060,1.8186,1.9281

733.0060,1.8201,1.9024

734.0060,1.8191,1.9230

735.0060,1.8191,1.9178

736.0060,1.8196,1.9127

737.0060,1.8250,1.9898

738.0060,1.8295,1.9538

739.0070,1.8255,1.9230

740.0070,1.8236,1.9075

741.0060,1.8246,1.9230

742.0060,1.8226,1.9075

743.0060,1.8265,1.9435

744.0060,1.8275,1.9333

745.0060,1.8275,1.9178

746.0060,1.8305,1.9435

747.0060,1.8255,1.9384

748.0070,1.8226,1.9230

749.0060,1.8236,1.9333

750.0060,1.8260,1.9333

751.0060,1.8275,1.9384

752.0060,1.8280,1.9127

753.0070,1.8265,1.9281

754.0060,1.8250,1.9178

755.0060,1.8260,1.9281

756.0070,1.8236,1.9178

757.0060,1.8231,1.9333

758.0060,1.8236,1.9281

759.0060,1.8236,1.9333

760.0060,1.8226,1.9230

761.0060,1.8186,1.8972

762.0060,1.8186,1.9127

763.0070,1.8166,1.9075

764.0060,1.8161,1.9127

765.0060,1.8136,1.9024

766.0070,1.8171,1.9538

767.0060,1.8146,1.9075

768.0060,1.8171,1.9538

769.0060,1.8176,1.9384

770.0060,1.8176,1.9230

771.0060,1.8216,1.9384

772.0060,1.8206,1.9024

773.0060,1.8221,1.9230

774.0060,1.8241,1.9333

775.0060,1.8265,1.9281

776.0060,1.8216,1.9024

777.0060,1.8221,1.9127

778.0060,1.8211,1.9435

779.0060,1.8201,1.9281

780.0060,1.8201,1.9230

781.0060,1.8186,1.9230

782.0080,1.8206,1.9230

783.0060,1.8231,1.9487

784.0060,1.8201,1.9024

785.0060,1.8201,1.9281

786.0060,1.8246,1.9487

787.0070,1.8246,1.9127

788.0060,1.8221,1.9178

789.0060,1.8196,1.9024

790.0060,1.8201,1.9281

791.0060,1.8196,1.9178

792.0060,1.8176,1.9024

793.0080,1.8161,1.9333

794.0060,1.8201,1.9435

795.0060,1.8201,1.9281

796.0070,1.8161,1.9075

797.0060,1.8161,1.9127

798.0070,1.8146,1.9024

799.0070,1.8226,1.9847

800.0060,1.8231,1.9333

801.0060,1.8226,1.9127

802.0060,1.8250,1.9281

803.0060,1.8231,1.9127

804.0060,1.8201,1.9127

805.0060,1.8181,1.9075

806.0060,1.8201,1.9281

807.0060,1.8226,1.9384

808.0070,1.8231,1.9075

809.0060,1.8161,1.9127

810.0060,1.8166,1.9384

811.0060,1.8166,1.9127

812.0060,1.8146,1.9075

813.0060,1.8171,1.9384

814.0060,1.8201,1.9435

815.0060,1.8216,1.9230

816.0060,1.8181,1.8921

817.0060,1.8171,1.9281

818.0060,1.8196,1.9333

819.0060,1.8211,1.9281

820.0060,1.8206,1.9333

821.0060,1.8221,1.9281

822.0060,1.8231,1.9178

823.0060,1.8201,1.9075

824.0070,1.8161,1.9024

825.0060,1.8166,1.9281

826.0070,1.8186,1.9127

827.0060,1.8166,1.9075

828.0060,1.8136,1.9024

829.0060,1.8126,1.9178

830.0060,1.8116,1.9230

831.0060,1.8091,1.9024

832.0060,1.8072,1.8972

833.0060,1.8091,1.9281

834.0060,1.8096,1.9075

835.0070,1.8096,1.9281

836.0060,1.8081,1.8972

837.0060,1.8096,1.9230

838.0070,1.8126,1.9333

839.0060,1.8131,1.9230

840.0070,1.8106,1.8972

841.0060,1.8146,1.9435

842.0060,1.8136,1.8869

843.0060,1.8116,1.9075

844.0060,1.8136,1.9281

845.0060,1.8141,1.9333

846.0060,1.8161,1.9178

847.0070,1.8151,1.9127

848.0060,1.8116,1.8972

849.0070,1.8121,1.9281

850.0060,1.8141,1.9178

851.0060,1.8101,1.9024

852.0060,1.8146,1.9333

853.0060,1.8156,1.9178

854.0070,1.8141,1.9127

855.0060,1.8106,1.8972

856.0060,1.8111,1.9230

857.0060,1.8106,1.9075

858.0060,1.8136,1.9281

859.0070,1.8121,1.9127

860.0060,1.8121,1.9178

861.0060,1.8156,1.9384

862.0060,1.8121,1.8972

863.0060,1.8116,1.9127

864.0060,1.8121,1.9178

865.0060,1.8136,1.9127

866.0070,1.8121,1.9075

867.0060,1.8136,1.9230

868.0070,1.8136,1.9281

869.0060,1.8206,1.9847

870.0070,1.8216,1.9281

871.0060,1.8196,1.9178

872.0070,1.8260,1.9641

873.0070,1.8275,1.9281

874.0060,1.8285,1.9281

875.0060,1.8290,1.9178

876.0060,1.8305,1.9230

877.0060,1.8315,1.9333

878.0070,1.8320,1.9333

879.0060,1.8236,1.8972

880.0060,1.8231,1.9230

881.0060,1.8246,1.9333

882.0060,1.8216,1.9333

883.0060,1.8181,1.8921

884.0060,1.8171,1.9178

885.0060,1.8176,1.9230

886.0060,1.8166,1.9127

887.0060,1.8161,1.9281

888.0070,1.8136,1.9075

889.0060,1.8156,1.9178

890.0060,1.8161,1.9281

891.0060,1.8156,1.9281

892.0060,1.8151,1.9281

893.0060,1.8171,1.9127

894.0060,1.8171,1.9178

895.0070,1.8171,1.9230

896.0060,1.8146,1.8869

897.0060,1.8131,1.9127

898.0060,1.8161,1.9384

899.0070,1.8161,1.9178

900.0060,1.8136,1.9024

901.0060,1.8121,1.9127

902.0060,1.8116,1.9230

903.0060,1.8136,1.9333

904.0060,1.8141,1.9230

905.0060,1.8141,1.9230

906.0060,1.8171,1.9178

907.0070,1.8201,1.9435

908.0060,1.8181,1.9178

909.0060,1.8166,1.9024

910.0070,1.8186,1.9230

911.0060,1.8176,1.9024

912.0060,1.8161,1.9075

913.0060,1.8151,1.9230

914.0070,1.8136,1.9075

915.0060,1.8151,1.9384

916.0060,1.8146,1.9127

917.0060,1.8136,1.9333

918.0060,1.8136,1.9178

919.0070,1.8156,1.9230

920.0060,1.8166,1.9333

921.0060,1.8176,1.9127

922.0060,1.8166,1.8972

923.0060,1.8196,1.9538

924.0060,1.8231,1.9435

925.0060,1.8211,1.9178

926.0060,1.8221,1.9230

927.0070,1.8226,1.9384

928.0060,1.8211,1.9024

929.0060,1.8211,1.9230

930.0060,1.8186,1.9075

931.0070,1.8216,1.9435

932.0060,1.8246,1.9281

933.0060,1.8226,1.9333

934.0060,1.8216,1.9333

935.0060,1.8211,1.9127

936.0060,1.8221,1.9333

937.0060,1.8206,1.9230

938.0070,1.8211,1.9075

939.0060,1.8216,1.9281

940.0060,1.8231,1.9230

941.0060,1.8216,1.9281

942.0060,1.8206,1.9178

943.0060,1.8206,1.9333

944.0060,1.8196,1.9230

945.0060,1.8156,1.8715

946.0060,1.8121,1.8972

947.0070,1.8096,1.8972

948.0060,1.8101,1.9127

949.0060,1.8101,1.9281

950.0060,1.8111,1.9333

951.0060,1.8116,1.9333

952.0060,1.8126,1.9281

953.0060,1.8121,1.9281

954.0060,1.8116,1.9178

955.0060,1.8161,1.9178

956.0060,1.8171,1.9075

957.0060,1.8196,1.9230

958.0060,1.8226,1.9435

959.0060,1.8226,1.9281

960.0060,1.8216,1.9230

961.0070,1.8206,1.9230

962.0070,1.8216,1.9384

963.0060,1.8211,1.9230

964.0060,1.8216,1.9230

965.0060,1.8211,1.9127

966.0070,1.8206,1.9024

967.0060,1.8226,1.9435

968.0060,1.8186,1.9024

969.0060,1.8176,1.9178

970.0060,1.8156,1.9024

971.0060,1.8166,1.9333

972.0060,1.8131,1.9024

973.0060,1.8131,1.9230

974.0060,1.8126,1.9178

975.0060,1.8146,1.9333

976.0070,1.8151,1.9075

977.0060,1.8121,1.9127

978.0060,1.8141,1.9230

979.0060,1.8161,1.9384

980.0060,1.8176,1.9178

981.0060,1.8191,1.9487

982.0060,1.8211,1.9230

983.0070,1.8216,1.9281

984.0060,1.8250,1.9538

985.0060,1.8231,1.9127

986.0060,1.8260,1.9384

987.0070,1.8265,1.9178

988.0060,1.8250,1.9075

989.0060,1.8241,1.9281

990.0070,1.8300,1.9796

991.0060,1.8275,1.9230

992.0060,1.8285,1.9333

993.0060,1.8290,1.9333

994.0060,1.8236,1.8972

995.0060,1.8241,1.9178

996.0060,1.8221,1.9178

997.0060,1.8221,1.9178

998.0060,1.8231,1.9178

999.0060,1.8221,1.9178

1000.0060,1.8166,1.9230

1001.0070,1.8161,1.9178

1002.0060,1.8146,1.9178

1003.0070,1.8141,1.9281

1004.0060,1.8166,1.9230

1005.0070,1.8186,1.9384

1006.0070,1.8201,1.9333

1007.0060,1.8206,1.9230

1008.0060,1.8211,1.9230

1009.0060,1.8221,1.9281

1010.0060,1.8211,1.9127

1011.0080,1.8211,1.9178

1012.0060,1.8201,1.9075

1013.0060,1.8201,1.9281

1014.0060,1.8216,1.9384

1015.0060,1.8206,1.9281

1016.0060,1.8221,1.9487

1017.0060,1.8226,1.9281

1018.0060,1.8221,1.9178

1019.0060,1.8186,1.8921

1020.0060,1.8201,1.9281

1021.0070,1.8201,1.9178

1022.0060,1.8216,1.9230

1023.0060,1.8176,1.8869

1024.0060,1.8171,1.9333

1025.0060,1.8146,1.9024

1026.0060,1.8111,1.9127

1027.0060,1.8116,1.9333

1028.0060,1.8111,1.9127

1029.0060,1.8151,1.9333

1030.0060,1.8151,1.9281

1031.0060,1.8161,1.9281

1032.0060,1.8151,1.9127

1033.0060,1.8176,1.9127

1034.0060,1.8086,1.8406

1035.0070,1.8091,1.9075

1036.0060,1.8096,1.9178

1037.0060,1.8086,1.9230

1038.0060,1.8096,1.9230

1039.0060,1.8091,1.9281

1040.0070,1.8077,1.9127

1041.0060,1.8067,1.9178

1042.0070,1.8081,1.9281

1043.0060,1.8081,1.9127

1044.0060,1.8166,1.9281

1045.0060,1.8196,1.9384

1046.0060,1.8206,1.9281

1047.0060,1.8216,1.9333

1048.0060,1.8166,1.8715

1049.0060,1.8171,1.9333

1050.0060,1.8196,1.9384

1051.0060,1.8191,1.9127

1052.0060,1.8161,1.8972

1053.0060,1.8181,1.9333

1054.0070,1.8161,1.9075

1055.0060,1.8131,1.9075

1056.0060,1.8111,1.9075

1057.0060,1.8106,1.9281

1058.0060,1.8151,1.9178

1059.0060,1.8096,1.8767

1060.0060,1.8057,1.8972

1061.0060,1.8086,1.9435

1062.0060,1.8146,1.9590

1063.0060,1.8131,1.9178

1064.0060,1.8131,1.9075

1065.0060,1.8136,1.9127

1066.0060,1.8146,1.9178

1067.0060,1.8131,1.9127

1068.0060,1.8131,1.9178

1069.0060,1.8186,1.9333

1070.0070,1.8211,1.9230

1071.0060,1.8196,1.9281

1072.0060,1.8176,1.9384

1073.0070,1.8166,1.9075

1074.0070,1.8186,1.9281

1075.0060,1.8201,1.9281

1076.0060,1.8216,1.9333

1077.0060,1.8221,1.9178

1078.0060,1.8226,1.9230

1079.0060,1.8206,1.9127

1080.0060,1.8216,1.9333

1081.0060,1.8216,1.9281

1082.0060,1.8206,1.9281

1083.0060,1.8211,1.9127

1084.0070,1.8206,1.9230

1085.0060,1.8201,1.9230

1086.0060,1.8196,1.9281

1087.0060,1.8201,1.9230

1088.0060,1.8186,1.9075

1089.0060,1.8186,1.9127

1090.0060,1.8216,1.9641

1091.0070,1.8206,1.9178

1092.0060,1.8216,1.9384

1093.0060,1.8226,1.9230

1094.0060,1.8226,1.9230

1095.0060,1.8290,1.9898

1096.0060,1.8305,1.9435

1097.0060,1.8330,1.9487

1098.0060,1.8360,1.9384

1099.0070,1.8335,1.8869

1100.0060,1.8295,1.9230

1101.0060,1.8330,1.9538

1102.0060,1.8300,1.9075

1103.0060,1.8300,1.9230

1104.0070,1.8325,1.9487

1105.0060,1.8265,1.9281

1106.0060,1.8231,1.9075

1107.0070,1.8196,1.9127

1108.0070,1.8171,1.9127

1109.0060,1.8161,1.8767

1110.0060,1.8101,1.8612

1111.0060,1.8086,1.9384

1112.0060,1.8081,1.9024

1113.0070,1.8091,1.9333

1114.0060,1.8022,1.8767

1115.0060,1.8037,1.9435

1116.0060,1.8052,1.9230

1117.0060,1.8072,1.9333

1118.0060,1.8062,1.9024

1119.0060,1.8111,1.9281

1120.0070,1.8171,1.9230

1121.0060,1.8151,1.9178

1122.0060,1.8176,1.9281

1123.0060,1.8146,1.9024

1124.0060,1.8201,1.9333

1125.0060,1.8176,1.9178

1126.0070,1.8186,1.9333

1127.0060,1.8171,1.9178

1128.0060,1.8231,1.9641

1129.0060,1.8136,1.8303

1130.0060,1.8141,1.9281

1131.0070,1.8136,1.9127

1132.0060,1.8121,1.9127

1133.0060,1.8136,1.9178

1134.0060,1.8096,1.8921

1135.0060,1.8111,1.9333

1136.0060,1.8096,1.9178

1137.0060,1.8101,1.9230

1138.0060,1.8057,1.9178

1139.0060,1.8126,1.9024

1140.0060,1.8106,1.9075

1141.0060,1.8126,1.9333

1142.0060,1.8116,1.9024

1143.0060,1.8121,1.9230

1144.0060,1.8131,1.9024

1145.0060,1.8111,1.9127

1146.0060,1.8121,1.9281

1147.0060,1.8096,1.8972

1148.0060,1.8081,1.9024

1149.0060,1.8106,1.9281

1150.0060,1.8106,1.9075

1151.0060,1.8111,1.9384

1152.0060,1.8106,1.8972

1153.0070,1.8091,1.9075

1154.0060,1.8106,1.9178

1155.0060,1.8111,1.9178

1156.0060,1.8111,1.9281

1157.0070,1.8151,1.9384

1158.0070,1.8181,1.9333

1159.0060,1.8156,1.9024

1160.0060,1.8171,1.9230

1161.0070,1.8136,1.9024

1162.0060,1.8146,1.9075

1163.0060,1.8141,1.9024

1164.0060,1.8116,1.8921

1165.0060,1.8221,2.0259

1166.0060,1.8226,1.9333

1167.0060,1.8231,1.9435

1168.0070,1.8216,1.9178

1169.0060,1.8221,1.9075

1170.0060,1.8206,1.9075

1171.0060,1.8206,1.9024

1172.0060,1.8201,1.9024

1173.0070,1.8221,1.9230

1174.0060,1.8265,1.9384

1175.0060,1.8141,1.8972

1176.0060,1.8161,1.9538

1177.0060,1.8151,1.9333

1178.0060,1.8156,1.9230

1179.0060,1.8146,1.8972

1180.0060,1.8136,1.8972

1181.0060,1.8151,1.9178

1182.0060,1.8126,1.8767

1183.0060,1.8136,1.9333

1184.0060,1.8116,1.9178

1185.0060,1.8136,1.9178

1186.0060,1.8106,1.9230

1187.0060,1.8091,1.9178

1188.0060,1.8052,1.8818

1189.0060,1.8072,1.9178

1190.0060,1.8077,1.9024

1191.0060,1.8116,1.9590

1192.0060,1.8161,1.9230

1193.0060,1.8176,1.9487

1194.0060,1.8161,1.9024

1195.0060,1.8191,1.9487

1196.0060,1.8191,1.9230

1197.0060,1.8201,1.9281

1198.0060,1.8241,1.9230

1199.0060,1.8285,1.9641

1200.0060,1.8340,1.9590

1201.0060,1.8285,1.9024

1202.0060,1.8265,1.9024

1203.0060,1.8226,1.9075

1204.0060,1.8231,1.9075

1205.0060,1.8211,1.9281

1206.0060,1.8216,1.9281

1207.0070,1.8191,1.9024

1208.0060,1.8196,1.9281

1209.0060,1.8131,1.8972

1210.0060,1.8101,1.9281

1211.0070,1.8091,1.8921

1212.0060,1.8106,1.9178

1213.0060,1.8106,1.9075

1214.0060,1.8121,1.9230

1215.0060,1.8111,1.9178

1216.0070,1.8086,1.9024

1217.0060,1.8111,1.9281

1218.0060,1.8091,1.9075

1219.0080,1.8111,1.9178

1220.0060,1.8101,1.9178

1221.0060,1.8131,1.9230

1222.0060,1.8126,1.9127

1223.0060,1.8131,1.9127

1224.0060,1.8121,1.9127

1225.0060,1.8116,1.9127

1226.0060,1.8126,1.9127

1227.0060,1.8106,1.9075

1228.0060,1.8116,1.9178

1229.0060,1.8086,1.8869

1230.0060,1.8081,1.9127

1231.0070,1.8096,1.9384

1232.0060,1.8096,1.9127

1233.0060,1.8096,1.9127

1234.0060,1.8106,1.9230

1235.0070,1.8101,1.9075

1236.0060,1.8101,1.9127

1237.0070,1.8101,1.9075

1238.0060,1.8126,1.9435

1239.0060,1.8166,1.9281

1240.0070,1.8211,1.9590

1241.0060,1.8181,1.9075

1242.0070,1.8176,1.9075

1243.0070,1.8191,1.9281

1244.0060,1.8206,1.9384

1245.0060,1.8211,1.9127

1246.0060,1.8201,1.9024

1247.0060,1.8216,1.9230

1248.0060,1.8216,1.9435

1249.0060,1.8221,1.9333

1250.0060,1.8221,1.9590

1251.0060,1.8201,1.8869

1252.0060,1.8216,1.9230

1253.0060,1.8176,1.8869

1254.0070,1.8161,1.9230

1255.0060,1.8166,1.9178

1256.0060,1.8166,1.9024

1257.0060,1.8131,1.8869

1258.0060,1.8086,1.8972

1259.0060,1.8077,1.9230

1260.0070,1.8047,1.9281

1261.0060,1.8077,1.9178

1262.0060,1.8052,1.8972

1263.0060,1.8081,1.9178

1264.0060,1.8081,1.9230

1265.0060,1.8111,1.9487

1266.0060,1.8106,1.8972

1267.0060,1.8116,1.8972

1268.0060,1.8146,1.9281

1269.0060,1.8116,1.8921

1270.0060,1.8116,1.9281

1271.0060,1.8121,1.9230

1272.0060,1.8131,1.9075

1273.0060,1.8121,1.9075

1274.0070,1.8126,1.9281

1275.0060,1.8096,1.9178

1276.0070,1.8106,1.9075

1277.0060,1.8141,1.9333

1278.0060,1.8146,1.9333

1279.0060,1.8156,1.9024

1280.0060,1.8156,1.9281

1281.0060,1.8146,1.9127

1282.0060,1.8156,1.9178

1283.0060,1.8186,1.9384

1284.0060,1.8171,1.9127

1285.0060,1.8171,1.9178

1286.0060,1.8186,1.9230

1287.0070,1.8191,1.9384

1288.0060,1.8191,1.9333

1289.0060,1.8196,1.9075

1290.0060,1.8206,1.9384

1291.0060,1.8231,1.9384

1292.0060,1.8250,1.9384

1293.0060,1.8241,1.9281

1294.0070,1.8216,1.8869

1295.0060,1.8201,1.9024

1296.0060,1.8201,1.9230

1297.0060,1.8201,1.9384

1298.0060,1.8191,1.9230

1299.0070,1.8191,1.9075

1300.0060,1.8191,1.9384

1301.0060,1.8156,1.9024

1302.0060,1.8116,1.8972

1303.0060,1.8121,1.9333

1304.0060,1.8201,1.9693

1305.0060,1.8196,1.8972

1306.0060,1.8186,1.9127

1307.0070,1.8156,1.9075

1308.0060,1.8161,1.9281

1309.0070,1.8171,1.9178

1310.0070,1.8156,1.9230

1311.0060,1.8166,1.9127

1312.0060,1.8181,1.9127

1313.0060,1.8226,1.9796

1314.0070,1.8161,1.9024

1315.0060,1.8216,1.9538

1316.0060,1.8196,1.8921

1317.0060,1.8191,1.9024

1318.0060,1.8191,1.9281

1319.0060,1.8226,1.9538

1320.0060,1.8221,1.9178

1321.0070,1.8216,1.9075

1322.0080,1.8221,1.9178

1323.0060,1.8156,1.9127

1324.0060,1.8166,1.9127

1325.0060,1.8121,1.9075

1326.0060,1.8121,1.8921

1327.0060,1.8136,1.9178

1328.0060,1.8121,1.9127

1329.0060,1.8086,1.9178

1330.0060,1.8081,1.9127

1331.0060,1.8077,1.9024

1332.0060,1.8111,1.9538

1333.0070,1.8111,1.9127

1334.0070,1.8111,1.9127

1335.0060,1.8116,1.9127

1336.0070,1.8131,1.9075

1337.0060,1.8141,1.9281

1338.0060,1.8151,1.9230

1339.0060,1.8151,1.9178

1340.0060,1.8146,1.9075

1341.0060,1.8156,1.9127

1342.0060,1.8116,1.9127

1343.0060,1.8136,1.9333

1344.0070,1.8161,1.9384

1345.0070,1.8136,1.8869

1346.0060,1.8136,1.9075

1347.0060,1.8141,1.9333

1348.0060,1.8116,1.8972

1349.0060,1.8141,1.9435

1350.0070,1.8156,1.9230

1351.0060,1.8151,1.9075

1352.0060,1.8166,1.9281

1353.0060,1.8166,1.9333

1354.0060,1.8141,1.9127

1355.0060,1.8166,1.9127

1356.0060,1.8176,1.9178

1357.0060,1.8151,1.9075

1358.0070,1.8181,1.9281

1359.0060,1.8141,1.9024

1360.0060,1.8126,1.9075

1361.0060,1.8116,1.8972

1362.0060,1.8101,1.9127

1363.0060,1.8077,1.9075

1364.0060,1.8037,1.8715

1365.0060,1.8047,1.9230

1366.0060,1.8067,1.9384

1367.0060,1.8086,1.9281

1368.0060,1.8057,1.8972

1369.0060,1.8077,1.9230

1370.0060,1.8086,1.9178

1371.0060,1.8131,1.9435

1372.0060,1.8136,1.9178

1373.0060,1.8146,1.9178

1374.0060,1.8196,1.9230

1375.0070,1.8186,1.9127

1376.0060,1.8166,1.9178

1377.0060,1.8151,1.9127

1378.0070,1.8156,1.9024

1379.0070,1.8171,1.9384

1380.0060,1.8176,1.9230

1381.0060,1.8121,1.8869

1382.0060,1.8106,1.9024

1383.0060,1.8111,1.9230

1384.0060,1.8111,1.9230

1385.0060,1.8106,1.9075

1386.0060,1.8106,1.9178

1387.0060,1.8126,1.9333

1388.0070,1.8146,1.9230

1389.0060,1.8161,1.9538

1390.0070,1.8151,1.9127

1391.0070,1.8171,1.9075

1392.0060,1.8186,1.9178

1393.0060,1.8186,1.9230

1394.0070,1.8191,1.9281

1395.0060,1.8255,1.9744

1396.0060,1.8260,1.9230

1397.0060,1.8246,1.9178

1398.0060,1.8246,1.9230

1399.0060,1.8176,1.8818

1400.0070,1.8186,1.9230

1401.0070,1.8206,1.9281

1402.0060,1.8211,1.9230

1403.0060,1.8206,1.9178

1404.0060,1.8211,1.9333

1405.0060,1.8166,1.9281

1406.0060,1.8146,1.9024

1407.0060,1.8156,1.9281

1408.0060,1.8151,1.9178

1409.0060,1.8191,1.9230

1410.0060,1.8206,1.9384

1411.0060,1.8206,1.9281

1412.0060,1.8201,1.9178

1413.0070,1.8216,1.9333

1414.0060,1.8201,1.9178

1415.0060,1.8181,1.9075

1416.0060,1.8171,1.8921

1417.0060,1.8161,1.9178

1418.0070,1.8161,1.9178

1419.0060,1.8166,1.9281

1420.0070,1.8126,1.8972

1421.0060,1.8106,1.9075

1422.0070,1.8096,1.9075

1423.0060,1.8106,1.9435

1424.0060,1.8136,1.9487

1425.0060,1.8141,1.9127

1426.0060,1.8201,1.9538

1427.0070,1.8196,1.9127

1428.0060,1.8161,1.8818

1429.0060,1.8131,1.8972

1430.0060,1.8151,1.9178

1431.0060,1.8166,1.9230

1432.0060,1.8161,1.9024

1433.0060,1.8151,1.9333

1434.0070,1.8116,1.9127

1435.0060,1.8111,1.9075

1436.0060,1.8086,1.9281

1437.0060,1.8086,1.9127

1438.0060,1.8126,1.9230

1439.0060,1.8161,1.9333

1440.0060,1.8211,1.9693

1441.0060,1.8206,1.9178

1442.0070,1.8216,1.9127

1443.0070,1.8186,1.9024

1444.0060,1.8191,1.9178

1445.0060,1.8211,1.9281

1446.0060,1.8196,1.9127

1447.0060,1.8221,1.9384

1448.0060,1.8236,1.9384

1449.0060,1.8250,1.9487

1450.0060,1.8186,1.9024

1451.0070,1.8171,1.9024

1452.0060,1.8171,1.9127

1453.0060,1.8191,1.9230

1454.0060,1.8176,1.9024

1455.0060,1.8156,1.9075

1456.0060,1.8181,1.9384

1457.0070,1.8156,1.9127

1458.0060,1.8131,1.9127

1459.0060,1.8156,1.9744

1460.0060,1.8166,1.9127

1461.0060,1.8211,1.9487

1462.0060,1.8226,1.9281

1463.0060,1.8221,1.9178

1464.0070,1.8265,1.9487

1465.0060,1.8265,1.9075

1466.0060,1.8101,1.7686

1467.0060,1.8106,1.9178

1468.0060,1.8111,1.9178

1469.0060,1.8077,1.9384

1470.0060,1.8096,1.9333

1471.0060,1.8062,1.9127

1472.0060,1.8047,1.9127

1473.0060,1.8037,1.9075

1474.0060,1.8037,1.9487

1475.0070,1.8062,1.9333

1476.0060,1.8221,1.9333

1477.0060,1.8216,1.9127

1478.0060,1.8211,1.9127

1479.0060,1.8171,1.8972

1480.0060,1.8156,1.9178

1481.0070,1.8166,1.9230

1482.0070,1.8166,1.9127

1483.0060,1.8181,1.9230

1484.0060,1.8171,1.9384

1485.0060,1.8156,1.9178

1486.0060,1.8141,1.9178

1487.0060,1.8141,1.9127

1488.0060,1.8141,1.9127

1489.0060,1.8166,1.9230

1490.0060,1.8166,1.9178

1491.0070,1.8131,1.8869

1492.0070,1.8141,1.9230

1493.0060,1.8161,1.9435

1494.0060,1.8131,1.9075

1495.0060,1.8161,1.9487

1496.0070,1.8146,1.9024

1497.0070,1.8131,1.8972

1498.0070,1.8131,1.9127

1499.0060,1.8136,1.9281

1500.0070,1.8072,1.8509

1501.0060,1.8077,1.8921

1502.0060,1.8086,1.9333

1503.0060,1.8042,1.8972

1504.0060,1.8067,1.9333

1505.0060,1.8057,1.9384

1506.0060,1.8086,1.9333

1507.0070,1.8131,1.9435

1508.0070,1.8136,1.9178

1509.0060,1.8131,1.9230

1510.0060,1.8196,1.9178

1511.0060,1.8226,1.9230

1512.0060,1.8216,1.9230

1513.0060,1.8231,1.9127

1514.0060,1.8221,1.9230

1515.0060,1.8206,1.9230

1516.0070,1.8176,1.9024

1517.0060,1.8151,1.9178

1518.0060,1.8141,1.9075

1519.0070,1.8136,1.9178

1520.0060,1.8151,1.9333

1521.0060,1.8156,1.9281

1522.0060,1.8161,1.9281

1523.0060,1.8176,1.9281

1524.0080,1.8186,1.9333

1525.0060,1.8171,1.9075

1526.0060,1.8221,1.9538

1527.0060,1.8231,1.9281

1528.0060,1.8265,1.9435

1529.0060,1.8325,1.9796

1530.0070,1.8290,1.8972

1531.0060,1.8270,1.9075

1532.0060,1.8270,1.9281

1533.0070,1.8221,1.8767

1534.0060,1.8231,1.9435

1535.0060,1.8231,1.9075

1536.0060,1.8196,1.9178

1537.0060,1.8236,1.9693

1538.0060,1.8211,1.9178

1539.0060,1.8151,1.9178

1540.0060,1.8171,1.9178

1541.0060,1.8151,1.8869

1542.0060,1.8121,1.8972

1543.0060,1.8136,1.8921

1544.0060,1.8111,1.9178

1545.0060,1.8121,1.9178

1546.0070,1.8131,1.9281

1547.0060,1.8081,1.9178

1548.0060,1.8106,1.9435

1549.0060,1.8106,1.9178

1550.0060,1.8111,1.9230

1551.0060,1.8151,1.9281

1552.0060,1.8221,1.9693

1553.0060,1.8255,1.9281

1554.0070,1.8255,1.9178

1555.0060,1.8236,1.8972

1556.0060,1.8221,1.9127

1557.0060,1.8226,1.9230

1558.0060,1.8181,1.8972

1559.0070,1.8216,1.9538

1560.0070,1.8216,1.9230

1561.0060,1.8206,1.9178

1562.0060,1.8151,1.9127

1563.0070,1.8086,1.8612

1564.0060,1.8121,1.9538

1565.0070,1.8121,1.8972

1566.0060,1.8126,1.9178

1567.0060,1.8136,1.9333

1568.0060,1.8181,1.9435

1569.0060,1.8181,1.9538

1570.0060,1.8196,1.9384

1571.0060,1.8196,1.9178

1572.0060,1.8211,1.9281

1573.0060,1.8241,1.8921

1574.0070,1.8211,1.9230

1575.0060,1.8246,1.9333

1576.0060,1.8260,1.9333

1577.0060,1.8196,1.8664

1578.0060,1.8221,1.9693

1579.0060,1.8196,1.9281

1580.0070,1.8191,1.9333

1581.0060,1.8176,1.9024

1582.0070,1.8156,1.9075

1583.0060,1.8196,1.9333

1584.0060,1.8186,1.9127

1585.0060,1.8176,1.9230

1586.0060,1.8156,1.9127

1587.0060,1.8246,1.9590

1588.0060,1.8191,1.9127

1589.0060,1.8186,1.9230

1590.0060,1.8191,1.9384

1591.0060,1.8176,1.8869

1592.0060,1.8141,1.8715

1593.0060,1.8101,1.8921

1594.0060,1.8101,1.9127

1595.0060,1.8101,1.9230

1596.0060,1.8101,1.9127

1597.0070,1.8062,1.9178

1598.0070,1.8037,1.8869

1599.0060,1.8042,1.9281

1600.0060,1.8022,1.9178

1601.0060,1.8057,1.9230

1602.0060,1.8121,1.9384

1603.0060,1.8151,1.9230

1604.0060,1.8156,1.9178

1605.0060,1.8151,1.9178

1606.0060,1.8151,1.9127

1607.0060,1.8131,1.8972

1608.0060,1.8146,1.9024

1609.0060,1.8166,1.9487

1610.0060,1.8176,1.9281

1611.0060,1.8176,1.9230

1612.0060,1.8146,1.9075

1613.0060,1.8221,2.0001

1614.0060,1.8211,1.9075

1615.0060,1.8216,1.9230

1616.0060,1.8216,1.9127

1617.0060,1.8231,1.9127

1618.0060,1.8241,1.9127

1619.0060,1.8206,1.9127

1620.0060,1.8186,1.9075

1621.0060,1.8196,1.9333

1622.0070,1.8216,1.9281

1623.0070,1.8141,1.9230

1624.0060,1.8171,1.9384

1625.0060,1.8156,1.9075

1626.0060,1.8121,1.8767

1627.0060,1.8116,1.9075

1628.0060,1.8106,1.9024

1629.0060,1.8111,1.9178

1630.0060,1.8111,1.9075

1631.0070,1.8106,1.9281

1632.0060,1.8106,1.9281

1633.0060,1.8091,1.9075

1634.0070,1.8052,1.8972

1635.0060,1.8057,1.9127

1636.0060,1.8096,1.9178

1637.0060,1.8096,1.9075

1638.0060,1.8091,1.8972

1639.0060,1.8096,1.9230

1640.0060,1.8101,1.9127

1641.0060,1.8106,1.9333

1642.0060,1.8111,1.9333

1643.0060,1.8101,1.8972

1644.0060,1.8111,1.9075

1645.0070,1.8106,1.9075

1646.0070,1.8136,1.9487

1647.0060,1.8136,1.9075

1648.0060,1.8171,1.9333

1649.0060,1.8176,1.9281

1650.0060,1.8191,1.9281

1651.0060,1.8176,1.9178

1652.0060,1.8181,1.9384

1653.0060,1.8201,1.9178

1654.0060,1.8231,1.9384

1655.0060,1.8255,1.9333

1656.0060,1.8206,1.8972

1657.0060,1.8231,1.9333

1658.0060,1.8231,1.9333

1659.0060,1.8226,1.9230

1660.0060,1.8201,1.9024

1661.0070,1.8181,1.8972

1662.0070,1.8121,1.8767

1663.0070,1.8126,1.9230

1664.0060,1.8221,2.0362

1665.0060,1.8196,1.9075

1666.0060,1.8226,1.9281

1667.0060,1.8221,1.9281

1668.0060,1.8206,1.9178

1669.0060,1.8196,1.9127

1670.0060,1.8196,1.9024

1671.0060,1.8226,1.9281

1672.0060,1.8255,1.9075

1673.0060,1.8255,1.9230

1674.0070,1.8156,1.9333

1675.0070,1.8136,1.8869

1676.0060,1.8136,1.9281

1677.0060,1.8141,1.9333

1678.0060,1.8151,1.9281

1679.0060,1.8146,1.9075

1680.0060,1.8151,1.9075

1681.0060,1.8151,1.9281

1682.0060,1.8156,1.9127

1683.0060,1.8156,1.9230

1684.0060,1.8106,1.8818

1685.0060,1.8131,1.9127

1686.0060,1.8141,1.9384

1687.0060,1.8106,1.8972

1688.0060,1.8116,1.9384

1689.0060,1.8131,1.9230

1690.0060,1.8126,1.9024

1691.0060,1.8131,1.9333

1692.0060,1.8131,1.9127

1693.0060,1.8121,1.9127

1694.0060,1.8171,1.9333

1695.0060,1.8181,1.9230

1696.0070,1.8156,1.9127

1697.0060,1.8181,1.9230

1698.0060,1.8176,1.9333

1699.0060,1.8176,1.9230

1700.0060,1.8196,1.9230

1701.0060,1.8176,1.9127

1702.0070,1.8166,1.9024

1703.0060,1.8166,1.9127

1704.0060,1.8161,1.9281

1705.0070,1.8151,1.9127

1706.0060,1.8171,1.9333

1707.0060,1.8156,1.9075

1708.0080,1.8151,1.9281

1709.0060,1.8126,1.8972

1710.0060,1.8171,1.9693

1711.0060,1.8176,1.9178

1712.0060,1.8181,1.9075

1713.0060,1.8176,1.9075

1714.0060,1.8176,1.9281

1715.0070,1.8176,1.9127

1716.0060,1.8156,1.9127

1717.0060,1.8146,1.8972

1718.0060,1.8146,1.9281

1719.0060,1.8171,1.9230

1720.0060,1.8106,1.9024

1721.0060,1.8111,1.9230

1722.0060,1.8136,1.9333

1723.0060,1.8156,1.9281

1724.0060,1.8126,1.8972

1725.0060,1.8116,1.9024

1726.0060,1.8161,1.9590

1727.0060,1.8186,1.9230

1728.0060,1.8191,1.9333

1729.0070,1.8191,1.9230

1730.0060,1.8196,1.9075

1731.0060,1.8166,1.8921

1732.0060,1.8131,1.8972

1733.0060,1.8096,1.8921

1734.0060,1.8096,1.8972

1735.0060,1.8146,1.9538

1736.0060,1.8111,1.9230

1737.0060,1.8111,1.9230

1738.0060,1.8086,1.9075

1739.0060,1.8077,1.9127

1740.0060,1.8081,1.9127

1741.0060,1.8106,1.9178

1742.0060,1.8141,1.9333

1743.0060,1.8161,1.9127

1744.0070,1.8191,1.9281

1745.0070,1.8111,1.8715

1746.0060,1.8096,1.9075

1747.0060,1.8067,1.8921

1748.0060,1.8081,1.9230

1749.0060,1.8216,2.0516

1750.0080,1.8216,1.9127

1751.0060,1.8201,1.9024

1752.0060,1.8211,1.9435

1753.0070,1.8216,1.9178

1754.0060,1.8191,1.9024

1755.0080,1.8246,1.9281

1756.0060,1.8255,1.9178

1757.0060,1.8265,1.9024

1758.0060,1.8260,1.9178

1759.0060,1.8146,1.9333

1760.0060,1.8156,1.9230

1761.0070,1.8166,1.9127

1762.0060,1.8131,1.9075

1763.0060,1.8121,1.9075

1764.0060,1.8141,1.9230

1765.0070,1.8131,1.9178

1766.0060,1.8131,1.9178

1767.0060,1.8146,1.9178

1768.0060,1.8141,1.9127

1769.0060,1.8101,1.8921

1770.0060,1.8096,1.9178

1771.0060,1.8111,1.9281

1772.0060,1.8131,1.9281

1773.0060,1.8151,1.9281

1774.0060,1.8131,1.9024

1775.0060,1.8116,1.9024

1776.0060,1.8121,1.9230

1777.0060,1.8116,1.9127

1778.0060,1.8126,1.9230

1779.0060,1.8141,1.9075

1780.0070,1.8136,1.9127

1781.0060,1.8136,1.9281

1782.0060,1.8131,1.9230

1783.0060,1.8136,1.9333

1784.0060,1.8151,1.9178

1785.0060,1.8161,1.9127

1786.0060,1.8171,1.9333

1787.0060,1.8181,1.9230

1788.0070,1.8196,1.9384

1789.0060,1.8211,1.9230

1790.0060,1.8211,1.9127

1791.0070,1.8221,1.9384

1792.0060,1.8211,1.9127

1793.0070,1.8206,1.9281

1794.0060,1.8211,1.9230

1795.0070,1.8231,1.9333

1796.0060,1.8231,1.9333

1797.0060,1.8250,1.9435

1798.0060,1.8231,1.9178

1799.0060,1.8231,1.9230

1800.0060,1.8241,1.9230

1801.0060,1.8216,1.9127

1802.0060,1.8211,1.9075

1803.0060,1.8206,1.9230

1804.0060,1.8206,1.9230

1805.0070,1.8037,1.7583

1806.0070,1.8027,1.9230

1807.0070,1.8012,1.9281

1808.0060,1.8017,1.9230

1809.0060,1.8007,1.9127

1810.0060,1.7982,1.8972

1811.0060,1.7977,1.9075

1812.0060,1.7962,1.8921

1813.0070,1.7982,1.9435

1814.0080,1.7997,1.9384

1815.0070,1.8156,1.9230

1816.0060,1.8161,1.9281

1817.0060,1.8146,1.9127

1818.0060,1.8146,1.9230

1819.0060,1.8086,1.8509

1820.0060,1.8081,1.8921

1821.0060,1.8077,1.9024

1822.0060,1.8131,1.9487

1823.0060,1.8101,1.9127

1824.0060,1.8062,1.8972

1825.0060,1.8042,1.9024

1826.0060,1.8027,1.9127

1827.0070,1.8042,1.9281

1828.0060,1.8042,1.9230

1829.0060,1.8111,1.9230

1830.0060,1.8131,1.9127

1831.0060,1.8151,1.9230

1832.0060,1.8027,1.8201

1833.0070,1.8086,1.9744

1834.0060,1.8091,1.9024

1835.0070,1.8091,1.9024

1836.0060,1.8086,1.9075

1837.0060,1.8077,1.9178

1838.0060,1.8081,1.9281

1839.0060,1.8062,1.9024

1840.0060,1.8062,1.9127

1841.0060,1.8077,1.9384

1842.0060,1.8186,1.9333

1843.0060,1.8126,1.9127

1844.0070,1.8131,1.9075

1845.0060,1.8156,1.9281

1846.0060,1.8181,1.9333

1847.0060,1.8186,1.9230

1848.0070,1.8231,1.9744

1849.0060,1.8265,1.9384

1850.0060,1.8290,1.9384

1851.0060,1.8270,1.9178

1852.0060,1.8265,1.9281

1853.0060,1.8270,1.9178

1854.0060,1.8280,1.9178

1855.0060,1.8270,1.9178

1856.0060,1.8246,1.9075

1857.0070,1.8226,1.9024

1858.0060,1.8181,1.9281

1859.0060,1.8156,1.9127

1860.0060,1.8136,1.9178

1861.0060,1.8146,1.9281

1862.0060,1.8141,1.9230

1863.0060,1.8136,1.9127

1864.0060,1.8121,1.9024

1865.0060,1.8111,1.9075

1866.0060,1.8156,1.9538

1867.0060,1.8151,1.8972

1868.0070,1.8146,1.9230

1869.0080,1.8136,1.9024

1870.0070,1.8106,1.8869

1871.0060,1.8131,1.9538

1872.0060,1.8141,1.9333

1873.0070,1.8042,1.8098

1874.0060,1.8032,1.8921

1875.0060,1.8027,1.9024

1876.0060,1.7962,1.8869

1877.0060,1.7987,1.9230

1878.0060,1.8002,1.9384

1879.0060,1.8012,1.9127

1880.0060,1.8017,1.8921

1881.0060,1.7977,1.9127

1882.0060,1.7947,1.9024

1883.0060,1.8037,1.9024

1884.0070,1.8032,1.8869

1885.0060,1.8047,1.9178

1886.0070,1.8057,1.8972

1887.0060,1.8037,1.9024

1888.0060,1.7982,1.8818

1889.0060,1.7992,1.9230

1890.0060,1.8017,1.9178

1891.0060,1.8017,1.9127

1892.0060,1.8052,1.9384

1893.0070,1.8081,1.9333

1894.0060,1.8106,1.9127

1895.0060,1.8111,1.9230

1896.0060,1.8121,1.9075

1897.0060,1.8151,1.9333

1898.0070,1.8156,1.8869

1899.0060,1.8151,1.9178

1900.0060,1.8146,1.9127

1901.0060,1.8166,1.9333

1902.0060,1.8196,1.9693

1903.0060,1.8196,1.9333

1904.0060,1.8221,1.9384

1905.0060,1.8186,1.8869

1906.0070,1.8181,1.9024

1907.0060,1.8171,1.9230

1908.0070,1.8211,1.9281

1909.0070,1.8201,1.9075

1910.0060,1.8176,1.8869

1911.0060,1.8171,1.9281

1912.0060,1.8151,1.9487

1913.0060,1.8151,1.9333

1914.0060,1.8161,1.9487

1915.0070,1.8221,1.9487

1916.0060,1.8211,1.8921

1917.0060,1.8196,1.9075

1918.0060,1.8191,1.9230

1919.0060,1.8211,1.9281

1920.0060,1.8265,1.9435

1921.0060,1.8255,1.9178

1922.0060,1.8236,1.9281

1923.0060,1.8236,1.9333

1924.0060,1.8201,1.9127

1925.0060,1.8176,1.9230

1926.0060,1.8211,1.9281

1927.0060,1.8216,1.9127

1928.0060,1.8201,1.9075

1929.0060,1.8191,1.9178

1930.0060,1.8186,1.9384

1931.0060,1.8186,1.9178

1932.0060,1.8171,1.9127

1933.0060,1.8166,1.9281

1934.0060,1.8161,1.9075

1935.0060,1.8151,1.9127

1936.0070,1.8151,1.9281

1937.0060,1.8166,1.9281

1938.0070,1.8186,1.9281

1939.0070,1.8196,1.9281

1940.0060,1.8176,1.9178

1941.0060,1.8166,1.9075

1942.0060,1.8136,1.8818

1943.0060,1.8121,1.9127

1944.0060,1.8136,1.9230

1945.0060,1.8131,1.9075

1946.0060,1.8131,1.9281

1947.0060,1.8136,1.9333

1948.0060,1.8126,1.9178

1949.0060,1.8126,1.9281

1950.0060,1.8126,1.9178

1951.0070,1.8156,1.9384

1952.0070,1.8206,1.9333

1953.0060,1.8280,1.9898

1954.0060,1.8280,1.9230

1955.0060,1.8295,1.9230

1956.0060,1.8280,1.9127

1957.0060,1.8280,1.9333

1958.0060,1.8280,1.9178

1959.0060,1.8265,1.9127

1960.0060,1.8285,1.9384

1961.0060,1.8260,1.9127

1962.0070,1.8255,1.9281

1963.0060,1.8325,2.0619

1964.0070,1.8345,1.9435

1965.0060,1.8320,1.8972

1966.0070,1.8335,1.9281

1967.0060,1.8275,1.8715

1968.0070,1.8265,1.9075

1969.0060,1.8241,1.8869

1970.0060,1.8206,1.9024

1971.0060,1.8206,1.9127

1972.0060,1.8186,1.9075

1973.0070,1.8037,1.9075

1974.0060,1.8027,1.9333

1975.0060,1.8022,1.8921

1976.0060,1.8002,1.9075

1977.0070,1.8007,1.8767

1978.0060,1.8022,1.9230

1979.0060,1.8037,1.9024

1980.0060,1.8042,1.9075

1981.0060,1.8062,1.9333

1982.0060,1.8096,1.9435

1983.0060,1.8116,1.9281

1984.0060,1.8116,1.9333

1985.0060,1.8131,1.9075

1986.0060,1.8126,1.9024

1987.0060,1.8166,1.9178

1988.0060,1.8166,1.9230

1989.0060,1.8181,1.9178

1990.0060,1.8176,1.9024

1991.0060,1.8161,1.9178

1992.0060,1.8131,1.9127

1993.0060,1.8126,1.9230

1994.0060,1.8126,1.9333

1995.0060,1.8151,1.9333

1996.0070,1.8161,1.9127

1997.0060,1.8151,1.9075

1998.0060,1.8136,1.9075

1999.0060,1.8131,1.9127

2000.0060,1.8141,1.9127

2001.0060,1.8121,1.8972

2002.0060,1.8131,1.9230

2003.0060,1.8141,1.9333

2004.0060,1.8131,1.9230

2005.0070,1.8101,1.9024

2006.0060,1.8116,1.9281

2007.0070,1.8126,1.9178

2008.0060,1.8136,1.9178

2009.0060,1.8146,1.9230

2010.0060,1.8136,1.9024

2011.0060,1.8161,1.9230

2012.0060,1.8156,1.9178

2013.0070,1.8131,1.9075

2014.0060,1.8141,1.9333

2015.0060,1.8156,1.9178

2016.0060,1.8156,1.9281

2017.0060,1.8166,1.9281

2018.0060,1.8231,1.9847

2019.0060,1.8246,1.9384

2020.0060,1.8255,1.9127

2021.0060,1.8255,1.9230

2022.0060,1.8260,1.9230

2023.0060,1.8290,1.9384

2024.0060,1.8250,1.8921

2025.0060,1.8250,1.9178

2026.0070,1.8241,1.9178

2027.0060,1.8221,1.9075

2028.0060,1.8161,1.9230

2029.0060,1.8146,1.9230

2030.0060,1.8156,1.9230

2031.0060,1.8156,1.9230

2032.0060,1.8136,1.9024

2033.0060,1.8121,1.9230

2034.0060,1.8181,1.9538

2035.0060,1.8186,1.9230

2036.0060,1.8191,1.9230

2037.0060,1.8196,1.9127

2038.0060,1.8216,1.9435

2039.0060,1.8221,1.9281

2040.0060,1.8206,1.9075

2041.0060,1.8211,1.9281

2042.0060,1.8231,1.9230

2043.0060,1.8201,1.8921

2044.0060,1.8151,1.9024

2045.0070,1.8146,1.9178

2046.0060,1.8161,1.9384

2047.0060,1.8156,1.9075

2048.0060,1.8116,1.9024

2049.0060,1.8086,1.8972

2050.0060,1.8106,1.9281

2051.0070,1.8116,1.9384

2052.0060,1.8126,1.9333

2053.0060,1.8156,1.9230

2054.0060,1.8166,1.9127

2055.0060,1.8161,1.9127

2056.0070,1.8146,1.9230

2057.0060,1.8141,1.9024

2058.0060,1.8111,1.8715

2059.0060,1.8116,1.9024

2060.0070,1.8121,1.9333

2061.0060,1.8121,1.9384

2062.0060,1.8101,1.9127

2063.0060,1.8086,1.9075

2064.0060,1.8086,1.9127

2065.0060,1.8067,1.8921

2066.0080,1.8057,1.9127

2067.0060,1.8077,1.9230

2068.0060,1.8126,1.9230

2069.0060,1.8136,1.9127

2070.0060,1.8126,1.9230

2071.0060,1.8096,1.9075

2072.0060,1.8042,1.8561

2073.0070,1.8037,1.9024

2074.0060,1.8032,1.9075

2075.0060,1.8062,1.9230

2076.0060,1.8072,1.9230

2077.0060,1.8096,1.9487

2078.0060,1.8096,1.9230

2079.0060,1.8081,1.8972

2080.0060,1.8096,1.9384

2081.0060,1.8116,1.9281

2082.0060,1.8196,1.9384

2083.0060,1.8221,1.9281

2084.0060,1.8241,1.9281

2085.0060,1.8246,1.9281

2086.0060,1.8246,1.9230

2087.0060,1.8211,1.9127

2088.0060,1.8191,1.9024

2089.0060,1.8246,1.9538

2090.0060,1.8236,1.9281

2091.0060,1.8226,1.9178

2092.0060,1.8186,1.8972

2093.0070,1.8181,1.9230

2094.0060,1.8191,1.9384

2095.0060,1.8191,1.9281

2096.0060,1.8191,1.9230

2097.0060,1.8226,1.9487

2098.0060,1.8250,1.9281

2099.0060,1.8211,1.9127

2100.0070,1.8196,1.9127

2101.0060,1.8186,1.9075

2102.0060,1.8216,1.9281

2103.0060,1.8201,1.9075

2104.0060,1.8156,1.8921

2105.0060,1.8166,1.9384

2106.0060,1.8176,1.9333

2107.0060,1.8156,1.9281

2108.0060,1.8136,1.9075

2109.0060,1.8151,1.9281

2110.0060,1.8156,1.9178

2111.0070,1.8166,1.9178

2112.0070,1.8136,1.8972

2113.0060,1.8151,1.9230

2114.0070,1.8171,1.9127

2115.0060,1.8151,1.9178

2116.0060,1.8116,1.8972

2117.0060,1.8136,1.9487

2118.0060,1.8146,1.9178

2119.0060,1.8146,1.9281

2120.0060,1.8146,1.9178

2121.0060,1.8141,1.9127

2122.0060,1.8151,1.9075

2123.0060,1.8156,1.9281

2124.0060,1.8181,1.9384

2125.0060,1.8166,1.9024

2126.0060,1.8191,1.9230

2127.0070,1.8096,1.8509

2128.0060,1.8121,1.9435

2129.0060,1.8106,1.9127

2130.0060,1.8077,1.8869

2131.0060,1.8086,1.9230

2132.0060,1.8077,1.8972

2133.0060,1.8057,1.9075

2134.0060,1.8057,1.9384

2135.0060,1.8057,1.9024

2136.0060,1.8047,1.9127

2137.0070,1.8096,1.9024

2138.0060,1.8072,1.9178

2139.0060,1.8081,1.9230

2140.0060,1.8116,1.9230

2141.0060,1.8136,1.9435

2142.0060,1.8156,1.9178

2143.0060,1.8166,1.9178

2144.0070,1.8151,1.9230

2145.0070,1.8181,1.9333

2146.0060,1.8201,1.9333

2147.0060,1.8206,1.9075

2148.0060,1.8186,1.8972

2149.0060,1.8186,1.9230

2150.0070,1.8191,1.9281

2151.0060,1.8146,1.8972

2152.0060,1.8156,1.9281

2153.0060,1.8156,1.9178

2154.0060,1.8146,1.9127

2155.0060,1.8121,1.9075

2156.0060,1.8136,1.9487

2157.0070,1.8141,1.9127

2158.0060,1.8166,1.9230

2159.0060,1.8141,1.8972

2160.0060,1.8131,1.9178

2161.0060,1.8161,1.9281

2162.0060,1.8141,1.9075

2163.0060,1.8156,1.9333

2164.0060,1.8166,1.9230

2165.0070,1.8181,1.9230

2166.0070,1.8171,1.9384

2167.0070,1.8181,1.9230

2168.0060,1.8201,1.9435

2169.0060,1.8181,1.8767

2170.0060,1.8236,1.9744

2171.0060,1.8211,1.9024

2172.0080,1.8231,1.9281

2173.0060,1.8221,1.9230

2174.0060,1.8196,1.8972

2175.0060,1.8201,1.9281

2176.0060,1.8186,1.9230

2177.0060,1.8171,1.9075

2178.0060,1.8141,1.9127

2179.0060,1.8166,1.9024

2180.0060,1.8121,1.9281

2181.0060,1.8116,1.8972

2182.0060,1.8101,1.9127

2183.0060,1.8101,1.9230

2184.0060,1.8121,1.9178

2185.0070,1.8101,1.9075

2186.0060,1.8116,1.9384

2187.0070,1.8096,1.8869

2188.0060,1.8136,1.9538

2189.0060,1.8151,1.9178

2190.0060,1.8131,1.9075

2191.0060,1.8141,1.9075

2192.0060,1.8156,1.9281

2193.0060,1.8161,1.9281

2194.0070,1.8151,1.9075

2195.0060,1.8166,1.9230

2196.0060,1.8156,1.9281

2197.0060,1.8181,1.9127

2198.0060,1.8141,1.9127

2199.0060,1.8141,1.9178

2200.0060,1.8156,1.9230

2201.0060,1.8151,1.9024

2202.0060,1.8126,1.9024

2203.0060,1.8067,1.8664

2204.0070,1.8077,1.9178

2205.0060,1.8077,1.9230

2206.0060,1.8067,1.9178

2207.0060,1.8067,1.9127

2208.0060,1.8077,1.9230

2209.0060,1.8062,1.9024

2210.0060,1.8091,1.9538

2211.0060,1.8081,1.8921

2212.0060,1.8081,1.9024

2213.0070,1.8116,1.9024

2214.0070,1.8126,1.9281

2215.0060,1.8116,1.9127

2216.0060,1.8086,1.8869

2217.0060,1.8121,1.9487

2218.0060,1.8086,1.8869

2219.0060,1.8101,1.9178

2220.0060,1.8047,1.8972

2221.0060,1.8057,1.9024

2222.0060,1.8067,1.9127

2223.0060,1.8101,1.9384

2224.0060,1.8081,1.9075

2225.0070,1.8057,1.8869

2226.0070,1.8106,1.9384

2227.0060,1.8062,1.9024

2228.0070,1.8096,1.9230

2229.0060,1.8116,1.9384

2230.0060,1.8141,1.9230

2231.0060,1.8171,1.9333

2232.0060,1.8141,1.8818

2233.0060,1.8116,1.9127

2234.0060,1.8106,1.8972

2235.0060,1.8151,1.9333

2236.0060,1.8126,1.9127

2237.0060,1.8141,1.9178

2238.0060,1.8151,1.9333

2239.0060,1.8161,1.9487

2240.0070,1.8151,1.9127

2241.0060,1.8141,1.9230

2242.0060,1.8186,1.9281

2243.0060,1.8196,1.9230

2244.0060,1.8221,1.9230

2245.0060,1.8216,1.9281

2246.0060,1.8221,1.9178

2247.0060,1.8231,1.9281

2248.0060,1.8231,1.9333

2249.0070,1.8206,1.9230

2250.0060,1.8206,1.9127

2251.0060,1.8216,1.9333

2252.0060,1.8216,1.9281

2253.0060,1.8196,1.9024

2254.0060,1.8201,1.9281

2255.0060,1.8216,1.9435

2256.0060,1.8226,1.9281

2257.0060,1.8226,1.9281

2258.0060,1.8226,1.9333

2259.0060,1.8216,1.9127

2260.0060,1.8221,1.9178

2261.0060,1.8211,1.9230

2262.0060,1.8176,1.8921

2263.0060,1.8161,1.8869

2264.0060,1.8156,1.9230

2265.0060,1.8151,1.9384

2266.0060,1.8166,1.9435

2267.0070,1.8171,1.9333

2268.0070,1.8141,1.9024

2269.0060,1.8141,1.9127

2270.0060,1.8126,1.9024

2271.0060,1.8131,1.9281

2272.0060,1.8156,1.9178

2273.0070,1.8181,1.9127

2274.0060,1.8156,1.8972

2275.0060,1.8116,1.8972

2276.0060,1.8126,1.9538

2277.0060,1.8091,1.8972

2278.0060,1.8081,1.8921

2279.0060,1.8101,1.9333

2280.0060,1.8106,1.9075

2281.0060,1.8101,1.9230

2282.0070,1.8106,1.9230

2283.0060,1.8116,1.9230

2284.0060,1.8121,1.9024

2285.0060,1.8181,1.9590

2286.0060,1.8151,1.9230

2287.0070,1.8151,1.8972

2288.0060,1.8186,1.9281

2289.0060,1.8191,1.9384

2290.0060,1.8275,1.9950

2291.0060,1.8265,1.9127

2292.0060,1.8226,1.8818

2293.0060,1.8236,1.9333

2294.0070,1.8241,1.9075

2295.0070,1.8191,1.9075

2296.0070,1.8171,1.9024

2297.0060,1.8186,1.9127

2298.0060,1.8166,1.9075

2299.0060,1.8136,1.9075

2300.0060,1.8052,1.9075

2301.0060,1.8052,1.9127

2302.0080,1.8077,1.9075

2303.0070,1.7992,1.8458

2304.0060,1.8032,1.9487

2305.0060,1.8037,1.9127

2306.0060,1.8072,1.9384

2307.0060,1.8057,1.8972

2308.0060,1.8077,1.9281

2309.0060,1.8077,1.9075

2310.0080,1.8106,1.9384

2311.0060,1.8141,1.9487

2312.0060,1.8156,1.9230

2313.0060,1.8206,1.8972

2314.0060,1.8186,1.9281

2315.0060,1.8186,1.9127

2316.0070,1.8176,1.9281

2317.0070,1.8201,1.9230

2318.0060,1.8201,1.9281

2319.0060,1.8221,1.9281

2320.0060,1.8206,1.9230

2321.0060,1.8201,1.9435

2322.0060,1.8236,1.9590

2323.0060,1.8246,1.9075

2324.0070,1.8246,1.9281

2325.0060,1.8250,1.9178

2326.0070,1.8231,1.9075

2327.0070,1.8221,1.9127

2328.0060,1.8221,1.9281

2329.0060,1.8216,1.9230

2330.0060,1.8196,1.9024

2331.0070,1.8181,1.9281

2332.0060,1.8146,1.9230

2333.0060,1.8181,1.9435

2334.0060,1.8176,1.9230

2335.0060,1.8171,1.9127

2336.0060,1.8191,1.9281

2337.0070,1.8181,1.9024

2338.0060,1.8161,1.9075

2339.0060,1.8156,1.9178

2340.0060,1.8166,1.9127

2341.0060,1.8151,1.9127

2342.0060,1.8121,1.8921

2343.0060,1.8101,1.9230

2344.0070,1.8106,1.9281

2345.0070,1.8151,1.9590

2346.0060,1.8141,1.9178

2347.0060,1.8151,1.9127

2348.0060,1.8166,1.9230

2349.0070,1.8156,1.9075

2350.0060,1.8136,1.8921

2351.0060,1.8141,1.9178

2352.0070,1.8176,1.9281

2353.0060,1.8151,1.8972

2354.0060,1.8171,1.9487

2355.0060,1.8116,1.9024

2356.0060,1.8101,1.9024

2357.0060,1.8126,1.9384

2358.0070,1.8116,1.9127

2359.0060,1.8126,1.9178

2360.0060,1.8151,1.9178

2361.0060,1.8156,1.9230

2362.0060,1.8151,1.9230

2363.0060,1.8176,1.9230

2364.0060,1.8141,1.9127

2365.0060,1.8156,1.9178

2366.0060,1.8156,1.9024

2367.0060,1.8131,1.9127

2368.0060,1.8151,1.9333

2369.0060,1.8161,1.9281

2370.0060,1.8176,1.9333

2371.0060,1.8176,1.9230

2372.0070,1.8186,1.9333

2373.0060,1.8196,1.9333

2374.0060,1.8241,1.9590

2375.0060,1.8265,1.9435

2376.0060,1.8270,1.9075

2377.0060,1.8380,2.0259

2378.0060,1.8375,1.9281

2379.0060,1.8370,1.9230

2380.0060,1.8395,1.9590

2381.0060,1.8400,1.9281

2382.0060,1.8380,1.9127

2383.0060,1.8350,1.9024

2384.0070,1.8310,1.9178

2385.0060,1.8280,1.9127

2386.0060,1.8295,1.9230

2387.0060,1.8176,1.9024

2388.0060,1.8146,1.8972

2389.0070,1.8141,1.9178

2390.0060,1.8116,1.9333

2391.0060,1.8081,1.8921

2392.0060,1.8086,1.9178

2393.0060,1.8062,1.8767

2394.0070,1.8052,1.9075

2395.0060,1.8037,1.8972

2396.0070,1.8027,1.9127

2397.0060,1.8047,1.9230

2398.0060,1.8086,1.9384

2399.0060,1.8081,1.9127

2400.0080,1.8077,1.9281

2401.0080,1.8111,1.9281

2402.0070,1.8121,1.9281

2403.0070,1.8146,1.9024

2404.0060,1.8156,1.9178

2405.0060,1.8186,1.9281

2406.0060,1.8201,1.9281

2407.0060,1.8201,1.9230

2408.0070,1.8176,1.9127

2409.0060,1.8181,1.9178

2410.0060,1.8181,1.9281

2411.0060,1.8191,1.9384

2412.0060,1.8181,1.9178

2413.0060,1.8186,1.9075

2414.0070,1.8176,1.9075

2415.0060,1.8171,1.9230

2416.0060,1.8186,1.9435

2417.0060,1.8196,1.9333

2418.0060,1.8216,1.9333

2419.0060,1.8216,1.9178

2420.0060,1.8211,1.9230

2421.0060,1.8201,1.9281

2422.0060,1.8221,1.9384

2423.0060,1.8206,1.8921

2424.0060,1.8231,1.9333

2425.0060,1.8196,1.8869

2426.0060,1.8181,1.9281

2427.0060,1.8191,1.9435

2428.0060,1.8186,1.9281

2429.0060,1.8196,1.9281

2430.0060,1.8181,1.9075

2431.0060,1.8136,1.8818

2432.0070,1.8121,1.9230

2433.0060,1.8151,1.9230

2434.0060,1.8156,1.9384

2435.0060,1.8206,1.9384

2436.0060,1.8196,1.9178

2437.0070,1.8166,1.9127

2438.0060,1.8141,1.9024

2439.0060,1.8121,1.9075

2440.0070,1.8116,1.9024

2441.0070,1.8101,1.8664

2442.0060,1.8111,1.9333

2443.0060,1.8121,1.9333

2444.0060,1.8072,1.8869

2445.0060,1.8047,1.9127

2446.0060,1.8042,1.9127

2447.0060,1.8032,1.9024

2448.0060,1.8116,1.9898

2449.0060,1.8106,1.8972

2450.0060,1.8191,1.9898

2451.0060,1.8246,1.9230

2452.0060,1.8211,1.8972

2453.0060,1.8226,1.9487

2454.0060,1.8260,1.9230

2455.0060,1.8236,1.8869

2456.0060,1.8221,1.8972

2457.0060,1.8226,1.9075

2458.0060,1.8151,1.9127

2459.0060,1.8176,1.9230

2460.0060,1.8096,1.9075

2461.0060,1.8081,1.9075

2462.0060,1.8121,1.9384

2463.0060,1.8096,1.9230

2464.0060,1.8086,1.9127

2465.0070,1.8111,1.9127

2466.0060,1.8126,1.9127

2467.0060,1.8121,1.9024

2468.0060,1.8081,1.8715

2469.0060,1.8077,1.9178

2470.0060,1.8096,1.9281

2471.0060,1.8086,1.8972

2472.0060,1.8096,1.9487

2473.0070,1.8072,1.8972

2474.0060,1.8067,1.9075

2475.0060,1.8072,1.9178

2476.0060,1.8141,1.9847

2477.0060,1.8156,1.9178

2478.0060,1.8226,1.9435

2479.0060,1.8265,1.9590

2480.0060,1.8246,1.9075

2481.0060,1.8300,1.9538

2482.0060,1.8280,1.9281

2483.0060,1.8295,1.9127

2484.0060,1.8305,1.9178

2485.0060,1.8290,1.9024

2486.0060,1.8241,1.9333

2487.0060,1.8260,1.9384

2488.0060,1.8236,1.9178

2489.0060,1.8201,1.9230

2490.0060,1.8221,1.9281

2491.0060,1.8181,1.9127

2492.0060,1.8171,1.9178

2493.0070,1.8181,1.9230

2494.0080,1.8186,1.9230

2495.0060,1.8196,1.9127

2496.0060,1.8186,1.9230

2497.0070,1.8196,1.9487

2498.0070,1.8206,1.9281

2499.0060,1.8176,1.8921

2500.0060,1.8171,1.9230

2501.0060,1.8196,1.9384

2502.0060,1.8176,1.8972

2503.0060,1.8146,1.8921

2504.0060,1.8156,1.9333

2505.0060,1.8161,1.9178

2506.0070,1.8156,1.9178

2507.0060,1.8131,1.9230

2508.0060,1.8116,1.9127

2509.0060,1.8151,1.9281

2510.0060,1.8146,1.9178

2511.0060,1.8111,1.9024

2512.0060,1.8126,1.9127

2513.0060,1.8161,1.9281

2514.0060,1.8131,1.9024

2515.0060,1.8126,1.9127

2516.0060,1.8136,1.9281

2517.0060,1.8002,1.7840

2518.0060,1.8002,1.9127

2519.0060,1.7992,1.9178

2520.0060,1.8002,1.9281

2521.0060,1.8027,1.9281

2522.0060,1.8032,1.9178

2523.0060,1.8007,1.9024

2524.0060,1.8007,1.9024

2525.0060,1.8037,1.9435

2526.0060,1.8012,1.9024

2527.0060,1.8131,1.9075

2528.0060,1.8146,1.9281

2529.0060,1.8141,1.9127

2530.0060,1.8106,1.8921

2531.0070,1.8081,1.9024

2532.0080,1.8111,1.9487

2533.0060,1.8116,1.9075

2534.0070,1.8136,1.9230

2535.0060,1.8161,1.9693

2536.0070,1.8186,1.9281

2537.0060,1.8201,1.9230

2538.0070,1.8191,1.9178

2539.0080,1.8181,1.9024

2540.0070,1.8201,1.9127

2541.0070,1.8216,1.9178

2542.0060,1.8161,1.8921

2543.0060,1.8171,1.9178

2544.0060,1.8166,1.9178

2545.0060,1.8146,1.9487

2546.0060,1.8136,1.9178

2547.0060,1.8101,1.8869

2548.0070,1.8091,1.9075

2549.0060,1.8126,1.9384

2550.0060,1.8121,1.9075

2551.0060,1.8086,1.8818

2552.0060,1.8136,1.9435

2553.0060,1.8151,1.9333

2554.0060,1.8156,1.9230

2555.0060,1.8121,1.9127

2556.0060,1.8111,1.9075

2557.0060,1.8146,1.9230

2558.0060,1.8146,1.9075

2559.0060,1.8121,1.9127

2560.0060,1.8121,1.9075

2561.0060,1.8136,1.8972

2562.0060,1.8106,1.9127

2563.0060,1.8096,1.9230

2564.0060,1.8091,1.9178

2565.0060,1.8146,1.9693

2566.0060,1.8131,1.8921

2567.0060,1.8111,1.9024

2568.0060,1.8121,1.9178

2569.0060,1.8121,1.9127

2570.0060,1.8111,1.8972

2571.0070,1.8126,1.9127

2572.0060,1.8116,1.9024

2573.0060,1.8121,1.9281

2574.0060,1.8106,1.9024

2575.0060,1.8116,1.9796

2576.0060,1.8156,1.9333

2577.0060,1.8121,1.8664

2578.0060,1.8121,1.9178

2579.0060,1.8131,1.9230

2580.0070,1.8231,2.0001

2581.0070,1.8246,1.9281

2582.0060,1.8250,1.9075

2583.0060,1.8300,1.9796

2584.0060,1.8285,1.8869

2585.0060,1.8206,1.8972

2586.0070,1.8181,1.9075

2587.0060,1.8236,1.9230

2588.0060,1.8221,1.9024

2589.0060,1.8255,1.9590

2590.0060,1.8191,1.9333

2591.0060,1.8186,1.9230

2592.0060,1.8211,1.9333

2593.0060,1.8156,1.9230

2594.0060,1.8171,1.9024

2595.0060,1.8211,1.9384

2596.0070,1.8186,1.8818

2597.0070,1.8181,1.9178

2598.0060,1.8176,1.8972

2599.0060,1.8116,1.8972

2600.0060,1.8116,1.9333

2601.0060,1.8111,1.9178

2602.0070,1.8086,1.9075

2603.0070,1.8121,1.9590

2604.0070,1.8141,1.9230

2605.0060,1.8111,1.9075

2606.0060,1.8156,1.9281

2607.0060,1.8161,1.9230

2608.0060,1.8201,1.9384

2609.0060,1.8201,1.8972

2610.0060,1.8191,1.9230

2611.0060,1.8181,1.9075

2612.0060,1.8191,1.9178

2613.0060,1.8161,1.9281

2614.0060,1.8126,1.8869

2615.0060,1.8156,1.9384

2616.0070,1.8136,1.9075

2617.0060,1.8131,1.9178

2618.0060,1.8101,1.9075

2619.0060,1.8126,1.9230

2620.0060,1.8126,1.9230

2621.0060,1.8146,1.9281

2622.0060,1.8136,1.9075

2623.0060,1.8116,1.9075

2624.0060,1.8136,1.9075

2625.0060,1.8121,1.9230

2626.0070,1.8126,1.9127

2627.0060,1.8141,1.9333

2628.0060,1.8131,1.8972

2629.0060,1.8121,1.9127

2630.0060,1.8116,1.9178

2631.0060,1.8126,1.9384

2632.0060,1.8131,1.9127

2633.0060,1.8141,1.9178

2634.0060,1.8156,1.9230

2635.0060,1.8146,1.9127

2636.0060,1.8151,1.9178

2637.0060,1.8146,1.9281

2638.0060,1.8141,1.8921

2639.0060,1.8151,1.9230

2640.0060,1.8151,1.9178

2641.0060,1.8136,1.9230

2642.0060,1.8191,1.9693

2643.0060,1.8201,1.9281

2644.0060,1.8196,1.9178

2645.0060,1.8186,1.9024

2646.0060,1.8191,1.9230

2647.0060,1.8191,1.9281

2648.0060,1.8201,1.9024

2649.0060,1.8191,1.9127

2650.0060,1.8280,2.0104

2651.0070,1.8270,1.9127

2652.0070,1.8236,1.9333

2653.0060,1.8221,1.9127

2654.0060,1.8201,1.8972

2655.0060,1.8201,1.9024

2656.0060,1.8176,1.8972

2657.0060,1.8166,1.9178

2658.0070,1.8186,1.9230

2659.0060,1.8171,1.8972

2660.0070,1.8116,1.9538

2661.0060,1.8146,1.9435

2662.0070,1.8161,1.9487

2663.0070,1.8186,1.9384

2664.0060,1.8206,1.9178

2665.0060,1.8221,1.9178

2666.0060,1.8250,1.9281

2667.0060,1.8236,1.9024

2668.0060,1.8250,1.9384

2669.0070,1.8241,1.8869

2670.0060,1.8191,1.9024

2671.0070,1.8171,1.9230

2672.0060,1.8151,1.9281

2673.0060,1.8156,1.9435

2674.0060,1.8250,2.0156

2675.0060,1.8260,1.9281

2676.0070,1.8221,1.8869

2677.0060,1.8221,1.9024

2678.0060,1.8211,1.9281

2679.0060,1.8265,1.9435

2680.0060,1.8275,1.9127

2681.0060,1.8280,1.9281

2682.0070,1.8250,1.8972

2683.0060,1.8241,1.9333

2684.0060,1.8121,1.8921

2685.0060,1.8116,1.9230

2686.0060,1.8166,1.9384

2687.0060,1.8216,1.9538

2688.0060,1.8226,1.9384

2689.0060,1.8196,1.9127

2690.0060,1.8211,1.9281

2691.0060,1.8181,1.8972

2692.0060,1.8206,1.9230

2693.0060,1.8191,1.9178

2694.0060,1.8206,1.9075

2695.0060,1.8211,1.9281

2696.0060,1.8191,1.9178

2697.0060,1.8191,1.9538

2698.0060,1.8161,1.9075

2699.0060,1.8141,1.8921

2700.0060,1.8126,1.9127

2701.0060,1.8181,1.9538

2702.0060,1.8181,1.9230

2703.0060,1.8186,1.9230

2704.0060,1.8196,1.9178

2705.0060,1.8275,2.0104

2706.0070,1.8260,1.9024

2707.0060,1.8250,1.9435

2708.0060,1.8216,1.8715

2709.0060,1.8255,1.9333

2710.0070,1.8285,1.9435

2711.0060,1.8246,1.9127

2712.0060,1.8246,1.9230

2713.0060,1.8250,1.9281

2714.0060,1.8285,1.9538

2715.0060,1.8196,1.9178

2716.0060,1.8196,1.9024

2717.0060,1.8166,1.9127

2718.0060,1.8221,1.9281

2719.0060,1.8265,1.9796

2720.0060,1.8250,1.9281

2721.0060,1.8211,1.8715

2722.0060,1.8211,1.9230

2723.0060,1.8211,1.9281

2724.0060,1.8176,1.9178

2725.0060,1.8191,1.9333

2726.0060,1.8196,1.9075

2727.0060,1.8191,1.9075

2728.0060,1.8181,1.9178

2729.0060,1.8131,1.9281

2730.0060,1.8126,1.9230

2731.0060,1.8176,1.9230

2732.0060,1.8161,1.9075

2733.0060,1.8131,1.8972

2734.0060,1.8131,1.9178

2735.0060,1.8116,1.9178

2736.0060,1.8146,1.9384

2737.0060,1.8166,1.9281

2738.0060,1.8156,1.9075

2739.0060,1.8141,1.9127

2740.0060,1.8116,1.8972

2741.0060,1.8121,1.9281

2742.0060,1.8111,1.8972

2743.0060,1.8141,1.9281

2744.0060,1.8096,1.8715

2745.0060,1.8106,1.9281

2746.0060,1.8067,1.8972

2747.0060,1.8091,1.9538

2748.0060,1.8111,1.9281

2749.0060,1.8121,1.9230

2750.0070,1.8141,1.9178

2751.0060,1.8176,1.9641

2752.0060,1.8191,1.9127

2753.0060,1.8171,1.9075

2754.0060,1.8196,1.8972

2755.0060,1.8211,1.9435

2756.0070,1.8226,1.9127

2757.0070,1.8191,1.9178

2758.0070,1.8186,1.9230

2759.0060,1.8181,1.9178

2760.0070,1.8181,1.9178

2761.0060,1.8126,1.9075

2762.0060,1.8136,1.9230

2763.0060,1.8141,1.9127

2764.0060,1.8141,1.8972

2765.0060,1.8111,1.9127

2766.0070,1.8101,1.9024

2767.0070,1.8101,1.9178

2768.0060,1.8106,1.9281

2769.0060,1.8096,1.9075

2770.0060,1.8101,1.9230

2771.0060,1.8111,1.9178

2772.0060,1.8111,1.9230

2773.0060,1.8052,1.8509

2774.0060,1.8047,1.8921

2775.0060,1.8027,1.8921

2776.0060,1.8037,1.9127

2777.0060,1.8017,1.8972

2778.0060,1.8057,1.9693

2779.0070,1.8077,1.9281

2780.0070,1.8072,1.9178

2781.0070,1.8042,1.8869

2782.0070,1.8037,1.9178

2783.0070,1.8111,1.9281

2784.0060,1.8151,1.9333

2785.0060,1.8151,1.8921

2786.0070,1.8181,1.9435

2787.0060,1.8226,1.9435

2788.0060,1.8166,1.9075

2789.0060,1.8151,1.9127

2790.0060,1.8161,1.9281

2791.0060,1.8211,1.9384

2792.0060,1.8236,1.9435

2793.0060,1.8241,1.9333

2794.0060,1.8241,1.9333

2795.0070,1.8295,1.9487

2796.0060,1.8285,1.9333

2797.0060,1.8231,1.8869

2798.0060,1.8255,1.9333

2799.0060,1.8290,1.9487

2800.0060,1.8315,1.9538

2801.0060,1.8315,1.9384

2802.0070,1.8335,1.9641

2803.0060,1.8325,1.9230

2804.0060,1.8340,1.9487

2805.0060,1.8360,1.9693

2806.0060,1.8335,1.9075

2807.0070,1.8375,1.9281

2808.0060,1.8360,1.9178

2809.0060,1.8320,1.9075

2810.0060,1.8305,1.9384

2811.0060,1.8325,1.9590

2812.0060,1.8285,1.9230

2813.0060,1.8285,1.9230

2814.0060,1.8285,1.9487

2815.0060,1.8250,1.9333

2816.0060,1.8255,1.9127

2817.0060,1.8246,1.9178

2818.0060,1.8265,1.9384

2819.0060,1.8295,1.9384

2820.0070,1.8290,1.9333

2821.0060,1.8255,1.9230

2822.0060,1.8275,1.9435

2823.0070,1.8280,1.9281

2824.0060,1.8270,1.9384

2825.0060,1.8290,1.9538

2826.0060,1.8325,1.9487

2827.0060,1.8340,1.9333

2828.0060,1.8340,1.9384

2829.0060,1.8335,1.9333

2830.0060,1.8330,1.9281

2831.0060,1.8325,1.9178

2832.0060,1.8315,1.9333

2833.0060,1.8305,1.9178

2834.0060,1.8295,1.9281

2835.0060,1.8275,1.9333

2836.0060,1.8250,1.9230

2837.0060,1.8260,1.9435

2838.0060,1.8255,1.9333

2839.0060,1.8265,1.9435

2840.0060,1.8270,1.9333

2841.0060,1.8275,1.9230

2842.0060,1.8285,1.9435

2843.0060,1.8290,1.9230

2844.0060,1.8290,1.9281

2845.0070,1.8280,1.9230

2846.0070,1.8315,1.9590

2847.0060,1.8280,1.9075

2848.0060,1.8241,1.8921

2849.0060,1.8221,1.9230

2850.0060,1.8206,1.9178

2851.0060,1.8191,1.9075

2852.0060,1.8176,1.9281

2853.0060,1.8186,1.9333

2854.0070,1.8191,1.9333

2855.0060,1.8201,1.9333

2856.0060,1.8161,1.9178

2857.0060,1.8191,1.9384

2858.0060,1.8211,1.9127

2859.0070,1.8250,1.9641

2860.0060,1.8270,1.9384

2861.0070,1.8300,1.9384

2862.0060,1.8320,1.9487

2863.0070,1.8335,1.9487

2864.0060,1.8320,1.9178

2865.0060,1.8330,1.9435

2866.0070,1.8330,1.9178

2867.0060,1.8360,1.9693

2868.0060,1.8370,1.9230

2869.0060,1.8330,1.9230

2870.0060,1.8330,1.9384

2871.0060,1.8315,1.9230

2872.0070,1.8300,1.9333

2873.0070,1.8290,1.9384

2874.0070,1.8305,1.9333

2875.0060,1.8295,1.9333

2876.0060,1.8305,1.9281

2877.0060,1.8246,1.9075

2878.0060,1.8236,1.9127

2879.0060,1.8280,1.9693

2880.0060,1.8295,1.9538

2881.0060,1.8300,1.9281

2882.0060,1.8285,1.9178

2883.0060,1.8265,1.9178

2884.0060,1.8260,1.9281

2885.0060,1.8265,1.9384

2886.0060,1.8241,1.9024

2887.0060,1.8250,1.9178

2888.0060,1.8285,1.9487

2889.0060,1.8236,1.9178

2890.0080,1.8201,1.9178

2891.0060,1.8226,1.9538

2892.0070,1.8265,1.9590

2893.0060,1.8265,1.9178

2894.0060,1.8226,1.8869

2895.0060,1.8216,1.9281

2896.0060,1.8221,1.9075

2897.0060,1.8250,1.9487

2898.0070,1.8241,1.9384

2899.0060,1.8241,1.9178

2900.0060,1.8270,1.9487

2901.0060,1.8236,1.9178

2902.0060,1.8211,1.9333

2903.0060,1.8211,1.9178

2904.0060,1.8231,1.9075

2905.0060,1.8250,1.9487

2906.0060,1.8255,1.9127

2907.0060,1.8226,1.9178

2908.0070,1.8226,1.9384

2909.0060,1.8231,1.9230

2910.0060,1.8221,1.9384

2911.0070,1.8246,1.9435

2912.0060,1.8241,1.9281

2913.0060,1.8270,1.9487

2914.0060,1.8290,1.9281

2915.0060,1.8270,1.9281

2916.0060,1.8320,1.9641

2917.0060,1.8350,1.9487

2918.0060,1.8320,1.9075

2919.0060,1.8335,1.9384

2920.0070,1.8325,1.9281

2921.0060,1.8325,1.9435

2922.0060,1.8315,1.9178

2923.0060,1.8295,1.9281

2924.0060,1.8295,1.9281

2925.0060,1.8305,1.9384

2926.0060,1.8255,1.9127

2927.0060,1.8241,1.9333

2928.0060,1.8280,1.9487

2929.0060,1.8255,1.9127

2930.0060,1.8250,1.9230

2931.0060,1.8250,1.9435

2932.0060,1.8280,1.9487

2933.0060,1.8310,1.9590

2934.0060,1.8340,1.9590

2935.0060,1.8340,1.9384

2936.0060,1.8340,1.9127

2937.0060,1.8350,1.9435

2938.0060,1.8335,1.9333

2939.0060,1.8360,1.9384

2940.0060,1.8365,1.9281

2941.0060,1.8365,1.9435

2942.0070,1.8340,1.9230

2943.0060,1.8255,1.8715

2944.0060,1.8241,1.9435

2945.0060,1.8236,1.9333

2946.0060,1.8231,1.9075

2947.0060,1.8231,1.9435

2948.0060,1.8226,1.9281

2949.0080,1.8221,1.9333

2950.0060,1.8270,1.9796

2951.0060,1.8260,1.9333

2952.0060,1.8255,1.9178

2953.0060,1.8330,1.9487

2954.0070,1.8325,1.9384

2955.0070,1.8330,1.9384

2956.0060,1.8360,1.9384

2957.0060,1.8330,1.9127

2958.0060,1.8335,1.9333

2959.0060,1.8340,1.9384

2960.0060,1.8300,1.9384

2961.0060,1.8305,1.9384

2962.0070,1.8405,2.0207

2963.0060,1.8410,1.9538

2964.0060,1.8419,1.9487

2965.0060,1.8449,1.9693

2966.0060,1.8429,1.9178

2967.0060,1.8444,1.9281

2968.0060,1.8459,1.9487

2969.0070,1.8419,1.8972

2970.0060,1.8414,1.9333

2971.0070,1.8375,1.8972

2972.0060,1.8285,1.9281

2973.0070,1.8260,1.9281

2974.0060,1.8246,1.9333

2975.0060,1.8206,1.9281

2976.0070,1.8221,1.9333

2977.0060,1.8206,1.9127

2978.0060,1.8191,1.9333

2979.0060,1.8260,1.9693

2980.0060,1.8275,1.9487

2981.0060,1.8325,1.9487

2982.0060,1.8330,1.9333

2983.0060,1.8330,1.9281

2984.0060,1.8345,1.9487

2985.0060,1.8335,1.9178

2986.0060,1.8340,1.9384

2987.0060,1.8365,1.9384

2988.0070,1.8355,1.9230

2989.0060,1.8330,1.9435

2990.0060,1.8320,1.9384

2991.0060,1.8285,1.9127

2992.0060,1.8275,1.9230

2993.0060,1.8226,1.8767

2994.0070,1.8226,1.9487

2995.0060,1.8236,1.9281

2996.0060,1.8226,1.9281

2997.0060,1.8236,1.9487

2998.0070,1.8236,1.9230

2999.0060,1.8250,1.9590

3000.0060,1.8236,1.9230

3001.0060,1.8246,1.9230

3002.0060,1.8246,1.9230

3003.0060,1.8280,1.9127

3004.0060,1.8255,1.9230

3005.0060,1.8246,1.9178

3006.0060,1.8255,1.9384

3007.0070,1.8236,1.9281

3008.0060,1.8246,1.9333

3009.0070,1.8216,1.9281

3010.0060,1.8226,1.9333

3011.0060,1.8300,2.0001

3012.0060,1.8310,1.9333

3013.0060,1.8330,1.9333

3014.0060,1.8360,1.9538

3015.0060,1.8385,1.9435

3016.0060,1.8370,1.9230

3017.0070,1.8380,1.9384

3018.0060,1.8370,1.9230

3019.0060,1.8360,1.9178

3020.0070,1.8355,1.9281

3021.0060,1.8285,1.9281

3022.0060,1.8285,1.9333

3023.0060,1.8265,1.9127

3024.0060,1.8246,1.9333

3025.0060,1.8231,1.9281

3026.0060,1.8211,1.9024

3027.0060,1.8191,1.9178

3028.0060,1.8196,1.9281

3029.0070,1.8226,1.9487

3030.0060,1.8231,1.9333

3031.0060,1.8216,1.9127

3032.0060,1.8211,1.9281

3033.0060,1.8236,1.9384

3034.0060,1.8211,1.9075

3035.0060,1.8221,1.9384

3036.0060,1.8250,1.9333

3037.0060,1.8250,1.9178

3038.0060,1.8246,1.9230

3039.0070,1.8275,1.9796

3040.0070,1.8280,1.9384

3041.0060,1.8340,1.9744

3042.0060,1.8345,1.9333

3043.0060,1.8355,1.9487

3044.0060,1.8375,1.9281

3045.0060,1.8365,1.9281

3046.0060,1.8355,1.9230

3047.0060,1.8385,1.9487

3048.0060,1.8414,1.9538

3049.0060,1.8375,1.9384

3050.0060,1.8365,1.9281

3051.0060,1.8330,1.9384

3052.0060,1.8335,1.9384

3053.0060,1.8325,1.9384

3054.0060,1.8320,1.9230

3055.0060,1.8330,1.9384

3056.0060,1.8320,1.9127

3057.0060,1.8315,1.9435

3058.0060,1.8300,1.9384

3059.0080,1.8280,1.9178

3060.0060,1.8285,1.9333

3061.0070,1.8285,1.9384

3062.0060,1.8275,1.9281

3063.0060,1.8300,1.9641

3064.0070,1.8310,1.9333

3065.0060,1.8295,1.9230

3066.0060,1.8330,1.9487

3067.0060,1.8335,1.9487

3068.0060,1.8305,1.9075

3069.0070,1.8335,1.9487

3070.0060,1.8330,1.9281

3071.0060,1.8340,1.9487

3072.0060,1.8370,1.9590

3073.0060,1.8335,1.9281

3074.0060,1.8345,1.9435

3075.0060,1.8350,1.9281

3076.0060,1.8355,1.9538

3077.0070,1.8315,1.9075

3078.0060,1.8330,1.9230

3079.0070,1.8325,1.9435

3080.0060,1.8350,1.9538

3081.0060,1.8350,1.9487

3082.0060,1.8315,1.9230

3083.0060,1.8295,1.9075

3084.0060,1.8265,1.9127

3085.0070,1.8275,1.9384

3086.0060,1.8260,1.9384

3087.0060,1.8290,1.9384

3088.0060,1.8285,1.9178

3089.0060,1.8290,1.9487

3090.0060,1.8265,1.9281

3091.0060,1.8241,1.9230

3092.0070,1.8246,1.9281

3093.0060,1.8275,1.9384

3094.0060,1.8295,1.9333

3095.0060,1.8315,1.9590

3096.0060,1.8310,1.9333

3097.0060,1.8315,1.9435

3098.0060,1.8310,1.9127

3099.0060,1.8275,1.9127

3100.0060,1.8265,1.9178

3101.0060,1.8285,1.9435

3102.0060,1.8275,1.9178

3103.0060,1.8280,1.9435

3104.0060,1.8265,1.9178

3105.0060,1.8246,1.9384

3106.0060,1.8241,1.9281

3107.0060,1.8231,1.9333

3108.0060,1.8231,1.9127

3109.0060,1.8265,1.9487

3110.0060,1.8325,1.9796

3111.0060,1.8320,1.9384

3112.0060,1.8315,1.9127

3113.0060,1.8300,1.9281

3114.0060,1.8325,1.9435

3115.0060,1.8330,1.9435

3116.0060,1.8335,1.9333

3117.0060,1.8355,1.9538

3118.0060,1.8365,1.9230

3119.0060,1.8365,1.9487

3120.0060,1.8325,1.9384

3121.0060,1.8315,1.9281

3122.0060,1.8340,1.9384

3123.0070,1.8340,1.9281

3124.0060,1.8320,1.9230

3125.0070,1.8285,1.9075

3126.0060,1.8320,1.9693

3127.0070,1.8290,1.9230

3128.0070,1.8265,1.8972

3129.0060,1.8241,1.9230

3130.0060,1.8246,1.9435

3131.0060,1.8246,1.9281

3132.0060,1.8216,1.9075

3133.0060,1.8226,1.9384

3134.0060,1.8226,1.9230

3135.0060,1.8250,1.9333

3136.0060,1.8201,1.9178

3137.0070,1.8211,1.9333

3138.0070,1.8236,1.9230

3139.0060,1.8236,1.9230

3140.0060,1.8216,1.9230

3141.0060,1.8231,1.9435

3142.0060,1.8250,1.9281

3143.0060,1.8255,1.9435

3144.0060,1.8265,1.9333

3145.0070,1.8290,1.9590

3146.0060,1.8305,1.9333

3147.0060,1.8330,1.9590

3148.0060,1.8335,1.9281

3149.0060,1.8335,1.9230

3150.0060,1.8335,1.9230

3151.0060,1.8330,1.9384

3152.0060,1.8350,1.9487

3153.0060,1.8350,1.9435

3154.0060,1.8355,1.9384

3155.0060,1.8315,1.9178

3156.0070,1.8310,1.9281

3157.0060,1.8285,1.9333

3158.0060,1.8290,1.9333

3159.0060,1.8315,1.9487

3160.0060,1.8285,1.8921

3161.0060,1.8280,1.9333

3162.0060,1.8260,1.9281

3163.0060,1.8236,1.9178

3164.0060,1.8211,1.9127

3165.0060,1.8206,1.9127

3166.0060,1.8191,1.9127

3167.0060,1.8201,1.9435

3168.0070,1.8191,1.9230

3169.0060,1.8191,1.9487

3170.0060,1.8226,1.9281

3171.0060,1.8231,1.9384

3172.0060,1.8270,1.9693

3173.0060,1.8295,1.9435

3174.0060,1.8305,1.9230

3175.0060,1.8315,1.9230

3176.0070,1.8325,1.9230

3177.0060,1.8300,1.9178

3178.0070,1.8345,1.9693

3179.0060,1.8345,1.9487

3180.0060,1.8365,1.9487

3181.0060,1.8365,1.9384

3182.0060,1.8330,1.9333

3183.0060,1.8310,1.9230

3184.0060,1.8350,1.9641

3185.0060,1.8370,1.9435

3186.0060,1.8365,1.9178

3187.0060,1.8370,1.9230

3188.0060,1.8340,1.9384

3189.0060,1.8320,1.9281

3190.0060,1.8330,1.9590

3191.0060,1.8335,1.9435

3192.0070,1.8305,1.9024

3193.0060,1.8290,1.9075

3194.0060,1.8255,1.9281

3195.0060,1.8250,1.9384

3196.0070,1.8285,1.9538

3197.0060,1.8305,1.9435

3198.0060,1.8290,1.9230

3199.0060,1.8295,1.9333

3200.0060,1.8270,1.9333

3201.0070,1.8250,1.9230

3202.0060,1.8295,1.9487

3203.0060,1.8320,1.9333

3204.0060,1.8320,1.9281

3205.0060,1.8300,1.9178

3206.0070,1.8305,1.9590

3207.0060,1.8295,1.9333

3208.0060,1.8300,1.9281

3209.0060,1.8305,1.9384

3210.0070,1.8355,1.9847

3211.0060,1.8355,1.9230

3212.0070,1.8360,1.9538

3213.0060,1.8340,1.9127

3214.0060,1.8340,1.9281

3215.0070,1.8355,1.9333

3216.0060,1.8340,1.9435

3217.0060,1.8320,1.9127

3218.0060,1.8330,1.9384

3219.0070,1.8335,1.9435

3220.0060,1.8280,1.9281

3221.0060,1.8310,1.9538

3222.0070,1.8295,1.9384

3223.0060,1.8315,1.9333

3224.0060,1.8325,1.9384

3225.0060,1.8325,1.9333

3226.0060,1.8305,1.9230

3227.0060,1.8320,1.9281

3228.0070,1.8320,1.9384

3229.0060,1.8295,1.9178

3230.0060,1.8295,1.9281

3231.0060,1.8285,1.9435

3232.0060,1.8365,2.0207

3233.0060,1.8350,1.9178

3234.0060,1.8330,1.9178

3235.0060,1.8315,1.9178

3236.0060,1.8305,1.9127

3237.0060,1.8290,1.9127

3238.0060,1.8270,1.9178

3239.0060,1.8260,1.9075

3240.0060,1.8250,1.9178

3241.0070,1.8236,1.9281

3242.0060,1.8186,1.9693

3243.0060,1.8216,1.9487

3244.0060,1.8226,1.9281

3245.0060,1.8255,1.9487

3246.0060,1.8260,1.9178

3247.0060,1.8265,1.9178

3248.0070,1.8270,1.9230

3249.0060,1.8285,1.9230

3250.0070,1.8315,1.9487

3251.0070,1.8320,1.9333

3252.0070,1.8290,1.9384

3253.0060,1.8295,1.9538

3254.0060,1.8290,1.9230

3255.0080,1.8241,1.8972

3256.0060,1.8260,1.9384

3257.0060,1.8275,1.9333

3258.0060,1.8260,1.9075

3259.0060,1.8246,1.9075

3260.0060,1.8250,1.9538

3261.0070,1.8250,1.9333

3262.0070,1.8280,1.9693

3263.0070,1.8265,1.9384

3264.0060,1.8300,1.9590

3265.0070,1.8320,1.9178

3266.0060,1.8325,1.9435

3267.0060,1.8285,1.8921

3268.0060,1.8285,1.9075

3269.0060,1.8340,1.9641

3270.0060,1.8290,1.9024

3271.0060,1.8270,1.9127

3272.0060,1.8241,1.9384

3273.0070,1.8226,1.9230

3274.0070,1.8196,1.9281

3275.0060,1.8206,1.9281

3276.0060,1.8191,1.9281

3277.0060,1.8221,1.9230

3278.0060,1.8236,1.9230

3279.0060,1.8236,1.9641

3280.0060,1.8270,1.9384

3281.0060,1.8295,1.9384

3282.0060,1.8280,1.9230

3283.0070,1.8320,1.9641

3284.0060,1.8335,1.9435

3285.0060,1.8355,1.9487

3286.0060,1.8365,1.9384

3287.0060,1.8385,1.9435

3288.0060,1.8400,1.9384

3289.0070,1.8375,1.9384

3290.0060,1.8365,1.9281

3291.0060,1.8325,1.8972

3292.0060,1.8355,1.9538

3293.0060,1.8340,1.9487

3294.0060,1.8340,1.9435

3295.0060,1.8315,1.9230

3296.0060,1.8320,1.9435

3297.0060,1.8315,1.9384

3298.0060,1.8310,1.9333

3299.0060,1.8305,1.9333

3300.0060,1.8295,1.9178

3301.0060,1.8320,1.9230

3302.0060,1.8330,1.9641

3303.0060,1.8320,1.9384

3304.0060,1.8320,1.9435

3305.0070,1.8335,1.9384

3306.0060,1.8305,1.9127

3307.0070,1.8315,1.9487

3308.0060,1.8310,1.9281

3309.0060,1.8330,1.9538

3310.0060,1.8335,1.9230

3311.0060,1.8345,1.9333

3312.0060,1.8295,1.9127

3313.0060,1.8300,1.9435

3314.0060,1.8290,1.9333

3315.0060,1.8300,1.9487

3316.0080,1.8335,1.9487

3317.0060,1.8325,1.9384

3318.0060,1.8315,1.9178

3319.0060,1.8315,1.9538

3320.0060,1.8310,1.9178

3321.0070,1.8320,1.9435

3322.0060,1.8335,1.9281

3323.0060,1.8325,1.9333

3324.0060,1.8285,1.8921

3325.0060,1.8236,1.8972

3326.0060,1.8201,1.9127

3327.0070,1.8186,1.9230

3328.0070,1.8196,1.9281

3329.0060,1.8171,1.9281

3330.0060,1.8166,1.9127

3331.0060,1.8151,1.9281

3332.0070,1.8156,1.9333

3333.0060,1.8156,1.9333

3334.0060,1.8181,1.9178

3335.0060,1.8191,1.9075

3336.0060,1.8236,1.9590

3337.0070,1.8246,1.9333

3338.0060,1.8241,1.9230

3339.0060,1.8241,1.9281

3340.0060,1.8236,1.9075

3341.0070,1.8241,1.9333

3342.0060,1.8255,1.9487

3343.0060,1.8255,1.9333

3344.0060,1.8270,1.9333

3345.0060,1.8340,1.9796

3346.0060,1.8335,1.9538

3347.0060,1.8325,1.9230

3348.0060,1.8335,1.9333

3349.0060,1.8330,1.9230

3350.0060,1.8345,1.9230

3351.0060,1.8360,1.9487

3352.0060,1.8330,1.9178

3353.0060,1.8315,1.9178

3354.0060,1.8310,1.9281

3355.0060,1.8255,1.9230

3356.0060,1.8216,1.9127

3357.0120,1.8226,1.9333

3358.0060,1.8226,1.9333

3359.0060,1.8246,1.9435

3360.0060,1.8250,1.9281

3361.0070,1.8241,1.9384

3362.0070,1.8236,1.9127

3363.0060,1.8260,1.9435

3364.0060,1.8275,1.9435

3365.0070,1.8280,1.9281

3366.0060,1.8315,1.9487

3367.0060,1.8325,1.9435

3368.0060,1.8325,1.9333

3369.0060,1.8315,1.9333

3370.0060,1.8310,1.9230

3371.0060,1.8310,1.9384

3372.0060,1.8315,1.9178

3373.0060,1.8310,1.9384

3374.0070,1.8275,1.9075

3375.0060,1.8290,1.9435

3376.0070,1.8231,1.8869

3377.0060,1.8216,1.9281

3378.0070,1.8206,1.9230

3379.0070,1.8216,1.9435

3380.0060,1.8201,1.9075

3381.0060,1.8206,1.9435

3382.0060,1.8211,1.9230

3383.0060,1.8226,1.9538

3384.0060,1.8250,1.9333

3385.0060,1.8246,1.9384

3386.0060,1.8310,1.9538

3387.0060,1.8295,1.9127

3388.0060,1.8310,1.9384

3389.0060,1.8290,1.9230

3390.0060,1.8330,1.9487

3391.0070,1.8310,1.9230

3392.0060,1.8330,1.9435

3393.0060,1.8290,1.9127

3394.0110,1.8275,1.9178

3395.0060,1.8275,1.9384

3396.0070,1.8255,1.9333

3397.0070,1.8280,1.9384

3398.0060,1.8290,1.9487

3399.0060,1.8315,1.9487

3400.0060,1.8285,1.9178

3401.0060,1.8315,1.9538

3402.0060,1.8310,1.9384

3403.0060,1.8325,1.9281

3404.0060,1.8335,1.9281

3405.0060,1.8325,1.9281

3406.0060,1.8325,1.9333

3407.0060,1.8295,1.9075

3408.0060,1.8295,1.9487

3409.0060,1.8275,1.9281

3410.0060,1.8275,1.9178

3411.0060,1.8250,1.9281

3412.0060,1.8250,1.9384

3413.0070,1.8275,1.9538

3414.0060,1.8285,1.9384

3415.0060,1.8300,1.9435

3416.0060,1.8285,1.9178

3417.0060,1.8305,1.9281

3418.0060,1.8255,1.8972

3419.0060,1.8255,1.9281

3420.0060,1.8265,1.9281

3421.0060,1.8255,1.9178

3422.0060,1.8246,1.9281

3423.0060,1.8226,1.9333

3424.0060,1.8206,1.9178

3425.0060,1.8176,1.9127

3426.0070,1.8166,1.9075

3427.0060,1.8181,1.9435

3428.0060,1.8201,1.9178

3429.0060,1.8191,1.9178

3430.0070,1.8201,1.9384

3431.0060,1.8181,1.8972

3432.0060,1.8181,1.9281

3433.0070,1.8161,1.9127

3434.0060,1.8196,1.9538

3435.0060,1.8221,1.9384

3436.0060,1.8250,1.9384

3437.0060,1.8250,1.9435

3438.0070,1.8250,1.9178

3439.0060,1.8260,1.9281

3440.0060,1.8255,1.9333

3441.0060,1.8310,1.9538

3442.0060,1.8320,1.9384

3443.0060,1.8320,1.9127

3444.0060,1.8285,1.9178

3445.0070,1.8280,1.9333

3446.0060,1.8295,1.9538

3447.0060,1.8285,1.9333

3448.0060,1.8295,1.9281

3449.0060,1.8285,1.9178

3450.0060,1.8275,1.9230

3451.0060,1.8231,1.9075

3452.0070,1.8236,1.9435

3453.0060,1.8231,1.9075

3454.0060,1.8241,1.9281

3455.0060,1.8246,1.9384

3456.0060,1.8250,1.9590

3457.0060,1.8250,1.9333

3458.0060,1.8260,1.9384

3459.0060,1.8260,1.9178

3460.0060,1.8270,1.9333

3461.0060,1.8285,1.9230

3462.0060,1.8260,1.9178

3463.0060,1.8300,1.9487

3464.0060,1.8310,1.9384

3465.0060,1.8300,1.9281

3466.0060,1.8295,1.9538

3467.0060,1.8290,1.9281

3468.0060,1.8255,1.9024

3469.0070,1.8260,1.9230

3470.0070,1.8275,1.9487

3471.0060,1.8280,1.9281

3472.0060,1.8315,1.9538

3473.0060,1.8300,1.9333

3474.0060,1.8285,1.9230

3475.0070,1.8285,1.9281

3476.0060,1.8270,1.9384

3477.0060,1.8340,2.0001

3478.0070,1.8345,1.9075

3479.0070,1.8365,1.9435

3480.0060,1.8340,1.9230

3481.0060,1.8340,1.9281

3482.0060,1.8330,1.9435

3483.0060,1.8305,1.9075

3484.0060,1.8315,1.9333

3485.0060,1.8315,1.9281

3486.0060,1.8310,1.9333

3487.0060,1.8236,1.9230

3488.0070,1.8265,1.9384

3489.0060,1.8246,1.9230

3490.0060,1.8280,1.9590

3491.0060,1.8270,1.9178

3492.0060,1.8255,1.9281

3493.0060,1.8270,1.9230

3494.0060,1.8270,1.9333

3495.0060,1.8290,1.9487

3496.0060,1.8290,1.9333

3497.0060,1.8315,1.9487

3498.0060,1.8305,1.9281

3499.0070,1.8295,1.9127

3500.0060,1.8275,1.9384

3501.0060,1.8290,1.9333

3502.0060,1.8300,1.9384

3503.0060,1.8310,1.9333

3504.0060,1.8305,1.9281

3505.0060,1.8280,1.9230

3506.0060,1.8255,1.9075

3507.0060,1.8236,1.9281

3508.0070,1.8221,1.9127

3509.0060,1.8241,1.9333

3510.0060,1.8231,1.9281

3511.0060,1.8241,1.9435

3512.0060,1.8241,1.9384

3513.0060,1.8226,1.9178

3514.0060,1.8241,1.9435

3515.0060,1.8250,1.9333

3516.0060,1.8260,1.9178

3517.0070,1.8260,1.9281

3518.0060,1.8241,1.8921

3519.0060,1.8250,1.9435

3520.0060,1.8250,1.9281

3521.0060,1.8216,1.9075

3522.0060,1.8201,1.9230

3523.0070,1.8216,1.9333

3524.0060,1.8176,1.9024

3525.0060,1.8196,1.9538

3526.0060,1.8216,1.9384

3527.0060,1.8221,1.9333

3528.0060,1.8241,1.9127

3529.0060,1.8221,1.9230

3530.0060,1.8221,1.9281

3531.0070,1.8260,1.9487

3532.0060,1.8275,1.9384

3533.0070,1.8335,1.9950

3534.0080,1.8355,1.9230

3535.0060,1.8320,1.9178

3536.0060,1.8310,1.9281

3537.0060,1.8265,1.8869

3538.0070,1.8270,1.9178

3539.0060,1.8260,1.9127

3540.0060,1.8275,1.9435

3541.0060,1.8255,1.9281

3542.0060,1.8255,1.9384

3543.0060,1.8191,1.9281

3544.0060,1.8171,1.9024

3545.0060,1.8161,1.9075

3546.0060,1.8196,1.9641

3547.0060,1.8246,1.9384

3548.0060,1.8246,1.9178

3549.0060,1.8255,1.9230

3550.0060,1.8250,1.9384

3551.0060,1.8246,1.9230

3552.0060,1.8231,1.9230

3553.0060,1.8236,1.9333

3554.0060,1.8250,1.9178

3555.0060,1.8275,1.9333

3556.0060,1.8250,1.9384

3557.0060,1.8260,1.9487

3558.0060,1.8265,1.9230

3559.0060,1.8280,1.9384

3560.0060,1.8285,1.9435

3561.0060,1.8295,1.9333

3562.0060,1.8325,1.9538

3563.0060,1.8325,1.9333

3564.0060,1.8360,1.9538

3565.0060,1.8350,1.9230

3566.0060,1.8335,1.9230

3567.0070,1.8335,1.9487

3568.0060,1.8365,1.9538

3569.0060,1.8350,1.9230

3570.0060,1.8300,1.8921

3571.0080,1.8315,1.9487

3572.0060,1.8315,1.9538

3573.0060,1.8310,1.9281

3574.0060,1.8315,1.9590

3575.0060,1.8320,1.9281

3576.0060,1.8419,2.0259

3577.0060,1.8380,1.9075

3578.0070,1.8295,1.8664

3579.0060,1.8310,1.9384

3580.0060,1.8350,1.9333

3581.0060,1.8340,1.9384

3582.0060,1.8295,1.9075

3583.0060,1.8310,1.9435

3584.0060,1.8310,1.9590

3585.0070,1.8335,1.9538

3586.0060,1.8246,1.9333

3587.0060,1.8275,1.9384

3588.0070,1.8345,1.9384

3589.0060,1.8335,1.9281

3590.0060,1.8355,1.9538

3591.0060,1.8375,1.9590

3592.0060,1.8410,1.9435

3593.0060,1.8390,1.9230

3594.0060,1.8370,1.9384

3595.0080,1.8335,1.9178

3596.0060,1.8330,1.9281

3597.0060,1.8320,1.9281

3598.0060,1.8290,1.9075

3599.0060,1.8285,1.9230

3600.0070,1.8280,1.9487

3601.0080,1.8260,1.9384

3602.0060,1.8246,1.9281

3603.0060,1.8250,1.9281

3604.0060,1.8265,1.9538

3605.0060,1.8280,1.9333

3606.0060,1.8280,1.9281

3607.0060,1.8260,1.9075

3608.0070,1.8310,1.9590

3609.0060,1.8310,1.9230

3610.0070,1.8310,1.9487

3611.0060,1.8290,1.9178

3612.0060,1.8270,1.9075

3613.0060,1.8260,1.9178

3614.0060,1.8226,1.9178

3615.0060,1.8211,1.9178

3616.0060,1.8236,1.9538

3617.0060,1.8246,1.9178

3618.0060,1.8211,1.9230

3619.0060,1.8196,1.9075

3620.0080,1.8161,1.9127

3621.0060,1.8176,1.9333

3622.0060,1.8211,1.9435

3623.0060,1.8221,1.9281

3624.0070,1.8221,1.9178

3625.0060,1.8246,1.9435

3626.0060,1.8221,1.9281

3627.0060,1.8236,1.9333

3628.0070,1.8221,1.9075

3629.0060,1.8246,1.9333

3630.0060,1.8290,1.9590

3631.0060,1.8290,1.9333

3632.0060,1.8315,1.9693

3633.0060,1.8335,1.9487

3634.0060,1.8345,1.9281

3635.0060,1.8325,1.9230

3636.0070,1.8300,1.9024

3637.0060,1.8290,1.9230

3638.0060,1.8305,1.9230

3639.0060,1.8305,1.9333

3640.0070,1.8300,1.9538

3641.0060,1.8275,1.9075

3642.0060,1.8250,1.9435

3643.0060,1.8226,1.9230

3644.0060,1.8171,1.8715

3645.0070,1.8186,1.9384

3646.0080,1.8216,1.9333

3647.0070,1.8221,1.9281

3648.0060,1.8236,1.9384

3649.0060,1.8226,1.9230

3650.0060,1.8191,1.9178

3651.0060,1.8191,1.9075

3652.0060,1.8161,1.9127

3653.0060,1.8176,1.9384

3654.0060,1.8236,1.9333

3655.0070,1.8241,1.9435

3656.0060,1.8345,2.0413

3657.0060,1.8350,1.9333

3658.0060,1.8340,1.9281

3659.0060,1.8350,1.9333

3660.0070,1.8355,1.9230

3661.0060,1.8375,1.9281

3662.0060,1.8390,1.9281

3663.0070,1.8360,1.9075

3664.0060,1.8355,1.9281

3665.0060,1.8370,1.9590

3666.0070,1.8270,1.9384

3667.0060,1.8231,1.8921

3668.0060,1.8196,1.8921

3669.0060,1.8206,1.9435

3670.0060,1.8250,1.9693

3671.0060,1.8280,1.9590

3672.0060,1.8290,1.9384

3673.0060,1.8345,1.9641

3674.0060,1.8330,1.9127

3675.0060,1.8305,1.9333

3676.0060,1.8290,1.9230

3677.0060,1.8325,1.9281

3678.0060,1.8370,1.9384

3679.0060,1.8355,1.9281

3680.0060,1.8315,1.9281

3681.0060,1.8265,1.9075

3682.0070,1.8280,1.9538

3683.0070,1.8246,1.9281

3684.0060,1.8265,1.9333

3685.0060,1.8270,1.9384

3686.0060,1.8285,1.9384

3687.0060,1.8305,1.9487

3688.0060,1.8305,1.9384

3689.0070,1.8305,1.9281

3690.0070,1.8305,1.9281

3691.0060,1.8300,1.9024

3692.0060,1.8260,1.9127

3693.0060,1.8226,1.8921

3694.0060,1.8236,1.9435

3695.0060,1.8246,1.9487

3696.0060,1.8221,1.9127

3697.0060,1.8211,1.9384

3698.0060,1.8181,1.9075

3699.0060,1.8186,1.9333

3700.0060,1.8211,1.9538

3701.0060,1.8295,1.9898

3702.0070,1.8295,1.9127

3703.0060,1.8335,1.9333

3704.0060,1.8355,1.9641

3705.0060,1.8335,1.9281

3706.0060,1.8345,1.9230

3707.0060,1.8355,1.9487

3708.0060,1.8355,1.9075

3709.0060,1.8340,1.9178

3710.0060,1.8340,1.9538

3711.0060,1.8280,1.9281

3712.0080,1.8310,1.9435

3713.0060,1.8250,1.8715

3714.0070,1.8206,1.9178

3715.0060,1.8196,1.9178

3716.0060,1.8285,2.0156

3717.0060,1.8260,1.9230

3718.0060,1.8260,1.9075

3719.0060,1.8260,1.9178

3720.0060,1.8280,1.9744

3721.0060,1.8270,1.9178

3722.0060,1.8275,1.9487

3723.0060,1.8335,1.9333

3724.0060,1.8355,1.9384

3725.0070,1.8385,1.9487

3726.0060,1.8310,1.9384

3727.0060,1.8310,1.9230

3728.0060,1.8275,1.8715

3729.0060,1.8300,1.9435

3730.0070,1.8255,1.9281

3731.0060,1.8265,1.9281

3732.0060,1.8275,1.9590

3733.0060,1.8265,1.9230

3734.0060,1.8255,1.9281

3735.0070,1.8241,1.9333

3736.0060,1.8241,1.9384

3737.0060,1.8241,1.9230

3738.0070,1.8300,1.9333

3739.0060,1.8285,1.9281

3740.0060,1.8280,1.9230

3741.0060,1.8300,1.9487

3742.0060,1.8290,1.9487

3743.0060,1.8300,1.9333

3744.0060,1.8310,1.9384

3745.0060,1.8320,1.9435

3746.0060,1.8325,1.9435

3747.0060,1.8330,1.9281

3748.0060,1.8335,1.9384

3749.0060,1.8335,1.9281

3750.0060,1.8340,1.9281

3751.0070,1.8325,1.9333

3752.0060,1.8305,1.9281

3753.0060,1.8280,1.9075

3754.0060,1.8280,1.9384

3755.0060,1.8265,1.9281

3756.0070,1.8246,1.9230

3757.0070,1.8255,1.9384

3758.0060,1.8260,1.9435

3759.0060,1.8246,1.9127

3760.0060,1.8255,1.9384

3761.0060,1.8255,1.9333

3762.0060,1.8265,1.9384

3763.0070,1.8275,1.9178

3764.0060,1.8255,1.9178

3765.0060,1.8270,1.9435

3766.0060,1.8280,1.9333

3767.0060,1.8265,1.9230

3768.0060,1.8270,1.9487

3769.0060,1.8310,1.9538

3770.0070,1.8330,1.9590

3771.0070,1.8355,1.9590

3772.0060,1.8335,1.9178

3773.0060,1.8355,1.9384

3774.0060,1.8340,1.9024

3775.0060,1.8191,1.7892

3776.0060,1.8181,1.9230

3777.0060,1.8186,1.9281

3778.0060,1.8151,1.9127

3779.0060,1.8116,1.9178

3780.0060,1.8077,1.9178

3781.0060,1.8032,1.9127

3782.0060,1.8002,1.8869

3783.0060,1.7997,1.9333

3784.0060,1.8042,1.9487

3785.0060,1.8260,2.0156

3786.0060,1.8275,1.9384

3787.0060,1.8295,1.9487

3788.0060,1.8310,1.9281

3789.0060,1.8350,1.9590

3790.0060,1.8360,1.9281

3791.0070,1.8360,1.9127

3792.0070,1.8410,1.9384

3793.0060,1.8410,1.9333

3794.0070,1.8454,1.9950

3795.0060,1.8365,1.9230

3796.0060,1.8360,1.9333

3797.0060,1.8355,1.9435

3798.0060,1.8380,1.9538

3799.0060,1.8335,1.9127

3800.0060,1.8340,1.9333

3801.0060,1.8355,1.9281

3802.0080,1.8365,1.9487

3803.0060,1.8350,1.9178

3804.0060,1.8285,1.9281

3805.0060,1.8295,1.9333

3806.0070,1.8305,1.9435

3807.0060,1.8300,1.9384

3808.0060,1.8280,1.9333

3809.0070,1.8290,1.9230

3810.0060,1.8280,1.9230

3811.0060,1.8265,1.9127

3812.0060,1.8250,1.9333

3813.0060,1.8265,1.9333

3814.0060,1.8285,1.9487

3815.0060,1.8285,1.9333

3816.0060,1.8255,1.9127

3817.0060,1.8231,1.9127

3818.0060,1.8246,1.9487

3819.0070,1.8241,1.9178

3820.0080,1.8250,1.9333

3821.0060,1.8290,1.9538

3822.0060,1.8320,1.9641

3823.0060,1.8330,1.9435

3824.0060,1.8325,1.9435

3825.0060,1.8310,1.9178

3826.0080,1.8330,1.9333

3827.0060,1.8340,1.9230

3828.0060,1.8310,1.9178

3829.0060,1.8325,1.9333

3830.0060,1.8305,1.9127

3831.0060,1.8295,1.9435

3832.0060,1.8275,1.9435

3833.0060,1.8260,1.9281

3834.0060,1.8255,1.9384

3835.0060,1.8250,1.9127

3836.0060,1.8211,1.8921

3837.0060,1.8226,1.9384

3838.0060,1.8250,1.9435

3839.0060,1.8246,1.9281

3840.0060,1.8290,1.9590

3841.0080,1.8280,1.9333

3842.0060,1.8275,1.9384

3843.0060,1.8290,1.9435

3844.0060,1.8325,1.9744

3845.0060,1.8385,1.9744

3846.0060,1.8424,1.9333

3847.0060,1.8400,1.9127

3848.0060,1.8385,1.9281

3849.0060,1.8390,1.9333

3850.0060,1.8370,1.9384

3851.0060,1.8365,1.9281

3852.0060,1.8375,1.9487

3853.0060,1.8345,1.9127

3854.0060,1.8305,1.9333

3855.0060,1.8270,1.9384

3856.0060,1.8270,1.9333

3857.0060,1.8270,1.9127

3858.0060,1.8270,1.9281

3859.0070,1.8285,1.9487

3860.0060,1.8320,1.9744

3861.0070,1.8320,1.9281

3862.0070,1.8300,1.9281

3863.0070,1.8315,1.9281

3864.0060,1.8335,1.9538

3865.0060,1.8330,1.9333

3866.0060,1.8335,1.9384

3867.0060,1.8335,1.9127

3868.0060,1.8340,1.9333

3869.0060,1.8340,1.9487

3870.0060,1.8300,1.9333

3871.0060,1.8320,1.9487

3872.0060,1.8310,1.9178

3873.0060,1.8320,1.9384

3874.0060,1.8300,1.9333

3875.0060,1.8295,1.9281

3876.0060,1.8290,1.9333

3877.0060,1.8290,1.9127

3878.0060,1.8246,1.8869

3879.0060,1.8236,1.9384

3880.0060,1.8236,1.9333

3881.0060,1.8201,1.9127

3882.0060,1.8201,1.9178

3883.0060,1.8176,1.9127

3884.0060,1.8191,1.9487

3885.0060,1.8166,1.9024

3886.0060,1.8156,1.9230

3887.0060,1.8206,1.9641

3888.0060,1.8231,1.9127

3889.0060,1.8260,1.9693

3890.0060,1.8246,1.9178

3891.0060,1.8280,1.9487

3892.0060,1.8260,1.8972

3893.0060,1.8191,1.8406

3894.0060,1.8171,1.9281

3895.0060,1.8201,1.9333

3896.0060,1.8206,1.9281

3897.0060,1.8176,1.9333

3898.0060,1.8216,1.9538

3899.0060,1.8166,1.9178

3900.0060,1.8191,1.9435

3901.0060,1.8146,1.9024

3902.0060,1.8181,1.9333

3903.0060,1.8265,1.9281

3904.0060,1.8265,1.9281

3905.0060,1.8424,2.0979

3906.0060,1.8325,1.8252

3907.0070,1.8325,1.9333

3908.0070,1.8315,1.9435

3909.0060,1.8325,1.9281

3910.0060,1.8315,1.9333

3911.0070,1.8360,1.9487

3912.0060,1.8355,1.9281

3913.0060,1.8395,1.9693

3914.0060,1.8370,1.9024

3915.0060,1.8211,1.9333

3916.0070,1.8310,1.9281

3917.0060,1.8305,1.9281

3918.0060,1.8335,1.9744

3919.0060,1.8330,1.9230

3920.0060,1.8340,1.9435

3921.0060,1.8310,1.9178

3922.0060,1.8270,1.8869

3923.0070,1.8236,1.9333

3924.0070,1.8255,1.9230

3925.0060,1.8250,1.9281

3926.0060,1.8270,1.9487

3927.0060,1.8246,1.9024

3928.0060,1.8191,1.9178

3929.0060,1.8196,1.9281

3930.0060,1.8201,1.9487

3931.0060,1.8216,1.9333

3932.0060,1.8236,1.9075

3933.0060,1.8241,1.9384

3934.0060,1.8236,1.9178

3935.0060,1.8241,1.9333

3936.0060,1.8221,1.9281

3937.0060,1.8236,1.9178

3938.0070,1.8221,1.9024

3939.0060,1.8216,1.9230

3940.0060,1.8211,1.9435

3941.0070,1.8211,1.9333

3942.0060,1.8246,1.9435

3943.0060,1.8236,1.9281

3944.0070,1.8265,1.9487

3945.0070,1.8280,1.9487

3946.0070,1.8265,1.9127

3947.0060,1.8280,1.9333

3948.0060,1.8295,1.9178

3949.0070,1.8315,1.9435

3950.0060,1.8265,1.8921

3951.0060,1.8280,1.9487

3952.0060,1.8270,1.9333

3953.0060,1.8260,1.9178

3954.0060,1.8246,1.9333

3955.0060,1.8231,1.9333

3956.0060,1.8246,1.9281

3957.0060,1.8216,1.9024

3958.0060,1.8196,1.8972

3959.0060,1.8196,1.9435

3960.0070,1.8265,1.9641

3961.0070,1.8260,1.9435

3962.0060,1.8265,1.9384

3963.0060,1.8305,1.9590

3964.0060,1.8315,1.9435

3965.0060,1.8295,1.9127

3966.0070,1.8310,1.9435

3967.0060,1.8335,1.9281

3968.0070,1.8360,1.9230

3969.0060,1.8360,1.9435

3970.0060,1.8335,1.9384

3971.0060,1.8315,1.9230

3972.0060,1.8330,1.9538

3973.0060,1.8231,1.8561

3974.0060,1.8201,1.9127

3975.0060,1.8201,1.9127

3976.0060,1.8231,1.9744

3977.0060,1.8250,1.9487

3978.0070,1.8250,1.9230

3979.0060,1.8231,1.9230

3980.0060,1.8241,1.9487

3981.0060,1.8236,1.9178

3982.0070,1.8201,1.9178

3983.0060,1.8285,1.9435

3984.0060,1.8290,1.9178

3985.0070,1.8325,1.9487

3986.0060,1.8265,1.9127

3987.0060,1.8255,1.9384

3988.0060,1.8250,1.9178

3989.0070,1.8439,2.1185

3990.0060,1.8449,1.9590

3991.0060,1.8479,1.9487

3992.0060,1.8479,1.9178

3993.0060,1.8464,1.9281

3994.0060,1.8464,1.9178

3995.0060,1.8449,1.9333

3996.0070,1.8469,1.9333

3997.0060,1.8509,1.9796

3998.0060,1.8514,1.9230

3999.0060,1.8310,1.9075

4000.0060,1.8265,1.9127

4001.0060,1.8236,1.9178

4002.0060,1.8250,1.9333

4003.0060,1.8255,1.9333

4004.0070,1.8270,1.9333

4005.0060,1.8295,1.9590

4006.0060,1.8295,1.9333

4007.0070,1.8241,1.9230

4008.0060,1.8246,1.9281

4009.0060,1.8290,1.9538

4010.0060,1.8285,1.9075

4011.0060,1.8295,1.9281

4012.0070,1.8290,1.9281

4013.0060,1.8275,1.9178

4014.0070,1.8260,1.9178

4015.0060,1.8226,1.9230

4016.0060,1.8211,1.9178

4017.0060,1.8221,1.9333

4018.0070,1.8236,1.9435

4019.0060,1.8201,1.9178

4020.0060,1.8221,1.9281

4021.0070,1.8206,1.9127

4022.0060,1.8226,1.9487

4023.0060,1.8231,1.9230

4024.0060,1.8201,1.8869

4025.0060,1.8246,1.9693

4026.0060,1.8246,1.9178

4027.0060,1.8231,1.9178

4028.0060,1.8196,1.9075

4029.0060,1.8206,1.9281

4030.0060,1.8196,1.9178

4031.0060,1.8191,1.9075

4032.0060,1.8196,1.9538

4033.0060,1.8201,1.9281

4034.0060,1.8246,1.9333

4035.0060,1.8211,1.9333

4036.0060,1.8201,1.9075

4037.0060,1.8191,1.9075

4038.0060,1.8201,1.9178

4039.0060,1.8206,1.9333

4040.0060,1.8196,1.9075

4041.0060,1.8221,1.9333

4042.0070,1.8191,1.9230

4043.0060,1.8191,1.9281

4044.0060,1.8181,1.9230

4045.0070,1.8126,1.8767

4046.0060,1.8146,1.9281

4047.0060,1.8146,1.9075

4048.0060,1.8166,1.9384

4049.0060,1.8161,1.9281

4050.0060,1.8201,1.9487

4051.0070,1.8196,1.9281

4052.0060,1.8176,1.9024

4053.0060,1.8161,1.9127

4054.0060,1.8161,1.9230

4055.0070,1.8211,1.9281

4056.0060,1.8211,1.9281

4057.0060,1.8231,1.9281

4058.0070,1.8236,1.9435

4059.0060,1.8206,1.8972

4060.0060,1.8181,1.9230

4061.0060,1.8171,1.9178

4062.0060,1.8206,1.9384

4063.0060,1.8236,1.9435

4064.0060,1.8246,1.9333

4065.0060,1.8260,1.9435

4066.0060,1.8255,1.9230

4067.0060,1.8241,1.9127

4068.0060,1.8231,1.9333

4069.0060,1.8270,1.9384

4070.0060,1.8280,1.9333

4071.0060,1.8305,1.9435

4072.0060,1.8290,1.9230

4073.0070,1.8280,1.9333

4074.0070,1.8310,1.9641

4075.0060,1.8305,1.9384

4076.0060,1.8305,1.9230

4077.0060,1.8320,1.9281

4078.0060,1.8325,1.9384

4079.0060,1.8310,1.9230

4080.0060,1.8295,1.9178

4081.0060,1.8340,1.9898

4082.0060,1.8350,1.9333

4083.0060,1.8355,1.9384

4084.0060,1.8330,1.9384

4085.0060,1.8325,1.9333

4086.0070,1.8305,1.9024

4087.0060,1.8330,1.9538

4088.0060,1.8320,1.9281

4089.0060,1.8310,1.9127

4090.0060,1.8335,1.9435

4091.0060,1.8275,1.9281

4092.0060,1.8270,1.9281

4093.0060,1.8246,1.9127

4094.0060,1.8246,1.9384

4095.0060,1.8236,1.9230

4096.0070,1.8246,1.9127

4097.0060,1.8231,1.9384

4098.0060,1.8246,1.9435

4099.0060,1.8221,1.8869

4100.0060,1.8211,1.9333

4101.0070,1.8216,1.9333

4102.0060,1.8221,1.9333

4103.0060,1.8226,1.9178

4104.0060,1.8206,1.9178

4105.0060,1.8206,1.9230

4106.0060,1.8221,1.9281

4107.0060,1.8226,1.9435

4108.0060,1.8211,1.9281

4109.0060,1.8255,1.9333

4110.0060,1.8260,1.9384

4111.0060,1.8255,1.9281

4112.0060,1.8255,1.9333

4113.0060,1.8275,1.9384

4114.0060,1.8280,1.9230

4115.0060,1.8290,1.9333

4116.0070,1.8285,1.9230

4117.0060,1.8265,1.9230

4118.0060,1.8270,1.9333

4119.0060,1.8250,1.9127

4120.0060,1.8250,1.9384

4121.0060,1.8255,1.9333

4122.0060,1.8275,1.9538

4123.0060,1.8265,1.9281

4124.0060,1.8260,1.9178

4125.0060,1.8265,1.9384

4126.0060,1.8295,1.9538

4127.0060,1.8305,1.9333

4128.0070,1.8330,1.9590

4129.0060,1.8315,1.8972

4130.0060,1.8350,1.9744

4131.0060,1.8375,1.9590

4132.0060,1.8290,1.8664

4133.0060,1.8255,1.8921

4134.0060,1.8305,1.9693

4135.0060,1.8265,1.8972

4136.0060,1.8280,1.9693

4137.0060,1.8270,1.9230

4138.0060,1.8201,1.8869

4139.0060,1.8255,1.9538

4140.0060,1.8236,1.9538

4141.0060,1.8206,1.9281

4142.0060,1.8275,1.9384

4143.0060,1.8305,1.9230

4144.0060,1.8270,1.9333

4145.0070,1.8290,1.9178

4146.0060,1.8255,1.9333

4147.0070,1.8265,1.9333

4148.0060,1.8265,1.8869

4149.0070,1.8236,1.9230

4150.0060,1.8171,1.8869

4151.0060,1.8151,1.9075

4152.0060,1.8161,1.9487

4153.0070,1.8126,1.8869

4154.0060,1.8096,1.9024

4155.0060,1.8121,1.9435

4156.0060,1.8111,1.9230

4157.0060,1.8096,1.9178

4158.0060,1.8141,1.9333

4159.0060,1.8161,1.9435

4160.0060,1.8196,1.9230

4161.0070,1.8226,1.9384

4162.0060,1.8201,1.9230

4163.0060,1.8226,1.9127

4164.0060,1.8246,1.9230

4165.0060,1.8236,1.9333

4166.0060,1.8236,1.9230

4167.0060,1.8250,1.9333

4168.0060,1.8246,1.9281

4169.0060,1.8221,1.9178

4170.0070,1.8255,1.9590

4171.0060,1.8236,1.9178

4172.0060,1.8246,1.9333

4173.0060,1.8246,1.9127

4174.0070,1.8236,1.9127

4175.0060,1.8231,1.9281

4176.0060,1.8236,1.9281

4177.0060,1.8221,1.9178

4178.0070,1.8181,1.8869

4179.0060,1.8211,1.9487

4180.0060,1.8176,1.9230

4181.0070,1.8196,1.9384

4182.0060,1.8231,1.9693

4183.0060,1.8260,1.9435

4184.0060,1.8255,1.9075

4185.0060,1.8260,1.9333

4186.0070,1.8290,1.9590

4187.0070,1.8280,1.9075

4188.0060,1.8315,1.9230

4189.0070,1.8305,1.9384

4190.0060,1.8310,1.9281

4191.0060,1.8300,1.9281

4192.0060,1.8280,1.9487

4193.0060,1.8260,1.9230

4194.0060,1.8285,1.9333

4195.0070,1.8295,1.9435

4196.0060,1.8275,1.9384

4197.0060,1.8295,1.9281

4198.0060,1.8310,1.9384

4199.0070,1.8305,1.9333

4200.0060,1.8300,1.9230

4201.0060,1.8280,1.9075

4202.0070,1.8320,1.9898

4203.0060,1.8350,1.9538

4204.0070,1.8345,1.9281

4205.0060,1.8370,1.9693

4206.0060,1.8345,1.9127

4207.0070,1.8335,1.9178

4208.0060,1.8285,1.8869

4209.0060,1.8280,1.9281

4210.0060,1.8295,1.9384

4211.0060,1.8335,1.9487

4212.0060,1.8275,1.9281

4213.0060,1.8345,2.0259

4214.0060,1.8340,1.9230

4215.0070,1.8300,1.9281

4216.0060,1.8310,1.9230

4217.0070,1.8320,1.9281

4218.0060,1.8370,1.9384

4219.0060,1.8380,1.9384

4220.0060,1.8370,1.9281

4221.0060,1.8390,1.9693

4222.0060,1.8340,1.8767

4223.0060,1.8250,1.9333

4224.0070,1.8250,1.9230

4225.0070,1.8250,1.9281

4226.0060,1.8265,1.9384

4227.0070,1.8265,1.9281

4228.0060,1.8246,1.9178

4229.0060,1.8270,1.9641

4230.0060,1.8255,1.9127

4231.0070,1.8216,1.9281

4232.0070,1.8280,1.9435

4233.0070,1.8280,1.9333

4234.0060,1.8310,1.9538

4235.0060,1.8315,1.9333

4236.0060,1.8310,1.9333

4237.0060,1.8325,1.9435

4238.0060,1.8330,1.9230

4239.0060,1.8285,1.9178

4240.0070,1.8355,1.9847

4241.0060,1.8350,1.9230

4242.0060,1.8340,1.9333

4243.0060,1.8320,1.9127

4244.0060,1.8275,1.9075

4245.0060,1.8265,1.9230

4246.0060,1.8250,1.9178

4247.0060,1.8246,1.9384

4248.0060,1.8270,1.9487

4249.0060,1.8280,1.9281

4250.0060,1.8236,1.9384

4251.0060,1.8226,1.9127

4252.0070,1.8211,1.9178

4253.0060,1.8206,1.9075

4254.0060,1.8246,1.9487

4255.0070,1.8255,1.9333

4256.0060,1.8275,1.9384

4257.0060,1.8395,2.0619

4258.0060,1.8365,1.9178

4259.0060,1.8355,1.9178

4260.0070,1.8355,1.9384

4261.0060,1.8370,1.9281

4262.0060,1.8390,1.9384

4263.0060,1.8414,1.9333

4264.0060,1.8405,1.9384

4265.0060,1.8410,1.9384

4266.0060,1.8400,1.9281

4267.0060,1.8265,1.9230

4268.0060,1.8265,1.9178

4269.0060,1.8265,1.9178

4270.0060,1.8270,1.9435

4271.0070,1.8275,1.9333

4272.0060,1.8310,1.9744

4273.0060,1.8300,1.9230

4274.0060,1.8265,1.9024

4275.0060,1.8226,1.8972

4276.0060,1.8216,1.9178

4277.0060,1.8221,1.9281

4278.0070,1.8236,1.9333

4279.0060,1.8231,1.9127

4280.0070,1.8226,1.9384

4281.0060,1.8206,1.9127

4282.0060,1.8216,1.9847

4283.0070,1.8221,1.9281

4284.0060,1.8196,1.8767

4285.0060,1.8226,1.9281

4286.0060,1.8221,1.9127

4287.0070,1.8231,1.9384

4288.0060,1.8246,1.9487

4289.0060,1.8246,1.9127

4290.0060,1.8241,1.9333

4291.0070,1.8246,1.9178

4292.0070,1.8191,1.9281

4293.0060,1.8221,1.9590

4294.0060,1.8255,1.9127

4295.0060,1.8250,1.9230

4296.0060,1.8260,1.9230

4297.0060,1.8241,1.9178

4298.0060,1.8211,1.9178

4299.0060,1.8241,1.9435

4300.0060,1.8231,1.9230

4301.0060,1.8300,1.9898

4302.0060,1.8315,1.9435

4303.0060,1.8280,1.9230

4304.0060,1.8295,1.9281

4305.0070,1.8295,1.9230

4306.0060,1.8310,1.9384

4307.0060,1.8330,1.9384

4308.0060,1.8350,1.9384

4309.0060,1.8335,1.9281

4310.0060,1.8330,1.9178

4311.0070,1.8270,1.9281

4312.0070,1.8231,1.9024

4313.0060,1.8231,1.9230

4314.0060,1.8236,1.9333

4315.0070,1.8260,1.9487

4316.0060,1.8241,1.9178

4317.0060,1.8231,1.9281

4318.0070,1.8206,1.9127

4319.0060,1.8216,1.9384

4320.0070,1.8206,1.9075

4321.0060,1.8221,1.9435

4322.0060,1.8246,1.9281

4323.0060,1.8241,1.9178

4324.0060,1.8246,1.9384

4325.0060,1.8236,1.9384

4326.0060,1.8236,1.9178

4327.0060,1.8226,1.9178

4328.0060,1.8226,1.9127

4329.0060,1.8255,1.9693

4330.0060,1.8255,1.9075

4331.0060,1.8260,1.9487

4332.0060,1.8250,1.9178

4333.0060,1.8265,1.9333

4334.0060,1.8260,1.9333

4335.0070,1.8231,1.9075

4336.0060,1.8246,1.9333

4337.0060,1.8250,1.9230

4338.0060,1.8226,1.8869

4339.0060,1.8166,1.9075

4340.0060,1.8176,1.9178

4341.0070,1.8161,1.9333

4342.0060,1.8146,1.9024

4343.0060,1.8131,1.9178

4344.0060,1.8161,1.9641

4345.0060,1.8161,1.9075

4346.0060,1.8166,1.9384

4347.0070,1.8191,1.9487

4348.0070,1.8221,1.9178

4349.0070,1.8231,1.9178

4350.0060,1.8221,1.9075

4351.0060,1.8226,1.9384

4352.0060,1.8236,1.9127

4353.0060,1.8250,1.9333

4354.0060,1.8231,1.9435

4355.0060,1.8250,1.9281

4356.0060,1.8226,1.9127

4357.0060,1.8191,1.9127

4358.0060,1.8196,1.9230

4359.0060,1.8201,1.9230

4360.0070,1.8216,1.9230

4361.0060,1.8206,1.9281

4362.0060,1.8216,1.9230

4363.0060,1.8196,1.9127

4364.0060,1.8191,1.9384

4365.0060,1.8206,1.9435

4366.0060,1.8196,1.9024

4367.0060,1.8226,1.9435

4368.0070,1.8216,1.9127

4369.0060,1.8221,1.9281

4370.0070,1.8226,1.9281

4371.0060,1.8216,1.9178

4372.0060,1.8231,1.9384

4373.0080,1.8226,1.9075

4374.0060,1.8226,1.9384

4375.0060,1.8196,1.9127

4376.0060,1.8221,1.9281

4377.0060,1.8186,1.9075

4378.0060,1.8191,1.9178

4379.0060,1.8216,1.9538

4380.0060,1.8255,1.9693

4381.0060,1.8275,1.9384

4382.0060,1.8280,1.9435

4383.0070,1.8265,1.8921

4384.0060,1.8260,1.9333

4385.0060,1.8295,1.9487

4386.0070,1.8290,1.9230

4387.0060,1.8295,1.9127

4388.0080,1.8285,1.9075

4389.0060,1.8260,1.9281

4390.0060,1.8275,1.9847

4391.0070,1.8270,1.9333

4392.0060,1.8241,1.9127

4393.0060,1.8290,1.9435

4394.0060,1.8290,1.9333

4395.0060,1.8250,1.9075

4396.0060,1.8236,1.9075

4397.0060,1.8250,1.9281

4398.0060,1.8280,1.9384

4399.0070,1.8270,1.9178

4400.0060,1.8211,1.9230

4401.0060,1.8216,1.9384

4402.0060,1.8246,1.9435

4403.0060,1.8196,1.8921

4404.0060,1.8181,1.9178

4405.0060,1.8196,1.9230

4406.0060,1.8211,1.9230

4407.0060,1.8211,1.9281

4408.0060,1.8191,1.9178

4409.0060,1.8250,1.9796

4410.0060,1.8270,1.9435

4411.0060,1.8265,1.9333

4412.0060,1.8265,1.9435

4413.0060,1.8310,1.9384

4414.0070,1.8295,1.9024

4415.0060,1.8310,1.9384

4416.0060,1.8315,1.9281

4417.0060,1.8320,1.9333

4418.0060,1.8335,1.9333

4419.0060,1.8280,1.9230

4420.0060,1.8290,1.9538

4421.0060,1.8280,1.9230

4422.0060,1.8275,1.9384

4423.0060,1.8275,1.9384

4424.0060,1.8305,1.9333

4425.0060,1.8310,1.9435

4426.0060,1.8320,1.9384

4427.0060,1.8300,1.9127

4428.0060,1.8315,1.9487

4429.0060,1.8350,1.9590

4430.0070,1.8340,1.9435

4431.0070,1.8340,1.9230

4432.0060,1.8345,1.9435

4433.0060,1.8320,1.9127

4434.0060,1.8335,1.9487

4435.0060,1.8310,1.9178

4436.0060,1.8295,1.9230

4437.0060,1.8360,1.9796

4438.0060,1.8345,1.9333

4439.0060,1.8330,1.9435

4440.0060,1.8295,1.9075

4441.0070,1.8290,1.9178

4442.0060,1.8270,1.9230

4443.0060,1.8250,1.8921

4444.0070,1.8255,1.9538

4445.0070,1.8305,1.9693

4446.0060,1.8325,1.9435

4447.0070,1.8265,1.9178

4448.0060,1.8265,1.9333

4449.0060,1.8211,1.8869

4450.0070,1.8226,1.9230

4451.0060,1.8246,1.9384

4452.0060,1.8270,1.9487

4453.0060,1.8290,1.9127

4454.0060,1.8255,1.9178

4455.0060,1.8201,1.9127

4456.0060,1.8211,1.9538

4457.0060,1.8226,1.9333

4458.0060,1.8231,1.9384

4459.0060,1.8285,1.9435

4460.0060,1.8275,1.9127

4461.0060,1.8255,1.9178

4462.0060,1.8211,1.9024

4463.0060,1.8221,1.9230

4464.0070,1.8201,1.8972

4465.0060,1.8221,1.9333

4466.0060,1.8191,1.9230

4467.0060,1.8201,1.9435

4468.0070,1.8206,1.9435

4469.0060,1.8201,1.9384

4470.0060,1.8226,1.9384

4471.0060,1.8246,1.9384

4472.0070,1.8280,1.9384

4473.0060,1.8285,1.9281

4474.0060,1.8325,1.9384

4475.0060,1.8315,1.9230

4476.0060,1.8330,1.9384

4477.0060,1.8320,1.9333

4478.0060,1.8305,1.9281

4479.0060,1.8265,1.8972

4480.0060,1.8280,1.9538

4481.0060,1.8260,1.9178

4482.0060,1.8275,1.9538

4483.0070,1.8290,1.9435

4484.0070,1.8270,1.9178

4485.0060,1.8265,1.9178

4486.0070,1.8260,1.9333

4487.0070,1.8265,1.9384

4488.0060,1.8246,1.9075

4489.0060,1.8275,1.9281

4490.0070,1.8265,1.9435

4491.0060,1.8285,1.9384

4492.0060,1.8270,1.9384

4493.0060,1.8255,1.9281

4494.0060,1.8270,1.9333

4495.0060,1.8315,1.9641

4496.0060,1.8325,1.9435

4497.0060,1.8305,1.9178

4498.0060,1.8315,1.9178

4499.0060,1.8310,1.9230

4500.0060,1.8315,1.9487

4501.0060,1.8275,1.8972

4502.0060,1.8265,1.9281

4503.0060,1.8270,1.9333

4504.0060,1.8270,1.9333

4505.0060,1.8250,1.9435

4506.0060,1.8226,1.9178

4507.0060,1.8246,1.9384

4508.0070,1.8280,1.9538

4509.0060,1.8290,1.9333

4510.0060,1.8255,1.9127

4511.0060,1.8285,1.9281

4512.0060,1.8265,1.9075

4513.0060,1.8290,1.9590

4514.0060,1.8285,1.9281

4515.0060,1.8265,1.9230

4516.0060,1.8280,1.9333

4517.0060,1.8285,1.9435

4518.0060,1.8270,1.9384

4519.0060,1.8260,1.9230

4520.0060,1.8275,1.9281

4521.0060,1.8285,1.9384

4522.0060,1.8305,1.9281

4523.0060,1.8250,1.9024

4524.0060,1.8250,1.9281

4525.0070,1.8260,1.9333

4526.0070,1.8236,1.9075

4527.0060,1.8236,1.9435

4528.0060,1.8211,1.9127

4529.0060,1.8221,1.9333

4530.0060,1.8226,1.9333

4531.0060,1.8231,1.9435

4532.0060,1.8216,1.9127

4533.0060,1.8260,1.9487

4534.0070,1.8241,1.9075

4535.0060,1.8226,1.9178

4536.0060,1.8236,1.9178

4537.0060,1.8206,1.9127

4538.0060,1.8211,1.9178

4539.0060,1.8211,1.9333

4540.0060,1.8221,1.9435

4541.0060,1.8191,1.9127

4542.0060,1.8211,1.9333

4543.0060,1.8171,1.9075

4544.0060,1.8166,1.9024

4545.0060,1.8176,1.9281

4546.0060,1.8191,1.9333

4547.0060,1.8181,1.9024

4548.0060,1.8186,1.9230

4549.0060,1.8196,1.9435

4550.0060,1.8186,1.9333

4551.0060,1.8226,1.9538

4552.0060,1.8275,1.9847

4553.0060,1.8295,1.9281

4554.0060,1.8295,1.9024

4555.0060,1.8290,1.9230

4556.0060,1.8295,1.9384

4557.0060,1.8315,1.9230

4558.0060,1.8305,1.9127

4559.0060,1.8305,1.9435

4560.0060,1.8310,1.9384

4561.0060,1.8300,1.9435

4562.0060,1.8250,1.9333

4563.0070,1.8241,1.9178

4564.0060,1.8260,1.9230

4565.0060,1.8265,1.9281

4566.0060,1.8226,1.8972

4567.0060,1.8246,1.9435

4568.0060,1.8265,1.9333

4569.0070,1.8280,1.9590

4570.0060,1.8295,1.9538

4571.0070,1.8280,1.9281

4572.0060,1.8295,1.9487

4573.0060,1.8290,1.9127

4574.0060,1.8305,1.9384

4575.0070,1.8295,1.9178

4576.0060,1.8320,1.9230

4577.0060,1.8275,1.8972

4578.0060,1.8300,1.9590

4579.0060,1.8270,1.9281

4580.0070,1.8241,1.9230

4581.0060,1.8241,1.9281

4582.0070,1.8250,1.9590

4583.0060,1.8265,1.9281

4584.0060,1.8280,1.9538

4585.0060,1.8275,1.9127

4586.0060,1.8285,1.9333

4587.0060,1.8315,1.9281

4588.0060,1.8290,1.9333

4589.0060,1.8330,1.9693

4590.0060,1.8350,1.9435

4591.0060,1.8330,1.9075

4592.0070,1.8285,1.9127

4593.0060,1.8300,1.9435

4594.0070,1.8285,1.9384

4595.0060,1.8300,1.9281

4596.0070,1.8275,1.9075

4597.0060,1.8275,1.9281

4598.0060,1.8265,1.9230

4599.0060,1.8255,1.9590

4600.0060,1.8250,1.9384

4601.0070,1.8275,1.9333

4602.0060,1.8270,1.9075

4603.0060,1.8260,1.9333

4604.0060,1.8250,1.9281

4605.0060,1.8231,1.9075

4606.0060,1.8260,1.9384

4607.0070,1.8275,1.9435

4608.0070,1.8275,1.9230

4609.0060,1.8236,1.9178

4610.0060,1.8231,1.9333

4611.0070,1.8226,1.9281

4612.0060,1.8260,1.9435

4613.0060,1.8255,1.9281

4614.0060,1.8201,1.8715

4615.0060,1.8191,1.8972

4616.0060,1.8176,1.9230

4617.0060,1.8161,1.9281

4618.0060,1.8156,1.9178

4619.0070,1.8171,1.9333

4620.0060,1.8181,1.9435

4621.0060,1.8255,2.0053

4622.0060,1.8236,1.9230

4623.0060,1.8241,1.9333

4624.0060,1.8300,1.9333

4625.0060,1.8340,1.9384

4626.0060,1.8370,1.9538

4627.0060,1.8265,1.8201

4628.0060,1.8295,1.9487

4629.0060,1.8310,1.9487

4630.0060,1.8280,1.9127

4631.0060,1.8206,1.9281

4632.0060,1.8186,1.9024

4633.0060,1.8206,1.9538

4634.0060,1.8186,1.9127

4635.0060,1.8206,1.9590

4636.0060,1.8181,1.9281

4637.0060,1.8275,1.9178

4638.0070,1.8275,1.9487

4639.0060,1.8275,1.9487

4640.0060,1.8295,1.9333

4641.0060,1.8300,1.9333

4642.0070,1.8345,1.9487

4643.0060,1.8290,1.8972

4644.0060,1.8310,1.9333

4645.0060,1.8285,1.9333

4646.0060,1.8320,1.9641

4647.0060,1.8330,1.9281

4648.0060,1.8330,1.9487

4649.0060,1.8310,1.9281

4650.0060,1.8315,1.9384

4651.0070,1.8335,1.9538

4652.0060,1.8335,1.9487

4653.0060,1.8355,1.9178

4654.0060,1.8345,1.9230

4655.0060,1.8325,1.9127

4656.0060,1.8285,1.9230

4657.0060,1.8300,1.9435

4658.0060,1.8275,1.9230

4659.0060,1.8285,1.9384

4660.0060,1.8270,1.9230

4661.0060,1.8250,1.9333

4662.0060,1.8236,1.9333

4663.0060,1.8270,1.9538

4664.0060,1.8285,1.9384

4665.0070,1.8325,1.9538

4666.0070,1.8335,1.9333

4667.0060,1.8315,1.9230

4668.0060,1.8315,1.9230

4669.0060,1.8310,1.9333

4670.0060,1.8295,1.9075

4671.0060,1.8295,1.9333

4672.0060,1.8300,1.9384

4673.0060,1.8265,1.9178

4674.0060,1.8255,1.9281

4675.0060,1.8221,1.9178

4676.0060,1.8226,1.9384

4677.0060,1.8231,1.9281

4678.0060,1.8241,1.9333

4679.0060,1.8250,1.9435

4680.0070,1.8285,1.9435

4681.0060,1.8290,1.9384

4682.0060,1.8280,1.9281

4683.0060,1.8285,1.9230

4684.0070,1.8265,1.9075

4685.0060,1.8275,1.9281

4686.0070,1.8231,1.8921

4687.0070,1.8211,1.9075

4688.0060,1.8196,1.9178

4689.0060,1.8191,1.9384

4690.0060,1.8181,1.9333

4691.0070,1.8196,1.9538

4692.0060,1.8186,1.9178

4693.0060,1.8186,1.9230

4694.0060,1.8211,1.9333

4695.0060,1.8221,1.9384

4696.0060,1.8265,1.9384

4697.0060,1.8360,2.0053

4698.0070,1.8380,1.9384

4699.0060,1.8380,1.9384

4700.0060,1.8390,1.9435

4701.0060,1.8370,1.9333

4702.0060,1.8410,1.9590

4703.0060,1.8400,1.9127

4704.0060,1.8390,1.9230

4705.0060,1.8370,1.9178

4706.0060,1.8375,1.9435

4707.0060,1.8310,1.9384

4708.0060,1.8295,1.9230

4709.0070,1.8290,1.9333

4710.0070,1.8265,1.9178

4711.0080,1.8265,1.9333

4712.0060,1.8241,1.9333

4713.0060,1.8275,1.9487

4714.0070,1.8290,1.9384

4715.0080,1.8270,1.8972

4716.0070,1.8250,1.9230

4717.0060,1.8280,1.9693

4718.0060,1.8290,1.9333

4719.0060,1.8260,1.9024

4720.0060,1.8246,1.9024

4721.0060,1.8236,1.9230

4722.0060,1.8231,1.9281

4723.0060,1.8216,1.9333

4724.0060,1.8216,1.9384

4725.0070,1.8260,1.9435

4726.0060,1.8270,1.9333

4727.0060,1.8216,1.9127

4728.0060,1.8206,1.9230

4729.0060,1.8250,1.9487

4730.0060,1.8290,1.9435

4731.0060,1.8305,1.9384

4732.0070,1.8295,1.9178

4733.0060,1.8295,1.9333

4734.0060,1.8285,1.9281

4735.0070,1.8335,1.9950

4736.0060,1.8315,1.9127

4737.0060,1.8290,1.8869

4738.0060,1.8285,1.9178

4739.0060,1.8275,1.9384

4740.0060,1.8241,1.9075

4741.0060,1.8196,1.8921

4742.0060,1.8191,1.9127

4743.0060,1.8186,1.9281

4744.0060,1.8161,1.9024

4745.0070,1.8086,1.9178

4746.0060,1.8106,1.9333

4747.0060,1.8136,1.9178

4748.0060,1.8126,1.9075

4749.0070,1.8131,1.9435

4750.0060,1.8166,1.9435

4751.0060,1.8211,1.9384

4752.0060,1.8191,1.8921

4753.0060,1.8206,1.9435

4754.0060,1.8236,1.9333

4755.0060,1.8246,1.9281

4756.0060,1.8241,1.9281

4757.0060,1.8265,1.9435

4758.0060,1.8310,1.9538

4759.0070,1.8315,1.9487

4760.0070,1.8300,1.9281

4761.0060,1.8295,1.9333

4762.0060,1.8305,1.9024

4763.0060,1.8295,1.9333

4764.0060,1.8260,1.8972

4765.0060,1.8231,1.8972

4766.0070,1.8241,1.9384

4767.0060,1.8231,1.9333

4768.0060,1.8221,1.9435

4769.0060,1.8186,1.9127

4770.0060,1.8201,1.9435

4771.0060,1.8206,1.9384

4772.0060,1.8231,1.9281

4773.0070,1.8241,1.9435

4774.0060,1.8290,1.9487

4775.0060,1.8305,1.9127

4776.0060,1.8300,1.9333

4777.0060,1.8300,1.9333

4778.0060,1.8300,1.9435

4779.0060,1.8320,1.9333

4780.0060,1.8335,1.9590

4781.0060,1.8330,1.9333

4782.0060,1.8350,1.9487

4783.0060,1.8310,1.9024

4784.0060,1.8290,1.9281

4785.0070,1.8260,1.8818

4786.0070,1.8241,1.9127

4787.0060,1.8241,1.9333

4788.0060,1.8236,1.9384

4789.0060,1.8226,1.9230

4790.0060,1.8201,1.9333

4791.0060,1.8206,1.9384

4792.0060,1.8201,1.9435

4793.0070,1.8236,1.9384

4794.0060,1.8216,1.9075

4795.0070,1.8241,1.9075

4796.0060,1.8106,1.7738

4797.0060,1.8106,1.9333

4798.0080,1.8101,1.9333

4799.0060,1.8106,1.9281

4800.0060,1.8096,1.9230

4801.0060,1.8086,1.9281

4802.0060,1.8081,1.9384

4803.0060,1.8067,1.9230

4804.0060,1.8077,1.9178

4805.0060,1.8091,1.9230

4806.0060,1.8255,1.9435

4807.0060,1.8270,1.9487

4808.0060,1.8260,1.9230

4809.0060,1.8250,1.9178

4810.0060,1.8246,1.9178

4811.0060,1.8246,1.9281

4812.0060,1.8231,1.9230

4813.0060,1.8236,1.9281

4814.0060,1.8305,1.9898

4815.0060,1.8320,1.9384

4816.0060,1.8345,1.9693

4817.0060,1.8330,1.9333

4818.0060,1.8340,1.9333

4819.0060,1.8365,1.9435

4820.0060,1.8390,1.9435

4821.0060,1.8405,1.9435

4822.0060,1.8410,1.9281

4823.0060,1.8429,1.9487

4824.0060,1.8380,1.9384

4825.0060,1.8375,1.9333

4826.0060,1.8320,1.9127

4827.0060,1.8330,1.9435

4828.0060,1.8320,1.9230

4829.0060,1.8310,1.9333

4830.0060,1.8330,1.9641

4831.0060,1.8290,1.9024

4832.0060,1.8295,1.9333

4833.0060,1.8290,1.9435

4834.0060,1.8285,1.9333

4835.0060,1.8280,1.9281

4836.0060,1.8295,1.9281

4837.0060,1.8280,1.9281

4838.0060,1.8300,1.9435

4839.0060,1.8285,1.9178

4840.0070,1.8275,1.9538

4841.0060,1.8300,1.9281

4842.0070,1.8280,1.9127

4843.0060,1.8260,1.9230

4844.0070,1.8255,1.9281

4845.0060,1.8255,1.9281

4846.0060,1.8236,1.9075

4847.0060,1.8305,2.0001

4848.0060,1.8285,1.9230

4849.0060,1.8300,1.9333

4850.0060,1.8275,1.9281

4851.0060,1.8265,1.9178

4852.0060,1.8231,1.8767

4853.0060,1.8236,1.9281

4854.0070,1.8231,1.9230

4855.0060,1.8241,1.9384

4856.0070,1.8260,1.9281

4857.0070,1.8181,1.9178

4858.0060,1.8206,1.9487

4859.0060,1.8216,1.9435

4860.0060,1.8216,1.9281

4861.0060,1.8231,1.9333

4862.0060,1.8295,1.9435

4863.0060,1.8290,1.9230

4864.0060,1.8295,1.9281

4865.0060,1.8280,1.9230

4866.0060,1.8275,1.9230

4867.0060,1.8290,1.9333

4868.0060,1.8285,1.9435

4869.0070,1.8265,1.9230

4870.0060,1.8260,1.9230

4871.0060,1.8285,1.9590

4872.0060,1.8255,1.9127

4873.0060,1.8255,1.9230

4874.0070,1.8260,1.9333

4875.0060,1.8265,1.9281

4876.0060,1.8246,1.9024

4877.0060,1.8250,1.9384

4878.0060,1.8260,1.9538

4879.0060,1.8310,1.9744

4880.0060,1.8305,1.9178

4881.0060,1.8300,1.9538

4882.0060,1.8315,1.9281

4883.0060,1.8280,1.8869

4884.0060,1.8280,1.9333

4885.0060,1.8290,1.9384

4886.0070,1.8345,1.9590

4887.0060,1.8340,1.9333

4888.0060,1.8325,1.9384

4889.0060,1.8300,1.9487

4890.0060,1.8285,1.9024

4891.0060,1.8260,1.9281

4892.0060,1.8275,1.9435

4893.0060,1.8325,1.9384

4894.0060,1.8320,1.9281

4895.0060,1.8315,1.9333

4896.0060,1.8290,1.9333

4897.0060,1.8325,1.9693

4898.0060,1.8330,1.9435

4899.0060,1.8295,1.9127

4900.0060,1.8310,1.9178

4901.0060,1.8305,1.9230

4902.0070,1.8295,1.9333

4903.0070,1.8295,1.9384

4904.0060,1.8300,1.9333

4905.0060,1.8305,1.9384

4906.0070,1.8310,1.9384

4907.0060,1.8280,1.9384

4908.0060,1.8275,1.9384

4909.0060,1.8290,1.9281

4910.0060,1.8335,1.9641

4911.0070,1.8345,1.9333

4912.0060,1.8335,1.9230

4913.0070,1.8335,1.9384

4914.0060,1.8330,1.9281

4915.0060,1.8300,1.9075

4916.0060,1.8275,1.9127

4917.0070,1.8275,1.9384

4918.0060,1.8280,1.9435

4919.0060,1.8275,1.9230

4920.0060,1.8255,1.9435

4921.0060,1.8270,1.9487

4922.0060,1.8260,1.9127

4923.0060,1.8250,1.9281

4924.0060,1.8260,1.9384

4925.0060,1.8275,1.9230

4926.0070,1.8280,1.9178

4927.0060,1.8265,1.9230

4928.0060,1.8285,1.9641

4929.0060,1.8290,1.9281

4930.0060,1.8275,1.9281

4931.0060,1.8255,1.9281

4932.0060,1.8285,1.9435

4933.0070,1.8290,1.9333

4934.0060,1.8310,1.9590

4935.0060,1.8315,1.9281

4936.0070,1.8300,1.9024

4937.0060,1.8310,1.9333

4938.0060,1.8265,1.9178

4939.0060,1.8260,1.9230

4940.0060,1.8270,1.9384

4941.0070,1.8270,1.9281

4942.0060,1.8270,1.9435

4943.0060,1.8260,1.9230

4944.0070,1.8236,1.9333

4945.0060,1.8236,1.9281

4946.0060,1.8270,1.9384

4947.0060,1.8265,1.9281

4948.0080,1.8275,1.9281

4949.0060,1.8290,1.9384

4950.0060,1.8270,1.9178

4951.0060,1.8270,1.9281

4952.0060,1.8246,1.9178

4953.0060,1.8250,1.9281

4954.0060,1.8241,1.9230

4955.0060,1.8275,1.9641

4956.0070,1.8315,1.9796

4957.0060,1.8355,1.9693

4958.0060,1.8335,1.9075

4959.0070,1.8320,1.9230

4960.0060,1.8434,2.0362

4961.0060,1.8449,1.9435

4962.0060,1.8484,1.9538

4963.0060,1.8494,1.9384

4964.0060,1.8499,1.9281

4965.0060,1.8449,1.9127

4966.0060,1.8429,1.9590

4967.0060,1.8424,1.9641

4968.0070,1.8464,1.9487

4969.0060,1.8464,1.9230

4970.0060,1.8370,1.9384

4971.0070,1.8370,1.9435

4972.0060,1.8330,1.9127

4973.0070,1.8310,1.9178

4974.0060,1.8295,1.9127

4975.0060,1.8310,1.9281

4976.0060,1.8265,1.9127

4977.0060,1.8211,1.9075

4978.0060,1.8196,1.9333

4979.0060,1.8211,1.9384

4980.0070,1.8231,1.9590

4981.0060,1.8231,1.9435

4982.0060,1.8246,1.9281

4983.0060,1.8275,1.9487

4984.0060,1.8295,1.9333

4985.0060,1.8295,1.9281

4986.0060,1.8320,1.9384

4987.0070,1.8345,1.9333

4988.0060,1.8355,1.9435

4989.0060,1.8355,1.9384

4990.0060,1.8310,1.9127

4991.0060,1.8290,1.9230

4992.0080,1.8111,1.7429

4993.0060,1.8106,1.9435

4994.0060,1.8096,1.9230

4995.0070,1.8081,1.9127

4996.0060,1.8062,1.9178

4997.0060,1.8067,1.9384

4998.0060,1.8017,1.8921

4999.0060,1.7992,1.9127

5000.0060,1.7997,1.9178

5001.0060,1.8027,1.9538

5002.0070,1.8216,1.9384

5003.0060,1.8196,1.9230

5004.0060,1.8211,1.9384

5005.0070,1.8226,1.9281

5006.0070,1.8250,1.9435

5007.0060,1.8221,1.9075

5008.0060,1.8280,1.9538

5009.0070,1.8315,1.9487

5010.0060,1.8320,1.9230

5011.0060,1.8290,1.9230

5012.0060,1.8290,1.9384

5013.0060,1.8270,1.9024

5014.0060,1.8270,1.9384

5015.0070,1.8265,1.9230

5016.0060,1.8236,1.9127

5017.0060,1.8265,1.9384

5018.0060,1.8211,1.8972

5019.0060,1.8196,1.9333

5020.0060,1.8191,1.9178

5021.0060,1.8196,1.9281

5022.0060,1.8211,1.9538

5023.0060,1.8236,1.9281

5024.0060,1.8255,1.9590

5025.0070,1.8236,1.9024

5026.0060,1.8255,1.9333

5027.0060,1.8260,1.9435

5028.0060,1.8300,1.9384

5029.0060,1.8275,1.9075

5030.0060,1.8285,1.9281

5031.0060,1.8320,1.9641

5032.0060,1.8305,1.9384

5033.0060,1.8290,1.9127

5034.0060,1.8265,1.9333

5035.0060,1.8270,1.9075

5036.0060,1.8255,1.9178

5037.0060,1.8255,1.9435

5038.0060,1.8231,1.9127

5039.0060,1.8255,1.9333

5040.0060,1.8260,1.9333

5041.0060,1.8236,1.9384

5042.0060,1.8206,1.9075

5043.0060,1.8236,1.9435

5044.0070,1.8231,1.9281

5045.0060,1.8241,1.9178

5046.0060,1.8260,1.9384

5047.0060,1.8255,1.9384

5048.0070,1.8270,1.9281

5049.0060,1.8280,1.9435

5050.0060,1.8290,1.9435

5051.0060,1.8290,1.9384

5052.0060,1.8290,1.9075

5053.0070,1.8295,1.9487

5054.0060,1.8280,1.9127

5055.0060,1.8290,1.9281

5056.0060,1.8300,1.9487

5057.0060,1.8270,1.9075

5058.0060,1.8270,1.9281

5059.0060,1.8260,1.9333

5060.0070,1.8255,1.9384

5061.0060,1.8241,1.9230

5062.0060,1.8265,1.9333

5063.0060,1.8246,1.9281

5064.0060,1.8280,1.9487

5065.0070,1.8305,1.9538

5066.0060,1.8270,1.9127

5067.0060,1.8275,1.9127

5068.0060,1.8250,1.9024

5069.0060,1.8221,1.9024

5070.0060,1.8236,1.9538

5071.0060,1.8246,1.9333

5072.0070,1.8250,1.9384

5073.0060,1.8270,1.9487

5074.0070,1.8231,1.9075

5075.0060,1.8201,1.9230

5076.0060,1.8206,1.9178

5077.0070,1.8216,1.9230

5078.0070,1.8260,1.9487

5079.0070,1.8330,1.9744

5080.0060,1.8325,1.9487

5081.0060,1.8325,1.9333

5082.0060,1.8320,1.9333

5083.0060,1.8260,1.8869

5084.0060,1.8290,1.9384

5085.0060,1.8300,1.9333

5086.0070,1.8315,1.9333

5087.0060,1.8325,1.9333

5088.0060,1.8295,1.9178

5089.0070,1.8241,1.9178

5090.0060,1.8226,1.9333

5091.0060,1.8231,1.9384

5092.0070,1.8231,1.9333

5093.0060,1.8270,1.9281

5094.0060,1.8285,1.9538

5095.0060,1.8275,1.9230

5096.0070,1.8280,1.9384

5097.0060,1.8280,1.9333

5098.0060,1.8305,1.9435

5099.0060,1.8325,1.9384

5100.0060,1.8330,1.9384

5101.0070,1.8345,1.9538

5102.0070,1.8325,1.9127

5103.0060,1.8330,1.9333

5104.0060,1.8320,1.9435

5105.0060,1.8355,1.9590

5106.0060,1.8350,1.9333

5107.0060,1.8345,1.9281

5108.0060,1.8340,1.9384

5109.0070,1.8320,1.9178

5110.0070,1.8335,1.9538

5111.0060,1.8270,1.8869

5112.0060,1.8260,1.9024

5113.0060,1.8260,1.9333

5114.0060,1.8226,1.9075

5115.0060,1.8191,1.9230

5116.0060,1.8181,1.9230

5117.0060,1.8171,1.9178

5118.0070,1.8201,1.9693

5119.0060,1.8196,1.9127

5120.0060,1.8176,1.9333

5121.0060,1.8211,1.9230

5122.0060,1.8236,1.9281

5123.0060,1.8255,1.9538

5124.0060,1.8280,1.9333

5125.0060,1.8280,1.9230

5126.0060,1.8300,1.9435

5127.0060,1.8295,1.9127

5128.0060,1.8270,1.9435

5129.0060,1.8280,1.9230

5130.0060,1.8275,1.9281

5131.0060,1.8310,1.9590

5132.0060,1.8315,1.9333

5133.0060,1.8270,1.9075

5134.0070,1.8260,1.9230

5135.0060,1.8265,1.9281

5136.0060,1.8226,1.9024

5137.0060,1.8226,1.9127

5138.0060,1.8221,1.9384

5139.0060,1.8216,1.9178

5140.0060,1.8191,1.9024

5141.0060,1.8146,1.9127

5142.0060,1.8136,1.9230

5143.0060,1.8166,1.9384

5144.0060,1.8131,1.8869

5145.0060,1.8116,1.9127

5146.0060,1.8121,1.9075

5147.0060,1.8161,1.9538

5148.0060,1.8161,1.9384

5149.0060,1.8176,1.9333

5150.0060,1.8236,1.9641

5151.0060,1.8246,1.9230

5152.0060,1.8325,2.0053

5153.0060,1.8320,1.9333

5154.0070,1.7744,1.2901

5155.0060,1.6998,1.1409

5156.0060,1.6243,1.1255

5157.0060,1.5432,1.1152

5158.0060,1.4642,1.1203

5159.0070,1.3867,1.1306

5160.0060,1.3037,1.1049

5161.0060,1.2276,1.1358

5162.0080,1.1387,1.0843

5163.0060,1.0596,1.1152

5164.0060,1.0432,1.1203

5165.0060,1.0413,1.1203

5166.0060,1.0388,1.0997

5167.0060,1.0363,1.0895

5168.0060,1.0353,1.1100

5169.0070,1.0378,1.1563

5170.0060,1.0368,1.0946

5171.0060,1.0328,1.0946

5172.0060,1.0388,1.1461

5173.0060,1.0383,1.1100

5174.0060,1.0378,1.1152

5175.0070,1.0378,1.1203

5176.0070,1.0358,1.0792

5177.0070,1.0373,1.1049

5178.0060,1.0368,1.1049

5179.0060,1.0313,1.0997

5180.0060,1.0298,1.0792

5181.0060,1.0313,1.1100

5182.0060,1.0293,1.1255

5183.0070,1.0288,1.1049

5184.0060,1.0288,1.1152

5185.0060,1.0288,1.1203

5186.0060,1.0308,1.0997

5187.0060,1.0313,1.1100

5188.0070,1.0283,1.0740

5189.0060,1.0278,1.0946

5190.0060,1.0298,1.0997

5191.0060,1.0273,1.0843

5192.0060,1.0268,1.1203

5193.0060,1.0258,1.0946

5194.0060,1.0239,1.0946

5195.0060,1.0249,1.1306

5196.0060,1.0268,1.1203

5197.0060,1.0273,1.1152

5198.0060,1.0318,1.1203

5199.0070,1.0313,1.0895

5200.0060,1.0343,1.1306

5201.0060,1.0338,1.0792

5202.0060,1.0333,1.1152

5203.0060,1.0318,1.0792

5204.0070,1.0308,1.0843

5205.0070,1.0313,1.1358

5206.0060,1.0278,1.0843

5207.0070,1.0273,1.1100

5208.0060,1.0268,1.1152

5209.0060,1.0288,1.1100

5210.0080,1.0263,1.1049

5211.0060,1.0303,1.1203

5212.0060,1.0293,1.1049

5213.0060,1.0308,1.0946

5214.0060,1.0363,1.1409

5215.0070,1.0328,1.0997

5216.0070,1.0368,1.1255

5217.0060,1.0368,1.1100

5218.0070,1.0373,1.1203

5219.0060,1.0373,1.1100

5220.0060,1.0383,1.1152

5221.0060,1.0373,1.1100

5222.0060,1.0378,1.1100

5223.0060,1.0378,1.0946

5224.0060,1.0417,1.1821

5225.0060,1.0393,1.0740

5226.0060,1.0383,1.1152

5227.0060,1.0383,1.1100

5228.0060,1.0403,1.1409

5229.0060,1.0338,1.0431

5230.0070,1.0333,1.1100

5231.0060,1.0328,1.1049

5232.0060,1.0303,1.0843

5233.0060,1.0318,1.1100

5234.0060,1.0249,1.1100

5235.0060,1.0268,1.0946

5236.0060,1.0268,1.1152

5237.0060,1.0263,1.1049

5238.0060,1.0253,1.1306

5239.0060,1.0308,1.0997

5240.0060,1.0308,1.1100

5241.0060,1.0323,1.1203

5242.0070,1.0328,1.0895

5243.0060,1.0343,1.1255

5244.0060,1.0333,1.0997

5245.0060,1.0358,1.1203

5246.0060,1.0343,1.0997

5247.0070,1.0388,1.1512

5248.0060,1.0368,1.1100

5249.0060,1.0343,1.0740

5250.0060,1.0388,1.1563

5251.0060,1.0348,1.0792

5252.0060,1.0358,1.0997

5253.0060,1.0318,1.0843

5254.0060,1.0298,1.0792

5255.0060,1.0318,1.1409

5256.0060,1.0308,1.0895

5257.0060,1.0273,1.1152

5258.0060,1.0268,1.1049

5259.0070,1.0308,1.1152

5260.0060,1.0263,1.1100

5261.0060,1.0303,1.1203

5262.0060,1.0313,1.1100

5263.0060,1.0308,1.0792

5264.0070,1.0328,1.0997

5265.0060,1.0323,1.1358

5266.0060,1.0348,1.1152

5267.0060,1.0338,1.1049

5268.0070,1.0358,1.1255

5269.0060,1.0348,1.1049

5270.0060,1.0343,1.1049

5271.0060,1.0338,1.1152

5272.0060,1.0333,1.1049

5273.0060,1.0368,1.1152

5274.0060,1.0393,1.1255

5275.0060,1.0358,1.0997

5276.0060,1.0333,1.0895

5277.0070,1.0353,1.1255

5278.0060,1.0338,1.1100

5279.0060,1.0328,1.0946

5280.0070,1.0343,1.1203

5281.0060,1.0338,1.1100

5282.0060,1.0333,1.0997

5283.0060,1.0328,1.1100

5284.0060,1.0298,1.0946

5285.0060,1.0293,1.0946

5286.0070,1.0318,1.1152

5287.0060,1.0303,1.1100

5288.0060,1.0298,1.1049

5289.0060,1.0318,1.1152

5290.0060,1.0318,1.1203

5291.0060,1.0308,1.0997

5292.0060,1.0308,1.0997

5293.0060,1.0303,1.1049

5294.0060,1.0313,1.1049

5295.0060,1.0323,1.1049

5296.0060,1.0328,1.1203

5297.0060,1.0323,1.1049

5298.0060,1.0313,1.0946

5299.0060,1.0308,1.1100

5300.0060,1.0278,1.0895

5301.0060,1.0288,1.1100

5302.0060,1.0303,1.1152

5303.0060,1.0298,1.0997

5304.0060,1.0308,1.1152

5305.0060,1.0303,1.0997

5306.0060,1.0298,1.1152

5307.0060,1.0308,1.1152

5308.0060,1.0323,1.1100

5309.0060,1.0343,1.1306

5310.0060,1.0378,1.1255

5311.0060,1.0398,1.1306

5312.0060,1.0388,1.1049

5313.0060,1.0398,1.1100

5314.0060,1.0373,1.0895

5315.0060,1.0368,1.0946

5316.0060,1.0348,1.0946

5317.0060,1.0338,1.1049

5318.0060,1.0303,1.0740

5319.0060,1.0278,1.1049

5320.0060,1.0288,1.1358

5321.0060,1.0258,1.0997

5322.0060,1.0239,1.0843

5323.0060,1.0239,1.1100

5324.0060,1.0224,1.0740

5325.0060,1.0249,1.1203

5326.0070,1.0268,1.1152

5327.0060,1.0263,1.0997

5328.0060,1.0288,1.0997

5329.0060,1.0273,1.0895

5330.0070,1.0244,1.1049

5331.0060,1.0278,1.1358

5332.0060,1.0313,1.1203

5333.0060,1.0308,1.1049

5334.0060,1.0343,1.1100

5335.0060,1.0333,1.1100

5336.0060,1.0328,1.1100

5337.0070,1.0328,1.0997

5338.0060,1.0313,1.0843

5339.0060,1.0328,1.1049

5340.0060,1.0343,1.1203

5341.0060,1.0323,1.1152

5342.0060,1.0303,1.0997

5343.0060,1.0318,1.1203

5344.0060,1.0323,1.1152

5345.0060,1.0303,1.0895

5346.0060,1.0293,1.0997

5347.0060,1.0293,1.0997

5348.0070,1.0323,1.1152

5349.0060,1.0333,1.1152

5350.0060,1.0288,1.0740

5351.0060,1.0258,1.0843

5352.0060,1.0268,1.1100

5353.0080,1.0263,1.1152

5354.0060,1.0258,1.1100

5355.0060,1.0283,1.1152

5356.0060,1.0293,1.1100

5357.0060,1.0308,1.1152

5358.0070,1.0303,1.1100

5359.0060,1.0323,1.1358

5360.0070,1.0353,1.1049

5361.0060,1.0358,1.0895

5362.0060,1.0328,1.0792

5363.0070,1.0298,1.0843

5364.0060,1.0313,1.1255

5365.0060,1.0293,1.0946

5366.0060,1.0298,1.1152

5367.0060,1.0283,1.0997

5368.0060,1.0283,1.1100

5369.0060,1.0278,1.1306

5370.0070,1.0293,1.1203

5371.0060,1.0323,1.1203

5372.0070,1.0348,1.1049

5373.0060,1.0363,1.0997

5374.0080,1.0348,1.1100

5375.0060,1.0383,1.1306

5376.0060,1.0373,1.1049

5377.0060,1.0403,1.1306

5378.0060,1.0388,1.0946

5379.0060,1.0363,1.1049

5380.0060,1.0358,1.1152

5381.0060,1.0363,1.1255

5382.0060,1.0368,1.1100

5383.0060,1.0363,1.0946

5384.0060,1.0358,1.1049

5385.0060,1.0298,1.0689

5386.0070,1.0283,1.0895

5387.0060,1.0239,1.0843

5388.0060,1.0258,1.1152

5389.0060,1.0234,1.0792

5390.0060,1.0234,1.1152

5391.0060,1.0219,1.1100

5392.0070,1.0214,1.1049

5393.0060,1.0234,1.1152

5394.0060,1.0229,1.0997

5395.0060,1.0263,1.1049

5396.0060,1.0278,1.1049

5397.0060,1.0318,1.1255

5398.0070,1.0288,1.0843

5399.0060,1.0313,1.1049

5400.0060,1.0313,1.1152

5401.0060,1.0318,1.1152

5402.0060,1.0333,1.1203

5403.0060,1.0303,1.0843

5404.0060,1.0313,1.1100

5405.0060,1.0323,1.1152

5406.0060,1.0343,1.1255

5407.0060,1.0308,1.0895

5408.0060,1.0333,1.1100

5409.0060,1.0338,1.1100

5410.0060,1.0333,1.1100

5411.0060,1.0373,1.1563

5412.0060,1.0378,1.1255

5413.0060,1.0413,1.1203

5414.0060,1.0413,1.1100

5415.0060,1.0383,1.0843

5416.0060,1.0373,1.1152

5417.0060,1.0353,1.0689

5418.0070,1.0358,1.1152

5419.0060,1.0353,1.1049

5420.0060,1.0358,1.1152

5421.0070,1.0313,1.1100

5422.0060,1.0293,1.1049

5423.0060,1.0263,1.0895

5424.0060,1.0258,1.1049

5425.0060,1.0278,1.1049

5426.0060,1.0253,1.0895

5427.0060,1.0283,1.0997

5428.0060,1.0278,1.1100

5429.0060,1.0278,1.1049

5430.0070,1.0258,1.0946

5431.0060,1.0244,1.0946

5432.0060,1.0273,1.1358

5433.0060,1.0288,1.1049

5434.0060,1.0293,1.1100

5435.0060,1.0278,1.0895

5436.0060,1.0268,1.0792

5437.0060,1.0263,1.0946

5438.0060,1.0273,1.1203

5439.0060,1.0283,1.1152

5440.0070,1.0318,1.1306

5441.0060,1.0363,1.1409

5442.0070,1.0338,1.1100

5443.0060,1.0323,1.0895

5444.0060,1.0318,1.1049

5445.0070,1.0343,1.1152

5446.0060,1.0338,1.0740

5447.0060,1.0353,1.1100

5448.0060,1.0348,1.1152

5449.0070,1.0343,1.1100

5450.0060,1.0388,1.1769

5451.0060,1.0343,1.0946

5452.0060,1.0343,1.1100

5453.0070,1.0383,1.1306

5454.0070,1.0363,1.0843

5455.0060,1.0328,1.0792

5456.0070,1.0348,1.0946

5457.0060,1.0313,1.0740

5458.0060,1.0298,1.0997

5459.0070,1.0313,1.1255

5460.0060,1.0209,1.0689

5461.0060,1.0229,1.1152

5462.0060,1.0229,1.1100

5463.0060,1.0219,1.1203

5464.0060,1.0244,1.1100

5465.0070,1.0258,1.0946

5466.0060,1.0258,1.0946

5467.0060,1.0273,1.0895

5468.0060,1.0239,1.0637

5469.0060,1.0239,1.1255

5470.0060,1.0224,1.0534

5471.0060,1.0224,1.1152

5472.0060,1.0224,1.1100

5473.0060,1.0219,1.1152

5474.0060,1.0209,1.0997

5475.0060,1.0209,1.0946

5476.0060,1.0204,1.0895

5477.0060,1.0209,1.0946

5478.0060,1.0224,1.0792

5479.0060,1.0194,1.0946

5480.0070,1.0239,1.0997

5481.0060,1.0244,1.1203

5482.0060,1.0234,1.0997

5483.0060,1.0244,1.1255

5484.0060,1.0253,1.1100

5485.0060,1.0253,1.0946

5486.0060,1.0283,1.1203

5487.0060,1.0268,1.0792

5488.0060,1.0268,1.0792

5489.0060,1.0263,1.0895

5490.0060,1.0273,1.1100

5491.0060,1.0263,1.1100

5492.0060,1.0253,1.0895

5493.0060,1.0229,1.0997

5494.0060,1.0234,1.1152

5495.0070,1.0258,1.1203

5496.0060,1.0263,1.1255

5497.0070,1.0253,1.0689

5498.0060,1.0273,1.0997

5499.0060,1.0308,1.1255

5500.0060,1.0303,1.1049

5501.0060,1.0318,1.1255

5502.0060,1.0388,1.1615

5503.0060,1.0427,1.1409

5504.0060,1.0427,1.1152

5505.0070,1.0442,1.1358

5506.0060,1.0482,1.1666

5507.0070,1.0547,1.1358

5508.0060,1.0582,1.1358

5509.0060,1.0601,1.1461

5510.0060,1.0601,1.1049

5511.0060,1.0572,1.0946

5512.0060,1.0492,1.0792

5513.0060,1.0502,1.1512

5514.0070,1.0502,1.1152

5515.0060,1.0447,1.0792

5516.0060,1.0388,1.1049

5517.0060,1.0383,1.1306

5518.0060,1.0338,1.0895

5519.0060,1.0298,1.1049

5520.0060,1.0288,1.0946

5521.0060,1.0308,1.1152

5522.0060,1.0353,1.1255

5523.0070,1.0318,1.1152

5524.0070,1.0308,1.1049

5525.0060,1.0328,1.0997

5526.0060,1.0348,1.1255

5527.0060,1.0328,1.1100

5528.0070,1.0343,1.1049

5529.0060,1.0358,1.1203

5530.0060,1.0363,1.0997

5531.0060,1.0358,1.1100

5532.0060,1.0333,1.0997

5533.0060,1.0328,1.1100

5534.0060,1.0333,1.1100

5535.0060,1.0333,1.0997

5536.0060,1.0308,1.0997

5537.0060,1.0303,1.1049

5538.0060,1.0298,1.0997

5539.0070,1.0268,1.0895

5540.0060,1.0303,1.1358

5541.0060,1.0308,1.1152

5542.0060,1.0308,1.0997

5543.0060,1.0298,1.0997

5544.0060,1.0293,1.1049

5545.0060,1.0278,1.0843

5546.0060,1.0278,1.0997

5547.0060,1.0288,1.1152

5548.0060,1.0283,1.0946

5549.0070,1.0278,1.0843

5550.0060,1.0214,1.0689

5551.0060,1.0308,1.2129

5552.0070,1.0313,1.1049

5553.0060,1.0328,1.1152

5554.0060,1.0323,1.0997

5555.0070,1.0378,1.1409

5556.0060,1.0363,1.0843

5557.0070,1.0328,1.0792

5558.0070,1.0318,1.0843

5559.0060,1.0422,1.1924

5560.0060,1.0517,1.1666

5561.0060,1.0417,1.1100

5562.0060,1.0388,1.0740

5563.0060,1.0398,1.1255

5564.0060,1.0417,1.1203

5565.0060,1.0378,1.0997

5566.0060,1.0417,1.1255

5567.0070,1.0413,1.0740

5568.0060,1.0537,1.2129

5569.0060,1.0427,1.0792

5570.0060,1.0388,1.1255

5571.0060,1.0348,1.0689

5572.0060,1.0338,1.0637

5573.0060,1.0333,1.1203

5574.0060,1.0288,1.0740

5575.0060,1.0303,1.1152

5576.0070,1.0293,1.1152

5577.0060,1.0323,1.1049

5578.0060,1.0154,1.0380

5579.0060,1.0179,1.1049

5580.0060,1.0159,1.1049

5581.0060,1.0184,1.0946

5582.0060,1.0229,1.1100

5583.0060,1.0224,1.1152

5584.0060,1.0244,1.0946

5585.0060,1.0244,1.1152

5586.0060,1.0273,1.1461

5587.0060,1.0273,1.1049

5588.0060,1.0378,1.1461

5589.0060,1.0408,1.1358

5590.0060,1.0413,1.1100

5591.0060,1.0398,1.0792

5592.0060,1.0398,1.1100

5593.0060,1.0383,1.0997

5594.0060,1.0398,1.1100

5595.0060,1.0363,1.0792

5596.0060,1.0313,1.0946

5597.0060,1.0303,1.0946

5598.0060,1.0263,1.1049

5599.0060,1.0239,1.1100

5600.0070,1.0273,1.1461

5601.0070,1.0308,1.1152

5602.0070,1.0293,1.0946

5603.0060,1.0298,1.1049

5604.0070,1.0368,1.1821

5605.0060,1.0378,1.0895

5606.0060,1.0403,1.1203

5607.0060,1.0427,1.1203

5608.0060,1.0378,1.0534

5609.0060,1.0383,1.1152

5610.0060,1.0353,1.1152

5611.0060,1.0328,1.0895

5612.0060,1.0378,1.1461

5613.0060,1.0373,1.0997

5614.0060,1.0288,1.0946

5615.0060,1.0358,1.1615

5616.0060,1.0383,1.1461

5617.0060,1.0383,1.1203

5618.0060,1.0413,1.0843

5619.0070,1.0417,1.1203

5620.0060,1.0408,1.1049

5621.0060,1.0432,1.1152

5622.0070,1.0408,1.1203

5623.0060,1.0373,1.0637

5624.0060,1.0388,1.1100

5625.0060,1.0333,1.1049

5626.0060,1.0303,1.1152

5627.0070,1.0293,1.1100

5628.0060,1.0313,1.1049

5629.0060,1.0293,1.0997

5630.0060,1.0308,1.1203

5631.0060,1.0298,1.1049

5632.0070,1.0293,1.1152

5633.0060,1.0353,1.1255

5634.0060,1.0353,1.1100

5635.0060,1.0358,1.1100

5636.0060,1.0383,1.1409

5637.0060,1.0368,1.0946

5638.0060,1.0388,1.1255

5639.0060,1.0408,1.1203

5640.0060,1.0388,1.0997

5641.0060,1.0273,0.9866

5642.0060,1.0244,1.0843

5643.0060,1.0239,1.1203

5644.0060,1.0224,1.0946

5645.0060,1.0239,1.1255

5646.0060,1.0224,1.1255

5647.0060,1.0209,1.0792

5648.0070,1.0159,1.0740

5649.0060,1.0154,1.1152

5650.0070,1.0154,1.0997

5651.0060,1.0278,1.1152

5652.0060,1.0298,1.1049

5653.0060,1.0224,1.0431

5654.0060,1.0224,1.0946

5655.0060,1.0209,1.1100

5656.0060,1.0189,1.1049

5657.0060,1.0194,1.0843

5658.0060,1.0229,1.1100

5659.0060,1.0219,1.1049

5660.0060,1.0263,1.1461

5661.0060,1.0283,1.1358

5662.0060,1.0263,1.0843

5663.0060,1.0303,1.0843

5664.0060,1.0333,1.1255

5665.0060,1.0333,1.1100

5666.0060,1.0278,1.0483

5667.0060,1.0278,1.0843

5668.0070,1.0253,1.0843

5669.0060,1.0268,1.1203

5670.0060,1.0224,1.0997

5671.0070,1.0179,1.0895

5672.0060,1.0184,1.0895

5673.0060,1.0179,1.0792

5674.0060,1.0134,1.0792

5675.0060,1.0099,1.0740

5676.0070,1.0159,1.1100

5677.0060,1.0189,1.1152

5678.0060,1.0214,1.1100

5679.0060,1.0179,1.0843

5680.0060,1.0204,1.1255

5681.0070,1.0209,1.0946

5682.0060,1.0229,1.1100

5683.0060,1.0268,1.1203

5684.0060,1.0298,1.1100

5685.0060,1.0348,1.1255

5686.0060,1.0353,1.1152

5687.0070,1.0338,1.0997

5688.0060,1.0348,1.1203

5689.0070,1.0368,1.1049

5690.0060,1.0343,1.0997

5691.0060,1.0343,1.0946

5692.0060,1.0348,1.1152

5693.0060,1.0333,1.1049

5694.0060,1.0333,1.1100

5695.0060,1.0328,1.1203

5696.0070,1.0313,1.0997

5697.0070,1.0318,1.1049

5698.0060,1.0318,1.1203

5699.0070,1.0323,1.1100

5700.0060,1.0328,1.1049

5701.0060,1.0338,1.1049

5702.0060,1.0323,1.0997

5703.0060,1.0328,1.1100

5704.0060,1.0323,1.1049

5705.0060,1.0323,1.1203

5706.0070,1.0338,1.1152

5707.0060,1.0333,1.0997

5708.0060,1.0308,1.0946

5709.0070,1.0323,1.1255

5710.0060,1.0358,1.1409

5711.0060,1.0333,1.0792

5712.0060,1.0338,1.1049

5713.0060,1.0328,1.0997

5714.0060,1.0338,1.1152

5715.0060,1.0318,1.0997

5716.0070,1.0298,1.0946

5717.0070,1.0298,1.0997

5718.0060,1.0323,1.1203

5719.0060,1.0293,1.0946

5720.0060,1.0224,1.0689

5721.0060,1.0263,1.1203

5722.0060,1.0308,1.1512

5723.0060,1.0343,1.1358

5724.0060,1.0308,1.0792

5725.0060,1.0323,1.1152

5726.0060,1.0293,1.0637

5727.0070,1.0303,1.1100

5728.0060,1.0298,1.1152

5729.0060,1.0293,1.0895

5730.0060,1.0338,1.1152

5731.0060,1.0323,1.1049

5732.0060,1.0303,1.1306

5733.0060,1.0268,1.0997

5734.0060,1.0268,1.0792

5735.0060,1.0263,1.1100

5736.0060,1.0303,1.1049

5737.0060,1.0308,1.1152

5738.0060,1.0298,1.1049

5739.0060,1.0318,1.1100

5740.0060,1.0303,1.0997

5741.0070,1.0293,1.0946

5742.0060,1.0273,1.1100

5743.0060,1.0298,1.1255

5744.0060,1.0323,1.1049

5745.0060,1.0328,1.1152

5746.0060,1.0333,1.1100

5747.0060,1.0318,1.0997

5748.0060,1.0308,1.0946

5749.0060,1.0303,1.1049

5750.0060,1.0323,1.1203

5751.0060,1.0239,1.0071

5752.0060,1.0224,1.0946

5753.0060,1.0214,1.1152

5754.0060,1.0234,1.1255

5755.0060,1.0244,1.1255

5756.0060,1.0239,1.1049

5757.0060,1.0268,1.1306

5758.0060,1.0293,1.1203

5759.0060,1.0308,1.1203

5760.0060,1.0298,1.1100

5761.0060,1.0383,1.0946

5762.0070,1.0413,1.1255

5763.0080,1.0408,1.1100

5764.0060,1.0393,1.1100

5765.0060,1.0388,1.1203

5766.0060,1.0447,1.1666

5767.0060,1.0427,1.1100

5768.0060,1.0427,1.1203

5769.0060,1.0393,1.0843

5770.0060,1.0353,1.0689

5771.0060,1.0403,1.1461

5772.0060,1.0417,1.1409

5773.0060,1.0442,1.1358

5774.0070,1.0403,1.0689

5775.0060,1.0427,1.1461

5776.0070,1.0378,1.1152

5777.0060,1.0403,1.1358

5778.0060,1.0353,1.0689

5779.0060,1.0408,1.1409

5780.0060,1.0447,1.1100

5781.0060,1.0413,1.1100

5782.0060,1.0343,1.0689

5783.0060,1.0288,1.0792

5784.0060,1.0328,1.1100

5785.0060,1.0283,1.0997

5786.0060,1.0263,1.0946

5787.0060,1.0239,1.1100

5788.0070,1.0273,1.1049

5789.0060,1.0253,1.1203

5790.0060,1.0249,1.1049

5791.0060,1.0249,1.1100

5792.0060,1.0288,1.1100

5793.0060,1.0323,1.1152

5794.0060,1.0328,1.1152

5795.0060,1.0333,1.1049

5796.0060,1.0328,1.0895

5797.0070,1.0348,1.1306

5798.0060,1.0333,1.0895

5799.0060,1.0323,1.1100

5800.0070,1.0323,1.1049

5801.0060,1.0333,1.1203

5802.0060,1.0308,1.0843

5803.0060,1.0278,1.0843

5804.0060,1.0283,1.1203

5805.0060,1.0283,1.1049

5806.0060,1.0268,1.0740

5807.0060,1.0234,1.0946

5808.0060,1.0258,1.1152

5809.0060,1.0273,1.1255

5810.0060,1.0288,1.1203

5811.0070,1.0303,1.1358

5812.0060,1.0328,1.1100

5813.0060,1.0328,1.0843

5814.0060,1.0343,1.1358

5815.0060,1.0348,1.1100

5816.0070,1.0403,1.1306

5817.0060,1.0417,1.1100

5818.0060,1.0393,1.0895

5819.0060,1.0393,1.1255

5820.0070,1.0378,1.1049

5821.0060,1.0323,1.0792

5822.0060,1.0348,1.1358

5823.0060,1.0373,1.1100

5824.0060,1.0368,1.1306

5825.0060,1.0373,1.1152

5826.0060,1.0363,1.1203

5827.0060,1.0323,1.0689

5828.0060,1.0333,1.0997

5829.0060,1.0313,1.1049

5830.0060,1.0308,1.0997

5831.0070,1.0328,1.0997

5832.0060,1.0303,1.1100

5833.0070,1.0318,1.1255

5834.0060,1.0308,1.1203

5835.0060,1.0318,1.1255

5836.0060,1.0308,1.1100

5837.0070,1.0338,1.0997

5838.0060,1.0348,1.1100

5839.0070,1.0338,1.0946

5840.0060,1.0328,1.0895

5841.0060,1.0328,1.0997

5842.0060,1.0318,1.0997

5843.0060,1.0318,1.1255

5844.0060,1.0323,1.1255

5845.0060,1.0298,1.0997

5846.0060,1.0253,1.0637

5847.0060,1.0249,1.0946

5848.0070,1.0249,1.1100

5849.0060,1.0263,1.1100

5850.0060,1.0273,1.0997

5851.0060,1.0283,1.1100

5852.0070,1.0268,1.0843

5853.0060,1.0249,1.1049

5854.0060,1.0229,1.1049

5855.0060,1.0229,1.0997

5856.0060,1.0273,1.1100

5857.0060,1.0293,1.1152

5858.0060,1.0288,1.1049

5859.0060,1.0293,1.1152

5860.0060,1.0298,1.1049

5861.0060,1.0293,1.1049

5862.0060,1.0313,1.1049

5863.0060,1.0328,1.1203

5864.0060,1.0338,1.1152

5865.0060,1.0328,1.0895

5866.0060,1.0308,1.0895

5867.0060,1.0348,1.1563

5868.0070,1.0328,1.0843

5869.0060,1.0293,1.0792

5870.0060,1.0288,1.0997

5871.0060,1.0268,1.0843

5872.0060,1.0283,1.1203

5873.0060,1.0249,1.0843

5874.0060,1.0244,1.1100

5875.0060,1.0268,1.1152

5876.0060,1.0288,1.1100

5877.0060,1.0234,1.0997

5878.0060,1.0239,1.0895

5879.0060,1.0288,1.1306

5880.0060,1.0303,1.1152

5881.0060,1.0338,1.1203

5882.0060,1.0313,1.0946

5883.0060,1.0368,1.1409

5884.0060,1.0373,1.1152

5885.0060,1.0358,1.0997

5886.0070,1.0353,1.1049

5887.0060,1.0353,1.0997

5888.0060,1.0373,1.1100

5889.0060,1.0363,1.1203

5890.0060,1.0368,1.1203

5891.0070,1.0358,1.1100

5892.0060,1.0358,1.0946

5893.0060,1.0308,1.0895

5894.0060,1.0308,1.1152

5895.0060,1.0298,1.0895

5896.0070,1.0293,1.0997

5897.0060,1.0353,1.1615

5898.0060,1.0348,1.1049

5899.0060,1.0318,1.0895

5900.0060,1.0303,1.1049

5901.0060,1.0288,1.0946

5902.0070,1.0293,1.0997

5903.0060,1.0298,1.0946

5904.0060,1.0298,1.1152

5905.0060,1.0318,1.1100

5906.0060,1.0328,1.1100

5907.0060,1.0268,1.0997

5908.0060,1.0308,1.1461

5909.0060,1.0318,1.0997

5910.0060,1.0328,1.1152

5911.0060,1.0353,1.1203

5912.0060,1.0323,1.0689

5913.0060,1.0348,1.1203

5914.0060,1.0363,1.1306

5915.0060,1.0348,1.0946

5916.0060,1.0333,1.0946

5917.0060,1.0323,1.0895

5918.0060,1.0258,1.0792

5919.0060,1.0229,1.0689

5920.0060,1.0239,1.1255

5921.0060,1.0204,1.0843

5922.0060,1.0244,1.1100

5923.0060,1.0253,1.1306

5924.0060,1.0234,1.1100

5925.0070,1.0258,1.1203

5926.0070,1.0258,1.0946

5927.0060,1.0273,1.1049

5928.0060,1.0283,1.0895

5929.0060,1.0199,0.9814

5930.0060,1.0184,1.1100

5931.0060,1.0174,1.0740

5932.0060,1.0144,1.0792

5933.0060,1.0094,1.0792

5934.0060,1.0094,1.1100

5935.0070,1.0114,1.1409

5936.0060,1.0094,1.0740

5937.0060,1.0075,1.0843

5938.0060,1.0089,1.1049

5939.0060,1.0189,1.0843

5940.0060,1.0209,1.1306

5941.0060,1.0204,1.0689

5942.0060,1.0239,1.1152

5943.0060,1.0263,1.1049

5944.0070,1.0278,1.1255

5945.0060,1.0234,1.0946

5946.0060,1.0278,1.1203

5947.0070,1.0293,1.0997

5948.0060,1.0293,1.1049

5949.0060,1.0323,1.1152

5950.0060,1.0303,1.1100

5951.0060,1.0338,1.1049

5952.0060,1.0318,1.0946

5953.0060,1.0338,1.1255

5954.0060,1.0308,1.0946

5955.0060,1.0318,1.1049

5956.0070,1.0318,1.1203

5957.0060,1.0318,1.0997

5958.0060,1.0308,1.0946

5959.0060,1.0313,1.1203

5960.0060,1.0308,1.1049

5961.0060,1.0328,1.1255

5962.0060,1.0338,1.1049

5963.0060,1.0363,1.1512

5964.0060,1.0373,1.1049

5965.0060,1.0353,1.0843

5966.0060,1.0343,1.1100

5967.0070,1.0373,1.1306

5968.0060,1.0368,1.0895

5969.0060,1.0363,1.1152

5970.0060,1.0373,1.1152

5971.0060,1.0338,1.0895

5972.0060,1.0348,1.1152

5973.0060,1.0288,1.0895

5974.0060,1.0268,1.0843

5975.0060,1.0278,1.0946

5976.0060,1.0283,1.1152

5977.0060,1.0239,1.0843

5978.0060,1.0224,1.0740

5979.0060,1.0239,1.1306

5980.0060,1.0199,1.0740

5981.0060,1.0229,1.1203

5982.0070,1.0229,1.1152

5983.0060,1.0283,1.1461

5984.0060,1.0288,1.0895

5985.0060,1.0283,1.0895

5986.0080,1.0298,1.1306

5987.0060,1.0318,1.1049

5988.0060,1.0338,1.0946

5989.0060,1.0303,1.0946

5990.0060,1.0303,1.0740

5991.0060,1.0288,1.1049

5992.0070,1.0353,1.1821

5993.0060,1.0323,1.1152

5994.0070,1.0343,1.1100

5995.0060,1.0368,1.1152

5996.0070,1.0363,1.1255

5997.0060,1.0358,1.0997

5998.0060,1.0373,1.1100

5999.0060,1.0403,1.1255

6000.0060,1.0427,1.0997

6001.0060,1.0413,1.0895

6002.0070,1.0348,1.1152

6003.0060,1.0348,1.1152

6004.0060,1.0358,1.1203

6005.0060,1.0348,1.1049

6006.0070,1.0343,1.1203

6007.0060,1.0338,1.0946

6008.0060,1.0328,1.0997

6009.0060,1.0303,1.0997

6010.0070,1.0313,1.1100

6011.0060,1.0323,1.0997

6012.0060,1.0303,1.0946

6013.0060,1.0283,1.0946

6014.0060,1.0258,1.0946

6015.0060,1.0263,1.1100

6016.0060,1.0268,1.1255

6017.0060,1.0288,1.1152

6018.0060,1.0278,1.0895

6019.0060,1.0253,1.0740

6020.0060,1.0249,1.1049

6021.0060,1.0229,1.0792

6022.0070,1.0268,1.1358

6023.0060,1.0278,1.1049

6024.0060,1.0303,1.1203

6025.0060,1.0298,1.1049

6026.0060,1.0293,1.1203

6027.0060,1.0253,1.0740

6028.0060,1.0288,1.1255

6029.0060,1.0298,1.0843

6030.0060,1.0273,1.0792

6031.0070,1.0293,1.0997

6032.0060,1.0258,1.0997

6033.0060,1.0273,1.1203

6034.0060,1.0278,1.1255

6035.0070,1.0278,1.1049

6036.0070,1.0278,1.1203

6037.0060,1.0303,1.0997

6038.0060,1.0323,1.1461

6039.0060,1.0343,1.1049

6040.0060,1.0358,1.0946

6041.0060,1.0363,1.1049

6042.0060,1.0368,1.1049

6043.0060,1.0363,1.1152

6044.0060,1.0348,1.1100

6045.0060,1.0358,1.1152

6046.0060,1.0348,1.1100

6047.0060,1.0368,1.1203

6048.0060,1.0258,1.0329

6049.0070,1.0253,1.0997

6050.0060,1.0278,1.1203

6051.0060,1.0288,1.1152

6052.0060,1.0298,1.1152

6053.0060,1.0298,1.1152

6054.0060,1.0308,1.1203

6055.0060,1.0303,1.1100

6056.0060,1.0323,1.1306

6057.0060,1.0308,1.1049

6058.0060,1.0383,1.1100

6059.0060,1.0477,1.1975

6060.0060,1.0482,1.1255

6061.0060,1.0487,1.1203

6062.0060,1.0477,1.1049

6063.0060,1.0477,1.1152

6064.0060,1.0457,1.0997

6065.0060,1.0447,1.0997

6066.0070,1.0427,1.1100

6067.0060,1.0427,1.1049

6068.0060,1.0497,1.1821

6069.0060,1.0403,1.0997

6070.0070,1.0368,1.0895

6071.0060,1.0348,1.0997

6072.0060,1.0363,1.1203

6073.0060,1.0358,1.1100

6074.0060,1.0353,1.0946

6075.0060,1.0378,1.1255

6076.0060,1.0378,1.1100

6077.0080,1.0388,1.1152

6078.0060,1.0293,1.0843

6079.0070,1.0283,1.0895

6080.0070,1.0303,1.1100

6081.0060,1.0328,1.1255

6082.0060,1.0348,1.1409

6083.0070,1.0338,1.0997

6084.0060,1.0358,1.1152

6085.0060,1.0323,1.0895

6086.0060,1.0298,1.0843

6087.0060,1.0229,1.0431

6088.0070,1.0258,1.1152

6089.0060,1.0234,1.0637

6090.0060,1.0219,1.0946

6091.0060,1.0214,1.1203

6092.0060,1.0174,1.0997

6093.0060,1.0194,1.1203

6094.0060,1.0189,1.1100

6095.0070,1.0214,1.1152

6096.0060,1.0239,1.1100

6097.0070,1.0273,1.0792

6098.0060,1.0239,1.0792

6099.0060,1.0268,1.0946

6100.0060,1.0273,1.0997

6101.0060,1.0263,1.1100

6102.0060,1.0263,1.0997

6103.0060,1.0249,1.1049

6104.0060,1.0249,1.1100

6105.0060,1.0244,1.1100

6106.0060,1.0244,1.1100

6107.0070,1.0278,1.1152

6108.0060,1.0313,1.1152

6109.0060,1.0318,1.0997

6110.0060,1.0318,1.0997

6111.0060,1.0303,1.0946

6112.0070,1.0323,1.1203

6113.0060,1.0338,1.1203

6114.0060,1.0333,1.1049

6115.0060,1.0353,1.1306

6116.0070,1.0373,1.1306

6117.0060,1.0373,1.1152

6118.0060,1.0512,1.2592

6119.0080,1.0562,1.1512

6120.0070,1.0572,1.1100

6121.0060,1.0596,1.1203

6122.0060,1.0586,1.1100

6123.0060,1.0537,1.0689

6124.0060,1.0517,1.0843

6125.0060,1.0512,1.1255

6126.0060,1.0467,1.0843

6127.0070,1.0497,1.1461

6128.0070,1.0368,1.1255

6129.0060,1.0353,1.1358

6130.0060,1.0472,1.2335

6131.0060,1.0442,1.0895

6132.0060,1.0477,1.1461

6133.0070,1.0507,1.0997

6134.0060,1.0537,1.1152

6135.0060,1.0487,1.0740

6136.0060,1.0403,0.9968

6137.0060,1.0363,1.1049

6138.0060,1.0323,1.0843

6139.0060,1.0263,1.0740

6140.0070,1.0179,1.1461

6141.0060,1.0199,1.1100

6142.0070,1.0184,1.1306

6143.0060,1.0174,1.0895

6144.0060,1.0164,1.1049

6145.0060,1.0214,1.1255

6146.0060,1.0328,1.1152

6147.0060,1.0328,1.1049

6148.0060,1.0348,1.1049

6149.0060,1.0383,1.1100

6150.0070,1.0333,1.0946

6151.0060,1.0323,1.0997

6152.0060,1.0328,1.1358

6153.0060,1.0353,1.1152

6154.0060,1.0358,1.1100

6155.0060,1.0338,1.1049

6156.0060,1.0318,1.0946

6157.0060,1.0308,1.0946

6158.0070,1.0318,1.1152

6159.0060,1.0343,1.1358

6160.0060,1.0363,1.1152

6161.0070,1.0447,1.1872

6162.0060,1.0427,1.1152

6163.0070,1.0422,1.1100

6164.0070,1.0452,1.1409

6165.0060,1.0462,1.1152

6166.0060,1.0477,1.1100

6167.0060,1.0462,1.0792

6168.0060,1.0447,1.0997

6169.0060,1.0432,1.1203

6170.0060,1.0437,1.1203

6171.0070,1.0368,1.1152

6172.0070,1.0348,1.0946

6173.0060,1.0338,1.0997

6174.0060,1.0278,1.0792

6175.0060,1.0303,1.1409

6176.0060,1.0308,1.1152

6177.0060,1.0323,1.0946

6178.0060,1.0298,1.0740

6179.0070,1.0273,1.0946

6180.0060,1.0283,1.1306

6181.0060,1.0258,1.0895

6182.0060,1.0288,1.1255

6183.0070,1.0323,1.1358

6184.0060,1.0358,1.1152

6185.0060,1.0328,1.1100

6186.0060,1.0333,1.1203

6187.0060,1.0343,1.1049

6188.0060,1.0363,1.0946

6189.0060,1.0363,1.0946

6190.0060,1.0363,1.1306

6191.0070,1.0398,1.1255

6192.0070,1.0388,1.1152

6193.0060,1.0363,1.1100

6194.0060,1.0383,1.1358

6195.0060,1.0378,1.1049

6196.0060,1.0358,1.0997

6197.0060,1.0358,1.1049

6198.0060,1.0383,1.1203

6199.0060,1.0403,1.1152

6200.0060,1.0383,1.1100

6201.0060,1.0368,1.1100

6202.0070,1.0363,1.1100

6203.0070,1.0363,1.1100

6204.0060,1.0318,1.0895

6205.0060,1.0318,1.1049

6206.0070,1.0323,1.1049

6207.0060,1.0333,1.1152

6208.0060,1.0333,1.1203

6209.0060,1.0313,1.0946

6210.0060,1.0318,1.1152

6211.0060,1.0328,1.1203

6212.0060,1.0318,1.0997

6213.0060,1.0328,1.1203

6214.0060,1.0353,1.1152

6215.0060,1.0403,1.1563

6216.0060,1.0413,1.1152

6217.0070,1.0422,1.1255

6218.0060,1.0398,1.0946

6219.0060,1.0417,1.1152

6220.0060,1.0388,1.0843

6221.0060,1.0363,1.0946

6222.0060,1.0358,1.0946

6223.0060,1.0343,1.1049

6224.0060,1.0348,1.1203

6225.0070,1.0308,1.1152

6226.0060,1.0283,1.0895

6227.0080,1.0268,1.1100

6228.0070,1.0303,1.1306

6229.0070,1.0303,1.1152

6230.0060,1.0343,1.1255

6231.0060,1.0368,1.1203

6232.0060,1.0393,1.1203

6233.0070,1.0413,1.1255

6234.0060,1.0413,1.1203

6235.0060,1.0378,1.0792

6236.0060,1.0348,1.0586

6237.0060,1.0338,1.0997

6238.0070,1.0328,1.1203

6239.0060,1.0343,1.1306

6240.0060,1.0333,1.1152

6241.0060,1.0323,1.1100

6242.0060,1.0313,1.1100

6243.0060,1.0308,1.1203

6244.0060,1.0313,1.1255

6245.0070,1.0338,1.1049

6246.0060,1.0393,1.1152

6247.0060,1.0393,1.0997

6248.0060,1.0408,1.1358

6249.0070,1.0383,1.1049

6250.0060,1.0373,1.1049

6251.0070,1.0378,1.1152

6252.0060,1.0378,1.1100

6253.0060,1.0358,1.0997

6254.0060,1.0373,1.1409

6255.0060,1.0378,1.1100

6256.0060,1.0378,1.1152

6257.0060,1.0378,1.0997

6258.0060,1.0343,1.0997

6259.0060,1.0363,1.1255

6260.0060,1.0378,1.1203

6261.0060,1.0383,1.1203

6262.0060,1.0378,1.1049

6263.0060,1.0403,1.1255

6264.0070,1.0308,1.0431

6265.0060,1.0313,1.1152

6266.0060,1.0313,1.1152

6267.0060,1.0293,1.0792

6268.0070,1.0298,1.1049

6269.0060,1.0288,1.1152

6270.0060,1.0278,1.1100

6271.0060,1.0263,1.1049

6272.0060,1.0234,1.0740

6273.0070,1.0229,1.1203

6274.0060,1.0353,1.1718

6275.0060,1.0318,1.0792

6276.0060,1.0338,1.1358

6277.0060,1.0393,1.1358

6278.0060,1.0348,1.0586

6279.0060,1.0318,1.0843

6280.0060,1.0303,1.0946

6281.0060,1.0288,1.0895

6282.0060,1.0303,1.0895

6283.0060,1.0273,1.0895

6284.0060,1.0219,1.1152

6285.0070,1.0244,1.1049

6286.0060,1.0184,1.0740

6287.0060,1.0144,1.0946

6288.0070,1.0154,1.0689

6289.0060,1.0194,1.1255

6290.0060,1.0194,1.0946

6291.0070,1.0194,1.0895

6292.0060,1.0229,1.1255

6293.0060,1.0229,1.0895

6294.0060,1.0209,1.0946

6295.0060,1.0214,1.1100

6296.0070,1.0253,1.1152

6297.0070,1.0268,1.1100

6298.0070,1.0303,1.1049

6299.0060,1.0288,1.1100

6300.0060,1.0293,1.0997

6301.0060,1.0308,1.1049

6302.0060,1.0308,1.1255

6303.0060,1.0328,1.1100

6304.0060,1.0353,1.1203

6305.0070,1.0353,1.1100

6306.0060,1.0343,1.1049

6307.0070,1.0353,1.1203

6308.0080,1.0358,1.1100

6309.0060,1.0363,1.1152

6310.0060,1.0408,1.1461

6311.0060,1.0398,1.0946

6312.0060,1.0378,1.1049

6313.0060,1.0378,1.1100

6314.0070,1.0348,1.0895

6315.0060,1.0358,1.1203

6316.0060,1.0378,1.1255

6317.0060,1.0363,1.1049

6318.0060,1.0363,1.1100

6319.0060,1.0363,1.1152

6320.0070,1.0313,1.0946

6321.0060,1.0328,1.1100

6322.0060,1.0333,1.1100

6323.0060,1.0328,1.1049

6324.0070,1.0348,1.1100

6325.0060,1.0288,1.0586

6326.0060,1.0268,1.1049

6327.0060,1.0273,1.1100

6328.0060,1.0288,1.1255

6329.0060,1.0258,1.0843

6330.0060,1.0253,1.0895

6331.0060,1.0239,1.0946

6332.0060,1.0234,1.1049

6333.0060,1.0273,1.1461

6334.0060,1.0278,1.1152

6335.0070,1.0353,1.1358

6336.0060,1.0353,1.1049

6337.0060,1.0328,1.0843

6338.0070,1.0303,1.0997

6339.0060,1.0308,1.0895

6340.0060,1.0318,1.0997

6341.0060,1.0333,1.1100

6342.0060,1.0338,1.1100

6343.0060,1.0298,1.1049

6344.0060,1.0278,1.0946

6345.0060,1.0258,1.1152

6346.0060,1.0258,1.1049

6347.0060,1.0283,1.1100

6348.0060,1.0303,1.1203

6349.0070,1.0353,1.1409

6350.0060,1.0348,1.0946

6351.0060,1.0378,1.1409

6352.0060,1.0388,1.1203

6353.0070,1.0413,1.1306

6354.0060,1.0422,1.1049

6355.0060,1.0432,1.1255

6356.0060,1.0432,1.1049

6357.0060,1.0422,1.0997

6358.0060,1.0403,1.0997

6359.0060,1.0373,1.1100

6360.0060,1.0393,1.1152

6361.0060,1.0378,1.1255

6362.0060,1.0363,1.1049

6363.0060,1.0338,1.1049

6364.0060,1.0293,1.0586

6365.0060,1.0278,1.1100

6366.0060,1.0298,1.1255

6367.0060,1.0308,1.1100

6368.0070,1.0303,1.0946

6369.0060,1.0298,1.1049

6370.0060,1.0298,1.1152

6371.0060,1.0283,1.1100

6372.0060,1.0263,1.0843

6373.0060,1.0273,1.1152

6374.0070,1.0343,1.1306

6375.0060,1.0373,1.1409

6376.0060,1.0403,1.1563

6377.0060,1.0432,1.1409

6378.0060,1.0422,1.0843

6379.0060,1.0378,1.0586

6380.0060,1.0378,1.1152

6381.0060,1.0373,1.1049

6382.0070,1.0363,1.0740

6383.0060,1.0328,1.0792

6384.0060,1.0308,1.1100

6385.0060,1.0288,1.1203

6386.0070,1.0258,1.1255

6387.0060,1.0219,1.0997

6388.0060,1.0234,1.0997

6389.0060,1.0263,1.0895

6390.0060,1.0268,1.1203

6391.0060,1.0253,1.0895

6392.0060,1.0298,1.1203

6393.0060,1.0313,1.0946

6394.0070,1.0308,1.1049

6395.0060,1.0293,1.1049

6396.0060,1.0283,1.1152

6397.0060,1.0298,1.1152

6398.0060,1.0333,1.1358

6399.0060,1.0343,1.0997

6400.0070,1.0338,1.1152

6401.0060,1.0353,1.1049

6402.0060,1.0343,1.1100

6403.0060,1.0348,1.0997

6404.0060,1.0358,1.1152

6405.0060,1.0363,1.1100

6406.0060,1.0388,1.1409

6407.0060,1.0383,1.1100

6408.0060,1.0373,1.1255

6409.0060,1.0383,1.1100

6410.0060,1.0373,1.1049

6411.0060,1.0388,1.1203

6412.0060,1.0393,1.1152

6413.0060,1.0403,1.1100

6414.0060,1.0398,1.1100

6415.0060,1.0408,1.1203

6416.0060,1.0408,1.1409

6417.0070,1.0393,1.0946

6418.0060,1.0378,1.1100

6419.0060,1.0363,1.0946

6420.0060,1.0378,1.1203

6421.0060,1.0373,1.1152

6422.0060,1.0363,1.1049

6423.0060,1.0353,1.0997

6424.0070,1.0388,1.1461

6425.0060,1.0358,1.0895

6426.0060,1.0333,1.1152

6427.0060,1.0363,1.1255

6428.0060,1.0383,1.1306

6429.0060,1.0363,1.0740

6430.0060,1.0373,1.1306

6431.0060,1.0378,1.1203

6432.0060,1.0378,1.1049

6433.0060,1.0383,1.1049

6434.0060,1.0388,1.1512

6435.0060,1.0368,1.0689

6436.0060,1.0378,1.1255

6437.0060,1.0378,1.1255

6438.0060,1.0368,1.1203

6439.0060,1.0358,1.0637

6440.0060,1.0343,1.1152

6441.0070,1.0333,1.1100

6442.0060,1.0328,1.0997

6443.0060,1.0343,1.1203

6444.0060,1.0328,1.1358

6445.0060,1.0383,1.1255

6446.0070,1.0368,1.1100

6447.0070,1.0363,1.1203

6448.0060,1.0333,1.0895

6449.0060,1.0348,1.0792

6450.0060,1.0348,1.1152

6451.0070,1.0338,1.0997

6452.0060,1.0358,1.1203

6453.0070,1.0338,1.0997

6454.0060,1.0328,1.1255

6455.0060,1.0328,1.1255

6456.0060,1.0343,1.1255

6457.0060,1.0338,1.1152

6458.0060,1.0368,1.1203

6459.0060,1.0393,1.1049

6460.0060,1.0388,1.1100

6461.0060,1.0373,1.0843

6462.0060,1.0368,1.1152

6463.0060,1.0378,1.1100

6464.0060,1.0368,1.1152

6465.0060,1.0358,1.1152

6466.0060,1.0333,1.0997

6467.0060,1.0343,1.1255

6468.0060,1.0343,1.1203

6469.0060,1.0348,1.1100

6470.0060,1.0348,1.1100

6471.0060,1.0363,1.0997

6472.0060,1.0333,1.0843

6473.0070,1.0318,1.0946

6474.0060,1.0308,1.1049

6475.0060,1.0333,1.1409

6476.0060,1.0343,1.1100

6477.0060,1.0348,1.1306

6478.0060,1.0308,1.0792

6479.0060,1.0318,1.1203

6480.0060,1.0328,1.1203

6481.0060,1.0338,1.1100

6482.0060,1.0368,1.1152

6483.0080,1.0383,1.1100

6484.0060,1.0413,1.1358

6485.0060,1.0393,1.1203

6486.0060,1.0393,1.1100

6487.0060,1.0338,1.0740

6488.0060,1.0353,1.0946

6489.0060,1.0348,1.1152

6490.0070,1.0313,1.0843

6491.0060,1.0293,1.0895

6492.0070,1.0303,1.1255

6493.0060,1.0253,1.0586

6494.0060,1.0204,1.0843

6495.0060,1.0179,1.0946

6496.0060,1.0169,1.0997

6497.0060,1.0249,1.1563

6498.0070,1.0244,1.0895

6499.0070,1.0239,1.1100

6500.0060,1.0278,1.1255

6501.0060,1.0244,1.0534

6502.0070,1.0224,1.1049

6503.0060,1.0263,1.0997

6504.0070,1.0283,1.1049

6505.0060,1.0293,1.1049

6506.0060,1.0303,1.1100

6507.0070,1.0263,1.1152

6508.0060,1.0283,1.1100

6509.0060,1.0283,1.1100

6510.0060,1.0258,1.0997

6511.0070,1.0313,1.1100

6512.0070,1.0313,1.1049

6513.0060,1.0308,1.0946

6514.0060,1.0308,1.1049

6515.0060,1.0333,1.1306

6516.0060,1.0343,1.1203

6517.0060,1.0313,1.0843

6518.0060,1.0308,1.1049

6519.0060,1.0328,1.1306

6520.0060,1.0373,1.1461

6521.0070,1.0378,1.1152

6522.0070,1.0373,1.0997

6523.0060,1.0373,1.0946

6524.0080,1.0368,1.0997

6525.0070,1.0348,1.1100

6526.0060,1.0338,1.1100

6527.0060,1.0378,1.1255

6528.0060,1.0378,1.1049

6529.0060,1.0348,1.0997

6530.0070,1.0328,1.1255

6531.0060,1.0328,1.1152

6532.0060,1.0338,1.1100

6533.0070,1.0333,1.0895

6534.0070,1.0363,1.1306

6535.0070,1.0368,1.1152

6536.0060,1.0343,1.0843

6537.0060,1.0303,1.0843

6538.0070,1.0268,1.0689

6539.0060,1.0283,1.1152

6540.0070,1.0303,1.1461

6541.0060,1.0273,1.0843

6542.0070,1.0258,1.0946

6543.0070,1.0293,1.1255

6544.0060,1.0253,1.0895

6545.0060,1.0249,1.1100

6546.0060,1.0263,1.0997

6547.0060,1.0278,1.0997

6548.0060,1.0358,1.1512

6549.0060,1.0373,1.1306

6550.0070,1.0263,1.0329

6551.0060,1.0303,1.1255

6552.0060,1.0318,1.1100

6553.0060,1.0348,1.1563

6554.0060,1.0368,1.1100

6555.0060,1.0373,1.1152

6556.0060,1.0398,1.1255

6557.0060,1.0408,1.1100

6558.0060,1.0378,1.1203

6559.0060,1.0373,1.1255

6560.0060,1.0442,1.1049

6561.0060,1.0413,1.0946

6562.0060,1.0413,1.1100

6563.0060,1.0358,1.0997

6564.0060,1.0363,1.1152

6565.0070,1.0373,1.1255

6566.0060,1.0358,1.1100

6567.0060,1.0358,1.1100

6568.0060,1.0343,1.1049

6569.0060,1.0338,1.1203

6570.0060,1.0343,1.1100

6571.0070,1.0358,1.1100

6572.0060,1.0363,1.1152

6573.0060,1.0368,1.1049

6574.0060,1.0368,1.1152

6575.0060,1.0477,1.2387

6576.0060,1.0492,1.1255

6577.0060,1.0492,1.1100

6578.0060,1.0497,1.1100

6579.0060,1.0497,1.1203

6580.0060,1.0517,1.1306

6581.0060,1.0492,1.0843

6582.0060,1.0452,1.0740

6583.0060,1.0437,1.0895

6584.0060,1.0398,1.0740

6585.0060,1.0263,1.0997

6586.0060,1.0293,1.1563

6587.0060,1.0288,1.1049

6588.0060,1.0288,1.1100

6589.0060,1.0283,1.1152

6590.0060,1.0224,1.0689

6591.0060,1.0219,1.0792

6592.0060,1.0283,1.1409

6593.0060,1.0303,1.1100

6594.0080,1.0338,1.1100

6595.0060,1.0318,1.0792

6596.0070,1.0263,1.0997

6597.0060,1.0249,1.0895

6598.0070,1.0234,1.0946

6599.0060,1.0199,1.0792

6600.0060,1.0263,1.1358

6601.0060,1.0293,1.1100

6602.0060,1.0273,1.1203

6603.0060,1.0268,1.1049

6604.0060,1.0283,1.1255

6605.0060,1.0313,1.1100

6606.0060,1.0293,1.0792

6607.0070,1.0308,1.1049

6608.0060,1.0333,1.1203

6609.0060,1.0373,1.1203

6610.0070,1.0358,1.1203

6611.0070,1.0358,1.1100

6612.0060,1.0348,1.1100

6613.0060,1.0363,1.1203

6614.0060,1.0338,1.0997

6615.0070,1.0358,1.1306

6616.0060,1.0378,1.0997

6617.0060,1.0373,1.0997

6618.0060,1.0343,1.0895

6619.0070,1.0368,1.1461

6620.0060,1.0348,1.0997

6621.0070,1.0328,1.0895

6622.0060,1.0328,1.1100

6623.0070,1.0323,1.1152

6624.0060,1.0323,1.0997

6625.0070,1.0313,1.1203

6626.0060,1.0318,1.1049

6627.0060,1.0328,1.1100

6628.0060,1.0368,1.1306

6629.0060,1.0363,1.1409

6630.0060,1.0383,1.1203

6631.0060,1.0408,1.1152

6632.0060,1.0383,1.0843

6633.0070,1.0348,1.0792

6634.0060,1.0338,1.0895

6635.0070,1.0343,1.1255

6636.0060,1.0348,1.1100

6637.0070,1.0358,1.1203

6638.0070,1.0333,1.1049

6639.0060,1.0268,1.0740

6640.0060,1.0268,1.1203

6641.0070,1.0244,1.0895

6642.0060,1.0268,1.1100

6643.0060,1.0343,1.1563

6644.0060,1.0383,1.1306

6645.0060,1.0328,1.0689

6646.0060,1.0303,1.0843

6647.0060,1.0268,1.0843

6648.0060,1.0318,1.1563

6649.0060,1.0323,1.0792

6650.0060,1.0338,1.1358

6651.0070,1.0378,1.1306

6652.0060,1.0383,1.1152

6653.0060,1.0353,1.1255

6654.0060,1.0338,1.1152

6655.0060,1.0373,1.1049

6656.0060,1.0398,1.1100

6657.0060,1.0408,1.0946

6658.0060,1.0373,1.1203

6659.0060,1.0393,1.0997

6660.0060,1.0368,1.1100

6661.0060,1.0348,1.1100

6662.0060,1.0338,1.1049

6663.0070,1.0313,1.0997

6664.0060,1.0293,1.0946

6665.0060,1.0293,1.1049

6666.0060,1.0283,1.0997

6667.0060,1.0308,1.1203

6668.0060,1.0323,1.1358

6669.0070,1.0338,1.1152

6670.0060,1.0338,1.1100

6671.0060,1.0328,1.0997

6672.0070,1.0338,1.1152

6673.0060,1.0348,1.1100

6674.0060,1.0358,1.1049

6675.0060,1.0363,1.1100

6676.0070,1.0408,1.1461

6677.0060,1.0413,1.1255

6678.0060,1.0383,1.1049

6679.0060,1.0368,1.0997

6680.0060,1.0368,1.1100

6681.0060,1.0393,1.1255

6682.0060,1.0368,1.0895

6683.0060,1.0388,1.1306

6684.0060,1.0398,1.1152

6685.0060,1.0417,1.1306

6686.0060,1.0358,1.0843

6687.0060,1.0343,1.1100

6688.0060,1.0358,1.1203

6689.0060,1.0373,1.1152

6690.0060,1.0323,1.0586

6691.0060,1.0313,1.1152

6692.0060,1.0373,1.1512

6693.0060,1.0368,1.1255

6694.0060,1.0373,1.1203

6695.0060,1.0363,1.1203

6696.0060,1.0393,1.1152

6697.0060,1.0393,1.1100

6698.0060,1.0398,1.1255

6699.0060,1.0393,1.1100

6700.0060,1.0477,1.1461

6701.0060,1.0437,1.0740

6702.0060,1.0408,1.1203

6703.0060,1.0348,1.0637

6704.0070,1.0338,1.1100

6705.0070,1.0323,1.1049

6706.0060,1.0328,1.1203

6707.0060,1.0313,1.0946

6708.0060,1.0298,1.1100

6709.0060,1.0298,1.1100

6710.0060,1.0253,1.0997

6711.0060,1.0313,1.1358

6712.0060,1.0343,1.1512

6713.0060,1.0388,1.1100

6714.0060,1.0363,1.0843

6715.0060,1.0388,1.1306

6716.0060,1.0393,1.1255

6717.0060,1.0413,1.1152

6718.0060,1.0417,1.1152

6719.0070,1.0403,1.0946

6720.0060,1.0417,1.1152

6721.0070,1.0442,1.1615

6722.0070,1.0393,1.0997

6723.0060,1.0403,1.1203

6724.0060,1.0417,1.0997

6725.0060,1.0413,1.1255

6726.0060,1.0388,1.0997

6727.0060,1.0383,1.1100

6728.0060,1.0368,1.0997

6729.0070,1.0378,1.1049

6730.0070,1.0353,1.0895

6731.0060,1.0313,1.1203

6732.0060,1.0323,1.1100

6733.0060,1.0303,1.0997

6734.0060,1.0308,1.1049

6735.0060,1.0288,1.1049

6736.0060,1.0328,1.1409

6737.0060,1.0313,1.0946

6738.0060,1.0333,1.1203

6739.0060,1.0333,1.1049

6740.0060,1.0348,1.1049

6741.0060,1.0318,1.0895

6742.0060,1.0308,1.0997

6743.0060,1.0303,1.0946

6744.0070,1.0283,1.0843

6745.0060,1.0303,1.1255

6746.0060,1.0249,1.0843

6747.0070,1.0268,1.1152

6748.0060,1.0263,1.1152

6749.0060,1.0263,1.1049

6750.0060,1.0278,1.1203

6751.0060,1.0303,1.1152

6752.0060,1.0293,1.0895

6753.0060,1.0293,1.0946

6754.0060,1.0333,1.1255

6755.0060,1.0313,1.1049

6756.0060,1.0338,1.1100

6757.0060,1.0343,1.1203

6758.0060,1.0328,1.0997

6759.0060,1.0328,1.1049

6760.0060,1.0318,1.1100

6761.0060,1.0293,1.0895

6762.0060,1.0273,1.0689

6763.0060,1.0288,1.1100

6764.0060,1.0293,1.1306

6765.0060,1.0308,1.1203

6766.0070,1.0308,1.1100

6767.0060,1.0308,1.1203

6768.0060,1.0303,1.0946

6769.0060,1.0283,1.0843

6770.0060,1.0273,1.0997

6771.0060,1.0293,1.1100

6772.0070,1.0323,1.0997

6773.0060,1.0328,1.1152

6774.0060,1.0427,1.2335

6775.0060,1.0462,1.1563

6776.0070,1.0457,1.1049

6777.0070,1.0408,1.0689

6778.0060,1.0422,1.1100

6779.0070,1.0452,1.1152

6780.0060,1.0472,1.1203

6781.0060,1.0482,1.1203

6782.0060,1.0502,1.1203

6783.0070,1.0492,1.1049

6784.0060,1.0378,1.1152

6785.0060,1.0333,1.1100

6786.0060,1.0343,1.1152

6787.0060,1.0408,1.1358

6788.0060,1.0408,1.1100

6789.0060,1.0398,1.1049

6790.0060,1.0358,1.0792

6791.0060,1.0353,1.1152

6792.0060,1.0343,1.1100

6793.0060,1.0368,1.1306

6794.0060,1.0378,1.1255

6795.0060,1.0373,1.1049

6796.0060,1.0373,1.1152

6797.0060,1.0338,1.0997

6798.0060,1.0328,1.0997

6799.0070,1.0323,1.0997

6800.0060,1.0363,1.1203

6801.0060,1.0363,1.1152

6802.0060,1.0323,1.0689

6803.0060,1.0298,1.1049

6804.0060,1.0298,1.1255

6805.0070,1.0298,1.1049

6806.0060,1.0293,1.1100

6807.0060,1.0313,1.1203

6808.0060,1.0338,1.1255

6809.0060,1.0353,1.1152

6810.0070,1.0328,1.0946

6811.0060,1.0333,1.1203

6812.0070,1.0358,1.0946

6813.0060,1.0358,1.1049

6814.0060,1.0348,1.1152

6815.0060,1.0358,1.1152

6816.0060,1.0373,1.1255

6817.0070,1.0358,1.1049

6818.0060,1.0338,1.1049

6819.0060,1.0368,1.1461

6820.0070,1.0383,1.1100

6821.0070,1.0378,1.1152

6822.0070,1.0398,1.1152

6823.0060,1.0403,1.1100

6824.0060,1.0408,1.1203

6825.0060,1.0417,1.1255

6826.0070,1.0408,1.1152

6827.0060,1.0413,1.1100

6828.0060,1.0447,1.1409

6829.0060,1.0398,1.0946

6830.0060,1.0408,1.1203

6831.0060,1.0403,1.1100

6832.0060,1.0398,1.1100

6833.0060,1.0403,1.1152

6834.0060,1.0447,1.1666

6835.0060,1.0432,1.1100

6836.0060,1.0408,1.0895

6837.0060,1.0383,1.0843

6838.0060,1.0343,1.0997

6839.0060,1.0353,1.1049

6840.0060,1.0328,1.0946

6841.0060,1.0333,1.1152

6842.0060,1.0343,1.1203

6843.0060,1.0323,1.0946

6844.0060,1.0253,1.0946

6845.0060,1.0239,1.0946

6846.0060,1.0283,1.1358

6847.0060,1.0288,1.0895

6848.0060,1.0273,1.0843

6849.0060,1.0263,1.0946

6850.0060,1.0288,1.1203

6851.0060,1.0343,1.1718

6852.0060,1.0343,1.1203

6853.0070,1.0353,1.1049

6854.0060,1.0348,1.0895

6855.0060,1.0358,1.1049

6856.0060,1.0313,1.0895

6857.0070,1.0333,1.1100

6858.0060,1.0353,1.1049

6859.0060,1.0358,1.0997

6860.0060,1.0363,1.1255

6861.0060,1.0293,1.0997

6862.0070,1.0278,1.1049

6863.0070,1.0288,1.1152

6864.0080,1.0298,1.0997

6865.0060,1.0278,1.0843

6866.0060,1.0288,1.0997

6867.0060,1.0308,1.1306

6868.0060,1.0298,1.0946

6869.0060,1.0288,1.0895

6870.0060,1.0268,1.1049

6871.0070,1.0278,1.1100

6872.0060,1.0283,1.1100

6873.0070,1.0283,1.1152

6874.0060,1.0318,1.1358

6875.0060,1.0338,1.1049

6876.0060,1.0338,1.0997

6877.0060,1.0318,1.1100

6878.0070,1.0343,1.1203

6879.0060,1.0353,1.0997

6880.0060,1.0363,1.1152

6881.0060,1.0398,1.1461

6882.0060,1.0388,1.0997

6883.0070,1.0408,1.1358

6884.0060,1.0388,1.1152

6885.0060,1.0383,1.0997

6886.0060,1.0408,1.1255

6887.0060,1.0432,1.1358

6888.0060,1.0422,1.1100

6889.0060,1.0427,1.1049

6890.0060,1.0408,1.0946

6891.0070,1.0348,1.0843

6892.0060,1.0363,1.1152

6893.0060,1.0338,1.1100

6894.0070,1.0313,1.0895

6895.0060,1.0308,1.0946

6896.0060,1.0258,1.0740

6897.0070,1.0239,1.1152

6898.0060,1.0239,1.1100

6899.0070,1.0239,1.1049

6900.0060,1.0229,1.0843

6901.0060,1.0258,1.1152

6902.0060,1.0249,1.1049

6903.0060,1.0249,1.1100

6904.0060,1.0258,1.0997

6905.0060,1.0263,1.0997

6906.0060,1.0303,1.1152

6907.0060,1.0303,1.1152

6908.0060,1.0298,1.1049

6909.0060,1.0308,1.1152

6910.0060,1.0333,1.1100

6911.0060,1.0328,1.1100

6912.0060,1.0343,1.1203

6913.0060,1.0328,1.0946

6914.0070,1.0328,1.0997

6915.0060,1.0398,1.1718

6916.0060,1.0378,1.0946

6917.0060,1.0388,1.1255

6918.0060,1.0408,1.1255

6919.0060,1.0403,1.1100

6920.0060,1.0417,1.1255

6921.0060,1.0417,1.1100

6922.0060,1.0413,1.1152

6923.0060,1.0413,1.0946

6924.0060,1.0422,1.1100

6925.0060,1.0353,1.0997

6926.0060,1.0378,1.1203

6927.0060,1.0358,1.1049

6928.0060,1.0348,1.1152

6929.0060,1.0343,1.1049

6930.0060,1.0323,1.1049

6931.0060,1.0318,1.1049

6932.0060,1.0293,1.0895

6933.0060,1.0283,1.0843

6934.0060,1.0318,1.1461

6935.0060,1.0338,1.1203

6936.0060,1.0308,1.0895

6937.0060,1.0343,1.1409

6938.0060,1.0308,1.0792

6939.0070,1.0303,1.0997

6940.0060,1.0318,1.1203

6941.0060,1.0353,1.1409

6942.0060,1.0403,1.1409

6943.0060,1.0383,1.0637

6944.0060,1.0343,1.1049

6945.0060,1.0308,1.0843

6946.0060,1.0308,1.0895

6947.0060,1.0303,1.1358

6948.0080,1.0333,1.1100

6949.0060,1.0318,1.0843

6950.0060,1.0318,1.1203

6951.0060,1.0293,1.1152

6952.0070,1.0214,1.0586

6953.0070,1.0249,1.0997

6954.0060,1.0249,1.1049

6955.0060,1.0288,1.1255

6956.0060,1.0328,1.1306

6957.0060,1.0328,1.1358

6958.0070,1.0313,1.0946

6959.0060,1.0328,1.0997

6960.0060,1.0293,1.0843

6961.0060,1.0323,1.1461

6962.0060,1.0373,1.1100

6963.0060,1.0378,1.1049

6964.0060,1.0388,1.1152

6965.0070,1.0378,1.1152

6966.0060,1.0358,1.1100

6967.0060,1.0348,1.1255

6968.0060,1.0353,1.0997

6969.0060,1.0348,1.0946

6970.0060,1.0368,1.1049

6971.0060,1.0313,1.0895

6972.0060,1.0313,1.1100

6973.0060,1.0323,1.1152

6974.0060,1.0298,1.0895

6975.0060,1.0313,1.1306

6976.0060,1.0313,1.1100

6977.0060,1.0293,1.1049

6978.0060,1.0298,1.1049

6979.0060,1.0298,1.0946

6980.0060,1.0298,1.1049

6981.0060,1.0303,1.0946

6982.0060,1.0293,1.0997

6983.0080,1.0303,1.1255

6984.0070,1.0308,1.0946

6985.0070,1.0288,1.1100

6986.0060,1.0258,1.0792

6987.0060,1.0263,1.1100

6988.0060,1.0283,1.1255

6989.0060,1.0333,1.1461

6990.0060,1.0338,1.1100

6991.0060,1.0333,1.0895

6992.0070,1.0333,1.0997

6993.0060,1.0348,1.1409

6994.0060,1.0373,1.1203

6995.0070,1.0388,1.1255

6996.0060,1.0432,1.1255

6997.0060,1.0422,1.0997

6998.0060,1.0413,1.1152

6999.0060,1.0393,1.1255

7000.0060,1.0403,1.1203

7001.0060,1.0388,1.0740

7002.0060,1.0403,1.1152

7003.0070,1.0358,1.0946

7004.0060,1.0353,1.1152

7005.0060,1.0343,1.1152

7006.0060,1.0348,1.1306

7007.0060,1.0378,1.1306

7008.0060,1.0358,1.0946

7009.0070,1.0353,1.1203

7010.0060,1.0328,1.0946

7011.0060,1.0373,1.1203

7012.0060,1.0368,1.1100

7013.0060,1.0378,1.1049

7014.0060,1.0422,1.1615

7015.0060,1.0417,1.1100

7016.0060,1.0403,1.1152

7017.0060,1.0388,1.1152

7018.0060,1.0368,1.0740

7019.0060,1.0368,1.1203

7020.0060,1.0388,1.1152

7021.0060,1.0373,1.1049

7022.0060,1.0363,1.0997

7023.0060,1.0422,1.1666

7024.0060,1.0378,1.1152

7025.0060,1.0358,1.0895

7026.0060,1.0353,1.1100

7027.0060,1.0338,1.0997

7028.0070,1.0348,1.0843

7029.0060,1.0343,1.1152

7030.0060,1.0343,1.1152

7031.0060,1.0328,1.0895

7032.0060,1.0328,1.0997

7033.0060,1.0253,1.0895

7034.0060,1.0253,1.1152

7035.0060,1.0293,1.1306

7036.0060,1.0298,1.1152

7037.0060,1.0323,1.1255

7038.0060,1.0353,1.1152

7039.0060,1.0338,1.0997

7040.0060,1.0328,1.1049

7041.0060,1.0363,1.1255

7042.0060,1.0363,1.0997

7043.0060,1.0353,1.0792

7044.0060,1.0328,1.0895

7045.0070,1.0323,1.1255

7046.0060,1.0388,1.1821

7047.0060,1.0393,1.1306

7048.0070,1.0378,1.0997

7049.0060,1.0388,1.1100

7050.0060,1.0437,1.1563

7051.0060,1.0457,1.1461

7052.0070,1.0467,1.1100

7053.0060,1.0507,1.1203

7054.0060,1.0502,1.0843

7055.0070,1.0527,1.1512

7056.0060,1.0477,1.1306

7057.0060,1.0457,1.1100

7058.0060,1.0417,1.0586

7059.0070,1.0417,1.1100

7060.0070,1.0343,1.0792

7061.0060,1.0293,1.0946

7062.0070,1.0263,1.0792

7063.0060,1.0234,1.0895

7064.0060,1.0244,1.0946

7065.0060,1.0159,1.0637

7066.0060,1.0129,1.0997

7067.0060,1.0129,1.1100

7068.0060,1.0189,1.1203

7069.0070,1.0209,1.1306

7070.0060,1.0234,1.1049

7071.0060,1.0239,1.0997

7072.0070,1.0273,1.1152

7073.0060,1.0288,1.1049

7074.0060,1.0293,1.0997

7075.0060,1.0348,1.1203

7076.0060,1.0328,1.0792

7077.0070,1.0333,1.1152

7078.0060,1.0308,1.0946

7079.0060,1.0288,1.1100

7080.0070,1.0313,1.1306

7081.0070,1.0333,1.1203

7082.0070,1.0343,1.1255

7083.0070,1.0403,1.1666

7084.0070,1.0383,1.0792

7085.0070,1.0338,1.0740

7086.0060,1.0383,1.1255

7087.0060,1.0398,1.1306

7088.0060,1.0398,1.0946

7089.0060,1.0378,1.0895

7090.0060,1.0393,1.1461

7091.0060,1.0393,1.1203

7092.0060,1.0388,1.1203

7093.0060,1.0343,1.1203

7094.0060,1.0378,1.1152

7095.0060,1.0422,1.1203

7096.0060,1.0388,1.0895

7097.0060,1.0373,1.1152

7098.0060,1.0383,1.1049

7099.0070,1.0378,1.0843

7100.0060,1.0283,1.0483

7101.0060,1.0303,1.1409

7102.0060,1.0323,1.1409

7103.0060,1.0313,1.1100

7104.0070,1.0303,1.1049

7105.0060,1.0273,1.0895

7106.0070,1.0308,1.1255

7107.0070,1.0313,1.1203

7108.0060,1.0323,1.1152

7109.0060,1.0353,1.1152

7110.0060,1.0413,1.1100

7111.0060,1.0403,1.1306

7112.0060,1.0368,1.1049

7113.0070,1.0373,1.1152

7114.0060,1.0353,1.0843

7115.0070,1.0363,1.0997

7116.0060,1.0348,1.1100

7117.0060,1.0343,1.1152

7118.0060,1.0343,1.1152

7119.0060,1.0323,1.0946

7120.0070,1.0328,1.1152

7121.0060,1.0313,1.1152

7122.0060,1.0318,1.1100

7123.0060,1.0308,1.1049

7124.0070,1.0303,1.0792

7125.0060,1.0313,1.1100

7126.0070,1.0318,1.1152

7127.0060,1.0313,1.1100

7128.0070,1.0318,1.1203

7129.0080,1.0308,1.0843

7130.0060,1.0293,1.0997

7131.0060,1.0278,1.0997

7132.0060,1.0288,1.1203

7133.0060,1.0288,1.1049

7134.0060,1.0318,1.1100

7135.0060,1.0303,1.0946

7136.0060,1.0328,1.1409

7137.0060,1.0338,1.1203

7138.0070,1.0333,1.1152

7139.0060,1.0373,1.1255

7140.0060,1.0373,1.0997

7141.0070,1.0393,1.1203

7142.0060,1.0383,1.1100

7143.0060,1.0403,1.1255

7144.0070,1.0417,1.1255

7145.0060,1.0447,1.1255

7146.0060,1.0427,1.1203

7147.0070,1.0398,1.0895

7148.0060,1.0363,1.0792

7149.0060,1.0338,1.0997

7150.0060,1.0323,1.0843

7151.0060,1.0333,1.1306

7152.0060,1.0338,1.1152

7153.0070,1.0308,1.0946

7154.0060,1.0298,1.1152

7155.0060,1.0303,1.1306

7156.0060,1.0268,1.0843

7157.0070,1.0298,1.1203

7158.0060,1.0363,1.1461

7159.0060,1.0383,1.1203

7160.0060,1.0398,1.0997

7161.0060,1.0383,1.1152

7162.0060,1.0383,1.1152

7163.0060,1.0398,1.1100

7164.0060,1.0393,1.1100

7165.0060,1.0383,1.1203

7166.0060,1.0383,1.0843

7167.0060,1.0383,1.1203

7168.0060,1.0338,1.0997

7169.0060,1.0338,1.1203

7170.0060,1.0343,1.1049

7171.0060,1.0318,1.0895

7172.0060,1.0303,1.0997

7173.0070,1.0303,1.1100

7174.0070,1.0293,1.0997

7175.0060,1.0283,1.1100

7176.0060,1.0303,1.1049

7177.0060,1.0268,1.0843

7178.0070,1.0303,1.1358

7179.0060,1.0298,1.1152

7180.0060,1.0303,1.1100

7181.0060,1.0298,1.0843

7182.0060,1.0308,1.1100

7183.0070,1.0318,1.1203

7184.0060,1.0283,1.0637

7185.0070,1.0323,1.1512

7186.0060,1.0328,1.1100

7187.0060,1.0368,1.1255

7188.0080,1.0368,1.1358

7189.0060,1.0383,1.1306

7190.0060,1.0363,1.0895

7191.0060,1.0417,1.1409

7192.0070,1.0447,1.1409

7193.0070,1.0457,1.1306

7194.0060,1.0492,1.0997

7195.0060,1.0467,1.1255

7196.0060,1.0442,1.0843

7197.0070,1.0373,1.0534

7198.0070,1.0422,1.1872

7199.0060,1.0452,1.1615

7200.0080,1.0472,1.1100

7201.0060,1.0512,1.1821

7202.0080,1.0497,1.1255

7203.0070,1.0502,1.1358

7204.0060,1.0547,1.1461

7205.0060,1.0532,1.1100

7206.0070,1.0557,1.1100

7207.0060,1.0656,1.1563

7208.0060,1.0596,1.1255

7209.0060,1.0611,1.1769

7210.0060,1.0641,1.1409

7211.0060,1.0601,1.1409

7212.0060,1.0572,1.0946

7213.0060,1.0577,1.1409

7214.0070,1.0567,1.1358

7215.0060,1.0577,1.1203

7216.0060,1.0582,1.1152

7217.0060,1.0547,1.1203

7218.0060,1.0562,1.1409

7219.0060,1.0502,1.1152

7220.0060,1.0487,1.1255

7221.0060,1.0467,1.1203

7222.0070,1.0492,1.1203

7223.0060,1.0487,1.1358

7224.0070,1.0477,1.1255

7225.0060,1.0467,1.1100

7226.0060,1.0477,1.1255

7227.0060,1.0472,1.1152

7228.0060,1.0472,1.1409

7229.0060,1.0497,1.1409

7230.0060,1.0472,1.0997

7231.0070,1.0472,1.1203

7232.0060,1.0442,1.0895

7233.0060,1.0422,1.1152

7234.0060,1.0432,1.1358

7235.0060,1.0447,1.1255

7236.0060,1.0457,1.1358

7237.0060,1.0472,1.1306

7238.0060,1.0462,1.1306

7239.0060,1.0432,1.1100

7240.0060,1.0472,1.1409

7241.0070,1.0492,1.1409

7242.0060,1.0517,1.1152

7243.0060,1.0552,1.1512

7244.0060,1.0527,1.1100

7245.0060,1.0537,1.1358

7246.0060,1.0542,1.1409

7247.0060,1.0547,1.1358

7248.0060,1.0557,1.1409

7249.0060,1.0572,1.1255

7250.0060,1.0522,1.0895

7251.0070,1.0582,1.2026

7252.0070,1.0562,1.0946

7253.0060,1.0502,1.0895

7254.0060,1.0522,1.1306

7255.0060,1.0517,1.1306

7256.0060,1.0502,1.1255

7257.0060,1.0517,1.1512

7258.0060,1.0497,1.1203

7259.0060,1.0492,1.1203

7260.0060,1.0537,1.1358

7261.0060,1.0457,1.1203

7262.0060,1.0462,1.0997

7263.0070,1.0502,1.1306

7264.0060,1.0487,1.1152

7265.0060,1.0482,1.1255

7266.0070,1.0487,1.1306

7267.0060,1.0482,1.1461

7268.0070,1.0497,1.1358

7269.0060,1.0502,1.1255

7270.0060,1.0482,1.1152

7271.0070,1.0457,1.0946

7272.0060,1.0487,1.1306

7273.0060,1.0492,1.1358

7274.0070,1.0527,1.1512

7275.0060,1.0482,1.0792

7276.0060,1.0462,1.1100

7277.0060,1.0447,1.1306

7278.0060,1.0477,1.1666

7279.0060,1.0482,1.1306

7280.0060,1.0492,1.1255

7281.0060,1.0517,1.1203

7282.0060,1.0552,1.1666

7283.0060,1.0542,1.1255

7284.0060,1.0527,1.1358

7285.0060,1.0596,1.1512

7286.0060,1.0616,1.1306

7287.0060,1.0601,1.1152

7288.0060,1.0572,1.1358

7289.0060,1.0567,1.1255

7290.0060,1.0562,1.1203

7291.0060,1.0577,1.1358

7292.0060,1.0527,1.1152

7293.0060,1.0532,1.1306

7294.0070,1.0502,1.1049

7295.0060,1.0477,1.1255

7296.0060,1.0497,1.1512

7297.0070,1.0477,1.0946

7298.0060,1.0487,1.1461

7299.0060,1.0487,1.1255

7300.0060,1.0507,1.1409

7301.0060,1.0492,1.1203

7302.0060,1.0487,1.1100

7303.0060,1.0482,1.1255

7304.0070,1.0552,1.1769

7305.0060,1.0547,1.1203

7306.0060,1.0527,1.1306

7307.0060,1.0567,1.1358

7308.0060,1.0562,1.1409

7309.0060,1.0582,1.1461

7310.0060,1.0586,1.1461

7311.0060,1.0596,1.1306

7312.0060,1.0601,1.1152

7313.0060,1.0656,1.1821

7314.0060,1.0591,1.1100

7315.0070,1.0601,1.1306

7316.0060,1.0636,1.1666

7317.0060,1.0601,1.0997

7318.0060,1.0552,1.0895

7319.0060,1.0522,1.1152

7320.0060,1.0507,1.1306

7321.0060,1.0512,1.1358

7322.0060,1.0517,1.1203

7323.0060,1.0467,1.1306

7324.0060,1.0437,1.0792

7325.0060,1.0442,1.1358

7326.0060,1.0408,1.1306

7327.0060,1.0427,1.1203

7328.0060,1.0457,1.1203

7329.0060,1.0477,1.1358

7330.0060,1.0462,1.1152

7331.0060,1.0442,1.1152

7332.0060,1.0432,1.1100

7333.0060,1.0417,1.1152

7334.0070,1.0452,1.1152

7335.0070,1.0398,1.0792

7336.0070,1.0358,1.0895

7337.0060,1.0363,1.1255

7338.0070,1.0368,1.1255

7339.0070,1.0343,1.1100

7340.0060,1.0348,1.1203

7341.0060,1.0363,1.1306

7342.0060,1.0378,1.1255

7343.0060,1.0373,1.1100

7344.0060,1.0373,1.1152

7345.0070,1.0427,1.1358

7346.0070,1.0507,1.1718

7347.0070,1.0472,1.0895

7348.0060,1.0462,1.1152

7349.0060,1.0477,1.1255

7350.0070,1.0487,1.1306

7351.0060,1.0462,1.1049

7352.0060,1.0442,1.1049

7353.0060,1.0432,1.0997

7354.0060,1.0427,1.1100

7355.0060,1.0422,1.1306

7356.0060,1.0383,1.1306

7357.0070,1.0388,1.0946

7358.0070,1.0413,1.1409

7359.0060,1.0447,1.1615

7360.0060,1.0467,1.1512

7361.0060,1.0487,1.1255

7362.0060,1.0512,1.1306

7363.0060,1.0542,1.1306

7364.0060,1.0577,1.1461

7365.0060,1.0601,1.1563

7366.0060,1.0661,1.1924

7367.0060,1.0681,1.1152

7368.0060,1.0671,1.1306

7369.0070,1.0611,1.0997

7370.0060,1.0552,1.0895

7371.0060,1.0532,1.1049

7372.0060,1.0527,1.1255

7373.0060,1.0517,1.1203

7374.0060,1.0452,1.0792

7375.0060,1.0447,1.1512

7376.0060,1.0358,1.0997

7377.0060,1.0358,1.1152

7378.0060,1.0353,1.1255

7379.0060,1.0398,1.1461

7380.0060,1.0452,1.1461

7381.0060,1.0462,1.1152

7382.0060,1.0442,1.1049

7383.0060,1.0457,1.1358

7384.0060,1.0512,1.1358

7385.0070,1.0492,1.1306

7386.0060,1.0542,1.1512

7387.0070,1.0542,1.1152

7388.0060,1.0542,1.1255

7389.0060,1.0512,1.1152

7390.0060,1.0497,1.1306

7391.0060,1.0512,1.1306

7392.0060,1.0542,1.1358

7393.0060,1.0537,1.1306

7394.0060,1.0512,1.1100

7395.0060,1.0487,1.1049

7396.0060,1.0427,1.0895

7397.0060,1.0298,0.9814

7398.0060,1.0298,1.1255

7399.0060,1.0338,1.1563

7400.0060,1.0318,1.1100

7401.0070,1.0353,1.1666

7402.0060,1.0348,1.1306

7403.0060,1.0348,1.1306

7404.0070,1.0343,1.1049

7405.0070,1.0363,1.1255

7406.0060,1.0398,1.1255

7407.0060,1.0542,1.1306

7408.0070,1.0522,1.1049

7409.0060,1.0512,1.1461

7410.0070,1.0532,1.1306

7411.0060,1.0462,1.0946

7412.0060,1.0447,1.1152

7413.0070,1.0447,1.1306

7414.0070,1.0452,1.1100

7415.0060,1.0442,1.1152

7416.0060,1.0413,1.0946

7417.0060,1.0403,1.1203

7418.0060,1.0432,1.1358

7419.0060,1.0408,1.1203

7420.0070,1.0408,1.1306

7421.0060,1.0437,1.1255

7422.0070,1.0437,1.1152

7423.0060,1.0442,1.1358

7424.0060,1.0467,1.1358

7425.0060,1.0482,1.1306

7426.0060,1.0507,1.1203

7427.0060,1.0512,1.1255

7428.0060,1.0492,1.1152

7429.0060,1.0522,1.1512

7430.0070,1.0537,1.1461

7431.0060,1.0537,1.1255

7432.0060,1.0537,1.1152

7433.0060,1.0522,1.1203

7434.0060,1.0517,1.1306

7435.0060,1.0532,1.1461

7436.0070,1.0537,1.1255

7437.0060,1.0547,1.1358

7438.0060,1.0542,1.1100

7439.0060,1.0507,1.1152

7440.0070,1.0477,1.1152

7441.0070,1.0497,1.1461

7442.0060,1.0512,1.1306

7443.0080,1.0557,1.1666

7444.0070,1.0542,1.1152

7445.0060,1.0537,1.1409

7446.0060,1.0537,1.1255

7447.0060,1.0532,1.1306

7448.0060,1.0537,1.1152

7449.0060,1.0567,1.1461

7450.0060,1.0572,1.1203

7451.0070,1.0522,1.0946

7452.0060,1.0527,1.1358

7453.0060,1.0512,1.1512

7454.0060,1.0527,1.1306

7455.0060,1.0512,1.1255

7456.0060,1.0522,1.1358

7457.0060,1.0517,1.1255

7458.0060,1.0512,1.1100

7459.0060,1.0537,1.1718

7460.0070,1.0557,1.1409

7461.0070,1.0557,1.0946

7462.0060,1.0562,1.1409

7463.0060,1.0542,1.1306

7464.0060,1.0562,1.1512

7465.0060,1.0567,1.1306

7466.0060,1.0562,1.1306

7467.0060,1.0527,1.0895

7468.0060,1.0547,1.1306

7469.0060,1.0477,1.0997

7470.0060,1.0452,1.1152

7471.0060,1.0502,1.1461

7472.0060,1.0482,1.1203

7473.0060,1.0487,1.1358

7474.0060,1.0472,1.1358

7475.0070,1.0467,1.1255

7476.0070,1.0462,1.1255

7477.0060,1.0507,1.1358

7478.0060,1.0517,1.1409

7479.0060,1.0532,1.1152

7480.0070,1.0532,1.1152

7481.0070,1.0507,1.1203

7482.0060,1.0517,1.1306

7483.0060,1.0512,1.1306

7484.0060,1.0502,1.1255

7485.0060,1.0462,1.0843

7486.0060,1.0472,1.1358

7487.0060,1.0447,1.1100

7488.0060,1.0437,1.1306

7489.0060,1.0452,1.1306

7490.0060,1.0467,1.1306

7491.0060,1.0467,1.1203

7492.0070,1.0482,1.1461

7493.0070,1.0462,1.1100

7494.0070,1.0477,1.1409

7495.0060,1.0517,1.1255

7496.0060,1.0507,1.1255

7497.0060,1.0537,1.1409

7498.0060,1.0547,1.1409

7499.0080,1.0507,1.0895

7500.0060,1.0482,1.1049

7501.0070,1.0492,1.1306

7502.0060,1.0482,1.1358

7503.0070,1.0507,1.1358

7504.0060,1.0507,1.1409

7505.0060,1.0537,1.1563

7506.0060,1.0512,1.0997

7507.0060,1.0487,1.1152

7508.0060,1.0492,1.1461

7509.0060,1.0577,1.1769

7510.0060,1.0591,1.1203

7511.0060,1.0567,1.1049

7512.0060,1.0577,1.1461

7513.0060,1.0572,1.1306

7514.0060,1.0567,1.1358

7515.0060,1.0522,1.1100

7516.0070,1.0586,1.1666

7517.0060,1.0601,1.1306

7518.0060,1.0557,1.0997

7519.0060,1.0532,1.1512

7520.0060,1.0512,1.0997

7521.0070,1.0547,1.1409

7522.0080,1.0542,1.1409

7523.0070,1.0547,1.1358

7524.0060,1.0522,1.1100

7525.0060,1.0527,1.1152

7526.0060,1.0482,1.1203

7527.0070,1.0457,1.1049

7528.0060,1.0497,1.1409

7529.0060,1.0472,1.1255

7530.0060,1.0492,1.1203

7531.0070,1.0502,1.1512

7532.0060,1.0482,1.1203

7533.0060,1.0442,1.0946

7534.0060,1.0457,1.1255

7535.0060,1.0492,1.1512

7536.0070,1.0497,1.1255

7537.0070,1.0522,1.1306

7538.0060,1.0497,1.1152

7539.0060,1.0557,1.1872

7540.0060,1.0562,1.1255

7541.0070,1.0537,1.1255

7542.0060,1.0542,1.1255

7543.0060,1.0567,1.1203

7544.0060,1.0577,1.1358

7545.0060,1.0582,1.1563

7546.0060,1.0582,1.1255

7547.0060,1.0562,1.1100

7548.0060,1.0577,1.1306

7549.0060,1.0522,1.1306

7550.0060,1.0517,1.1203

7551.0060,1.0502,1.1100

7552.0060,1.0522,1.1461

7553.0060,1.0532,1.1306

7554.0060,1.0537,1.1409

7555.0060,1.0542,1.1615

7556.0060,1.0557,1.1409

7557.0060,1.0572,1.1255

7558.0060,1.0577,1.1358

7559.0060,1.0562,1.1152

7560.0060,1.0591,1.1512

7561.0060,1.0656,1.1769

7562.0060,1.0656,1.1461

7563.0060,1.0661,1.1358

7564.0060,1.0621,1.0997

7565.0060,1.0621,1.1615

7566.0060,1.0621,1.1409

7567.0060,1.0616,1.1203

7568.0070,1.0562,1.0792

7569.0060,1.0591,1.1461

7570.0060,1.0601,1.1615

7571.0060,1.0567,1.1409

7572.0060,1.0586,1.1666

7573.0060,1.0572,1.1203

7574.0060,1.0616,1.1461

7575.0060,1.0557,1.0997

7576.0060,1.0522,1.1049

7577.0080,1.0517,1.1152

7578.0060,1.0577,1.1409

7579.0060,1.0572,1.1409

7580.0060,1.0547,1.1358

7581.0060,1.0537,1.1306

7582.0070,1.0492,1.1203

7583.0060,1.0502,1.1306

7584.0060,1.0497,1.1409

7585.0070,1.0512,1.1152

7586.0060,1.0547,1.1409

7587.0060,1.0557,1.1255

7588.0070,1.0547,1.1306

7589.0060,1.0557,1.1512

7590.0060,1.0547,1.1255

7591.0060,1.0542,1.1255

7592.0060,1.0532,1.1100

7593.0060,1.0532,1.1306

7594.0060,1.0527,1.1358

7595.0060,1.0547,1.1358

7596.0060,1.0552,1.1461

7597.0070,1.0552,1.1255

7598.0070,1.0552,1.1306

7599.0060,1.0532,1.1306

7600.0060,1.0542,1.1358

7601.0060,1.0542,1.1255

7602.0060,1.0572,1.1409

7603.0060,1.0567,1.1255

7604.0060,1.0542,1.1100

7605.0060,1.0537,1.1306

7606.0060,1.0437,1.0431

7607.0070,1.0408,1.0946

7608.0060,1.0417,1.1409

7609.0060,1.0403,1.1152

7610.0060,1.0413,1.1461

7611.0060,1.0383,1.0946

7612.0060,1.0373,1.1306

7613.0060,1.0383,1.1358

7614.0060,1.0408,1.1358

7615.0060,1.0398,1.1203

7616.0060,1.0487,1.1358

7617.0060,1.0527,1.1358

7618.0060,1.0527,1.1409

7619.0060,1.0557,1.1461

7620.0060,1.0547,1.1358

7621.0060,1.0567,1.1152

7622.0060,1.0557,1.1203

7623.0060,1.0562,1.1409

7624.0060,1.0567,1.1409

7625.0060,1.0582,1.1358

7626.0060,1.0567,1.1203

7627.0060,1.0572,1.1409

7628.0060,1.0562,1.1306

7629.0060,1.0532,1.1152

7630.0070,1.0497,1.0997

7631.0060,1.0507,1.1255

7632.0060,1.0522,1.1358

7633.0060,1.0502,1.1203

7634.0060,1.0492,1.1306

7635.0060,1.0477,1.1203

7636.0060,1.0477,1.1203

7637.0060,1.0472,1.1358

7638.0070,1.0467,1.1255

7639.0070,1.0477,1.1255

7640.0070,1.0477,1.0997

7641.0060,1.0477,1.1255

7642.0060,1.0447,1.1049

7643.0060,1.0462,1.1358

7644.0070,1.0437,1.1049

7645.0060,1.0432,1.1152

7646.0060,1.0452,1.1409

7647.0070,1.0442,1.1255

7648.0060,1.0452,1.1358

7649.0060,1.0462,1.1358

7650.0060,1.0532,1.1718

7651.0060,1.0517,1.1100

7652.0070,1.0562,1.1512

7653.0060,1.0532,1.1049

7654.0060,1.0542,1.1152

7655.0060,1.0557,1.1306

7656.0070,1.0542,1.1255

7657.0070,1.0562,1.1461

7658.0060,1.0562,1.1358

7659.0060,1.0557,1.1306

7660.0060,1.0532,1.1461

7661.0060,1.0542,1.1203

7662.0060,1.0532,1.1409

7663.0060,1.0532,1.1049

7664.0060,1.0572,1.1563

7665.0070,1.0577,1.1358

7666.0060,1.0596,1.1461

7667.0060,1.0586,1.1358

7668.0060,1.0582,1.1306

7669.0060,1.0562,1.1100

7670.0070,1.0532,1.1152

7671.0060,1.0522,1.1100

7672.0070,1.0492,1.1100

7673.0070,1.0507,1.1203

7674.0070,1.0482,1.1306

7675.0060,1.0487,1.1409

7676.0060,1.0457,1.1152

7677.0060,1.0447,1.1255

7678.0060,1.0462,1.1461

7679.0060,1.0477,1.1255

7680.0060,1.0487,1.1255

7681.0080,1.0477,1.0997

7682.0060,1.0482,1.1152

7683.0060,1.0472,1.1100

7684.0070,1.0467,1.1255

7685.0060,1.0472,1.1461

7686.0080,1.0467,1.1100

7687.0060,1.0522,1.1821

7688.0060,1.0522,1.1461

7689.0060,1.0517,1.1203

7690.0060,1.0507,1.1152

7691.0060,1.0492,1.0843

7692.0060,1.0512,1.1358

7693.0060,1.0527,1.1255

7694.0060,1.0537,1.1358

7695.0060,1.0502,1.1100

7696.0060,1.0532,1.1409

7697.0060,1.0467,1.1152

7698.0060,1.0462,1.1409

7699.0060,1.0467,1.1255

7700.0060,1.0507,1.1563

7701.0060,1.0537,1.1152

7702.0060,1.0507,1.1049

7703.0060,1.0487,1.1049

7704.0060,1.0462,1.1100

7705.0060,1.0467,1.1152

7706.0070,1.0467,1.1409

7707.0070,1.0482,1.1306

7708.0070,1.0413,1.0689

7709.0060,1.0417,1.1306

7710.0060,1.0388,1.1255

7711.0060,1.0403,1.1306

7712.0070,1.0432,1.1358

7713.0060,1.0467,1.1409

7714.0060,1.0492,1.1358

7715.0060,1.0532,1.1563

7716.0060,1.0497,1.1049

7717.0060,1.0507,1.1409

7718.0070,1.0586,1.1512

7719.0060,1.0586,1.1306

7720.0060,1.0591,1.1306

7721.0070,1.0596,1.1358

7722.0060,1.0547,1.0843

7723.0060,1.0591,1.1872

7724.0060,1.0596,1.1409

7725.0060,1.0577,1.1358

7726.0060,1.0567,1.0946

7727.0070,1.0537,1.1100

7728.0070,1.0512,1.1255

7729.0060,1.0552,1.1718

7730.0060,1.0537,1.1152

7731.0060,1.0507,1.1049

7732.0060,1.0542,1.1203

7733.0060,1.0482,1.1255

7734.0070,1.0482,1.1409

7735.0060,1.0462,1.1152

7736.0060,1.0507,1.1409

7737.0060,1.0512,1.1152

7738.0060,1.0527,1.1409

7739.0060,1.0457,1.0997

7740.0060,1.0457,1.1152

7741.0060,1.0472,1.1203

7742.0060,1.0487,1.1358

7743.0070,1.0497,1.1358

7744.0060,1.0457,1.0997

7745.0060,1.0477,1.1358

7746.0070,1.0457,1.1203

7747.0060,1.0477,1.1358

7748.0060,1.0477,1.1409

7749.0060,1.0507,1.1306

7750.0070,1.0517,1.1255

7751.0060,1.0537,1.1409

7752.0060,1.0522,1.1203

7753.0060,1.0522,1.1358

7754.0060,1.0537,1.1152

7755.0070,1.0512,1.1100

7756.0070,1.0507,1.1152

7757.0060,1.0482,1.1100

7758.0060,1.0472,1.1306

7759.0060,1.0487,1.1461

7760.0070,1.0482,1.1203

7761.0060,1.0462,1.1203

7762.0060,1.0472,1.1306

7763.0060,1.0477,1.1409

7764.0080,1.0472,1.1100

7765.0070,1.0487,1.1255

7766.0060,1.0537,1.1666

7767.0060,1.0547,1.1203

7768.0060,1.0532,1.1152

7769.0070,1.0517,1.1306

7770.0060,1.0527,1.1306

7771.0060,1.0547,1.1409

7772.0070,1.0537,1.1203

7773.0060,1.0542,1.1461

7774.0060,1.0552,1.1203

7775.0060,1.0532,1.1049

7776.0060,1.0507,1.1409

7777.0060,1.0527,1.1409

7778.0070,1.0557,1.1461

7779.0060,1.0547,1.1203

7780.0060,1.0527,1.1100

7781.0070,1.0542,1.1563

7782.0060,1.0562,1.1409

7783.0070,1.0557,1.1409

7784.0060,1.0577,1.1409

7785.0060,1.0591,1.1203

7786.0060,1.0567,1.1152

7787.0060,1.0527,1.0997

7788.0060,1.0517,1.1358

7789.0070,1.0502,1.1049

7790.0070,1.0532,1.1409

7791.0070,1.0512,1.1358

7792.0080,1.0517,1.1461

7793.0060,1.0477,1.0997

7794.0060,1.0447,1.1100

7795.0060,1.0437,1.1100

7796.0060,1.0447,1.1255

7797.0060,1.0492,1.1461

7798.0070,1.0447,1.0895

7799.0060,1.0457,1.1152

7800.0060,1.0422,1.1049

7801.0060,1.0427,1.1409

7802.0060,1.0403,1.1203

7803.0060,1.0408,1.1049

7804.0060,1.0432,1.1358

7805.0060,1.0477,1.1563

7806.0060,1.0492,1.1409

7807.0060,1.0462,1.1152

7808.0080,1.0482,1.1100

7809.0070,1.0492,1.1255

7810.0060,1.0512,1.1255

7811.0060,1.0497,1.1255

7812.0060,1.0467,1.0895

7813.0070,1.0358,0.9917

7814.0060,1.0343,1.1203

7815.0060,1.0308,1.1203

7816.0060,1.0288,1.1203

7817.0060,1.0298,1.1255

7818.0060,1.0328,1.1409

7819.0060,1.0333,1.1306

7820.0060,1.0338,1.1306

7821.0060,1.0328,1.1152

7822.0060,1.0343,1.1049

7823.0060,1.0477,1.1306

7824.0070,1.0487,1.1306

7825.0060,1.0507,1.1409

7826.0060,1.0537,1.1512

7827.0060,1.0577,1.1666

7828.0070,1.0547,1.1100

7829.0060,1.0552,1.1358

7830.0060,1.0562,1.1409

7831.0060,1.0542,1.0946

7832.0060,1.0567,1.1306

7833.0060,1.0572,1.1358

7834.0060,1.0577,1.1358

7835.0060,1.0586,1.1512

7836.0060,1.0562,1.1255

7837.0060,1.0492,1.0946

7838.0060,1.0492,1.1100

7839.0060,1.0462,1.1049

7840.0060,1.0467,1.1461

7841.0060,1.0507,1.1358

7842.0060,1.0462,1.0843

7843.0060,1.0517,1.1924

7844.0070,1.0522,1.1409

7845.0070,1.0512,1.1409

7846.0060,1.0502,1.1152

7847.0070,1.0537,1.1306

7848.0060,1.0532,1.1049

7849.0070,1.0567,1.1409

7850.0060,1.0562,1.1409

7851.0070,1.0552,1.1255

7852.0060,1.0611,1.1461

7853.0060,1.0547,1.1255

7854.0060,1.0572,1.1666

7855.0060,1.0557,1.1255

7856.0060,1.0557,1.1152

7857.0060,1.0591,1.1666

7858.0060,1.0616,1.1306

7859.0060,1.0601,1.1255

7860.0060,1.0596,1.1358

7861.0060,1.0577,1.1049

7862.0070,1.0567,1.1358

7863.0060,1.0542,1.0997

7864.0060,1.0502,1.1255

7865.0060,1.0497,1.1203

7866.0060,1.0527,1.1461

7867.0060,1.0482,1.1203

7868.0060,1.0477,1.1255

7869.0070,1.0542,1.1924

7870.0060,1.0522,1.1152

7871.0060,1.0532,1.1152

7872.0060,1.0527,1.1306

7873.0070,1.0537,1.1100

7874.0060,1.0542,1.1306

7875.0070,1.0547,1.1255

7876.0060,1.0517,1.1152

7877.0060,1.0507,1.1100

7878.0060,1.0512,1.1306

7879.0060,1.0442,1.1203

7880.0060,1.0452,1.1255

7881.0060,1.0472,1.1358

7882.0060,1.0457,1.1152

7883.0060,1.0477,1.1306

7884.0060,1.0477,1.1306

7885.0060,1.0487,1.1358

7886.0060,1.0472,1.0997

7887.0070,1.0512,1.1512

7888.0070,1.0482,1.0997

7889.0060,1.0477,1.1152

7890.0060,1.0462,1.1100

7891.0060,1.0442,1.1152

7892.0060,1.0472,1.1461

7893.0060,1.0487,1.1461

7894.0060,1.0482,1.1255

7895.0070,1.0482,1.1358

7896.0070,1.0507,1.1255

7897.0060,1.0462,1.1049

7898.0060,1.0577,1.2181

7899.0060,1.0577,1.1152

7900.0060,1.0626,1.1615

7901.0060,1.0601,1.0895

7902.0060,1.0586,1.1306

7903.0060,1.0567,1.1255

7904.0060,1.0562,1.1203

7905.0060,1.0562,1.1358

7906.0070,1.0572,1.1358

7907.0060,1.0601,1.1358

7908.0060,1.0522,1.1358

7909.0060,1.0537,1.1306

7910.0060,1.0487,1.1100

7911.0060,1.0527,1.1306

7912.0060,1.0517,1.1203

7913.0060,1.0547,1.1563

7914.0060,1.0527,1.0997

7915.0060,1.0502,1.1100

7916.0060,1.0482,1.1152

7917.0060,1.0447,1.0997

7918.0060,1.0452,1.1409

7919.0060,1.0457,1.1358

7920.0060,1.0452,1.1049

7921.0060,1.0437,1.1152

7922.0060,1.0427,1.1100

7923.0060,1.0393,1.1203

7924.0070,1.0422,1.1306

7925.0060,1.0427,1.1152

7926.0060,1.0462,1.1512

7927.0070,1.0497,1.1358

7928.0060,1.0472,1.1152

7929.0060,1.0477,1.1409

7930.0060,1.0522,1.1512

7931.0070,1.0507,1.0997

7932.0060,1.0507,1.1100

7933.0060,1.0482,1.0946

7934.0060,1.0492,1.1409

7935.0060,1.0537,1.1615

7936.0060,1.0502,1.1152

7937.0060,1.0497,1.1306

7938.0060,1.0497,1.1152

7939.0060,1.0492,1.1358

7940.0060,1.0482,1.1409

7941.0060,1.0492,1.1100

7942.0060,1.0502,1.1203

7943.0060,1.0527,1.1203

7944.0060,1.0512,1.1255

7945.0060,1.0487,1.1358

7946.0070,1.0492,1.1203

7947.0070,1.0472,1.1100

7948.0070,1.0497,1.1409

7949.0060,1.0487,1.1255

7950.0060,1.0492,1.1461

7951.0060,1.0512,1.1306

7952.0060,1.0517,1.1255

7953.0060,1.0522,1.1255

7954.0060,1.0537,1.1409

7955.0060,1.0522,1.1203

7956.0060,1.0512,1.1100

7957.0060,1.0532,1.1306

7958.0060,1.0512,1.1203

7959.0060,1.0527,1.1409

7960.0060,1.0517,1.1358

7961.0060,1.0512,1.1255

7962.0060,1.0517,1.1306

7963.0060,1.0532,1.1409

7964.0060,1.0517,1.1255

7965.0060,1.0517,1.1203

7966.0070,1.0512,1.1049

7967.0060,1.0507,1.1255

7968.0060,1.0502,1.1152

7969.0060,1.0457,1.0946

7970.0060,1.0437,1.1152

7971.0060,1.0432,1.1203

7972.0060,1.0437,1.1358

7973.0070,1.0447,1.1512

7974.0060,1.0447,1.1255

7975.0060,1.0467,1.1409

7976.0070,1.0467,1.1049

7977.0060,1.0467,1.1255

7978.0070,1.0492,1.1409

7979.0060,1.0502,1.1049

7980.0060,1.0522,1.1358

7981.0060,1.0552,1.1512

7982.0060,1.0527,1.1100

7983.0060,1.0517,1.1409

7984.0060,1.0527,1.1358

7985.0060,1.0492,1.1049

7986.0060,1.0492,1.1049

7987.0060,1.0472,1.1049

7988.0070,1.0452,1.1203

7989.0060,1.0457,1.1100

7990.0060,1.0487,1.1666

7991.0060,1.0457,1.1203

7992.0070,1.0472,1.1255

7993.0060,1.0447,1.1152

7994.0060,1.0437,1.1255

7995.0060,1.0457,1.1255

7996.0070,1.0452,1.0997

7997.0060,1.0482,1.1358

7998.0060,1.0502,1.1409

7999.0070,1.0502,1.1100

8000.0070,1.0457,1.1203

8001.0060,1.0462,1.1255

8002.0060,1.0457,1.1203

8003.0060,1.0472,1.1306

8004.0060,1.0467,1.1203

8005.0070,1.0467,1.1255

8006.0060,1.0502,1.1358

8007.0060,1.0507,1.1409

8008.0060,1.0522,1.1563

8009.0060,1.0532,1.1203

8010.0060,1.0547,1.1358

8011.0060,1.0547,1.1255

8012.0060,1.0562,1.1358

8013.0070,1.0567,1.1358

8014.0060,1.0577,1.1306

8015.0060,1.0577,1.1255

8016.0060,1.0577,1.1358

8017.0060,1.0557,1.1203

8018.0060,1.0512,1.1100

8019.0060,1.0522,1.1306

8020.0060,1.0532,1.1461

8021.0060,1.0522,1.1152

8022.0060,1.0517,1.1306

8023.0060,1.0542,1.1615

8024.0060,1.0542,1.1306

8025.0060,1.0532,1.1152

8026.0060,1.0522,1.1255

8027.0060,1.0527,1.1255

8028.0060,1.0532,1.1152

8029.0060,1.0517,1.1152

8030.0060,1.0487,1.1152

8031.0060,1.0502,1.1306

8032.0060,1.0477,1.1049

8033.0060,1.0452,1.1358

8034.0060,1.0452,1.1306

8035.0060,1.0472,1.1358

8036.0060,1.0487,1.1409

8037.0060,1.0492,1.1306

8038.0060,1.0512,1.1358

8039.0060,0.9483,0.0501

8040.0060,0.8444,0.0399

8041.0060,0.7411,0.0604

8042.0060,0.6397,0.0553

8043.0060,0.5363,0.0656

8044.0060,0.4339,0.0707

8045.0060,0.3285,0.0450

8046.0060,0.2227,0.0450

8047.0060,0.1183,0.0501

8048.0060,0.0134,0.0501

8049.0060,0.0129,0.0450

8050.0060,0.0134,0.0450

8051.0060,0.0119,0.0450

8052.0060,0.0109,0.0450

8053.0060,0.0085,0.0399

8054.0060,0.0094,0.0810

8055.0060,0.0089,0.0399

8056.0060,0.0094,0.0501

8057.0070,0.0109,0.0656

8058.0060,0.0075,0.0141

8059.0060,0.0085,0.0553

8060.0060,0.0089,0.0501

8061.0060,0.0109,0.0656

8062.0060,0.0104,0.0399

8063.0060,0.0099,0.0347

8064.0060,0.0065,0.0450

8065.0060,0.0070,0.0450

8066.0070,0.0060,0.0399

8067.0060,0.0035,0.0399

8068.0060,0.0065,0.0450

8069.0060,0.0040,0.0296

8070.0060,0.0035,0.0450

8071.0060,0.0000,0.0296

8072.0060,0.0000,0.0399

8073.0070,0.0010,0.0450

8074.0060,-0.0005,0.0296

8075.0060,0.0040,0.0913

8076.0060,0.0075,0.0759

8077.0060,0.0080,0.0450

8078.0060,0.0065,0.0296

8079.0060,0.0070,0.0347

8080.0070,0.0080,0.0553

8081.0060,0.0089,0.0399

8082.0060,0.0094,0.0450

8083.0070,0.0099,0.0501

8084.0060,0.0129,0.0604

8085.0070,0.0089,0.0501

8086.0060,0.0065,0.0501

8087.0060,0.0060,0.0399

8088.0060,0.0075,0.0450

8089.0060,0.0089,0.0501

8090.0070,0.0070,0.0347

8091.0060,0.0085,0.0553

8092.0060,0.0094,0.0553

8093.0060,0.0065,0.0193

8094.0060,0.0050,0.0450

8095.0060,0.0035,0.0347

8096.0060,0.0010,0.0244

8097.0070,0.0015,0.0450

8098.0060,-0.0015,0.0141

8099.0060,-0.0020,0.0450

8100.0060,-0.0010,0.0450

8101.0060,0.0000,0.0656

8102.0060,-0.0010,0.0450

8103.0060,0.0025,0.0553

8104.0060,0.0010,0.0296

8105.0060,0.0020,0.0450

8106.0060,0.0025,0.0296

8107.0060,0.0025,0.0450

8108.0060,0.0060,0.0501

8109.0060,0.0060,0.0450

8110.0060,0.0040,0.0244

8111.0060,0.0015,0.0399

8112.0060,0.0040,0.0707

8113.0060,0.0020,0.0347

8114.0060,0.0040,0.0501

8115.0060,0.0035,0.0399

8116.0060,0.0070,0.0656

8117.0070,0.0060,0.0347

8118.0060,0.0040,0.0296

8119.0060,0.0045,0.0501

8120.0070,0.0065,0.0450

8121.0060,0.0085,0.0604

8122.0060,0.0070,0.0553

8123.0060,0.0080,0.0450

8124.0060,0.0080,0.0501

8125.0070,0.0025,-0.0167

8126.0060,0.0020,0.0604

8127.0070,0.0030,0.0450

8128.0060,0.0109,0.1119

8129.0060,0.0099,0.0399

8130.0070,0.0104,0.0501

8131.0060,0.0035,-0.0116

8132.0060,0.0020,0.0399

8133.0060,0.0015,0.0399

8134.0060,0.0020,0.0553

8135.0060,0.0080,0.0450

8136.0060,0.0065,0.0450

8137.0070,0.0080,0.0604

8138.0060,0.0015,0.0450

8139.0060,0.0020,0.0450

8140.0060,0.0010,0.0399

8141.0060,0.0070,0.0501

8142.0060,0.0075,0.0450

8143.0060,0.0094,0.0604

8144.0060,0.0089,0.0501

8145.0060,0.0094,0.0501

8146.0060,0.0065,0.0141

8147.0070,0.0055,0.0501

8148.0060,0.0060,0.0501

8149.0060,0.0065,0.0501

8150.0060,0.0075,0.0501

8151.0060,0.0060,0.0347

8152.0060,0.0055,0.0399

8153.0070,0.0035,0.0399

8154.0060,0.0030,0.0450

8155.0070,0.0035,0.0553

8156.0060,0.0060,0.0399

8157.0060,0.0085,0.0759

8158.0060,0.0094,0.0604

8159.0060,0.0094,0.0501

8160.0060,0.0094,0.0501

8161.0060,0.0114,0.0553

8162.0060,0.0129,0.0553

8163.0060,0.0119,0.0296

8164.0060,0.0109,0.0347

8165.0060,0.0104,0.0501

8166.0060,0.0104,0.0399

8167.0060,0.0075,0.0450

8168.0060,0.0060,0.0450

8169.0060,0.0045,0.0347

8170.0060,0.0045,0.0501

8171.0060,0.0119,0.1325

8172.0060,0.0109,0.0450

8173.0060,0.0119,0.0399

8174.0060,0.0134,0.0501

8175.0060,0.0134,0.0501

8176.0060,0.0149,0.0553

8177.0060,0.0159,0.0553

8178.0060,0.0164,0.0501

8179.0060,0.0179,0.0501

8180.0070,0.0174,0.0450

8181.0070,0.0099,0.0553

8182.0060,0.0089,0.0347

8183.0070,0.0065,0.0141

8184.0060,0.0075,0.0604

8185.0060,0.0065,0.0399

8186.0060,0.0055,0.0450

8187.0060,0.0070,0.0707

8188.0060,0.0055,0.0347

8189.0060,0.0050,0.0450

8190.0060,0.0045,0.0399

8191.0060,0.0050,0.0604

8192.0060,0.0045,0.0296

8193.0060,0.0085,0.0553

8194.0070,0.0055,0.0296

8195.0060,0.0085,0.0707

8196.0070,0.0070,0.0296

8197.0060,0.0030,0.0296

8198.0060,0.0040,0.0450

8199.0060,0.0055,0.0604

8200.0060,0.0045,0.0296

8201.0060,0.0010,0.0244

8202.0060,0.0015,0.0347

8203.0060,0.0005,0.0450

8204.0060,0.0025,0.0501

8205.0060,0.0010,0.0553

8206.0060,0.0025,0.0450

8207.0060,0.0040,0.0450

8208.0060,0.0040,0.0450

8209.0060,-0.0015,0.0038

8210.0060,0.0005,0.0501

8211.0060,0.0025,0.0450

8212.0060,0.0030,0.0399

8213.0060,0.0040,0.0553

8214.0060,0.0085,0.0965

8215.0060,0.0094,0.0656

8216.0060,0.0099,0.0501

8217.0060,0.0099,0.0450

8218.0060,0.0099,0.0450

8219.0060,0.0139,0.0450

8220.0060,0.0134,0.0450

8221.0070,0.0134,0.0450

8222.0060,0.0134,0.0399

8223.0060,0.0119,0.0399

8224.0070,0.0065,0.0399

8225.0060,0.0040,0.0399

8226.0060,0.0040,0.0501

8227.0060,0.0025,0.0296

8228.0070,0.0040,0.0604

8229.0060,0.0030,0.0347

8230.0060,0.0015,0.0296

8231.0060,0.0030,0.0604

8232.0060,0.0025,0.0347

8233.0060,0.0035,0.0501

8234.0060,0.0050,0.0553

8235.0060,0.0035,0.0244

8236.0070,0.0040,0.0553

8237.0060,0.0055,0.0450

8238.0060,0.0055,0.0604

8239.0060,0.0045,0.0244

8240.0060,0.0055,0.0399

8241.0060,0.0045,0.0501

8242.0060,0.0040,0.0296

8243.0060,0.0040,0.0501

8244.0070,0.0030,0.0450

8245.0070,0.0060,0.0553

8246.0060,0.0050,0.0450

8247.0060,0.0065,0.0604

8248.0060,0.0050,0.0450

8249.0060,0.0080,0.0553

8250.0060,0.0094,0.0553

8251.0060,0.0094,0.0501

8252.0060,0.0119,0.0553

8253.0060,0.0124,0.0553

8254.0060,0.0114,0.0347

8255.0060,0.0089,0.0296

8256.0060,0.0089,0.0450

8257.0060,0.0075,0.0450

8258.0060,0.0085,0.0553

8259.0060,0.0075,0.0450

8260.0070,0.0050,0.0296

8261.0070,0.0050,0.0501

8262.0060,0.0010,0.0141

8263.0060,0.0000,0.0450

8264.0070,0.0055,0.0913

8265.0060,0.0075,0.0501

8266.0070,0.0089,0.0604

8267.0060,0.0109,0.0656

8268.0060,0.0094,0.0399

8269.0070,0.0085,0.0347

8270.0060,0.0124,0.0707

8271.0070,0.0129,0.0553

8272.0060,0.0134,0.0193

8273.0060,0.0174,0.0862

8274.0060,0.0114,0.0296

8275.0060,0.0104,0.0399

8276.0060,0.0089,0.0450

8277.0060,0.0075,0.0501

8278.0060,0.0075,0.0399

8279.0070,0.0085,0.0450

8280.0060,0.0050,0.0347

8281.0060,0.0065,0.0707

8282.0070,0.0080,0.0347

8283.0060,0.0040,0.0450

8284.0060,0.0065,0.0553

8285.0060,0.0065,0.0399

8286.0070,0.0085,0.0656

8287.0070,0.0080,0.0450

8288.0060,0.0114,0.0759

8289.0060,0.0119,0.0501

8290.0060,0.0104,0.0193

8291.0060,0.0085,0.0501

8292.0060,0.0099,0.0501

8293.0060,0.0109,0.0553

8294.0060,0.0104,0.0501

8295.0060,0.0104,0.0399

8296.0060,0.0075,0.0347

8297.0060,0.0075,0.0450

8298.0060,0.0050,0.0501

8299.0060,0.0020,0.0193

8300.0070,0.0035,0.0347

8301.0060,0.0035,0.0501

8302.0060,0.0050,0.0656

8303.0060,0.0035,0.0399

8304.0070,0.0080,0.0965

8305.0060,0.0030,-0.0116

8306.0060,0.0035,0.0399

8307.0060,0.0035,0.0450

8308.0060,0.0025,0.0399

8309.0060,0.0045,0.0399

8310.0060,0.0085,0.0759

8311.0060,0.0089,0.0553

8312.0060,0.0085,0.0604

8313.0060,0.0075,0.0296

8314.0070,0.0030,0.0501

8315.0060,0.0124,0.0862

8316.0070,0.0134,0.0501

8317.0060,0.0174,0.0862

8318.0060,0.0179,0.0450

8319.0060,0.0194,0.0553

8320.0060,0.0149,0.0296

8321.0060,0.0124,0.0296

8322.0060,0.0104,0.0399

8323.0060,0.0124,0.0501

8324.0070,0.0119,0.0450

8325.0060,0.0080,0.0450

8326.0060,0.0075,0.0450

8327.0060,0.0060,0.0707

8328.0060,0.0085,0.0707

8329.0060,0.0080,0.0501

8330.0060,0.0099,0.0501

8331.0060,0.0109,0.0399

8332.0060,0.0124,0.0553

8333.0060,0.0114,0.0399

8334.0060,0.0114,0.0450

8335.0070,0.0114,0.0450

8336.0060,0.0114,0.0450

8337.0060,0.0094,0.0501

8338.0060,0.0085,0.0604

8339.0070,0.0094,0.0604

8340.0060,0.0080,0.0347

8341.0070,0.0085,0.0450

8342.0060,0.0089,0.0604

8343.0060,0.0080,0.0296

8344.0060,0.0080,0.0450

8345.0060,0.0060,0.0244

8346.0060,0.0000,-0.0167

8347.0060,0.0035,0.0862

8348.0060,0.0020,0.0450

8349.0060,-0.0010,0.0296

8350.0060,0.0015,0.0604

8351.0060,0.0030,0.0604

8352.0060,0.0010,0.0399

8353.0060,0.0030,0.0501

8354.0070,0.0035,0.0501

8355.0060,0.0070,0.0604

8356.0060,0.0144,0.0604

8357.0060,0.0099,0.0399

8358.0060,0.0104,0.0501

8359.0060,0.0119,0.0450

8360.0060,0.0094,0.0347

8361.0060,0.0080,0.0450

8362.0060,0.0094,0.0553

8363.0060,0.0099,0.0553

8364.0070,0.0089,0.0399

8365.0070,0.0065,0.0347

8366.0060,0.0050,0.0450

8367.0060,0.0065,0.0553

8368.0070,0.0055,0.0399

8369.0070,0.0045,0.0347

8370.0060,0.0045,0.0347

8371.0070,0.0035,0.0347

8372.0060,0.0025,0.0450

8373.0070,0.0000,0.0296

8374.0060,0.0005,0.0450

8375.0060,0.0015,0.0450

8376.0060,0.0020,0.0501

8377.0060,0.0005,0.0399

8378.0060,-0.0030,0.0038

8379.0060,0.0010,0.0759

8380.0060,0.0020,0.0450

8381.0060,0.0035,0.0501

8382.0070,0.0030,0.0399

8383.0070,0.0035,0.0347

8384.0060,0.0055,0.0656

8385.0060,0.0070,0.0604

8386.0060,0.0070,0.0501

8387.0060,0.0085,0.0553

8388.0060,0.0129,0.0501

8389.0060,0.0099,0.0450

8390.0060,0.0099,0.0450

8391.0060,0.0085,0.0347

8392.0070,0.0089,0.0450

8393.0060,0.0065,0.0090

8394.0060,0.0070,0.0707

8395.0060,0.0050,0.0399

8396.0070,0.0124,0.1273

8397.0070,0.0109,0.0399

8398.0060,0.0094,0.0347

8399.0060,0.0099,0.0501

8400.0060,0.0114,0.0604

8401.0060,0.0124,0.0450

8402.0060,0.0134,0.0553

8403.0060,0.0159,0.0347

8404.0060,0.0099,0.0090

8405.0060,0.0104,0.0450

8406.0060,0.0020,0.0399

8407.0060,0.0030,0.0501

8408.0060,0.0040,0.0450

8409.0060,0.0035,0.0450

8410.0060,0.0065,0.0913

8411.0060,0.0080,0.0604

8412.0070,0.0070,0.0450

8413.0060,0.0089,0.0553

8414.0060,0.0085,0.0038

8415.0060,0.0080,0.0399

8416.0060,0.0124,0.0862

8417.0060,0.0104,0.0296

8418.0060,0.0099,0.0399

8419.0060,0.0099,0.0450

8420.0060,0.0070,0.0604

8421.0060,0.0060,0.0501

8422.0060,0.0070,0.0553

8423.0060,0.0060,0.0450

8424.0060,0.0005,-0.0528

8425.0060,0.0005,0.0399

8426.0060,-0.0020,0.0604

8427.0060,-0.0025,0.0244

8428.0060,-0.0005,0.0604

8429.0060,-0.0025,0.0244

8430.0060,-0.0045,0.0399

8431.0060,-0.0060,0.0347

8432.0060,-0.0075,0.0399

8433.0060,-0.0104,0.0141

8434.0060,0.0000,0.0553

8435.0060,-0.0005,0.0347

8436.0060,-0.0015,0.0501

8437.0060,0.0010,0.0501

8438.0060,-0.0030,0.0193

8439.0060,0.0000,0.0553

8440.0060,0.0000,0.0399

8441.0060,0.0015,0.0501

8442.0060,0.0030,0.0553

8443.0060,0.0065,0.0501

8444.0070,0.0040,0.0296

8445.0060,0.0094,0.0913

8446.0060,0.0085,0.0399

8447.0060,0.0075,0.0399

8448.0060,0.0104,0.0501

8449.0060,0.0124,0.0759

8450.0060,0.0134,0.0501

8451.0060,0.0129,0.0450

8452.0070,0.0109,0.0347

8453.0060,0.0104,0.0450

8454.0060,0.0119,0.0450

8455.0060,0.0085,0.0553

8456.0060,0.0104,0.0604

8457.0060,0.0134,0.0707

8458.0060,0.0134,0.0501

8459.0060,0.0114,0.0553

8460.0070,0.0085,0.0193

8461.0060,0.0060,0.0193

8462.0060,0.0080,0.0553

8463.0060,0.0089,0.0553

8464.0060,0.0070,0.0244

8465.0060,0.0040,0.0244

8466.0060,0.0020,0.0399

8467.0070,0.0000,0.0501

8468.0070,-0.0005,0.0450

8469.0060,-0.0025,0.0347

8470.0060,0.0000,0.0450

8471.0070,0.0025,0.0450

8472.0060,0.0020,0.0501

8473.0070,0.0015,0.0501

8474.0060,0.0040,0.0501

8475.0060,0.0050,0.0347

8476.0070,0.0099,0.0913

8477.0060,0.0085,0.0347

8478.0060,0.0080,0.0399

8479.0060,0.0099,0.0553

8480.0060,0.0109,0.0553

8481.0080,0.0109,0.0450

8482.0060,0.0109,0.0501

8483.0060,0.0109,0.0501

8484.0060,0.0104,0.0450

8485.0070,0.0114,0.0450

8486.0060,0.0065,0.0399

8487.0060,0.0085,0.0553

8488.0060,0.0080,0.0347

8489.0060,0.0050,0.0244

8490.0060,0.0040,0.0450

8491.0060,0.0040,0.0450

8492.0060,0.0025,0.0347

8493.0060,0.0020,0.0450

8494.0070,0.0020,0.0450

8495.0070,0.0035,0.0604

8496.0060,0.0025,0.0296

8497.0060,0.0035,0.0656

8498.0060,0.0050,0.0501

8499.0060,0.0075,0.0501

8500.0060,0.0070,0.0399

8501.0060,0.0075,0.0501

8502.0060,0.0075,0.0347

8503.0070,0.0065,0.0347

8504.0060,0.0089,0.0707

8505.0060,0.0075,0.0450

8506.0060,0.0089,0.0450

8507.0060,0.0080,0.0553

8508.0060,0.0085,0.0553

8509.0060,0.0099,0.0656

8510.0060,0.0119,0.0604

8511.0060,0.0104,0.0347

8512.0070,0.0124,0.0553

8513.0060,0.0124,0.0347

8514.0060,0.0085,0.0296

8515.0060,0.0075,0.0347

8516.0060,0.0085,0.0553

8517.0070,0.0080,0.0501

8518.0060,0.0089,0.0656

8519.0060,0.0080,0.0553

8520.0060,0.0070,0.0501

8521.0060,0.0075,0.0399

8522.0060,0.0050,0.0296

8523.0070,0.0065,0.0501

8524.0060,0.0080,0.0450

8525.0060,0.0109,0.0656

8526.0060,0.0089,0.0347

8527.0070,0.0075,0.0347

8528.0060,0.0030,0.0193

8529.0060,0.0005,0.0296

8530.0060,-0.0010,0.0347

8531.0060,0.0000,0.0501

8532.0060,0.0030,0.0604

8533.0060,0.0020,0.0399

8534.0070,0.0020,0.0450

8535.0060,0.0035,0.0810

8536.0060,0.0045,0.0450

8537.0060,0.0050,0.0399

8538.0060,0.0075,0.0450

8539.0070,0.0094,0.0501

8540.0070,0.0109,0.0501

8541.0060,0.0119,0.0604

8542.0070,0.0109,0.0501

8543.0060,0.0124,0.0553

8544.0070,0.0124,0.0450

8545.0060,0.0065,0.0193

8546.0060,0.0065,0.0450

8547.0060,0.0075,0.0501

8548.0060,0.0070,0.0399

8549.0070,0.0075,0.0553

8550.0060,0.0085,0.0604

8551.0060,0.0089,0.0656

8552.0060,0.0109,0.0707

8553.0060,0.0089,0.0347

8554.0060,0.0089,0.0450

8555.0060,0.0099,0.0296

8556.0060,0.0104,0.0501

8557.0060,0.0099,0.0450

8558.0060,0.0104,0.0450

8559.0070,0.0099,0.0501

8560.0060,0.0104,0.0656

8561.0060,0.0055,0.0141

8562.0060,0.0035,0.0501

8563.0060,0.0050,0.0501

8564.0060,0.0060,0.0553

8565.0060,0.0080,0.0501

8566.0060,0.0070,0.0399

8567.0060,0.0075,0.0501

8568.0060,0.0070,0.0399

8569.0060,0.0055,0.0347

8570.0060,0.0040,0.0501

8571.0060,0.0065,0.0399

8572.0060,0.0119,0.1067

8573.0060,0.0104,0.0347

8574.0060,0.0085,0.0347

8575.0060,0.0085,0.0501

8576.0060,0.0085,0.0399

8577.0060,0.0070,0.0347

8578.0060,0.0060,0.0296

8579.0060,0.0045,0.0193

8580.0070,0.0075,0.0810

8581.0060,0.0075,0.0399

8582.0070,0.0010,0.0399

8583.0070,0.0030,0.0553

8584.0070,0.0035,0.0399

8585.0060,0.0035,0.0501

8586.0060,0.0040,0.0450

8587.0060,0.0045,0.0399

8588.0060,0.0055,0.0399

8589.0060,0.0085,0.0501

8590.0060,0.0065,0.0604

8591.0060,0.0080,0.0553

8592.0060,0.0080,0.0399

8593.0070,0.0055,0.0296

8594.0060,0.0050,0.0347

8595.0060,0.0020,0.0193

8596.0060,0.0030,0.0553

8597.0070,0.0035,0.0450

8598.0060,0.0045,0.0501

8599.0060,0.0045,0.0501

8600.0060,0.0015,0.0296

8601.0060,0.0015,0.0553

8602.0060,0.0010,0.0347

8603.0060,0.0025,0.0450

8604.0060,0.0040,0.0501

8605.0060,0.0050,0.0296

8606.0060,0.0030,0.0347

8607.0060,0.0010,0.0244

8608.0060,0.0005,0.0450

8609.0060,-0.0005,0.0399

8610.0060,0.0005,0.0399

8611.0070,-0.0010,0.0399

8612.0060,0.1158,1.2438

8613.0060,0.2336,1.2644

8614.0060,0.3479,1.2335

8615.0060,0.4652,1.2438

8616.0060,0.5845,1.2695

8617.0060,0.7023,1.2438

8618.0060,0.8201,1.2644

8619.0070,0.9354,1.2335

8620.0060,1.0517,1.2438

8621.0060,1.1690,1.2541

8622.0060,1.1730,1.2850

8623.0060,1.1700,1.2335

8624.0060,1.1710,1.2438

8625.0060,1.1710,1.2438

8626.0060,1.1715,1.2747

8627.0060,1.1754,1.2850

8628.0070,1.1879,1.3930

8629.0060,1.2107,1.4702

8630.0060,1.2321,1.4650

8631.0070,1.2575,1.5165

8632.0060,1.2778,1.4959

8633.0060,1.3027,1.4908

8634.0060,1.3285,1.5114

8635.0060,1.3559,1.5268

8636.0070,1.3807,1.5319

8637.0060,1.4026,1.5114

8638.0060,1.4085,1.4548

8639.0060,1.4125,1.5114

8640.0060,1.4160,1.5011

8641.0070,1.4210,1.5679

8642.0060,1.4240,1.5268

8643.0060,1.4264,1.5165

8644.0060,1.4269,1.5165

8645.0060,1.4279,1.5371

8646.0060,1.4254,1.5062

8647.0060,1.4254,1.5114

8648.0060,1.4329,1.5319

8649.0060,1.4334,1.5165

8650.0060,1.4359,1.5268

8651.0060,1.4309,1.5165

8652.0060,1.4309,1.5268

8653.0060,1.4324,1.5319

8654.0060,1.4329,1.5216

8655.0060,1.4304,1.5114

8656.0070,1.4319,1.5216

8657.0060,1.4334,1.5268

8658.0060,1.4344,1.5422

8659.0060,1.4349,1.5216

8660.0070,1.4354,1.5319

8661.0060,1.2898,0.0090

8662.0060,1.1471,0.0501

8663.0060,1.0035,0.0450

8664.0060,0.8608,0.0450

8665.0060,0.7182,0.0347

8666.0060,0.5746,0.0347

8667.0060,0.4304,0.0347

8668.0070,0.2848,0.0347

8669.0060,0.1426,0.0501

8670.0070,-0.0005,0.0501

8671.0060,0.0085,0.1016

8672.0060,0.0075,0.0399

8673.0060,0.0050,0.0193

8674.0060,0.0045,0.0399

8675.0060,0.0045,0.0347

8676.0060,0.0055,0.0450

8677.0070,0.0070,0.0501

8678.0060,0.0070,0.0347

8679.0060,0.0055,0.0347

8680.0060,0.0060,0.0553

8681.0060,-0.0020,0.0193

8682.0060,-0.0015,0.0450

8683.0060,0.0000,0.0347

8684.0070,0.0030,0.0707

8685.0060,0.0035,0.0399

8686.0070,0.0015,0.0244

8687.0060,0.0025,0.0604

8688.0060,0.0020,0.0296

8689.0060,0.0030,0.0450

8690.0060,0.0050,0.0759

8691.0060,0.0070,0.0399

8692.0060,0.1779,1.8149

8693.0070,0.3126,1.4290

8694.0070,0.4414,1.4033

8695.0070,0.5765,1.4393

8696.0060,0.7097,1.4033

8697.0060,0.8405,1.4136

8698.0060,0.9737,1.4085

8699.0060,1.1064,1.4187

8700.0060,1.2371,1.4290

8701.0060,1.3698,1.4136

8702.0060,1.3345,1.4496

8703.0060,1.2068,0.1067

8704.0060,1.0721,0.0090

8705.0060,0.9384,0.0553

8706.0060,0.8086,0.0604

8707.0070,0.6750,0.0296

8708.0060,0.5427,0.0399

8709.0060,0.4110,0.0553

8710.0060,0.2833,0.1067

8711.0060,0.1511,0.0450

8712.0060,0.0149,0.0399

8713.0060,0.0089,0.0450

8714.0060,0.0154,0.0759

8715.0060,0.0144,0.0450

8716.0070,0.0139,0.0553

8717.0070,0.0164,0.0553

8718.0060,0.0154,0.0296

8719.0060,0.0134,0.0347

8720.0060,0.0075,0.0450

8721.0060,0.0085,0.0553

8722.0060,0.0094,0.0501

8723.0060,0.0094,0.0450

8724.0060,0.0075,0.0553

8725.0060,0.0070,0.0399

8726.0060,0.0070,0.0553

8727.0070,0.0055,0.0399

8728.0060,0.0065,0.0399

8729.0060,0.0104,0.0759

8730.0060,0.0099,0.0399

8731.0060,0.1436,1.4393

8732.0060,0.2773,1.4342

8733.0060,0.4160,1.4805

8734.0060,0.5532,1.4753

8735.0060,0.6889,1.4445

8736.0080,0.8231,1.4445

8737.0060,0.9587,1.4445

8738.0060,1.0964,1.4650

8739.0060,1.2296,1.4548

8740.0060,1.3683,1.4753

8741.0060,1.3718,1.4753

8742.0060,1.2391,0.0604

8743.0060,1.1009,0.0501

8744.0060,0.9612,0.0296

8745.0060,0.8285,0.0707

8746.0060,0.6919,0.0296

8747.0060,0.5562,0.0399

8748.0060,0.4215,0.0707

8749.0060,0.2868,0.0604

8750.0060,0.1496,0.0553

8751.0070,0.0114,0.0450

8752.0060,0.0060,0.0038

8753.0060,0.0060,0.0501

8754.0060,0.0060,0.0296

8755.0060,0.0099,0.1119

8756.0060,0.0109,0.0399

8757.0070,0.0109,0.0399

8758.0070,0.0085,0.0450

8759.0060,0.0055,0.0296

8760.0060,0.0050,0.0501

8761.0060,0.0030,0.0244

8762.0060,0.0075,0.0501

8763.0070,0.0104,0.0810

8764.0060,0.0129,0.0553

8765.0060,0.0075,0.0553

8766.0060,0.0094,0.0604

8767.0060,0.0089,0.0347

8768.0060,0.0094,0.0501

8769.0070,0.0099,0.0347

8770.0060,0.0085,0.0347

8771.0060,0.0114,0.0553

8772.0070,0.0114,0.0501

8773.0060,0.0065,0.0296

8774.0060,0.0060,0.0501

8775.0060,0.0040,0.0347

8776.0070,0.0030,0.0501

8777.0070,0.0060,0.0656

8778.0070,0.0149,0.1428

8779.0070,0.0164,0.0501

8780.0060,0.0164,0.0347

8781.0060,0.0139,0.0296

8782.0060,0.0144,0.0553

8783.0060,0.0164,0.0501

8784.0060,0.0174,0.0604

8785.0070,0.0184,0.0450

8786.0060,0.0159,0.0244

8787.0070,0.0169,0.0759

8788.0060,0.0080,0.0501

8789.0060,0.0070,0.0399

8790.0060,0.0085,0.0501

8791.0060,0.0085,0.0296

8792.0060,0.0085,0.0553

8793.0060,0.0055,0.0193

8794.0060,0.0035,0.0399

8795.0060,0.0075,0.0862

8796.0060,0.0099,0.0501

8797.0070,0.0080,0.0553

8798.0060,0.0080,0.0501

8799.0070,0.0139,0.1016

8800.0060,0.0099,0.0090

8801.0060,0.0080,0.0090

8802.0060,0.0060,0.0347

8803.0060,0.0085,0.0450

8804.0070,0.0099,0.0553

8805.0060,0.0050,0.0347

8806.0060,0.0040,0.0399

8807.0060,0.0015,0.0296

8808.0070,-0.0010,0.0244

8809.0060,-0.0070,0.0399

8810.0060,-0.0045,0.0347

8811.0060,-0.0005,0.0501

8812.0060,0.0000,0.0399

8813.0060,0.0010,0.0553

8814.0060,0.0025,0.0707

8815.0070,0.0030,0.0399

8816.0060,0.0025,0.0347

8817.0060,0.0040,0.0450

8818.0060,0.0010,-0.0065

8819.0060,0.0010,0.0399

8820.0060,0.0035,0.0604

8821.0060,0.0035,0.0501

8822.0060,0.0045,0.0501

8823.0070,0.0040,0.0501

8824.0060,0.0015,0.0450

8825.0060,0.0035,0.0604

8826.0060,0.0030,0.0296

8827.0060,0.0040,0.0553

8828.0060,0.0089,0.0450

8829.0060,0.0094,0.0450

8830.0060,0.0075,0.0399

8831.0070,0.0065,0.0399

8832.0060,0.0060,0.0450

8833.0060,0.0050,0.0399

8834.0070,0.0040,0.0347

8835.0060,0.0030,0.0501

8836.0060,0.0050,0.0501

8837.0060,0.0040,0.0450

8838.0060,0.0025,0.0296

8839.0060,0.0035,0.0553

8840.0060,0.0040,0.0450

8841.0060,0.0035,0.0347

8842.0070,0.0040,0.0501

8843.0060,0.0045,0.0450

8844.0080,0.0085,0.0759

8845.0060,0.0075,0.0399

8846.0060,0.0055,0.0296

8847.0060,0.0070,0.0604

8848.0070,0.0104,0.0656

8849.0070,0.0089,0.0399

8850.0060,0.0099,0.0553

8851.0060,0.0104,0.0399

8852.0060,0.0099,0.0450

8853.0060,0.0109,0.0553

8854.0060,0.0080,0.0450

8855.0070,0.0109,0.0707

8856.0060,0.0139,0.0604

8857.0060,0.0114,0.0347

8858.0060,0.0099,0.0501

8859.0060,0.0224,0.1685

8860.0060,0.0224,0.0553

8861.0060,0.0239,0.0553

8862.0060,0.0244,0.0501

8863.0060,0.0239,0.0501

8864.0060,0.0239,0.0450

8865.0060,0.0199,0.0296

8866.0060,0.0189,0.0501

8867.0060,0.0353,0.2045

8868.0060,0.0348,0.0450

8869.0060,0.0224,0.0399

8870.0060,0.0204,0.0347

8871.0070,0.0159,0.0090

8872.0060,0.0154,0.0450

8873.0060,0.0164,0.0604

8874.0060,0.0194,0.0759

8875.0060,0.0204,0.0399

8876.0060,0.0214,0.0604

8877.0060,0.0040,0.0244

8878.0060,0.0045,0.0501

8879.0060,0.0050,0.0450

8880.0060,0.0020,0.0038

8881.0060,0.0040,0.0296

8882.0060,0.0040,0.0450

8883.0060,0.0035,0.0553

8884.0060,0.0000,0.0399

8885.0060,0.0015,0.0553

8886.0070,0.0015,0.0604

8887.0060,0.0060,0.0707

8888.0060,0.0080,0.0707

8889.0060,0.0080,0.0450

8890.0060,0.0114,0.0399

8891.0060,0.0129,0.0450

8892.0060,0.0134,0.0501

8893.0060,0.0129,0.0501

8894.0060,0.0134,0.0450

8895.0070,0.0134,0.0553

8896.0060,0.0099,0.0244

8897.0060,0.0085,0.0553

8898.0060,0.0050,0.0347

8899.0060,0.0055,0.0501

8900.0060,0.0070,0.0553

8901.0060,0.0075,0.0501

8902.0060,0.0045,0.0193

8903.0060,0.0035,0.0399

8904.0060,0.0035,0.0450

8905.0060,0.0025,0.0450

8906.0060,0.0045,0.0450

8907.0060,0.0070,0.0810

8908.0060,0.0129,0.0965

8909.0060,0.0139,0.0604

8910.0070,0.0109,0.0244

8911.0060,0.0099,0.0399

8912.0060,0.0129,0.0501

8913.0060,0.0139,0.0501

8914.0070,0.0144,0.0501

8915.0070,0.0124,0.0244

8916.0060,0.0139,0.0604

8917.0060,0.0129,0.0707

8918.0060,0.0080,0.0450

8919.0060,0.0085,0.0656

8920.0060,0.0094,0.0347

8921.0060,0.0099,0.0450

8922.0070,0.0099,0.0501

8923.0060,0.0104,0.0553

8924.0060,0.0094,0.0399

8925.0060,0.0099,0.0296

8926.0060,0.0114,0.0759

8927.0060,0.0089,0.0450

8928.0070,0.0099,0.0553

8929.0060,0.0085,0.0501

8930.0060,0.0099,0.0501

8931.0060,0.0109,0.0553

8932.0060,0.0104,0.0450

8933.0060,0.0124,0.0759

8934.0060,0.0209,0.1273

8935.0070,0.0219,0.0399

8936.0060,0.0184,0.0399

8937.0060,0.0184,0.0450

8938.0060,0.0179,0.0501

8939.0060,0.0204,0.0759

8940.0060,0.0189,0.0347

8941.0060,0.0184,0.0501

8942.0060,0.0169,0.0296

8943.0060,0.0149,0.0553

8944.0060,0.0085,0.0604

8945.0060,0.0099,0.0553

8946.0060,0.0114,0.0553

8947.0060,0.0134,0.0656

8948.0060,0.0114,0.0296

8949.0060,0.0099,0.0604

8950.0060,0.0184,0.1222

8951.0060,0.0179,0.0450

8952.0060,0.0164,0.0141

8953.0070,0.0154,0.0450

8954.0060,0.0124,0.0296

8955.0060,0.0094,0.0244

8956.0060,0.0104,0.0656

8957.0060,0.0080,0.0399

8958.0070,0.0085,0.0347

8959.0060,0.0065,0.0399

8960.0070,-0.0015,0.0399

8961.0070,0.0000,0.0604

8962.0070,0.0000,0.0141

8963.0060,-0.0025,0.0193

8964.0060,0.0000,0.0553

8965.0060,0.0020,0.0450

8966.0060,-0.0030,0.0141

8967.0060,-0.0025,0.0450

8968.0070,-0.0015,0.0450

8969.0060,-0.0010,0.0450

8970.0060,-0.0015,0.0347

8971.0070,-0.0025,0.0501

8972.0070,0.0005,0.0450

8973.0060,0.1248,1.3055

8974.0060,0.2421,1.2695

8975.0060,0.3648,1.3158

8976.0070,0.4871,1.2798

8977.0060,0.6108,1.3261

8978.0060,0.7321,1.3004

8979.0060,0.8559,1.3261

8980.0060,0.9781,1.3004

8981.0060,1.0989,1.3004

8982.0070,1.2197,1.2953

8983.0060,1.2197,1.3055

8984.0060,1.2167,1.2387

8985.0060,1.2162,1.3107

8986.0060,1.2177,1.2953

8987.0060,1.2177,1.3261

8988.0060,1.2306,1.4342

8989.0060,1.2500,1.5268

8990.0060,1.2689,1.4959

8991.0070,1.2888,1.5062

8992.0060,1.3082,1.4959

8993.0060,1.3275,1.5062

8994.0070,1.3554,1.5268

8995.0060,1.3757,1.5216

8996.0060,1.3961,1.5062

8997.0060,1.4140,1.5114

8998.0060,1.4225,1.5216

8999.0060,1.4235,1.5371

9000.0060,1.4274,1.5371

9001.0070,1.4279,1.5114

9002.0060,1.4319,1.5371

9003.0070,1.4319,1.5062

9004.0060,1.4319,1.5268

9005.0080,1.4329,1.5319

9006.0060,1.4359,1.5371

9007.0060,1.4409,1.5628

9008.0070,1.4418,1.5319

9009.0060,1.4414,1.5319

9010.0060,1.4423,1.5474

9011.0060,1.4438,1.5268

9012.0060,1.4418,1.5165

9013.0060,1.4448,1.5371

9014.0060,1.4463,1.5422

9015.0060,1.4478,1.5474

9016.0070,1.4478,1.5371

9017.0060,1.4468,1.5525

9018.0060,1.4518,1.5834

9019.0070,1.4528,1.5422

9020.0060,1.4558,1.5782

9021.0070,1.4637,1.6091

9022.0060,1.4707,1.5885

9023.0060,1.4771,1.6040

9024.0060,1.4841,1.6143

9025.0060,1.4896,1.6040

9026.0060,1.4965,1.6091

9027.0070,1.5025,1.6143

9028.0060,1.5050,1.6091

9029.0060,1.5099,1.5937

9030.0060,1.5134,1.6143

9031.0060,1.5119,1.5937

9032.0060,1.5194,1.6657

9033.0080,1.5204,1.6143

9034.0060,1.5194,1.6040

9035.0060,1.5189,1.5988

9036.0060,1.5219,1.6400

9037.0060,1.5199,1.5937

9038.0060,1.5199,1.6091

9039.0060,1.5204,1.5988

9040.0060,1.5224,1.6348

9041.0060,1.5234,1.6040

9042.0060,1.5184,1.6143

9043.0060,1.5189,1.6194

9044.0060,1.5149,1.5628

9045.0060,1.5184,1.6348

9046.0060,1.5139,1.5937

9047.0060,1.5189,1.6451

9048.0060,1.5189,1.6091

9049.0060,1.5194,1.6040

9050.0060,1.5184,1.6245

9051.0060,1.5174,1.5937

9052.0060,1.5209,1.6503

9053.0060,1.5184,1.5937

9054.0060,1.5234,1.6143

9055.0060,1.5189,1.5885

9056.0070,1.5199,1.6040

9057.0060,1.5134,1.5782

9058.0060,1.5084,1.5577

9059.0060,1.5084,1.6040

9060.0070,1.5050,1.5885

9061.0060,1.5025,1.5679

9062.0060,1.4975,1.5988

9063.0060,1.4985,1.6040

9064.0060,1.4980,1.6091

9065.0060,1.5015,1.6245

